station,valid,tmpf,dwpf,relh,drct,sknt,p01i,alti,mslp,vsby,gust,skyc1,skyc2,skyc3,skyc4,skyl1,skyl2,skyl3,skyl4,wxcodes,ice_accretion_1hr,ice_accretion_3hr,ice_accretion_6hr,peak_wind_gust,peak_wind_drct,peak_wind_time,feel,metar,snowdepth
HSV,2023-12-01 0:53,54,25,32.26,150,11,0,30.03,1016.8,10,null,FEW,OVC,null,null,10000,17000,null,null,null,null,null,null,null,null,null,54,KHSV 010053Z 15011KT 10SM FEW100 OVC170 12/M04 A3003 RMK AO2 SLP168 T01221039 $,null
HSV,2023-12-01 1:53,54,26,33.63,140,8,0,30.02,1016.5,10,null,OVC,null,null,null,11000,null,null,null,null,null,null,null,null,null,null,54,KHSV 010153Z 14008KT 10SM OVC110 12/M03 A3002 RMK AO2 SLP165 T01221033 $,null
HSV,2023-12-01 2:53,54,27,35.05,150,12,0,30.02,1016.3,10,null,BKN,OVC,null,null,13000,25000,null,null,null,null,null,null,null,null,null,54,KHSV 010253Z 15012KT 10SM BKN130 OVC250 12/M03 A3002 RMK AO2 SLP163 T01221028 56005 $,null
HSV,2023-12-01 3:53,53,28,37.88,150,11,0,30.01,1016.1,10,23,BKN,OVC,null,null,9500,13000,null,null,null,null,null,null,null,null,null,53,KHSV 010353Z 15011G23KT 10SM BKN095 OVC130 12/M02 A3001 RMK AO2 SLP161 T01171022 $,null
HSV,2023-12-01 4:53,53,29,39.47,160,9,0,30.03,1016.5,10,null,BKN,OVC,null,null,7000,9000,null,null,null,null,null,null,null,null,null,53,KHSV 010453Z 16009KT 10SM BKN070 OVC090 12/M02 A3003 RMK AO2 SLP165 T01171017 $,null
HSV,2023-12-01 5:53,53,30,41.11,150,12,0,30.02,1016.3,10,null,OVC,null,null,null,8500,null,null,null,null,null,null,null,null,null,null,53,KHSV 010553Z 15012KT 10SM OVC085 12/M01 A3002 RMK AO2 SLP163 T01171011 10128 20111 401720011 52001 $,null
HSV,2023-12-01 6:53,53,31,42.81,150,10,0,30.01,1015.8,10,18,BKN,OVC,null,null,7000,8500,null,null,null,null,null,null,null,null,null,53,KHSV 010653Z AUTO 15010G18KT 10SM BKN070 OVC085 12/M01 A3001 RMK AO2 SLP158 T01171006 $,null
HSV,2023-12-01 7:53,53,33,46.41,150,10,T,29.99,1015.4,10,null,BKN,BKN,OVC,null,3000,4100,5500,null,null,null,null,null,null,null,null,53,KHSV 010753Z AUTO 15010KT 10SM BKN030 BKN041 OVC055 12/01 A2999 RMK AO2 RAB43E52 SLP154 P0000 T01170006 $,null
HSV,2023-12-01 8:53,53,34,48.3,130,10,0,29.96,1014.2,10,null,SCT,OVC,null,null,3100,6500,null,null,null,null,null,null,null,null,null,53,KHSV 010853Z AUTO 13010KT 10SM SCT031 OVC065 12/01 A2996 RMK AO2 SLP142 60000 T01170011 58021 $,null
HSV,2023-12-01 9:25,50,41,71.07,140,7,T,29.96,null,10,null,BKN,OVC,null,null,2600,4700,null,null,#NAME?,null,null,null,null,null,null,50,KHSV 010925Z AUTO 14007KT 10SM -RA BKN026 OVC047 10/05 A2996 RMK AO2 RAB02 P0000 T01000050 $,null
HSV,2023-12-01 9:53,49,42,76.67,160,7,0.01,29.97,1014.5,6,null,OVC,null,null,null,2400,null,null,null,#NAME?,null,null,null,null,null,null,45.5,KHSV 010953Z AUTO 16007KT 6SM +RA OVC024 09/06 A2997 RMK AO2 RAB02 SLP145 P0001 T00940056 $,null
HSV,2023-12-01 10:53,48,45,89.29,120,6,0.09,29.96,1014.5,9,null,OVC,null,null,null,2500,null,null,null,#NAME?,null,null,null,null,null,null,44.8,KHSV 011053Z AUTO 12006KT 9SM -RA OVC025 09/07 A2996 RMK AO2 SLP145 P0009 T00890072 $,null
HSV,2023-12-01 11:38,49,46,89.33,150,12,0.03,29.95,null,10,null,SCT,BKN,OVC,null,2000,3400,5500,null,#NAME?,null,null,null,null,null,null,43.64,KHSV 011138Z 15012KT 10SM -RA SCT020 BKN034 OVC055 09/08 A2995 RMK AO2 P0003 T00940078 $,null
HSV,2023-12-01 11:53,49,47,92.77,110,8,0.03,29.95,1013.9,10,null,SCT,BKN,OVC,null,2200,3500,5500,null,null,null,null,null,null,null,null,45.05,KHSV 011153Z 11008KT 10SM SCT022 BKN035 OVC055 09/08 A2995 RMK AO2 RAE49 SLP139 P0003 60013 70013 T00940083 10117 20083 58004 $,null
HSV,2023-12-01 12:09,49,47,92.77,110,8,0.03,29.94,null,4,null,FEW,BKN,OVC,null,1500,2800,3400,null,#NAME?,null,null,null,null,null,null,45.05,KHSV 011209Z 11008KT 4SM -RA BR FEW015 BKN028 OVC034 09/08 A2994 RMK AO2 RAB1159 P0003 T00940083 $,null
HSV,2023-12-01 12:26,50,48,92.8,150,8,0.03,29.95,null,4,null,FEW,BKN,OVC,null,900,1300,2600,null,#NAME?,null,null,null,null,null,null,50,KHSV 011226Z 15008KT 4SM -RA BR FEW009 BKN013 OVC026 10/09 A2995 RMK AO2 RAB1159 P0003 T01000089 $,null
HSV,2023-12-01 12:34,50,48,92.8,160,11,0.04,29.95,null,7,null,BKN,OVC,null,null,1500,2400,null,null,null,null,null,null,null,null,null,50,KHSV 011234Z 16011KT 7SM BKN015 OVC024 10/09 A2995 RMK AO2 RAB1159E33 P0004 T01000089 $,null
HSV,2023-12-01 12:42,50,48,92.8,150,10,0.04,29.95,null,6,null,OVC,null,null,null,1200,null,null,null,BR,null,null,null,null,null,null,50,KHSV 011242Z 15010KT 6SM BR OVC012 10/09 A2995 RMK AO2 RAB1159E33 P0004 T01000089 $,null
HSV,2023-12-01 12:53,50,48,92.8,140,10,0.04,29.95,1014,5,null,OVC,null,null,null,1200,null,null,null,#NAME?,null,null,null,null,null,null,50,KHSV 011253Z 14010KT 5SM -RA BR OVC012 10/09 A2995 RMK AO2 RAB1159E33B49 SLP140 P0004 T01000089 $,null
HSV,2023-12-01 13:53,52,50,92.86,170,11,T,29.95,1014.1,10,null,OVC,null,null,null,1000,null,null,null,null,null,null,null,null,null,null,52,KHSV 011353Z 17011KT 10SM OVC010 11/10 A2995 RMK AO2 RAE1259 SLP141 P0000 T01110100 $,null
HSV,2023-12-01 14:10,52,51,96.37,170,9,0,29.96,null,9,null,OVC,null,null,null,800,null,null,null,null,null,null,null,null,null,null,52,KHSV 011410Z 17009KT 9SM OVC008 11/11 A2996 RMK AO2 CIG 007V012 T01110106 $,null
HSV,2023-12-01 14:39,54,52,92.92,170,9,0,29.96,null,10,null,OVC,null,null,null,700,null,null,null,null,null,null,null,null,null,null,54,KHSV 011439Z 17009KT 10SM OVC007 12/11 A2996 RMK AO2 T01220111 $,null
HSV,2023-12-01 14:53,55,53,92.95,160,10,0,29.96,1014.2,9,null,OVC,null,null,null,700,null,null,null,null,null,null,null,null,null,null,55,KHSV 011453Z 16010KT 9SM OVC007 13/12 A2996 RMK AO2 SLP142 60004 T01280117 53004 $,null
HSV,2023-12-01 15:53,57,56,96.45,180,8,0,29.97,1014.5,8,null,OVC,null,null,null,700,null,null,null,null,null,null,null,null,null,null,57,KHSV 011553Z 18008KT 8SM OVC007 14/13 A2997 RMK AO2 SLP145 T01390133 $,null
HSV,2023-12-01 16:53,59,56,89.76,160,9,0,29.95,1013.9,7,null,OVC,null,null,null,700,null,null,null,null,null,null,null,null,null,null,59,KHSV 011653Z 16009KT 7SM OVC007 15/13 A2995 RMK AO2 SLP139 T01500133 $,null
HSV,2023-12-01 17:53,60,58,93.1,150,6,0,29.92,1013.1,9,null,OVC,null,null,null,800,null,null,null,null,null,null,null,null,null,null,60,KHSV 011753Z 15006KT 9SM OVC008 16/14 A2992 RMK AO2 SLP131 60004 T01560144 10156 20094 58011 $,null
HSV,2023-12-01 18:14,60,58,93.1,140,7,0,29.92,null,5,null,OVC,null,null,null,700,null,null,null,BR,null,null,null,null,null,null,60,KHSV 011814Z 14007KT 5SM BR OVC007 16/14 A2992 RMK AO2 T01560144 $,null
HSV,2023-12-01 18:53,60,58,93.1,140,5,0,29.91,1012.5,5,null,OVC,null,null,null,700,null,null,null,BR,null,null,null,null,null,null,60,KHSV 011853Z 14005KT 5SM BR OVC007 16/14 A2991 RMK AO2 SLP125 T01560144 $,null
HSV,2023-12-01 19:22,60,58,93.1,150,7,0,29.9,null,2,null,OVC,null,null,null,500,null,null,null,BR,null,null,null,null,null,null,60,KHSV 011922Z 15007KT 2SM BR OVC005 16/14 A2990 RMK AO2 SFC VIS 3 T01560144 $,null
HSV,2023-12-01 19:53,60,59,96.49,150,7,T,29.9,1012.3,2,null,OVC,null,null,null,500,null,null,null,BR,null,null,null,null,null,null,60,KHSV 011953Z COR 15007KT 2SM BR OVC005 16/15 A2990 RMK AO2 SFC VIS 4 SLP123 P0000 T01560150 $,null
HSV,2023-12-01 20:17,60,59,96.49,150,8,0,29.9,null,2,null,OVC,null,null,null,500,null,null,null,BR,null,null,null,null,null,null,60,KHSV 012017Z 15008KT 2SM BR OVC005 16/15 A2990 RMK AO2 SFC VIS 4 T01560150 $,null
HSV,2023-12-01 20:53,60,59,96.49,160,8,0,29.92,1012.8,2,null,OVC,null,null,null,500,null,null,null,BR,null,null,null,null,null,null,60,KHSV 012053Z 16008KT 2SM BR OVC005 16/15 A2992 RMK AO2 SFC VIS 3 SLP128 T01560150 $,null
HSV,2023-12-01 21:07,61,59,93.12,160,8,0,29.91,null,2,null,OVC,null,null,null,400,null,null,null,BR,null,null,null,null,null,null,61,KHSV 012107Z 16008KT 2SM BR OVC004 16/15 A2991 RMK AO2 T01610150 $,null
HSV,2023-12-01 21:14,61,60,96.51,160,7,0,29.92,null,1,null,OVC,null,null,null,400,null,null,null,BR,null,null,null,null,null,null,61,KHSV 012114Z 16007KT 1SM R18R/P6000FT BR OVC004 16/16 A2992 RMK AO2 SFC VIS 2 T01610156 $,null
HSV,2023-12-01 21:53,61,60,96.51,160,7,0,29.93,1013.3,1,null,OVC,null,null,null,400,null,null,null,BR,null,null,null,null,null,null,61,KHSV 012153Z 16007KT 1SM R18R/P6000FT BR OVC004 16/16 A2993 RMK AO2 SFC VIS 3 SLP133 T01610156 $,null
HSV,2023-12-01 22:43,61,60,96.51,150,5,0,29.95,null,2.5,null,OVC,null,null,null,500,null,null,null,BR,null,null,null,null,null,null,61,KHSV 012243Z 15005KT 2 1/2SM BR OVC005 16/16 A2995 RMK AO2 SFC VIS 3 T01610156 $,null
HSV,2023-12-01 22:53,61,60,96.51,160,4,0,29.96,1014.2,2.5,null,OVC,null,null,null,500,null,null,null,BR,null,null,null,null,null,null,61,KHSV 012253Z 16004KT 2 1/2SM BR OVC005 16/16 A2996 RMK AO2 SFC VIS 4 SLP142 T01610156 $,null
HSV,2023-12-01 23:22,61,60,96.51,150,6,0,29.96,null,4,null,OVC,null,null,null,600,null,null,null,BR,null,null,null,null,null,null,61,KHSV 012322Z 15006KT 4SM BR OVC006 16/16 A2996 RMK AO2 T01610156 $,null
HSV,2023-12-01 23:53,61,60,96.51,160,5,0,29.96,1014.3,5,null,OVC,null,null,null,900,null,null,null,BR,null,null,null,null,null,null,61,KHSV 012353Z 16005KT 5SM BR OVC009 16/16 A2996 RMK AO2 CIG 007V014 SLP143 T01610156 10161 20156 51015 $,null
HSV,2023-12-02 0:16,61,60,96.51,140,3,0,29.97,null,5,null,BKN,OVC,null,null,1000,1300,null,null,BR,null,null,null,null,null,null,61,KHSV 020016Z 14003KT 5SM BR BKN010 OVC013 16/16 A2997 RMK AO2 CIG 006V011 T01610156 $,null
HSV,2023-12-02 0:23,61,60,96.51,150,5,0,29.98,null,5,null,BKN,OVC,null,null,800,2100,null,null,BR,null,null,null,null,null,null,61,KHSV 020023Z 15005KT 5SM BR BKN008 OVC021 16/16 A2998 RMK AO2 CIG 006V011 T01610156 $,null
HSV,2023-12-02 0:53,60,59,96.49,150,5,0,29.98,1015,4,null,SCT,BKN,BKN,null,1000,1500,2200,null,BR,null,null,null,null,null,null,60,KHSV 020053Z 15005KT 4SM BR SCT010 BKN015 BKN022 16/15 A2998 RMK AO2 SLP150 T01560150 $,null
HSV,2023-12-02 1:08,60,59,96.49,120,5,0,29.98,null,2.5,null,FEW,FEW,BKN,null,1000,1500,2200,null,BR,null,null,null,null,null,null,60,KHSV 020108Z 12005KT 2 1/2SM BR FEW010 FEW015 BKN022 16/15 A2998 RMK AO2 T01560150 $,null
HSV,2023-12-02 1:18,59,58,96.48,120,4,0,29.98,null,1,null,FEW,BKN,null,null,1300,2200,null,null,BR,null,null,null,null,null,null,59,KHSV 020118Z 12004KT 1SM R18R/P6000FT BR FEW013 BKN022 15/14 A2998 RMK AO2 T01500144 $,null
HSV,2023-12-02 1:36,59,58,96.48,120,5,0,29.98,null,2.5,null,FEW,BKN,null,null,1300,2200,null,null,BR,null,null,null,null,null,null,59,KHSV 020136Z 12005KT 2 1/2SM BR FEW013 BKN022 15/14 A2998 RMK AO2 T01500144 $,null
HSV,2023-12-02 1:48,57.2,57.2,100,110,6,0,29.98,null,1,null,BKN,null,null,null,2200,null,null,null,BR,null,null,null,null,null,null,57.2,KHSV 020148Z 11006KT 1SM R18R/P6000FT BR BKN022 14/14 A2998 RMK AO2 $,null
HSV,2023-12-02 1:53,58,57,96.46,120,6,0,29.98,1015,1.25,null,BKN,null,null,null,2300,null,null,null,BR,null,null,null,null,null,null,58,KHSV 020153Z 12006KT 1 1/4SM BR BKN023 14/14 A2998 RMK AO2 SLP150 T01440139 $,null
HSV,2023-12-02 2:13,58,57,96.46,110,7,0,29.99,null,0.5,null,BKN,BKN,OVC,null,1200,2300,13000,null,FG,null,null,null,null,null,null,58,KHSV 020213Z 11007KT 1/2SM R18R/P6000FT FG BKN012 BKN023 OVC130 14/14 A2999 RMK AO2 TWR VIS 2 T01440139 $,null
HSV,2023-12-02 2:36,57,56,96.45,110,6,0,29.99,null,0.25,null,SCT,OVC,null,null,0,1200,null,null,FG,null,null,null,null,null,null,57,KHSV 020236Z 11006KT 1/4SM R18R/P6000FT FG SCT000 OVC012 14/13 A2999 RMK AO2 TWR VIS 2 FG SCT000 T01390133 $,null
HSV,2023-12-02 2:53,57,56,96.45,90,4,0,29.99,1015.3,0.25,null,SCT,OVC,null,null,0,900,null,null,FG,null,null,null,null,null,null,57,KHSV 020253Z 09004KT 1/4SM R18R/4500VP6000FT FG SCT000 OVC009 14/13 A2999 RMK AO2 TWR VIS 2 SLP153 FG SCT000 T01390133 51004 $,null
HSV,2023-12-02 3:35,57,56,96.45,90,4,0,29.99,null,0.25,null,VV ,null,null,null,400,null,null,null,FG,null,null,null,null,null,null,57,KHSV 020335Z 09004KT 1/4SM R18R/2800V4500FT FG VV004 14/13 A2999 RMK AO2 TWR VIS 4 T01390133 $,null
HSV,2023-12-02 3:53,56,55,96.43,90,4,0,29.98,1015.1,0.25,null,VV ,null,null,null,400,null,null,null,FG,null,null,null,null,null,null,56,KHSV 020353Z 09004KT 1/4SM R18R/2200V4500FT FG VV004 13/13 A2998 RMK AO2 TWR VIS 4 SLP151 T01330128 $,null
HSV,2023-12-02 4:00,56,55,96.43,100,6,0,29.98,null,0.25,null,VV ,null,null,null,600,null,null,null,FG,null,null,null,null,null,null,56,KHSV 020400Z 10006KT 1/4SM R18R/3500VP6000FT FG VV006 13/13 A2998 RMK AO2 TWR VIS 4 T01330128 $,null
HSV,2023-12-02 4:46,57,57,100,80,4,0,29.98,null,1,null,VV ,null,null,null,800,null,null,null,BR,null,null,null,null,null,null,57,KHSV 020446Z 08004KT 1SM R18R/4000VP6000FT BR VV008 14/14 A2998 RMK AO2 TWR VIS 4 T01390139 $,null
HSV,2023-12-02 4:53,57,57,100,90,4,0,29.98,1014.9,1,null,VV ,null,null,null,700,null,null,null,BR,null,null,null,null,null,null,57,KHSV 020453Z 09004KT 1SM R18R/3000VP6000FT BR VV007 14/14 A2998 RMK AO2 TWR VIS 4 SLP149 T01390139 $,null
HSV,2023-12-02 5:00,57,57,100,90,4,0,29.97,null,0.5,null,VV ,null,null,null,700,null,null,null,FG,null,null,null,null,null,null,57,KHSV 020500Z 09004KT 1/2SM R18R/3000V4500FT FG VV007 14/14 A2997 RMK AO2 TWR VIS 4 T01390139 $,null
HSV,2023-12-02 5:25,57,56,96.45,80,4,0,29.97,null,0.25,null,SCT,BKN,OVC,null,0,600,2100,null,FG,null,null,null,null,null,null,57,KHSV 020525Z 08004KT 1/4SM R18R/2800V4500FT FG SCT000 BKN006 OVC021 14/13 A2997 RMK AO2 TWR VIS 4 FG SCT000 T01390133 $,null
HSV,2023-12-02 5:53,57,57,100,90,5,0,29.98,1014.7,0.25,null,SCT,BKN,OVC,null,0,600,2100,null,FG,null,null,null,null,null,null,57,KHSV 020553Z 09005KT 1/4SM R18R/3500VP6000FT FG SCT000 BKN006 OVC021 14/14 A2998 RMK AO2 SLP147 FG SCT000 T01390139 10161 20128 401610083 56005 $,null
HSV,2023-12-02 6:00,58,58,100,80,4,0,29.98,null,0.75,null,OVC,OVC,null,null,900,900,null,null,BR,null,null,null,null,null,null,58,KHSV 020600Z COR 08004KT 3/4SM R18R/P6000FT BR OVC009 14/14 A2998 RMK AO2 T01440144 $,null
HSV,2023-12-02 6:28,59,59,100,90,4,0,29.97,null,2,null,OVC,null,null,null,800,null,null,null,BR,null,null,null,null,null,null,59,KHSV 020628Z AUTO 09004KT 2SM BR OVC008 15/15 A2997 RMK AO2 T01500150 $,null
HSV,2023-12-02 6:39,59,59,100,80,4,0,29.97,null,1.75,null,OVC,null,null,null,800,null,null,null,BR,null,null,null,null,null,null,59,KHSV 020639Z AUTO 08004KT 1 3/4SM BR OVC008 15/15 A2997 RMK AO2 T01500150 $,null
HSV,2023-12-02 6:50,60.8,59,93.79,80,4,0,29.98,null,2.5,null,OVC,null,null,null,800,null,null,null,BR,null,null,null,null,null,null,60.8,KHSV 020650Z AUTO 08004KT 2 1/2SM BR OVC008 16/15 A2998 RMK AO2 $,null
HSV,2023-12-02 6:53,60,59,96.49,80,4,0,29.98,1014.7,2.5,null,OVC,null,null,null,800,null,null,null,BR,null,null,null,null,null,null,60,KHSV 020653Z AUTO 08004KT 2 1/2SM BR OVC008 16/15 A2998 RMK AO2 SLP147 T01560150 $,null
HSV,2023-12-02 7:00,60,59,96.49,100,4,0,29.97,null,3,null,OVC,null,null,null,800,null,null,null,BR,null,null,null,null,null,null,60,KHSV 020700Z AUTO 10004KT 3SM BR OVC008 16/15 A2997 RMK AO2 T01560150 $,null
HSV,2023-12-02 7:08,60,59,96.49,90,4,0,29.97,null,2.5,null,OVC,null,null,null,800,null,null,null,BR,null,null,null,null,null,null,60,KHSV 020708Z AUTO 09004KT 2 1/2SM BR OVC008 16/15 A2997 RMK AO2 T01560150 $,null
HSV,2023-12-02 7:28,60,59,96.49,90,3,0,29.97,null,2.5,null,OVC,null,null,null,700,null,null,null,BR,null,null,null,null,null,null,60,KHSV 020728Z AUTO 09003KT 2 1/2SM BR OVC007 16/15 A2997 RMK AO2 T01560150 $,null
HSV,2023-12-02 7:53,60,60,100,120,4,0,29.97,1014.7,2.5,null,OVC,null,null,null,600,null,null,null,BR,null,null,null,null,null,null,60,KHSV 020753Z AUTO 12004KT 2 1/2SM BR OVC006 16/16 A2997 RMK AO2 SLP147 T01560156 $,null
HSV,2023-12-02 8:05,60,59,96.49,140,5,0,29.97,null,1.25,null,OVC,null,null,null,500,null,null,null,BR,null,null,null,null,null,null,60,KHSV 020805Z AUTO 14005KT 1 1/4SM BR OVC005 16/15 A2997 RMK AO2 T01560150 $,null
HSV,2023-12-02 8:53,61,61,100,120,6,0,29.95,1013.8,1.75,null,OVC,null,null,null,600,null,null,null,BR,null,null,null,null,null,null,61,KHSV 020853Z AUTO 12006KT 1 3/4SM BR OVC006 16/16 A2995 RMK AO2 SLP138 T01610161 58009 $,null
HSV,2023-12-02 9:01,61,61,100,130,7,0,29.95,null,2.5,null,OVC,null,null,null,600,null,null,null,BR,null,null,null,null,null,null,61,KHSV 020901Z AUTO 13007KT 2 1/2SM BR OVC006 16/16 A2995 RMK AO2 T01610161 $,null
HSV,2023-12-02 9:37,62,61,96.52,0,0,T,29.96,null,1.75,null,OVC,null,null,null,400,null,null,null,#NAME?,null,null,null,null,null,null,62,KHSV 020937Z AUTO 00000KT 1 3/4SM -RA BR OVC004 17/16 A2996 RMK AO2 LTG DSNT NW RAB25 CIG 004V007 P0000 T01670161 $,null
HSV,2023-12-02 9:53,61,61,100,120,6,T,29.95,1013.9,1.75,null,BKN,BKN,OVC,null,400,4400,8000,null,#NAME?,null,null,null,null,null,null,61,KHSV 020953Z AUTO 12006KT 1 3/4SM -RA BR BKN004 BKN044 OVC080 16/16 A2995 RMK AO2 LTG DSNT SW AND NW RAB25 SLP139 P0000 T01610161 $,null
HSV,2023-12-02 10:00,61,61,100,130,6,0.01,29.95,null,1,null,BKN,BKN,OVC,null,600,4400,7000,null,#NAME?,null,null,null,null,null,null,61,KHSV 021000Z AUTO 13006KT 1SM R18R/P6000FT -RA BR BKN006 BKN044 OVC070 16/16 A2995 RMK AO2 LTG DSNT SW AND NW P0001 T01610161 $,null
HSV,2023-12-02 10:08,62,61,96.52,150,8,0.02,29.94,null,2,null,SCT,BKN,OVC,null,800,2800,9500,null,#NAME?,null,null,null,null,null,null,62,KHSV 021008Z AUTO 15008KT 2SM -RA BR SCT008 BKN028 OVC095 17/16 A2994 RMK AO2 LTG DSNT S-NW P0002 T01670161 $,null
HSV,2023-12-02 10:15,62,61,96.52,150,7,0.02,29.95,null,3,null,FEW,SCT,OVC,null,800,6500,9000,null,#NAME?,null,null,null,null,null,null,62,KHSV 021015Z AUTO 15007KT 3SM -RA BR FEW008 SCT065 OVC090 17/16 A2995 RMK AO2 LTG DSNT S-NW P0002 T01670161 $,null
HSV,2023-12-02 10:21,61,61,100,140,7,0.03,29.95,null,2.5,null,FEW,SCT,OVC,null,800,7000,9500,null,VCTS -RA BR,null,null,null,null,null,null,61,KHSV 021021Z AUTO 14007KT 2 1/2SM VCTS -RA BR FEW008 SCT070 OVC095 16/16 A2995 RMK AO2 LTG DSNT S-NW P0003 T01610161 $,null
HSV,2023-12-02 10:40,62,61,96.52,150,4,0.05,29.96,null,2,null,OVC,null,null,null,9500,null,null,null,RA BR,null,null,null,null,null,null,62,KHSV 021040Z AUTO 15004KT 2SM RA BR OVC095 17/16 A2996 RMK AO2 LTG DSNT S AND SW P0005 T01670161 $,null
HSV,2023-12-02 10:48,62.6,60.8,93.83,180,3,0.08,29.96,null,1.75,null,OVC,null,null,null,9000,null,null,null,RA BR,null,null,null,null,null,null,62.6,KHSV 021048Z AUTO 18003KT 1 3/4SM RA BR OVC090 17/16 A2996 RMK AO2 LTG DSNT SE-SW P0008 $,null
HSV,2023-12-02 10:53,62,61,96.52,0,0,0.09,29.96,1013.9,1.25,null,SCT,OVC,null,null,8000,9500,null,null,RA BR,null,null,null,null,null,null,62,KHSV 021053Z AUTO 00000KT 1 1/4SM RA BR SCT080 OVC095 17/16 A2996 RMK AO2 LTG DSNT SE AND S SLP139 P0009 T01670161 $,null
HSV,2023-12-02 11:00,61,60,96.51,0,0,0.01,29.96,null,0.5,null,FEW,SCT,OVC,null,500,2100,9000,null,RA FG,null,null,null,null,null,null,61,KHSV 021100Z AUTO 00000KT 1/2SM R18R/6000VP6000FT RA FG FEW005 SCT021 OVC090 16/16 A2996 RMK AO2 LTG DSNT SE AND S P0001 T01610156 $,null
HSV,2023-12-02 11:08,61,61,100,310,3,0.03,29.96,null,0.75,null,BKN,BKN,OVC,null,600,2000,8500,null,RA BR,null,null,null,null,null,null,61,KHSV 021108Z AUTO 31003KT 3/4SM R18R/4500VP6000FT RA BR BKN006 BKN020 OVC085 16/16 A2996 RMK AO2 LTG DSNT SE AND S P0003 T01610161 $,null
HSV,2023-12-02 11:18,61,61,100,350,3,0.05,29.97,null,0.5,null,FEW,BKN,OVC,null,500,1200,8000,null,VCTS RA FG,null,null,null,null,null,null,61,KHSV 021118Z AUTO 35003KT 1/2SM R18R/3500VP6000FT VCTS RA FG FEW005 BKN012 OVC080 16/16 A2997 RMK AO2 LTG DSNT SE P0005 T01610161 $,null
HSV,2023-12-02 11:33,62,61,96.52,0,0,0.09,29.97,null,0.75,null,FEW,SCT,OVC,null,500,1300,8500,null,RA BR,null,null,null,null,null,null,62,KHSV 021133Z AUTO 00000KT 3/4SM R18R/2800VP6000FT RA BR FEW005 SCT013 OVC085 17/16 A2997 RMK AO2 LTG DSNT SE P0009 T01670161 $,null
HSV,2023-12-02 11:53,61,61,100,150,3,0.14,29.97,1014.5,0.5,null,OVC,null,null,null,8500,null,null,null,RA FG,null,null,null,null,null,null,61,KHSV 021153Z 15003KT 1/2SM R18R/3000VP6000FT RA FG OVC085 16/16 A2997 RMK AO2 SLP145 P0014 60023 7//// T01610161 10167 20139 53006 $,null
HSV,2023-12-02 12:11,61,61,100,100,7,0.04,29.95,null,0.5,null,FEW,BKN,OVC,null,600,6000,8500,null,RA FG,null,null,null,null,null,null,61,KHSV 021211Z 10007KT 1/2SM R18R/P6000FT RA FG FEW006 BKN060 OVC085 16/16 A2995 RMK AO2 P0004 T01610161 $,null
HSV,2023-12-02 12:53,61,60,96.51,0,0,0.08,29.97,1014.4,0.5,null,FEW,BKN,OVC,null,3200,6500,8000,null,#NAME?,null,null,null,null,null,null,61,KHSV 021253Z 00000KT 1/2SM R18R/1800V2000FT -RA FG FEW032 BKN065 OVC080 16/16 A2997 RMK AO2 SLP144 P0008 T01610156 $,null
HSV,2023-12-02 13:02,60,60,100,60,4,T,29.97,null,0.25,null,SCT,SCT,OVC,null,4200,5500,7000,null,#NAME?,null,null,null,null,null,null,60,KHSV 021302Z 06004KT 1/4SM R18R/1800VP6000FT -RA FG SCT042 SCT055 OVC070 16/16 A2997 RMK AO2 P0000 T01560156 $,null
HSV,2023-12-02 13:53,61,61,100,90,5,0.02,29.97,1014.5,0.25,null,FEW,BKN,OVC,null,3200,4100,5500,null,#NAME?,null,null,null,null,null,null,61,KHSV 021353Z 09005KT 1/4SM R18R/2400VP6000FT -DZ FG FEW032 BKN041 OVC055 16/16 A2997 RMK AO2 RAE52DZB52 SLP145 P0002 T01610161 $,null
HSV,2023-12-02 14:02,62,62,100,90,4,T,29.97,null,2,null,FEW,SCT,OVC,null,3200,4100,6000,null,BR,null,null,null,null,null,null,62,KHSV 021402Z 09004KT 2SM BR FEW032 SCT041 OVC060 17/17 A2997 RMK AO2 DZE02 P0000 T01670167 $,null
HSV,2023-12-02 14:13,62,62,100,100,3,0.01,29.97,null,5,null,FEW,OVC,null,null,3900,6000,null,null,BR,null,null,null,null,null,null,62,KHSV 021413Z 10003KT 5SM BR FEW039 OVC060 17/17 A2997 RMK AO2 DZE02 P0001 T01670167 $,null
HSV,2023-12-02 14:38,63,63,100,110,4,0.01,29.96,null,8,null,FEW,SCT,OVC,null,200,4000,7000,null,null,null,null,null,null,null,null,63,KHSV 021438Z 11004KT 8SM FEW002 SCT040 OVC070 17/17 A2996 RMK AO2 DZE02 P0001 T01720172 $,null
HSV,2023-12-02 14:53,63,62,96.54,80,8,0.01,29.96,1014,2.5,null,SCT,SCT,OVC,null,200,3500,7000,null,null,null,null,null,null,null,null,63,KHSV 021453Z 08008KT 2 1/2SM SCT002 SCT035 OVC070 17/17 A2996 RMK AO2 SFC VIS 8 DZE02 SLP140 P0001 60011 T01720167 58005 $,null
HSV,2023-12-02 15:12,63,63,100,170,4,T,29.97,null,1.75,null,FEW,BKN,OVC,null,300,2800,3400,null,#NAME?,null,null,null,null,null,null,63,KHSV 021512Z 17004KT 1 3/4SM R18R/4000VP6000FT +RA BR FEW003 BKN028 OVC034 17/17 A2997 RMK AO2 TWR VIS 2 1/2 RAB1455 P0000 T01720172 $,null
HSV,2023-12-02 15:20,63,62,96.54,160,7,0.04,29.97,null,1,null,SCT,OVC,null,null,2800,3400,null,null,RA BR,null,null,null,null,null,null,63,KHSV 021520Z 16007KT 1SM R18R/5500VP6000FT RA BR SCT028 OVC034 17/17 A2997 RMK AO2 SFC VIS 1 3/4 RAB1455 P0004 T01720167 $,null
HSV,2023-12-02 15:24,63,62,96.54,170,8,0.05,29.97,null,1,null,FEW,BKN,OVC,null,500,2800,3400,null,#NAME?,null,null,null,null,null,null,63,KHSV 021524Z 17008KT 1SM R18R/6000VP6000FT -RA BR FEW005 BKN028 OVC034 17/17 A2997 RMK AO2 SFC VIS 2 RAB1455 P0005 T01720167 $,null
HSV,2023-12-02 15:53,63,62,96.54,120,7,0.09,29.96,1014.3,1,null,FEW,BKN,OVC,null,2000,3400,4100,null,#NAME?,null,null,null,null,null,null,63,KHSV 021553Z 12007KT 1SM R18R/6000VP6000FT -RA BR FEW020 BKN034 OVC041 17/17 A2996 RMK AO2 SFC VIS 1 3/4 RAB1455 SLP143 P0009 T01720167 $,null
HSV,2023-12-02 16:15,63,62,96.54,80,5,0.01,29.95,null,2,null,FEW,OVC,null,null,1600,3400,null,null,#NAME?,null,null,null,null,null,null,63,KHSV 021615Z 08005KT 2SM -RA BR FEW016 OVC034 17/17 A2995 RMK AO2 SFC VIS 2 1/2 P0001 T01720167 $,null
HSV,2023-12-02 16:32,64,63,96.55,80,3,0.02,29.95,null,2,null,FEW,BKN,OVC,null,200,3700,7000,null,#NAME?,null,null,null,null,null,null,64,KHSV 021632Z 08003KT 2SM -RA FEW002 BKN037 OVC070 18/17 A2995 RMK AO2 SFC VIS 10 P0002 T01780172 $,null
HSV,2023-12-02 16:45,65,63,93.24,140,4,0.02,29.96,null,2,null,SCT,BKN,OVC,null,300,1900,5500,null,#NAME?,null,null,null,null,null,null,65,KHSV 021645Z 14004KT 2SM -RA SCT003 BKN019 OVC055 18/17 A2996 RMK AO2 SFC VIS 10 P0002 T01830172 $,null
HSV,2023-12-02 16:53,65,63,93.24,120,4,0.02,29.95,1013.7,3,null,SCT,BKN,OVC,null,300,1900,4200,null,null,null,null,null,null,null,null,65,KHSV 021653Z 12004KT 3SM SCT003 BKN019 OVC042 18/17 A2995 RMK AO2 SFC VIS 8 RAE47 SLP137 P0002 T01830172 $,null
HSV,2023-12-02 17:15,65,64,96.57,120,3,0,29.93,null,3,null,BKN,BKN,OVC,null,400,1600,3000,null,null,null,null,null,null,null,null,65,KHSV 021715Z 12003KT 3SM BKN004 BKN016 OVC030 18/18 A2993 RMK AO2 SFC VIS 10 T01830178 $,null
HSV,2023-12-02 17:32,66,63,90.05,70,3,0,29.93,null,10,null,OVC,null,null,null,500,null,null,null,null,null,null,null,null,null,null,66,KHSV 021732Z 07003KT 10SM OVC005 19/17 A2993 RMK AO2 CIG 004V010 T01890172 $,null
HSV,2023-12-02 17:53,65,63,93.24,120,3,0.01,29.92,1012.8,2,null,OVC,null,null,null,600,null,null,null,#NAME?,null,null,null,null,null,null,65,KHSV 021753Z 12003KT 2SM +RA BR OVC006 18/17 A2992 RMK AO2 RAB44 CIG 004V011 SLP128 P0001 60023 T01830172 10189 20156 58012 $,null
HSV,2023-12-02 18:06,65,63,93.24,110,4,0.04,29.91,null,1,null,BKN,OVC,null,null,600,1000,null,null,#NAME?,null,null,null,null,null,null,65,KHSV 021806Z 11004KT 1SM R18R/4000VP6000FT +RA BR BKN006 OVC010 18/17 A2991 RMK AO2 SFC VIS 1 1/4 CIG 004V008 P0004 T01830172 $,null
HSV,2023-12-02 18:21,65,64,96.57,130,3,0.09,29.91,null,0.25,null,SCT,BKN,OVC,null,400,1000,4300,null,#NAME?,null,null,null,null,null,null,65,KHSV 021821Z 13003KT 1/4SM R18R/P6000FT -RA BR SCT004 BKN010 OVC043 18/18 A2991 RMK AO2 SFC VIS 4 P0009 T01830178 $,null
HSV,2023-12-02 18:26,65,64,96.57,130,3,0.1,29.9,null,0.75,null,BKN,BKN,OVC,null,400,1000,4300,null,#NAME?,null,null,null,null,null,null,65,KHSV 021826Z 13003KT 3/4SM R18R/P6000FT -RA BR BKN004 BKN010 OVC043 18/18 A2990 RMK AO2 SFC VIS 2 1/2 P0010 T01830178 $,null
HSV,2023-12-02 18:50,64.4,64.4,100,100,4,0.12,29.89,null,2,null,OVC,null,null,null,400,null,null,null,BR,null,null,null,null,null,null,64.4,KHSV 021850Z 10004KT 2SM BR OVC004 18/18 A2989 RMK AO2 SFC VIS 3 RAE50 P0012 $,null
HSV,2023-12-02 18:53,65,64,96.57,90,4,0.12,29.89,1011.7,2,null,OVC,null,null,null,400,null,null,null,#NAME?,null,null,null,null,null,null,65,KHSV 021853Z 09004KT 2SM R18R/6000VP6000FT -RA BR OVC004 18/18 A2989 RMK AO2 SFC VIS 4 RAE50B52 SLP117 P0012 T01830178 $,null
HSV,2023-12-02 18:57,65,64,96.57,90,4,T,29.89,null,1.5,null,BKN,OVC,null,null,500,3300,null,null,#NAME?,null,null,null,null,null,null,65,KHSV 021857Z 09004KT 1 1/2SM R18R/3500VP6000FT +RA BR BKN005 OVC033 18/18 A2989 RMK AO2 TWR VIS 2 P0000 T01830178 $,null
HSV,2023-12-02 19:04,65,64,96.57,80,5,0.04,29.89,null,0.75,null,BKN,OVC,null,null,500,3200,null,null,#NAME?,null,null,null,null,null,null,65,KHSV 021904Z 08005KT 3/4SM R18R/3500VP6000FT +RA BR BKN005 OVC032 18/18 A2989 RMK AO2 SFC VIS 1 1/2 P0004 T01830178 $,null
HSV,2023-12-02 19:12,65,64,96.57,90,5,0.06,29.88,null,1,null,SCT,BKN,OVC,null,500,3400,4400,null,#NAME?,null,null,null,null,null,null,65,KHSV 021912Z 09005KT 1SM R18R/P6000FT -RA BR SCT005 BKN034 OVC044 18/18 A2988 RMK AO2 SFC VIS 1 1/2 P0006 T01830178 $,null
HSV,2023-12-02 19:53,65,64,96.57,40,4,0.1,29.86,1010.8,1,null,SCT,BKN,OVC,null,1400,2000,5500,null,#NAME?,null,null,null,null,null,null,65,KHSV 021953Z 04004KT 1SM R18R/P6000FT -RA BR SCT014 BKN020 OVC055 18/18 A2986 RMK AO2 SFC VIS 5 SLP108 P0010 T01830178 $,null
HSV,2023-12-02 19:58,65,64,96.57,70,4,T,29.86,null,1,null,FEW,BKN,OVC,null,500,1300,5000,null,#NAME?,null,null,null,null,null,null,65,KHSV 021958Z 07004KT 1SM R18R/P6000FT -RA BR FEW005 BKN013 OVC050 18/18 A2986 RMK AO2 SFC VIS 5 P0000 T01830178 $,null
HSV,2023-12-02 20:08,65,64,96.57,70,4,0.02,29.86,null,1.5,null,BKN,OVC,null,null,500,1500,null,null,RA BR,null,null,null,null,null,null,65,KHSV 022008Z 07004KT 1 1/2SM RA BR BKN005 OVC015 18/18 A2986 RMK AO2 SFC VIS 3 P0002 T01830178 $,null
HSV,2023-12-02 20:38,65,64,96.57,70,4,0.14,29.85,null,0.5,null,BKN,OVC,null,null,500,1200,null,null,#NAME?,null,null,null,null,null,null,65,KHSV 022038Z 07004KT 1/2SM R18R/5000VP6000FT -RA BR BKN005 OVC012 18/18 A2985 RMK AO2 SFC VIS 2 CIG 003V009 P0014 T01830178 $,null
HSV,2023-12-02 20:53,65,64,96.57,20,4,0.17,29.85,1010.5,0.5,null,BKN,OVC,null,null,500,1000,null,null,#NAME?,null,null,null,null,null,null,65,KHSV 022053Z 02004KT 1/2SM R18R/4500VP6000FT +RA BR BKN005 OVC010 18/18 A2985 RMK AO2 SFC VIS 1 SLP105 P0017 60039 T01830178 58012 $,null
HSV,2023-12-02 21:15,65,64,96.57,20,6,0.1,29.85,null,0.5,null,BKN,OVC,null,null,400,900,null,null,#NAME?,null,null,null,null,null,null,65,KHSV 022115Z 02006KT 1/2SM R18R/5500VP6000FT +RA BR BKN004 OVC009 18/18 A2985 RMK AO2 SFC VIS 1 1/2 P0010 T01830178 $,null
HSV,2023-12-02 21:30,65,64,96.57,340,4,0.15,29.85,null,0.5,null,BKN,OVC,null,null,500,1000,null,null,#NAME?,null,null,null,null,null,null,65,KHSV 022130Z 34004KT 1/2SM R18R/P6000FT +RA BR BKN005 OVC010 18/18 A2985 RMK AO2 SFC VIS 1 CIG 003V008 P0015 T01830178 $,null
HSV,2023-12-02 21:45,64,63,96.55,20,6,0.3,29.85,null,0.5,null,SCT,BKN,OVC,null,600,1000,1900,null,#NAME?,null,null,null,null,null,null,64,KHSV 022145Z 02006KT 1/2SM R18R/4500VP6000FT +RA BR SCT006 BKN010 OVC019 18/17 A2985 RMK AO2 SFC VIS 1 P0030 T01780172 $,null
HSV,2023-12-02 21:53,64,63,96.55,30,7,0.32,29.85,1010.2,1.75,null,SCT,BKN,OVC,null,600,1300,2100,null,RA BR,null,null,null,null,null,null,64,KHSV 022153Z 03007KT 1 3/4SM RA BR SCT006 BKN013 OVC021 18/17 A2985 RMK AO2 SFC VIS 2 1/2 SLP102 P0032 T01780172 $,null
HSV,2023-12-02 22:53,63,63,100,350,4,0.42,29.86,1010.6,1.75,null,FEW,SCT,OVC,null,400,1400,1900,null,#NAME?,null,null,null,null,null,null,63,KHSV 022253Z 35004KT 1 3/4SM +RA BR FEW004 SCT014 OVC019 17/17 A2986 RMK AO2 SFC VIS 2 1/2 SLP106 P0042 T01720172 $,null
HSV,2023-12-02 23:24,63,63,100,350,3,0.12,29.85,null,4,null,BKN,OVC,null,null,2300,3800,null,null,#NAME?,null,null,null,null,null,null,63,KHSV 022324Z 35003KT 4SM +RA BR BKN023 OVC038 17/17 A2985 RMK AO2 P0012 T01720172 $,null
HSV,2023-12-02 23:41,63,63,100,100,4,0.14,29.85,null,4,null,FEW,OVC,null,null,700,2100,null,null,RA BR,null,null,null,null,null,null,63,KHSV 022341Z 10004KT 4SM RA BR FEW007 OVC021 17/17 A2985 RMK AO2 P0014 T01720172 $,null
HSV,2023-12-02 23:53,63,63,100,30,3,0.2,29.85,1010.4,2,null,SCT,BKN,OVC,null,700,2100,2900,null,RA BR,null,null,null,null,null,null,63,KHSV 022353Z 03003KT 2SM RA BR SCT007 BKN021 OVC029 17/17 A2985 RMK AO2 SLP104 P0020 60133 T01720172 10189 20172 58001 $,null
HSV,2023-12-02 23:58,63,63,100,360,4,0.01,29.85,null,3,null,BKN,OVC,null,null,500,2100,null,null,#NAME?,null,null,null,null,null,null,63,KHSV 022358Z 36004KT 3SM +RA BR BKN005 OVC021 17/17 A2985 RMK AO2 P0001 T01720172 $,null
HSV,2023-12-03 0:07,63,62,96.54,50,5,0.03,29.85,null,3,null,FEW,BKN,OVC,null,500,1200,2500,null,#NAME?,null,null,null,null,null,null,63,KHSV 030007Z 05005KT 3SM +RA BR FEW005 BKN012 OVC025 17/17 A2985 RMK AO2 SFC VIS 3 P0003 T01720167 $,null
HSV,2023-12-03 0:20,63,63,100,60,3,0.05,29.85,null,5,null,SCT,BKN,OVC,null,500,2300,2800,null,#NAME?,null,null,null,null,null,null,63,KHSV 030020Z 06003KT 5SM -RA BR SCT005 BKN023 OVC028 17/17 A2985 RMK AO2 P0005 T01720172 $,null
HSV,2023-12-03 0:53,62,62,100,0,0,0.11,29.85,1010.4,2.5,null,FEW,SCT,OVC,null,900,2100,2500,null,#NAME?,null,null,null,null,null,null,62,KHSV 030053Z 00000KT 2 1/2SM +RA BR FEW009 SCT021 OVC025 17/17 A2985 RMK AO2 SLP104 P0011 T01670167 $,null
HSV,2023-12-03 1:01,62,62,100,0,0,0.02,29.85,null,5,null,FEW,OVC,null,null,2100,2600,null,null,RA BR,null,null,null,null,null,null,62,KHSV 030101Z 00000KT 5SM RA BR FEW021 OVC026 17/17 A2985 RMK AO2 P0002 T01670167 $,null
HSV,2023-12-03 1:53,61,61,100,0,0,0.14,29.85,1010.5,3,null,SCT,OVC,null,null,2000,2800,null,null,#NAME?,null,null,null,null,null,null,61,KHSV 030153Z 00000KT 3SM -RA BR SCT020 OVC028 16/16 A2985 RMK AO2 SLP105 P0014 T01610161 $,null
HSV,2023-12-03 2:20,61,61,100,0,0,0.02,29.85,null,5,null,FEW,OVC,null,null,2800,3500,null,null,#NAME?,null,null,null,null,null,null,61,KHSV 030220Z 00000KT 5SM -RA BR FEW028 OVC035 16/16 A2985 RMK AO2 P0002 T01610161 $,null
HSV,2023-12-03 2:53,61,61,100,120,3,0.02,29.84,1010,10,null,BKN,OVC,null,null,2800,3400,null,null,null,null,null,null,null,null,null,61,KHSV 030253Z 12003KT 10SM BKN028 OVC034 16/16 A2984 RMK AO2 RAE27 SLP100 P0002 60027 T01610161 58005 $,null
HSV,2023-12-03 3:53,60,60,100,0,0,T,29.84,1010,4,null,BKN,OVC,null,null,2700,4300,null,null,#NAME?,null,null,null,null,null,null,60,KHSV 030353Z 00000KT 4SM -RA BR BKN027 OVC043 16/16 A2984 RMK AO2 RAB05 SLP100 P0000 T01560156 $,null
HSV,2023-12-03 4:21,60,60,100,0,0,0.01,29.84,null,5,null,SCT,OVC,null,null,700,2700,null,null,#NAME?,null,null,null,null,null,null,60,KHSV 030421Z 00000KT 5SM -RA BR SCT007 OVC027 16/16 A2984 RMK AO2 P0001 T01560156 $,null
HSV,2023-12-03 4:28,60,60,100,0,0,0.01,29.83,null,2.5,null,BKN,OVC,null,null,700,2700,null,null,BR,null,null,null,null,null,null,60,KHSV 030428Z 00000KT 2 1/2SM BR BKN007 OVC027 16/16 A2983 RMK AO2 RAE22 P0001 T01560156 $,null
HSV,2023-12-03 4:36,60,60,100,240,3,0.01,29.84,null,1,null,FEW,BKN,OVC,null,200,600,2700,null,BR,null,null,null,null,null,null,60,KHSV 030436Z 24003KT 1SM R18R/P6000FT BR FEW002 BKN006 OVC027 16/16 A2984 RMK AO2 RAE22 P0001 T01560156 $,null
HSV,2023-12-03 4:53,60,60,100,0,0,0.02,29.84,1010,1.25,null,BKN,OVC,null,null,500,1200,null,null,#NAME?,null,null,null,null,null,null,60,KHSV 030453Z 00000KT 1 1/4SM R18R/5000VP6000FT -RA BR BKN005 OVC012 16/16 A2984 RMK AO2 RAE22B41 SLP100 P0002 T01560156 $,null
HSV,2023-12-03 5:37,60,60,100,0,0,T,29.83,null,3,null,OVC,null,null,null,500,null,null,null,BR,null,null,null,null,null,null,60,KHSV 030537Z 00000KT 3SM BR OVC005 16/16 A2983 RMK AO2 RAE0459DZB04E35 P0000 T01560156 $,null
HSV,2023-12-03 5:48,60.8,59,93.79,0,0,T,29.84,null,1.75,null,OVC,null,null,null,500,null,null,null,BR,null,null,null,null,null,null,60.8,KHSV 030548Z 00000KT 1 3/4SM BR OVC005 16/15 A2984 RMK AO2 RAE0459DZB04E35 P0000 $,null
HSV,2023-12-03 5:49,60,59,96.49,260,3,T,29.84,1009.8,1.5,null,OVC,null,null,null,500,null,null,null,BR,null,null,null,null,null,null,60,KHSV 030549Z 26003KT 1 1/2SM BR OVC005 16/15 A2984 RMK AO2 RAE0459DZB04E35 SLP098 P0000 60029 T01560150 10167 20156 401890144 58001 $,null
HSV,2023-12-03 5:54,60,59,96.49,260,4,0,29.83,null,2,null,OVC,null,null,null,400,null,null,null,BR,null,null,null,null,null,null,60,KHSV 030554Z 26004KT 2SM BR OVC004 16/15 A2983 RMK AO2 T01560150 $,null
HSV,2023-12-03 6:08,61,60,96.51,270,5,0,29.83,null,1,null,VV ,null,null,null,200,null,null,null,BR,null,null,null,null,null,null,61,KHSV 030608Z AUTO 27005KT 1SM R18R/5000VP6000FT BR VV002 16/16 A2983 RMK AO2 T01610156 $,null
HSV,2023-12-03 6:27,61,60,96.51,280,5,0,29.84,null,3,null,OVC,null,null,null,300,null,null,null,BR,null,null,null,null,null,null,61,KHSV 030627Z AUTO 28005KT 3SM BR OVC003 16/16 A2984 RMK AO2 T01610156 $,null
HSV,2023-12-03 6:53,60,59,96.49,290,4,0,29.84,1010.1,10,null,OVC,null,null,null,300,null,null,null,null,null,null,null,null,null,null,60,KHSV 030653Z AUTO 29004KT 10SM OVC003 16/15 A2984 RMK AO2 CIG 002V008 SLP101 T01560150 $,null
HSV,2023-12-03 7:02,60,59,96.49,290,4,0,29.84,null,10,null,BKN,OVC,null,null,500,1000,null,null,null,null,null,null,null,null,null,60,KHSV 030702Z AUTO 29004KT 10SM BKN005 OVC010 16/15 A2984 RMK AO2 CIG 003V009 T01560150 $,null
HSV,2023-12-03 7:20,60,59,96.49,280,3,0,29.85,null,9,null,SCT,OVC,null,null,600,1100,null,null,null,null,null,null,null,null,null,60,KHSV 030720Z AUTO 28003KT 9SM SCT006 OVC011 16/15 A2985 RMK AO2 T01560150 $,null
HSV,2023-12-03 7:53,59,58,96.48,270,6,0,29.84,1010.2,7,null,OVC,null,null,null,1100,null,null,null,null,null,null,null,null,null,null,59,KHSV 030753Z AUTO 27006KT 7SM OVC011 15/14 A2984 RMK AO2 SLP102 T01500144 $,null
HSV,2023-12-03 8:53,59,57,93.07,300,6,0,29.86,1010.8,10,null,BKN,OVC,null,null,1100,1800,null,null,null,null,null,null,null,null,null,59,KHSV 030853Z AUTO 30006KT 10SM BKN011 OVC018 15/14 A2986 RMK AO2 SLP108 T01500139 53009 $,null
HSV,2023-12-03 9:06,59,58,96.48,290,3,0,29.87,null,10,null,SCT,SCT,OVC,null,1100,1700,2200,null,null,null,null,null,null,null,null,59,KHSV 030906Z AUTO 29003KT 10SM SCT011 SCT017 OVC022 15/14 A2987 RMK AO2 T01500144 $,null
HSV,2023-12-03 9:14,59,57,93.07,280,3,0,29.86,null,10,null,FEW,SCT,OVC,null,500,1200,2200,null,null,null,null,null,null,null,null,59,KHSV 030914Z AUTO 28003KT 10SM FEW005 SCT012 OVC022 15/14 A2986 RMK AO2 T01500139 $,null
HSV,2023-12-03 9:32,58,57,96.46,270,3,0,29.86,null,8,null,BKN,OVC,null,null,500,2200,null,null,null,null,null,null,null,null,null,58,KHSV 030932Z AUTO 27003KT 8SM BKN005 OVC022 14/14 A2986 RMK AO2 T01440139 $,null
HSV,2023-12-03 9:53,58,56,93.04,270,3,0,29.86,1010.7,10,null,BKN,null,null,null,500,null,null,null,null,null,null,null,null,null,null,58,KHSV 030953Z AUTO 27003KT 10SM BKN005 14/13 A2986 RMK AO2 CIG 003V009 SLP107 T01440133 $,null
HSV,2023-12-03 10:00,57,56,96.45,280,3,0,29.86,null,10,null,SCT,null,null,null,500,null,null,null,null,null,null,null,null,null,null,57,KHSV 031000Z AUTO 28003KT 10SM SCT005 14/13 A2986 RMK AO2 T01390133 $,null
HSV,2023-12-03 10:31,57,55,93.01,280,4,0,29.87,null,10,null,BKN,null,null,null,1500,null,null,null,null,null,null,null,null,null,null,57,KHSV 031031Z AUTO 28004KT 10SM BKN015 14/13 A2987 RMK AO2 T01390128 $,null
HSV,2023-12-03 10:53,57,54,89.68,290,7,0,29.88,1011.6,10,null,OVC,null,null,null,1500,null,null,null,null,null,null,null,null,null,null,57,KHSV 031053Z AUTO 29007KT 10SM OVC015 14/12 A2988 RMK AO2 SLP116 T01390122 $,null
HSV,2023-12-03 11:53,55,53,92.95,270,4,0,29.91,1012.6,10,null,BKN,null,null,null,1400,null,null,null,null,null,null,null,null,null,null,55,KHSV 031153Z 27004KT 10SM BKN014 13/12 A2991 RMK AO2 SLP126 70185 T01280117 10156 20128 53016 $,null
HSV,2023-12-03 12:11,54,52,92.92,260,3,0,29.92,null,10,null,SCT,null,null,null,1400,null,null,null,null,null,null,null,null,null,null,54,KHSV 031211Z 26003KT 10SM SCT014 12/11 A2992 RMK AO2 T01220111 $,null
HSV,2023-12-03 12:53,53,52,96.39,230,4,0,29.93,1013.1,10,null,SCT,BKN,null,null,1300,25000,null,null,null,null,null,null,null,null,null,53,KHSV 031253Z 23004KT 10SM SCT013 BKN250 12/11 A2993 RMK AO2 SLP131 T01170111 $,null
HSV,2023-12-03 13:53,54,52,92.92,0,0,0,29.95,1013.8,9,null,FEW,SCT,BKN,null,1000,14000,25000,null,null,null,null,null,null,null,null,54,KHSV 031353Z 00000KT 9SM FEW010 SCT140 BKN250 12/11 A2995 RMK AO2 SLP138 T01220111 $,null
HSV,2023-12-03 14:51,57.2,53.6,87.74,250,7,0,29.96,null,10,null,FEW,BKN,BKN,null,700,1400,25000,null,null,null,null,null,null,null,null,57.2,KHSV 031451Z 25007KT 10SM FEW007 BKN014 BKN250 14/12 A2996 RMK AO2 $,null
HSV,2023-12-03 14:52,57,54,89.68,250,7,0,29.96,1014.1,10,null,FEW,BKN,BKN,null,700,1400,25000,null,null,null,null,null,null,null,null,57,KHSV 031452Z 25007KT 10SM FEW007 BKN014 BKN250 14/12 A2996 RMK AO2 SLP141 T01390122 51015 $,null
HSV,2023-12-03 15:53,58,50,74.64,280,8,0,29.97,1014.7,10,16,SCT,BKN,null,null,1300,25000,null,null,null,null,null,null,null,null,null,58,KHSV 031553Z 28008G16KT 10SM SCT013 BKN250 14/10 A2997 RMK AO2 SLP147 T01440100 $,null
HSV,2023-12-03 16:53,61,51,69.6,270,11,0,29.97,1014.7,10,null,FEW,SCT,null,null,1400,25000,null,null,null,null,null,null,null,null,null,61,KHSV 031653Z 27011KT 10SM FEW014 SCT250 16/11 A2997 RMK AO2 SLP147 T01610106 $,null
HSV,2023-12-03 17:53,62,50,64.73,260,8,0,29.95,1013.9,10,null,FEW,SCT,null,null,1400,25000,null,null,null,null,null,null,null,null,null,62,KHSV 031753Z 26008KT 10SM FEW014 SCT250 17/10 A2995 RMK AO2 SLP139 T01670100 10167 20117 58002 $,null
HSV,2023-12-03 18:53,62,47,57.85,290,9,0,29.94,1013.3,10,16,FEW,SCT,null,null,3500,25000,null,null,null,null,null,null,null,null,null,62,KHSV 031853Z 29009G16KT 10SM FEW035 SCT250 17/08 A2994 RMK AO2 SLP133 T01670083 $,null
HSV,2023-12-03 19:53,63,47,55.85,310,7,0,29.92,1012.9,10,15,FEW,SCT,null,null,3500,25000,null,null,null,null,null,null,null,null,null,63,KHSV 031953Z 31007G15KT 10SM FEW035 SCT250 17/08 A2992 RMK AO2 SLP129 T01720083 $,null
HSV,2023-12-03 20:53,64,45,49.99,290,9,0,29.93,1012.9,10,null,FEW,FEW,SCT,null,3500,14000,25000,null,null,null,null,null,null,null,null,64,KHSV 032053Z 29009KT 10SM FEW035 FEW140 SCT250 18/07 A2993 RMK AO2 SLP129 T01780072 55008 $,null
HSV,2023-12-03 21:53,61,42,49.54,310,6,0,29.93,1013.3,10,null,FEW,FEW,SCT,null,4000,15000,25000,null,null,null,null,null,null,null,null,61,KHSV 032153Z 31006KT 10SM FEW040 FEW150 SCT250 16/06 A2993 RMK AO2 SLP133 T01610056 $,null
HSV,2023-12-03 22:53,58,42,55.14,310,5,0,29.95,1013.8,10,null,FEW,SCT,null,null,13000,25000,null,null,null,null,null,null,null,null,null,58,KHSV 032253Z 31005KT 10SM FEW130 SCT250 14/06 A2995 RMK AO2 SLP138 T01440056 $,null
HSV,2023-12-03 23:53,56,41,57.02,320,5,0,29.95,1014,10,null,FEW,null,null,null,14000,null,null,null,null,null,null,null,null,null,null,56,KHSV 032353Z 32005KT 10SM FEW140 13/05 A2995 RMK AO2 SLP140 T01330050 10178 20133 51008 $,null
HSV,2023-12-04 0:53,51,42,71.18,210,3,0,29.95,1014.2,10,null,FEW,null,null,null,15000,null,null,null,null,null,null,null,null,null,null,51,KHSV 040053Z 21003KT 10SM FEW150 11/06 A2995 RMK AO2 SLP142 T01060056 $,null
HSV,2023-12-04 1:53,48,41,76.58,150,3,0,29.96,1014.4,10,null,CLR,null,null,null,null,null,null,null,null,null,null,null,null,null,null,46.98,KHSV 040153Z 15003KT 10SM CLR 09/05 A2996 RMK AO2 SLP144 T00890050 $,null
HSV,2023-12-04 2:53,49,42,76.67,0,0,0,29.96,1014.5,10,null,FEW,null,null,null,13000,null,null,null,null,null,null,null,null,null,null,49,KHSV 040253Z 00000KT 10SM FEW130 09/06 A2996 RMK AO2 SLP145 T00940056 51004 $,null
HSV,2023-12-04 3:53,48,44,85.95,0,0,0,29.96,1014.5,10,null,FEW,null,null,null,10000,null,null,null,null,null,null,null,null,null,null,48,KHSV 040353Z 00000KT 10SM FEW100 09/07 A2996 RMK AO2 SLP145 T00890067 $,null
HSV,2023-12-04 4:53,46,43,89.2,0,0,0,29.95,1013.8,10,null,FEW,null,null,null,10000,null,null,null,null,null,null,null,null,null,null,46,KHSV 040453Z 00000KT 10SM FEW100 08/06 A2995 RMK AO2 SLP138 T00780061 $,null
HSV,2023-12-04 5:53,45,42,89.15,120,4,0,29.93,1013.4,10,null,CLR,null,null,null,null,null,null,null,null,null,null,null,null,null,null,42.6,KHSV 040553Z 12004KT 10SM CLR 07/06 A2993 RMK AO2 SLP134 T00720056 10133 20067 401780067 58009 $,null
HSV,2023-12-04 6:53,43,42,96.23,130,4,0,29.92,1013.2,10,null,CLR,null,null,null,null,null,null,null,null,null,null,null,null,null,null,40.27,KHSV 040653Z AUTO 13004KT 10SM CLR 06/06 A2992 RMK AO2 SLP132 T00610056 $,null
HSV,2023-12-04 7:53,42,40,92.55,120,5,0,29.91,1012.8,10,null,CLR,null,null,null,null,null,null,null,null,null,null,null,null,null,null,38.27,KHSV 040753Z AUTO 12005KT 10SM CLR 06/04 A2991 RMK AO2 SLP128 T00560044 $,null
HSV,2023-12-04 8:53,42,40,92.55,120,5,0,29.9,1012.2,10,null,CLR,null,null,null,null,null,null,null,null,null,null,null,null,null,null,38.27,KHSV 040853Z AUTO 12005KT 10SM CLR 06/04 A2990 RMK AO2 SLP122 T00560044 58013 $,null
HSV,2023-12-04 9:53,42,39,89.01,120,3,0,29.89,1011.9,10,null,CLR,null,null,null,null,null,null,null,null,null,null,null,null,null,null,40.12,KHSV 040953Z AUTO 12003KT 10SM CLR 06/04 A2989 RMK AO2 SLP119 T00560039 $,null
HSV,2023-12-04 10:53,42,39,89.01,150,4,0,29.88,1011.6,10,null,CLR,null,null,null,null,null,null,null,null,null,null,null,null,null,null,39.1,KHSV 041053Z AUTO 15004KT 10SM CLR 06/04 A2988 RMK AO2 SLP116 T00560039 $,null
HSV,2023-12-04 11:53,44,40,85.71,180,6,0,29.88,1011.8,10,null,FEW,null,null,null,18000,null,null,null,null,null,null,null,null,null,null,39.98,KHSV 041153Z 18006KT 10SM FEW180 07/04 A2988 RMK AO2 SLP118 T00670044 10072 20050 55005 $,null
HSV,2023-12-04 12:53,47,43,85.89,240,3,0,29.89,1012.1,10,null,FEW,SCT,null,null,12000,15000,null,null,null,null,null,null,null,null,null,45.84,KHSV 041253Z 24003KT 10SM FEW120 SCT150 08/06 A2989 RMK AO2 SLP121 T00830061 $,null
HSV,2023-12-04 13:53,51,44,76.85,240,10,0,29.91,1012.6,10,null,BKN,BKN,null,null,11000,13000,null,null,null,null,null,null,null,null,null,51,KHSV 041353Z 24010KT 10SM BKN110 BKN130 11/07 A2991 RMK AO2 SLP126 T01060067 $,null
HSV,2023-12-04 14:53,54,44,68.82,260,12,0,29.92,1013.2,10,null,FEW,null,null,null,13000,null,null,null,null,null,null,null,null,null,null,54,KHSV 041453Z 26012KT 10SM FEW130 12/07 A2992 RMK AO2 SLP132 T01220067 53015 $,null
HSV,2023-12-04 15:53,56,42,59.26,280,11,0,29.95,1013.9,10,20,FEW,null,null,null,3200,null,null,null,null,null,null,null,null,null,null,56,KHSV 041553Z 28011G20KT 10SM FEW032 13/06 A2995 RMK AO2 SLP139 T01330056 $,null
HSV,2023-12-04 16:53,57,37,47.04,280,12,0,29.94,1013.9,10,23,FEW,null,null,null,3800,null,null,null,null,null,null,null,null,null,null,57,KHSV 041653Z 28012G23KT 10SM FEW038 14/03 A2994 RMK AO2 SLP139 T01390028 $,null
HSV,2023-12-04 17:53,58,36,43.62,290,14,0,29.95,1014,10,21,CLR,null,null,null,null,null,null,null,null,null,null,null,null,null,null,58,KHSV 041753Z 29014G21KT 10SM CLR 14/02 A2995 RMK AO2 SLP140 T01440022 10150 20061 51008 $,null
HSV,2023-12-04 18:53,58,37,45.38,300,14,0,29.97,1014.6,10,22,FEW,null,null,null,5500,null,null,null,null,null,null,null,null,null,null,58,KHSV 041853Z 30014G22KT 10SM FEW055 14/03 A2997 RMK AO2 SLP146 T01440028 $,null
HSV,2023-12-04 19:53,58,38,47.2,290,13,0,29.99,1015.6,10,24,FEW,null,null,null,5000,null,null,null,null,null,null,null,null,null,null,58,KHSV 041953Z 29013G24KT 10SM FEW050 14/03 A2999 RMK AO2 SLP156 T01440033 $,null
HSV,2023-12-04 20:53,58,37,45.38,290,10,0,30.01,1016.4,10,19,FEW,null,null,null,5000,null,null,null,null,null,null,null,null,null,null,58,KHSV 042053Z 29010G19KT 10SM FEW050 14/03 A3001 RMK AO2 SLP164 T01440028 53022 $,null
HSV,2023-12-04 21:53,57,38,48.93,270,9,0,30.03,1017,10,null,FEW,null,null,null,5000,null,null,null,null,null,null,null,null,null,null,57,KHSV 042153Z 27009KT 10SM FEW050 14/03 A3003 RMK AO2 SLP170 T01390033 $,null
HSV,2023-12-04 22:53,54,36,50.42,300,6,0,30.06,1017.9,10,null,FEW,null,null,null,4500,null,null,null,null,null,null,null,null,null,null,54,KHSV 042253Z 30006KT 10SM FEW045 12/02 A3006 RMK AO2 SLP179 T01220022 $,null
HSV,2023-12-04 23:53,50,36,58.44,330,5,0,30.08,1018.5,10,null,CLR,null,null,null,null,null,null,null,null,null,null,null,null,null,null,50,KHSV 042353Z 33005KT 10SM CLR 10/02 A3008 RMK AO2 SLP185 T01000022 10150 20100 51020 $,null
HSV,2023-12-05 0:53,49,37,63.1,340,6,0,30.1,1019.3,10,null,CLR,null,null,null,null,null,null,null,null,null,null,null,null,null,null,46,KHSV 050053Z 34006KT 10SM CLR 09/03 A3010 RMK AO2 SLP193 T00940028 $,null
HSV,2023-12-05 1:53,47,37,68.02,330,4,0,30.12,1019.8,10,null,CLR,null,null,null,null,null,null,null,null,null,null,null,null,null,null,44.94,KHSV 050153Z 33004KT 10SM CLR 08/03 A3012 RMK AO2 SLP198 T00830028 $,null
HSV,2023-12-05 2:53,43,36,76.12,270,4,0,30.12,1019.9,10,null,CLR,null,null,null,null,null,null,null,null,null,null,null,null,null,null,40.27,KHSV 050253Z 27004KT 10SM CLR 06/02 A3012 RMK AO2 SLP199 T00610022 51014 $,null
HSV,2023-12-05 3:53,41,35,79.02,270,4,0,30.13,1020.2,10,null,CLR,null,null,null,null,null,null,null,null,null,null,null,null,null,null,37.93,KHSV 050353Z 27004KT 10SM CLR 05/02 A3013 RMK AO2 SLP202 T00500017 $,null
HSV,2023-12-05 4:53,42,36,79.11,310,4,0,30.14,1020.5,10,null,CLR,null,null,null,null,null,null,null,null,null,null,null,null,null,null,39.1,KHSV 050453Z 31004KT 10SM CLR 06/02 A3014 RMK AO2 SLP205 T00560022 $,null
HSV,2023-12-05 5:53,40,35,82.15,0,0,0,30.14,1020.4,10,null,CLR,null,null,null,null,null,null,null,null,null,null,null,null,null,null,40,KHSV 050553Z 00000KT 10SM CLR 04/02 A3014 RMK AO2 SLP204 T00440017 10100 20044 401500044 50005 $,null
HSV,2023-12-05 6:53,39,35,85.42,310,3,0,30.14,1020.7,10,null,CLR,null,null,null,null,null,null,null,null,null,null,null,null,null,null,36.69,KHSV 050653Z AUTO 31003KT 10SM CLR 04/02 A3014 RMK AO2 SLP207 T00390017 $,null
HSV,2023-12-05 7:53,39,35,85.42,0,0,0,30.14,1020.6,10,null,CLR,null,null,null,null,null,null,null,null,null,null,null,null,null,null,39,KHSV 050753Z AUTO 00000KT 10SM CLR 04/02 A3014 RMK AO2 SLP206 T00390017 $,null
HSV,2023-12-05 8:53,35,33,92.32,0,0,0,30.14,1020.6,10,null,CLR,null,null,null,null,null,null,null,null,null,null,null,null,null,null,35,KHSV 050853Z AUTO 00000KT 10SM CLR 02/01 A3014 RMK AO2 SLP206 T00170006 51002 FZRANO $,null
HSV,2023-12-05 9:53,35,33,92.32,190,3,0,30.14,1020.6,10,null,CLR,null,null,null,null,null,null,null,null,null,null,null,null,null,null,32.12,KHSV 050953Z AUTO 19003KT 10SM CLR 02/01 A3014 RMK AO2 SLP206 T00170006 FZRANO $,null
HSV,2023-12-05 10:53,35,33,92.32,0,0,0,30.14,1020.7,10,null,CLR,null,null,null,null,null,null,null,null,null,null,null,null,null,null,35,KHSV 051053Z AUTO 00000KT 10SM CLR 02/01 A3014 RMK AO2 SLP207 T00170006 FZRANO $,null
HSV,2023-12-05 11:38,36,34,92.35,0,0,0,30.16,null,10,null,BKN,null,null,null,2900,null,null,null,null,null,null,null,null,null,null,36,KHSV 051138Z AUTO 00000KT 10SM BKN029 02/01 A3016 RMK AO2 T00220011 FZRANO $,null
HSV,2023-12-05 11:53,35,34,96.09,0,0,0,30.16,1021.5,10,null,BKN,null,null,null,2900,null,null,null,null,null,null,null,null,null,null,35,KHSV 051153Z 00000KT 10SM BKN029 02/01 A3016 RMK AO2 SLP215 T00170011 10044 20011 53007 $,null
HSV,2023-12-05 12:04,36,34,92.35,130,3,0,30.15,null,10,null,SCT,null,null,null,2900,null,null,null,null,null,null,null,null,null,null,33.26,KHSV 051204Z 13003KT 10SM SCT029 02/01 A3015 RMK AO2 T00220011 $,null
HSV,2023-12-05 12:53,34,32,92.29,180,3,0,30.16,1021.4,10,null,CLR,null,null,null,null,null,null,null,null,null,null,null,null,null,null,30.97,KHSV 051253Z 18003KT 10SM CLR 01/00 A3016 RMK AO2 SLP214 T00110000 $,null
HSV,2023-12-05 13:53,38,37,96.14,0,0,0,30.17,1021.6,10,null,CLR,null,null,null,null,null,null,null,null,null,null,null,null,null,null,38,KHSV 051353Z 00000KT 10SM CLR 03/03 A3017 RMK AO2 SLP216 T00330028 $,null
HSV,2023-12-05 14:53,46,40,79.44,270,3,0,30.18,1022,10,null,CLR,null,null,null,null,null,null,null,null,null,null,null,null,null,null,44.69,KHSV 051453Z 27003KT 10SM CLR 08/04 A3018 RMK AO2 SLP220 T00780044 53005 $,null
HSV,2023-12-05 15:53,50,40,68.37,250,7,0,30.17,1021.6,10,null,FEW,null,null,null,2200,null,null,null,null,null,null,null,null,null,null,50,KHSV 051553Z 25007KT 10SM FEW022 10/04 A3017 RMK AO2 SLP216 T01000044 $,null
HSV,2023-12-05 16:53,53,39,58.85,240,6,0,30.13,1020.3,10,null,CLR,null,null,null,null,null,null,null,null,null,null,null,null,null,null,53,KHSV 051653Z 24006KT 10SM CLR 12/04 A3013 RMK AO2 SLP203 T01170039 $,null
HSV,2023-12-05 17:53,55,39,54.7,260,7,0,30.09,1018.9,10,null,CLR,null,null,null,null,null,null,null,null,null,null,null,null,null,null,55,KHSV 051753Z 26007KT 10SM CLR 13/04 A3009 RMK AO2 SLP189 T01280039 10128 20006 58029 $,null
HSV,2023-12-05 18:53,58,38,47.2,260,9,0,30.04,1017.4,10,null,FEW,null,null,null,7000,null,null,null,null,null,null,null,null,null,null,58,KHSV 051853Z 26009KT 10SM FEW070 14/03 A3004 RMK AO2 SLP174 T01440033 $,null
HSV,2023-12-05 19:53,60,36,40.61,270,14,0,30.03,1016.7,10,19,FEW,null,null,null,5000,null,null,null,null,null,null,null,null,null,null,60,KHSV 051953Z 27014G19KT 10SM FEW050 16/02 A3003 RMK AO2 SLP167 T01560022 $,null
HSV,2023-12-05 20:53,60,35,39.03,270,13,0,30.02,1016.5,10,null,FEW,null,null,null,5000,null,null,null,null,null,null,null,null,null,null,60,KHSV 052053Z 27013KT 10SM FEW050 16/02 A3002 RMK AO2 SLP165 T01560017 56024 $,null
HSV,2023-12-05 21:53,58,35,41.92,280,9,0,30.02,1016.5,10,16,FEW,null,null,null,5500,null,null,null,null,null,null,null,null,null,null,58,KHSV 052153Z 28009G16KT 10SM FEW055 14/02 A3002 RMK AO2 SLP165 T01440017 $,null
HSV,2023-12-05 22:53,55,35,46.73,280,6,0,30.04,1017.3,10,null,BKN,null,null,null,8000,null,null,null,null,null,null,null,null,null,null,55,KHSV 052253Z 28006KT 10SM BKN080 13/02 A3004 RMK AO2 SLP173 T01280017 $,null
HSV,2023-12-05 23:53,55,35,46.73,300,8,0,30.06,1017.8,10,null,BKN,BKN,null,null,7500,8500,null,null,null,null,null,null,null,null,null,55,KHSV 052353Z 30008KT 10SM BKN075 BKN085 13/02 A3006 RMK AO2 SLP178 T01280017 10156 20122 53013 $,null
HSV,2023-12-06 0:53,53,31,42.81,320,17,0,30.09,1019,10,27,FEW,null,null,null,7500,null,null,null,#NAME?,null,null,null,28,300,2023-12-06 0:03,53,KHSV 060053Z COR 32017G27KT 10SM FEW075 12/M01 A3009 RMK AO2 PK WND 30028/0003 SLP190 T01171006 $,null
HSV,2023-12-06 1:53,51,28,40.78,330,14,0,30.12,1019.9,10,21,FEW,null,null,null,7500,null,null,null,null,null,null,null,null,null,null,51,KHSV 060153Z 33014G21KT 10SM FEW075 11/M02 A3012 RMK AO2 SLP199 T01061022 $,null
HSV,2023-12-06 2:53,50,29,44.1,330,14,0,30.13,1020.3,10,22,BKN,null,null,null,7000,null,null,null,null,null,null,null,29,330,2023-12-06 2:24,50,KHSV 060253Z 33014G22KT 10SM BKN070 10/M02 A3013 RMK AO2 PK WND 33029/0224 SLP203 T01001017 51025 $,null
HSV,2023-12-06 3:53,48,30,49.49,320,12,0,30.16,1021.3,10,20,SCT,null,null,null,7500,null,null,null,null,null,null,null,null,null,null,42.37,KHSV 060353Z 32012G20KT 10SM SCT075 09/M01 A3016 RMK AO2 SLP213 T00891011 $,null
HSV,2023-12-06 4:53,46,30,53.37,330,10,0,30.17,1021.7,10,null,FEW,null,null,null,7500,null,null,null,null,null,null,null,null,null,null,40.52,KHSV 060453Z 33010KT 10SM FEW075 08/M01 A3017 RMK AO2 SLP217 T00781011 $,null
HSV,2023-12-06 5:53,45,31,57.73,320,10,0,30.2,1022.6,10,null,SCT,null,null,null,5500,null,null,null,null,null,null,null,null,null,null,39.27,KHSV 060553Z 32010KT 10SM SCT055 07/M01 A3020 RMK AO2 SLP226 T00721006 10128 20072 401560006 51022 $,null
HSV,2023-12-06 6:53,44,31,59.97,330,8,0,30.2,1022.4,10,null,SCT,null,null,null,5500,null,null,null,null,null,null,null,null,null,null,38.9,KHSV 060653Z AUTO 33008KT 10SM SCT055 07/M01 A3020 RMK AO2 SLP224 T00671006 $,null
HSV,2023-12-06 7:53,42,31,64.75,320,7,0,30.22,1023.2,10,null,CLR,null,null,null,null,null,null,null,null,null,null,null,null,null,null,36.97,KHSV 060753Z AUTO 32007KT 10SM CLR 06/M01 A3022 RMK AO2 SLP232 T00561006 $,null
HSV,2023-12-06 8:53,42,32,67.42,320,7,0,30.24,1023.8,10,null,BKN,null,null,null,4900,null,null,null,null,null,null,null,null,null,null,36.97,KHSV 060853Z AUTO 32007KT 10SM BKN049 06/00 A3024 RMK AO2 SLP238 T00560000 53013 $,null
HSV,2023-12-06 9:53,43,32,64.88,360,13,0,30.25,1024.4,10,22,BKN,BKN,null,null,3500,4600,null,null,null,null,null,null,null,null,null,35.66,KHSV 060953Z AUTO 36013G22KT 10SM BKN035 BKN046 06/00 A3025 RMK AO2 SLP244 T00610000 $,null
HSV,2023-12-06 10:53,41,32,70.08,350,9,0,30.27,1025.1,10,null,FEW,null,null,null,3000,null,null,null,null,null,null,null,null,null,null,34.7,KHSV 061053Z AUTO 35009KT 10SM FEW030 05/00 A3027 RMK AO2 SLP251 T00500000 $,null
HSV,2023-12-06 11:28,41,32,70.08,350,9,0,30.28,null,10,null,BKN,null,null,null,2700,null,null,null,null,null,null,null,null,null,null,34.7,KHSV 061128Z AUTO 35009KT 10SM BKN027 05/00 A3028 RMK AO2 T00500000 $,null
HSV,2023-12-06 11:48,39.2,32,75.16,350,8,0,30.29,null,10,null,BKN,null,null,null,3100,null,null,null,null,null,null,null,null,null,null,32.98,KHSV 061148Z 35008KT 10SM BKN031 04/00 A3029 RMK AO2 $,null
HSV,2023-12-06 11:53,40,32,72.85,350,9,0,30.29,1025.9,10,null,SCT,null,null,null,3200,null,null,null,null,null,null,null,null,null,null,33.46,KHSV 061153Z 35009KT 10SM SCT032 04/00 A3029 RMK AO2 SLP259 T00440000 10072 20044 51014 $,null
HSV,2023-12-06 12:53,39,32,75.75,330,5,0,30.31,1026.5,10,null,BKN,null,null,null,3200,null,null,null,null,null,null,null,null,null,null,34.71,KHSV 061253Z 33005KT 10SM BKN032 04/00 A3031 RMK AO2 SLP265 T00390000 $,null
HSV,2023-12-06 13:53,41,33,72.96,300,3,0,30.33,1027.2,10,null,FEW,null,null,null,2900,null,null,null,null,null,null,null,null,null,null,38.98,KHSV 061353Z 30003KT 10SM FEW029 05/01 A3033 RMK AO2 SLP272 T00500006 $,null
HSV,2023-12-06 14:53,44,34,67.66,350,12,0,30.36,1028.1,10,18,BKN,null,null,null,2500,null,null,null,null,null,null,null,null,null,null,37.27,KHSV 061453Z 35012G18KT 10SM BKN025 07/01 A3036 RMK AO2 SLP281 T00670011 53022 $,null
HSV,2023-12-06 15:53,46,33,60.25,10,14,0,30.38,1028.9,10,null,BKN,null,null,null,3100,null,null,null,null,null,null,null,null,null,null,39.21,KHSV 061553Z 01014KT 10SM BKN031 08/01 A3038 RMK AO2 SLP289 T00780006 $,null
HSV,2023-12-06 16:53,49,33,53.82,340,8,0,30.36,1028.1,10,19,SCT,null,null,null,3500,null,null,null,null,null,null,null,null,null,null,45.05,KHSV 061653Z 34008G19KT 10SM SCT035 09/01 A3036 RMK AO2 SLP281 T00940006 $,null
HSV,2023-12-06 17:53,49,32,51.7,20,6,0,30.33,1027.2,10,null,FEW,null,null,null,3900,null,null,null,null,null,null,null,null,null,null,46,KHSV 061753Z 02006KT 10SM FEW039 09/00 A3033 RMK AO2 SLP272 T00940000 10100 20033 58009 $,null
HSV,2023-12-06 18:53,51,32,47.99,340,6,0,30.32,1026.7,10,null,FEW,null,null,null,4200,null,null,null,null,null,null,null,null,null,null,51,KHSV 061853Z 34006KT 10SM FEW042 11/00 A3032 RMK AO2 SLP267 T01060000 $,null
HSV,2023-12-06 19:53,52,31,44.42,320,7,0,30.3,1026.2,10,null,FEW,FEW,null,null,4100,25000,null,null,null,null,null,null,null,null,null,52,KHSV 061953Z 32007KT 10SM FEW041 FEW250 11/M01 A3030 RMK AO2 SLP262 T01111006 $,null
HSV,2023-12-06 20:53,52,30,42.65,360,7,0,30.3,1026,10,null,FEW,null,null,null,25000,null,null,null,null,null,null,null,null,null,null,52,KHSV 062053Z 36007KT 10SM FEW250 11/M01 A3030 RMK AO2 SLP260 T01111011 56012 $,null
HSV,2023-12-06 21:53,51,30,44.26,350,6,0,30.29,1025.8,10,null,FEW,null,null,null,25000,null,null,null,null,null,null,null,null,null,null,51,KHSV 062153Z 35006KT 10SM FEW250 11/M01 A3029 RMK AO2 SLP258 T01061011 $,null
HSV,2023-12-06 22:53,47,30,51.39,310,5,0,30.3,1026.3,10,null,FEW,null,null,null,25000,null,null,null,null,null,null,null,null,null,null,44.21,KHSV 062253Z 31005KT 10SM FEW250 08/M01 A3030 RMK AO2 SLP263 T00831011 $,null
HSV,2023-12-06 23:53,45,30,55.43,360,4,0,30.3,1026.1,10,null,FEW,null,null,null,25000,null,null,null,null,null,null,null,null,null,null,42.6,KHSV 062353Z 36004KT 10SM FEW250 07/M01 A3030 RMK AO2 SLP261 T00721011 10117 20072 55000 $,null
HSV,2023-12-07 0:53,42,30,62.18,300,5,0,30.3,1026.3,10,null,FEW,null,null,null,25000,null,null,null,null,null,null,null,null,null,null,38.27,KHSV 070053Z 30005KT 10SM FEW250 06/M01 A3030 RMK AO2 SLP263 T00561011 $,null
HSV,2023-12-07 1:53,41,30,64.63,340,4,0,30.3,1026.4,10,null,FEW,null,null,null,25000,null,null,null,null,null,null,null,null,null,null,37.93,KHSV 070153Z 34004KT 10SM FEW250 05/M01 A3030 RMK AO2 SLP264 T00501011 $,null
HSV,2023-12-07 2:53,41,29,62.04,360,3,0,30.3,1026,10,null,CLR,null,null,null,null,null,null,null,null,null,null,null,null,null,null,38.98,KHSV 070253Z 36003KT 10SM CLR 05/M02 A3030 RMK AO2 SLP260 T00501017 58001 $,null
HSV,2023-12-07 3:53,36,30,78.6,0,0,0,30.3,1026.3,10,null,CLR,null,null,null,null,null,null,null,null,null,null,null,null,null,null,36,KHSV 070353Z 00000KT 10SM CLR 02/M01 A3030 RMK AO2 SLP263 T00221011 $,null
HSV,2023-12-07 4:53,35,29,78.51,190,3,0,30.29,1026,10,null,CLR,null,null,null,null,null,null,null,null,null,null,null,null,null,null,32.12,KHSV 070453Z 19003KT 10SM CLR 02/M02 A3029 RMK AO2 SLP260 T00171017 $,null
HSV,2023-12-07 5:53,33,28,81.63,0,0,0,30.29,1025.7,10,null,CLR,null,null,null,null,null,null,null,null,null,null,null,null,null,null,33,KHSV 070553Z 00000KT 10SM CLR 01/M02 A3029 RMK AO2 SLP257 T00061022 10078 20006 401170006 58004 $,null
HSV,2023-12-07 6:53,33,30,88.58,0,0,0,30.28,1025.4,10,null,CLR,null,null,null,null,null,null,null,null,null,null,null,null,null,null,33,KHSV 070653Z AUTO 00000KT 10SM CLR 01/M01 A3028 RMK AO2 SLP254 T00061011 FZRANO $,null
HSV,2023-12-07 7:53,32,30,92.22,0,0,0,30.27,1025.2,10,null,CLR,null,null,null,null,null,null,null,null,null,null,null,null,null,null,32,KHSV 070753Z AUTO 00000KT 10SM CLR 00/M01 A3027 RMK AO2 SLP252 T00001011 FZRANO $,null
HSV,2023-12-07 8:53,32,29,88.53,90,3,0,30.27,1025.2,10,null,CLR,null,null,null,null,null,null,null,null,null,null,null,null,null,null,28.69,KHSV 070853Z AUTO 09003KT 10SM CLR 00/M02 A3027 RMK AO2 SLP252 T00001017 55005 FZRANO $,null
HSV,2023-12-07 9:53,32,29,88.53,90,3,0,30.26,1025,10,null,CLR,null,null,null,null,null,null,null,null,null,null,null,null,null,null,28.69,KHSV 070953Z AUTO 09003KT 10SM CLR 00/M02 A3026 RMK AO2 SLP250 T00001017 FZRANO $,null
HSV,2023-12-07 10:53,32,29,88.53,0,0,0,30.26,1025,10,null,CLR,null,null,null,null,null,null,null,null,null,null,null,null,null,null,32,KHSV 071053Z AUTO 00000KT 10SM CLR 00/M02 A3026 RMK AO2 SLP250 T00001017 FZRANO $,null
HSV,2023-12-07 11:53,32,29,88.53,100,3,0,30.27,1025,10,null,CLR,null,null,null,null,null,null,null,null,null,null,null,null,null,null,28.69,KHSV 071153Z 10003KT 10SM CLR 00/M02 A3027 RMK AO2 SLP250 T00001017 10011 21006 55002 $,null
HSV,2023-12-07 12:53,31,29,92.19,130,3,0,30.27,1025.4,10,null,CLR,null,null,null,null,null,null,null,null,null,null,null,null,null,null,27.55,KHSV 071253Z 13003KT 10SM CLR M01/M02 A3027 RMK AO2 SLP254 T10061017 $,null
HSV,2023-12-07 13:53,36,33,88.73,110,3,0,30.28,1025.4,10,null,CLR,null,null,null,null,null,null,null,null,null,null,null,null,null,null,33.26,KHSV 071353Z 11003KT 10SM CLR 02/01 A3028 RMK AO2 SLP254 T00220006 $,null
HSV,2023-12-07 14:53,42,34,73.06,150,4,0,30.27,1025.3,10,null,CLR,null,null,null,null,null,null,null,null,null,null,null,null,null,null,39.1,KHSV 071453Z 15004KT 10SM CLR 06/01 A3027 RMK AO2 SLP253 T00560011 50002 $,null
HSV,2023-12-07 15:53,49,35,58.3,210,5,0,30.27,1025,10,null,CLR,null,null,null,null,null,null,null,null,null,null,null,null,null,null,46.58,KHSV 071553Z 21005KT 10SM CLR 09/02 A3027 RMK AO2 SLP250 T00940017 $,null
HSV,2023-12-07 16:53,53,33,46.41,220,7,0,30.24,1024,10,null,FEW,null,null,null,25000,null,null,null,null,null,null,null,null,null,null,53,KHSV 071653Z 22007KT 10SM FEW250 12/01 A3024 RMK AO2 SLP240 T01170006 $,null
HSV,2023-12-07 17:53,56,30,36.85,220,5,0,30.2,1022.6,10,null,FEW,null,null,null,25000,null,null,null,null,null,null,null,null,null,null,56,KHSV 071753Z 22005KT 10SM FEW250 13/M01 A3020 RMK AO2 SLP226 T01331011 10133 21006 58025 $,null
HSV,2023-12-07 18:53,57,31,37.01,210,5,0,30.16,1021.5,10,null,FEW,null,null,null,25000,null,null,null,null,null,null,null,null,null,null,57,KHSV 071853Z 21005KT 10SM FEW250 14/M01 A3016 RMK AO2 SLP215 T01391006 $,null
HSV,2023-12-07 19:53,59,31,34.45,160,8,0,30.14,1020.8,10,null,FEW,null,null,null,25000,null,null,null,null,null,null,null,null,null,null,59,KHSV 071953Z 16008KT 10SM FEW250 15/M01 A3014 RMK AO2 SLP208 T01501006 $,null
HSV,2023-12-07 20:53,59,30,33.08,190,7,0,30.13,1020.2,10,null,FEW,null,null,null,25000,null,null,null,null,null,null,null,null,null,null,59,KHSV 072053Z 19007KT 10SM FEW250 15/M01 A3013 RMK AO2 SLP202 T01501011 56023 $,null
HSV,2023-12-07 21:53,57,30,35.54,200,5,0,30.13,1020.3,10,null,SCT,null,null,null,25000,null,null,null,null,null,null,null,null,null,null,57,KHSV 072153Z 20005KT 10SM SCT250 14/M01 A3013 RMK AO2 SLP203 T01391011 $,null
HSV,2023-12-07 22:53,53,31,42.81,210,5,0,30.14,1020.6,10,null,SCT,null,null,null,25000,null,null,null,null,null,null,null,null,null,null,53,KHSV 072253Z 21005KT 10SM SCT250 12/M01 A3014 RMK AO2 SLP206 T01171006 $,null
HSV,2023-12-07 23:53,49,31,49.65,200,4,0,30.14,1020.8,10,null,BKN,null,null,null,25000,null,null,null,null,null,null,null,null,null,null,47.27,KHSV 072353Z 20004KT 10SM BKN250 09/M01 A3014 RMK AO2 SLP208 T00941006 10156 20094 52005 $,null
HSV,2023-12-08 0:53,48,31,51.54,180,5,0,30.14,1020.7,10,null,BKN,null,null,null,25000,null,null,null,null,null,null,null,null,null,null,45.4,KHSV 080053Z 18005KT 10SM BKN250 09/M01 A3014 RMK AO2 SLP207 T00891006 $,null
HSV,2023-12-08 1:53,46,32,57.87,130,3,0,30.13,1020.5,10,null,BKN,null,null,null,25000,null,null,null,null,null,null,null,null,null,null,44.69,KHSV 080153Z 13003KT 10SM BKN250 08/00 A3013 RMK AO2 SLP205 T00780000 $,null
HSV,2023-12-08 2:53,45,32,60.11,140,5,0,30.12,1020,10,null,BKN,null,null,null,25000,null,null,null,null,null,null,null,null,null,null,41.83,KHSV 080253Z 14005KT 10SM BKN250 07/00 A3012 RMK AO2 SLP200 T00720000 58007 $,null
HSV,2023-12-08 3:53,43,32,64.88,160,6,0,30.12,1019.9,10,null,BKN,null,null,null,25000,null,null,null,null,null,null,null,null,null,null,38.78,KHSV 080353Z 16006KT 10SM BKN250 06/00 A3012 RMK AO2 SLP199 T00610000 $,null
HSV,2023-12-08 4:53,43,31,62.31,140,5,0,30.11,1019.6,10,null,BKN,null,null,null,25000,null,null,null,null,null,null,null,null,null,null,39.46,KHSV 080453Z 14005KT 10SM BKN250 06/M01 A3011 RMK AO2 SLP196 T00611006 $,null
HSV,2023-12-08 5:53,44,31,59.97,120,3,0,30.12,1020,10,null,BKN,null,null,null,25000,null,null,null,null,null,null,null,null,null,null,42.41,KHSV 080553Z 12003KT 10SM BKN250 07/M01 A3012 RMK AO2 SLP200 T00671006 10100 20050 401561006 53001 $,null
HSV,2023-12-08 6:53,41,31,67.3,100,6,0,30.11,1019.5,10,null,CLR,null,null,null,null,null,null,null,null,null,null,null,null,null,null,36.37,KHSV 080653Z AUTO 10006KT 10SM CLR 05/M01 A3011 RMK AO2 SLP195 T00501006 $,null
HSV,2023-12-08 7:53,43,31,62.31,100,3,0,30.11,1019.5,10,null,CLR,null,null,null,null,null,null,null,null,null,null,null,null,null,null,41.26,KHSV 080753Z AUTO 10003KT 10SM CLR 06/M01 A3011 RMK AO2 SLP195 T00611006 $,null
HSV,2023-12-08 8:53,40,31,69.97,130,5,0,30.12,1019.8,10,null,CLR,null,null,null,null,null,null,null,null,null,null,null,null,null,null,35.9,KHSV 080853Z AUTO 13005KT 10SM CLR 04/M01 A3012 RMK AO2 SLP198 T00441006 55002 $,null
HSV,2023-12-08 9:53,42,31,64.75,120,4,0,30.11,1019.6,10,null,CLR,null,null,null,null,null,null,null,null,null,null,null,null,null,null,39.1,KHSV 080953Z AUTO 12004KT 10SM CLR 06/M01 A3011 RMK AO2 SLP196 T00561006 $,null
HSV,2023-12-08 10:53,39,31,72.75,140,6,0,30.11,1019.8,10,null,CLR,null,null,null,null,null,null,null,null,null,null,null,null,null,null,33.96,KHSV 081053Z AUTO 14006KT 10SM CLR 04/M01 A3011 RMK AO2 SLP198 T00391006 $,null
HSV,2023-12-08 11:53,40,32,72.85,150,4,0,30.13,1020.2,10,null,SCT,null,null,null,25000,null,null,null,null,null,null,null,null,null,null,36.76,KHSV 081153Z 15004KT 10SM SCT250 04/00 A3013 RMK AO2 SLP202 T00440000 10078 20039 53003 $,null
HSV,2023-12-08 12:53,41,33,72.96,130,4,0,30.12,1020,10,null,SCT,null,null,null,25000,null,null,null,null,null,null,null,null,null,null,37.93,KHSV 081253Z 13004KT 10SM SCT250 05/01 A3012 RMK AO2 SLP200 T00500006 $,null
HSV,2023-12-08 13:53,44,38,79.27,140,5,0,30.12,1020.1,10,null,SCT,null,null,null,25000,null,null,null,null,null,null,null,null,null,null,40.65,KHSV 081353Z 14005KT 10SM SCT250 07/03 A3012 RMK AO2 SLP201 T00670033 $,null
HSV,2023-12-08 14:53,50,41,71.07,170,5,0,30.13,1020.2,10,null,SCT,null,null,null,25000,null,null,null,null,null,null,null,null,null,null,50,KHSV 081453Z 17005KT 10SM SCT250 10/05 A3013 RMK AO2 SLP202 T01000050 53001 $,null
HSV,2023-12-08 15:53,55,44,66.36,180,8,0,30.13,1020.4,10,null,FEW,BKN,null,null,7500,25000,null,null,null,null,null,null,null,null,null,55,KHSV 081553Z 18008KT 10SM FEW075 BKN250 13/07 A3013 RMK AO2 SLP204 T01280067 $,null
HSV,2023-12-08 16:53,59,46,61.98,170,9,0,30.12,1019.8,10,19,FEW,BKN,null,null,3000,25000,null,null,null,null,null,null,null,null,null,59,KHSV 081653Z 17009G19KT 10SM FEW030 BKN250 15/08 A3012 RMK AO2 SLP198 T01500078 $,null
HSV,2023-12-08 17:53,61,46,57.72,190,12,0,30.07,1018.2,10,19,FEW,FEW,SCT,null,3200,7500,25000,null,null,null,null,null,null,null,null,61,KHSV 081753Z 19012G19KT 10SM FEW032 FEW075 SCT250 16/08 A3007 RMK AO2 SLP182 T01610078 10161 20039 58019 $,null
HSV,2023-12-08 18:13,62,47,57.85,200,10,0,30.07,null,10,17,CLR,null,null,null,null,null,null,null,null,null,null,null,null,null,null,62,KHSV 081813Z 20010G17KT 10SM CLR 17/08 A3007 RMK AO2 T01670083 $,null
HSV,2023-12-08 18:53,62,47,57.85,190,8,0,30.05,1017.6,10,null,FEW,BKN,BKN,null,3400,8500,25000,null,null,null,null,null,null,null,null,62,KHSV 081853Z 19008KT 10SM FEW034 BKN085 BKN250 17/08 A3005 RMK AO2 SLP176 T01670083 $,null
HSV,2023-12-08 19:53,63,47,55.85,190,8,0,30.03,1016.8,10,17,FEW,BKN,BKN,null,3400,8000,25000,null,null,null,null,null,null,null,null,63,KHSV 081953Z 19008G17KT 10SM FEW034 BKN080 BKN250 17/08 A3003 RMK AO2 SLP168 T01720083 $,null
HSV,2023-12-08 20:53,63,47,55.85,180,8,0,30.03,1016.7,10,null,OVC,null,null,null,7500,null,null,null,null,null,null,null,null,null,null,63,KHSV 082053Z 18008KT 10SM OVC075 17/08 A3003 RMK AO2 SLP167 T01720083 56015 $,null
HSV,2023-12-08 21:53,61,48,62.23,170,7,0,30.03,1016.8,10,null,SCT,BKN,null,null,7500,12000,null,null,null,null,null,null,null,null,null,61,KHSV 082153Z 17007KT 10SM SCT075 BKN120 16/09 A3003 RMK AO2 SLP168 T01610089 $,null
HSV,2023-12-08 22:53,59,48,66.83,140,6,0,30.03,1016.9,10,null,BKN,null,null,null,12000,null,null,null,null,null,null,null,null,null,null,59,KHSV 082253Z 14006KT 10SM BKN120 15/09 A3003 RMK AO2 SLP169 T01500089 $,null
HSV,2023-12-08 23:53,59,48,66.83,110,7,0,30.04,1017.2,10,null,SCT,BKN,null,null,9500,12000,null,null,null,null,null,null,null,null,null,59,KHSV 082353Z 11007KT 10SM SCT095 BKN120 15/09 A3004 RMK AO2 SLP172 T01500089 10178 20139 53003 $,null
HSV,2023-12-09 0:53,60,48,64.49,160,10,0,30.05,1017.5,10,null,BKN,null,null,null,7500,null,null,null,null,null,null,null,null,null,null,60,KHSV 090053Z 16010KT 10SM BKN075 16/09 A3005 RMK AO2 SLP175 T01560089 $,null
HSV,2023-12-09 1:53,59,51,74.74,150,9,T,30.06,1017.7,10,null,FEW,SCT,BKN,null,6000,9000,13000,null,#NAME?,null,null,null,null,null,null,59,KHSV 090153Z 15009KT 10SM -RA FEW060 SCT090 BKN130 15/11 A3006 RMK AO2 RAB37 SLP177 P0000 T01500106 $,null
HSV,2023-12-09 2:53,58,51,77.47,160,8,T,30.05,1017.5,10,null,BKN,BKN,OVC,null,3400,8000,11000,null,null,null,null,null,null,null,null,58,KHSV 090253Z 16008KT 10SM BKN034 BKN080 OVC110 14/11 A3005 RMK AO2 RAE19 SLP175 P0000 60000 T01440106 50005 $,null
HSV,2023-12-09 3:53,58,51,77.47,160,9,0,30.05,1017.2,10,null,SCT,BKN,OVC,null,3400,7500,10000,null,null,null,null,null,null,null,null,58,KHSV 090353Z 16009KT 10SM SCT034 BKN075 OVC100 14/11 A3005 RMK AO2 SLP172 T01440106 $,null
HSV,2023-12-09 4:53,59,51,74.74,170,13,0,30.04,1016.8,10,null,BKN,BKN,null,null,7000,10000,null,null,null,null,null,null,null,null,null,59,KHSV 090453Z 17013KT 10SM BKN070 BKN100 15/11 A3004 RMK AO2 SLP168 T01500106 $,null
HSV,2023-12-09 5:53,59,52,77.55,160,10,0,30.03,1016.7,10,null,BKN,OVC,null,null,2700,3900,null,null,null,null,null,null,null,null,null,59,KHSV 090553Z 16010KT 10SM BKN027 OVC039 15/11 A3003 RMK AO2 SLP167 60000 T01500111 10156 20144 401780039 56007 $,null
HSV,2023-12-09 6:53,59,52,77.55,160,10,T,30.01,1015.9,10,null,BKN,BKN,OVC,null,1800,2700,4200,null,null,null,null,null,null,null,null,59,KHSV 090653Z AUTO 16010KT 10SM BKN018 BKN027 OVC042 15/11 A3001 RMK AO2 RAB18E30 SLP159 P0000 T01500111 $,null
HSV,2023-12-09 7:53,58,54,86.51,170,13,T,30,1015.6,10,21,FEW,BKN,OVC,null,1700,3000,3500,null,null,null,null,null,null,null,null,58,KHSV 090753Z AUTO 17013G21KT 10SM FEW017 BKN030 OVC035 14/12 A3000 RMK AO2 LTG DSNT N RAB36E47 SLP156 P0000 T01440122 $,null
HSV,2023-12-09 8:14,58,54,86.51,180,11,0,30,null,10,null,BKN,BKN,OVC,null,1800,2300,3600,null,null,null,null,null,null,null,null,58,KHSV 090814Z AUTO 18011KT 10SM BKN018 BKN023 OVC036 14/12 A3000 RMK AO2 LTG DSNT N AND NE T01440122 $,null
HSV,2023-12-09 8:31,58,55,89.72,180,7,0.03,30.01,null,4,null,BKN,OVC,null,null,1300,2100,null,null,#NAME?,null,null,null,null,null,null,58,KHSV 090831Z AUTO 18007KT 4SM +RA BR BKN013 OVC021 14/13 A3001 RMK AO2 RAB20 P0003 T01440128 $,null
HSV,2023-12-09 8:53,57,55,93.01,190,6,0.06,30.01,1016,8,null,OVC,null,null,null,1300,null,null,null,#NAME?,null,null,null,null,null,null,57,KHSV 090853Z AUTO 19006KT 8SM -TSRA OVC013 14/13 A3001 RMK AO2 RAB20 TSB52 SLP160 P0006 60006 T01390128 53001 $,null
HSV,2023-12-09 9:06,57,56,96.45,160,6,0.09,30.01,null,2,null,BKN,OVC,null,null,1000,1600,null,null,#NAME?,null,null,null,null,null,null,57,KHSV 090906Z AUTO 16006KT 2SM +TSRA BR BKN010 OVC016 14/13 A3001 RMK AO2 VIS 1V3 LTG DSNT E P0009 T01390133 $,null
HSV,2023-12-09 9:09,57,55,93.01,160,7,0.1,30.01,null,3,null,SCT,OVC,null,null,1000,1600,null,null,#NAME?,null,null,null,null,null,null,57,KHSV 090909Z AUTO 16007KT 3SM +RA BR SCT010 OVC016 14/13 A3001 RMK AO2 LTG DSNT E TSE07 P0010 T01390128 $,null
HSV,2023-12-09 9:14,57,55,93.01,160,5,0.12,30.01,null,4,null,SCT,BKN,OVC,null,900,1400,2900,null,#NAME?,null,null,null,null,null,null,57,KHSV 090914Z AUTO 16005KT 4SM -RA BR SCT009 BKN014 OVC029 14/13 A3001 RMK AO2 TSE07 P0012 T01390128 $,null
HSV,2023-12-09 9:29,57,56,96.45,0,0,0.13,30.01,null,5,null,BKN,BKN,OVC,null,900,1500,2900,null,#NAME?,null,null,null,null,null,null,57,KHSV 090929Z AUTO 00000KT 5SM +RA BR BKN009 BKN015 OVC029 14/13 A3001 RMK AO2 LTG DSNT E TSE07 CIG 005V012 P0013 T01390133 $,null
HSV,2023-12-09 9:37,57,56,96.45,170,4,0.16,30.01,null,2.5,null,BKN,OVC,null,null,700,3000,null,null,#NAME?,null,null,null,null,null,null,57,KHSV 090937Z AUTO 17004KT 2 1/2SM +RA BR BKN007 OVC030 14/13 A3001 RMK AO2 VIS 1 3/4V4 LTG DSNT E TSE07 CIG 004V012 P0016 T01390133 $,null
HSV,2023-12-09 9:49,57.2,55.4,93.69,160,4,0.22,30.01,null,6,null,BKN,OVC,null,null,700,1200,null,null,#NAME?,null,null,null,null,null,null,57.2,KHSV 090949Z AUTO 16004KT 6SM -RA BR BKN007 OVC012 14/13 A3001 RMK AO2 TSE07 CIG 004V010 P0022 $,null
HSV,2023-12-09 9:53,57,56,96.45,0,0,0.22,30.01,1015.9,9,null,OVC,null,null,null,700,null,null,null,#NAME?,null,null,null,null,null,null,57,KHSV 090953Z AUTO 00000KT 9SM -RA OVC007 14/13 A3001 RMK AO2 TSE07 CIG 004V010 SLP159 P0022 T01390133 $,null
HSV,2023-12-09 10:53,58,56,93.04,140,6,T,30.01,1015.7,10,null,BKN,OVC,null,null,1100,1600,null,null,null,null,null,null,null,null,null,58,KHSV 091053Z AUTO 14006KT 10SM BKN011 OVC016 14/13 A3001 RMK AO2 RAE0958 SLP157 P0000 T01440133 $,null
HSV,2023-12-09 11:53,58,56,93.04,150,6,0,30.03,1016.5,10,null,BKN,BKN,OVC,null,1100,1800,5500,null,null,null,null,null,null,null,null,58,KHSV 091153Z 15006KT 10SM BKN011 BKN018 OVC055 14/13 A3003 RMK AO2 SLP165 60028 70028 T01440133 10150 20139 53006 $,null
HSV,2023-12-09 12:14,58,57,96.46,160,3,0,30.04,null,10,null,FEW,BKN,OVC,null,1100,1800,5500,null,null,null,null,null,null,null,null,58,KHSV 091214Z 16003KT 10SM FEW011 BKN018 OVC055 14/14 A3004 RMK AO2 T01440139 $,null
HSV,2023-12-09 12:34,59,57,93.07,170,4,0,30.05,null,10,null,OVC,null,null,null,1400,null,null,null,null,null,null,null,null,null,null,59,KHSV 091234Z 17004KT 10SM OVC014 15/14 A3005 RMK AO2 T01500139 $,null
HSV,2023-12-09 12:53,60,58,93.1,170,3,0,30.05,1017.3,10,null,OVC,null,null,null,1200,null,null,null,null,null,null,null,null,null,null,60,KHSV 091253Z 17003KT 10SM OVC012 16/14 A3005 RMK AO2 SLP173 T01560144 $,null
HSV,2023-12-09 13:27,61,59,93.12,160,7,0,30.05,null,10,null,SCT,OVC,null,null,1200,2100,null,null,null,null,null,null,null,null,null,61,KHSV 091327Z 16007KT 10SM SCT012 OVC021 16/15 A3005 RMK AO2 T01610150 $,null
HSV,2023-12-09 13:53,62,59,89.89,170,9,0,30.06,1017.6,10,null,BKN,OVC,null,null,1400,2100,null,null,null,null,null,null,null,null,null,62,KHSV 091353Z 17009KT 10SM BKN014 OVC021 17/15 A3006 RMK AO2 SLP176 T01670150 $,null
HSV,2023-12-09 14:48,64.4,60.8,88.09,190,7,0,30.07,null,10,null,BKN,OVC,null,null,1500,2000,null,null,null,null,null,null,null,null,null,64.4,KHSV 091448Z 19007KT 10SM BKN015 OVC020 18/16 A3007 RMK AO2 $,null
HSV,2023-12-09 14:53,64,60,86.83,180,10,0,30.07,1017.9,10,null,FEW,OVC,null,null,1100,1700,null,null,null,null,null,null,null,null,null,64,KHSV 091453Z 18010KT 10SM FEW011 OVC017 18/16 A3007 RMK AO2 SLP179 T01780156 51006 $,null
HSV,2023-12-09 15:53,65,60,83.84,210,10,0,30.07,1017.9,10,null,OVC,null,null,null,1700,null,null,null,null,null,null,null,null,null,null,65,KHSV 091553Z 21010KT 10SM OVC017 18/16 A3007 RMK AO2 SLP179 T01830156 $,null
HSV,2023-12-09 16:53,68,61,78.3,200,15,0,30.04,1017,10,null,SCT,BKN,BKN,null,1900,2500,8500,null,null,null,null,null,null,null,null,68,KHSV 091653Z 20015KT 10SM SCT019 BKN025 BKN085 20/16 A3004 RMK AO2 SLP170 T02000161 $,null
HSV,2023-12-09 17:02,69,61,75.66,190,15,0,30.04,null,10,22,SCT,SCT,null,null,1900,8500,null,null,null,null,null,null,null,null,null,69,KHSV 091702Z 19015G22KT 10SM SCT019 SCT085 21/16 A3004 RMK AO2 T02060161 $,null
HSV,2023-12-09 17:53,70,59,68.09,190,17,0,30,1015.6,10,26,SCT,null,null,null,8000,null,null,null,null,null,null,null,27,180,2023-12-09 17:16,70,KHSV 091753Z 19017G26KT 10SM SCT080 21/15 A3000 RMK AO2 PK WND 18027/1716 SLP156 T02110150 10211 20144 58022 $,null
HSV,2023-12-09 18:53,70,59,68.09,210,14,0,29.98,1014.9,10,23,FEW,SCT,BKN,null,3000,7500,9000,null,null,null,null,null,26,200,2023-12-09 18:35,70,KHSV 091853Z 21014G23KT 10SM FEW030 SCT075 BKN090 21/15 A2998 RMK AO2 PK WND 20026/1835 SLP149 T02110150 $,null
HSV,2023-12-09 19:53,71,59,65.81,200,14,0,29.97,1014.5,10,22,FEW,BKN,OVC,null,3100,6500,8500,null,null,null,null,null,null,null,null,71,KHSV 091953Z 20014G22KT 10SM FEW031 BKN065 OVC085 22/15 A2997 RMK AO2 SLP145 T02170150 $,null
HSV,2023-12-09 20:53,70,60,70.56,190,12,0,29.97,1014.3,10,null,FEW,BKN,BKN,null,4300,6000,8000,null,null,null,null,null,null,null,null,70,KHSV 092053Z 19012KT 10SM FEW043 BKN060 BKN080 21/16 A2997 RMK AO2 SLP143 T02110156 56012 $,null
HSV,2023-12-09 21:53,70,60,70.56,180,15,0,29.96,1014.1,10,null,SCT,SCT,null,null,4100,4800,null,null,null,null,null,null,null,null,null,70,KHSV 092153Z 18015KT 10SM SCT041 SCT048 21/16 A2996 RMK AO2 SLP141 T02110156 $,null
HSV,2023-12-09 22:53,68,59,72.92,180,8,0,29.96,1014.1,10,null,BKN,BKN,null,null,4900,6000,null,null,null,null,null,null,null,null,null,68,KHSV 092253Z 18008KT 10SM BKN049 BKN060 20/15 A2996 RMK AO2 SLP141 T02000150 $,null
HSV,2023-12-09 23:53,67,60,78.22,170,10,0,29.97,1014.3,10,null,FEW,BKN,null,null,7000,9000,null,null,null,null,null,null,null,null,null,67,KHSV 092353Z 17010KT 10SM FEW070 BKN090 19/16 A2997 RMK AO2 SLP143 T01940156 10217 20189 55000 $,null
HSV,2023-12-10 0:53,67,61,81.05,180,12,0,29.95,1013.7,10,null,SCT,SCT,null,null,5000,9000,null,null,null,null,null,null,null,null,null,67,KHSV 100053Z 18012KT 10SM SCT050 SCT090 19/16 A2995 RMK AO2 SLP137 T01940161 $,null
HSV,2023-12-10 1:53,66,62,86.93,160,10,T,29.95,1013.6,10,null,SCT,SCT,BKN,null,2100,9000,16000,null,null,null,null,null,null,null,null,66,KHSV 100153Z 16010KT 10SM SCT021 SCT090 BKN160 19/17 A2995 RMK AO2 RAB24E34 SLP136 P0000 T01890167 $,null
HSV,2023-12-10 2:22,66,62,86.93,180,8,0,29.93,null,10,null,FEW,SCT,SCT,BKN,4000,10000,12000,16000,TS,null,null,null,null,null,null,66,KHSV 100222Z 18008KT 10SM TS FEW040CB SCT100 SCT120 BKN160 19/17 A2993 RMK AO2 TSB22 OCNL LTGICCG S TS S MOV NE T01890167 $,null
HSV,2023-12-10 2:53,65,55,70.03,320,10,0,29.95,1013.7,10,18,FEW,BKN,BKN,null,1700,3800,5500,null,TS,null,null,null,null,null,null,65,KHSV 100253Z 32010G18KT 10SM TS FEW017 BKN038CB BKN055 18/13 A2995 RMK AO2 TSB22E48B50 SLP137 OCNL LTGICCG W TS W MOV NE 60000 T01830128 55006 $,null
HSV,2023-12-10 3:23,60,57,89.8,300,9,0.08,29.95,null,1.75,17,FEW,OVC,null,null,3000,4200,null,null,#NAME?,null,null,null,null,null,null,60,KHSV 100323Z 30009G17KT 1 3/4SM +TSRA BR FEW030CB OVC042 16/14 A2995 RMK AO2 RAB01 FRQ LTGICCG SW TS SW MOV NE P0008 T01560139 $,null
HSV,2023-12-10 3:27,60,57,89.8,310,10,0.11,29.94,null,3,null,FEW,OVC,null,null,3000,4200,null,null,#NAME?,null,null,null,null,null,null,60,KHSV 100327Z 31010KT 3SM +TSRA BR FEW030CB OVC042 16/14 A2994 RMK AO2 RAB01 FRQ LTGICCG SW TS SW MOV NE P0011 T01560139 $,null
HSV,2023-12-10 3:40,59,58,96.48,270,11,0.19,29.95,null,1.75,21,FEW,OVC,null,null,3000,4200,null,null,#NAME?,null,null,null,null,null,null,59,KHSV 100340Z 27011G21KT 1 3/4SM +TSRA BR FEW030CB OVC042 15/14 A2995 RMK AO2 RAB01 OCNL LTGICCG N AND S TS N AND S MOV NE P0019 T01500144 $,null
HSV,2023-12-10 3:51,59,57.2,93.74,240,5,0.32,29.94,null,3,null,BKN,OVC,null,null,3500,4900,null,null,TSRA BR,null,null,null,null,null,null,59,KHSV 100351Z 24005KT 3SM TSRA BR BKN035CB OVC049 15/14 A2994 RMK AO2 RAB01 OCNL LTGICCG NE TS NE MOV NE P0032 $,null
HSV,2023-12-10 3:53,59,58,96.48,220,4,0.33,29.94,1013.3,3,null,SCT,BKN,OVC,null,3700,4900,7000,null,TSRA BR,null,null,null,null,null,null,59,KHSV 100353Z 22004KT 3SM TSRA BR SCT037CB BKN049 OVC070 15/14 A2994 RMK AO2 RAB01 SLP133 OCNL LTGICCG NE TS NE MOV NE P0033 T01500144 $,null
HSV,2023-12-10 4:00,59,58,96.48,0,0,T,29.94,null,9,null,FEW,BKN,OVC,null,700,3700,7000,null,#NAME?,null,null,null,null,null,null,59,KHSV 100400Z 00000KT 9SM -TSRA FEW007 BKN037CB OVC070 15/14 A2994 RMK AO2 OCNL LTGICCG E TS E MOV NE P0000 T01500144 $,null
HSV,2023-12-10 4:09,59,57,93.07,210,3,0.01,29.94,null,10,null,BKN,BKN,OVC,null,700,3900,10000,null,#NAME?,null,null,null,null,null,null,59,KHSV 100409Z 21003KT 10SM -RA BKN007 BKN039 OVC100 15/14 A2994 RMK AO2 TSE08 P0001 T01500139 $,null
HSV,2023-12-10 4:53,59,58,96.48,270,4,0.05,29.96,1014.1,5,null,BKN,OVC,null,null,900,1800,null,null,#NAME?,null,null,null,null,null,null,59,KHSV 100453Z 27004KT 5SM -RA BR BKN009 OVC018 15/14 A2996 RMK AO2 TSE08 SLP141 P0005 T01500144 $,null
HSV,2023-12-10 5:11,59,58,96.48,0,0,0.03,29.95,null,5,null,SCT,OVC,null,null,1100,1800,null,null,RA BR,null,null,null,null,null,null,59,KHSV 100511Z 00000KT 5SM RA BR SCT011 OVC018 15/14 A2995 RMK AO2 P0003 T01500144 $,null
HSV,2023-12-10 5:29,59,58,96.48,260,3,0.06,29.95,null,6,null,BKN,BKN,OVC,null,1400,3900,9500,null,#NAME?,null,null,null,null,null,null,59,KHSV 100529Z 26003KT 6SM -RA BR BKN014 BKN039 OVC095 15/14 A2995 RMK AO2 P0006 T01500144 $,null
HSV,2023-12-10 5:38,59,58,96.48,0,0,0.07,29.94,null,8,null,SCT,BKN,OVC,null,1600,7500,9500,null,#NAME?,null,null,null,null,null,null,59,KHSV 100538Z 00000KT 8SM -RA SCT016 BKN075 OVC095 15/14 A2994 RMK AO2 P0007 T01500144 $,null
HSV,2023-12-10 5:53,58,57,96.46,270,5,0.08,29.96,1014.1,8,null,BKN,BKN,OVC,null,1700,2700,9500,null,RA,null,null,null,null,null,null,58,KHSV 100553Z 27005KT 8SM RA BKN017 BKN027 OVC095 14/14 A2996 RMK AO2 SLP141 P0008 60046 T01440139 10194 20144 402170139 53004 $,null
HSV,2023-12-10 6:09,58,57,96.46,280,6,0.02,29.98,null,7,null,SCT,BKN,OVC,null,900,1200,1800,null,RA,null,null,null,null,null,null,58,KHSV 100609Z AUTO 28006KT 7SM RA SCT009 BKN012 OVC018 14/14 A2998 RMK AO2 LTG DSNT S-W P0002 T01440139 $,null
HSV,2023-12-10 6:23,58,57,96.46,310,11,0.04,29.99,null,7,20,SCT,BKN,OVC,null,700,1400,2000,null,VCTS -RA,null,null,null,null,null,null,58,KHSV 100623Z AUTO 31011G20KT 7SM VCTS -RA SCT007 BKN014 OVC020 14/14 A2999 RMK AO2 LTG DSNT SW TSE17 P0004 T01440139 $,null
HSV,2023-12-10 6:31,56,56,100,360,20,0.06,29.98,null,5,27,BKN,BKN,OVC,null,700,1400,2000,null,VCTS +RA BR,null,null,null,27,10,2023-12-10 6:30,56,KHSV 100631Z AUTO 36020G27KT 5SM VCTS +RA BR BKN007 BKN014 OVC020 13/13 A2998 RMK AO2 PK WND 01027/0630 LTG DSNT SW TSE17 CIG 005V011 P0006 T01330133 $,null
HSV,2023-12-10 6:34,55,55,100,360,16,0.08,29.98,null,4,27,SCT,BKN,OVC,null,800,1400,2100,null,#NAME?,null,null,null,27,10,2023-12-10 6:30,55,KHSV 100634Z AUTO 36016G27KT 4SM +RA BR SCT008 BKN014 OVC021 13/13 A2998 RMK AO2 PK WND 01027/0630 WSHFT 0620 TSE17 P0008 T01280128 $,null
HSV,2023-12-10 6:49,53.6,null,null,10,12,0.15,29.98,null,6,19,FEW,BKN,OVC,null,900,4600,8500,null,VCTS +RA,null,null,null,27,10,2023-12-10 6:30,null,KHSV 100649Z AUTO 01012G19KT 6SM VCTS +RA FEW009 BKN046 OVC085 12/ A2998 RMK AO2 PK WND 01027/0630 WSHFT 0620 LTG DSNT S TSE17 P0015 $,null
HSV,2023-12-10 6:53,52,null,null,10,14,0.17,29.97,1014.6,6,19,SCT,SCT,OVC,null,1200,4600,8500,null,VCTS RA,null,null,null,27,10,2023-12-10 6:30,null,KHSV 100653Z AUTO 01014G19KT 6SM VCTS RA SCT012 SCT046 OVC085 11/ A2997 RMK AO2 PK WND 01027/0630 WSHFT 0620 LTG DSNT S TSE17 SLP146 P0017 T0111 $,null
HSV,2023-12-10 7:04,51,null,null,30,10,0.04,29.97,null,6,null,FEW,BKN,OVC,null,1300,7500,9000,null,#NAME?,null,null,null,null,null,null,null,KHSV 100704Z AUTO 03010KT 6SM +RA FEW013 BKN075 OVC090 11/ A2997 RMK AO2 LTG DSNT SE P0004 T0106 $,null
HSV,2023-12-10 7:24,51,null,null,350,8,0.08,29.99,null,10,null,BKN,OVC,null,null,2500,7500,null,null,#NAME?,null,null,null,null,null,null,null,KHSV 100724Z AUTO 35008KT 10SM -RA BKN025 OVC075 11/ A2999 RMK AO2 LTG DSNT E P0008 T0106 $,null
HSV,2023-12-10 7:39,51,null,null,20,9,0.09,29.98,null,9,null,SCT,BKN,OVC,null,2600,6000,9000,null,RA,null,null,null,null,null,null,null,KHSV 100739Z AUTO 02009KT 9SM RA SCT026 BKN060 OVC090 11/ A2998 RMK AO2 P0009 T0106 $,null
HSV,2023-12-10 7:53,51,null,null,40,11,0.12,29.97,1014.6,6,null,OVC,null,null,null,8500,null,null,null,#NAME?,null,null,null,null,null,null,null,KHSV 100753Z AUTO 04011KT 6SM +RA OVC085 11/ A2997 RMK AO2 SLP146 P0012 T0106 $,null
HSV,2023-12-10 8:23,49,null,null,10,13,0.06,29.96,null,10,null,BKN,OVC,null,null,2800,7500,null,null,#NAME?,null,null,null,null,null,null,null,KHSV 100823Z AUTO 01013KT 10SM -RA BKN028 OVC075 09/ A2996 RMK AO2 P0006 T0094 $,null
HSV,2023-12-10 8:53,50,null,null,10,10,0.06,29.97,1014.6,10,null,OVC,null,null,null,3000,null,null,null,null,null,null,null,null,null,null,null,KHSV 100853Z AUTO 01010KT 10SM OVC030 10/ A2997 RMK AO2 RAE26 SLP146 P0006 60035 T0100 55001 $,null
HSV,2023-12-10 9:53,49,null,null,40,5,0.01,29.97,1014.5,10,null,BKN,OVC,null,null,4200,5500,null,null,#NAME?,null,null,null,null,null,null,null,KHSV 100953Z AUTO 04005KT 10SM -RA BKN042 OVC055 09/ A2997 RMK AO2 RAB21 SLP145 P0001 T0094 $,null
HSV,2023-12-10 10:53,49,null,null,350,8,0.01,29.99,1015.1,10,null,OVC,null,null,null,7000,null,null,null,#NAME?,null,null,null,null,null,null,null,KHSV 101053Z AUTO 35008KT 10SM -RA OVC070 09/ A2999 RMK AO2 RAE18B39 SLP151 P0001 T0094 $,null
HSV,2023-12-10 11:36,50,null,null,340,6,T,29.98,null,10,null,FEW,BKN,OVC,null,1100,2000,8000,null,null,null,null,null,null,null,null,null,KHSV 101136Z AUTO 34006KT 10SM FEW011 BKN020 OVC080 10/ A2998 RMK AO2 RAE1057 P0000 T0100 $,null
HSV,2023-12-10 11:53,50,48,92.8,350,5,T,29.97,1014.6,10,null,FEW,BKN,OVC,null,1200,1900,8000,null,#NAME?,null,null,null,null,null,null,50,KHSV 101153Z 35005KT 10SM -RA FEW012 BKN019 OVC080 10/09 A2997 RMK AO2 RAE1057B41 SLP146 P0000 60037 70083 T01000089 10144 20094 58000 $,null
HSV,2023-12-10 12:33,48,46,92.74,330,13,0.02,29.99,null,10,21,BKN,OVC,null,null,1400,2100,null,null,#NAME?,null,null,null,null,null,null,42.07,KHSV 101233Z 33013G21KT 10SM -RA BKN014 OVC021 09/08 A2999 RMK AO2 P0002 T00890078 $,null
HSV,2023-12-10 12:53,47,45,92.71,330,13,0.02,30,1015.7,10,21,OVC,null,null,null,1400,null,null,null,null,null,null,null,null,null,null,40.79,KHSV 101253Z 33013G21KT 10SM OVC014 08/07 A3000 RMK AO2 RAE37 SLP157 P0002 T00830072 $,null
HSV,2023-12-10 13:00,46,43,89.2,340,13,0,30,null,10,21,OVC,null,null,null,1600,null,null,null,null,null,null,null,null,null,null,39.5,KHSV 101300Z 34013G21KT 10SM OVC016 08/06 A3000 RMK AO2 T00780061 $,null
HSV,2023-12-10 13:53,46,44,92.68,350,11,0,30.01,1016,10,18,OVC,null,null,null,2000,null,null,null,null,null,null,null,null,null,null,40.16,KHSV 101353Z 35011G18KT 10SM OVC020 08/07 A3001 RMK AO2 SLP160 T00780067 $,null
HSV,2023-12-10 14:53,45,42,89.15,340,8,0,30.04,1016.9,10,null,OVC,null,null,null,1600,null,null,null,null,null,null,null,null,null,null,40.13,KHSV 101453Z 34008KT 10SM OVC016 07/06 A3004 RMK AO2 SLP169 BINOVC 60002 T00720056 51021 $,null
HSV,2023-12-10 15:11,46,42,85.83,360,10,0,30.03,null,10,null,SCT,BKN,null,null,1700,15000,null,null,null,null,null,null,null,null,null,40.52,KHSV 101511Z 36010KT 10SM SCT017 BKN150 08/06 A3003 RMK AO2 T00780056 $,null
HSV,2023-12-10 15:53,47,40,76.49,360,14,0,30.03,1016.7,10,19,FEW,FEW,null,null,2000,16000,null,null,null,null,null,null,null,null,null,40.5,KHSV 101553Z 36014G19KT 10SM FEW020 FEW160 08/04 A3003 RMK AO2 SLP167 T00830044 $,null
HSV,2023-12-10 16:53,49,40,70.96,350,10,0,30.03,1016.7,10,null,FEW,null,null,null,3000,null,null,null,null,null,null,null,null,null,null,44.29,KHSV 101653Z 35010KT 10SM FEW030 09/04 A3003 RMK AO2 SLP167 T00940044 $,null
HSV,2023-12-10 17:53,49,37,63.1,360,11,0,30.01,1015.9,10,null,SCT,null,null,null,3000,null,null,null,null,null,null,null,null,null,null,43.95,KHSV 101753Z 36011KT 10SM SCT030 09/03 A3001 RMK AO2 SLP159 60002 T00940028 10100 20072 58010 $,null
HSV,2023-12-10 18:53,49,35,58.3,340,12,0,30,1015.8,10,null,FEW,SCT,null,null,4000,18000,null,null,null,null,null,null,null,null,null,43.64,KHSV 101853Z 34012KT 10SM FEW040 SCT180 09/02 A3000 RMK AO2 SLP158 T00940017 $,null
HSV,2023-12-10 19:53,51,34,52,320,13,0,30.01,1016,10,null,SCT,null,null,null,17000,null,null,null,null,null,null,null,null,null,null,51,KHSV 101953Z 32013KT 10SM SCT170 11/01 A3001 RMK AO2 SLP160 T01060011 $,null
HSV,2023-12-10 20:53,50,33,51.85,310,9,0,30.02,1016.4,10,null,FEW,FEW,null,null,13000,17000,null,null,null,null,null,null,null,null,null,50,KHSV 102053Z 31009KT 10SM FEW130 FEW170 10/01 A3002 RMK AO2 SLP164 T01000006 53003 $,null
HSV,2023-12-10 21:53,47,31,53.52,330,13,0,30.03,1017,10,22,CLR,null,null,null,null,null,null,null,null,null,null,null,null,null,null,40.79,KHSV 102153Z 33013G22KT 10SM CLR 08/M01 A3003 RMK AO2 SLP170 T00831006 $,null
HSV,2023-12-10 22:53,44,31,59.97,330,10,0,30.07,1018.1,10,null,CLR,null,null,null,null,null,null,null,null,null,null,null,null,null,null,38.02,KHSV 102253Z 33010KT 10SM CLR 07/M01 A3007 RMK AO2 SLP181 T00671006 $,null
HSV,2023-12-10 23:53,42,31,64.75,330,7,0,30.09,1019.1,10,null,CLR,null,null,null,null,null,null,null,null,null,null,null,null,null,null,36.97,KHSV 102353Z 33007KT 10SM CLR 06/M01 A3009 RMK AO2 SLP191 T00561006 10106 20056 53025 $,null
HSV,2023-12-11 0:53,40,31,69.97,340,10,0,30.1,1019.3,10,null,CLR,null,null,null,null,null,null,null,null,null,null,null,null,null,null,33,KHSV 110053Z 34010KT 10SM CLR 04/M01 A3010 RMK AO2 SLP193 T00441006 $,null
HSV,2023-12-11 1:53,39,31,72.75,340,9,0,30.11,1019.6,10,null,FEW,null,null,null,2800,null,null,null,null,null,null,null,null,null,null,32.22,KHSV 110153Z 34009KT 10SM FEW028 04/M01 A3011 RMK AO2 SLP196 T00391006 $,null
HSV,2023-12-11 2:53,37,31,78.69,330,4,0,30.1,1019.4,10,null,FEW,null,null,null,2700,null,null,null,null,null,null,null,null,null,null,33.26,KHSV 110253Z 33004KT 10SM FEW027 03/M01 A3010 RMK AO2 SLP194 T00281006 50002 $,null
HSV,2023-12-11 3:53,35,31,85.17,340,4,0,30.1,1019.4,10,null,CLR,null,null,null,null,null,null,null,null,null,null,null,null,null,null,30.92,KHSV 110353Z 34004KT 10SM CLR 02/M01 A3010 RMK AO2 SLP194 T00171006 $,null
HSV,2023-12-11 4:53,34,30,85.11,0,0,0,30.1,1019.3,10,null,CLR,null,null,null,null,null,null,null,null,null,null,null,null,null,null,34,KHSV 110453Z 00000KT 10SM CLR 01/M01 A3010 RMK AO2 SLP193 T00111011 $,null
HSV,2023-12-11 5:53,33,30,88.58,300,3,0,30.1,1019.5,10,null,CLR,null,null,null,null,null,null,null,null,null,null,null,null,null,null,29.83,KHSV 110553Z 30003KT 10SM CLR 01/M01 A3010 RMK AO2 SLP195 T00061011 10056 20000 401440000 53001 $,null
HSV,2023-12-11 6:53,32,30,92.22,330,4,0,30.13,1020.3,10,null,CLR,null,null,null,null,null,null,null,null,null,null,null,null,null,null,27.42,KHSV 110653Z AUTO 33004KT 10SM CLR 00/M01 A3013 RMK AO2 SLP203 T00001011 FZRANO $,null
HSV,2023-12-11 7:53,32,30,92.22,320,3,0,30.15,1021.2,10,null,CLR,null,null,null,null,null,null,null,null,null,null,null,null,null,null,28.69,KHSV 110753Z AUTO 32003KT 10SM CLR 00/M01 A3015 RMK AO2 SLP212 T00001011 FZRANO $,null
HSV,2023-12-11 8:53,31,30,96.02,320,3,0,30.17,1021.7,10,null,CLR,null,null,null,null,null,null,null,null,null,null,null,null,null,null,27.55,KHSV 110853Z AUTO 32003KT 10SM CLR M01/M01 A3017 RMK AO2 SLP217 T10061011 51021 FZRANO $,null
HSV,2023-12-11 9:41,30,30,100,300,4,0,30.18,null,10,null,BKN,null,null,null,2800,null,null,null,null,null,null,null,null,null,null,25.08,KHSV 110941Z AUTO 30004KT 10SM BKN028 M01/M01 A3018 RMK AO2 T10111011 FZRANO $,null
HSV,2023-12-11 9:49,30.2,30.2,100,320,4,0,30.18,null,10,null,SCT,null,null,null,2800,null,null,null,null,null,null,null,null,null,null,25.32,KHSV 110949Z AUTO 32004KT 10SM SCT028 M01/M01 A3018 RMK AO2 FZRANO $,null
HSV,2023-12-11 9:53,30,30,100,320,4,0,30.19,1022.4,10,null,SCT,null,null,null,2800,null,null,null,null,null,null,null,null,null,null,25.08,KHSV 110953Z AUTO 32004KT 10SM SCT028 M01/M01 A3019 RMK AO2 SLP224 T10111011 FZRANO $,null
HSV,2023-12-11 10:53,30,30,100,330,5,0,30.21,1023.1,10,null,CLR,null,null,null,null,null,null,null,null,null,null,null,null,null,null,24.02,KHSV 111053Z AUTO 33005KT 10SM CLR M01/M01 A3021 RMK AO2 SLP231 T10111011 FZRANO $,null
HSV,2023-12-11 11:53,29,29,100,330,3,0,30.23,1023.8,10,null,CLR,null,null,null,null,null,null,null,null,null,null,null,null,null,null,25.26,KHSV 111153Z 33003KT 10SM CLR M02/M02 A3023 RMK AO2 SLP238 70002 T10171017 10006 21017 53015 $,null
HSV,2023-12-11 12:53,29,28,95.99,0,0,0,30.24,1024.3,10,null,CLR,null,null,null,null,null,null,null,null,null,null,null,null,null,null,29,KHSV 111253Z 00000KT 10SM CLR M02/M02 A3024 RMK AO2 SLP243 T10171022 $,null
HSV,2023-12-11 13:53,34,30,85.11,0,0,0,30.26,1025,10,null,CLR,null,null,null,null,null,null,null,null,null,null,null,null,null,null,34,KHSV 111353Z 00000KT 10SM CLR 01/M01 A3026 RMK AO2 SLP250 T00111011 $,null
HSV,2023-12-11 14:53,39,33,78.86,10,5,0,30.28,1025.6,10,null,CLR,null,null,null,null,null,null,null,null,null,null,null,null,null,null,34.71,KHSV 111453Z 01005KT 10SM CLR 04/01 A3028 RMK AO2 SLP256 T00390006 53018 $,null
HSV,2023-12-11 15:53,42,28,57.3,20,5,0,30.29,1025.8,10,null,CLR,null,null,null,null,null,null,null,null,null,null,null,null,null,null,38.27,KHSV 111553Z 02005KT 10SM CLR 06/M02 A3029 RMK AO2 SLP258 T00561022 $,null
HSV,2023-12-11 16:53,44,27,50.93,360,5,0,30.29,1025.8,10,null,CLR,null,null,null,null,null,null,null,null,null,null,null,null,null,null,40.65,KHSV 111653Z 36005KT 10SM CLR 07/M03 A3029 RMK AO2 SLP258 T00671028 $,null
HSV,2023-12-11 17:53,47,25,41.83,360,7,0,30.26,1024.9,10,null,CLR,null,null,null,null,null,null,null,null,null,null,null,null,null,null,43.06,KHSV 111753Z 36007KT 10SM CLR 08/M04 A3026 RMK AO2 SLP249 T00831039 10083 21028 58006 $,null
HSV,2023-12-11 18:53,48,24,38.64,340,6,0,30.25,1024.5,10,null,CLR,null,null,null,null,null,null,null,null,null,null,null,null,null,null,44.8,KHSV 111853Z 34006KT 10SM CLR 09/M04 A3025 RMK AO2 SLP245 T00891044 $,null
HSV,2023-12-11 19:53,49,23,35.69,null,3,0,30.25,1024.4,10,null,CLR,null,null,null,null,null,null,null,null,null,null,null,null,null,null,48.12,KHSV 111953Z VRB03KT 10SM CLR 09/M05 A3025 RMK AO2 SLP244 T00941050 $,null
HSV,2023-12-11 20:53,50,24,35.86,340,4,0,30.25,1024.6,10,null,CLR,null,null,null,null,null,null,null,null,null,null,null,null,null,null,50,KHSV 112053Z 34004KT 10SM CLR 10/M04 A3025 RMK AO2 SLP246 T01001044 55002 $,null
HSV,2023-12-11 21:53,49,24,37.22,300,3,0,30.26,1025,10,null,CLR,null,null,null,null,null,null,null,null,null,null,null,null,null,null,48.12,KHSV 112153Z 30003KT 10SM CLR 09/M04 A3026 RMK AO2 SLP250 T00941044 $,null
HSV,2023-12-11 22:53,46,24,41.67,0,0,0,30.28,1025.6,10,null,CLR,null,null,null,null,null,null,null,null,null,null,null,null,null,null,46,KHSV 112253Z 00000KT 10SM CLR 08/M04 A3028 RMK AO2 SLP256 T00781044 $,null
HSV,2023-12-11 23:53,41,26,54.84,260,4,0,30.3,1026.4,10,null,CLR,null,null,null,null,null,null,null,null,null,null,null,null,null,null,37.93,KHSV 112353Z 26004KT 10SM CLR 05/M03 A3030 RMK AO2 SLP264 T00501033 10100 20050 53016 $,null
HSV,2023-12-12 0:53,39,27,61.78,0,0,0,30.32,1027.1,10,null,CLR,null,null,null,null,null,null,null,null,null,null,null,null,null,null,39,KHSV 120053Z 00000KT 10SM CLR 04/M03 A3032 RMK AO2 SLP271 T00391028 $,null
HSV,2023-12-12 1:53,37,30,75.56,0,0,0,30.33,1027.3,10,null,CLR,null,null,null,null,null,null,null,null,null,null,null,null,null,null,37,KHSV 120153Z 00000KT 10SM CLR 03/M01 A3033 RMK AO2 SLP273 T00281011 $,null
HSV,2023-12-12 2:53,36,30,78.6,130,3,0,30.34,1027.8,10,null,CLR,null,null,null,null,null,null,null,null,null,null,null,null,null,null,33.26,KHSV 120253Z 13003KT 10SM CLR 02/M01 A3034 RMK AO2 SLP278 T00221011 51014 $,null
HSV,2023-12-12 3:53,34,30,85.11,100,3,0,30.35,1028,10,null,CLR,null,null,null,null,null,null,null,null,null,null,null,null,null,null,30.97,KHSV 120353Z 10003KT 10SM CLR 01/M01 A3035 RMK AO2 SLP280 T00111011 $,null
HSV,2023-12-12 4:53,34,29,81.71,90,4,0,30.36,1028.4,10,null,CLR,null,null,null,null,null,null,null,null,null,null,null,null,null,null,29.76,KHSV 120453Z 09004KT 10SM CLR 01/M02 A3036 RMK AO2 SLP284 T00111017 $,null
HSV,2023-12-12 5:53,32,28,84.98,90,5,0,30.38,1028.8,10,null,CLR,null,null,null,null,null,null,null,null,null,null,null,null,null,null,26.4,KHSV 120553Z 09005KT 10SM CLR 00/M02 A3038 RMK AO2 SLP288 T00001022 10056 20000 401001028 53011 $,null
HSV,2023-12-12 6:53,30,28,92.15,100,5,0,30.38,1028.9,10,null,CLR,null,null,null,null,null,null,null,null,null,null,null,null,null,null,24.02,KHSV 120653Z AUTO 10005KT 10SM CLR M01/M02 A3038 RMK AO2 SLP289 T10111022 FZRANO $,null
HSV,2023-12-12 7:53,32,29,88.53,80,5,0,30.39,1029.1,10,null,CLR,null,null,null,null,null,null,null,null,null,null,null,null,null,null,26.4,KHSV 120753Z AUTO 08005KT 10SM CLR 00/M02 A3039 RMK AO2 SLP291 T00001017 FZRANO $,null
HSV,2023-12-12 8:53,30,28,92.15,70,4,0,30.4,1029.5,10,null,CLR,null,null,null,null,null,null,null,null,null,null,null,null,null,null,25.08,KHSV 120853Z AUTO 07004KT 10SM CLR M01/M02 A3040 RMK AO2 SLP295 T10111022 53007 FZRANO $,null
HSV,2023-12-12 9:53,28,28,100,0,0,0,30.41,1030,10,null,CLR,null,null,null,null,null,null,null,null,null,null,null,null,null,null,28,KHSV 120953Z AUTO 00000KT 10SM CLR M02/M02 A3041 RMK AO2 SLP300 T10221022 FZRANO $,null
HSV,2023-12-12 10:53,30,29,96,0,0,0,30.43,1030.8,10,null,CLR,null,null,null,null,null,null,null,null,null,null,null,null,null,null,30,KHSV 121053Z AUTO 00000KT 10SM CLR M01/M02 A3043 RMK AO2 SLP308 T10111017 FZRANO $,null
HSV,2023-12-12 11:53,28,27,95.97,100,4,0,30.45,1031.6,10,null,CLR,null,null,null,null,null,null,null,null,null,null,null,null,null,null,22.75,KHSV 121153Z 10004KT 10SM CLR M02/M03 A3045 RMK AO2 SLP316 T10221028 10006 21022 53018 $,null
HSV,2023-12-12 12:53,28,27,95.97,100,4,0,30.47,1032.3,10,null,FEW,null,null,null,25000,null,null,null,null,null,null,null,null,null,null,22.75,KHSV 121253Z 10004KT 10SM FEW250 M02/M03 A3047 RMK AO2 SLP323 T10221028 $,null
HSV,2023-12-12 13:53,33,31,92.25,100,4,0,30.49,1032.9,10,null,FEW,null,null,null,25000,null,null,null,null,null,null,null,null,null,null,28.59,KHSV 121353Z 10004KT 10SM FEW250 01/M01 A3049 RMK AO2 SLP329 T00061006 $,null
HSV,2023-12-12 14:53,38,31,75.65,130,4,0,30.5,1033.3,10,null,FEW,null,null,null,25000,null,null,null,null,null,null,null,null,null,null,34.43,KHSV 121453Z 13004KT 10SM FEW250 03/M01 A3050 RMK AO2 SLP333 T00331006 51018 $,null
HSV,2023-12-12 15:53,44,31,59.97,130,4,0,30.51,1033.5,10,null,FEW,null,null,null,25000,null,null,null,null,null,null,null,null,null,null,41.43,KHSV 121553Z 13004KT 10SM FEW250 07/M01 A3051 RMK AO2 SLP335 T00671006 $,null
HSV,2023-12-12 16:53,50,30,45.93,0,0,0,30.5,1033.2,10,null,SCT,null,null,null,25000,null,null,null,null,null,null,null,null,null,null,50,KHSV 121653Z 00000KT 10SM SCT250 10/M01 A3050 RMK AO2 SLP332 T01001011 $,null
HSV,2023-12-12 17:53,55,29,36.69,0,0,0,30.48,1032.3,10,null,BKN,null,null,null,25000,null,null,null,null,null,null,null,null,null,null,55,KHSV 121753Z 00000KT 10SM BKN250 13/M02 A3048 RMK AO2 SLP323 T01281017 10128 21022 58008 $,null
HSV,2023-12-12 18:53,57,26,30.16,0,0,0,30.47,1031.8,10,null,BKN,null,null,null,25000,null,null,null,null,null,null,null,null,null,null,57,KHSV 121853Z 00000KT 10SM BKN250 14/M03 A3047 RMK AO2 SLP318 T01391033 $,null
HSV,2023-12-12 19:53,57,24,27.75,0,0,0,30.46,1031.5,10,null,BKN,null,null,null,25000,null,null,null,null,null,null,null,null,null,null,57,KHSV 121953Z 00000KT 10SM BKN250 14/M04 A3046 RMK AO2 SLP315 T01391044 $,null
HSV,2023-12-12 20:53,57,24,27.75,0,0,0,30.46,1031.7,10,null,BKN,null,null,null,25000,null,null,null,null,null,null,null,null,null,null,57,KHSV 122053Z 00000KT 10SM BKN250 14/M04 A3046 RMK AO2 SLP317 T01391044 55006 $,null
HSV,2023-12-12 21:53,56,23,27.59,0,0,0,30.47,1032.1,10,null,BKN,null,null,null,25000,null,null,null,null,null,null,null,null,null,null,56,KHSV 122153Z 00000KT 10SM BKN250 13/M05 A3047 RMK AO2 SLP321 T01331050 $,null
HSV,2023-12-12 22:53,51,26,37.55,0,0,0,30.49,1032.7,10,null,BKN,null,null,null,25000,null,null,null,null,null,null,null,null,null,null,51,KHSV 122253Z 00000KT 10SM BKN250 11/M03 A3049 RMK AO2 SLP327 T01061033 $,null
HSV,2023-12-12 23:53,46,28,49.18,0,0,0,30.52,1033.7,10,null,BKN,null,null,null,25000,null,null,null,null,null,null,null,null,null,null,46,KHSV 122353Z 00000KT 10SM BKN250 08/M02 A3052 RMK AO2 SLP337 T00781022 10139 20078 53018 $,null
HSV,2023-12-13 0:53,44,29,55.29,0,0,0,30.52,1033.9,10,null,BKN,null,null,null,25000,null,null,null,null,null,null,null,null,null,null,44,KHSV 130053Z 00000KT 10SM BKN250 07/M02 A3052 RMK AO2 SLP339 T00671017 $,null
HSV,2023-12-13 1:53,43,29,57.44,0,0,0,30.54,1034.6,10,null,SCT,null,null,null,25000,null,null,null,null,null,null,null,null,null,null,43,KHSV 130153Z 00000KT 10SM SCT250 06/M02 A3054 RMK AO2 SLP346 T00611017 $,null
HSV,2023-12-13 2:53,38,32,78.77,100,3,0,30.55,1035,10,null,SCT,null,null,null,25000,null,null,null,null,null,null,null,null,null,null,35.55,KHSV 130253Z 10003KT 10SM SCT250 03/00 A3055 RMK AO2 SLP350 T00330000 53012 $,null
HSV,2023-12-13 3:53,39,32,75.75,100,4,0,30.56,1035,10,null,FEW,null,null,null,25000,null,null,null,null,null,null,null,null,null,null,35.59,KHSV 130353Z 10004KT 10SM FEW250 04/00 A3056 RMK AO2 SLP350 T00390000 $,null
HSV,2023-12-13 4:53,37,30,75.56,110,4,0,30.55,1034.8,10,null,FEW,null,null,null,25000,null,null,null,null,null,null,null,null,null,null,33.26,KHSV 130453Z 11004KT 10SM FEW250 03/M01 A3055 RMK AO2 SLP348 T00281011 $,null
HSV,2023-12-13 5:53,36,31,81.86,120,4,0,30.54,1034.2,10,null,FEW,null,null,null,25000,null,null,null,null,null,null,null,null,null,null,32.09,KHSV 130553Z 12004KT 10SM FEW250 02/M01 A3054 RMK AO2 SLP342 T00221006 10089 20017 401391022 58006 $,null
HSV,2023-12-13 6:53,36,31,81.86,0,0,0,30.53,1033.8,10,null,CLR,null,null,null,null,null,null,null,null,null,null,null,null,null,null,36,KHSV 130653Z AUTO 00000KT 10SM CLR 02/M01 A3053 RMK AO2 SLP338 T00221006 FZRANO $,null
HSV,2023-12-13 7:53,35,31,85.17,60,3,0,30.53,1033.8,10,null,CLR,null,null,null,null,null,null,null,null,null,null,null,null,null,null,32.12,KHSV 130753Z AUTO 06003KT 10SM CLR 02/M01 A3053 RMK AO2 SLP338 T00171006 FZRANO $,null
HSV,2023-12-13 8:53,36,31,81.86,0,0,0,30.53,1033.8,10,null,CLR,null,null,null,null,null,null,null,null,null,null,null,null,null,null,36,KHSV 130853Z AUTO 00000KT 10SM CLR 02/M01 A3053 RMK AO2 SLP338 T00221006 55003 FZRANO $,null
HSV,2023-12-13 9:53,32,31,96.04,180,5,0,30.54,1034.2,10,null,CLR,null,null,null,null,null,null,null,null,null,null,null,null,null,null,26.4,KHSV 130953Z AUTO 18005KT 10SM CLR 00/M01 A3054 RMK AO2 SLP342 T00001006 FZRANO $,null
HSV,2023-12-13 10:53,33,31,92.25,0,0,0,30.55,1034.6,10,null,CLR,null,null,null,null,null,null,null,null,null,null,null,null,null,null,33,KHSV 131053Z AUTO 00000KT 10SM CLR 01/M01 A3055 RMK AO2 SLP346 T00061006 FZRANO $,null
HSV,2023-12-13 11:53,33,31,92.25,0,0,0,30.58,1035.9,10,null,BKN,null,null,null,25000,null,null,null,null,null,null,null,null,null,null,33,KHSV 131153Z 00000KT 10SM BKN250 01/M01 A3058 RMK AO2 SLP359 T00061006 10028 21006 53019 $,null
HSV,2023-12-13 12:53,34,31,88.63,0,0,0,30.6,1036.6,10,null,BKN,null,null,null,25000,null,null,null,null,null,null,null,null,null,null,34,KHSV 131253Z 00000KT 10SM BKN250 01/M01 A3060 RMK AO2 SLP366 T00111006 $,null
HSV,2023-12-13 13:53,35,34,96.09,0,0,0,30.62,1037.2,10,null,BKN,null,null,null,25000,null,null,null,null,null,null,null,null,null,null,35,KHSV 131353Z 00000KT 10SM BKN250 02/01 A3062 RMK AO2 SLP372 T00170011 $,null
HSV,2023-12-13 14:53,41,34,75.94,150,3,0,30.63,1037.6,10,null,SCT,null,null,null,25000,null,null,null,null,null,null,null,null,null,null,38.98,KHSV 131453Z 15003KT 10SM SCT250 05/01 A3063 RMK AO2 SLP376 T00500011 51016 $,null
HSV,2023-12-13 15:53,49,32,51.7,100,3,0,30.65,1037.9,10,null,SCT,null,null,null,25000,null,null,null,null,null,null,null,null,null,null,48.12,KHSV 131553Z 10003KT 10SM SCT250 09/00 A3065 RMK AO2 SLP379 T00940000 $,null
HSV,2023-12-13 16:53,55,31,39.8,0,0,0,30.63,1037.4,10,null,SCT,null,null,null,25000,null,null,null,null,null,null,null,null,null,null,55,KHSV 131653Z 00000KT 10SM SCT250 13/M01 A3063 RMK AO2 SLP374 T01281006 $,null
HSV,2023-12-13 17:53,57,30,35.54,90,6,0,30.6,1036.2,10,null,BKN,null,null,null,25000,null,null,null,null,null,null,null,null,null,null,57,KHSV 131753Z 09006KT 10SM BKN250 14/M01 A3060 RMK AO2 SLP362 T01391011 10144 20000 58012 $,null
HSV,2023-12-13 18:53,59,29,31.76,90,4,0,30.58,1035.4,10,null,BKN,null,null,null,25000,null,null,null,null,null,null,null,null,null,null,59,KHSV 131853Z 09004KT 10SM BKN250 15/M02 A3058 RMK AO2 SLP354 T01501017 $,null
HSV,2023-12-13 19:53,59,29,31.76,120,3,0,30.56,1035.1,10,null,BKN,null,null,null,25000,null,null,null,null,null,null,null,null,null,null,59,KHSV 131953Z 12003KT 10SM BKN250 15/M02 A3056 RMK AO2 SLP351 T01501017 $,null
HSV,2023-12-13 20:53,59,30,33.08,0,0,0,30.56,1034.9,10,null,BKN,null,null,null,25000,null,null,null,null,null,null,null,null,null,null,59,KHSV 132053Z 00000KT 10SM BKN250 15/M01 A3056 RMK AO2 SLP349 T01501011 56012 $,null
HSV,2023-12-13 21:53,57,31,37.01,170,3,0,30.57,1035.2,10,null,BKN,null,null,null,25000,null,null,null,null,null,null,null,null,null,null,57,KHSV 132153Z 17003KT 10SM BKN250 14/M01 A3057 RMK AO2 SLP352 T01391006 $,null
HSV,2023-12-13 22:53,53,31,42.81,0,0,0,30.57,1035.2,10,null,BKN,null,null,null,25000,null,null,null,null,null,null,null,null,null,null,53,KHSV 132253Z 00000KT 10SM BKN250 12/M01 A3057 RMK AO2 SLP352 T01171006 $,null
HSV,2023-12-13 23:53,52,31,44.42,10,3,0,30.58,1035.8,10,null,SCT,null,null,null,25000,null,null,null,null,null,null,null,null,null,null,52,KHSV 132353Z 01003KT 10SM SCT250 11/M01 A3058 RMK AO2 SLP358 T01111006 10156 20100 53008 $,null
HSV,2023-12-14 0:53,48,31,51.54,60,3,0,30.59,1036,10,null,SCT,null,null,null,25000,null,null,null,null,null,null,null,null,null,null,46.98,KHSV 140053Z 06003KT 10SM SCT250 09/M01 A3059 RMK AO2 SLP360 T00891006 $,null
HSV,2023-12-14 1:53,47,31,53.52,50,6,0,30.59,1036,10,null,SCT,null,null,null,25000,null,null,null,null,null,null,null,null,null,null,43.6,KHSV 140153Z 05006KT 10SM SCT250 08/M01 A3059 RMK AO2 SLP360 T00831006 $,null
HSV,2023-12-14 2:53,48,32,53.67,40,8,0,30.59,1035.9,10,null,SCT,null,null,null,25000,null,null,null,null,null,null,null,null,null,null,43.82,KHSV 140253Z 04008KT 10SM SCT250 09/00 A3059 RMK AO2 SLP359 T00890000 51001 $,null
HSV,2023-12-14 3:53,47,32,55.73,30,7,0,30.6,1036.1,10,null,BKN,null,null,null,25000,null,null,null,null,null,null,null,null,null,null,43.06,KHSV 140353Z 03007KT 10SM BKN250 08/00 A3060 RMK AO2 SLP361 T00830000 $,null
HSV,2023-12-14 4:53,44,32,62.44,0,0,0,30.6,1036.2,10,null,BKN,null,null,null,25000,null,null,null,null,null,null,null,null,null,null,44,KHSV 140453Z 00000KT 10SM BKN250 07/00 A3060 RMK AO2 SLP362 T00670000 $,null
HSV,2023-12-14 5:53,42,33,70.19,0,0,0,30.59,1035.9,10,null,BKN,null,null,null,25000,null,null,null,null,null,null,null,null,null,null,42,KHSV 140553Z 00000KT 10SM BKN250 06/01 A3059 RMK AO2 SLP359 T00560006 10111 20056 401561006 50001 $,null
HSV,2023-12-14 6:53,42,34,73.06,0,0,0,30.59,1035.7,10,null,CLR,null,null,null,null,null,null,null,null,null,null,null,null,null,null,42,KHSV 140653Z AUTO 00000KT 10SM CLR 06/01 A3059 RMK AO2 SLP357 T00560011 $,null
HSV,2023-12-14 7:53,40,35,82.15,0,0,0,30.59,1036,10,null,CLR,null,null,null,null,null,null,null,null,null,null,null,null,null,null,40,KHSV 140753Z AUTO 00000KT 10SM CLR 04/02 A3059 RMK AO2 SLP360 T00440017 $,null
HSV,2023-12-14 8:53,38,34,85.35,0,0,0,30.61,1036.5,10,null,CLR,null,null,null,null,null,null,null,null,null,null,null,null,null,null,38,KHSV 140853Z AUTO 00000KT 10SM CLR 03/01 A3061 RMK AO2 SLP365 T00330011 53006 $,null
HSV,2023-12-14 9:53,40,33,75.84,0,0,0,30.61,1036.5,10,null,CLR,null,null,null,null,null,null,null,null,null,null,null,null,null,null,40,KHSV 140953Z AUTO 00000KT 10SM CLR 04/01 A3061 RMK AO2 SLP365 T00440006 $,null
HSV,2023-12-14 10:53,38,33,82,50,3,0,30.61,1036.7,10,null,CLR,null,null,null,null,null,null,null,null,null,null,null,null,null,null,35.55,KHSV 141053Z AUTO 05003KT 10SM CLR 03/01 A3061 RMK AO2 SLP367 T00330006 $,null
HSV,2023-12-14 11:53,37,32,81.93,0,0,0,30.63,1037.4,10,null,CLR,null,null,null,null,null,null,null,null,null,null,null,null,null,null,37,KHSV 141153Z 00000KT 10SM CLR 03/00 A3063 RMK AO2 SLP374 T00280000 10072 20022 53007 $,null
HSV,2023-12-14 12:53,36,32,85.23,0,0,0,30.65,1038,10,null,FEW,null,null,null,25000,null,null,null,null,null,null,null,null,null,null,36,KHSV 141253Z 00000KT 10SM FEW250 02/00 A3065 RMK AO2 SLP380 T00220000 $,null
HSV,2023-12-14 13:53,40,37,88.92,0,0,0,30.65,1038.2,10,null,CLR,null,null,null,null,null,null,null,null,null,null,null,null,null,null,40,KHSV 141353Z 00000KT 10SM CLR 04/03 A3065 RMK AO2 SLP382 T00440028 $,null
HSV,2023-12-14 14:53,50,36,58.44,110,5,0,30.67,1038.6,10,null,FEW,null,null,null,25000,null,null,null,null,null,null,null,null,null,null,50,KHSV 141453Z 11005KT 10SM FEW250 10/02 A3067 RMK AO2 SLP386 T01000022 51013 $,null
HSV,2023-12-14 15:53,55,35,46.73,120,9,0,30.67,1038.4,10,null,FEW,null,null,null,25000,null,null,null,null,null,null,null,null,null,null,55,KHSV 141553Z 12009KT 10SM FEW250 13/02 A3067 RMK AO2 SLP384 T01280017 $,null
HSV,2023-12-14 16:53,58,34,40.28,130,8,0,30.65,1037.8,10,null,FEW,null,null,null,25000,null,null,null,null,null,null,null,null,null,null,58,KHSV 141653Z 13008KT 10SM FEW250 14/01 A3065 RMK AO2 SLP378 T01440011 $,null
HSV,2023-12-14 17:53,60,34,37.5,null,5,0,30.62,1036.7,10,null,FEW,null,null,null,25000,null,null,null,null,null,null,null,null,null,null,60,KHSV 141753Z VRB05KT 10SM FEW250 16/01 A3062 RMK AO2 SLP367 T01560011 10161 20017 58017 $,null
HSV,2023-12-14 18:53,62,34,34.93,150,5,0,30.59,1035.8,10,null,FEW,null,null,null,25000,null,null,null,null,null,null,null,null,null,null,62,KHSV 141853Z 15005KT 10SM FEW250 17/01 A3059 RMK AO2 SLP358 T01670011 $,null
HSV,2023-12-14 19:53,63,33,32.4,70,3,0,30.57,1035.1,10,null,FEW,null,null,null,25000,null,null,null,null,null,null,null,null,null,null,63,KHSV 141953Z 07003KT 10SM FEW250 17/01 A3057 RMK AO2 SLP351 T01720006 $,null
HSV,2023-12-14 20:53,63,32,31.12,90,6,0,30.55,1034.5,10,null,FEW,null,null,null,25000,null,null,null,null,null,null,null,null,null,null,63,KHSV 142053Z 09006KT 10SM FEW250 17/00 A3055 RMK AO2 SLP345 T01720000 56022 $,null
HSV,2023-12-14 21:53,62,33,33.56,100,6,0,30.54,1034.2,10,null,CLR,null,null,null,null,null,null,null,null,null,null,null,null,null,null,62,KHSV 142153Z 10006KT 10SM CLR 17/01 A3054 RMK AO2 SLP342 T01670006 $,null
HSV,2023-12-14 22:53,55,32,41.44,120,6,0,30.53,1034,10,null,CLR,null,null,null,null,null,null,null,null,null,null,null,null,null,null,55,KHSV 142253Z 12006KT 10SM CLR 13/00 A3053 RMK AO2 SLP340 T01280000 $,null
HSV,2023-12-14 23:53,53,32,44.58,100,4,0,30.54,1034.2,10,null,CLR,null,null,null,null,null,null,null,null,null,null,null,null,null,null,53,KHSV 142353Z 10004KT 10SM CLR 12/00 A3054 RMK AO2 SLP342 T01170000 10178 20111 55005 $,null
HSV,2023-12-15 0:53,49,33,53.82,90,4,0,30.54,1034.4,10,null,CLR,null,null,null,null,null,null,null,null,null,null,null,null,null,null,47.27,KHSV 150053Z 09004KT 10SM CLR 09/01 A3054 RMK AO2 SLP344 T00940006 $,null
HSV,2023-12-15 1:53,47,33,58.01,90,5,0,30.54,1034.4,10,null,CLR,null,null,null,null,null,null,null,null,null,null,null,null,null,null,44.21,KHSV 150153Z 09005KT 10SM CLR 08/01 A3054 RMK AO2 SLP344 T00830006 $,null
HSV,2023-12-15 2:53,44,33,65.01,100,4,0,30.54,1034.2,10,null,CLR,null,null,null,null,null,null,null,null,null,null,null,null,null,null,41.43,KHSV 150253Z 10004KT 10SM CLR 07/01 A3054 RMK AO2 SLP342 T00670006 50001 $,null
HSV,2023-12-15 3:53,44,34,67.66,100,6,0,30.54,1034.1,10,null,CLR,null,null,null,null,null,null,null,null,null,null,null,null,null,null,39.98,KHSV 150353Z 10006KT 10SM CLR 07/01 A3054 RMK AO2 SLP341 T00670011 $,null
HSV,2023-12-15 4:53,43,33,67.54,110,7,0,30.53,1033.7,10,null,CLR,null,null,null,null,null,null,null,null,null,null,null,null,null,null,38.19,KHSV 150453Z 11007KT 10SM CLR 06/01 A3053 RMK AO2 SLP337 T00610006 $,null
HSV,2023-12-15 5:53,44,33,65.01,100,6,0,30.52,1033.4,10,null,CLR,null,null,null,null,null,null,null,null,null,null,null,null,null,null,39.98,KHSV 150553Z 10006KT 10SM CLR 07/01 A3052 RMK AO2 SLP334 T00670006 10122 20050 401780017 58007 $,null
HSV,2023-12-15 6:53,42,32,67.42,110,6,0,30.51,1032.9,10,null,CLR,null,null,null,null,null,null,null,null,null,null,null,null,null,null,37.57,KHSV 150653Z AUTO 11006KT 10SM CLR 06/00 A3051 RMK AO2 SLP329 T00560000 $,null
HSV,2023-12-15 7:53,42,31,64.75,110,4,0,30.51,1033,10,null,CLR,null,null,null,null,null,null,null,null,null,null,null,null,null,null,39.1,KHSV 150753Z AUTO 11004KT 10SM CLR 06/M01 A3051 RMK AO2 SLP330 T00561006 $,null
HSV,2023-12-15 8:53,41,29,62.04,110,6,0,30.51,1032.9,10,null,CLR,null,null,null,null,null,null,null,null,null,null,null,null,null,null,36.37,KHSV 150853Z AUTO 11006KT 10SM CLR 05/M02 A3051 RMK AO2 SLP329 T00501017 56004 $,null
HSV,2023-12-15 9:53,41,27,57.15,120,6,0,30.5,1032.9,10,null,CLR,null,null,null,null,null,null,null,null,null,null,null,null,null,null,36.37,KHSV 150953Z AUTO 12006KT 10SM CLR 05/M03 A3050 RMK AO2 SLP329 T00501028 $,null
HSV,2023-12-15 10:53,42,25,50.61,120,4,0,30.51,1033,10,null,CLR,null,null,null,null,null,null,null,null,null,null,null,null,null,null,39.1,KHSV 151053Z AUTO 12004KT 10SM CLR 06/M04 A3051 RMK AO2 SLP330 T00561039 $,null
HSV,2023-12-15 11:53,41,25,52.61,110,6,0,30.51,1033.3,10,null,CLR,null,null,null,null,null,null,null,null,null,null,null,null,null,null,36.37,KHSV 151153Z 11006KT 10SM CLR 05/M04 A3051 RMK AO2 SLP333 T00501039 10067 20033 53002 $,null
HSV,2023-12-15 12:53,38,25,59.13,110,4,0,30.51,1033.4,10,null,CLR,null,null,null,null,null,null,null,null,null,null,null,null,null,null,34.43,KHSV 151253Z 11004KT 10SM CLR 03/M04 A3051 RMK AO2 SLP334 T00331039 $,null
HSV,2023-12-15 13:53,43,30,59.83,100,5,0,30.52,1033.5,10,null,CLR,null,null,null,null,null,null,null,null,null,null,null,null,null,null,39.46,KHSV 151353Z 10005KT 10SM CLR 06/M01 A3052 RMK AO2 SLP335 T00611011 $,null
HSV,2023-12-15 14:53,48,27,43.77,120,13,0,30.52,1033.5,10,null,CLR,null,null,null,null,null,null,null,null,null,null,null,null,null,null,42.07,KHSV 151453Z 12013KT 10SM CLR 09/M03 A3052 RMK AO2 SLP335 T00891028 53001 $,null
HSV,2023-12-15 15:53,52,27,37.72,120,11,0,30.51,1033.2,10,null,CLR,null,null,null,null,null,null,null,null,null,null,null,null,null,null,52,KHSV 151553Z 12011KT 10SM CLR 11/M03 A3051 RMK AO2 SLP332 T01111028 $,null
HSV,2023-12-15 16:53,56,26,31.27,120,12,0,30.47,1031.9,10,null,CLR,null,null,null,null,null,null,null,null,null,null,null,null,null,null,56,KHSV 151653Z 12012KT 10SM CLR 13/M03 A3047 RMK AO2 SLP319 T01331033 $,null
HSV,2023-12-15 17:53,58,25,27.91,140,11,0,30.43,1030.5,10,null,CLR,null,null,null,null,null,null,null,null,null,null,null,null,null,null,58,KHSV 151753Z 14011KT 10SM CLR 14/M04 A3043 RMK AO2 SLP305 T01441039 10144 20028 58027 $,null
HSV,2023-12-15 18:53,60,24,24.92,120,10,0,30.4,1029.4,10,null,CLR,null,null,null,null,null,null,null,null,null,null,null,null,null,null,60,KHSV 151853Z 12010KT 10SM CLR 16/M04 A3040 RMK AO2 SLP294 T01561044 $,null
HSV,2023-12-15 19:53,61,24,24.05,140,7,0,30.37,1028.4,10,null,CLR,null,null,null,null,null,null,null,null,null,null,null,null,null,null,61,KHSV 151953Z 14007KT 10SM CLR 16/M04 A3037 RMK AO2 SLP284 T01611044 $,null
HSV,2023-12-15 20:53,62,23,22.26,100,8,0,30.36,1027.9,10,null,FEW,null,null,null,25000,null,null,null,null,null,null,null,null,null,null,62,KHSV 152053Z 10008KT 10SM FEW250 17/M05 A3036 RMK AO2 SLP279 T01671050 56025 $,null
HSV,2023-12-15 21:53,60,24,24.92,130,7,0,30.35,1027.8,10,null,FEW,null,null,null,25000,null,null,null,null,null,null,null,null,null,null,60,KHSV 152153Z 13007KT 10SM FEW250 16/M04 A3035 RMK AO2 SLP278 T01561044 $,null
HSV,2023-12-15 22:53,54,25,32.26,120,8,0,30.35,1027.8,10,null,FEW,null,null,null,25000,null,null,null,null,null,null,null,null,null,null,54,KHSV 152253Z 12008KT 10SM FEW250 12/M04 A3035 RMK AO2 SLP278 T01221039 $,null
HSV,2023-12-15 23:53,51,24,34.55,100,6,0,30.37,1028.4,10,null,CLR,null,null,null,null,null,null,null,null,null,null,null,null,null,null,51,KHSV 152353Z 10006KT 10SM CLR 11/M04 A3037 RMK AO2 SLP284 T01061044 10167 20100 53003 $,null
HSV,2023-12-16 0:53,51,25,36.03,100,6,0,30.36,1028.3,10,null,CLR,null,null,null,null,null,null,null,null,null,null,null,null,null,null,51,KHSV 160053Z 10006KT 10SM CLR 11/M04 A3036 RMK AO2 SLP283 T01061039 $,null
HSV,2023-12-16 1:53,45,26,47.04,110,5,0,30.37,1028.4,10,null,CLR,null,null,null,null,null,null,null,null,null,null,null,null,null,null,41.83,KHSV 160153Z 11005KT 10SM CLR 07/M03 A3037 RMK AO2 SLP284 T00721033 $,null
HSV,2023-12-16 2:53,44,27,50.93,120,5,0,30.36,1028.3,10,null,CLR,null,null,null,null,null,null,null,null,null,null,null,null,null,null,40.65,KHSV 160253Z 12005KT 10SM CLR 07/M03 A3036 RMK AO2 SLP283 T00671028 57002 $,null
HSV,2023-12-16 3:53,43,27,52.91,100,7,0,30.34,1027.5,10,null,CLR,null,null,null,null,null,null,null,null,null,null,null,null,null,null,38.19,KHSV 160353Z 10007KT 10SM CLR 06/M03 A3034 RMK AO2 SLP275 T00611028 $,null
HSV,2023-12-16 4:53,44,27,50.93,120,7,0,30.33,1026.9,10,null,CLR,null,null,null,null,null,null,null,null,null,null,null,null,null,null,39.41,KHSV 160453Z 12007KT 10SM CLR 07/M03 A3033 RMK AO2 SLP269 T00671028 $,null
HSV,2023-12-16 5:53,44,27,50.93,110,8,0,30.31,1026.4,10,null,CLR,null,null,null,null,null,null,null,null,null,null,null,null,null,null,38.9,KHSV 160553Z 11008KT 10SM CLR 07/M03 A3031 RMK AO2 SLP264 T00671028 10117 20050 401670028 56016 $,null
HSV,2023-12-16 6:53,47,28,47.36,120,9,0,30.3,1025.7,10,null,CLR,null,null,null,null,null,null,null,null,null,null,null,null,null,null,42.17,KHSV 160653Z AUTO 12009KT 10SM CLR 08/M02 A3030 RMK AO2 SLP257 T00831022 $,null
HSV,2023-12-16 7:53,45,27,49.02,110,9,0,30.3,1025.8,10,null,CLR,null,null,null,null,null,null,null,null,null,null,null,null,null,null,39.68,KHSV 160753Z AUTO 11009KT 10SM CLR 07/M03 A3030 RMK AO2 SLP258 T00721028 $,null
HSV,2023-12-16 8:53,45,26,47.04,100,5,0,30.31,1026.1,10,null,CLR,null,null,null,null,null,null,null,null,null,null,null,null,null,null,41.83,KHSV 160853Z AUTO 10005KT 10SM CLR 07/M03 A3031 RMK AO2 SLP261 T00721033 55003 $,null
HSV,2023-12-16 9:53,43,27,52.91,110,7,0,30.29,1025.7,10,null,FEW,null,null,null,6000,null,null,null,null,null,null,null,null,null,null,38.19,KHSV 160953Z AUTO 11007KT 10SM FEW060 06/M03 A3029 RMK AO2 SLP257 T00611028 $,null
HSV,2023-12-16 10:53,44,28,53.07,110,7,0,30.28,1025.3,10,null,FEW,null,null,null,6500,null,null,null,null,null,null,null,null,null,null,39.41,KHSV 161053Z AUTO 11007KT 10SM FEW065 07/M02 A3028 RMK AO2 SLP253 T00671022 $,null
HSV,2023-12-16 11:53,47,28,47.36,120,7,0,30.27,1025,10,null,SCT,BKN,null,null,6500,25000,null,null,null,null,null,null,null,null,null,43.06,KHSV 161153Z 12007KT 10SM SCT065 BKN250 08/M02 A3027 RMK AO2 SLP250 T00831022 10083 20061 56013 $,null
HSV,2023-12-16 12:53,49,29,45.77,120,12,0,30.27,1025.1,10,null,BKN,OVC,null,null,7000,25000,null,null,null,null,null,null,null,null,null,43.64,KHSV 161253Z 12012KT 10SM BKN070 OVC250 09/M02 A3027 RMK AO2 SLP251 T00941017 $,null
HSV,2023-12-16 13:53,50,30,45.93,130,14,0,30.28,1025.2,10,null,SCT,OVC,null,null,7000,15000,null,null,null,null,null,null,null,null,null,50,KHSV 161353Z 13014KT 10SM SCT070 OVC150 10/M01 A3028 RMK AO2 SLP252 BINOVC T01001011 $,null
HSV,2023-12-16 14:53,51,30,44.26,120,14,0,30.27,1025,10,null,BKN,OVC,null,null,7000,15000,null,null,null,null,null,null,null,null,null,51,KHSV 161453Z 12014KT 10SM BKN070 OVC150 11/M01 A3027 RMK AO2 SLP250 T01061011 50000 $,null
HSV,2023-12-16 15:53,54,35,48.46,120,10,0,30.25,1024.4,10,21,OVC,null,null,null,7500,null,null,null,null,null,null,null,null,null,null,54,KHSV 161553Z 12010G21KT 10SM OVC075 12/02 A3025 RMK AO2 SLP244 T01220017 $,null
HSV,2023-12-16 16:53,56,39,52.75,130,13,0,30.22,1023.3,10,20,BKN,OVC,null,null,6000,7500,null,null,null,null,null,null,null,null,null,56,KHSV 161653Z 13013G20KT 10SM BKN060 OVC075 13/04 A3022 RMK AO2 SLP233 T01330039 $,null
HSV,2023-12-16 17:53,58,41,53.05,130,13,0,30.18,1021.8,10,null,FEW,BKN,OVC,null,4900,6000,9000,null,null,null,null,null,null,null,null,58,KHSV 161753Z 13013KT 10SM FEW049 BKN060 OVC090 14/05 A3018 RMK AO2 SLP218 T01440050 10144 20083 58030 $,null
HSV,2023-12-16 18:53,60,42,51.33,130,14,T,30.15,1020.6,10,19,BKN,BKN,OVC,null,6000,7000,25000,null,null,null,null,null,null,null,null,60,KHSV 161853Z 13014G19KT 10SM BKN060 BKN070 OVC250 16/06 A3015 RMK AO2 RAB09E26 SLP206 P0000 T01560056 $,null
HSV,2023-12-16 19:53,59,41,51.18,130,11,0,30.12,1019.7,10,null,SCT,BKN,OVC,null,6500,9000,15000,null,null,null,null,null,null,null,null,59,KHSV 161953Z 13011KT 10SM SCT065 BKN090 OVC150 15/05 A3012 RMK AO2 SLP197 T01500050 $,null
HSV,2023-12-16 20:53,60,42,51.33,120,10,0,30.09,1018.8,10,null,OVC,null,null,null,16000,null,null,null,null,null,null,null,null,null,null,60,KHSV 162053Z 12010KT 10SM OVC160 16/06 A3009 RMK AO2 SLP188 60000 T01560056 56029 $,null
HSV,2023-12-16 21:53,59,42,53.2,120,11,0,30.07,1018.2,10,null,SCT,OVC,null,null,7000,17000,null,null,null,null,null,null,null,null,null,59,KHSV 162153Z 12011KT 10SM SCT070 OVC170 15/06 A3007 RMK AO2 SLP182 T01500056 $,null
HSV,2023-12-16 22:53,57,44,61.72,140,7,0,30.08,1018.3,10,null,SCT,BKN,OVC,null,5500,11000,14000,null,null,null,null,null,null,null,null,57,KHSV 162253Z 14007KT 10SM SCT055 BKN110 OVC140 14/07 A3008 RMK AO2 SLP183 T01390067 $,null
HSV,2023-12-16 23:53,58,45,61.85,130,12,0,30.07,1018.2,10,null,OVC,null,null,null,7000,null,null,null,null,null,null,null,null,null,null,58,KHSV 162353Z 13012KT 10SM OVC070 14/07 A3007 RMK AO2 SLP182 60000 T01440072 10156 20128 56005 $,null
HSV,2023-12-17 0:53,57,43,59.4,130,6,0,30.07,1018.1,10,null,OVC,null,null,null,7000,null,null,null,null,null,null,null,null,null,null,57,KHSV 170053Z 13006KT 10SM OVC070 14/06 A3007 RMK AO2 SLP181 T01390061 $,null
HSV,2023-12-17 1:53,56,42,59.26,130,9,T,30.07,1018.1,10,null,OVC,null,null,null,7000,null,null,null,null,null,null,null,null,null,null,56,KHSV 170153Z 13009KT 10SM OVC070 13/06 A3007 RMK AO2 RAB27E49 SLP181 P0000 T01330056 $,null
HSV,2023-12-17 2:14,56,43,61.59,130,10,0,30.06,null,10,null,BKN,OVC,null,null,2600,7000,null,null,null,null,null,null,null,null,null,56,KHSV 170214Z 13010KT 10SM BKN026 OVC070 13/06 A3006 RMK AO2 T01330061 $,null
HSV,2023-12-17 2:53,56,45,66.48,130,10,0,30.06,1017.7,10,null,OVC,null,null,null,2600,null,null,null,null,null,null,null,null,null,null,56,KHSV 170253Z 13010KT 10SM OVC026 13/07 A3006 RMK AO2 SLP177 60000 T01330072 58004 $,null
HSV,2023-12-17 3:53,53,50,89.51,120,10,0.01,30.05,1017.2,10,null,OVC,null,null,null,2200,null,null,null,null,null,null,null,null,null,null,53,KHSV 170353Z 12010KT 10SM OVC022 12/10 A3005 RMK AO2 RAB0258E52 SLP172 P0001 T01170100 $,null
HSV,2023-12-17 4:53,53,49,86.23,130,8,0,30.04,1016.9,10,null,OVC,null,null,null,2100,null,null,null,null,null,null,null,null,null,null,53,KHSV 170453Z 13008KT 10SM OVC021 12/09 A3004 RMK AO2 SLP169 T01170094 $,null
HSV,2023-12-17 5:53,53,51,92.89,0,0,T,30.03,1016.8,8,null,OVC,null,null,null,1800,null,null,null,#NAME?,null,null,null,null,null,null,53,KHSV 170553Z 00000KT 8SM -RA OVC018 12/11 A3003 RMK AO2 RAB44 SLP168 P0000 60001 T01170106 10144 20117 401560061 56009 $,null
HSV,2023-12-17 6:35,51,51,100,260,5,0.06,30.03,null,3,null,OVC,null,null,null,1400,null,null,null,RA BR,null,null,null,null,null,null,51,KHSV 170635Z AUTO 26005KT 3SM RA BR OVC014 11/11 A3003 RMK AO2 P0006 T01060106 $,null
HSV,2023-12-17 6:46,51,51,100,250,4,0.08,30.02,null,2.5,null,OVC,null,null,null,1500,null,null,null,#NAME?,null,null,null,null,null,null,51,KHSV 170646Z AUTO 25004KT 2 1/2SM +RA BR OVC015 11/11 A3002 RMK AO2 P0008 T01060106 $,null
HSV,2023-12-17 6:53,51,51,100,260,4,0.12,30.02,1016.4,2.5,null,OVC,null,null,null,1500,null,null,null,#NAME?,null,null,null,null,null,null,51,KHSV 170653Z AUTO 26004KT 2 1/2SM +RA BR OVC015 11/11 A3002 RMK AO2 SLP164 P0012 T01060106 $,null
HSV,2023-12-17 7:02,51,51,100,0,0,0.02,30.02,null,4,null,OVC,null,null,null,1400,null,null,null,#NAME?,null,null,null,null,null,null,51,KHSV 170702Z AUTO 00000KT 4SM -RA BR OVC014 11/11 A3002 RMK AO2 P0002 T01060106 $,null
HSV,2023-12-17 7:13,51,51,100,0,0,0.02,30.02,null,2.5,null,OVC,null,null,null,1700,null,null,null,#NAME?,null,null,null,null,null,null,51,KHSV 170713Z AUTO 00000KT 2 1/2SM +RA BR OVC017 11/11 A3002 RMK AO2 P0002 T01060106 $,null
HSV,2023-12-17 7:31,51,51,100,310,4,0.06,30.02,null,3,null,SCT,OVC,null,null,300,1600,null,null,#NAME?,null,null,null,null,null,null,51,KHSV 170731Z AUTO 31004KT 3SM -RA BR SCT003 OVC016 11/11 A3002 RMK AO2 P0006 T01060106 $,null
HSV,2023-12-17 7:53,50,50,100,0,0,0.07,30.01,1015.9,4,null,FEW,BKN,OVC,null,200,1400,1900,null,#NAME?,null,null,null,null,null,null,50,KHSV 170753Z AUTO 00000KT 4SM -RA BR FEW002 BKN014 OVC019 10/10 A3001 RMK AO2 SLP159 P0007 T01000100 $,null
HSV,2023-12-17 8:01,50,50,100,0,0,0.01,30.01,null,4,null,FEW,SCT,OVC,null,700,1300,2100,null,BR,null,null,null,null,null,null,50,KHSV 170801Z AUTO 00000KT 4SM BR FEW007 SCT013 OVC021 10/10 A3001 RMK AO2 RAE00 P0001 T01000100 $,null
HSV,2023-12-17 8:27,50,50,100,0,0,0.01,29.99,null,2.5,null,OVC,null,null,null,2400,null,null,null,#NAME?,null,null,null,null,null,null,50,KHSV 170827Z AUTO 00000KT 2 1/2SM -RA BR OVC024 10/10 A2999 RMK AO2 RAE00B03 P0001 T01000100 $,null
HSV,2023-12-17 8:45,50,50,100,0,0,0.02,29.99,null,3,null,SCT,BKN,OVC,null,800,2500,3300,null,#NAME?,null,null,null,null,null,null,50,KHSV 170845Z AUTO 00000KT 3SM -RA BR SCT008 BKN025 OVC033 10/10 A2999 RMK AO2 RAE00B03 P0002 T01000100 $,null
HSV,2023-12-17 8:53,50,50,100,340,3,0.02,29.99,1015.2,4,null,BKN,BKN,OVC,null,800,2400,3300,null,BR,null,null,null,null,null,null,50,KHSV 170853Z AUTO 34003KT 4SM BR BKN008 BKN024 OVC033 10/10 A2999 RMK AO2 RAE00B03E46 CIG 006V009 SLP152 P0002 60021 T01000100 58016 $,null
HSV,2023-12-17 8:59,50,50,100,330,4,T,29.99,null,2.5,null,BKN,OVC,null,null,700,3300,null,null,#NAME?,null,null,null,null,null,null,50,KHSV 170859Z AUTO 33004KT 2 1/2SM -RA BR BKN007 OVC033 10/10 A2999 RMK AO2 RAB56 CIG 005V010 P0000 T01000100 $,null
HSV,2023-12-17 9:10,50,50,100,360,3,0.02,29.98,null,1.5,null,BKN,BKN,OVC,null,700,1600,2300,null,RA BR,null,null,null,null,null,null,50,KHSV 170910Z AUTO 36003KT 1 1/2SM RA BR BKN007 BKN016 OVC023 10/10 A2998 RMK AO2 RAB0856 P0002 T01000100 $,null
HSV,2023-12-17 9:16,50,50,100,0,0,0.03,29.98,null,2,null,SCT,BKN,OVC,null,700,1900,2500,null,#NAME?,null,null,null,null,null,null,50,KHSV 170916Z AUTO 00000KT 2SM -RA BR SCT007 BKN019 OVC025 10/10 A2998 RMK AO2 RAB0856 P0003 T01000100 $,null
HSV,2023-12-17 9:41,50,50,100,60,3,0.03,29.98,null,3,null,OVC,null,null,null,1800,null,null,null,#NAME?,null,null,null,null,null,null,50,KHSV 170941Z AUTO 06003KT 3SM -RA BR OVC018 10/10 A2998 RMK AO2 RAB0856 P0003 T01000100 $,null
HSV,2023-12-17 9:48,50,50,100,50,3,0.03,29.98,null,2.5,null,BKN,OVC,null,null,1400,2000,null,null,#NAME?,null,null,null,null,null,null,50,KHSV 170948Z AUTO 05003KT 2 1/2SM -RA BR BKN014 OVC020 10/10 A2998 RMK AO2 RAB0856 P0003 $,null
HSV,2023-12-17 9:51,50,50,100,60,3,0.04,29.98,null,1.75,null,OVC,null,null,null,1600,null,null,null,#NAME?,null,null,null,null,null,null,50,KHSV 170951Z AUTO 06003KT 1 3/4SM -RA BR OVC016 10/10 A2998 RMK AO2 RAB0856 P0004 $,null
HSV,2023-12-17 9:53,50,50,100,60,3,0.04,29.98,1014.8,1.75,null,SCT,OVC,null,null,1200,1800,null,null,RA BR,null,null,null,null,null,null,50,KHSV 170953Z AUTO 06003KT 1 3/4SM RA BR SCT012 OVC018 10/10 A2998 RMK AO2 RAB0856 SLP148 P0004 T01000100 $,null
HSV,2023-12-17 10:03,50,50,100,60,3,0.01,29.97,null,2,null,BKN,BKN,OVC,null,1300,1800,2400,null,#NAME?,null,null,null,null,null,null,50,KHSV 171003Z AUTO 06003KT 2SM -RA BR BKN013 BKN018 OVC024 10/10 A2997 RMK AO2 P0001 T01000100 $,null
HSV,2023-12-17 10:11,50,50,100,80,3,0.01,29.97,null,2.5,null,BKN,OVC,null,null,1500,2400,null,null,#NAME?,null,null,null,null,null,null,50,KHSV 171011Z AUTO 08003KT 2 1/2SM -RA BR BKN015 OVC024 10/10 A2997 RMK AO2 P0001 T01000100 $,null
HSV,2023-12-17 10:27,51,51,100,90,4,0.01,29.97,null,2.5,null,SCT,OVC,null,null,1600,3000,null,null,BR,null,null,null,null,null,null,51,KHSV 171027Z AUTO 09004KT 2 1/2SM BR SCT016 OVC030 11/11 A2997 RMK AO2 RAE13 P0001 T01060106 $,null
HSV,2023-12-17 10:39,51,51,100,110,4,0.01,29.96,null,2,null,FEW,OVC,null,null,1400,2800,null,null,BR,null,null,null,null,null,null,51,KHSV 171039Z AUTO 11004KT 2SM BR FEW014 OVC028 11/11 A2996 RMK AO2 RAE13 P0001 T01060106 $,null
HSV,2023-12-17 10:53,51,51,100,100,4,0.02,29.97,1014.5,2.5,null,FEW,OVC,null,null,1400,2600,null,null,BR,null,null,null,null,null,null,51,KHSV 171053Z AUTO 10004KT 2 1/2SM BR FEW014 OVC026 11/11 A2997 RMK AO2 RAE13 SLP145 P0002 T01060106 $,null
HSV,2023-12-17 11:11,51,51,100,100,3,T,29.97,null,1.5,null,OVC,null,null,null,2200,null,null,null,#NAME?,null,null,null,null,null,null,51,KHSV 171111Z AUTO 10003KT 1 1/2SM -RA BR OVC022 11/11 A2997 RMK AO2 RAB02 P0000 T01060106 $,null
HSV,2023-12-17 11:30,51,51,100,100,3,0.01,29.97,null,2,null,FEW,BKN,OVC,null,400,1400,2000,null,#NAME?,null,null,null,null,null,null,51,KHSV 171130Z AUTO 10003KT 2SM -RA BR FEW004 BKN014 OVC020 11/11 A2997 RMK AO2 RAB02 P0001 T01060106 $,null
HSV,2023-12-17 11:38,51,51,100,0,0,0.01,29.97,null,2,null,SCT,BKN,OVC,null,400,900,1600,null,BR,null,null,null,null,null,null,51,KHSV 171138Z AUTO 00000KT 2SM BR SCT004 BKN009 OVC016 11/11 A2997 RMK AO2 RAB02E36 P0001 T01060106 $,null
HSV,2023-12-17 11:45,51,51,100,110,3,0.01,29.97,null,1.75,null,SCT,OVC,null,null,400,1100,null,null,#NAME?,null,null,null,null,null,null,51,KHSV 171145Z AUTO 11003KT 1 3/4SM -RA BR SCT004 OVC011 11/11 A2997 RMK AO2 RAB02E36B39 P0001 T01060106 $,null
HSV,2023-12-17 11:53,51,51,100,110,4,0.02,29.96,1014.4,2,null,SCT,OVC,null,null,400,1100,null,null,BR,null,null,null,null,null,null,51,KHSV 171153Z 11004KT 2SM BR SCT004 OVC011 11/11 A2996 RMK AO2 RAB02E36B39E53 SLP144 P0002 60029 70030 T01060106 10117 20100 56008 $,null
HSV,2023-12-17 12:00,51,51,100,120,3,T,29.96,null,1.5,null,SCT,OVC,null,null,400,1100,null,null,#NAME?,null,null,null,null,null,null,51,KHSV 171200Z 12003KT 1 1/2SM -DZ BR SCT004 OVC011 11/11 A2996 RMK AO2 DZB1157 P0000 T01060106 $,null
HSV,2023-12-17 12:23,51,51,100,0,0,T,29.95,null,1.5,null,FEW,OVC,null,null,300,800,null,null,BR,null,null,null,null,null,null,51,KHSV 171223Z 00000KT 1 1/2SM BR FEW003 OVC008 11/11 A2995 RMK AO2 DZB1157E13 CIG 005V011 P0000 T01060106 $,null
HSV,2023-12-17 12:53,51,51,100,0,0,T,29.95,1013.9,0.5,null,FEW,OVC,null,null,300,800,null,null,BR,null,null,null,null,null,null,51,KHSV 171253Z 00000KT 1/2SM R18R/P6000FT BR FEW003 OVC008 11/11 A2995 RMK AO2 SFC VIS 1 DZB1157E13 SLP139 P0000 T01060106 $,null
HSV,2023-12-17 13:05,51,51,100,0,0,0,29.95,null,0.5,null,BKN,OVC,null,null,200,800,null,null,BR,null,null,null,null,null,null,51,KHSV 171305Z 00000KT 1/2SM R18R/P6000FT BR BKN002 OVC008 11/11 A2995 RMK AO2 SFC VIS 3/4 T01060106 $,null
HSV,2023-12-17 13:16,51,51,100,0,0,0,29.95,null,0.12,null,OVC,null,null,null,200,null,null,null,FG,null,null,null,null,null,null,51,KHSV 171316Z 00000KT 1/8SM R18R/2400VP6000FT FG OVC002 11/11 A2995 RMK AO2 SFC VIS 1/2 T01060106 $,null
HSV,2023-12-17 13:53,51,51,100,330,3,T,29.95,1014,0.12,null,OVC,null,null,null,300,null,null,null,#NAME?,null,null,null,null,null,null,51,KHSV 171353Z 33003KT 1/8SM R18R/3500V4000FT -DZ BR OVC003 11/11 A2995 RMK AO2 SFC VIS 3/4 DZB51 SLP140 P0000 T01060106 $,null
HSV,2023-12-17 14:26,51,51,100,300,4,0.01,29.96,null,0.5,null,OVC,null,null,null,300,null,null,null,BR,null,null,null,null,null,null,51,KHSV 171426Z 30004KT 1/2SM R18R/5500VP6000FT BR OVC003 11/11 A2996 RMK AO2 SFC VIS 3/4 DZE23 P0001 T01060106 $,null
HSV,2023-12-17 14:53,51,51,100,300,6,0.01,29.96,1014.3,1,null,OVC,null,null,null,400,null,null,null,#NAME?,null,null,null,null,null,null,51,KHSV 171453Z 30006KT 1SM R18R/6000VP6000FT -DZ BR OVC004 11/11 A2996 RMK AO2 DZE23B49 CIG 003V007 SLP143 P0001 60001 T01060106 55001 $,null
HSV,2023-12-17 15:30,50,50,100,340,6,0.01,29.97,null,2,null,OVC,null,null,null,400,null,null,null,BR,null,null,null,null,null,null,50,KHSV 171530Z 34006KT 2SM BR OVC004 10/10 A2997 RMK AO2 SFC VIS 5 DZE25 CIG 003V009 P0001 T01000100 $,null
HSV,2023-12-17 15:33,50,50,100,330,8,0.01,29.97,null,8,null,OVC,null,null,null,600,null,null,null,null,null,null,null,null,null,null,50,KHSV 171533Z 33008KT 8SM OVC006 10/10 A2997 RMK AO2 DZE25 CIG 003V009 P0001 T01000100 $,null
HSV,2023-12-17 15:53,50,50,100,330,10,0.01,29.97,1014.6,10,null,BKN,OVC,null,null,500,1200,null,null,null,null,null,null,null,null,null,50,KHSV 171553Z 33010KT 10SM BKN005 OVC012 10/10 A2997 RMK AO2 DZE25 CIG 004V009 SLP146 P0001 T01000100 $,null
HSV,2023-12-17 16:22,50,50,100,330,8,0,29.95,null,10,null,OVC,null,null,null,1000,null,null,null,null,null,null,null,null,null,null,50,KHSV 171622Z 33008KT 10SM OVC010 10/10 A2995 RMK AO2 T01000100 $,null
HSV,2023-12-17 16:53,51,50,96.36,330,8,0,29.93,1013.5,10,null,OVC,null,null,null,1000,null,null,null,null,null,null,null,null,null,null,51,KHSV 171653Z 33008KT 10SM OVC010 11/10 A2993 RMK AO2 SLP135 T01060100 $,null
HSV,2023-12-17 17:53,51,50,96.36,350,8,0,29.9,1012.5,10,null,OVC,null,null,null,1200,null,null,null,null,null,null,null,null,null,null,51,KHSV 171753Z 35008KT 10SM OVC012 11/10 A2990 RMK AO2 SLP125 60002 T01060100 10106 20100 58019 $,null
HSV,2023-12-17 18:35,52,49,89.46,340,6,0,29.89,null,10,null,SCT,OVC,null,null,1500,2200,null,null,null,null,null,null,null,null,null,52,KHSV 171835Z 34006KT 10SM SCT015 OVC022 11/09 A2989 RMK AO2 T01110094 $,null
HSV,2023-12-17 18:53,52,49,89.46,340,6,0,29.88,1011.7,10,null,OVC,null,null,null,2000,null,null,null,null,null,null,null,null,null,null,52,KHSV 171853Z 34006KT 10SM OVC020 11/09 A2988 RMK AO2 SLP117 T01110094 $,null
HSV,2023-12-17 19:53,50,46,86.06,310,10,0,29.87,1011.4,10,null,BKN,OVC,null,null,2000,2500,null,null,null,null,null,null,null,null,null,50,KHSV 171953Z 31010KT 10SM BKN020 OVC025 10/08 A2987 RMK AO2 SLP114 T01000078 $,null
HSV,2023-12-17 20:53,50,45,82.86,320,6,0,29.86,1011.1,10,null,OVC,null,null,null,2300,null,null,null,null,null,null,null,null,null,null,50,KHSV 172053Z 32006KT 10SM OVC023 10/07 A2986 RMK AO2 SLP111 T01000072 56015 $,null
HSV,2023-12-17 21:53,50,44,79.76,290,8,0,29.86,1011.2,10,null,BKN,null,null,null,2100,null,null,null,null,null,null,null,null,null,null,50,KHSV 172153Z 29008KT 10SM BKN021 10/07 A2986 RMK AO2 SLP112 T01000067 $,null
HSV,2023-12-17 22:45,48,43,82.72,330,4,0,29.88,null,10,null,SCT,null,null,null,2600,null,null,null,null,null,null,null,null,null,null,46.1,KHSV 172245Z 33004KT 10SM SCT026 09/06 A2988 RMK AO2 T00890061 $,null
HSV,2023-12-17 22:53,48,43,82.72,330,3,0,29.88,1011.7,10,null,FEW,null,null,null,2600,null,null,null,null,null,null,null,null,null,null,46.98,KHSV 172253Z 33003KT 10SM FEW026 09/06 A2988 RMK AO2 SLP117 T00890061 $,null
HSV,2023-12-17 23:53,47,43,85.89,290,4,0,29.89,1012,10,null,BKN,null,null,null,3300,null,null,null,null,null,null,null,null,null,null,44.94,KHSV 172353Z 29004KT 10SM BKN033 08/06 A2989 RMK AO2 SLP120 T00830061 10111 20078 53009 $,null
HSV,2023-12-18 0:53,47,41,79.52,310,8,0,29.89,1012.2,10,null,OVC,null,null,null,3400,null,null,null,null,null,null,null,null,null,null,42.59,KHSV 180053Z 31008KT 10SM OVC034 08/05 A2989 RMK AO2 SLP122 T00830050 $,null
HSV,2023-12-18 1:53,45,41,85.77,300,6,0,29.89,1012.1,10,null,OVC,null,null,null,3100,null,null,null,null,null,null,null,null,null,null,41.19,KHSV 180153Z 30006KT 10SM OVC031 07/05 A2989 RMK AO2 SLP121 T00720050 $,null
HSV,2023-12-18 2:53,43,40,89.06,300,5,0,29.89,1012.2,10,null,FEW,null,null,null,2600,null,null,null,null,null,null,null,null,null,null,39.46,KHSV 180253Z 30005KT 10SM FEW026 06/04 A2989 RMK AO2 SLP122 T00610044 51001 $,null
HSV,2023-12-18 3:48,42.8,37.4,81.07,320,6,0,29.9,null,10,null,BKN,null,null,null,2500,null,null,null,null,null,null,null,null,null,null,38.54,KHSV 180348Z 32006KT 10SM BKN025 06/03 A2990 RMK AO2 $,null
HSV,2023-12-18 3:53,43,38,82.37,330,6,0,29.9,1012.4,10,null,BKN,null,null,null,2400,null,null,null,null,null,null,null,null,null,null,38.78,KHSV 180353Z 33006KT 10SM BKN024 06/03 A2990 RMK AO2 SLP124 T00610033 $,null
HSV,2023-12-18 4:53,44,38,79.27,300,6,0,29.9,1012.3,10,16,OVC,null,null,null,2300,null,null,null,null,null,null,null,null,null,null,39.98,KHSV 180453Z 30006G16KT 10SM OVC023 07/03 A2990 RMK AO2 SLP123 T00670033 $,null
HSV,2023-12-18 5:53,43,40,89.06,300,6,0,29.89,1012.1,10,null,OVC,null,null,null,2300,null,null,null,null,null,null,null,null,null,null,38.78,KHSV 180553Z 30006KT 10SM OVC023 06/04 A2989 RMK AO2 SLP121 T00610044 10083 20056 401170056 58002 $,null
HSV,2023-12-18 6:53,42,39,89.01,290,5,0,29.88,1011.9,10,null,OVC,null,null,null,2200,null,null,null,null,null,null,null,null,null,null,38.27,KHSV 180653Z AUTO 29005KT 10SM OVC022 06/04 A2988 RMK AO2 SLP119 T00560039 $,null
HSV,2023-12-18 7:44,42,38,85.6,330,7,0,29.9,null,10,null,SCT,null,null,null,2000,null,null,null,null,null,null,null,null,null,null,36.97,KHSV 180744Z AUTO 33007KT 10SM SCT020 06/03 A2990 RMK AO2 T00560033 $,null
HSV,2023-12-18 7:53,41,37,85.54,330,5,0,29.91,1012.8,10,null,FEW,null,null,null,2000,null,null,null,null,null,null,null,null,null,null,37.08,KHSV 180753Z AUTO 33005KT 10SM FEW020 05/03 A2991 RMK AO2 SLP128 T00500028 $,null
HSV,2023-12-18 8:53,39,36,88.87,290,3,0,29.91,1012.9,10,null,CLR,null,null,null,null,null,null,null,null,null,null,null,null,null,null,36.69,KHSV 180853Z AUTO 29003KT 10SM CLR 04/02 A2991 RMK AO2 SLP129 T00390022 53007 $,null
HSV,2023-12-18 9:53,37,36,96.13,280,4,0,29.91,1013,10,null,CLR,null,null,null,null,null,null,null,null,null,null,null,null,null,null,33.26,KHSV 180953Z AUTO 28004KT 10SM CLR 03/02 A2991 RMK AO2 SLP130 T00280022 $,null
HSV,2023-12-18 10:53,36,36,100,290,5,0,29.93,1013.5,10,null,CLR,null,null,null,null,null,null,null,null,null,null,null,null,null,null,31.15,KHSV 181053Z AUTO 29005KT 10SM CLR 02/02 A2993 RMK AO2 SLP135 T00220022 FZRANO $,null
HSV,2023-12-18 11:53,36,36,100,300,5,0,29.95,1014.2,10,null,CLR,null,null,null,null,null,null,null,null,null,null,null,null,null,null,31.15,KHSV 181153Z 30005KT 10SM CLR 02/02 A2995 RMK AO2 SLP142 70002 T00220022 10061 20022 53012 $,null
HSV,2023-12-18 12:53,35,35,100,290,5,0,29.97,1014.9,8,null,CLR,null,null,null,null,null,null,null,null,null,null,null,null,null,null,29.96,KHSV 181253Z 29005KT 8SM CLR 02/02 A2997 RMK AO2 SLP149 T00170017 $,null
HSV,2023-12-18 13:53,37,36,96.13,300,5,0,29.98,1015.4,9,null,SCT,null,null,null,2800,null,null,null,null,null,null,null,null,null,null,32.33,KHSV 181353Z 30005KT 9SM SCT028 03/02 A2998 RMK AO2 SLP154 T00280022 $,null
HSV,2023-12-18 14:53,42,39,89.01,310,5,0,29.99,1015.6,10,null,FEW,null,null,null,2500,null,null,null,null,null,null,null,null,null,null,38.27,KHSV 181453Z 31005KT 10SM FEW025 06/04 A2999 RMK AO2 SLP156 T00560039 51015 $,null
HSV,2023-12-18 15:53,45,40,82.51,300,7,0,29.99,1015.6,10,null,FEW,null,null,null,1500,null,null,null,null,null,null,null,null,null,null,40.63,KHSV 181553Z 30007KT 10SM FEW015 07/04 A2999 RMK AO2 SLP156 T00720044 $,null
HSV,2023-12-18 16:53,48,34,58.16,310,11,0,29.99,1015.7,10,null,FEW,null,null,null,1900,null,null,null,null,null,null,null,null,null,null,42.69,KHSV 181653Z 31011KT 10SM FEW019 09/01 A2999 RMK AO2 SLP157 T00890011 $,null
HSV,2023-12-18 17:53,50,31,47.83,300,10,0,29.97,1014.9,10,null,CLR,null,null,null,null,null,null,null,null,null,null,null,null,null,null,50,KHSV 181753Z 30010KT 10SM CLR 10/M01 A2997 RMK AO2 SLP149 T01001006 10100 20017 $,null
HSV,2023-12-18 18:53,52,31,44.42,280,12,0,29.96,1014.5,10,20,CLR,null,null,null,null,null,null,null,null,null,null,null,null,null,null,52,KHSV 181853Z 28012G20KT 10SM CLR 11/M01 A2996 RMK AO2 SLP145 T01111006 $,null
HSV,2023-12-18 19:53,52,30,42.65,280,12,0,29.96,1014.4,10,23,CLR,null,null,null,null,null,null,null,null,null,null,null,null,null,null,52,KHSV 181953Z 28012G23KT 10SM CLR 11/M01 A2996 RMK AO2 SLP144 T01111011 $,null
HSV,2023-12-18 20:53,52,26,36.19,310,13,0,29.98,1015.2,10,25,CLR,null,null,null,null,null,null,null,null,null,null,null,28,290,2023-12-18 20:30,52,KHSV 182053Z COR 31013G25KT 10SM CLR 11/M03 A2998 RMK AO2 PK WND 29028/2030 SLP152 T01111033 53001 $,null
HSV,2023-12-18 21:53,50,28,42.33,300,12,0,30,1016,10,23,CLR,null,null,null,null,null,null,null,null,null,null,null,null,null,null,50,KHSV 182153Z 30012G23KT 10SM CLR 10/M02 A3000 RMK AO2 SLP160 T01001022 $,null
HSV,2023-12-18 22:53,46,23,39.96,330,12,0,30.04,1017.5,10,21,CLR,null,null,null,null,null,null,null,null,null,null,null,null,null,null,39.82,KHSV 182253Z 33012G21KT 10SM CLR 08/M05 A3004 RMK AO2 SLP175 T00781050 $,null
HSV,2023-12-18 23:53,43,24,46.71,330,9,0,30.1,1019.3,10,18,CLR,null,null,null,null,null,null,null,null,null,null,null,null,null,null,37.19,KHSV 182353Z 33009G18KT 10SM CLR 06/M04 A3010 RMK AO2 SLP193 T00611044 10111 20061 53039 $,null
HSV,2023-12-19 0:53,40,21,46.23,330,12,0,30.14,1021,10,19,CLR,null,null,null,null,null,null,null,null,null,null,null,null,null,null,32.18,KHSV 190053Z 33012G19KT 10SM CLR 04/M06 A3014 RMK AO2 SLP210 T00441061 $,null
HSV,2023-12-19 1:53,38,18,43.97,330,9,0,30.16,1021.6,10,null,CLR,null,null,null,null,null,null,null,null,null,null,null,null,null,null,30.97,KHSV 190153Z 33009KT 10SM CLR 03/M08 A3016 RMK AO2 SLP216 T00331078 $,null
HSV,2023-12-19 2:53,36,17,45.57,340,6,0,30.19,1022.6,10,null,CLR,null,null,null,null,null,null,null,null,null,null,null,null,null,null,30.35,KHSV 190253Z 34006KT 10SM CLR 02/M08 A3019 RMK AO2 SLP226 T00221083 51033 $,null
HSV,2023-12-19 3:53,35,17,47.41,340,7,0,30.2,1022.9,10,null,CLR,null,null,null,null,null,null,null,null,null,null,null,null,null,null,28.44,KHSV 190353Z 34007KT 10SM CLR 02/M08 A3020 RMK AO2 SLP229 T00171083 $,null
HSV,2023-12-19 4:53,33,16,49.18,330,4,0,30.21,1023.2,10,null,CLR,null,null,null,null,null,null,null,null,null,null,null,null,null,null,28.59,KHSV 190453Z 33004KT 10SM CLR 01/M09 A3021 RMK AO2 SLP232 T00061089 $,null
HSV,2023-12-19 5:53,32,17,53.46,330,5,0,30.23,1023.7,10,null,CLR,null,null,null,null,null,null,null,null,null,null,null,null,null,null,26.4,KHSV 190553Z 33005KT 10SM CLR 00/M08 A3023 RMK AO2 SLP237 T00001083 10056 20000 401110000 53010 $,null
HSV,2023-12-19 6:53,31,16,53.31,340,5,0,30.23,1023.8,10,null,CLR,null,null,null,null,null,null,null,null,null,null,null,null,null,null,25.21,KHSV 190653Z AUTO 34005KT 10SM CLR M01/M09 A3023 RMK AO2 SLP238 T10061089 FZRANO $,null
HSV,2023-12-19 7:53,30,17,57.98,350,4,0,30.24,1024.2,10,null,CLR,null,null,null,null,null,null,null,null,null,null,null,null,null,null,25.08,KHSV 190753Z AUTO 35004KT 10SM CLR M01/M08 A3024 RMK AO2 SLP242 T10111083 FZRANO $,null
HSV,2023-12-19 8:53,28,17,62.91,320,4,0,30.25,1024.6,10,null,CLR,null,null,null,null,null,null,null,null,null,null,null,null,null,null,22.75,KHSV 190853Z AUTO 32004KT 10SM CLR M02/M08 A3025 RMK AO2 SLP246 T10221083 53009 FZRANO $,null
HSV,2023-12-19 9:53,28,17,62.91,300,4,0,30.27,1025.1,10,null,CLR,null,null,null,null,null,null,null,null,null,null,null,null,null,null,22.75,KHSV 190953Z AUTO 30004KT 10SM CLR M02/M08 A3027 RMK AO2 SLP251 T10221083 FZRANO $,null
HSV,2023-12-19 10:53,27,18,68.45,340,4,0,30.28,1025.6,10,null,CLR,null,null,null,null,null,null,null,null,null,null,null,null,null,null,21.58,KHSV 191053Z AUTO 34004KT 10SM CLR M03/M08 A3028 RMK AO2 SLP256 T10281078 FZRANO $,null
HSV,2023-12-19 11:53,27,17,65.56,320,3,0,30.31,1026.8,10,null,CLR,null,null,null,null,null,null,null,null,null,null,null,null,null,null,22.97,KHSV 191153Z 32003KT 10SM CLR M03/M08 A3031 RMK AO2 SLP268 T10281083 10000 21028 53019 $,null
HSV,2023-12-19 12:53,25,19,77.62,10,4,0,30.33,1027.5,10,null,FEW,null,null,null,25000,null,null,null,null,null,null,null,null,null,null,19.25,KHSV 191253Z 01004KT 10SM FEW250 M04/M07 A3033 RMK AO2 SLP275 T10391072 $,null
HSV,2023-12-19 13:53,30,20,65.94,340,4,0,30.37,1028.8,10,null,FEW,null,null,null,25000,null,null,null,null,null,null,null,null,null,null,25.08,KHSV 191353Z 34004KT 10SM FEW250 M01/M07 A3037 RMK AO2 SLP288 T10111067 $,null
HSV,2023-12-19 14:53,33,20,58.41,50,9,0,30.38,1029.2,10,null,FEW,null,null,null,25000,null,null,null,null,null,null,null,null,null,null,24.76,KHSV 191453Z 05009KT 10SM FEW250 01/M07 A3038 RMK AO2 SLP292 T00061067 51024 $,null
HSV,2023-12-19 15:53,35,18,49.5,60,9,0,30.4,1030,10,null,FEW,null,null,null,25000,null,null,null,null,null,null,null,null,null,null,27.24,KHSV 191553Z 06009KT 10SM FEW250 02/M08 A3040 RMK AO2 SLP300 T00171078 $,null
HSV,2023-12-19 16:53,38,19,45.9,50,5,0,30.4,1029.7,10,null,FEW,null,null,null,25000,null,null,null,null,null,null,null,null,null,null,33.52,KHSV 191653Z 05005KT 10SM FEW250 03/M07 A3040 RMK AO2 SLP297 T00331072 $,null
HSV,2023-12-19 17:53,40,19,42.45,20,6,0,30.37,1028.8,10,null,FEW,null,null,null,25000,null,null,null,null,null,null,null,null,null,null,35.17,KHSV 191753Z 02006KT 10SM FEW250 04/M07 A3037 RMK AO2 SLP288 T00441072 10050 21044 58003 $,null
HSV,2023-12-19 18:53,42,17,36.05,80,5,0,30.35,1028.1,10,null,FEW,null,null,null,25000,null,null,null,null,null,null,null,null,null,null,38.27,KHSV 191853Z 08005KT 10SM FEW250 06/M08 A3035 RMK AO2 SLP281 T00561083 $,null
HSV,2023-12-19 19:53,44,17,33.39,0,0,0,30.34,1027.8,10,null,FEW,null,null,null,25000,null,null,null,null,null,null,null,null,null,null,44,KHSV 191953Z 00000KT 10SM FEW250 07/M08 A3034 RMK AO2 SLP278 T00671083 $,null
HSV,2023-12-19 20:53,46,18,32.3,30,3,0,30.35,1028.2,10,null,FEW,null,null,null,25000,null,null,null,null,null,null,null,null,null,null,44.69,KHSV 192053Z 03003KT 10SM FEW250 08/M08 A3035 RMK AO2 SLP282 T00781078 55006 $,null
HSV,2023-12-19 21:53,44,19,36.39,20,5,0,30.36,1028.3,10,null,FEW,null,null,null,25000,null,null,null,null,null,null,null,null,null,null,40.65,KHSV 192153Z 02005KT 10SM FEW250 07/M07 A3036 RMK AO2 SLP283 T00671072 $,null
HSV,2023-12-19 22:53,39,19,44.14,30,4,0,30.36,1028.5,10,null,FEW,null,null,null,25000,null,null,null,null,null,null,null,null,null,null,35.59,KHSV 192253Z 03004KT 10SM FEW250 04/M07 A3036 RMK AO2 SLP285 T00391072 $,null
HSV,2023-12-19 23:53,39,17,40.5,40,4,0,30.36,1028.6,10,null,FEW,null,null,null,25000,null,null,null,null,null,null,null,null,null,null,35.59,KHSV 192353Z 04004KT 10SM FEW250 04/M08 A3036 RMK AO2 SLP286 T00391083 10078 20033 52003 $,null
HSV,2023-12-20 0:53,38,17,42.11,40,4,0,30.37,1028.7,10,null,CLR,null,null,null,null,null,null,null,null,null,null,null,null,null,null,34.43,KHSV 200053Z 04004KT 10SM CLR 03/M08 A3037 RMK AO2 SLP287 T00331083 $,null
HSV,2023-12-20 1:53,33,19,55.97,0,0,0,30.38,1029,10,null,CLR,null,null,null,null,null,null,null,null,null,null,null,null,null,null,33,KHSV 200153Z 00000KT 10SM CLR 01/M07 A3038 RMK AO2 SLP290 T00061072 $,null
HSV,2023-12-20 2:53,34,19,53.77,0,0,0,30.38,1029.1,10,null,FEW,null,null,null,20000,null,null,null,null,null,null,null,null,null,null,34,KHSV 200253Z 00000KT 10SM FEW200 01/M07 A3038 RMK AO2 SLP291 T00111072 52004 $,null
HSV,2023-12-20 3:53,30,22,71.78,0,0,0,30.38,1029.3,10,null,FEW,null,null,null,25000,null,null,null,null,null,null,null,null,null,null,30,KHSV 200353Z 00000KT 10SM FEW250 M01/M06 A3038 RMK AO2 SLP293 T10111056 $,null
HSV,2023-12-20 4:53,29,22,74.77,160,3,0,30.38,1029.2,10,null,FEW,null,null,null,25000,null,null,null,null,null,null,null,null,null,null,25.26,KHSV 200453Z 16003KT 10SM FEW250 M02/M06 A3038 RMK AO2 SLP292 T10171056 $,null
HSV,2023-12-20 5:53,28,24,84.72,100,5,0,30.38,1029,10,null,SCT,null,null,null,25000,null,null,null,null,null,null,null,null,null,null,21.64,KHSV 200553Z 10005KT 10SM SCT250 M02/M04 A3038 RMK AO2 SLP290 T10221044 10039 21028 400781044 58001 $,null
HSV,2023-12-20 6:53,29,24,81.32,100,4,0,30.38,1028.9,10,null,CLR,null,null,null,null,null,null,null,null,null,null,null,null,null,null,23.92,KHSV 200653Z AUTO 10004KT 10SM CLR M02/M04 A3038 RMK AO2 SLP289 T10171044 FZRANO $,null
HSV,2023-12-20 7:53,29,23,77.98,120,4,0,30.39,1029.4,10,null,CLR,null,null,null,null,null,null,null,null,null,null,null,null,null,null,23.92,KHSV 200753Z AUTO 12004KT 10SM CLR M02/M05 A3039 RMK AO2 SLP294 T10171050 FZRANO $,null
HSV,2023-12-20 8:53,30,23,74.87,0,0,0,30.39,1029.4,10,null,CLR,null,null,null,null,null,null,null,null,null,null,null,null,null,null,30,KHSV 200853Z AUTO 00000KT 10SM CLR M01/M05 A3039 RMK AO2 SLP294 T10111050 53005 FZRANO $,null
HSV,2023-12-20 9:53,30,23,74.87,160,3,0,30.39,1029.4,10,null,CLR,null,null,null,null,null,null,null,null,null,null,null,null,null,null,26.4,KHSV 200953Z AUTO 16003KT 10SM CLR M01/M05 A3039 RMK AO2 SLP294 T10111050 FZRANO $,null
HSV,2023-12-20 10:53,28,21,74.67,130,5,0,30.41,1030.1,10,null,CLR,null,null,null,null,null,null,null,null,null,null,null,null,null,null,21.64,KHSV 201053Z AUTO 13005KT 10SM CLR M02/M06 A3041 RMK AO2 SLP301 T10221061 FZRANO $,null
HSV,2023-12-20 11:53,29,21,71.67,0,0,0,30.44,1031.3,10,null,SCT,null,null,null,25000,null,null,null,null,null,null,null,null,null,null,29,KHSV 201153Z 00000KT 10SM SCT250 M02/M06 A3044 RMK AO2 SLP313 T10171061 11006 21022 53017 $,null
HSV,2023-12-20 12:53,30,20,65.94,90,3,0,30.46,1031.8,10,null,SCT,null,null,null,25000,null,null,null,null,null,null,null,null,null,null,26.4,KHSV 201253Z 09003KT 10SM SCT250 M01/M07 A3046 RMK AO2 SLP318 T10111067 $,null
HSV,2023-12-20 13:53,33,23,66.32,0,0,0,30.48,1032.6,10,null,BKN,null,null,null,25000,null,null,null,null,null,null,null,null,null,null,33,KHSV 201353Z 00000KT 10SM BKN250 01/M05 A3048 RMK AO2 SLP326 T00061050 $,null
HSV,2023-12-20 14:53,38,25,59.13,140,6,0,30.49,1032.9,10,null,BKN,null,null,null,25000,null,null,null,null,null,null,null,null,null,null,32.76,KHSV 201453Z 14006KT 10SM BKN250 03/M04 A3049 RMK AO2 SLP329 T00331039 51017 $,null
HSV,2023-12-20 15:53,42,23,46.55,140,5,0,30.5,1033.1,10,null,BKN,null,null,null,25000,null,null,null,null,null,null,null,null,null,null,38.27,KHSV 201553Z 14005KT 10SM BKN250 06/M05 A3050 RMK AO2 SLP331 T00561050 $,null
HSV,2023-12-20 16:53,47,24,40.12,140,4,0,30.47,1032.3,10,null,BKN,null,null,null,25000,null,null,null,null,null,null,null,null,null,null,44.94,KHSV 201653Z 14004KT 10SM BKN250 08/M04 A3047 RMK AO2 SLP323 T00831044 $,null
HSV,2023-12-20 17:53,50,23,34.39,180,5,0,30.43,1030.8,10,null,BKN,null,null,null,25000,null,null,null,null,null,null,null,null,null,null,50,KHSV 201753Z 18005KT 10SM BKN250 10/M05 A3043 RMK AO2 SLP308 T01001050 10100 21028 58020 $,null
HSV,2023-12-20 18:53,51,20,29.18,160,3,0,30.41,1029.9,10,null,BKN,null,null,null,25000,null,null,null,null,null,null,null,null,null,null,51,KHSV 201853Z 16003KT 10SM BKN250 11/M07 A3041 RMK AO2 SLP299 T01061067 $,null
HSV,2023-12-20 19:53,51,22,31.77,180,4,0,30.4,1029.6,10,null,BKN,null,null,null,25000,null,null,null,null,null,null,null,null,null,null,51,KHSV 201953Z 18004KT 10SM BKN250 11/M06 A3040 RMK AO2 SLP296 T01061056 $,null
HSV,2023-12-20 20:53,52,22,30.62,160,3,0,30.4,1029.7,10,null,BKN,null,null,null,25000,null,null,null,null,null,null,null,null,null,null,52,KHSV 202053Z 16003KT 10SM BKN250 11/M06 A3040 RMK AO2 SLP297 T01111056 55010 $,null
HSV,2023-12-20 21:53,52,23,31.93,110,4,0,30.4,1029.8,10,null,BKN,null,null,null,25000,null,null,null,null,null,null,null,null,null,null,52,KHSV 202153Z 11004KT 10SM BKN250 11/M05 A3040 RMK AO2 SLP298 T01111050 $,null
HSV,2023-12-20 22:53,46,22,38.31,90,5,0,30.4,1029.8,10,null,FEW,BKN,null,null,20000,25000,null,null,null,null,null,null,null,null,null,43.02,KHSV 202253Z 09005KT 10SM FEW200 BKN250 08/M06 A3040 RMK AO2 SLP298 T00781056 $,null
HSV,2023-12-20 23:53,46,23,39.96,100,5,0,30.4,1029.8,10,null,FEW,BKN,null,null,20000,25000,null,null,null,null,null,null,null,null,null,43.02,KHSV 202353Z 10005KT 10SM FEW200 BKN250 08/M05 A3040 RMK AO2 SLP298 T00781050 10117 20067 58000 $,null
HSV,2023-12-21 0:53,42,23,46.55,110,3,0,30.42,1030.3,10,null,SCT,null,null,null,25000,null,null,null,null,null,null,null,null,null,null,40.12,KHSV 210053Z 11003KT 10SM SCT250 06/M05 A3042 RMK AO2 SLP303 T00561050 $,null
HSV,2023-12-21 1:53,39,24,54.54,110,3,0,30.41,1030,10,null,FEW,null,null,null,25000,null,null,null,null,null,null,null,null,null,null,36.69,KHSV 210153Z 11003KT 10SM FEW250 04/M04 A3041 RMK AO2 SLP300 T00391044 $,null
HSV,2023-12-21 2:53,40,23,50.3,100,3,0,30.43,1030.5,10,null,FEW,null,null,null,25000,null,null,null,null,null,null,null,null,null,null,37.83,KHSV 210253Z 10003KT 10SM FEW250 04/M05 A3043 RMK AO2 SLP305 T00441050 52008 $,null
HSV,2023-12-21 3:53,36,24,61.37,90,4,0,30.43,1030.7,10,null,FEW,SCT,null,null,20000,25000,null,null,null,null,null,null,null,null,null,32.09,KHSV 210353Z 09004KT 10SM FEW200 SCT250 02/M04 A3043 RMK AO2 SLP307 T00221044 $,null
HSV,2023-12-21 4:53,36,24,61.37,110,3,0,30.44,1031,10,null,FEW,SCT,null,null,20000,25000,null,null,null,null,null,null,null,null,null,33.26,KHSV 210453Z 11003KT 10SM FEW200 SCT250 02/M04 A3044 RMK AO2 SLP310 T00221044 $,null
HSV,2023-12-21 5:53,35,25,66.57,0,0,0,30.44,1031,10,null,BKN,null,null,null,20000,null,null,null,null,null,null,null,null,null,null,35,KHSV 210553Z 00000KT 10SM BKN200 02/M04 A3044 RMK AO2 SLP310 T00171039 10078 20011 401171028 51006 $,null
HSV,2023-12-21 6:53,33,27,78.34,0,0,0,30.43,1030.8,10,null,CLR,null,null,null,null,null,null,null,null,null,null,null,null,null,null,33,KHSV 210653Z AUTO 00000KT 10SM CLR 01/M03 A3043 RMK AO2 SLP308 T00061028 FZRANO $,null
HSV,2023-12-21 7:53,33,26,75.17,0,0,0,30.44,1030.9,10,null,CLR,null,null,null,null,null,null,null,null,null,null,null,null,null,null,33,KHSV 210753Z AUTO 00000KT 10SM CLR 01/M03 A3044 RMK AO2 SLP309 T00061033 FZRANO $,null
HSV,2023-12-21 8:53,31,27,84.92,100,3,0,30.44,1031,10,null,CLR,null,null,null,null,null,null,null,null,null,null,null,null,null,null,27.55,KHSV 210853Z AUTO 10003KT 10SM CLR M01/M03 A3044 RMK AO2 SLP310 T10061028 55001 FZRANO $,null
HSV,2023-12-21 9:53,29,27,92.12,110,5,0,30.42,1030.4,10,null,CLR,null,null,null,null,null,null,null,null,null,null,null,null,null,null,22.83,KHSV 210953Z AUTO 11005KT 10SM CLR M02/M03 A3042 RMK AO2 SLP304 T10171028 FZRANO $,null
HSV,2023-12-21 10:53,30,25,81.4,110,3,0,30.42,1030.3,10,null,CLR,null,null,null,null,null,null,null,null,null,null,null,null,null,null,26.4,KHSV 211053Z AUTO 11003KT 10SM CLR M01/M04 A3042 RMK AO2 SLP303 T10111039 FZRANO $,null
HSV,2023-12-21 11:53,32,24,72,100,3,0,30.43,1030.5,10,null,SCT,null,null,null,25000,null,null,null,null,null,null,null,null,null,null,28.69,KHSV 211153Z 10003KT 10SM SCT250 00/M04 A3043 RMK AO2 SLP305 T00001044 10022 21017 55005 $,null
HSV,2023-12-21 12:53,30,24,78.07,0,0,0,30.44,1031,10,null,FEW,SCT,null,null,20000,25000,null,null,null,null,null,null,null,null,null,30,KHSV 211253Z 00000KT 10SM FEW200 SCT250 M01/M04 A3044 RMK AO2 SLP310 T10111044 $,null
HSV,2023-12-21 13:53,36,28,72.43,0,0,0,30.45,1031.5,10,null,FEW,BKN,null,null,20000,25000,null,null,null,null,null,null,null,null,null,36,KHSV 211353Z 00000KT 10SM FEW200 BKN250 02/M02 A3045 RMK AO2 SLP315 T00221022 $,null
HSV,2023-12-21 14:53,39,28,64.37,130,3,0,30.47,1031.9,10,null,FEW,BKN,null,null,20000,25000,null,null,null,null,null,null,null,null,null,36.69,KHSV 211453Z 13003KT 10SM FEW200 BKN250 04/M02 A3047 RMK AO2 SLP319 T00391022 53014 $,null
HSV,2023-12-21 15:53,45,28,51.08,110,3,0,30.48,1032.5,10,null,BKN,null,null,null,24000,null,null,null,null,null,null,null,null,null,null,43.55,KHSV 211553Z 11003KT 10SM BKN240 07/M02 A3048 RMK AO2 SLP325 T00721022 $,null
HSV,2023-12-21 16:53,49,25,38.81,170,4,0,30.46,1031.7,10,null,SCT,BKN,null,null,20000,25000,null,null,null,null,null,null,null,null,null,47.27,KHSV 211653Z 17004KT 10SM SCT200 BKN250 09/M04 A3046 RMK AO2 SLP317 T00941039 $,null
HSV,2023-12-21 17:53,52,24,33.3,140,6,0,30.42,1030.1,10,null,FEW,BKN,null,null,20000,25000,null,null,null,null,null,null,null,null,null,52,KHSV 211753Z 14006KT 10SM FEW200 BKN250 11/M04 A3042 RMK AO2 SLP301 T01111044 10111 21011 58017 $,null
HSV,2023-12-21 18:53,54,23,29.67,140,3,0,30.39,1029.2,10,null,FEW,BKN,null,null,20000,25000,null,null,null,null,null,null,null,null,null,54,KHSV 211853Z 14003KT 10SM FEW200 BKN250 12/M05 A3039 RMK AO2 SLP292 T01221050 $,null
HSV,2023-12-21 19:53,55,21,26.29,0,0,0,30.38,1028.9,10,null,OVC,null,null,null,22000,null,null,null,null,null,null,null,null,null,null,55,KHSV 211953Z 00000KT 10SM OVC220 13/M06 A3038 RMK AO2 SLP289 T01281061 $,null
HSV,2023-12-21 20:53,56,23,27.59,140,4,0,30.37,1028.6,10,null,OVC,null,null,null,19000,null,null,null,null,null,null,null,null,null,null,56,KHSV 212053Z 14004KT 10SM OVC190 13/M05 A3037 RMK AO2 SLP286 T01331050 56014 $,null
HSV,2023-12-21 21:53,53,27,36.36,130,4,0,30.36,1028.4,10,null,SCT,BKN,null,null,19000,25000,null,null,null,null,null,null,null,null,null,53,KHSV 212153Z 13004KT 10SM SCT190 BKN250 12/M03 A3036 RMK AO2 SLP284 T01171028 $,null
HSV,2023-12-21 22:53,51,26,37.55,110,4,0,30.37,1028.5,10,null,BKN,OVC,null,null,19000,25000,null,null,null,null,null,null,null,null,null,51,KHSV 212253Z 11004KT 10SM BKN190 OVC250 11/M03 A3037 RMK AO2 SLP285 T01061033 $,null
HSV,2023-12-21 23:53,50,26,38.97,100,5,0,30.36,1028.4,10,null,BKN,OVC,null,null,20000,25000,null,null,null,null,null,null,null,null,null,50,KHSV 212353Z 10005KT 10SM BKN200 OVC250 10/M03 A3036 RMK AO2 SLP284 T01001033 10139 20094 56003 $,null
HSV,2023-12-22 0:53,47,27,45.45,0,0,0,30.37,1028.6,10,null,SCT,OVC,null,null,19000,25000,null,null,null,null,null,null,null,null,null,47,KHSV 220053Z 00000KT 10SM SCT190 OVC250 08/M03 A3037 RMK AO2 SLP286 T00831028 $,null
HSV,2023-12-22 1:53,44,27,50.93,120,3,0,30.37,1028.8,10,null,BKN,OVC,null,null,20000,25000,null,null,null,null,null,null,null,null,null,42.41,KHSV 220153Z 12003KT 10SM BKN200 OVC250 07/M03 A3037 RMK AO2 SLP288 T00671028 $,null
HSV,2023-12-22 2:53,43,29,57.44,110,3,0,30.36,1028.4,10,null,OVC,null,null,null,19000,null,null,null,null,null,null,null,null,null,null,41.26,KHSV 220253Z 11003KT 10SM OVC190 06/M02 A3036 RMK AO2 SLP284 T00611017 58000 $,null
HSV,2023-12-22 3:53,41,30,64.63,110,5,0,30.36,1028.2,10,null,OVC,null,null,null,19000,null,null,null,null,null,null,null,null,null,null,37.08,KHSV 220353Z 11005KT 10SM OVC190 05/M01 A3036 RMK AO2 SLP282 T00501011 $,null
HSV,2023-12-22 4:53,40,31,69.97,0,0,0,30.35,1027.8,10,null,OVC,null,null,null,17000,null,null,null,null,null,null,null,null,null,null,40,KHSV 220453Z 00000KT 10SM OVC170 04/M01 A3035 RMK AO2 SLP278 T00441006 $,null
HSV,2023-12-22 5:53,41,31,67.3,0,0,0,30.34,1027.5,10,null,OVC,null,null,null,17000,null,null,null,null,null,null,null,null,null,null,41,KHSV 220553Z 00000KT 10SM OVC170 05/M01 A3034 RMK AO2 SLP275 T00501006 10100 20044 401391017 58007 $,null
HSV,2023-12-22 6:53,41,33,72.96,0,0,0,30.34,1027.3,10,null,CLR,null,null,null,null,null,null,null,null,null,null,null,null,null,null,41,KHSV 220653Z AUTO 00000KT 10SM CLR 05/01 A3034 RMK AO2 SLP273 T00500006 $,null
HSV,2023-12-22 7:53,41,33,72.96,100,3,0,30.33,1027.1,10,null,CLR,null,null,null,null,null,null,null,null,null,null,null,null,null,null,38.98,KHSV 220753Z AUTO 10003KT 10SM CLR 05/01 A3033 RMK AO2 SLP271 T00500006 $,null
HSV,2023-12-22 8:53,41,31,67.3,0,0,0,30.33,1027,10,null,CLR,null,null,null,null,null,null,null,null,null,null,null,null,null,null,41,KHSV 220853Z AUTO 00000KT 10SM CLR 05/M01 A3033 RMK AO2 SLP270 T00501006 56004 $,null
HSV,2023-12-22 9:53,40,29,64.5,110,4,0,30.33,1027.1,10,null,CLR,null,null,null,null,null,null,null,null,null,null,null,null,null,null,36.76,KHSV 220953Z AUTO 11004KT 10SM CLR 04/M02 A3033 RMK AO2 SLP271 T00441017 $,null
HSV,2023-12-22 10:53,38,33,82,90,3,0,30.34,1027.3,10,null,CLR,null,null,null,null,null,null,null,null,null,null,null,null,null,null,35.55,KHSV 221053Z AUTO 09003KT 10SM CLR 03/01 A3034 RMK AO2 SLP273 T00330006 $,null
HSV,2023-12-22 11:53,40,32,72.85,0,0,0,30.34,1027.6,10,null,OVC,null,null,null,18000,null,null,null,null,null,null,null,null,null,null,40,KHSV 221153Z 00000KT 10SM OVC180 04/00 A3034 RMK AO2 SLP276 T00440000 10056 20028 53004 $,null
HSV,2023-12-22 12:53,38,32,78.77,150,3,0,30.35,1027.8,10,null,BKN,OVC,null,null,17000,25000,null,null,null,null,null,null,null,null,null,35.55,KHSV 221253Z 15003KT 10SM BKN170 OVC250 03/00 A3035 RMK AO2 SLP278 T00330000 $,null
HSV,2023-12-22 13:53,41,35,79.02,0,0,0,30.35,1027.7,10,null,BKN,BKN,null,null,19000,25000,null,null,null,null,null,null,null,null,null,41,KHSV 221353Z 00000KT 10SM BKN190 BKN250 05/02 A3035 RMK AO2 SLP277 T00500017 $,null
HSV,2023-12-22 14:53,44,32,62.44,140,3,0,30.35,1028,10,null,BKN,BKN,null,null,16000,25000,null,null,null,null,null,null,null,null,null,42.41,KHSV 221453Z 14003KT 10SM BKN160 BKN250 07/00 A3035 RMK AO2 SLP280 T00670000 52004 $,null
HSV,2023-12-22 15:53,50,30,45.93,130,5,0,30.35,1027.9,10,null,FEW,BKN,null,null,15000,25000,null,null,null,null,null,null,null,null,null,50,KHSV 221553Z 13005KT 10SM FEW150 BKN250 10/M01 A3035 RMK AO2 SLP279 T01001011 $,null
HSV,2023-12-22 16:53,55,31,39.8,210,4,0,30.34,1027.3,10,null,SCT,BKN,null,null,20000,25000,null,null,null,null,null,null,null,null,null,55,KHSV 221653Z 21004KT 10SM SCT200 BKN250 13/M01 A3034 RMK AO2 SLP273 T01281006 $,null
HSV,2023-12-22 17:53,59,33,37.34,210,5,0,30.31,1026.5,10,null,SCT,null,null,null,25000,null,null,null,null,null,null,null,null,null,null,59,KHSV 221753Z 21005KT 10SM SCT250 15/01 A3031 RMK AO2 SLP265 T01500006 10150 20033 58013 $,null
HSV,2023-12-22 18:53,59,34,38.87,240,5,0,30.29,1025.8,10,null,SCT,null,null,null,25000,null,null,null,null,null,null,null,null,null,null,59,KHSV 221853Z 24005KT 10SM SCT250 15/01 A3029 RMK AO2 SLP258 T01500011 $,null
HSV,2023-12-22 19:53,61,34,36.19,110,5,0,30.27,1024.9,10,null,FEW,null,null,null,25000,null,null,null,null,null,null,null,null,null,null,61,KHSV 221953Z 11005KT 10SM FEW250 16/01 A3027 RMK AO2 SLP249 T01610011 $,null
HSV,2023-12-22 20:53,61,33,34.77,0,0,0,30.27,1024.9,10,null,FEW,null,null,null,25000,null,null,null,null,null,null,null,null,null,null,61,KHSV 222053Z 00000KT 10SM FEW250 16/01 A3027 RMK AO2 SLP249 T01610006 56015 $,null
HSV,2023-12-22 21:53,60,37,42.24,190,3,0,30.26,1024.7,10,null,SCT,null,null,null,25000,null,null,null,null,null,null,null,null,null,null,60,KHSV 222153Z 19003KT 10SM SCT250 16/03 A3026 RMK AO2 SLP247 T01560028 $,null
HSV,2023-12-22 22:53,53,37,54.41,190,5,0,30.25,1024.6,10,null,FEW,SCT,null,null,10000,25000,null,null,null,null,null,null,null,null,null,53,KHSV 222253Z 19005KT 10SM FEW100 SCT250 12/03 A3025 RMK AO2 SLP246 T01170028 $,null
HSV,2023-12-22 23:53,51,36,56.31,190,6,0,30.27,1025.2,10,null,FEW,null,null,null,25000,null,null,null,null,null,null,null,null,null,null,51,KHSV 222353Z 19006KT 10SM FEW250 11/02 A3027 RMK AO2 SLP252 T01060022 10167 20100 53000 $,null
HSV,2023-12-23 0:53,48,36,62.97,140,8,0,30.27,1025.2,10,null,FEW,null,null,null,25000,null,null,null,null,null,null,null,null,null,null,43.82,KHSV 230053Z 14008KT 10SM FEW250 09/02 A3027 RMK AO2 SLP252 T00890022 $,null
HSV,2023-12-23 1:53,47,36,65.38,160,3,0,30.29,1025.7,10,null,BKN,null,null,null,16000,null,null,null,null,null,null,null,null,null,null,45.84,KHSV 230153Z 16003KT 10SM BKN160 08/02 A3029 RMK AO2 SLP257 T00830022 $,null
HSV,2023-12-23 2:53,46,36,67.9,110,4,0,30.29,1025.9,10,null,BKN,null,null,null,16000,null,null,null,null,null,null,null,null,null,null,43.77,KHSV 230253Z 11004KT 10SM BKN160 08/02 A3029 RMK AO2 SLP259 T00780022 53007 $,null
HSV,2023-12-23 3:53,47,35,62.84,130,4,0,30.3,1025.9,10,null,FEW,null,null,null,16000,null,null,null,null,null,null,null,null,null,null,44.94,KHSV 230353Z 13004KT 10SM FEW160 08/02 A3030 RMK AO2 SLP259 T00830017 $,null
HSV,2023-12-23 4:53,43,34,70.3,90,4,0,30.3,1025.9,10,null,SCT,null,null,null,16000,null,null,null,null,null,null,null,null,null,null,40.27,KHSV 230453Z 09004KT 10SM SCT160 06/01 A3030 RMK AO2 SLP259 T00610011 $,null
HSV,2023-12-23 5:53,44,33,65.01,100,6,0,30.29,1025.4,10,null,OVC,null,null,null,11000,null,null,null,null,null,null,null,null,null,null,39.98,KHSV 230553Z 10006KT 10SM OVC110 07/01 A3029 RMK AO2 SLP254 T00670006 10106 20056 401670028 58002 $,null
HSV,2023-12-23 6:53,42,33,70.19,100,5,0,30.28,1025.2,10,null,CLR,null,null,null,null,null,null,null,null,null,null,null,null,null,null,38.27,KHSV 230653Z AUTO 10005KT 10SM CLR 06/01 A3028 RMK AO2 SLP252 T00560006 $,null
HSV,2023-12-23 7:53,44,33,65.01,110,4,0,30.28,1025.4,10,null,OVC,null,null,null,12000,null,null,null,null,null,null,null,null,null,null,41.43,KHSV 230753Z AUTO 11004KT 10SM OVC120 07/01 A3028 RMK AO2 SLP254 T00670006 $,null
HSV,2023-12-23 8:53,44,35,70.42,90,5,0,30.28,1025.3,10,null,OVC,null,null,null,11000,null,null,null,null,null,null,null,null,null,null,40.65,KHSV 230853Z AUTO 09005KT 10SM OVC110 07/02 A3028 RMK AO2 SLP253 T00670017 56001 $,null
HSV,2023-12-23 9:53,45,34,65.13,100,5,0,30.28,1025.1,10,null,FEW,OVC,null,null,5500,12000,null,null,null,null,null,null,null,null,null,41.83,KHSV 230953Z AUTO 10005KT 10SM FEW055 OVC120 07/01 A3028 RMK AO2 SLP251 T00720011 $,null
HSV,2023-12-23 10:53,44,35,70.42,100,6,0,30.28,1025.5,10,null,FEW,BKN,null,null,5500,12000,null,null,null,null,null,null,null,null,null,39.98,KHSV 231053Z AUTO 10006KT 10SM FEW055 BKN120 07/02 A3028 RMK AO2 SLP255 T00670017 $,null
HSV,2023-12-23 11:53,43,34,70.3,110,4,0,30.3,1026,10,null,FEW,FEW,null,null,5000,12000,null,null,null,null,null,null,null,null,null,40.27,KHSV 231153Z 11004KT 10SM FEW050 FEW120 06/01 A3030 RMK AO2 SLP260 T00610011 10078 20056 53005 $,null
HSV,2023-12-23 12:53,46,37,70.64,100,5,0,30.31,1026.4,10,null,OVC,null,null,null,4500,null,null,null,null,null,null,null,null,null,null,43.02,KHSV 231253Z 10005KT 10SM OVC045 08/03 A3031 RMK AO2 SLP264 BINOVC T00780028 $,null
HSV,2023-12-23 13:53,49,36,60.66,90,3,0,30.32,1026.8,10,null,OVC,null,null,null,4500,null,null,null,null,null,null,null,null,null,null,48.12,KHSV 231353Z 09003KT 10SM OVC045 09/02 A3032 RMK AO2 SLP268 BINOVC SE AND S T00940022 $,null
HSV,2023-12-23 14:53,52,37,56.45,110,4,0,30.34,1027.4,10,null,OVC,null,null,null,4400,null,null,null,null,null,null,null,null,null,null,52,KHSV 231453Z 11004KT 10SM OVC044 11/03 A3034 RMK AO2 SLP274 T01110028 53014 $,null
HSV,2023-12-23 15:53,53,39,58.85,140,8,0,30.33,1027.2,10,null,OVC,null,null,null,4400,null,null,null,null,null,null,null,null,null,null,53,KHSV 231553Z 14008KT 10SM OVC044 12/04 A3033 RMK AO2 SLP272 T01170039 $,null
HSV,2023-12-23 16:53,57,41,54.99,150,9,0,30.31,1026.5,10,null,BKN,OVC,null,null,4400,6000,null,null,null,null,null,null,null,null,null,57,KHSV 231653Z 15009KT 10SM BKN044 OVC060 14/05 A3031 RMK AO2 SLP265 BINOVC T01390050 $,null
HSV,2023-12-23 17:53,59,42,53.2,160,5,0,30.29,1025.7,10,null,OVC,null,null,null,4500,null,null,null,null,null,null,null,null,null,null,59,KHSV 231753Z 16005KT 10SM OVC045 15/06 A3029 RMK AO2 SLP257 BINOVC T01500056 10150 20061 58016 $,null
HSV,2023-12-23 18:53,62,43,49.69,160,6,0,30.26,1024.6,10,null,BKN,null,null,null,4900,null,null,null,null,null,null,null,null,null,null,62,KHSV 231853Z 16006KT 10SM BKN049 17/06 A3026 RMK AO2 SLP246 T01670061 $,null
HSV,2023-12-23 19:53,65,44,46.47,0,0,0,30.23,1023.6,10,null,BKN,null,null,null,5000,null,null,null,null,null,null,null,null,null,null,65,KHSV 231953Z 00000KT 10SM BKN050 18/07 A3023 RMK AO2 SLP236 T01830067 $,null
HSV,2023-12-23 20:53,65,45,48.28,0,0,0,30.23,1023.5,10,null,BKN,null,null,null,5000,null,null,null,null,null,null,null,null,null,null,65,KHSV 232053Z 00000KT 10SM BKN050 18/07 A3023 RMK AO2 SLP235 T01830072 56021 $,null
HSV,2023-12-23 21:53,65,45,48.28,40,4,0,30.23,1023.4,10,null,BKN,null,null,null,5000,null,null,null,null,null,null,null,null,null,null,65,KHSV 232153Z 04004KT 10SM BKN050 18/07 A3023 RMK AO2 SLP234 T01830072 $,null
HSV,2023-12-23 22:53,60,45,57.58,60,3,0,30.24,1023.8,10,null,FEW,null,null,null,5000,null,null,null,null,null,null,null,null,null,null,60,KHSV 232253Z 06003KT 10SM FEW050 16/07 A3024 RMK AO2 SLP238 T01560072 $,null
HSV,2023-12-23 23:53,54,45,71.5,90,5,0,30.24,1024.1,10,null,FEW,SCT,null,null,9000,11000,null,null,null,null,null,null,null,null,null,54,KHSV 232353Z 09005KT 10SM FEW090 SCT110 12/07 A3024 RMK AO2 SLP241 T01220072 10194 20117 53005 $,null
HSV,2023-12-24 0:53,53,45,74.16,110,5,0,30.25,1024.5,10,null,SCT,null,null,null,10000,null,null,null,null,null,null,null,null,null,null,53,KHSV 240053Z 11005KT 10SM SCT100 12/07 A3025 RMK AO2 SLP245 T01170072 $,null
HSV,2023-12-24 1:53,50,44,79.76,110,5,0,30.26,1024.6,10,null,FEW,null,null,null,11000,null,null,null,null,null,null,null,null,null,null,50,KHSV 240153Z 11005KT 10SM FEW110 10/07 A3026 RMK AO2 SLP246 T01000067 $,null
HSV,2023-12-24 2:53,53,43,68.71,120,5,0,30.27,1024.9,10,null,BKN,null,null,null,11000,null,null,null,null,null,null,null,null,null,null,53,KHSV 240253Z 12005KT 10SM BKN110 12/06 A3027 RMK AO2 SLP249 T01170061 53008 $,null
HSV,2023-12-24 3:53,51,42,71.18,110,5,0,30.27,1024.8,10,null,BKN,null,null,null,11000,null,null,null,null,null,null,null,null,null,null,51,KHSV 240353Z 11005KT 10SM BKN110 11/06 A3027 RMK AO2 SLP248 T01060056 $,null
HSV,2023-12-24 4:53,50,42,73.87,110,6,0,30.26,1024.5,10,null,BKN,null,null,null,11000,null,null,null,null,null,null,null,null,null,null,50,KHSV 240453Z 11006KT 10SM BKN110 10/06 A3026 RMK AO2 SLP245 T01000056 $,null
HSV,2023-12-24 5:53,49,42,76.67,90,5,0,30.26,1024.3,10,null,SCT,null,null,null,11000,null,null,null,null,null,null,null,null,null,null,46.58,KHSV 240553Z 09005KT 10SM SCT110 09/06 A3026 RMK AO2 SLP243 T00940056 10133 20089 401940056 58004 $,null
HSV,2023-12-24 6:53,51,42,71.18,100,7,0,30.24,1023.7,10,null,SCT,null,null,null,11000,null,null,null,null,null,null,null,null,null,null,51,KHSV 240653Z AUTO 10007KT 10SM SCT110 11/06 A3024 RMK AO2 SLP237 T01060056 $,null
HSV,2023-12-24 7:53,51,43,73.97,120,8,0,30.24,1023.6,10,null,CLR,null,null,null,null,null,null,null,null,null,null,null,null,null,null,51,KHSV 240753Z AUTO 12008KT 10SM CLR 11/06 A3024 RMK AO2 SLP236 T01060061 $,null
HSV,2023-12-24 8:53,50,44,79.76,110,7,0,30.23,1023.5,10,null,SCT,null,null,null,11000,null,null,null,null,null,null,null,null,null,null,50,KHSV 240853Z AUTO 11007KT 10SM SCT110 10/07 A3023 RMK AO2 SLP235 T01000067 56007 $,null
HSV,2023-12-24 9:53,50,45,82.86,90,8,0,30.24,1023.5,10,null,BKN,null,null,null,12000,null,null,null,null,null,null,null,null,null,null,50,KHSV 240953Z AUTO 09008KT 10SM BKN120 10/07 A3024 RMK AO2 SLP235 T01000072 $,null
HSV,2023-12-24 10:53,51,46,82.93,100,7,0,30.24,1023.9,10,null,FEW,OVC,null,null,5500,12000,null,null,null,null,null,null,null,null,null,51,KHSV 241053Z AUTO 10007KT 10SM FEW055 OVC120 11/08 A3024 RMK AO2 SLP239 T01060078 $,null
HSV,2023-12-24 11:53,50,47,89.37,90,7,0,30.24,1023.9,10,null,FEW,null,null,null,11000,null,null,null,null,null,null,null,null,null,null,50,KHSV 241153Z 09007KT 10SM FEW110 10/08 A3024 RMK AO2 SLP239 T01000083 10111 20094 50002 $,null
HSV,2023-12-24 12:53,51,48,89.42,120,7,0,30.25,1024.2,10,null,SCT,BKN,null,null,11000,25000,null,null,null,null,null,null,null,null,null,51,KHSV 241253Z 12007KT 10SM SCT110 BKN250 11/09 A3025 RMK AO2 SLP242 T01060089 $,null
HSV,2023-12-24 13:53,53,49,86.23,120,8,0,30.26,1024.5,10,null,FEW,BKN,null,null,11000,25000,null,null,null,null,null,null,null,null,null,53,KHSV 241353Z 12008KT 10SM FEW110 BKN250 12/09 A3026 RMK AO2 SLP245 T01170094 $,null
HSV,2023-12-24 14:53,56,50,80.23,110,11,0,30.26,1024.3,10,null,FEW,OVC,null,null,11000,25000,null,null,null,null,null,null,null,null,null,56,KHSV 241453Z 11011KT 10SM FEW110 OVC250 13/10 A3026 RMK AO2 SLP243 T01330100 50005 $,null
HSV,2023-12-24 15:53,59,51,74.74,120,9,0,30.25,1024.1,10,null,FEW,OVC,null,null,12000,25000,null,null,null,null,null,null,null,null,null,59,KHSV 241553Z 12009KT 10SM FEW120 OVC250 15/11 A3025 RMK AO2 SLP241 T01500106 $,null
HSV,2023-12-24 16:53,63,49,60.2,130,9,0,30.22,1023.1,10,null,SCT,OVC,null,null,12000,25000,null,null,null,null,null,null,null,null,null,63,KHSV 241653Z 13009KT 10SM SCT120 OVC250 17/09 A3022 RMK AO2 SLP231 T01720094 $,null
HSV,2023-12-24 17:53,63,48,57.99,130,9,0,30.19,1022.1,10,null,FEW,OVC,null,null,13000,25000,null,null,null,null,null,null,null,null,null,63,KHSV 241753Z 13009KT 10SM FEW130 OVC250 17/09 A3019 RMK AO2 SLP221 T01720089 10178 20100 58021 $,null
HSV,2023-12-24 18:53,63,48,57.99,120,12,0,30.16,1021,10,null,FEW,OVC,null,null,12000,15000,null,null,null,null,null,null,null,null,null,63,KHSV 241853Z 12012KT 10SM FEW120 OVC150 17/09 A3016 RMK AO2 SLP210 T01720089 $,null
HSV,2023-12-24 19:53,66,47,50.29,140,11,0,30.14,1020.4,10,19,FEW,BKN,OVC,null,4500,14000,25000,null,null,null,null,null,null,null,null,66,KHSV 241953Z 14011G19KT 10SM FEW045 BKN140 OVC250 19/08 A3014 RMK AO2 SLP204 BINOVC T01890083 $,null
HSV,2023-12-24 20:53,64,46,51.93,120,12,0,30.11,1019.5,10,null,FEW,SCT,BKN,null,4600,14000,25000,null,null,null,null,null,null,null,null,64,KHSV 242053Z 12012KT 10SM FEW046 SCT140 BKN250 18/08 A3011 RMK AO2 SLP195 T01780078 56026 $,null
HSV,2023-12-24 21:53,63,45,51.78,130,10,0,30.12,1019.6,10,null,SCT,BKN,null,null,14000,25000,null,null,null,null,null,null,null,null,null,63,KHSV 242153Z 13010KT 10SM SCT140 BKN250 17/07 A3012 RMK AO2 SLP196 T01720072 $,null
HSV,2023-12-24 22:53,61,45,55.57,110,7,0,30.11,1019.4,10,null,FEW,SCT,OVC,null,4500,14000,25000,null,null,null,null,null,null,null,null,61,KHSV 242253Z 11007KT 10SM FEW045 SCT140 OVC250 16/07 A3011 RMK AO2 SLP194 T01610072 $,null
HSV,2023-12-24 23:53,62,47,57.85,110,12,0,30.1,1018.9,10,null,BKN,OVC,null,null,4500,5500,null,null,null,null,null,null,null,null,null,62,KHSV 242353Z 11012KT 10SM BKN045 OVC055 17/08 A3010 RMK AO2 SLP189 T01670083 10194 20161 58005 $,null
HSV,2023-12-25 0:53,62,51,67.18,120,10,0,30.09,1018.8,10,null,BKN,BKN,OVC,null,4300,5000,25000,null,null,null,null,null,null,null,null,62,KHSV 250053Z 12010KT 10SM BKN043 BKN050 OVC250 17/11 A3009 RMK AO2 SLP188 T01670106 $,null
HSV,2023-12-25 1:53,63,54,72.42,130,16,T,30.07,1018.1,10,22,SCT,OVC,null,null,3100,4300,null,null,#NAME?,null,null,null,null,null,null,63,KHSV 250153Z 13016G22KT 10SM -RA SCT031 OVC043 17/12 A3007 RMK AO2 RAB40 SLP181 P0000 T01720122 $,null
HSV,2023-12-25 2:53,63,55,75.11,120,17,T,30.06,1017.6,10,22,FEW,SCT,OVC,null,3100,4400,10000,null,null,null,null,null,26,130,2023-12-25 2:19,63,KHSV 250253Z 12017G22KT 10SM FEW031 SCT044 OVC100 17/13 A3006 RMK AO2 PK WND 13026/0219 RAE00B18E49 SLP176 P0000 60000 T01720128 58012 $,null
HSV,2023-12-25 3:53,63,55,75.11,130,15,T,30.04,1016.9,10,25,SCT,BKN,OVC,null,2900,5500,12000,null,#NAME?,null,null,null,26,120,2023-12-25 3:41,63,KHSV 250353Z 13015G25KT 10SM -RA SCT029 BKN055 OVC120 17/13 A3004 RMK AO2 PK WND 12026/0341 RAB0255 SLP169 P0000 T01720128 $,null
HSV,2023-12-25 4:36,62,56,80.68,130,13,T,30.03,null,10,null,BKN,BKN,OVC,null,2800,3500,5000,null,null,null,null,null,26,130,2023-12-25 4:04,62,KHSV 250436Z 13013KT 10SM BKN028 BKN035 OVC050 17/13 A3003 RMK AO2 PK WND 13026/0404 RAE32 P0000 T01670133 $,null
HSV,2023-12-25 4:53,63,56,77.89,120,14,T,30.03,1016.3,10,22,OVC,null,null,null,3000,null,null,null,null,null,null,null,26,130,2023-12-25 4:04,63,KHSV 250453Z 12014G22KT 10SM OVC030 17/13 A3003 RMK AO2 PK WND 13026/0404 RAE32B50E52 SLP163 P0000 T01720133 $,null
HSV,2023-12-25 5:33,62,56,80.68,120,11,0,30.01,null,10,null,BKN,OVC,null,null,2900,5500,null,null,null,null,null,null,null,null,null,62,KHSV 250533Z 12011KT 10SM BKN029 OVC055 17/13 A3001 RMK AO2 T01670133 $,null
HSV,2023-12-25 5:53,62,57,83.65,130,13,T,30,1015.5,10,null,BKN,BKN,OVC,null,2700,3700,6000,null,#NAME?,null,null,null,null,null,null,62,KHSV 250553Z 13013KT 10SM -RA BKN027 BKN037 OVC060 17/14 A3000 RMK AO2 RAB49 SLP155 P0000 60000 T01670139 10172 20161 401940094 58020 $,null
HSV,2023-12-25 6:39,59,59,100,110,11,0.01,29.98,null,8,null,SCT,BKN,OVC,null,2400,3000,3400,null,#NAME?,null,null,null,null,null,null,59,KHSV 250639Z AUTO 11011KT 8SM -RA SCT024 BKN030 OVC034 15/15 A2998 RMK AO2 P0001 T01500150 $,null
HSV,2023-12-25 6:53,59,59,100,110,12,0.01,29.97,1014.6,10,null,SCT,BKN,OVC,null,2200,3000,8500,null,#NAME?,null,null,null,null,null,null,59,KHSV 250653Z AUTO 11012KT 10SM -RA SCT022 BKN030 OVC085 15/15 A2997 RMK AO2 SLP146 P0001 T01500150 $,null
HSV,2023-12-25 7:01,59,59,100,110,13,T,29.97,null,9,20,SCT,BKN,OVC,null,2200,2600,5500,null,#NAME?,null,null,null,null,null,null,59,KHSV 250701Z AUTO 11013G20KT 9SM -RA SCT022 BKN026 OVC055 15/15 A2997 RMK AO2 P0000 T01500150 $,null
HSV,2023-12-25 7:53,59,59,100,120,14,0.05,29.96,1014.2,8,null,FEW,SCT,OVC,null,1300,1700,2300,null,RA,null,null,null,null,null,null,59,KHSV 250753Z AUTO 12014KT 8SM RA FEW013 SCT017 OVC023 15/15 A2996 RMK AO2 SLP142 P0005 T01500150 $,null
HSV,2023-12-25 8:16,58,58,100,120,13,0.02,29.96,null,8,21,SCT,BKN,OVC,null,1700,3800,8000,null,RA,null,null,null,null,null,null,58,KHSV 250816Z AUTO 12013G21KT 8SM RA SCT017 BKN038 OVC080 14/14 A2996 RMK AO2 P0002 T01440144 $,null
HSV,2023-12-25 8:36,58,58,100,120,13,0.03,29.95,null,9,null,BKN,OVC,null,null,2100,3800,null,null,RA,null,null,null,null,null,null,58,KHSV 250836Z AUTO 12013KT 9SM RA BKN021 OVC038 14/14 A2995 RMK AO2 P0003 T01440144 $,null
HSV,2023-12-25 8:53,58,58,100,120,13,0.05,29.95,1013.7,6,null,SCT,BKN,OVC,null,1600,2100,5500,null,RA BR,null,null,null,null,null,null,58,KHSV 250853Z AUTO 12013KT 6SM RA BR SCT016 BKN021 OVC055 14/14 A2995 RMK AO2 SLP137 P0005 60011 T01440144 56018 $,null
HSV,2023-12-25 9:44,58,58,100,120,11,0.06,29.92,null,6,null,SCT,BKN,OVC,null,1800,4900,8000,null,RA BR,null,null,null,null,null,null,58,KHSV 250944Z AUTO 12011KT 6SM RA BR SCT018 BKN049 OVC080 14/14 A2992 RMK AO2 P0006 T01440144 $,null
HSV,2023-12-25 9:53,57,57,100,120,10,0.08,29.92,1012.8,5,null,FEW,SCT,OVC,null,1800,4700,7000,null,#NAME?,null,null,null,null,null,null,57,KHSV 250953Z AUTO 12010KT 5SM +RA BR FEW018 SCT047 OVC070 14/14 A2992 RMK AO2 SLP128 P0008 T01390139 $,null
HSV,2023-12-25 10:36,58,58,100,120,12,0.06,29.9,null,6,null,SCT,BKN,OVC,null,900,7000,8500,null,RA BR,null,null,null,null,null,null,58,KHSV 251036Z AUTO 12012KT 6SM RA BR SCT009 BKN070 OVC085 14/14 A2990 RMK AO2 P0006 T01440144 $,null
HSV,2023-12-25 10:50,57.2,57.2,100,120,14,0.08,29.89,null,7,22,SCT,BKN,OVC,null,800,2500,8500,null,RA,null,null,null,null,null,null,57.2,KHSV 251050Z AUTO 12014G22KT 7SM RA SCT008 BKN025 OVC085 14/14 A2989 RMK AO2 P0008 $,null
HSV,2023-12-25 10:53,58,58,100,110,15,0.09,29.89,1011.7,6,null,SCT,BKN,OVC,null,1000,2500,7000,null,RA BR,null,null,null,null,null,null,58,KHSV 251053Z AUTO 11015KT 6SM RA BR SCT010 BKN025 OVC070 14/14 A2989 RMK AO2 SLP117 P0009 T01440144 $,null
HSV,2023-12-25 11:10,58,58,100,110,16,0.03,29.87,null,7,26,FEW,BKN,OVC,null,1000,7500,9500,null,RA,null,null,null,26,110,2023-12-25 10:58,58,KHSV 251110Z AUTO 11016G26KT 7SM RA FEW010 BKN075 OVC095 14/14 A2987 RMK AO2 PK WND 11026/1058 P0003 T01440144 $,null
HSV,2023-12-25 11:53,58,58,100,120,16,0.05,29.87,1011.1,10,33,FEW,BKN,OVC,null,4600,8000,10000,null,#NAME?,null,null,null,33,120,2023-12-25 11:45,58,KHSV 251153Z 12016G33KT 10SM -RA FEW046 BKN080 OVC100 14/14 A2987 RMK AO2 PK WND 12033/1145 SLP111 P0005 60033 70033 T01440144 10167 20139 56017 $,null
HSV,2023-12-25 12:53,58,58,100,120,14,0.11,29.87,1011.1,4,null,FEW,SCT,OVC,null,3600,5500,7500,null,#NAME?,null,null,null,30,120,2023-12-25 11:54,58,KHSV 251253Z 12014KT 4SM +RA BR FEW036 SCT055 OVC075 14/14 A2987 RMK AO2 PK WND 12030/1154 SLP111 P0011 T01440144 $,null
HSV,2023-12-25 13:53,58,58,100,120,13,0.44,29.86,1010.7,4,null,FEW,SCT,OVC,null,1200,2500,3900,null,#NAME?,null,null,null,null,null,null,58,KHSV 251353Z 12013KT 4SM +RA BR FEW012 SCT025 OVC039 14/14 A2986 RMK AO2 SLP107 P0044 T01440144 $,null
HSV,2023-12-25 14:12,59,59,100,130,12,0.12,29.86,null,3,22,FEW,SCT,OVC,null,800,1700,3500,null,#NAME?,null,null,null,null,null,null,59,KHSV 251412Z 13012G22KT 3SM +RA BR FEW008 SCT017 OVC035 15/15 A2986 RMK AO2 P0012 T01500150 $,null
HSV,2023-12-25 14:23,58,58,100,150,10,0.19,29.87,null,2.5,null,FEW,SCT,OVC,null,800,1700,2400,null,#NAME?,null,null,null,null,null,null,58,KHSV 251423Z 15010KT 2 1/2SM +RA BR FEW008 SCT017 OVC024 14/14 A2987 RMK AO2 P0019 T01440144 $,null
HSV,2023-12-25 14:51,57.2,57.2,100,110,10,0.38,29.87,null,3,null,SCT,BKN,OVC,null,1000,1400,2600,null,#NAME?,null,null,null,null,null,null,57.2,KHSV 251451Z 11010KT 3SM +RA BR SCT010 BKN014 OVC026 14/14 A2987 RMK AO2 P0038 $,null
HSV,2023-12-25 14:53,58,58,100,110,11,0.38,29.86,1010.7,3,null,BKN,BKN,OVC,null,1200,1900,2600,null,#NAME?,null,null,null,null,null,null,58,KHSV 251453Z 11011KT 3SM +RA BR BKN012 BKN019 OVC026 14/14 A2986 RMK AO2 PRESFR SLP107 P0038 60093 T01440144 57004 $,null
HSV,2023-12-25 14:56,58,58,100,100,9,0.03,29.84,null,3,null,SCT,BKN,OVC,null,1200,1600,2800,null,#NAME?,null,null,null,null,null,null,58,KHSV 251456Z 10009KT 3SM +RA BR SCT012 BKN016 OVC028 14/14 A2984 RMK AO2 PRESFR P0003 T01440144 $,null
HSV,2023-12-25 15:14,60,60,100,130,16,0.07,29.85,null,10,23,SCT,BKN,OVC,null,1400,6500,11000,null,#NAME?,null,null,null,null,null,null,60,KHSV 251514Z 13016G23KT 10SM -RA SCT014 BKN065 OVC110 16/16 A2985 RMK AO2 P0007 T01560156 $,null
HSV,2023-12-25 15:53,61,61,100,150,11,0.07,29.88,1011.4,10,null,FEW,SCT,OVC,null,1400,2600,3800,null,null,null,null,null,null,null,null,61,KHSV 251553Z 15011KT 10SM FEW014 SCT026 OVC038 16/16 A2988 RMK AO2 RAE16 SLP114 P0007 T01610161 $,null
HSV,2023-12-25 16:00,61,61,100,160,12,0,29.88,null,10,null,FEW,BKN,OVC,null,1500,2400,3800,null,null,null,null,null,null,null,null,61,KHSV 251600Z 16012KT 10SM FEW015 BKN024 OVC038 16/16 A2988 RMK AO2 T01610161 $,null
HSV,2023-12-25 16:41,61,61,100,170,8,T,29.88,null,2.5,null,BKN,OVC,null,null,1200,1700,null,null,#NAME?,null,null,null,null,null,null,61,KHSV 251641Z 17008KT 2 1/2SM -RA BR BKN012 OVC017 16/16 A2988 RMK AO2 TWR VIS 3 VIS 2 1/2V3 RAB18 P0000 T01610161 $,null
HSV,2023-12-25 16:49,62.6,62.6,100,160,10,T,29.88,null,3,null,BKN,OVC,null,null,1200,1700,null,null,BR,null,null,null,null,null,null,62.6,KHSV 251649Z 16010KT 3SM BR BKN012 OVC017 17/17 A2988 RMK AO2 SFC VIS 5 RAB18E48 P0000 $,null
HSV,2023-12-25 16:53,62,62,100,160,10,T,29.88,1011.4,9,null,OVC,null,null,null,1200,null,null,null,null,null,null,null,null,null,null,62,KHSV 251653Z 16010KT 9SM OVC012 17/17 A2988 RMK AO2 RAB18E48 SLP114 P0000 T01670167 $,null
HSV,2023-12-25 17:00,62,62,100,160,10,0,29.88,null,6,null,BKN,OVC,null,null,900,1400,null,null,BR,null,null,null,null,null,null,62,KHSV 251700Z 16010KT 6SM BR BKN009 OVC014 17/17 A2988 RMK AO2 T01670167 $,null
HSV,2023-12-25 17:45,63,63,100,200,11,0,29.87,null,10,null,SCT,OVC,null,null,1000,1500,null,null,null,null,null,null,null,null,null,63,KHSV 251745Z 20011KT 10SM SCT010 OVC015 17/17 A2987 RMK AO2 T01720172 $,null
HSV,2023-12-25 17:53,64,64,100,190,9,0,29.86,1010.9,10,16,SCT,BKN,OVC,null,1000,1600,2100,null,null,null,null,null,null,null,null,64,KHSV 251753Z 19009G16KT 10SM SCT010 BKN016 OVC021 18/18 A2986 RMK AO2 SLP109 60100 T01780178 10178 20144 58005 $,null
HSV,2023-12-25 18:53,65,62,90.01,210,11,0,29.85,1010.4,10,null,OVC,null,null,null,2200,null,null,null,null,null,null,null,null,null,null,65,KHSV 251853Z 21011KT 10SM OVC022 18/17 A2985 RMK AO2 SLP104 T01830167 $,null
HSV,2023-12-25 19:32,65,62,90.01,220,9,0,29.85,null,10,null,SCT,OVC,null,null,2200,3100,null,null,null,null,null,null,null,null,null,65,KHSV 251932Z 22009KT 10SM SCT022 OVC031 18/17 A2985 RMK AO2 T01830167 $,null
HSV,2023-12-25 19:53,65,62,90.01,220,8,0,29.85,1010.4,10,null,OVC,null,null,null,3100,null,null,null,null,null,null,null,null,null,null,65,KHSV 251953Z 22008KT 10SM OVC031 18/17 A2985 RMK AO2 SLP104 T01830167 $,null
HSV,2023-12-25 20:17,65,62,90.01,250,8,0,29.86,null,10,null,OVC,null,null,null,2800,null,null,null,null,null,null,null,null,null,null,65,KHSV 252017Z 25008KT 10SM OVC028 18/17 A2986 RMK AO2 T01830167 $,null
HSV,2023-12-25 20:53,64,62,93.21,210,5,0,29.87,1011,10,null,FEW,OVC,null,null,1400,3100,null,null,null,null,null,null,null,null,null,64,KHSV 252053Z 21005KT 10SM FEW014 OVC031 18/17 A2987 RMK AO2 SLP110 T01780167 53001 $,null
HSV,2023-12-25 21:53,64,61,89.97,200,6,0,29.88,1011.3,10,null,BKN,null,null,null,3400,null,null,null,null,null,null,null,null,null,null,64,KHSV 252153Z 20006KT 10SM BKN034 18/16 A2988 RMK AO2 SLP113 T01780161 $,null
HSV,2023-12-25 22:53,63,61,93.18,220,7,0,29.9,1012.2,10,null,OVC,null,null,null,3800,null,null,null,null,null,null,null,null,null,null,63,KHSV 252253Z 22007KT 10SM OVC038 17/16 A2990 RMK AO2 SLP122 T01720161 $,null
HSV,2023-12-25 23:53,62,59,89.89,250,8,0,29.94,1013.4,10,null,OVC,null,null,null,4000,null,null,null,null,null,null,null,null,null,null,62,KHSV 252353Z 25008KT 10SM OVC040 17/15 A2994 RMK AO2 SLP134 T01670150 10183 20161 53024 $,null
HSV,2023-12-26 0:53,60,57,89.8,270,5,0,29.94,1013.5,10,null,FEW,OVC,null,null,2400,4200,null,null,null,null,null,null,null,null,null,60,KHSV 260053Z 27005KT 10SM FEW024 OVC042 16/14 A2994 RMK AO2 SLP135 T01560139 $,null
HSV,2023-12-26 1:53,59,56,89.76,240,4,0,29.97,1014.4,10,null,SCT,BKN,null,null,3300,4100,null,null,null,null,null,null,null,null,null,59,KHSV 260153Z 24004KT 10SM SCT033 BKN041 15/13 A2997 RMK AO2 SLP144 T01500133 $,null
HSV,2023-12-26 2:53,57,55,93.01,220,3,0,29.97,1014.6,10,null,BKN,BKN,null,null,4200,25000,null,null,null,null,null,null,null,null,null,57,KHSV 260253Z 22003KT 10SM BKN042 BKN250 14/13 A2997 RMK AO2 SLP146 T01390128 53011 $,null
HSV,2023-12-26 3:53,54,54,100,0,0,0,29.97,1014.6,10,null,BKN,BKN,null,null,4200,25000,null,null,null,null,null,null,null,null,null,54,KHSV 260353Z 00000KT 10SM BKN042 BKN250 12/12 A2997 RMK AO2 SLP146 T01220122 $,null
HSV,2023-12-26 4:53,52,52,100,0,0,0,29.97,1014.7,10,null,FEW,SCT,null,null,3800,25000,null,null,MIFG,null,null,null,null,null,null,52,KHSV 260453Z 00000KT 10SM MIFG FEW038 SCT250 11/11 A2997 RMK AO2 SLP147 T01110111 $,null
HSV,2023-12-26 5:37,51,51,100,0,0,0,29.97,null,2,null,SCT,BKN,null,null,4000,25000,null,null,BR,null,null,null,null,null,null,51,KHSV 260537Z 00000KT 2SM R18R/3500VP6000FT BR SCT040 BKN250 11/11 A2997 RMK AO2 T01060106 $,null
HSV,2023-12-26 5:53,51,51,100,0,0,0,29.96,1014.3,1,null,FEW,BKN,null,null,3600,25000,null,null,BR,null,null,null,null,null,null,51,KHSV 260553Z COR 00000KT 1SM R18R/1600VP6000FT BR FEW036 BKN250 11/11 A2996 RMK AO2 SLP143 T01060106 10167 20100 401830100 58003 $,null
HSV,2023-12-26 6:01,50,50,100,300,5,0,29.97,null,1.25,null,BKN,BKN,null,null,1300,25000,null,null,BR,null,null,null,null,null,null,50,KHSV 260601Z 30005KT 1 1/4SM R18R/1600VP6000FT BR BKN013 BKN250 10/10 A2997 RMK AO2 T01000100 $,null
HSV,2023-12-26 6:06,52,52,100,290,3,0,29.97,null,4,null,BKN,null,null,null,1300,null,null,null,BR,null,null,null,null,null,null,52,KHSV 260606Z 29003KT 4SM BR BKN013 11/11 A2997 RMK AO2 T01110111 $,null
HSV,2023-12-26 6:25,53,53,100,310,6,0,29.98,null,10,null,SCT,BKN,null,null,1200,2000,null,null,null,null,null,null,null,null,null,53,KHSV 260625Z AUTO 31006KT 10SM SCT012 BKN020 12/12 A2998 RMK AO2 T01170117 $,null
HSV,2023-12-26 6:37,53,53,100,310,6,0,29.98,null,10,null,BKN,BKN,null,null,1400,2000,null,null,null,null,null,null,null,null,null,53,KHSV 260637Z AUTO 31006KT 10SM BKN014 BKN020 12/12 A2998 RMK AO2 T01170117 $,null
HSV,2023-12-26 6:53,54,54,100,310,6,0,29.98,1014.8,10,null,OVC,null,null,null,1300,null,null,null,null,null,null,null,null,null,null,54,KHSV 260653Z AUTO 31006KT 10SM OVC013 12/12 A2998 RMK AO2 SLP148 T01220122 $,null
HSV,2023-12-26 7:43,54,53,96.4,310,3,0,29.98,null,10,null,OVC,null,null,null,1500,null,null,null,null,null,null,null,null,null,null,54,KHSV 260743Z AUTO 31003KT 10SM OVC015 12/12 A2998 RMK AO2 T01220117 $,null
HSV,2023-12-26 7:53,54,53,96.4,320,3,0,29.98,1014.9,10,null,OVC,null,null,null,1500,null,null,null,null,null,null,null,null,null,null,54,KHSV 260753Z AUTO 32003KT 10SM OVC015 12/12 A2998 RMK AO2 SLP149 T01220117 $,null
HSV,2023-12-26 8:53,53,52,96.39,290,4,0,29.99,1015.1,10,null,OVC,null,null,null,2300,null,null,null,null,null,null,null,null,null,null,53,KHSV 260853Z AUTO 29004KT 10SM OVC023 12/11 A2999 RMK AO2 SLP151 T01170111 51008 $,null
HSV,2023-12-26 9:53,53,52,96.39,310,4,0,29.99,1015.2,10,null,FEW,OVC,null,null,1200,2600,null,null,null,null,null,null,null,null,null,53,KHSV 260953Z AUTO 31004KT 10SM FEW012 OVC026 12/11 A2999 RMK AO2 SLP152 T01170111 $,null
HSV,2023-12-26 10:11,52,51,96.37,320,3,0,29.99,null,10,null,BKN,OVC,null,null,1400,2600,null,null,null,null,null,null,null,null,null,52,KHSV 261011Z AUTO 32003KT 10SM BKN014 OVC026 11/11 A2999 RMK AO2 T01110106 $,null
HSV,2023-12-26 10:28,52,50,92.86,330,3,0,29.99,null,10,null,OVC,null,null,null,1500,null,null,null,null,null,null,null,null,null,null,52,KHSV 261028Z AUTO 33003KT 10SM OVC015 11/10 A2999 RMK AO2 T01110100 $,null
HSV,2023-12-26 10:53,51,48,89.42,310,7,0,29.99,1015.4,10,null,SCT,OVC,null,null,1600,2800,null,null,null,null,null,null,null,null,null,51,KHSV 261053Z AUTO 31007KT 10SM SCT016 OVC028 11/09 A2999 RMK AO2 SLP154 T01060089 $,null
HSV,2023-12-26 11:25,51,48,89.42,300,6,0,29.99,null,10,null,FEW,OVC,null,null,1500,3000,null,null,null,null,null,null,null,null,null,51,KHSV 261125Z AUTO 30006KT 10SM FEW015 OVC030 11/09 A2999 RMK AO2 T01060089 $,null
HSV,2023-12-26 11:53,50,48,92.8,320,5,0,30.01,1015.9,10,null,OVC,null,null,null,3000,null,null,null,null,null,null,null,null,null,null,50,KHSV 261153Z 32005KT 10SM OVC030 10/09 A3001 RMK AO2 SLP159 70100 T01000089 10122 20100 53006 $,null
HSV,2023-12-26 12:53,50,48,92.8,280,6,0,30.03,1016.7,10,null,BKN,OVC,null,null,1400,3000,null,null,null,null,null,null,null,null,null,50,KHSV 261253Z 28006KT 10SM BKN014 OVC030 10/09 A3003 RMK AO2 SLP167 T01000089 $,null
HSV,2023-12-26 13:53,49,47,92.77,290,6,0,30.03,1016.6,10,null,BKN,OVC,null,null,1400,3000,null,null,null,null,null,null,null,null,null,46,KHSV 261353Z 29006KT 10SM BKN014 OVC030 09/08 A3003 RMK AO2 SLP166 T00940083 $,null
HSV,2023-12-26 14:28,49,46,89.33,300,8,0,30.05,null,10,null,FEW,OVC,null,null,800,1500,null,null,null,null,null,null,null,null,null,45.05,KHSV 261428Z 30008KT 10SM FEW008 OVC015 09/08 A3005 RMK AO2 T00940078 $,null
HSV,2023-12-26 14:53,49,45,86,300,9,0,30.06,1017.7,10,null,FEW,BKN,OVC,null,800,1600,2800,null,null,null,null,null,null,null,null,44.65,KHSV 261453Z 30009KT 10SM FEW008 BKN016 OVC028 09/07 A3006 RMK AO2 SLP177 T00940072 53017 $,null
HSV,2023-12-26 15:53,49,45,86,290,8,0,30.06,1017.7,10,null,BKN,OVC,null,null,1400,2800,null,null,null,null,null,null,null,null,null,45.05,KHSV 261553Z 29008KT 10SM BKN014 OVC028 09/07 A3006 RMK AO2 SLP177 T00940072 $,null
HSV,2023-12-26 16:09,49,44,82.79,290,7,0,30.06,null,10,null,SCT,OVC,null,null,1400,2800,null,null,null,null,null,null,null,null,null,45.5,KHSV 261609Z 29007KT 10SM SCT014 OVC028 09/07 A3006 RMK AO2 T00940067 $,null
HSV,2023-12-26 16:53,50,44,79.76,290,5,0,30.05,1017.4,10,null,FEW,OVC,null,null,1400,2900,null,null,null,null,null,null,null,null,null,50,KHSV 261653Z 29005KT 10SM FEW014 OVC029 10/07 A3005 RMK AO2 SLP174 T01000067 $,null
HSV,2023-12-26 17:22,51,44,76.85,320,7,0,30.04,null,10,null,FEW,OVC,null,null,1800,3000,null,null,null,null,null,null,null,null,null,51,KHSV 261722Z 32007KT 10SM FEW018 OVC030 11/07 A3004 RMK AO2 T01060067 $,null
HSV,2023-12-26 17:53,52,45,76.94,310,8,0,30.02,1016.6,10,16,FEW,OVC,null,null,1900,3000,null,null,null,null,null,null,null,null,null,52,KHSV 261753Z 31008G16KT 10SM FEW019 OVC030 11/07 A3002 RMK AO2 SLP166 T01110072 10111 20094 58011 $,null
HSV,2023-12-26 18:53,54,46,74.26,280,5,0,30,1015.7,10,null,SCT,SCT,null,null,2100,3000,null,null,null,null,null,null,null,null,null,54,KHSV 261853Z 28005KT 10SM SCT021 SCT030 12/08 A3000 RMK AO2 SLP157 T01220078 $,null
HSV,2023-12-26 19:53,55,45,68.93,330,5,0,29.98,1015,10,null,SCT,SCT,null,null,2200,25000,null,null,null,null,null,null,null,null,null,55,KHSV 261953Z 33005KT 10SM SCT022 SCT250 13/07 A2998 RMK AO2 SLP150 T01280072 $,null
HSV,2023-12-26 20:00,55,45,68.93,280,6,0,29.98,null,10,null,OVC,null,null,null,2300,null,null,null,null,null,null,null,null,null,null,55,KHSV 262000Z 28006KT 10SM OVC023 13/07 A2998 RMK AO2 T01280072 $,null
HSV,2023-12-26 20:16,53,45,74.16,290,6,0,29.99,null,10,null,SCT,SCT,null,null,2300,25000,null,null,null,null,null,null,null,null,null,53,KHSV 262016Z 29006KT 10SM SCT023 SCT250 12/07 A2999 RMK AO2 T01170072 $,null
HSV,2023-12-26 20:53,54,45,71.5,null,5,0,29.99,1015.2,10,null,FEW,SCT,null,null,2300,25000,null,null,null,null,null,null,null,null,null,54,KHSV 262053Z VRB05KT 10SM FEW023 SCT250 12/07 A2999 RMK AO2 SLP152 T01220072 55012 $,null
HSV,2023-12-26 21:53,53,43,68.71,270,4,0,29.98,1015.1,10,null,FEW,FEW,FEW,null,2500,12000,25000,null,null,null,null,null,null,null,null,53,KHSV 262153Z 27004KT 10SM FEW025 FEW120 FEW250 12/06 A2998 RMK AO2 SLP151 T01170061 $,null
HSV,2023-12-26 22:53,49,44,82.79,270,4,0,29.97,1014.9,10,null,FEW,FEW,FEW,null,2500,12000,25000,null,null,null,null,null,null,null,null,47.27,KHSV 262253Z 27004KT 10SM FEW025 FEW120 FEW250 09/07 A2997 RMK AO2 SLP149 T00940067 $,null
HSV,2023-12-26 23:53,47,41,79.52,270,4,0,29.99,1015.5,10,null,FEW,null,null,null,12000,null,null,null,null,null,null,null,null,null,null,44.94,KHSV 262353Z 27004KT 10SM FEW120 08/05 A2999 RMK AO2 SLP155 T00830050 10133 20078 53000 $,null
HSV,2023-12-27 0:53,45,40,82.51,280,3,0,29.98,1015.3,10,null,FEW,null,null,null,13000,null,null,null,null,null,null,null,null,null,null,43.55,KHSV 270053Z 28003KT 10SM FEW130 07/04 A2998 RMK AO2 SLP153 T00720044 $,null
HSV,2023-12-27 1:53,44,40,85.71,300,4,0,29.99,1015.6,10,null,FEW,null,null,null,2500,null,null,null,null,null,null,null,null,null,null,41.43,KHSV 270153Z 30004KT 10SM FEW025 07/04 A2999 RMK AO2 SLP156 T00670044 $,null
HSV,2023-12-27 2:53,41,39,92.52,320,3,0,29.99,1015.8,10,null,FEW,null,null,null,2500,null,null,null,null,null,null,null,null,null,null,38.98,KHSV 270253Z 32003KT 10SM FEW025 05/04 A2999 RMK AO2 SLP158 T00500039 53002 $,null
HSV,2023-12-27 3:53,40,38,92.49,0,0,0,30,1015.8,10,null,CLR,null,null,null,null,null,null,null,null,null,null,null,null,null,null,40,KHSV 270353Z 00000KT 10SM CLR 04/03 A3000 RMK AO2 SLP158 T00440033 $,null
HSV,2023-12-27 4:53,38,38,100,230,3,0,29.99,1015.5,10,null,CLR,null,null,null,null,null,null,null,null,null,null,null,null,null,null,35.55,KHSV 270453Z 23003KT 10SM CLR 03/03 A2999 RMK AO2 SLP155 T00330033 $,null
HSV,2023-12-27 5:53,38,38,100,300,6,0,29.99,1015.6,10,null,FEW,null,null,null,20000,null,null,null,null,null,null,null,null,null,null,32.76,KHSV 270553Z 30006KT 10SM FEW200 03/03 A2999 RMK AO2 SLP156 T00330033 10083 20028 401330028 55002 $,null
HSV,2023-12-27 6:53,38,36,92.42,320,6,0,29.99,1015.5,10,null,CLR,null,null,null,null,null,null,null,null,null,null,null,null,null,null,32.76,KHSV 270653Z AUTO 32006KT 10SM CLR 03/02 A2999 RMK AO2 SLP155 T00330022 $,null
HSV,2023-12-27 7:53,37,36,96.13,10,3,0,29.99,1015.5,10,null,CLR,null,null,null,null,null,null,null,null,null,null,null,null,null,null,34.4,KHSV 270753Z AUTO 01003KT 10SM CLR 03/02 A2999 RMK AO2 SLP155 T00280022 $,null
HSV,2023-12-27 8:53,37,36,96.13,0,0,0,29.99,1015.5,10,null,CLR,null,null,null,null,null,null,null,null,null,null,null,null,null,null,37,KHSV 270853Z AUTO 00000KT 10SM CLR 03/02 A2999 RMK AO2 SLP155 T00280022 56000 $,null
HSV,2023-12-27 9:53,37,36,96.13,0,0,0,29.99,1015.6,10,null,CLR,null,null,null,null,null,null,null,null,null,null,null,null,null,null,37,KHSV 270953Z AUTO 00000KT 10SM CLR 03/02 A2999 RMK AO2 SLP156 T00280022 $,null
HSV,2023-12-27 10:53,35,35,100,0,0,0,29.98,1015.2,10,null,CLR,null,null,null,null,null,null,null,null,null,null,null,null,null,null,35,KHSV 271053Z AUTO 00000KT 10SM CLR 02/02 A2998 RMK AO2 SLP152 T00170017 FZRANO $,null
HSV,2023-12-27 11:53,34,34,100,0,0,0,29.99,1015.7,10,null,FEW,null,null,null,25000,null,null,null,null,null,null,null,null,null,null,34,KHSV 271153Z 00000KT 10SM FEW250 01/01 A2999 RMK AO2 SLP157 T00110011 10039 20011 55000 $,null
HSV,2023-12-27 12:53,33,33,100,0,0,0,29.99,1015.7,10,null,SCT,null,null,null,25000,null,null,null,null,null,null,null,null,null,null,33,KHSV 271253Z 00000KT 10SM SCT250 01/01 A2999 RMK AO2 SLP157 T00060006 $,null
HSV,2023-12-27 13:53,37,37,100,0,0,0,29.99,1015.6,8,null,SCT,null,null,null,25000,null,null,null,BCFG,null,null,null,null,null,null,37,KHSV 271353Z 00000KT 8SM BCFG SCT250 03/03 A2999 RMK AO2 SLP156 VIS SE-S 1 T00280028 $,null
HSV,2023-12-27 14:11,38,38,100,90,3,0,29.98,null,9,null,FEW,SCT,null,null,100,25000,null,null,BCFG,null,null,null,null,null,null,35.55,KHSV 271411Z 09003KT 9SM BCFG FEW001 SCT250 03/03 A2998 RMK AO2 VIS SE 1 T00330033 $,null
HSV,2023-12-27 14:53,41,40,96.19,110,3,0,29.98,1015.5,10,null,FEW,FEW,null,null,300,25000,null,null,null,null,null,null,null,null,null,38.98,KHSV 271453Z 11003KT 10SM FEW003 FEW250 05/04 A2998 RMK AO2 SLP155 T00500044 58002 $,null
HSV,2023-12-27 15:53,45,40,82.51,110,3,0,29.97,1015,10,null,FEW,FEW,null,null,8000,25000,null,null,null,null,null,null,null,null,null,43.55,KHSV 271553Z 11003KT 10SM FEW080 FEW250 07/04 A2997 RMK AO2 SLP150 T00720044 $,null
HSV,2023-12-27 16:53,48,38,68.13,190,4,0,29.95,1014.2,10,null,FEW,null,null,null,25000,null,null,null,null,null,null,null,null,null,null,46.1,KHSV 271653Z 19004KT 10SM FEW250 09/03 A2995 RMK AO2 SLP142 T00890033 $,null
HSV,2023-12-27 17:53,52,37,56.45,220,3,0,29.92,1013.1,10,null,FEW,FEW,null,null,8000,25000,null,null,null,null,null,null,null,null,null,52,KHSV 271753Z 22003KT 10SM FEW080 FEW250 11/03 A2992 RMK AO2 SLP131 T01110028 10111 20000 58023 $,null
HSV,2023-12-27 18:53,55,31,39.8,230,6,0,29.88,1011.8,10,null,FEW,SCT,null,null,6500,25000,null,null,null,null,null,null,null,null,null,55,KHSV 271853Z 23006KT 10SM FEW065 SCT250 13/M01 A2988 RMK AO2 SLP118 T01281006 $,null
HSV,2023-12-27 19:53,56,34,43.3,220,4,0,29.87,1011.3,10,null,SCT,SCT,null,null,6500,25000,null,null,null,null,null,null,null,null,null,56,KHSV 271953Z 22004KT 10SM SCT065 SCT250 13/01 A2987 RMK AO2 SLP113 T01330011 $,null
HSV,2023-12-27 20:53,57,33,40.12,230,9,0,29.85,1010.6,10,null,FEW,SCT,null,null,7000,25000,null,null,null,null,null,null,null,null,null,57,KHSV 272053Z 23009KT 10SM FEW070 SCT250 14/01 A2985 RMK AO2 SLP106 T01390006 56023 $,null
HSV,2023-12-27 21:53,56,33,41.6,210,7,0,29.85,1010.7,10,null,FEW,SCT,null,null,7000,25000,null,null,null,null,null,null,null,null,null,56,KHSV 272153Z 21007KT 10SM FEW070 SCT250 13/01 A2985 RMK AO2 SLP107 T01330006 $,null
HSV,2023-12-27 22:53,49,35,58.3,190,8,0,29.85,1011,10,null,FEW,SCT,null,null,7000,25000,null,null,null,null,null,null,null,null,null,45.05,KHSV 272253Z 19008KT 10SM FEW070 SCT250 09/02 A2985 RMK AO2 SLP110 T00940017 $,null
HSV,2023-12-27 23:53,50,36,58.44,170,5,0,29.86,1011.3,10,null,BKN,BKN,null,null,7000,25000,null,null,null,null,null,null,null,null,null,50,KHSV 272353Z 17005KT 10SM BKN070 BKN250 10/02 A2986 RMK AO2 SLP113 T01000022 10144 20089 53005 $,null
HSV,2023-12-28 0:53,51,34,52,210,8,0,29.88,1011.8,10,null,OVC,null,null,null,6000,null,null,null,null,null,null,null,null,null,null,51,KHSV 280053Z 21008KT 10SM OVC060 11/01 A2988 RMK AO2 SLP118 T01060011 $,null
HSV,2023-12-28 1:53,50,37,60.79,250,13,T,29.9,1012.4,10,22,OVC,null,null,null,4800,null,null,null,#NAME?,null,null,null,null,null,null,50,KHSV 280153Z 25013G22KT 10SM -RA OVC048 10/03 A2990 RMK AO2 RAB47 SLP124 P0000 T01000028 $,null
HSV,2023-12-28 2:53,48,41,76.58,250,5,T,29.89,1012.3,10,null,FEW,OVC,null,null,4800,6000,null,null,null,null,null,null,null,null,null,45.4,KHSV 280253Z 25005KT 10SM FEW048 OVC060 09/05 A2989 RMK AO2 RAE06 SLP123 P0000 60000 T00890050 50010 $,null
HSV,2023-12-28 3:53,46,41,82.58,250,5,0,29.9,1012.6,10,null,BKN,null,null,null,8000,null,null,null,null,null,null,null,null,null,null,43.02,KHSV 280353Z 25005KT 10SM BKN080 08/05 A2990 RMK AO2 SLP126 T00780050 $,null
HSV,2023-12-28 4:53,45,39,79.36,290,3,0,29.9,1012.3,10,null,OVC,null,null,null,7000,null,null,null,null,null,null,null,null,null,null,43.55,KHSV 280453Z 29003KT 10SM OVC070 07/04 A2990 RMK AO2 SLP123 T00720039 $,null
HSV,2023-12-28 5:53,46,36,67.9,310,10,0,29.9,1012.4,10,null,FEW,OVC,null,null,4200,6000,null,null,null,null,null,null,null,null,null,40.52,KHSV 280553Z 31010KT 10SM FEW042 OVC060 08/02 A2990 RMK AO2 SLP124 60000 T00780022 10106 20072 401440000 51002 $,null
HSV,2023-12-28 6:53,44,34,67.66,320,7,0,29.9,1012.6,10,null,BKN,null,null,null,5500,null,null,null,null,null,null,null,null,null,null,39.41,KHSV 280653Z AUTO 32007KT 10SM BKN055 07/01 A2990 RMK AO2 SLP126 T00670011 $,null
HSV,2023-12-28 7:53,42,32,67.42,310,8,0,29.95,1014.1,10,null,OVC,null,null,null,5500,null,null,null,null,null,null,null,null,null,null,36.43,KHSV 280753Z AUTO 31008KT 10SM OVC055 06/00 A2995 RMK AO2 SLP141 T00560000 $,null
HSV,2023-12-28 8:53,39,30,69.85,320,8,0,29.93,1013.4,10,null,CLR,null,null,null,null,null,null,null,null,null,null,null,null,null,null,32.74,KHSV 280853Z AUTO 32008KT 10SM CLR 04/M01 A2993 RMK AO2 SLP134 T00391011 50010 $,null
HSV,2023-12-28 9:53,37,30,75.56,320,5,0,29.92,1013.1,10,null,CLR,null,null,null,null,null,null,null,null,null,null,null,null,null,null,32.33,KHSV 280953Z AUTO 32005KT 10SM CLR 03/M01 A2992 RMK AO2 SLP131 T00281011 $,null
HSV,2023-12-28 10:53,36,30,78.6,310,4,0,29.92,1013,10,null,CLR,null,null,null,null,null,null,null,null,null,null,null,null,null,null,32.09,KHSV 281053Z AUTO 31004KT 10SM CLR 02/M01 A2992 RMK AO2 SLP130 T00221011 FZRANO $,null
HSV,2023-12-28 11:53,35,29,78.51,320,5,0,29.93,1013.4,10,null,CLR,null,null,null,null,null,null,null,null,null,null,null,null,null,null,29.96,KHSV 281153Z 32005KT 10SM CLR 02/M02 A2993 RMK AO2 SLP134 T00171017 10078 20017 55001 $,null
HSV,2023-12-28 12:53,32,29,88.53,0,0,0,29.94,1013.9,10,null,CLR,null,null,null,null,null,null,null,null,null,null,null,null,null,null,32,KHSV 281253Z 00000KT 10SM CLR 00/M02 A2994 RMK AO2 SLP139 T00001017 $,null
HSV,2023-12-28 13:53,37,29,72.54,300,3,0,29.94,1013.8,10,null,CLR,null,null,null,null,null,null,null,null,null,null,null,null,null,null,34.4,KHSV 281353Z 30003KT 10SM CLR 03/M02 A2994 RMK AO2 SLP138 T00281017 $,null
HSV,2023-12-28 14:53,39,28,64.37,300,6,0,29.94,1014,10,null,CLR,null,null,null,null,null,null,null,null,null,null,null,null,null,null,33.96,KHSV 281453Z 30006KT 10SM CLR 04/M02 A2994 RMK AO2 SLP140 T00391022 51006 $,null
HSV,2023-12-28 15:53,42,29,59.69,300,6,0,29.95,1014.1,10,null,FEW,null,null,null,3000,null,null,null,null,null,null,null,null,null,null,37.57,KHSV 281553Z COR 30006KT 10SM FEW030 06/M02 A2995 RMK AO2 SLP141 T00561017 $,null
HSV,2023-12-28 16:53,42,28,57.3,240,10,0,29.93,1013.6,10,null,BKN,null,null,null,3200,null,null,null,null,null,null,null,null,null,null,35.51,KHSV 281653Z 24010KT 10SM BKN032 06/M02 A2993 RMK AO2 SLP136 T00561022 $,null
HSV,2023-12-28 17:53,43,29,57.44,270,7,0,29.91,1012.9,10,null,BKN,null,null,null,3600,null,null,null,null,null,null,null,null,null,null,38.19,KHSV 281753Z 27007KT 10SM BKN036 06/M02 A2991 RMK AO2 SLP129 T00611017 10067 20000 58011 $,null
HSV,2023-12-28 18:53,44,29,55.29,260,10,0,29.9,1012.4,10,null,SCT,null,null,null,3900,null,null,null,null,null,null,null,null,null,null,38.02,KHSV 281853Z 26010KT 10SM SCT039 07/M02 A2990 RMK AO2 SLP124 T00671017 $,null
HSV,2023-12-28 19:53,44,29,55.29,280,7,0,29.9,1012.5,10,null,BKN,null,null,null,4300,null,null,null,null,null,null,null,null,null,null,39.41,KHSV 281953Z 28007KT 10SM BKN043 07/M02 A2990 RMK AO2 SLP125 T00671017 $,null
HSV,2023-12-28 20:53,44,29,55.29,290,7,0,29.91,1012.9,10,null,OVC,null,null,null,4300,null,null,null,null,null,null,null,null,null,null,39.41,KHSV 282053Z 29007KT 10SM OVC043 07/M02 A2991 RMK AO2 SLP129 T00671017 55001 $,null
HSV,2023-12-28 21:53,43,29,57.44,290,9,0,29.92,1013.4,10,null,OVC,null,null,null,4500,null,null,null,null,null,null,null,null,null,null,37.19,KHSV 282153Z 29009KT 10SM OVC045 06/M02 A2992 RMK AO2 SLP134 T00611017 $,null
HSV,2023-12-28 22:53,43,29,57.44,310,8,0,29.93,1013.7,10,null,OVC,null,null,null,4800,null,null,null,null,null,null,null,null,null,null,37.66,KHSV 282253Z 31008KT 10SM OVC048 06/M02 A2993 RMK AO2 SLP137 T00611017 $,null
HSV,2023-12-28 23:53,42,30,62.18,310,3,0,29.94,1014.1,10,null,OVC,null,null,null,4300,null,null,null,null,null,null,null,null,null,null,40.12,KHSV 282353Z COR 31003KT 10SM OVC043 06/M01 A2994 RMK AO2 SLP141 T00561011 10078 20056 52010 $,null
HSV,2023-12-29 0:53,42,30,62.18,300,3,0,29.95,1014.4,10,null,SCT,OVC,null,null,4100,5000,null,null,null,null,null,null,null,null,null,40.12,KHSV 290053Z 30003KT 10SM SCT041 OVC050 06/M01 A2995 RMK AO2 SLP144 T00561011 $,null
HSV,2023-12-29 1:53,41,33,72.96,0,0,0,29.95,1014.3,10,null,FEW,OVC,null,null,3800,5000,null,null,null,null,null,null,null,null,null,41,KHSV 290153Z 00000KT 10SM FEW038 OVC050 05/01 A2995 RMK AO2 SLP143 T00500006 $,null
HSV,2023-12-29 2:53,42,31,64.75,280,3,0,29.94,1014.1,10,null,FEW,OVC,null,null,3600,4900,null,null,null,null,null,null,null,null,null,40.12,KHSV 290253Z 28003KT 10SM FEW036 OVC049 06/M01 A2994 RMK AO2 SLP141 T00561006 58000 $,null
HSV,2023-12-29 3:53,41,32,70.08,290,4,0,29.94,1014,10,null,FEW,OVC,null,null,3100,4600,null,null,null,null,null,null,null,null,null,37.93,KHSV 290353Z 29004KT 10SM FEW031 OVC046 05/00 A2994 RMK AO2 SLP140 T00500000 $,null
HSV,2023-12-29 4:53,41,33,72.96,290,5,0,29.93,1013.6,10,null,BKN,BKN,OVC,null,2800,3300,4900,null,null,null,null,null,null,null,null,37.08,KHSV 290453Z 29005KT 10SM BKN028 BKN033 OVC049 05/01 A2993 RMK AO2 SLP136 T00500006 $,null
HSV,2023-12-29 5:06,41,33,72.96,280,4,0,29.93,null,10,null,SCT,SCT,OVC,null,2800,3600,5000,null,null,null,null,null,null,null,null,37.93,KHSV 290506Z 28004KT 10SM SCT028 SCT036 OVC050 05/01 A2993 RMK AO2 T00500006 $,null
HSV,2023-12-29 5:38,41,33,72.96,270,6,0,29.92,null,10,null,BKN,OVC,null,null,2600,5500,null,null,null,null,null,null,null,null,null,36.37,KHSV 290538Z 27006KT 10SM BKN026 OVC055 05/01 A2992 RMK AO2 T00500006 $,null
HSV,2023-12-29 5:53,41,33,72.96,280,10,0,29.92,1013.3,10,15,BKN,BKN,OVC,null,2600,3500,4700,null,null,null,null,null,null,null,null,34.25,KHSV 290553Z 28010G15KT 10SM BKN026 BKN035 OVC047 05/01 A2992 RMK AO2 SLP133 T00500006 10056 20050 400780000 58007 $,null
HSV,2023-12-29 6:04,40,34,78.94,280,10,0,29.92,null,10,16,SCT,BKN,OVC,null,2600,3500,4700,null,null,null,null,null,null,null,null,33,KHSV 290604Z AUTO 28010G16KT 10SM SCT026 BKN035 OVC047 04/01 A2992 RMK AO2 T00440011 $,null
HSV,2023-12-29 6:16,40,35,82.15,280,8,0,29.92,null,10,null,BKN,BKN,OVC,null,2400,3500,4700,null,null,null,null,null,null,null,null,33.97,KHSV 290616Z AUTO 28008KT 10SM BKN024 BKN035 OVC047 04/02 A2992 RMK AO2 T00440017 $,null
HSV,2023-12-29 6:50,39.2,35.6,86.79,270,8,0,29.91,null,10,null,FEW,SCT,OVC,null,1600,2700,3800,null,null,null,null,null,null,null,null,32.98,KHSV 290650Z AUTO 27008KT 10SM FEW016 SCT027 OVC038 04/02 A2991 RMK AO2 $,null
HSV,2023-12-29 6:53,39,35,85.42,270,6,0,29.91,1013.1,10,null,SCT,BKN,OVC,null,1600,2700,3800,null,null,null,null,null,null,null,null,33.96,KHSV 290653Z AUTO 27006KT 10SM SCT016 BKN027 OVC038 04/02 A2991 RMK AO2 SLP131 T00390017 $,null
HSV,2023-12-29 7:11,38,37,96.14,280,10,T,29.92,null,9,null,SCT,OVC,null,null,1600,3300,null,null,null,null,null,null,null,null,null,30.49,KHSV 290711Z AUTO 28010KT 9SM SCT016 OVC033 03/03 A2992 RMK AO2 RAB01E11 P0000 T00330028 $,null
HSV,2023-12-29 7:23,38,37,96.14,270,7,T,29.92,null,9,null,FEW,BKN,OVC,null,1000,1400,3300,null,null,null,null,null,null,null,null,32.09,KHSV 290723Z AUTO 27007KT 9SM FEW010 BKN014 OVC033 03/03 A2992 RMK AO2 RAB01E11 P0000 T00330028 $,null
HSV,2023-12-29 7:53,38,38,100,270,6,T,29.92,1013.3,10,null,OVC,null,null,null,1200,null,null,null,null,null,null,null,null,null,null,32.76,KHSV 290753Z AUTO 27006KT 10SM OVC012 03/03 A2992 RMK AO2 RAB01E11 SLP133 P0000 T00330033 $,null
HSV,2023-12-29 8:39,38,38,100,270,6,0.01,29.92,null,10,null,FEW,BKN,OVC,null,900,1400,2200,null,#NAME?,null,null,null,null,null,null,32.76,KHSV 290839Z AUTO 27006KT 10SM -RA FEW009 BKN014 OVC022 03/03 A2992 RMK AO2 RAB22 P0001 T00330033 $,null
HSV,2023-12-29 8:53,38,38,100,260,8,0.01,29.92,1013.2,10,null,BKN,OVC,null,null,1000,1500,null,null,null,null,null,null,null,null,null,31.5,KHSV 290853Z AUTO 26008KT 10SM BKN010 OVC015 03/03 A2992 RMK AO2 RAB22E52 SLP132 P0001 60001 T00330033 50001 $,null
HSV,2023-12-29 9:26,38,37,96.14,270,6,0,29.91,null,10,null,SCT,BKN,OVC,null,1200,1700,4800,null,null,null,null,null,null,null,null,32.76,KHSV 290926Z AUTO 27006KT 10SM SCT012 BKN017 OVC048 03/03 A2991 RMK AO2 T00330028 $,null
HSV,2023-12-29 9:35,38,38,100,270,5,0,29.91,null,10,null,SCT,BKN,OVC,null,1000,1400,2100,null,null,null,null,null,null,null,null,33.52,KHSV 290935Z AUTO 27005KT 10SM SCT010 BKN014 OVC021 03/03 A2991 RMK AO2 T00330033 $,null
HSV,2023-12-29 9:53,38,37,96.14,270,7,0,29.91,1012.9,10,null,SCT,BKN,OVC,null,1000,1800,9000,null,null,null,null,null,null,null,null,32.09,KHSV 290953Z AUTO 27007KT 10SM SCT010 BKN018 OVC090 03/03 A2991 RMK AO2 SLP129 T00330028 $,null
HSV,2023-12-29 10:04,37,37,100,270,5,0,29.91,null,10,null,SCT,BKN,OVC,null,1000,5500,9000,null,null,null,null,null,null,null,null,32.33,KHSV 291004Z AUTO 27005KT 10SM SCT010 BKN055 OVC090 03/03 A2991 RMK AO2 T00280028 $,null
HSV,2023-12-29 10:40,38,37,96.14,260,5,0,29.91,null,10,null,FEW,BKN,OVC,null,1100,2100,4200,null,null,null,null,null,null,null,null,33.52,KHSV 291040Z AUTO 26005KT 10SM FEW011 BKN021 OVC042 03/03 A2991 RMK AO2 T00330028 $,null
HSV,2023-12-29 10:53,38,37,96.14,250,6,0,29.91,1013.1,10,null,SCT,BKN,OVC,null,1100,1700,4400,null,null,null,null,null,null,null,null,32.76,KHSV 291053Z AUTO 25006KT 10SM SCT011 BKN017 OVC044 03/03 A2991 RMK AO2 SLP131 T00330028 $,null
HSV,2023-12-29 10:57,38,37,96.14,260,6,0,29.91,null,10,null,BKN,BKN,OVC,null,900,1500,4400,null,null,null,null,null,null,null,null,32.76,KHSV 291057Z AUTO 26006KT 10SM BKN009 BKN015 OVC044 03/03 A2991 RMK AO2 T00330028 $,null
HSV,2023-12-29 11:11,38,37,96.14,250,5,T,29.92,null,10,null,BKN,OVC,null,null,1100,1600,null,null,#NAME?,null,null,null,null,null,null,33.52,KHSV 291111Z AUTO 25005KT 10SM -RA BKN011 OVC016 03/03 A2992 RMK AO2 RAB04 CIG 009V013 P0000 T00330028 $,null
HSV,2023-12-29 11:23,38,37,96.14,260,6,T,29.92,null,10,null,OVC,null,null,null,900,null,null,null,null,null,null,null,null,null,null,32.76,KHSV 291123Z AUTO 26006KT 10SM OVC009 03/03 A2992 RMK AO2 RAB04E14 P0000 T00330028 $,null
HSV,2023-12-29 11:35,39,37,92.45,250,7,T,29.92,null,10,null,OVC,null,null,null,1000,null,null,null,null,null,null,null,null,null,null,33.31,KHSV 291135Z AUTO 25007KT 10SM OVC010 04/03 A2992 RMK AO2 RAB04E14 P0000 T00390028 $,null
HSV,2023-12-29 11:53,39,37,92.45,270,7,T,29.93,1013.6,10,null,BKN,OVC,null,null,1000,1700,null,null,null,null,null,null,null,null,null,33.31,KHSV 291153Z 27007KT 10SM BKN010 OVC017 04/03 A2993 RMK AO2 RAB04E14 SLP136 P0000 60001 70001 T00390028 10050 20028 53004 $,null
HSV,2023-12-29 12:29,39,37,92.45,260,8,0,29.94,null,10,null,SCT,OVC,null,null,1300,2600,null,null,null,null,null,null,null,null,null,32.74,KHSV 291229Z 26008KT 10SM SCT013 OVC026 04/03 A2994 RMK AO2 T00390028 $,null
HSV,2023-12-29 12:53,38,35,88.83,250,7,0,29.94,1013.9,10,null,FEW,BKN,OVC,null,1400,2600,3100,null,null,null,null,null,null,null,null,32.09,KHSV 291253Z 25007KT 10SM FEW014 BKN026 OVC031 03/02 A2994 RMK AO2 SLP139 T00330017 $,null
HSV,2023-12-29 13:53,39,35,85.42,280,8,0,29.96,1014.7,10,null,BKN,OVC,null,null,1500,3500,null,null,null,null,null,null,null,null,null,32.74,KHSV 291353Z 28008KT 10SM BKN015 OVC035 04/02 A2996 RMK AO2 SLP147 T00390017 $,null
HSV,2023-12-29 14:43,39,34,82.08,250,11,0,29.98,null,10,null,FEW,FEW,OVC,null,1500,2500,4200,null,null,null,null,null,null,null,null,31.31,KHSV 291443Z 25011KT 10SM FEW015 FEW025 OVC042 04/01 A2998 RMK AO2 T00390011 $,null
HSV,2023-12-29 14:53,39,35,85.42,250,9,0,29.98,1015.4,10,null,BKN,OVC,null,null,1600,4200,null,null,null,null,null,null,null,null,null,32.22,KHSV 291453Z 25009KT 10SM BKN016 OVC042 04/02 A2998 RMK AO2 SLP154 T00390017 53017 $,null
HSV,2023-12-29 15:04,39,35,85.42,260,8,0,29.98,null,10,null,SCT,OVC,null,null,1700,4000,null,null,null,null,null,null,null,null,null,32.74,KHSV 291504Z 26008KT 10SM SCT017 OVC040 04/02 A2998 RMK AO2 T00390017 $,null
HSV,2023-12-29 15:53,40,34,78.94,260,8,0,29.99,1015.8,10,null,SCT,OVC,null,null,1800,4100,null,null,null,null,null,null,null,null,null,33.97,KHSV 291553Z 26008KT 10SM SCT018 OVC041 04/01 A2999 RMK AO2 SLP158 T00440011 $,null
HSV,2023-12-29 16:53,41,34,75.94,240,8,0,29.98,1015.4,10,null,FEW,BKN,OVC,null,2000,2600,4500,null,null,null,null,null,null,null,null,35.2,KHSV 291653Z 24008KT 10SM FEW020 BKN026 OVC045 05/01 A2998 RMK AO2 SLP154 T00500011 $,null
HSV,2023-12-29 17:53,42,32,67.42,270,10,0,29.96,1014.7,10,null,BKN,OVC,null,null,2700,3900,null,null,null,null,null,null,null,null,null,35.51,KHSV 291753Z 27010KT 10SM BKN027 OVC039 06/00 A2996 RMK AO2 SLP147 T00560000 10056 20033 58006 $,null
HSV,2023-12-29 18:13,42,33,70.19,260,8,0,29.96,null,10,null,SCT,BKN,OVC,null,2700,3900,4700,null,null,null,null,null,null,null,null,36.43,KHSV 291813Z 26008KT 10SM SCT027 BKN039 OVC047 06/01 A2996 RMK AO2 T00560006 $,null
HSV,2023-12-29 18:53,42,31,64.75,270,9,0,29.95,1014.2,10,18,BKN,BKN,OVC,null,3000,4000,5000,null,null,null,null,null,null,null,null,35.95,KHSV 291853Z 27009G18KT 10SM BKN030 BKN040 OVC050 06/M01 A2995 RMK AO2 SLP142 T00561006 $,null
HSV,2023-12-29 19:28,41,31,67.3,250,12,0,29.94,null,10,null,BKN,OVC,null,null,2800,3600,null,null,null,null,null,null,null,null,null,33.46,KHSV 291928Z 25012KT 10SM BKN028 OVC036 05/M01 A2994 RMK AO2 T00501006 $,null
HSV,2023-12-29 19:36,42,32,67.42,250,10,0,29.94,null,10,null,SCT,OVC,null,null,3000,3800,null,null,null,null,null,null,null,null,null,35.51,KHSV 291936Z 25010KT 10SM SCT030 OVC038 06/00 A2994 RMK AO2 T00560000 $,null
HSV,2023-12-29 19:53,42,31,64.75,260,9,0,29.94,1013.9,10,null,BKN,OVC,null,null,4200,4900,null,null,null,null,null,null,null,null,null,35.95,KHSV 291953Z 26009KT 10SM BKN042 OVC049 06/M01 A2994 RMK AO2 SLP139 T00561006 $,null
HSV,2023-12-29 20:53,42,31,64.75,260,10,0,29.95,1014.3,10,null,BKN,OVC,null,null,3800,4500,null,null,null,null,null,null,null,null,null,35.51,KHSV 292053Z 26010KT 10SM BKN038 OVC045 06/M01 A2995 RMK AO2 SLP143 T00561006 55005 $,null
HSV,2023-12-29 21:53,41,32,70.08,240,8,0,29.96,1014.8,10,null,OVC,null,null,null,3000,null,null,null,null,null,null,null,null,null,null,35.2,KHSV 292153Z 24008KT 10SM OVC030 05/00 A2996 RMK AO2 SLP148 T00500000 $,null
HSV,2023-12-29 22:16,41,33,72.96,240,6,T,29.97,null,10,null,OVC,null,null,null,2700,null,null,null,#NAME?,null,null,null,null,null,null,36.37,KHSV 292216Z 24006KT 10SM -RA OVC027 05/01 A2997 RMK AO2 RAB13 P0000 T00500006 $,null
HSV,2023-12-29 22:53,39,35,85.42,260,8,T,29.98,1015.4,10,null,SCT,SCT,OVC,null,2200,2800,3300,null,#NAME?,null,null,null,null,null,null,32.74,KHSV 292253Z 26008KT 10SM -SN SCT022 SCT028 OVC033 04/02 A2998 RMK AO2 RAB13E49SNB49 SLP154 P0000 T00390017 $,null
HSV,2023-12-29 23:34,38,36,92.42,290,8,T,30,null,9,null,BKN,OVC,null,null,1700,4500,null,null,#NAME?,null,null,null,null,null,null,31.5,KHSV 292334Z 29008KT 9SM -SN BKN017 OVC045 03/02 A3000 RMK AO2 P0000 T00330022 $,null
HSV,2023-12-29 23:53,38,36,92.42,270,7,T,30,1016.1,8,null,BKN,OVC,null,null,1700,4400,null,null,#NAME?,null,null,null,null,null,null,32.09,KHSV 292353Z 27007KT 8SM -SN BKN017 OVC044 03/02 A3000 RMK AO2 SLP161 P0000 60000 T00330022 10056 20033 53018 $,null
HSV,2023-12-30 0:24,38,37,96.14,280,4,T,30.01,null,7,null,BKN,BKN,OVC,null,1300,2000,4100,null,#NAME?,null,null,null,null,null,null,34.43,KHSV 300024Z 28004KT 7SM -SN BKN013 BKN020 OVC041 03/03 A3001 RMK AO2 P0000 T00330028 $,null
HSV,2023-12-30 0:53,38,36,92.42,280,6,T,30.02,1016.7,9,null,SCT,BKN,OVC,null,1200,1800,4100,null,#NAME?,null,null,null,null,null,null,32.76,KHSV 300053Z 28006KT 9SM -DZSN SCT012 BKN018 OVC041 03/02 A3002 RMK AO2 DZB38 SLP167 P0000 T00330022 $,null
HSV,2023-12-30 1:04,38,36,92.42,280,6,T,30.02,null,9,null,BKN,BKN,OVC,null,1400,2100,4200,null,null,null,null,null,null,null,null,32.76,KHSV 300104Z 28006KT 9SM BKN014 BKN021 OVC042 03/02 A3002 RMK AO2 DZE00SNE00 P0000 T00330022 $,null
HSV,2023-12-30 1:39,38,36,92.42,270,9,T,30.02,null,9,null,SCT,BKN,OVC,null,1300,3400,4100,null,#NAME?,null,null,null,null,null,null,30.97,KHSV 300139Z 27009KT 9SM -DZSN SCT013 BKN034 OVC041 03/02 A3002 RMK AO2 DZE00B16SNE00B16 P0000 T00330022 $,null
HSV,2023-12-30 1:53,37,36,96.13,270,8,T,30.02,1016.9,9,null,FEW,BKN,OVC,null,1200,4200,5500,null,#NAME?,null,null,null,null,null,null,30.27,KHSV 300153Z 27008KT 9SM -DZSN FEW012 BKN042 OVC055 03/02 A3002 RMK AO2 DZE00B16SNE00B16 SLP169 P0000 T00280022 $,null
HSV,2023-12-30 2:15,37,36,96.13,280,6,T,30.03,null,9,null,SCT,BKN,OVC,null,1100,2000,5500,null,#NAME?,null,null,null,null,null,null,31.55,KHSV 300215Z 28006KT 9SM -DZSN SCT011 BKN020 OVC055 03/02 A3003 RMK AO2 P0000 T00280022 $,null
HSV,2023-12-30 2:25,37,36,96.13,300,8,T,30.03,null,9,null,BKN,BKN,OVC,null,1100,1700,6000,null,#NAME?,null,null,null,null,null,null,30.27,KHSV 300225Z 30008KT 9SM -DZ BKN011 BKN017 OVC060 03/02 A3003 RMK AO2 SNE21 P0000 T00280022 $,null
HSV,2023-12-30 2:53,37,35,92.39,300,7,T,30.03,1017.1,10,null,BKN,BKN,OVC,null,900,1400,2200,null,#NAME?,null,null,null,null,null,null,30.87,KHSV 300253Z 30007KT 10SM -DZ BKN009 BKN014 OVC022 03/02 A3003 RMK AO2 SNE21 SLP171 P0000 60000 T00280017 51009 $,null
HSV,2023-12-30 3:06,36,35,96.11,300,9,T,30.03,null,10,null,BKN,OVC,null,null,1000,1400,null,null,#NAME?,null,null,null,null,null,null,28.49,KHSV 300306Z 30009KT 10SM -DZ BKN010 OVC014 02/02 A3003 RMK AO2 P0000 T00220017 $,null
HSV,2023-12-30 3:29,36,35,96.11,290,7,T,30.03,null,10,null,SCT,BKN,OVC,null,1000,1600,2800,null,#NAME?,null,null,null,null,null,null,29.65,KHSV 300329Z 29007KT 10SM -DZ SCT010 BKN016 OVC028 02/02 A3003 RMK AO2 P0000 T00220017 $,null
HSV,2023-12-30 3:35,36,35,96.11,300,6,T,30.03,null,10,null,SCT,BKN,OVC,null,800,1400,2600,null,#NAME?,null,null,null,null,null,null,30.35,KHSV 300335Z 30006KT 10SM -DZ SCT008 BKN014 OVC026 02/02 A3003 RMK AO2 P0000 T00220017 $,null
HSV,2023-12-30 3:53,36,35,96.11,280,5,T,30.03,1017.3,10,null,BKN,OVC,null,null,800,1700,null,null,#NAME?,null,null,null,null,null,null,31.15,KHSV 300353Z 28005KT 10SM -DZ BKN008 OVC017 02/02 A3003 RMK AO2 CIG 007V012 SLP173 P0000 T00220017 $,null
HSV,2023-12-30 4:07,36,36,100,290,6,T,30.03,null,10,null,BKN,OVC,null,null,1100,2100,null,null,#NAME?,null,null,null,null,null,null,30.35,KHSV 300407Z 29006KT 10SM -DZ BKN011 OVC021 02/02 A3003 RMK AO2 CIG 007V014 P0000 T00220022 $,null
HSV,2023-12-30 4:25,36,36,100,290,5,T,30.03,null,10,null,SCT,OVC,null,null,1000,1900,null,null,null,null,null,null,null,null,null,31.15,KHSV 300425Z 29005KT 10SM SCT010 OVC019 02/02 A3003 RMK AO2 DZE14 P0000 T00220022 $,null
HSV,2023-12-30 4:34,36,36,100,300,4,T,30.03,null,10,null,SCT,BKN,OVC,null,700,1000,1800,null,null,null,null,null,null,null,null,32.09,KHSV 300434Z 30004KT 10SM SCT007 BKN010 OVC018 02/02 A3003 RMK AO2 DZE14 P0000 T00220022 $,null
HSV,2023-12-30 4:49,35.6,35.6,100,320,5,T,30.04,null,10,null,BKN,OVC,null,null,900,1500,null,null,null,null,null,null,null,null,null,30.67,KHSV 300449Z 32005KT 10SM BKN009 OVC015 02/02 A3004 RMK AO2 DZE14 CIG 007V011 P0000 $,null
HSV,2023-12-30 4:53,36,36,100,320,6,T,30.04,1017.2,10,null,BKN,OVC,null,null,900,1500,null,null,null,null,null,null,null,null,null,30.35,KHSV 300453Z 32006KT 10SM BKN009 OVC015 02/02 A3004 RMK AO2 DZE14 CIG 007V012 SLP172 P0000 T00220022 $,null
HSV,2023-12-30 5:12,36,35,96.11,310,5,0,30.04,null,10,null,SCT,OVC,null,null,900,1500,null,null,null,null,null,null,null,null,null,31.15,KHSV 300512Z 31005KT 10SM SCT009 OVC015 02/02 A3004 RMK AO2 T00220017 $,null
HSV,2023-12-30 5:25,36,35,96.11,310,5,0,30.04,null,10,null,BKN,OVC,null,null,1300,2000,null,null,null,null,null,null,null,null,null,31.15,KHSV 300525Z 31005KT 10SM BKN013 OVC020 02/02 A3004 RMK AO2 T00220017 $,null
HSV,2023-12-30 5:33,36,34,92.35,300,6,0,30.04,null,10,null,OVC,null,null,null,1800,null,null,null,null,null,null,null,null,null,null,30.35,KHSV 300533Z 30006KT 10SM OVC018 02/01 A3004 RMK AO2 T00220011 $,null
HSV,2023-12-30 5:53,36,34,92.35,320,7,0,30.04,1017.3,10,null,OVC,null,null,null,1800,null,null,null,null,null,null,null,null,null,null,29.65,KHSV 300553Z 32007KT 10SM OVC018 02/01 A3004 RMK AO2 SLP173 60000 T00220011 10033 20022 400560022 52001 $,null
HSV,2023-12-30 6:53,36,34,92.35,290,5,0,30.04,1017.2,10,null,BKN,BKN,OVC,null,1600,2700,3600,null,null,null,null,null,null,null,null,31.15,KHSV 300653Z AUTO 29005KT 10SM BKN016 BKN027 OVC036 02/01 A3004 RMK AO2 SLP172 T00220011 FZRANO $,null
HSV,2023-12-30 7:04,36,34,92.35,300,5,0,30.04,null,10,null,SCT,OVC,null,null,1600,3400,null,null,null,null,null,null,null,null,null,31.15,KHSV 300704Z AUTO 30005KT 10SM SCT016 OVC034 02/01 A3004 RMK AO2 T00220011 FZRANO $,null
HSV,2023-12-30 7:53,36,35,96.11,270,3,0,30.04,1017.5,10,null,SCT,OVC,null,null,2400,3500,null,null,null,null,null,null,null,null,null,33.26,KHSV 300753Z AUTO 27003KT 10SM SCT024 OVC035 02/02 A3004 RMK AO2 SLP175 T00220017 FZRANO $,null
HSV,2023-12-30 8:06,36,35,96.11,270,3,0,30.04,null,10,null,BKN,OVC,null,null,2400,3300,null,null,null,null,null,null,null,null,null,33.26,KHSV 300806Z AUTO 27003KT 10SM BKN024 OVC033 02/02 A3004 RMK AO2 T00220017 FZRANO $,null
HSV,2023-12-30 8:46,36,35,96.11,0,0,0,30.04,null,10,null,BKN,OVC,null,null,1200,2100,null,null,null,null,null,null,null,null,null,36,KHSV 300846Z AUTO 00000KT 10SM BKN012 OVC021 02/02 A3004 RMK AO2 T00220017 FZRANO $,null
HSV,2023-12-30 8:53,37,35,92.39,270,3,0,30.04,1017.5,10,null,OVC,null,null,null,1200,null,null,null,null,null,null,null,null,null,null,34.4,KHSV 300853Z AUTO 27003KT 10SM OVC012 03/02 A3004 RMK AO2 SLP175 T00280017 53002 $,null
HSV,2023-12-30 9:28,37,36,96.13,280,4,0,30.05,null,10,null,BKN,OVC,null,null,900,1400,null,null,null,null,null,null,null,null,null,33.26,KHSV 300928Z AUTO 28004KT 10SM BKN009 OVC014 03/02 A3005 RMK AO2 CIG 008V013 T00280022 $,null
HSV,2023-12-30 9:53,37,36,96.13,290,4,0,30.05,1017.7,10,null,FEW,BKN,OVC,null,900,1400,1900,null,null,null,null,null,null,null,null,33.26,KHSV 300953Z AUTO 29004KT 10SM FEW009 BKN014 OVC019 03/02 A3005 RMK AO2 SLP177 T00280022 $,null
HSV,2023-12-30 10:28,37,36,96.13,290,5,0,30.06,null,10,null,OVC,null,null,null,1500,null,null,null,null,null,null,null,null,null,null,32.33,KHSV 301028Z AUTO 29005KT 10SM OVC015 03/02 A3006 RMK AO2 T00280022 $,null
HSV,2023-12-30 10:53,37,35,92.39,300,5,0,30.06,1018.1,10,null,OVC,null,null,null,1900,null,null,null,null,null,null,null,null,null,null,32.33,KHSV 301053Z AUTO 30005KT 10SM OVC019 03/02 A3006 RMK AO2 SLP181 T00280017 $,null
HSV,2023-12-30 11:53,38,36,92.42,290,6,0,30.07,1018.6,10,null,OVC,null,null,null,1800,null,null,null,null,null,null,null,null,null,null,32.76,KHSV 301153Z 29006KT 10SM OVC018 03/02 A3007 RMK AO2 SLP186 T00330022 10033 20022 53009 $,null
HSV,2023-12-30 12:53,38,34,85.35,330,6,0,30.09,1019.1,10,null,OVC,null,null,null,1900,null,null,null,null,null,null,null,null,null,null,32.76,KHSV 301253Z 33006KT 10SM OVC019 03/01 A3009 RMK AO2 SLP191 T00330011 $,null
HSV,2023-12-30 13:53,38,34,85.35,290,4,0,30.1,1019.5,10,null,OVC,null,null,null,1800,null,null,null,null,null,null,null,null,null,null,34.43,KHSV 301353Z 29004KT 10SM OVC018 03/01 A3010 RMK AO2 SLP195 T00330011 $,null
HSV,2023-12-30 14:53,38,34,85.35,260,5,0,30.11,1019.9,10,null,OVC,null,null,null,1700,null,null,null,null,null,null,null,null,null,null,33.52,KHSV 301453Z 26005KT 10SM OVC017 03/01 A3011 RMK AO2 SLP199 T00330011 51013 $,null
HSV,2023-12-30 15:53,39,34,82.08,250,8,0,30.13,1020.4,10,null,OVC,null,null,null,1800,null,null,null,null,null,null,null,null,null,null,32.74,KHSV 301553Z 25008KT 10SM OVC018 04/01 A3013 RMK AO2 SLP204 T00390011 $,null
HSV,2023-12-30 16:53,40,34,78.94,280,6,0,30.12,1020.4,10,null,OVC,null,null,null,1700,null,null,null,null,null,null,null,null,null,null,35.17,KHSV 301653Z 28006KT 10SM OVC017 04/01 A3012 RMK AO2 SLP204 T00440011 $,null
HSV,2023-12-30 17:53,40,34,78.94,240,7,0,30.11,1019.8,10,null,OVC,null,null,null,1800,null,null,null,null,null,null,null,null,null,null,34.53,KHSV 301753Z 24007KT 10SM OVC018 04/01 A3011 RMK AO2 SLP198 T00440011 10044 20033 58001 $,null
HSV,2023-12-30 18:53,41,34,75.94,280,7,0,30.1,1019.3,10,null,OVC,null,null,null,1900,null,null,null,null,null,null,null,null,null,null,35.75,KHSV 301853Z 28007KT 10SM OVC019 05/01 A3010 RMK AO2 SLP193 T00500011 $,null
HSV,2023-12-30 19:53,41,35,79.02,260,6,0,30.1,1019.3,10,null,OVC,null,null,null,1900,null,null,null,null,null,null,null,null,null,null,36.37,KHSV 301953Z 26006KT 10SM OVC019 05/02 A3010 RMK AO2 SLP193 T00500017 $,null
HSV,2023-12-30 20:53,41,35,79.02,260,6,0,30.1,1019.4,10,null,OVC,null,null,null,1900,null,null,null,null,null,null,null,null,null,null,36.37,KHSV 302053Z 26006KT 10SM OVC019 05/02 A3010 RMK AO2 SLP194 T00500017 55003 $,null
HSV,2023-12-30 21:53,42,35,76.03,250,4,0,30.11,1019.9,10,null,OVC,null,null,null,2000,null,null,null,null,null,null,null,null,null,null,39.1,KHSV 302153Z 25004KT 10SM OVC020 06/02 A3011 RMK AO2 SLP199 T00560017 $,null
HSV,2023-12-30 22:53,41,35,79.02,250,4,0,30.12,1020,10,null,OVC,null,null,null,2300,null,null,null,null,null,null,null,null,null,null,37.93,KHSV 302253Z 25004KT 10SM OVC023 05/02 A3012 RMK AO2 SLP200 T00500017 $,null
HSV,2023-12-30 23:53,41,36,82.22,210,3,0,30.12,1020,10,null,OVC,null,null,null,2300,null,null,null,null,null,null,null,null,null,null,38.98,KHSV 302353Z 21003KT 10SM OVC023 05/02 A3012 RMK AO2 SLP200 T00500022 10056 20044 51006 $,null
HSV,2023-12-31 0:53,41,35,79.02,220,5,0,30.13,1020.4,10,null,OVC,null,null,null,2200,null,null,null,null,null,null,null,null,null,null,37.08,KHSV 310053Z 22005KT 10SM OVC022 05/02 A3013 RMK AO2 SLP204 T00500017 $,null
HSV,2023-12-31 1:24,39,34,82.08,220,4,0,30.13,null,10,null,FEW,null,null,null,2200,null,null,null,null,null,null,null,null,null,null,35.59,KHSV 310124Z 22004KT 10SM FEW022 04/01 A3013 RMK AO2 T00390011 $,null
HSV,2023-12-31 1:53,39,34,82.08,200,4,0,30.13,1020.6,10,null,CLR,null,null,null,null,null,null,null,null,null,null,null,null,null,null,35.59,KHSV 310153Z 20004KT 10SM CLR 04/01 A3013 RMK AO2 SLP206 T00390011 $,null
HSV,2023-12-31 2:53,35,32,88.68,170,5,0,30.13,1020.6,10,null,CLR,null,null,null,null,null,null,null,null,null,null,null,null,null,null,29.96,KHSV 310253Z 17005KT 10SM CLR 02/00 A3013 RMK AO2 SLP206 T00170000 50005 $,null
HSV,2023-12-31 3:53,33,32,96.06,160,5,0,30.13,1020.5,10,null,CLR,null,null,null,null,null,null,null,null,null,null,null,null,null,null,27.58,KHSV 310353Z 16005KT 10SM CLR 01/00 A3013 RMK AO2 SLP205 T00060000 $,null
HSV,2023-12-31 4:53,33,32,96.06,140,5,0,30.13,1020.5,10,null,CLR,null,null,null,null,null,null,null,null,null,null,null,null,null,null,27.58,KHSV 310453Z 14005KT 10SM CLR 01/00 A3013 RMK AO2 SLP205 T00060000 $,null
HSV,2023-12-31 5:53,32,32,100,150,3,0,30.14,1020.7,10,null,CLR,null,null,null,null,null,null,null,null,null,null,null,null,null,null,28.69,KHSV 310553Z 15003KT 10SM CLR 00/00 A3014 RMK AO2 SLP207 T00000000 10050 21006 400561006 53001 $,null
HSV,2023-12-31 6:53,30,30,100,120,4,0,30.13,1020.5,10,null,CLR,null,null,null,null,null,null,null,null,null,null,null,null,null,null,25.08,KHSV 310653Z AUTO 12004KT 10SM CLR M01/M01 A3013 RMK AO2 SLP205 T10111011 FZRANO $,null
HSV,2023-12-31 7:53,31,30,96.02,120,4,0,30.12,1020.2,10,null,CLR,null,null,null,null,null,null,null,null,null,null,null,null,null,null,26.25,KHSV 310753Z AUTO 12004KT 10SM CLR M01/M01 A3012 RMK AO2 SLP202 T10061011 FZRANO $,null
HSV,2023-12-31 8:53,30,29,96,120,5,0,30.12,1020,10,null,CLR,null,null,null,null,null,null,null,null,null,null,null,null,null,null,24.02,KHSV 310853Z AUTO 12005KT 10SM CLR M01/M02 A3012 RMK AO2 SLP200 T10111017 57007 FZRANO $,null
HSV,2023-12-31 9:53,30,29,96,110,5,0,30.11,1019.7,10,null,CLR,null,null,null,null,null,null,null,null,null,null,null,null,null,null,24.02,KHSV 310953Z AUTO 11005KT 10SM CLR M01/M02 A3011 RMK AO2 SLP197 T10111017 FZRANO $,null
HSV,2023-12-31 10:53,30,30,100,110,5,0,30.11,1019.8,10,null,CLR,null,null,null,null,null,null,null,null,null,null,null,null,null,null,24.02,KHSV 311053Z AUTO 11005KT 10SM CLR M01/M01 A3011 RMK AO2 SLP198 T10111011 FZRANO $,null
HSV,2023-12-31 11:53,29,29,100,110,5,0,30.12,1020.2,10,null,CLR,null,null,null,null,null,null,null,null,null,null,null,null,null,null,22.83,KHSV 311153Z 11005KT 10SM CLR M02/M02 A3012 RMK AO2 SLP202 T10171017 10000 21017 53000 $,null
HSV,2023-12-31 12:53,29,29,100,120,5,0,30.13,1020.5,10,null,CLR,null,null,null,null,null,null,null,null,null,null,null,null,null,null,22.83,KHSV 311253Z 12005KT 10SM CLR M02/M02 A3013 RMK AO2 SLP205 T10171017 $,null
HSV,2023-12-31 13:53,33,33,100,110,4,0,30.13,1020.4,10,null,CLR,null,null,null,null,null,null,null,null,null,null,null,null,null,null,28.59,KHSV 311353Z 11004KT 10SM CLR 01/01 A3013 RMK AO2 SLP204 T00060006 $,null
HSV,2023-12-31 14:53,41,37,85.54,200,3,0,30.13,1020.6,10,null,CLR,null,null,null,null,null,null,null,null,null,null,null,null,null,null,38.98,KHSV 311453Z 20003KT 10SM CLR 05/03 A3013 RMK AO2 SLP206 T00500028 51005 $,null
HSV,2023-12-31 15:53,47,35,62.84,230,8,0,30.13,1020.5,10,null,CLR,null,null,null,null,null,null,null,null,null,null,null,null,null,null,42.59,KHSV 311553Z 23008KT 10SM CLR 08/02 A3013 RMK AO2 SLP205 T00830017 $,null
HSV,2023-12-31 16:53,52,35,52.15,250,9,0,30.12,1019.9,10,null,CLR,null,null,null,null,null,null,null,null,null,null,null,null,null,null,52,KHSV 311653Z 25009KT 10SM CLR 11/02 A3012 RMK AO2 SLP199 T01110017 $,null
HSV,2023-12-31 17:53,54,34,46.57,230,10,0,30.08,1018.8,10,null,CLR,null,null,null,null,null,null,null,null,null,null,null,null,null,null,54,KHSV 311753Z 23010KT 10SM CLR 12/01 A3008 RMK AO2 SLP188 T01220011 10122 21017 58016 $,null
HSV,2023-12-31 18:53,58,34,40.28,240,9,0,30.06,1018,10,null,FEW,null,null,null,25000,null,null,null,null,null,null,null,null,null,null,58,KHSV 311853Z 24009KT 10SM FEW250 14/01 A3006 RMK AO2 SLP180 T01440011 $,null
HSV,2023-12-31 19:53,59,32,35.87,240,11,0,30.04,1017.4,10,19,FEW,null,null,null,25000,null,null,null,null,null,null,null,null,null,null,59,KHSV 311953Z 24011G19KT 10SM FEW250 15/00 A3004 RMK AO2 SLP174 T01500000 $,null
HSV,2023-12-31 20:53,60,33,36.03,250,9,0,30.04,1017.3,10,null,FEW,null,null,null,25000,null,null,null,null,null,null,null,null,null,null,60,KHSV 312053Z 25009KT 10SM FEW250 16/01 A3004 RMK AO2 SLP173 T01560006 56014 $,null
HSV,2023-12-31 21:53,57,33,40.12,220,7,0,30.05,1017.7,10,null,FEW,null,null,null,25000,null,null,null,null,null,null,null,null,null,null,57,KHSV 312153Z 22007KT 10SM FEW250 14/01 A3005 RMK AO2 SLP177 T01390006 $,null
HSV,2023-12-31 22:53,54,33,44.74,220,7,0,30.06,1018.2,10,null,SCT,null,null,null,25000,null,null,null,null,null,null,null,null,null,null,54,KHSV 312253Z 22007KT 10SM SCT250 12/01 A3006 RMK AO2 SLP182 T01220006 $,null
HSV,2023-12-31 23:53,51,32,47.99,220,5,0,30.08,1018.6,10,null,SCT,null,null,null,25000,null,null,null,null,null,null,null,null,null,null,51,KHSV 312353Z 22005KT 10SM SCT250 11/00 A3008 RMK AO2 SLP186 T01060000 10156 20100 53012 $,null
HSV,2024-12-01 0:53,38,24,56.71,100,3,0,30.25,1024.6,10,null,FEW,null,null,null,10000,null,null,null,null,null,null,null,null,null,null,35.55,KHSV 010053Z 10003KT 10SM FEW100 03/M04 A3025 RMK AO2 SLP246 T00331044 $,null
HSV,2024-12-01 1:53,36,25,63.98,130,3,0,30.25,1024.6,10,null,FEW,null,null,null,9500,null,null,null,null,null,null,null,null,null,null,33.26,KHSV 010153Z 13003KT 10SM FEW095 02/M04 A3025 RMK AO2 SLP246 T00221039 $,null
HSV,2024-12-01 2:53,36,27,69.51,130,3,0,30.24,1024.5,10,null,SCT,null,null,null,10000,null,null,null,null,null,null,null,null,null,null,33.26,KHSV 010253Z 13003KT 10SM SCT100 02/M03 A3024 RMK AO2 SLP245 T00221028 58002 $,null
HSV,2024-12-01 3:53,36,28,72.43,110,3,0,30.23,1024.1,10,null,BKN,null,null,null,10000,null,null,null,null,null,null,null,null,null,null,33.26,KHSV 010353Z 11003KT 10SM BKN100 02/M02 A3023 RMK AO2 SLP241 T00221022 $,null
HSV,2024-12-01 4:53,35,28,75.36,170,3,0,30.23,1023.9,10,null,SCT,null,null,null,9000,null,null,null,null,null,null,null,null,null,null,32.12,KHSV 010453Z 17003KT 10SM SCT090 02/M02 A3023 RMK AO2 SLP239 T00171022 $,null
HSV,2024-12-01 5:53,34,28,78.43,0,0,0,30.22,1023.4,10,null,CLR,null,null,null,null,null,null,null,null,null,null,null,null,null,null,34,KHSV 010553Z 00000KT 10SM CLR 01/M02 A3022 RMK AO2 SLP234 T00111022 10039 20011 401001033 58008 $,null
HSV,2024-12-01 6:53,34,26,72.22,0,0,0,30.22,1023.5,10,null,CLR,null,null,null,null,null,null,null,null,null,null,null,null,null,null,34,KHSV 010653Z AUTO 00000KT 10SM CLR 01/M03 A3022 RMK AO2 SLP235 T00111033 $,null
HSV,2024-12-01 7:53,31,27,84.92,0,0,0,30.23,1023.9,10,null,CLR,null,null,null,null,null,null,null,null,null,null,null,null,null,null,31,KHSV 010753Z AUTO 00000KT 10SM CLR M01/M03 A3023 RMK AO2 SLP239 T10061028 $,null
HSV,2024-12-01 8:53,30,27,88.44,80,3,0,30.23,1024,10,null,CLR,null,null,null,null,null,null,null,null,null,null,null,null,null,null,26.4,KHSV 010853Z AUTO 08003KT 10SM CLR M01/M03 A3023 RMK AO2 SLP240 T10111028 51005 $,null
HSV,2024-12-01 9:53,30,26,84.85,90,3,0,30.22,1023.6,10,null,CLR,null,null,null,null,null,null,null,null,null,null,null,null,null,null,26.4,KHSV 010953Z AUTO 09003KT 10SM CLR M01/M03 A3022 RMK AO2 SLP236 T10111033 $,null
HSV,2024-12-01 10:53,31,26,81.48,0,0,0,30.23,1023.8,10,null,BKN,null,null,null,8000,null,null,null,null,null,null,null,null,null,null,31,KHSV 011053Z AUTO 00000KT 10SM BKN080 M01/M03 A3023 RMK AO2 SLP238 T10061033 $,null
HSV,2024-12-01 11:53,32,28,84.98,100,3,0,30.23,1024,10,null,BKN,null,null,null,8000,null,null,null,null,null,null,null,null,null,null,28.69,KHSV 011153Z 10003KT 10SM BKN080 00/M02 A3023 RMK AO2 SLP240 T00001022 10022 21017 55001 $,null
HSV,2024-12-01 12:53,32,28,84.98,120,3,0,30.24,1024.2,10,null,FEW,BKN,null,null,7500,25000,null,null,null,null,null,null,null,null,null,28.69,KHSV 011253Z 12003KT 10SM FEW075 BKN250 00/M02 A3024 RMK AO2 SLP242 T00001022 $,null
HSV,2024-12-01 13:53,35,30,81.78,0,0,0,30.25,1024.6,10,null,BKN,null,null,null,7500,null,null,null,null,null,null,null,null,null,null,35,KHSV 011353Z 00000KT 10SM BKN075 02/M01 A3025 RMK AO2 SLP246 T00171011 $,null
HSV,2024-12-01 14:53,40,30,67.18,230,3,0,30.26,1024.8,10,null,SCT,BKN,null,null,7000,25000,null,null,null,null,null,null,null,null,null,37.83,KHSV 011453Z 23003KT 10SM SCT070 BKN250 04/M01 A3026 RMK AO2 SLP248 T00441011 53009 $,null
HSV,2024-12-01 15:53,44,30,57.59,280,3,0,30.27,1025.1,10,null,FEW,BKN,null,null,6000,25000,null,null,null,null,null,null,null,null,null,42.41,KHSV 011553Z 28003KT 10SM FEW060 BKN250 07/M01 A3027 RMK AO2 SLP251 T00671011 $,null
HSV,2024-12-01 16:53,49,30,47.68,290,5,0,30.26,1024.8,10,null,FEW,FEW,FEW,null,6000,15000,25000,null,null,null,null,null,null,null,null,46.58,KHSV 011653Z 29005KT 10SM FEW060 FEW150 FEW250 09/M01 A3026 RMK AO2 SLP248 T00941011 $,null
HSV,2024-12-01 17:53,51,30,44.26,290,6,0,30.24,1024.1,10,null,FEW,FEW,null,null,5500,25000,null,null,null,null,null,null,null,null,null,51,KHSV 011753Z 29006KT 10SM FEW055 FEW250 11/M01 A3024 RMK AO2 SLP241 T01061011 10106 21006 58005 $,null
HSV,2024-12-01 18:53,53,29,39.47,300,8,0,30.22,1023.4,10,null,FEW,SCT,null,null,6000,25000,null,null,null,null,null,null,null,null,null,53,KHSV 011853Z 30008KT 10SM FEW060 SCT250 12/M02 A3022 RMK AO2 SLP234 T01171017 $,null
HSV,2024-12-01 19:53,54,30,39.63,300,9,0,30.21,1023.2,10,14,SCT,null,null,null,6500,null,null,null,null,null,null,null,null,null,null,54,KHSV 011953Z 30009G14KT 10SM SCT065 12/M01 A3021 RMK AO2 SLP232 T01221011 $,null
HSV,2024-12-01 20:53,53,30,41.11,270,9,0,30.21,1023.3,10,null,FEW,null,null,null,6500,null,null,null,null,null,null,null,null,null,null,53,KHSV 012053Z 27009KT 10SM FEW065 12/M01 A3021 RMK AO2 SLP233 T01171011 55008 $,null
HSV,2024-12-01 21:53,51,29,42.49,310,7,0,30.22,1023.6,10,null,SCT,null,null,null,5500,null,null,null,null,null,null,null,null,null,null,51,KHSV 012153Z 31007KT 10SM SCT055 11/M02 A3022 RMK AO2 SLP236 T01061017 $,null
HSV,2024-12-01 22:53,47,30,51.39,320,4,0,30.23,1024,10,null,SCT,null,null,null,5000,null,null,null,null,null,null,null,null,null,null,44.94,KHSV 012253Z 32004KT 10SM SCT050 08/M01 A3023 RMK AO2 SLP240 T00831011 $,null
HSV,2024-12-01 23:53,44,30,57.59,320,3,0,30.25,1024.7,10,null,FEW,null,null,null,5000,null,null,null,null,null,null,null,null,null,null,42.41,KHSV 012353Z 32003KT 10SM FEW050 07/M01 A3025 RMK AO2 SLP247 T00671011 10122 20067 53013 $,null
HSV,2024-12-02 0:53,42,30,62.18,320,6,0,30.28,1025.6,10,null,FEW,null,null,null,25000,null,null,null,null,null,null,null,null,null,null,37.57,KHSV 020053Z 32006KT 10SM FEW250 06/M01 A3028 RMK AO2 SLP256 T00561011 $,null
HSV,2024-12-02 1:53,41,31,67.3,340,6,0,30.28,1025.6,10,null,FEW,null,null,null,25000,null,null,null,null,null,null,null,null,null,null,36.37,KHSV 020153Z 34006KT 10SM FEW250 05/M01 A3028 RMK AO2 SLP256 T00501006 $,null
HSV,2024-12-02 2:53,38,31,75.65,320,3,0,30.3,1026.2,10,null,CLR,null,null,null,null,null,null,null,null,null,null,null,null,null,null,35.55,KHSV 020253Z 32003KT 10SM CLR 03/M01 A3030 RMK AO2 SLP262 T00331006 51015 $,null
HSV,2024-12-02 3:53,36,30,78.6,310,4,0,30.31,1026.6,10,null,CLR,null,null,null,null,null,null,null,null,null,null,null,null,null,null,32.09,KHSV 020353Z 31004KT 10SM CLR 02/M01 A3031 RMK AO2 SLP266 T00221011 $,null
HSV,2024-12-02 4:53,35,29,78.51,300,4,0,30.33,1027.2,10,null,CLR,null,null,null,null,null,null,null,null,null,null,null,null,null,null,30.92,KHSV 020453Z 30004KT 10SM CLR 02/M02 A3033 RMK AO2 SLP272 T00171017 $,null
HSV,2024-12-02 5:53,34,30,85.11,320,5,0,30.33,1027.1,10,null,FEW,null,null,null,13000,null,null,null,null,null,null,null,null,null,null,28.77,KHSV 020553Z 32005KT 10SM FEW130 01/M01 A3033 RMK AO2 SLP271 T00111011 10067 20006 401221017 51010 $,null
HSV,2024-12-02 6:53,33,28,81.63,340,4,0,30.33,1027,10,null,CLR,null,null,null,null,null,null,null,null,null,null,null,null,null,null,28.59,KHSV 020653Z AUTO 34004KT 10SM CLR 01/M02 A3033 RMK AO2 SLP270 T00061022 $,null
HSV,2024-12-02 7:53,33,27,78.34,360,4,0,30.33,1027.3,10,null,CLR,null,null,null,null,null,null,null,null,null,null,null,null,null,null,28.59,KHSV 020753Z AUTO 36004KT 10SM CLR 01/M03 A3033 RMK AO2 SLP273 T00061028 $,null
HSV,2024-12-02 8:53,31,26,81.48,350,3,0,30.34,1027.7,10,null,CLR,null,null,null,null,null,null,null,null,null,null,null,null,null,null,27.55,KHSV 020853Z AUTO 35003KT 10SM CLR M01/M03 A3034 RMK AO2 SLP277 T10061033 53005 $,null
HSV,2024-12-02 9:53,30,24,78.07,340,4,0,30.36,1028.3,10,null,CLR,null,null,null,null,null,null,null,null,null,null,null,null,null,null,25.08,KHSV 020953Z AUTO 34004KT 10SM CLR M01/M04 A3036 RMK AO2 SLP283 T10111044 $,null
HSV,2024-12-02 10:53,29,25,84.79,0,0,0,30.38,1028.9,10,null,CLR,null,null,null,null,null,null,null,null,null,null,null,null,null,null,29,KHSV 021053Z AUTO 00000KT 10SM CLR M02/M04 A3038 RMK AO2 SLP289 T10171039 $,null
HSV,2024-12-02 11:53,29,24,81.32,330,3,0,30.39,1029.4,10,null,CLR,null,null,null,null,null,null,null,null,null,null,null,null,null,null,25.26,KHSV 021153Z 33003KT 10SM CLR M02/M04 A3039 RMK AO2 SLP294 T10171044 10011 21022 51016 $,null
HSV,2024-12-02 12:53,29,24,81.32,320,3,0,30.4,1029.9,10,null,CLR,null,null,null,null,null,null,null,null,null,null,null,null,null,null,25.26,KHSV 021253Z 32003KT 10SM CLR M02/M04 A3040 RMK AO2 SLP299 T10171044 $,null
HSV,2024-12-02 13:53,32,24,72,360,4,0,30.41,1030.2,10,null,CLR,null,null,null,null,null,null,null,null,null,null,null,null,null,null,27.42,KHSV 021353Z 36004KT 10SM CLR 00/M04 A3041 RMK AO2 SLP302 T00001044 $,null
HSV,2024-12-02 14:53,35,22,58.7,10,5,0,30.43,1030.8,10,null,CLR,null,null,null,null,null,null,null,null,null,null,null,null,null,null,29.96,KHSV 021453Z 01005KT 10SM CLR 02/M06 A3043 RMK AO2 SLP308 T00171056 53013 $,null
HSV,2024-12-02 15:53,38,23,54.39,320,4,0,30.43,1030.8,10,null,CLR,null,null,null,null,null,null,null,null,null,null,null,null,null,null,34.43,KHSV 021553Z 32004KT 10SM CLR 03/M05 A3043 RMK AO2 SLP308 T00331050,null
HSV,2024-12-02 16:53,41,22,46.39,0,0,0,30.4,1029.6,10,null,CLR,null,null,null,null,null,null,null,null,null,null,null,null,null,null,41,KHSV 021653Z 00000KT 10SM CLR 05/M06 A3040 RMK AO2 SLP296 T00501056,null
HSV,2024-12-02 17:53,43,23,44.8,330,6,0,30.37,1028.7,10,null,CLR,null,null,null,null,null,null,null,null,null,null,null,null,null,null,38.78,KHSV 021753Z 33006KT 10SM CLR 06/M05 A3037 RMK AO2 SLP287 T00611050 10067 21022 58019,null
HSV,2024-12-02 18:53,45,24,43.28,250,6,0,30.36,1028.4,10,null,CLR,null,null,null,null,null,null,null,null,null,null,null,null,null,null,41.19,KHSV 021853Z 25006KT 10SM CLR 07/M04 A3036 RMK AO2 SLP284 T00721044,null
HSV,2024-12-02 19:53,46,24,41.67,280,5,0,30.33,1027.3,10,null,CLR,null,null,null,null,null,null,null,null,null,null,null,null,null,null,43.02,KHSV 021953Z 28005KT 10SM CLR 08/M04 A3033 RMK AO2 SLP273 T00781044,null
HSV,2024-12-02 20:53,47,25,41.83,280,5,0,30.32,1026.9,10,null,CLR,null,null,null,null,null,null,null,null,null,null,null,null,null,null,44.21,KHSV 022053Z 28005KT 10SM CLR 08/M04 A3032 RMK AO2 SLP269 T00831039 58018,null
HSV,2024-12-02 21:53,46,26,45.29,310,5,0,30.32,1027.1,10,null,FEW,null,null,null,6500,null,null,null,null,null,null,null,null,null,null,43.02,KHSV 022153Z 31005KT 10SM FEW065 08/M03 A3032 RMK AO2 SLP271 T00781033,null
HSV,2024-12-02 22:53,42,27,54.99,320,3,0,30.32,1026.9,10,null,FEW,null,null,null,5000,null,null,null,null,null,null,null,null,null,null,40.12,KHSV 022253Z 32003KT 10SM FEW050 06/M03 A3032 RMK AO2 SLP269 T00561028,null
HSV,2024-12-02 23:53,41,26,54.84,320,3,0,30.32,1027.2,10,null,FEW,null,null,null,5000,null,null,null,null,null,null,null,null,null,null,38.98,KHSV 022353Z 32003KT 10SM FEW050 05/M03 A3032 RMK AO2 SLP272 T00501033 10083 20044 53001,null
HSV,2024-12-03 0:53,36,29,75.46,210,3,0,30.33,1027.3,10,null,BKN,null,null,null,6500,null,null,null,null,null,null,null,null,null,null,33.26,KHSV 030053Z 21003KT 10SM BKN065 02/M02 A3033 RMK AO2 SLP273 T00221017,null
HSV,2024-12-03 1:53,40,30,67.18,300,4,0,30.35,1028.1,10,null,SCT,OVC,null,null,4900,6500,null,null,null,null,null,null,null,null,null,36.76,KHSV 030153Z 30004KT 10SM SCT049 OVC065 04/M01 A3035 RMK AO2 SLP281 T00441011,null
HSV,2024-12-03 2:53,42,28,57.3,340,6,0,30.37,1028.6,10,null,BKN,OVC,null,null,5000,7000,null,null,null,null,null,null,null,null,null,37.57,KHSV 030253Z 34006KT 10SM BKN050 OVC070 06/M02 A3037 RMK AO2 SLP286 T00561022 53015,null
HSV,2024-12-03 3:53,37,25,61.5,20,10,0,30.39,1029.5,10,null,SCT,null,null,null,7000,null,null,null,null,null,null,null,null,null,null,29.24,KHSV 030353Z 02010KT 10SM SCT070 03/M04 A3039 RMK AO2 SLP295 T00281039,null
HSV,2024-12-03 4:44,35,27,72.32,360,13,0,30.43,null,10,null,BKN,OVC,null,null,2500,7000,null,null,null,null,null,null,null,null,null,25.41,KHSV 030444Z 36013KT 10SM BKN025 OVC070 02/M03 A3043 RMK AO2 T00171028,null
HSV,2024-12-03 4:53,35,27,72.32,10,10,0,30.43,1030.7,10,null,OVC,null,null,null,2500,null,null,null,null,null,null,null,null,null,null,26.73,KHSV 030453Z 01010KT 10SM OVC025 02/M03 A3043 RMK AO2 SLP307 T00171028,null
HSV,2024-12-03 5:53,34,26,72.22,350,8,0,30.44,1031.1,10,17,BKN,BKN,null,null,2600,6000,null,null,null,null,null,null,null,null,null,26.58,KHSV 030553Z 35008G17KT 10SM BKN026 BKN060 01/M03 A3044 RMK AO2 SLP311 T00111033 10056 20011 400831022 51024,null
HSV,2024-12-03 6:19,32,24,72,350,11,0,30.45,null,10,null,SCT,null,null,null,2500,null,null,null,null,null,null,null,null,null,null,22.47,KHSV 030619Z AUTO 35011KT 10SM SCT025 00/M04 A3045 RMK AO2 T00001044,null
HSV,2024-12-03 6:53,32,24,72,360,7,0,30.46,1031.5,10,null,BKN,null,null,null,3600,null,null,null,null,null,null,null,null,null,null,24.78,KHSV 030653Z AUTO 36007KT 10SM BKN036 00/M04 A3046 RMK AO2 SLP315 T00001044,null
HSV,2024-12-03 7:53,32,22,66.2,10,16,0,30.47,1032.2,10,21,OVC,null,null,null,3000,null,null,null,null,null,null,null,null,null,null,20.42,KHSV 030753Z AUTO 01016G21KT 10SM OVC030 00/M06 A3047 RMK AO2 SLP322 T00001056,null
HSV,2024-12-03 8:53,32,20,60.81,350,9,0,30.49,1032.7,10,null,OVC,null,null,null,3100,null,null,null,null,null,null,null,null,null,null,23.51,KHSV 030853Z AUTO 35009KT 10SM OVC031 00/M07 A3049 RMK AO2 SLP327 T00001067 53016,null
HSV,2024-12-03 9:07,32,21,63.45,350,9,0,30.49,null,10,null,OVC,null,null,null,2900,null,null,null,null,null,null,null,null,null,null,23.51,KHSV 030907Z AUTO 35009KT 10SM OVC029 00/M06 A3049 RMK AO2 T00001061,null
HSV,2024-12-03 9:20,32,21,63.45,360,9,0,30.49,null,10,null,OVC,null,null,null,3000,null,null,null,null,null,null,null,null,null,null,23.51,KHSV 030920Z AUTO 36009KT 10SM OVC030 00/M06 A3049 RMK AO2 T00001061,null
HSV,2024-12-03 9:30,32,21,63.45,10,11,0,30.49,null,10,null,OVC,null,null,null,2900,null,null,null,null,null,null,null,null,null,null,22.47,KHSV 030930Z AUTO 01011KT 10SM OVC029 00/M06 A3049 RMK AO2 T00001061,null
HSV,2024-12-03 9:53,31,21,66.07,20,14,0,30.5,1033,10,null,OVC,null,null,null,2700,null,null,null,null,null,null,null,null,null,null,19.87,KHSV 030953Z AUTO 02014KT 10SM OVC027 M01/M06 A3050 RMK AO2 SLP330 T10061061,null
HSV,2024-12-03 10:43,30,19,63.18,360,10,0,30.51,null,10,null,OVC,null,null,null,3000,null,null,null,null,null,null,null,null,null,null,20.46,KHSV 031043Z AUTO 36010KT 10SM OVC030 M01/M07 A3051 RMK AO2 T10111072,null
HSV,2024-12-03 10:53,30,19,63.18,350,10,0,30.52,1033.7,10,null,OVC,null,null,null,2900,null,null,null,null,null,null,null,null,null,null,20.46,KHSV 031053Z AUTO 35010KT 10SM OVC029 M01/M07 A3052 RMK AO2 SLP337 T10111072,null
HSV,2024-12-03 11:53,29,19,65.81,20,9,0,30.53,1034.2,10,null,OVC,null,null,null,2800,null,null,null,null,null,null,null,null,null,null,19.78,KHSV 031153Z 02009KT 10SM OVC028 M02/M07 A3053 RMK AO2 SLP342 T10171072 10011 21017 53013,null
HSV,2024-12-03 12:53,28,18,65.69,20,7,0,30.55,1034.9,10,null,BKN,null,null,null,2800,null,null,null,null,null,null,null,null,null,null,19.9,KHSV 031253Z 02007KT 10SM BKN028 M02/M08 A3055 RMK AO2 SLP349 T10221078,null
HSV,2024-12-03 13:53,28,18,65.69,30,10,0,30.57,1035.7,10,null,BKN,null,null,null,2700,null,null,null,null,null,null,null,null,null,null,17.95,KHSV 031353Z 03010KT 10SM BKN027 M02/M08 A3057 RMK AO2 SLP357 T10221078,null
HSV,2024-12-03 14:47,30.2,17.6,59.01,30,9,0,30.6,null,10,18,SCT,null,null,null,2700,null,null,null,null,null,null,null,null,null,null,21.28,KHSV 031447Z 03009G18KT 10SM SCT027 M01/M08 A3060 RMK AO2,null
HSV,2024-12-03 14:53,31,18,58.12,50,10,0,30.6,1036.4,10,null,SCT,null,null,null,2700,null,null,null,null,null,null,null,null,null,null,21.71,KHSV 031453Z 05010KT 10SM SCT027 M01/M08 A3060 RMK AO2 SLP364 T10061078 50015,null
HSV,2024-12-03 15:53,34,19,53.77,20,5,0,30.6,1036.5,10,null,FEW,null,null,null,2700,null,null,null,null,null,null,null,null,null,null,28.77,KHSV 031553Z 02005KT 10SM FEW027 01/M07 A3060 RMK AO2 SLP365 T00111072,null
HSV,2024-12-03 16:53,35,18,49.5,40,5,0,30.59,1036.1,10,null,FEW,null,null,null,2700,null,null,null,null,null,null,null,null,null,null,29.96,KHSV 031653Z 04005KT 10SM FEW027 02/M08 A3059 RMK AO2 SLP361 T00171078,null
HSV,2024-12-03 17:53,38,19,45.9,0,0,0,30.56,1035.1,10,null,CLR,null,null,null,null,null,null,null,null,null,null,null,null,null,null,38,KHSV 031753Z 00000KT 10SM CLR 03/M07 A3056 RMK AO2 SLP351 T00331072 10033 21022 58013,null
HSV,2024-12-03 18:53,39,20,46.06,350,5,0,30.53,1034,10,null,CLR,null,null,null,null,null,null,null,null,null,null,null,null,null,null,34.71,KHSV 031853Z 35005KT 10SM CLR 04/M07 A3053 RMK AO2 SLP340 T00391067,null
HSV,2024-12-03 19:53,40,19,42.45,330,4,0,30.51,1033.4,10,null,CLR,null,null,null,null,null,null,null,null,null,null,null,null,null,null,36.76,KHSV 031953Z 33004KT 10SM CLR 04/M07 A3051 RMK AO2 SLP334 T00441072,null
HSV,2024-12-03 20:53,41,19,40.83,320,6,0,30.49,1032.9,10,null,CLR,null,null,null,null,null,null,null,null,null,null,null,null,null,null,36.37,KHSV 032053Z 32006KT 10SM CLR 05/M07 A3049 RMK AO2 SLP329 T00501072 56021,null
HSV,2024-12-03 21:53,39,18,42.28,0,0,0,30.49,1032.9,10,null,CLR,null,null,null,null,null,null,null,null,null,null,null,null,null,null,39,KHSV 032153Z 00000KT 10SM CLR 04/M08 A3049 RMK AO2 SLP329 T00391078,null
HSV,2024-12-03 22:53,35,20,53.93,340,3,0,30.48,1032.5,10,null,CLR,null,null,null,null,null,null,null,null,null,null,null,null,null,null,32.12,KHSV 032253Z 34003KT 10SM CLR 02/M07 A3048 RMK AO2 SLP325 T00171067,null
HSV,2024-12-03 23:53,34,20,56.12,30,4,0,30.48,1032.5,10,null,CLR,null,null,null,null,null,null,null,null,null,null,null,null,null,null,29.76,KHSV 032353Z 03004KT 10SM CLR 01/M07 A3048 RMK AO2 SLP325 T00111067 10050 20011 55004,null
HSV,2024-12-04 0:53,32,20,60.81,60,5,0,30.47,1032.5,10,null,CLR,null,null,null,null,null,null,null,null,null,null,null,null,null,null,26.4,KHSV 040053Z 06005KT 10SM CLR 00/M07 A3047 RMK AO2 SLP325 T00001067,null
HSV,2024-12-04 1:53,28,22,77.89,0,0,0,30.47,1032.4,10,null,CLR,null,null,null,null,null,null,null,null,null,null,null,null,null,null,28,KHSV 040153Z 00000KT 10SM CLR M02/M06 A3047 RMK AO2 SLP324 T10221056,null
HSV,2024-12-04 2:53,27,22,81.17,0,0,0,30.46,1031.8,10,null,CLR,null,null,null,null,null,null,null,null,null,null,null,null,null,null,27,KHSV 040253Z 00000KT 10SM CLR M03/M06 A3046 RMK AO2 SLP318 T10281056 58008,null
HSV,2024-12-04 3:53,27,22,81.17,120,4,0,30.45,1031.5,10,null,CLR,null,null,null,null,null,null,null,null,null,null,null,null,null,null,21.58,KHSV 040353Z 12004KT 10SM CLR M03/M06 A3045 RMK AO2 SLP315 T10281056,null
HSV,2024-12-04 4:53,26,22,84.59,120,4,0,30.43,1030.9,10,null,CLR,null,null,null,null,null,null,null,null,null,null,null,null,null,null,20.41,KHSV 040453Z 12004KT 10SM CLR M03/M06 A3043 RMK AO2 SLP309 T10331056,null
HSV,2024-12-04 5:53,27,24,88.28,110,3,0,30.42,1030.6,10,null,CLR,null,null,null,null,null,null,null,null,null,null,null,null,null,null,22.97,KHSV 040553Z 11003KT 10SM CLR M03/M04 A3042 RMK AO2 SLP306 T10281044 10011 21033 400501033 56010,null
HSV,2024-12-04 6:53,27,24,88.28,150,4,0,30.42,1030.4,10,null,CLR,null,null,null,null,null,null,null,null,null,null,null,null,null,null,21.58,KHSV 040653Z AUTO 15004KT 10SM CLR M03/M04 A3042 RMK AO2 SLP304 T10281044,null
HSV,2024-12-04 7:53,26,22,84.59,110,4,0,30.4,1029.9,10,null,CLR,null,null,null,null,null,null,null,null,null,null,null,null,null,null,20.41,KHSV 040753Z AUTO 11004KT 10SM CLR M03/M06 A3040 RMK AO2 SLP299 T10331056,null
HSV,2024-12-04 8:53,26,22,84.59,110,4,0,30.39,1029.6,10,null,CLR,null,null,null,null,null,null,null,null,null,null,null,null,null,null,20.41,KHSV 040853Z AUTO 11004KT 10SM CLR M03/M06 A3039 RMK AO2 SLP296 T10331056 56010,null
HSV,2024-12-04 9:53,25,22,88.18,90,4,0,30.37,1028.9,10,null,CLR,null,null,null,null,null,null,null,null,null,null,null,null,null,null,19.25,KHSV 040953Z AUTO 09004KT 10SM CLR M04/M06 A3037 RMK AO2 SLP289 T10391056,null
HSV,2024-12-04 10:53,26,22,84.59,110,5,0,30.37,1028.9,10,null,CLR,null,null,null,null,null,null,null,null,null,null,null,null,null,null,19.27,KHSV 041053Z AUTO 11005KT 10SM CLR M03/M06 A3037 RMK AO2 SLP289 T10331056,null
HSV,2024-12-04 11:53,27,22,81.17,100,5,0,30.35,1028.4,10,null,CLR,null,null,null,null,null,null,null,null,null,null,null,null,null,null,20.46,KHSV 041153Z 10005KT 10SM CLR M03/M06 A3035 RMK AO2 SLP284 T10281056 11022 21044 56014,null
HSV,2024-12-04 12:53,27,22,81.17,120,3,0,30.37,1028.8,10,null,FEW,null,null,null,5000,null,null,null,null,null,null,null,null,null,null,22.97,KHSV 041253Z 12003KT 10SM FEW050 M03/M06 A3037 RMK AO2 SLP288 T10281056,null
HSV,2024-12-04 13:53,31,25,78.16,140,5,0,30.37,1028.8,10,null,FEW,null,null,null,25000,null,null,null,null,null,null,null,null,null,null,25.21,KHSV 041353Z 14005KT 10SM FEW250 M01/M04 A3037 RMK AO2 SLP288 T10061039,null
HSV,2024-12-04 14:53,37,26,64.11,160,4,0,30.36,1028.3,10,null,FEW,null,null,null,25000,null,null,null,null,null,null,null,null,null,null,33.26,KHSV 041453Z 16004KT 10SM FEW250 03/M03 A3036 RMK AO2 SLP283 T00281033 50001,null
HSV,2024-12-04 15:53,42,25,50.61,190,9,0,30.34,1027.7,10,null,BKN,null,null,null,25000,null,null,null,null,null,null,null,null,null,null,35.95,KHSV 041553Z 19009KT 10SM BKN250 06/M04 A3034 RMK AO2 SLP277 T00561039,null
HSV,2024-12-04 16:53,47,24,40.12,200,7,0,30.29,1026.1,10,null,BKN,null,null,null,25000,null,null,null,null,null,null,null,null,null,null,43.06,KHSV 041653Z 20007KT 10SM BKN250 08/M04 A3029 RMK AO2 SLP261 T00831044,null
HSV,2024-12-04 17:53,49,23,35.69,200,7,0,30.25,1024.6,10,null,BKN,null,null,null,25000,null,null,null,null,null,null,null,null,null,null,45.5,KHSV 041753Z 20007KT 10SM BKN250 09/M05 A3025 RMK AO2 PRESFR SLP246 T00941050 10094 21039 58036,null
HSV,2024-12-04 18:53,52,22,30.62,220,12,0,30.22,1023.5,10,null,FEW,BKN,null,null,9000,25000,null,null,null,null,null,null,null,null,null,52,KHSV 041853Z 22012KT 10SM FEW090 BKN250 11/M06 A3022 RMK AO2 SLP235 T01111056,null
HSV,2024-12-04 19:53,52,23,31.93,220,13,0,30.19,1022.5,10,21,FEW,BKN,null,null,9000,25000,null,null,null,null,null,null,null,null,null,52,KHSV 041953Z 22013G21KT 10SM FEW090 BKN250 11/M05 A3019 RMK AO2 SLP225 T01111050,null
HSV,2024-12-04 20:53,51,25,36.03,210,8,0,30.17,1021.9,10,null,SCT,BKN,null,null,8500,25000,null,null,null,null,null,null,null,null,null,51,KHSV 042053Z 21008KT 10SM SCT085 BKN250 11/M04 A3017 RMK AO2 SLP219 T01061039 56025,null
HSV,2024-12-04 21:53,50,25,37.39,200,7,0,30.15,1021.4,10,null,SCT,BKN,OVC,null,7500,9000,25000,null,null,null,null,null,null,null,null,50,KHSV 042153Z 20007KT 10SM SCT075 BKN090 OVC250 10/M04 A3015 RMK AO2 SLP214 T01001039,null
HSV,2024-12-04 22:53,50,26,38.97,200,6,0,30.13,1020.7,10,null,BKN,OVC,null,null,8500,25000,null,null,null,null,null,null,null,null,null,50,KHSV 042253Z 20006KT 10SM BKN085 OVC250 10/M03 A3013 RMK AO2 SLP207 T01001033,null
HSV,2024-12-04 23:53,50,26,38.97,220,7,0,30.14,1020.8,10,null,OVC,null,null,null,5000,null,null,null,null,null,null,null,null,null,null,50,KHSV 042353Z 22007KT 10SM OVC050 10/M03 A3014 RMK AO2 SLP208 T01001033 10117 20094 55010,null
HSV,2024-12-05 0:53,50,27,40.62,230,9,0,30.14,1020.6,10,null,OVC,null,null,null,4100,null,null,null,null,null,null,null,null,null,null,50,KHSV 050053Z 23009KT 10SM OVC041 10/M03 A3014 RMK AO2 SLP206 T01001028,null
HSV,2024-12-05 1:53,49,31,49.65,220,7,T,30.12,1020.1,10,null,BKN,OVC,null,null,3000,3900,null,null,#NAME?,null,null,null,null,null,null,45.5,KHSV 050153Z 22007KT 10SM -RA BKN030 OVC039 09/M01 A3012 RMK AO2 RAB48 SLP201 P0000 T00941006,null
HSV,2024-12-05 2:12,49,31,49.65,220,8,T,30.13,null,10,null,OVC,null,null,null,2900,null,null,null,null,null,null,null,null,null,null,45.05,KHSV 050212Z 22008KT 10SM OVC029 09/M01 A3013 RMK AO2 RAE0157 P0000 T00941006,null
HSV,2024-12-05 2:53,48,32,53.67,250,5,T,30.12,1019.9,10,null,OVC,null,null,null,2900,null,null,null,null,null,null,null,null,null,null,45.4,KHSV 050253Z 25005KT 10SM OVC029 09/00 A3012 RMK AO2 RAE0157B23E32 SLP199 P0000 60000 T00890000 58008,null
HSV,2024-12-05 3:53,46,32,57.87,230,6,0.01,30.11,1019.6,9,null,OVC,null,null,null,2600,null,null,null,#NAME?,null,null,null,null,null,null,42.39,KHSV 050353Z 23006KT 9SM -RA OVC026 08/00 A3011 RMK AO2 RAB0254 SLP196 P0001 T00780000,null
HSV,2024-12-05 4:53,45,40,82.51,0,0,0.03,30.1,1019.4,8,null,OVC,null,null,null,1900,null,null,null,null,null,null,null,null,null,null,45,KHSV 050453Z 00000KT 8SM OVC019 07/04 A3010 RMK AO2 RAE31 SLP194 P0003 T00720044,null
HSV,2024-12-05 5:50,44.6,42.8,93.35,220,4,0,30.09,null,10,null,OVC,null,null,null,1300,null,null,null,null,null,null,null,null,null,null,42.13,KHSV 050550Z 22004KT 10SM OVC013 07/06 A3009 RMK AO2,null
HSV,2024-12-05 5:53,44,42,92.61,210,4,0,30.09,1018.9,9,null,OVC,null,null,null,1300,null,null,null,null,null,null,null,null,null,null,41.43,KHSV 050553Z 21004KT 9SM OVC013 07/06 A3009 RMK AO2 SLP189 60004 T00670056 10106 20067 401171044 56006,null
HSV,2024-12-05 6:45,44,43,96.24,220,4,0,30.07,null,10,null,OVC,null,null,null,800,null,null,null,null,null,null,null,null,null,null,41.43,KHSV 050645Z AUTO 22004KT 10SM OVC008 07/06 A3007 RMK AO2 CIG 006V010 T00670061,null
HSV,2024-12-05 6:53,44,43,96.24,230,3,0,30.07,1018.3,10,null,OVC,null,null,null,800,null,null,null,null,null,null,null,null,null,null,42.41,KHSV 050653Z AUTO 23003KT 10SM OVC008 07/06 A3007 RMK AO2 CIG 005V010 SLP183 T00670061,null
HSV,2024-12-05 7:01,44,43,96.24,220,4,0,30.07,null,10,null,OVC,null,null,null,700,null,null,null,null,null,null,null,null,null,null,41.43,KHSV 050701Z AUTO 22004KT 10SM OVC007 07/06 A3007 RMK AO2 T00670061,null
HSV,2024-12-05 7:53,45,44,96.26,260,4,0,30.08,1018.4,7,null,OVC,null,null,null,500,null,null,null,null,null,null,null,null,null,null,42.6,KHSV 050753Z AUTO 26004KT 7SM OVC005 07/07 A3008 RMK AO2 CIG 004V010 SLP184 T00720067,null
HSV,2024-12-05 8:46,47,45,92.71,270,7,0,30.08,null,10,null,BKN,OVC,null,null,1200,1800,null,null,null,null,null,null,null,null,null,43.06,KHSV 050846Z AUTO 27007KT 10SM BKN012 OVC018 08/07 A3008 RMK AO2 T00830072,null
HSV,2024-12-05 8:53,47,45,92.71,270,8,0,30.08,1018.7,10,null,BKN,OVC,null,null,1200,1800,null,null,null,null,null,null,null,null,null,42.59,KHSV 050853Z AUTO 27008KT 10SM BKN012 OVC018 08/07 A3008 RMK AO2 SLP187 T00830072 55002,null
HSV,2024-12-05 9:25,47,45,92.71,270,7,0,30.08,null,10,null,OVC,null,null,null,1500,null,null,null,null,null,null,null,null,null,null,43.06,KHSV 050925Z AUTO 27007KT 10SM OVC015 08/07 A3008 RMK AO2 T00830072,null
HSV,2024-12-05 9:32,47,45,92.71,270,7,0,30.08,null,10,null,OVC,null,null,null,1300,null,null,null,null,null,null,null,null,null,null,43.06,KHSV 050932Z AUTO 27007KT 10SM OVC013 08/07 A3008 RMK AO2 T00830072,null
HSV,2024-12-05 9:53,47,44,89.24,270,8,0,30.08,1018.7,10,null,BKN,BKN,null,null,1200,1700,null,null,null,null,null,null,null,null,null,42.59,KHSV 050953Z AUTO 27008KT 10SM BKN012 BKN017 08/07 A3008 RMK AO2 SLP187 T00830067,null
HSV,2024-12-05 10:25,46,44,92.68,270,7,0,30.09,null,10,null,SCT,null,null,null,1200,null,null,null,null,null,null,null,null,null,null,41.84,KHSV 051025Z AUTO 27007KT 10SM SCT012 08/07 A3009 RMK AO2 T00780067,null
HSV,2024-12-05 10:53,46,43,89.2,260,9,0,30.09,1019.1,10,null,SCT,null,null,null,1400,null,null,null,null,null,null,null,null,null,null,40.92,KHSV 051053Z AUTO 26009KT 10SM SCT014 08/06 A3009 RMK AO2 SLP191 T00780061,null
HSV,2024-12-05 11:53,45,43,92.65,270,7,0,30.11,1019.6,10,null,FEW,null,null,null,1000,null,null,null,null,null,null,null,null,null,null,40.63,KHSV 051153Z 27007KT 10SM FEW010 07/06 A3011 RMK AO2 SLP196 70004 T00720061 10089 20067 53009,null
HSV,2024-12-05 12:53,44,41,89.11,300,9,0,30.14,1020.4,10,null,FEW,null,null,null,2500,null,null,null,null,null,null,null,null,null,null,38.44,KHSV 051253Z 30009KT 10SM FEW025 07/05 A3014 RMK AO2 SLP204 T00670050,null
HSV,2024-12-05 13:53,46,39,76.4,300,10,0,30.16,1021.3,10,null,FEW,null,null,null,2200,null,null,null,null,null,null,null,null,null,null,40.52,KHSV 051353Z 30010KT 10SM FEW022 08/04 A3016 RMK AO2 SLP213 T00780039,null
HSV,2024-12-05 14:53,46,37,70.64,350,14,0,30.19,1022.4,10,23,BKN,null,null,null,2400,null,null,null,null,null,null,null,null,null,null,39.21,KHSV 051453Z 35014G23KT 10SM BKN024 08/03 A3019 RMK AO2 SLP224 T00780028 53028,null
HSV,2024-12-05 15:12,44,32,62.44,360,12,0,30.22,null,10,24,FEW,null,null,null,2400,null,null,null,null,null,null,null,null,null,null,37.27,KHSV 051512Z 36012G24KT 10SM FEW024 07/00 A3022 RMK AO2 PRESRR T00670000,null
HSV,2024-12-05 15:53,43,25,48.7,10,14,0,30.25,1024.3,10,20,FEW,null,null,null,2400,null,null,null,null,null,null,null,null,null,null,35.34,KHSV 051553Z 01014G20KT 10SM FEW024 06/M04 A3025 RMK AO2 SLP243 T00611039,null
HSV,2024-12-05 16:53,45,22,39.79,340,11,0,30.25,1024.6,10,null,CLR,null,null,null,null,null,null,null,null,null,null,null,null,null,null,38.89,KHSV 051653Z 34011KT 10SM CLR 07/M06 A3025 RMK AO2 SLP246 T00721056,null
HSV,2024-12-05 17:53,44,21,39.62,350,12,0,30.24,1024.2,10,null,FEW,null,null,null,25000,null,null,null,null,null,null,null,null,null,null,37.27,KHSV 051753Z 35012KT 10SM FEW250 07/M06 A3024 RMK AO2 SLP242 T00671061 10083 20061 50017,null
HSV,2024-12-05 18:53,44,18,34.86,10,13,0,30.24,1024.2,10,18,FEW,null,null,null,25000,null,null,null,null,null,null,null,null,null,null,36.94,KHSV 051853Z 01013G18KT 10SM FEW250 07/M08 A3024 RMK AO2 SLP242 T00671078,null
HSV,2024-12-05 19:53,43,16,33.22,330,12,0,30.24,1024.1,10,19,FEW,null,null,null,25000,null,null,null,null,null,null,null,null,null,null,36,KHSV 051953Z 33012G19KT 10SM FEW250 06/M09 A3024 RMK AO2 SLP241 T00611089,null
HSV,2024-12-05 20:53,42,14,31.64,320,12,0,30.25,1024.6,10,null,CLR,null,null,null,null,null,null,null,null,null,null,null,null,null,null,34.73,KHSV 052053Z 32012KT 10SM CLR 06/M10 A3025 RMK AO2 SLP246 T00561100 53003,null
HSV,2024-12-05 21:53,38,13,35.37,350,15,0,30.28,1025.4,10,23,CLR,null,null,null,null,null,null,null,null,null,null,null,null,null,null,28.56,KHSV 052153Z 35015G23KT 10SM CLR 03/M11 A3028 RMK AO2 SLP254 T00331106,null
HSV,2024-12-05 22:53,34,10,36.27,360,13,0,30.31,1026.5,10,18,CLR,null,null,null,null,null,null,null,null,null,null,null,null,null,null,24.13,KHSV 052253Z 36013G18KT 10SM CLR 01/M12 A3031 RMK AO2 SLP265 T00111122,null
HSV,2024-12-05 23:53,31,9,39.13,10,15,0,30.33,1027.2,10,21,CLR,null,null,null,null,null,null,null,null,null,null,null,null,null,null,19.48,KHSV 052353Z 01015G21KT 10SM CLR M01/M13 A3033 RMK AO2 SLP272 T10061128 10067 21006 51024,null
HSV,2024-12-06 0:53,29,11,46.42,20,10,0,30.34,1027.8,10,null,CLR,null,null,null,null,null,null,null,null,null,null,null,null,null,null,19.21,KHSV 060053Z 02010KT 10SM CLR M02/M12 A3034 RMK AO2 SLP278 T10171117,null
HSV,2024-12-06 1:53,28,9,44.23,10,15,0,30.36,1028.4,10,21,CLR,null,null,null,null,null,null,null,null,null,null,null,null,null,null,15.59,KHSV 060153Z 01015G21KT 10SM CLR M02/M13 A3036 RMK AO2 SLP284 T10221128,null
HSV,2024-12-06 2:53,26,9,48.03,20,17,0,30.37,1028.7,10,23,CLR,null,null,null,null,null,null,null,null,null,null,null,26,10,2024-12-06 2:36,12.21,KHSV 060253Z 02017G23KT 10SM CLR M03/M13 A3037 RMK AO2 PK WND 01026/0236 SLP287 T10331128 51015,null
HSV,2024-12-06 3:53,25,10,52.36,10,9,0,30.39,1029.5,10,null,CLR,null,null,null,null,null,null,null,null,null,null,null,null,null,null,14.81,KHSV 060353Z 01009KT 10SM CLR M04/M12 A3039 RMK AO2 SLP295 T10391122,null
HSV,2024-12-06 4:53,24,9,52.2,360,12,0,30.4,1029.8,10,null,CLR,null,null,null,null,null,null,null,null,null,null,null,null,null,null,11.82,KHSV 060453Z 36012KT 10SM CLR M04/M13 A3040 RMK AO2 SLP298 T10441128,null
HSV,2024-12-06 5:53,23,10,56.93,10,9,0,30.4,1029.9,10,null,CLR,null,null,null,null,null,null,null,null,null,null,null,null,null,null,12.32,KHSV 060553Z 01009KT 10SM CLR M05/M12 A3040 RMK AO2 SLP299 T10501122 11006 21050 400891050 51011,null
HSV,2024-12-06 6:53,22,9,56.78,10,10,0,30.41,1030,10,null,CLR,null,null,null,null,null,null,null,null,null,null,null,null,null,null,10.43,KHSV 060653Z AUTO 01010KT 10SM CLR M06/M13 A3041 RMK AO2 SLP300 T10561128,null
HSV,2024-12-06 7:53,21,10,61.95,360,8,0,30.43,1030.7,10,null,CLR,null,null,null,null,null,null,null,null,null,null,null,null,null,null,10.56,KHSV 060753Z AUTO 36008KT 10SM CLR M06/M12 A3043 RMK AO2 SLP307 T10611122,null
HSV,2024-12-06 8:53,21,9,59.23,20,9,0,30.42,1030.6,10,null,CLR,null,null,null,null,null,null,null,null,null,null,null,null,null,null,9.84,KHSV 060853Z AUTO 02009KT 10SM CLR M06/M13 A3042 RMK AO2 SLP306 T10611128 50006,null
HSV,2024-12-06 9:53,20,9,61.8,10,9,0,30.42,1030.8,10,null,CLR,null,null,null,null,null,null,null,null,null,null,null,null,null,null,8.59,KHSV 060953Z AUTO 01009KT 10SM CLR M07/M13 A3042 RMK AO2 SLP308 T10671128,null
HSV,2024-12-06 10:53,20,10,64.64,20,8,0,30.43,1031,10,null,CLR,null,null,null,null,null,null,null,null,null,null,null,null,null,null,9.33,KHSV 061053Z AUTO 02008KT 10SM CLR M07/M12 A3043 RMK AO2 SLP310 T10671122,null
HSV,2024-12-06 11:53,19,10,67.46,20,7,0,30.44,1031.5,10,null,CLR,null,null,null,null,null,null,null,null,null,null,null,null,null,null,8.93,KHSV 061153Z 02007KT 10SM CLR M07/M12 A3044 RMK AO2 SLP315 T10721122 11050 21072 53007,null
HSV,2024-12-06 12:53,20,10,64.64,20,8,0,30.47,1032.3,10,null,CLR,null,null,null,null,null,null,null,null,null,null,null,null,null,null,9.33,KHSV 061253Z 02008KT 10SM CLR M07/M12 A3047 RMK AO2 SLP323 T10671122,null
HSV,2024-12-06 13:53,23,10,56.93,40,10,0,30.48,1032.9,10,null,CLR,null,null,null,null,null,null,null,null,null,null,null,null,null,null,11.68,KHSV 061353Z 04010KT 10SM CLR M05/M12 A3048 RMK AO2 SLP329 T10501122,null
HSV,2024-12-06 14:53,26,10,50.23,30,9,0,30.49,1032.9,10,null,CLR,null,null,null,null,null,null,null,null,null,null,null,null,null,null,16.05,KHSV 061453Z 03009KT 10SM CLR M03/M12 A3049 RMK AO2 SLP329 T10331122 51014,null
HSV,2024-12-06 15:53,30,11,44.57,30,6,0,30.49,1033.1,10,null,CLR,null,null,null,null,null,null,null,null,null,null,null,null,null,null,23.12,KHSV 061553Z 03006KT 10SM CLR M01/M12 A3049 RMK AO2 SLP331 T10111117,null
HSV,2024-12-06 16:53,34,11,37.93,0,0,0,30.47,1032.4,10,null,CLR,null,null,null,null,null,null,null,null,null,null,null,null,null,null,34,KHSV 061653Z 00000KT 10SM CLR 01/M12 A3047 RMK AO2 SLP324 T00111117,null
HSV,2024-12-06 17:53,37,12,35.2,310,5,0,30.44,1031.4,10,null,CLR,null,null,null,null,null,null,null,null,null,null,null,null,null,null,32.33,KHSV 061753Z 31005KT 10SM CLR 03/M11 A3044 RMK AO2 SLP314 T00281111 10028 21072 58014,null
HSV,2024-12-06 18:53,38,12,33.84,0,0,0,30.41,1030.4,10,null,CLR,null,null,null,null,null,null,null,null,null,null,null,null,null,null,38,KHSV 061853Z 00000KT 10SM CLR 03/M11 A3041 RMK AO2 SLP304 T00331111,null
HSV,2024-12-06 19:53,41,11,28.8,330,6,0,30.39,1029.7,10,null,CLR,null,null,null,null,null,null,null,null,null,null,null,null,null,null,36.37,KHSV 061953Z 33006KT 10SM CLR 05/M12 A3039 RMK AO2 SLP297 T00501117,null
HSV,2024-12-06 20:53,41,11,28.8,330,5,0,30.38,1029.3,10,null,CLR,null,null,null,null,null,null,null,null,null,null,null,null,null,null,37.08,KHSV 062053Z 33005KT 10SM CLR 05/M12 A3038 RMK AO2 SLP293 T00501117 56020,null
HSV,2024-12-06 21:53,40,10,28.64,330,5,0,30.38,1029.2,10,null,CLR,null,null,null,null,null,null,null,null,null,null,null,null,null,null,35.9,KHSV 062153Z 33005KT 10SM CLR 04/M12 A3038 RMK AO2 SLP292 T00441122,null
HSV,2024-12-06 22:53,36,12,36.62,340,4,0,30.38,1029.5,10,null,CLR,null,null,null,null,null,null,null,null,null,null,null,null,null,null,32.09,KHSV 062253Z 34004KT 10SM CLR 02/M11 A3038 RMK AO2 SLP295 T00221111,null
HSV,2024-12-06 23:53,35,12,38.1,0,0,0,30.39,1029.7,10,null,CLR,null,null,null,null,null,null,null,null,null,null,null,null,null,null,35,KHSV 062353Z 00000KT 10SM CLR 02/M11 A3039 RMK AO2 SLP297 T00171111 10056 20017 53003,null
HSV,2024-12-07 0:53,34,13,41.44,0,0,0,30.39,1029.7,10,null,CLR,null,null,null,null,null,null,null,null,null,null,null,null,null,null,34,KHSV 070053Z 00000KT 10SM CLR 01/M11 A3039 RMK AO2 SLP297 T00111106,null
HSV,2024-12-07 1:53,29,14,53,0,0,0,30.39,1029.6,10,null,CLR,null,null,null,null,null,null,null,null,null,null,null,null,null,null,29,KHSV 070153Z 00000KT 10SM CLR M02/M10 A3039 RMK AO2 SLP296 T10171100,null
HSV,2024-12-07 2:53,28,15,57.68,330,3,0,30.39,1029.6,10,null,CLR,null,null,null,null,null,null,null,null,null,null,null,null,null,null,24.12,KHSV 070253Z 33003KT 10SM CLR M02/M09 A3039 RMK AO2 SLP296 T10221094 58001,null
HSV,2024-12-07 3:53,27,18,68.45,0,0,0,30.38,1029.3,10,null,CLR,null,null,null,null,null,null,null,null,null,null,null,null,null,null,27,KHSV 070353Z 00000KT 10SM CLR M03/M08 A3038 RMK AO2 SLP293 T10281078,null
HSV,2024-12-07 4:53,26,18,71.33,230,4,0,30.38,1029.3,10,null,CLR,null,null,null,null,null,null,null,null,null,null,null,null,null,null,20.41,KHSV 070453Z 23004KT 10SM CLR M03/M08 A3038 RMK AO2 SLP293 T10331078,null
HSV,2024-12-07 5:53,25,19,77.62,0,0,0,30.38,1029.1,10,null,CLR,null,null,null,null,null,null,null,null,null,null,null,null,null,null,25,KHSV 070553Z 00000KT 10SM CLR M04/M07 A3038 RMK AO2 SLP291 T10391072 10017 21039 401781072 57004,null
HSV,2024-12-07 6:53,26,18,71.33,10,3,0,30.38,1029.2,10,null,CLR,null,null,null,null,null,null,null,null,null,null,null,null,null,null,21.83,KHSV 070653Z AUTO 01003KT 10SM CLR M03/M08 A3038 RMK AO2 SLP292 T10331078,null
HSV,2024-12-07 7:53,26,18,71.33,0,0,0,30.39,1029.6,10,null,CLR,null,null,null,null,null,null,null,null,null,null,null,null,null,null,26,KHSV 070753Z AUTO 00000KT 10SM CLR M03/M08 A3039 RMK AO2 SLP296 T10331078,null
HSV,2024-12-07 8:53,24,20,84.46,100,4,0,30.38,1029.1,10,null,CLR,null,null,null,null,null,null,null,null,null,null,null,null,null,null,18.08,KHSV 070853Z AUTO 10004KT 10SM CLR M04/M07 A3038 RMK AO2 SLP291 T10441067 50002,null
HSV,2024-12-07 9:53,24,20,84.46,0,0,0,30.38,1029.2,10,null,CLR,null,null,null,null,null,null,null,null,null,null,null,null,null,null,24,KHSV 070953Z AUTO 00000KT 10SM CLR M04/M07 A3038 RMK AO2 SLP292 T10441067,null
HSV,2024-12-07 10:53,23,19,84.39,0,0,0,30.4,1030,10,null,CLR,null,null,null,null,null,null,null,null,null,null,null,null,null,null,23,KHSV 071053Z AUTO 00000KT 10SM CLR M05/M07 A3040 RMK AO2 SLP300 T10501072,null
HSV,2024-12-07 11:53,24,19,80.93,0,0,0,30.42,1030.6,10,null,CLR,null,null,null,null,null,null,null,null,null,null,null,null,null,null,24,KHSV 071153Z 00000KT 10SM CLR M04/M07 A3042 RMK AO2 SLP306 T10441072 11028 21056 53014,null
HSV,2024-12-07 12:53,24,20,84.46,0,0,0,30.42,1030.7,10,null,FEW,null,null,null,21000,null,null,null,null,null,null,null,null,null,null,24,KHSV 071253Z 00000KT 10SM FEW210 M04/M07 A3042 RMK AO2 SLP307 T10441067,null
HSV,2024-12-07 13:53,27,22,81.17,110,4,0,30.43,1030.9,10,null,FEW,null,null,null,21000,null,null,null,null,null,null,null,null,null,null,21.58,KHSV 071353Z 11004KT 10SM FEW210 M03/M06 A3043 RMK AO2 SLP309 T10281056,null
HSV,2024-12-07 14:53,33,24,69.16,110,3,0,30.43,1031,10,null,CLR,null,null,null,null,null,null,null,null,null,null,null,null,null,null,29.83,KHSV 071453Z 11003KT 10SM CLR 01/M04 A3043 RMK AO2 SLP310 T00061044 53003,null
HSV,2024-12-07 15:53,38,22,52.14,0,0,0,30.42,1030.7,10,null,CLR,null,null,null,null,null,null,null,null,null,null,null,null,null,null,38,KHSV 071553Z 00000KT 10SM CLR 03/M06 A3042 RMK AO2 SLP307 T00331056,null
HSV,2024-12-07 16:53,44,20,37.97,0,0,0,30.39,1029.6,10,null,CLR,null,null,null,null,null,null,null,null,null,null,null,null,null,null,44,KHSV 071653Z 00000KT 10SM CLR 07/M07 A3039 RMK AO2 SLP296 T00671067,null
HSV,2024-12-07 17:53,47,16,28.53,0,0,0,30.36,1028.3,10,null,CLR,null,null,null,null,null,null,null,null,null,null,null,null,null,null,47,KHSV 071753Z 00000KT 10SM CLR 08/M09 A3036 RMK AO2 SLP283 T00831089 10083 21056 58024,null
HSV,2024-12-07 18:53,49,10,20.32,230,5,0,30.32,1027.2,10,null,CLR,null,null,null,null,null,null,null,null,null,null,null,null,null,null,46.58,KHSV 071853Z 23005KT 10SM CLR 09/M12 A3032 RMK AO2 SLP272 T00941122,null
HSV,2024-12-07 19:53,52,14,21.7,null,4,0,30.29,1026,10,null,FEW,null,null,null,20000,null,null,null,null,null,null,null,null,null,null,52,KHSV 071953Z VRB04KT 10SM FEW200 11/M10 A3029 RMK AO2 SLP260 T01111100,null
HSV,2024-12-07 20:53,53,18,24.88,null,4,0,30.27,1025.3,10,null,FEW,null,null,null,20000,null,null,null,null,null,null,null,null,null,null,53,KHSV 072053Z VRB04KT 10SM FEW200 12/M08 A3027 RMK AO2 SLP253 T01171078 56028,null
HSV,2024-12-07 21:53,53,18,24.88,240,5,0,30.27,1025.3,10,null,FEW,null,null,null,20000,null,null,null,null,null,null,null,null,null,null,53,KHSV 072153Z 24005KT 10SM FEW200 12/M08 A3027 RMK AO2 SLP253 T01171078,null
HSV,2024-12-07 22:53,47,21,35.36,190,3,0,30.26,1025.1,10,null,FEW,null,null,null,7500,null,null,null,null,null,null,null,null,null,null,45.84,KHSV 072253Z 19003KT 10SM FEW075 08/M06 A3026 RMK AO2 SLP251 T00831061,null
HSV,2024-12-07 23:53,43,22,42.95,190,4,0,30.26,1025.2,10,null,FEW,null,null,null,7500,null,null,null,null,null,null,null,null,null,null,40.27,KHSV 072353Z 19004KT 10SM FEW075 06/M06 A3026 RMK AO2 SLP252 T00611056 10122 20056 55003,null
HSV,2024-12-08 0:53,43,22,42.95,190,5,0,30.27,1025.3,10,null,CLR,null,null,null,null,null,null,null,null,null,null,null,null,null,null,39.46,KHSV 080053Z 19005KT 10SM CLR 06/M06 A3027 RMK AO2 SLP253 T00611056,null
HSV,2024-12-08 1:53,44,22,41.34,190,3,0,30.27,1025.2,10,null,CLR,null,null,null,null,null,null,null,null,null,null,null,null,null,null,42.41,KHSV 080153Z 19003KT 10SM CLR 07/M06 A3027 RMK AO2 SLP252 T00671056,null
HSV,2024-12-08 2:53,39,23,52.3,140,3,0,30.26,1024.9,10,null,CLR,null,null,null,null,null,null,null,null,null,null,null,null,null,null,36.69,KHSV 080253Z 14003KT 10SM CLR 04/M05 A3026 RMK AO2 SLP249 T00391050 58002,null
HSV,2024-12-08 3:53,38,24,56.71,0,0,0,30.26,1024.9,10,null,CLR,null,null,null,null,null,null,null,null,null,null,null,null,null,null,38,KHSV 080353Z 00000KT 10SM CLR 03/M04 A3026 RMK AO2 SLP249 T00331044,null
HSV,2024-12-08 4:53,38,25,59.13,0,0,0,30.25,1024.6,10,null,FEW,null,null,null,12000,null,null,null,null,null,null,null,null,null,null,38,KHSV 080453Z 00000KT 10SM FEW120 03/M04 A3025 RMK AO2 SLP246 T00331039,null
HSV,2024-12-08 5:53,36,25,63.98,0,0,0,30.24,1024,10,null,FEW,null,null,null,13000,null,null,null,null,null,null,null,null,null,null,36,KHSV 080553Z 00000KT 10SM FEW130 02/M04 A3024 RMK AO2 SLP240 T00221039 10072 20022 401221056 58007,null
HSV,2024-12-08 6:53,34,27,75.26,150,5,0,30.22,1023.6,10,null,CLR,null,null,null,null,null,null,null,null,null,null,null,null,null,null,28.77,KHSV 080653Z AUTO 15005KT 10SM CLR 01/M03 A3022 RMK AO2 SLP236 T00111028,null
HSV,2024-12-08 7:53,33,27,78.34,140,5,0,30.23,1023.8,10,null,CLR,null,null,null,null,null,null,null,null,null,null,null,null,null,null,27.58,KHSV 080753Z AUTO 14005KT 10SM CLR 01/M03 A3023 RMK AO2 SLP238 T00061028,null
HSV,2024-12-08 8:53,34,28,78.43,100,4,0,30.23,1023.6,10,null,CLR,null,null,null,null,null,null,null,null,null,null,null,null,null,null,29.76,KHSV 080853Z AUTO 10004KT 10SM CLR 01/M02 A3023 RMK AO2 SLP236 T00111022 56003,null
HSV,2024-12-08 9:53,38,30,72.64,130,5,0,30.22,1023.4,10,null,BKN,null,null,null,12000,null,null,null,null,null,null,null,null,null,null,33.52,KHSV 080953Z AUTO 13005KT 10SM BKN120 03/M01 A3022 RMK AO2 SLP234 T00331011,null
HSV,2024-12-08 10:53,39,27,61.78,70,5,0,30.21,1023.2,10,null,SCT,SCT,null,null,7000,11000,null,null,null,null,null,null,null,null,null,34.71,KHSV 081053Z AUTO 07005KT 10SM SCT070 SCT110 04/M03 A3021 RMK AO2 SLP232 T00391028,null
HSV,2024-12-08 11:53,41,29,62.04,0,0,0,30.22,1023.7,10,null,OVC,null,null,null,10000,null,null,null,null,null,null,null,null,null,null,41,KHSV 081153Z 00000KT 10SM OVC100 05/M02 A3022 RMK AO2 SLP237 T00501017 10050 20000 55001,null
HSV,2024-12-08 12:53,42,30,62.18,140,4,0,30.22,1023.3,10,null,SCT,OVC,null,null,5000,8500,null,null,null,null,null,null,null,null,null,39.1,KHSV 081253Z 14004KT 10SM SCT050 OVC085 06/M01 A3022 RMK AO2 SLP233 T00561011,null
HSV,2024-12-08 13:53,44,31,59.97,70,3,0,30.22,1023.5,10,null,FEW,BKN,OVC,null,4200,5500,9000,null,null,null,null,null,null,null,null,42.41,KHSV 081353Z 07003KT 10SM FEW042 BKN055 OVC090 07/M01 A3022 RMK AO2 SLP235 T00671006,null
HSV,2024-12-08 14:53,47,30,51.39,140,5,0,30.23,1023.7,10,null,SCT,BKN,OVC,null,4100,7500,20000,null,null,null,null,null,null,null,null,44.21,KHSV 081453Z 14005KT 10SM SCT041 BKN075 OVC200 08/M01 A3023 RMK AO2 SLP237 T00831011 53001,null
HSV,2024-12-08 15:53,51,30,44.26,220,8,0,30.25,1024.3,10,null,BKN,OVC,null,null,3400,6500,null,null,null,null,null,null,null,null,null,51,KHSV 081553Z 22008KT 10SM BKN034 OVC065 11/M01 A3025 RMK AO2 SLP243 T01061011,null
HSV,2024-12-08 16:53,51,32,47.99,220,10,0,30.22,1023.3,10,null,FEW,BKN,OVC,null,1700,2900,4000,null,null,null,null,null,null,null,null,51,KHSV 081653Z 22010KT 10SM FEW017 BKN029 OVC040 11/00 A3022 RMK AO2 SLP233 T01060000,null
HSV,2024-12-08 17:15,51,32,47.99,210,5,0,30.21,null,10,null,OVC,null,null,null,3100,null,null,null,null,null,null,null,null,null,null,51,KHSV 081715Z 21005KT 10SM OVC031 11/00 A3021 RMK AO2 T01060000,null
HSV,2024-12-08 17:53,53,32,44.58,190,5,0,30.18,1022,10,null,BKN,OVC,null,null,3500,4600,null,null,null,null,null,null,null,null,null,53,KHSV 081753Z 19005KT 10SM BKN035 OVC046 12/00 A3018 RMK AO2 SLP220 T01170000 10117 20050 58016,null
HSV,2024-12-08 18:53,53,32,44.58,200,7,0,30.16,1021.5,10,null,OVC,null,null,null,3700,null,null,null,null,null,null,null,null,null,null,53,KHSV 081853Z 20007KT 10SM OVC037 12/00 A3016 RMK AO2 SLP215 T01170000,null
HSV,2024-12-08 19:53,54,32,42.98,150,7,T,30.12,1020.1,10,null,FEW,OVC,null,null,2200,4200,null,null,null,null,null,null,null,null,null,54,KHSV 081953Z 15007KT 10SM FEW022 OVC042 12/00 A3012 RMK AO2 RAB16E25 SLP201 P0000 T01220000,null
HSV,2024-12-08 20:53,53,32,44.58,150,9,T,30.11,1019.6,10,null,BKN,OVC,null,null,4500,5500,null,null,#NAME?,null,null,null,null,null,null,53,KHSV 082053Z 15009KT 10SM -RA BKN045 OVC055 12/00 A3011 RMK AO2 RAB53 SLP196 P0000 60000 T01170000 58024,null
HSV,2024-12-08 21:53,50,32,49.81,130,6,T,30.1,1019.3,8,null,SCT,SCT,OVC,null,4800,5500,10000,null,#NAME?,null,null,null,null,null,null,50,KHSV 082153Z 13006KT 8SM -RA SCT048 SCT055 OVC100 10/00 A3010 RMK AO2 RAE04B30 SLP193 P0000 T01000000,null
HSV,2024-12-08 22:53,50,32,49.81,130,6,0.01,30.09,1019.1,10,null,SCT,SCT,OVC,null,5000,7000,9000,null,null,null,null,null,null,null,null,50,KHSV 082253Z 13006KT 10SM SCT050 SCT070 OVC090 10/00 A3009 RMK AO2 RAE15 SLP191 P0001 T01000000,null
HSV,2024-12-08 23:53,49,32,51.7,130,8,0.01,30.08,1018.8,10,null,SCT,SCT,OVC,null,3300,5000,6500,null,null,null,null,null,null,null,null,45.05,KHSV 082353Z 13008KT 10SM SCT033 SCT050 OVC065 09/00 A3008 RMK AO2 RAB2256E53 SLP188 P0001 60002 T00940000 10122 20094 58008,null
HSV,2024-12-09 0:53,48,32,53.67,140,9,0.06,30.07,1018.2,5,null,SCT,BKN,OVC,null,4300,5000,7000,null,RA,null,null,null,null,null,null,43.41,KHSV 090053Z 14009KT 5SM RA SCT043 BKN050 OVC070 09/00 A3007 RMK AO2 RAB04 SLP182 P0006 T00890000,null
HSV,2024-12-09 1:53,48,32,53.67,140,9,0.07,30.04,1017.5,6,null,FEW,SCT,OVC,null,1500,3500,10000,null,RA,null,null,null,null,null,null,43.41,KHSV 090153Z 14009KT 6SM RA FEW015 SCT035 OVC100 09/00 A3004 RMK AO2 SLP175 P0007 T00890000,null
HSV,2024-12-09 2:08,48,32,53.67,140,7,0.01,30.04,null,7,null,BKN,BKN,OVC,null,1500,3500,10000,null,#NAME?,null,null,null,null,null,null,44.28,KHSV 090208Z 14007KT 7SM -RA BKN015 BKN035 OVC100 09/00 A3004 RMK AO2 P0001 T00890000,null
HSV,2024-12-09 2:53,49,32,51.7,150,11,0.04,30.03,1016.9,6,null,BKN,BKN,OVC,null,1500,2200,3000,null,#NAME?,null,null,null,null,null,null,43.95,KHSV 090253Z 15011KT 6SM -RA BKN015 BKN022 OVC030 09/00 A3003 RMK AO2 SLP169 P0004 60017 T00940000 56018,null
HSV,2024-12-09 3:53,50,32,49.81,140,6,0.03,30.02,1016.3,4,null,BKN,OVC,null,null,2600,3100,null,null,RA,null,null,null,null,null,null,50,KHSV 090353Z 14006KT 4SM RA BKN026 OVC031 10/00 A3002 RMK AO2 SLP163 P0003 T01000000,null
HSV,2024-12-09 4:22,50,46,86.06,160,5,0.03,30.01,null,5,null,FEW,BKN,OVC,null,2600,3200,5000,null,#NAME?,null,null,null,null,null,null,50,KHSV 090422Z 16005KT 5SM +RA BR FEW026 BKN032 OVC050 10/08 A3001 RMK AO2 P0003 T01000078,null
HSV,2024-12-09 4:53,51,50,96.36,160,6,0.09,30.01,1016.2,8,null,BKN,BKN,OVC,null,3600,4800,7000,null,RA,null,null,null,null,null,null,51,KHSV 090453Z 16006KT 8SM RA BKN036 BKN048 OVC070 11/10 A3001 RMK AO2 SLP162 P0009 T01060100,null
HSV,2024-12-09 5:24,52,50,92.86,180,7,0.04,30.01,null,9,null,SCT,BKN,OVC,null,1700,2700,3400,null,RA,null,null,null,null,null,null,52,KHSV 090524Z 18007KT 9SM RA SCT017 BKN027 OVC034 11/10 A3001 RMK AO2 P0004 T01110100,null
HSV,2024-12-09 5:53,52,51,96.37,180,8,0.11,30,1015.8,10,null,BKN,BKN,OVC,null,1500,4500,9500,null,#NAME?,null,null,null,null,null,null,52,KHSV 090553Z 18008KT 10SM -RA BKN015 BKN045 OVC095 11/11 A3000 RMK AO2 SLP158 P0011 60040 T01110106 10111 20089 401220000 56009,null
HSV,2024-12-09 6:03,52,51,96.37,160,7,T,29.99,null,10,null,FEW,BKN,OVC,null,1300,8000,10000,null,#NAME?,null,null,null,null,null,null,52,KHSV 090603Z AUTO 16007KT 10SM -RA FEW013 BKN080 OVC100 11/11 A2999 RMK AO2 P0000 T01110106,null
HSV,2024-12-09 6:53,52,51,96.37,150,7,0.02,29.97,1014.8,9,null,BKN,BKN,OVC,null,1700,2300,8000,null,#NAME?,null,null,null,null,null,null,52,KHSV 090653Z AUTO 15007KT 9SM -RA BKN017 BKN023 OVC080 11/11 A2997 RMK AO2 SLP148 P0002 T01110106,null
HSV,2024-12-09 7:08,53,51,92.89,160,6,0.02,29.98,null,7,null,BKN,BKN,OVC,null,1400,1900,6000,null,RA,null,null,null,null,null,null,53,KHSV 090708Z AUTO 16006KT 7SM RA BKN014 BKN019 OVC060 12/11 A2998 RMK AO2 P0002 T01170106,null
HSV,2024-12-09 7:53,53,52,96.39,150,6,0.09,29.95,1014,10,null,OVC,null,null,null,1000,null,null,null,#NAME?,null,null,null,null,null,null,53,KHSV 090753Z AUTO 15006KT 10SM -RA OVC010 12/11 A2995 RMK AO2 CIG 009V015 SLP140 P0009 T01170111,null
HSV,2024-12-09 8:42,54,53,96.4,140,10,0.07,29.93,null,6,null,BKN,BKN,OVC,null,1500,2100,4900,null,#NAME?,null,null,null,null,null,null,54,KHSV 090842Z AUTO 14010KT 6SM -RA BR BKN015 BKN021 OVC049 12/12 A2993 RMK AO2 P0007 T01220117,null
HSV,2024-12-09 8:53,54,53,96.4,150,7,0.07,29.94,1013.5,7,null,BKN,OVC,null,null,1400,5000,null,null,#NAME?,null,null,null,null,null,null,54,KHSV 090853Z AUTO 15007KT 7SM -RA BKN014 OVC050 12/12 A2994 RMK AO2 SLP135 P0007 60018 T01220117 58013,null
HSV,2024-12-09 9:16,55,54,96.42,170,6,0.01,29.93,null,7,null,SCT,BKN,OVC,null,1100,4700,5500,null,RA,null,null,null,null,null,null,55,KHSV 090916Z AUTO 17006KT 7SM RA SCT011 BKN047 OVC055 13/12 A2993 RMK AO2 P0001 T01280122,null
HSV,2024-12-09 9:31,56,55,96.43,190,4,0.06,29.92,null,4,null,SCT,BKN,OVC,null,900,4400,5500,null,#NAME?,null,null,null,null,null,null,56,KHSV 090931Z AUTO 19004KT 4SM +RA BR SCT009 BKN044 OVC055 13/13 A2992 RMK AO2 P0006 T01330128,null
HSV,2024-12-09 9:41,57,56,96.45,null,4,0.08,29.93,null,7,null,BKN,BKN,OVC,null,1100,2000,4200,null,#NAME?,null,null,null,null,null,null,57,KHSV 090941Z AUTO VRB04KT 7SM -RA BKN011 BKN020 OVC042 14/13 A2993 RMK AO2 P0008 T01390133,null
HSV,2024-12-09 9:53,56,56,100,200,4,0.1,29.92,1013.2,6,null,BKN,BKN,OVC,null,900,1800,4000,null,RA BR,null,null,null,null,null,null,56,KHSV 090953Z AUTO 20004KT 6SM RA BR BKN009 BKN018 OVC040 13/13 A2992 RMK AO2 SLP132 P0010 T01330133,null
HSV,2024-12-09 10:15,56,55,96.43,160,4,0.02,29.92,null,10,null,SCT,BKN,OVC,null,1000,3300,4800,null,null,null,null,null,null,null,null,56,KHSV 091015Z AUTO 16004KT 10SM SCT010 BKN033 OVC048 13/13 A2992 RMK AO2 RAE10 P0002 T01330128,null
HSV,2024-12-09 10:53,56,55,96.43,160,5,0.03,29.92,1013.1,10,null,FEW,BKN,OVC,null,2300,3500,4400,null,null,null,null,null,null,null,null,56,KHSV 091053Z AUTO 16005KT 10SM FEW023 BKN035 OVC044 13/13 A2992 RMK AO2 RAE10 SLP131 P0003 T01330128,null
HSV,2024-12-09 11:29,56,55,96.43,160,4,0,29.93,null,10,null,BKN,BKN,OVC,null,2400,3500,4400,null,null,null,null,null,null,null,null,56,KHSV 091129Z AUTO 16004KT 10SM BKN024 BKN035 OVC044 13/13 A2993 RMK AO2 T01330128,null
HSV,2024-12-09 11:53,56,55,96.43,160,5,0,29.94,1013.7,10,null,BKN,OVC,null,null,2000,4500,null,null,null,null,null,null,null,null,null,56,KHSV 091153Z 16005KT 10SM BKN020 OVC045 13/13 A2994 RMK AO2 SLP137 60031 70073 T01330128 10139 20111 53001,null
HSV,2024-12-09 12:53,56,55,96.43,160,3,0,29.95,1014.1,10,null,SCT,BKN,OVC,null,1000,1800,2400,null,null,null,null,null,null,null,null,56,KHSV 091253Z COR 16003KT 10SM SCT010 BKN018 OVC024 13/13 A2995 RMK AO2 SLP141 T01330128,null
HSV,2024-12-09 13:27,57,56,96.45,180,5,0,29.95,null,10,null,BKN,BKN,OVC,null,900,1900,2500,null,null,null,null,null,null,null,null,57,KHSV 091327Z 18005KT 10SM BKN009 BKN019 OVC025 14/13 A2995 RMK AO2 T01390133,null
HSV,2024-12-09 13:53,58,57,96.46,0,0,0,29.96,1014.3,10,null,OVC,null,null,null,700,null,null,null,null,null,null,null,null,null,null,58,KHSV 091353Z 00000KT 10SM OVC007 14/14 A2996 RMK AO2 CIG 006V012 SLP143 T01440139,null
HSV,2024-12-09 14:14,59,58,96.48,190,4,0,29.96,null,10,null,FEW,SCT,BKN,BKN,700,2800,4000,25000,null,null,null,null,null,null,null,59,KHSV 091414Z 19004KT 10SM FEW007 SCT028 BKN040 BKN250 15/14 A2996 RMK AO2 T01500144,null
HSV,2024-12-09 14:28,61,60,96.51,200,3,0,29.96,null,10,null,BKN,BKN,OVC,null,700,3000,5000,null,null,null,null,null,null,null,null,61,KHSV 091428Z 20003KT 10SM BKN007 BKN030 OVC050 16/16 A2996 RMK AO2 T01610156,null
HSV,2024-12-09 14:53,61,60,96.51,190,7,0,29.97,1014.5,10,null,BKN,OVC,null,null,900,1500,null,null,null,null,null,null,null,null,null,61,KHSV 091453Z 19007KT 10SM BKN009 OVC015 16/16 A2997 RMK AO2 CIG 006V013 SLP145 T01610156 51009,null
HSV,2024-12-09 15:14,62,60,93.15,200,6,0,29.97,null,10,null,SCT,SCT,BKN,BKN,900,1400,3700,25000,null,null,null,null,null,null,null,62,KHSV 091514Z 20006KT 10SM SCT009 SCT014 BKN037 BKN250 17/16 A2997 RMK AO2 T01670156,null
HSV,2024-12-09 15:41,63,61,93.18,210,7,0,29.96,null,10,null,FEW,BKN,BKN,null,700,1500,2500,null,null,null,null,null,null,null,null,63,KHSV 091541Z 21007KT 10SM FEW007 BKN015 BKN025 17/16 A2996 RMK AO2 T01720161,null
HSV,2024-12-09 15:53,63,61,93.18,200,5,0,29.96,1014.5,10,null,SCT,BKN,OVC,null,900,1400,2300,null,null,null,null,null,null,null,null,63,KHSV 091553Z 20005KT 10SM SCT009 BKN014 OVC023 17/16 A2996 RMK AO2 SLP145 T01720161,null
HSV,2024-12-09 16:22,64,62,93.21,220,7,0,29.96,null,10,null,FEW,SCT,OVC,null,1000,2300,25000,null,null,null,null,null,null,null,null,64,KHSV 091622Z 22007KT 10SM FEW010 SCT023 OVC250 18/17 A2996 RMK AO2 T01780167,null
HSV,2024-12-09 16:53,65,61,86.88,240,7,0,29.95,1014,10,null,BKN,OVC,null,null,2600,25000,null,null,null,null,null,null,null,null,null,65,KHSV 091653Z 24007KT 10SM BKN026 OVC250 18/16 A2995 RMK AO2 SLP140 T01830161,null
HSV,2024-12-09 17:04,66,61,83.91,240,7,0,29.95,null,10,null,FEW,SCT,OVC,null,1300,2800,25000,null,null,null,null,null,null,null,null,66,KHSV 091704Z 24007KT 10SM FEW013 SCT028 OVC250 19/16 A2995 RMK AO2 T01890161,null
HSV,2024-12-09 17:53,66,61,83.91,220,7,0,29.93,1013.1,10,null,SCT,SCT,OVC,null,1700,4300,25000,null,null,null,null,null,null,null,null,66,KHSV 091753Z 22007KT 10SM SCT017 SCT043 OVC250 19/16 A2993 RMK AO2 SLP131 T01890161 10189 20128 58013,null
HSV,2024-12-09 18:53,67,61,81.05,220,6,0,29.91,1012.5,10,null,FEW,OVC,null,null,3800,24000,null,null,null,null,null,null,null,null,null,67,KHSV 091853Z 22006KT 10SM FEW038 OVC240 19/16 A2991 RMK AO2 SLP125 T01940161,null
HSV,2024-12-09 19:53,67,60,78.22,230,3,0,29.9,1012.3,10,null,FEW,FEW,SCT,OVC,2400,3000,4600,25000,null,null,null,null,null,null,null,67,KHSV 091953Z 23003KT 10SM FEW024 FEW030 SCT046 OVC250 19/16 A2990 RMK AO2 SLP123 T01940156,null
HSV,2024-12-09 20:53,66,61,83.91,200,4,0,29.91,1012.5,10,null,SCT,BKN,BKN,OVC,2400,3000,3800,23000,null,null,null,null,null,null,null,66,KHSV 092053Z 20004KT 10SM SCT024 BKN030 BKN038 OVC230 19/16 A2991 RMK AO2 SLP125 T01890161 55005,null
HSV,2024-12-09 21:53,66,61,83.91,180,5,0,29.91,1012.6,10,null,FEW,SCT,SCT,SCT,2400,3000,3900,20000,null,null,null,null,null,null,null,66,KHSV 092153Z 18005KT 10SM FEW024 SCT030 SCT039 SCT200 19/16 A2991 RMK AO2 SLP126 T01890161,null
HSV,2024-12-09 22:53,62,59,89.89,170,5,0,29.92,1012.8,10,null,FEW,BKN,OVC,null,2600,3500,10000,null,null,null,null,null,null,null,null,62,KHSV 092253Z 17005KT 10SM FEW026 BKN035 OVC100 17/15 A2992 RMK AO2 SLP128 T01670150,null
HSV,2024-12-09 23:53,61,59,93.12,0,0,0,29.93,1013,10,null,FEW,SCT,BKN,null,2200,3000,3800,null,null,null,null,null,null,null,null,61,KHSV 092353Z 00000KT 10SM FEW022 SCT030 BKN038 16/15 A2993 RMK AO2 SLP130 T01610150 10194 20150 53005,null
HSV,2024-12-10 0:53,59,59,100,110,4,0,29.91,1012.6,8,null,SCT,BKN,null,null,2800,9500,null,null,null,null,null,null,null,null,null,59,KHSV 100053Z 11004KT 8SM SCT028 BKN095 15/15 A2991 RMK AO2 SLP126 T01500150,null
HSV,2024-12-10 1:00,59,59,100,110,4,0,29.92,null,7,null,SCT,BKN,BKN,null,2100,2800,3300,null,null,null,null,null,null,null,null,59,KHSV 100100Z 11004KT 7SM SCT021 BKN028 BKN033 15/15 A2992 RMK AO2 T01500150,null
HSV,2024-12-10 1:53,59,58,96.48,140,4,0,29.92,1012.7,7,null,SCT,BKN,BKN,null,1500,2500,3100,null,null,null,null,null,null,null,null,59,KHSV 100153Z 14004KT 7SM SCT015 BKN025 BKN031 15/14 A2992 RMK AO2 SLP127 T01500144,null
HSV,2024-12-10 2:07,60,59,96.49,140,4,0,29.92,null,6,null,BKN,null,null,null,1300,null,null,null,BR,null,null,null,null,null,null,60,KHSV 100207Z 14004KT 6SM BR BKN013 16/15 A2992 RMK AO2 T01560150,null
HSV,2024-12-10 2:53,61,60,96.51,110,4,0,29.9,1012.3,8,null,BKN,OVC,null,null,1400,2200,null,null,null,null,null,null,null,null,null,61,KHSV 100253Z 11004KT 8SM BKN014 OVC022 16/16 A2990 RMK AO2 SLP123 T01610156 56007,null
HSV,2024-12-10 3:10,61,60,96.51,140,6,0,29.9,null,8,null,BKN,OVC,null,null,1500,2400,null,null,null,null,null,null,null,null,null,61,KHSV 100310Z 14006KT 8SM BKN015 OVC024 16/16 A2990 RMK AO2 T01610156,null
HSV,2024-12-10 3:53,61,61,100,150,4,0,29.91,1012.3,8,null,BKN,BKN,OVC,null,1600,2100,5000,null,null,null,null,null,null,null,null,61,KHSV 100353Z 15004KT 8SM BKN016 BKN021 OVC050 16/16 A2991 RMK AO2 SLP123 T01610161,null
HSV,2024-12-10 4:14,62,58,86.72,170,3,0,29.91,null,8,null,OVC,null,null,null,1400,null,null,null,null,null,null,null,null,null,null,62,KHSV 100414Z 17003KT 8SM OVC014 17/14 A2991 RMK AO2 T01670144,null
HSV,2024-12-10 4:53,64,63,96.55,180,7,0,29.91,1012.4,10,null,OVC,null,null,null,1200,null,null,null,null,null,null,null,null,null,null,64,KHSV 100453Z 18007KT 10SM OVC012 18/17 A2991 RMK AO2 SLP124 T01780172,null
HSV,2024-12-10 5:29,64,62,93.21,190,5,0,29.91,null,10,null,SCT,BKN,OVC,null,1100,1800,3800,null,null,null,null,null,null,null,null,64,KHSV 100529Z 19005KT 10SM SCT011 BKN018 OVC038 18/17 A2991 RMK AO2 T01780167,null
HSV,2024-12-10 5:45,64,63,96.55,200,6,0,29.91,null,10,null,BKN,BKN,OVC,null,1200,2000,4000,null,null,null,null,null,null,null,null,64,KHSV 100545Z 20006KT 10SM BKN012 BKN020 OVC040 18/17 A2991 RMK AO2 T01780172,null
HSV,2024-12-10 5:53,64,63,96.55,190,6,0,29.91,1012.3,10,null,OVC,null,null,null,1200,null,null,null,null,null,null,null,null,null,null,64,KHSV 100553Z 19006KT 10SM OVC012 18/17 A2991 RMK AO2 SLP123 T01780172 10178 20144 401940111 50001,null
HSV,2024-12-10 6:51,64.4,62.6,93.88,200,8,T,29.89,null,10,null,FEW,BKN,OVC,null,900,1800,4600,null,#NAME?,null,null,null,null,null,null,64.4,KHSV 100651Z AUTO 20008KT 10SM -RA FEW009 BKN018 OVC046 18/17 A2989 RMK AO2 RAB50 P0000,null
HSV,2024-12-10 6:53,64,63,96.55,200,8,T,29.89,1011.6,9,null,FEW,BKN,OVC,null,900,2100,4200,null,#NAME?,null,null,null,null,null,null,64,KHSV 100653Z AUTO 20008KT 9SM -RA FEW009 BKN021 OVC042 18/17 A2989 RMK AO2 RAB50 SLP116 P0000 T01780172,null
HSV,2024-12-10 7:14,65,63,93.24,200,8,T,29.89,null,10,null,FEW,BKN,OVC,null,700,1300,2100,null,null,null,null,null,null,null,null,65,KHSV 100714Z AUTO 20008KT 10SM FEW007 BKN013 OVC021 18/17 A2989 RMK AO2 RAE05 P0000 T01830172,null
HSV,2024-12-10 7:38,65,63,93.24,200,8,T,29.9,null,10,null,SCT,BKN,null,null,1000,1800,null,null,null,null,null,null,null,null,null,65,KHSV 100738Z AUTO 20008KT 10SM SCT010 BKN018 18/17 A2990 RMK AO2 RAE05 P0000 T01830172,null
HSV,2024-12-10 7:53,64,62,93.21,190,8,T,29.89,1011.7,10,null,FEW,SCT,BKN,null,1000,1800,2800,null,null,null,null,null,null,null,null,64,KHSV 100753Z AUTO 19008KT 10SM FEW010 SCT018 BKN028 18/17 A2989 RMK AO2 RAE05 SLP117 P0000 T01780167,null
HSV,2024-12-10 8:43,64,62,93.21,200,10,0,29.89,null,10,null,FEW,SCT,null,null,1200,2700,null,null,null,null,null,null,null,null,null,64,KHSV 100843Z AUTO 20010KT 10SM FEW012 SCT027 18/17 A2989 RMK AO2 T01780167,null
HSV,2024-12-10 8:53,64,62,93.21,190,10,0,29.89,1011.9,10,null,FEW,null,null,null,2300,null,null,null,null,null,null,null,null,null,null,64,KHSV 100853Z AUTO 19010KT 10SM FEW023 18/17 A2989 RMK AO2 SLP119 60000 T01780167 55004,null
HSV,2024-12-10 9:53,62,61,96.52,190,7,0,29.88,1011.5,10,null,CLR,null,null,null,null,null,null,null,null,null,null,null,null,null,null,62,KHSV 100953Z AUTO 19007KT 10SM CLR 17/16 A2988 RMK AO2 SLP115 T01670161,null
HSV,2024-12-10 10:53,62,61,96.52,190,9,0,29.88,1011.4,10,null,CLR,null,null,null,null,null,null,null,null,null,null,null,null,null,null,62,KHSV 101053Z AUTO 19009KT 10SM CLR 17/16 A2988 RMK AO2 SLP114 T01670161,null
HSV,2024-12-10 11:53,62,61,96.52,190,8,0,29.88,1011.4,10,null,FEW,SCT,null,null,2100,25000,null,null,null,null,null,null,null,null,null,62,KHSV 101153Z 19008KT 10SM FEW021 SCT250 17/16 A2988 RMK AO2 SLP114 60000 T01670161 10183 20161 55004,null
HSV,2024-12-10 12:53,61,60,96.51,190,4,0,29.89,1011.8,10,null,FEW,SCT,SCT,null,1700,2600,25000,null,null,null,null,null,null,null,null,61,KHSV 101253Z 19004KT 10SM FEW017 SCT026 SCT250 16/16 A2989 RMK AO2 SLP118 T01610156,null
HSV,2024-12-10 13:53,64,62,93.21,190,5,0,29.89,1011.8,9,null,FEW,BKN,BKN,null,2100,5500,25000,null,null,null,null,null,null,null,null,64,KHSV 101353Z 19005KT 9SM FEW021 BKN055 BKN250 18/17 A2989 RMK AO2 SLP118 T01780167,null
HSV,2024-12-10 14:27,65,63,93.24,200,5,0,29.89,null,10,null,SCT,BKN,OVC,null,1600,2100,5500,null,null,null,null,null,null,null,null,65,KHSV 101427Z 20005KT 10SM SCT016 BKN021 OVC055 18/17 A2989 RMK AO2 BINOVC T01830172,null
HSV,2024-12-10 14:53,65,63,93.24,200,3,0,29.9,1012,10,null,SCT,BKN,BKN,BKN,1300,2100,4900,25000,null,null,null,null,null,null,null,65,KHSV 101453Z 20003KT 10SM SCT013 BKN021 BKN049 BKN250 18/17 A2990 RMK AO2 SLP120 T01830172 51006,null
HSV,2024-12-10 15:23,65,63,93.24,170,3,0,29.89,null,10,null,FEW,SCT,BKN,null,1400,4500,25000,null,null,null,null,null,null,null,null,65,KHSV 101523Z 17003KT 10SM FEW014 SCT045 BKN250 18/17 A2989 RMK AO2 T01830172,null
HSV,2024-12-10 15:53,67,63,86.98,220,4,0,29.89,1011.8,10,null,FEW,SCT,BKN,OVC,2200,3800,11000,19000,null,null,null,null,null,null,null,67,KHSV 101553Z 22004KT 10SM FEW022 SCT038 BKN110 OVC190 19/17 A2989 RMK AO2 SLP118 T01940172,null
HSV,2024-12-10 16:53,67,61,81.05,310,8,0,29.87,1011.1,10,null,FEW,BKN,OVC,null,1600,3200,16000,null,null,null,null,null,null,null,null,67,KHSV 101653Z 31008KT 10SM FEW016 BKN032 OVC160 19/16 A2987 RMK AO2 SLP111 T01940161,null
HSV,2024-12-10 17:53,68,59,72.92,300,7,0,29.85,1010.3,10,null,FEW,BKN,BKN,null,2500,3400,11000,null,null,null,null,null,null,null,null,68,KHSV 101753Z 30007KT 10SM FEW025 BKN034 BKN110 20/15 A2985 RMK AO2 SLP103 T02000150 10200 20156 58016,null
HSV,2024-12-10 18:08,68,59,72.92,290,7,0,29.85,null,10,null,BKN,BKN,BKN,null,2900,3600,11000,null,null,null,null,null,null,null,null,68,KHSV 101808Z 29007KT 10SM BKN029 BKN036 BKN110 20/15 A2985 RMK AO2 T02000150,null
HSV,2024-12-10 18:21,69,60,73.02,290,5,0,29.84,null,10,null,FEW,SCT,BKN,BKN,2400,3300,11000,25000,null,null,null,null,null,null,null,69,KHSV 101821Z 29005KT 10SM FEW024 SCT033 BKN110 BKN250 21/16 A2984 RMK AO2 T02060156,null
HSV,2024-12-10 18:53,69,59,70.46,280,6,0,29.82,1009.3,10,null,FEW,BKN,BKN,null,3100,11000,25000,null,null,null,null,null,null,null,null,69,KHSV 101853Z 28006KT 10SM FEW031 BKN110 BKN250 21/15 A2982 RMK AO2 SLP093 T02060150,null
HSV,2024-12-10 19:53,69,58,67.97,250,4,0,29.81,1008.9,10,null,SCT,SCT,BKN,null,3100,4100,25000,null,null,null,null,null,null,null,null,69,KHSV 101953Z 25004KT 10SM SCT031 SCT041 BKN250 21/14 A2981 RMK AO2 SLP089 T02060144,null
HSV,2024-12-10 20:53,69,57,65.57,300,5,0,29.81,1008.8,10,null,FEW,SCT,BKN,null,3300,4400,25000,null,null,null,null,null,null,null,null,69,KHSV 102053Z 30005KT 10SM FEW033 SCT044 BKN250 21/14 A2981 RMK AO2 SLP088 T02060139 56014,null
HSV,2024-12-10 21:53,66,57,72.72,320,10,0,29.81,1009,10,null,FEW,BKN,BKN,null,3000,3900,25000,null,null,null,null,null,null,null,null,66,KHSV 102153Z 32010KT 10SM FEW030 BKN039 BKN250 19/14 A2981 RMK AO2 SLP090 T01890139,null
HSV,2024-12-10 22:53,63,56,77.89,310,7,0,29.83,1009.6,10,null,BKN,OVC,null,null,3500,4100,null,null,null,null,null,null,null,null,null,63,KHSV 102253Z 31007KT 10SM BKN035 OVC041 17/13 A2983 RMK AO2 SLP096 T01720133,null
HSV,2024-12-10 23:53,61,55,80.61,320,6,0,29.84,1010.1,10,null,OVC,null,null,null,3400,null,null,null,null,null,null,null,null,null,null,61,KHSV 102353Z 32006KT 10SM OVC034 16/13 A2984 RMK AO2 SLP101 T01610128 10211 20161 53012,null
HSV,2024-12-11 0:51,59,53.6,82.25,340,8,0,29.86,null,10,null,BKN,OVC,null,null,1900,3100,null,null,null,null,null,null,null,null,null,59,KHSV 110051Z 34008KT 10SM BKN019 OVC031 15/12 A2986 RMK AO2,null
HSV,2024-12-11 0:53,59,52,77.55,340,7,0,29.86,1010.9,10,null,BKN,OVC,null,null,2000,3100,null,null,null,null,null,null,null,null,null,59,KHSV 110053Z 34007KT 10SM BKN020 OVC031 15/11 A2986 RMK AO2 SLP109 T01500111,null
HSV,2024-12-11 1:53,58,51,77.47,350,8,0,29.87,1011.2,10,null,OVC,null,null,null,1800,null,null,null,null,null,null,null,null,null,null,58,KHSV 110153Z 35008KT 10SM OVC018 14/11 A2987 RMK AO2 SLP112 T01440106,null
HSV,2024-12-11 2:53,56,50,80.23,330,10,0,29.87,1011.2,10,null,OVC,null,null,null,1900,null,null,null,null,null,null,null,null,null,null,56,KHSV 110253Z 33010KT 10SM OVC019 13/10 A2987 RMK AO2 SLP112 T01330100 50003,null
HSV,2024-12-11 3:36,54,50,86.29,330,9,0,29.88,null,10,null,OVC,null,null,null,1400,null,null,null,null,null,null,null,null,null,null,54,KHSV 110336Z 33009KT 10SM OVC014 12/10 A2988 RMK AO2 T01220100,null
HSV,2024-12-11 3:53,53,49,86.23,340,13,0,29.88,1011.6,10,null,OVC,null,null,null,1300,null,null,null,null,null,null,null,null,null,null,53,KHSV 110353Z 34013KT 10SM OVC013 12/09 A2988 RMK AO2 SLP116 T01170094,null
HSV,2024-12-11 4:53,51,48,89.42,330,11,T,29.88,1011.5,7,null,OVC,null,null,null,1300,null,null,null,#NAME?,null,null,null,null,null,null,51,KHSV 110453Z 33011KT 7SM -DZ OVC013 11/09 A2988 RMK AO2 DZB37 SLP115 P0000 T01060089,null
HSV,2024-12-11 5:43,50,48,92.8,320,11,T,29.88,null,5,16,OVC,null,null,null,800,null,null,null,#NAME?,null,null,null,null,null,null,50,KHSV 110543Z 32011G16KT 5SM -DZ BR OVC008 10/09 A2988 RMK AO2 CIG 006V011 P0000 T01000089,null
HSV,2024-12-11 5:53,49,47,92.77,330,11,T,29.89,1011.8,7,19,OVC,null,null,null,1000,null,null,null,#NAME?,null,null,null,null,null,null,43.95,KHSV 110553Z 33011G19KT 7SM -DZ OVC010 09/08 A2989 RMK AO2 CIG 006V014 SLP118 P0000 60000 T00940083 10161 20094 402110094 51005,null
HSV,2024-12-11 6:18,48,46,92.74,330,14,T,29.9,null,4,21,SCT,OVC,null,null,800,1500,null,null,#NAME?,null,null,null,null,null,null,41.79,KHSV 110618Z AUTO 33014G21KT 4SM -RA BR SCT008 OVC015 09/08 A2990 RMK AO2 DZE01RAB03 P0000 T00890078,null
HSV,2024-12-11 6:26,48,46,92.74,360,13,T,29.9,null,4,null,BKN,OVC,null,null,800,1500,null,null,#NAME?,null,null,null,null,null,null,42.07,KHSV 110626Z AUTO 36013KT 4SM -RA BR BKN008 OVC015 09/08 A2990 RMK AO2 DZE01RAB03 CIG 006V013 P0000 T00890078,null
HSV,2024-12-11 6:36,46,44,92.68,360,15,0.01,29.9,null,5,23,FEW,BKN,OVC,null,600,1000,1500,null,#NAME?,null,null,null,null,null,null,38.93,KHSV 110636Z AUTO 36015G23KT 5SM -RA BR FEW006 BKN010 OVC015 08/07 A2990 RMK AO2 DZE01RAB03 P0001 T00780067,null
HSV,2024-12-11 6:53,46,44,92.68,350,9,0.01,29.91,1012.5,7,null,FEW,SCT,OVC,null,600,1100,1600,null,null,null,null,null,null,null,null,40.92,KHSV 110653Z AUTO 35009KT 7SM FEW006 SCT011 OVC016 08/07 A2991 RMK AO2 DZE01RAB03E37 SLP125 P0001 T00780067,null
HSV,2024-12-11 7:51,44.6,39.2,81.2,330,14,0,29.93,null,10,20,OVC,null,null,null,3200,null,null,null,null,null,null,null,null,null,null,37.4,KHSV 110751Z AUTO 33014G20KT 10SM OVC032 07/04 A2993 RMK AO2 PRESRR,null
HSV,2024-12-11 7:53,45,39,79.36,330,14,0,29.93,1013.2,10,20,OVC,null,null,null,3200,null,null,null,null,null,null,null,null,null,null,37.92,KHSV 110753Z AUTO 33014G20KT 10SM OVC032 07/04 A2993 RMK AO2 PRESRR SLP132 T00720039,null
HSV,2024-12-11 8:53,42,31,64.75,350,14,T,29.96,1014.3,10,25,OVC,null,null,null,4700,null,null,null,#NAME?,null,null,null,26,320,2024-12-11 8:38,34.05,KHSV 110853Z AUTO 35014G25KT 10SM -RA OVC047 06/M01 A2996 RMK AO2 PK WND 32026/0838 RAB40 SLP143 P0000 60001 T00561006 53017,null
HSV,2024-12-11 9:53,40,29,64.5,340,16,T,29.99,1015.5,10,27,OVC,null,null,null,6000,null,null,null,null,null,null,null,27,330,2024-12-11 9:51,30.85,KHSV 110953Z AUTO 34016G27KT 10SM OVC060 04/M02 A2999 RMK AO2 PK WND 33027/0951 RAE00 SLP155 P0000 T00441017,null
HSV,2024-12-11 10:53,39,29,67.06,320,8,T,30.03,1016.7,10,null,OVC,null,null,null,7500,null,null,null,null,null,null,null,null,null,null,32.74,KHSV 111053Z AUTO 32008KT 10SM OVC075 04/M02 A3003 RMK AO2 RAB07E17 SLP167 P0000 T00391017,null
HSV,2024-12-11 11:53,38,28,66.94,330,9,0,30.06,1017.8,10,null,BKN,BKN,null,null,3300,4300,null,null,null,null,null,null,null,null,null,30.97,KHSV 111153Z 33009KT 10SM BKN033 BKN043 03/M02 A3006 RMK AO2 SLP178 60001 70001 T00331022 10094 20033 51032,null
HSV,2024-12-11 12:53,38,29,69.74,320,8,0,30.08,1018.6,10,null,BKN,OVC,null,null,2800,10000,null,null,null,null,null,null,null,null,null,31.5,KHSV 111253Z 32008KT 10SM BKN028 OVC100 03/M02 A3008 RMK AO2 SLP186 BINOVC T00331017,null
HSV,2024-12-11 13:11,38,29,69.74,320,8,0,30.09,null,10,null,SCT,BKN,null,null,2800,8500,null,null,null,null,null,null,null,null,null,31.5,KHSV 111311Z 32008KT 10SM SCT028 BKN085 03/M02 A3009 RMK AO2 T00331017,null
HSV,2024-12-11 13:53,39,30,69.85,310,8,0,30.11,1019.6,10,null,FEW,FEW,null,null,2800,9000,null,null,null,null,null,null,null,null,null,32.74,KHSV 111353Z 31008KT 10SM FEW028 FEW090 04/M01 A3011 RMK AO2 SLP196 T00391011,null
HSV,2024-12-11 14:53,41,30,64.63,320,11,0,30.14,1020.7,10,null,SCT,null,null,null,2800,null,null,null,null,null,null,null,null,null,null,33.84,KHSV 111453Z 32011KT 10SM SCT028 05/M01 A3014 RMK AO2 SLP207 T00501011 53028,null
HSV,2024-12-11 15:53,42,30,62.18,290,7,0,30.15,1021.1,10,18,FEW,null,null,null,2800,null,null,null,null,null,null,null,null,null,null,36.97,KHSV 111553Z 29007G18KT 10SM FEW028 06/M01 A3015 RMK AO2 SLP211 T00561011,null
HSV,2024-12-11 16:53,43,30,59.83,280,11,0,30.17,1021.6,10,19,SCT,null,null,null,3100,null,null,null,null,null,null,null,null,null,null,36.37,KHSV 111653Z 28011G19KT 10SM SCT031 06/M01 A3017 RMK AO2 SLP216 T00611011,null
HSV,2024-12-11 17:53,46,30,53.37,290,11,0,30.14,1020.6,10,18,FEW,null,null,null,4000,null,null,null,null,null,null,null,null,null,null,40.16,KHSV 111753Z 29011G18KT 10SM FEW040 08/M01 A3014 RMK AO2 SLP206 T00781011 10078 20033 58001,null
HSV,2024-12-11 18:53,48,29,47.52,290,11,0,30.11,1019.7,10,23,FEW,null,null,null,4400,null,null,null,null,null,null,null,null,null,null,42.69,KHSV 111853Z 29011G23KT 10SM FEW044 09/M02 A3011 RMK AO2 SLP197 T00891017,null
HSV,2024-12-11 19:53,50,29,44.1,290,12,0,30.11,1019.5,10,20,FEW,null,null,null,5000,null,null,null,null,null,null,null,null,null,null,50,KHSV 111953Z 29012G20KT 10SM FEW050 10/M02 A3011 RMK AO2 SLP195 T01001017,null
HSV,2024-12-11 20:53,48,24,38.64,290,13,0,30.13,1020.3,10,22,SCT,null,null,null,6500,null,null,null,null,null,null,null,28,270,2024-12-11 20:37,42.07,KHSV 112053Z 29013G22KT 10SM SCT065 09/M04 A3013 RMK AO2 PK WND 27028/2037 SLP203 T00891044 55004,null
HSV,2024-12-11 21:53,48,20,32.64,290,13,0,30.15,1021.1,10,24,FEW,null,null,null,6500,null,null,null,null,null,null,null,27,300,2024-12-11 21:23,42.07,KHSV 112153Z 29013G24KT 10SM FEW065 09/M07 A3015 RMK AO2 PK WND 30027/2123 SLP211 T00891067,null
HSV,2024-12-11 22:53,46,21,36.72,300,12,0,30.18,1021.9,10,23,FEW,null,null,null,6500,null,null,null,null,null,null,null,null,null,null,39.82,KHSV 112253Z 30012G23KT 10SM FEW065 08/M06 A3018 RMK AO2 SLP219 T00781061,null
HSV,2024-12-11 23:53,43,24,46.71,310,8,0,30.22,1023.5,10,18,CLR,null,null,null,null,null,null,null,null,null,null,null,null,null,null,37.66,KHSV 112353Z 31008G18KT 10SM CLR 06/M04 A3022 RMK AO2 SLP235 T00611044 10100 20061 53030,null
HSV,2024-12-12 0:53,41,25,52.61,320,7,0,30.26,1024.8,10,null,CLR,null,null,null,null,null,null,null,null,null,null,null,null,null,null,35.75,KHSV 120053Z 32007KT 10SM CLR 05/M04 A3026 RMK AO2 SLP248 T00501039,null
HSV,2024-12-12 1:53,39,25,56.86,320,6,0,30.28,1025.6,10,null,CLR,null,null,null,null,null,null,null,null,null,null,null,null,null,null,33.96,KHSV 120153Z 32006KT 10SM CLR 04/M04 A3028 RMK AO2 SLP256 T00391039,null
HSV,2024-12-12 2:53,38,24,56.71,310,4,0,30.3,1026.2,10,null,CLR,null,null,null,null,null,null,null,null,null,null,null,null,null,null,34.43,KHSV 120253Z 31004KT 10SM CLR 03/M04 A3030 RMK AO2 SLP262 T00331044 51026,null
HSV,2024-12-12 3:53,36,24,61.37,300,3,0,30.31,1026.7,10,null,CLR,null,null,null,null,null,null,null,null,null,null,null,null,null,null,33.26,KHSV 120353Z 30003KT 10SM CLR 02/M04 A3031 RMK AO2 SLP267 T00221044,null
HSV,2024-12-12 4:53,33,27,78.34,260,3,0,30.34,1027.5,10,null,CLR,null,null,null,null,null,null,null,null,null,null,null,null,null,null,29.83,KHSV 120453Z 26003KT 10SM CLR 01/M03 A3034 RMK AO2 SLP275 T00061028,null
HSV,2024-12-12 5:53,33,27,78.34,290,4,0,30.34,1027.6,10,null,CLR,null,null,null,null,null,null,null,null,null,null,null,null,null,null,28.59,KHSV 120553Z 29004KT 10SM CLR 01/M03 A3034 RMK AO2 SLP276 T00061028 10061 20000 401000000 51014,null
HSV,2024-12-12 6:53,34,25,69.28,290,5,0,30.35,1028,10,null,CLR,null,null,null,null,null,null,null,null,null,null,null,null,null,null,28.77,KHSV 120653Z AUTO 29005KT 10SM CLR 01/M04 A3035 RMK AO2 SLP280 T00111039,null
HSV,2024-12-12 7:53,34,24,66.45,300,3,0,30.37,1028.7,10,null,CLR,null,null,null,null,null,null,null,null,null,null,null,null,null,null,30.97,KHSV 120753Z AUTO 30003KT 10SM CLR 01/M04 A3037 RMK AO2 SLP287 T00111044,null
HSV,2024-12-12 8:53,33,24,69.16,320,3,0,30.39,1029.1,10,null,CLR,null,null,null,null,null,null,null,null,null,null,null,null,null,null,29.83,KHSV 120853Z AUTO 32003KT 10SM CLR 01/M04 A3039 RMK AO2 SLP291 T00061044 51016,null
HSV,2024-12-12 9:53,31,25,78.16,310,3,0,30.4,1029.6,10,null,CLR,null,null,null,null,null,null,null,null,null,null,null,null,null,null,27.55,KHSV 120953Z AUTO 31003KT 10SM CLR M01/M04 A3040 RMK AO2 SLP296 T10061039,null
HSV,2024-12-12 10:53,31,25,78.16,0,0,0,30.41,1030,10,null,CLR,null,null,null,null,null,null,null,null,null,null,null,null,null,null,31,KHSV 121053Z AUTO 00000KT 10SM CLR M01/M04 A3041 RMK AO2 SLP300 T10061039,null
HSV,2024-12-12 11:53,29,25,84.79,0,0,0,30.44,1031.1,10,null,CLR,null,null,null,null,null,null,null,null,null,null,null,null,null,null,29,KHSV 121153Z 00000KT 10SM CLR M02/M04 A3044 RMK AO2 SLP311 T10171039 10017 21017 53019,null
HSV,2024-12-12 12:53,28,25,88.33,0,0,0,30.46,1032,10,null,CLR,null,null,null,null,null,null,null,null,null,null,null,null,null,null,28,KHSV 121253Z 00000KT 10SM CLR M02/M04 A3046 RMK AO2 SLP320 T10221039,null
HSV,2024-12-12 13:53,32,27,81.55,0,0,0,30.48,1032.3,10,null,CLR,null,null,null,null,null,null,null,null,null,null,null,null,null,null,32,KHSV 121353Z 00000KT 10SM CLR 00/M03 A3048 RMK AO2 SLP323 T00001028,null
HSV,2024-12-12 14:53,38,25,59.13,90,7,0,30.48,1032.5,10,null,CLR,null,null,null,null,null,null,null,null,null,null,null,null,null,null,32.09,KHSV 121453Z 09007KT 10SM CLR 03/M04 A3048 RMK AO2 SLP325 T00331039 51014,null
HSV,2024-12-12 15:53,42,23,46.55,100,5,0,30.5,1033,10,null,CLR,null,null,null,null,null,null,null,null,null,null,null,null,null,null,38.27,KHSV 121553Z 10005KT 10SM CLR 06/M05 A3050 RMK AO2 SLP330 T00561050,null
HSV,2024-12-12 16:53,44,22,41.34,130,4,0,30.49,1032.8,10,null,CLR,null,null,null,null,null,null,null,null,null,null,null,null,null,null,41.43,KHSV 121653Z 13004KT 10SM CLR 07/M06 A3049 RMK AO2 SLP328 T00671056,null
HSV,2024-12-12 17:53,48,22,35.53,0,0,0,30.47,1031.9,10,null,FEW,null,null,null,25000,null,null,null,null,null,null,null,null,null,null,48,KHSV 121753Z 00000KT 10SM FEW250 09/M06 A3047 RMK AO2 SLP319 T00891056 10089 21028 58005 $,null
HSV,2024-12-12 18:53,49,23,35.69,0,0,0,30.42,1030.4,10,null,FEW,null,null,null,25000,null,null,null,null,null,null,null,null,null,null,49,KHSV 121853Z 00000KT 10SM FEW250 09/M05 A3042 RMK AO2 SLP304 T00941050 $,null
HSV,2024-12-12 19:53,51,25,36.03,200,3,0,30.4,1029.6,10,null,FEW,null,null,null,25000,null,null,null,null,null,null,null,null,null,null,51,KHSV 121953Z 20003KT 10SM FEW250 11/M04 A3040 RMK AO2 SLP296 T01061039 $,null
HSV,2024-12-12 20:53,52,25,34.72,210,3,0,30.41,1029.7,10,null,SCT,null,null,null,25000,null,null,null,null,null,null,null,null,null,null,52,KHSV 122053Z 21003KT 10SM SCT250 11/M04 A3041 RMK AO2 SLP297 T01111039 55020 $,null
HSV,2024-12-12 21:53,51,28,40.78,20,3,0,30.41,1030,10,null,BKN,null,null,null,25000,null,null,null,null,null,null,null,null,null,null,51,KHSV 122153Z 02003KT 10SM BKN250 11/M02 A3041 RMK AO2 SLP300 T01061022 $,null
HSV,2024-12-12 22:53,49,26,40.45,0,0,0,30.41,1030.1,10,null,SCT,null,null,null,25000,null,null,null,null,null,null,null,null,null,null,49,KHSV 122253Z 00000KT 10SM SCT250 09/M03 A3041 RMK AO2 SLP301 T00941033 $,null
HSV,2024-12-12 23:53,44,25,46.88,120,3,0,30.42,1030.4,10,null,SCT,null,null,null,25000,null,null,null,null,null,null,null,null,null,null,42.41,KHSV 122353Z 12003KT 10SM SCT250 07/M04 A3042 RMK AO2 SLP304 T00671039 10117 20061 53005 $,null
HSV,2024-12-13 0:53,40,27,59.41,110,4,0,30.44,1031.1,10,null,FEW,null,null,null,25000,null,null,null,null,null,null,null,null,null,null,36.76,KHSV 130053Z 11004KT 10SM FEW250 04/M03 A3044 RMK AO2 SLP311 T00441028 $,null
HSV,2024-12-13 1:53,40,28,61.91,130,3,0,30.46,1031.8,10,null,CLR,null,null,null,null,null,null,null,null,null,null,null,null,null,null,37.83,KHSV 130153Z 13003KT 10SM CLR 04/M02 A3046 RMK AO2 SLP318 T00441022 $,null
HSV,2024-12-13 2:53,37,30,75.56,120,4,0,30.47,1032.2,10,null,CLR,null,null,null,null,null,null,null,null,null,null,null,null,null,null,33.26,KHSV 130253Z 12004KT 10SM CLR 03/M01 A3047 RMK AO2 SLP322 T00281011 51017 $,null
HSV,2024-12-13 3:53,35,28,75.36,90,3,0,30.47,1032,10,null,FEW,null,null,null,25000,null,null,null,null,null,null,null,null,null,null,32.12,KHSV 130353Z 09003KT 10SM FEW250 02/M02 A3047 RMK AO2 SLP320 T00171022 $,null
HSV,2024-12-13 4:53,35,30,81.78,120,4,0,30.48,1032.3,10,null,FEW,null,null,null,25000,null,null,null,null,null,null,null,null,null,null,30.92,KHSV 130453Z 12004KT 10SM FEW250 02/M01 A3048 RMK AO2 SLP323 T00171011 $,null
HSV,2024-12-13 5:53,34,29,81.71,70,3,0,30.48,1032.3,10,null,CLR,null,null,null,null,null,null,null,null,null,null,null,null,null,null,30.97,KHSV 130553Z 07003KT 10SM CLR 01/M02 A3048 RMK AO2 SLP323 T00111017 10061 20006 401171028 53002 $,null
HSV,2024-12-13 6:53,34,29,81.71,110,3,0,30.48,1032.4,10,null,CLR,null,null,null,null,null,null,null,null,null,null,null,null,null,null,30.97,KHSV 130653Z AUTO 11003KT 10SM CLR 01/M02 A3048 RMK AO2 SLP324 T00111017 $,null
HSV,2024-12-13 7:53,32,29,88.53,80,3,0,30.49,1032.6,10,null,CLR,null,null,null,null,null,null,null,null,null,null,null,null,null,null,28.69,KHSV 130753Z AUTO 08003KT 10SM CLR 00/M02 A3049 RMK AO2 SLP326 T00001017 $,null
HSV,2024-12-13 8:53,32,28,84.98,100,4,0,30.49,1032.7,10,null,CLR,null,null,null,null,null,null,null,null,null,null,null,null,null,null,27.42,KHSV 130853Z AUTO 10004KT 10SM CLR 00/M02 A3049 RMK AO2 SLP327 T00001022 51004 $,null
HSV,2024-12-13 9:53,30,29,96,0,0,0,30.49,1032.6,10,null,CLR,null,null,null,null,null,null,null,null,null,null,null,null,null,null,30,KHSV 130953Z AUTO 00000KT 10SM CLR M01/M02 A3049 RMK AO2 SLP326 T10111017 $,null
HSV,2024-12-13 10:53,33,28,81.63,110,3,0,30.5,1033,10,null,CLR,null,null,null,null,null,null,null,null,null,null,null,null,null,null,29.83,KHSV 131053Z AUTO 11003KT 10SM CLR 01/M02 A3050 RMK AO2 SLP330 T00061022 $,null
HSV,2024-12-13 11:53,33,29,85.04,80,5,0,30.51,1033.4,10,null,SCT,null,null,null,25000,null,null,null,null,null,null,null,null,null,null,27.58,KHSV 131153Z COR 08005KT 10SM SCT250 01/M02 A3051 RMK AO2 SLP334 T00061017 10011 21011 53007 $,null
HSV,2024-12-13 12:53,34,29,81.71,90,5,0,30.52,1033.7,10,null,BKN,null,null,null,25000,null,null,null,null,null,null,null,null,null,null,28.77,KHSV 131253Z 09005KT 10SM BKN250 01/M02 A3052 RMK AO2 SLP337 T00111017 $,null
HSV,2024-12-13 13:53,39,32,75.75,120,4,0,30.53,1033.9,10,null,BKN,null,null,null,25000,null,null,null,null,null,null,null,null,null,null,35.59,KHSV 131353Z 12004KT 10SM BKN250 04/00 A3053 RMK AO2 SLP339 T00390000 $,null
HSV,2024-12-13 14:53,42,31,64.75,110,5,0,30.54,1034.3,10,null,OVC,null,null,null,18000,null,null,null,null,null,null,null,null,null,null,38.27,KHSV 131453Z 11005KT 10SM OVC180 06/M01 A3054 RMK AO2 SLP343 T00561006 53009 $,null
HSV,2024-12-13 15:53,45,31,57.73,120,5,0,30.55,1034.9,10,null,SCT,OVC,null,null,18000,22000,null,null,null,null,null,null,null,null,null,41.83,KHSV 131553Z 12005KT 10SM SCT180 OVC220 07/M01 A3055 RMK AO2 SLP349 T00721006 $,null
HSV,2024-12-13 16:53,49,31,49.65,130,4,0,30.54,1034.4,10,null,FEW,BKN,null,null,20000,25000,null,null,null,null,null,null,null,null,null,47.27,KHSV 131653Z 13004KT 10SM FEW200 BKN250 09/M01 A3054 RMK AO2 SLP344 T00941006 $,null
HSV,2024-12-13 17:53,52,31,44.42,90,4,0,30.51,1033.4,10,null,FEW,BKN,null,null,17000,23000,null,null,null,null,null,null,null,null,null,52,KHSV 131753Z 09004KT 10SM FEW170 BKN230 11/M01 A3051 RMK AO2 SLP334 T01111006 10111 20000 58008 $,null
HSV,2024-12-13 18:53,53,32,44.58,120,5,0,30.49,1032.7,10,null,SCT,BKN,null,null,21000,25000,null,null,null,null,null,null,null,null,null,53,KHSV 131853Z 12005KT 10SM SCT210 BKN250 12/00 A3049 RMK AO2 SLP327 T01170000 $,null
HSV,2024-12-13 19:53,54,32,42.98,110,6,0,30.47,1031.8,10,null,FEW,SCT,OVC,null,14000,17000,25000,null,null,null,null,null,null,null,null,54,KHSV 131953Z 11006KT 10SM FEW140 SCT170 OVC250 12/00 A3047 RMK AO2 SLP318 T01220000 $,null
HSV,2024-12-13 20:53,54,31,41.27,100,8,0,30.47,1031.9,10,null,FEW,BKN,BKN,null,14000,17000,21000,null,null,null,null,null,null,null,null,54,KHSV 132053Z 10008KT 10SM FEW140 BKN170 BKN210 12/M01 A3047 RMK AO2 SLP319 T01221006 55015 $,null
HSV,2024-12-13 21:53,54,30,39.63,110,4,0,30.49,1032.8,10,null,FEW,SCT,BKN,null,11000,16000,21000,null,null,null,null,null,null,null,null,54,KHSV 132153Z 11004KT 10SM FEW110 SCT160 BKN210 12/M01 A3049 RMK AO2 SLP328 T01221011 $,null
HSV,2024-12-13 22:53,50,31,47.83,120,6,0,30.49,1032.6,10,null,FEW,SCT,BKN,null,12000,17000,23000,null,null,null,null,null,null,null,null,50,KHSV 132253Z 12006KT 10SM FEW120 SCT170 BKN230 10/M01 A3049 RMK AO2 SLP326 T01001006 $,null
HSV,2024-12-13 23:53,50,31,47.83,110,3,0,30.5,1033,10,null,SCT,BKN,BKN,null,11000,13000,23000,null,null,null,null,null,null,null,null,50,KHSV 132353Z 11003KT 10SM SCT110 BKN130 BKN230 10/M01 A3050 RMK AO2 SLP330 T01001006 10128 20094 51010 $,null
HSV,2024-12-14 0:53,49,31,49.65,110,5,0,30.5,1033.1,10,null,SCT,BKN,null,null,11000,13000,null,null,null,null,null,null,null,null,null,46.58,KHSV 140053Z 11005KT 10SM SCT110 BKN130 09/M01 A3050 RMK AO2 SLP331 T00941006 $,null
HSV,2024-12-14 1:53,48,32,53.67,100,4,0,30.5,1033.1,10,null,BKN,null,null,null,12000,null,null,null,null,null,null,null,null,null,null,46.1,KHSV 140153Z 10004KT 10SM BKN120 09/00 A3050 RMK AO2 SLP331 T00890000 $,null
HSV,2024-12-14 2:53,45,31,57.73,100,7,0,30.5,1033.1,10,null,FEW,null,null,null,12000,null,null,null,null,null,null,null,null,null,null,40.63,KHSV 140253Z 10007KT 10SM FEW120 07/M01 A3050 RMK AO2 SLP331 T00721006 51002 $,null
HSV,2024-12-14 3:53,44,32,62.44,110,8,0,30.5,1033,10,null,CLR,null,null,null,null,null,null,null,null,null,null,null,null,null,null,38.9,KHSV 140353Z 11008KT 10SM CLR 07/00 A3050 RMK AO2 SLP330 T00670000 $,null
HSV,2024-12-14 4:53,42,32,67.42,100,9,0,30.51,1033.2,10,null,CLR,null,null,null,null,null,null,null,null,null,null,null,null,null,null,35.95,KHSV 140453Z 10009KT 10SM CLR 06/00 A3051 RMK AO2 SLP332 T00560000 $,null
HSV,2024-12-14 5:53,42,31,64.75,110,6,0,30.51,1033.1,10,null,CLR,null,null,null,null,null,null,null,null,null,null,null,null,null,null,37.57,KHSV 140553Z 11006KT 10SM CLR 06/M01 A3051 RMK AO2 SLP331 T00561006 10106 20056 401281011 53001 $,null
HSV,2024-12-14 6:53,42,32,67.42,120,9,0,30.5,1033,10,null,SCT,null,null,null,9000,null,null,null,null,null,null,null,null,null,null,35.95,KHSV 140653Z AUTO 12009KT 10SM SCT090 06/00 A3050 RMK AO2 SLP330 T00560000 $,null
HSV,2024-12-14 7:53,43,32,64.88,110,8,0,30.51,1033.1,10,null,BKN,null,null,null,9000,null,null,null,null,null,null,null,null,null,null,37.66,KHSV 140753Z AUTO 11008KT 10SM BKN090 06/00 A3051 RMK AO2 SLP331 T00610000 $,null
HSV,2024-12-14 8:53,42,31,64.75,100,6,0,30.51,1033.2,10,null,CLR,null,null,null,null,null,null,null,null,null,null,null,null,null,null,37.57,KHSV 140853Z AUTO 10006KT 10SM CLR 06/M01 A3051 RMK AO2 SLP332 T00561006 53001 $,null
HSV,2024-12-14 9:53,41,31,67.3,120,6,0,30.51,1033.1,10,null,CLR,null,null,null,null,null,null,null,null,null,null,null,null,null,null,36.37,KHSV 140953Z AUTO 12006KT 10SM CLR 05/M01 A3051 RMK AO2 SLP331 T00501006 $,null
HSV,2024-12-14 10:53,46,32,57.87,120,10,0,30.5,1033,10,null,OVC,null,null,null,9000,null,null,null,null,null,null,null,null,null,null,40.52,KHSV 141053Z AUTO 12010KT 10SM OVC090 08/00 A3050 RMK AO2 SLP330 T00780000 $,null
HSV,2024-12-14 11:53,47,31,53.52,120,11,0,30.49,1032.3,10,null,FEW,null,null,null,9000,null,null,null,null,null,null,null,null,null,null,41.42,KHSV 141153Z 12011KT 10SM FEW090 08/M01 A3049 RMK AO2 SLP323 T00831006 10083 20050 58008 $,null
HSV,2024-12-14 12:53,48,31,51.54,130,16,0,30.48,1032,10,23,FEW,FEW,null,null,9500,25000,null,null,null,null,null,null,null,null,null,41.27,KHSV 141253Z 13016G23KT 10SM FEW095 FEW250 09/M01 A3048 RMK AO2 SLP320 T00891006 $,null
HSV,2024-12-14 13:53,51,31,46.09,120,15,0,30.48,1032.3,10,null,SCT,null,null,null,23000,null,null,null,null,null,null,null,null,null,null,51,KHSV 141353Z 12015KT 10SM SCT230 11/M01 A3048 RMK AO2 SLP323 T01061006 $,null
HSV,2024-12-14 14:53,54,31,41.27,120,14,0,30.49,1032.5,10,24,SCT,BKN,null,null,11000,25000,null,null,null,null,null,null,null,null,null,54,KHSV 141453Z 12014G24KT 10SM SCT110 BKN250 12/M01 A3049 RMK AO2 SLP325 T01221006 53002 $,null
HSV,2024-12-14 15:53,57,32,38.54,130,16,0,30.48,1032.2,10,24,BKN,BKN,null,null,6000,23000,null,null,null,null,null,null,null,null,null,57,KHSV 141553Z 13016G24KT 10SM BKN060 BKN230 14/00 A3048 RMK AO2 SLP322 T01390000 $,null
HSV,2024-12-14 16:53,59,32,35.87,130,15,0,30.46,1031.5,10,null,BKN,BKN,null,null,6000,23000,null,null,null,null,null,null,29,130,2024-12-14 16:11,59,KHSV 141653Z 13015KT 10SM BKN060 BKN230 15/00 A3046 RMK AO2 PK WND 13029/1611 SLP315 T01500000 $,null
HSV,2024-12-14 17:53,58,32,37.18,130,13,0,30.44,1030.8,10,null,SCT,OVC,null,null,3800,6000,null,null,null,null,null,null,26,120,2024-12-14 17:07,58,KHSV 141753Z 13013KT 10SM SCT038 OVC060 14/00 A3044 RMK AO2 PK WND 12026/1707 SLP308 T01440000 10156 20083 58017 $,null
HSV,2024-12-14 18:53,58,32,37.18,130,9,0,30.43,1030.5,10,20,BKN,OVC,null,null,4000,6000,null,null,null,null,null,null,null,null,null,58,KHSV 141853Z 13009G20KT 10SM BKN040 OVC060 14/00 A3043 RMK AO2 SLP305 T01440000 $,null
HSV,2024-12-14 19:53,60,32,34.61,140,15,0,30.4,1029.2,10,null,BKN,BKN,null,null,3700,5000,null,null,null,null,null,null,null,null,null,60,KHSV 141953Z 14015KT 10SM BKN037 BKN050 16/00 A3040 RMK AO2 SLP292 T01560000 $,null
HSV,2024-12-14 20:53,60,32,34.61,140,15,0,30.36,1028.1,10,26,SCT,BKN,BKN,null,7500,10000,17000,null,null,null,null,null,26,140,2024-12-14 20:47,60,KHSV 142053Z 14015G26KT 10SM SCT075 BKN100 BKN170 16/00 A3036 RMK AO2 PK WND 14026/2047 SLP281 T01560000 58025 $,null
HSV,2024-12-14 21:53,60,42,51.33,130,14,0,30.35,1027.7,10,23,BKN,BKN,null,null,6500,15000,null,null,null,null,null,null,null,null,null,60,KHSV 142153Z 13014G23KT 10SM BKN065 BKN150 16/06 A3035 RMK AO2 SLP277 T01560056 $,null
HSV,2024-12-14 22:53,59,43,55.28,140,14,0,30.36,1027.8,10,26,BKN,BKN,OVC,null,5500,7000,12000,null,null,null,null,null,26,130,2024-12-14 22:45,59,KHSV 142253Z 14014G26KT 10SM BKN055 BKN070 OVC120 15/06 A3036 RMK AO2 PK WND 13026/2245 SLP278 T01500061 $,null
HSV,2024-12-14 23:53,58,43,57.3,140,13,0,30.36,1028.1,10,21,FEW,BKN,OVC,null,5000,11000,14000,null,null,null,null,null,null,null,null,58,KHSV 142353Z 14013G21KT 10SM FEW050 BKN110 OVC140 14/06 A3036 RMK AO2 SLP281 T01440061 10167 20144 55000 $,null
HSV,2024-12-15 0:53,58,42,55.14,140,10,0,30.41,1029.8,10,null,BKN,OVC,null,null,7000,10000,null,null,null,null,null,null,null,null,null,58,KHSV 150053Z 14010KT 10SM BKN070 OVC100 14/06 A3041 RMK AO2 PRESRR SLP298 T01440056 $,null
HSV,2024-12-15 1:53,54,46,74.26,130,13,0.05,30.37,1028.3,9,null,SCT,BKN,OVC,null,6000,7500,9000,null,#NAME?,null,null,null,null,null,null,54,KHSV 150153Z 13013KT 9SM -RA SCT060 BKN075 OVC090 12/08 A3037 RMK AO2 RAB15 SLP283 P0005 T01220078 $,null
HSV,2024-12-15 2:53,53,46,77.03,140,14,0.04,30.35,1027.5,10,null,OVC,null,null,null,8500,null,null,null,#NAME?,null,null,null,null,null,null,53,KHSV 150253Z 14014KT 10SM -RA OVC085 12/08 A3035 RMK AO2 SLP275 P0004 60009 T01170078 58005 $,null
HSV,2024-12-15 3:53,53,46,77.03,130,11,0.01,30.36,1027.9,8,null,FEW,BKN,OVC,null,5000,6500,8500,null,RA,null,null,null,null,null,null,53,KHSV 150353Z 13011KT 8SM RA FEW050 BKN065 OVC085 12/08 A3036 RMK AO2 SLP279 P0001 T01170078 $,null
HSV,2024-12-15 4:53,52,47,82.99,140,12,0.01,30.35,1027.6,9,20,BKN,OVC,null,null,4400,5500,null,null,#NAME?,null,null,null,null,null,null,52,KHSV 150453Z 14012G20KT 9SM -RA BKN044 OVC055 11/08 A3035 RMK AO2 SLP276 P0001 T01110083 $,null
HSV,2024-12-15 5:53,52,46,79.92,140,13,0.01,30.35,1027.5,10,21,FEW,OVC,null,null,3300,4300,null,null,#NAME?,null,null,null,null,null,null,52,KHSV 150553Z 14013G21KT 10SM -RA FEW033 OVC043 11/08 A3035 RMK AO2 SLP275 P0001 60012 T01110078 10144 20111 401671039 50001 $,null
HSV,2024-12-15 6:53,53,44,71.39,140,18,T,30.33,1026.8,10,null,SCT,OVC,null,null,4000,6000,null,null,null,null,null,null,null,null,null,53,KHSV 150653Z AUTO 14018KT 10SM SCT040 OVC060 12/07 A3033 RMK AO2 RAE00 SLP268 P0000 T01170067 $,null
HSV,2024-12-15 7:53,53,44,71.39,140,13,T,30.31,1026.2,10,null,SCT,OVC,null,null,4100,5500,null,null,null,null,null,null,null,null,null,53,KHSV 150753Z AUTO 14013KT 10SM SCT041 OVC055 12/07 A3031 RMK AO2 RAB0654E52 SLP262 P0000 T01170067 $,null
HSV,2024-12-15 8:53,53,44,71.39,140,9,T,30.32,1026.4,10,18,BKN,OVC,null,null,4100,5500,null,null,#NAME?,null,null,null,null,null,null,53,KHSV 150853Z AUTO 14009G18KT 10SM -RA BKN041 OVC055 12/07 A3032 RMK AO2 RAB18E27B43 SLP264 P0000 60000 T01170067 55011 $,null
HSV,2024-12-15 9:53,52,46,79.92,160,12,0.01,30.32,1026.4,9,null,BKN,OVC,null,null,4000,5000,null,null,null,null,null,null,null,null,null,52,KHSV 150953Z AUTO 16012KT 9SM BKN040 OVC050 11/08 A3032 RMK AO2 RAE14 SLP264 P0001 T01110078 $,null
HSV,2024-12-15 10:53,51,47,86.12,140,13,0,30.32,1026.4,10,null,SCT,BKN,OVC,null,3700,4900,8500,null,null,null,null,null,26,160,2024-12-15 9:58,51,KHSV 151053Z AUTO 14013KT 10SM SCT037 BKN049 OVC085 11/08 A3032 RMK AO2 PK WND 16026/0958 SLP264 T01060083 $,null
HSV,2024-12-15 11:53,51,47,86.12,150,10,T,30.34,1027.1,6,null,SCT,SCT,OVC,null,1800,2300,3500,null,RA BR,null,null,null,null,null,null,51,KHSV 151153Z 15010KT 6SM RA BR SCT018 SCT023 OVC035 11/08 A3034 RMK AO2 RAB47 SLP271 P0000 60001 70013 T01060083 10117 20106 53006 $,null
HSV,2024-12-15 12:02,51,47,86.12,160,6,0.01,30.34,null,5,null,BKN,BKN,OVC,null,1800,2400,3500,null,#NAME?,null,null,null,null,null,null,51,KHSV 151202Z 16006KT 5SM -RA BR BKN018 BKN024 OVC035 11/08 A3034 RMK AO2 P0001 T01060083 $,null
HSV,2024-12-15 12:50,50,48.2,93.5,140,9,0.06,30.34,null,7,null,BKN,BKN,OVC,null,1400,2600,3500,null,#NAME?,null,null,null,null,null,null,50,KHSV 151250Z 14009KT 7SM -RA BKN014 BKN026 OVC035 10/09 A3034 RMK AO2 P0006 $,null
HSV,2024-12-15 12:53,50,50,100,140,7,0.06,30.34,1027.3,8,null,BKN,BKN,OVC,null,1400,2600,3500,null,#NAME?,null,null,null,null,null,null,50,KHSV 151253Z 14007KT 8SM -RA BKN014 BKN026 OVC035 10/10 A3034 RMK AO2 SLP273 P0006 T01000100 $,null
HSV,2024-12-15 13:01,50,48,92.8,140,7,T,30.35,null,9,null,FEW,BKN,OVC,null,900,1300,3500,null,null,null,null,null,null,null,null,50,KHSV 151301Z 14007KT 9SM FEW009 BKN013 OVC035 10/09 A3035 RMK AO2 RAE1255 P0000 T01000089 $,null
HSV,2024-12-15 13:04,50,48,92.8,140,8,T,30.35,null,8,null,FEW,BKN,OVC,null,700,1200,3200,null,null,null,null,null,null,null,null,50,KHSV 151304Z 14008KT 8SM FEW007 BKN012 OVC032 10/09 A3035 RMK AO2 RAE1255 P0000 T01000089 $,null
HSV,2024-12-15 13:53,50,49,96.34,140,8,0.01,30.36,1028.1,10,null,OVC,null,null,null,1200,null,null,null,null,null,null,null,null,null,null,50,KHSV 151353Z 14008KT 10SM OVC012 10/09 A3036 RMK AO2 RAE1255DZB05E16 SLP281 P0001 T01000094 $,null
HSV,2024-12-15 14:53,52,50,92.86,130,6,0,30.37,1028.3,10,null,BKN,OVC,null,null,1300,2000,null,null,null,null,null,null,null,null,null,52,KHSV 151453Z 13006KT 10SM BKN013 OVC020 11/10 A3037 RMK AO2 SLP283 60007 T01110100 53009 $,null
HSV,2024-12-15 15:11,52,50,92.86,130,7,0,30.38,null,10,null,OVC,null,null,null,1500,null,null,null,null,null,null,null,null,null,null,52,KHSV 151511Z 13007KT 10SM OVC015 11/10 A3038 RMK AO2 T01110100 $,null
HSV,2024-12-15 15:32,52,50,92.86,140,10,0,30.38,null,10,17,OVC,null,null,null,1300,null,null,null,null,null,null,null,null,null,null,52,KHSV 151532Z 14010G17KT 10SM OVC013 11/10 A3038 RMK AO2 T01110100 $,null
HSV,2024-12-15 15:47,51.8,50,93.55,150,12,T,30.38,null,1.75,19,OVC,null,null,null,1300,null,null,null,RA BR,null,null,null,null,null,null,51.8,KHSV 151547Z 15012G19KT 1 3/4SM R18R/6000VP6000FT RA BR OVC013 11/10 A3038 RMK AO2 TWR VIS 2 RAB42 P0000 $,null
HSV,2024-12-15 15:53,52,50,92.86,150,13,0.01,30.38,1028.5,1.75,null,OVC,null,null,null,1300,null,null,null,RA BR,null,null,null,null,null,null,52,KHSV 151553Z 15013KT 1 3/4SM R18R/5500VP6000FT RA BR OVC013 11/10 A3038 RMK AO2 TWR VIS 2 RAB42 SLP285 P0001 T01110100 $,null
HSV,2024-12-15 16:12,52,50,92.86,160,15,0.01,30.38,null,2,null,OVC,null,null,null,1100,null,null,null,#NAME?,null,null,null,null,null,null,52,KHSV 151612Z 16015KT 2SM -RA BR OVC011 11/10 A3038 RMK AO2 TWR VIS 4 P0001 T01110100 $,null
HSV,2024-12-15 16:24,52,50,92.86,160,12,0.02,30.38,null,9,null,OVC,null,null,null,1100,null,null,null,#NAME?,null,null,null,null,null,null,52,KHSV 151624Z 16012KT 9SM -DZ OVC011 11/10 A3038 RMK AO2 RAE20DZB20 P0002 T01110100 $,null
HSV,2024-12-15 16:53,52,50,92.86,150,11,0.02,30.37,1028.3,10,null,OVC,null,null,null,1100,null,null,null,null,null,null,null,null,null,null,52,KHSV 151653Z 15011KT 10SM OVC011 11/10 A3037 RMK AO2 RAE20B37E48DZB20E37 CIG 007V014 SLP283 P0002 T01110100 $,null
HSV,2024-12-15 17:03,52,50,92.86,160,10,T,30.36,null,5,null,OVC,null,null,null,900,null,null,null,#NAME?,null,null,null,null,null,null,52,KHSV 151703Z 16010KT 5SM -DZ BR OVC009 11/10 A3036 RMK AO2 RAB1657E1659DZB1659 CIG 007V012 P0000 T01110100 $,null
HSV,2024-12-15 17:53,52,50,92.86,160,8,0.01,30.35,1027.6,10,null,OVC,null,null,null,900,null,null,null,null,null,null,null,null,null,null,52,KHSV 151753Z 16008KT 10SM OVC009 11/10 A3035 RMK AO2 RAB1657E1659B19E31DZB1659E43 SLP276 P0001 60011 T01110100 10117 20100 58007 $,null
HSV,2024-12-15 18:53,53,50,89.51,150,8,0,30.32,1026.7,10,null,OVC,null,null,null,900,null,null,null,null,null,null,null,null,null,null,53,KHSV 151853Z 15008KT 10SM OVC009 12/10 A3032 RMK AO2 SLP267 T01170100 $,null
HSV,2024-12-15 19:06,53,51,92.89,150,7,0,30.32,null,10,null,OVC,null,null,null,1000,null,null,null,null,null,null,null,null,null,null,53,KHSV 151906Z 15007KT 10SM OVC010 12/11 A3032 RMK AO2 T01170106 $,null
HSV,2024-12-15 19:23,53,51,92.89,120,6,T,30.31,null,10,null,OVC,null,null,null,900,null,null,null,#NAME?,null,null,null,null,null,null,53,KHSV 151923Z 12006KT 10SM -DZ OVC009 12/11 A3031 RMK AO2 RAB08E17DZB17 P0000 T01170106 $,null
HSV,2024-12-15 19:53,53,51,92.89,100,6,0.01,30.3,1026,3,null,OVC,null,null,null,900,null,null,null,#NAME?,null,null,null,null,null,null,53,KHSV 151953Z 10006KT 3SM -DZ BR OVC009 12/11 A3030 RMK AO2 RAB08E17B39E41DZB17 CIG 006V011 SLP260 P0001 T01170106 $,null
HSV,2024-12-15 20:17,53,51,92.89,120,7,T,30.3,null,2.5,null,OVC,null,null,null,900,null,null,null,#NAME?,null,null,null,null,null,null,53,KHSV 152017Z 12007KT 2 1/2SM -DZ BR OVC009 12/11 A3030 RMK AO2 CIG 005V012 P0000 T01170106 $,null
HSV,2024-12-15 20:23,53,52,96.39,130,8,T,30.3,null,1.5,null,SCT,OVC,null,null,500,1100,null,null,RA BR,null,null,null,null,null,null,53,KHSV 152023Z 13008KT 1 1/2SM R18R/4500VP6000FT RA BR SCT005 OVC011 12/11 A3030 RMK AO2 SFC VIS 2 1/2 DZE23RAB23 P0000 T01170111 $,null
HSV,2024-12-15 20:30,53,53,100,140,6,0.02,30.3,null,1.5,null,BKN,BKN,OVC,null,500,1000,1400,null,#NAME?,null,null,null,null,null,null,53,KHSV 152030Z 14006KT 1 1/2SM R18R/4500VP6000FT -RA BR BKN005 BKN010 OVC014 12/12 A3030 RMK AO2 DZE23RAB23 P0002 T01170117 $,null
HSV,2024-12-15 20:53,52,52,100,110,7,0.04,30.29,1025.7,1.5,null,BKN,OVC,null,null,500,1500,null,null,BR,null,null,null,null,null,null,52,KHSV 152053Z 11007KT 1 1/2SM BR BKN005 OVC015 11/11 A3029 RMK AO2 SFC VIS 2 DZE23RAB23E52 CIG 003V009 SLP257 P0004 60005 T01110111 56019 $,null
HSV,2024-12-15 21:38,52,52,100,110,6,T,30.29,null,10,null,OVC,null,null,null,700,null,null,null,null,null,null,null,null,null,null,52,KHSV 152138Z 11006KT 10SM OVC007 11/11 A3029 RMK AO2 RAB00E09DZB09E17 CIG 004V012 P0000 T01110111 $,null
HSV,2024-12-15 21:53,52,51,96.37,100,6,T,30.29,1025.6,10,null,OVC,null,null,null,700,null,null,null,null,null,null,null,null,null,null,52,KHSV 152153Z 10006KT 10SM OVC007 11/11 A3029 RMK AO2 RAB00E09DZB09E17 CIG 005V010 SLP256 P0000 T01110106 $,null
HSV,2024-12-15 22:53,52,51,96.37,100,7,0,30.3,1025.8,10,null,OVC,null,null,null,800,null,null,null,null,null,null,null,null,null,null,52,KHSV 152253Z 10007KT 10SM OVC008 11/11 A3030 RMK AO2 SLP258 T01110106 $,null
HSV,2024-12-15 23:53,52,51,96.37,120,9,0,30.31,1026.2,10,null,OVC,null,null,null,700,null,null,null,null,null,null,null,null,null,null,52,KHSV 152353Z 12009KT 10SM OVC007 11/11 A3031 RMK AO2 SLP262 60005 T01110106 10117 20111 53005 $,null
HSV,2024-12-16 0:53,52,51,96.37,130,8,T,30.31,1026.3,4,null,OVC,null,null,null,400,null,null,null,BR,null,null,null,null,null,null,52,KHSV 160053Z 13008KT 4SM BR OVC004 11/11 A3031 RMK AO2 RAB40E49 SLP263 P0000 T01110106 $,null
HSV,2024-12-16 1:17,52,51,96.37,130,7,0,30.31,null,7,null,OVC,null,null,null,600,null,null,null,null,null,null,null,null,null,null,52,KHSV 160117Z 13007KT 7SM OVC006 11/11 A3031 RMK AO2 CIG 003V009 T01110106 $,null
HSV,2024-12-16 1:53,52,51,96.37,110,7,0,30.32,1026.5,9,null,OVC,null,null,null,700,null,null,null,null,null,null,null,null,null,null,52,KHSV 160153Z 11007KT 9SM OVC007 11/11 A3032 RMK AO2 SLP265 T01110106 $,null
HSV,2024-12-16 2:53,52,51,96.37,110,6,0,30.31,1026.4,8,null,OVC,null,null,null,1000,null,null,null,null,null,null,null,null,null,null,52,KHSV 160253Z 11006KT 8SM OVC010 11/11 A3031 RMK AO2 CIG 007V011 SLP264 60000 T01110106 50002 $,null
HSV,2024-12-16 3:53,52,51,96.37,130,5,0,30.31,1026.2,8,null,OVC,null,null,null,1100,null,null,null,null,null,null,null,null,null,null,52,KHSV 160353Z 13005KT 8SM OVC011 11/11 A3031 RMK AO2 SLP262 T01110106 $,null
HSV,2024-12-16 4:33,52,51,96.37,120,6,0,30.29,null,9,null,OVC,null,null,null,900,null,null,null,null,null,null,null,null,null,null,52,KHSV 160433Z 12006KT 9SM OVC009 11/11 A3029 RMK AO2 T01110106 $,null
HSV,2024-12-16 4:53,52,51,96.37,110,5,0,30.29,1025.6,9,null,OVC,null,null,null,900,null,null,null,null,null,null,null,null,null,null,52,KHSV 160453Z 11005KT 9SM OVC009 11/11 A3029 RMK AO2 SLP256 T01110106 $,null
HSV,2024-12-16 5:35,53,50,89.51,110,7,0,30.27,null,9,null,OVC,null,null,null,1000,null,null,null,null,null,null,null,null,null,null,53,KHSV 160535Z 11007KT 9SM OVC010 12/10 A3027 RMK AO2 T01170100 $,null
HSV,2024-12-16 5:53,52,51,96.37,110,5,0,30.27,1025.1,9,null,OVC,null,null,null,1000,null,null,null,null,null,null,null,null,null,null,52,KHSV 160553Z 11005KT 9SM OVC010 11/11 A3027 RMK AO2 SLP251 60000 T01110106 10117 20106 401170100 58013 $,null
HSV,2024-12-16 6:00,53,51,92.89,120,7,0,30.27,null,9,null,OVC,null,null,null,900,null,null,null,null,null,null,null,null,null,null,53,KHSV 160600Z AUTO 12007KT 9SM OVC009 12/11 A3027 RMK AO2 T01170106 $,null
HSV,2024-12-16 6:22,53,52,96.39,120,5,0,30.28,null,9,null,OVC,null,null,null,1000,null,null,null,null,null,null,null,null,null,null,53,KHSV 160622Z AUTO 12005KT 9SM OVC010 12/11 A3028 RMK AO2 T01170111 $,null
HSV,2024-12-16 6:53,52,50,92.86,150,6,0,30.27,1025.1,8,null,OVC,null,null,null,900,null,null,null,null,null,null,null,null,null,null,52,KHSV 160653Z AUTO 15006KT 8SM OVC009 11/10 A3027 RMK AO2 SLP251 T01110100 $,null
HSV,2024-12-16 7:53,53,51,92.89,160,11,0,30.28,1025.3,10,null,OVC,null,null,null,800,null,null,null,null,null,null,null,null,null,null,53,KHSV 160753Z AUTO 16011KT 10SM OVC008 12/11 A3028 RMK AO2 SLP253 T01170106 $,null
HSV,2024-12-16 8:01,53,52,96.39,150,11,0,30.28,null,10,null,OVC,null,null,null,700,null,null,null,null,null,null,null,null,null,null,53,KHSV 160801Z AUTO 15011KT 10SM OVC007 12/11 A3028 RMK AO2 T01170111 $,null
HSV,2024-12-16 8:53,53,51,92.89,160,9,0,30.27,1025.1,8,null,OVC,null,null,null,600,null,null,null,null,null,null,null,null,null,null,53,KHSV 160853Z AUTO 16009KT 8SM OVC006 12/11 A3027 RMK AO2 SLP251 T01170106 50000 $,null
HSV,2024-12-16 9:53,52,51,96.37,150,11,0,30.27,1025,6,null,OVC,null,null,null,500,null,null,null,BR,null,null,null,null,null,null,52,KHSV 160953Z AUTO 15011KT 6SM BR OVC005 11/11 A3027 RMK AO2 SLP250 T01110106 $,null
HSV,2024-12-16 10:09,52,51,96.37,150,11,0,30.27,null,5,null,OVC,null,null,null,400,null,null,null,BR,null,null,null,null,null,null,52,KHSV 161009Z AUTO 15011KT 5SM BR OVC004 11/11 A3027 RMK AO2 T01110106 $,null
HSV,2024-12-16 10:53,52,51,96.37,150,10,0,30.27,1025,9,null,OVC,null,null,null,500,null,null,null,null,null,null,null,null,null,null,52,KHSV 161053Z AUTO 15010KT 9SM OVC005 11/11 A3027 RMK AO2 SLP250 T01110106 $,null
HSV,2024-12-16 11:44,52,52,100,150,7,0,30.28,null,3,null,OVC,null,null,null,400,null,null,null,BR,null,null,null,null,null,null,52,KHSV 161144Z 15007KT 3SM BR OVC004 11/11 A3028 RMK AO2 T01110111 $,null
HSV,2024-12-16 11:53,52,52,100,150,8,0,30.28,1025.4,3,null,OVC,null,null,null,400,null,null,null,BR,null,null,null,null,null,null,52,KHSV 161153Z 15008KT 3SM BR OVC004 11/11 A3028 RMK AO2 SLP254 70016 T01110111 10122 20111 53003 $,null
HSV,2024-12-16 12:10,52,52,100,150,8,0,30.28,null,2,null,OVC,null,null,null,400,null,null,null,BR,null,null,null,null,null,null,52,KHSV 161210Z 15008KT 2SM BR OVC004 11/11 A3028 RMK AO2 T01110111 $,null
HSV,2024-12-16 12:53,53,52,96.39,150,8,0,30.29,1025.5,2,null,OVC,null,null,null,400,null,null,null,BR,null,null,null,null,null,null,53,KHSV 161253Z 15008KT 2SM BR OVC004 12/11 A3029 RMK AO2 SFC VIS 2 1/2 SLP255 T01170111 $,null
HSV,2024-12-16 13:46,53,52,96.39,150,9,0,30.3,null,2,null,OVC,null,null,null,500,null,null,null,BR,null,null,null,null,null,null,53,KHSV 161346Z 15009KT 2SM BR OVC005 12/11 A3030 RMK AO2 SFC VIS 3 T01170111 $,null
HSV,2024-12-16 13:53,53,52,96.39,150,8,0,30.3,1025.9,2,null,OVC,null,null,null,500,null,null,null,BR,null,null,null,null,null,null,53,KHSV 161353Z 15008KT 2SM BR OVC005 12/11 A3030 RMK AO2 SFC VIS 2 1/2 SLP259 T01170111 $,null
HSV,2024-12-16 14:53,54,53,96.4,150,12,0,30.29,1025.5,2,null,OVC,null,null,null,700,null,null,null,BR,null,null,null,null,null,null,54,KHSV 161453Z 15012KT 2SM BR OVC007 12/12 A3029 RMK AO2 SFC VIS 3 SLP255 T01220117 50001 $,null
HSV,2024-12-16 15:40,56,54,92.98,160,11,0,30.28,null,7,null,BKN,BKN,null,null,600,3000,null,null,null,null,null,null,null,null,null,56,KHSV 161540Z 16011KT 7SM BKN006 BKN030 13/12 A3028 RMK AO2 T01330122 $,null
HSV,2024-12-16 15:53,57,55,93.01,170,13,0,30.27,1024.9,10,null,BKN,BKN,null,null,800,2800,null,null,null,null,null,null,null,null,null,57,KHSV 161553Z 17013KT 10SM BKN008 BKN028 14/13 A3027 RMK AO2 SLP249 T01390128 $,null
HSV,2024-12-16 16:53,57,54,89.68,180,10,0,30.27,1024.9,10,null,OVC,null,null,null,900,null,null,null,null,null,null,null,null,null,null,57,KHSV 161653Z 18010KT 10SM OVC009 14/12 A3027 RMK AO2 SLP249 T01390122 $,null
HSV,2024-12-16 17:29,58,55,89.72,170,6,T,30.26,null,2,null,OVC,null,null,null,1000,null,null,null,#NAME?,null,null,null,null,null,null,58,KHSV 161729Z 17006KT 2SM -DZ BR OVC010 14/13 A3026 RMK AO2 SFC VIS 3 DZB27 P0000 T01440128 PNO $,null
HSV,2024-12-16 17:53,58,56,93.04,170,6,T,30.25,1024.2,2,null,OVC,null,null,null,800,null,null,null,BR,null,null,null,null,null,null,58,KHSV 161753Z 17006KT 2SM BR OVC008 14/13 A3025 RMK AO2 SFC VIS 4 DZB27E49 CIG 006V011 SLP242 P0000 T01440133 10144 20111 58012 $,null
HSV,2024-12-16 18:00,58,56,93.04,160,6,0,30.25,null,3,null,OVC,null,null,null,800,null,null,null,BR,null,null,null,null,null,null,58,KHSV 161800Z 16006KT 3SM BR OVC008 14/13 A3025 RMK AO2 CIG 006V010 T01440133 $,null
HSV,2024-12-16 18:53,60,57,89.8,190,9,0,30.23,1023.5,10,null,OVC,null,null,null,800,null,null,null,null,null,null,null,null,null,null,60,KHSV 161853Z 19009KT 10SM OVC008 16/14 A3023 RMK AO2 SLP235 T01560139 $,null
HSV,2024-12-16 19:53,61,58,89.84,190,11,0,30.21,1022.8,10,null,BKN,OVC,null,null,1100,1800,null,null,null,null,null,null,null,null,null,61,KHSV 161953Z 19011KT 10SM BKN011 OVC018 16/14 A3021 RMK AO2 CIG 009V014 SLP228 T01610144 $,null
HSV,2024-12-16 20:13,62,58,86.72,190,14,0,30.21,null,10,null,SCT,BKN,OVC,null,1300,2100,7000,null,null,null,null,null,null,null,null,62,KHSV 162013Z 19014KT 10SM SCT013 BKN021 OVC070 17/14 A3021 RMK AO2 T01670144 $,null
HSV,2024-12-16 20:53,63,58,83.72,180,12,0,30.19,1022.1,10,null,OVC,null,null,null,7000,null,null,null,null,null,null,null,null,null,null,63,KHSV 162053Z 18012KT 10SM OVC070 17/14 A3019 RMK AO2 SLP221 T01720144 56019 $,null
HSV,2024-12-16 21:53,63,58,83.72,200,3,0,30.21,1022.7,10,null,FEW,OVC,null,null,2100,7000,null,null,null,null,null,null,null,null,null,63,KHSV 162153Z 20003KT 10SM FEW021 OVC070 17/14 A3021 RMK AO2 SLP227 BINOVC T01720144 $,null
HSV,2024-12-16 22:14,63,58,83.72,200,4,0,30.22,null,10,null,BKN,OVC,null,null,2300,6500,null,null,null,null,null,null,null,null,null,63,KHSV 162214Z 20004KT 10SM BKN023 OVC065 17/14 A3022 RMK AO2 T01720144 $,null
HSV,2024-12-16 22:53,62,58,86.72,180,6,0,30.22,1023.2,10,null,BKN,OVC,null,null,2200,5000,null,null,null,null,null,null,null,null,null,62,KHSV 162253Z 18006KT 10SM BKN022 OVC050 17/14 A3022 RMK AO2 SLP232 T01670144 $,null
HSV,2024-12-16 23:22,61,58,89.84,170,6,T,30.22,null,10,null,OVC,null,null,null,4800,null,null,null,#NAME?,null,null,null,null,null,null,61,KHSV 162322Z 17006KT 10SM -DZ OVC048 16/14 A3022 RMK AO2 DZB17 P0000 T01610144 $,null
HSV,2024-12-16 23:53,62,58,86.72,200,6,T,30.23,1023.4,10,null,FEW,OVC,null,null,2400,4300,null,null,null,null,null,null,null,null,null,62,KHSV 162353Z 20006KT 10SM FEW024 OVC043 17/14 A3023 RMK AO2 DZB17E45 SLP234 P0000 60000 T01670144 10172 20144 51012 $,null
HSV,2024-12-17 0:11,62,58,86.72,190,7,0,30.23,null,10,null,BKN,OVC,null,null,2400,4300,null,null,null,null,null,null,null,null,null,62,KHSV 170011Z 19007KT 10SM BKN024 OVC043 17/14 A3023 RMK AO2 T01670144 $,null
HSV,2024-12-17 0:53,61,58,89.84,190,6,0,30.23,1023.6,10,null,OVC,null,null,null,2200,null,null,null,null,null,null,null,null,null,null,61,KHSV 170053Z 19006KT 10SM OVC022 16/14 A3023 RMK AO2 SLP236 T01610144 $,null
HSV,2024-12-17 1:53,63,59,86.77,190,6,0,30.23,1023.2,10,null,OVC,null,null,null,2100,null,null,null,null,null,null,null,null,null,null,63,KHSV 170153Z 19006KT 10SM OVC021 17/15 A3023 RMK AO2 SLP232 T01720150 $,null
HSV,2024-12-17 2:43,62,58,86.72,190,4,0,30.22,null,10,null,SCT,OVC,null,null,2000,4800,null,null,null,null,null,null,null,null,null,62,KHSV 170243Z 19004KT 10SM SCT020 OVC048 17/14 A3022 RMK AO2 T01670144 $,null
HSV,2024-12-17 2:53,62,59,89.89,180,5,0,30.22,1022.9,10,null,OVC,null,null,null,4500,null,null,null,null,null,null,null,null,null,null,62,KHSV 170253Z 18005KT 10SM OVC045 17/15 A3022 RMK AO2 SLP229 T01670150 58004 $,null
HSV,2024-12-17 3:53,62,59,89.89,180,7,0.09,30.22,1023,7,null,SCT,BKN,OVC,null,3800,4800,5500,null,#NAME?,null,null,null,null,null,null,62,KHSV 170353Z 18007KT 7SM -RA SCT038 BKN048 OVC055 17/15 A3022 RMK AO2 RAB0259E09B37 SLP230 P0009 T01670150 $,null
HSV,2024-12-17 4:53,62,59,89.89,180,7,0.09,30.22,1023,10,null,FEW,SCT,OVC,null,1600,4400,7000,null,null,null,null,null,null,null,null,62,KHSV 170453Z COR 18007KT 10SM FEW016 SCT044 OVC070 17/15 A3022 RMK AO2 RAE48 SLP230 P0009 T01670150 $,null
HSV,2024-12-17 5:53,62,58,86.72,150,4,T,30.2,1022.5,10,null,BKN,BKN,OVC,null,3800,4700,5500,null,null,null,null,null,null,null,null,62,KHSV 170553Z 15004KT 10SM BKN038 BKN047 OVC055 17/14 A3020 RMK AO2 RAB0459E08 SLP225 P0000 60018 T01670144 10183 20161 401830111 58004 $,null
HSV,2024-12-17 6:21,63,59,86.77,0,0,T,30.21,null,10,null,BKN,OVC,null,null,2000,3700,null,null,null,null,null,null,null,null,null,63,KHSV 170621Z AUTO 00000KT 10SM BKN020 OVC037 17/15 A3021 RMK AO2 LTG DSNT W AND NW RAB01E11 P0000 T01720150 $,null
HSV,2024-12-17 6:46,61,60,96.51,350,8,0.07,30.22,null,7,null,BKN,OVC,null,null,1400,2100,null,null,VCTS -RA,null,null,null,null,null,null,61,KHSV 170646Z AUTO 35008KT 7SM VCTS -RA BKN014 OVC021 16/16 A3022 RMK AO2 LTG DSNT SW-N RAB01E11B24 TSE43 P0007 T01610156 $,null
HSV,2024-12-17 6:53,61,59,93.12,10,7,0.08,30.23,1023.3,7,null,BKN,OVC,null,null,1100,1900,null,null,VCTS RA,null,null,null,null,null,null,61,KHSV 170653Z AUTO 01007KT 7SM VCTS RA BKN011 OVC019 16/15 A3023 RMK AO2 LTG DSNT SW-NW RAB01E11B24 TSE43 SLP233 P0008 T01610150 $,null
HSV,2024-12-17 7:02,61,60,96.51,10,8,0.01,30.24,null,4,null,OVC,null,null,null,1300,null,null,null,#NAME?,null,null,null,null,null,null,61,KHSV 170702Z AUTO 01008KT 4SM +TSRA BR OVC013 16/16 A3024 RMK AO2 LTG DSNT SW-N TSB0656 P0001 T01610156 $,null
HSV,2024-12-17 7:18,61,60,96.51,240,4,0.14,30.25,null,1.75,null,BKN,OVC,null,null,1300,3300,null,null,#NAME?,null,null,null,null,null,null,61,KHSV 170718Z AUTO 24004KT 1 3/4SM +TSRA BR BKN013 OVC033 16/16 A3025 RMK AO2 LTG DSNT NE AND SW TSB0656 PRESRR P0014 T01610156 $,null
HSV,2024-12-17 7:25,60,59,96.49,0,0,0.24,30.24,null,2,null,SCT,OVC,null,null,1300,4300,null,null,#NAME?,null,null,null,null,null,null,60,KHSV 170725Z AUTO 00000KT 2SM +TSRA BR SCT013 OVC043 16/15 A3024 RMK AO2 LTG DSNT NE AND SW TSB0656 P0024 T01560150 $,null
HSV,2024-12-17 7:35,60,60,100,110,7,0.29,30.22,null,4,null,FEW,BKN,OVC,null,1100,4900,7000,null,TSRA BR,null,null,null,null,null,null,60,KHSV 170735Z AUTO 11007KT 4SM TSRA BR FEW011 BKN049 OVC070 16/16 A3022 RMK AO2 LTG DSNT N-E TSB0656 P0029 T01560156 $,null
HSV,2024-12-17 7:53,60,60,100,140,7,0.34,30.23,1023.2,6,null,FEW,SCT,OVC,null,6000,8000,10000,null,#NAME?,null,null,null,null,null,null,60,KHSV 170753Z AUTO 14007KT 6SM -TSRA BR FEW060 SCT080 OVC100 16/16 A3023 RMK AO2 LTG DSNT E-S TSB0656 SLP232 P0034 T01560156 $,null
HSV,2024-12-17 8:03,60,59,96.49,160,10,T,30.23,null,6,null,BKN,OVC,null,null,8000,10000,null,null,#NAME?,null,null,null,null,null,null,60,KHSV 170803Z AUTO 16010KT 6SM -RA BR BKN080 OVC100 16/15 A3023 RMK AO2 LTG DSNT E-S TSE0757 P0000 T01560150 $,null
HSV,2024-12-17 8:53,60,59,96.49,170,7,0.01,30.23,1023.2,10,null,SCT,BKN,null,null,9500,12000,null,null,null,null,null,null,null,null,null,60,KHSV 170853Z AUTO 17007KT 10SM SCT095 BKN120 16/15 A3023 RMK AO2 LTG DSNT SE RAE39 TSE0757 SLP232 P0001 60043 T01560150 51008 $,null
HSV,2024-12-17 9:29,60,59,96.49,270,5,T,30.26,null,10,null,SCT,BKN,OVC,null,600,4400,11000,null,#NAME?,null,null,null,null,null,null,60,KHSV 170929Z AUTO 27005KT 10SM -RA SCT006 BKN044 OVC110 16/15 A3026 RMK AO2 RAB0854E04B21 P0000 T01560150 $,null
HSV,2024-12-17 9:37,60,59,96.49,290,5,0.01,30.26,null,7,null,BKN,BKN,OVC,null,400,6000,11000,null,RA,null,null,null,null,null,null,60,KHSV 170937Z AUTO 29005KT 7SM RA BKN004 BKN060 OVC110 16/15 A3026 RMK AO2 RAB0854E04B21 CIG 003V010 P0001 T01560150 $,null
HSV,2024-12-17 9:53,60,59,96.49,280,4,0.03,30.26,1024.1,5,null,OVC,null,null,null,400,null,null,null,RA BR,null,null,null,null,null,null,60,KHSV 170953Z AUTO 28004KT 5SM RA BR OVC004 16/15 A3026 RMK AO2 RAB0854E04B21 CIG 003V007 SLP241 P0003 T01560150 $,null
HSV,2024-12-17 10:08,59,58,96.48,0,0,0.02,30.25,null,8,null,BKN,BKN,OVC,null,600,8000,10000,null,#NAME?,null,null,null,null,null,null,59,KHSV 171008Z AUTO 00000KT 8SM -RA BKN006 BKN080 OVC100 15/14 A3025 RMK AO2 CIG 003V011 P0002 T01500144 $,null
HSV,2024-12-17 10:22,59,58,96.48,140,3,0.03,30.23,null,10,null,SCT,BKN,OVC,null,1000,9000,11000,null,#NAME?,null,null,null,null,null,null,59,KHSV 171022Z AUTO 14003KT 10SM -RA SCT010 BKN090 OVC110 15/14 A3023 RMK AO2 PRESFR P0003 T01500144 $,null
HSV,2024-12-17 10:41,59,58,96.48,120,11,0.03,30.18,null,10,null,SCT,BKN,OVC,null,500,6500,11000,null,null,null,null,null,null,null,null,59,KHSV 171041Z AUTO 12011KT 10SM SCT005 BKN065 OVC110 15/14 A3018 RMK AO2 RAE39 PRESFR P0003 T01500144 $,null
HSV,2024-12-17 10:53,59,58,96.48,120,6,0.03,30.19,1021.9,10,null,BKN,OVC,null,null,500,11000,null,null,null,null,null,null,null,null,null,59,KHSV 171053Z AUTO 12006KT 10SM BKN005 OVC110 15/14 A3019 RMK AO2 RAE39 SLP219 P0003 T01500144 $,null
HSV,2024-12-17 11:05,59,58,96.48,170,4,0,30.19,null,10,null,BKN,OVC,null,null,400,9000,null,null,null,null,null,null,null,null,null,59,KHSV 171105Z AUTO 17004KT 10SM BKN004 OVC090 15/14 A3019 RMK AO2 T01500144 $,null
HSV,2024-12-17 11:19,59,58,96.48,240,3,0,30.2,null,10,null,SCT,BKN,BKN,null,400,9000,11000,null,null,null,null,null,null,null,null,59,KHSV 171119Z AUTO 24003KT 10SM SCT004 BKN090 BKN110 15/14 A3020 RMK AO2 T01500144 $,null
HSV,2024-12-17 11:45,58,57,96.46,180,4,0,30.21,null,7,null,BKN,OVC,null,null,500,8500,null,null,null,null,null,null,null,null,null,58,KHSV 171145Z 18004KT 7SM BKN005 OVC085 14/14 A3021 RMK AO2 T01440139 $,null
HSV,2024-12-17 11:53,58,58,100,330,10,0,30.24,1023.6,8,null,BKN,OVC,null,null,400,8500,null,null,null,null,null,null,null,null,null,58,KHSV 171153Z 33010KT 8SM BKN004 OVC085 14/14 A3024 RMK AO2 PRESRR SLP236 60049 70067 T01440144 10172 20139 55006 $,null
HSV,2024-12-17 12:53,59,58,96.48,0,0,0,30.26,1024.3,4,null,OVC,null,null,null,400,null,null,null,BR,null,null,null,null,null,null,59,KHSV 171253Z 00000KT 4SM BR OVC004 15/14 A3026 RMK AO2 CIG 002V007 SLP243 T01500144 $,null
HSV,2024-12-17 13:03,59,59,100,310,3,0,30.26,null,4,null,OVC,null,null,null,500,null,null,null,BR,null,null,null,null,null,null,59,KHSV 171303Z 31003KT 4SM BR OVC005 15/15 A3026 RMK AO2 CIG 002V007 T01500150 $,null
HSV,2024-12-17 13:53,59,59,100,0,0,0,30.28,1024.9,3,null,OVC,null,null,null,500,null,null,null,BR,null,null,null,null,null,null,59,KHSV 171353Z 00000KT 3SM BR OVC005 15/15 A3028 RMK AO2 SLP249 T01500150 $,null
HSV,2024-12-17 14:53,60,59,96.49,210,4,0,30.29,1025.4,1.5,null,OVC,null,null,null,500,null,null,null,BR,null,null,null,null,null,null,60,KHSV 171453Z 21004KT 1 1/2SM BR OVC005 16/15 A3029 RMK AO2 SFC VIS 4 SLP254 T01560150 51011 $,null
HSV,2024-12-17 14:58,59,59,100,200,3,0,30.29,null,0.5,null,OVC,null,null,null,400,null,null,null,BR,null,null,null,null,null,null,59,KHSV 171458Z 20003KT 1/2SM R18R/P6000FT BR OVC004 15/15 A3029 RMK AO2 SFC VIS 4 T01500150 $,null
HSV,2024-12-17 15:45,60,59,96.49,210,4,0,30.3,null,1.5,null,OVC,null,null,null,300,null,null,null,BR,null,null,null,null,null,null,60,KHSV 171545Z 21004KT 1 1/2SM BR OVC003 16/15 A3030 RMK AO2 SFC VIS 2 1/2 T01560150,null
HSV,2024-12-17 15:53,60,59,96.49,230,4,0,30.3,1025.9,2,null,OVC,null,null,null,300,null,null,null,BR,null,null,null,null,null,null,60,KHSV 171553Z 23004KT 2SM BR OVC003 16/15 A3030 RMK AO2 SFC VIS 2 1/2 SLP259 T01560150,null
HSV,2024-12-17 16:42,61,60,96.51,240,4,0,30.31,null,4,null,OVC,null,null,null,300,null,null,null,BR,null,null,null,null,null,null,61,KHSV 171642Z 24004KT 4SM BR OVC003 16/16 A3031 RMK AO2 CIG 003V008 T01610156,null
HSV,2024-12-17 16:53,62,60,93.15,240,4,0,30.3,1025.8,7,null,OVC,null,null,null,600,null,null,null,null,null,null,null,null,null,null,62,KHSV 171653Z 24004KT 7SM OVC006 17/16 A3030 RMK AO2 CIG 003V009 SLP258 T01670156,null
HSV,2024-12-17 17:53,65,60,83.84,0,0,0,30.28,1025,10,null,BKN,OVC,null,null,900,2500,null,null,null,null,null,null,null,null,null,65,KHSV 171753Z 00000KT 10SM BKN009 OVC025 18/16 A3028 RMK AO2 SLP250 T01830156 10183 20144 58003,null
HSV,2024-12-17 18:22,64,59,83.78,0,0,0,30.26,null,10,null,BKN,OVC,null,null,1200,2500,null,null,null,null,null,null,null,null,null,64,KHSV 171822Z 00000KT 10SM BKN012 OVC025 18/15 A3026 RMK AO2 T01780150,null
HSV,2024-12-17 18:53,64,59,83.78,0,0,0,30.25,1024,10,null,FEW,BKN,OVC,null,1400,2100,2800,null,null,null,null,null,null,null,null,64,KHSV 171853Z 00000KT 10SM FEW014 BKN021 OVC028 18/15 A3025 RMK AO2 SLP240 T01780150,null
HSV,2024-12-17 19:37,64,59,83.78,0,0,0,30.24,null,10,null,BKN,OVC,null,null,1400,2100,null,null,null,null,null,null,null,null,null,64,KHSV 171937Z 00000KT 10SM BKN014 OVC021 18/15 A3024 RMK AO2 T01780150,null
HSV,2024-12-17 19:53,65,59,80.9,180,3,0,30.24,1023.5,10,null,BKN,OVC,null,null,1600,1800,null,null,null,null,null,null,null,null,null,65,KHSV 171953Z 18003KT 10SM BKN016 OVC018 18/15 A3024 RMK AO2 SLP235 T01830150,null
HSV,2024-12-17 20:53,64,60,86.83,150,7,0,30.23,1023.3,10,null,SCT,BKN,null,null,1800,17000,null,null,null,null,null,null,null,null,null,64,KHSV 172053Z 15007KT 10SM SCT018 BKN170 18/16 A3023 RMK AO2 SLP233 T01780156 56017,null
HSV,2024-12-17 21:53,64,59,83.78,120,4,0,30.23,1023.3,10,null,BKN,BKN,null,null,11000,18000,null,null,null,null,null,null,null,null,null,64,KHSV 172153Z 12004KT 10SM BKN110 BKN180 18/15 A3023 RMK AO2 SLP233 T01780150,null
HSV,2024-12-17 22:53,62,59,89.89,210,3,0,30.25,1024,10,null,SCT,BKN,null,null,10000,19000,null,null,null,null,null,null,null,null,null,62,KHSV 172253Z COR 21003KT 10SM SCT100 BKN190 17/15 A3025 RMK AO2 SLP240 T01670150,null
HSV,2024-12-17 23:53,60,57,89.8,0,0,0,30.25,1024,10,null,FEW,SCT,null,null,7000,19000,null,null,null,null,null,null,null,null,null,60,KHSV 172353Z 00000KT 10SM FEW070 SCT190 16/14 A3025 RMK AO2 SLP240 T01560139 10189 20156 50005,null
HSV,2024-12-18 0:53,58,57,96.46,0,0,0,30.25,1024,10,null,FEW,FEW,null,null,3000,11000,null,null,null,null,null,null,null,null,null,58,KHSV 180053Z 00000KT 10SM FEW030 FEW110 14/14 A3025 RMK AO2 SLP240 T01440139,null
HSV,2024-12-18 1:27,57,56,96.45,150,3,0,30.24,null,1.5,null,CLR,null,null,null,null,null,null,null,BCFG,null,null,null,null,null,null,57,KHSV 180127Z 15003KT 1 1/2SM R18R/4000VP6000FT BCFG CLR 14/13 A3024 RMK AO2 T01390133,null
HSV,2024-12-18 1:36,56,56,100,0,0,0,30.25,null,0.75,null,CLR,null,null,null,null,null,null,null,BCFG,null,null,null,null,null,null,56,KHSV 180136Z 00000KT 3/4SM R18R/P6000FT BCFG CLR 13/13 A3025 RMK AO2 TWR VIS 10 VIS 1/2V2 T01330133,null
HSV,2024-12-18 1:40,57,56,96.45,0,0,0,30.25,null,3,null,CLR,null,null,null,null,null,null,null,BCFG,null,null,null,null,null,null,57,KHSV 180140Z 00000KT 3SM BCFG CLR 14/13 A3025 RMK AO2 TWR VIS 10 VIS NW-SW 1 T01390133,null
HSV,2024-12-18 1:51,55.4,55.4,100,0,0,0,30.25,null,1,null,FEW,null,null,null,2500,null,null,null,BCFG,null,null,null,null,null,null,55.4,KHSV 180151Z 00000KT 1SM R18R/3500VP6000FT BCFG FEW025 13/13 A3025 RMK AO2 TWR VIS 10 VIS NE-SE 1,null
HSV,2024-12-18 1:53,56,56,100,0,0,0,30.25,1024,1,null,FEW,null,null,null,2500,null,null,null,BCFG,null,null,null,null,null,null,56,KHSV 180153Z 00000KT 1SM R18R/3500VP6000FT BCFG FEW025 13/13 A3025 RMK AO2 TWR VIS 10 SLP240 T01330133,null
HSV,2024-12-18 2:05,57,56,96.45,0,0,0,30.25,null,2,null,BKN,null,null,null,2800,null,null,null,BCFG,null,null,null,null,null,null,57,KHSV 180205Z 00000KT 2SM BCFG BKN028 14/13 A3025 RMK AO2 TWR VIS 10 VIS NE-SE 3/4 T01390133,null
HSV,2024-12-18 2:15,55,55,100,0,0,0,30.25,null,0.75,null,SCT,null,null,null,2700,null,null,null,BCFG,null,null,null,null,null,null,55,KHSV 180215Z 00000KT 3/4SM R18R/P6000FT BCFG SCT027 13/13 A3025 RMK AO2 TWR VIS 10 VIS NE-SE 3/4 T01280128,null
HSV,2024-12-18 2:33,58,57,96.46,190,3,0,30.25,null,2,null,FEW,SCT,null,null,1400,2700,null,null,BCFG BR,null,null,null,null,null,null,58,KHSV 180233Z 19003KT 2SM R18R/5000VP6000FT BCFG BR FEW014 SCT027 14/14 A3025 RMK AO2 TWR VIS 10 VIS 3/4V5 VIS NE-SE 3/4 T01440139,null
HSV,2024-12-18 2:41,57,56,96.45,190,3,0,30.24,null,3,null,FEW,null,null,null,1700,null,null,null,BCFG BR,null,null,null,null,null,null,57,KHSV 180241Z 19003KT 3SM BCFG BR FEW017 14/13 A3024 RMK AO2 TWR VIS 10 VIS NE-SE 1 T01390133,null
HSV,2024-12-18 2:53,56,56,100,0,0,0,30.25,1023.9,2.5,null,FEW,null,null,null,1500,null,null,null,BCFG BR,null,null,null,null,null,null,56,KHSV 180253Z 00000KT 2 1/2SM R18R/4500VP6000FT BCFG BR FEW015 13/13 A3025 RMK AO2 TWR VIS 10 SLP239 VIS NE-SE 1 T01330133 58001,null
HSV,2024-12-18 3:00,56,56,100,0,0,0,30.25,null,0.75,null,VV ,null,null,null,1700,null,null,null,BCFG BR,null,null,null,null,null,null,56,KHSV 180300Z COR 00000KT 3/4SM R18R/P6000FT BCFG BR VV017 13/13 A3025 RMK AO2 TWR VIS 10 T01330133,null
HSV,2024-12-18 3:18,55,55,100,0,0,0,30.25,null,1.5,null,BKN,null,null,null,1800,null,null,null,BCFG BR,null,null,null,null,null,null,55,KHSV 180318Z 00000KT 1 1/2SM R18R/3500VP6000FT BCFG BR BKN018 13/13 A3025 RMK AO2 TWR VIS 10 VIS 1V3 T01280128,null
HSV,2024-12-18 3:26,55,55,100,0,0,0,30.25,null,2.5,null,BKN,null,null,null,1600,null,null,null,BCFG BR,null,null,null,null,null,null,55,KHSV 180326Z 00000KT 2 1/2SM BCFG BR BKN016 13/13 A3025 RMK AO2 TWR VIS 10 VIS 1 1/2V5 T01280128,null
HSV,2024-12-18 3:42,56,56,100,70,3,0,30.26,null,7,null,OVC,null,null,null,1600,null,null,null,null,null,null,null,null,null,null,56,KHSV 180342Z 07003KT 7SM OVC016 13/13 A3026 RMK AO2 T01330133,null
HSV,2024-12-18 3:53,56,55,96.43,60,3,0,30.26,1024.4,8,null,BKN,null,null,null,1600,null,null,null,null,null,null,null,null,null,null,56,KHSV 180353Z 06003KT 8SM BKN016 13/13 A3026 RMK AO2 SLP244 T01330128,null
HSV,2024-12-18 4:00,56,55,96.43,80,3,0,30.26,null,1.75,null,BKN,null,null,null,1600,null,null,null,BR,null,null,null,null,null,null,56,KHSV 180400Z 08003KT 1 3/4SM BR BKN016 13/13 A3026 RMK AO2 T01330128,null
HSV,2024-12-18 4:07,55,50,83.2,90,4,0,30.26,null,4,null,BKN,null,null,null,1600,null,null,null,BR,null,null,null,null,null,null,55,KHSV 180407Z COR 09004KT 4SM BR BKN016 13/10 A3026 RMK AO2 T01280100,null
HSV,2024-12-18 4:22,54,53,96.4,100,5,0,30.25,null,2.5,null,BKN,null,null,null,1700,null,null,null,BCFG BR,null,null,null,null,null,null,54,KHSV 180422Z 10005KT 2 1/2SM BCFG BR BKN017 12/12 A3025 RMK AO2 T01220117,null
HSV,2024-12-18 4:25,55,53,92.95,100,5,0,30.25,null,0.75,null,BKN,null,null,null,1700,null,null,null,BCFG BR,null,null,null,null,null,null,55,KHSV 180425Z 10005KT 3/4SM R18R/P6000FT BCFG BR BKN017 13/12 A3025 RMK AO2 T01280117,null
HSV,2024-12-18 4:53,55,54,96.42,100,4,0,30.25,1024.1,3,null,OVC,null,null,null,1600,null,null,null,BCFG BR,null,null,null,null,null,null,55,KHSV 180453Z 10004KT 3SM BCFG BR OVC016 13/12 A3025 RMK AO2 TWR VIS 10 SLP241 T01280122,null
HSV,2024-12-18 5:12,55,54,96.42,110,5,0,30.25,null,3,null,SCT,OVC,null,null,1500,6000,null,null,BCFG BR,null,null,null,null,null,null,55,KHSV 180512Z 11005KT 3SM BCFG BR SCT015 OVC060 13/12 A3025 RMK AO2 TWR VIS 10 T01280122,null
HSV,2024-12-18 5:49,55.4,53.6,93.65,0,0,0,30.24,null,1.75,null,OVC,null,null,null,6000,null,null,null,BR,null,null,null,null,null,null,55.4,KHSV 180549Z 00000KT 1 3/4SM BR OVC060 13/12 A3024 RMK AO2,null
HSV,2024-12-18 5:53,55,54,96.42,0,0,0,30.24,1023.7,1.25,null,OVC,null,null,null,6000,null,null,null,BR,null,null,null,null,null,null,55,KHSV 180553Z 00000KT 1 1/4SM BR OVC060 13/12 A3024 RMK AO2 SLP237 T01280122 10161 20122 401890122 58002,null
HSV,2024-12-18 5:58,55,54,96.42,170,3,0,30.24,null,2,null,FEW,OVC,null,null,600,6000,null,null,BR,null,null,null,null,null,null,55,KHSV 180558Z 17003KT 2SM R18R/3000VP6000FT BR FEW006 OVC060 13/12 A3024 RMK AO2 T01280122,null
HSV,2024-12-18 6:10,55,54,96.42,140,3,0,30.24,null,1,null,SCT,OVC,null,null,600,6000,null,null,BR,null,null,null,null,null,null,55,KHSV 180610Z AUTO 14003KT 1SM R18R/2200V4000FT BR SCT006 OVC060 13/12 A3024 RMK AO2 T01280122,null
HSV,2024-12-18 6:15,55,54,96.42,130,4,0,30.24,null,0.75,null,BKN,OVC,null,null,600,6000,null,null,BR,null,null,null,null,null,null,55,KHSV 180615Z AUTO 13004KT 3/4SM R18R/1800V2400FT BR BKN006 OVC060 13/12 A3024 RMK AO2 T01280122,null
HSV,2024-12-18 6:30,54,54,100,120,5,0,30.23,null,0.25,null,BKN,OVC,null,null,300,6000,null,null,FG,null,null,null,null,null,null,54,KHSV 180630Z AUTO 12005KT 1/4SM R18R/P6000FT FG BKN003 OVC060 12/12 A3023 RMK AO2 T01220122,null
HSV,2024-12-18 6:48,53.6,53.6,100,130,4,0,30.23,null,0.5,null,BKN,OVC,null,null,300,6000,null,null,FG,null,null,null,null,null,null,53.6,KHSV 180648Z AUTO 13004KT 1/2SM R18R/P6000FT FG BKN003 OVC060 12/12 A3023 RMK AO2,null
HSV,2024-12-18 6:53,54,53,96.4,130,4,0,30.22,1023.1,0.5,null,BKN,OVC,null,null,200,5500,null,null,FG,null,null,null,null,null,null,54,KHSV 180653Z AUTO 13004KT 1/2SM R18R/P6000FT FG BKN002 OVC055 12/12 A3022 RMK AO2 SLP231 T01220117,null
HSV,2024-12-18 7:06,55,54,96.42,130,4,0,30.22,null,1,null,SCT,OVC,null,null,200,5000,null,null,BR,null,null,null,null,null,null,55,KHSV 180706Z AUTO 13004KT 1SM R18R/P6000FT BR SCT002 OVC050 13/12 A3022 RMK AO2 T01280122,null
HSV,2024-12-18 7:14,56,55,96.43,140,5,0,30.22,null,3,null,FEW,OVC,null,null,200,5000,null,null,BR,null,null,null,null,null,null,56,KHSV 180714Z AUTO 14005KT 3SM BR FEW002 OVC050 13/13 A3022 RMK AO2 T01330128,null
HSV,2024-12-18 7:53,56,56,100,130,4,0,30.21,1022.7,5,null,OVC,null,null,null,4900,null,null,null,BR,null,null,null,null,null,null,56,KHSV 180753Z AUTO 13004KT 5SM BR OVC049 13/13 A3021 RMK AO2 SLP227 T01330133,null
HSV,2024-12-18 8:53,56,56,100,130,5,0,30.17,1021.4,5,null,FEW,null,null,null,5000,null,null,null,BR,null,null,null,null,null,null,56,KHSV 180853Z AUTO 13005KT 5SM BR FEW050 13/13 A3017 RMK AO2 SLP214 T01330133 58018,null
HSV,2024-12-18 9:32,55,54,96.42,160,5,0,30.16,null,1.75,null,CLR,null,null,null,null,null,null,null,BR,null,null,null,null,null,null,55,KHSV 180932Z AUTO 16005KT 1 3/4SM BR CLR 13/12 A3016 RMK AO2 T01280122,null
HSV,2024-12-18 9:53,56,55,96.43,0,0,0,30.16,1020.9,2.5,null,CLR,null,null,null,null,null,null,null,BR,null,null,null,null,null,null,56,KHSV 180953Z AUTO 00000KT 2 1/2SM BR CLR 13/13 A3016 RMK AO2 SLP209 T01330128,null
HSV,2024-12-18 10:08,55,55,100,0,0,0,30.16,null,4,null,CLR,null,null,null,null,null,null,null,BR,null,null,null,null,null,null,55,KHSV 181008Z AUTO 00000KT 4SM BR CLR 13/13 A3016 RMK AO2 T01280128,null
HSV,2024-12-18 10:21,55,55,100,0,0,0,30.16,null,1.75,null,FEW,null,null,null,4400,null,null,null,BR,null,null,null,null,null,null,55,KHSV 181021Z AUTO 00000KT 1 3/4SM BR FEW044 13/13 A3016 RMK AO2 T01280128,null
HSV,2024-12-18 10:39,57,56,96.45,0,0,0,30.16,null,3,null,BKN,null,null,null,4500,null,null,null,BR,null,null,null,null,null,null,57,KHSV 181039Z AUTO 00000KT 3SM BR BKN045 14/13 A3016 RMK AO2 T01390133,null
HSV,2024-12-18 10:53,57,57,100,150,4,0,30.16,1021.1,6,null,BKN,null,null,null,4300,null,null,null,BR,null,null,null,null,null,null,57,KHSV 181053Z AUTO 15004KT 6SM BR BKN043 14/14 A3016 RMK AO2 SLP211 T01390139,null
HSV,2024-12-18 11:53,59,58,96.48,190,3,0,30.16,1021,10,null,BKN,BKN,null,null,4400,25000,null,null,null,null,null,null,null,null,null,59,KHSV 181153Z 19003KT 10SM BKN044 BKN250 15/14 A3016 RMK AO2 SLP210 T01500144 10150 20117 56004,null
HSV,2024-12-18 12:53,59,58,96.48,170,6,0,30.16,1021,10,null,OVC,null,null,null,4400,null,null,null,null,null,null,null,null,null,null,59,KHSV 181253Z 17006KT 10SM OVC044 15/14 A3016 RMK AO2 SLP210 T01500144,null
HSV,2024-12-18 13:53,63,59,86.77,200,10,0,30.16,1020.9,10,null,BKN,BKN,null,null,4300,25000,null,null,null,null,null,null,null,null,null,63,KHSV 181353Z 20010KT 10SM BKN043 BKN250 17/15 A3016 RMK AO2 SLP209 T01720150,null
HSV,2024-12-18 14:53,65,59,80.9,210,10,0,30.16,1021.1,10,18,FEW,BKN,BKN,null,4000,15000,25000,null,null,null,null,null,null,null,null,65,KHSV 181453Z 21010G18KT 10SM FEW040 BKN150 BKN250 18/15 A3016 RMK AO2 SLP211 T01830150 53001,null
HSV,2024-12-18 15:53,69,60,73.02,220,9,0,30.15,1020.7,10,null,FEW,SCT,SCT,null,6000,16000,25000,null,null,null,null,null,null,null,null,69,KHSV 181553Z 22009KT 10SM FEW060 SCT160 SCT250 21/16 A3015 RMK AO2 SLP207 T02060156,null
HSV,2024-12-18 16:53,68,59,72.92,240,12,0,30.15,1020.5,10,null,FEW,BKN,OVC,null,2400,3500,5500,null,null,null,null,null,null,null,null,68,KHSV 181653Z 24012KT 10SM FEW024 BKN035 OVC055 20/15 A3015 RMK AO2 SLP205 OCNL LTG DSNT W-N CB DSNT W-N T02000150,null
HSV,2024-12-18 17:00,68,59,72.92,240,12,0,30.15,null,10,null,FEW,BKN,OVC,null,2700,3500,5500,null,TS,null,null,null,null,null,null,68,KHSV 181700Z COR 24012KT 10SM TS FEW027 BKN035CB OVC055 20/15 A3015 RMK AO2 TSB00 OCNL LTGICCG VC NW-N TS NW-N MOV E T02000150,null
HSV,2024-12-18 17:12,62,54,75.02,320,16,T,30.18,null,8,33,SCT,BKN,OVC,null,2500,4000,5000,null,#NAME?,null,null,null,33,330,2024-12-18 17:05,62,KHSV 181712Z 32016G33KT 8SM -TSRA SCT025 BKN040CB OVC050 17/12 A3018 RMK AO2 PK WND 33033/1705 WSHFT 1655 RAB07 TSB00 OCNL LTGICCG VC N TS N MOV E P0000 T01670122,null
HSV,2024-12-18 17:31,59,56,89.76,290,7,0.05,30.17,null,2.5,18,FEW,BKN,OVC,null,2500,4800,6500,null,#NAME?,null,null,null,33,330,2024-12-18 17:05,59,KHSV 181731Z 29007G18KT 2 1/2SM +RA BR FEW025 BKN048 OVC065 15/13 A3017 RMK AO2 PK WND 33033/1705 WSHFT 1655 TWR VIS 3 RAB07 TSB00E25 P0005 T01500133,null
HSV,2024-12-18 17:37,59,56,89.76,290,8,0.08,30.18,null,3,null,SCT,OVC,null,null,5000,7000,null,null,RA BR,null,null,null,33,330,2024-12-18 17:05,59,KHSV 181737Z 29008KT 3SM RA BR SCT050 OVC070 15/13 A3018 RMK AO2 PK WND 33033/1705 WSHFT 1655 SFC VIS 4 RAB07 TSB00E25 P0008 T01500133,null
HSV,2024-12-18 17:53,59,57,93.07,270,9,0.09,30.17,1021.5,6,17,FEW,OVC,null,null,1200,6000,null,null,#NAME?,null,null,null,33,330,2024-12-18 17:05,59,KHSV 181753Z 27009G17KT 6SM -RA BR FEW012 OVC060 15/14 A3017 RMK AO2 PK WND 33033/1705 WSHFT 1655 RAB07 TSB00E25 SLP215 P0009 60009 T01500139 10217 20144 53002,null
HSV,2024-12-18 18:40,59,57,93.07,220,5,0.04,30.16,null,10,null,FEW,OVC,null,null,800,7000,null,null,#NAME?,null,null,null,null,null,null,59,KHSV 181840Z 22005KT 10SM -RA FEW008 OVC070 15/14 A3016 RMK AO2 P0004 T01500139,null
HSV,2024-12-18 18:53,59,57,93.07,210,4,0.05,30.16,1020.9,6,null,FEW,OVC,null,null,800,7000,null,null,#NAME?,null,null,null,null,null,null,59,KHSV 181853Z 21004KT 6SM +RA BR FEW008 OVC070 15/14 A3016 RMK AO2 SLP209 P0005 T01500139,null
HSV,2024-12-18 19:53,59,58,96.48,200,6,0.17,30.13,1020.1,7,null,FEW,OVC,null,null,800,8000,null,null,#NAME?,null,null,null,null,null,null,59,KHSV 181953Z 20006KT 7SM -RA FEW008 OVC080 15/14 A3013 RMK AO2 SLP201 P0017 T01500144,null
HSV,2024-12-18 20:53,59,57,93.07,200,5,0.02,30.13,1019.9,10,null,FEW,OVC,null,null,3500,9000,null,null,#NAME?,null,null,null,null,null,null,59,KHSV 182053Z 20005KT 10SM -RA FEW035 OVC090 15/14 A3013 RMK AO2 RAE33B53 SLP199 P0002 60024 T01500139 56014,null
HSV,2024-12-18 21:53,58,57,96.46,230,6,0.05,30.15,1020.6,10,null,SCT,BKN,OVC,null,1700,3100,8500,null,#NAME?,null,null,null,null,null,null,58,KHSV 182153Z 23006KT 10SM -RA SCT017 BKN031 OVC085 14/14 A3015 RMK AO2 SLP206 P0005 T01440139,null
HSV,2024-12-18 22:09,58,57,96.46,250,7,T,30.15,null,10,null,FEW,BKN,OVC,null,1100,1700,2800,null,null,null,null,null,null,null,null,58,KHSV 182209Z 25007KT 10SM FEW011 BKN017 OVC028 14/14 A3015 RMK AO2 RAE2156 P0000 T01440139,null
HSV,2024-12-18 22:12,58,57,96.46,310,11,T,30.15,null,6,null,FEW,BKN,OVC,null,500,1900,3100,null,#NAME?,null,null,null,null,null,null,58,KHSV 182212Z 31011KT 6SM -RA BR FEW005 BKN019 OVC031 14/14 A3015 RMK AO2 RAE2156B11 P0000 T01440139,null
HSV,2024-12-18 22:53,57,54,89.68,330,12,0.02,30.17,1021.3,10,19,BKN,OVC,null,null,1300,2700,null,null,null,null,null,null,null,null,null,57,KHSV 182253Z 33012G19KT 10SM BKN013 OVC027 14/12 A3017 RMK AO2 RAE2156B11E29 SLP213 P0002 T01390122,null
HSV,2024-12-18 23:19,55,53,92.95,350,14,0,30.19,null,10,20,BKN,OVC,null,null,900,1600,null,null,null,null,null,null,null,null,null,55,KHSV 182319Z 35014G20KT 10SM BKN009 OVC016 13/12 A3019 RMK AO2 T01280117,null
HSV,2024-12-18 23:53,52,49,89.46,340,14,0,30.2,1022.4,10,25,BKN,OVC,null,null,1000,1500,null,null,null,null,null,null,null,null,null,52,KHSV 182353Z 34014G25KT 10SM BKN010 OVC015 11/09 A3020 RMK AO2 CIG 008V013 SLP224 60031 T01110094 10150 20111 53024,null
HSV,2024-12-19 0:09,51,49,92.83,360,13,0,30.21,null,9,22,OVC,null,null,null,800,null,null,null,null,null,null,null,null,null,null,51,KHSV 190009Z 36013G22KT 9SM OVC008 11/09 A3021 RMK AO2 CIG 006V012 T01060094,null
HSV,2024-12-19 0:53,50,47,89.37,350,13,0,30.24,1023.7,10,20,BKN,OVC,null,null,1000,3600,null,null,null,null,null,null,null,null,null,50,KHSV 190053Z 35013G20KT 10SM BKN010 OVC036 10/08 A3024 RMK AO2 CIG 008V012 SLP237 T01000083,null
HSV,2024-12-19 1:04,49,46,89.33,350,13,0,30.24,null,10,null,OVC,null,null,null,900,null,null,null,null,null,null,null,null,null,null,43.35,KHSV 190104Z 35013KT 10SM OVC009 09/08 A3024 RMK AO2 CIG 007V012 T00940078,null
HSV,2024-12-19 1:50,46.4,44.6,93.4,360,11,0,30.26,null,10,19,OVC,null,null,null,1100,null,null,null,null,null,null,null,null,null,null,40.66,KHSV 190150Z 36011G19KT 10SM OVC011 08/07 A3026 RMK AO2,null
HSV,2024-12-19 1:53,47,44,89.24,360,10,0,30.26,1024.6,10,null,OVC,null,null,null,1100,null,null,null,null,null,null,null,null,null,null,41.78,KHSV 190153Z 36010KT 10SM OVC011 08/07 A3026 RMK AO2 SLP246 T00830067,null
HSV,2024-12-19 2:35,48,42,79.6,10,14,0,30.27,null,10,26,OVC,null,null,null,1500,null,null,null,null,null,null,null,27,10,2024-12-19 2:18,41.79,KHSV 190235Z 01014G26KT 10SM OVC015 09/06 A3027 RMK AO2 PK WND 01027/0218 T00890056,null
HSV,2024-12-19 2:53,47,42,82.65,360,13,0,30.27,1024.9,10,24,OVC,null,null,null,1600,null,null,null,null,null,null,null,27,10,2024-12-19 2:18,40.79,KHSV 190253Z 36013G24KT 10SM OVC016 08/06 A3027 RMK AO2 PK WND 01027/0218 SLP249 T00830056 51012,null
HSV,2024-12-19 3:53,47,41,79.52,40,15,0,30.28,1025,10,22,OVC,null,null,null,1900,null,null,null,null,null,null,null,null,null,null,40.23,KHSV 190353Z 04015G22KT 10SM OVC019 08/05 A3028 RMK AO2 SLP250 T00830050,null
HSV,2024-12-19 4:53,47,39,73.57,20,13,0,30.27,1024.7,10,18,OVC,null,null,null,2300,null,null,null,null,null,null,null,null,null,null,40.79,KHSV 190453Z 02013G18KT 10SM OVC023 08/04 A3027 RMK AO2 SLP247 T00830039,null
HSV,2024-12-19 5:53,46,39,76.4,10,11,0,30.27,1024.8,10,null,OVC,null,null,null,2200,null,null,null,null,null,null,null,null,null,null,40.16,KHSV 190553Z 01011KT 10SM OVC022 08/04 A3027 RMK AO2 SLP248 T00780039 10111 20078 402170078 58002,null
HSV,2024-12-19 6:53,45,39,79.36,10,7,0,30.26,1024.6,10,null,OVC,null,null,null,2300,null,null,null,null,null,null,null,null,null,null,40.63,KHSV 190653Z AUTO 01007KT 10SM OVC023 07/04 A3026 RMK AO2 SLP246 T00720039,null
HSV,2024-12-19 7:53,45,38,76.31,40,9,0,30.25,1024.2,10,null,OVC,null,null,null,1900,null,null,null,null,null,null,null,null,null,null,39.68,KHSV 190753Z AUTO 04009KT 10SM OVC019 07/03 A3025 RMK AO2 SLP242 T00720033,null
HSV,2024-12-19 8:53,45,38,76.31,30,8,0,30.25,1024.4,10,null,OVC,null,null,null,1900,null,null,null,null,null,null,null,null,null,null,40.13,KHSV 190853Z AUTO 03008KT 10SM OVC019 07/03 A3025 RMK AO2 SLP244 T00720033 55004,null
HSV,2024-12-19 9:53,44,37,76.22,20,9,0,30.28,1025.2,10,null,OVC,null,null,null,2100,null,null,null,null,null,null,null,null,null,null,38.44,KHSV 190953Z AUTO 02009KT 10SM OVC021 07/03 A3028 RMK AO2 SLP252 T00670028,null
HSV,2024-12-19 10:53,44,37,76.22,30,10,0,30.28,1025.3,10,null,OVC,null,null,null,2000,null,null,null,null,null,null,null,null,null,null,38.02,KHSV 191053Z AUTO 03010KT 10SM OVC020 07/03 A3028 RMK AO2 SLP253 T00670028,null
HSV,2024-12-19 11:53,44,37,76.22,20,9,0,30.28,1025.3,10,null,OVC,null,null,null,2200,null,null,null,null,null,null,null,null,null,null,38.44,KHSV 191153Z 02009KT 10SM OVC022 07/03 A3028 RMK AO2 SLP253 70040 T00670028 10078 20067 50007,null
HSV,2024-12-19 12:53,43,37,79.19,10,8,0,30.3,1026.1,10,null,OVC,null,null,null,2100,null,null,null,null,null,null,null,null,null,null,37.66,KHSV 191253Z 01008KT 10SM OVC021 06/03 A3030 RMK AO2 SLP261 T00610028,null
HSV,2024-12-19 13:53,44,37,76.22,40,7,0,30.3,1026,10,null,OVC,null,null,null,1900,null,null,null,null,null,null,null,null,null,null,39.41,KHSV 191353Z 04007KT 10SM OVC019 07/03 A3030 RMK AO2 SLP260 T00670028,null
HSV,2024-12-19 14:53,44,37,76.22,20,7,0,30.31,1026.5,10,null,OVC,null,null,null,1900,null,null,null,null,null,null,null,null,null,null,39.41,KHSV 191453Z 02007KT 10SM OVC019 07/03 A3031 RMK AO2 SLP265 T00670028 51010,null
HSV,2024-12-19 15:53,44,37,76.22,350,8,0,30.31,1026.5,10,null,OVC,null,null,null,1900,null,null,null,null,null,null,null,null,null,null,38.9,KHSV 191553Z 35008KT 10SM OVC019 07/03 A3031 RMK AO2 SLP265 T00670028,null
HSV,2024-12-19 16:53,45,37,73.37,null,5,0,30.29,1025.9,10,null,BKN,null,null,null,2000,null,null,null,null,null,null,null,null,null,null,41.83,KHSV 191653Z VRB05KT 10SM BKN020 07/03 A3029 RMK AO2 SLP259 T00720028,null
HSV,2024-12-19 17:53,47,37,68.02,310,4,0,30.26,1024.6,10,null,BKN,null,null,null,2100,null,null,null,null,null,null,null,null,null,null,44.94,KHSV 191753Z 31004KT 10SM BKN021 08/03 A3026 RMK AO2 SLP246 T00830028 10083 20061 58017,null
HSV,2024-12-19 18:03,47,37,68.02,320,6,0,30.25,null,10,null,SCT,null,null,null,2200,null,null,null,null,null,null,null,null,null,null,43.6,KHSV 191803Z 32006KT 10SM SCT022 08/03 A3025 RMK AO2 T00830028,null
HSV,2024-12-19 18:53,48,37,65.51,0,0,0,30.21,1022.9,10,null,FEW,FEW,null,null,2200,25000,null,null,null,null,null,null,null,null,null,48,KHSV 191853Z 00000KT 10SM FEW022 FEW250 09/03 A3021 RMK AO2 SLP229 T00890028,null
HSV,2024-12-19 19:53,49,37,63.1,310,5,0,30.2,1022.6,10,null,FEW,FEW,null,null,2300,25000,null,null,null,null,null,null,null,null,null,46.58,KHSV 191953Z 31005KT 10SM FEW023 FEW250 09/03 A3020 RMK AO2 SLP226 T00940028,null
HSV,2024-12-19 20:53,51,37,58.58,0,0,0,30.19,1022.2,10,null,FEW,null,null,null,25000,null,null,null,null,null,null,null,null,null,null,51,KHSV 192053Z 00000KT 10SM FEW250 11/03 A3019 RMK AO2 SLP222 T01060028 56024,null
HSV,2024-12-19 21:53,49,37,63.1,300,3,0,30.18,1022,10,null,FEW,null,null,null,25000,null,null,null,null,null,null,null,null,null,null,48.12,KHSV 192153Z 30003KT 10SM FEW250 09/03 A3018 RMK AO2 SLP220 T00940028,null
HSV,2024-12-19 22:53,47,37,68.02,0,0,0,30.18,1022.2,10,null,FEW,null,null,null,25000,null,null,null,null,null,null,null,null,null,null,47,KHSV 192253Z 00000KT 10SM FEW250 08/03 A3018 RMK AO2 SLP222 T00830028,null
HSV,2024-12-19 23:53,43,38,82.37,0,0,0,30.18,1022.1,10,null,CLR,null,null,null,null,null,null,null,null,null,null,null,null,null,null,43,KHSV 192353Z 00000KT 10SM CLR 06/03 A3018 RMK AO2 SLP221 T00610033 10106 20061 56002,null
HSV,2024-12-20 0:53,44,38,79.27,0,0,0,30.18,1022.2,10,null,CLR,null,null,null,null,null,null,null,null,null,null,null,null,null,null,44,KHSV 200053Z 00000KT 10SM CLR 07/03 A3018 RMK AO2 SLP222 T00670033,null
HSV,2024-12-20 1:53,40,37,88.92,0,0,0,30.19,1022.3,10,null,CLR,null,null,null,null,null,null,null,null,null,null,null,null,null,null,40,KHSV 200153Z 00000KT 10SM CLR 04/03 A3019 RMK AO2 SLP223 T00440028,null
HSV,2024-12-20 2:53,40,37,88.92,0,0,0,30.18,1022.2,10,null,CLR,null,null,null,null,null,null,null,null,null,null,null,null,null,null,40,KHSV 200253Z 00000KT 10SM CLR 04/03 A3018 RMK AO2 SLP222 T00440028 50000,null
HSV,2024-12-20 3:53,37,35,92.39,0,0,0,30.18,1022.3,10,null,CLR,null,null,null,null,null,null,null,null,null,null,null,null,null,null,37,KHSV 200353Z 00000KT 10SM CLR 03/02 A3018 RMK AO2 SLP223 T00280017,null
HSV,2024-12-20 4:53,36,32,85.23,0,0,0,30.18,1022.1,7,null,CLR,null,null,null,null,null,null,null,null,null,null,null,null,null,null,36,KHSV 200453Z 00000KT 7SM CLR 02/00 A3018 RMK AO2 SLP221 T00220000,null
HSV,2024-12-20 5:19,34,32,92.29,170,4,0,30.16,null,10,null,CLR,null,null,null,null,null,null,null,null,null,null,null,null,null,null,29.76,KHSV 200519Z COR 17004KT 10SM CLR 01/00 A3016 RMK AO2 T00110000,null
HSV,2024-12-20 5:27,35,32,88.68,170,4,0,30.15,null,10,null,CLR,null,null,null,null,null,null,null,null,null,null,null,null,null,null,30.92,KHSV 200527Z 17004KT 10SM CLR 02/00 A3015 RMK AO2 T00170000,null
HSV,2024-12-20 5:53,35,32,88.68,0,0,0,30.16,1021.4,9,null,CLR,null,null,null,null,null,null,null,null,null,null,null,null,null,null,35,KHSV 200553Z 00000KT 9SM CLR 02/00 A3016 RMK AO2 SLP214 T00170000 10067 20011 401060011 58008,null
HSV,2024-12-20 6:53,35,32,88.68,0,0,0,30.16,1021.5,2.5,null,CLR,null,null,null,null,null,null,null,BR,null,null,null,null,null,null,35,KHSV 200653Z AUTO 00000KT 2 1/2SM BR CLR 02/00 A3016 RMK AO2 VIS 1V5 SLP215 T00170000,null
HSV,2024-12-20 7:00,35,32,88.68,0,0,0,30.16,null,8,null,CLR,null,null,null,null,null,null,null,null,null,null,null,null,null,null,35,KHSV 200700Z AUTO 00000KT 8SM CLR 02/00 A3016 RMK AO2 T00170000,null
HSV,2024-12-20 7:14,34,32,92.29,0,0,0,30.15,null,1.75,null,CLR,null,null,null,null,null,null,null,BR,null,null,null,null,null,null,34,KHSV 200714Z AUTO 00000KT 1 3/4SM R18R/4000VP6000FT BR CLR 01/00 A3015 RMK AO2 T00110000,null
HSV,2024-12-20 7:18,34,32,92.29,0,0,0,30.16,null,1,null,VV ,null,null,null,300,null,null,null,BR,null,null,null,null,null,null,34,KHSV 200718Z AUTO 00000KT 1SM R18R/4000VP6000FT BR VV003 01/00 A3016 RMK AO2 T00110000,null
HSV,2024-12-20 7:24,34,32,92.29,0,0,0,30.15,null,2.5,null,FEW,null,null,null,300,null,null,null,BR,null,null,null,null,null,null,34,KHSV 200724Z AUTO 00000KT 2 1/2SM BR FEW003 01/00 A3015 RMK AO2 T00110000,null
HSV,2024-12-20 7:31,35,32,88.68,0,0,0,30.17,null,7,null,CLR,null,null,null,null,null,null,null,null,T,null,null,null,null,null,35,KHSV 200731Z AUTO 00000KT 7SM CLR 02/00 A3017 RMK AO2 I1000 T00170000,null
HSV,2024-12-20 7:53,34,32,92.29,160,5,0,30.15,1021.2,8,null,CLR,null,null,null,null,null,null,null,null,T,null,null,null,null,null,28.77,KHSV 200753Z AUTO 16005KT 8SM CLR 01/00 A3015 RMK AO2 SLP212 I1000 T00110000,null
HSV,2024-12-20 8:53,33,32,96.06,120,3,0,30.13,1020.4,8,null,CLR,null,null,null,null,null,null,null,null,null,T,null,null,null,null,29.83,KHSV 200853Z AUTO 12003KT 8SM CLR 01/00 A3013 RMK AO2 SLP204 I3000 T00060000 58011,null
HSV,2024-12-20 9:53,33,32,96.06,0,0,0,30.11,1019.7,8,null,CLR,null,null,null,null,null,null,null,null,null,null,null,null,null,null,33,KHSV 200953Z AUTO 00000KT 8SM CLR 01/00 A3011 RMK AO2 SLP197 T00060000,null
HSV,2024-12-20 10:53,31,30,96.02,130,5,0,30.11,1019.7,9,null,CLR,null,null,null,null,null,null,null,null,null,null,null,null,null,null,25.21,KHSV 201053Z AUTO 13005KT 9SM CLR M01/M01 A3011 RMK AO2 SLP197 T10061011,null
HSV,2024-12-20 11:53,31,31,100,130,3,0,30.09,1019.3,9,null,CLR,null,null,null,null,null,null,null,null,null,null,T,null,null,null,27.55,KHSV 201153Z 13003KT 9SM CLR M01/M01 A3009 RMK AO2 SLP193 I6000 T10061006 10022 21006 56012,null
HSV,2024-12-20 12:53,32,31,96.04,0,0,0,30.1,1019.6,7,null,CLR,null,null,null,null,null,null,null,BCFG,null,null,null,null,null,null,32,KHSV 201253Z COR 00000KT 7SM BCFG CLR 00/M01 A3010 RMK AO2 SLP196 T00001006,null
HSV,2024-12-20 13:53,35,32,88.68,0,0,0,30.11,1019.9,9,null,CLR,null,null,null,null,null,null,null,null,null,null,null,null,null,null,35,KHSV 201353Z 00000KT 9SM CLR 02/00 A3011 RMK AO2 SLP199 T00170000,null
HSV,2024-12-20 14:53,43,32,64.88,290,7,0,30.12,1020.1,10,null,CLR,null,null,null,null,null,null,null,null,null,null,null,null,null,null,38.19,KHSV 201453Z 29007KT 10SM CLR 06/00 A3012 RMK AO2 SLP201 T00610000 52009,null
HSV,2024-12-20 15:53,46,32,57.87,310,14,0,30.13,1020.3,10,20,SCT,null,null,null,1900,null,null,null,null,null,null,null,null,null,null,39.21,KHSV 201553Z 31014G20KT 10SM SCT019 08/00 A3013 RMK AO2 SLP203 T00780000,null
HSV,2024-12-20 16:41,47,32,55.73,320,12,0,30.13,null,10,null,BKN,null,null,null,2700,null,null,null,null,null,null,null,null,null,null,41.09,KHSV 201641Z 32012KT 10SM BKN027 08/00 A3013 RMK AO2 T00830000,null
HSV,2024-12-20 16:53,46,32,57.87,320,13,0,30.13,1020.5,10,21,BKN,null,null,null,2900,null,null,null,null,null,null,null,null,null,null,39.5,KHSV 201653Z 32013G21KT 10SM BKN029 08/00 A3013 RMK AO2 SLP205 T00780000,null
HSV,2024-12-20 17:40,48,32,53.67,310,12,0,30.11,null,10,21,BKN,null,null,null,3100,null,null,null,null,null,null,null,null,null,null,42.37,KHSV 201740Z 31012G21KT 10SM BKN031 09/00 A3011 RMK AO2 T00890000,null
HSV,2024-12-20 17:53,47,32,55.73,300,12,0,30.12,1020,10,23,BKN,null,null,null,3300,null,null,null,null,null,null,null,null,null,null,41.09,KHSV 201753Z 30012G23KT 10SM BKN033 08/00 A3012 RMK AO2 SLP200 T00830000 10094 21006 58001,null
HSV,2024-12-20 18:53,44,31,59.97,340,19,0,30.16,1021.4,10,30,BKN,null,null,null,3600,null,null,null,null,null,null,null,30,340,2024-12-20 18:49,35.31,KHSV 201853Z 34019G30KT 10SM BKN036 07/M01 A3016 RMK AO2 PK WND 34030/1849 SLP214 T00671006,null
HSV,2024-12-20 19:53,41,27,57.15,340,15,0,30.2,1022.9,10,22,BKN,null,null,null,3400,null,null,null,null,null,null,null,26,330,2024-12-20 18:54,32.45,KHSV 201953Z 34015G22KT 10SM BKN034 05/M03 A3020 RMK AO2 PK WND 33026/1854 SLP229 T00501028,null
HSV,2024-12-20 20:53,40,27,59.41,340,13,0,30.23,1024,10,22,OVC,null,null,null,3700,null,null,null,null,null,null,null,null,null,null,31.82,KHSV 202053Z 34013G22KT 10SM OVC037 04/M03 A3023 RMK AO2 SLP240 T00441028 51038,null
HSV,2024-12-20 21:53,39,27,61.78,350,11,0,30.26,1025,10,null,OVC,null,null,null,3900,null,null,null,null,null,null,null,null,null,null,31.31,KHSV 202153Z 35011KT 10SM OVC039 04/M03 A3026 RMK AO2 SLP250 T00391028,null
HSV,2024-12-20 22:53,38,26,61.64,330,14,0,30.29,1025.9,10,19,OVC,null,null,null,3600,null,null,null,null,null,null,null,null,null,null,28.9,KHSV 202253Z 33014G19KT 10SM OVC036 03/M03 A3029 RMK AO2 SLP259 T00331033,null
HSV,2024-12-20 23:53,37,26,64.11,340,12,0,30.3,1026.5,10,19,OVC,null,null,null,3200,null,null,null,null,null,null,null,null,null,null,28.37,KHSV 202353Z 34012G19KT 10SM OVC032 03/M03 A3030 RMK AO2 SLP265 T00281033 10083 20028 51023,null
HSV,2024-12-21 0:53,36,26,66.69,340,11,0,30.3,1026.5,10,null,OVC,null,null,null,3100,null,null,null,null,null,null,null,null,null,null,27.52,KHSV 210053Z 34011KT 10SM OVC031 02/M03 A3030 RMK AO2 SLP265 T00221033,null
HSV,2024-12-21 1:53,36,26,66.69,330,8,0,30.31,1026.6,10,null,BKN,OVC,null,null,3300,4100,null,null,null,null,null,null,null,null,null,29.04,KHSV 210153Z 33008KT 10SM BKN033 OVC041 02/M03 A3031 RMK AO2 SLP266 T00221033,null
HSV,2024-12-21 2:53,36,26,66.69,360,9,0,30.31,1026.5,10,null,OVC,null,null,null,3000,null,null,null,null,null,null,null,null,null,null,28.49,KHSV 210253Z 36009KT 10SM OVC030 02/M03 A3031 RMK AO2 SLP265 T00221033 51003,null
HSV,2024-12-21 3:53,36,25,63.98,350,9,0,30.31,1026.4,10,null,OVC,null,null,null,2900,null,null,null,null,null,null,null,null,null,null,28.49,KHSV 210353Z 35009KT 10SM OVC029 02/M04 A3031 RMK AO2 SLP264 T00221039,null
HSV,2024-12-21 4:13,36,25,63.98,360,9,0,30.3,null,10,null,OVC,null,null,null,3000,null,null,null,null,null,null,null,null,null,null,28.49,KHSV 210413Z 36009KT 10SM OVC030 02/M04 A3030 RMK AO2 T00221039,null
HSV,2024-12-21 4:53,36,25,63.98,20,13,0,30.29,1026,10,19,OVC,null,null,null,3100,null,null,null,null,null,null,null,null,null,null,26.69,KHSV 210453Z 02013G19KT 10SM OVC031 02/M04 A3029 RMK AO2 SLP260 T00221039,null
HSV,2024-12-21 5:14,36,25,63.98,10,13,0,30.29,null,10,null,OVC,null,null,null,2900,null,null,null,null,null,null,null,null,null,null,26.69,KHSV 210514Z AUTO 01013KT 10SM OVC029 02/M04 A3029 RMK AO2 T00221039,null
HSV,2024-12-21 5:28,36,25,63.98,360,10,0,30.29,null,10,17,OVC,null,null,null,3000,null,null,null,null,null,null,null,null,null,null,27.98,KHSV 210528Z AUTO 36010G17KT 10SM OVC030 02/M04 A3029 RMK AO2 T00221039,null
HSV,2024-12-21 5:53,36,26,66.69,350,10,0,30.29,1026,10,null,OVC,null,null,null,2900,null,null,null,null,null,null,null,null,null,null,27.98,KHSV 210553Z AUTO 35010KT 10SM OVC029 02/M03 A3029 RMK AO2 SLP260 T00221033 10028 20022 400941006 56005,null
HSV,2024-12-21 6:30,36,26,66.69,350,9,0,30.29,null,10,null,SCT,OVC,null,null,2900,3600,null,null,null,null,null,null,null,null,null,28.49,KHSV 210630Z AUTO 35009KT 10SM SCT029 OVC036 02/M03 A3029 RMK AO2 T00221033,null
HSV,2024-12-21 6:53,36,26,66.69,340,10,0,30.29,1026,10,null,OVC,null,null,null,3600,null,null,null,null,null,null,null,null,null,null,27.98,KHSV 210653Z AUTO 34010KT 10SM OVC036 02/M03 A3029 RMK AO2 SLP260 T00221033,null
HSV,2024-12-21 7:53,35,27,72.32,330,8,0,30.3,1026.4,10,null,OVC,null,null,null,3800,null,null,null,null,null,null,null,null,null,null,27.81,KHSV 210753Z AUTO 33008KT 10SM OVC038 02/M03 A3030 RMK AO2 SLP264 T00171028,null
HSV,2024-12-21 8:53,35,27,72.32,340,8,0,30.33,1027.3,10,null,OVC,null,null,null,4000,null,null,null,null,null,null,null,null,null,null,27.81,KHSV 210853Z AUTO 34008KT 10SM OVC040 02/M03 A3033 RMK AO2 SLP273 T00171028 53012,null
HSV,2024-12-21 9:53,33,27,78.34,360,6,0,30.32,1027.2,10,null,FEW,null,null,null,4000,null,null,null,null,null,null,null,null,null,null,26.73,KHSV 210953Z AUTO 36006KT 10SM FEW040 01/M03 A3032 RMK AO2 SLP272 T00061028,null
HSV,2024-12-21 10:53,32,27,81.55,330,3,0,30.33,1027.4,10,null,SCT,null,null,null,3700,null,null,null,null,null,null,null,null,null,null,28.69,KHSV 211053Z AUTO 33003KT 10SM SCT037 00/M03 A3033 RMK AO2 SLP274 T00001028,null
HSV,2024-12-21 11:53,32,27,81.55,20,3,0,30.34,1027.8,10,null,CLR,null,null,null,null,null,null,null,null,null,null,null,null,null,null,28.69,KHSV 211153Z 02003KT 10SM CLR 00/M03 A3034 RMK AO2 SLP278 T00001028 10022 20000 53004,null
HSV,2024-12-21 12:53,31,27,84.92,20,3,0,30.36,1028.6,10,null,SCT,null,null,null,3700,null,null,null,null,null,null,null,null,null,null,27.55,KHSV 211253Z 02003KT 10SM SCT037 M01/M03 A3036 RMK AO2 SLP286 T10061028,null
HSV,2024-12-21 13:53,34,28,78.43,350,6,0,30.37,1028.7,10,null,CLR,null,null,null,null,null,null,null,null,null,null,null,null,null,null,27.94,KHSV 211353Z 35006KT 10SM CLR 01/M02 A3037 RMK AO2 SLP287 T00111022,null
HSV,2024-12-21 14:53,36,28,72.43,360,7,0,30.4,1029.7,10,null,BKN,null,null,null,3400,null,null,null,null,null,null,null,null,null,null,29.65,KHSV 211453Z 36007KT 10SM BKN034 02/M02 A3040 RMK AO2 SLP297 T00221022 53019,null
HSV,2024-12-21 15:51,37.4,28.4,69.67,20,13,0,30.4,null,10,null,BKN,OVC,null,null,2800,3300,null,null,null,null,null,null,null,null,null,28.49,KHSV 211551Z 02013KT 10SM BKN028 OVC033 03/M02 A3040 RMK AO2,null
HSV,2024-12-21 15:53,37,28,69.63,20,13,0,30.4,1029.9,10,null,OVC,null,null,null,2800,null,null,null,null,null,null,null,null,null,null,27.97,KHSV 211553Z 02013KT 10SM OVC028 03/M02 A3040 RMK AO2 SLP299 T00281022,null
HSV,2024-12-21 16:53,38,28,66.94,30,8,0,30.38,1029.2,10,null,OVC,null,null,null,2600,null,null,null,null,null,null,null,null,null,null,31.5,KHSV 211653Z 03008KT 10SM OVC026 03/M02 A3038 RMK AO2 SLP292 T00331022,null
HSV,2024-12-21 17:53,37,27,66.82,10,11,0,30.36,1028.5,10,null,OVC,null,null,null,2600,null,null,null,null,null,null,null,null,null,null,28.79,KHSV 211753Z 01011KT 10SM OVC026 03/M03 A3036 RMK AO2 SLP285 T00281028 10033 21006 58014,null
HSV,2024-12-21 18:53,37,27,66.82,360,10,0,30.35,1028,10,null,OVC,null,null,null,2600,null,null,null,null,null,null,null,null,null,null,29.24,KHSV 211853Z 36010KT 10SM OVC026 03/M03 A3035 RMK AO2 SLP280 T00281028,null
HSV,2024-12-21 19:53,38,27,64.24,10,10,0,30.34,1027.8,10,null,OVC,null,null,null,2800,null,null,null,null,null,null,null,null,null,null,30.49,KHSV 211953Z 01010KT 10SM OVC028 03/M03 A3034 RMK AO2 SLP278 T00331028,null
HSV,2024-12-21 20:53,38,27,64.24,10,8,0,30.34,1027.6,10,null,OVC,null,null,null,2900,null,null,null,null,null,null,null,null,null,null,31.5,KHSV 212053Z 01008KT 10SM OVC029 03/M03 A3034 RMK AO2 SLP276 T00331028 56008,null
HSV,2024-12-21 21:36,37,26,64.11,30,12,0,30.35,null,10,null,OVC,null,null,null,3000,null,null,null,null,null,null,null,null,null,null,28.37,KHSV 212136Z 03012KT 10SM OVC030 03/M03 A3035 RMK AO2 T00281033,null
HSV,2024-12-21 21:53,37,26,64.11,360,11,0,30.35,1028,10,null,BKN,null,null,null,3000,null,null,null,null,null,null,null,null,null,null,28.79,KHSV 212153Z 36011KT 10SM BKN030 03/M03 A3035 RMK AO2 SLP280 T00281033,null
HSV,2024-12-21 22:12,37,26,64.11,30,11,0,30.34,null,10,null,BKN,null,null,null,2900,null,null,null,null,null,null,null,null,null,null,28.79,KHSV 212212Z 03011KT 10SM BKN029 03/M03 A3034 RMK AO2 T00281033,null
HSV,2024-12-21 22:53,36,26,66.69,360,9,0,30.36,1028.6,10,null,BKN,null,null,null,2900,null,null,null,null,null,null,null,null,null,null,28.49,KHSV 212253Z 36009KT 10SM BKN029 02/M03 A3036 RMK AO2 SLP286 T00221033,null
HSV,2024-12-21 23:12,35,25,66.57,20,10,0,30.37,null,10,null,FEW,null,null,null,2800,null,null,null,null,null,null,null,null,null,null,26.73,KHSV 212312Z 02010KT 10SM FEW028 02/M04 A3037 RMK AO2 T00171039,null
HSV,2024-12-21 23:53,34,25,69.28,360,3,0,30.36,1028.4,10,null,CLR,null,null,null,null,null,null,null,null,null,null,null,null,null,null,30.97,KHSV 212353Z 36003KT 10SM CLR 01/M04 A3036 RMK AO2 SLP284 T00111039 10033 20011 50007,null
HSV,2024-12-22 0:53,32,25,75.07,310,3,0,30.35,1028.2,10,null,CLR,null,null,null,null,null,null,null,null,null,null,null,null,null,null,28.69,KHSV 220053Z 31003KT 10SM CLR 00/M04 A3035 RMK AO2 SLP282 T00001039,null
HSV,2024-12-22 1:53,31,25,78.16,330,3,0,30.36,1028.3,10,null,CLR,null,null,null,null,null,null,null,null,null,null,null,null,null,null,27.55,KHSV 220153Z 33003KT 10SM CLR M01/M04 A3036 RMK AO2 SLP283 T10061039,null
HSV,2024-12-22 2:53,31,24,74.97,350,3,0,30.36,1028.4,10,null,CLR,null,null,null,null,null,null,null,null,null,null,null,null,null,null,27.55,KHSV 220253Z 35003KT 10SM CLR M01/M04 A3036 RMK AO2 SLP284 T10061044 55001,null
HSV,2024-12-22 3:53,30,24,78.07,0,0,0,30.37,1028.7,10,null,CLR,null,null,null,null,null,null,null,null,null,null,null,null,null,null,30,KHSV 220353Z 00000KT 10SM CLR M01/M04 A3037 RMK AO2 SLP287 T10111044,null
HSV,2024-12-22 4:53,28,25,88.33,340,3,0,30.35,1028.3,10,null,CLR,null,null,null,null,null,null,null,null,null,null,null,null,null,null,24.12,KHSV 220453Z 34003KT 10SM CLR M02/M04 A3035 RMK AO2 SLP283 T10221039,null
HSV,2024-12-22 5:53,29,24,81.32,340,3,0,30.35,1028.1,10,null,CLR,null,null,null,null,null,null,null,null,null,null,null,null,null,null,25.26,KHSV 220553Z 34003KT 10SM CLR M02/M04 A3035 RMK AO2 SLP281 T10171044 10011 21022 400331022 58003,null
HSV,2024-12-22 6:53,29,24,81.32,350,4,0,30.34,1027.9,10,null,CLR,null,null,null,null,null,null,null,null,null,null,null,null,null,null,23.92,KHSV 220653Z AUTO 35004KT 10SM CLR M02/M04 A3034 RMK AO2 SLP279 T10171044,null
HSV,2024-12-22 7:53,28,23,81.25,350,4,0,30.35,1028.2,10,null,CLR,null,null,null,null,null,null,null,null,null,null,null,null,null,null,22.75,KHSV 220753Z AUTO 35004KT 10SM CLR M02/M05 A3035 RMK AO2 SLP282 T10221050,null
HSV,2024-12-22 8:53,27,23,84.66,330,4,0,30.37,1028.9,10,null,CLR,null,null,null,null,null,null,null,null,null,null,null,null,null,null,21.58,KHSV 220853Z AUTO 33004KT 10SM CLR M03/M05 A3037 RMK AO2 SLP289 T10281050 53008,null
HSV,2024-12-22 9:53,26,23,88.23,10,4,0,30.37,1028.7,10,null,CLR,null,null,null,null,null,null,null,null,null,null,null,null,null,null,20.41,KHSV 220953Z AUTO 01004KT 10SM CLR M03/M05 A3037 RMK AO2 SLP287 T10331050,null
HSV,2024-12-22 10:53,26,22,84.59,30,4,0,30.37,1029,10,null,CLR,null,null,null,null,null,null,null,null,null,null,null,null,null,null,20.41,KHSV 221053Z AUTO 03004KT 10SM CLR M03/M06 A3037 RMK AO2 SLP290 T10331056,null
HSV,2024-12-22 11:53,27,22,81.17,0,0,0,30.4,1029.8,10,null,CLR,null,null,null,null,null,null,null,null,null,null,null,null,null,null,27,KHSV 221153Z 00000KT 10SM CLR M03/M06 A3040 RMK AO2 SLP298 T10281056 11017 21033 53008,null
HSV,2024-12-22 12:53,25,22,88.18,0,0,0,30.41,1030.4,10,null,CLR,null,null,null,null,null,null,null,null,null,null,null,null,null,null,25,KHSV 221253Z 00000KT 10SM CLR M04/M06 A3041 RMK AO2 SLP304 T10391056,null
HSV,2024-12-22 13:53,30,23,74.87,10,3,0,30.43,1030.9,10,null,CLR,null,null,null,null,null,null,null,null,null,null,null,null,null,null,26.4,KHSV 221353Z 01003KT 10SM CLR M01/M05 A3043 RMK AO2 SLP309 T10111050,null
HSV,2024-12-22 14:53,34,24,66.45,50,3,0,30.45,1031.6,10,null,CLR,null,null,null,null,null,null,null,null,null,null,null,null,null,null,30.97,KHSV 221453Z 05003KT 10SM CLR 01/M04 A3045 RMK AO2 SLP316 T00111044 53018,null
HSV,2024-12-22 15:53,37,24,58.99,60,4,0,30.45,1031.5,10,null,CLR,null,null,null,null,null,null,null,null,null,null,null,null,null,null,33.26,KHSV 221553Z 06004KT 10SM CLR 03/M04 A3045 RMK AO2 SLP315 T00281044,null
HSV,2024-12-22 16:53,40,24,52.45,150,5,0,30.42,1030.6,10,null,CLR,null,null,null,null,null,null,null,null,null,null,null,null,null,null,35.9,KHSV 221653Z 15005KT 10SM CLR 04/M04 A3042 RMK AO2 SLP306 T00441044,null
HSV,2024-12-22 17:53,43,25,48.7,null,3,0,30.39,1029.4,10,null,CLR,null,null,null,null,null,null,null,null,null,null,null,null,null,null,41.26,KHSV 221753Z VRB03KT 10SM CLR 06/M04 A3039 RMK AO2 SLP294 T00611039 10061 21044 58020,null
HSV,2024-12-22 18:53,44,24,44.96,0,0,0,30.36,1028.3,10,null,CLR,null,null,null,null,null,null,null,null,null,null,null,null,null,null,44,KHSV 221853Z 00000KT 10SM CLR 07/M04 A3036 RMK AO2 SLP283 T00671044,null
HSV,2024-12-22 19:53,46,23,39.96,0,0,0,30.35,1027.9,10,null,CLR,null,null,null,null,null,null,null,null,null,null,null,null,null,null,46,KHSV 221953Z 00000KT 10SM CLR 08/M05 A3035 RMK AO2 SLP279 T00781050,null
HSV,2024-12-22 20:53,49,23,35.69,0,0,0,30.35,1028.1,10,null,CLR,null,null,null,null,null,null,null,null,null,null,null,null,null,null,49,KHSV 222053Z 00000KT 10SM CLR 09/M05 A3035 RMK AO2 SLP281 T00941050 55012,null
HSV,2024-12-22 21:53,48,22,35.53,0,0,0,30.36,1028.3,10,null,CLR,null,null,null,null,null,null,null,null,null,null,null,null,null,null,48,KHSV 222153Z 00000KT 10SM CLR 09/M06 A3036 RMK AO2 SLP283 T00891056,null
HSV,2024-12-22 22:53,43,21,41.17,0,0,0,30.36,1028.6,10,null,CLR,null,null,null,null,null,null,null,null,null,null,null,null,null,null,43,KHSV 222253Z 00000KT 10SM CLR 06/M06 A3036 RMK AO2 SLP286 T00611061,null
HSV,2024-12-22 23:53,41,23,48.39,0,0,0,30.37,1028.8,10,null,CLR,null,null,null,null,null,null,null,null,null,null,null,null,null,null,41,KHSV 222353Z 00000KT 10SM CLR 05/M05 A3037 RMK AO2 SLP288 T00501050 10094 20050 51006,null
HSV,2024-12-23 0:53,38,25,59.13,40,4,0,30.38,1029,10,null,CLR,null,null,null,null,null,null,null,null,null,null,null,null,null,null,34.43,KHSV 230053Z 04004KT 10SM CLR 03/M04 A3038 RMK AO2 SLP290 T00331039,null
HSV,2024-12-23 1:53,35,25,66.57,120,3,0,30.38,1029.3,10,null,CLR,null,null,null,null,null,null,null,null,null,null,null,null,null,null,32.12,KHSV 230153Z 12003KT 10SM CLR 02/M04 A3038 RMK AO2 SLP293 T00171039,null
HSV,2024-12-23 2:53,34,27,75.26,90,3,0,30.39,1029.4,10,null,CLR,null,null,null,null,null,null,null,null,null,null,null,null,null,null,30.97,KHSV 230253Z 09003KT 10SM CLR 01/M03 A3039 RMK AO2 SLP294 T00111028 51006,null
HSV,2024-12-23 3:53,32,26,78.25,100,5,0,30.39,1029.5,10,null,CLR,null,null,null,null,null,null,null,null,null,null,null,null,null,null,26.4,KHSV 230353Z 10005KT 10SM CLR 00/M03 A3039 RMK AO2 SLP295 T00001033,null
HSV,2024-12-23 4:53,31,25,78.16,100,4,0,30.38,1029.1,10,null,CLR,null,null,null,null,null,null,null,null,null,null,null,null,null,null,26.25,KHSV 230453Z 10004KT 10SM CLR M01/M04 A3038 RMK AO2 SLP291 T10061039,null
HSV,2024-12-23 5:53,32,27,81.55,130,3,0,30.38,1028.9,10,null,CLR,null,null,null,null,null,null,null,null,null,null,null,null,null,null,28.69,KHSV 230553Z 13003KT 10SM CLR 00/M03 A3038 RMK AO2 SLP289 T00001028 10056 21011 400941044 58004,null
HSV,2024-12-23 6:53,31,26,81.48,120,3,0,30.37,1028.8,10,null,CLR,null,null,null,null,null,null,null,null,null,null,null,null,null,null,27.55,KHSV 230653Z AUTO 12003KT 10SM CLR M01/M03 A3037 RMK AO2 SLP288 T10061033,null
HSV,2024-12-23 7:53,31,25,78.16,110,4,0,30.38,1029.1,10,null,CLR,null,null,null,null,null,null,null,null,null,null,null,null,null,null,26.25,KHSV 230753Z AUTO 11004KT 10SM CLR M01/M04 A3038 RMK AO2 SLP291 T10061039,null
HSV,2024-12-23 8:53,31,26,81.48,130,5,0,30.39,1029.1,10,null,CLR,null,null,null,null,null,null,null,null,null,null,null,null,null,null,25.21,KHSV 230853Z AUTO 13005KT 10SM CLR M01/M03 A3039 RMK AO2 SLP291 T10061033 53003,null
HSV,2024-12-23 9:53,32,26,78.25,120,5,0,30.39,1029.3,10,null,CLR,null,null,null,null,null,null,null,null,null,null,null,null,null,null,26.4,KHSV 230953Z AUTO 12005KT 10SM CLR 00/M03 A3039 RMK AO2 SLP293 T00001033,null
HSV,2024-12-23 10:53,32,26,78.25,120,6,0,30.4,1029.8,10,null,CLR,null,null,null,null,null,null,null,null,null,null,null,null,null,null,25.53,KHSV 231053Z AUTO 12006KT 10SM CLR 00/M03 A3040 RMK AO2 SLP298 T00001033,null
HSV,2024-12-23 11:53,32,26,78.25,110,5,0,30.41,1029.9,10,null,CLR,null,null,null,null,null,null,null,null,null,null,null,null,null,null,26.4,KHSV 231153Z 11005KT 10SM CLR 00/M03 A3041 RMK AO2 SLP299 T00001033 10006 21017 53007,null
HSV,2024-12-23 12:53,31,25,78.16,100,5,0,30.42,1030.4,10,null,CLR,null,null,null,null,null,null,null,null,null,null,null,null,null,null,25.21,KHSV 231253Z 10005KT 10SM CLR M01/M04 A3042 RMK AO2 SLP304 T10061039,null
HSV,2024-12-23 13:53,36,29,75.46,120,5,0,30.44,1031.2,10,null,CLR,null,null,null,null,null,null,null,null,null,null,null,null,null,null,31.15,KHSV 231353Z 12005KT 10SM CLR 02/M02 A3044 RMK AO2 SLP312 T00221017,null
HSV,2024-12-23 14:53,41,29,62.04,130,7,0,30.45,1031.5,10,null,CLR,null,null,null,null,null,null,null,null,null,null,null,null,null,null,35.75,KHSV 231453Z 13007KT 10SM CLR 05/M02 A3045 RMK AO2 SLP315 T00501017 51015,null
HSV,2024-12-23 15:53,45,28,51.08,130,8,0,30.44,1031.1,10,null,CLR,null,null,null,null,null,null,null,null,null,null,null,null,null,null,40.13,KHSV 231553Z 13008KT 10SM CLR 07/M02 A3044 RMK AO2 SLP311 T00721022,null
HSV,2024-12-23 16:53,48,29,47.52,160,9,0,30.42,1030.3,10,null,CLR,null,null,null,null,null,null,null,null,null,null,null,null,null,null,43.41,KHSV 231653Z 16009KT 10SM CLR 09/M02 A3042 RMK AO2 SLP303 T00891017,null
HSV,2024-12-23 17:53,50,29,44.1,170,9,0,30.39,1029.2,10,null,CLR,null,null,null,null,null,null,null,null,null,null,null,null,null,null,50,KHSV 231753Z 17009KT 10SM CLR 10/M02 A3039 RMK AO2 SLP292 T01001017 10100 21017 58021,null
HSV,2024-12-23 18:53,52,30,42.65,190,7,0,30.36,1028.2,10,null,CLR,null,null,null,null,null,null,null,null,null,null,null,null,null,null,52,KHSV 231853Z 19007KT 10SM CLR 11/M01 A3036 RMK AO2 SLP282 T01111011,null
HSV,2024-12-23 19:53,53,29,39.47,150,7,0,30.34,1027.7,10,null,CLR,null,null,null,null,null,null,null,null,null,null,null,null,null,null,53,KHSV 231953Z 15007KT 10SM CLR 12/M02 A3034 RMK AO2 SLP277 T01171017,null
HSV,2024-12-23 20:53,53,28,37.88,150,10,0,30.34,1027.6,10,null,CLR,null,null,null,null,null,null,null,null,null,null,null,null,null,null,53,KHSV 232053Z 15010KT 10SM CLR 12/M02 A3034 RMK AO2 SLP276 T01171022 56016,null
HSV,2024-12-23 21:53,52,28,39.3,160,8,0,30.33,1027.4,10,null,CLR,null,null,null,null,null,null,null,null,null,null,null,null,null,null,52,KHSV 232153Z 16008KT 10SM CLR 11/M02 A3033 RMK AO2 SLP274 T01111022,null
HSV,2024-12-23 22:53,45,29,53.22,150,7,0,30.34,1027.6,10,null,CLR,null,null,null,null,null,null,null,null,null,null,null,null,null,null,40.63,KHSV 232253Z 15007KT 10SM CLR 07/M02 A3034 RMK AO2 SLP276 T00721017,null
HSV,2024-12-23 23:53,44,28,53.07,120,5,0,30.35,1028.2,10,null,CLR,null,null,null,null,null,null,null,null,null,null,null,null,null,null,40.65,KHSV 232353Z 12005KT 10SM CLR 07/M02 A3035 RMK AO2 SLP282 T00671022 10117 20061 53005,null
HSV,2024-12-24 0:53,40,28,61.91,120,5,0,30.37,1028.7,10,null,CLR,null,null,null,null,null,null,null,null,null,null,null,null,null,null,35.9,KHSV 240053Z 12005KT 10SM CLR 04/M02 A3037 RMK AO2 SLP287 T00441022,null
HSV,2024-12-24 1:53,38,28,66.94,110,6,0,30.37,1028.9,10,null,CLR,null,null,null,null,null,null,null,null,null,null,null,null,null,null,32.76,KHSV 240153Z 11006KT 10SM CLR 03/M02 A3037 RMK AO2 SLP289 T00331022,null
HSV,2024-12-24 2:53,37,28,69.63,110,6,0,30.37,1028.7,10,null,CLR,null,null,null,null,null,null,null,null,null,null,null,null,null,null,31.55,KHSV 240253Z 11006KT 10SM CLR 03/M02 A3037 RMK AO2 SLP287 T00281022 50006,null
HSV,2024-12-24 3:53,36,29,75.46,120,5,0,30.37,1028.6,10,null,CLR,null,null,null,null,null,null,null,null,null,null,null,null,null,null,31.15,KHSV 240353Z 12005KT 10SM CLR 02/M02 A3037 RMK AO2 SLP286 T00221017,null
HSV,2024-12-24 4:53,36,27,69.51,120,5,0,30.35,1028.1,10,null,CLR,null,null,null,null,null,null,null,null,null,null,null,null,null,null,31.15,KHSV 240453Z 12005KT 10SM CLR 02/M03 A3035 RMK AO2 SLP281 T00221028,null
HSV,2024-12-24 5:53,37,27,66.82,350,3,0,30.35,1027.9,10,null,CLR,null,null,null,null,null,null,null,null,null,null,null,null,null,null,34.4,KHSV 240553Z 35003KT 10SM CLR 03/M03 A3035 RMK AO2 SLP279 T00281028 10072 20017 401171017 56007,null
HSV,2024-12-24 6:53,34,27,75.26,0,0,0,30.35,1028,10,null,CLR,null,null,null,null,null,null,null,null,null,null,null,null,null,null,34,KHSV 240653Z AUTO 00000KT 10SM CLR 01/M03 A3035 RMK AO2 SLP280 T00111028,null
HSV,2024-12-24 7:53,33,26,75.17,90,3,0,30.35,1027.8,10,null,CLR,null,null,null,null,null,null,null,null,null,null,null,null,null,null,29.83,KHSV 240753Z AUTO 09003KT 10SM CLR 01/M03 A3035 RMK AO2 SLP278 T00061033,null
HSV,2024-12-24 8:53,33,25,72.11,80,4,0,30.35,1027.8,10,null,CLR,null,null,null,null,null,null,null,null,null,null,null,null,null,null,28.59,KHSV 240853Z AUTO 08004KT 10SM CLR 01/M04 A3035 RMK AO2 SLP278 T00061039 58001,null
HSV,2024-12-24 9:53,33,24,69.16,90,5,0,30.34,1027.5,10,null,CLR,null,null,null,null,null,null,null,null,null,null,null,null,null,null,27.58,KHSV 240953Z AUTO 09005KT 10SM CLR 01/M04 A3034 RMK AO2 SLP275 T00061044,null
HSV,2024-12-24 10:53,32,24,72,120,6,0,30.33,1027.4,10,null,CLR,null,null,null,null,null,null,null,null,null,null,null,null,null,null,25.53,KHSV 241053Z AUTO 12006KT 10SM CLR 00/M04 A3033 RMK AO2 SLP274 T00001044,null
HSV,2024-12-24 11:53,33,24,69.16,0,0,0,30.34,1027.6,10,null,FEW,null,null,null,25000,null,null,null,null,null,null,null,null,null,null,33,KHSV 241153Z 00000KT 10SM FEW250 01/M04 A3034 RMK AO2 SLP276 T00061044 10033 21006 55003,null
HSV,2024-12-24 12:53,32,25,75.07,0,0,0,30.35,1028,10,null,FEW,FEW,null,null,9000,25000,null,null,null,null,null,null,null,null,null,32,KHSV 241253Z 00000KT 10SM FEW090 FEW250 00/M04 A3035 RMK AO2 SLP280 T00001039,null
HSV,2024-12-24 13:53,36,26,66.69,0,0,0,30.36,1028.3,10,null,FEW,FEW,null,null,9000,25000,null,null,null,null,null,null,null,null,null,36,KHSV 241353Z 00000KT 10SM FEW090 FEW250 02/M03 A3036 RMK AO2 SLP283 T00221033,null
HSV,2024-12-24 14:53,41,26,54.84,130,3,0,30.37,1028.6,10,null,FEW,SCT,null,null,9000,25000,null,null,null,null,null,null,null,null,null,38.98,KHSV 241453Z 13003KT 10SM FEW090 SCT250 05/M03 A3037 RMK AO2 SLP286 T00501033 53010,null
HSV,2024-12-24 15:53,46,25,43.44,0,0,0,30.37,1028.7,10,null,FEW,FEW,SCT,null,9000,20000,25000,null,null,null,null,null,null,null,null,46,KHSV 241553Z 00000KT 10SM FEW090 FEW200 SCT250 08/M04 A3037 RMK AO2 SLP287 T00781039,null
HSV,2024-12-24 16:53,50,24,35.86,110,3,0,30.34,1027.5,10,null,FEW,null,null,null,25000,null,null,null,null,null,null,null,null,null,null,50,KHSV 241653Z 11003KT 10SM FEW250 10/M04 A3034 RMK AO2 SLP275 T01001044,null
HSV,2024-12-24 17:53,52,25,34.72,null,3,0,30.3,1026.1,10,null,FEW,null,null,null,25000,null,null,null,null,null,null,null,null,null,null,52,KHSV 241753Z VRB03KT 10SM FEW250 11/M04 A3030 RMK AO2 SLP261 T01111039 10122 21006 58024,null
HSV,2024-12-24 18:53,56,26,31.27,0,0,0,30.26,1024.9,10,null,FEW,null,null,null,25000,null,null,null,null,null,null,null,null,null,null,56,KHSV 241853Z 00000KT 10SM FEW250 13/M03 A3026 RMK AO2 SLP249 T01331033,null
HSV,2024-12-24 19:53,58,27,30.32,70,5,0,30.24,1024,10,null,FEW,null,null,null,25000,null,null,null,null,null,null,null,null,null,null,58,KHSV 241953Z 07005KT 10SM FEW250 14/M03 A3024 RMK AO2 SLP240 T01441028,null
HSV,2024-12-24 20:53,58,26,29.09,90,7,0,30.23,1023.9,10,null,FEW,null,null,null,25000,null,null,null,null,null,null,null,null,null,null,58,KHSV 242053Z 09007KT 10SM FEW250 14/M03 A3023 RMK AO2 SLP239 T01441033 56021,null
HSV,2024-12-24 21:53,57,27,31.43,150,5,0,30.24,1024.1,10,null,FEW,null,null,null,25000,null,null,null,null,null,null,null,null,null,null,57,KHSV 242153Z 15005KT 10SM FEW250 14/M03 A3024 RMK AO2 SLP241 T01391028,null
HSV,2024-12-24 22:53,50,28,42.33,150,4,0,30.24,1024.3,10,null,FEW,SCT,null,null,10000,25000,null,null,null,null,null,null,null,null,null,50,KHSV 242253Z 15004KT 10SM FEW100 SCT250 10/M02 A3024 RMK AO2 SLP243 T01001022,null
HSV,2024-12-24 23:53,52,24,33.3,0,0,0,30.24,1024,10,null,FEW,null,null,null,25000,null,null,null,null,null,null,null,null,null,null,52,KHSV 242353Z 00000KT 10SM FEW250 11/M04 A3024 RMK AO2 SLP240 T01111044 10144 20094 50001,null
HSV,2024-12-25 0:53,47,26,43.61,110,5,0,30.24,1024.1,10,null,FEW,null,null,null,25000,null,null,null,null,null,null,null,null,null,null,44.21,KHSV 250053Z 11005KT 10SM FEW250 08/M03 A3024 RMK AO2 SLP241 T00831033,null
HSV,2024-12-25 1:53,43,28,55.14,110,3,0,30.24,1024.1,10,null,FEW,null,null,null,25000,null,null,null,null,null,null,null,null,null,null,41.26,KHSV 250153Z 11003KT 10SM FEW250 06/M02 A3024 RMK AO2 SLP241 T00611022,null
HSV,2024-12-25 2:53,44,28,53.07,0,0,0,30.24,1024.1,10,null,CLR,null,null,null,null,null,null,null,null,null,null,null,null,null,null,44,KHSV 250253Z 00000KT 10SM CLR 07/M02 A3024 RMK AO2 SLP241 T00671022 55000,null
HSV,2024-12-25 3:53,41,29,62.04,90,4,0,30.23,1023.8,10,null,CLR,null,null,null,null,null,null,null,null,null,null,null,null,null,null,37.93,KHSV 250353Z 09004KT 10SM CLR 05/M02 A3023 RMK AO2 SLP238 T00501017,null
HSV,2024-12-25 4:53,38,30,72.64,90,7,0,30.22,1023.4,10,null,CLR,null,null,null,null,null,null,null,null,null,null,null,null,null,null,32.09,KHSV 250453Z 09007KT 10SM CLR 03/M01 A3022 RMK AO2 SLP234 T00331011,null
HSV,2024-12-25 5:53,37,29,72.54,90,6,0,30.21,1023.1,10,null,CLR,null,null,null,null,null,null,null,null,null,null,null,null,null,null,31.55,KHSV 250553Z 09006KT 10SM CLR 03/M02 A3021 RMK AO2 SLP231 T00281017 10111 20028 401441006 58010,null
HSV,2024-12-25 6:53,38,30,72.64,0,0,0,30.2,1022.8,10,null,CLR,null,null,null,null,null,null,null,null,null,null,null,null,null,null,38,KHSV 250653Z AUTO 00000KT 10SM CLR 03/M01 A3020 RMK AO2 SLP228 T00331011,null
HSV,2024-12-25 7:53,40,28,61.91,0,0,0,30.22,1023.4,10,null,CLR,null,null,null,null,null,null,null,null,null,null,null,null,null,null,40,KHSV 250753Z AUTO 00000KT 10SM CLR 04/M02 A3022 RMK AO2 SLP234 T00441022,null
HSV,2024-12-25 8:53,36,28,72.43,100,6,0,30.22,1023.2,10,null,CLR,null,null,null,null,null,null,null,null,null,null,null,null,null,null,30.35,KHSV 250853Z AUTO 10006KT 10SM CLR 02/M02 A3022 RMK AO2 SLP232 T00221022 50002,null
HSV,2024-12-25 9:53,38,30,72.64,100,8,0,30.2,1022.8,10,null,CLR,null,null,null,null,null,null,null,null,null,null,null,null,null,null,31.5,KHSV 250953Z AUTO 10008KT 10SM CLR 03/M01 A3020 RMK AO2 SLP228 T00331011,null
HSV,2024-12-25 10:53,38,29,69.74,100,5,0,30.21,1023.2,10,null,CLR,null,null,null,null,null,null,null,null,null,null,null,null,null,null,33.52,KHSV 251053Z AUTO 10005KT 10SM CLR 03/M02 A3021 RMK AO2 SLP232 T00331017,null
HSV,2024-12-25 11:53,38,29,69.74,90,7,0,30.23,1023.7,10,null,FEW,null,null,null,25000,null,null,null,null,null,null,null,null,null,null,32.09,KHSV 251153Z 09007KT 10SM FEW250 03/M02 A3023 RMK AO2 SLP237 T00331017 10050 20017 53004,null
HSV,2024-12-25 12:53,37,29,72.54,100,6,0,30.24,1024.1,10,null,SCT,null,null,null,25000,null,null,null,null,null,null,null,null,null,null,31.55,KHSV 251253Z 10006KT 10SM SCT250 03/M02 A3024 RMK AO2 SLP241 T00281017,null
HSV,2024-12-25 13:53,41,32,70.08,100,5,0,30.25,1024.7,10,null,FEW,null,null,null,25000,null,null,null,null,null,null,null,null,null,null,37.08,KHSV 251353Z 10005KT 10SM FEW250 05/00 A3025 RMK AO2 SLP247 T00500000,null
HSV,2024-12-25 14:53,50,32,49.81,120,9,0,30.25,1024.4,10,null,SCT,null,null,null,25000,null,null,null,null,null,null,null,null,null,null,50,KHSV 251453Z 12009KT 10SM SCT250 10/00 A3025 RMK AO2 SLP244 T01000000 50008,null
HSV,2024-12-25 15:53,53,30,41.11,110,11,0,30.26,1024.5,10,null,BKN,null,null,null,25000,null,null,null,null,null,null,null,null,null,null,53,KHSV 251553Z 11011KT 10SM BKN250 12/M01 A3026 RMK AO2 SLP245 T01171011,null
HSV,2024-12-25 16:53,56,31,38.38,140,7,0,30.24,1024.2,10,null,SCT,null,null,null,25000,null,null,null,null,null,null,null,null,null,null,56,KHSV 251653Z 14007KT 10SM SCT250 13/M01 A3024 RMK AO2 SLP242 T01331006,null
HSV,2024-12-25 17:53,58,31,35.7,110,8,0,30.2,1022.6,10,null,BKN,null,null,null,25000,null,null,null,null,null,null,null,null,null,null,58,KHSV 251753Z 11008KT 10SM BKN250 14/M01 A3020 RMK AO2 SLP226 T01441006 10144 20022 58018,null
HSV,2024-12-25 18:53,60,32,34.61,110,8,0,30.17,1021.6,10,null,BKN,null,null,null,25000,null,null,null,null,null,null,null,null,null,null,60,KHSV 251853Z 11008KT 10SM BKN250 16/00 A3017 RMK AO2 SLP216 T01560000,null
HSV,2024-12-25 19:53,61,30,30.8,120,9,0,30.15,1021,10,null,SCT,null,null,null,25000,null,null,null,null,null,null,null,null,null,null,61,KHSV 251953Z 12009KT 10SM SCT250 16/M01 A3015 RMK AO2 SLP210 T01611011,null
HSV,2024-12-25 20:53,61,30,30.8,120,7,0,30.14,1020.8,10,null,SCT,null,null,null,25000,null,null,null,null,null,null,null,null,null,null,61,KHSV 252053Z 12007KT 10SM SCT250 16/M01 A3014 RMK AO2 SLP208 T01611011 56018,null
HSV,2024-12-25 21:53,58,30,34.28,120,10,0,30.14,1020.8,10,null,BKN,null,null,null,25000,null,null,null,null,null,null,null,null,null,null,58,KHSV 252153Z 12010KT 10SM BKN250 14/M01 A3014 RMK AO2 SLP208 T01441011,null
HSV,2024-12-25 22:53,54,31,41.27,120,9,0,30.14,1020.9,10,null,BKN,null,null,null,25000,null,null,null,null,null,null,null,null,null,null,54,KHSV 252253Z 12009KT 10SM BKN250 12/M01 A3014 RMK AO2 SLP209 T01221006,null
HSV,2024-12-25 23:53,51,31,46.09,110,6,0,30.16,1021.4,10,null,BKN,null,null,null,22000,null,null,null,null,null,null,null,null,null,null,51,KHSV 252353Z 11006KT 10SM BKN220 11/M01 A3016 RMK AO2 SLP214 T01061006 10167 20106 53005,null
HSV,2024-12-26 0:53,49,32,51.7,100,8,0,30.16,1021.3,10,null,BKN,null,null,null,22000,null,null,null,null,null,null,null,null,null,null,45.05,KHSV 260053Z 10008KT 10SM BKN220 09/00 A3016 RMK AO2 SLP213 T00940000,null
HSV,2024-12-26 1:53,51,32,47.99,130,6,0,30.17,1021.9,10,null,OVC,null,null,null,17000,null,null,null,null,null,null,null,null,null,null,51,KHSV 260153Z 13006KT 10SM OVC170 11/00 A3017 RMK AO2 SLP219 T01060000,null
HSV,2024-12-26 2:53,48,32,53.67,110,5,0,30.17,1021.5,10,null,BKN,null,null,null,21000,null,null,null,null,null,null,null,null,null,null,45.4,KHSV 260253Z 11005KT 10SM BKN210 09/00 A3017 RMK AO2 SLP215 T00890000 50002,null
HSV,2024-12-26 3:53,49,33,53.82,110,6,0,30.19,1022,10,null,BKN,OVC,null,null,19000,25000,null,null,null,null,null,null,null,null,null,46,KHSV 260353Z 11006KT 10SM BKN190 OVC250 09/01 A3019 RMK AO2 SLP220 T00940006,null
HSV,2024-12-26 4:53,52,32,46.25,120,9,0,30.19,1022,10,null,BKN,OVC,null,null,19000,25000,null,null,null,null,null,null,null,null,null,52,KHSV 260453Z 12009KT 10SM BKN190 OVC250 11/00 A3019 RMK AO2 SLP220 T01110000,null
HSV,2024-12-26 5:53,51,33,49.96,120,9,0,30.18,1021.9,10,null,FEW,BKN,OVC,null,13000,17000,25000,null,null,null,null,null,null,null,null,51,KHSV 260553Z 12009KT 10SM FEW130 BKN170 OVC250 11/01 A3018 RMK AO2 SLP219 T01060006 10111 20083 401670017 50006,null
HSV,2024-12-26 6:53,51,34,52,120,9,0,30.19,1022,10,null,FEW,null,null,null,12000,null,null,null,null,null,null,null,null,null,null,51,KHSV 260653Z AUTO 12009KT 10SM FEW120 11/01 A3019 RMK AO2 SLP220 T01060011,null
HSV,2024-12-26 7:53,50,35,56.16,120,8,0,30.2,1022.4,10,null,BKN,null,null,null,10000,null,null,null,null,null,null,null,null,null,null,50,KHSV 260753Z AUTO 12008KT 10SM BKN100 10/02 A3020 RMK AO2 SLP224 T01000017,null
HSV,2024-12-26 8:53,51,36,56.31,120,13,0,30.2,1022.4,10,null,OVC,null,null,null,10000,null,null,null,null,null,null,null,null,null,null,51,KHSV 260853Z AUTO 12013KT 10SM OVC100 11/02 A3020 RMK AO2 SLP224 T01060022 52005,null
HSV,2024-12-26 9:53,50,36,58.44,130,9,0,30.21,1022.6,10,null,OVC,null,null,null,11000,null,null,null,null,null,null,null,null,null,null,50,KHSV 260953Z AUTO 13009KT 10SM OVC110 10/02 A3021 RMK AO2 SLP226 T01000022,null
HSV,2024-12-26 10:53,50,36,58.44,130,9,0,30.22,1023.1,10,null,OVC,null,null,null,10000,null,null,null,null,null,null,null,null,null,null,50,KHSV 261053Z AUTO 13009KT 10SM OVC100 10/02 A3022 RMK AO2 SLP231 T01000022,null
HSV,2024-12-26 11:53,50,37,60.79,130,9,0,30.23,1023.7,10,null,OVC,null,null,null,9000,null,null,null,null,null,null,null,null,null,null,50,KHSV 261153Z 13009KT 10SM OVC090 10/03 A3023 RMK AO2 SLP237 T01000028 10106 20100 53011,null
HSV,2024-12-26 12:53,50,37,60.79,120,10,0,30.24,1024.1,10,null,OVC,null,null,null,10000,null,null,null,null,null,null,null,null,null,null,50,KHSV 261253Z 12010KT 10SM OVC100 10/03 A3024 RMK AO2 SLP241 T01000028 $,null
HSV,2024-12-26 13:53,50,37,60.79,120,12,0,30.25,1024.1,10,null,BKN,null,null,null,10000,null,null,null,null,null,null,null,null,null,null,50,KHSV 261353Z 12012KT 10SM BKN100 10/03 A3025 RMK AO2 SLP241 T01000028 $,null
HSV,2024-12-26 14:53,51,38,60.92,130,15,0,30.25,1024.3,10,22,OVC,null,null,null,10000,null,null,null,null,null,null,null,null,null,null,51,KHSV 261453Z 13015G22KT 10SM OVC100 11/03 A3025 RMK AO2 SLP243 BINOVC T01060033 51005 $,null
HSV,2024-12-26 15:53,53,39,58.85,130,14,0,30.25,1024.2,10,20,BKN,null,null,null,10000,null,null,null,null,null,null,null,null,null,null,53,KHSV 261553Z 13014G20KT 10SM BKN100 12/04 A3025 RMK AO2 SLP242 T01170039 $,null
HSV,2024-12-26 16:53,53,40,61.19,130,12,0,30.24,1023.8,10,null,OVC,null,null,null,4100,null,null,null,null,null,null,null,null,null,null,53,KHSV 261653Z 13012KT 10SM OVC041 12/04 A3024 RMK AO2 SLP238 T01170044 $,null
HSV,2024-12-26 17:53,54,40,58.99,120,10,0,30.2,1022.6,10,null,OVC,null,null,null,3300,null,null,null,null,null,null,null,null,null,null,54,KHSV 261753Z 12010KT 10SM OVC033 12/04 A3020 RMK AO2 SLP226 T01220044 10128 20100 58016 $,null
HSV,2024-12-26 18:53,54,41,61.32,130,7,0,30.17,1021.6,10,null,OVC,null,null,null,2900,null,null,null,null,null,null,null,null,null,null,54,KHSV 261853Z 13007KT 10SM OVC029 12/05 A3017 RMK AO2 SLP216 T01220050 $,null
HSV,2024-12-26 19:53,55,43,63.86,150,12,0,30.15,1020.9,10,null,OVC,null,null,null,2500,null,null,null,null,null,null,null,null,null,null,55,KHSV 261953Z 15012KT 10SM OVC025 13/06 A3015 RMK AO2 SLP209 T01280061 $,null
HSV,2024-12-26 20:22,54,43,66.24,110,13,0,30.14,null,10,20,SCT,OVC,null,null,2500,3300,null,null,null,null,null,null,null,null,null,54,KHSV 262022Z 11013G20KT 10SM SCT025 OVC033 12/06 A3014 RMK AO2 T01220061 $,null
HSV,2024-12-26 20:44,53,44,71.39,120,14,0,30.15,null,10,null,BKN,BKN,OVC,null,2200,2700,3300,null,null,null,null,null,null,null,null,53,KHSV 262044Z 12014KT 10SM BKN022 BKN027 OVC033 12/07 A3015 RMK AO2 T01170067 $,null
HSV,2024-12-26 20:53,52,45,76.94,140,8,0,30.15,1020.7,10,null,BKN,OVC,null,null,2100,2600,null,null,null,null,null,null,null,null,null,52,KHSV 262053Z 14008KT 10SM BKN021 OVC026 11/07 A3015 RMK AO2 SLP207 T01110072 56018 $,null
HSV,2024-12-26 21:53,51,45,79.84,120,13,0,30.14,1020.4,10,null,BKN,OVC,null,null,1900,2900,null,null,null,null,null,null,null,null,null,51,KHSV 262153Z 12013KT 10SM BKN019 OVC029 11/07 A3014 RMK AO2 SLP204 T01060072 $,null
HSV,2024-12-26 22:19,50,44,79.76,110,11,0,30.12,null,10,null,FEW,BKN,OVC,null,2900,3500,7000,null,null,null,null,null,null,null,null,50,KHSV 262219Z 11011KT 10SM FEW029 BKN035 OVC070 10/07 A3012 RMK AO2 T01000067 $,null
HSV,2024-12-26 22:35,50,44,79.76,120,10,0,30.12,null,10,null,BKN,OVC,null,null,2800,3500,null,null,null,null,null,null,null,null,null,50,KHSV 262235Z 12010KT 10SM BKN028 OVC035 10/07 A3012 RMK AO2 T01000067 $,null
HSV,2024-12-26 22:53,50,44,79.76,120,13,0,30.12,1020.1,10,null,OVC,null,null,null,2800,null,null,null,null,null,null,null,null,null,null,50,KHSV 262253Z 12013KT 10SM OVC028 10/07 A3012 RMK AO2 SLP201 T01000067 $,null
HSV,2024-12-26 23:39,50,44,79.76,120,10,0,30.12,null,10,null,SCT,OVC,null,null,2800,3700,null,null,null,null,null,null,null,null,null,50,KHSV 262339Z 12010KT 10SM SCT028 OVC037 10/07 A3012 RMK AO2 T01000067 $,null
HSV,2024-12-26 23:53,51,44,76.85,130,8,0,30.13,1020,10,null,OVC,null,null,null,3800,null,null,null,null,null,null,null,null,null,null,51,KHSV 262353Z 13008KT 10SM OVC038 11/07 A3013 RMK AO2 SLP200 T01060067 10128 20100 55007 $,null
HSV,2024-12-27 0:53,52,42,68.59,120,12,0,30.13,1020.3,10,20,OVC,null,null,null,3800,null,null,null,null,null,null,null,null,null,null,52,KHSV 270053Z 12012G20KT 10SM OVC038 11/06 A3013 RMK AO2 SLP203 T01110056 $,null
HSV,2024-12-27 1:53,51,41,68.48,120,11,0,30.13,1020.2,10,null,SCT,BKN,null,null,3600,25000,null,null,null,null,null,null,null,null,null,51,KHSV 270153Z 12011KT 10SM SCT036 BKN250 11/05 A3013 RMK AO2 SLP202 T01060050 $,null
HSV,2024-12-27 2:53,51,41,68.48,120,11,0,30.13,1020,10,null,SCT,SCT,null,null,6000,25000,null,null,null,null,null,null,null,null,null,51,KHSV 270253Z 12011KT 10SM SCT060 SCT250 11/05 A3013 RMK AO2 SLP200 T01060050 58000 $,null
HSV,2024-12-27 3:53,51,41,68.48,130,13,0,30.13,1020.1,10,null,SCT,SCT,null,null,6000,25000,null,null,null,null,null,null,null,null,null,51,KHSV 270353Z 13013KT 10SM SCT060 SCT250 11/05 A3013 RMK AO2 SLP201 T01060050 $,null
HSV,2024-12-27 4:53,50,32,49.81,120,12,0,30.1,1019.3,10,null,FEW,SCT,null,null,6000,25000,null,null,null,null,null,null,null,null,null,50,KHSV 270453Z 12012KT 10SM FEW060 SCT250 10/00 A3010 RMK AO2 SLP193 T01000000 $,null
HSV,2024-12-27 5:53,50,32,49.81,120,11,0,30.09,1018.9,10,null,FEW,SCT,SCT,null,3200,4300,25000,null,null,null,null,null,null,null,null,50,KHSV 270553Z 12011KT 10SM FEW032 SCT043 SCT250 10/00 A3009 RMK AO2 SLP189 T01000000 10111 20100 401280100 58011 $,null
HSV,2024-12-27 6:53,51,32,47.99,120,12,0,30.08,1018.4,10,null,BKN,OVC,null,null,1900,4200,null,null,null,null,null,null,null,null,null,51,KHSV 270653Z AUTO 12012KT 10SM BKN019 OVC042 11/00 A3008 RMK AO2 SLP184 T01060000 $,null
HSV,2024-12-27 7:53,50,32,49.81,120,14,T,30.07,1018.1,10,null,OVC,null,null,null,1500,null,null,null,null,null,null,null,null,null,null,50,KHSV 270753Z AUTO 12014KT 10SM OVC015 10/00 A3007 RMK AO2 RAB47E49 SLP181 P0000 T01000000 $,null
HSV,2024-12-27 8:01,50,32,49.81,120,15,0,30.07,null,10,null,OVC,null,null,null,1400,null,null,null,null,null,null,null,null,null,null,50,KHSV 270801Z AUTO 12015KT 10SM OVC014 10/00 A3007 RMK AO2 T01000000 $,null
HSV,2024-12-27 8:53,50,32,49.81,130,13,0,30.08,1018.5,10,22,OVC,null,null,null,1200,null,null,null,null,null,null,null,null,null,null,50,KHSV 270853Z AUTO 13013G22KT 10SM OVC012 10/00 A3008 RMK AO2 SLP185 60000 T01000000 55003 $,null
HSV,2024-12-27 9:53,49,32,51.7,130,16,0,30.04,1017.3,10,null,OVC,null,null,null,1100,null,null,null,null,null,null,null,null,null,null,42.58,KHSV 270953Z AUTO 13016KT 10SM OVC011 09/00 A3004 RMK AO2 SLP173 T00940000 $,null
HSV,2024-12-27 10:53,49,32,51.7,110,20,T,29.97,1014.8,10,28,OVC,null,null,null,1300,null,null,null,#NAME?,null,null,null,28,120,2024-12-27 10:51,41.72,KHSV 271053Z AUTO 11020G28KT 10SM -RA OVC013 09/00 A2997 RMK AO2 PK WND 12028/1051 RAB32 PRESFR SLP148 P0000 T00940000 $,null
HSV,2024-12-27 11:53,49,47,92.77,130,20,T,29.99,1015.6,10,27,OVC,null,null,null,1400,null,null,null,null,null,null,null,35,110,2024-12-27 10:58,41.72,KHSV 271153Z 13020G27KT 10SM OVC014 09/08 A2999 RMK AO2 PK WND 11035/1058 SLP156 RAE11 P0000 60000 T00940083 10106 20089 55030 $,null
HSV,2024-12-27 12:53,50,47,89.37,130,20,0,29.96,1014.3,10,31,BKN,BKN,OVC,null,1400,3300,10000,null,null,null,null,null,33,120,2024-12-27 12:08,50,KHSV 271253Z 13020G31KT 10SM BKN014 BKN033 OVC100 10/08 A2996 RMK AO2 PK WND 12033/1208 SLP143 T01000083 $,null
HSV,2024-12-27 13:00,50,47,89.37,130,22,0,29.96,null,10,33,BKN,BKN,OVC,null,1600,3300,9500,null,null,null,null,null,33,140,2024-12-27 13:00,50,KHSV 271300Z 13022G33KT 10SM BKN016 BKN033 OVC095 10/08 A2996 RMK AO2 PK WND 14033/1300 T01000083 $,null
HSV,2024-12-27 13:53,52,48,86.17,130,18,0,29.96,1014.5,10,27,OVC,null,null,null,1600,null,null,null,null,null,null,null,33,140,2024-12-27 13:00,52,KHSV 271353Z 13018G27KT 10SM OVC016 11/09 A2996 RMK AO2 PK WND 14033/1300 SLP145 T01110089 $,null
HSV,2024-12-27 14:33,53,49,86.23,270,15,T,30.05,null,10,21,OVC,null,null,null,1600,null,null,null,#NAME?,null,null,null,33,120,2024-12-27 14:07,53,KHSV 271433Z 27015G21KT 10SM -RA OVC016 12/09 A3005 RMK AO2 PK WND 12033/1407 WSHFT 1419 RAB31 PRESRR P0000 T01170094 $,null
HSV,2024-12-27 14:45,52,50,92.86,null,6,0.03,30.01,null,2,15,OVC,null,null,null,1500,null,null,null,#NAME?,null,null,null,33,120,2024-12-27 14:07,52,KHSV 271445Z VRB06G15KT 2SM R18R/6000VP6000FT +RA BR OVC015 11/10 A3001 RMK AO2 PK WND 12033/1407 WSHFT 1419 RAB31 P0003 T01110100 $,null
HSV,2024-12-27 14:53,52,51,96.37,270,9,0.07,30.05,1017.4,2,16,OVC,null,null,null,1500,null,null,null,#NAME?,null,null,null,33,120,2024-12-27 14:07,52,KHSV 271453Z 27009G16KT 2SM +RA BR OVC015 11/11 A3005 RMK AO2 PK WND 12033/1407 WSHFT 1419 RAB31 SLP174 P0007 60007 T01110106 53019 $,null
HSV,2024-12-27 15:26,51,50,96.36,190,7,0.14,30.04,null,2,null,BKN,OVC,null,null,1400,2000,null,null,RA BR,null,null,null,null,null,null,51,KHSV 271526Z 19007KT 2SM RA BR BKN014 OVC020 11/10 A3004 RMK AO2 P0014 T01060100 $,null
HSV,2024-12-27 15:48,51.8,50,93.55,150,11,0.22,30.04,null,2,null,SCT,BKN,OVC,null,1400,2500,3000,null,RA BR,null,null,null,null,null,null,51.8,KHSV 271548Z 15011KT 2SM RA BR SCT014 BKN025 OVC030 11/10 A3004 RMK AO2 P0022 $,null
HSV,2024-12-27 15:53,51,50,96.36,150,9,0.23,30.03,1016.7,2,null,FEW,FEW,OVC,null,1400,1900,2800,null,#NAME?,null,null,null,null,null,null,51,KHSV 271553Z 15009KT 2SM -RA BR FEW014 FEW019 OVC028 11/10 A3003 RMK AO2 SFC VIS 3 SLP167 P0023 T01060100 $,null
HSV,2024-12-27 16:48,51.8,51.8,100,260,5,0.12,30.06,null,1,null,BKN,OVC,null,null,1300,1800,null,null,#NAME?,null,null,null,null,null,null,51.8,KHSV 271648Z 26005KT 1SM R18R/4000VP6000FT +RA BR BKN013 OVC018 11/11 A3006 RMK AO2 P0012 $,null
HSV,2024-12-27 16:53,51,51,100,0,0,0.2,30.03,1016.9,1.5,null,BKN,OVC,null,null,900,1600,null,null,#NAME?,null,null,null,null,null,null,51,KHSV 271653Z 00000KT 1 1/2SM R18R/4000VP6000FT +RA BR BKN009 OVC016 11/11 A3003 RMK AO2 SFC VIS 2 SLP169 P0020 T01060106 $,null
HSV,2024-12-27 17:00,51,50,96.36,130,5,0.03,30.02,null,2.5,null,SCT,BKN,OVC,null,1100,1600,3200,null,#NAME?,null,null,null,null,null,null,51,KHSV 271700Z 13005KT 2 1/2SM R18R/6000VP6000FT -RA BR SCT011 BKN016 OVC032 11/10 A3002 RMK AO2 TWR VIS 3 P0003 T01060100 $,null
HSV,2024-12-27 17:04,51,50,96.36,130,4,0.03,30.02,null,1.5,null,SCT,SCT,OVC,null,900,1600,2800,null,RA BR,null,null,null,null,null,null,51,KHSV 271704Z 13004KT 1 1/2SM R18R/6000VP6000FT RA BR SCT009 SCT016 OVC028 11/10 A3002 RMK AO2 SFC VIS 2 1/2 P0003 T01060100 $,null
HSV,2024-12-27 17:44,51,50,96.36,120,6,0.17,30,null,2,null,BKN,OVC,null,null,1700,3200,null,null,RA BR,null,null,null,null,null,null,51,KHSV 271744Z 12006KT 2SM RA BR BKN017 OVC032 11/10 A3000 RMK AO2 SFC VIS 3 P0017 T01060100 $,null
HSV,2024-12-27 17:53,51,50,96.36,170,5,0.18,30.01,1016.1,1.5,null,OVC,null,null,null,1500,null,null,null,#NAME?,null,null,null,null,null,null,51,KHSV 271753Z 17005KT 1 1/2SM R18R/6000VP6000FT +RA BR OVC015 11/10 A3001 RMK AO2 TWR VIS 2 SLP161 P0018 60068 T01060100 10117 20094 58006 $,null
HSV,2024-12-27 18:09,52,51,96.37,140,5,0.1,30,null,2,null,BKN,OVC,null,null,1300,2300,null,null,#NAME?,null,null,null,null,null,null,52,KHSV 271809Z 14005KT 2SM R18R/4500VP6000FT +RA BR BKN013 OVC023 11/11 A3000 RMK AO2 P0010 T01110106 $,null
HSV,2024-12-27 18:49,51.8,51.8,100,130,8,0.13,29.98,null,4,null,BKN,BKN,OVC,null,1400,2000,5000,null,#NAME?,null,null,null,null,null,null,51.8,KHSV 271849Z 13008KT 4SM -RA BR BKN014 BKN020 OVC050 11/11 A2998 RMK AO2 P0013 $,null
HSV,2024-12-27 18:53,52,51,96.37,120,8,0.14,29.97,1014.8,6,null,BKN,BKN,OVC,null,1400,2000,4000,null,#NAME?,null,null,null,null,null,null,52,KHSV 271853Z 12008KT 6SM -RA BR BKN014 BKN020 OVC040 11/11 A2997 RMK AO2 SLP148 P0014 T01110106 $,null
HSV,2024-12-27 18:58,53,51,39.47,120,8,T,29.97,null,9,null,FEW,BKN,OVC,null,800,1600,3800,null,#NAME?,null,null,null,null,null,null,53,KHSV 271858Z COR 12008KT 9SM -RA FEW008 BKN016 OVC038 12/11 A2997 RMK AO2 P0000 T01170106 $,null
HSV,2024-12-27 19:36,54,52,92.92,140,10,T,29.96,null,10,null,FEW,BKN,OVC,null,2000,2500,3100,null,null,null,null,null,null,null,null,54,KHSV 271936Z 14010KT 10SM FEW020 BKN025 OVC031 12/11 A2996 RMK AO2 RAE01B23E35 P0000 T01220111 $,null
HSV,2024-12-27 19:44,54,52,92.92,140,10,T,29.97,null,2,null,FEW,SCT,OVC,null,1400,2500,3200,null,#NAME?,null,null,null,null,null,null,54,KHSV 271944Z 14010KT 2SM R18R/5000VP6000FT -RA BR FEW014 SCT025 OVC032 12/11 A2997 RMK AO2 TWR VIS 3 RAE01B23 P0000 T01220111 $,null
HSV,2024-12-27 19:53,54,53,96.4,150,10,0.04,29.97,1014.6,2,null,FEW,BKN,OVC,null,900,2800,3200,null,#NAME?,null,null,null,null,null,null,54,KHSV 271953Z 15010KT 2SM R18R/5000VP6000FT +RA BR FEW009 BKN028 OVC032 12/12 A2997 RMK AO2 RAE01B23 SLP146 P0004 T01220117 $,null
HSV,2024-12-27 20:11,53,52,96.39,140,9,0.02,29.96,null,10,null,BKN,BKN,OVC,null,1500,2200,2700,null,#NAME?,null,null,null,null,null,null,53,KHSV 272011Z 14009KT 10SM -RA BKN015 BKN022 OVC027 12/11 A2996 RMK AO2 P0002 T01170111 $,null
HSV,2024-12-27 20:24,53,52,96.39,140,8,0.02,29.96,null,4,null,OVC,null,null,null,1300,null,null,null,#NAME?,null,null,null,null,null,null,53,KHSV 272024Z 14008KT 4SM -RA BR OVC013 12/11 A2996 RMK AO2 P0002 T01170111 $,null
HSV,2024-12-27 20:53,54,52,92.92,150,8,0.03,29.96,1014.3,10,null,OVC,null,null,null,1300,null,null,null,null,null,null,null,null,null,null,54,KHSV 272053Z 15008KT 10SM OVC013 12/11 A2996 RMK AO2 RAE34 SLP143 P0003 60021 T01220111 58007 $,null
HSV,2024-12-27 21:21,54,53,96.4,220,3,0.02,29.97,null,2,null,FEW,OVC,null,null,700,1200,null,null,RA BR,null,null,null,null,null,null,54,KHSV 272121Z 22003KT 2SM RA BR FEW007 OVC012 12/12 A2997 RMK AO2 RAB03 P0002 T01220117 $,null
HSV,2024-12-27 21:31,54,53,96.4,0,0,0.05,29.98,null,1.75,null,BKN,OVC,null,null,700,1200,null,null,#NAME?,null,null,null,null,null,null,54,KHSV 272131Z 00000KT 1 3/4SM R18R/6000VP6000FT +RA BR BKN007 OVC012 12/12 A2998 RMK AO2 TWR VIS 2 RAB03 PRESRR P0005 T01220117 $,null
HSV,2024-12-27 21:39,53,53,100,290,5,0.12,29.99,null,1,null,SCT,BKN,OVC,null,700,1200,1800,null,#NAME?,null,null,null,null,null,null,53,KHSV 272139Z 29005KT 1SM R18R/4000VP6000FT +RA BR SCT007 BKN012 OVC018 12/12 A2999 RMK AO2 RAB03 PRESRR P0012 T01170117 $,null
HSV,2024-12-27 21:53,54,53,96.4,0,0,0.22,29.99,1015.3,1,null,SCT,BKN,OVC,null,600,1200,1800,null,#NAME?,null,null,null,null,null,null,54,KHSV 272153Z 00000KT 1SM R18R/P6000FT -RA BR SCT006 BKN012 OVC018 12/12 A2999 RMK AO2 SFC VIS 2 RAB03 SLP153 P0022 T01220117 $,null
HSV,2024-12-27 21:55,54,53,96.4,0,0,T,29.98,null,2.5,null,SCT,BKN,OVC,null,600,1800,3600,null,#NAME?,null,null,null,null,null,null,54,KHSV 272155Z 00000KT 2 1/2SM -RA BR SCT006 BKN018 OVC036 12/12 A2998 RMK AO2 P0000 T01220117 $,null
HSV,2024-12-27 22:40,54,53,96.4,80,4,0.03,29.99,null,5,null,OVC,null,null,null,1900,null,null,null,#NAME?,null,null,null,null,null,null,54,KHSV 272240Z 08004KT 5SM -RA BR OVC019 12/12 A2999 RMK AO2 P0003 T01220117 $,null
HSV,2024-12-27 22:53,53,53,100,120,9,0.05,29.99,1015.2,4,null,BKN,BKN,OVC,null,1900,2700,3300,null,#NAME?,null,null,null,null,null,null,53,KHSV 272253Z 12009KT 4SM -RA BR BKN019 BKN027 OVC033 12/12 A2999 RMK AO2 SLP152 P0005 T01170117 $,null
HSV,2024-12-27 23:08,53,52,96.39,120,9,T,29.98,null,8,null,SCT,BKN,OVC,null,400,1900,3400,null,null,null,null,null,null,null,null,53,KHSV 272308Z 12009KT 8SM SCT004 BKN019 OVC034 12/11 A2998 RMK AO2 RAE04 P0000 T01170111 $,null
HSV,2024-12-27 23:27,54,53,96.4,120,9,T,29.98,null,10,null,BKN,BKN,BKN,null,400,3400,9500,null,null,null,null,null,null,null,null,54,KHSV 272327Z 12009KT 10SM BKN004 BKN034 BKN095 12/12 A2998 RMK AO2 RAE04 P0000 T01220117 $,null
HSV,2024-12-27 23:53,54,53,96.4,120,8,T,29.98,1015,10,null,BKN,OVC,null,null,600,2200,null,null,null,null,null,null,null,null,null,54,KHSV 272353Z 12008KT 10SM BKN006 OVC022 12/12 A2998 RMK AO2 RAE04 SLP150 P0000 60048 T01220117 10122 20111 50007 $,null
HSV,2024-12-28 0:22,54,53,96.4,130,8,0,29.98,null,10,null,SCT,SCT,OVC,null,600,1400,2400,null,null,null,null,null,null,null,null,54,KHSV 280022Z 13008KT 10SM SCT006 SCT014 OVC024 12/12 A2998 RMK AO2 T01220117 $,null
HSV,2024-12-28 0:53,56,54,92.98,150,9,0,29.99,1015.5,10,null,FEW,SCT,OVC,null,1100,2200,3600,null,null,null,null,null,null,null,null,56,KHSV 280053Z 15009KT 10SM FEW011 SCT022 OVC036 13/12 A2999 RMK AO2 SLP155 T01330122 $,null
HSV,2024-12-28 1:07,56,54,92.98,150,10,0,30,null,10,null,BKN,BKN,OVC,null,1300,2900,3600,null,null,null,null,null,null,null,null,56,KHSV 280107Z 15010KT 10SM BKN013 BKN029 OVC036 13/12 A3000 RMK AO2 T01330122 $,null
HSV,2024-12-28 1:53,57,55,93.01,160,7,0,30.02,1016.2,10,null,OVC,null,null,null,1400,null,null,null,null,null,null,null,null,null,null,57,KHSV 280153Z 16007KT 10SM OVC014 14/13 A3002 RMK AO2 SLP162 T01390128 $,null
HSV,2024-12-28 2:53,57,55,93.01,160,12,0,30.03,1016.5,10,null,OVC,null,null,null,1100,null,null,null,null,null,null,null,null,null,null,57,KHSV 280253Z 16012KT 10SM OVC011 14/13 A3003 RMK AO2 SLP165 T01390128 51015 $,null
HSV,2024-12-28 3:53,57,55,93.01,170,9,0,30.02,1016.4,10,null,BKN,OVC,null,null,900,1200,null,null,null,null,null,null,null,null,null,57,KHSV 280353Z 17009KT 10SM BKN009 OVC012 14/13 A3002 RMK AO2 CIG 007V011 SLP164 T01390128 $,null
HSV,2024-12-28 4:08,57,54,89.68,160,8,0,30.03,null,10,null,OVC,null,null,null,700,null,null,null,null,null,null,null,null,null,null,57,KHSV 280408Z 16008KT 10SM OVC007 14/12 A3003 RMK AO2 T01390122 $,null
HSV,2024-12-28 4:53,57,55,93.01,140,8,0,30.03,1016.5,10,null,OVC,null,null,null,700,null,null,null,null,null,null,null,null,null,null,57,KHSV 280453Z 14008KT 10SM OVC007 14/13 A3003 RMK AO2 CIG 006V011 SLP165 T01390128 $,null
HSV,2024-12-28 5:53,57,56,96.45,150,8,0,30.01,1016,10,null,OVC,null,null,null,700,null,null,null,null,null,null,null,null,null,null,57,KHSV 280553Z 15008KT 10SM OVC007 14/13 A3001 RMK AO2 SLP160 T01390133 10139 20122 401390089 58005 $,null
HSV,2024-12-28 6:53,58,56,93.04,160,10,0,30.01,1016,10,null,OVC,null,null,null,700,null,null,null,null,null,null,null,null,null,null,58,KHSV 280653Z 16010KT 10SM OVC007 14/13 A3001 RMK AO2 CIG 006V011 SLP160 T01440133 $,null
HSV,2024-12-28 7:53,58,56,93.04,140,9,0,30.03,1016.5,10,null,OVC,null,null,null,700,null,null,null,null,null,null,null,null,null,null,58,KHSV 280753Z 14009KT 10SM OVC007 14/13 A3003 RMK AO2 SLP165 T01440133 $,null
HSV,2024-12-28 8:53,58,56,93.04,150,10,0,30.03,1016.6,10,null,OVC,null,null,null,700,null,null,null,null,null,null,null,null,null,null,58,KHSV 280853Z 15010KT 10SM OVC007 14/13 A3003 RMK AO2 SLP166 T01440133 52005 $,null
HSV,2024-12-28 9:53,58,56,93.04,140,9,0,30.03,1016.8,10,null,OVC,null,null,null,600,null,null,null,null,null,null,null,null,null,null,58,KHSV 280953Z 14009KT 10SM OVC006 14/13 A3003 RMK AO2 SLP168 T01440133 $,null
HSV,2024-12-28 10:53,56,56,100,90,5,0,30.04,1017.1,10,null,OVC,null,null,null,700,null,null,null,null,null,null,null,null,null,null,56,KHSV 281053Z 09005KT 10SM OVC007 13/13 A3004 RMK AO2 CIG 005V010 SLP171 T01330133 $,null
HSV,2024-12-28 11:53,56,56,100,90,4,0,30.06,1017.8,10,null,FEW,OVC,null,null,300,800,null,null,null,null,null,null,null,null,null,56,KHSV 281153Z 09004KT 10SM FEW003 OVC008 13/13 A3006 RMK AO2 SLP178 70116 T01330133 10144 20133 53012 $,null
HSV,2024-12-28 12:53,56,55,96.43,100,5,0,30.08,1018.3,10,null,OVC,null,null,null,600,null,null,null,null,null,null,null,null,null,null,56,KHSV 281253Z 10005KT 10SM OVC006 13/13 A3008 RMK AO2 SLP183 T01330128 $,null
HSV,2024-12-28 13:53,56,55,96.43,100,6,0,30.08,1018.4,9,null,OVC,null,null,null,600,null,null,null,null,null,null,null,null,null,null,56,KHSV 281353Z 10006KT 9SM OVC006 13/13 A3008 RMK AO2 SLP184 T01330128 $,null
HSV,2024-12-28 14:53,57,56,96.45,100,6,0,30.1,1018.9,10,null,OVC,null,null,null,900,null,null,null,null,null,null,null,null,null,null,57,KHSV 281453Z 10006KT 10SM OVC009 14/13 A3010 RMK AO2 SLP189 T01390133 51011 $,null
HSV,2024-12-28 15:07,57,57,100,100,6,0,30.09,null,10,null,FEW,OVC,null,null,600,1000,null,null,null,null,null,null,null,null,null,57,KHSV 281507Z 10006KT 10SM FEW006 OVC010 14/14 A3009 RMK AO2 T01390139 $,null
HSV,2024-12-28 15:53,58,56,93.04,100,7,0,30.08,1018.4,10,null,OVC,null,null,null,1100,null,null,null,null,null,null,null,null,null,null,58,KHSV 281553Z 10007KT 10SM OVC011 14/13 A3008 RMK AO2 SLP184 T01440133 $,null
HSV,2024-12-28 16:30,59,57,93.07,100,8,0,30.07,null,10,null,OVC,null,null,null,900,null,null,null,null,null,null,null,null,null,null,59,KHSV 281630Z 10008KT 10SM OVC009 15/14 A3007 RMK AO2 T01500139 $,null
HSV,2024-12-28 16:53,60,57,89.8,100,6,0,30.06,1017.5,10,null,OVC,null,null,null,900,null,null,null,null,null,null,null,null,null,null,60,KHSV 281653Z 10006KT 10SM OVC009 16/14 A3006 RMK AO2 SLP175 T01560139 $,null
HSV,2024-12-28 17:53,61,58,89.84,110,8,0,30.02,1016.3,10,null,OVC,null,null,null,900,null,null,null,null,null,null,null,null,null,null,61,KHSV 281753Z 11008KT 10SM OVC009 16/14 A3002 RMK AO2 SLP163 T01610144 10161 20133 58024 $,null
HSV,2024-12-28 18:53,60,57,89.8,110,13,0,29.99,1015.2,10,20,OVC,null,null,null,900,null,null,null,null,null,null,null,null,null,null,60,KHSV 281853Z 11013G20KT 10SM OVC009 16/14 A2999 RMK AO2 SLP152 T01560139 $,null
HSV,2024-12-28 19:53,58,56,93.04,120,15,0,29.99,1015.2,10,null,OVC,null,null,null,800,null,null,null,null,null,null,null,null,null,null,58,KHSV 281953Z 12015KT 10SM OVC008 14/13 A2999 RMK AO2 SLP152 T01440133 $,null
HSV,2024-12-28 20:10,58,55,89.72,120,13,0,29.98,null,10,null,OVC,null,null,null,700,null,null,null,null,null,null,null,null,null,null,58,KHSV 282010Z 12013KT 10SM OVC007 14/13 A2998 RMK AO2 T01440128 $,null
HSV,2024-12-28 20:53,58,55,89.72,130,12,0,29.96,1014.3,10,null,OVC,null,null,null,700,null,null,null,null,null,null,null,null,null,null,58,KHSV 282053Z 13012KT 10SM OVC007 14/13 A2996 RMK AO2 SLP143 T01440128 56019 $,null
HSV,2024-12-28 21:53,58,55,89.72,140,10,T,29.96,1014.3,10,null,OVC,null,null,null,800,null,null,null,null,null,null,null,null,null,null,58,KHSV 282153Z 14010KT 10SM OVC008 14/13 A2996 RMK AO2 RAB18E29 CIG 007V013 SLP143 P0000 T01440128 $,null
HSV,2024-12-28 22:24,58,55,89.72,100,7,0,29.95,null,10,null,OVC,null,null,null,1000,null,null,null,null,null,null,null,null,null,null,58,KHSV 282224Z 10007KT 10SM OVC010 14/13 A2995 RMK AO2 CIG 008V013 T01440128 $,null
HSV,2024-12-28 22:53,58,56,93.04,110,9,0,29.94,1013.5,10,null,OVC,null,null,null,1000,null,null,null,null,null,null,null,null,null,null,58,KHSV 282253Z 11009KT 10SM OVC010 14/13 A2994 RMK AO2 SLP135 T01440133 $,null
HSV,2024-12-28 23:53,57,56,96.45,120,13,0.04,29.91,1012.7,9,null,SCT,BKN,OVC,null,1300,7500,10000,null,#NAME?,null,null,null,null,null,null,57,KHSV 282353Z 12013KT 9SM -RA SCT013 BKN075 OVC100 14/13 A2991 RMK AO2 RAB08 SLP127 P0004 60004 T01390133 10161 20139 58017 $,null
HSV,2024-12-28 23:59,57,56,96.45,110,12,T,29.91,null,10,null,BKN,BKN,OVC,null,1300,2700,9500,null,#NAME?,null,null,null,null,null,null,57,KHSV 282359Z 11012KT 10SM -RA BKN013 BKN027 OVC095 14/13 A2991 RMK AO2 P0000 T01390133 $,null
HSV,2024-12-29 0:20,57,56,96.45,120,12,0.01,29.9,null,10,null,FEW,BKN,OVC,null,800,1300,9000,null,#NAME?,null,null,null,null,null,null,57,KHSV 290020Z 12012KT 10SM -RA FEW008 BKN013 OVC090 14/13 A2990 RMK AO2 P0001 T01390133 $,null
HSV,2024-12-29 0:32,58,56,93.04,120,14,0.03,29.88,null,8,null,SCT,SCT,OVC,null,1100,3600,9500,null,RA,null,null,null,null,null,null,58,KHSV 290032Z 12014KT 8SM RA SCT011 SCT036 OVC095 14/13 A2988 RMK AO2 P0003 T01440133 $,null
HSV,2024-12-29 0:53,58,57,96.46,120,17,0.04,29.87,1011.3,10,null,FEW,BKN,OVC,null,800,8000,10000,null,#NAME?,null,null,null,null,null,null,58,KHSV 290053Z 12017KT 10SM -RA FEW008 BKN080 OVC100 14/14 A2987 RMK AO2 SLP113 P0004 T01440139 $,null
HSV,2024-12-29 1:40,59,57,93.07,130,15,T,29.87,null,10,23,BKN,BKN,OVC,null,1200,9000,11000,null,null,null,null,null,null,null,null,59,KHSV 290140Z 13015G23KT 10SM BKN012 BKN090 OVC110 15/14 A2987 RMK AO2 RAE0058 P0000 T01500139 $,null
HSV,2024-12-29 1:53,59,57,93.07,130,14,T,29.87,1011.2,10,22,OVC,null,null,null,1200,null,null,null,null,null,null,null,null,null,null,59,KHSV 290153Z 13014G22KT 10SM OVC012 15/14 A2987 RMK AO2 RAE0058 SLP112 P0000 T01500139 $,null
HSV,2024-12-29 2:53,61,59,93.12,130,13,0.03,29.84,1010.1,10,26,BKN,OVC,null,null,1000,4000,null,null,#NAME?,null,null,null,26,120,2024-12-29 2:44,61,KHSV 290253Z 13013G26KT 10SM -RA BKN010 OVC040 16/15 A2984 RMK AO2 PK WND 12026/0244 RAB12 SLP101 P0003 60007 T01610150 56025 $,null
HSV,2024-12-29 3:26,60,59,96.49,130,15,0.02,29.82,null,7,22,BKN,OVC,null,null,800,1400,null,null,#NAME?,null,null,null,28,130,2024-12-29 3:02,60,KHSV 290326Z 13015G22KT 7SM -RA BKN008 OVC014 16/15 A2982 RMK AO2 PK WND 13028/0302 P0002 T01560150 $,null
HSV,2024-12-29 3:35,61,59,93.12,140,15,0.03,29.82,null,10,null,BKN,BKN,OVC,null,1000,1700,8000,null,#NAME?,null,null,null,28,130,2024-12-29 3:02,61,KHSV 290335Z 14015KT 10SM -RA BKN010 BKN017 OVC080 16/15 A2982 RMK AO2 PK WND 13028/0302 P0003 T01610150 $,null
HSV,2024-12-29 3:53,61,59,93.12,140,18,0.03,29.82,1009.6,6,26,BKN,BKN,OVC,null,1200,3000,6000,null,RA BR,null,null,null,28,130,2024-12-29 3:02,61,KHSV 290353Z 14018G26KT 6SM RA BR BKN012 BKN030 OVC060 16/15 A2982 RMK AO2 PK WND 13028/0302 SLP096 P0003 T01610150 $,null
HSV,2024-12-29 4:24,62,60,93.15,150,18,0.03,29.82,null,10,28,SCT,OVC,null,null,1500,2400,null,null,null,null,null,null,28,160,2024-12-29 4:21,62,KHSV 290424Z 15018G28KT 10SM SCT015 OVC024 17/16 A2982 RMK AO2 PK WND 16028/0421 RAE04 P0003 T01670156 $,null
HSV,2024-12-29 4:53,63,60,89.93,160,21,0.03,29.8,1008.7,10,27,BKN,BKN,OVC,null,1700,2400,5000,null,#NAME?,null,null,null,28,160,2024-12-29 4:21,63,KHSV 290453Z COR 16021G27KT 10SM -TSRA BKN017CB BKN024 OVC050 17/16 A2980 RMK AO2 PK WND 16028/0421 RAE04B49 TSB49 SLP087 OCNL LTGICCC DSNT SW-NW TS SW-NW MOV N-NE P0003 T01720156 $,null
HSV,2024-12-29 5:30,59,56,89.76,200,20,0.11,29.86,null,1.25,40,BKN,BKN,OVC,null,1900,4100,7000,null,#NAME?,null,null,null,40,260,2024-12-29 5:22,59,KHSV 290530Z 20020G40KT 1 1/4SM R18R/3000VP6000FT +TSRA BR BKN019CB BKN041 OVC070 15/13 A2986 RMK AO2 PK WND 26040/0522 WSHFT 0511 OCNL LTGICCC S-OHD-N TS S-OHD-N MOV N-NE P0011 T01500133 $,null
HSV,2024-12-29 5:41,59,56,89.76,190,13,0.36,29.84,null,3,28,SCT,BKN,OVC,null,1300,2100,3400,null,#NAME?,null,null,null,40,260,2024-12-29 5:22,59,KHSV 290541Z 19013G28KT 3SM R18R/5500VP6000FT +TSRA BR SCT013CB BKN021 OVC034 15/13 A2984 RMK AO2 PK WND 26040/0522 WSHFT 0511 OCNL LTGICCC NE-SE TS NE-SE MOV N-NE P0036 T01500133 $,null
HSV,2024-12-29 5:51,59,55.4,87.83,170,15,0.4,29.83,null,6,22,BKN,BKN,OVC,null,4000,5500,7000,null,RA BR,null,null,null,40,260,2024-12-29 5:22,59,KHSV 290551Z 17015G22KT 6SM RA BR BKN040 BKN055 OVC070 15/13 A2983 RMK AO2 PK WND 26040/0522 WSHFT 0511 TSE45 P0040 $,null
HSV,2024-12-29 5:53,59,56,89.76,170,15,0.41,29.82,1009.6,6,22,BKN,OVC,null,null,4200,7000,null,null,RA BR,null,null,null,40,260,2024-12-29 5:22,59,KHSV 290553Z 17015G22KT 6SM RA BR BKN042 OVC070 15/13 A2982 RMK AO2 PK WND 26040/0522 WSHFT 0511 TSE45 SLP096 P0041 60054 T01500133 10172 20139 401720133 53000 $,null
HSV,2024-12-29 6:53,59,57,93.07,160,8,0.08,29.78,1008.1,8,null,BKN,OVC,null,null,8500,10000,null,null,RA,null,null,null,null,null,null,59,KHSV 290653Z AUTO 16008KT 8SM RA BKN085 OVC100 15/14 A2978 RMK AO2 SLP081 P0008 T01500139 $,null
HSV,2024-12-29 7:53,59,57,93.07,160,7,0.1,29.76,1007.4,10,null,OVC,null,null,null,9000,null,null,null,RA,null,null,null,null,null,null,59,KHSV 290753Z AUTO 16007KT 10SM RA OVC090 15/14 A2976 RMK AO2 SLP074 P0010 T01500139 $,null
HSV,2024-12-29 8:53,59,57,93.07,120,14,0.07,29.66,1004.1,10,null,OVC,null,null,null,9000,null,null,null,#NAME?,null,null,null,null,null,null,59,KHSV 290853Z AUTO 12014KT 10SM -RA OVC090 15/14 A2966 RMK AO2 LTG DSNT E PRESFR SLP041 P0007 60025 T01500139 58054 $,null
HSV,2024-12-29 9:51,57.2,55.4,93.69,180,10,T,29.7,null,10,null,BKN,null,null,null,2400,null,null,null,null,null,null,null,null,null,null,57.2,KHSV 290951Z AUTO 18010KT 10SM BKN024 14/13 A2970 RMK AO2 RAE05 P0000 $,null
HSV,2024-12-29 9:53,59,56,89.76,180,12,T,29.69,1005.2,10,16,BKN,null,null,null,2400,null,null,null,null,null,null,null,null,null,null,59,KHSV 290953Z AUTO 18012G16KT 10SM BKN024 15/13 A2969 RMK AO2 RAE05 SLP052 P0000 T01500133 $,null
HSV,2024-12-29 10:53,59,55,86.56,210,12,0,29.69,1004.9,10,19,SCT,BKN,OVC,null,1800,2500,3200,null,null,null,null,null,null,null,null,59,KHSV 291053Z AUTO 21012G19KT 10SM SCT018 BKN025 OVC032 15/13 A2969 RMK AO2 SLP049 T01500128 $,null
HSV,2024-12-29 11:07,59,55,86.56,210,14,0,29.69,null,10,23,FEW,SCT,OVC,null,1600,2200,3200,null,null,null,null,null,null,null,null,59,KHSV 291107Z AUTO 21014G23KT 10SM FEW016 SCT022 OVC032 15/13 A2969 RMK AO2 T01500128 $,null
HSV,2024-12-29 11:53,59,54,83.46,220,14,T,29.71,1005.8,10,23,FEW,SCT,OVC,null,2000,2800,3600,null,#NAME?,null,null,null,null,null,null,59,KHSV 291153Z 22014G23KT 10SM -DZ FEW020 SCT028 OVC036 15/12 A2971 RMK AO2 DZB51 SLP058 P0000 60025 70083 T01500122 10156 20144 53006 $,null
HSV,2024-12-29 12:37,58,51,77.47,230,15,T,29.72,null,10,24,BKN,OVC,null,null,2600,3300,null,null,null,null,null,null,26,250,2024-12-29 12:15,58,KHSV 291237Z 23015G24KT 10SM BKN026 OVC033 14/11 A2972 RMK AO2 PK WND 25026/1215 DZE13RAB17E33 P0000 T01440106 $,null
HSV,2024-12-29 12:53,57,51,80.31,220,15,T,29.73,1006.2,10,23,SCT,BKN,OVC,null,2600,3500,4200,null,null,null,null,null,26,250,2024-12-29 12:15,57,KHSV 291253Z 22015G23KT 10SM SCT026 BKN035 OVC042 14/11 A2973 RMK AO2 PK WND 25026/1215 DZE13RAB17E33 SLP062 P0000 T01390106 $,null
HSV,2024-12-29 13:35,56,51,83.26,230,16,0,29.74,null,10,28,BKN,OVC,null,null,2500,3100,null,null,null,null,null,null,31,230,2024-12-29 13:19,56,KHSV 291335Z 23016G28KT 10SM BKN025 OVC031 13/11 A2974 RMK AO2 PK WND 23031/1319 T01330106 $,null
HSV,2024-12-29 13:53,56,51,83.26,230,17,0,29.76,1007.2,10,27,BKN,OVC,null,null,2500,3100,null,null,null,null,null,null,31,230,2024-12-29 13:19,56,KHSV 291353Z 23017G27KT 10SM BKN025 OVC031 13/11 A2976 RMK AO2 PK WND 23031/1319 SLP072 T01330106 $,null
HSV,2024-12-29 14:53,57,50,77.38,240,15,0,29.8,1008.7,10,26,BKN,BKN,null,null,2500,3300,null,null,null,null,null,null,28,240,2024-12-29 14:04,57,KHSV 291453Z 24015G26KT 10SM BKN025 BKN033 14/10 A2980 RMK AO2 PK WND 24028/1404 SLP087 60000 T01390100 53028 $,null
HSV,2024-12-29 15:53,58,48,69.27,260,11,0,29.84,1010.1,10,22,BKN,OVC,null,null,3300,4000,null,null,null,null,null,null,27,260,2024-12-29 15:42,58,KHSV 291553Z 26011G22KT 10SM BKN033 OVC040 14/09 A2984 RMK AO2 PK WND 26027/1542 SLP101 T01440089 $,null
HSV,2024-12-29 16:53,59,49,69.38,260,12,0,29.84,1010.1,10,21,BKN,OVC,null,null,3300,4100,null,null,null,null,null,null,null,null,null,59,KHSV 291653Z 26012G21KT 10SM BKN033 OVC041 15/09 A2984 RMK AO2 SLP101 BINOVC T01500094 $,null
HSV,2024-12-29 17:53,59,49,69.38,270,14,0,29.84,1010.2,10,22,SCT,OVC,null,null,3100,4000,null,null,null,null,null,null,null,null,null,59,KHSV 291753Z 27014G22KT 10SM SCT031 OVC040 15/09 A2984 RMK AO2 SLP102 60000 T01500094 10150 20133 51015 $,null
HSV,2024-12-29 18:53,59,49,69.38,270,10,0,29.83,1009.9,10,null,BKN,OVC,null,null,3600,4800,null,null,null,null,null,null,null,null,null,59,KHSV 291853Z 27010KT 10SM BKN036 OVC048 15/09 A2983 RMK AO2 SLP099 T01500094 $,null
HSV,2024-12-29 19:53,59,49,69.38,240,10,0,29.84,1010.3,10,18,FEW,BKN,BKN,null,3600,6000,10000,null,null,null,null,null,null,null,null,59,KHSV 291953Z 24010G18KT 10SM FEW036 BKN060 BKN100 15/09 A2984 RMK AO2 SLP103 T01500094 $,null
HSV,2024-12-29 20:53,59,49,69.38,250,10,0,29.85,1010.5,10,null,FEW,SCT,BKN,null,3100,3800,5500,null,null,null,null,null,null,null,null,59,KHSV 292053Z 25010KT 10SM FEW031 SCT038 BKN055 15/09 A2985 RMK AO2 SLP105 T01500094 53003 $,null
HSV,2024-12-29 21:53,59,49,69.38,230,11,0,29.86,1010.6,10,null,FEW,SCT,null,null,3800,5000,null,null,null,null,null,null,null,null,null,59,KHSV 292153Z 23011KT 10SM FEW038 SCT050 15/09 A2986 RMK AO2 SLP106 T01500094 $,null
HSV,2024-12-29 22:53,55,49,80.15,220,7,0,29.86,1010.8,10,null,SCT,null,null,null,5000,null,null,null,null,null,null,null,null,null,null,55,KHSV 292253Z 22007KT 10SM SCT050 13/09 A2986 RMK AO2 SLP108 T01280094 $,null
HSV,2024-12-29 23:53,54,48,80.07,210,5,0,29.87,1011.1,10,null,SCT,null,null,null,14000,null,null,null,null,null,null,null,null,null,null,54,KHSV 292353Z 21005KT 10SM SCT140 12/09 A2987 RMK AO2 SLP111 T01220089 10156 20122 53005 $,null
HSV,2024-12-30 0:53,53,47,80,210,4,0,29.87,1011.3,10,null,CLR,null,null,null,null,null,null,null,null,null,null,null,null,null,null,53,KHSV 300053Z 21004KT 10SM CLR 12/08 A2987 RMK AO2 SLP113 T01170083 $,null
HSV,2024-12-30 1:53,50,47,89.37,170,3,0,29.87,1011.4,10,null,FEW,null,null,null,14000,null,null,null,null,null,null,null,null,null,null,50,KHSV 300153Z 17003KT 10SM FEW140 10/08 A2987 RMK AO2 SLP114 T01000083 $,null
HSV,2024-12-30 2:53,48,46,92.74,140,5,0,29.87,1011.4,10,null,SCT,null,null,null,3600,null,null,null,null,null,null,null,null,null,null,45.4,KHSV 300253Z 14005KT 10SM SCT036 09/08 A2987 RMK AO2 SLP114 T00890078 50002 $,null
HSV,2024-12-30 3:53,46,45,96.28,140,5,0,29.88,1011.7,10,null,CLR,null,null,null,null,null,null,null,null,null,null,null,null,null,null,43.02,KHSV 300353Z 14005KT 10SM CLR 08/07 A2988 RMK AO2 SLP117 T00780072 $,null
HSV,2024-12-30 4:53,45,44,96.26,190,4,0,29.88,1011.7,10,null,CLR,null,null,null,null,null,null,null,null,null,null,null,null,null,null,42.6,KHSV 300453Z 19004KT 10SM CLR 07/07 A2988 RMK AO2 SLP117 T00720067 $,null
HSV,2024-12-30 5:41,47,46,96.29,0,0,0,29.88,null,10,null,BKN,null,null,null,2000,null,null,null,null,null,null,null,null,null,null,47,KHSV 300541Z 00000KT 10SM BKN020 08/08 A2988 RMK AO2 T00830078 $,null
HSV,2024-12-30 5:53,47,46,96.29,0,0,0,29.88,1011.7,10,null,OVC,null,null,null,1900,null,null,null,null,null,null,null,null,null,null,47,KHSV 300553Z 00000KT 10SM OVC019 08/08 A2988 RMK AO2 SLP117 T00830078 10128 20072 401560072 51004 $,null
HSV,2024-12-30 6:53,50,48,92.8,230,6,0,29.88,1011.7,10,null,OVC,null,null,null,1600,null,null,null,null,null,null,null,null,null,null,50,KHSV 300653Z AUTO 23006KT 10SM OVC016 10/09 A2988 RMK AO2 SLP117 T01000089 $,null
HSV,2024-12-30 7:53,51,48,89.42,230,6,0,29.9,1012.1,10,null,OVC,null,null,null,2200,null,null,null,null,null,null,null,null,null,null,51,KHSV 300753Z AUTO 23006KT 10SM OVC022 11/09 A2990 RMK AO2 SLP121 T01060089 $,null
HSV,2024-12-30 8:53,52,49,89.46,250,4,0,29.9,1012.2,10,null,OVC,null,null,null,2500,null,null,null,null,null,null,null,null,null,null,52,KHSV 300853Z AUTO 25004KT 10SM OVC025 11/09 A2990 RMK AO2 SLP122 T01110094 53006 $,null
HSV,2024-12-30 9:53,53,49,86.23,250,4,0,29.9,1012.1,10,null,OVC,null,null,null,2600,null,null,null,null,null,null,null,null,null,null,53,KHSV 300953Z AUTO 25004KT 10SM OVC026 12/09 A2990 RMK AO2 SLP121 T01170094 $,null
HSV,2024-12-30 10:53,52,50,92.86,230,5,0,29.9,1012.3,10,null,OVC,null,null,null,2300,null,null,null,null,null,null,null,null,null,null,52,KHSV 301053Z AUTO 23005KT 10SM OVC023 11/10 A2990 RMK AO2 SLP123 T01110100 $,null
HSV,2024-12-30 11:53,52,50,92.86,280,3,0,29.92,1013,10,null,OVC,null,null,null,2000,null,null,null,null,null,null,null,null,null,null,52,KHSV 301153Z 28003KT 10SM OVC020 11/10 A2992 RMK AO2 SLP130 T01110100 10117 20083 53006 $,null
HSV,2024-12-30 12:32,51,48,89.42,250,3,0,29.91,null,10,null,SCT,BKN,null,null,2000,23000,null,null,null,null,null,null,null,null,null,51,KHSV 301232Z 25003KT 10SM SCT020 BKN230 11/09 A2991 RMK AO2 T01060089 $,null
HSV,2024-12-30 12:53,50,48,92.8,210,4,0,29.92,1013,10,null,FEW,BKN,null,null,2000,24000,null,null,null,null,null,null,null,null,null,50,KHSV 301253Z 21004KT 10SM FEW020 BKN240 10/09 A2992 RMK AO2 SLP130 T01000089 $,null
HSV,2024-12-30 13:46,50,48,92.8,230,4,0,29.93,null,10,null,BKN,BKN,null,null,1900,23000,null,null,null,null,null,null,null,null,null,50,KHSV 301346Z 23004KT 10SM BKN019 BKN230 10/09 A2993 RMK AO2 T01000089 $,null
HSV,2024-12-30 13:53,50,48,92.8,230,5,0,29.93,1013.5,10,null,BKN,BKN,null,null,1900,23000,null,null,null,null,null,null,null,null,null,50,KHSV 301353Z 23005KT 10SM BKN019 BKN230 10/09 A2993 RMK AO2 SLP135 T01000089 $,null
HSV,2024-12-30 14:53,53,49,86.23,0,0,0,29.95,1013.9,10,null,OVC,null,null,null,1600,null,null,null,null,null,null,null,null,null,null,53,KHSV 301453Z 00000KT 10SM OVC016 12/09 A2995 RMK AO2 SLP139 T01170094 53009 $,null
HSV,2024-12-30 15:53,54,48,80.07,210,5,0,29.95,1014.2,10,null,OVC,null,null,null,1500,null,null,null,null,null,null,null,null,null,null,54,KHSV 301553Z 21005KT 10SM OVC015 12/09 A2995 RMK AO2 SLP142 T01220089 $,null
HSV,2024-12-30 16:53,57,50,77.38,190,7,0,29.94,1013.7,10,null,BKN,null,null,null,1800,null,null,null,null,null,null,null,null,null,null,57,KHSV 301653Z 19007KT 10SM BKN018 14/10 A2994 RMK AO2 SLP137 T01390100 $,null
HSV,2024-12-30 17:07,57,49,74.55,180,4,0,29.93,null,10,null,SCT,null,null,null,1800,null,null,null,null,null,null,null,null,null,null,57,KHSV 301707Z 18004KT 10SM SCT018 14/09 A2993 RMK AO2 T01390094 $,null
HSV,2024-12-30 17:53,59,49,69.38,180,6,0,29.89,1012,10,null,FEW,null,null,null,2200,null,null,null,null,null,null,null,null,null,null,59,KHSV 301753Z 18006KT 10SM FEW022 15/09 A2989 RMK AO2 SLP120 T01500094 10150 20089 58019 $,null
HSV,2024-12-30 18:53,61,50,67.06,180,8,0,29.86,1010.8,10,null,FEW,null,null,null,2200,null,null,null,null,null,null,null,null,null,null,61,KHSV 301853Z 18008KT 10SM FEW022 16/10 A2986 RMK AO2 SLP108 T01610100 $,null
HSV,2024-12-30 19:53,61,48,62.23,210,7,0,29.83,1010,10,null,CLR,null,null,null,null,null,null,null,null,null,null,null,null,null,null,61,KHSV 301953Z 21007KT 10SM CLR 16/09 A2983 RMK AO2 SLP100 T01610089 $,null
HSV,2024-12-30 20:53,62,49,62.36,150,9,0,29.81,1009.1,10,null,CLR,null,null,null,null,null,null,null,null,null,null,null,null,null,null,62,KHSV 302053Z 15009KT 10SM CLR 17/09 A2981 RMK AO2 SLP091 T01670094 56027 $,null
HSV,2024-12-30 21:53,61,47,59.94,160,9,0,29.79,1008.3,10,null,CLR,null,null,null,null,null,null,null,null,null,null,null,null,null,null,61,KHSV 302153Z 16009KT 10SM CLR 16/08 A2979 RMK AO2 SLP083 T01610083 $,null
HSV,2024-12-30 22:53,57,47,69.16,170,7,0,29.79,1008.4,10,null,CLR,null,null,null,null,null,null,null,null,null,null,null,null,null,null,57,KHSV 302253Z 17007KT 10SM CLR 14/08 A2979 RMK AO2 SLP084 T01390083 $,null
HSV,2024-12-30 23:53,53,45,74.16,140,7,0,29.79,1008.7,10,null,CLR,null,null,null,null,null,null,null,null,null,null,null,null,null,null,53,KHSV 302353Z 14007KT 10SM CLR 12/07 A2979 RMK AO2 SLP087 T01170072 10167 20117 55004 $,null
HSV,2024-12-31 0:53,51,45,79.84,150,8,0,29.79,1008.6,10,null,CLR,null,null,null,null,null,null,null,null,null,null,null,null,null,null,51,KHSV 310053Z 15008KT 10SM CLR 11/07 A2979 RMK AO2 SLP086 T01060072 $,null
HSV,2024-12-31 1:53,52,47,82.99,140,8,0,29.77,1007.9,10,null,CLR,null,null,null,null,null,null,null,null,null,null,null,null,null,null,52,KHSV 310153Z 14008KT 10SM CLR 11/08 A2977 RMK AO2 SLP079 T01110083 $,null
HSV,2024-12-31 2:53,56,47,71.7,150,13,0,29.74,1006.9,10,null,CLR,null,null,null,null,null,null,null,null,null,null,null,null,null,null,56,KHSV 310253Z 15013KT 10SM CLR 13/08 A2974 RMK AO2 SLP069 T01330083 58017 $,null
HSV,2024-12-31 3:53,56,49,77.29,170,10,0,29.75,1007.2,10,null,CLR,null,null,null,null,null,null,null,null,null,null,null,null,null,null,56,KHSV 310353Z 17010KT 10SM CLR 13/09 A2975 RMK AO2 SLP072 T01330094 $,null
HSV,2024-12-31 4:53,57,48,71.81,180,12,0,29.75,1007.1,10,null,BKN,null,null,null,7000,null,null,null,null,null,null,null,null,null,null,57,KHSV 310453Z 18012KT 10SM BKN070 14/09 A2975 RMK AO2 SLP071 T01390089 $,null
HSV,2024-12-31 5:53,58,49,71.91,190,12,0,29.72,1006.1,10,19,BKN,OVC,null,null,5000,7000,null,null,null,null,null,null,null,null,null,58,KHSV 310553Z 19012G19KT 10SM BKN050 OVC070 14/09 A2972 RMK AO2 SLP061 T01440094 10150 20106 401670089 58007 $,null
HSV,2024-12-31 6:43,59,51,74.74,200,13,0,29.71,null,10,24,BKN,BKN,OVC,null,2500,4400,7000,null,null,null,null,null,null,null,null,59,KHSV 310643Z AUTO 20013G24KT 10SM BKN025 BKN044 OVC070 15/11 A2971 RMK AO2 T01500106 $,null
HSV,2024-12-31 6:53,59,51,74.74,200,15,0,29.7,1005.4,10,23,BKN,BKN,OVC,null,2300,3000,7000,null,null,null,null,null,null,null,null,59,KHSV 310653Z AUTO 20015G23KT 10SM BKN023 BKN030 OVC070 15/11 A2970 RMK AO2 SLP054 T01500106 $,null
HSV,2024-12-31 7:17,59,53,80.46,210,14,0,29.69,null,10,24,SCT,BKN,null,null,2100,7000,null,null,null,null,null,null,28,190,2024-12-31 7:01,59,KHSV 310717Z AUTO 21014G24KT 10SM SCT021 BKN070 15/12 A2969 RMK AO2 PK WND 19028/0701 T01500117 $,null
HSV,2024-12-31 7:43,58,53,83.39,210,14,0,29.7,null,10,23,SCT,BKN,BKN,null,1900,2800,7000,null,null,null,null,null,28,190,2024-12-31 7:01,58,KHSV 310743Z AUTO 21014G23KT 10SM SCT019 BKN028 BKN070 14/12 A2970 RMK AO2 PK WND 19028/0701 T01440117 $,null
HSV,2024-12-31 7:53,58,53,83.39,210,13,0,29.7,1005.3,10,null,BKN,BKN,null,null,2300,2800,null,null,null,null,null,null,28,190,2024-12-31 7:01,58,KHSV 310753Z AUTO 21013KT 10SM BKN023 BKN028 14/12 A2970 RMK AO2 PK WND 19028/0701 SLP053 T01440117 $,null
HSV,2024-12-31 8:53,58,53,83.39,220,11,0,29.68,1004.8,10,null,BKN,null,null,null,1800,null,null,null,null,null,null,null,null,null,null,58,KHSV 310853Z AUTO 22011KT 10SM BKN018 14/12 A2968 RMK AO2 SLP048 T01440117 56013 $,null
HSV,2024-12-31 9:53,58,54,86.51,210,12,0,29.68,1004.6,10,null,FEW,SCT,BKN,null,2000,2700,3700,null,null,null,null,null,null,null,null,58,KHSV 310953Z AUTO 21012KT 10SM FEW020 SCT027 BKN037 14/12 A2968 RMK AO2 SLP046 T01440122 $,null
HSV,2024-12-31 10:53,57,52,83.33,220,11,0,29.67,1004.5,10,null,CLR,null,null,null,null,null,null,null,null,null,null,null,null,null,null,57,KHSV 311053Z AUTO 22011KT 10SM CLR 14/11 A2967 RMK AO2 SLP045 T01390111 $,null
HSV,2024-12-31 11:53,56,52,86.4,200,7,0,29.67,1004.5,10,null,FEW,null,null,null,2700,null,null,null,null,null,null,null,null,null,null,56,KHSV 311153Z 20007KT 10SM FEW027 13/11 A2967 RMK AO2 SLP045 T01330111 10150 20133 56004 $,null
HSV,2024-12-31 12:53,56,52,86.4,220,12,0,29.68,1004.6,10,null,FEW,null,null,null,2700,null,null,null,null,null,null,null,null,null,null,56,KHSV 311253Z 22012KT 10SM FEW027 13/11 A2968 RMK AO2 SLP046 T01330111 $,null
HSV,2024-12-31 13:53,57,52,83.33,220,11,0,29.7,1005.5,10,null,FEW,null,null,null,3200,null,null,null,null,null,null,null,null,null,null,57,KHSV 311353Z 22011KT 10SM FEW032 14/11 A2970 RMK AO2 SLP055 T01390111,null
HSV,2024-12-31 14:53,58,44,59.54,270,20,0,29.73,1006.4,10,31,FEW,null,null,null,3500,null,null,null,null,null,null,null,33,270,2024-12-31 14:39,58,KHSV 311453Z 27020G31KT 10SM FEW035 14/07 A2973 RMK AO2 PK WND 27033/1439 SLP064 T01440067 53019,null
HSV,2024-12-31 15:53,58,42,55.14,270,15,0,29.76,1007.5,10,25,SCT,null,null,null,4100,null,null,null,null,null,null,null,30,290,2024-12-31 15:29,58,KHSV 311553Z 27015G25KT 10SM SCT041 14/06 A2976 RMK AO2 PK WND 29030/1529 SLP075 T01440056,null
HSV,2024-12-31 16:53,58,40,51.03,270,16,0,29.77,1007.6,10,25,FEW,null,null,null,4500,null,null,null,null,null,null,null,33,290,2024-12-31 16:29,58,KHSV 311653Z 27016G25KT 10SM FEW045 14/04 A2977 RMK AO2 PK WND 29033/1629 SLP076 T01440044,null
HSV,2024-12-31 17:53,58,41,53.05,290,15,0,29.77,1007.7,10,29,SCT,null,null,null,4800,null,null,null,null,null,null,null,29,290,2024-12-31 17:44,58,KHSV 311753Z COR 29015G29KT 10SM SCT048 14/05 A2977 RMK AO2 PK WND 29029/1744 SLP077 T01440050 10150 20128 51014,null
HSV,2024-12-31 18:53,57,39,50.88,290,19,0,29.78,1008.2,10,27,FEW,null,null,null,4700,null,null,null,null,null,null,null,29,300,2024-12-31 18:40,57,KHSV 311853Z 29019G27KT 10SM FEW047 14/04 A2978 RMK AO2 PK WND 30029/1840 SLP082 T01390039,null
HSV,2024-12-31 19:53,58,38,47.2,280,15,0,29.82,1009.4,10,26,FEW,null,null,null,4900,null,null,null,null,null,null,null,32,290,2024-12-31 18:57,58,KHSV 311953Z 28015G26KT 10SM FEW049 14/03 A2982 RMK AO2 PK WND 29032/1857 SLP094 T01440033,null
HSV,2024-12-31 20:53,54,37,52.45,290,16,0,29.87,1011.1,10,29,BKN,null,null,null,5000,null,null,null,null,null,null,null,30,280,2024-12-31 20:35,54,KHSV 312053Z 29016G29KT 10SM BKN050 12/03 A2987 RMK AO2 PK WND 28030/2035 SLP111 T01220028 53032,null
HSV,2024-12-31 21:53,53,38,56.59,300,15,0,29.91,1012.4,10,25,SCT,OVC,null,null,4100,4800,null,null,null,null,null,null,30,290,2024-12-31 21:04,53,KHSV 312153Z 30015G25KT 10SM SCT041 OVC048 12/03 A2991 RMK AO2 PK WND 29030/2104 SLP124 T01170033,null
HSV,2024-12-31 22:53,51,37,58.58,310,13,0,29.94,1013.6,10,23,OVC,null,null,null,4400,null,null,null,null,null,null,null,27,280,2024-12-31 21:54,51,KHSV 312253Z 31013G23KT 10SM OVC044 11/03 A2994 RMK AO2 PK WND 28027/2154 SLP136 T01060028,null
HSV,2024-12-31 23:53,50,37,60.79,320,11,0,29.98,1015.1,10,23,OVC,null,null,null,4300,null,null,null,null,null,null,null,null,null,null,50,KHSV 312353Z 32011G23KT 10SM OVC043 10/03 A2998 RMK AO2 SLP151 T01000028 10144 20100 53039,null
