station,valid,tmpf,dwpf,relh,drct,sknt,p01i,alti,mslp,vsby,gust,skyc1,skyc2,skyc3,skyc4,skyl1,skyl2,skyl3,skyl4,wxcodes,ice_accretion_1hr,ice_accretion_3hr,ice_accretion_6hr,peak_wind_gust,peak_wind_drct,peak_wind_time,feel,metar,snowdepth
LIT,2023-12-01 0:05,48,45,89.29,30,8,0.09,29.89,null,2,null,BKN,OVC,null,null,700,1200,null,null,#NAME?,null,null,null,null,null,null,43.82,KLIT 010005Z 03008KT 2SM +TSRA BKN007CB OVC012 09/07 A2989 RMK AO2 LTG DSNT W P0009 T00890072,null
LIT,2023-12-01 0:30,48,45,89.29,50,7,0.4,29.88,null,1.5,null,FEW,BKN,OVC,null,300,700,1200,null,#NAME?,null,null,null,null,null,null,44.28,KLIT 010030Z 05007KT 1 1/2SM +TSRA FEW003 BKN007CB OVC012 09/07 A2988 RMK AO2 LTG DSNT W OCNL LTGICCCCG OHD TS OHD MOV NE P0040 T00890072,null
LIT,2023-12-01 0:53,48,45,89.29,100,11,0.6,29.85,1011,1.5,null,SCT,BKN,OVC,null,300,500,1000,null,#NAME?,null,null,null,null,null,null,42.69,KLIT 010053Z 10011KT 1 1/2SM +TSRA SCT003 BKN005CB OVC010 09/07 A2985 RMK AO2 SLP110 OCNL LTGICCCCG OHD TS OHD MOV NE P0060 T00890072,null
LIT,2023-12-01 1:24,49,48,96.32,350,4,0.07,29.87,null,2,null,SCT,BKN,OVC,null,300,500,1000,null,TSRA,null,null,null,null,null,null,47.27,KLIT 010124Z 35004KT 2SM TSRA SCT003 BKN005CB OVC010 09/09 A2987 RMK AO2 LTG DSNT NE PRESRR OCNL LTGICCCCG OHD TS OHD MOV NE P0007 T00940089,null
LIT,2023-12-01 1:53,49,48,96.32,10,3,0.23,29.88,1012.1,2,null,FEW,OVC,null,null,200,500,null,null,#NAME?,null,null,null,null,null,null,48.12,KLIT 010153Z 01003KT 2SM +TSRA FEW002 OVC005CB 09/09 A2988 RMK AO2 LTG DSNT NW SLP121 OCNL LTGICCCCG OHD TS OHD MOV NE P0023 T00940089,null
LIT,2023-12-01 2:53,49,46,89.33,110,8,0.19,29.83,1010.2,3,null,SCT,OVC,null,null,400,600,null,null,#NAME?,null,null,null,null,null,null,45.05,KLIT 010253Z 11008KT 3SM -TSRA SCT004 OVC006CB 09/08 A2983 RMK AO2 SLP102 OCNL LTGICCCCG OHD TS OHD MOV NE P0019 60102 T00940078 58022,null
LIT,2023-12-01 3:12,49,46,89.33,120,8,0.01,29.81,null,3,null,OVC,null,null,null,600,null,null,null,#NAME?,null,null,null,null,null,null,45.05,KLIT 010312Z 12008KT 3SM -RA BR OVC006 09/08 A2981 RMK AO2 TSE12 TS MOV NE P0001 T00940078,null
LIT,2023-12-01 3:53,49,47,92.77,120,8,0.04,29.8,1009.4,3,null,OVC,null,null,null,600,null,null,null,RA BR,null,null,null,null,null,null,45.05,KLIT 010353Z 12008KT 3SM RA BR OVC006 09/08 A2980 RMK AO2 TSE12 SLP094 TS MOV NE P0004 T00940083,null
LIT,2023-12-01 3:59,49,47,92.77,130,8,0.02,29.8,null,2.5,null,OVC,null,null,null,400,null,null,null,#NAME?,null,null,null,null,null,null,45.05,KLIT 010359Z 13008KT 2 1/2SM -RA BR OVC004 09/08 A2980 RMK AO2 P0002 T00940083,null
LIT,2023-12-01 4:53,49,47,92.77,120,5,0.12,29.81,1009.6,2.5,null,OVC,null,null,null,400,null,null,null,RA BR,null,null,null,null,null,null,46.58,KLIT 010453Z 12005KT 2 1/2SM RA BR OVC004 09/08 A2981 RMK AO2 SLP096 P0012 T00940083,null
LIT,2023-12-01 5:53,50,48,92.8,null,3,0.27,29.8,1009.2,2.5,null,OVC,null,null,null,400,null,null,null,#NAME?,null,null,null,null,null,null,50,KLIT 010553Z VRB03KT 2 1/2SM -RA BR OVC004 10/09 A2980 RMK AO2 SLP092 P0027 60145 T01000089 10100 20089 401000067 56010,null
LIT,2023-12-01 6:09,50,48,92.8,120,4,0.01,29.79,null,2.5,null,FEW,SCT,OVC,null,900,3300,10000,null,#NAME?,null,null,null,null,null,null,50,KLIT 010609Z 12004KT 2 1/2SM -RA BR FEW009 SCT033 OVC100 10/09 A2979 RMK AO2 P0001 T01000089,null
LIT,2023-12-01 6:53,50,47,89.37,0,0,0.01,29.8,1009.3,10,null,BKN,BKN,OVC,null,1200,4300,12000,null,null,null,null,null,null,null,null,50,KLIT 010653Z 00000KT 10SM BKN012 BKN043 OVC120 10/08 A2980 RMK AO2 RAE42 SLP093 P0001 T01000083,null
LIT,2023-12-01 7:32,49,46,89.33,0,0,0,29.79,null,8,null,OVC,null,null,null,800,null,null,null,null,null,null,null,null,null,null,49,KLIT 010732Z 00000KT 8SM OVC008 09/08 A2979 RMK AO2 T00940078,null
LIT,2023-12-01 7:53,49,46,89.33,0,0,0,29.78,1008.7,4,null,OVC,null,null,null,600,null,null,null,BR,null,null,null,null,null,null,49,KLIT 010753Z 00000KT 4SM BR OVC006 09/08 A2978 RMK AO2 SLP087 T00940078,null
LIT,2023-12-01 8:53,51,48,89.42,0,0,0,29.78,1008.5,7,null,OVC,null,null,null,500,null,null,null,null,null,null,null,null,null,null,51,KLIT 010853Z 00000KT 7SM OVC005 11/09 A2978 RMK AO2 SLP085 60001 T01060089 58006,null
LIT,2023-12-01 9:53,51,48,89.42,30,3,0,29.77,1008.4,3,null,OVC,null,null,null,400,null,null,null,BR,null,null,null,null,null,null,51,KLIT 010953Z 03003KT 3SM BR OVC004 11/09 A2977 RMK AO2 SLP084 T01060089,null
LIT,2023-12-01 10:18,51,48,89.42,0,0,T,29.77,null,1.75,null,OVC,null,null,null,300,null,null,null,BR,null,null,null,null,null,null,51,KLIT 011018Z 00000KT 1 3/4SM BR OVC003 11/09 A2977 RMK AO2 RAB0955E05 P0000 T01060089,null
LIT,2023-12-01 10:53,51,48,89.42,180,3,T,29.77,1008.4,1,null,OVC,null,null,null,300,null,null,null,BR,null,null,null,null,null,null,51,KLIT 011053Z 18003KT 1SM BR OVC003 11/09 A2977 RMK AO2 RAB0955E05B24E50 SLP084 P0000 T01060089 RVRNO,null
LIT,2023-12-01 11:32,51,49,92.83,0,0,0,29.78,null,0.75,null,VV ,null,null,null,400,null,null,null,MIFG,null,null,null,null,null,null,51,KLIT 011132Z 00000KT 3/4SM MIFG VV004 11/09 A2978 RMK AO2 T01060094 RVRNO,null
LIT,2023-12-01 11:53,51,48,89.42,0,0,0,29.78,1008.8,0.5,null,OVC,null,null,null,300,null,null,null,FG,null,null,null,null,null,null,51,KLIT 011153Z 00000KT 1/2SM FG OVC003 11/09 A2978 RMK AO2 SLP088 60001 70223 T01060089 10106 20094 53003 RVRNO,null
LIT,2023-12-01 12:53,52,49,89.46,0,0,0,29.79,1009,0.12,null,VV ,null,null,null,300,null,null,null,FG,null,null,null,null,null,null,52,KLIT 011253Z 00000KT 1/8SM FG VV003 11/09 A2979 RMK AO2 SLP090 T01110094 RVRNO,null
LIT,2023-12-01 12:55,52,49,89.46,0,0,0,29.79,null,0.5,null,VV ,null,null,null,300,null,null,null,FG,null,null,null,null,null,null,52,KLIT 011255Z 00000KT 1/2SM FG VV003 11/09 A2979 RMK AO2 T01110094 RVRNO,null
LIT,2023-12-01 13:08,52,49,89.46,260,3,0,29.8,null,0.12,null,VV ,null,null,null,300,null,null,null,FG,null,null,null,null,null,null,52,KLIT 011308Z 26003KT 1/8SM FG VV003 11/09 A2980 RMK AO2 T01110094 RVRNO,null
LIT,2023-12-01 13:53,53,50,89.51,270,3,0,29.82,1010.1,0.25,null,VV ,null,null,null,300,null,null,null,FG,null,null,null,null,null,null,53,KLIT 011353Z 27003KT 1/4SM FG VV003 12/10 A2982 RMK AO2 SLP101 T01170100 RVRNO,null
LIT,2023-12-01 14:53,55,53,92.95,270,5,0,29.84,1010.7,0.25,null,VV ,null,null,null,300,null,null,null,FG,null,null,null,null,null,null,55,KLIT 011453Z 27005KT 1/4SM FG VV003 13/12 A2984 RMK AO2 SLP107 T01280117 53019 RVRNO,null
LIT,2023-12-01 15:13,56,54,92.98,260,5,0,29.85,null,1,null,VV ,null,null,null,300,null,null,null,BR,null,null,null,null,null,null,56,KLIT 011513Z 26005KT 1SM BR VV003 13/12 A2985 RMK AO2 T01330122 RVRNO,null
LIT,2023-12-01 15:53,58,55,89.72,270,8,0,29.86,1011.4,6,null,BKN,OVC,null,null,400,1100,null,null,BR,null,null,null,null,null,null,58,KLIT 011553Z 27008KT 6SM BR BKN004 OVC011 14/13 A2986 RMK AO2 SLP114 T01440128,null
LIT,2023-12-01 16:25,58,55,89.72,250,7,0,29.86,null,9,null,BKN,OVC,null,null,600,1100,null,null,null,null,null,null,null,null,null,58,KLIT 011625Z 25007KT 9SM BKN006 OVC011 14/13 A2986 RMK AO2 T01440128,null
LIT,2023-12-01 16:53,59,54,83.46,260,9,0,29.87,1011.6,9,17,BKN,OVC,null,null,800,1100,null,null,null,null,null,null,null,null,null,59,KLIT 011653Z 26009G17KT 9SM BKN008 OVC011 15/12 A2987 RMK AO2 SLP116 T01500122,null
LIT,2023-12-01 17:53,62,54,75.02,250,12,0,29.87,1011.6,10,null,SCT,BKN,null,null,1000,25000,null,null,null,null,null,null,null,null,null,62,KLIT 011753Z 25012KT 10SM SCT010 BKN250 17/12 A2987 RMK AO2 SLP116 T01670122 10167 20106 51008,null
LIT,2023-12-01 18:53,65,53,65.09,250,10,0,29.84,1010.7,10,null,FEW,BKN,null,null,1700,25000,null,null,null,null,null,null,null,null,null,65,KLIT 011853Z 25010KT 10SM FEW017 BKN250 18/12 A2984 RMK AO2 SLP107 T01830117,null
LIT,2023-12-01 19:53,68,51,54.5,260,10,0,29.83,1010.2,10,18,FEW,BKN,null,null,1700,25000,null,null,null,null,null,null,null,null,null,68,KLIT 011953Z 26010G18KT 10SM FEW017 BKN250 20/11 A2983 RMK AO2 SLP102 T02000106,null
LIT,2023-12-01 20:53,68,50,52.51,270,9,0,29.84,1010.5,10,null,FEW,FEW,null,null,3000,25000,null,null,null,null,null,null,null,null,null,68,KLIT 012053Z 27009KT 10SM FEW030 FEW250 20/10 A2984 RMK AO2 SLP105 T02000100 55010,null
LIT,2023-12-01 21:53,68,49,50.59,270,8,0,29.86,1011.1,10,null,FEW,BKN,null,null,4000,25000,null,null,null,null,null,null,null,null,null,68,KLIT 012153Z 27008KT 10SM FEW040 BKN250 20/09 A2986 RMK AO2 SLP111 T02000094,null
LIT,2023-12-01 22:53,64,47,53.92,290,7,0,29.88,1011.8,10,null,FEW,SCT,null,null,4000,25000,null,null,null,null,null,null,null,null,null,64,KLIT 012253Z 29007KT 10SM FEW040 SCT250 18/08 A2988 RMK AO2 SLP118 T01780083,null
LIT,2023-12-01 23:53,59,50,72.01,350,11,0,29.9,1012.8,10,null,FEW,SCT,null,null,11000,16000,null,null,null,null,null,null,null,null,null,59,KLIT 012353Z 35011KT 10SM FEW110 SCT160 15/10 A2990 RMK AO2 SLP128 T01500100 10206 20150 53022,null
LIT,2023-12-02 0:53,56,45,66.48,340,10,0,29.93,1013.8,10,null,FEW,null,null,null,11000,null,null,null,null,null,null,null,null,null,null,56,KLIT 020053Z 34010KT 10SM FEW110 13/07 A2993 RMK AO2 SLP138 T01330072,null
LIT,2023-12-02 1:53,52,43,71.28,350,8,0,29.95,1014.4,10,null,CLR,null,null,null,null,null,null,null,null,null,null,null,null,null,null,52,KLIT 020153Z 35008KT 10SM CLR 11/06 A2995 RMK AO2 SLP144 T01110061,null
LIT,2023-12-02 2:53,50,42,73.87,360,5,0,29.96,1014.7,10,null,CLR,null,null,null,null,null,null,null,null,null,null,null,null,null,null,50,KLIT 020253Z 36005KT 10SM CLR 10/06 A2996 RMK AO2 SLP147 T01000056 51019,null
LIT,2023-12-02 3:53,49,42,76.67,360,5,0,29.97,1014.9,10,null,CLR,null,null,null,null,null,null,null,null,null,null,null,null,null,null,46.58,KLIT 020353Z 36005KT 10SM CLR 09/06 A2997 RMK AO2 SLP149 T00940056,null
LIT,2023-12-02 4:53,48,42,79.6,350,7,0,29.98,1015.3,10,null,CLR,null,null,null,null,null,null,null,null,null,null,null,null,null,null,44.28,KLIT 020453Z 35007KT 10SM CLR 09/06 A2998 RMK AO2 SLP153 T00890056,null
LIT,2023-12-02 5:53,48,42,79.6,360,6,0,29.98,1015.5,10,null,CLR,null,null,null,null,null,null,null,null,null,null,null,null,null,null,44.8,KLIT 020553Z 36006KT 10SM CLR 09/06 A2998 RMK AO2 SLP155 T00890056 10150 20089 402060089 51007,null
LIT,2023-12-02 6:53,47,41,79.52,350,9,0,29.98,1015.3,10,null,CLR,null,null,null,null,null,null,null,null,null,null,null,null,null,null,42.17,KLIT 020653Z 35009KT 10SM CLR 08/05 A2998 RMK AO2 SLP153 T00830050,null
LIT,2023-12-02 7:53,47,41,79.52,360,9,0,29.98,1015.2,10,null,CLR,null,null,null,null,null,null,null,null,null,null,null,null,null,null,42.17,KLIT 020753Z 36009KT 10SM CLR 08/05 A2998 RMK AO2 SLP152 T00830050,null
LIT,2023-12-02 8:53,46,41,82.58,360,7,0,29.99,1015.7,10,null,CLR,null,null,null,null,null,null,null,null,null,null,null,null,null,null,41.84,KLIT 020853Z 36007KT 10SM CLR 08/05 A2999 RMK AO2 SLP157 T00780050 53003,null
LIT,2023-12-02 9:53,45,40,82.51,350,5,0,29.99,1015.7,10,null,SCT,null,null,null,25000,null,null,null,null,null,null,null,null,null,null,41.83,KLIT 020953Z 35005KT 10SM SCT250 07/04 A2999 RMK AO2 SLP157 T00720044,null
LIT,2023-12-02 10:53,45,40,82.51,360,6,0,29.99,1015.6,10,null,CLR,null,null,null,null,null,null,null,null,null,null,null,null,null,null,41.19,KLIT 021053Z 36006KT 10SM CLR 07/04 A2999 RMK AO2 SLP156 T00720044,null
LIT,2023-12-02 11:53,44,39,82.44,20,6,0,29.99,1015.8,10,null,CLR,null,null,null,null,null,null,null,null,null,null,null,null,null,null,39.98,KLIT 021153Z 02006KT 10SM CLR 07/04 A2999 RMK AO2 SLP158 T00670039 10089 20061 55001,null
LIT,2023-12-02 12:53,44,40,85.71,50,3,0,29.99,1015.8,10,null,BKN,BKN,null,null,16000,25000,null,null,null,null,null,null,null,null,null,42.41,KLIT 021253Z 05003KT 10SM BKN160 BKN250 07/04 A2999 RMK AO2 SLP158 T00670044,null
LIT,2023-12-02 13:53,46,41,82.58,100,5,0,30,1016.1,10,null,BKN,BKN,null,null,16000,25000,null,null,null,null,null,null,null,null,null,43.02,KLIT 021353Z 10005KT 10SM BKN160 BKN250 08/05 A3000 RMK AO2 SLP161 T00780050,null
LIT,2023-12-02 14:53,49,43,79.68,70,4,0,30.02,1016.7,10,null,BKN,BKN,null,null,16000,25000,null,null,null,null,null,null,null,null,null,47.27,KLIT 021453Z 07004KT 10SM BKN160 BKN250 09/06 A3002 RMK AO2 SLP167 T00940061 53009,null
LIT,2023-12-02 15:53,51,43,73.97,70,9,0,30.01,1016.5,10,null,FEW,BKN,null,null,10000,25000,null,null,null,null,null,null,null,null,null,51,KLIT 021553Z 07009KT 10SM FEW100 BKN250 11/06 A3001 RMK AO2 SLP165 T01060061,null
LIT,2023-12-02 16:53,54,44,68.82,40,7,0,29.99,1015.8,10,null,FEW,BKN,null,null,10000,25000,null,null,null,null,null,null,null,null,null,54,KLIT 021653Z 04007KT 10SM FEW100 BKN250 12/07 A2999 RMK AO2 SLP158 T01220067,null
LIT,2023-12-02 17:53,56,44,63.99,10,4,0,29.97,1015.2,10,null,BKN,BKN,null,null,10000,25000,null,null,null,null,null,null,null,null,null,56,KLIT 021753Z 01004KT 10SM BKN100 BKN250 13/07 A2997 RMK AO2 SLP152 T01330067 10133 20061 58015,null
LIT,2023-12-02 18:53,58,44,59.54,50,4,0,29.94,1014,10,null,FEW,BKN,null,null,10000,25000,null,null,null,null,null,null,null,null,null,58,KLIT 021853Z 05004KT 10SM FEW100 BKN250 14/07 A2994 RMK AO2 SLP140 T01440067,null
LIT,2023-12-02 19:53,59,45,59.67,50,5,0,29.91,1013.2,10,null,SCT,BKN,null,null,10000,25000,null,null,null,null,null,null,null,null,null,59,KLIT 021953Z 05005KT 10SM SCT100 BKN250 15/07 A2991 RMK AO2 SLP132 T01500072,null
LIT,2023-12-02 20:53,60,45,57.58,0,0,0,29.9,1012.8,10,null,SCT,BKN,null,null,10000,25000,null,null,null,null,null,null,null,null,null,60,KLIT 022053Z 00000KT 10SM SCT100 BKN250 16/07 A2990 RMK AO2 SLP128 T01560072 56023,null
LIT,2023-12-02 21:53,60,45,57.58,0,0,0,29.91,1012.9,10,null,FEW,BKN,null,null,12000,16000,null,null,null,null,null,null,null,null,null,60,KLIT 022153Z 00000KT 10SM FEW120 BKN160 16/07 A2991 RMK AO2 SLP129 T01560072,null
LIT,2023-12-02 22:53,57,45,64.12,0,0,0,29.92,1013.5,10,null,FEW,SCT,BKN,null,12000,16000,25000,null,null,null,null,null,null,null,null,57,KLIT 022253Z 00000KT 10SM FEW120 SCT160 BKN250 14/07 A2992 RMK AO2 SLP135 T01390072,null
LIT,2023-12-02 23:53,54,45,71.5,350,6,0,29.93,1013.9,4,null,FEW,SCT,BKN,null,13000,16000,25000,null,HZ,null,null,null,null,null,null,54,KLIT 022353Z 35006KT 4SM HZ FEW130 SCT160 BKN250 12/07 A2993 RMK AO2 SLP139 T01220072 10161 20122 53010,null
LIT,2023-12-03 0:53,50,44,79.76,0,0,0,29.92,1013.5,5,null,SCT,SCT,BKN,null,13000,16000,25000,null,HZ,null,null,null,null,null,null,50,KLIT 030053Z 00000KT 5SM HZ SCT130 SCT160 BKN250 10/07 A2992 RMK AO2 SLP135 T01000067,null
LIT,2023-12-03 1:53,49,43,79.68,0,0,0,29.92,1013.3,10,null,FEW,FEW,BKN,null,13000,16000,25000,null,null,null,null,null,null,null,null,49,KLIT 030153Z 00000KT 10SM FEW130 FEW160 BKN250 09/06 A2992 RMK AO2 SLP133 T00940061,null
LIT,2023-12-03 2:53,50,44,79.76,140,3,0,29.9,1012.7,10,null,SCT,BKN,null,null,9000,25000,null,null,null,null,null,null,null,null,null,50,KLIT 030253Z 14003KT 10SM SCT090 BKN250 10/07 A2990 RMK AO2 SLP127 T01000067 58012,null
LIT,2023-12-03 3:53,48,44,85.95,0,0,0,29.91,1013,10,null,SCT,BKN,null,null,10000,25000,null,null,null,null,null,null,null,null,null,48,KLIT 030353Z 00000KT 10SM SCT100 BKN250 09/07 A2991 RMK AO2 SLP130 T00890067,null
LIT,2023-12-03 4:53,47,43,85.89,250,3,0,29.9,1012.6,9,null,BKN,BKN,null,null,9500,25000,null,null,null,null,null,null,null,null,null,45.84,KLIT 030453Z 25003KT 9SM BKN095 BKN250 08/06 A2990 RMK AO2 SLP126 T00830061,null
LIT,2023-12-03 5:53,46,42,85.83,0,0,0,29.88,1012.1,8,null,SCT,BKN,null,null,9500,25000,null,null,null,null,null,null,null,null,null,46,KLIT 030553Z 00000KT 8SM SCT095 BKN250 08/06 A2988 RMK AO2 SLP121 T00780056 10122 20072 401610061 58006,null
LIT,2023-12-03 6:53,46,42,85.83,330,12,0,29.91,1013,7,null,FEW,SCT,null,null,10000,25000,null,null,null,null,null,null,null,null,null,39.82,KLIT 030653Z 33012KT 7SM FEW100 SCT250 08/06 A2991 RMK AO2 PRESRR SLP130 T00780056,null
LIT,2023-12-03 7:53,45,42,89.15,260,4,0,29.91,1013.1,7,null,SCT,null,null,null,25000,null,null,null,null,null,null,null,null,null,null,42.6,KLIT 030753Z 26004KT 7SM SCT250 07/06 A2991 RMK AO2 SLP131 T00720056,null
LIT,2023-12-03 8:53,46,42,85.83,280,5,0,29.92,1013.3,7,null,SCT,null,null,null,25000,null,null,null,null,null,null,null,null,null,null,43.02,KLIT 030853Z 28005KT 7SM SCT250 08/06 A2992 RMK AO2 SLP133 T00780056 51012,null
LIT,2023-12-03 9:53,45,41,85.77,260,5,0,29.92,1013.4,5,null,SCT,null,null,null,25000,null,null,null,BR,null,null,null,null,null,null,41.83,KLIT 030953Z 26005KT 5SM BR SCT250 07/05 A2992 RMK AO2 SLP134 T00720050,null
LIT,2023-12-03 10:53,44,41,89.11,280,4,0,29.93,1013.6,7,null,FEW,null,null,null,25000,null,null,null,null,null,null,null,null,null,null,41.43,KLIT 031053Z 28004KT 7SM FEW250 07/05 A2993 RMK AO2 SLP136 T00670050,null
LIT,2023-12-03 11:53,43,40,89.06,270,4,0,29.94,1014,7,null,FEW,null,null,null,25000,null,null,null,null,null,null,null,null,null,null,40.27,KLIT 031153Z 27004KT 7SM FEW250 06/04 A2994 RMK AO2 SLP140 T00610044 10089 20061 53006,null
LIT,2023-12-03 12:53,42,38,85.6,270,4,0,29.96,1014.9,7,null,FEW,null,null,null,25000,null,null,null,null,null,null,null,null,null,null,39.1,KLIT 031253Z 27004KT 7SM FEW250 06/03 A2996 RMK AO2 SLP149 T00560033,null
LIT,2023-12-03 13:53,42,38,85.6,0,0,0,29.97,1015.2,5,null,FEW,null,null,null,25000,null,null,null,BR,null,null,null,null,null,null,42,KLIT 031353Z 00000KT 5SM BR FEW250 06/03 A2997 RMK AO2 SLP152 T00560033,null
LIT,2023-12-03 14:53,46,42,85.83,300,4,0,29.99,1015.8,7,null,FEW,null,null,null,25000,null,null,null,null,null,null,null,null,null,null,43.77,KLIT 031453Z 30004KT 7SM FEW250 08/06 A2999 RMK AO2 SLP158 T00780056 51018,null
LIT,2023-12-03 15:53,52,44,74.07,330,10,0,30,1016.2,10,null,FEW,null,null,null,25000,null,null,null,null,null,null,null,null,null,null,52,KLIT 031553Z 33010KT 10SM FEW250 11/07 A3000 RMK AO2 SLP162 T01110067,null
LIT,2023-12-03 16:53,56,43,61.59,300,3,0,29.98,1015.5,10,null,FEW,FEW,null,null,15000,25000,null,null,null,null,null,null,null,null,null,56,KLIT 031653Z 30003KT 10SM FEW150 FEW250 13/06 A2998 RMK AO2 SLP155 T01330061 $,null
LIT,2023-12-03 17:53,60,44,55.42,140,4,0,29.96,1014.6,10,null,FEW,null,null,null,25000,null,null,null,null,null,null,null,null,null,null,60,KLIT 031753Z 14004KT 10SM FEW250 16/07 A2996 RMK AO2 SLP146 T01560067 10161 20050 58012 $,null
LIT,2023-12-03 18:53,63,43,47.97,170,7,0,29.94,1014.1,10,null,FEW,null,null,null,25000,null,null,null,null,null,null,null,null,null,null,63,KLIT 031853Z 17007KT 10SM FEW250 17/06 A2994 RMK AO2 SLP141 T01720061 $,null
LIT,2023-12-03 19:53,65,41,41.41,180,7,0,29.91,1013.1,10,null,FEW,null,null,null,25000,null,null,null,null,null,null,null,null,null,null,65,KLIT 031953Z 18007KT 10SM FEW250 18/05 A2991 RMK AO2 SLP131 T01830050 $,null
LIT,2023-12-03 20:53,65,41,41.41,170,8,0,29.89,1012.4,10,null,FEW,null,null,null,25000,null,null,null,null,null,null,null,null,null,null,65,KLIT 032053Z 17008KT 10SM FEW250 18/05 A2989 RMK AO2 SLP124 T01830050 58022 $,null
LIT,2023-12-03 21:53,63,39,41.09,210,7,0,29.87,1011.8,10,null,FEW,null,null,null,25000,null,null,null,null,null,null,null,null,null,null,63,KLIT 032153Z 21007KT 10SM FEW250 17/04 A2987 RMK AO2 SLP118 T01720039 $,null
LIT,2023-12-03 22:53,60,41,49.39,190,4,0,29.87,1011.7,10,null,FEW,null,null,null,25000,null,null,null,null,null,null,null,null,null,null,60,KLIT 032253Z 19004KT 10SM FEW250 16/05 A2987 RMK AO2 SLP117 T01560050 $,null
LIT,2023-12-03 23:53,54,42,63.74,230,3,0,29.88,1012.2,10,null,FEW,null,null,null,25000,null,null,null,null,null,null,null,null,null,null,54,KLIT 032353Z 23003KT 10SM FEW250 12/06 A2988 RMK AO2 SLP122 T01220056 10189 20122 55002 $,null
LIT,2023-12-04 0:53,51,41,68.48,0,0,0,29.89,1012.4,10,null,FEW,null,null,null,25000,null,null,null,null,null,null,null,null,null,null,51,KLIT 040053Z 00000KT 10SM FEW250 11/05 A2989 RMK AO2 SLP124 T01060050 $,null
LIT,2023-12-04 1:53,49,41,73.77,200,4,0,29.89,1012.4,9,null,FEW,null,null,null,25000,null,null,null,null,null,null,null,null,null,null,47.27,KLIT 040153Z 20004KT 9SM FEW250 09/05 A2989 RMK AO2 SLP124 T00940050 $,null
LIT,2023-12-04 2:53,53,43,68.71,250,4,0,29.9,1012.6,10,null,FEW,null,null,null,25000,null,null,null,null,null,null,null,null,null,null,53,KLIT 040253Z 25004KT 10SM FEW250 12/06 A2990 RMK AO2 SLP126 T01170061 53004 $,null
LIT,2023-12-04 3:53,49,42,76.67,260,4,0,29.88,1012.1,10,null,FEW,null,null,null,25000,null,null,null,null,null,null,null,null,null,null,47.27,KLIT 040353Z 26004KT 10SM FEW250 09/06 A2988 RMK AO2 SLP121 T00940056 $,null
LIT,2023-12-04 4:53,48,41,76.58,270,6,0,29.88,1011.9,10,null,FEW,null,null,null,25000,null,null,null,null,null,null,null,null,null,null,44.8,KLIT 040453Z 27006KT 10SM FEW250 09/05 A2988 RMK AO2 SLP119 T00890050 $,null
LIT,2023-12-04 5:53,47,41,79.52,270,6,0,29.88,1011.9,10,null,SCT,null,null,null,25000,null,null,null,null,null,null,null,null,null,null,43.6,KLIT 040553Z 27006KT 10SM SCT250 08/05 A2988 RMK AO2 SLP119 T00830050 10122 20083 401890050 $,null
LIT,2023-12-04 6:53,46,40,79.44,290,6,0,29.88,1012,10,null,SCT,null,null,null,25000,null,null,null,null,null,null,null,null,null,null,42.39,KLIT 040653Z 29006KT 10SM SCT250 08/04 A2988 RMK AO2 SLP120 T00780044 $,null
LIT,2023-12-04 7:53,48,40,73.67,280,8,0,29.87,1011.6,10,null,SCT,null,null,null,25000,null,null,null,null,null,null,null,null,null,null,43.82,KLIT 040753Z 28008KT 10SM SCT250 09/04 A2987 RMK AO2 SLP116 T00890044 $,null
LIT,2023-12-04 8:33,53,33,46.41,310,11,0,29.88,null,10,20,SCT,null,null,null,25000,null,null,null,null,null,null,null,null,null,null,53,KLIT 040833Z 31011G20KT 10SM SCT250 12/01 A2988 RMK AO2 WSHFT 30 FROPA T01170006 $,null
LIT,2023-12-04 8:53,54,32,42.98,310,12,0,29.89,1012.2,10,19,SCT,null,null,null,25000,null,null,null,null,null,null,null,null,null,null,54,KLIT 040853Z 31012G19KT 10SM SCT250 12/00 A2989 RMK AO2 SLP122 WSHFT 30 FROPA T01220000 53004 $,null
LIT,2023-12-04 9:53,53,30,41.11,300,13,0,29.9,1012.7,10,null,FEW,null,null,null,25000,null,null,null,null,null,null,null,null,null,null,53,KLIT 040953Z 30013KT 10SM FEW250 12/M01 A2990 RMK AO2 SLP127 T01171011 $,null
LIT,2023-12-04 10:53,49,30,47.68,270,7,0,29.92,1013.2,10,null,FEW,null,null,null,25000,null,null,null,null,null,null,null,null,null,null,45.5,KLIT 041053Z 27007KT 10SM FEW250 09/M01 A2992 RMK AO2 SLP132 T00941011 $,null
LIT,2023-12-04 11:53,48,30,49.49,290,8,0,29.95,1014.4,10,null,FEW,null,null,null,25000,null,null,null,null,null,null,null,null,null,null,43.82,KLIT 041153Z 29008KT 10SM FEW250 09/M01 A2995 RMK AO2 SLP144 T00891011 10122 20078 53021,null
LIT,2023-12-04 12:53,49,30,47.68,300,13,0,30,1016.1,10,19,CLR,null,null,null,null,null,null,null,null,null,null,null,26,320,2023-12-04 12:09,43.35,KLIT 041253Z 30013G19KT 10SM CLR 09/M01 A3000 RMK AO2 PK WND 32026/1209 PRESRR SLP161 T00941011,null
LIT,2023-12-04 13:53,49,30,47.68,300,11,0,30.04,1017.6,10,19,FEW,null,null,null,25000,null,null,null,null,null,null,null,null,null,null,43.95,KLIT 041353Z 30011G19KT 10SM FEW250 09/M01 A3004 RMK AO2 SLP176 T00941011,null
LIT,2023-12-04 14:53,51,32,47.99,320,10,0,30.08,1018.8,10,null,FEW,null,null,null,25000,null,null,null,null,null,null,null,null,null,null,51,KLIT 041453Z 32010KT 10SM FEW250 11/00 A3008 RMK AO2 SLP188 60000 T01060000 51044,null
LIT,2023-12-04 15:53,52,34,50.12,310,15,0,30.12,1020.2,10,25,FEW,null,null,null,25000,null,null,null,null,null,null,null,26,320,2023-12-04 15:22,52,KLIT 041553Z 31015G25KT 10SM FEW250 11/01 A3012 RMK AO2 PK WND 32026/1522 SLP202 T01110011,null
LIT,2023-12-04 16:53,54,35,48.46,330,14,0,30.13,1020.4,10,null,FEW,null,null,null,4500,null,null,null,null,null,null,null,null,null,null,54,KLIT 041653Z 33014KT 10SM FEW045 12/02 A3013 RMK AO2 SLP204 T01220017,null
LIT,2023-12-04 17:53,55,35,46.73,330,15,0,30.12,1020.2,10,22,FEW,FEW,null,null,4500,25000,null,null,null,null,null,null,null,null,null,55,KLIT 041753Z 33015G22KT 10SM FEW045 FEW250 13/02 A3012 RMK AO2 SLP202 60000 T01280017 10133 20089 50013,null
LIT,2023-12-04 18:53,58,36,43.62,330,12,0,30.11,1020,10,19,FEW,BKN,null,null,4500,25000,null,null,null,null,null,null,null,null,null,58,KLIT 041853Z 33012G19KT 10SM FEW045 BKN250 14/02 A3011 RMK AO2 SLP200 T01440022,null
LIT,2023-12-04 19:53,56,36,46.88,320,10,0,30.11,1019.7,10,null,BKN,null,null,null,25000,null,null,null,null,null,null,null,null,null,null,56,KLIT 041953Z 32010KT 10SM BKN250 13/02 A3011 RMK AO2 SLP197 T01330022,null
LIT,2023-12-04 20:53,55,36,48.62,320,8,0,30.12,1020,10,null,BKN,null,null,null,25000,null,null,null,null,null,null,null,null,null,null,55,KLIT 042053Z 32008KT 10SM BKN250 13/02 A3012 RMK AO2 SLP200 T01280022 55001,null
LIT,2023-12-04 21:53,56,36,46.88,310,9,0,30.13,1020.7,10,null,BKN,null,null,null,25000,null,null,null,null,null,null,null,null,null,null,56,KLIT 042153Z 31009KT 10SM BKN250 13/02 A3013 RMK AO2 SLP207 T01330022,null
LIT,2023-12-04 22:53,53,36,52.3,290,4,0,30.15,1021.2,10,null,BKN,null,null,null,25000,null,null,null,null,null,null,null,null,null,null,53,KLIT 042253Z 29004KT 10SM BKN250 12/02 A3015 RMK AO2 SLP212 T01170022,null
LIT,2023-12-04 23:53,51,36,56.31,250,5,0,30.16,1021.6,10,null,FEW,null,null,null,25000,null,null,null,null,null,null,null,null,null,null,51,KLIT 042353Z 25005KT 10SM FEW250 11/02 A3016 RMK AO2 SLP216 T01060022 10144 20106 51016,null
LIT,2023-12-05 0:53,47,36,65.38,230,5,0,30.16,1021.5,10,null,FEW,null,null,null,25000,null,null,null,null,null,null,null,null,null,null,44.21,KLIT 050053Z 23005KT 10SM FEW250 08/02 A3016 RMK AO2 SLP215 T00830022,null
LIT,2023-12-05 1:53,44,35,70.42,270,4,0,30.17,1022.1,10,null,FEW,null,null,null,25000,null,null,null,null,null,null,null,null,null,null,41.43,KLIT 050153Z 27004KT 10SM FEW250 07/02 A3017 RMK AO2 SLP221 T00670017,null
LIT,2023-12-05 2:53,45,36,70.53,260,4,0,30.18,1022.3,10,null,FEW,null,null,null,25000,null,null,null,null,null,null,null,null,null,null,42.6,KLIT 050253Z 26004KT 10SM FEW250 07/02 A3018 RMK AO2 SLP223 T00720022 53007,null
LIT,2023-12-05 3:53,43,35,73.16,270,4,0,30.2,1022.8,10,null,FEW,null,null,null,25000,null,null,null,null,null,null,null,null,null,null,40.27,KLIT 050353Z 27004KT 10SM FEW250 06/02 A3020 RMK AO2 SLP228 T00610017,null
LIT,2023-12-05 4:53,42,35,76.03,270,6,0,30.2,1022.9,10,null,FEW,null,null,null,25000,null,null,null,null,null,null,null,null,null,null,37.57,KLIT 050453Z 27006KT 10SM FEW250 06/02 A3020 RMK AO2 SLP229 T00560017,null
LIT,2023-12-05 5:53,40,34,78.94,250,3,0,30.2,1023,10,null,CLR,null,null,null,null,null,null,null,null,null,null,null,null,null,null,37.83,KLIT 050553Z 25003KT 10SM CLR 04/01 A3020 RMK AO2 SLP230 T00440011 10106 20044 401440044 51007,null
LIT,2023-12-05 6:53,40,34,78.94,280,5,0,30.19,1022.4,10,null,CLR,null,null,null,null,null,null,null,null,null,null,null,null,null,null,35.9,KLIT 050653Z 28005KT 10SM CLR 04/01 A3019 RMK AO2 SLP224 T00440011,null
LIT,2023-12-05 7:53,38,33,82,260,5,0,30.18,1022.3,10,null,CLR,null,null,null,null,null,null,null,null,null,null,null,null,null,null,33.52,KLIT 050753Z 26005KT 10SM CLR 03/01 A3018 RMK AO2 SLP223 T00330006,null
LIT,2023-12-05 8:53,38,33,82,260,6,0,30.19,1022.5,10,null,CLR,null,null,null,null,null,null,null,null,null,null,null,null,null,null,32.76,KLIT 050853Z 26006KT 10SM CLR 03/01 A3019 RMK AO2 SLP225 T00330006 55006,null
LIT,2023-12-05 9:53,36,31,81.86,0,0,0,30.17,1021.9,10,null,FEW,null,null,null,25000,null,null,null,null,null,null,null,null,null,null,36,KLIT 050953Z 00000KT 10SM FEW250 02/M01 A3017 RMK AO2 SLP219 T00221006,null
LIT,2023-12-05 10:53,37,32,81.93,260,6,0,30.17,1021.9,10,null,FEW,null,null,null,25000,null,null,null,null,null,null,null,null,null,null,31.55,KLIT 051053Z 26006KT 10SM FEW250 03/00 A3017 RMK AO2 SLP219 T00280000,null
LIT,2023-12-05 11:53,38,32,78.77,270,6,0,30.18,1022.5,10,null,FEW,null,null,null,25000,null,null,null,null,null,null,null,null,null,null,32.76,KLIT 051153Z 27006KT 10SM FEW250 03/00 A3018 RMK AO2 SLP225 T00330000 10056 20022 55001,null
LIT,2023-12-05 12:53,39,32,75.75,250,4,0,30.18,1022.5,10,null,FEW,null,null,null,11000,null,null,null,null,null,null,null,null,null,null,35.59,KLIT 051253Z 25004KT 10SM FEW110 04/00 A3018 RMK AO2 SLP225 T00390000,null
LIT,2023-12-05 13:53,40,33,75.84,260,7,0,30.2,1023.1,10,null,FEW,null,null,null,11000,null,null,null,null,null,null,null,null,null,null,34.53,KLIT 051353Z 26007KT 10SM FEW110 04/01 A3020 RMK AO2 SLP231 T00440006,null
LIT,2023-12-05 14:53,46,34,62.71,260,6,0,30.21,1023.3,10,null,CLR,null,null,null,null,null,null,null,null,null,null,null,null,null,null,42.39,KLIT 051453Z 26006KT 10SM CLR 08/01 A3021 RMK AO2 SLP233 T00780011 53008,null
LIT,2023-12-05 15:53,53,35,50.27,270,7,0,30.2,1023.1,10,null,CLR,null,null,null,null,null,null,null,null,null,null,null,null,null,null,53,KLIT 051553Z 27007KT 10SM CLR 12/02 A3020 RMK AO2 SLP231 T01170017,null
LIT,2023-12-05 16:53,60,35,39.03,270,6,0,30.18,1022.3,10,null,CLR,null,null,null,null,null,null,null,null,null,null,null,null,null,null,60,KLIT 051653Z 27006KT 10SM CLR 16/02 A3018 RMK AO2 SLP223 T01560017,null
LIT,2023-12-05 17:53,64,32,30.05,340,11,0,30.17,1021.9,10,19,CLR,null,null,null,null,null,null,null,null,null,null,null,null,null,null,64,KLIT 051753Z 34011G19KT 10SM CLR 18/00 A3017 RMK AO2 SLP219 T01780000 10183 20033 58013,null
LIT,2023-12-05 18:01,64,30,27.71,330,15,0,30.17,null,10,24,CLR,null,null,null,null,null,null,null,null,null,null,null,null,null,null,64,KLIT 051801Z 33015G24KT 10SM CLR 18/M01 A3017 RMK AO2 WSHFT 1741 T01781011,null
LIT,2023-12-05 18:53,64,31,28.86,340,17,T,30.16,1021.5,10,27,CLR,null,null,null,null,null,null,null,null,null,null,null,28,320,2023-12-05 18:28,64,KLIT 051853Z 34017G27KT 10SM CLR 18/M01 A3016 RMK AO2 PK WND 32028/1828 WSHFT 1741 RAB13E48 SLP215 P0000 T01781006,null
LIT,2023-12-05 19:53,65,30,26.76,320,13,0,30.16,1021.4,10,22,CLR,null,null,null,null,null,null,null,null,null,null,null,30,350,2023-12-05 19:01,65,KLIT 051953Z 32013G22KT 10SM CLR 18/M01 A3016 RMK AO2 PK WND 35030/1901 SLP214 T01831011,null
LIT,2023-12-05 20:53,65,29,25.69,330,11,0,30.15,1021.3,10,25,CLR,null,null,null,null,null,null,null,null,null,null,null,27,320,2023-12-05 20:27,65,KLIT 052053Z 33011G25KT 10SM CLR 18/M02 A3015 RMK AO2 PK WND 32027/2027 SLP213 60000 T01831017 56006,null
LIT,2023-12-05 21:53,63,29,27.56,330,13,0,30.17,1021.9,10,null,CLR,null,null,null,null,null,null,null,null,null,null,null,null,null,null,63,KLIT 052153Z 33013KT 10SM CLR 17/M02 A3017 RMK AO2 SLP219 T01721017,null
LIT,2023-12-05 22:53,60,28,29.41,310,12,0,30.19,1022.5,10,null,CLR,null,null,null,null,null,null,null,null,null,null,null,null,null,null,60,KLIT 052253Z 31012KT 10SM CLR 16/M02 A3019 RMK AO2 SLP225 T01561022,null
LIT,2023-12-05 23:53,58,27,30.32,320,9,0,30.23,1023.8,10,null,CLR,null,null,null,null,null,null,null,null,null,null,null,null,null,null,58,KLIT 052353Z 32009KT 10SM CLR 14/M03 A3023 RMK AO2 SLP238 60000 T01441028 10183 20139 53025,null
LIT,2023-12-06 0:53,52,27,37.72,20,8,0,30.27,1025.4,10,null,CLR,null,null,null,null,null,null,null,null,null,null,null,null,null,null,52,KLIT 060053Z 02008KT 10SM CLR 11/M03 A3027 RMK AO2 SLP254 T01111028,null
LIT,2023-12-06 1:53,52,28,39.3,350,7,0,30.31,1026.6,10,null,CLR,null,null,null,null,null,null,null,null,null,null,null,null,null,null,52,KLIT 060153Z 35007KT 10SM CLR 11/M02 A3031 RMK AO2 SLP266 T01111022,null
LIT,2023-12-06 2:53,48,28,45.61,10,5,0,30.33,1027.3,10,null,CLR,null,null,null,null,null,null,null,null,null,null,null,null,null,null,45.4,KLIT 060253Z 01005KT 10SM CLR 09/M02 A3033 RMK AO2 SLP273 T00891022 51034,null
LIT,2023-12-06 3:53,48,28,45.61,350,4,0,30.34,1027.6,10,null,CLR,null,null,null,null,null,null,null,null,null,null,null,null,null,null,46.1,KLIT 060353Z 35004KT 10SM CLR 09/M02 A3034 RMK AO2 SLP276 T00891022,null
LIT,2023-12-06 4:53,47,28,47.36,330,4,0,30.36,1028.3,10,null,CLR,null,null,null,null,null,null,null,null,null,null,null,null,null,null,44.94,KLIT 060453Z 33004KT 10SM CLR 08/M02 A3036 RMK AO2 SLP283 T00831022,null
LIT,2023-12-06 5:53,45,28,51.08,310,3,0,30.37,1028.7,10,null,CLR,null,null,null,null,null,null,null,null,null,null,null,null,null,null,43.55,KLIT 060553Z 31003KT 10SM CLR 07/M02 A3037 RMK AO2 SLP287 T00721022 10144 20067 401830022 53015,null
LIT,2023-12-06 6:53,41,29,62.04,350,5,0,30.37,1028.6,10,null,CLR,null,null,null,null,null,null,null,null,null,null,null,null,null,null,37.08,KLIT 060653Z 35005KT 10SM CLR 05/M02 A3037 RMK AO2 SLP286 T00501017,null
LIT,2023-12-06 7:53,37,28,69.63,10,7,0,30.38,1029,10,null,CLR,null,null,null,null,null,null,null,null,null,null,null,null,null,null,30.87,KLIT 060753Z 01007KT 10SM CLR 03/M02 A3038 RMK AO2 SLP290 T00281022,null
LIT,2023-12-06 8:53,40,29,64.5,10,6,0,30.4,1029.6,10,null,CLR,null,null,null,null,null,null,null,null,null,null,null,null,null,null,35.17,KLIT 060853Z 01006KT 10SM CLR 04/M02 A3040 RMK AO2 SLP296 T00441017 53008,null
LIT,2023-12-06 9:53,38,28,66.94,0,0,0,30.41,1030.2,10,null,CLR,null,null,null,null,null,null,null,null,null,null,null,null,null,null,38,KLIT 060953Z 00000KT 10SM CLR 03/M02 A3041 RMK AO2 SLP302 T00331022,null
LIT,2023-12-06 10:53,36,29,75.46,360,3,0,30.42,1030.3,10,null,CLR,null,null,null,null,null,null,null,null,null,null,null,null,null,null,33.26,KLIT 061053Z 36003KT 10SM CLR 02/M02 A3042 RMK AO2 SLP303 T00221017,null
LIT,2023-12-06 11:53,35,27,72.32,10,6,0,30.42,1030.6,10,null,CLR,null,null,null,null,null,null,null,null,null,null,null,null,null,null,29.14,KLIT 061153Z 01006KT 10SM CLR 02/M03 A3042 RMK AO2 SLP306 T00171028 10072 20017 51009,null
LIT,2023-12-06 12:53,37,28,69.63,360,4,0,30.44,1031.2,10,null,CLR,null,null,null,null,null,null,null,null,null,null,null,null,null,null,33.26,KLIT 061253Z 36004KT 10SM CLR 03/M02 A3044 RMK AO2 SLP312 T00281022,null
LIT,2023-12-06 13:53,38,30,72.64,0,0,0,30.45,1031.5,10,null,FEW,null,null,null,25000,null,null,null,null,null,null,null,null,null,null,38,KLIT 061353Z 00000KT 10SM FEW250 03/M01 A3045 RMK AO2 SLP315 T00331011,null
LIT,2023-12-06 14:53,45,32,60.11,40,6,0,30.46,1031.9,10,null,FEW,null,null,null,25000,null,null,null,null,null,null,null,null,null,null,41.19,KLIT 061453Z 04006KT 10SM FEW250 07/00 A3046 RMK AO2 SLP319 T00720000 51013,null
LIT,2023-12-06 15:53,47,31,53.52,100,4,0,30.48,1032.3,10,null,CLR,null,null,null,null,null,null,null,null,null,null,null,null,null,null,44.94,KLIT 061553Z 10004KT 10SM CLR 08/M01 A3048 RMK AO2 SLP323 T00831006,null
LIT,2023-12-06 16:53,48,31,51.54,null,3,0,30.47,1031.9,10,null,FEW,null,null,null,16000,null,null,null,null,null,null,null,null,null,null,46.98,KLIT 061653Z VRB03KT 10SM FEW160 09/M01 A3047 RMK AO2 SLP319 T00891006,null
LIT,2023-12-06 17:53,50,31,47.83,0,0,0,30.42,1030.5,10,null,FEW,null,null,null,16000,null,null,null,null,null,null,null,null,null,null,50,KLIT 061753Z 00000KT 10SM FEW160 10/M01 A3042 RMK AO2 SLP305 T01001006 10106 20017 58013,null
LIT,2023-12-06 18:53,53,31,42.81,0,0,0,30.4,1029.6,10,null,FEW,null,null,null,16000,null,null,null,null,null,null,null,null,null,null,53,KLIT 061853Z 00000KT 10SM FEW160 12/M01 A3040 RMK AO2 SLP296 T01171006,null
LIT,2023-12-06 19:53,54,32,42.98,90,5,0,30.37,1028.6,10,null,FEW,null,null,null,16000,null,null,null,null,null,null,null,null,null,null,54,KLIT 061953Z 09005KT 10SM FEW160 12/00 A3037 RMK AO2 SLP286 T01220000,null
LIT,2023-12-06 20:53,55,32,41.44,null,3,0,30.35,1028.1,10,null,FEW,null,null,null,16000,null,null,null,null,null,null,null,null,null,null,55,KLIT 062053Z VRB03KT 10SM FEW160 13/00 A3035 RMK AO2 SLP281 T01280000 56024,null
LIT,2023-12-06 21:53,54,32,42.98,160,5,0,30.34,1027.7,10,null,FEW,null,null,null,16000,null,null,null,null,null,null,null,null,null,null,54,KLIT 062153Z 16005KT 10SM FEW160 12/00 A3034 RMK AO2 SLP277 T01220000,null
LIT,2023-12-06 22:53,50,33,51.85,150,5,0,30.34,1027.6,10,null,FEW,null,null,null,25000,null,null,null,null,null,null,null,null,null,null,50,KLIT 062253Z 15005KT 10SM FEW250 10/01 A3034 RMK AO2 SLP276 T01000006,null
LIT,2023-12-06 23:53,46,33,60.25,170,5,0,30.33,1027.3,10,null,CLR,null,null,null,null,null,null,null,null,null,null,null,null,null,null,43.02,KLIT 062353Z 17005KT 10SM CLR 08/01 A3033 RMK AO2 SLP273 T00780006 10128 20078 56009,null
LIT,2023-12-07 0:53,45,33,62.58,0,0,0,30.32,1027,10,null,CLR,null,null,null,null,null,null,null,null,null,null,null,null,null,null,45,KLIT 070053Z 00000KT 10SM CLR 07/01 A3032 RMK AO2 SLP270 T00720006,null
LIT,2023-12-07 1:53,44,33,65.01,0,0,0,30.31,1026.8,10,null,CLR,null,null,null,null,null,null,null,null,null,null,null,null,null,null,44,KLIT 070153Z 00000KT 10SM CLR 07/01 A3031 RMK AO2 SLP268 T00670006,null
LIT,2023-12-07 2:53,44,34,67.66,0,0,0,30.31,1026.6,10,null,CLR,null,null,null,null,null,null,null,null,null,null,null,null,null,null,44,KLIT 070253Z 00000KT 10SM CLR 07/01 A3031 RMK AO2 SLP266 T00670011 56006,null
LIT,2023-12-07 3:53,43,33,67.54,0,0,0,30.29,1026,10,null,CLR,null,null,null,null,null,null,null,null,null,null,null,null,null,null,43,KLIT 070353Z 00000KT 10SM CLR 06/01 A3029 RMK AO2 SLP260 T00610006,null
LIT,2023-12-07 4:53,42,33,70.19,0,0,0,30.29,1025.9,10,null,CLR,null,null,null,null,null,null,null,null,null,null,null,null,null,null,42,KLIT 070453Z 00000KT 10SM CLR 06/01 A3029 RMK AO2 SLP259 T00560006,null
LIT,2023-12-07 5:53,41,33,72.96,220,5,0,30.27,1025.2,10,null,CLR,null,null,null,null,null,null,null,null,null,null,null,null,null,null,37.08,KLIT 070553Z 22005KT 10SM CLR 05/01 A3027 RMK AO2 SLP252 T00500006 10083 20050 401280017 58014,null
LIT,2023-12-07 6:53,41,32,70.08,0,0,0,30.25,1024.6,10,null,CLR,null,null,null,null,null,null,null,null,null,null,null,null,null,null,41,KLIT 070653Z 00000KT 10SM CLR 05/00 A3025 RMK AO2 SLP246 T00500000,null
LIT,2023-12-07 7:53,40,32,72.85,270,4,0,30.23,1024.2,10,null,CLR,null,null,null,null,null,null,null,null,null,null,null,null,null,null,36.76,KLIT 070753Z 27004KT 10SM CLR 04/00 A3023 RMK AO2 SLP242 T00440000,null
LIT,2023-12-07 8:53,41,32,70.08,260,4,0,30.23,1023.8,10,null,CLR,null,null,null,null,null,null,null,null,null,null,null,null,null,null,37.93,KLIT 070853Z 26004KT 10SM CLR 05/00 A3023 RMK AO2 SLP238 T00500000 56013,null
LIT,2023-12-07 9:53,40,31,69.97,120,3,0,30.21,1023.4,10,null,CLR,null,null,null,null,null,null,null,null,null,null,null,null,null,null,37.83,KLIT 070953Z 12003KT 10SM CLR 04/M01 A3021 RMK AO2 SLP234 T00441006,null
LIT,2023-12-07 10:53,37,31,78.69,180,3,0,30.2,1022.9,10,null,CLR,null,null,null,null,null,null,null,null,null,null,null,null,null,null,34.4,KLIT 071053Z 18003KT 10SM CLR 03/M01 A3020 RMK AO2 SLP229 T00281006,null
LIT,2023-12-07 11:53,36,31,81.86,180,4,0,30.19,1022.6,10,null,CLR,null,null,null,null,null,null,null,null,null,null,null,null,null,null,32.09,KLIT 071153Z 18004KT 10SM CLR 02/M01 A3019 RMK AO2 SLP226 T00221006 10056 20022 56013,null
LIT,2023-12-07 12:53,37,31,78.69,200,4,0,30.19,1022.8,10,null,FEW,null,null,null,25000,null,null,null,null,null,null,null,null,null,null,33.26,KLIT 071253Z 20004KT 10SM FEW250 03/M01 A3019 RMK AO2 SLP228 T00281006,null
LIT,2023-12-07 13:53,43,33,67.54,240,6,0,30.19,1022.6,10,null,SCT,null,null,null,25000,null,null,null,null,null,null,null,null,null,null,38.78,KLIT 071353Z 24006KT 10SM SCT250 06/01 A3019 RMK AO2 SLP226 T00610006,null
LIT,2023-12-07 14:53,47,35,62.84,230,8,0,30.19,1022.6,10,null,SCT,null,null,null,25000,null,null,null,null,null,null,null,null,null,null,42.59,KLIT 071453Z 23008KT 10SM SCT250 08/02 A3019 RMK AO2 SLP226 T00830017 58000,null
LIT,2023-12-07 15:53,52,35,52.15,230,12,0,30.19,1022.5,10,null,SCT,null,null,null,25000,null,null,null,null,null,null,null,null,null,null,52,KLIT 071553Z 23012KT 10SM SCT250 11/02 A3019 RMK AO2 SLP225 T01110017,null
LIT,2023-12-07 16:53,55,35,46.73,230,11,0,30.16,1021.5,10,null,SCT,null,null,null,25000,null,null,null,null,null,null,null,null,null,null,55,KLIT 071653Z COR 23011KT 10SM SCT250 13/02 A3016 RMK AO2 SLP215 T01280017,null
LIT,2023-12-07 17:53,59,37,43.78,210,10,0,30.11,1019.9,10,null,SCT,null,null,null,25000,null,null,null,null,null,null,null,null,null,null,59,KLIT 071753Z 21010KT 10SM SCT250 15/03 A3011 RMK AO2 SLP199 T01500028 10150 20022 58026,null
LIT,2023-12-07 18:53,61,36,39.19,220,10,0,30.07,1018.5,10,null,BKN,null,null,null,25000,null,null,null,null,null,null,null,null,null,null,61,KLIT 071853Z 22010KT 10SM BKN250 16/02 A3007 RMK AO2 SLP185 T01610022,null
LIT,2023-12-07 19:53,62,38,40.93,210,8,0,30.04,1017.4,10,null,BKN,BKN,null,null,16000,25000,null,null,null,null,null,null,null,null,null,62,KLIT 071953Z 21008KT 10SM BKN160 BKN250 17/03 A3004 RMK AO2 SLP174 T01670033,null
LIT,2023-12-07 20:53,63,37,37.99,210,10,0,30.02,1016.7,10,16,BKN,BKN,null,null,16000,25000,null,null,null,null,null,null,null,null,null,63,KLIT 072053Z 21010G16KT 10SM BKN160 BKN250 17/03 A3002 RMK AO2 SLP167 T01720028 56032,null
LIT,2023-12-07 21:53,63,39,41.09,180,8,0,30.01,1016.3,10,null,SCT,BKN,null,null,16000,25000,null,null,null,null,null,null,null,null,null,63,KLIT 072153Z 18008KT 10SM SCT160 BKN250 17/04 A3001 RMK AO2 SLP163 T01720039,null
LIT,2023-12-07 22:53,60,37,42.24,200,7,0,30,1016.1,10,null,FEW,BKN,null,null,16000,25000,null,null,null,null,null,null,null,null,null,60,KLIT 072253Z 20007KT 10SM FEW160 BKN250 16/03 A3000 RMK AO2 SLP161 T01560028,null
LIT,2023-12-07 23:53,57,37,47.04,190,9,0,29.99,1015.8,10,null,BKN,null,null,null,25000,null,null,null,null,null,null,null,null,null,null,57,KLIT 072353Z 19009KT 10SM BKN250 14/03 A2999 RMK AO2 SLP158 T01390028 10178 20133 56009,null
LIT,2023-12-08 0:53,55,36,48.62,180,8,0,29.99,1015.9,10,null,SCT,null,null,null,25000,null,null,null,null,null,null,null,null,null,null,55,KLIT 080053Z 18008KT 10SM SCT250 13/02 A2999 RMK AO2 SLP159 T01280022,null
LIT,2023-12-08 1:53,54,36,50.42,190,10,0,29.98,1015.5,10,null,SCT,null,null,null,25000,null,null,null,null,null,null,null,null,null,null,54,KLIT 080153Z 19010KT 10SM SCT250 12/02 A2998 RMK AO2 SLP155 T01220022,null
LIT,2023-12-08 2:53,54,35,48.46,200,13,0,29.96,1014.8,10,21,SCT,null,null,null,25000,null,null,null,null,null,null,null,null,null,null,54,KLIT 080253Z 20013G21KT 10SM SCT250 12/02 A2996 RMK AO2 SLP148 T01220017 58009,null
LIT,2023-12-08 3:53,54,34,46.57,200,11,0,29.97,1014.9,10,17,SCT,null,null,null,25000,null,null,null,null,null,null,null,null,null,null,54,KLIT 080353Z 20011G17KT 10SM SCT250 12/01 A2997 RMK AO2 SLP149 T01220011,null
LIT,2023-12-08 4:53,51,34,52,210,8,0,29.97,1015.1,10,null,SCT,null,null,null,25000,null,null,null,null,null,null,null,null,null,null,51,KLIT 080453Z 21008KT 10SM SCT250 11/01 A2997 RMK AO2 SLP151 T01060011,null
LIT,2023-12-08 5:53,50,34,53.97,210,6,0,29.97,1015.2,10,null,SCT,null,null,null,25000,null,null,null,null,null,null,null,null,null,null,50,KLIT 080553Z 21006KT 10SM SCT250 10/01 A2997 RMK AO2 SLP152 T01000011 10139 20100 401780022 51003,null
LIT,2023-12-08 6:53,51,35,54.12,0,0,0,29.96,1014.9,10,null,BKN,null,null,null,4000,null,null,null,null,null,null,null,null,null,null,51,KLIT 080653Z 00000KT 10SM BKN040 11/02 A2996 RMK AO2 SLP149 T01060017,null
LIT,2023-12-08 7:53,48,35,60.52,0,0,0,29.96,1014.6,10,null,BKN,null,null,null,4300,null,null,null,null,null,null,null,null,null,null,48,KLIT 080753Z 00000KT 10SM BKN043 09/02 A2996 RMK AO2 SLP146 T00890017,null
LIT,2023-12-08 8:53,45,35,67.78,0,0,0,29.95,1014.4,10,null,FEW,SCT,SCT,null,4300,6000,25000,null,null,null,null,null,null,null,null,45,KLIT 080853Z 00000KT 10SM FEW043 SCT060 SCT250 07/02 A2995 RMK AO2 SLP144 T00720017 56008,null
LIT,2023-12-08 9:53,50,38,63.23,150,5,0,29.94,1014,10,null,BKN,OVC,null,null,2700,4000,null,null,null,null,null,null,null,null,null,50,KLIT 080953Z 15005KT 10SM BKN027 OVC040 10/03 A2994 RMK AO2 SLP140 T01000033,null
LIT,2023-12-08 10:53,51,38,60.92,190,4,0,29.93,1013.6,10,null,OVC,null,null,null,2700,null,null,null,null,null,null,null,null,null,null,51,KLIT 081053Z 19004KT 10SM OVC027 11/03 A2993 RMK AO2 SLP136 T01060033,null
LIT,2023-12-08 11:53,51,39,63.36,200,4,0,29.93,1013.7,10,null,BKN,OVC,null,null,2700,4000,null,null,null,null,null,null,null,null,null,51,KLIT 081153Z 20004KT 10SM BKN027 OVC040 11/04 A2993 RMK AO2 SLP137 T01060039 10111 20072 55006,null
LIT,2023-12-08 12:53,53,41,63.61,190,4,0,29.94,1014,10,null,OVC,null,null,null,2500,null,null,null,null,null,null,null,null,null,null,53,KLIT 081253Z 19004KT 10SM OVC025 12/05 A2994 RMK AO2 SLP140 T01170050,null
LIT,2023-12-08 13:53,54,42,63.74,190,4,0,29.93,1013.8,10,null,OVC,null,null,null,2500,null,null,null,null,null,null,null,null,null,null,54,KLIT 081353Z 19004KT 10SM OVC025 12/06 A2993 RMK AO2 SLP138 T01220056,null
LIT,2023-12-08 14:53,56,44,63.99,200,8,0,29.93,1013.7,10,null,OVC,null,null,null,2500,null,null,null,null,null,null,null,null,null,null,56,KLIT 081453Z 20008KT 10SM OVC025 13/07 A2993 RMK AO2 SLP137 T01330067 58001,null
LIT,2023-12-08 15:53,58,47,66.71,210,7,0,29.92,1013.4,10,null,OVC,null,null,null,2100,null,null,null,null,null,null,null,null,null,null,58,KLIT 081553Z 21007KT 10SM OVC021 14/08 A2992 RMK AO2 SLP134 T01440083,null
LIT,2023-12-08 16:53,63,52,67.29,210,8,0,29.9,1012.7,10,15,OVC,null,null,null,2100,null,null,null,null,null,null,null,null,null,null,63,KLIT 081653Z 21008G15KT 10SM OVC021 17/11 A2990 RMK AO2 SLP127 T01720111,null
LIT,2023-12-08 17:53,64,53,67.41,220,14,0,29.87,1011.6,10,null,OVC,null,null,null,1900,null,null,null,null,null,null,null,null,null,null,64,KLIT 081753Z 22014KT 10SM OVC019 18/12 A2987 RMK AO2 SLP116 T01780117 10178 20106 58020,null
LIT,2023-12-08 18:53,63,53,69.82,210,15,0,29.84,1010.6,10,24,OVC,null,null,null,1800,null,null,null,null,null,null,null,26,220,2023-12-08 18:36,63,KLIT 081853Z 21015G24KT 10SM OVC018 17/12 A2984 RMK AO2 PK WND 22026/1836 SLP106 T01720117,null
LIT,2023-12-08 19:53,63,54,72.42,210,13,0,29.82,1010,10,null,OVC,null,null,null,1600,null,null,null,null,null,null,null,null,null,null,63,KLIT 081953Z 21013KT 10SM OVC016 17/12 A2982 RMK AO2 SLP100 T01720122,null
LIT,2023-12-08 20:53,64,55,72.52,200,9,0,29.81,1009.7,10,16,OVC,null,null,null,1500,null,null,null,null,null,null,null,null,null,null,64,KLIT 082053Z 20009G16KT 10SM OVC015 18/13 A2981 RMK AO2 SLP097 T01780128 56020,null
LIT,2023-12-08 21:53,63,56,77.89,190,8,0,29.81,1009.4,10,null,OVC,null,null,null,1400,null,null,null,null,null,null,null,null,null,null,63,KLIT 082153Z 19008KT 10SM OVC014 17/13 A2981 RMK AO2 SLP094 T01720133,null
LIT,2023-12-08 22:48,62.6,57.2,82.5,170,9,T,29.8,null,3,null,OVC,null,null,null,1300,null,null,null,#NAME?,null,null,null,null,null,null,62.6,KLIT 082248Z 17009KT 3SM -DZ OVC013 17/14 A2980 RMK AO2 DZB43 P0000,null
LIT,2023-12-08 22:53,62,57,83.65,180,10,T,29.8,1009.3,3,null,OVC,null,null,null,1300,null,null,null,#NAME?,null,null,null,null,null,null,62,KLIT 082253Z 18010KT 3SM -DZ OVC013 17/14 A2980 RMK AO2 DZB43 SLP093 P0000 T01670139,null
LIT,2023-12-08 23:53,64,57,77.97,190,9,T,29.81,1009.5,7,19,OVC,null,null,null,1300,null,null,null,null,null,null,null,null,null,null,64,KLIT 082353Z 19009G19KT 7SM OVC013 18/14 A2981 RMK AO2 DZE08 SLP095 P0000 60000 T01780139 10183 20167 55001,null
LIT,2023-12-09 0:33,65,58,78.06,180,11,0,29.82,null,7,null,OVC,null,null,null,1500,null,null,null,null,null,null,null,null,null,null,65,KLIT 090033Z 18011KT 7SM OVC015 18/14 A2982 RMK AO2 T01830144,null
LIT,2023-12-09 0:53,65,58,78.06,200,13,0,29.82,1009.8,7,22,OVC,null,null,null,1600,null,null,null,null,null,null,null,null,null,null,65,KLIT 090053Z 20013G22KT 7SM OVC016 18/14 A2982 RMK AO2 SLP098 T01830144,null
LIT,2023-12-09 1:53,66,58,75.39,200,10,0,29.81,1009.6,7,18,OVC,null,null,null,1800,null,null,null,null,null,null,null,null,null,null,66,KLIT 090153Z 20010G18KT 7SM OVC018 19/14 A2981 RMK AO2 SLP096 T01890144,null
LIT,2023-12-09 2:53,67,59,75.48,200,11,0,29.82,1009.9,10,21,OVC,null,null,null,1700,null,null,null,null,null,null,null,null,null,null,67,KLIT 090253Z 20011G21KT 10SM OVC017 19/15 A2982 RMK AO2 SLP099 T01940150 51004,null
LIT,2023-12-09 3:53,66,59,78.14,210,8,0,29.83,1010.3,10,null,BKN,OVC,null,null,1700,2200,null,null,null,null,null,null,null,null,null,66,KLIT 090353Z 21008KT 10SM BKN017 OVC022 19/15 A2983 RMK AO2 SLP103 T01890150,null
LIT,2023-12-09 4:53,66,59,78.14,190,10,0,29.83,1010.1,10,null,BKN,BKN,OVC,null,2000,3600,25000,null,null,null,null,null,null,null,null,66,KLIT 090453Z 19010KT 10SM BKN020 BKN036 OVC250 19/15 A2983 RMK AO2 SLP101 T01890150,null
LIT,2023-12-09 5:53,66,59,78.14,190,10,0,29.82,1009.9,10,null,FEW,SCT,SCT,null,1600,2300,3400,null,null,null,null,null,null,null,null,66,KLIT 090553Z 19010KT 10SM FEW016 SCT023 SCT034 19/15 A2982 RMK AO2 SLP099 T01890150 10194 20178 401940072 50001,null
LIT,2023-12-09 6:53,66,60,80.98,200,12,0,29.82,1009.9,10,null,FEW,SCT,SCT,null,1600,2300,3400,null,null,null,null,null,null,null,null,66,KLIT 090653Z 20012KT 10SM FEW016 SCT023 SCT034 19/16 A2982 RMK AO2 LTG DSNT SW AND W SLP099 T01890156,null
LIT,2023-12-09 7:21,65,60,83.84,220,10,0.03,29.85,null,4,15,FEW,BKN,OVC,null,1600,2300,4200,null,#NAME?,null,null,null,null,null,null,65,KLIT 090721Z 22010G15KT 4SM +TSRA FEW016 BKN023 OVC042 18/16 A2985 RMK AO2 LTG DSNT N AND SW RAB09 TSB19 PRESRR P0003 T01830156,null
LIT,2023-12-09 7:35,65,61,86.88,190,16,0.16,29.81,null,4,21,FEW,BKN,OVC,null,1600,2300,3900,null,RA BR,null,null,null,null,null,null,65,KLIT 090735Z 19016G21KT 4SM RA BR FEW016 BKN023CB OVC039 18/16 A2981 RMK AO2 LTG DSNT ALQDS RAB09 TSB19E34 FRQ LTGICCCCG OHD TS OHD MOV NE P0016 T01830161,null
LIT,2023-12-09 7:42,65,61,86.88,220,12,0.17,29.82,null,3,21,FEW,BKN,OVC,null,1600,2300,3900,null,#NAME?,null,null,null,null,null,null,65,KLIT 090742Z 22012G21KT 3SM +TSRA FEW016 BKN023CB OVC039 18/16 A2982 RMK AO2 LTG DSNT ALQDS RAB09 TSB19E34B36 FRQ LTGICCCCG OHD TS OHD MOV NE P0017 T01830161,null
LIT,2023-12-09 7:53,64,58,80.83,240,17,0.18,29.83,1010.2,3,22,FEW,BKN,OVC,null,1600,2500,4000,null,TSRA,null,null,null,null,null,null,64,KLIT 090753Z 24017G22KT 3SM TSRA FEW016 BKN025CB OVC040 18/14 A2983 RMK AO2 RAB09 TSB19E34B36 SLP102 FRQ LTGICCCCG OHD TS OHD MOV NE P0018 T01780144,null
LIT,2023-12-09 8:53,62,58,86.72,190,8,0.04,29.82,1010,7,null,FEW,BKN,OVC,null,800,1700,9000,null,TSRA,null,null,null,null,null,null,62,KLIT 090853Z 19008KT 7SM TSRA FEW008 BKN017CB OVC090 17/14 A2982 RMK AO2 SLP100 OCNL LTGICCCCG OHD TS OHD MOV E P0004 60022 T01670144 50001 $,null
LIT,2023-12-09 9:53,61,57,86.67,240,4,0.02,29.82,1009.9,8,null,FEW,BKN,OVC,null,600,1700,7500,null,#NAME?,null,null,null,null,null,null,61,KLIT 090953Z 24004KT 8SM -TSRA FEW006 BKN017CB OVC075 16/14 A2982 RMK AO2 SLP099 OCNL LTGICCCCG OHD TS OHD MOV NE P0002 T01610139 $,null
LIT,2023-12-09 10:31,61,58,89.84,200,5,T,29.84,null,10,null,FEW,BKN,OVC,null,1500,3000,4500,null,null,null,null,null,null,null,null,61,KLIT 091031Z 20005KT 10SM FEW015 BKN030 OVC045 16/14 A2984 RMK AO2 RAE28 TSE28 TS MOV E P0000 T01610144 $,null
LIT,2023-12-09 10:53,62,58,86.72,210,4,T,29.84,1010.5,10,null,SCT,BKN,OVC,null,1700,2600,3200,null,#NAME?,null,null,null,null,null,null,62,KLIT 091053Z 21004KT 10SM -RA SCT017 BKN026 OVC032 17/14 A2984 RMK AO2 RAE28B36 TSE28 SLP105 P0000 T01670144 $,null
LIT,2023-12-09 11:36,62,58,86.72,0,0,T,29.85,null,10,null,FEW,BKN,OVC,null,500,1300,1900,null,null,null,null,null,null,null,null,62,KLIT 091136Z 00000KT 10SM FEW005 BKN013 OVC019 17/14 A2985 RMK AO2 RAE16 P0000 T01670144 $,null
LIT,2023-12-09 11:53,61,58,89.84,340,3,T,29.86,1011.2,10,null,FEW,OVC,null,null,500,1000,null,null,null,null,null,null,null,null,null,61,KLIT 091153Z 34003KT 10SM FEW005 OVC010 16/14 A2986 RMK AO2 RAE16B46E52 SLP112 P0000 60024 70024 T01610144 10189 20161 53012 $,null
LIT,2023-12-09 12:53,61,58,89.84,0,0,T,29.86,1011.4,10,null,FEW,OVC,null,null,500,1000,null,null,null,null,null,null,null,null,null,61,KLIT 091253Z 00000KT 10SM FEW005 OVC010 16/14 A2986 RMK AO2 RAB31E45 SLP114 P0000 T01610144 $,null
LIT,2023-12-09 13:53,62,58,86.72,350,4,0,29.88,1011.8,8,null,FEW,OVC,null,null,500,1000,null,null,null,null,null,null,null,null,null,62,KLIT 091353Z 35004KT 8SM FEW005 OVC010 17/14 A2988 RMK AO2 SLP118 T01670144 $,null
LIT,2023-12-09 14:53,61,56,83.59,360,6,0.02,29.9,1012.7,10,null,FEW,OVC,null,null,600,1300,null,null,null,null,null,null,null,null,null,61,KLIT 091453Z 36006KT 10SM FEW006 OVC013 16/13 A2990 RMK AO2 RAB1356E16 SLP127 P0002 60002 T01610133 53015 $,null
LIT,2023-12-09 15:53,62,55,77.81,340,4,0.01,29.93,1013.5,10,null,BKN,OVC,null,null,1500,2000,null,null,null,null,null,null,null,null,null,62,KLIT 091553Z 34004KT 10SM BKN015 OVC020 17/13 A2993 RMK AO2 RAB16E31 SLP135 P0001 T01670128 $,null
LIT,2023-12-09 16:53,61,54,77.72,320,10,0,29.94,1013.8,10,null,OVC,null,null,null,2100,null,null,null,null,null,null,null,null,null,null,61,KLIT 091653Z 32010KT 10SM OVC021 16/12 A2994 RMK AO2 SLP138 T01610122 $,null
LIT,2023-12-09 17:53,62,52,69.71,350,9,0,29.92,1013.4,10,null,FEW,BKN,BKN,null,2400,4900,6500,null,null,null,null,null,null,null,null,62,KLIT 091753Z 35009KT 10SM FEW024 BKN049 BKN065 17/11 A2992 RMK AO2 SLP134 60003 T01670111 10172 20156 50007 $,null
LIT,2023-12-09 18:53,64,51,62.62,340,9,0,29.93,1013.7,10,null,SCT,BKN,null,null,5500,7500,null,null,null,null,null,null,null,null,null,64,KLIT 091853Z 34009KT 10SM SCT055 BKN075 18/11 A2993 RMK AO2 SLP137 T01780106 $,null
LIT,2023-12-09 19:53,67,50,54.35,320,13,0,29.93,1013.8,10,19,SCT,null,null,null,6000,null,null,null,null,null,null,null,null,null,null,67,KLIT 091953Z 32013G19KT 10SM SCT060 19/10 A2993 RMK AO2 SLP138 T01940100 $,null
LIT,2023-12-09 20:53,66,49,54.21,320,8,0,29.95,1014.4,10,null,SCT,null,null,null,6000,null,null,null,null,null,null,null,null,null,null,66,KLIT 092053Z 32008KT 10SM SCT060 19/09 A2995 RMK AO2 SLP144 T01890094 53009 $,null
LIT,2023-12-09 21:53,66,42,41.57,350,12,0,29.98,1015.3,10,19,FEW,SCT,null,null,7500,25000,null,null,null,null,null,null,null,null,null,66,KLIT 092153Z 35012G19KT 10SM FEW075 SCT250 19/06 A2998 RMK AO2 SLP153 T01890056 $,null
LIT,2023-12-09 22:53,63,40,42.72,320,9,0,30,1015.9,10,null,SCT,SCT,null,null,7500,15000,null,null,null,null,null,null,null,null,null,63,KLIT 092253Z 32009KT 10SM SCT075 SCT150 17/04 A3000 RMK AO2 SLP159 T01720044 $,null
LIT,2023-12-09 23:53,62,38,40.93,330,10,0,30.02,1016.8,10,null,FEW,SCT,null,null,7500,15000,null,null,null,null,null,null,null,null,null,62,KLIT 092353Z 33010KT 10SM FEW075 SCT150 17/03 A3002 RMK AO2 SLP168 T01670033 10200 20161 51024 $,null
LIT,2023-12-10 0:53,61,37,40.77,340,9,0,30.04,1017.4,10,null,BKN,null,null,null,15000,null,null,null,null,null,null,null,null,null,null,61,KLIT 100053Z 34009KT 10SM BKN150 16/03 A3004 RMK AO2 SLP174 T01610028 $,null
LIT,2023-12-10 1:53,60,33,36.03,350,14,0,30.06,1018.1,10,21,BKN,null,null,null,11000,null,null,null,null,null,null,null,null,null,null,60,KLIT 100153Z 35014G21KT 10SM BKN110 16/01 A3006 RMK AO2 SLP181 T01560006 $,null
LIT,2023-12-10 2:53,58,31,35.7,340,13,0,30.09,1019,10,21,BKN,null,null,null,12000,null,null,null,null,null,null,null,null,null,null,58,KLIT 100253Z 34013G21KT 10SM BKN120 14/M01 A3009 RMK AO2 SLP190 T01441006 53022 $,null
LIT,2023-12-10 3:53,54,30,39.63,10,12,0,30.12,1020,10,24,BKN,null,null,null,14000,null,null,null,null,null,null,null,26,20,2023-12-10 3:20,54,KLIT 100353Z 01012G24KT 10SM BKN140 12/M01 A3012 RMK AO2 PK WND 02026/0320 SLP200 T01221011 $,null
LIT,2023-12-10 4:53,52,30,42.65,20,18,0,30.15,1021.2,10,23,OVC,null,null,null,14000,null,null,null,null,null,null,null,32,10,2023-12-10 4:12,52,KLIT 100453Z 02018G23KT 10SM OVC140 11/M01 A3015 RMK AO2 PK WND 01032/0412 SLP212 T01111011 $,null
LIT,2023-12-10 5:53,50,29,44.1,360,15,0,30.17,1021.9,10,20,OVC,null,null,null,14000,null,null,null,null,null,null,null,null,null,null,50,KLIT 100553Z 36015G20KT 10SM OVC140 10/M02 A3017 RMK AO2 SLP219 T01001017 10167 20100 402000100 51028 $,null
LIT,2023-12-10 6:53,48,28,45.61,360,7,0,30.17,1021.8,10,null,SCT,null,null,null,16000,null,null,null,null,null,null,null,null,null,null,44.28,KLIT 100653Z 36007KT 10SM SCT160 09/M02 A3017 RMK AO2 SLP218 T00891022 $,null
LIT,2023-12-10 7:53,45,27,49.02,360,7,0,30.18,1022.2,10,null,CLR,null,null,null,null,null,null,null,null,null,null,null,null,null,null,40.63,KLIT 100753Z 36007KT 10SM CLR 07/M03 A3018 RMK AO2 SLP222 T00721028 $,null
LIT,2023-12-10 8:53,44,25,46.88,360,7,0,30.19,1022.6,10,null,CLR,null,null,null,null,null,null,null,null,null,null,null,null,null,null,39.41,KLIT 100853Z 36007KT 10SM CLR 07/M04 A3019 RMK AO2 SLP226 T00671039 53007 $,null
LIT,2023-12-10 9:53,43,25,48.7,350,9,0,30.19,1022.7,10,null,CLR,null,null,null,null,null,null,null,null,null,null,null,null,null,null,37.19,KLIT 100953Z 35009KT 10SM CLR 06/M04 A3019 RMK AO2 SLP227 T00611039 $,null
LIT,2023-12-10 10:53,41,24,50.46,350,7,0,30.19,1022.6,10,null,CLR,null,null,null,null,null,null,null,null,null,null,null,null,null,null,35.75,KLIT 101053Z 35007KT 10SM CLR 05/M04 A3019 RMK AO2 SLP226 T00501044 $,null
LIT,2023-12-10 11:53,41,24,50.46,360,10,0,30.21,1023.3,10,null,CLR,null,null,null,null,null,null,null,null,null,null,null,null,null,null,34.25,KLIT 101153Z 36010KT 10SM CLR 05/M04 A3021 RMK AO2 SLP233 70003 T00501044 10106 20050 53007 $,null
LIT,2023-12-10 12:53,39,25,56.86,350,8,0,30.22,1023.7,10,null,CLR,null,null,null,null,null,null,null,null,null,null,null,null,null,null,32.74,KLIT 101253Z 35008KT 10SM CLR 04/M04 A3022 RMK AO2 SLP237 T00391039 $,null
LIT,2023-12-10 13:53,41,24,50.46,340,11,0,30.24,1024.1,10,null,CLR,null,null,null,null,null,null,null,null,null,null,null,null,null,null,33.84,KLIT 101353Z 34011KT 10SM CLR 05/M04 A3024 RMK AO2 SLP241 T00501044 $,null
LIT,2023-12-10 14:53,43,23,44.8,350,12,0,30.24,1024.1,10,null,CLR,null,null,null,null,null,null,null,null,null,null,null,null,null,null,36,KLIT 101453Z 35012KT 10SM CLR 06/M05 A3024 RMK AO2 SLP241 T00611050 51008 $,null
LIT,2023-12-10 15:53,47,24,40.12,350,13,0,30.27,1025.3,10,17,CLR,null,null,null,null,null,null,null,null,null,null,null,null,null,null,40.79,KLIT 101553Z 35013G17KT 10SM CLR 08/M04 A3027 RMK AO2 SLP253 T00831044 $,null
LIT,2023-12-10 16:53,48,24,38.64,310,10,0,30.26,1024.8,10,null,CLR,null,null,null,null,null,null,null,null,null,null,null,null,null,null,43.03,KLIT 101653Z 31010KT 10SM CLR 09/M04 A3026 RMK AO2 SLP248 T00891044 $,null
LIT,2023-12-10 17:53,50,22,32.97,310,8,0,30.22,1023.7,10,null,CLR,null,null,null,null,null,null,null,null,null,null,null,null,null,null,50,KLIT 101753Z 31008KT 10SM CLR 10/M06 A3022 RMK AO2 SLP237 T01001056 10106 20039 58004 $,null
LIT,2023-12-10 18:53,53,22,29.51,310,9,0,30.19,1022.7,10,null,CLR,null,null,null,null,null,null,null,null,null,null,null,null,null,null,53,KLIT 101853Z 31009KT 10SM CLR 12/M06 A3019 RMK AO2 SLP227 T01171056 $,null
LIT,2023-12-10 19:53,54,21,27.27,340,8,0,30.19,1022.4,10,null,CLR,null,null,null,null,null,null,null,null,null,null,null,null,null,null,54,KLIT 101953Z 34008KT 10SM CLR 12/M06 A3019 RMK AO2 SLP224 T01221061 $,null
LIT,2023-12-10 20:53,54,19,25.04,350,9,0,30.18,1022.1,10,null,FEW,null,null,null,25000,null,null,null,null,null,null,null,null,null,null,54,KLIT 102053Z 35009KT 10SM FEW250 12/M07 A3018 RMK AO2 SLP221 T01221072 56015 $,null
LIT,2023-12-10 21:53,53,19,25.98,330,9,0,30.18,1022.4,10,null,FEW,null,null,null,25000,null,null,null,null,null,null,null,null,null,null,53,KLIT 102153Z 33009KT 10SM FEW250 12/M07 A3018 RMK AO2 SLP224 T01171072,null
LIT,2023-12-10 22:53,50,18,27.8,330,7,0,30.19,1022.7,10,null,FEW,null,null,null,25000,null,null,null,null,null,null,null,null,null,null,50,KLIT 102253Z 33007KT 10SM FEW250 10/M08 A3019 RMK AO2 SLP227 T01001078,null
LIT,2023-12-10 23:53,48,20,32.64,340,4,0,30.18,1022.4,10,null,FEW,null,null,null,25000,null,null,null,null,null,null,null,null,null,null,46.1,KLIT 102353Z 34004KT 10SM FEW250 09/M07 A3018 RMK AO2 SLP224 T00891067 10128 20089 50002,null
LIT,2023-12-11 0:53,44,22,41.34,290,3,0,30.18,1022.3,10,null,FEW,null,null,null,25000,null,null,null,null,null,null,null,null,null,null,42.41,KLIT 110053Z 29003KT 10SM FEW250 07/M06 A3018 RMK AO2 SLP223 T00671056,null
LIT,2023-12-11 1:53,42,24,48.55,270,4,0,30.18,1022.4,10,null,FEW,null,null,null,25000,null,null,null,null,null,null,null,null,null,null,39.1,KLIT 110153Z 27004KT 10SM FEW250 06/M04 A3018 RMK AO2 SLP224 T00561044,null
LIT,2023-12-11 2:53,41,25,52.61,280,4,0,30.18,1022.2,10,null,CLR,null,null,null,null,null,null,null,null,null,null,null,null,null,null,37.93,KLIT 110253Z 28004KT 10SM CLR 05/M04 A3018 RMK AO2 SLP222 T00501039 58002,null
LIT,2023-12-11 3:53,39,24,54.54,290,4,0,30.19,1022.7,10,null,CLR,null,null,null,null,null,null,null,null,null,null,null,null,null,null,35.59,KLIT 110353Z 29004KT 10SM CLR 04/M04 A3019 RMK AO2 SLP227 T00391044,null
LIT,2023-12-11 4:53,37,25,61.5,260,5,0,30.19,1022.8,10,null,CLR,null,null,null,null,null,null,null,null,null,null,null,null,null,null,32.33,KLIT 110453Z 26005KT 10SM CLR 03/M04 A3019 RMK AO2 SLP228 T00281039,null
LIT,2023-12-11 5:53,35,25,66.57,260,5,0,30.21,1023.2,10,null,CLR,null,null,null,null,null,null,null,null,null,null,null,null,null,null,29.96,KLIT 110553Z 26005KT 10SM CLR 02/M04 A3021 RMK AO2 SLP232 T00171039 10094 20017 401280017 52010,null
LIT,2023-12-11 6:53,34,25,69.28,270,5,0,30.21,1023.3,10,null,CLR,null,null,null,null,null,null,null,null,null,null,null,null,null,null,28.77,KLIT 110653Z 27005KT 10SM CLR 01/M04 A3021 RMK AO2 SLP233 T00111039,null
LIT,2023-12-11 7:53,34,24,66.45,280,4,0,30.21,1023.3,10,null,CLR,null,null,null,null,null,null,null,null,null,null,null,null,null,null,29.76,KLIT 110753Z 28004KT 10SM CLR 01/M04 A3021 RMK AO2 SLP233 T00111044,null
LIT,2023-12-11 8:53,34,25,69.28,270,4,0,30.21,1023.4,10,null,CLR,null,null,null,null,null,null,null,null,null,null,null,null,null,null,29.76,KLIT 110853Z 27004KT 10SM CLR 01/M04 A3021 RMK AO2 SLP234 T00111039 51001,null
LIT,2023-12-11 9:53,32,24,72,270,5,0,30.21,1023.4,10,null,CLR,null,null,null,null,null,null,null,null,null,null,null,null,null,null,26.4,KLIT 110953Z 27005KT 10SM CLR 00/M04 A3021 RMK AO2 SLP234 T00001044,null
LIT,2023-12-11 10:53,32,24,72,260,4,0,30.22,1023.5,10,null,CLR,null,null,null,null,null,null,null,null,null,null,null,null,null,null,27.42,KLIT 111053Z 26004KT 10SM CLR 00/M04 A3022 RMK AO2 SLP235 T00001044,null
LIT,2023-12-11 11:53,31,25,78.16,0,0,0,30.23,1024,10,null,CLR,null,null,null,null,null,null,null,null,null,null,null,null,null,null,31,KLIT 111153Z 00000KT 10SM CLR M01/M04 A3023 RMK AO2 SLP240 T10061039 10017 21006 53006,null
LIT,2023-12-11 12:53,31,25,78.16,0,0,0,30.24,1024.6,10,null,FEW,null,null,null,25000,null,null,null,null,null,null,null,null,null,null,31,KLIT 111253Z 00000KT 10SM FEW250 M01/M04 A3024 RMK AO2 SLP246 T10061039,null
LIT,2023-12-11 13:53,33,26,75.17,0,0,0,30.26,1025.2,10,null,FEW,null,null,null,25000,null,null,null,null,null,null,null,null,null,null,33,KLIT 111353Z 00000KT 10SM FEW250 01/M03 A3026 RMK AO2 SLP252 T00061033,null
LIT,2023-12-11 14:53,39,28,64.37,0,0,0,30.28,1025.8,10,null,FEW,null,null,null,25000,null,null,null,null,null,null,null,null,null,null,39,KLIT 111453Z 00000KT 10SM FEW250 04/M02 A3028 RMK AO2 SLP258 T00391022 53017,null
LIT,2023-12-11 15:53,45,25,45.12,160,4,0,30.28,1025.8,10,null,FEW,null,null,null,25000,null,null,null,null,null,null,null,null,null,null,42.6,KLIT 111553Z COR 16004KT 10SM FEW250 07/M04 A3028 RMK AO2 SLP258 T00721039,null
LIT,2023-12-11 16:53,50,25,37.39,200,4,0,30.28,1025.8,10,null,FEW,null,null,null,25000,null,null,null,null,null,null,null,null,null,null,50,KLIT 111653Z 20004KT 10SM FEW250 10/M04 A3028 RMK AO2 SLP258 T01001039,null
LIT,2023-12-11 17:53,54,24,30.94,240,5,0,30.26,1025,10,null,FEW,null,null,null,25000,null,null,null,null,null,null,null,null,null,null,54,KLIT 111753Z 24005KT 10SM FEW250 12/M04 A3026 RMK AO2 SLP250 T01221044 10122 21006 58008,null
LIT,2023-12-11 18:53,56,23,27.59,270,4,0,30.24,1024.3,10,null,FEW,null,null,null,25000,null,null,null,null,null,null,null,null,null,null,56,KLIT 111853Z 27004KT 10SM FEW250 13/M05 A3024 RMK AO2 SLP243 T01331050,null
LIT,2023-12-11 19:53,57,25,28.93,240,6,0,30.23,1024,10,null,FEW,null,null,null,25000,null,null,null,null,null,null,null,null,null,null,57,KLIT 111953Z 24006KT 10SM FEW250 14/M04 A3023 RMK AO2 SLP240 T01391039 $,null
LIT,2023-12-11 20:53,57,24,27.75,250,6,0,30.22,1023.7,10,null,FEW,null,null,null,25000,null,null,null,null,null,null,null,null,null,null,57,KLIT 112053Z 25006KT 10SM FEW250 14/M04 A3022 RMK AO2 SLP237 T01391044 56013 $,null
LIT,2023-12-11 21:53,56,25,30,220,5,0,30.23,1024,10,null,FEW,null,null,null,25000,null,null,null,null,null,null,null,null,null,null,56,KLIT 112153Z 22005KT 10SM FEW250 13/M04 A3023 RMK AO2 SLP240 T01331039,null
LIT,2023-12-11 22:53,54,26,33.63,180,3,0,30.23,1024.1,10,null,FEW,null,null,null,25000,null,null,null,null,null,null,null,null,null,null,54,KLIT 112253Z 18003KT 10SM FEW250 12/M03 A3023 RMK AO2 SLP241 T01221033,null
LIT,2023-12-11 23:53,46,29,51.24,190,4,0,30.26,1024.9,10,null,CLR,null,null,null,null,null,null,null,null,null,null,null,null,null,null,43.77,KLIT 112353Z 19004KT 10SM CLR 08/M02 A3026 RMK AO2 SLP249 T00781017 10144 20078 53012,null
LIT,2023-12-12 0:53,46,28,49.18,200,7,0,30.26,1025.2,10,null,CLR,null,null,null,null,null,null,null,null,null,null,null,null,null,null,41.84,KLIT 120053Z 20007KT 10SM CLR 08/M02 A3026 RMK AO2 SLP252 T00781022,null
LIT,2023-12-12 1:53,45,28,51.08,260,3,0,30.28,1025.7,10,null,CLR,null,null,null,null,null,null,null,null,null,null,null,null,null,null,43.55,KLIT 120153Z 26003KT 10SM CLR 07/M02 A3028 RMK AO2 SLP257 T00721022,null
LIT,2023-12-12 2:53,42,29,59.69,270,4,0,30.3,1026.3,10,null,CLR,null,null,null,null,null,null,null,null,null,null,null,null,null,null,39.1,KLIT 120253Z 27004KT 10SM CLR 06/M02 A3030 RMK AO2 SLP263 T00561017 53014,null
LIT,2023-12-12 3:53,39,29,67.06,250,4,0,30.32,1026.9,10,null,CLR,null,null,null,null,null,null,null,null,null,null,null,null,null,null,35.59,KLIT 120353Z 25004KT 10SM CLR 04/M02 A3032 RMK AO2 SLP269 T00391017,null
LIT,2023-12-12 4:53,39,29,67.06,0,0,0,30.34,1027.6,10,null,CLR,null,null,null,null,null,null,null,null,null,null,null,null,null,null,39,KLIT 120453Z 00000KT 10SM CLR 04/M02 A3034 RMK AO2 SLP276 T00391017,null
LIT,2023-12-12 5:53,37,29,72.54,250,3,0,30.34,1027.8,10,null,CLR,null,null,null,null,null,null,null,null,null,null,null,null,null,null,34.4,KLIT 120553Z 25003KT 10SM CLR 03/M02 A3034 RMK AO2 SLP278 T00281017 10094 20028 401441006 51014,null
LIT,2023-12-12 6:53,37,29,72.54,0,0,0,30.34,1027.7,10,null,CLR,null,null,null,null,null,null,null,null,null,null,null,null,null,null,37,KLIT 120653Z 00000KT 10SM CLR 03/M02 A3034 RMK AO2 SLP277 T00281017,null
LIT,2023-12-12 7:53,36,29,75.46,280,3,0,30.35,1027.9,10,null,CLR,null,null,null,null,null,null,null,null,null,null,null,null,null,null,33.26,KLIT 120753Z 28003KT 10SM CLR 02/M02 A3035 RMK AO2 SLP279 T00221017,null
LIT,2023-12-12 8:53,36,29,75.46,0,0,0,30.35,1028.2,10,null,CLR,null,null,null,null,null,null,null,null,null,null,null,null,null,null,36,KLIT 120853Z 00000KT 10SM CLR 02/M02 A3035 RMK AO2 SLP282 T00221017 53004,null
LIT,2023-12-12 9:53,35,29,78.51,270,3,0,30.36,1028.6,10,null,CLR,null,null,null,null,null,null,null,null,null,null,null,null,null,null,32.12,KLIT 120953Z 27003KT 10SM CLR 02/M02 A3036 RMK AO2 SLP286 T00171017,null
LIT,2023-12-12 10:53,33,27,78.34,0,0,0,30.38,1029.1,10,null,FEW,null,null,null,25000,null,null,null,null,null,null,null,null,null,null,33,KLIT 121053Z 00000KT 10SM FEW250 01/M03 A3038 RMK AO2 SLP291 T00061028,null
LIT,2023-12-12 11:53,34,28,78.43,0,0,0,30.4,1029.9,10,null,CLR,null,null,null,null,null,null,null,null,null,null,null,null,null,null,34,KLIT 121153Z 00000KT 10SM CLR 01/M02 A3040 RMK AO2 SLP299 T00111022 10033 20000 53017,null
LIT,2023-12-12 12:53,33,28,81.63,270,3,0,30.42,1030.6,10,null,BKN,null,null,null,25000,null,null,null,null,null,null,null,null,null,null,29.83,KLIT 121253Z 27003KT 10SM BKN250 01/M02 A3042 RMK AO2 SLP306 T00061022 $,null
LIT,2023-12-12 13:53,35,29,78.51,0,0,0,30.45,1031.4,10,null,BKN,null,null,null,25000,null,null,null,null,null,null,null,null,null,null,35,KLIT 121353Z 00000KT 10SM BKN250 02/M02 A3045 RMK AO2 SLP314 T00171017 $,null
LIT,2023-12-12 14:53,41,32,70.08,0,0,0,30.47,1032.1,10,null,BKN,null,null,null,25000,null,null,null,null,null,null,null,null,null,null,41,KLIT 121453Z 00000KT 10SM BKN250 05/00 A3047 RMK AO2 SLP321 T00500000 $,null
LIT,2023-12-12 15:53,47,32,55.73,0,0,0,30.48,1032.6,10,null,BKN,null,null,null,25000,null,null,null,null,null,null,null,null,null,null,47,KLIT 121553Z 00000KT 10SM BKN250 08/00 A3048 RMK AO2 SLP326 T00830000,null
LIT,2023-12-12 16:53,51,34,52,0,0,0,30.49,1032.7,10,null,BKN,null,null,null,25000,null,null,null,null,null,null,null,null,null,null,51,KLIT 121653Z 00000KT 10SM BKN250 11/01 A3049 RMK AO2 SLP327 T01060011 $,null
LIT,2023-12-12 17:53,58,31,35.7,340,4,0,30.46,1031.6,10,null,BKN,null,null,null,25000,null,null,null,null,null,null,null,null,null,null,58,KLIT 121753Z 34004KT 10SM BKN250 14/M01 A3046 RMK AO2 SLP316 T01441006 10144 20000 58003 $,null
LIT,2023-12-12 18:53,61,29,29.57,0,0,0,30.43,1030.8,10,null,BKN,null,null,null,25000,null,null,null,null,null,null,null,null,null,null,61,KLIT 121853Z 00000KT 10SM BKN250 16/M02 A3043 RMK AO2 SLP308 T01611017,null
LIT,2023-12-12 19:53,62,30,29.73,70,3,0,30.42,1030.3,10,null,BKN,null,null,null,25000,null,null,null,null,null,null,null,null,null,null,62,KLIT 121953Z 07003KT 10SM BKN250 17/M01 A3042 RMK AO2 SLP303 T01671011,null
LIT,2023-12-12 20:53,62,27,26.29,140,3,0,30.42,1030.3,10,null,BKN,null,null,null,25000,null,null,null,null,null,null,null,null,null,null,62,KLIT 122053Z 14003KT 10SM BKN250 17/M03 A3042 RMK AO2 SLP303 T01671028 55013,null
LIT,2023-12-12 21:53,60,32,34.61,120,7,0,30.43,1030.6,10,null,BKN,null,null,null,25000,null,null,null,null,null,null,null,null,null,null,60,KLIT 122153Z 12007KT 10SM BKN250 16/00 A3043 RMK AO2 SLP306 T01560000,null
LIT,2023-12-12 22:53,54,32,42.98,140,7,0,30.45,1031.5,10,null,BKN,null,null,null,25000,null,null,null,null,null,null,null,null,null,null,54,KLIT 122253Z 14007KT 10SM BKN250 12/00 A3045 RMK AO2 SLP315 T01220000,null
LIT,2023-12-12 23:53,51,33,49.96,130,4,0,30.46,1032,10,null,FEW,null,null,null,25000,null,null,null,null,null,null,null,null,null,null,51,KLIT 122353Z 13004KT 10SM FEW250 11/01 A3046 RMK AO2 SLP320 T01060006 10172 20106 53015,null
LIT,2023-12-13 0:53,51,32,47.99,0,0,0,30.48,1032.4,10,null,FEW,null,null,null,25000,null,null,null,null,null,null,null,null,null,null,51,KLIT 130053Z 00000KT 10SM FEW250 11/00 A3048 RMK AO2 SLP324 T01060000,null
LIT,2023-12-13 1:53,46,32,57.87,0,0,0,30.49,1032.8,10,null,FEW,null,null,null,25000,null,null,null,null,null,null,null,null,null,null,46,KLIT 130153Z 00000KT 10SM FEW250 08/00 A3049 RMK AO2 SLP328 T00780000,null
LIT,2023-12-13 2:53,43,35,73.16,0,0,0,30.5,1033.2,10,null,FEW,null,null,null,25000,null,null,null,null,null,null,null,null,null,null,43,KLIT 130253Z 00000KT 10SM FEW250 06/02 A3050 RMK AO2 SLP332 T00610017 52012,null
LIT,2023-12-13 3:53,42,33,70.19,0,0,0,30.52,1033.7,10,null,FEW,null,null,null,25000,null,null,null,null,null,null,null,null,null,null,42,KLIT 130353Z 00000KT 10SM FEW250 06/01 A3052 RMK AO2 SLP337 T00560006,null
LIT,2023-12-13 4:53,42,33,70.19,0,0,0,30.52,1033.7,10,null,FEW,null,null,null,25000,null,null,null,null,null,null,null,null,null,null,42,KLIT 130453Z 00000KT 10SM FEW250 06/01 A3052 RMK AO2 SLP337 T00560006,null
LIT,2023-12-13 5:53,40,33,75.84,0,0,0,30.51,1033.5,10,null,FEW,null,null,null,25000,null,null,null,null,null,null,null,null,null,null,40,KLIT 130553Z 00000KT 10SM FEW250 04/01 A3051 RMK AO2 SLP335 T00440006 10111 20044 401720000 50003,null
LIT,2023-12-13 6:53,39,33,78.86,0,0,0,30.51,1033.3,10,null,CLR,null,null,null,null,null,null,null,null,null,null,null,null,null,null,39,KLIT 130653Z 00000KT 10SM CLR 04/01 A3051 RMK AO2 SLP333 T00390006,null
LIT,2023-12-13 7:53,38,32,78.77,0,0,0,30.52,1033.6,10,null,CLR,null,null,null,null,null,null,null,null,null,null,null,null,null,null,38,KLIT 130753Z 00000KT 10SM CLR 03/00 A3052 RMK AO2 SLP336 T00330000,null
LIT,2023-12-13 8:53,38,31,75.65,0,0,0,30.53,1034.2,10,null,CLR,null,null,null,null,null,null,null,null,null,null,null,null,null,null,38,KLIT 130853Z 00000KT 10SM CLR 03/M01 A3053 RMK AO2 SLP342 T00331006 53007,null
LIT,2023-12-13 9:53,38,32,78.77,0,0,0,30.53,1034,10,null,CLR,null,null,null,null,null,null,null,null,null,null,null,null,null,null,38,KLIT 130953Z 00000KT 10SM CLR 03/00 A3053 RMK AO2 SLP340 T00330000,null
LIT,2023-12-13 10:53,39,33,78.86,20,3,0,30.53,1034.2,10,null,SCT,null,null,null,25000,null,null,null,null,null,null,null,null,null,null,36.69,KLIT 131053Z 02003KT 10SM SCT250 04/01 A3053 RMK AO2 SLP342 T00390006,null
LIT,2023-12-13 11:53,40,34,78.94,0,0,0,30.56,1035.1,10,null,BKN,null,null,null,25000,null,null,null,null,null,null,null,null,null,null,40,KLIT 131153Z 00000KT 10SM BKN250 04/01 A3056 RMK AO2 SLP351 T00440011 10050 20028 53008,null
LIT,2023-12-13 12:53,40,33,75.84,0,0,0,30.58,1035.9,10,null,SCT,null,null,null,25000,null,null,null,null,null,null,null,null,null,null,40,KLIT 131253Z 00000KT 10SM SCT250 04/01 A3058 RMK AO2 SLP359 T00440006,null
LIT,2023-12-13 13:53,41,31,67.3,0,0,0,30.61,1036.8,10,null,BKN,null,null,null,25000,null,null,null,null,null,null,null,null,null,null,41,KLIT 131353Z 00000KT 10SM BKN250 05/M01 A3061 RMK AO2 SLP368 T00501006,null
LIT,2023-12-13 14:53,45,33,62.58,0,0,0,30.63,1037.6,10,null,BKN,null,null,null,25000,null,null,null,null,null,null,null,null,null,null,45,KLIT 131453Z 00000KT 10SM BKN250 07/01 A3063 RMK AO2 SLP376 T00720006 52025,null
LIT,2023-12-13 15:53,50,34,53.97,110,4,0,30.65,1038.2,10,null,BKN,null,null,null,25000,null,null,null,null,null,null,null,null,null,null,50,KLIT 131553Z 11004KT 10SM BKN250 10/01 A3065 RMK AO2 SLP382 T01000011,null
LIT,2023-12-13 16:53,55,33,43.14,110,6,0,30.64,1038,10,null,BKN,null,null,null,25000,null,null,null,null,null,null,null,null,null,null,55,KLIT 131653Z 11006KT 10SM BKN250 13/01 A3064 RMK AO2 SLP380 T01280006,null
LIT,2023-12-13 17:53,58,32,37.18,120,8,0,30.62,1037.1,10,null,BKN,null,null,null,25000,null,null,null,null,null,null,null,null,null,null,58,KLIT 131753Z 12008KT 10SM BKN250 14/00 A3062 RMK AO2 SLP371 T01440000 10144 20028 58004,null
LIT,2023-12-13 18:53,59,31,34.45,150,9,0,30.6,1036.3,10,null,BKN,null,null,null,25000,null,null,null,null,null,null,null,null,null,null,59,KLIT 131853Z 15009KT 10SM BKN250 15/M01 A3060 RMK AO2 SLP363 T01501006 $,null
LIT,2023-12-13 19:53,61,31,32.08,160,9,0,30.58,1035.6,10,null,FEW,BKN,null,null,16000,25000,null,null,null,null,null,null,null,null,null,61,KLIT 131953Z 16009KT 10SM FEW160 BKN250 16/M01 A3058 RMK AO2 SLP356 T01611006 $,null
LIT,2023-12-13 20:53,59,32,35.87,120,6,0,30.57,1035.4,10,null,FEW,BKN,null,null,16000,25000,null,null,null,null,null,null,null,null,null,59,KLIT 132053Z 12006KT 10SM FEW160 BKN250 15/00 A3057 RMK AO2 SLP354 T01500000 56017 $,null
LIT,2023-12-13 21:53,57,34,41.76,130,5,0,30.57,1035.6,10,null,FEW,BKN,null,null,16000,25000,null,null,null,null,null,null,null,null,null,57,KLIT 132153Z 13005KT 10SM FEW160 BKN250 14/01 A3057 RMK AO2 SLP356 T01390011 $,null
LIT,2023-12-13 22:53,56,34,43.3,0,0,0,30.57,1035.5,10,null,SCT,SCT,BKN,null,9000,12000,25000,null,null,null,null,null,null,null,null,56,KLIT 132253Z 00000KT 10SM SCT090 SCT120 BKN250 13/01 A3057 RMK AO2 SLP355 T01330011 $,null
LIT,2023-12-13 23:53,54,34,46.57,30,4,0,30.58,1035.8,10,null,FEW,BKN,null,null,12000,25000,null,null,null,null,null,null,null,null,null,54,KLIT 132353Z 03004KT 10SM FEW120 BKN250 12/01 A3058 RMK AO2 SLP358 T01220011 10161 20122 53003 $,null
LIT,2023-12-14 0:53,52,33,48.15,40,5,0,30.6,1036.5,10,null,FEW,BKN,null,null,12000,25000,null,null,null,null,null,null,null,null,null,52,KLIT 140053Z 04005KT 10SM FEW120 BKN250 11/01 A3060 RMK AO2 SLP365 T01110006 $,null
LIT,2023-12-14 1:53,52,34,50.12,70,8,0,30.6,1036.6,10,null,BKN,BKN,null,null,12000,25000,null,null,null,null,null,null,null,null,null,52,KLIT 140153Z 07008KT 10SM BKN120 BKN250 11/01 A3060 RMK AO2 SLP366 T01110011 $,null
LIT,2023-12-14 2:53,50,35,56.16,70,8,0,30.6,1036.4,10,null,BKN,BKN,null,null,12000,25000,null,null,null,null,null,null,null,null,null,50,KLIT 140253Z 07008KT 10SM BKN120 BKN250 10/02 A3060 RMK AO2 SLP364 T01000017 50007 $,null
LIT,2023-12-14 3:53,49,35,58.3,70,6,0,30.6,1036.4,10,null,BKN,BKN,null,null,12000,25000,null,null,null,null,null,null,null,null,null,46,KLIT 140353Z 07006KT 10SM BKN120 BKN250 09/02 A3060 RMK AO2 SLP364 T00940017 $,null
LIT,2023-12-14 4:53,48,35,60.52,80,8,0,30.59,1036.1,10,null,BKN,BKN,null,null,12000,25000,null,null,null,null,null,null,null,null,null,43.82,KLIT 140453Z 08008KT 10SM BKN120 BKN250 09/02 A3059 RMK AO2 SLP361 T00890017 $,null
LIT,2023-12-14 5:53,46,35,65.26,70,5,0,30.59,1036,10,null,SCT,null,null,null,12000,null,null,null,null,null,null,null,null,null,null,43.02,KLIT 140553Z 07005KT 10SM SCT120 08/02 A3059 RMK AO2 SLP360 T00780017 10122 20078 401610028 57004 $,null
LIT,2023-12-14 6:53,45,36,70.53,70,6,0,30.59,1036.2,10,null,CLR,null,null,null,null,null,null,null,null,null,null,null,null,null,null,41.19,KLIT 140653Z 07006KT 10SM CLR 07/02 A3059 RMK AO2 SLP362 T00720022 $,null
LIT,2023-12-14 7:53,45,34,65.13,60,4,0,30.59,1036.2,10,null,CLR,null,null,null,null,null,null,null,null,null,null,null,null,null,null,42.6,KLIT 140753Z 06004KT 10SM CLR 07/01 A3059 RMK AO2 SLP362 T00720011 $,null
LIT,2023-12-14 8:53,43,34,70.3,40,4,0,30.6,1036.6,10,null,CLR,null,null,null,null,null,null,null,null,null,null,null,null,null,null,40.27,KLIT 140853Z 04004KT 10SM CLR 06/01 A3060 RMK AO2 SLP366 T00610011 53005 $,null
LIT,2023-12-14 9:53,43,33,67.54,60,4,0,30.6,1036.4,10,null,CLR,null,null,null,null,null,null,null,null,null,null,null,null,null,null,40.27,KLIT 140953Z 06004KT 10SM CLR 06/01 A3060 RMK AO2 SLP364 T00610006 $,null
LIT,2023-12-14 10:53,41,32,70.08,70,4,0,30.59,1036.2,10,null,CLR,null,null,null,null,null,null,null,null,null,null,null,null,null,null,37.93,KLIT 141053Z 07004KT 10SM CLR 05/00 A3059 RMK AO2 SLP362 T00500000 $,null
LIT,2023-12-14 11:53,41,32,70.08,30,5,0,30.62,1037,10,null,CLR,null,null,null,null,null,null,null,null,null,null,null,null,null,null,37.08,KLIT 141153Z 03005KT 10SM CLR 05/00 A3062 RMK AO2 SLP370 T00500000 10078 20044 53005 $,null
LIT,2023-12-14 12:53,41,32,70.08,60,4,0,30.62,1037.4,10,null,FEW,null,null,null,25000,null,null,null,null,null,null,null,null,null,null,37.93,KLIT 141253Z 06004KT 10SM FEW250 05/00 A3062 RMK AO2 SLP374 T00500000 $,null
LIT,2023-12-14 13:53,42,33,70.19,80,4,0,30.63,1037.7,10,null,FEW,null,null,null,25000,null,null,null,null,null,null,null,null,null,null,39.1,KLIT 141353Z 08004KT 10SM FEW250 06/01 A3063 RMK AO2 SLP377 T00560006 $,null
LIT,2023-12-14 14:53,48,35,60.52,90,5,0,30.64,1037.7,10,null,FEW,null,null,null,25000,null,null,null,null,null,null,null,null,null,null,45.4,KLIT 141453Z 09005KT 10SM FEW250 09/02 A3064 RMK AO2 SLP377 T00890017 51006 $,null
LIT,2023-12-14 15:53,54,34,46.57,110,8,0,30.64,1037.7,10,null,FEW,null,null,null,25000,null,null,null,null,null,null,null,null,null,null,54,KLIT 141553Z 11008KT 10SM FEW250 12/01 A3064 RMK AO2 SLP377 T01220011,null
LIT,2023-12-14 16:53,56,35,45.06,100,7,0,30.62,1037.1,10,null,FEW,null,null,null,25000,null,null,null,null,null,null,null,null,null,null,56,KLIT 141653Z 10007KT 10SM FEW250 13/02 A3062 RMK AO2 SLP371 T01330017,null
LIT,2023-12-14 17:53,59,35,40.45,100,7,0,30.58,1035.7,10,null,FEW,null,null,null,25000,null,null,null,null,null,null,null,null,null,null,59,KLIT 141753Z 10007KT 10SM FEW250 15/02 A3058 RMK AO2 SLP357 T01500017 10150 20044 58020 $,null
LIT,2023-12-14 18:53,61,35,37.66,100,7,0,30.54,1034.4,10,null,FEW,null,null,null,25000,null,null,null,null,null,null,null,null,null,null,61,KLIT 141853Z COR 10007KT 10SM FEW250 16/02 A3054 RMK AO2 SLP344 T01610017 $,null
LIT,2023-12-14 19:53,62,35,36.35,130,6,0,30.5,1033.2,10,null,FEW,null,null,null,25000,null,null,null,null,null,null,null,null,null,null,62,KLIT 141953Z 13006KT 10SM FEW250 17/02 A3050 RMK AO2 SLP332 T01670017 $,null
LIT,2023-12-14 20:53,63,33,32.4,120,8,0,30.49,1032.7,10,null,FEW,null,null,null,25000,null,null,null,null,null,null,null,null,null,null,63,KLIT 142053Z 12008KT 10SM FEW250 17/01 A3049 RMK AO2 SLP327 T01720006 56030 $,null
LIT,2023-12-14 21:53,62,34,34.93,130,9,0,30.48,1032.3,10,null,FEW,null,null,null,25000,null,null,null,null,null,null,null,null,null,null,62,KLIT 142153Z 13009KT 10SM FEW250 17/01 A3048 RMK AO2 SLP323 T01670011 $,null
LIT,2023-12-14 22:53,58,34,40.28,100,7,0,30.47,1032,10,null,FEW,null,null,null,25000,null,null,null,null,null,null,null,null,null,null,58,KLIT 142253Z 10007KT 10SM FEW250 14/01 A3047 RMK AO2 SLP320 T01440011 $,null
LIT,2023-12-14 23:53,56,35,45.06,90,6,0,30.47,1032,10,null,FEW,null,null,null,25000,null,null,null,null,null,null,null,null,null,null,56,KLIT 142353Z 09006KT 10SM FEW250 13/02 A3047 RMK AO2 SLP320 T01330017 10178 20128 56007 $,null
LIT,2023-12-15 0:53,53,34,48.3,70,6,0,30.47,1032,10,null,FEW,null,null,null,25000,null,null,null,null,null,null,null,null,null,null,53,KLIT 150053Z 07006KT 10SM FEW250 12/01 A3047 RMK AO2 SLP320 T01170011 $,null
LIT,2023-12-15 1:53,50,35,56.16,90,3,0,30.46,1031.9,10,null,CLR,null,null,null,null,null,null,null,null,null,null,null,null,null,null,50,KLIT 150153Z 09003KT 10SM CLR 10/02 A3046 RMK AO2 SLP319 T01000017 $,null
LIT,2023-12-15 2:53,50,34,53.97,0,0,0,30.45,1031.5,10,null,CLR,null,null,null,null,null,null,null,null,null,null,null,null,null,null,50,KLIT 150253Z 00000KT 10SM CLR 10/01 A3045 RMK AO2 SLP315 T01000011 58005 $,null
LIT,2023-12-15 3:53,48,34,58.16,90,3,0,30.44,1031.2,10,null,CLR,null,null,null,null,null,null,null,null,null,null,null,null,null,null,46.98,KLIT 150353Z 09003KT 10SM CLR 09/01 A3044 RMK AO2 SLP312 T00890011 $,null
LIT,2023-12-15 4:53,47,35,62.84,0,0,0,30.44,1030.9,10,null,CLR,null,null,null,null,null,null,null,null,null,null,null,null,null,null,47,KLIT 150453Z 00000KT 10SM CLR 08/02 A3044 RMK AO2 SLP309 T00830017 $,null
LIT,2023-12-15 5:53,44,34,67.66,0,0,0,30.43,1030.6,10,null,CLR,null,null,null,null,null,null,null,null,null,null,null,null,null,null,44,KLIT 150553Z 00000KT 10SM CLR 07/01 A3043 RMK AO2 SLP306 T00670011 10133 20061 401780044 58008 $,null
LIT,2023-12-15 6:53,42,35,76.03,0,0,0,30.41,1030.2,10,null,FEW,null,null,null,12000,null,null,null,null,null,null,null,null,null,null,42,KLIT 150653Z 00000KT 10SM FEW120 06/02 A3041 RMK AO2 SLP302 T00560017 $,null
LIT,2023-12-15 7:53,42,34,73.06,0,0,0,30.41,1029.9,10,null,CLR,null,null,null,null,null,null,null,null,null,null,null,null,null,null,42,KLIT 150753Z 00000KT 10SM CLR 06/01 A3041 RMK AO2 SLP299 T00560011 $,null
LIT,2023-12-15 8:53,40,33,75.84,0,0,0,30.4,1029.6,10,null,CLR,null,null,null,null,null,null,null,null,null,null,null,null,null,null,40,KLIT 150853Z 00000KT 10SM CLR 04/01 A3040 RMK AO2 SLP296 T00440006 56009 $,null
LIT,2023-12-15 9:53,41,34,75.94,0,0,0,30.39,1029.3,10,null,FEW,null,null,null,25000,null,null,null,null,null,null,null,null,null,null,41,KLIT 150953Z 00000KT 10SM FEW250 05/01 A3039 RMK AO2 SLP293 T00500011 $,null
LIT,2023-12-15 10:53,39,33,78.86,0,0,0,30.39,1029.4,10,null,FEW,null,null,null,25000,null,null,null,null,null,null,null,null,null,null,39,KLIT 151053Z 00000KT 10SM FEW250 04/01 A3039 RMK AO2 SLP294 T00390006 $,null
LIT,2023-12-15 11:53,39,32,75.75,0,0,0,30.4,1029.6,10,null,FEW,null,null,null,25000,null,null,null,null,null,null,null,null,null,null,39,KLIT 151153Z 00000KT 10SM FEW250 04/00 A3040 RMK AO2 SLP296 T00390000 10072 20028 55001 $,null
LIT,2023-12-15 12:53,39,33,78.86,0,0,0,30.4,1029.6,10,null,FEW,null,null,null,25000,null,null,null,null,null,null,null,null,null,null,39,KLIT 151253Z 00000KT 10SM FEW250 04/01 A3040 RMK AO2 SLP296 T00390006 $,null
LIT,2023-12-15 13:53,41,34,75.94,80,5,0,30.39,1029.5,10,null,FEW,null,null,null,10000,null,null,null,null,null,null,null,null,null,null,37.08,KLIT 151353Z 08005KT 10SM FEW100 05/01 A3039 RMK AO2 SLP295 T00500011 $,null
LIT,2023-12-15 14:53,49,36,60.66,130,9,0,30.39,1029.4,10,null,FEW,SCT,null,null,8000,15000,null,null,null,null,null,null,null,null,null,44.65,KLIT 151453Z 13009KT 10SM FEW080 SCT150 09/02 A3039 RMK AO2 SLP294 T00940022 56002 $,null
LIT,2023-12-15 15:53,54,34,46.57,140,11,0,30.39,1029.3,10,null,FEW,SCT,null,null,8000,15000,null,null,null,null,null,null,null,null,null,54,KLIT 151553Z 14011KT 10SM FEW080 SCT150 12/01 A3039 RMK AO2 SLP293 T01220011,null
LIT,2023-12-15 16:53,58,36,43.62,120,8,0,30.36,1028.4,10,null,SCT,SCT,SCT,null,3500,8000,25000,null,null,null,null,null,null,null,null,58,KLIT 151653Z 12008KT 10SM SCT035 SCT080 SCT250 14/02 A3036 RMK AO2 SLP284 T01440022,null
LIT,2023-12-15 17:53,60,38,43.94,140,8,0,30.32,1027,10,null,FEW,SCT,BKN,null,3500,8000,25000,null,null,null,null,null,null,null,null,60,KLIT 151753Z 14008KT 10SM FEW035 SCT080 BKN250 16/03 A3032 RMK AO2 SLP270 T01560033 10156 20033 58024,null
LIT,2023-12-15 18:53,60,40,47.51,140,9,0,30.27,1025.3,10,null,FEW,SCT,BKN,null,4000,10000,20000,null,null,null,null,null,null,null,null,60,KLIT 151853Z 14009KT 10SM FEW040 SCT100 BKN200 16/04 A3027 RMK AO2 SLP253 T01560044,null
LIT,2023-12-15 19:53,63,42,46.16,130,7,0,30.24,1024.4,10,null,FEW,SCT,BKN,null,4000,10000,20000,null,null,null,null,null,null,null,null,63,KLIT 151953Z 13007KT 10SM FEW040 SCT100 BKN200 17/06 A3024 RMK AO2 SLP244 T01720056,null
LIT,2023-12-15 20:53,63,43,47.97,130,6,0,30.24,1024.1,10,null,FEW,SCT,OVC,null,4000,10000,16000,null,null,null,null,null,null,null,null,63,KLIT 152053Z 13006KT 10SM FEW040 SCT100 OVC160 17/06 A3024 RMK AO2 SLP241 T01720061 56028,null
LIT,2023-12-15 21:53,61,42,49.54,110,7,0,30.23,1023.8,10,null,FEW,BKN,OVC,null,6000,12000,16000,null,null,null,null,null,null,null,null,61,KLIT 152153Z 11007KT 10SM FEW060 BKN120 OVC160 16/06 A3023 RMK AO2 SLP238 T01610056,null
LIT,2023-12-15 22:53,59,43,55.28,100,5,0,30.22,1023.5,10,null,BKN,BKN,null,null,12000,16000,null,null,null,null,null,null,null,null,null,59,KLIT 152253Z 10005KT 10SM BKN120 BKN160 15/06 A3022 RMK AO2 SLP235 T01500061,null
LIT,2023-12-15 23:53,59,44,57.44,110,6,0,30.21,1023.3,10,null,BKN,BKN,null,null,14000,18000,null,null,null,null,null,null,null,null,null,59,KLIT 152353Z 11006KT 10SM BKN140 BKN180 15/07 A3021 RMK AO2 SLP233 T01500067 10172 20150 56008,null
LIT,2023-12-16 0:53,56,44,63.99,340,4,0,30.22,1023.6,10,null,BKN,BKN,null,null,14000,18000,null,null,null,null,null,null,null,null,null,56,KLIT 160053Z 34004KT 10SM BKN140 BKN180 13/07 A3022 RMK AO2 SLP236 T01330067,null
LIT,2023-12-16 1:12,58,45,61.85,330,4,0,30.22,null,10,null,OVC,null,null,null,4000,null,null,null,null,null,null,null,null,null,null,58,KLIT 160112Z 33004KT 10SM OVC040 14/07 A3022 RMK AO2 T01440072,null
LIT,2023-12-16 1:53,57,45,64.12,310,6,0,30.22,1023.6,10,null,OVC,null,null,null,3800,null,null,null,null,null,null,null,null,null,null,57,KLIT 160153Z 31006KT 10SM OVC038 14/07 A3022 RMK AO2 SLP236 T01390072,null
LIT,2023-12-16 2:53,57,44,61.72,110,4,0,30.21,1023.1,10,null,SCT,OVC,null,null,4600,6000,null,null,null,null,null,null,null,null,null,57,KLIT 160253Z 11004KT 10SM SCT046 OVC060 14/07 A3021 RMK AO2 SLP231 T01390067 58002,null
LIT,2023-12-16 3:53,55,47,74.36,140,4,0.02,30.19,1022.7,10,null,OVC,null,null,null,8000,null,null,null,#NAME?,null,null,null,null,null,null,55,KLIT 160353Z 14004KT 10SM -RA OVC080 13/08 A3019 RMK AO2 RAB0254 SLP227 P0002 T01280083,null
LIT,2023-12-16 4:53,54,49,83.13,270,3,0.01,30.19,1022.6,10,null,OVC,null,null,null,4500,null,null,null,#NAME?,null,null,null,null,null,null,54,KLIT 160453Z 27003KT 10SM -RA OVC045 12/09 A3019 RMK AO2 SLP226 P0001 T01220094,null
LIT,2023-12-16 5:53,53,49,86.23,0,0,T,30.17,1021.6,10,null,OVC,null,null,null,4500,null,null,null,#NAME?,null,null,null,null,null,null,53,KLIT 160553Z 00000KT 10SM -RA OVC045 12/09 A3017 RMK AO2 RAE18B38 SLP216 P0000 60003 T01170094 10150 20117 401720028 58014,null
LIT,2023-12-16 6:53,54,50,86.29,0,0,T,30.15,1021.1,10,null,BKN,OVC,null,null,3600,4500,null,null,#NAME?,null,null,null,null,null,null,54,KLIT 160653Z 00000KT 10SM -RA BKN036 OVC045 12/10 A3015 RMK AO2 RAE26B49 SLP211 P0000 T01220100,null
LIT,2023-12-16 7:53,54,49,83.13,280,4,T,30.15,1021.2,10,null,SCT,OVC,null,null,3600,4500,null,null,null,null,null,null,null,null,null,54,KLIT 160753Z 28004KT 10SM SCT036 OVC045 12/09 A3015 RMK AO2 RAE21 SLP212 P0000 T01220094,null
LIT,2023-12-16 8:28,55,49,80.15,0,0,0,30.14,null,10,null,FEW,OVC,null,null,2000,2900,null,null,null,null,null,null,null,null,null,55,KLIT 160828Z 00000KT 10SM FEW020 OVC029 13/09 A3014 RMK AO2 T01280094,null
LIT,2023-12-16 8:53,55,50,83.2,210,6,T,30.14,1020.8,5,null,BKN,OVC,null,null,2300,2900,null,null,#NAME?,null,null,null,null,null,null,55,KLIT 160853Z 21006KT 5SM -RA BKN023 OVC029 13/10 A3014 RMK AO2 RAB32 SLP208 P0000 60000 T01280100 56008,null
LIT,2023-12-16 9:53,54,50,86.29,180,4,0.01,30.13,1020.4,10,null,FEW,OVC,null,null,1200,2400,null,null,null,null,null,null,null,null,null,54,KLIT 160953Z 18004KT 10SM FEW012 OVC024 12/10 A3013 RMK AO2 RAE50 SLP204 P0001 T01220100,null
LIT,2023-12-16 10:53,53,50,89.51,0,0,0,30.12,1020.1,10,null,FEW,FEW,OVC,null,1200,2400,3300,null,null,null,null,null,null,null,null,53,KLIT 161053Z 00000KT 10SM FEW012 FEW024 OVC033 12/10 A3012 RMK AO2 SLP201 T01170100,null
LIT,2023-12-16 11:05,53,50,89.51,180,4,T,30.12,null,3,null,OVC,null,null,null,1000,null,null,null,RA BR,null,null,null,null,null,null,53,KLIT 161105Z 18004KT 3SM RA BR OVC010 12/10 A3012 RMK AO2 RAB04 P0000 T01170100,null
LIT,2023-12-16 11:51,53.6,50,87.56,180,6,0.02,30.13,null,3,null,OVC,null,null,null,400,null,null,null,#NAME?,null,null,null,null,null,null,53.6,KLIT 161151Z 18006KT 3SM -RA BR OVC004 12/10 A3013 RMK AO2 RAB04 P0002,null
LIT,2023-12-16 11:53,53,50,89.51,180,5,0.02,30.13,1020.4,3,null,OVC,null,null,null,400,null,null,null,#NAME?,null,null,null,null,null,null,53,KLIT 161153Z 18005KT 3SM -RA BR OVC004 12/10 A3013 RMK AO2 RAB04 SLP204 P0002 60003 70006 T01170100 10128 20117 55005,null
LIT,2023-12-16 12:53,53,51,92.89,180,4,T,30.13,1020.5,3,null,OVC,null,null,null,400,null,null,null,#NAME?,null,null,null,null,null,null,53,KLIT 161253Z 18004KT 3SM -RA BR OVC004 12/11 A3013 RMK AO2 SLP205 P0000 T01170106,null
LIT,2023-12-16 13:09,53,51,92.89,190,3,0.01,30.13,null,1.5,null,OVC,null,null,null,400,null,null,null,#NAME?,null,null,null,null,null,null,53,KLIT 161309Z 19003KT 1 1/2SM -RA BR OVC004 12/11 A3013 RMK AO2 P0001 T01170106,null
LIT,2023-12-16 13:48,53.6,51.8,93.6,170,6,0.02,30.13,null,1.5,null,OVC,null,null,null,500,null,null,null,#NAME?,null,null,null,null,null,null,53.6,KLIT 161348Z 17006KT 1 1/2SM -RA BR OVC005 12/11 A3013 RMK AO2 P0002,null
LIT,2023-12-16 13:53,54,51,89.55,170,6,0.02,30.13,1020.3,1.75,null,OVC,null,null,null,500,null,null,null,#NAME?,null,null,null,null,null,null,54,KLIT 161353Z 17006KT 1 3/4SM -RA BR OVC005 12/11 A3013 RMK AO2 SLP203 P0002 T01220106,null
LIT,2023-12-16 14:08,54,51,89.55,null,6,0.01,30.12,null,2.5,null,OVC,null,null,null,600,null,null,null,#NAME?,null,null,null,null,null,null,54,KLIT 161408Z VRB06KT 2 1/2SM -RA BR OVC006 12/11 A3012 RMK AO2 P0001 T01220106,null
LIT,2023-12-16 14:47,55.4,51.8,87.65,240,3,0.01,30.12,null,1.5,null,OVC,null,null,null,400,null,null,null,BR,null,null,null,null,null,null,55.4,KLIT 161447Z 24003KT 1 1/2SM BR OVC004 13/11 A3012 RMK AO2 RAE19 P0001,null
LIT,2023-12-16 14:53,55,52,89.59,250,4,0.01,30.12,1020.3,1.25,null,OVC,null,null,null,400,null,null,null,BR,null,null,null,null,null,null,55,KLIT 161453Z 25004KT 1 1/4SM BR OVC004 13/11 A3012 RMK AO2 RAE19 SLP203 P0001 60003 T01280111 55002,null
LIT,2023-12-16 15:53,56,52,86.4,280,5,0.02,30.12,1020.2,1.5,null,OVC,null,null,null,400,null,null,null,#NAME?,null,null,null,null,null,null,56,KLIT 161553Z 28005KT 1 1/2SM -RA BR OVC004 13/11 A3012 RMK AO2 RAB1456E06B46 CIG 003V007 SLP202 P0002 T01330111,null
LIT,2023-12-16 16:06,54,51,89.55,340,7,0,30.12,null,2.5,null,OVC,null,null,null,400,null,null,null,#NAME?,null,null,null,null,null,null,54,KLIT 161606Z COR 34007KT 2 1/2SM -RA BR OVC004 12/11 A3012 RMK AO2 CIG 002V007 FROPA T01220106,null
LIT,2023-12-16 16:20,54,51,89.55,340,9,0.01,30.12,null,4,null,BKN,OVC,null,null,400,1000,null,null,BR,null,null,null,null,null,null,54,KLIT 161620Z 34009KT 4SM BR BKN004 OVC010 12/11 A3012 RMK AO2 RAE10 CIG 002V007 P0001 T01220106,null
LIT,2023-12-16 16:33,54,50,86.29,350,10,0.01,30.12,null,7,null,BKN,OVC,null,null,600,1100,null,null,null,null,null,null,null,null,null,54,KLIT 161633Z 35010KT 7SM BKN006 OVC011 12/10 A3012 RMK AO2 RAE10 P0001 T01220100,null
LIT,2023-12-16 16:53,53,50,89.51,330,9,0.01,30.12,1020.1,5,null,OVC,null,null,null,500,null,null,null,BR,null,null,null,null,null,null,53,KLIT 161653Z 33009KT 5SM BR OVC005 12/10 A3012 RMK AO2 RAE10 SLP201 FROPA P0001 T01170100,null
LIT,2023-12-16 17:53,53,49,86.23,330,8,0,30.09,1019.1,6,null,BKN,OVC,null,null,900,1400,null,null,BR,null,null,null,null,null,null,53,KLIT 161753Z 33008KT 6SM BR BKN009 OVC014 12/09 A3009 RMK AO2 CIG 006V010 SLP191 60006 T01170094 10133 20117 58012,null
LIT,2023-12-16 18:26,54,49,83.13,330,9,0,30.07,null,10,null,OVC,null,null,null,1200,null,null,null,null,null,null,null,null,null,null,54,KLIT 161826Z 33009KT 10SM OVC012 12/09 A3007 RMK AO2 T01220094,null
LIT,2023-12-16 18:53,54,48,80.07,330,7,0,30.06,1018.1,10,null,OVC,null,null,null,1200,null,null,null,null,null,null,null,null,null,null,54,KLIT 161853Z 33007KT 10SM OVC012 12/09 A3006 RMK AO2 SLP181 T01220089,null
LIT,2023-12-16 19:53,56,49,77.29,320,3,0,30.05,1017.7,10,null,SCT,OVC,null,null,1200,3500,null,null,null,null,null,null,null,null,null,56,KLIT 161953Z 32003KT 10SM SCT012 OVC035 13/09 A3005 RMK AO2 SLP177 T01330094,null
LIT,2023-12-16 20:00,55,48,77.21,310,3,0,30.05,null,10,null,BKN,OVC,null,null,1200,3500,null,null,null,null,null,null,null,null,null,55,KLIT 162000Z 31003KT 10SM BKN012 OVC035 13/09 A3005 RMK AO2 BKN V SCT T01280089,null
LIT,2023-12-16 20:53,55,48,77.21,330,10,0,30.05,1017.8,10,null,BKN,OVC,null,null,1400,2400,null,null,null,null,null,null,null,null,null,55,KLIT 162053Z 33010KT 10SM BKN014 OVC024 13/09 A3005 RMK AO2 SLP178 T01280089 55014,null
LIT,2023-12-16 21:53,54,46,74.26,330,7,0,30.05,1017.7,10,null,FEW,OVC,null,null,2100,3200,null,null,null,null,null,null,null,null,null,54,KLIT 162153Z 33007KT 10SM FEW021 OVC032 12/08 A3005 RMK AO2 SLP177 T01220078,null
LIT,2023-12-16 22:53,52,43,71.28,340,9,0,30.07,1018.4,10,null,FEW,BKN,null,null,2300,2800,null,null,null,null,null,null,null,null,null,52,KLIT 162253Z 34009KT 10SM FEW023 BKN028 11/06 A3007 RMK AO2 SLP184 T01110061,null
LIT,2023-12-16 23:53,49,40,70.96,320,13,0,30.1,1019.4,10,21,SCT,null,null,null,3000,null,null,null,null,null,null,null,null,null,null,43.35,KLIT 162353Z 32013G21KT 10SM SCT030 09/04 A3010 RMK AO2 SLP194 T00940044 10133 20094 53017,null
LIT,2023-12-17 0:53,48,38,68.13,320,13,0,30.12,1020,10,null,SCT,null,null,null,3000,null,null,null,null,null,null,null,null,null,null,42.07,KLIT 170053Z 32013KT 10SM SCT030 09/03 A3012 RMK AO2 SLP200 T00890033,null
LIT,2023-12-17 1:53,48,38,68.13,310,8,0,30.13,1020.4,10,null,OVC,null,null,null,3200,null,null,null,null,null,null,null,null,null,null,43.82,KLIT 170153Z 31008KT 10SM OVC032 09/03 A3013 RMK AO2 SLP204 OCNL WIND GUSTS TO 25KT T00890033,null
LIT,2023-12-17 2:53,47,37,68.02,310,10,0,30.12,1020.3,10,null,FEW,null,null,null,3400,null,null,null,null,null,null,null,null,null,null,41.78,KLIT 170253Z 31010KT 10SM FEW034 08/03 A3012 RMK AO2 SLP203 T00830028 50008,null
LIT,2023-12-17 3:53,44,36,73.27,300,5,0,30.12,1020.1,10,null,CLR,null,null,null,null,null,null,null,null,null,null,null,null,null,null,40.65,KLIT 170353Z 30005KT 10SM CLR 07/02 A3012 RMK AO2 SLP201 T00670022,null
LIT,2023-12-17 4:53,44,36,73.27,0,0,0,30.11,1019.9,10,null,CLR,null,null,null,null,null,null,null,null,null,null,null,null,null,null,44,KLIT 170453Z 00000KT 10SM CLR 07/02 A3011 RMK AO2 SLP199 T00670022,null
LIT,2023-12-17 5:53,44,36,73.27,340,8,0,30.11,1019.8,10,null,CLR,null,null,null,null,null,null,null,null,null,null,null,null,null,null,38.9,KLIT 170553Z 34008KT 10SM CLR 07/02 A3011 RMK AO2 SLP198 T00670022 10094 20056 401330056 56004,null
LIT,2023-12-17 6:53,40,34,78.94,0,0,0,30.09,1019.3,10,null,CLR,null,null,null,null,null,null,null,null,null,null,null,null,null,null,40,KLIT 170653Z 00000KT 10SM CLR 04/01 A3009 RMK AO2 SLP193 T00440011,null
LIT,2023-12-17 7:53,39,35,85.42,270,3,0,30.1,1019.4,10,null,CLR,null,null,null,null,null,null,null,null,null,null,null,null,null,null,36.69,KLIT 170753Z 27003KT 10SM CLR 04/02 A3010 RMK AO2 SLP194 T00390017,null
LIT,2023-12-17 8:53,38,34,85.35,270,3,0,30.1,1019.7,10,null,CLR,null,null,null,null,null,null,null,null,null,null,null,null,null,null,35.55,KLIT 170853Z 27003KT 10SM CLR 03/01 A3010 RMK AO2 SLP197 T00330011 55003,null
LIT,2023-12-17 9:53,37,33,85.29,300,4,0,30.09,1019.3,10,null,CLR,null,null,null,null,null,null,null,null,null,null,null,null,null,null,33.26,KLIT 170953Z 30004KT 10SM CLR 03/01 A3009 RMK AO2 SLP193 T00280006,null
LIT,2023-12-17 10:53,36,33,88.73,280,4,0,30.08,1018.9,10,null,CLR,null,null,null,null,null,null,null,null,null,null,null,null,null,null,32.09,KLIT 171053Z 28004KT 10SM CLR 02/01 A3008 RMK AO2 SLP189 T00220006,null
LIT,2023-12-17 11:53,36,32,85.23,280,5,0,30.08,1019,10,null,CLR,null,null,null,null,null,null,null,null,null,null,null,null,null,null,31.15,KLIT 171153Z 28005KT 10SM CLR 02/00 A3008 RMK AO2 SLP190 70006 T00220000 10067 20017 55007,null
LIT,2023-12-17 12:53,35,31,85.17,270,4,0,30.09,1019.4,10,null,CLR,null,null,null,null,null,null,null,null,null,null,null,null,null,null,30.92,KLIT 171253Z 27004KT 10SM CLR 02/M01 A3009 RMK AO2 SLP194 T00171006,null
LIT,2023-12-17 13:53,36,32,85.23,300,4,0,30.09,1019.4,10,null,FEW,null,null,null,1000,null,null,null,null,null,null,null,null,null,null,32.09,KLIT 171353Z 30004KT 10SM FEW010 02/00 A3009 RMK AO2 SLP194 T00220000,null
LIT,2023-12-17 14:53,44,38,79.27,340,5,0,30.1,1019.5,10,null,FEW,null,null,null,25000,null,null,null,null,null,null,null,null,null,null,40.65,KLIT 171453Z 34005KT 10SM FEW250 07/03 A3010 RMK AO2 SLP195 T00670033 51005,null
LIT,2023-12-17 15:53,47,39,73.57,340,9,0,30.12,1020.1,10,null,FEW,FEW,null,null,1200,25000,null,null,null,null,null,null,null,null,null,42.17,KLIT 171553Z 34009KT 10SM FEW012 FEW250 08/04 A3012 RMK AO2 SLP201 T00830039,null
LIT,2023-12-17 16:53,50,39,65.75,330,6,0,30.09,1019.2,10,null,FEW,FEW,null,null,1500,25000,null,null,null,null,null,null,null,null,null,50,KLIT 171653Z 33006KT 10SM FEW015 FEW250 10/04 A3009 RMK AO2 SLP192 T01000039,null
LIT,2023-12-17 17:53,53,38,56.59,340,10,0,30.05,1017.7,10,null,BKN,null,null,null,25000,null,null,null,null,null,null,null,null,null,null,53,KLIT 171753Z 34010KT 10SM BKN250 12/03 A3005 RMK AO2 SLP177 T01170033 10122 20011 58017,null
LIT,2023-12-17 18:53,56,37,48.77,330,9,0,30.01,1016.5,10,null,BKN,null,null,null,25000,null,null,null,null,null,null,null,null,null,null,56,KLIT 171853Z 33009KT 10SM BKN250 13/03 A3001 RMK AO2 SLP165 T01330028,null
LIT,2023-12-17 19:53,59,37,43.78,350,9,0,30,1016,10,null,BKN,null,null,null,25000,null,null,null,null,null,null,null,null,null,null,59,KLIT 171953Z 35009KT 10SM BKN250 15/03 A3000 RMK AO2 SLP160 T01500028,null
LIT,2023-12-17 20:53,59,36,42.08,330,6,0,29.99,1015.6,10,null,FEW,null,null,null,25000,null,null,null,null,null,null,null,null,null,null,59,KLIT 172053Z 33006KT 10SM FEW250 15/02 A2999 RMK AO2 SLP156 T01500022 56021,null
LIT,2023-12-17 21:53,59,36,42.08,330,7,0,29.98,1015.5,10,null,FEW,null,null,null,25000,null,null,null,null,null,null,null,null,null,null,59,KLIT 172153Z 33007KT 10SM FEW250 15/02 A2998 RMK AO2 SLP155 T01500022,null
LIT,2023-12-17 22:53,55,36,48.62,330,4,0,29.99,1015.9,10,null,FEW,null,null,null,25000,null,null,null,null,null,null,null,null,null,null,55,KLIT 172253Z 33004KT 10SM FEW250 13/02 A2999 RMK AO2 SLP159 T01280022,null
LIT,2023-12-17 23:53,50,36,58.44,0,0,0,30,1016.1,10,null,CLR,null,null,null,null,null,null,null,null,null,null,null,null,null,null,50,KLIT 172353Z 00000KT 10SM CLR 10/02 A3000 RMK AO2 SLP161 T01000022 10156 20100 53004,null
LIT,2023-12-18 0:53,48,37,65.51,0,0,0,30,1016.3,10,null,CLR,null,null,null,null,null,null,null,null,null,null,null,null,null,null,48,KLIT 180053Z 00000KT 10SM CLR 09/03 A3000 RMK AO2 SLP163 T00890028,null
LIT,2023-12-18 1:53,46,36,67.9,270,4,0,30.01,1016.4,10,null,CLR,null,null,null,null,null,null,null,null,null,null,null,null,null,null,43.77,KLIT 180153Z 27004KT 10SM CLR 08/02 A3001 RMK AO2 SLP164 T00780022,null
LIT,2023-12-18 2:53,45,36,70.53,280,3,0,30.01,1016.5,10,null,CLR,null,null,null,null,null,null,null,null,null,null,null,null,null,null,43.55,KLIT 180253Z 28003KT 10SM CLR 07/02 A3001 RMK AO2 SLP165 T00720022 51004,null
LIT,2023-12-18 3:53,43,35,73.16,280,5,0,30.01,1016.6,10,null,CLR,null,null,null,null,null,null,null,null,null,null,null,null,null,null,39.46,KLIT 180353Z 28005KT 10SM CLR 06/02 A3001 RMK AO2 SLP166 T00610017,null
LIT,2023-12-18 4:53,41,35,79.02,260,4,0,30.01,1016.5,10,null,CLR,null,null,null,null,null,null,null,BR,null,null,null,null,null,null,37.93,KLIT 180453Z 26004KT 10SM BR CLR 05/02 A3001 RMK AO2 SLP165 T00500017,null
LIT,2023-12-18 5:53,42,35,76.03,0,0,0,30.02,1016.7,10,null,CLR,null,null,null,null,null,null,null,null,null,null,null,null,null,null,42,KLIT 180553Z 00000KT 10SM CLR 06/02 A3002 RMK AO2 SLP167 T00560017 10106 20044 401560011 53003,null
LIT,2023-12-18 6:53,46,37,70.64,330,7,0,30.03,1017,10,null,CLR,null,null,null,null,null,null,null,null,null,null,null,null,null,null,41.84,KLIT 180653Z 33007KT 10SM CLR 08/03 A3003 RMK AO2 SLP170 T00780028,null
LIT,2023-12-18 7:53,40,34,78.94,340,4,0,30.04,1017.3,10,null,CLR,null,null,null,null,null,null,null,null,null,null,null,null,null,null,36.76,KLIT 180753Z 34004KT 10SM CLR 04/01 A3004 RMK AO2 SLP173 T00440011,null
LIT,2023-12-18 8:53,44,36,73.27,340,5,0,30.05,1017.8,10,null,CLR,null,null,null,null,null,null,null,null,null,null,null,null,null,null,40.65,KLIT 180853Z 34005KT 10SM CLR 07/02 A3005 RMK AO2 SLP178 T00670022 53011,null
LIT,2023-12-18 9:53,46,36,67.9,330,9,0,30.06,1018.3,10,null,CLR,null,null,null,null,null,null,null,null,null,null,null,null,null,null,40.92,KLIT 180953Z 33009KT 10SM CLR 08/02 A3006 RMK AO2 SLP183 T00780022,null
LIT,2023-12-18 10:53,45,36,70.53,300,7,0,30.07,1018.5,10,null,CLR,null,null,null,null,null,null,null,null,null,null,null,null,null,null,40.63,KLIT 181053Z 30007KT 10SM CLR 07/02 A3007 RMK AO2 SLP185 T00720022,null
LIT,2023-12-18 11:53,45,35,67.78,320,6,0,30.09,1019.1,10,null,CLR,null,null,null,null,null,null,null,null,null,null,null,null,null,null,41.19,KLIT 181153Z 32006KT 10SM CLR 07/02 A3009 RMK AO2 SLP191 T00720017 10083 20033 53013,null
LIT,2023-12-18 12:53,45,35,67.78,350,11,0,30.11,1019.9,10,null,CLR,null,null,null,null,null,null,null,null,null,null,null,null,null,null,38.89,KLIT 181253Z 35011KT 10SM CLR 07/02 A3011 RMK AO2 SLP199 T00720017,null
LIT,2023-12-18 13:53,46,35,65.26,350,9,0,30.14,1021.1,10,null,FEW,null,null,null,25000,null,null,null,null,null,null,null,null,null,null,40.92,KLIT 181353Z 35009KT 10SM FEW250 08/02 A3014 RMK AO2 SLP211 T00780017,null
LIT,2023-12-18 14:53,49,35,58.3,350,11,0,30.19,1022.7,10,null,FEW,null,null,null,25000,null,null,null,null,null,null,null,null,null,null,43.95,KLIT 181453Z 35011KT 10SM FEW250 09/02 A3019 RMK AO2 SLP227 T00940017 53035,null
LIT,2023-12-18 15:53,52,32,46.25,350,10,0,30.21,1023.2,10,null,FEW,null,null,null,25000,null,null,null,null,null,null,null,null,null,null,52,KLIT 181553Z 35010KT 10SM FEW250 11/00 A3021 RMK AO2 SLP232 T01110000,null
LIT,2023-12-18 16:53,54,28,36.52,340,15,0,30.21,1023.2,10,22,FEW,null,null,null,25000,null,null,null,null,null,null,null,null,null,null,54,KLIT 181653Z 34015G22KT 10SM FEW250 12/M02 A3021 RMK AO2 SLP232 T01221022,null
LIT,2023-12-18 17:53,56,27,32.59,360,15,0,30.19,1022.7,10,null,FEW,null,null,null,25000,null,null,null,null,null,null,null,null,null,null,56,KLIT 181753Z 36015KT 10SM FEW250 13/M03 A3019 RMK AO2 SLP227 T01331028 10133 20067 50001,null
LIT,2023-12-18 18:53,57,28,32.75,350,11,0,30.18,1022.2,10,null,CLR,null,null,null,null,null,null,null,null,null,null,null,null,null,null,57,KLIT 181853Z 35011KT 10SM CLR 14/M02 A3018 RMK AO2 SLP222 T01391022,null
LIT,2023-12-18 19:53,58,24,26.77,360,14,0,30.17,1022,10,19,CLR,null,null,null,null,null,null,null,null,null,null,null,null,null,null,58,KLIT 181953Z 36014G19KT 10SM CLR 14/M04 A3017 RMK AO2 SLP220 T01441044,null
LIT,2023-12-18 20:53,58,19,21.66,340,16,0,30.18,1022.3,10,22,CLR,null,null,null,null,null,null,null,null,null,null,null,null,null,null,58,KLIT 182053Z 34016G22KT 10SM CLR 14/M07 A3018 RMK AO2 SLP223 T01441072 55004,null
LIT,2023-12-18 21:53,56,20,24.3,340,8,0,30.19,1022.5,10,null,CLR,null,null,null,null,null,null,null,null,null,null,null,null,null,null,56,KLIT 182153Z 34008KT 10SM CLR 13/M07 A3019 RMK AO2 SLP225 T01331067,null
LIT,2023-12-18 22:53,53,21,28.29,320,8,0,30.2,1023,10,null,CLR,null,null,null,null,null,null,null,null,null,null,null,null,null,null,53,KLIT 182253Z 32008KT 10SM CLR 12/M06 A3020 RMK AO2 SLP230 T01171061,null
LIT,2023-12-18 23:53,49,21,32.8,360,3,0,30.22,1023.8,10,null,CLR,null,null,null,null,null,null,null,null,null,null,null,null,null,null,48.12,KLIT 182353Z 36003KT 10SM CLR 09/M06 A3022 RMK AO2 SLP238 T00941061 10150 20089 53014,null
LIT,2023-12-19 0:53,43,19,37.81,10,8,0,30.25,1024.6,10,null,CLR,null,null,null,null,null,null,null,null,null,null,null,null,null,null,37.66,KLIT 190053Z 01008KT 10SM CLR 06/M07 A3025 RMK AO2 SLP246 T00611072,null
LIT,2023-12-19 1:53,42,17,36.05,20,8,0,30.26,1025,10,null,CLR,null,null,null,null,null,null,null,null,null,null,null,null,null,null,36.43,KLIT 190153Z 02008KT 10SM CLR 06/M08 A3026 RMK AO2 SLP250 T00561083,null
LIT,2023-12-19 2:53,43,17,34.69,30,8,0,30.28,1025.6,10,null,CLR,null,null,null,null,null,null,null,null,null,null,null,null,null,null,37.66,KLIT 190253Z 03008KT 10SM CLR 06/M08 A3028 RMK AO2 SLP256 T00611083 51017,null
LIT,2023-12-19 3:53,40,16,37.3,20,8,0,30.28,1025.8,10,null,CLR,null,null,null,null,null,null,null,null,null,null,null,null,null,null,33.97,KLIT 190353Z 02008KT 10SM CLR 04/M09 A3028 RMK AO2 SLP258 T00441089,null
LIT,2023-12-19 4:53,38,17,42.11,30,8,0,30.31,1026.8,10,null,CLR,null,null,null,null,null,null,null,null,null,null,null,null,null,null,31.5,KLIT 190453Z 03008KT 10SM CLR 03/M08 A3031 RMK AO2 SLP268 T00331083,null
LIT,2023-12-19 5:53,37,16,41.95,30,4,0,30.31,1026.7,10,null,CLR,null,null,null,null,null,null,null,null,null,null,null,null,null,null,33.26,KLIT 190553Z 03004KT 10SM CLR 03/M09 A3031 RMK AO2 SLP267 T00281089 10100 20011 401500011 50011,null
LIT,2023-12-19 6:53,33,18,53.62,0,0,0,30.32,1027,10,null,CLR,null,null,null,null,null,null,null,null,null,null,null,null,null,null,33,KLIT 190653Z 00000KT 10SM CLR 01/M08 A3032 RMK AO2 SLP270 T00061078,null
LIT,2023-12-19 7:53,31,21,66.07,0,0,0,30.34,1027.6,10,null,CLR,null,null,null,null,null,null,null,null,null,null,null,null,null,null,31,KLIT 190753Z 00000KT 10SM CLR M01/M06 A3034 RMK AO2 SLP276 T10061061,null
LIT,2023-12-19 8:53,32,21,63.45,0,0,0,30.34,1027.9,10,null,CLR,null,null,null,null,null,null,null,null,null,null,null,null,null,null,32,KLIT 190853Z 00000KT 10SM CLR 00/M06 A3034 RMK AO2 SLP279 T00001061 51012,null
LIT,2023-12-19 9:53,32,21,63.45,80,5,0,30.33,1027.4,10,null,CLR,null,null,null,null,null,null,null,null,null,null,null,null,null,null,26.4,KLIT 190953Z 08005KT 10SM CLR 00/M06 A3033 RMK AO2 SLP274 T00001061,null
LIT,2023-12-19 10:53,32,17,53.46,10,4,0,30.35,1028.2,10,null,CLR,null,null,null,null,null,null,null,null,null,null,null,null,null,null,27.42,KLIT 191053Z 01004KT 10SM CLR 00/M08 A3035 RMK AO2 SLP282 T00001083,null
LIT,2023-12-19 11:53,30,20,65.94,100,3,0,30.37,1028.6,10,null,CLR,null,null,null,null,null,null,null,null,null,null,null,null,null,null,26.4,KLIT 191153Z 10003KT 10SM CLR M01/M07 A3037 RMK AO2 SLP286 T10111067 10044 21011 53007,null
LIT,2023-12-19 12:53,32,18,55.82,0,0,0,30.38,1029.3,10,null,CLR,null,null,null,null,null,null,null,null,null,null,null,null,null,null,32,KLIT 191253Z 00000KT 10SM CLR 00/M08 A3038 RMK AO2 SLP293 T00001078,null
LIT,2023-12-19 13:53,31,21,66.07,0,0,0,30.4,1029.8,10,null,FEW,null,null,null,25000,null,null,null,null,null,null,null,null,null,null,31,KLIT 191353Z 00000KT 10SM FEW250 M01/M06 A3040 RMK AO2 SLP298 T10061061,null
LIT,2023-12-19 14:53,38,20,47.9,100,4,0,30.41,1030.1,10,null,FEW,null,null,null,25000,null,null,null,null,null,null,null,null,null,null,34.43,KLIT 191453Z 10004KT 10SM FEW250 03/M07 A3041 RMK AO2 SLP301 T00331067 51015 $,null
LIT,2023-12-19 15:53,42,17,36.05,130,8,0,30.42,1030.4,10,null,BKN,null,null,null,25000,null,null,null,null,null,null,null,null,null,null,36.43,KLIT 191553Z 13008KT 10SM BKN250 06/M08 A3042 RMK AO2 SLP304 T00561083 $,null
LIT,2023-12-19 16:53,43,19,37.81,140,8,0,30.4,1029.8,10,null,BKN,null,null,null,25000,null,null,null,null,null,null,null,null,null,null,37.66,KLIT 191653Z 14008KT 10SM BKN250 06/M07 A3040 RMK AO2 SLP298 T00611072,null
LIT,2023-12-19 17:53,45,19,35.02,null,6,0,30.37,1028.6,10,null,BKN,null,null,null,25000,null,null,null,null,null,null,null,null,null,null,41.19,KLIT 191753Z VRB06KT 10SM BKN250 07/M07 A3037 RMK AO2 SLP286 T00721072 10078 21017 58015,null
LIT,2023-12-19 18:53,47,20,33.89,190,5,0,30.35,1027.9,10,null,BKN,null,null,null,25000,null,null,null,null,null,null,null,null,null,null,44.21,KLIT 191853Z 19005KT 10SM BKN250 08/M07 A3035 RMK AO2 SLP279 T00831067,null
LIT,2023-12-19 19:53,48,20,32.64,190,7,0,30.33,1027.3,10,null,BKN,null,null,null,25000,null,null,null,null,null,null,null,null,null,null,44.28,KLIT 191953Z COR 19007KT 10SM BKN250 09/M07 A3033 RMK AO2 SLP273 T00891067,null
LIT,2023-12-19 20:53,49,20,31.44,110,6,0,30.31,1026.8,10,null,BKN,null,null,null,25000,null,null,null,null,null,null,null,null,null,null,46,KLIT 192053Z 11006KT 10SM BKN250 09/M07 A3031 RMK AO2 SLP268 T00941067 56018,null
LIT,2023-12-19 21:53,48,22,35.53,140,7,0,30.31,1026.8,10,null,BKN,null,null,null,25000,null,null,null,null,null,null,null,null,null,null,44.28,KLIT 192153Z 14007KT 10SM BKN250 09/M06 A3031 RMK AO2 SLP268 T00891056,null
LIT,2023-12-19 22:53,44,23,43.11,140,6,0,30.31,1026.7,10,null,BKN,BKN,null,null,16000,25000,null,null,null,null,null,null,null,null,null,39.98,KLIT 192253Z 14006KT 10SM BKN160 BKN250 07/M05 A3031 RMK AO2 SLP267 T00671050,null
LIT,2023-12-19 23:53,43,24,46.71,130,5,0,30.31,1026.8,10,null,BKN,null,null,null,25000,null,null,null,null,null,null,null,null,null,null,39.46,KLIT 192353Z 13005KT 10SM BKN250 06/M04 A3031 RMK AO2 SLP268 T00611044 10100 20061 55000,null
LIT,2023-12-20 0:53,42,25,50.61,0,0,0,30.32,1027.2,10,null,BKN,null,null,null,25000,null,null,null,null,null,null,null,null,null,null,42,KLIT 200053Z 00000KT 10SM BKN250 06/M04 A3032 RMK AO2 SLP272 T00561039,null
LIT,2023-12-20 1:53,39,26,59.27,150,3,0,30.32,1027.2,10,null,BKN,null,null,null,25000,null,null,null,null,null,null,null,null,null,null,36.69,KLIT 200153Z 15003KT 10SM BKN250 04/M03 A3032 RMK AO2 SLP272 T00391033,null
LIT,2023-12-20 2:53,37,26,64.11,170,3,0,30.32,1027.2,10,null,BKN,null,null,null,25000,null,null,null,null,null,null,null,null,null,null,34.4,KLIT 200253Z 17003KT 10SM BKN250 03/M03 A3032 RMK AO2 SLP272 T00281033 51004,null
LIT,2023-12-20 3:53,38,26,61.64,0,0,0,30.31,1026.9,10,null,CLR,null,null,null,null,null,null,null,null,null,null,null,null,null,null,38,KLIT 200353Z 00000KT 10SM CLR 03/M03 A3031 RMK AO2 SLP269 T00331033,null
LIT,2023-12-20 4:53,39,25,56.86,0,0,0,30.33,1027.4,10,null,BKN,null,null,null,25000,null,null,null,null,null,null,null,null,null,null,39,KLIT 200453Z 00000KT 10SM BKN250 04/M04 A3033 RMK AO2 SLP274 T00391039,null
LIT,2023-12-20 5:53,36,27,69.51,0,0,0,30.33,1027.3,10,null,BKN,null,null,null,25000,null,null,null,null,null,null,null,null,null,null,36,KLIT 200553Z 00000KT 10SM BKN250 02/M03 A3033 RMK AO2 SLP273 T00221028 10061 20022 401001017 53002,null
LIT,2023-12-20 6:53,36,26,66.69,0,0,0,30.32,1027.2,10,null,BKN,null,null,null,25000,null,null,null,null,null,null,null,null,null,null,36,KLIT 200653Z 00000KT 10SM BKN250 02/M03 A3032 RMK AO2 SLP272 T00221033,null
LIT,2023-12-20 7:53,36,26,66.69,0,0,0,30.34,1027.6,10,null,BKN,null,null,null,25000,null,null,null,null,null,null,null,null,null,null,36,KLIT 200753Z 00000KT 10SM BKN250 02/M03 A3034 RMK AO2 SLP276 T00221033,null
LIT,2023-12-20 8:53,37,26,64.11,0,0,0,30.34,1027.9,10,null,BKN,null,null,null,25000,null,null,null,null,null,null,null,null,null,null,37,KLIT 200853Z 00000KT 10SM BKN250 03/M03 A3034 RMK AO2 SLP279 T00281033 53006,null
LIT,2023-12-20 9:53,35,26,69.39,0,0,0,30.34,1027.7,10,null,BKN,null,null,null,25000,null,null,null,null,null,null,null,null,null,null,35,KLIT 200953Z 00000KT 10SM BKN250 02/M03 A3034 RMK AO2 SLP277 T00171033,null
LIT,2023-12-20 10:53,34,27,75.26,0,0,0,30.34,1027.9,10,null,BKN,null,null,null,25000,null,null,null,null,null,null,null,null,null,null,34,KLIT 201053Z 00000KT 10SM BKN250 01/M03 A3034 RMK AO2 SLP279 T00111028,null
LIT,2023-12-20 11:53,33,26,75.17,0,0,0,30.35,1028.2,10,null,BKN,null,null,null,25000,null,null,null,null,null,null,null,null,null,null,33,KLIT 201153Z 00000KT 10SM BKN250 01/M03 A3035 RMK AO2 SLP282 T00061033 10028 20000 53002,null
LIT,2023-12-20 12:53,34,27,75.26,0,0,0,30.37,1029,10,null,BKN,null,null,null,25000,null,null,null,null,null,null,null,null,null,null,34,KLIT 201253Z 00000KT 10SM BKN250 01/M03 A3037 RMK AO2 SLP290 T00111028,null
LIT,2023-12-20 13:53,33,26,75.17,0,0,0,30.38,1029.4,10,null,BKN,null,null,null,25000,null,null,null,null,null,null,null,null,null,null,33,KLIT 201353Z 00000KT 10SM BKN250 01/M03 A3038 RMK AO2 SLP294 T00061033,null
LIT,2023-12-20 14:53,41,29,62.04,0,0,0,30.4,1029.9,10,null,BKN,null,null,null,25000,null,null,null,null,null,null,null,null,null,null,41,KLIT 201453Z 00000KT 10SM BKN250 05/M02 A3040 RMK AO2 SLP299 T00501017 51018,null
LIT,2023-12-20 15:53,48,28,45.61,240,7,0,30.41,1030,10,null,BKN,null,null,null,25000,null,null,null,null,null,null,null,null,null,null,44.28,KLIT 201553Z 24007KT 220V280 10SM BKN250 09/M02 A3041 RMK AO2 SLP300 T00891022,null
LIT,2023-12-20 16:53,52,27,37.72,240,9,0,30.39,1029.5,10,null,BKN,null,null,null,25000,null,null,null,null,null,null,null,null,null,null,52,KLIT 201653Z 24009KT 10SM BKN250 11/M03 A3039 RMK AO2 SLP295 T01111028,null
LIT,2023-12-20 17:53,52,26,36.19,240,6,0,30.38,1029,10,null,BKN,null,null,null,25000,null,null,null,null,null,null,null,null,null,null,52,KLIT 201753Z 24006KT 10SM BKN250 11/M03 A3038 RMK AO2 SLP290 T01111033 10117 21006 58009,null
LIT,2023-12-20 18:53,53,28,37.88,190,5,0,30.35,1028.2,10,null,BKN,null,null,null,25000,null,null,null,null,null,null,null,null,null,null,53,KLIT 201853Z 19005KT 10SM BKN250 12/M02 A3035 RMK AO2 SLP282 T01171022,null
LIT,2023-12-20 19:53,56,30,36.85,null,3,0,30.33,1027.4,10,null,BKN,null,null,null,25000,null,null,null,null,null,null,null,null,null,null,56,KLIT 201953Z VRB03KT 10SM BKN250 13/M01 A3033 RMK AO2 SLP274 T01331011,null
LIT,2023-12-20 20:53,55,30,38.21,110,9,0,30.31,1026.6,10,null,BKN,null,null,null,25000,null,null,null,null,null,null,null,null,null,null,55,KLIT 202053Z 11009KT 10SM BKN250 13/M01 A3031 RMK AO2 SLP266 T01281011 57023,null
LIT,2023-12-20 21:53,54,32,42.98,120,8,0,30.31,1026.6,10,null,BKN,null,null,null,25000,null,null,null,null,null,null,null,null,null,null,54,KLIT 202153Z 12008KT 10SM BKN250 12/00 A3031 RMK AO2 SLP266 T01220000,null
LIT,2023-12-20 22:53,51,31,46.09,160,4,0,30.33,1027.4,10,null,BKN,null,null,null,25000,null,null,null,null,null,null,null,null,null,null,51,KLIT 202253Z 16004KT 10SM BKN250 11/M01 A3033 RMK AO2 SLP274 T01061006,null
LIT,2023-12-20 23:53,47,31,53.52,120,5,0,30.33,1027.4,10,null,BKN,null,null,null,25000,null,null,null,null,null,null,null,null,null,null,44.21,KLIT 202353Z 12005KT 10SM BKN250 08/M01 A3033 RMK AO2 SLP274 T00831006 10139 20083 52007,null
LIT,2023-12-21 0:53,47,31,53.52,0,0,0,30.34,1027.7,10,null,BKN,null,null,null,25000,null,null,null,null,null,null,null,null,null,null,47,KLIT 210053Z 00000KT 10SM BKN250 08/M01 A3034 RMK AO2 SLP277 T00831006,null
LIT,2023-12-21 1:53,43,32,64.88,0,0,0,30.36,1028.6,10,null,BKN,null,null,null,25000,null,null,null,null,null,null,null,null,null,null,43,KLIT 210153Z 00000KT 10SM BKN250 06/00 A3036 RMK AO2 SLP286 T00610000,null
LIT,2023-12-21 2:53,43,31,62.31,110,3,0,30.36,1028.6,10,null,BKN,null,null,null,25000,null,null,null,null,null,null,null,null,null,null,41.26,KLIT 210253Z 11003KT 10SM BKN250 06/M01 A3036 RMK AO2 SLP286 T00611006 51012,null
LIT,2023-12-21 3:53,43,32,64.88,80,3,0,30.37,1028.6,10,null,BKN,null,null,null,25000,null,null,null,null,null,null,null,null,null,null,41.26,KLIT 210353Z 08003KT 10SM BKN250 06/00 A3037 RMK AO2 SLP286 T00610000,null
LIT,2023-12-21 4:53,42,32,67.42,0,0,0,30.37,1028.6,10,null,BKN,null,null,null,25000,null,null,null,null,null,null,null,null,null,null,42,KLIT 210453Z 00000KT 10SM BKN250 06/00 A3037 RMK AO2 SLP286 T00560000,null
LIT,2023-12-21 5:53,41,32,70.08,0,0,0,30.37,1028.7,10,null,OVC,null,null,null,25000,null,null,null,null,null,null,null,null,null,null,41,KLIT 210553Z 00000KT 10SM OVC250 05/00 A3037 RMK AO2 SLP287 T00500000 10094 20044 401391006 53001,null
LIT,2023-12-21 6:53,39,31,72.75,0,0,0,30.36,1028.4,10,null,BKN,null,null,null,25000,null,null,null,null,null,null,null,null,null,null,39,KLIT 210653Z 00000KT 10SM BKN250 04/M01 A3036 RMK AO2 SLP284 T00391006,null
LIT,2023-12-21 7:53,38,30,72.64,0,0,0,30.36,1028.5,10,null,OVC,null,null,null,25000,null,null,null,null,null,null,null,null,null,null,38,KLIT 210753Z 00000KT 10SM OVC250 03/M01 A3036 RMK AO2 SLP285 T00331011,null
LIT,2023-12-21 8:53,38,30,72.64,0,0,0,30.36,1028.4,10,null,OVC,null,null,null,25000,null,null,null,null,null,null,null,null,null,null,38,KLIT 210853Z 00000KT 10SM OVC250 03/M01 A3036 RMK AO2 SLP284 T00331011 56003,null
LIT,2023-12-21 9:53,38,31,75.65,0,0,0,30.35,1028.2,10,null,OVC,null,null,null,25000,null,null,null,null,null,null,null,null,null,null,38,KLIT 210953Z 00000KT 10SM OVC250 03/M01 A3035 RMK AO2 SLP282 T00331006,null
LIT,2023-12-21 10:53,38,31,75.65,0,0,0,30.36,1028.4,10,null,OVC,null,null,null,25000,null,null,null,null,null,null,null,null,null,null,38,KLIT 211053Z 00000KT 10SM OVC250 03/M01 A3036 RMK AO2 SLP284 T00331006,null
LIT,2023-12-21 11:53,38,30,72.64,70,4,0,30.37,1028.9,10,null,OVC,null,null,null,25000,null,null,null,null,null,null,null,null,null,null,34.43,KLIT 211153Z 07004KT 10SM OVC250 03/M01 A3037 RMK AO2 SLP289 T00331011 10050 20028 53005,null
LIT,2023-12-21 12:53,39,30,69.85,110,3,0,30.38,1029.2,10,null,BKN,null,null,null,25000,null,null,null,null,null,null,null,null,null,null,36.69,KLIT 211253Z 11003KT 10SM BKN250 04/M01 A3038 RMK AO2 SLP292 T00391011,null
LIT,2023-12-21 13:53,41,31,67.3,110,3,0,30.39,1029.6,10,null,BKN,BKN,null,null,12000,25000,null,null,null,null,null,null,null,null,null,38.98,KLIT 211353Z 11003KT 10SM BKN120 BKN250 05/M01 A3039 RMK AO2 SLP296 T00501006,null
LIT,2023-12-21 14:53,44,33,65.01,0,0,0,30.4,1029.7,10,null,BKN,BKN,null,null,12000,25000,null,null,null,null,null,null,null,null,null,44,KLIT 211453Z 00000KT 10SM BKN120 BKN250 07/01 A3040 RMK AO2 SLP297 T00670006 51007,null
LIT,2023-12-21 15:53,46,32,57.87,180,4,0,30.41,1030.2,10,null,SCT,SCT,null,null,12000,25000,null,null,null,null,null,null,null,null,null,43.77,KLIT 211553Z 18004KT 10SM SCT120 SCT250 08/00 A3041 RMK AO2 SLP302 T00780000,null
LIT,2023-12-21 16:53,51,35,54.12,0,0,0,30.4,1029.8,10,null,BKN,BKN,null,null,12000,25000,null,null,null,null,null,null,null,null,null,51,KLIT 211653Z 00000KT 10SM BKN120 BKN250 11/02 A3040 RMK AO2 SLP298 T01060017,null
LIT,2023-12-21 17:53,55,38,52.6,0,0,0,30.37,1028.5,10,null,BKN,BKN,null,null,12000,25000,null,null,null,null,null,null,null,null,null,55,KLIT 211753Z 00000KT 10SM BKN120 BKN250 13/03 A3037 RMK AO2 SLP285 T01280033 10128 20028 58010,null
LIT,2023-12-21 18:53,58,40,51.03,0,0,0,30.34,1027.5,10,null,BKN,BKN,null,null,10000,12000,null,null,null,null,null,null,null,null,null,58,KLIT 211853Z 00000KT 10SM BKN100 BKN120 14/04 A3034 RMK AO2 SLP275 T01440044,null
LIT,2023-12-21 19:53,59,41,51.18,0,0,0,30.32,1026.9,10,null,BKN,BKN,null,null,10000,12000,null,null,null,null,null,null,null,null,null,59,KLIT 211953Z 00000KT 10SM BKN100 BKN120 15/05 A3032 RMK AO2 SLP269 T01500050,null
LIT,2023-12-21 20:53,61,42,49.54,0,0,0,30.31,1026.6,10,null,BKN,BKN,null,null,10000,12000,null,null,null,null,null,null,null,null,null,61,KLIT 212053Z 00000KT 10SM BKN100 BKN120 16/06 A3031 RMK AO2 SLP266 T01610056 56019,null
LIT,2023-12-21 21:53,60,41,49.39,130,7,0,30.31,1026.6,10,null,FEW,OVC,null,null,15000,25000,null,null,null,null,null,null,null,null,null,60,KLIT 212153Z 13007KT 10SM FEW150 OVC250 16/05 A3031 RMK AO2 SLP266 T01560050,null
LIT,2023-12-21 22:53,56,42,59.26,130,6,0,30.3,1026.4,10,null,BKN,OVC,null,null,15000,25000,null,null,null,null,null,null,null,null,null,56,KLIT 212253Z 13006KT 10SM BKN150 OVC250 13/06 A3030 RMK AO2 SLP264 T01330056,null
LIT,2023-12-21 23:53,54,41,61.32,150,4,0,30.3,1026.4,10,null,BKN,OVC,null,null,11000,25000,null,null,null,null,null,null,null,null,null,54,KLIT 212353Z 15004KT 10SM BKN110 OVC250 12/05 A3030 RMK AO2 SLP264 T01220050 10167 20117 56003,null
LIT,2023-12-22 0:53,53,41,63.61,180,3,0,30.3,1026.4,9,null,OVC,null,null,null,11000,null,null,null,null,null,null,null,null,null,null,53,KLIT 220053Z 18003KT 9SM OVC110 12/05 A3030 RMK AO2 SLP264 T01170050,null
LIT,2023-12-22 1:53,51,41,68.48,170,3,0,30.31,1026.7,10,null,FEW,OVC,null,null,12000,25000,null,null,null,null,null,null,null,null,null,51,KLIT 220153Z 17003KT 10SM FEW120 OVC250 11/05 A3031 RMK AO2 SLP267 T01060050,null
LIT,2023-12-22 2:53,51,41,68.48,170,4,0,30.31,1026.6,10,null,OVC,null,null,null,10000,null,null,null,null,null,null,null,null,null,null,51,KLIT 220253Z 17004KT 10SM OVC100 11/05 A3031 RMK AO2 SLP266 T01060050 53004,null
LIT,2023-12-22 3:53,52,41,66,160,3,0,30.31,1026.7,10,null,OVC,null,null,null,10000,null,null,null,null,null,null,null,null,null,null,52,KLIT 220353Z 16003KT 10SM OVC100 11/05 A3031 RMK AO2 SLP267 T01110050,null
LIT,2023-12-22 4:53,51,40,65.87,160,3,0,30.31,1026.8,10,null,OVC,null,null,null,9500,null,null,null,null,null,null,null,null,null,null,51,KLIT 220453Z 16003KT 10SM OVC095 11/04 A3031 RMK AO2 SLP268 T01060044,null
LIT,2023-12-22 5:53,49,39,68.25,0,0,0,30.3,1026.2,10,null,OVC,null,null,null,11000,null,null,null,null,null,null,null,null,null,null,49,KLIT 220553Z 00000KT 10SM OVC110 09/04 A3030 RMK AO2 SLP262 T00940039 10122 20089 401670028 58004,null
LIT,2023-12-22 6:53,47,39,73.57,0,0,0,30.28,1025.7,10,null,OVC,null,null,null,11000,null,null,null,null,null,null,null,null,null,null,47,KLIT 220653Z 00000KT 10SM OVC110 08/04 A3028 RMK AO2 SLP257 T00830039,null
LIT,2023-12-22 7:53,47,40,76.49,0,0,0,30.27,1025.3,10,null,OVC,null,null,null,11000,null,null,null,null,null,null,null,null,null,null,47,KLIT 220753Z 00000KT 10SM OVC110 08/04 A3027 RMK AO2 SLP253 T00830044,null
LIT,2023-12-22 8:53,49,40,70.96,0,0,0,30.28,1025.5,10,null,OVC,null,null,null,9000,null,null,null,null,null,null,null,null,null,null,49,KLIT 220853Z 00000KT 10SM OVC090 09/04 A3028 RMK AO2 SLP255 T00940044 55007,null
LIT,2023-12-22 9:53,48,40,73.67,0,0,0,30.26,1024.9,10,null,OVC,null,null,null,9500,null,null,null,null,null,null,null,null,null,null,48,KLIT 220953Z 00000KT 10SM OVC095 09/04 A3026 RMK AO2 SLP249 T00890044,null
LIT,2023-12-22 10:53,47,40,76.49,0,0,0,30.26,1024.8,10,null,OVC,null,null,null,11000,null,null,null,null,null,null,null,null,null,null,47,KLIT 221053Z 00000KT 10SM OVC110 08/04 A3026 RMK AO2 SLP248 T00830044,null
LIT,2023-12-22 11:53,47,40,76.49,0,0,0,30.26,1024.9,10,null,OVC,null,null,null,11000,null,null,null,null,null,null,null,null,null,null,47,KLIT 221153Z 00000KT 10SM OVC110 08/04 A3026 RMK AO2 SLP249 T00830044 10100 20078 55006,null
LIT,2023-12-22 12:53,47,40,76.49,0,0,0,30.26,1024.9,10,null,FEW,OVC,null,null,2500,12000,null,null,null,null,null,null,null,null,null,47,KLIT 221253Z 00000KT 10SM FEW025 OVC120 08/04 A3026 RMK AO2 SLP249 T00830044,null
LIT,2023-12-22 13:53,46,40,79.44,0,0,0,30.27,1025.4,10,null,SCT,OVC,null,null,3000,12000,null,null,null,null,null,null,null,null,null,46,KLIT 221353Z 00000KT 10SM SCT030 OVC120 08/04 A3027 RMK AO2 SLP254 T00780044,null
LIT,2023-12-22 14:53,51,41,68.48,120,3,0,30.28,1025.7,10,null,SCT,BKN,null,null,2500,10000,null,null,null,null,null,null,null,null,null,51,KLIT 221453Z 12003KT 10SM SCT025 BKN100 11/05 A3028 RMK AO2 SLP257 T01060050 53007,null
LIT,2023-12-22 15:53,53,40,61.19,170,3,0,30.28,1025.7,10,null,BKN,null,null,null,10000,null,null,null,null,null,null,null,null,null,null,53,KLIT 221553Z 17003KT 10SM BKN100 12/04 A3028 RMK AO2 SLP257 T01170044,null
LIT,2023-12-22 16:53,56,41,57.02,200,3,0,30.28,1025.5,10,null,FEW,BKN,null,null,2500,10000,null,null,null,null,null,null,null,null,null,56,KLIT 221653Z 20003KT 10SM FEW025 BKN100 13/05 A3028 RMK AO2 SLP255 T01330050,null
LIT,2023-12-22 17:53,58,44,59.54,200,4,0,30.25,1024.4,10,null,SCT,BKN,BKN,null,2500,3500,8000,null,null,null,null,null,null,null,null,58,KLIT 221753Z 20004KT 10SM SCT025 BKN035 BKN080 14/07 A3025 RMK AO2 SLP244 T01440067 10150 20078 58013,null
LIT,2023-12-22 18:53,59,47,64.36,190,6,0,30.22,1023.4,10,null,SCT,BKN,BKN,null,2500,3500,7000,null,null,null,null,null,null,null,null,59,KLIT 221853Z 19006KT 10SM SCT025 BKN035 BKN070 15/08 A3022 RMK AO2 SLP234 T01500083,null
LIT,2023-12-22 19:53,62,49,62.36,170,5,0,30.19,1022.5,10,null,SCT,BKN,BKN,null,2500,3500,6500,null,null,null,null,null,null,null,null,62,KLIT 221953Z 17005KT 10SM SCT025 BKN035 BKN065 17/09 A3019 RMK AO2 SLP225 T01670094,null
LIT,2023-12-22 20:53,62,49,62.36,190,6,0,30.18,1022.1,10,null,BKN,OVC,null,null,3000,7000,null,null,null,null,null,null,null,null,null,62,KLIT 222053Z 19006KT 10SM BKN030 OVC070 17/09 A3018 RMK AO2 SLP221 T01670094 56023,null
LIT,2023-12-22 21:53,63,50,62.49,190,6,0,30.17,1021.9,10,null,SCT,OVC,null,null,3400,5000,null,null,null,null,null,null,null,null,null,63,KLIT 222153Z 19006KT 10SM SCT034 OVC050 17/10 A3017 RMK AO2 SLP219 T01720100,null
LIT,2023-12-22 22:53,61,50,67.06,200,8,0,30.18,1022.1,10,null,OVC,null,null,null,4600,null,null,null,null,null,null,null,null,null,null,61,KLIT 222253Z 20008KT 10SM OVC046 16/10 A3018 RMK AO2 SLP221 T01610100,null
LIT,2023-12-22 23:53,60,51,72.12,210,4,T,30.18,1022.4,8,null,SCT,OVC,null,null,2300,3400,null,null,#NAME?,null,null,null,null,null,null,60,KLIT 222353Z 21004KT 8SM -RA SCT023 OVC034 16/11 A3018 RMK AO2 RAB49 SLP224 P0000 60000 T01560106 10172 20144 53002,null
LIT,2023-12-22 23:56,60,51,72.12,220,5,T,30.19,null,8,null,BKN,OVC,null,null,2000,3400,null,null,#NAME?,null,null,null,null,null,null,60,KLIT 222356Z 22005KT 8SM -RA BKN020 OVC034 16/11 A3019 RMK AO2 P0000 T01560106,null
LIT,2023-12-23 0:53,57,54,89.68,200,3,T,30.2,1022.8,4,null,BKN,OVC,null,null,2000,2500,null,null,#NAME?,null,null,null,null,null,null,57,KLIT 230053Z 20003KT 4SM -RA BR BKN020 OVC025 14/12 A3020 RMK AO2 RAE2359B29 SLP228 P0000 T01390122,null
LIT,2023-12-23 1:53,57,54,89.68,190,5,T,30.2,1022.8,9,null,OVC,null,null,null,2700,null,null,null,null,null,null,null,null,null,null,57,KLIT 230153Z 19005KT 9SM OVC027 14/12 A3020 RMK AO2 RAE0057 SLP228 P0000 T01390122,null
LIT,2023-12-23 2:53,57,54,89.68,0,0,0,30.2,1022.9,9,null,OVC,null,null,null,2400,null,null,null,null,null,null,null,null,null,null,57,KLIT 230253Z 00000KT 9SM OVC024 14/12 A3020 RMK AO2 SLP229 60000 T01390122 51006,null
LIT,2023-12-23 3:53,57,53,86.45,160,3,0,30.2,1022.9,9,null,OVC,null,null,null,2100,null,null,null,null,null,null,null,null,null,null,57,KLIT 230353Z 16003KT 9SM OVC021 14/12 A3020 RMK AO2 SLP229 T01390117,null
LIT,2023-12-23 4:53,57,54,89.68,0,0,0,30.2,1022.6,6,null,OVC,null,null,null,2200,null,null,null,BR,null,null,null,null,null,null,57,KLIT 230453Z 00000KT 6SM BR OVC022 14/12 A3020 RMK AO2 SLP226 T01390122,null
LIT,2023-12-23 5:53,57,54,89.68,0,0,0,30.19,1022.4,7,null,OVC,null,null,null,1800,null,null,null,null,null,null,null,null,null,null,57,KLIT 230553Z 00000KT 7SM OVC018 14/12 A3019 RMK AO2 SLP224 60000 T01390122 10156 20139 401720078 58004,null
LIT,2023-12-23 6:53,56,53,89.64,0,0,0,30.18,1022,4,null,OVC,null,null,null,1800,null,null,null,BR,null,null,null,null,null,null,56,KLIT 230653Z 00000KT 4SM BR OVC018 13/12 A3018 RMK AO2 SLP220 T01330117,null
LIT,2023-12-23 7:53,56,53,89.64,0,0,0,30.17,1021.9,4,null,OVC,null,null,null,2100,null,null,null,BR,null,null,null,null,null,null,56,KLIT 230753Z 00000KT 4SM BR OVC021 13/12 A3017 RMK AO2 SLP219 T01330117,null
LIT,2023-12-23 8:18,56,53,89.64,0,0,0,30.18,null,2.5,null,OVC,null,null,null,2100,null,null,null,BR,null,null,null,null,null,null,56,KLIT 230818Z 00000KT 2 1/2SM BR OVC021 13/12 A3018 RMK AO2 T01330117,null
LIT,2023-12-23 8:37,56,53,89.64,0,0,0,30.18,null,4,null,OVC,null,null,null,2100,null,null,null,BR,null,null,null,null,null,null,56,KLIT 230837Z 00000KT 4SM BR OVC021 13/12 A3018 RMK AO2 T01330117,null
LIT,2023-12-23 8:53,56,53,89.64,0,0,0,30.18,1021.9,4,null,FEW,OVC,null,null,1000,2100,null,null,BR,null,null,null,null,null,null,56,KLIT 230853Z 00000KT 4SM BR FEW010 OVC021 13/12 A3018 RMK AO2 SLP219 T01330117 55004,null
LIT,2023-12-23 9:23,56,53,89.64,0,0,0,30.18,null,4,null,OVC,null,null,null,1000,null,null,null,BR,null,null,null,null,null,null,56,KLIT 230923Z 00000KT 4SM BR OVC010 13/12 A3018 RMK AO2 T01330117,null
LIT,2023-12-23 9:53,54,52,92.92,0,0,0,30.18,1022,4,null,FEW,SCT,BKN,null,1000,2700,3200,null,BR,null,null,null,null,null,null,54,KLIT 230953Z 00000KT 4SM BR FEW010 SCT027 BKN032 12/11 A3018 RMK AO2 SLP220 T01220111,null
LIT,2023-12-23 10:09,54,52,92.92,0,0,0,30.18,null,0.25,null,FEW,SCT,BKN,null,1000,2700,3200,null,FG,null,null,null,null,null,null,54,KLIT 231009Z 00000KT 1/4SM FG FEW010 SCT027 BKN032 12/11 A3018 RMK AO2 T01220111 RVRNO,null
LIT,2023-12-23 10:20,52,51,96.37,0,0,0,30.18,null,0.5,null,FEW,BKN,OVC,null,1000,1700,3200,null,FG,null,null,null,null,null,null,52,KLIT 231020Z 00000KT 1/2SM FG FEW010 BKN017 OVC032 11/11 A3018 RMK AO2 T01110106 RVRNO,null
LIT,2023-12-23 10:41,54,52,92.92,0,0,0,30.17,null,2,null,FEW,BKN,OVC,null,1000,1700,3200,null,BR MIFG,null,null,null,null,null,null,54,KLIT 231041Z 00000KT 2SM BR MIFG FEW010 BKN017 OVC032 12/11 A3017 RMK AO2 T01220111 $,null
LIT,2023-12-23 10:53,54,52,92.92,0,0,0,30.17,1021.9,2,null,SCT,BKN,OVC,null,0,1100,3600,null,BR MIFG,null,null,null,null,null,null,54,KLIT 231053Z 00000KT 2SM BR MIFG SCT000 BKN011 OVC036 12/11 A3017 RMK AO2 SLP219 T01220111 $,null
LIT,2023-12-23 11:07,54,51,89.55,0,0,0,30.18,null,3,null,SCT,BKN,OVC,null,1100,2600,6500,null,BR,null,null,null,null,null,null,54,KLIT 231107Z 00000KT 3SM BR SCT011 BKN026 OVC065 12/11 A3018 RMK AO2 T01220106 $,null
LIT,2023-12-23 11:53,54,52,92.92,0,0,0,30.18,1022.2,5,null,SCT,BKN,OVC,null,1000,2300,6000,null,BR,null,null,null,null,null,null,54,KLIT 231153Z 00000KT 5SM BR SCT010 BKN023 OVC060 12/11 A3018 RMK AO2 SLP222 T01220111 10139 20111 53002 $,null
LIT,2023-12-23 12:43,53,50,89.51,0,0,0,30.19,null,4,null,SCT,SCT,null,null,2000,6000,null,null,BR,null,null,null,null,null,null,53,KLIT 231243Z 00000KT 4SM BR SCT020 SCT060 12/10 A3019 RMK AO2 T01170100 $,null
LIT,2023-12-23 12:53,51,49,92.83,0,0,0,30.18,1022.4,0.5,null,SCT,BKN,null,null,0,2000,null,null,FG,null,null,null,null,null,null,51,KLIT 231253Z 00000KT 1/2SM FG SCT000 BKN020 11/09 A3018 RMK AO2 SLP224 T01060094 RVRNO $,null
LIT,2023-12-23 13:07,51,49,92.83,0,0,0,30.19,null,0.5,null,BKN,null,null,null,0,null,null,null,FG,null,null,null,null,null,null,51,KLIT 231307Z 00000KT 1/2SM FG BKN000 11/09 A3019 RMK AO2 T01060094 RVRNO $,null
LIT,2023-12-23 13:38,53,50,89.51,180,4,0,30.19,null,0.5,null,BKN,OVC,null,null,0,1900,null,null,FG,null,null,null,null,null,null,53,KLIT 231338Z 18004KT 1/2SM FG BKN000 OVC019 12/10 A3019 RMK AO2 T01170100 RVRNO $,null
LIT,2023-12-23 13:53,54,52,92.92,0,0,0,30.2,1022.8,1.5,null,BKN,OVC,null,null,0,1900,null,null,BR BCFG,null,null,null,null,null,null,54,KLIT 231353Z 00000KT 1 1/2SM BR BCFG BKN000 OVC019 12/11 A3020 RMK AO2 SLP228 T01220111 $,null
LIT,2023-12-23 14:13,55,52,89.59,0,0,0,30.2,null,4,null,BKN,BKN,OVC,null,1900,3100,3800,null,BR,null,null,null,null,null,null,55,KLIT 231413Z 00000KT 4SM BR BKN019 BKN031 OVC038 13/11 A3020 RMK AO2 T01280111 $,null
LIT,2023-12-23 14:53,56,53,89.64,170,3,0,30.21,1023.1,5,null,BKN,BKN,OVC,null,1700,2300,3900,null,BR,null,null,null,null,null,null,56,KLIT 231453Z 17003KT 5SM BR BKN017 BKN023 OVC039 13/12 A3021 RMK AO2 SLP231 T01330117 53008 $,null
LIT,2023-12-23 15:53,58,54,86.51,0,0,0,30.21,1023.3,10,null,OVC,null,null,null,1600,null,null,null,null,null,null,null,null,null,null,58,KLIT 231553Z 00000KT 10SM OVC016 14/12 A3021 RMK AO2 SLP233 BINOVC T01440122 $,null
LIT,2023-12-23 16:03,59,54,83.46,0,0,0,30.22,null,9,null,OVC,null,null,null,1400,null,null,null,null,null,null,null,null,null,null,59,KLIT 231603Z 00000KT 9SM OVC014 15/12 A3022 RMK AO2 T01500122 $,null
LIT,2023-12-23 16:53,62,56,80.68,210,4,0,30.2,1022.9,8,null,OVC,null,null,null,900,null,null,null,null,null,null,null,null,null,null,62,KLIT 231653Z 21004KT 8SM OVC009 17/13 A3020 RMK AO2 SLP229 T01670133 $,null
LIT,2023-12-23 17:43,64,57,77.97,240,4,0,30.18,null,8,null,OVC,null,null,null,1000,null,null,null,null,null,null,null,null,null,null,64,KLIT 231743Z 24004KT 8SM OVC010 18/14 A3018 RMK AO2 T01780139 $,null
LIT,2023-12-23 17:53,65,57,75.3,240,3,0,30.18,1022,8,null,OVC,null,null,null,1000,null,null,null,null,null,null,null,null,null,null,65,KLIT 231753Z 24003KT 8SM OVC010 18/14 A3018 RMK AO2 SLP220 T01830139 10183 20094 58013 $,null
LIT,2023-12-23 18:53,65,58,78.06,150,5,0,30.15,1021,8,null,BKN,OVC,null,null,1200,2400,null,null,null,null,null,null,null,null,null,65,KLIT 231853Z 15005KT 8SM BKN012 OVC024 18/14 A3015 RMK AO2 SLP210 T01830144 $,null
LIT,2023-12-23 19:53,65,58,78.06,160,3,0,30.13,1020.4,9,null,OVC,null,null,null,1000,null,null,null,null,null,null,null,null,null,null,65,KLIT 231953Z 16003KT 9SM OVC010 18/14 A3013 RMK AO2 SLP204 T01830144 $,null
LIT,2023-12-23 20:42,67,58,72.82,130,3,0,30.13,null,10,null,SCT,BKN,OVC,null,1300,3300,5000,null,null,null,null,null,null,null,null,67,KLIT 232042Z 13003KT 10SM SCT013 BKN033 OVC050 19/14 A3013 RMK AO2 T01940144 $,null
LIT,2023-12-23 20:53,66,58,75.39,100,4,0,30.13,1020.3,10,null,FEW,BKN,OVC,null,1300,2400,5000,null,null,null,null,null,null,null,null,66,KLIT 232053Z 10004KT 10SM FEW013 BKN024 OVC050 19/14 A3013 RMK AO2 SLP203 T01890144 56017 $,null
LIT,2023-12-23 21:32,66,58,75.39,130,5,T,30.12,null,10,null,FEW,SCT,BKN,null,2000,4500,5000,null,null,null,null,null,null,null,null,66,KLIT 232132Z 13005KT 10SM FEW020 SCT045 BKN050 19/14 A3012 RMK AO2 RAB16E29 P0000 T01890144 $,null
LIT,2023-12-23 21:53,66,58,75.39,120,6,T,30.12,1020,10,null,SCT,null,null,null,9500,null,null,null,null,null,null,null,null,null,null,66,KLIT 232153Z 12006KT 10SM SCT095 19/14 A3012 RMK AO2 RAB16E29 SLP200 P0000 T01890144 $,null
LIT,2023-12-23 22:53,65,58,78.06,110,5,0,30.12,1020.1,10,null,BKN,OVC,null,null,2300,2800,null,null,null,null,null,null,null,null,null,65,KLIT 232253Z 11005KT 10SM BKN023 OVC028 18/14 A3012 RMK AO2 SLP201 T01830144 $,null
LIT,2023-12-23 23:53,63,57,80.76,130,3,0,30.13,1020.4,10,null,BKN,BKN,null,null,2300,3900,null,null,null,null,null,null,null,null,null,63,KLIT 232353Z 13003KT 10SM BKN023 BKN039 17/14 A3013 RMK AO2 SLP204 60000 T01720139 10194 20172 53002 $,null
LIT,2023-12-24 0:53,59,56,89.76,120,3,0,30.12,1020.3,8,null,BKN,BKN,null,null,2400,3100,null,null,null,null,null,null,null,null,null,59,KLIT 240053Z 12003KT 8SM BKN024 BKN031 15/13 A3012 RMK AO2 SLP203 T01500133 $,null
LIT,2023-12-24 1:53,59,56,89.76,110,3,0,30.13,1020.3,4,null,FEW,null,null,null,8500,null,null,null,BR,null,null,null,null,null,null,59,KLIT 240153Z 11003KT 4SM BR FEW085 15/13 A3013 RMK AO2 SLP203 T01500133 $,null
LIT,2023-12-24 2:53,57,54,89.68,130,4,0,30.12,1020.2,5,null,SCT,BKN,BKN,null,5500,8500,11000,null,null,null,null,null,null,null,null,57,KLIT 240253Z 13004KT 5SM SCT055 BKN085 BKN110 14/12 A3012 RMK AO2 SLP202 T01390122 56002 $,null
LIT,2023-12-24 3:53,57,54,89.68,130,4,0,30.12,1019.9,8,null,FEW,SCT,null,null,8500,11000,null,null,null,null,null,null,null,null,null,57,KLIT 240353Z 13004KT 8SM FEW085 SCT110 14/12 A3012 RMK AO2 SLP199 T01390122 $,null
LIT,2023-12-24 4:53,58,55,89.72,150,4,0,30.11,1019.7,10,null,FEW,SCT,null,null,8500,12000,null,null,null,null,null,null,null,null,null,58,KLIT 240453Z 15004KT 10SM FEW085 SCT120 14/13 A3011 RMK AO2 SLP197 T01440128 $,null
LIT,2023-12-24 5:53,58,54,86.51,150,6,0,30.09,1019.2,10,null,FEW,FEW,null,null,4000,8000,null,null,null,null,null,null,null,null,null,58,KLIT 240553Z 15006KT 10SM FEW040 FEW080 14/12 A3009 RMK AO2 SLP192 T01440122 10167 20139 401940094 58010 $,null
LIT,2023-12-24 6:53,58,54,86.51,130,5,0,30.09,1019,10,null,BKN,BKN,OVC,null,8000,10000,12000,null,null,null,null,null,null,null,null,58,KLIT 240653Z 13005KT 10SM BKN080 BKN100 OVC120 14/12 A3009 RMK AO2 SLP190 T01440122 $,null
LIT,2023-12-24 7:53,59,53,80.46,160,6,0,30.08,1018.8,10,null,FEW,null,null,null,12000,null,null,null,null,null,null,null,null,null,null,59,KLIT 240753Z 16006KT 10SM FEW120 15/12 A3008 RMK AO2 SLP188 T01500117 $,null
LIT,2023-12-24 8:53,59,51,74.74,160,7,0,30.06,1018.2,10,null,SCT,OVC,null,null,8000,11000,null,null,null,null,null,null,null,null,null,59,KLIT 240853Z 16007KT 10SM SCT080 OVC110 15/11 A3006 RMK AO2 SLP182 T01500106 58009 $,null
LIT,2023-12-24 9:53,59,50,72.01,160,7,0,30.05,1017.7,10,null,FEW,FEW,OVC,null,3000,8000,10000,null,null,null,null,null,null,null,null,59,KLIT 240953Z 16007KT 10SM FEW030 FEW080 OVC100 15/10 A3005 RMK AO2 SLP177 T01500100 $,null
LIT,2023-12-24 10:53,58,50,74.64,140,6,0,30.03,1017.1,10,null,SCT,BKN,null,null,7500,10000,null,null,null,null,null,null,null,null,null,58,KLIT 241053Z 14006KT 10SM SCT075 BKN100 14/10 A3003 RMK AO2 SLP171 T01440100 $,null
LIT,2023-12-24 11:53,58,49,71.91,140,6,0,30.03,1017,10,null,SCT,BKN,null,null,3500,10000,null,null,null,null,null,null,null,null,null,58,KLIT 241153Z 14006KT 10SM SCT035 BKN100 14/09 A3003 RMK AO2 SLP170 T01440094 10156 20144 $,null
LIT,2023-12-24 12:53,58,50,74.64,140,6,0,30.03,1016.8,10,null,BKN,BKN,OVC,null,3500,5000,10000,null,null,null,null,null,null,null,null,58,KLIT 241253Z 14006KT 10SM BKN035 BKN050 OVC100 14/10 A3003 RMK AO2 SLP168 T01440100 $,null
LIT,2023-12-24 13:53,58,50,74.64,140,5,0,30.02,1016.8,10,null,BKN,OVC,null,null,4000,5000,null,null,null,null,null,null,null,null,null,58,KLIT 241353Z 14005KT 10SM BKN040 OVC050 14/10 A3002 RMK AO2 SLP168 T01440100 $,null
LIT,2023-12-24 14:45,59,51,74.74,150,7,T,30.03,null,10,null,OVC,null,null,null,2000,null,null,null,#NAME?,null,null,null,null,null,null,59,KLIT 241445Z 15007KT 10SM -RA OVC020 15/11 A3003 RMK AO2 RAB41 P0000 T01500106 $,null
LIT,2023-12-24 14:53,59,52,77.55,150,7,T,30.03,1016.9,9,null,OVC,null,null,null,2000,null,null,null,null,null,null,null,null,null,null,59,KLIT 241453Z 15007KT 9SM OVC020 15/11 A3003 RMK AO2 RAB41E52 SLP169 P0000 60000 T01500111 55000 $,null
LIT,2023-12-24 15:53,61,52,72.22,170,7,0.01,30.03,1017,10,null,OVC,null,null,null,1900,null,null,null,null,null,null,null,null,null,null,61,KLIT 241553Z 17007KT 10SM OVC019 16/11 A3003 RMK AO2 RAB1457E07 SLP170 P0001 T01610111 $,null
LIT,2023-12-24 16:14,62,52,69.71,160,9,0,30.03,null,10,null,SCT,BKN,OVC,null,1900,3000,4000,null,null,null,null,null,null,null,null,62,KLIT 241614Z 16009KT 10SM SCT019 BKN030 OVC040 17/11 A3003 RMK AO2 T01670111 $,null
LIT,2023-12-24 16:53,61,54,77.72,150,9,0.01,30.02,1016.5,8,null,SCT,BKN,OVC,null,1900,3000,4000,null,#NAME?,null,null,null,null,null,null,61,KLIT 241653Z 15009KT 8SM -RA SCT019 BKN030 OVC040 16/12 A3002 RMK AO2 RAB25 SLP165 P0001 T01610122 $,null
LIT,2023-12-24 17:22,61,53,74.93,150,9,T,30,null,10,null,BKN,OVC,null,null,1900,4000,null,null,null,null,null,null,null,null,null,61,KLIT 241722Z 15009KT 10SM BKN019 OVC040 16/12 A3000 RMK AO2 RAE1657 P0000 T01610117 $,null
LIT,2023-12-24 17:53,61,54,77.72,160,8,T,29.98,1015.4,10,null,OVC,null,null,null,2000,null,null,null,#NAME?,null,null,null,null,null,null,61,KLIT 241753Z 16008KT 10SM -RA OVC020 16/12 A2998 RMK AO2 RAE1657B25 SLP154 P0000 60002 T01610122 10167 20139 58016 $,null
LIT,2023-12-24 18:53,62,55,77.81,150,9,0.01,29.94,1013.9,10,null,BKN,BKN,OVC,null,2000,4000,6000,null,null,null,null,null,null,null,null,62,KLIT 241853Z 15009KT 10SM BKN020 BKN040 OVC060 17/13 A2994 RMK AO2 RAE49 SLP139 P0001 T01670128 $,null
LIT,2023-12-24 19:53,63,56,77.89,140,10,0.02,29.89,1012.4,10,null,BKN,BKN,OVC,null,2000,4000,6000,null,#NAME?,null,null,null,null,null,null,63,KLIT 241953Z 14010KT 10SM -RA BKN020 BKN040 OVC060 17/13 A2989 RMK AO2 RAB1858 SLP124 P0002 T01720133 $,null
LIT,2023-12-24 20:53,62,56,80.68,150,12,T,29.89,1012.2,10,null,OVC,null,null,null,1600,null,null,null,#NAME?,null,null,null,null,null,null,62,KLIT 242053Z 15012KT 10SM -RA OVC016 17/13 A2989 RMK AO2 RAE1959B41 SLP122 P0000 60003 T01670133 56032 $,null
LIT,2023-12-24 21:53,61,57,86.67,150,9,0.05,29.87,1011.7,3,null,FEW,OVC,null,null,1000,1900,null,null,#NAME?,null,null,null,null,null,null,61,KLIT 242153Z 15009KT 3SM -RA FEW010 OVC019 16/14 A2987 RMK AO2 SLP117 P0005 T01610139 $,null
LIT,2023-12-24 22:23,60,56,86.61,130,11,0.01,29.87,null,2.5,null,SCT,OVC,null,null,1000,1600,null,null,#NAME?,null,null,null,null,null,null,60,KLIT 242223Z 13011KT 2 1/2SM -RA SCT010 OVC016 16/13 A2987 RMK AO2 P0001 T01560133 $,null
LIT,2023-12-24 22:53,60,56,86.61,110,10,0.04,29.86,1011.1,2,null,BKN,OVC,null,null,700,1300,null,null,#NAME?,null,null,null,null,null,null,60,KLIT 242253Z 11010KT 2SM -RA BKN007 OVC013 16/13 A2986 RMK AO2 SLP111 P0004 T01560133 $,null
LIT,2023-12-24 23:13,60,56,86.61,140,14,0.01,29.86,null,5,null,BKN,OVC,null,null,700,1300,null,null,#NAME?,null,null,null,null,null,null,60,KLIT 242313Z 14014KT 5SM -RA BKN007 OVC013 16/13 A2986 RMK AO2 P0001 T01560133 $,null
LIT,2023-12-24 23:53,59,55,86.56,140,12,0.04,29.85,1011,9,20,OVC,null,null,null,8000,null,null,null,#NAME?,null,null,null,null,null,null,59,KLIT 242353Z 14012G20KT 9SM -RA OVC080 15/13 A2985 RMK AO2 SLP110 P0004 60016 T01500128 10172 20150 56011 $,null
LIT,2023-12-25 0:00,59,55,86.56,150,16,T,29.85,null,9,23,OVC,null,null,null,800,null,null,null,#NAME?,null,null,null,null,null,null,59,KLIT 250000Z 15016G23KT 9SM -RA OVC008 15/13 A2985 RMK AO2 CIG 006V012 P0000 T01500128 $,null
LIT,2023-12-25 0:53,58,54,86.51,140,15,0.09,29.84,1010.6,5,23,OVC,null,null,null,800,null,null,null,RA,null,null,null,null,null,null,58,KLIT 250053Z 14015G23KT 5SM RA OVC008 14/12 A2984 RMK AO2 SLP106 P0009 T01440122 $,null
LIT,2023-12-25 1:53,58,54,86.51,140,13,0.15,29.83,1010.1,4,21,OVC,null,null,null,800,null,null,null,RA,null,null,null,null,null,null,58,KLIT 250153Z 14013G21KT 4SM RA OVC008 14/12 A2983 RMK AO2 SLP101 P0015 T01440122 $,null
LIT,2023-12-25 2:53,58,54,86.51,150,16,0.18,29.8,1009.3,4,27,OVC,null,null,null,800,null,null,null,RA,null,null,null,27,160,2023-12-25 2:47,58,KLIT 250253Z 15016G27KT 4SM RA OVC008 14/12 A2980 RMK AO2 PK WND 16027/0247 SLP093 P0018 60042 T01440122 58017 $,null
LIT,2023-12-25 3:53,59,55,86.56,170,17,0.08,29.79,1008.8,5,26,OVC,null,null,null,900,null,null,null,RA,null,null,null,29,170,2023-12-25 3:20,59,KLIT 250353Z 17017G26KT 5SM RA OVC009 15/13 A2979 RMK AO2 PK WND 17029/0320 CIG 007V014 SLP088 P0008 T01500128 $,null
LIT,2023-12-25 4:53,59,55,86.56,170,15,0.1,29.77,1008.3,10,22,OVC,null,null,null,900,null,null,null,#NAME?,null,null,null,null,null,null,59,KLIT 250453Z 17015G22KT 10SM -RA OVC009 15/13 A2977 RMK AO2 SLP083 P0010 T01500128 $,null
LIT,2023-12-25 5:53,59,55,86.56,160,14,0.01,29.75,1007.4,10,19,OVC,null,null,null,900,null,null,null,#NAME?,null,null,null,null,null,null,59,KLIT 250553Z 16014G19KT 10SM -RA OVC009 15/13 A2975 RMK AO2 SLP074 P0001 60061 T01500128 10150 20144 401720139 58019 $,null
LIT,2023-12-25 6:53,59,55,86.56,170,11,0.13,29.73,1006.8,5,18,OVC,null,null,null,900,null,null,null,RA,null,null,null,null,null,null,59,KLIT 250653Z 17011G18KT 5SM RA OVC009 15/13 A2973 RMK AO2 SLP068 P0013 T01500128,null
LIT,2023-12-25 7:53,59,56,89.76,210,11,0.07,29.73,1007,10,18,SCT,BKN,OVC,null,800,1700,2500,null,null,null,null,null,null,null,null,59,KLIT 250753Z 21011G18KT 10SM SCT008 BKN017 OVC025 15/13 A2973 RMK AO2 RAE52 SLP070 P0007 T01500133,null
LIT,2023-12-25 8:53,59,55,86.56,260,6,0,29.73,1006.9,10,null,FEW,null,null,null,800,null,null,null,null,null,null,null,null,null,null,59,KLIT 250853Z 26006KT 10SM FEW008 15/13 A2973 RMK AO2 SLP069 60020 T01500128 56004,null
LIT,2023-12-25 9:53,58,55,89.72,270,6,0,29.74,1007,10,null,FEW,SCT,BKN,null,700,2600,3400,null,null,null,null,null,null,null,null,58,KLIT 250953Z 27006KT 10SM FEW007 SCT026 BKN034 14/13 A2974 RMK AO2 SLP070 T01440128,null
LIT,2023-12-25 10:53,58,54,86.51,270,5,0,29.74,1007.1,10,null,BKN,BKN,null,null,1800,2500,null,null,null,null,null,null,null,null,null,58,KLIT 251053Z 27005KT 10SM BKN018 BKN025 14/12 A2974 RMK AO2 SLP071 T01440122,null
LIT,2023-12-25 11:44,58,54,86.51,290,6,0,29.76,null,10,null,FEW,SCT,BKN,null,700,1800,3400,null,null,null,null,null,null,null,null,58,KLIT 251144Z 29006KT 10SM FEW007 SCT018 BKN034 14/12 A2976 RMK AO2 T01440122,null
LIT,2023-12-25 11:53,58,54,86.51,320,4,0,29.77,1008.1,9,null,FEW,BKN,OVC,null,700,1200,2200,null,null,null,null,null,null,null,null,58,KLIT 251153Z 32004KT 9SM FEW007 BKN012 OVC022 14/12 A2977 RMK AO2 SLP081 60020 70099 T01440122 10150 20139 51011,null
LIT,2023-12-25 12:32,55,51,86.34,340,12,0.01,29.79,null,4,null,OVC,null,null,null,800,null,null,null,#NAME?,null,null,null,null,null,null,55,KLIT 251232Z 34012KT 4SM -RA OVC008 13/11 A2979 RMK AO2 RAB1154 CIG 005V009 P0001 T01280106,null
LIT,2023-12-25 12:53,54,50,86.29,330,10,0.02,29.8,1009.3,4,null,OVC,null,null,null,600,null,null,null,#NAME?,null,null,null,null,null,null,54,KLIT 251253Z 33010KT 4SM -RA OVC006 12/10 A2980 RMK AO2 RAB1154 CIG 005V010 SLP093 P0002 T01220100,null
LIT,2023-12-25 13:53,53,48,83.06,320,8,T,29.83,1010.2,9,null,BKN,OVC,null,null,600,1400,null,null,null,null,null,null,null,null,null,53,KLIT 251353Z 32008KT 9SM BKN006 OVC014 12/09 A2983 RMK AO2 RAE1254 SLP102 P0000 T01170089,null
LIT,2023-12-25 14:53,51,46,82.93,320,12,0,29.87,1011.7,9,null,BKN,OVC,null,null,800,1000,null,null,null,null,null,null,null,null,null,51,KLIT 251453Z 32012KT 9SM BKN008 OVC010 11/08 A2987 RMK AO2 SLP117 60002 T01060078 53035,null
LIT,2023-12-25 15:53,50,43,76.76,290,12,0,29.91,1013,10,null,OVC,null,null,null,1400,null,null,null,null,null,null,null,null,null,null,50,KLIT 251553Z 29012KT 10SM OVC014 10/06 A2991 RMK AO2 SLP130 T01000061,null
LIT,2023-12-25 16:53,49,40,70.96,290,13,0,29.92,1013.5,10,21,OVC,null,null,null,1700,null,null,null,null,null,null,null,null,null,null,43.35,KLIT 251653Z 29013G21KT 10SM OVC017 09/04 A2992 RMK AO2 SLP135 T00940044,null
LIT,2023-12-25 17:53,49,39,68.25,310,13,0,29.92,1013.3,10,null,OVC,null,null,null,1900,null,null,null,null,null,null,null,null,null,null,43.35,KLIT 251753Z 31013KT 10SM OVC019 09/04 A2992 RMK AO2 SLP133 60002 T00940039 10144 20094 50015,null
LIT,2023-12-25 18:53,49,39,68.25,280,11,0,29.92,1013.4,10,null,OVC,null,null,null,2100,null,null,null,null,null,null,null,null,null,null,43.95,KLIT 251853Z 28011KT 10SM OVC021 09/04 A2992 RMK AO2 SLP134 T00940039,null
LIT,2023-12-25 19:53,48,37,65.51,290,13,0,29.93,1013.6,10,null,BKN,OVC,null,null,1900,2200,null,null,null,null,null,null,null,null,null,42.07,KLIT 251953Z 29013KT 10SM BKN019 OVC022 09/03 A2993 RMK AO2 SLP136 T00890028,null
LIT,2023-12-25 20:53,47,37,68.02,300,12,0,29.95,1014.3,10,null,OVC,null,null,null,1900,null,null,null,null,null,null,null,null,null,null,41.09,KLIT 252053Z 30012KT 10SM OVC019 08/03 A2995 RMK AO2 SLP143 T00830028 53010,null
LIT,2023-12-25 21:53,46,36,67.9,300,11,0,29.97,1015.2,10,null,OVC,null,null,null,2000,null,null,null,null,null,null,null,null,null,null,40.16,KLIT 252153Z 30011KT 10SM OVC020 08/02 A2997 RMK AO2 SLP152 T00780022,null
LIT,2023-12-25 22:53,46,34,62.71,310,13,0,30,1016,10,22,OVC,null,null,null,2300,null,null,null,null,null,null,null,null,null,null,39.5,KLIT 252253Z 31013G22KT 10SM OVC023 08/01 A3000 RMK AO2 SLP160 T00780011,null
LIT,2023-12-25 23:53,45,34,65.13,310,7,0,30.02,1016.8,10,null,OVC,null,null,null,2400,null,null,null,null,null,null,null,null,null,null,40.63,KLIT 252353Z 31007KT 10SM OVC024 07/01 A3002 RMK AO2 SLP168 T00720011 10100 20072 51025,null
LIT,2023-12-26 0:53,44,32,62.44,310,12,0,30.04,1017.6,10,22,OVC,null,null,null,2300,null,null,null,null,null,null,null,null,null,null,37.27,KLIT 260053Z 31012G22KT 10SM OVC023 07/00 A3004 RMK AO2 SLP176 T00670000,null
LIT,2023-12-26 1:53,44,31,59.97,310,13,0,30.06,1018.1,10,19,OVC,null,null,null,2800,null,null,null,null,null,null,null,null,null,null,36.94,KLIT 260153Z 31013G19KT 10SM OVC028 07/M01 A3006 RMK AO2 SLP181 T00671006,null
LIT,2023-12-26 2:42,42,30,62.18,290,7,0,30.07,null,10,null,SCT,null,null,null,2900,null,null,null,null,null,null,null,null,null,null,36.97,KLIT 260242Z 29007KT 10SM SCT029 06/M01 A3007 RMK AO2 T00561011,null
LIT,2023-12-26 2:53,41,30,64.63,290,4,0,30.06,1018.3,10,null,FEW,null,null,null,2900,null,null,null,null,null,null,null,null,null,null,37.93,KLIT 260253Z 29004KT 10SM FEW029 05/M01 A3006 RMK AO2 SLP183 T00501011 51014,null
LIT,2023-12-26 3:53,40,30,67.18,280,3,0,30.07,1018.5,10,null,CLR,null,null,null,null,null,null,null,null,null,null,null,null,null,null,37.83,KLIT 260353Z 28003KT 10SM CLR 04/M01 A3007 RMK AO2 SLP185 T00441011,null
LIT,2023-12-26 4:53,38,32,78.77,270,3,0,30.08,1019,10,null,CLR,null,null,null,null,null,null,null,null,null,null,null,null,null,null,35.55,KLIT 260453Z 27003KT 10SM CLR 03/00 A3008 RMK AO2 SLP190 T00330000,null
LIT,2023-12-26 5:53,37,32,81.93,250,3,0,30.08,1019,10,null,CLR,null,null,null,null,null,null,null,null,null,null,null,null,null,null,34.4,KLIT 260553Z 25003KT 10SM CLR 03/00 A3008 RMK AO2 SLP190 T00280000 10072 20028 401500028 51007,null
LIT,2023-12-26 6:53,35,30,81.78,0,0,0,30.08,1018.8,10,null,CLR,null,null,null,null,null,null,null,null,null,null,null,null,null,null,35,KLIT 260653Z 00000KT 10SM CLR 02/M01 A3008 RMK AO2 SLP188 T00171011,null
LIT,2023-12-26 7:53,33,29,85.04,0,0,0,30.08,1018.9,10,null,CLR,null,null,null,null,null,null,null,null,null,null,null,null,null,null,33,KLIT 260753Z 00000KT 10SM CLR 01/M02 A3008 RMK AO2 SLP189 T00061017,null
LIT,2023-12-26 8:53,33,29,85.04,0,0,0,30.08,1018.8,10,null,CLR,null,null,null,null,null,null,null,null,0.01,0.01,null,null,null,null,33,KLIT 260853Z 00000KT 10SM CLR 01/M02 A3008 RMK AO2 SLP188 I1001 I3001 T00061017 56002,null
LIT,2023-12-26 9:53,32,29,88.53,190,3,0,30.06,1018.4,10,null,CLR,null,null,null,null,null,null,null,null,null,null,null,null,null,null,28.69,KLIT 260953Z 19003KT 10SM CLR 00/M02 A3006 RMK AO2 SLP184 T00001017,null
LIT,2023-12-26 10:53,31,27,84.92,0,0,0,30.06,1018.3,10,null,CLR,null,null,null,null,null,null,null,null,0.01,null,null,null,null,null,31,KLIT 261053Z 00000KT 10SM CLR M01/M03 A3006 RMK AO2 SLP183 I1001 T10061028,null
LIT,2023-12-26 11:53,30,26,84.85,0,0,0,30.08,1018.9,8,null,CLR,null,null,null,null,null,null,null,null,null,null,0.02,null,null,null,30,KLIT 261153Z 00000KT 8SM CLR M01/M03 A3008 RMK AO2 SLP189 70002 I6002 T10111033 10028 21011 55000,null
LIT,2023-12-26 12:53,32,28,84.98,0,0,0,30.08,1019.1,10,null,CLR,null,null,null,null,null,null,null,null,0.01,null,null,null,null,null,32,KLIT 261253Z 00000KT 10SM CLR 00/M02 A3008 RMK AO2 SLP191 I1001 T00001022,null
LIT,2023-12-26 13:53,32,29,88.53,0,0,0,30.1,1019.7,10,null,FEW,null,null,null,25000,null,null,null,null,null,null,null,null,null,null,32,KLIT 261353Z 00000KT 10SM FEW250 00/M02 A3010 RMK AO2 SLP197 T00001017,null
LIT,2023-12-26 14:53,36,32,85.23,0,0,0,30.1,1019.6,10,null,CLR,null,null,null,null,null,null,null,null,null,0.01,null,null,null,null,36,KLIT 261453Z 00000KT 10SM CLR 02/00 A3010 RMK AO2 SLP196 I3001 T00220000 51008,null
LIT,2023-12-26 15:53,43,35,73.16,260,7,0,30.11,1019.8,10,null,FEW,null,null,null,1500,null,null,null,null,null,null,null,null,null,null,38.19,KLIT 261553Z 26007KT 10SM FEW015 06/02 A3011 RMK AO2 SLP198 T00610017,null
LIT,2023-12-26 16:53,47,34,60.38,240,7,0,30.09,1019.4,10,null,CLR,null,null,null,null,null,null,null,null,null,null,null,null,null,null,43.06,KLIT 261653Z 24007KT 10SM CLR 08/01 A3009 RMK AO2 SLP194 T00830011,null
LIT,2023-12-26 17:53,50,31,47.83,220,10,0,30.05,1018,10,null,CLR,null,null,null,null,null,null,null,null,null,null,0.01,null,null,null,50,KLIT 261753Z 22010KT 10SM CLR 10/M01 A3005 RMK AO2 SLP180 I6001 T01001006 10100 21011 58016,null
LIT,2023-12-26 18:53,51,29,42.49,null,4,0,30.02,1017,10,null,CLR,null,null,null,null,null,null,null,null,null,null,null,null,null,null,51,KLIT 261853Z VRB04KT 10SM CLR 11/M02 A3002 RMK AO2 SLP170 T01061017,null
LIT,2023-12-26 19:53,53,28,37.88,190,8,0,29.99,1015.9,10,null,CLR,null,null,null,null,null,null,null,null,null,null,null,null,null,null,53,KLIT 261953Z 19008KT 10SM CLR 12/M02 A2999 RMK AO2 SLP159 T01171022,null
LIT,2023-12-26 20:53,53,27,36.36,230,8,0,29.98,1015.5,10,null,CLR,null,null,null,null,null,null,null,null,null,null,null,null,null,null,53,KLIT 262053Z 23008KT 10SM CLR 12/M03 A2998 RMK AO2 SLP155 T01171028 56025,null
LIT,2023-12-26 21:53,53,28,37.88,210,10,0,29.97,1015.3,10,null,CLR,null,null,null,null,null,null,null,null,null,null,null,null,null,null,53,KLIT 262153Z 21010KT 10SM CLR 12/M02 A2997 RMK AO2 SLP153 T01171022 $,null
LIT,2023-12-26 22:53,50,28,42.33,190,7,0,29.96,1014.9,10,null,CLR,null,null,null,null,null,null,null,null,null,null,null,null,null,null,50,KLIT 262253Z 19007KT 10SM CLR 10/M02 A2996 RMK AO2 SLP149 T01001022 $,null
LIT,2023-12-26 23:53,46,28,49.18,170,5,0,29.96,1014.8,10,null,CLR,null,null,null,null,null,null,null,null,null,null,null,null,null,null,43.02,KLIT 262353Z 17005KT 10SM CLR 08/M02 A2996 RMK AO2 SLP148 T00781022 10122 20072 56007,null
LIT,2023-12-27 0:53,44,31,59.97,170,6,0,29.96,1015.1,10,null,CLR,null,null,null,null,null,null,null,null,null,null,null,null,null,null,39.98,KLIT 270053Z 17006KT 10SM CLR 07/M01 A2996 RMK AO2 SLP151 T00671006,null
LIT,2023-12-27 1:53,44,32,62.44,200,5,0,29.98,1015.7,10,null,FEW,null,null,null,9000,null,null,null,null,null,null,null,null,null,null,40.65,KLIT 270153Z 20005KT 10SM FEW090 07/00 A2998 RMK AO2 SLP157 T00670000,null
LIT,2023-12-27 2:53,45,32,60.11,0,0,0,29.99,1015.9,10,null,BKN,null,null,null,8000,null,null,null,null,null,null,null,null,null,null,45,KLIT 270253Z 00000KT 10SM BKN080 07/00 A2999 RMK AO2 SLP159 T00720000 52012,null
LIT,2023-12-27 3:53,42,31,64.75,230,5,0,30,1016.2,10,null,SCT,null,null,null,8000,null,null,null,null,null,null,null,null,null,null,38.27,KLIT 270353Z 23005KT 10SM SCT080 06/M01 A3000 RMK AO2 SLP162 T00561006,null
LIT,2023-12-27 4:53,40,30,67.18,200,8,0,29.99,1015.7,10,null,FEW,null,null,null,8000,null,null,null,null,null,null,null,null,null,null,33.97,KLIT 270453Z 20008KT 10SM FEW080 04/M01 A2999 RMK AO2 SLP157 T00441011,null
LIT,2023-12-27 5:53,41,30,64.63,200,6,0,29.97,1015.1,10,null,FEW,null,null,null,8000,null,null,null,null,null,null,null,null,null,null,36.37,KLIT 270553Z 20006KT 10SM FEW080 05/M01 A2997 RMK AO2 SLP151 T00501011 10083 20044 401221011 58007,null
LIT,2023-12-27 6:53,40,30,67.18,230,5,0,29.95,1014.6,10,null,CLR,null,null,null,null,null,null,null,null,null,null,null,null,null,null,35.9,KLIT 270653Z 23005KT 10SM CLR 04/M01 A2995 RMK AO2 SLP146 T00441011,null
LIT,2023-12-27 7:53,39,30,69.85,230,3,0,29.94,1014.2,10,null,CLR,null,null,null,null,null,null,null,null,null,null,null,null,null,null,36.69,KLIT 270753Z 23003KT 10SM CLR 04/M01 A2994 RMK AO2 SLP142 T00391011,null
LIT,2023-12-27 8:53,39,30,69.85,240,5,0,29.93,1014,10,null,CLR,null,null,null,null,null,null,null,null,null,null,null,null,null,null,34.71,KLIT 270853Z 24005KT 10SM CLR 04/M01 A2993 RMK AO2 SLP140 T00391011 56012,null
LIT,2023-12-27 9:53,39,30,69.85,240,7,0,29.92,1013.5,10,null,CLR,null,null,null,null,null,null,null,null,null,null,null,null,null,null,33.31,KLIT 270953Z 24007KT 10SM CLR 04/M01 A2992 RMK AO2 SLP135 T00391011,null
LIT,2023-12-27 10:53,38,30,72.64,270,4,0,29.9,1012.8,10,null,CLR,null,null,null,null,null,null,null,null,null,null,null,null,null,null,34.43,KLIT 271053Z 27004KT 10SM CLR 03/M01 A2990 RMK AO2 SLP128 T00331011,null
LIT,2023-12-27 11:53,36,30,78.6,250,6,0,29.91,1013,10,null,CLR,null,null,null,null,null,null,null,null,null,null,null,null,null,null,30.35,KLIT 271153Z 25006KT 10SM CLR 02/M01 A2991 RMK AO2 SLP130 T00221011 10050 20022 55009,null
LIT,2023-12-27 12:53,36,30,78.6,270,5,0,29.91,1013.3,10,null,SCT,null,null,null,11000,null,null,null,null,null,null,null,null,null,null,31.15,KLIT 271253Z 27005KT 10SM SCT110 02/M01 A2991 RMK AO2 SLP133 T00221011,null
LIT,2023-12-27 13:53,36,31,81.86,270,6,0,29.92,1013.4,10,null,SCT,null,null,null,16000,null,null,null,null,null,null,null,null,null,null,30.35,KLIT 271353Z 27006KT 10SM SCT160 02/M01 A2992 RMK AO2 SLP134 T00221006,null
LIT,2023-12-27 14:53,42,33,70.19,270,7,0,29.93,1013.7,10,null,BKN,null,null,null,16000,null,null,null,null,null,null,null,null,null,null,36.97,KLIT 271453Z 27007KT 10SM BKN160 06/01 A2993 RMK AO2 SLP137 T00560006 53006,null
LIT,2023-12-27 15:53,49,34,56.02,290,9,0,29.94,1014.1,10,16,BKN,null,null,null,16000,null,null,null,null,null,null,null,null,null,null,44.65,KLIT 271553Z 29009G16KT 10SM BKN160 09/01 A2994 RMK AO2 SLP141 T00940011,null
LIT,2023-12-27 16:53,50,30,45.93,290,12,0,29.93,1013.9,10,null,BKN,null,null,null,4500,null,null,null,null,null,null,null,null,null,null,50,KLIT 271653Z 29012KT 10SM BKN045 10/M01 A2993 RMK AO2 SLP139 T01001011,null
LIT,2023-12-27 17:53,51,30,44.26,340,13,0,29.92,1013.3,10,21,SCT,BKN,null,null,4500,5000,null,null,null,null,null,null,null,null,null,51,KLIT 271753Z 34013G21KT 10SM SCT045 BKN050 11/M01 A2992 RMK AO2 SLP133 T01061011 10106 20022 58003,null
LIT,2023-12-27 18:53,49,28,43.93,300,13,0,29.92,1013.3,10,20,OVC,null,null,null,4800,null,null,null,null,null,null,null,null,null,null,43.35,KLIT 271853Z 30013G20KT 10SM OVC048 09/M02 A2992 RMK AO2 SLP133 T00941022,null
LIT,2023-12-27 19:53,48,28,45.61,320,16,0,29.92,1013.5,10,null,OVC,null,null,null,5000,null,null,null,null,null,null,null,null,null,null,41.27,KLIT 271953Z 32016KT 10SM OVC050 09/M02 A2992 RMK AO2 SLP135 T00891022,null
LIT,2023-12-27 20:53,46,29,51.24,310,15,0,29.95,1014.5,10,23,BKN,OVC,null,null,4000,5000,null,null,null,null,null,null,null,null,null,38.93,KLIT 272053Z 31015G23KT 10SM BKN040 OVC050 08/M02 A2995 RMK AO2 SLP145 T00781017 53012,null
LIT,2023-12-27 21:53,47,25,41.83,310,12,0,29.96,1015,10,null,BKN,BKN,null,null,5000,6000,null,null,null,null,null,null,null,null,null,41.09,KLIT 272153Z 31012KT 10SM BKN050 BKN060 08/M04 A2996 RMK AO2 SLP150 T00831039,null
LIT,2023-12-27 22:53,43,22,42.95,310,11,0,29.99,1015.9,10,null,BKN,BKN,null,null,5000,5500,null,null,null,null,null,null,null,null,null,36.37,KLIT 272253Z 31011KT 10SM BKN050 BKN055 06/M06 A2999 RMK AO2 SLP159 T00611056,null
LIT,2023-12-27 23:53,43,24,46.71,310,13,0,30.02,1016.9,10,21,OVC,null,null,null,4800,null,null,null,null,null,null,null,null,null,null,35.66,KLIT 272353Z 31013G21KT 10SM OVC048 06/M04 A3002 RMK AO2 SLP169 T00611044 10111 20061 53024,null
LIT,2023-12-28 0:53,41,23,48.39,300,10,0,30.05,1017.8,10,null,SCT,null,null,null,4600,null,null,null,null,null,null,null,null,null,null,34.25,KLIT 280053Z 30010KT 10SM SCT046 05/M05 A3005 RMK AO2 SLP178 T00501050,null
LIT,2023-12-28 1:53,40,24,52.45,270,5,0,30.05,1017.9,10,null,OVC,null,null,null,5000,null,null,null,null,null,null,null,null,null,null,35.9,KLIT 280153Z 27005KT 10SM OVC050 04/M04 A3005 RMK AO2 SLP179 T00441044,null
LIT,2023-12-28 2:53,39,24,54.54,290,6,0,30.03,1017.3,10,null,OVC,null,null,null,5000,null,null,null,null,null,null,null,null,null,null,33.96,KLIT 280253Z 29006KT 10SM OVC050 04/M04 A3003 RMK AO2 SLP173 T00391044 50004,null
LIT,2023-12-28 3:53,39,24,54.54,270,6,0,30.04,1017.5,10,null,OVC,null,null,null,5000,null,null,null,null,null,null,null,null,null,null,33.96,KLIT 280353Z 27006KT 10SM OVC050 04/M04 A3004 RMK AO2 SLP175 T00391044,null
LIT,2023-12-28 4:53,39,24,54.54,280,6,0,30.04,1017.4,10,null,BKN,null,null,null,4900,null,null,null,null,null,null,null,null,null,null,33.96,KLIT 280453Z 28006KT 10SM BKN049 04/M04 A3004 RMK AO2 SLP174 T00391044,null
LIT,2023-12-28 5:53,37,24,58.99,280,5,0,30.02,1016.9,10,null,FEW,null,null,null,4900,null,null,null,null,null,null,null,null,null,null,32.33,KLIT 280553Z 28005KT 10SM FEW049 03/M04 A3002 RMK AO2 SLP169 T00281044 10061 20028 401110022 58005,null
LIT,2023-12-28 6:53,40,26,57.01,330,8,0,30.01,1016.5,10,null,CLR,null,null,null,null,null,null,null,null,null,null,null,null,null,null,33.97,KLIT 280653Z 33008KT 10SM CLR 04/M03 A3001 RMK AO2 SLP165 T00441033,null
LIT,2023-12-28 7:53,38,26,61.64,320,7,0,30.01,1016.5,10,null,CLR,null,null,null,null,null,null,null,null,null,null,null,null,null,null,32.09,KLIT 280753Z 32007KT 10SM CLR 03/M03 A3001 RMK AO2 SLP165 T00331033,null
LIT,2023-12-28 8:53,36,25,63.98,280,3,0,30.02,1016.8,10,null,CLR,null,null,null,null,null,null,null,null,null,null,null,null,null,null,33.26,KLIT 280853Z 28003KT 10SM CLR 02/M04 A3002 RMK AO2 SLP168 T00221039 55001,null
LIT,2023-12-28 9:53,33,24,69.16,280,5,0,30.01,1016.6,10,null,CLR,null,null,null,null,null,null,null,null,null,null,null,null,null,null,27.58,KLIT 280953Z 28005KT 10SM CLR 01/M04 A3001 RMK AO2 SLP166 T00061044,null
LIT,2023-12-28 10:53,32,24,72,270,5,0,30.01,1016.7,10,null,CLR,null,null,null,null,null,null,null,null,null,null,null,null,null,null,26.4,KLIT 281053Z 27005KT 10SM CLR 00/M04 A3001 RMK AO2 SLP167 T00001044,null
LIT,2023-12-28 11:53,31,24,74.97,260,5,0,30.02,1016.9,10,null,FEW,null,null,null,25000,null,null,null,null,null,null,null,null,null,null,25.21,KLIT 281153Z 26005KT 10SM FEW250 M01/M04 A3002 RMK AO2 SLP169 T10061044 10044 21006 55000,null
LIT,2023-12-28 12:53,31,24,74.97,270,4,0,30.03,1017.2,10,null,SCT,SCT,BKN,null,3100,12000,25000,null,null,null,null,null,null,null,null,26.25,KLIT 281253Z 27004KT 10SM SCT031 SCT120 BKN250 M01/M04 A3003 RMK AO2 SLP172 T10061044,null
LIT,2023-12-28 13:53,33,26,75.17,270,5,0,30.03,1017.2,10,null,SCT,null,null,null,16000,null,null,null,null,null,null,null,null,null,null,27.58,KLIT 281353Z 27005KT 10SM SCT160 01/M03 A3003 RMK AO2 SLP172 T00061033,null
LIT,2023-12-28 14:53,37,28,69.63,260,5,0,30.04,1017.6,10,null,FEW,null,null,null,16000,null,null,null,null,null,null,null,null,null,null,32.33,KLIT 281453Z 26005KT 10SM FEW160 03/M02 A3004 RMK AO2 SLP176 T00281022 53007,null
LIT,2023-12-28 15:53,43,29,57.44,250,3,0,30.05,1017.7,10,null,FEW,SCT,null,null,16000,25000,null,null,null,null,null,null,null,null,null,41.26,KLIT 281553Z COR 25003KT 10SM FEW160 SCT250 06/M02 A3005 RMK AO2 SLP177 T00611017,null
LIT,2023-12-28 16:53,46,29,51.24,350,11,0,30.05,1017.9,10,null,BKN,null,null,null,3700,null,null,null,null,null,null,null,null,null,null,40.16,KLIT 281653Z 35011KT 10SM BKN037 08/M02 A3005 RMK AO2 SLP179 T00781017,null
LIT,2023-12-28 17:53,46,29,51.24,330,7,0,30.03,1017.1,10,null,BKN,BKN,null,null,3600,6000,null,null,null,null,null,null,null,null,null,41.84,KLIT 281753Z 33007KT 10SM BKN036 BKN060 08/M02 A3003 RMK AO2 SLP171 T00781017 10078 21006 58004,null
LIT,2023-12-28 18:53,47,30,51.39,350,10,0,30.01,1016.6,10,null,OVC,null,null,null,3700,null,null,null,null,null,null,null,null,null,null,41.78,KLIT 281853Z 35010KT 10SM OVC037 08/M01 A3001 RMK AO2 SLP166 T00831011,null
LIT,2023-12-28 19:53,45,30,55.43,330,11,0,30.01,1016.6,10,null,SCT,BKN,OVC,null,3800,4900,6000,null,null,null,null,null,null,null,null,38.89,KLIT 281953Z 33011KT 10SM SCT038 BKN049 OVC060 07/M01 A3001 RMK AO2 SLP166 T00721011,null
LIT,2023-12-28 20:53,45,30,55.43,330,15,0,30.02,1016.9,10,null,BKN,OVC,null,null,3800,4700,null,null,null,null,null,null,null,null,null,37.63,KLIT 282053Z 33015KT 10SM BKN038 OVC047 07/M01 A3002 RMK AO2 SLP169 T00721011 55002,null
LIT,2023-12-28 21:53,44,30,57.59,320,11,0,30.05,1017.8,10,null,BKN,OVC,null,null,3000,4000,null,null,null,null,null,null,null,null,null,37.63,KLIT 282153Z 32011KT 10SM BKN030 OVC040 07/M01 A3005 RMK AO2 SLP178 T00671011,null
LIT,2023-12-28 22:53,43,31,62.31,310,11,0,30.06,1018.2,10,null,OVC,null,null,null,3000,null,null,null,null,null,null,null,null,null,null,36.37,KLIT 282253Z 31011KT 10SM OVC030 06/M01 A3006 RMK AO2 SLP182 T00611006,null
LIT,2023-12-28 23:53,43,31,62.31,320,10,0,30.07,1018.6,10,null,FEW,OVC,null,null,2500,3000,null,null,null,null,null,null,null,null,null,36.76,KLIT 282353Z 32010KT 10SM FEW025 OVC030 06/M01 A3007 RMK AO2 SLP186 T00611006 10083 20061 51016,null
LIT,2023-12-29 0:53,42,32,67.42,330,13,0,30.07,1018.8,10,null,BKN,null,null,null,6000,null,null,null,null,null,null,null,null,null,null,34.38,KLIT 290053Z 33013KT 10SM BKN060 06/00 A3007 RMK AO2 SLP188 T00560000,null
LIT,2023-12-29 1:53,42,32,67.42,310,9,0,30.08,1019.2,10,null,BKN,null,null,null,7000,null,null,null,null,null,null,null,null,null,null,35.95,KLIT 290153Z 31009KT 10SM BKN070 06/00 A3008 RMK AO2 SLP192 T00560000,null
LIT,2023-12-29 2:53,40,31,69.97,310,9,0,30.08,1018.9,10,null,SCT,null,null,null,10000,null,null,null,null,null,null,null,null,null,null,33.46,KLIT 290253Z 31009KT 10SM SCT100 04/M01 A3008 RMK AO2 SLP189 T00441006 50003,null
LIT,2023-12-29 3:53,41,31,67.3,310,10,0,30.08,1018.8,10,null,FEW,null,null,null,13000,null,null,null,null,null,null,null,null,null,null,34.25,KLIT 290353Z 31010KT 10SM FEW130 05/M01 A3008 RMK AO2 SLP188 T00501006,null
LIT,2023-12-29 4:53,40,31,69.97,310,9,0,30.08,1018.8,10,null,CLR,null,null,null,null,null,null,null,null,null,null,null,null,null,null,33.46,KLIT 290453Z 31009KT 10SM CLR 04/M01 A3008 RMK AO2 SLP188 T00441006,null
LIT,2023-12-29 5:53,39,30,69.85,310,11,0,30.07,1018.5,10,null,CLR,null,null,null,null,null,null,null,null,null,null,null,null,null,null,31.31,KLIT 290553Z 31011KT 10SM CLR 04/M01 A3007 RMK AO2 SLP185 T00391011 10061 20039 400831006 58004,null
LIT,2023-12-29 6:53,39,30,69.85,300,8,0,30.06,1018.3,10,null,CLR,null,null,null,null,null,null,null,null,null,null,null,null,null,null,32.74,KLIT 290653Z 30008KT 10SM CLR 04/M01 A3006 RMK AO2 SLP183 T00391011,null
LIT,2023-12-29 7:53,36,29,75.46,270,6,0,30.06,1018.4,10,null,CLR,null,null,null,null,null,null,null,null,null,null,null,null,null,null,30.35,KLIT 290753Z 27006KT 10SM CLR 02/M02 A3006 RMK AO2 SLP184 T00221017,null
LIT,2023-12-29 8:53,36,29,75.46,270,8,0,30.05,1017.9,10,null,CLR,null,null,null,null,null,null,null,null,null,null,null,null,null,null,29.04,KLIT 290853Z 27008KT 10SM CLR 02/M02 A3005 RMK AO2 SLP179 T00221017 58006,null
LIT,2023-12-29 9:53,36,29,75.46,280,9,0,30.04,1017.6,10,null,BKN,null,null,null,8000,null,null,null,null,null,null,null,null,null,null,28.49,KLIT 290953Z 28009KT 10SM BKN080 02/M02 A3004 RMK AO2 SLP176 T00221017,null
LIT,2023-12-29 10:53,36,29,75.46,280,8,0,30.03,1017.3,10,null,BKN,BKN,null,null,9000,12000,null,null,null,null,null,null,null,null,null,29.04,KLIT 291053Z 28008KT 10SM BKN090 BKN120 02/M02 A3003 RMK AO2 SLP173 T00221017,null
LIT,2023-12-29 11:53,37,28,69.63,280,8,0,30.03,1017.3,10,null,SCT,null,null,null,11000,null,null,null,null,null,null,null,null,null,null,30.27,KLIT 291153Z 28008KT 10SM SCT110 03/M02 A3003 RMK AO2 SLP173 T00281022 10039 20017 56006,null
LIT,2023-12-29 12:53,38,28,66.94,290,8,0,30.04,1017.7,10,null,OVC,null,null,null,9500,null,null,null,null,null,null,null,null,null,null,31.5,KLIT 291253Z 29008KT 10SM OVC095 03/M02 A3004 RMK AO2 SLP177 T00331022,null
LIT,2023-12-29 13:53,38,28,66.94,300,8,0,30.05,1018,10,null,OVC,null,null,null,8000,null,null,null,null,null,null,null,null,null,null,31.5,KLIT 291353Z 30008KT 10SM OVC080 03/M02 A3005 RMK AO2 SLP180 T00331022,null
LIT,2023-12-29 14:53,40,29,64.5,300,7,0,30.07,1018.6,10,null,FEW,OVC,null,null,3000,7500,null,null,null,null,null,null,null,null,null,34.53,KLIT 291453Z 30007KT 10SM FEW030 OVC075 04/M02 A3007 RMK AO2 SLP186 T00441017 53013,null
LIT,2023-12-29 15:53,42,29,59.69,330,12,0,30.08,1018.9,10,null,FEW,BKN,null,null,2400,8000,null,null,null,null,null,null,null,null,null,34.73,KLIT 291553Z 33012KT 10SM FEW024 BKN080 06/M02 A3008 RMK AO2 SLP189 T00561017,null
LIT,2023-12-29 16:53,42,28,57.3,320,15,0,30.08,1018.9,10,null,BKN,BKN,null,null,2800,9000,null,null,null,null,null,null,null,null,null,33.74,KLIT 291653Z 32015KT 10SM BKN028 BKN090 06/M02 A3008 RMK AO2 SLP189 T00561022,null
LIT,2023-12-29 17:53,41,28,59.55,330,10,0,30.06,1018.2,10,null,BKN,OVC,null,null,2900,4200,null,null,null,null,null,null,null,null,null,34.25,KLIT 291753Z 33010KT 10SM BKN029 OVC042 05/M02 A3006 RMK AO2 SLP182 T00501022 10061 20022 58003,null
LIT,2023-12-29 18:53,41,28,59.55,310,10,0,30.05,1017.8,10,null,OVC,null,null,null,2800,null,null,null,null,null,null,null,null,null,null,34.25,KLIT 291853Z 31010KT 10SM OVC028 05/M02 A3005 RMK AO2 SLP178 T00501022,null
LIT,2023-12-29 19:53,42,28,57.3,320,8,0,30.04,1017.5,10,null,OVC,null,null,null,2800,null,null,null,null,null,null,null,null,null,null,36.43,KLIT 291953Z 32008KT 10SM OVC028 06/M02 A3004 RMK AO2 SLP175 T00561022,null
LIT,2023-12-29 20:53,42,28,57.3,320,7,0,30.05,1018,10,null,OVC,null,null,null,2800,null,null,null,null,null,null,null,null,null,null,36.97,KLIT 292053Z 32007KT 10SM OVC028 06/M02 A3005 RMK AO2 SLP180 T00561022 55002,null
LIT,2023-12-29 21:53,42,28,57.3,310,7,0,30.06,1018.4,10,null,OVC,null,null,null,2800,null,null,null,null,null,null,null,null,null,null,36.97,KLIT 292153Z 31007KT 10SM OVC028 06/M02 A3006 RMK AO2 SLP184 T00561022,null
LIT,2023-12-29 22:53,41,28,59.55,290,8,0,30.07,1018.7,10,null,OVC,null,null,null,3000,null,null,null,null,null,null,null,null,null,null,35.2,KLIT 292253Z 29008KT 10SM OVC030 05/M02 A3007 RMK AO2 SLP187 T00501022,null
LIT,2023-12-29 23:53,41,29,62.04,280,7,0,30.08,1019.1,10,null,OVC,null,null,null,3000,null,null,null,null,null,null,null,null,null,null,35.75,KLIT 292353Z 28007KT 10SM OVC030 05/M02 A3008 RMK AO2 SLP191 T00501017 10056 20050 52010,null
LIT,2023-12-30 0:53,42,29,59.69,280,6,0,30.1,1019.5,10,null,OVC,null,null,null,3000,null,null,null,null,null,null,null,null,null,null,37.57,KLIT 300053Z 28006KT 10SM OVC030 06/M02 A3010 RMK AO2 SLP195 T00561017,null
LIT,2023-12-30 1:53,42,29,59.69,310,7,0,30.1,1019.7,10,null,OVC,null,null,null,2900,null,null,null,null,null,null,null,null,null,null,36.97,KLIT 300153Z 31007KT 10SM OVC029 06/M02 A3010 RMK AO2 SLP197 T00561017,null
LIT,2023-12-30 2:53,42,29,59.69,310,7,0,30.11,1019.9,10,null,OVC,null,null,null,3000,null,null,null,null,null,null,null,null,null,null,36.97,KLIT 300253Z 31007KT 10SM OVC030 06/M02 A3011 RMK AO2 SLP199 T00561017 51008,null
LIT,2023-12-30 3:53,42,30,62.18,320,4,0,30.11,1019.9,10,null,OVC,null,null,null,4000,null,null,null,null,null,null,null,null,null,null,39.1,KLIT 300353Z 32004KT 10SM OVC040 06/M01 A3011 RMK AO2 SLP199 T00561011,null
LIT,2023-12-30 4:53,40,29,64.5,300,5,0,30.11,1020.1,10,null,BKN,null,null,null,5000,null,null,null,null,null,null,null,null,null,null,35.9,KLIT 300453Z 30005KT 10SM BKN050 04/M02 A3011 RMK AO2 SLP201 T00441017,null
LIT,2023-12-30 5:53,37,28,69.63,280,4,0,30.12,1020.2,10,null,CLR,null,null,null,null,null,null,null,null,null,null,null,null,null,null,33.26,KLIT 300553Z 28004KT 10SM CLR 03/M02 A3012 RMK AO2 SLP202 T00281022 10056 20028 400610017 53003,null
LIT,2023-12-30 6:53,35,27,72.32,270,6,0,30.11,1020.2,10,null,CLR,null,null,null,null,null,null,null,null,null,null,null,null,null,null,29.14,KLIT 300653Z 27006KT 10SM CLR 02/M03 A3011 RMK AO2 SLP202 T00171028,null
LIT,2023-12-30 7:53,35,27,72.32,260,4,0,30.11,1019.9,10,null,CLR,null,null,null,null,null,null,null,null,null,null,null,null,null,null,30.92,KLIT 300753Z 26004KT 10SM CLR 02/M03 A3011 RMK AO2 SLP199 T00171028,null
LIT,2023-12-30 8:53,33,27,78.34,270,6,0,30.11,1020.1,10,null,CLR,null,null,null,null,null,null,null,null,null,null,null,null,null,null,26.73,KLIT 300853Z 27006KT 10SM CLR 01/M03 A3011 RMK AO2 SLP201 T00061028 55002,null
LIT,2023-12-30 9:53,32,27,81.55,270,6,0,30.12,1020.3,10,null,CLR,null,null,null,null,null,null,null,null,null,null,null,null,null,null,25.53,KLIT 300953Z 27006KT 10SM CLR 00/M03 A3012 RMK AO2 SLP203 T00001028,null
LIT,2023-12-30 10:53,31,26,81.48,260,5,0,30.11,1020.2,10,null,CLR,null,null,null,null,null,null,null,null,null,null,null,null,null,null,25.21,KLIT 301053Z 26005KT 10SM CLR M01/M03 A3011 RMK AO2 SLP202 T10061033,null
LIT,2023-12-30 11:53,31,26,81.48,270,5,0,30.12,1020.2,10,null,CLR,null,null,null,null,null,null,null,null,null,null,null,null,null,null,25.21,KLIT 301153Z 27005KT 10SM CLR M01/M03 A3012 RMK AO2 SLP202 T10061033 10028 21006 51001,null
LIT,2023-12-30 12:53,31,26,81.48,270,7,0,30.13,1020.8,10,null,CLR,null,null,null,null,null,null,null,null,null,null,null,null,null,null,23.56,KLIT 301253Z 27007KT 10SM CLR M01/M03 A3013 RMK AO2 SLP208 T10061033,null
LIT,2023-12-30 13:53,32,27,81.55,280,6,0,30.14,1021.1,10,null,CLR,null,null,null,null,null,null,null,null,null,null,null,null,null,null,25.53,KLIT 301353Z 28006KT 10SM CLR 00/M03 A3014 RMK AO2 SLP211 T00001028,null
LIT,2023-12-30 14:53,36,29,75.46,270,5,0,30.15,1021.3,10,null,CLR,null,null,null,null,null,null,null,null,null,null,null,null,null,null,31.15,KLIT 301453Z 27005KT 10SM CLR 02/M02 A3015 RMK AO2 SLP213 T00221017 51011,null
LIT,2023-12-30 15:53,42,31,64.75,280,5,0,30.16,1021.7,10,null,CLR,null,null,null,null,null,null,null,null,null,null,null,null,null,null,38.27,KLIT 301553Z 28005KT 10SM CLR 06/M01 A3016 RMK AO2 SLP217 T00561006,null
LIT,2023-12-30 16:53,47,31,53.52,250,6,0,30.15,1021.3,10,null,CLR,null,null,null,null,null,null,null,null,null,null,null,null,null,null,43.6,KLIT 301653Z 25006KT 10SM CLR 08/M01 A3015 RMK AO2 SLP213 T00831006,null
LIT,2023-12-30 17:53,52,30,42.65,250,7,0,30.12,1020.2,10,null,CLR,null,null,null,null,null,null,null,null,null,null,null,null,null,null,52,KLIT 301753Z 25007KT 10SM CLR 11/M01 A3012 RMK AO2 SLP202 T01111011 10111 21006 58011,null
LIT,2023-12-30 18:53,55,30,38.21,250,7,0,30.08,1019,10,null,CLR,null,null,null,null,null,null,null,null,null,null,null,null,null,null,55,KLIT 301853Z 25007KT 10SM CLR 13/M01 A3008 RMK AO2 SLP190 T01281011,null
LIT,2023-12-30 19:53,57,29,34.12,290,6,0,30.07,1018.6,10,null,FEW,null,null,null,25000,null,null,null,null,null,null,null,null,null,null,57,KLIT 301953Z 29006KT 10SM FEW250 14/M02 A3007 RMK AO2 SLP186 T01391017,null
LIT,2023-12-30 20:53,58,29,32.91,260,8,0,30.07,1018.4,10,null,FEW,null,null,null,25000,null,null,null,null,null,null,null,null,null,null,58,KLIT 302053Z 26008KT 10SM FEW250 14/M02 A3007 RMK AO2 SLP184 T01441017 56017,null
LIT,2023-12-30 21:53,58,29,32.91,230,8,0,30.07,1018.6,10,null,FEW,SCT,null,null,10000,25000,null,null,null,null,null,null,null,null,null,58,KLIT 302153Z 23008KT 10SM FEW100 SCT250 14/M02 A3007 RMK AO2 SLP186 T01441017,null
LIT,2023-12-30 22:53,54,30,39.63,230,7,0,30.06,1018.4,10,null,FEW,BKN,null,null,10000,25000,null,null,null,null,null,null,null,null,null,54,KLIT 302253Z 23007KT 10SM FEW100 BKN250 12/M01 A3006 RMK AO2 SLP184 T01221011,null
LIT,2023-12-30 23:53,52,30,42.65,240,4,0,30.08,1018.8,10,null,FEW,BKN,null,null,10000,25000,null,null,null,null,null,null,null,null,null,52,KLIT 302353Z 24004KT 10SM FEW100 BKN250 11/M01 A3008 RMK AO2 SLP188 T01111011 10150 20106 53003,null
LIT,2023-12-31 0:53,51,30,44.26,250,6,0,30.08,1019,10,null,FEW,BKN,null,null,10000,25000,null,null,null,null,null,null,null,null,null,51,KLIT 310053Z 25006KT 10SM FEW100 BKN250 11/M01 A3008 RMK AO2 SLP190 T01061011,null
LIT,2023-12-31 1:53,51,30,44.26,250,7,0,30.08,1018.9,10,null,BKN,BKN,null,null,17000,25000,null,null,null,null,null,null,null,null,null,51,KLIT 310153Z 25007KT 10SM BKN170 BKN250 11/M01 A3008 RMK AO2 SLP189 T01061011,null
LIT,2023-12-31 2:53,49,30,47.68,260,5,0,30.09,1019.3,10,null,BKN,BKN,null,null,17000,25000,null,null,null,null,null,null,null,null,null,46.58,KLIT 310253Z 26005KT 10SM BKN170 BKN250 09/M01 A3009 RMK AO2 SLP193 T00941011 53005,null
LIT,2023-12-31 3:53,47,30,51.39,250,6,0,30.09,1019.2,10,null,BKN,BKN,null,null,17000,25000,null,null,null,null,null,null,null,null,null,43.6,KLIT 310353Z 25006KT 10SM BKN170 BKN250 08/M01 A3009 RMK AO2 SLP192 T00831011,null
LIT,2023-12-31 4:53,46,30,53.37,260,4,0,30.09,1019.3,10,null,FEW,null,null,null,25000,null,null,null,null,null,null,null,null,null,null,43.77,KLIT 310453Z 26004KT 10SM FEW250 08/M01 A3009 RMK AO2 SLP193 T00781011,null
LIT,2023-12-31 5:53,45,30,55.43,270,3,0,30.09,1019.1,10,null,CLR,null,null,null,null,null,null,null,null,null,null,null,null,null,null,43.55,KLIT 310553Z 27003KT 10SM CLR 07/M01 A3009 RMK AO2 SLP191 T00721011 10117 20067 401501006 58001,null
LIT,2023-12-31 6:53,41,30,64.63,0,0,0,30.07,1018.6,10,null,CLR,null,null,null,null,null,null,null,null,null,null,null,null,null,null,41,KLIT 310653Z 00000KT 10SM CLR 05/M01 A3007 RMK AO2 SLP186 T00501011,null
LIT,2023-12-31 7:53,40,30,67.18,0,0,0,30.06,1018.3,10,null,CLR,null,null,null,null,null,null,null,null,null,null,null,null,null,null,40,KLIT 310753Z 00000KT 10SM CLR 04/M01 A3006 RMK AO2 SLP183 T00441011,null
LIT,2023-12-31 8:53,39,30,69.85,280,5,0,30.07,1018.6,10,null,CLR,null,null,null,null,null,null,null,null,null,null,null,null,null,null,34.71,KLIT 310853Z 28005KT 10SM CLR 04/M01 A3007 RMK AO2 SLP186 T00391011 55005,null
LIT,2023-12-31 9:53,38,29,69.74,270,4,0,30.07,1018.5,10,null,CLR,null,null,null,null,null,null,null,null,null,null,null,null,null,null,34.43,KLIT 310953Z 27004KT 10SM CLR 03/M02 A3007 RMK AO2 SLP185 T00331017,null
LIT,2023-12-31 10:53,38,29,69.74,280,4,0,30.07,1018.5,10,null,CLR,null,null,null,null,null,null,null,null,null,null,null,null,null,null,34.43,KLIT 311053Z 28004KT 10SM CLR 03/M02 A3007 RMK AO2 SLP185 T00331017,null
LIT,2023-12-31 11:53,37,29,72.54,250,4,0,30.07,1018.7,10,null,CLR,null,null,null,null,null,null,null,null,null,null,null,null,null,null,33.26,KLIT 311153Z 25004KT 10SM CLR 03/M02 A3007 RMK AO2 SLP187 T00281017 10072 20017 55000,null
LIT,2023-12-31 12:53,36,29,75.46,250,3,0,30.08,1018.9,10,null,CLR,null,null,null,null,null,null,null,null,null,null,null,null,null,null,33.26,KLIT 311253Z 25003KT 10SM CLR 02/M02 A3008 RMK AO2 SLP189 T00221017,null
LIT,2023-12-31 13:53,35,29,78.51,300,3,0,30.08,1019.1,10,null,SCT,null,null,null,25000,null,null,null,null,null,null,null,null,null,null,32.12,KLIT 311353Z 30003KT 10SM SCT250 02/M02 A3008 RMK AO2 SLP191 T00171017,null
LIT,2023-12-31 14:53,41,32,70.08,240,5,0,30.09,1019.3,10,null,BKN,null,null,null,25000,null,null,null,null,null,null,null,null,null,null,37.08,KLIT 311453Z COR 24005KT 10SM BKN250 05/00 A3009 RMK AO2 SLP193 T00500000 53006,null
LIT,2023-12-31 15:53,50,34,53.97,280,3,0,30.11,1019.8,10,null,BKN,null,null,null,25000,null,null,null,null,null,null,null,null,null,null,50,KLIT 311553Z 28003KT 10SM BKN250 10/01 A3011 RMK AO2 SLP198 T01000011,null
LIT,2023-12-31 16:53,57,34,41.76,null,3,0,30.11,1019.7,10,null,BKN,null,null,null,25000,null,null,null,null,null,null,null,null,null,null,57,KLIT 311653Z VRB03KT 10SM BKN250 14/01 A3011 RMK AO2 SLP197 T01390011,null
LIT,2023-12-31 17:53,59,34,38.87,30,3,0,30.08,1018.8,10,null,CLR,null,null,null,null,null,null,null,null,null,null,null,null,null,null,59,KLIT 311753Z 03003KT 10SM CLR 15/01 A3008 RMK AO2 SLP188 T01500011 10150 20006 58004,null
LIT,2023-12-31 18:53,62,35,36.35,null,4,0,30.05,1017.8,10,null,BKN,null,null,null,25000,null,null,null,null,null,null,null,null,null,null,62,KLIT 311853Z COR VRB04KT 10SM BKN250 17/02 A3005 RMK AO2 SLP178 T01670017,null
LIT,2023-12-31 19:53,62,35,36.35,140,4,0,30.04,1017.5,10,null,BKN,null,null,null,25000,null,null,null,null,null,null,null,null,null,null,62,KLIT 311953Z 14004KT 10SM BKN250 17/02 A3004 RMK AO2 SLP175 T01670017,null
LIT,2023-12-31 20:53,64,34,32.56,0,0,0,30.04,1017.4,10,null,BKN,null,null,null,25000,null,null,null,null,null,null,null,null,null,null,64,KLIT 312053Z 00000KT 10SM BKN250 18/01 A3004 RMK AO2 SLP174 T01780011 56013,null
LIT,2023-12-31 21:53,60,36,40.61,130,4,0,30.05,1018,10,null,BKN,null,null,null,25000,null,null,null,null,null,null,null,null,null,null,60,KLIT 312153Z 13004KT 10SM BKN250 16/02 A3005 RMK AO2 SLP180 T01560022,null
LIT,2023-12-31 22:53,56,36,46.88,90,4,0,30.07,1018.6,10,null,BKN,null,null,null,25000,null,null,null,null,null,null,null,null,null,null,56,KLIT 312253Z 09004KT 10SM BKN250 13/02 A3007 RMK AO2 SLP186 T01330022,null
LIT,2023-12-31 23:53,54,34,46.57,50,7,0,30.11,1019.8,10,null,BKN,null,null,null,25000,null,null,null,null,null,null,null,null,null,null,54,KLIT 312353Z 05007KT 10SM BKN250 12/01 A3011 RMK AO2 SLP198 T01220011 10183 20117 53022,null
LIT,2024-12-01 0:53,42,26,52.76,0,0,0,30.22,1023.7,10,null,CLR,null,null,null,null,null,null,null,null,null,null,null,null,null,null,42,KLIT 010053Z 00000KT 10SM CLR 06/M03 A3022 RMK AO2 SLP237 T00561033 $,null
LIT,2024-12-01 1:53,38,27,64.24,170,4,0,30.22,1023.7,10,null,CLR,null,null,null,null,null,null,null,null,null,null,null,null,null,null,34.43,KLIT 010153Z 17004KT 10SM CLR 03/M03 A3022 RMK AO2 SLP237 T00331028 $,null
LIT,2024-12-01 2:53,38,27,64.24,0,0,0,30.22,1023.7,10,null,CLR,null,null,null,null,null,null,null,null,null,null,null,null,null,null,38,KLIT 010253Z 00000KT 10SM CLR 03/M03 A3022 RMK AO2 SLP237 T00331028 50004 $,null
LIT,2024-12-01 3:53,35,29,78.51,0,0,0,30.21,1023.5,10,null,CLR,null,null,null,null,null,null,null,null,null,null,null,null,null,null,35,KLIT 010353Z 00000KT 10SM CLR 02/M02 A3021 RMK AO2 SLP235 T00171017 $,null
LIT,2024-12-01 4:53,34,29,81.71,0,0,0,30.22,1023.5,10,null,CLR,null,null,null,null,null,null,null,null,null,null,null,null,null,null,34,KLIT 010453Z 00000KT 10SM CLR 01/M02 A3022 RMK AO2 SLP235 T00111017 $,null
LIT,2024-12-01 5:53,32,28,84.98,0,0,0,30.21,1023.5,10,null,CLR,null,null,null,null,null,null,null,null,null,null,null,null,null,null,32,KLIT 010553Z 00000KT 10SM CLR 00/M02 A3021 RMK AO2 SLP235 T00001022 10078 20000 401171028 57001 $,null
LIT,2024-12-01 6:53,33,28,81.63,0,0,0,30.21,1023.4,10,null,CLR,null,null,null,null,null,null,null,null,null,null,null,null,null,null,33,KLIT 010653Z 00000KT 10SM CLR 01/M02 A3021 RMK AO2 SLP234 T00061022 $,null
LIT,2024-12-01 7:53,32,28,84.98,0,0,0,30.22,1023.5,10,null,CLR,null,null,null,null,null,null,null,null,null,null,null,null,null,null,32,KLIT 010753Z 00000KT 10SM CLR 00/M02 A3022 RMK AO2 SLP235 T00001022 $,null
LIT,2024-12-01 8:53,33,28,81.63,260,4,0,30.23,1024.1,10,null,FEW,null,null,null,25000,null,null,null,null,null,null,null,null,null,null,28.59,KLIT 010853Z 26004KT 10SM FEW250 01/M02 A3023 RMK AO2 SLP241 T00061022 53006 $,null
LIT,2024-12-01 9:53,33,29,85.04,260,5,0,30.23,1023.9,10,null,SCT,null,null,null,25000,null,null,null,null,null,null,null,null,null,null,27.58,KLIT 010953Z 26005KT 10SM SCT250 01/M02 A3023 RMK AO2 SLP239 T00061017 $,null
LIT,2024-12-01 10:53,33,29,85.04,240,4,0,30.23,1023.9,10,null,BKN,null,null,null,25000,null,null,null,null,null,null,null,null,null,null,28.59,KLIT 011053Z 24004KT 10SM BKN250 01/M02 A3023 RMK AO2 SLP239 T00061017 $,null
LIT,2024-12-01 11:53,36,31,81.86,0,0,0,30.25,1024.8,10,null,BKN,null,null,null,25000,null,null,null,null,null,null,null,null,null,null,36,KLIT 011153Z 00000KT 10SM BKN250 02/M01 A3025 RMK AO2 SLP248 T00221006 10022 21006 53007 $,null
LIT,2024-12-01 12:53,39,29,67.06,360,6,0,30.28,1025.6,10,null,BKN,null,null,null,25000,null,null,null,null,null,null,null,null,null,null,33.96,KLIT 011253Z 36006KT 10SM BKN250 04/M02 A3028 RMK AO2 SLP256 T00391017 $,null
LIT,2024-12-01 13:53,40,29,64.5,20,5,0,30.29,1026.1,10,null,OVC,null,null,null,16000,null,null,null,null,null,null,null,null,null,null,35.9,KLIT 011353Z 02005KT 10SM OVC160 04/M02 A3029 RMK AO2 SLP261 T00441017 $,null
LIT,2024-12-01 14:53,42,29,59.69,40,5,0,30.33,1027.3,10,null,OVC,null,null,null,16000,null,null,null,null,null,null,null,null,null,null,38.27,KLIT 011453Z 04005KT 10SM OVC160 06/M02 A3033 RMK AO2 SLP273 T00561017 53025 $,null
LIT,2024-12-01 15:53,46,30,53.37,60,7,0,30.35,1028.1,10,null,BKN,OVC,null,null,17000,19000,null,null,null,null,null,null,null,null,null,41.84,KLIT 011553Z 06007KT 10SM BKN170 OVC190 08/M01 A3035 RMK AO2 SLP281 T00781011 $,null
LIT,2024-12-01 16:53,48,32,53.67,80,5,0,30.35,1028.1,10,null,FEW,SCT,null,null,16000,18000,null,null,null,null,null,null,null,null,null,45.4,KLIT 011653Z 08005KT 10SM FEW160 SCT180 09/00 A3035 RMK AO2 SLP281 T00890000 $,null
LIT,2024-12-01 17:53,50,32,49.81,null,null,0,30.33,1027.5,10,null,FEW,SCT,null,null,16000,18000,null,null,null,null,null,null,null,null,null,50,KLIT 011753Z 10SM FEW160 SCT180 10/00 A3033 RMK AO2 SLP275 T01000000 10106 20022 50002 $,null
LIT,2024-12-01 18:53,52,33,48.15,80,5,0,30.32,1027.2,10,null,FEW,null,null,null,16000,null,null,null,null,null,null,null,null,null,null,52,KLIT 011853Z 08005KT 10SM FEW160 11/01 A3032 RMK AO2 SLP272 T01110006 $,null
LIT,2024-12-01 19:53,52,33,48.15,null,3,0,30.31,1026.7,10,null,CLR,null,null,null,null,null,null,null,null,null,null,null,null,null,null,52,KLIT 011953Z VRB03KT 10SM CLR 11/01 A3031 RMK AO2 SLP267 T01110006 $,null
LIT,2024-12-01 20:53,52,33,48.15,110,6,0,30.3,1026.4,10,null,CLR,null,null,null,null,null,null,null,null,null,null,null,null,null,null,52,KLIT 012053Z 11006KT 10SM CLR 11/01 A3030 RMK AO2 SLP264 T01110006 57011 $,null
LIT,2024-12-01 21:53,50,35,56.16,130,9,0,30.32,1027,10,null,CLR,null,null,null,null,null,null,null,null,null,null,null,null,null,null,50,KLIT 012153Z 13009KT 10SM CLR 10/02 A3032 RMK AO2 SLP270 T01000017 $,null
LIT,2024-12-01 22:53,46,34,62.71,130,7,0,30.33,1027.5,10,null,CLR,null,null,null,null,null,null,null,null,null,null,null,null,null,null,41.84,KLIT 012253Z 13007KT 10SM CLR 08/01 A3033 RMK AO2 SLP275 T00780011 $,null
LIT,2024-12-01 23:53,42,34,73.06,110,5,0,30.35,1028,10,null,CLR,null,null,null,null,null,null,null,null,null,null,null,null,null,null,38.27,KLIT 012353Z 11005KT 10SM CLR 06/01 A3035 RMK AO2 SLP280 T00560011 10117 20056 51016 $,null
LIT,2024-12-02 0:53,40,34,78.94,120,3,0,30.37,1028.8,10,null,CLR,null,null,null,null,null,null,null,null,null,null,null,null,null,null,37.83,KLIT 020053Z 12003KT 10SM CLR 04/01 A3037 RMK AO2 SLP288 T00440011 $,null
LIT,2024-12-02 1:53,39,33,78.86,130,3,0,30.37,1028.9,10,null,CLR,null,null,null,null,null,null,null,null,null,null,null,null,null,null,36.69,KLIT 020153Z 13003KT 10SM CLR 04/01 A3037 RMK AO2 SLP289 T00390006 $,null
LIT,2024-12-02 2:53,37,33,85.29,0,0,0,30.38,1029.2,10,null,CLR,null,null,null,null,null,null,null,null,null,null,null,null,null,null,37,KLIT 020253Z 00000KT 10SM CLR 03/01 A3038 RMK AO2 SLP292 T00280006 51012 $,null
LIT,2024-12-02 3:53,36,32,85.23,0,0,0,30.39,1029.4,10,null,CLR,null,null,null,null,null,null,null,null,null,null,null,null,null,null,36,KLIT 020353Z 00000KT 10SM CLR 02/00 A3039 RMK AO2 SLP294 T00220000 $,null
LIT,2024-12-02 4:53,34,31,88.63,0,0,0,30.4,1029.9,10,null,CLR,null,null,null,null,null,null,null,null,null,null,null,null,null,null,34,KLIT 020453Z 00000KT 10SM CLR 01/M01 A3040 RMK AO2 SLP299 T00111006 $,null
LIT,2024-12-02 5:53,34,31,88.63,0,0,0,30.4,1029.9,10,null,CLR,null,null,null,null,null,null,null,null,null,null,null,null,null,null,34,KLIT 020553Z 00000KT 10SM CLR 01/M01 A3040 RMK AO2 SLP299 T00111006 10056 20006 401171006 51007 $,null
LIT,2024-12-02 6:53,32,30,92.22,0,0,0,30.4,1029.6,10,null,CLR,null,null,null,null,null,null,null,null,null,null,null,null,null,null,32,KLIT 020653Z 00000KT 10SM CLR 00/M01 A3040 RMK AO2 SLP296 T00001011 $,null
LIT,2024-12-02 7:53,33,30,88.58,0,0,0,30.39,1029.6,10,null,CLR,null,null,null,null,null,null,null,null,null,null,null,null,null,null,33,KLIT 020753Z 00000KT 10SM CLR 01/M01 A3039 RMK AO2 SLP296 T00061011 $,null
LIT,2024-12-02 8:53,31,29,92.19,260,4,0,30.41,1030,10,null,CLR,null,null,null,null,null,null,null,null,null,null,null,null,null,null,26.25,KLIT 020853Z 26004KT 10SM CLR M01/M02 A3041 RMK AO2 SLP300 T10061017 53000 $,null
LIT,2024-12-02 9:53,31,29,92.19,250,3,0,30.41,1030.2,10,null,CLR,null,null,null,null,null,null,null,null,0.01,null,null,null,null,null,27.55,KLIT 020953Z 25003KT 10SM CLR M01/M02 A3041 RMK AO2 SLP302 I1001 T10061017 $,null
LIT,2024-12-02 10:53,30,28,92.15,0,0,0,30.41,1030.3,10,null,CLR,null,null,null,null,null,null,null,null,null,null,null,null,null,null,30,KLIT 021053Z 00000KT 10SM CLR M01/M02 A3041 RMK AO2 SLP303 T10111022 $,null
LIT,2024-12-02 11:53,30,28,92.15,270,4,0,30.43,1030.8,10,null,CLR,null,null,null,null,null,null,null,null,0.01,null,0.02,null,null,null,25.08,KLIT 021153Z 27004KT 10SM CLR M01/M02 A3043 RMK AO2 SLP308 I1001 I6002 T10111022 10017 21011 53007 $,null
LIT,2024-12-02 12:53,30,28,92.15,0,0,0,30.43,1030.8,5,null,CLR,null,null,null,null,null,null,null,BR,null,null,null,null,null,null,30,KLIT 021253Z 00000KT 5SM BR CLR M01/M02 A3043 RMK AO2 SLP308 T10111022 $,null
LIT,2024-12-02 13:53,32,30,92.22,250,3,0,30.44,1031.1,9,null,FEW,null,null,null,1000,null,null,null,null,T,null,null,null,null,null,28.69,KLIT 021353Z 25003KT 9SM FEW010 00/M01 A3044 RMK AO2 SLP311 I1000 T00001011 $,null
LIT,2024-12-02 14:53,38,34,85.35,0,0,0,30.45,1031.7,7,null,FEW,null,null,null,700,null,null,null,null,null,T,null,null,null,null,38,KLIT 021453Z 00000KT 7SM FEW007 03/01 A3045 RMK AO2 SLP317 I3000 T00330011 53009 $,null
LIT,2024-12-02 15:53,43,34,70.3,270,4,0,30.46,1031.9,7,null,CLR,null,null,null,null,null,null,null,null,null,null,null,null,null,null,40.27,KLIT 021553Z 27004KT 7SM CLR 06/01 A3046 RMK AO2 SLP319 T00610011 $,null
LIT,2024-12-02 16:53,47,32,55.73,270,7,0,30.45,1031.6,8,null,CLR,null,null,null,null,null,null,null,null,null,null,null,null,null,null,43.06,KLIT 021653Z 27007KT 8SM CLR 08/00 A3045 RMK AO2 SLP316 T00830000 $,null
LIT,2024-12-02 17:53,51,33,49.96,280,6,0,30.41,1030.3,8,null,CLR,null,null,null,null,null,null,null,null,null,null,T,null,null,null,51,KLIT 021753Z 28006KT 8SM CLR 11/01 A3041 RMK AO2 SLP303 I6000 T01060006 10106 21011 58013 $,null
LIT,2024-12-02 18:53,54,33,44.74,260,5,0,30.38,1029.1,8,null,CLR,null,null,null,null,null,null,null,null,null,null,null,null,null,null,54,KLIT 021853Z 26005KT 8SM CLR 12/01 A3038 RMK AO2 SLP291 T01220006 $,null
LIT,2024-12-02 19:53,56,34,43.3,null,3,0,30.35,1028.1,9,null,CLR,null,null,null,null,null,null,null,null,null,null,null,null,null,null,56,KLIT 021953Z VRB03KT 9SM CLR 13/01 A3035 RMK AO2 SLP281 T01330011 $,null
LIT,2024-12-02 20:53,58,35,41.92,320,7,0,30.34,1027.7,9,null,CLR,null,null,null,null,null,null,null,null,null,null,null,null,null,null,58,KLIT 022053Z COR 32007KT 9SM CLR 14/02 A3034 RMK AO2 SLP277 T01440017 56026 RVRNO $,null
LIT,2024-12-02 21:53,58,35,41.92,330,10,0,30.35,1028,10,null,CLR,null,null,null,null,null,null,null,null,null,null,null,null,null,null,58,KLIT 022153Z 33010KT 10SM CLR 14/02 A3035 RMK AO2 SLP280 T01440017 $,null
LIT,2024-12-02 22:53,54,35,48.46,310,5,0,30.36,1028.5,10,null,CLR,null,null,null,null,null,null,null,null,null,null,null,null,null,null,54,KLIT 022253Z 31005KT 10SM CLR 12/02 A3036 RMK AO2 SLP285 T01220017 $,null
LIT,2024-12-02 23:53,53,35,50.27,310,7,0,30.38,1029.2,10,null,CLR,null,null,null,null,null,null,null,null,null,null,null,null,null,null,53,KLIT 022353Z 31007KT 10SM CLR 12/02 A3038 RMK AO2 SLP292 T01170017 10150 20106 53016 $,null
LIT,2024-12-03 0:53,52,35,52.15,0,0,0,30.41,1030,10,null,CLR,null,null,null,null,null,null,null,null,null,null,null,null,null,null,52,KLIT 030053Z 00000KT 10SM CLR 11/02 A3041 RMK AO2 SLP300 T01110017 $,null
LIT,2024-12-03 1:53,46,33,60.25,20,7,0,30.44,1031.1,10,null,CLR,null,null,null,null,null,null,null,null,null,null,null,null,null,null,41.84,KLIT 030153Z 02007KT 10SM CLR 08/01 A3044 RMK AO2 SLP311 T00780006 $,null
LIT,2024-12-03 2:53,45,28,51.08,30,11,0,30.48,1032.6,10,19,CLR,null,null,null,null,null,null,null,null,null,null,null,null,null,null,38.89,KLIT 030253Z 03011G19KT 10SM CLR 07/M02 A3048 RMK AO2 SLP326 T00721022 53033 $,null
LIT,2024-12-03 3:53,41,28,59.55,70,11,0,30.52,1033.7,10,22,CLR,null,null,null,null,null,null,null,null,null,null,null,null,null,null,33.84,KLIT 030353Z 07011G22KT 10SM CLR 05/M02 A3052 RMK AO2 SLP337 T00501022 $,null
LIT,2024-12-03 4:53,37,27,66.82,70,9,0,30.53,1034.3,10,null,CLR,null,null,null,null,null,null,null,null,null,null,null,null,null,null,29.73,KLIT 030453Z 07009KT 10SM CLR 03/M03 A3053 RMK AO2 SLP343 T00281028 $,null
LIT,2024-12-03 5:53,35,23,61.23,60,9,0,30.56,1035.2,10,null,CLR,null,null,null,null,null,null,null,null,null,null,null,null,null,null,27.24,KLIT 030553Z 06009KT 10SM CLR 02/M05 A3056 RMK AO2 SLP352 T00171050 10117 20017 401501011 51026 $,null
LIT,2024-12-03 6:53,32,23,69.04,70,7,0,30.58,1035.8,10,null,CLR,null,null,null,null,null,null,null,null,null,null,null,null,null,null,24.78,KLIT 030653Z 07007KT 10SM CLR 00/M05 A3058 RMK AO2 SLP358 T00001050 $,null
LIT,2024-12-03 7:53,32,21,63.45,70,8,0,30.58,1036,10,null,CLR,null,null,null,null,null,null,null,null,null,null,null,null,null,null,24.11,KLIT 030753Z 07008KT 10SM CLR 00/M06 A3058 RMK AO2 SLP360 T00001061 $,null
LIT,2024-12-03 8:53,31,20,63.32,60,8,0,30.59,1036.3,10,null,CLR,null,null,null,null,null,null,null,null,null,null,null,null,null,null,22.88,KLIT 030853Z 06008KT 10SM CLR M01/M07 A3059 RMK AO2 SLP363 T10061067 51011 $,null
LIT,2024-12-03 9:53,29,20,68.69,90,8,0,30.6,1036.7,10,null,CLR,null,null,null,null,null,null,null,null,null,null,null,null,null,null,20.42,KLIT 030953Z 09008KT 10SM CLR M02/M07 A3060 RMK AO2 SLP367 T10171067 $,null
LIT,2024-12-03 10:53,28,19,68.57,60,7,0,30.61,1036.8,10,null,CLR,null,null,null,null,null,null,null,null,null,null,null,null,null,null,19.9,KLIT 031053Z 06007KT 10SM CLR M02/M07 A3061 RMK AO2 SLP368 T10221072 $,null
LIT,2024-12-03 11:53,27,19,71.45,70,7,0,30.62,1037.3,10,null,CLR,null,null,null,null,null,null,null,null,null,null,null,null,null,null,18.68,KLIT 031153Z 07007KT 10SM CLR M03/M07 A3062 RMK AO2 SLP373 T10281072 10017 21028 53010 $,null
LIT,2024-12-03 12:53,27,19,71.45,70,7,0,30.63,1037.6,10,null,CLR,null,null,null,null,null,null,null,null,null,null,null,null,null,null,18.68,KLIT 031253Z 07007KT 10SM CLR M03/M07 A3063 RMK AO2 SLP376 T10281072 $,null
LIT,2024-12-03 13:53,29,20,68.69,80,7,0,30.65,1038.2,10,null,CLR,null,null,null,null,null,null,null,null,null,null,null,null,null,null,21.12,KLIT 031353Z 08007KT 10SM CLR M02/M07 A3065 RMK AO2 SLP382 T10171067 $,null
LIT,2024-12-03 14:53,32,19,58.27,100,9,0,30.67,1038.8,10,null,CLR,null,null,null,null,null,null,null,null,null,null,null,null,null,null,23.51,KLIT 031453Z 10009KT 10SM CLR 00/M07 A3067 RMK AO2 SLP388 T00001072 $,null
LIT,2024-12-03 15:53,34,20,56.12,120,8,0,30.66,1038.9,10,null,CLR,null,null,null,null,null,null,null,null,null,null,null,null,null,null,26.58,KLIT 031553Z 12008KT 10SM CLR 01/M07 A3066 RMK AO2 SLP389 T00111067 $,null
LIT,2024-12-03 16:53,36,21,54.08,120,4,0,30.65,1038.3,10,null,CLR,null,null,null,null,null,null,null,null,null,null,null,null,null,null,32.09,KLIT 031653Z 12004KT 10SM CLR 02/M06 A3065 RMK AO2 SLP383 T00221061 $,null
LIT,2024-12-03 17:53,36,21,54.08,0,0,0,30.6,1036.6,10,null,CLR,null,null,null,null,null,null,null,null,null,null,null,null,null,null,36,KLIT 031753Z 00000KT 10SM CLR 02/M06 A3060 RMK AO2 SLP366 T00221061 10028 21033 58023 $,null
LIT,2024-12-03 18:53,40,21,46.23,null,5,0,30.56,1035.4,10,null,CLR,null,null,null,null,null,null,null,null,null,null,null,null,null,null,35.9,KLIT 031853Z VRB05KT 10SM CLR 04/M06 A3056 RMK AO2 SLP354 T00441061 $,null
LIT,2024-12-03 19:53,41,20,42.62,null,4,0,30.54,1034.5,10,null,CLR,null,null,null,null,null,null,null,null,null,null,null,null,null,null,37.93,KLIT 031953Z COR VRB04KT 10SM CLR 05/M07 A3054 RMK AO2 SLP345 T00501067 RVRNO $,null
LIT,2024-12-03 20:53,42,21,42.78,140,5,0,30.51,1033.6,10,null,CLR,null,null,null,null,null,null,null,null,null,null,null,null,null,null,38.27,KLIT 032053Z 14005KT 10SM CLR 06/M06 A3051 RMK AO2 SLP336 T00561061 56029 $,null
LIT,2024-12-03 21:53,42,20,41,null,3,0,30.49,1033.1,10,null,CLR,null,null,null,null,null,null,null,null,null,null,null,null,null,null,40.12,KLIT 032153Z VRB03KT 10SM CLR 06/M07 A3049 RMK AO2 SLP331 T00561067 $,null
LIT,2024-12-03 22:53,39,21,48.06,150,6,0,30.48,1032.6,10,null,CLR,null,null,null,null,null,null,null,null,null,null,null,null,null,null,33.96,KLIT 032253Z 15006KT 10SM CLR 04/M06 A3048 RMK AO2 SLP326 T00391061 $,null
LIT,2024-12-03 23:53,37,23,56.57,160,4,0,30.46,1032.1,10,null,CLR,null,null,null,null,null,null,null,null,null,null,null,null,null,null,33.26,KLIT 032353Z 16004KT 10SM CLR 03/M05 A3046 RMK AO2 SLP321 T00281050 10061 20028 57015 $,null
LIT,2024-12-04 0:53,37,23,56.57,160,5,0,30.46,1031.9,10,null,CLR,null,null,null,null,null,null,null,null,null,null,null,null,null,null,32.33,KLIT 040053Z 16005KT 10SM CLR 03/M05 A3046 RMK AO2 SLP319 T00281050 $,null
LIT,2024-12-04 1:53,35,24,63.85,190,4,0,30.45,1031.6,10,null,CLR,null,null,null,null,null,null,null,null,null,null,null,null,null,null,30.92,KLIT 040153Z 19004KT 10SM CLR 02/M04 A3045 RMK AO2 SLP316 T00171044 $,null
LIT,2024-12-04 2:53,34,24,66.45,180,6,0,30.44,1031.4,10,null,CLR,null,null,null,null,null,null,null,null,null,null,null,null,null,null,27.94,KLIT 040253Z 18006KT 10SM CLR 01/M04 A3044 RMK AO2 SLP314 T00111044 58007 $,null
LIT,2024-12-04 3:53,33,23,66.32,180,4,0,30.43,1030.8,10,null,CLR,null,null,null,null,null,null,null,null,null,null,null,null,null,null,28.59,KLIT 040353Z 18004KT 10SM CLR 01/M05 A3043 RMK AO2 SLP308 T00061050 $,null
LIT,2024-12-04 4:53,34,23,63.72,200,7,0,30.41,1030.1,10,null,CLR,null,null,null,null,null,null,null,null,null,null,null,null,null,null,27.22,KLIT 040453Z 20007KT 10SM CLR 01/M05 A3041 RMK AO2 SLP301 T00111050 $,null
LIT,2024-12-04 5:53,35,23,61.23,230,5,0,30.39,1029.6,10,null,CLR,null,null,null,null,null,null,null,null,null,null,null,null,null,null,29.96,KLIT 040553Z 23005KT 10SM CLR 02/M05 A3039 RMK AO2 SLP296 T00171050 10028 20000 400611033 56017 $,null
LIT,2024-12-04 6:53,34,23,63.72,250,3,0,30.38,1029.1,10,null,CLR,null,null,null,null,null,null,null,null,null,null,null,null,null,null,30.97,KLIT 040653Z 25003KT 10SM CLR 01/M05 A3038 RMK AO2 SLP291 T00111050 $,null
LIT,2024-12-04 7:53,32,24,72,0,0,0,30.35,1028.2,10,null,CLR,null,null,null,null,null,null,null,null,null,null,null,null,null,null,32,KLIT 040753Z 00000KT 10SM CLR 00/M04 A3035 RMK AO2 SLP282 T00001044 $,null
LIT,2024-12-04 8:53,32,24,72,260,3,0,30.34,1027.9,10,null,CLR,null,null,null,null,null,null,null,null,null,null,null,null,null,null,28.69,KLIT 040853Z 26003KT 10SM CLR 00/M04 A3034 RMK AO2 SLP279 T00001044 56017 $,null
LIT,2024-12-04 9:53,33,24,69.16,240,3,0,30.32,1027.2,10,null,CLR,null,null,null,null,null,null,null,null,null,null,null,null,null,null,29.83,KLIT 040953Z 24003KT 10SM CLR 01/M04 A3032 RMK AO2 SLP272 T00061044 $,null
LIT,2024-12-04 10:53,33,24,69.16,230,4,0,30.32,1027.1,10,null,CLR,null,null,null,null,null,null,null,null,null,null,null,null,null,null,28.59,KLIT 041053Z 23004KT 10SM CLR 01/M04 A3032 RMK AO2 SLP271 T00061044 $,null
LIT,2024-12-04 11:53,31,24,74.97,150,3,0,30.3,1026.5,10,null,CLR,null,null,null,null,null,null,null,null,null,null,null,null,null,null,27.55,KLIT 041153Z 15003KT 10SM CLR M01/M04 A3030 RMK AO2 SLP265 T10061044 10017 21006 56014 $,null
LIT,2024-12-04 12:53,33,26,75.17,0,0,0,30.29,1026.3,10,null,OVC,null,null,null,7000,null,null,null,null,null,null,null,null,null,null,33,KLIT 041253Z 00000KT 10SM OVC070 01/M03 A3029 RMK AO2 SLP263 T00061033 $,null
LIT,2024-12-04 13:53,38,26,61.64,240,8,0,30.28,1026,10,null,BKN,BKN,null,null,7500,9000,null,null,null,null,null,null,null,null,null,31.5,KLIT 041353Z 24008KT 10SM BKN075 BKN090 03/M03 A3028 RMK AO2 SLP260 T00331033 $,null
LIT,2024-12-04 14:53,40,26,57.01,250,5,0,30.29,1026.1,10,null,OVC,null,null,null,7000,null,null,null,null,null,null,null,null,null,null,35.9,KLIT 041453Z 25005KT 10SM OVC070 04/M03 A3029 RMK AO2 SLP261 T00441033 55003 $,null
LIT,2024-12-04 15:53,43,28,55.14,240,9,0,30.28,1025.7,10,null,BKN,OVC,null,null,8000,10000,null,null,null,null,null,null,null,null,null,37.19,KLIT 041553Z 24009KT 10SM BKN080 OVC100 06/M02 A3028 RMK AO2 SLP257 T00611022 $,null
LIT,2024-12-04 16:53,46,30,53.37,240,14,0,30.25,1024.8,10,18,BKN,OVC,null,null,7000,8500,null,null,null,null,null,null,null,null,null,39.21,KLIT 041653Z 24014G18KT 10SM BKN070 OVC085 08/M01 A3025 RMK AO2 SLP248 T00781011 $,null
LIT,2024-12-04 17:53,46,34,62.71,240,7,T,30.23,1024.1,10,null,SCT,OVC,null,null,4000,6000,null,null,#NAME?,null,null,null,null,null,null,41.84,KLIT 041753Z 24007KT 10SM -RA SCT040 OVC060 08/01 A3023 RMK AO2 RAB43 SLP241 P0000 60000 T00780011 10078 21006 58019 $,null
LIT,2024-12-04 18:53,47,36,65.38,240,8,T,30.18,1022.4,10,null,FEW,BKN,null,null,5500,7500,null,null,null,null,null,null,null,null,null,42.59,KLIT 041853Z 24008KT 10SM FEW055 BKN075 08/02 A3018 RMK AO2 RAE1755B11E21 SLP224 P0000 T00830022 $,null
LIT,2024-12-04 19:53,44,39,82.44,230,9,T,30.15,1021.5,5,null,BKN,OVC,null,null,4000,5500,null,null,#NAME?,null,null,null,null,null,null,38.44,KLIT 041953Z 23009KT 5SM -RA BKN040 OVC055 07/04 A3015 RMK AO2 RAB19 SLP215 P0000 T00670039 $,null
LIT,2024-12-04 20:36,44,41,89.11,250,7,T,30.16,null,3,null,BKN,OVC,null,null,2200,3300,null,null,#NAME?,null,null,null,null,null,null,39.41,KLIT 042036Z 25007KT 3SM -RA BR BKN022 OVC033 07/05 A3016 RMK AO2 RAE1955B24 P0000 T00670050 $,null
LIT,2024-12-04 20:50,44.6,42.8,93.35,260,6,T,30.16,null,1.5,null,SCT,OVC,null,null,800,2200,null,null,#NAME?,null,null,null,null,null,null,40.71,KLIT 042050Z 26006KT 1 1/2SM -RA BR SCT008 OVC022 07/06 A3016 RMK AO2 RAE1955B24 P0000 $,null
LIT,2024-12-04 20:53,44,42,92.61,260,5,0.01,30.16,1021.7,1.5,null,SCT,OVC,null,null,800,2200,null,null,#NAME?,null,null,null,null,null,null,40.65,KLIT 042053Z 26005KT 1 1/2SM -RA BR SCT008 OVC022 07/06 A3016 RMK AO2 RAE1955B24 SLP217 P0001 60001 T00670056 55024 $,null
LIT,2024-12-04 21:53,45,43,92.65,270,4,T,30.14,1021.1,1.5,null,SCT,OVC,null,null,800,2200,null,null,#NAME?,null,null,null,null,null,null,42.6,KLIT 042153Z 27004KT 1 1/2SM -RA BR SCT008 OVC022 07/06 A3014 RMK AO2 RAE11B52 SLP211 P0000 T00720061 $,null
LIT,2024-12-04 22:39,46,44,92.68,240,7,0.01,30.12,null,1.5,null,OVC,null,null,null,600,null,null,null,BR,null,null,null,null,null,null,41.84,KLIT 042239Z 24007KT 1 1/2SM BR OVC006 08/07 A3012 RMK AO2 RAE20 P0001 T00780067 $,null
LIT,2024-12-04 22:53,46,44,92.68,250,5,0.02,30.12,1020.3,1.5,null,OVC,null,null,null,600,null,null,null,#NAME?,null,null,null,null,null,null,43.02,KLIT 042253Z 25005KT 1 1/2SM -RA OVC006 08/07 A3012 RMK AO2 RAE20B40 SLP203 P0002 T00780067 $,null
LIT,2024-12-04 23:53,46,44,92.68,240,7,0.03,30.12,1020.4,2,null,OVC,null,null,null,600,null,null,null,BR,null,null,null,null,null,null,41.84,KLIT 042353Z 24007KT 2SM BR OVC006 08/07 A3012 RMK AO2 RAE13 SLP204 P0003 60006 T00780067 10083 20067 55012 $,null
LIT,2024-12-05 0:53,47,45,92.71,260,5,0,30.13,1020.5,3,null,BKN,OVC,null,null,600,3000,null,null,BR,null,null,null,null,null,null,44.21,KLIT 050053Z 26005KT 3SM BR BKN006 OVC030 08/07 A3013 RMK AO2 SLP205 T00830072 $,null
LIT,2024-12-05 1:53,46,44,92.68,270,4,0,30.13,1020.6,3,null,BKN,OVC,null,null,600,3000,null,null,BR,null,null,null,null,null,null,43.77,KLIT 050153Z 27004KT 3SM BR BKN006 OVC030 08/07 A3013 RMK AO2 SLP206 T00780067 $,null
LIT,2024-12-05 2:44,47,45,92.71,270,6,0,30.14,null,1,null,OVC,null,null,null,300,null,null,null,BR,null,null,null,null,null,null,43.6,KLIT 050244Z 27006KT 1SM BR OVC003 08/07 A3014 RMK AO2 T00830072 RVRNO $,null
LIT,2024-12-05 2:53,46,45,96.28,280,6,0,30.15,1021.2,0.75,null,OVC,null,null,null,300,null,null,null,BR,null,null,null,null,null,null,42.39,KLIT 050253Z 28006KT 3/4SM BR OVC003 08/07 A3015 RMK AO2 SLP212 T00780072 53008 RVRNO $,null
LIT,2024-12-05 3:03,46,46,100,270,6,0,30.15,null,0.5,null,VV ,null,null,null,300,null,null,null,FG,null,null,null,null,null,null,42.39,KLIT 050303Z 27006KT 1/2SM FG VV003 08/08 A3015 RMK AO2 T00780078 RVRNO $,null
LIT,2024-12-05 3:53,47,46,96.29,270,5,0,30.16,1021.5,0.5,null,VV ,null,null,null,200,null,null,null,FG,null,null,null,null,null,null,44.21,KLIT 050353Z 27005KT 1/2SM FG VV002 08/08 A3016 RMK AO2 SLP215 T00830078 RVRNO $,null
LIT,2024-12-05 4:25,46,46,100,270,6,0,30.17,null,0.25,null,VV ,null,null,null,200,null,null,null,FG,null,null,null,null,null,null,42.39,KLIT 050425Z 27006KT 1/4SM FG VV002 08/08 A3017 RMK AO2 T00780078 RVRNO $,null
LIT,2024-12-05 4:53,46,46,100,270,7,0,30.17,1022,0.25,null,VV ,null,null,null,200,null,null,null,FG,null,null,null,null,null,null,41.84,KLIT 050453Z 27007KT 1/4SM FG VV002 08/08 A3017 RMK AO2 SLP220 T00780078 RVRNO $,null
LIT,2024-12-05 5:53,46,45,96.28,270,7,0,30.18,1022.2,0.25,null,VV ,null,null,null,200,null,null,null,FG,null,null,null,null,null,null,41.84,KLIT 050553Z 27007KT 1/4SM FG VV002 08/07 A3018 RMK AO2 SLP222 T00780072 10083 20072 400831006 51009 RVRNO $,null
LIT,2024-12-05 6:53,46,45,96.28,280,6,0,30.17,1022,0.25,null,VV ,null,null,null,200,null,null,null,FG,null,null,null,null,null,null,42.39,KLIT 050653Z 28006KT 1/4SM FG VV002 08/07 A3017 RMK AO2 SLP220 T00780072 RVRNO $,null
LIT,2024-12-05 7:53,44,44,100,270,4,0,30.18,1022.2,0.25,null,VV ,null,null,null,200,null,null,null,FG,null,null,null,null,null,null,41.43,KLIT 050753Z 27004KT 1/4SM FG VV002 07/07 A3018 RMK AO2 SLP222 T00670067 RVRNO $,null
LIT,2024-12-05 8:53,42,42,100,0,0,0,30.2,1022.9,0.25,null,VV ,null,null,null,200,null,null,null,FG,null,null,null,null,null,null,42,KLIT 050853Z 00000KT 1/4SM FG VV002 06/06 A3020 RMK AO2 SLP229 T00560056 53007 RVRNO $,null
LIT,2024-12-05 9:26,39,39,100,310,3,0,30.21,null,0.5,null,VV ,null,null,null,200,null,null,null,FG,null,null,null,null,null,null,36.69,KLIT 050926Z 31003KT 1/2SM FG VV002 04/04 A3021 RMK AO2 T00390039 RVRNO $,null
LIT,2024-12-05 9:33,39,39,100,0,0,0,30.21,null,7,null,SCT,null,null,null,200,null,null,null,null,null,null,null,null,null,null,39,KLIT 050933Z 00000KT 7SM SCT002 04/04 A3021 RMK AO2 T00390039 $,null
LIT,2024-12-05 9:53,44,42,92.61,330,6,0,30.22,1023.5,10,null,CLR,null,null,null,null,null,null,null,null,null,null,null,null,null,null,39.98,KLIT 050953Z 33006KT 10SM CLR 07/06 A3022 RMK AO2 SLP235 T00670056 $,null
LIT,2024-12-05 10:53,42,40,92.55,330,4,0,30.23,1024.2,10,null,CLR,null,null,null,null,null,null,null,null,null,null,null,null,null,null,39.1,KLIT 051053Z 33004KT 10SM CLR 06/04 A3023 RMK AO2 SLP242 T00560044 $,null
LIT,2024-12-05 11:53,41,36,82.22,10,6,0,30.26,1025.2,10,null,CLR,null,null,null,null,null,null,null,null,null,null,null,null,null,null,36.37,KLIT 051153Z 01006KT 10SM CLR 05/02 A3026 RMK AO2 SLP252 70006 T00500022 10078 20039 53022 $,null
LIT,2024-12-05 12:53,41,29,62.04,10,9,0,30.3,1026.4,10,null,CLR,null,null,null,null,null,null,null,null,null,null,null,null,null,null,34.7,KLIT 051253Z 01009KT 10SM CLR 05/M02 A3030 RMK AO2 SLP264 T00501017 $,null
LIT,2024-12-05 13:53,42,26,52.76,10,10,0,30.33,1027.6,10,null,CLR,null,null,null,null,null,null,null,null,null,null,null,null,null,null,35.51,KLIT 051353Z 01010KT 10SM CLR 06/M03 A3033 RMK AO2 SLP276 T00561033 $,null
LIT,2024-12-05 14:53,44,21,39.62,20,15,0,30.36,1028.5,10,null,FEW,null,null,null,25000,null,null,null,null,null,null,null,null,null,null,36.34,KLIT 051453Z 02015KT 10SM FEW250 07/M06 A3036 RMK AO2 SLP285 T00671061 51033 $,null
LIT,2024-12-05 15:53,45,16,30.77,50,13,0,30.39,1029.6,10,null,FEW,null,null,null,25000,null,null,null,null,null,null,null,null,null,null,38.22,KLIT 051553Z 05013KT 10SM FEW250 07/M09 A3039 RMK AO2 SLP296 T00721089 $,null
LIT,2024-12-05 16:53,46,14,27.15,30,10,0,30.41,1030.1,10,null,FEW,null,null,null,25000,null,null,null,null,null,null,null,null,null,null,40.52,KLIT 051653Z 03010KT 10SM FEW250 08/M10 A3041 RMK AO2 SLP301 T00781100 $,null
LIT,2024-12-05 17:53,47,13,25.02,50,13,0,30.4,1029.8,10,20,FEW,null,null,null,25000,null,null,null,null,null,null,null,null,null,null,40.79,KLIT 051753Z 05013G20KT 10SM FEW250 08/M11 A3040 RMK AO2 SLP298 T00831106 10083 20050 50013 $,null
LIT,2024-12-05 18:53,47,10,21.9,10,12,0,30.39,1029.3,10,null,FEW,null,null,null,25000,null,null,null,null,null,null,null,null,null,null,41.09,KLIT 051853Z COR 01012KT 10SM FEW250 08/M12 A3039 RMK AO2 SLP293 T00831122 RVRNO $,null
LIT,2024-12-05 19:53,47,8,20.02,40,13,0,30.39,1029.3,10,null,FEW,null,null,null,25000,null,null,null,null,null,null,null,null,null,null,40.79,KLIT 051953Z COR 04013KT 10SM FEW250 08/M13 A3039 RMK AO2 SLP293 T00831133 RVRNO $,null
LIT,2024-12-05 20:53,45,9,22.59,20,12,0,30.39,1029.4,10,null,FEW,null,null,null,25000,null,null,null,null,null,null,null,null,null,null,38.55,KLIT 052053Z 02012KT 10SM FEW250 07/M13 A3039 RMK AO2 SLP294 T00721128 55004 $,null
LIT,2024-12-05 21:53,43,9,24.39,20,11,0,30.4,1029.9,10,null,BKN,null,null,null,25000,null,null,null,null,null,null,null,null,null,null,36.37,KLIT 052153Z 02011KT 10SM BKN250 06/M13 A3040 RMK AO2 SLP299 T00611128 $,null
LIT,2024-12-05 22:53,40,10,28.64,40,9,0,30.42,1030.6,10,null,BKN,null,null,null,25000,null,null,null,null,null,null,null,null,null,null,33.46,KLIT 052253Z 04009KT 10SM BKN250 04/M12 A3042 RMK AO2 SLP306 T00441122 $,null
LIT,2024-12-05 23:53,38,11,32.37,40,7,0,30.43,1030.8,10,null,BKN,null,null,null,25000,null,null,null,null,null,null,null,null,null,null,32.09,KLIT 052353Z 04007KT 10SM BKN250 03/M12 A3043 RMK AO2 SLP308 T00331117 10089 20028 51014 $,null
LIT,2024-12-06 0:53,36,12,36.62,50,7,0,30.45,1031.6,10,null,BKN,null,null,null,25000,null,null,null,null,null,null,null,null,null,null,29.65,KLIT 060053Z 05007KT 10SM BKN250 02/M11 A3045 RMK AO2 SLP316 T00221111 $,null
LIT,2024-12-06 1:53,35,10,34.86,60,7,0,30.47,1032.3,10,null,BKN,null,null,null,25000,null,null,null,null,null,null,null,null,null,null,28.44,KLIT 060153Z 06007KT 10SM BKN250 02/M12 A3047 RMK AO2 SLP323 T00171122 $,null
LIT,2024-12-06 2:53,34,9,34.69,60,7,0,30.48,1032.5,10,null,BKN,null,null,null,25000,null,null,null,null,null,null,null,null,null,null,27.22,KLIT 060253Z 06007KT 10SM BKN250 01/M13 A3048 RMK AO2 SLP325 T00111128 51016 $,null
LIT,2024-12-06 3:53,31,12,44.73,80,8,0,30.5,1033.3,10,null,BKN,null,null,null,25000,null,null,null,null,null,null,null,null,null,null,22.88,KLIT 060353Z 08008KT 10SM BKN250 M01/M11 A3050 RMK AO2 SLP333 T10061111 $,null
LIT,2024-12-06 4:53,30,13,48.69,70,7,0,30.5,1033.2,10,null,BKN,null,null,null,25000,null,null,null,null,null,null,null,null,null,null,22.34,KLIT 060453Z 07007KT 10SM BKN250 M01/M11 A3050 RMK AO2 SLP332 T10111106 $,null
LIT,2024-12-06 5:53,29,12,48.53,70,8,0,30.51,1033.5,10,null,BKN,null,null,null,25000,null,null,null,null,null,null,null,null,null,null,20.42,KLIT 060553Z 07008KT 10SM BKN250 M02/M11 A3051 RMK AO2 SLP335 T10171111 10039 21017 400891017 51009 $,null
LIT,2024-12-06 6:53,28,12,50.56,70,6,0,30.5,1033.3,10,null,SCT,null,null,null,25000,null,null,null,null,null,null,null,null,null,null,20.71,KLIT 060653Z 07006KT 10SM SCT250 M02/M11 A3050 RMK AO2 SLP333 T10221111 $,null
LIT,2024-12-06 7:53,27,12,52.68,70,6,0,30.51,1033.7,10,null,SCT,null,null,null,25000,null,null,null,null,null,null,null,null,null,null,19.51,KLIT 060753Z 07006KT 10SM SCT250 M03/M11 A3051 RMK AO2 SLP337 T10281111 $,null
LIT,2024-12-06 8:53,26,13,57.38,70,7,0,30.52,1034,10,null,FEW,null,null,null,25000,null,null,null,null,null,null,null,null,null,null,17.47,KLIT 060853Z 07007KT 10SM FEW250 M03/M11 A3052 RMK AO2 SLP340 T10331106 53006 $,null
LIT,2024-12-06 9:53,26,12,54.9,80,7,0,30.53,1034.3,10,null,FEW,null,null,null,25000,null,null,null,null,null,null,null,null,null,null,17.47,KLIT 060953Z 08007KT 10SM FEW250 M03/M11 A3053 RMK AO2 SLP343 T10331111 $,null
LIT,2024-12-06 10:53,25,12,57.23,80,7,0,30.53,1034.4,10,null,FEW,null,null,null,25000,null,null,null,null,null,null,null,null,null,null,16.25,KLIT 061053Z 08007KT 10SM FEW250 M04/M11 A3053 RMK AO2 SLP344 T10391111 $,null
LIT,2024-12-06 11:53,24,12,59.67,70,6,0,30.55,1034.8,10,null,FEW,null,null,null,25000,null,null,null,null,null,null,null,null,null,null,15.9,KLIT 061153Z 07006KT 10SM FEW250 M04/M11 A3055 RMK AO2 SLP348 T10441111 11017 21044 53008 $,null
LIT,2024-12-06 12:53,23,13,65.03,70,7,0,30.55,1034.8,10,null,CLR,null,null,null,null,null,null,null,null,null,null,null,null,null,null,13.81,KLIT 061253Z 07007KT 10SM CLR M05/M11 A3055 RMK AO2 SLP348 T10501106 $,null
LIT,2024-12-06 13:53,26,12,54.9,60,4,0,30.57,1035.6,10,null,CLR,null,null,null,null,null,null,null,null,null,null,null,null,null,null,20.41,KLIT 061353Z 06004KT 10SM CLR M03/M11 A3057 RMK AO2 SLP356 T10331111 $,null
LIT,2024-12-06 14:53,28,12,50.56,100,5,0,30.58,1035.9,10,null,CLR,null,null,null,null,null,null,null,null,null,null,null,null,null,null,21.64,KLIT 061453Z 10005KT 10SM CLR M02/M11 A3058 RMK AO2 SLP359 T10221111 53010 $,null
LIT,2024-12-06 15:53,30,12,46.59,80,4,0,30.59,1036.2,10,null,CLR,null,null,null,null,null,null,null,null,null,null,null,null,null,null,25.08,KLIT 061553Z COR 08004KT 10SM CLR M01/M11 A3059 RMK AO2 SLP362 T10111111 RVRNO $,null
LIT,2024-12-06 16:53,32,13,44.9,0,0,0,30.57,1035.5,10,null,CLR,null,null,null,null,null,null,null,null,null,null,null,null,null,null,32,KLIT 061653Z 00000KT 10SM CLR 00/M11 A3057 RMK AO2 SLP355 T00001106 $,null
LIT,2024-12-06 17:53,35,13,39.82,0,0,0,30.53,1034.3,10,null,CLR,null,null,null,null,null,null,null,null,null,null,null,null,null,null,35,KLIT 061753Z 00000KT 10SM CLR 02/M11 A3053 RMK AO2 SLP343 T00171106 10022 21050 58016 $,null
LIT,2024-12-06 18:53,39,14,35.54,100,4,0,30.49,1032.9,10,null,CLR,null,null,null,null,null,null,null,null,null,null,null,null,null,null,35.59,KLIT 061853Z COR 10004KT 10SM 04/M10 A3049 RMK AO2 SLP329 T00391100 RVRNO $,null
LIT,2024-12-06 19:53,39,13,34.01,null,3,0,30.46,1032,10,null,CLR,null,null,null,null,null,null,null,null,null,null,null,null,null,null,36.69,KLIT 061953Z VRB03KT 10SM CLR 04/M11 A3046 RMK AO2 SLP320 T00391106 $,null
LIT,2024-12-06 20:53,41,14,32.88,null,4,0,30.44,1031.4,10,null,CLR,null,null,null,null,null,null,null,null,null,null,null,null,null,null,37.93,KLIT 062053Z VRB04KT 10SM CLR 05/M10 A3044 RMK AO2 SLP314 T00501100 56029 $,null
LIT,2024-12-06 21:53,41,14,32.88,140,4,0,30.44,1031.1,10,null,FEW,null,null,null,25000,null,null,null,null,null,null,null,null,null,null,37.93,KLIT 062153Z 14004KT 10SM FEW250 05/M10 A3044 RMK AO2 SLP311 T00501100 $,null
LIT,2024-12-06 22:53,39,17,40.5,160,5,0,30.43,1031,10,null,FEW,null,null,null,10000,null,null,null,null,null,null,null,null,null,null,34.71,KLIT 062253Z 16005KT 10SM FEW100 04/M08 A3043 RMK AO2 SLP310 T00391083 $,null
LIT,2024-12-06 23:53,37,18,45.73,0,0,0,30.43,1030.8,10,null,FEW,null,null,null,25000,null,null,null,null,null,null,null,null,null,null,37,KLIT 062353Z 00000KT 10SM FEW250 03/M08 A3043 RMK AO2 SLP308 T00281078 10050 20017 56006 $,null
LIT,2024-12-07 0:53,34,20,56.12,130,3,0,30.41,1030.5,10,null,FEW,null,null,null,25000,null,null,null,null,null,null,null,null,null,null,30.97,KLIT 070053Z 13003KT 10SM FEW250 01/M07 A3041 RMK AO2 SLP305 T00111067 $,null
LIT,2024-12-07 1:53,34,20,56.12,0,0,0,30.41,1030.2,10,null,FEW,null,null,null,25000,null,null,null,null,null,null,null,null,null,null,34,KLIT 070153Z 00000KT 10SM FEW250 01/M07 A3041 RMK AO2 SLP302 T00111067 $,null
LIT,2024-12-07 2:53,33,18,53.62,0,0,0,30.41,1030.4,10,null,FEW,null,null,null,25000,null,null,null,null,null,null,null,null,null,null,33,KLIT 070253Z 00000KT 10SM FEW250 01/M08 A3041 RMK AO2 SLP304 T00061078 55004 $,null
LIT,2024-12-07 3:53,32,21,63.45,0,0,0,30.41,1030.1,10,null,SCT,null,null,null,25000,null,null,null,null,null,null,null,null,null,null,32,KLIT 070353Z 00000KT 10SM SCT250 00/M06 A3041 RMK AO2 SLP301 T00001061 $,null
LIT,2024-12-07 4:53,30,21,68.81,0,0,0,30.41,1030.3,10,null,SCT,null,null,null,25000,null,null,null,null,null,null,null,null,null,null,30,KLIT 070453Z 00000KT 10SM SCT250 M01/M06 A3041 RMK AO2 SLP303 T10111061 $,null
LIT,2024-12-07 5:53,31,22,68.92,260,3,0,30.41,1030.3,10,null,BKN,null,null,null,25000,null,null,null,null,null,null,null,null,null,null,27.55,KLIT 070553Z 26003KT 10SM BKN250 M01/M06 A3041 RMK AO2 SLP303 T10061056 10028 21017 400501050 55000 $,null
LIT,2024-12-07 6:53,32,22,66.2,260,6,0,30.4,1029.7,10,null,BKN,null,null,null,25000,null,null,null,null,null,null,null,null,null,null,25.53,KLIT 070653Z 26006KT 10SM BKN250 00/M06 A3040 RMK AO2 SLP297 T00001056 $,null
LIT,2024-12-07 7:53,32,21,63.45,0,0,0,30.4,1029.9,10,null,BKN,null,null,null,25000,null,null,null,null,null,null,null,null,null,null,32,KLIT 070753Z 00000KT 10SM BKN250 00/M06 A3040 RMK AO2 SLP299 T00001061 $,null
LIT,2024-12-07 8:53,31,21,66.07,260,5,0,30.4,1030.1,10,null,BKN,null,null,null,25000,null,null,null,null,null,null,null,null,null,null,25.21,KLIT 070853Z 26005KT 10SM BKN250 M01/M06 A3040 RMK AO2 SLP301 T10061061 55003 $,null
LIT,2024-12-07 9:53,34,19,53.77,0,0,0,30.4,1029.7,10,null,BKN,null,null,null,25000,null,null,null,null,null,null,null,null,null,null,34,KLIT 070953Z 00000KT 10SM BKN250 01/M07 A3040 RMK AO2 SLP297 T00111072 $,null
LIT,2024-12-07 10:53,35,20,53.93,250,7,0,30.39,1029.6,10,null,BKN,null,null,null,25000,null,null,null,null,null,null,null,null,null,null,28.44,KLIT 071053Z 25007KT 10SM BKN250 02/M07 A3039 RMK AO2 SLP296 T00171067 $,null
LIT,2024-12-07 11:53,34,23,63.72,0,0,0,30.38,1029.3,10,null,BKN,null,null,null,25000,null,null,null,null,null,null,null,null,null,null,34,KLIT 071153Z 00000KT 10SM BKN250 01/M05 A3038 RMK AO2 SLP293 T00111050 10022 21011 56007 $,null
LIT,2024-12-07 12:53,36,22,56.42,250,4,0,30.4,1030,10,null,BKN,null,null,null,14000,null,null,null,null,null,null,null,null,null,null,32.09,KLIT 071253Z 25004KT 10SM BKN140 02/M06 A3040 RMK AO2 SLP300 T00221056 $,null
LIT,2024-12-07 13:53,36,23,58.85,0,0,0,30.39,1029.7,10,null,BKN,null,null,null,10000,null,null,null,null,null,null,null,null,null,null,36,KLIT 071353Z 00000KT 10SM BKN100 02/M05 A3039 RMK AO2 SLP297 T00221050 $,null
LIT,2024-12-07 14:53,40,23,50.3,230,7,0,30.39,1029.6,10,null,OVC,null,null,null,10000,null,null,null,null,null,null,null,null,null,null,34.53,KLIT 071453Z 23007KT 10SM OVC100 04/M05 A3039 RMK AO2 SLP296 T00441050 50003 $,null
LIT,2024-12-07 15:53,46,23,39.96,250,6,0,30.39,1029.6,10,null,FEW,null,null,null,10000,null,null,null,null,null,null,null,null,null,null,42.39,KLIT 071553Z COR 25006KT 10SM FEW100 08/M05 A3039 RMK AO2 SLP296 T00781050 $,null
LIT,2024-12-07 16:53,50,22,32.97,270,4,0,30.37,1028.8,10,null,FEW,null,null,null,12000,null,null,null,null,null,null,null,null,null,null,50,KLIT 071653Z 27004KT 10SM FEW120 10/M06 A3037 RMK AO2 SLP288 T01001056 $,null
LIT,2024-12-07 17:53,55,21,26.29,240,4,0,30.33,1027.4,10,null,FEW,null,null,null,12000,null,null,null,null,null,null,null,null,null,null,55,KLIT 071753Z 24004KT 10SM FEW120 13/M06 A3033 RMK AO2 SLP274 T01281061 10128 20011 58021 $,null
LIT,2024-12-07 18:53,59,24,25.82,240,6,0,30.29,1025.9,10,null,FEW,null,null,null,25000,null,null,null,null,null,null,null,null,null,null,59,KLIT 071853Z 24006KT 10SM FEW250 15/M04 A3029 RMK AO2 SLP259 T01501044 $,null
LIT,2024-12-07 19:53,60,24,24.92,230,10,0,30.26,1024.9,10,null,FEW,null,null,null,25000,null,null,null,null,null,null,null,null,null,null,60,KLIT 071953Z 23010KT 10SM FEW250 16/M04 A3026 RMK AO2 SLP249 T01561044 $,null
LIT,2024-12-07 20:53,61,23,23.06,240,9,0,30.22,1023.7,10,null,FEW,null,null,null,25000,null,null,null,null,null,null,null,null,null,null,61,KLIT 072053Z 24009KT 10SM FEW250 16/M05 A3022 RMK AO2 SLP237 T01611050 56036 $,null
LIT,2024-12-07 21:53,60,26,27.08,240,9,0,30.23,1024,10,null,FEW,null,null,null,25000,null,null,null,null,null,null,null,null,null,null,60,KLIT 072153Z 24009KT 10SM FEW250 16/M03 A3023 RMK AO2 SLP240 T01561033 $,null
LIT,2024-12-07 22:53,56,27,32.59,210,7,0,30.23,1024,10,null,SCT,null,null,null,25000,null,null,null,null,null,null,null,null,null,null,56,KLIT 072253Z 21007KT 10SM SCT250 13/M03 A3023 RMK AO2 SLP240 T01331028 $,null
LIT,2024-12-07 23:53,53,28,37.88,210,6,0,30.23,1023.9,10,null,SCT,null,null,null,25000,null,null,null,null,null,null,null,null,null,null,53,KLIT 072353Z 21006KT 10SM SCT250 12/M02 A3023 RMK AO2 SLP239 T01171022 10161 20117 50002 $,null
LIT,2024-12-08 0:53,55,29,36.69,230,8,0,30.24,1024.3,10,null,OVC,null,null,null,4700,null,null,null,null,null,null,null,null,null,null,55,KLIT 080053Z 23008KT 10SM OVC047 13/M02 A3024 RMK AO2 SLP243 T01281017 $,null
LIT,2024-12-08 1:53,55,29,36.69,240,7,0,30.24,1024.5,10,null,OVC,null,null,null,4700,null,null,null,null,null,null,null,null,null,null,55,KLIT 080153Z 24007KT 10SM OVC047 13/M02 A3024 RMK AO2 SLP245 T01281017 $,null
LIT,2024-12-08 2:53,53,30,41.11,230,7,0,30.22,1023.8,10,null,SCT,null,null,null,4400,null,null,null,null,null,null,null,null,null,null,53,KLIT 080253Z 23007KT 10SM SCT044 12/M01 A3022 RMK AO2 SLP238 T01171011 58001 $,null
LIT,2024-12-08 3:53,50,31,47.83,220,5,0,30.2,1023,10,null,FEW,BKN,null,null,12000,16000,null,null,null,null,null,null,null,null,null,50,KLIT 080353Z 22005KT 10SM FEW120 BKN160 10/M01 A3020 RMK AO2 SLP230 T01001006 $,null
LIT,2024-12-08 4:53,50,32,49.81,230,6,0,30.19,1022.6,10,null,FEW,BKN,null,null,9500,16000,null,null,null,null,null,null,null,null,null,50,KLIT 080453Z 23006KT 10SM FEW095 BKN160 10/00 A3019 RMK AO2 SLP226 T01000000 $,null
LIT,2024-12-08 5:53,49,32,51.7,230,5,0,30.19,1022.7,10,null,BKN,null,null,null,11000,null,null,null,null,null,null,null,null,null,null,46.58,KLIT 080553Z 23005KT 10SM BKN110 09/00 A3019 RMK AO2 SLP227 T00940000 10128 20094 401611011 55010 $,null
LIT,2024-12-08 6:53,49,32,51.7,260,6,0,30.19,1022.6,10,null,OVC,null,null,null,4600,null,null,null,null,null,null,null,null,null,null,46,KLIT 080653Z 26006KT 10SM OVC046 09/00 A3019 RMK AO2 SLP226 T00940000 $,null
LIT,2024-12-08 7:53,49,33,53.82,240,4,0,30.18,1022.3,10,null,BKN,OVC,null,null,2700,3200,null,null,null,null,null,null,null,null,null,47.27,KLIT 080753Z 24004KT 10SM BKN027 OVC032 09/01 A3018 RMK AO2 SLP223 T00940006 $,null
LIT,2024-12-08 8:53,48,33,55.87,230,6,0,30.19,1022.4,10,null,OVC,null,null,null,2300,null,null,null,null,null,null,null,null,null,null,44.8,KLIT 080853Z 23006KT 10SM OVC023 09/01 A3019 RMK AO2 SLP224 T00890006 55003 $,null
LIT,2024-12-08 9:53,44,38,79.27,230,3,0.02,30.18,1022.3,10,null,OVC,null,null,null,1900,null,null,null,#NAME?,null,null,null,null,null,null,42.41,KLIT 080953Z 23003KT 10SM -RA OVC019 07/03 A3018 RMK AO2 RAB04 SLP223 P0002 T00670033 $,null
LIT,2024-12-08 10:53,43,40,89.06,210,3,T,30.17,1021.7,10,null,OVC,null,null,null,1600,null,null,null,#NAME?,null,null,null,null,null,null,41.26,KLIT 081053Z 21003KT 10SM -RA OVC016 06/04 A3017 RMK AO2 SLP217 P0000 T00610044 $,null
LIT,2024-12-08 10:59,43,40,89.06,190,4,T,30.16,null,10,null,OVC,null,null,null,1400,null,null,null,#NAME?,null,null,null,null,null,null,40.27,KLIT 081059Z 19004KT 10SM -RA OVC014 06/04 A3016 RMK AO2 P0000 T00610044 $,null
LIT,2024-12-08 11:53,43,41,92.58,200,4,0.01,30.16,1021.6,10,null,BKN,OVC,null,null,900,1400,null,null,#NAME?,null,null,null,null,null,null,40.27,KLIT 081153Z 20004KT 10SM -RA BKN009 OVC014 06/05 A3016 RMK AO2 SLP216 P0001 60003 70003 T00610050 10094 20061 58008 $,null
LIT,2024-12-08 12:05,43,41,92.58,0,0,T,30.15,null,10,null,FEW,OVC,null,null,600,1100,null,null,#NAME?,null,null,null,null,null,null,43,KLIT 081205Z 00000KT 10SM -RA FEW006 OVC011 06/05 A3015 RMK AO2 P0000 T00610050 $,null
LIT,2024-12-08 12:24,43,41,92.58,180,3,T,30.15,null,10,null,FEW,SCT,OVC,null,600,1200,1800,null,#NAME?,null,null,null,null,null,null,41.26,KLIT 081224Z 18003KT 10SM -RA FEW006 SCT012 OVC018 06/05 A3015 RMK AO2 P0000 T00610050 $,null
LIT,2024-12-08 12:53,43,41,92.58,0,0,0.01,30.15,1021.1,10,null,OVC,null,null,null,2000,null,null,null,#NAME?,null,null,null,null,null,null,43,KLIT 081253Z 00000KT 10SM -RA OVC020 06/05 A3015 RMK AO2 SLP211 P0001 T00610050 $,null
LIT,2024-12-08 13:13,43,41,92.58,180,3,T,30.15,null,10,null,FEW,OVC,null,null,500,2000,null,null,#NAME?,null,null,null,null,null,null,41.26,KLIT 081313Z 18003KT 10SM -RA FEW005 OVC020 06/05 A3015 RMK AO2 P0000 T00610050 $,null
LIT,2024-12-08 13:53,43,41,92.58,150,4,T,30.13,1020.5,10,null,FEW,BKN,OVC,null,600,1800,2300,null,#NAME?,null,null,null,null,null,null,40.27,KLIT 081353Z 15004KT 10SM -RA FEW006 BKN018 OVC023 06/05 A3013 RMK AO2 SLP205 P0000 T00610050 $,null
LIT,2024-12-08 14:04,44,42,92.61,180,4,T,30.13,null,10,null,FEW,BKN,OVC,null,500,1400,1900,null,#NAME?,null,null,null,null,null,null,41.43,KLIT 081404Z 18004KT 10SM -RA FEW005 BKN014 OVC019 07/06 A3013 RMK AO2 P0000 T00670056 $,null
LIT,2024-12-08 14:36,44,42,92.61,180,3,T,30.14,null,10,null,BKN,OVC,null,null,500,1200,null,null,#NAME?,null,null,null,null,null,null,42.41,KLIT 081436Z 18003KT 10SM -RA BKN005 OVC012 07/06 A3014 RMK AO2 CIG 004V008 P0000 T00670056 $,null
LIT,2024-12-08 14:53,44,42,92.61,170,4,T,30.13,1020.5,10,null,BKN,OVC,null,null,500,1100,null,null,#NAME?,null,null,null,null,null,null,41.43,KLIT 081453Z 17004KT 10SM -RA BKN005 OVC011 07/06 A3013 RMK AO2 CIG 004V008 SLP205 P0000 60001 T00670056 56010 $,null
LIT,2024-12-08 15:25,44,43,96.24,160,4,T,30.13,null,10,null,FEW,OVC,null,null,800,1300,null,null,#NAME?,null,null,null,null,null,null,41.43,KLIT 081525Z 16004KT 10SM -RA FEW008 OVC013 07/06 A3013 RMK AO2 P0000 T00670061 $,null
LIT,2024-12-08 15:53,45,43,92.65,180,5,T,30.13,1020.5,10,null,OVC,null,null,null,1300,null,null,null,#NAME?,null,null,null,null,null,null,41.83,KLIT 081553Z 18005KT 10SM -RA OVC013 07/06 A3013 RMK AO2 SLP205 P0000 T00720061 $,null
LIT,2024-12-08 16:45,45,42,89.15,200,6,T,30.12,null,10,null,OVC,null,null,null,900,null,null,null,null,null,null,null,null,null,null,41.19,KLIT 081645Z 20006KT 10SM OVC009 07/06 A3012 RMK AO2 RAE00 P0000 T00720056 $,null
LIT,2024-12-08 16:53,45,42,89.15,180,5,T,30.1,1019.5,10,null,OVC,null,null,null,900,null,null,null,null,null,null,null,null,null,null,41.83,KLIT 081653Z 18005KT 10SM OVC009 07/06 A3010 RMK AO2 RAE00 SLP195 P0000 T00720056 $,null
LIT,2024-12-08 17:53,45,44,96.26,190,4,0,30.05,1018.1,8,null,OVC,null,null,null,600,null,null,null,null,null,null,null,null,null,null,42.6,KLIT 081753Z 19004KT 8SM OVC006 07/07 A3005 RMK AO2 SLP181 60001 T00720067 10078 20061 58025 $,null
LIT,2024-12-08 18:09,45,44,96.26,190,3,0,30.04,null,3,null,OVC,null,null,null,400,null,null,null,BR,null,null,null,null,null,null,43.55,KLIT 081809Z 19003KT 3SM BR OVC004 07/07 A3004 RMK AO2 T00720067 $,null
LIT,2024-12-08 18:38,46,44,92.68,170,4,0,30.01,null,0.5,null,VV ,null,null,null,300,null,null,null,FG,null,null,null,null,null,null,43.77,KLIT 081838Z 17004KT 1/2SM FG VV003 08/07 A3001 RMK AO2 PRESFR T00780067 RVRNO $,null
LIT,2024-12-08 18:53,46,45,96.28,190,4,0,30.01,1016.4,0.5,null,VV ,null,null,null,300,null,null,null,FG,null,null,null,null,null,null,43.77,KLIT 081853Z 19004KT 1/2SM FG VV003 08/07 A3001 RMK AO2 SLP164 T00780072 RVRNO $,null
LIT,2024-12-08 19:53,47,46,96.29,200,4,0.01,29.97,1015.1,0.5,null,VV ,null,null,null,300,null,null,null,#NAME?,null,null,null,null,null,null,44.94,KLIT 081953Z 20004KT 1/2SM -RA FG VV003 08/08 A2997 RMK AO2 RAB25 SLP151 P0001 T00830078 RVRNO $,null
LIT,2024-12-08 20:41,48,46,92.74,160,5,0.02,29.94,null,6,null,VV ,null,null,null,300,null,null,null,#NAME?,null,null,null,null,null,null,45.4,KLIT 082041Z 16005KT 6SM -RA FG VV003 09/08 A2994 RMK AO2 P0002 T00890078 $,null
LIT,2024-12-08 20:53,48,46,92.74,170,3,0.03,29.94,1013.9,6,null,VV ,null,null,null,300,null,null,null,#NAME?,null,null,null,null,null,null,46.98,KLIT 082053Z 17003KT 6SM -RA FG VV003 09/08 A2994 RMK AO2 SLP139 P0003 60004 T00890078 56040 $,null
LIT,2024-12-08 21:53,48,47,96.31,180,4,0.02,29.91,1013.3,3,null,OVC,null,null,null,400,null,null,null,#NAME?,null,null,null,null,null,null,46.1,KLIT 082153Z 18004KT 3SM -RA BR OVC004 09/08 A2991 RMK AO2 SLP133 P0002 T00890083 $,null
LIT,2024-12-08 22:28,48,48,100,200,3,0.03,29.91,null,1,null,OVC,null,null,null,300,null,null,null,RA BR,null,null,null,null,null,null,46.98,KLIT 082228Z 20003KT 1SM RA BR OVC003 09/09 A2991 RMK AO2 P0003 T00890089 RVRNO $,null
LIT,2024-12-08 22:53,49,48,96.32,210,3,0.07,29.89,1012.5,2,null,OVC,null,null,null,400,null,null,null,RA BR,null,null,null,null,null,null,48.12,KLIT 082253Z 21003KT 2SM RA BR OVC004 09/09 A2989 RMK AO2 SLP125 P0007 T00940089 $,null
LIT,2024-12-08 23:53,50,49,96.34,180,3,0.03,29.87,1011.9,2,null,OVC,null,null,null,400,null,null,null,#NAME?,null,null,null,null,null,null,50,KLIT 082353Z 18003KT 2SM -RA BR OVC004 10/09 A2987 RMK AO2 SLP119 P0003 60016 T01000094 10100 20072 56021 $,null
LIT,2024-12-09 0:53,50,49,96.34,320,5,0.01,29.88,1012.2,3,null,OVC,null,null,null,400,null,null,null,BR,null,null,null,null,null,null,50,KLIT 090053Z 32005KT 3SM BR OVC004 10/09 A2988 RMK AO2 RAE27 SLP122 P0001 T01000094 $,null
LIT,2024-12-09 1:53,50,49,96.34,310,5,0,29.88,1012.1,1,null,OVC,null,null,null,200,null,null,null,BR,null,null,null,null,null,null,50,KLIT 090153Z 31005KT 1SM BR OVC002 10/09 A2988 RMK AO2 SLP121 T01000094 RVRNO $,null
LIT,2024-12-09 2:30,50,49,96.34,310,5,0,29.87,null,0.5,null,VV ,null,null,null,200,null,null,null,FG,null,null,null,null,null,null,50,KLIT 090230Z 31005KT 1/2SM FG VV002 10/09 A2987 RMK AO2 T01000094 RVRNO $,null
LIT,2024-12-09 2:53,50,49,96.34,250,3,0,29.87,1011.7,0.25,null,VV ,null,null,null,200,null,null,null,FG,null,null,null,null,null,null,50,KLIT 090253Z 25003KT 1/4SM FG VV002 10/09 A2987 RMK AO2 SLP117 60001 T01000094 58002 RVRNO $,null
LIT,2024-12-09 3:53,50,49,96.34,250,4,0,29.86,1011.3,0.25,null,VV ,null,null,null,300,null,null,null,FG,null,null,null,null,null,null,50,KLIT 090353Z 25004KT 1/4SM FG VV003 10/09 A2986 RMK AO2 SLP113 T01000094 RVRNO $,null
LIT,2024-12-09 4:13,50,50,100,0,0,0,29.86,null,0.5,null,OVC,null,null,null,300,null,null,null,FG,null,null,null,null,null,null,50,KLIT 090413Z 00000KT 1/2SM FG OVC003 10/10 A2986 RMK AO2 T01000100 RVRNO $,null
LIT,2024-12-09 4:46,52,51,96.37,260,5,0,29.86,null,1,null,OVC,null,null,null,300,null,null,null,BR,null,null,null,null,null,null,52,KLIT 090446Z 26005KT 1SM BR OVC003 11/11 A2986 RMK AO2 T01110106 RVRNO $,null
LIT,2024-12-09 4:53,52,51,96.37,270,4,0,29.86,1011.4,1,null,OVC,null,null,null,300,null,null,null,BR,null,null,null,null,null,null,52,KLIT 090453Z 27004KT 1SM BR OVC003 11/11 A2986 RMK AO2 SLP114 T01110106 RVRNO $,null
LIT,2024-12-09 5:51,51.8,51.8,100,290,5,0,29.88,null,3,null,OVC,null,null,null,400,null,null,null,BR,null,null,null,null,null,null,51.8,KLIT 090551Z 29005KT 3SM BR OVC004 11/11 A2988 RMK AO2 $,null
LIT,2024-12-09 5:53,52,52,100,290,5,0,29.88,1012.2,3,null,OVC,null,null,null,400,null,null,null,BR,null,null,null,null,null,null,52,KLIT 090553Z 29005KT 3SM BR OVC004 11/11 A2988 RMK AO2 SLP122 60001 T01110111 10111 20100 401110061 51008 $,null
LIT,2024-12-09 6:00,53,52,96.39,290,5,0,29.89,null,3,null,OVC,null,null,null,500,null,null,null,BR,null,null,null,null,null,null,53,KLIT 090600Z 29005KT 3SM BR OVC005 12/11 A2989 RMK AO2 T01170111 $,null
LIT,2024-12-09 6:33,52,52,100,270,3,0,29.88,null,3,null,BKN,OVC,null,null,1000,2600,null,null,BR,null,null,null,null,null,null,52,KLIT 090633Z 27003KT 3SM BR BKN010 OVC026 11/11 A2988 RMK AO2 CIG 006V012 T01110111 $,null
LIT,2024-12-09 6:44,52,52,100,0,0,0,29.87,null,3,null,SCT,OVC,null,null,1000,2600,null,null,BR,null,null,null,null,null,null,52,KLIT 090644Z 00000KT 3SM BR SCT010 OVC026 11/11 A2987 RMK AO2 T01110111 $,null
LIT,2024-12-09 6:53,52,51,96.37,300,3,0,29.87,1011.6,5,null,FEW,BKN,null,null,1000,2500,null,null,BR,null,null,null,null,null,null,52,KLIT 090653Z 30003KT 5SM BR FEW010 BKN025 11/11 A2987 RMK AO2 SLP116 T01110106 $,null
LIT,2024-12-09 7:53,53,52,96.39,0,0,0,29.87,1011.8,5,null,OVC,null,null,null,1600,null,null,null,BR,null,null,null,null,null,null,53,KLIT 090753Z 00000KT 5SM BR OVC016 12/11 A2987 RMK AO2 SLP118 T01170111 $,null
LIT,2024-12-09 8:05,52,51,96.37,0,0,0,29.87,null,5,null,OVC,null,null,null,1400,null,null,null,BR,null,null,null,null,null,null,52,KLIT 090805Z 00000KT 5SM BR OVC014 11/11 A2987 RMK AO2 T01110106 $,null
LIT,2024-12-09 8:53,53,51,92.89,280,5,0,29.88,1012,5,null,OVC,null,null,null,1400,null,null,null,BR,null,null,null,null,null,null,53,KLIT 090853Z 28005KT 5SM BR OVC014 12/11 A2988 RMK AO2 SLP120 T01170106 55002 $,null
LIT,2024-12-09 9:06,53,51,92.89,280,6,0,29.88,null,5,null,OVC,null,null,null,1500,null,null,null,BR,null,null,null,null,null,null,53,KLIT 090906Z 28006KT 5SM BR OVC015 12/11 A2988 RMK AO2 T01170106 $,null
LIT,2024-12-09 9:53,53,50,89.51,290,3,0,29.88,1012,7,null,OVC,null,null,null,1600,null,null,null,null,null,null,null,null,null,null,53,KLIT 090953Z 29003KT 7SM OVC016 12/10 A2988 RMK AO2 SLP120 T01170100 $,null
LIT,2024-12-09 10:42,53,50,89.51,0,0,0,29.89,null,7,null,OVC,null,null,null,1400,null,null,null,null,null,null,null,null,null,null,53,KLIT 091042Z 00000KT 7SM OVC014 12/10 A2989 RMK AO2 T01170100 $,null
LIT,2024-12-09 10:53,53,51,92.89,0,0,0,29.89,1012.4,7,null,OVC,null,null,null,1400,null,null,null,null,null,null,null,null,null,null,53,KLIT 091053Z 00000KT 7SM OVC014 12/11 A2989 RMK AO2 SLP124 T01170106 $,null
LIT,2024-12-09 11:29,53,50,89.51,310,5,0,29.89,null,7,null,OVC,null,null,null,1500,null,null,null,null,null,null,null,null,null,null,53,KLIT 091129Z 31005KT 7SM OVC015 12/10 A2989 RMK AO2 T01170100 $,null
LIT,2024-12-09 11:53,53,50,89.51,300,6,0,29.91,1013,7,null,OVC,null,null,null,1600,null,null,null,null,null,null,null,null,null,null,53,KLIT 091153Z 30006KT 7SM OVC016 12/10 A2991 RMK AO2 SLP130 70018 T01170100 10122 20106 53010 $,null
LIT,2024-12-09 12:47,53.6,48.2,81.87,320,4,0,29.92,null,7,null,OVC,null,null,null,1400,null,null,null,null,null,null,null,null,null,null,53.6,KLIT 091247Z 32004KT 7SM OVC014 12/09 A2992 RMK AO2 $,null
LIT,2024-12-09 12:53,53,49,86.23,320,5,0,29.92,1013.4,7,null,OVC,null,null,null,1400,null,null,null,null,null,null,null,null,null,null,53,KLIT 091253Z 32005KT 7SM OVC014 12/09 A2992 RMK AO2 SLP134 T01170094 $,null
LIT,2024-12-09 13:34,53,50,89.51,340,3,0,29.92,null,7,null,OVC,null,null,null,1500,null,null,null,null,null,null,null,null,null,null,53,KLIT 091334Z 34003KT 7SM OVC015 12/10 A2992 RMK AO2 T01170100 $,null
LIT,2024-12-09 13:53,53,50,89.51,340,4,0,29.92,1013.4,7,null,OVC,null,null,null,1500,null,null,null,null,null,null,null,null,null,null,53,KLIT 091353Z 34004KT 7SM OVC015 12/10 A2992 RMK AO2 SLP134 T01170100 $,null
LIT,2024-12-09 14:53,54,50,86.29,30,4,0,29.92,1013.5,7,null,OVC,null,null,null,1800,null,null,null,null,null,null,null,null,null,null,54,KLIT 091453Z 03004KT 7SM OVC018 12/10 A2992 RMK AO2 SLP135 T01220100 53002 $,null
LIT,2024-12-09 15:53,55,50,83.2,50,3,0,29.93,1013.8,10,null,OVC,null,null,null,1900,null,null,null,null,null,null,null,null,null,null,55,KLIT 091553Z 05003KT 10SM OVC019 13/10 A2993 RMK AO2 SLP138 T01280100 $,null
LIT,2024-12-09 16:53,56,50,80.23,80,3,0,29.93,1013.7,10,null,OVC,null,null,null,1900,null,null,null,null,null,null,null,null,null,null,56,KLIT 091653Z 08003KT 10SM OVC019 13/10 A2993 RMK AO2 SLP137 T01330100 $,null
LIT,2024-12-09 17:53,57,51,80.31,null,null,0,29.88,1012.2,10,null,OVC,null,null,null,2300,null,null,null,null,null,null,null,null,null,null,57,KLIT 091753Z 10SM OVC023 14/11 A2988 RMK AO2 SLP122 T01390106 10139 20117 58013 $,null
LIT,2024-12-09 18:53,58,51,77.47,120,6,0,29.85,1011.1,10,null,FEW,OVC,null,null,1500,2300,null,null,null,null,null,null,null,null,null,58,KLIT 091853Z 12006KT 10SM FEW015 OVC023 14/11 A2985 RMK AO2 SLP111 T01440106 $,null
LIT,2024-12-09 19:53,58,51,77.47,130,5,0,29.83,1010.4,10,null,OVC,null,null,null,2100,null,null,null,null,null,null,null,null,null,null,58,KLIT 091953Z 13005KT 10SM OVC021 14/11 A2983 RMK AO2 SLP104 T01440106 $,null
LIT,2024-12-09 20:46,58,52,80.38,130,6,0,29.84,null,10,null,BKN,OVC,null,null,1400,2000,null,null,null,null,null,null,null,null,null,58,KLIT 092046Z 13006KT 10SM BKN014 OVC020 14/11 A2984 RMK AO2 T01440111 $,null
LIT,2024-12-09 20:53,58,52,80.38,130,6,0,29.84,1010.7,10,null,OVC,null,null,null,1400,null,null,null,null,null,null,null,null,null,null,58,KLIT 092053Z 13006KT 10SM OVC014 14/11 A2984 RMK AO2 SLP107 T01440111 55014 $,null
LIT,2024-12-09 21:53,58,53,83.39,110,6,0,29.85,1011,10,null,OVC,null,null,null,1500,null,null,null,null,null,null,null,null,null,null,58,KLIT 092153Z 11006KT 10SM OVC015 14/12 A2985 RMK AO2 SLP110 T01440117 $,null
LIT,2024-12-09 22:53,57,53,86.45,80,7,0,29.84,1010.8,10,null,OVC,null,null,null,2000,null,null,null,null,null,null,null,null,null,null,57,KLIT 092253Z 08007KT 10SM OVC020 14/12 A2984 RMK AO2 SLP108 T01390117 $,null
LIT,2024-12-09 23:24,57,52,83.33,90,9,0,29.83,null,10,null,BKN,null,null,null,3000,null,null,null,null,null,null,null,null,null,null,57,KLIT 092324Z 09009KT 10SM BKN030 14/11 A2983 RMK AO2 T01390111 $,null
LIT,2024-12-09 23:53,55,51,86.34,80,8,0,29.84,1010.5,10,null,BKN,null,null,null,3000,null,null,null,null,null,null,null,null,null,null,55,KLIT 092353Z 08008KT 10SM BKN030 13/11 A2984 RMK AO2 SLP105 T01280106 10150 20128 58002 $,null
LIT,2024-12-10 0:53,55,51,86.34,10,5,0,29.87,1011.5,10,null,BKN,BKN,null,null,2000,3000,null,null,null,null,null,null,null,null,null,55,KLIT 100053Z 01005KT 10SM BKN020 BKN030 13/11 A2987 RMK AO2 SLP115 T01280106 $,null
LIT,2024-12-10 1:53,54,50,86.29,70,5,0,29.86,1011.4,10,null,OVC,null,null,null,3500,null,null,null,null,null,null,null,null,null,null,54,KLIT 100153Z 07005KT 10SM OVC035 12/10 A2986 RMK AO2 SLP114 T01220100 $,null
LIT,2024-12-10 2:53,55,50,83.2,30,5,0,29.87,1011.8,10,null,OVC,null,null,null,1500,null,null,null,null,null,null,null,null,null,null,55,KLIT 100253Z 03005KT 10SM OVC015 13/10 A2987 RMK AO2 SLP118 T01280100 51013 $,null
LIT,2024-12-10 3:53,55,50,83.2,60,4,0,29.86,1011.2,10,null,OVC,null,null,null,1500,null,null,null,null,null,null,null,null,null,null,55,KLIT 100353Z 06004KT 10SM OVC015 13/10 A2986 RMK AO2 SLP112 T01280100 $,null
LIT,2024-12-10 4:01,55,50,83.2,40,4,0,29.86,null,10,null,OVC,null,null,null,1400,null,null,null,null,null,null,null,null,null,null,55,KLIT 100401Z 04004KT 10SM OVC014 13/10 A2986 RMK AO2 T01280100 $,null
LIT,2024-12-10 4:40,55,50,83.2,0,0,0,29.86,null,10,null,OVC,null,null,null,1500,null,null,null,null,null,null,null,null,null,null,55,KLIT 100440Z 00000KT 10SM OVC015 13/10 A2986 RMK AO2 T01280100 $,null
LIT,2024-12-10 4:53,54,50,86.29,30,4,0,29.86,1011.4,10,null,OVC,null,null,null,1500,null,null,null,null,null,null,null,null,null,null,54,KLIT 100453Z 03004KT 10SM OVC015 12/10 A2986 RMK AO2 SLP114 T01220100 $,null
LIT,2024-12-10 5:53,53,50,89.51,30,5,T,29.87,1011.7,10,null,OVC,null,null,null,1500,null,null,null,null,null,null,null,null,null,null,53,KLIT 100553Z 03005KT 10SM OVC015 12/10 A2987 RMK AO2 RAB20E33 SLP117 P0000 60000 T01170100 10133 20117 401500106 55001 $,null
LIT,2024-12-10 6:53,53,50,89.51,360,7,0,29.87,1011.7,10,null,OVC,null,null,null,1500,null,null,null,null,null,null,null,null,null,null,53,KLIT 100653Z 36007KT 10SM OVC015 12/10 A2987 RMK AO2 SLP117 T01170100 $,null
LIT,2024-12-10 7:53,53,50,89.51,360,5,0,29.89,1012.3,10,null,OVC,null,null,null,1700,null,null,null,null,null,null,null,null,null,null,53,KLIT 100753Z 36005KT 10SM OVC017 12/10 A2989 RMK AO2 SLP123 T01170100 $,null
LIT,2024-12-10 8:53,53,50,89.51,20,6,0,29.9,1012.6,10,null,OVC,null,null,null,1800,null,null,null,null,null,null,null,null,null,null,53,KLIT 100853Z 02006KT 10SM OVC018 12/10 A2990 RMK AO2 SLP126 T01170100 53008 $,null
LIT,2024-12-10 9:01,53,50,89.51,360,8,0,29.9,null,10,null,FEW,OVC,null,null,900,1800,null,null,null,null,null,null,null,null,null,53,KLIT 100901Z 36008KT 10SM FEW009 OVC018 12/10 A2990 RMK AO2 T01170100 $,null
LIT,2024-12-10 9:10,53,50,89.51,360,6,0,29.9,null,10,null,BKN,OVC,null,null,900,1700,null,null,null,null,null,null,null,null,null,53,KLIT 100910Z 36006KT 10SM BKN009 OVC017 12/10 A2990 RMK AO2 CIG 007V012 T01170100 $,null
LIT,2024-12-10 9:53,52,50,92.86,20,7,0,29.9,1012.8,7,null,BKN,OVC,null,null,1000,1800,null,null,null,null,null,null,null,null,null,52,KLIT 100953Z 02007KT 7SM BKN010 OVC018 11/10 A2990 RMK AO2 CIG 006V015 SLP128 T01110100 $,null
LIT,2024-12-10 9:56,52,50,92.86,30,8,0,29.9,null,7,null,BKN,OVC,null,null,800,1500,null,null,null,null,null,null,null,null,null,52,KLIT 100956Z 03008KT 7SM BKN008 OVC015 11/10 A2990 RMK AO2 CIG 006V010 T01110100 $,null
LIT,2024-12-10 10:00,52,50,92.86,10,6,0,29.9,null,7,null,SCT,OVC,null,null,800,1700,null,null,null,null,null,null,null,null,null,52,KLIT 101000Z 01006KT 7SM SCT008 OVC017 11/10 A2990 RMK AO2 T01110100 $,null
LIT,2024-12-10 10:53,52,50,92.86,360,5,0,29.91,1013.1,7,null,OVC,null,null,null,1800,null,null,null,null,null,null,null,null,null,null,52,KLIT 101053Z COR 36005KT 7SM OVC018 11/10 A2991 RMK AO2 SLP131 T01110100 $,null
LIT,2024-12-10 11:20,52,50,92.86,360,6,0,29.93,null,7,null,BKN,OVC,null,null,1200,1900,null,null,null,null,null,null,null,null,null,52,KLIT 101120Z 36006KT 7SM BKN012 OVC019 11/10 A2993 RMK AO2 T01110100 $,null
LIT,2024-12-10 11:24,52,50,92.86,360,5,0,29.93,null,7,null,BKN,OVC,null,null,1200,1900,null,null,null,null,null,null,null,null,null,52,KLIT 101124Z 36005KT 7SM BKN012 OVC019 11/10 A2993 RMK AO2 T01110100 $,null
LIT,2024-12-10 11:46,52,50,92.86,10,6,0,29.94,null,7,null,OVC,null,null,null,1500,null,null,null,null,null,null,null,null,null,null,52,KLIT 101146Z 01006KT 7SM OVC015 11/10 A2994 RMK AO2 CIG 009V019 T01110100 $,null
LIT,2024-12-10 11:53,52,50,92.86,10,5,0,29.94,1014.1,7,null,BKN,OVC,null,null,1200,1700,null,null,null,null,null,null,null,null,null,52,KLIT 101153Z 01005KT 7SM BKN012 OVC017 11/10 A2994 RMK AO2 SLP141 T01110100 10117 20111 53016 $,null
LIT,2024-12-10 11:57,52,50,92.86,10,5,0,29.94,null,7,null,OVC,null,null,null,1500,null,null,null,null,null,null,null,null,null,null,52,KLIT 101157Z 01005KT 7SM OVC015 11/10 A2994 RMK AO2 CIG 010V019 T01110100 $,null
LIT,2024-12-10 12:00,52,50,92.86,360,5,0,29.94,null,7,null,BKN,OVC,null,null,1300,1800,null,null,null,null,null,null,null,null,null,52,KLIT 101200Z 36005KT 7SM BKN013 OVC018 11/10 A2994 RMK AO2 T01110100 $,null
LIT,2024-12-10 12:04,52,50,92.86,10,5,0,29.95,null,7,null,OVC,null,null,null,1500,null,null,null,null,null,null,null,null,null,null,52,KLIT 101204Z 01005KT 7SM OVC015 11/10 A2995 RMK AO2 T01110100 $,null
LIT,2024-12-10 12:14,52,50,92.86,10,7,0,29.95,null,7,null,OVC,null,null,null,1300,null,null,null,null,null,null,null,null,null,null,52,KLIT 101214Z 01007KT 7SM OVC013 11/10 A2995 RMK AO2 T01110100 $,null
LIT,2024-12-10 12:45,52,50,92.86,10,5,0,29.96,null,7,null,FEW,SCT,OVC,null,1000,1400,2700,null,null,null,null,null,null,null,null,52,KLIT 101245Z 01005KT 7SM FEW010 SCT014 OVC027 11/10 A2996 RMK AO2 T01110100 $,null
LIT,2024-12-10 12:53,52,49,89.46,360,5,0,29.96,1014.8,7,null,FEW,OVC,null,null,1500,2900,null,null,null,null,null,null,null,null,null,52,KLIT 101253Z 36005KT 7SM FEW015 OVC029 11/09 A2996 RMK AO2 SLP148 T01110094 $,null
LIT,2024-12-10 13:53,52,48,86.17,360,6,0,29.97,1014.9,8,null,SCT,OVC,null,null,3700,5500,null,null,null,null,null,null,null,null,null,52,KLIT 101353Z 36006KT 8SM SCT037 OVC055 11/09 A2997 RMK AO2 SLP149 T01110089 $,null
LIT,2024-12-10 14:10,52,48,86.17,360,6,0,29.97,null,10,null,SCT,SCT,null,null,5500,25000,null,null,null,null,null,null,null,null,null,52,KLIT 101410Z 36006KT 10SM SCT055 SCT250 11/09 A2997 RMK AO2 T01110089 $,null
LIT,2024-12-10 14:53,54,47,77.12,350,9,0,29.99,1015.8,10,null,FEW,BKN,null,null,2000,5000,null,null,null,null,null,null,null,null,null,54,KLIT 101453Z 35009KT 10SM FEW020 BKN050 12/08 A2999 RMK AO2 SLP158 T01220083 53017 $,null
LIT,2024-12-10 15:53,54,45,71.5,20,9,0,30.02,1016.8,10,null,FEW,BKN,null,null,2300,5500,null,null,null,null,null,null,null,null,null,54,KLIT 101553Z 02009KT 10SM FEW023 BKN055 12/07 A3002 RMK AO2 SLP168 T01220072 $,null
LIT,2024-12-10 16:53,57,45,64.12,350,11,0,30.01,1016.6,10,null,SCT,BKN,null,null,2300,6000,null,null,null,null,null,null,null,null,null,57,KLIT 101653Z 35011KT 10SM SCT023 BKN060 14/07 A3001 RMK AO2 SLP166 T01390072 $,null
LIT,2024-12-10 17:53,56,43,61.59,360,13,0,30,1016.1,10,null,SCT,SCT,BKN,null,2600,6000,25000,null,null,null,null,null,null,null,null,56,KLIT 101753Z 36013KT 10SM SCT026 SCT060 BKN250 13/06 A3000 RMK AO2 SLP161 T01330061 10139 20111 50003 $,null
LIT,2024-12-10 18:53,57,39,50.88,350,11,0,29.98,1015.4,10,16,FEW,FEW,BKN,null,2500,6000,25000,null,null,null,null,null,null,null,null,57,KLIT 101853Z 35011G16KT 10SM FEW025 FEW060 BKN250 14/04 A2998 RMK AO2 SLP154 T01390039 $,null
LIT,2024-12-10 19:53,58,35,41.92,350,10,0,29.98,1015.4,10,20,FEW,BKN,null,null,5500,25000,null,null,null,null,null,null,null,null,null,58,KLIT 101953Z 35010G20KT 10SM FEW055 BKN250 14/02 A2998 RMK AO2 SLP154 T01440017,null
LIT,2024-12-10 20:53,56,34,43.3,360,13,0,29.98,1015.6,10,23,SCT,BKN,null,null,5500,25000,null,null,null,null,null,null,null,null,null,56,KLIT 102053Z 36013G23KT 10SM SCT055 BKN250 13/01 A2998 RMK AO2 SLP156 T01330011 55005,null
LIT,2024-12-10 21:53,54,33,44.74,10,12,0,30,1016.1,10,19,BKN,null,null,null,10000,null,null,null,null,null,null,null,null,null,null,54,KLIT 102153Z 01012G19KT 10SM BKN100 12/01 A3000 RMK AO2 SLP161 T01220006,null
LIT,2024-12-10 22:53,50,31,47.83,360,13,0,30.03,1017,10,null,BKN,null,null,null,10000,null,null,null,null,null,null,null,null,null,null,50,KLIT 102253Z 36013KT 10SM BKN100 10/M01 A3003 RMK AO2 SLP170 T01001006,null
LIT,2024-12-10 23:53,49,29,45.77,10,12,0,30.05,1017.9,10,null,BKN,null,null,null,10000,null,null,null,null,null,null,null,null,null,null,43.64,KLIT 102353Z 01012KT 10SM BKN100 09/M02 A3005 RMK AO2 SLP179 T00941017 10144 20094 53023,null
LIT,2024-12-11 0:53,48,26,42,350,13,0,30.09,1019.1,10,null,BKN,null,null,null,10000,null,null,null,null,null,null,null,null,null,null,42.07,KLIT 110053Z 35013KT 10SM BKN100 09/M03 A3009 RMK AO2 SLP191 T00891033,null
LIT,2024-12-11 1:53,47,25,41.83,360,12,0,30.12,1020.3,10,20,OVC,null,null,null,6500,null,null,null,null,null,null,null,null,null,null,41.09,KLIT 110153Z 36012G20KT 10SM OVC065 08/M04 A3012 RMK AO2 SLP203 T00831039,null
LIT,2024-12-11 2:53,43,32,64.88,10,7,T,30.16,1021.6,7,null,OVC,null,null,null,4000,null,null,null,#NAME?,null,null,null,null,null,null,38.19,KLIT 110253Z 01007KT 7SM -RA OVC040 06/00 A3016 RMK AO2 RAB33 SLP216 P0000 60000 T00610000 53037,null
LIT,2024-12-11 3:53,44,31,59.97,330,4,T,30.16,1021.6,10,null,OVC,null,null,null,7000,null,null,null,null,null,null,null,null,null,null,41.43,KLIT 110353Z 33004KT 10SM OVC070 07/M01 A3016 RMK AO2 RAE0254 SLP216 P0000 T00671006,null
LIT,2024-12-11 4:53,44,25,46.88,350,8,0,30.17,1021.8,10,null,BKN,null,null,null,12000,null,null,null,null,null,null,null,null,null,null,38.9,KLIT 110453Z 35008KT 10SM BKN120 07/M04 A3017 RMK AO2 SLP218 T00671039,null
LIT,2024-12-11 5:53,43,27,52.91,330,10,0,30.17,1021.9,10,null,BKN,null,null,null,12000,null,null,null,null,null,null,null,null,null,null,36.76,KLIT 110553Z 33010KT 10SM BKN120 06/M03 A3017 RMK AO2 SLP219 60000 T00611028 10089 20061 401440061 53002,null
LIT,2024-12-11 6:53,40,27,59.41,310,5,0,30.16,1021.7,10,null,CLR,null,null,null,null,null,null,null,null,null,null,null,null,null,null,35.9,KLIT 110653Z 31005KT 10SM CLR 04/M03 A3016 RMK AO2 SLP217 T00441028,null
LIT,2024-12-11 7:53,39,27,61.78,300,8,0,30.18,1022.1,10,null,CLR,null,null,null,null,null,null,null,null,null,null,null,null,null,null,32.74,KLIT 110753Z 30008KT 10SM CLR 04/M03 A3018 RMK AO2 SLP221 T00391028,null
LIT,2024-12-11 8:53,39,26,59.27,300,8,0,30.18,1022.2,10,null,CLR,null,null,null,null,null,null,null,null,null,null,null,null,null,null,32.74,KLIT 110853Z 30008KT 10SM CLR 04/M03 A3018 RMK AO2 SLP222 T00391033 53004,null
LIT,2024-12-11 9:53,36,27,69.51,280,5,0,30.18,1022.5,10,null,CLR,null,null,null,null,null,null,null,null,null,null,null,null,null,null,31.15,KLIT 110953Z 28005KT 10SM CLR 02/M03 A3018 RMK AO2 SLP225 T00221028,null
LIT,2024-12-11 10:53,34,27,75.26,270,9,0,30.19,1022.7,10,null,CLR,null,null,null,null,null,null,null,null,null,null,null,null,null,null,26,KLIT 111053Z 27009KT 10SM CLR 01/M03 A3019 RMK AO2 SLP227 T00111028,null
LIT,2024-12-11 11:53,34,27,75.26,280,5,0,30.2,1023,10,null,CLR,null,null,null,null,null,null,null,null,null,null,null,null,null,null,28.77,KLIT 111153Z 28005KT 10SM CLR 01/M03 A3020 RMK AO2 SLP230 T00111028 10061 20011 53007,null
LIT,2024-12-11 12:53,33,26,75.17,270,8,0,30.22,1023.7,10,null,CLR,null,null,null,null,null,null,null,null,null,null,null,null,null,null,25.34,KLIT 111253Z 27008KT 10SM CLR 01/M03 A3022 RMK AO2 SLP237 T00061033,null
LIT,2024-12-11 13:53,35,26,69.39,280,8,0,30.25,1024.6,10,null,FEW,null,null,null,25000,null,null,null,null,null,null,null,null,null,null,27.81,KLIT 111353Z 28008KT 10SM FEW250 02/M03 A3025 RMK AO2 SLP246 T00171033,null
LIT,2024-12-11 14:53,43,26,50.77,310,12,0,30.28,1025.7,10,null,CLR,null,null,null,null,null,null,null,null,null,null,null,null,null,null,36,KLIT 111453Z 31012KT 10SM CLR 06/M03 A3028 RMK AO2 SLP257 T00611033 53027 $,null
LIT,2024-12-11 15:53,46,25,43.44,320,13,0,30.3,1026.5,10,23,CLR,null,null,null,null,null,null,null,null,null,null,null,null,null,null,39.5,KLIT 111553Z 32013G23KT 10SM CLR 08/M04 A3030 RMK AO2 SLP265 T00781039 $,null
LIT,2024-12-11 16:53,48,23,37.06,310,14,0,30.3,1026.5,10,null,CLR,null,null,null,null,null,null,null,null,null,null,null,null,null,null,41.79,KLIT 111653Z 31014KT 10SM CLR 09/M05 A3030 RMK AO2 SLP265 T00891050 $,null
LIT,2024-12-11 17:53,49,23,35.69,330,15,0,30.28,1025.7,10,24,FEW,null,null,null,6000,null,null,null,null,null,null,null,31,320,2024-12-11 17:36,42.82,KLIT 111753Z 33015G24KT 10SM FEW060 09/M05 A3028 RMK AO2 PK WND 32031/1736 SLP257 T00941050 10094 20006 50000,null
LIT,2024-12-11 18:53,50,20,30.29,340,18,0,30.28,1025.5,10,25,FEW,null,null,null,7000,null,null,null,null,null,null,null,30,320,2024-12-11 18:26,50,KLIT 111853Z 34018G25KT 10SM FEW070 10/M07 A3028 RMK AO2 PK WND 32030/1826 SLP255 T01001067,null
LIT,2024-12-11 19:53,51,19,27.96,340,17,0,30.27,1025.5,10,28,FEW,null,null,null,7000,null,null,null,null,null,null,null,29,330,2024-12-11 18:55,51,KLIT 111953Z 34017G28KT 10SM FEW070 11/M07 A3027 RMK AO2 PK WND 33029/1855 SLP255 T01061072,null
LIT,2024-12-11 20:53,51,19,27.96,320,14,0,30.28,1025.7,10,null,CLR,null,null,null,null,null,null,null,null,null,null,null,28,340,2024-12-11 20:07,51,KLIT 112053Z 32014KT 10SM CLR 11/M07 A3028 RMK AO2 PK WND 34028/2007 SLP257 T01061072 53000,null
LIT,2024-12-11 21:53,50,17,26.63,320,13,0,30.29,1026.1,10,null,CLR,null,null,null,null,null,null,null,null,null,null,null,null,null,null,50,KLIT 112153Z 32013KT 10SM CLR 10/M08 A3029 RMK AO2 SLP261 T01001083,null
LIT,2024-12-11 22:53,48,18,29.96,320,11,0,30.31,1026.6,10,null,CLR,null,null,null,null,null,null,null,null,null,null,null,null,null,null,42.69,KLIT 112253Z 32011KT 10SM CLR 09/M08 A3031 RMK AO2 SLP266 T00891078,null
LIT,2024-12-11 23:53,44,19,36.39,300,5,0,30.33,1027.3,10,null,CLR,null,null,null,null,null,null,null,null,null,null,null,null,null,null,40.65,KLIT 112353Z 30005KT 10SM CLR 07/M07 A3033 RMK AO2 SLP273 T00671072 10106 20067 53015,null
LIT,2024-12-12 0:53,42,20,41,300,4,0,30.34,1027.9,10,null,CLR,null,null,null,null,null,null,null,null,null,null,null,null,null,null,39.1,KLIT 120053Z 30004KT 10SM CLR 06/M07 A3034 RMK AO2 SLP279 T00561067,null
LIT,2024-12-12 1:53,39,24,54.54,0,0,0,30.34,1028,10,null,CLR,null,null,null,null,null,null,null,null,null,null,null,null,null,null,39,KLIT 120153Z 00000KT 10SM CLR 04/M04 A3034 RMK AO2 SLP280 T00391044,null
LIT,2024-12-12 2:53,37,25,61.5,0,0,0,30.35,1028.1,10,null,CLR,null,null,null,null,null,null,null,null,null,null,null,null,null,null,37,KLIT 120253Z 00000KT 10SM CLR 03/M04 A3035 RMK AO2 SLP281 T00281039 51008,null
LIT,2024-12-12 3:53,34,26,72.22,250,4,0,30.36,1028.6,10,null,CLR,null,null,null,null,null,null,null,null,null,null,null,null,null,null,29.76,KLIT 120353Z 25004KT 10SM CLR 01/M03 A3036 RMK AO2 SLP286 T00111033,null
LIT,2024-12-12 4:53,34,26,72.22,0,0,0,30.38,1029,10,null,CLR,null,null,null,null,null,null,null,null,null,null,null,null,null,null,34,KLIT 120453Z 00000KT 10SM CLR 01/M03 A3038 RMK AO2 SLP290 T00111033,null
LIT,2024-12-12 5:53,31,25,78.16,210,3,0,30.38,1028.9,10,null,CLR,null,null,null,null,null,null,null,null,null,null,null,null,null,null,27.55,KLIT 120553Z 21003KT 10SM CLR M01/M04 A3038 RMK AO2 SLP289 T10061039 10072 21006 401061006 50008,null
LIT,2024-12-12 6:53,32,26,78.25,250,4,0,30.37,1028.9,10,null,CLR,null,null,null,null,null,null,null,null,null,null,null,null,null,null,27.42,KLIT 120653Z 25004KT 10SM CLR 00/M03 A3037 RMK AO2 SLP289 T00001033,null
LIT,2024-12-12 7:53,31,26,81.48,0,0,0,30.38,1029,9,null,CLR,null,null,null,null,null,null,null,null,null,null,null,null,null,null,31,KLIT 120753Z 00000KT 9SM CLR M01/M03 A3038 RMK AO2 SLP290 T10061033,null
LIT,2024-12-12 8:53,30,26,84.85,0,0,0,30.38,1029,10,null,CLR,null,null,null,null,null,null,null,null,null,null,null,null,null,null,30,KLIT 120853Z 00000KT 10SM CLR M01/M03 A3038 RMK AO2 SLP290 T10111033 53000,null
LIT,2024-12-12 9:53,31,26,81.48,0,0,0,30.38,1029,10,null,CLR,null,null,null,null,null,null,null,null,null,null,null,null,null,null,31,KLIT 120953Z 00000KT 10SM CLR M01/M03 A3038 RMK AO2 SLP290 T10061033,null
LIT,2024-12-12 10:53,30,24,78.07,0,0,0,30.38,1029.2,10,null,CLR,null,null,null,null,null,null,null,null,null,null,null,null,null,null,30,KLIT 121053Z 00000KT 10SM CLR M01/M04 A3038 RMK AO2 SLP292 T10111044,null
LIT,2024-12-12 11:53,30,25,81.4,0,0,0,30.39,1029.4,10,null,CLR,null,null,null,null,null,null,null,null,null,null,null,null,null,null,30,KLIT 121153Z 00000KT 10SM CLR M01/M04 A3039 RMK AO2 SLP294 T10111039 10006 21017 53004,null
LIT,2024-12-12 12:53,31,25,78.16,0,0,0,30.4,1029.7,10,null,CLR,null,null,null,null,null,null,null,null,null,null,null,null,null,null,31,KLIT 121253Z 00000KT 10SM CLR M01/M04 A3040 RMK AO2 SLP297 T10061039,null
LIT,2024-12-12 13:53,32,26,78.25,0,0,0,30.41,1030.3,10,null,FEW,null,null,null,25000,null,null,null,null,null,null,null,null,null,null,32,KLIT 121353Z 00000KT 10SM FEW250 00/M03 A3041 RMK AO2 SLP303 T00001033,null
LIT,2024-12-12 14:53,39,29,67.06,0,0,0,30.42,1030.6,10,null,BKN,null,null,null,25000,null,null,null,null,null,null,null,null,null,null,39,KLIT 121453Z 00000KT 10SM BKN250 04/M02 A3042 RMK AO2 SLP306 T00391017 53012,null
LIT,2024-12-12 15:53,47,29,49.34,220,9,0,30.43,1030.8,10,null,BKN,null,null,null,25000,null,null,null,null,null,null,null,null,null,null,42.17,KLIT 121553Z COR 22009KT 10SM BKN250 08/M02 A3043 RMK AO2 SLP308 T00831017,null
LIT,2024-12-12 16:53,51,28,40.78,230,12,0,30.41,1030.3,10,null,BKN,null,null,null,25000,null,null,null,null,null,null,null,null,null,null,51,KLIT 121653Z 23012KT 10SM BKN250 11/M02 A3041 RMK AO2 SLP303 T01061022,null
LIT,2024-12-12 17:53,53,30,41.11,230,13,0,30.38,1029.1,10,17,BKN,null,null,null,25000,null,null,null,null,null,null,null,null,null,null,53,KLIT 121753Z 23013G17KT 10SM BKN250 12/M01 A3038 RMK AO2 SLP291 T01171011 10117 21011 58015,null
LIT,2024-12-12 18:53,56,29,35.38,230,9,0,30.35,1028,10,null,BKN,null,null,null,25000,null,null,null,null,null,null,null,null,null,null,56,KLIT 121853Z 23009KT 10SM BKN250 13/M02 A3035 RMK AO2 SLP280 T01331017,null
LIT,2024-12-12 19:53,58,29,32.91,240,10,0,30.33,1027.2,10,null,BKN,null,null,null,25000,null,null,null,null,null,null,null,null,null,null,58,KLIT 121953Z 24010KT 10SM BKN250 14/M02 A3033 RMK AO2 SLP272 T01441017,null
LIT,2024-12-12 20:53,59,29,31.76,240,8,0,30.32,1026.9,10,null,BKN,null,null,null,25000,null,null,null,null,null,null,null,null,null,null,59,KLIT 122053Z 24008KT 10SM BKN250 15/M02 A3032 RMK AO2 SLP269 T01501017 56022,null
LIT,2024-12-12 21:53,58,28,31.59,230,8,0,30.31,1026.9,10,null,BKN,null,null,null,25000,null,null,null,null,null,null,null,null,null,null,58,KLIT 122153Z 23008KT 10SM BKN250 14/M02 A3031 RMK AO2 SLP269 T01441022,null
LIT,2024-12-12 22:53,54,29,38.05,210,7,0,30.32,1027,10,null,BKN,null,null,null,25000,null,null,null,null,null,null,null,null,null,null,54,KLIT 122253Z 21007KT 10SM BKN250 12/M02 A3032 RMK AO2 SLP270 T01221017,null
LIT,2024-12-12 23:53,50,29,44.1,200,8,0,30.33,1027.5,10,null,BKN,null,null,null,25000,null,null,null,null,null,null,null,null,null,null,50,KLIT 122353Z 20008KT 10SM BKN250 10/M02 A3033 RMK AO2 SLP275 T01001017 10156 20100 53006,null
LIT,2024-12-13 0:53,47,29,49.34,180,6,0,30.34,1027.9,10,null,BKN,null,null,null,25000,null,null,null,null,null,null,null,null,null,null,43.6,KLIT 130053Z 18006KT 10SM BKN250 08/M02 A3034 RMK AO2 SLP279 T00831017,null
LIT,2024-12-13 1:53,45,29,53.22,160,5,0,30.36,1028.4,10,null,BKN,null,null,null,25000,null,null,null,null,null,null,null,null,null,null,41.83,KLIT 130153Z 16005KT 10SM BKN250 07/M02 A3036 RMK AO2 SLP284 T00721017,null
LIT,2024-12-13 2:53,44,29,55.29,180,6,0,30.37,1028.8,10,null,BKN,null,null,null,25000,null,null,null,null,null,null,null,null,null,null,39.98,KLIT 130253Z 18006KT 10SM BKN250 07/M02 A3037 RMK AO2 SLP288 T00671017 51014,null
LIT,2024-12-13 3:53,42,29,59.69,190,7,0,30.38,1029.1,10,null,FEW,null,null,null,25000,null,null,null,null,null,null,null,null,null,null,36.97,KLIT 130353Z 19007KT 10SM FEW250 06/M02 A3038 RMK AO2 SLP291 T00561017,null
LIT,2024-12-13 4:53,41,29,62.04,170,5,0,30.39,1029.5,10,null,FEW,null,null,null,25000,null,null,null,null,null,null,null,null,null,null,37.08,KLIT 130453Z 17005KT 10SM FEW250 05/M02 A3039 RMK AO2 SLP295 T00501017,null
LIT,2024-12-13 5:53,40,29,64.5,190,4,0,30.39,1029.5,10,null,CLR,null,null,null,null,null,null,null,null,null,null,null,null,null,null,36.76,KLIT 130553Z 19004KT 10SM CLR 04/M02 A3039 RMK AO2 SLP295 T00441017 10100 20039 401561017 50006,null
LIT,2024-12-13 6:53,41,30,64.63,190,3,0,30.39,1029.2,10,null,SCT,null,null,null,25000,null,null,null,null,null,null,null,null,null,null,38.98,KLIT 130653Z 19003KT 10SM SCT250 05/M01 A3039 RMK AO2 SLP292 T00501011,null
LIT,2024-12-13 7:53,41,32,70.08,90,3,0,30.39,1029.2,10,null,CLR,null,null,null,null,null,null,null,null,null,null,null,null,null,null,38.98,KLIT 130753Z 09003KT 10SM CLR 05/00 A3039 RMK AO2 SLP292 T00500000,null
LIT,2024-12-13 8:53,40,34,78.94,70,3,0,30.39,1029.5,10,null,SCT,null,null,null,25000,null,null,null,null,null,null,null,null,null,null,37.83,KLIT 130853Z 07003KT 10SM SCT250 04/01 A3039 RMK AO2 SLP295 T00440011 53001,null
LIT,2024-12-13 9:53,41,33,72.96,0,0,0,30.4,1029.8,10,null,BKN,null,null,null,25000,null,null,null,null,null,null,null,null,null,null,41,KLIT 130953Z 00000KT 10SM BKN250 05/01 A3040 RMK AO2 SLP298 T00500006,null
LIT,2024-12-13 10:53,40,34,78.94,0,0,0,30.4,1029.8,10,null,BKN,null,null,null,25000,null,null,null,null,null,null,null,null,null,null,40,KLIT 131053Z 00000KT 10SM BKN250 04/01 A3040 RMK AO2 SLP298 T00440011,null
LIT,2024-12-13 11:53,40,34,78.94,0,0,0,30.41,1030.1,10,null,BKN,null,null,null,25000,null,null,null,null,null,null,null,null,null,null,40,KLIT 131153Z 00000KT 10SM BKN250 04/01 A3041 RMK AO2 SLP301 T00440011 10056 20039 51005,null
LIT,2024-12-13 12:53,40,34,78.94,120,3,0,30.42,1030.3,10,null,FEW,OVC,null,null,12000,25000,null,null,null,null,null,null,null,null,null,37.83,KLIT 131253Z 12003KT 10SM FEW120 OVC250 04/01 A3042 RMK AO2 SLP303 T00440011,null
LIT,2024-12-13 13:53,42,34,73.06,100,4,0,30.42,1030.4,10,null,FEW,OVC,null,null,12000,25000,null,null,null,null,null,null,null,null,null,39.1,KLIT 131353Z 10004KT 10SM FEW120 OVC250 06/01 A3042 RMK AO2 SLP304 T00560011,null
LIT,2024-12-13 14:53,43,34,70.3,120,4,0,30.43,1030.8,10,null,OVC,null,null,null,9000,null,null,null,null,null,null,null,null,null,null,40.27,KLIT 131453Z 12004KT 10SM OVC090 06/01 A3043 RMK AO2 SLP308 T00610011 53007,null
LIT,2024-12-13 15:53,46,34,62.71,140,5,0,30.44,1031.1,10,null,OVC,null,null,null,8000,null,null,null,null,null,null,null,null,null,null,43.02,KLIT 131553Z 14005KT 10SM OVC080 08/01 A3044 RMK AO2 SLP311 T00780011,null
LIT,2024-12-13 16:53,51,34,52,160,10,0,30.43,1030.7,10,18,FEW,FEW,null,null,8500,25000,null,null,null,null,null,null,null,null,null,51,KLIT 131653Z 16010G18KT 10SM FEW085 FEW250 11/01 A3043 RMK AO2 SLP307 T01060011,null
LIT,2024-12-13 17:53,54,33,44.74,180,7,0,30.42,1030.6,10,null,SCT,null,null,null,8500,null,null,null,null,null,null,null,null,null,null,54,KLIT 131753Z 18007KT 10SM SCT085 12/01 A3042 RMK AO2 SLP306 T01220006 10122 20044 58001 $,null
LIT,2024-12-13 18:53,57,33,40.12,150,9,0,30.39,1029.2,10,null,SCT,BKN,null,null,7500,9000,null,null,null,null,null,null,null,null,null,57,KLIT 131853Z 15009KT 10SM SCT075 BKN090 14/01 A3039 RMK AO2 SLP292 T01390006,null
LIT,2024-12-13 19:53,54,32,42.98,150,8,0,30.38,1029,10,null,OVC,null,null,null,6500,null,null,null,null,null,null,null,null,null,null,54,KLIT 131953Z 15008KT 10SM OVC065 12/00 A3038 RMK AO2 SLP290 T01220000,null
LIT,2024-12-13 20:53,56,34,43.3,140,8,0,30.37,1028.6,10,null,OVC,null,null,null,6500,null,null,null,null,null,null,null,null,null,null,56,KLIT 132053Z 14008KT 10SM OVC065 13/01 A3037 RMK AO2 SLP286 T01330011 56018,null
LIT,2024-12-13 21:53,55,35,46.73,140,7,0,30.37,1028.8,10,null,SCT,BKN,OVC,null,4000,7000,8500,null,null,null,null,null,null,null,null,55,KLIT 132153Z 14007KT 10SM SCT040 BKN070 OVC085 13/02 A3037 RMK AO2 SLP288 T01280017,null
LIT,2024-12-13 22:53,54,35,48.46,130,8,0,30.37,1028.7,10,null,OVC,null,null,null,6500,null,null,null,null,null,null,null,null,null,null,54,KLIT 132253Z 13008KT 10SM OVC065 12/02 A3037 RMK AO2 SLP287 T01220017,null
LIT,2024-12-13 23:53,53,36,52.3,130,7,0,30.37,1028.6,10,null,OVC,null,null,null,5500,null,null,null,null,null,null,null,null,null,null,53,KLIT 132353Z 13007KT 10SM OVC055 12/02 A3037 RMK AO2 SLP286 T01170022 10139 20117 58001,null
LIT,2024-12-14 0:53,53,37,54.41,140,9,0,30.38,1028.9,10,null,OVC,null,null,null,5000,null,null,null,null,null,null,null,null,null,null,53,KLIT 140053Z 14009KT 10SM OVC050 12/03 A3038 RMK AO2 SLP289 T01170028,null
LIT,2024-12-14 1:53,52,38,58.71,120,9,0,30.38,1029.3,10,null,OVC,null,null,null,5000,null,null,null,null,null,null,null,null,null,null,52,KLIT 140153Z 12009KT 10SM OVC050 11/03 A3038 RMK AO2 SLP293 T01110033,null
LIT,2024-12-14 2:53,51,38,60.92,130,8,0,30.38,1028.9,10,null,BKN,OVC,null,null,5000,6000,null,null,null,null,null,null,null,null,null,51,KLIT 140253Z 13008KT 10SM BKN050 OVC060 11/03 A3038 RMK AO2 SLP289 T01060033 50003,null
LIT,2024-12-14 3:53,51,39,63.36,130,6,0,30.38,1028.9,10,null,OVC,null,null,null,5000,null,null,null,null,null,null,null,null,null,null,51,KLIT 140353Z 13006KT 10SM OVC050 11/04 A3038 RMK AO2 SLP289 T01060039,null
LIT,2024-12-14 4:53,51,40,65.87,130,7,0,30.38,1028.9,10,null,OVC,null,null,null,5000,null,null,null,null,null,null,null,null,null,null,51,KLIT 140453Z 13007KT 10SM OVC050 11/04 A3038 RMK AO2 SLP289 T01060044,null
LIT,2024-12-14 5:53,51,40,65.87,130,5,0,30.37,1028.5,10,null,OVC,null,null,null,5000,null,null,null,null,null,null,null,null,null,null,51,KLIT 140553Z 13005KT 10SM OVC050 11/04 A3037 RMK AO2 SLP285 T01060044 10117 20106 401390039 58003,null
LIT,2024-12-14 6:53,51,40,65.87,120,6,0,30.35,1027.8,10,null,BKN,OVC,null,null,4800,5500,null,null,null,null,null,null,null,null,null,51,KLIT 140653Z 12006KT 10SM BKN048 OVC055 11/04 A3035 RMK AO2 SLP278 T01060044,null
LIT,2024-12-14 7:53,51,41,68.48,130,6,0,30.33,1027.3,10,null,OVC,null,null,null,4900,null,null,null,null,null,null,null,null,null,null,51,KLIT 140753Z 13006KT 10SM OVC049 11/05 A3033 RMK AO2 SLP273 T01060050,null
LIT,2024-12-14 8:53,51,42,71.18,140,8,0,30.3,1026.2,10,null,OVC,null,null,null,6000,null,null,null,null,null,null,null,null,null,null,51,KLIT 140853Z 14008KT 10SM OVC060 11/06 A3030 RMK AO2 SLP262 T01060056 58023,null
LIT,2024-12-14 9:53,51,42,71.18,150,6,0,30.27,1025.4,10,null,OVC,null,null,null,5000,null,null,null,null,null,null,null,null,null,null,51,KLIT 140953Z 15006KT 10SM OVC050 11/06 A3027 RMK AO2 SLP254 T01060056,null
LIT,2024-12-14 10:53,52,42,68.59,150,8,0,30.26,1024.9,10,null,OVC,null,null,null,5500,null,null,null,null,null,null,null,null,null,null,52,KLIT 141053Z 15008KT 10SM OVC055 11/06 A3026 RMK AO2 SLP249 T01110056,null
LIT,2024-12-14 11:53,52,43,71.28,190,9,T,30.28,1025.4,7,null,OVC,null,null,null,6000,null,null,null,#NAME?,null,null,null,null,null,null,52,KLIT 141153Z 19009KT 7SM -RA OVC060 11/06 A3028 RMK AO2 RAB47 SLP254 P0000 60000 T01110061 10117 20106 55007,null
LIT,2024-12-14 12:53,50,45,82.86,null,4,0.12,30.26,1025,5,null,BKN,OVC,null,null,2100,6000,null,null,RA BR,null,null,null,null,null,null,50,KLIT 141253Z VRB04KT 5SM RA BR BKN021 OVC060 10/07 A3026 RMK AO2 SLP250 P0012 T01000072,null
LIT,2024-12-14 13:53,49,47,92.77,130,3,0.09,30.27,1025.4,5,null,OVC,null,null,null,1900,null,null,null,RA BR,null,null,null,null,null,null,48.12,KLIT 141353Z 13003KT 5SM RA BR OVC019 09/08 A3027 RMK AO2 SLP254 P0009 T00940083,null
LIT,2024-12-14 14:40,50,48,92.8,160,10,0.05,30.28,null,2.5,null,SCT,BKN,OVC,null,1600,5500,7000,null,RA BR,null,null,null,null,null,null,50,KLIT 141440Z 16010KT 2 1/2SM RA BR SCT016 BKN055 OVC070 10/09 A3028 RMK AO2 VIS 2V3 P0005 T01000089,null
LIT,2024-12-14 14:53,50,48,92.8,150,11,0.09,30.25,1024.7,2.5,20,FEW,OVC,null,null,1700,7000,null,null,RA BR,null,null,null,null,null,null,50,KLIT 141453Z 15011G20KT 2 1/2SM RA BR FEW017 OVC070 10/09 A3025 RMK AO2 LTG DSNT W AND NW SLP247 P0009 60030 T01000089 58007,null
LIT,2024-12-14 15:00,50,48,92.8,160,10,0.03,30.25,null,3,null,FEW,OVC,null,null,1400,7500,null,null,RA BR,null,null,null,null,null,null,50,KLIT 141500Z 16010KT 3SM RA BR FEW014 OVC075 10/09 A3025 RMK AO2 P0003 T01000089,null
LIT,2024-12-14 15:25,50,48,92.8,150,14,0.08,30.22,null,6,23,FEW,BKN,OVC,null,900,9000,11000,null,RA BR,null,null,null,null,null,null,50,KLIT 141525Z 15014G23KT 6SM RA BR FEW009 BKN090 OVC110 10/09 A3022 RMK AO2 PRESFR P0008 T01000089,null
LIT,2024-12-14 15:42,50,49,96.34,170,10,0.1,30.24,null,4,null,BKN,OVC,null,null,900,7500,null,null,RA BR,null,null,null,null,null,null,50,KLIT 141542Z 17010KT 4SM RA BR BKN009 OVC075 10/09 A3024 RMK AO2 P0010 T01000094,null
LIT,2024-12-14 15:53,51,49,92.83,180,13,0.15,30.24,1024.4,1.5,21,BKN,BKN,OVC,null,800,3000,7000,null,RA BR,null,null,null,null,null,null,51,KLIT 141553Z 18013G21KT 1 1/2SM RA BR BKN008 BKN030 OVC070 11/09 A3024 RMK AO2 SLP244 P0015 T01060094,null
LIT,2024-12-14 16:14,51,49,92.83,140,12,0.16,30.21,null,1.75,null,FEW,BKN,OVC,null,800,1500,3600,null,RA BR,null,null,null,null,null,null,51,KLIT 141614Z 14012KT 1 3/4SM RA BR FEW008 BKN015 OVC036 11/09 A3021 RMK AO2 PRESFR P0016 T01060094,null
LIT,2024-12-14 16:46,51,50,96.36,180,5,0.36,30.25,null,1.75,15,BKN,OVC,null,null,800,1300,null,null,RA BR,null,null,null,null,null,null,51,KLIT 141646Z 18005G15KT 1 3/4SM RA BR BKN008 OVC013 11/10 A3025 RMK AO2 P0036 T01060100,null
LIT,2024-12-14 16:53,51,50,96.36,null,null,0.39,30.25,1024.5,3,null,BKN,OVC,null,null,600,1300,null,null,RA BR,null,null,null,null,null,null,51,KLIT 141653Z 3SM RA BR BKN006 OVC013 11/10 A3025 RMK AO2 SLP245 P0039 T01060100,null
LIT,2024-12-14 17:00,51,49,92.83,160,7,0.01,30.25,null,1.75,null,BKN,OVC,null,null,600,1200,null,null,RA BR,null,null,null,null,null,null,51,KLIT 141700Z 16007KT 1 3/4SM RA BR BKN006 OVC012 11/09 A3025 RMK AO2 P0001 T01060094 $,null
LIT,2024-12-14 17:32,50,50,100,150,3,0.35,30.23,null,0.5,null,BKN,OVC,null,null,800,1500,null,null,#NAME?,null,null,null,null,null,null,50,KLIT 141732Z 15003KT 1/2SM -RA BR BKN008 OVC015 10/10 A3023 RMK AO2 P0035 T01000100 RVRNO $,null
LIT,2024-12-14 17:41,50,50,100,150,7,0.51,30.23,null,1,null,SCT,BKN,OVC,null,900,1600,2400,null,RA BR,null,null,null,null,null,null,50,KLIT 141741Z 15007KT 1SM RA BR SCT009 BKN016 OVC024 10/10 A3023 RMK AO2 VIS 1/2V2 1/2 P0051 T01000100 RVRNO $,null
LIT,2024-12-14 17:49,51.8,50,93.55,0,0,0.53,30.23,null,3,null,SCT,BKN,OVC,null,700,1300,3400,null,RA BR,null,null,null,null,null,null,51.8,KLIT 141749Z 00000KT 3SM RA BR SCT007 BKN013 OVC034 11/10 A3023 RMK AO2 P0053 $,null
LIT,2024-12-14 17:53,51,50,96.36,120,4,0.54,30.22,1023.5,5,null,FEW,BKN,OVC,null,400,1400,3400,null,RA BR,null,null,null,null,null,null,51,KLIT 141753Z 12004KT 5SM RA BR FEW004 BKN014 OVC034 11/10 A3022 RMK AO2 SLP235 P0054 60138 T01060100 10111 20094 58012 $,null
LIT,2024-12-14 18:02,51,50,96.36,0,0,T,30.23,null,6,null,FEW,BKN,OVC,null,400,2000,3400,null,RA BR,null,null,null,null,null,null,51,KLIT 141802Z 00000KT 6SM RA BR FEW004 BKN020 OVC034 11/10 A3023 RMK AO2 P0000 T01060100 $,null
LIT,2024-12-14 18:09,51,50,96.36,160,5,0,30.22,null,2.5,null,FEW,BKN,OVC,null,400,1400,1900,null,RA BR,null,null,null,null,null,null,51,KLIT 141809Z 16005KT 2 1/2SM RA BR FEW004 BKN014 OVC019 11/10 A3022 RMK AO2 VIS 1 1/2V5 T01060100 PNO $,null
LIT,2024-12-14 18:17,52,50,92.86,140,7,0.01,30.21,null,7,null,FEW,BKN,OVC,null,400,1400,4700,null,#NAME?,null,null,null,null,null,null,52,KLIT 141817Z 14007KT 7SM -RA BR FEW004 BKN014 OVC047 11/10 A3021 RMK AO2 P0001 T01110100 $,null
LIT,2024-12-14 18:24,52,50,92.86,140,7,0.01,30.2,null,10,null,SCT,BKN,OVC,null,1400,2000,3400,null,null,null,null,null,null,null,null,52,KLIT 141824Z 14007KT 10SM SCT014 BKN020 OVC034 11/10 A3020 RMK AO2 RAE22 P0001 T01110100 $,null
LIT,2024-12-14 18:29,52,50,92.86,130,7,0.01,30.2,null,10,null,FEW,BKN,OVC,null,500,1300,3400,null,null,null,null,null,null,null,null,52,KLIT 141829Z 13007KT 10SM FEW005 BKN013 OVC034 11/10 A3020 RMK AO2 RAE22 P0001 T01110100 $,null
LIT,2024-12-14 18:53,52,50,92.86,150,9,0.01,30.19,1022.5,6,null,BKN,BKN,OVC,null,500,2000,2500,null,#NAME?,null,null,null,null,null,null,52,KLIT 141853Z 15009KT 6SM -RA BR BKN005 BKN020 OVC025 11/10 A3019 RMK AO2 RAE22B53 CIG 004V011 SLP225 P0001 T01110100,null
LIT,2024-12-14 19:03,52,50,92.86,150,8,0.01,30.18,null,7,null,SCT,OVC,null,null,500,2000,null,null,#NAME?,null,null,null,null,null,null,52,KLIT 141903Z 15008KT 7SM -RA SCT005 OVC020 11/10 A3018 RMK AO2 P0001 T01110100,null
LIT,2024-12-14 19:30,52,51,96.37,140,7,0.01,30.17,null,10,null,BKN,OVC,null,null,400,1800,null,null,null,null,null,null,null,null,null,52,KLIT 141930Z 14007KT 10SM BKN004 OVC018 11/11 A3017 RMK AO2 RAE16 P0001 T01110106,null
LIT,2024-12-14 19:53,52,51,96.37,160,6,0.01,30.16,1021.6,10,null,OVC,null,null,null,400,null,null,null,null,null,null,null,null,null,null,52,KLIT 141953Z 16006KT 10SM OVC004 11/11 A3016 RMK AO2 RAE16 SLP216 P0001 T01110106,null
LIT,2024-12-14 20:53,53,52,96.39,170,4,0.01,30.16,1021.5,7,null,OVC,null,null,null,400,null,null,null,null,null,null,null,null,null,null,53,KLIT 142053Z 17004KT 7SM OVC004 12/11 A3016 RMK AO2 RAB15E39 SLP215 P0001 60003 T01170111 56020,null
LIT,2024-12-14 21:53,53,52,96.39,160,3,T,30.17,1021.7,6,null,OVC,null,null,null,500,null,null,null,BR,null,null,null,null,null,null,53,KLIT 142153Z 16003KT 6SM BR OVC005 12/11 A3017 RMK AO2 RAB04E25 SLP217 P0000 T01170111,null
LIT,2024-12-14 22:53,54,53,96.4,150,4,0,30.18,1022.1,7,null,OVC,null,null,null,500,null,null,null,null,null,null,null,null,null,null,54,KLIT 142253Z 15004KT 7SM OVC005 12/12 A3018 RMK AO2 SLP221 T01220117,null
LIT,2024-12-14 23:09,54,53,96.4,150,5,0,30.17,null,6,null,OVC,null,null,null,400,null,null,null,BR,null,null,null,null,null,null,54,KLIT 142309Z 15005KT 6SM BR OVC004 12/12 A3017 RMK AO2 T01220117,null
LIT,2024-12-14 23:53,54,53,96.4,170,3,0,30.18,1022.2,7,null,OVC,null,null,null,300,null,null,null,null,null,null,null,null,null,null,54,KLIT 142353Z 17003KT 7SM OVC003 12/12 A3018 RMK AO2 SLP222 60003 T01220117 10122 20106 51007,null
LIT,2024-12-15 0:53,55,55,100,230,3,0,30.19,1022.5,8,null,OVC,null,null,null,300,null,null,null,null,null,null,null,null,null,null,55,KLIT 150053Z 23003KT 8SM OVC003 13/13 A3019 RMK AO2 SLP225 T01280128,null
LIT,2024-12-15 1:53,56,55,96.43,240,5,0,30.2,1022.8,9,null,OVC,null,null,null,400,null,null,null,null,null,null,null,null,null,null,56,KLIT 150153Z 24005KT 9SM OVC004 13/13 A3020 RMK AO2 SLP228 T01330128,null
LIT,2024-12-15 2:53,55,54,96.42,250,5,0,30.21,1023.1,8,null,FEW,OVC,null,null,300,1100,null,null,null,null,null,null,null,null,null,55,KLIT 150253Z 25005KT 8SM FEW003 OVC011 13/12 A3021 RMK AO2 SLP231 T01280122 51009,null
LIT,2024-12-15 3:30,56,55,96.43,240,6,0,30.21,null,10,null,OVC,null,null,null,800,null,null,null,null,null,null,null,null,null,null,56,KLIT 150330Z 24006KT 10SM OVC008 13/13 A3021 RMK AO2 T01330128,null
LIT,2024-12-15 3:53,57,55,93.01,260,8,0,30.21,1023.2,10,null,OVC,null,null,null,800,null,null,null,null,null,null,null,null,null,null,57,KLIT 150353Z 26008KT 10SM OVC008 14/13 A3021 RMK AO2 SLP232 T01390128,null
LIT,2024-12-15 4:53,56,55,96.43,260,6,0,30.22,1023.5,10,null,OVC,null,null,null,600,null,null,null,null,null,null,null,null,null,null,56,KLIT 150453Z 26006KT 10SM OVC006 13/13 A3022 RMK AO2 SLP235 T01330128,null
LIT,2024-12-15 5:53,57,55,93.01,240,4,0,30.22,1023.6,9,null,OVC,null,null,null,600,null,null,null,null,null,null,null,null,null,null,57,KLIT 150553Z 24004KT 9SM OVC006 14/13 A3022 RMK AO2 SLP236 T01390128 10139 20122 401390094 52005,null
LIT,2024-12-15 6:53,57,55,93.01,0,0,0,30.21,1023.3,7,null,OVC,null,null,null,600,null,null,null,null,null,null,null,null,null,null,57,KLIT 150653Z 00000KT 7SM OVC006 14/13 A3021 RMK AO2 SLP233 T01390128,null
LIT,2024-12-15 7:53,57,55,93.01,200,3,0,30.2,1023,6,null,OVC,null,null,null,700,null,null,null,BR,null,null,null,null,null,null,57,KLIT 150753Z 20003KT 6SM BR OVC007 14/13 A3020 RMK AO2 CIG 005V009 SLP230 T01390128,null
LIT,2024-12-15 8:08,56,55,96.43,200,3,0,30.21,null,6,null,OVC,null,null,null,1000,null,null,null,BR,null,null,null,null,null,null,56,KLIT 150808Z 20003KT 6SM BR OVC010 13/13 A3021 RMK AO2 CIG 005V012 T01330128,null
LIT,2024-12-15 8:11,56,55,96.43,200,3,0,30.21,null,6,null,OVC,null,null,null,900,null,null,null,BR,null,null,null,null,null,null,56,KLIT 150811Z 20003KT 6SM BR OVC009 13/13 A3021 RMK AO2 CIG 005V012 T01330128,null
LIT,2024-12-15 8:31,56,55,96.43,0,0,0,30.21,null,6,null,OVC,null,null,null,1100,null,null,null,BR,null,null,null,null,null,null,56,KLIT 150831Z 00000KT 6SM BR OVC011 13/13 A3021 RMK AO2 T01330128,null
LIT,2024-12-15 8:53,56,56,100,180,4,0,30.21,1023.1,6,null,FEW,OVC,null,null,500,1100,null,null,BR,null,null,null,null,null,null,56,KLIT 150853Z 18004KT 6SM BR FEW005 OVC011 13/13 A3021 RMK AO2 SLP231 T01330133 55005,null
LIT,2024-12-15 9:05,56,56,100,200,3,0,30.21,null,5,null,BKN,OVC,null,null,300,1200,null,null,BR,null,null,null,null,null,null,56,KLIT 150905Z 20003KT 5SM BR BKN003 OVC012 13/13 A3021 RMK AO2 T01330133,null
LIT,2024-12-15 9:48,55.4,55.4,100,100,3,0,30.21,null,2,null,VV ,null,null,null,200,null,null,null,BR,null,null,null,null,null,null,55.4,KLIT 150948Z 10003KT 2SM BR VV002 13/13 A3021 RMK AO2,null
LIT,2024-12-15 9:53,56,55,96.43,100,3,0,30.21,1023.2,2,null,VV ,null,null,null,200,null,null,null,BR,null,null,null,null,null,null,56,KLIT 150953Z 10003KT 2SM BR VV002 13/13 A3021 RMK AO2 SLP232 T01330128,null
LIT,2024-12-15 10:27,54,54,100,0,0,0,30.21,null,1.5,null,VV ,null,null,null,200,null,null,null,BR,null,null,null,null,null,null,54,KLIT 151027Z 00000KT 1 1/2SM BR VV002 12/12 A3021 RMK AO2 T01220122,null
LIT,2024-12-15 10:37,54,54,100,0,0,0,30.21,null,0.5,null,VV ,null,null,null,200,null,null,null,FG,null,null,null,null,null,null,54,KLIT 151037Z 00000KT 1/2SM FG VV002 12/12 A3021 RMK AO2 T01220122 RVRNO,null
LIT,2024-12-15 10:43,54,53,96.4,70,4,0,30.21,null,0.25,null,VV ,null,null,null,200,null,null,null,FG,null,null,null,null,null,null,54,KLIT 151043Z 07004KT 1/4SM FG VV002 12/12 A3021 RMK AO2 T01220117 RVRNO,null
LIT,2024-12-15 10:53,53,53,100,80,3,0,30.21,1023.2,0.25,null,VV ,null,null,null,200,null,null,null,FG,null,null,null,null,null,null,53,KLIT 151053Z 08003KT 1/4SM FG VV002 12/12 A3021 RMK AO2 SLP232 T01170117 RVRNO,null
LIT,2024-12-15 11:53,54,53,96.4,0,0,0,30.22,1023.5,0.25,null,VV ,null,null,null,200,null,null,null,FG,null,null,null,null,null,null,54,KLIT 151153Z 00000KT 1/4SM FG VV002 12/12 A3022 RMK AO2 SLP235 70141 T01220117 10139 20111 53004 RVRNO,null
LIT,2024-12-15 12:15,54,54,100,0,0,0,30.22,null,0.5,null,VV ,null,null,null,300,null,null,null,FG,null,null,null,null,null,null,54,KLIT 151215Z 00000KT 1/2SM FG VV003 12/12 A3022 RMK AO2 T01220122 RVRNO,null
LIT,2024-12-15 12:32,55,54,96.42,0,0,0,30.22,null,2,null,VV ,null,null,null,300,null,null,null,BR,null,null,null,null,null,null,55,KLIT 151232Z COR 00000KT 2SM BR VV003 13/12 A3022 RMK AO2 TWR VIS 1 T01280122,null
LIT,2024-12-15 12:53,55,54,96.42,0,0,0,30.22,1023.7,2,null,VV ,null,null,null,300,null,null,null,BR,null,null,null,null,null,null,55,KLIT 151253Z 00000KT 2SM BR VV003 13/12 A3022 RMK AO2 SLP237 TWR VIS 1 T01280122,null
LIT,2024-12-15 13:02,54,54,100,180,4,0,30.23,null,0.25,null,VV ,null,null,null,300,null,null,null,FG,null,null,null,null,null,null,54,KLIT 151302Z COR 18004KT 1/4SM FG VV003 12/12 A3023 RMK AO2 TWR VIS 1/8 T01220122 RVRNO,null
LIT,2024-12-15 13:20,54,54,100,190,3,0,30.23,null,0,null,VV ,null,null,null,200,null,null,null,FG,null,null,null,null,null,null,54,KLIT 151320Z 19003KT 0SM FG VV002 12/12 A3023 RMK AO2 TWR VIS 1/8 T01220122 RVRNO,null
LIT,2024-12-15 13:53,55,54,96.42,0,0,0,30.24,1024.4,0.12,null,VV ,null,null,null,200,null,null,null,FG,null,null,null,null,null,null,55,KLIT 151353Z COR 00000KT 1/8SM FG VV002 13/12 A3024 RMK AO2 SLP244 TWR VIS 1/8 T01280122 RVRNO,null
LIT,2024-12-15 14:53,55,55,100,170,5,0,30.27,1025.1,0.12,null,VV ,null,null,null,200,null,null,null,FG,null,null,null,null,null,null,55,KLIT 151453Z 17005KT 1/8SM FG VV002 13/13 A3027 RMK AO2 SLP251 T01280128 53016 RVRNO,null
LIT,2024-12-15 14:56,55,55,100,150,4,0,30.27,null,0.25,null,VV ,null,null,null,200,null,null,null,FG,null,null,null,null,null,null,55,KLIT 151456Z COR 15004KT 1/4SM FG VV002 13/13 A3027 RMK AO2 T01280128 RVRNO,null
LIT,2024-12-15 15:15,55,55,100,140,4,T,30.27,null,0.5,null,OVC,null,null,null,200,null,null,null,DZ FG,null,null,null,null,null,null,55,KLIT 151515Z 14004KT 1/2SM DZ FG OVC002 13/13 A3027 RMK AO2 DZB15 P0000 T01280128 RVRNO,null
LIT,2024-12-15 15:53,56,55,96.43,140,6,T,30.27,1025.2,0.5,null,OVC,null,null,null,200,null,null,null,#NAME?,null,null,null,null,null,null,56,KLIT 151553Z 14006KT 1/2SM -DZ FG OVC002 13/13 A3027 RMK AO2 DZB15 SLP252 P0000 T01330128 RVRNO,null
LIT,2024-12-15 16:17,56,55,96.43,130,7,T,30.26,null,1,null,OVC,null,null,null,300,null,null,null,null,null,null,null,null,null,null,56,KLIT 151617Z 13007KT 1SM OVC003 13/13 A3026 RMK AO2 DZE12 P0000 T01330128 RVRNO,null
LIT,2024-12-15 16:34,56,56,100,120,5,T,30.26,null,0.5,null,OVC,null,null,null,300,null,null,null,null,null,null,null,null,null,null,56,KLIT 151634Z 12005KT 1/2SM OVC003 13/13 A3026 RMK AO2 DZE12 P0000 T01330133 RVRNO,null
LIT,2024-12-15 16:53,56,56,100,110,5,T,30.25,1024.5,1,null,OVC,null,null,null,300,null,null,null,null,null,null,null,null,null,null,56,KLIT 151653Z 11005KT 1SM OVC003 13/13 A3025 RMK AO2 DZE12 SLP245 P0000 T01330133 RVRNO,null
LIT,2024-12-15 17:42,57,56,96.45,110,7,0,30.22,null,2.5,null,OVC,null,null,null,400,null,null,null,null,null,null,null,null,null,null,57,KLIT 151742Z 11007KT 2 1/2SM OVC004 14/13 A3022 RMK AO2 PRESFR T01390133,null
LIT,2024-12-15 17:53,57,56,96.45,110,7,0,30.2,1022.9,2.5,null,OVC,null,null,null,400,null,null,null,null,null,null,null,null,null,null,57,KLIT 151753Z 11007KT 2 1/2SM OVC004 14/13 A3020 RMK AO2 SLP229 60000 T01390133 10139 20122 58021,null
LIT,2024-12-15 18:02,57,56,96.45,110,6,0,30.2,null,3,null,OVC,null,null,null,500,null,null,null,null,null,null,null,null,null,null,57,KLIT 151802Z 11006KT 3SM OVC005 14/13 A3020 RMK AO2 T01390133,null
LIT,2024-12-15 18:53,59,56,89.76,120,8,0,30.17,1021.7,3,null,OVC,null,null,null,700,null,null,null,null,null,null,null,null,null,null,59,KLIT 151853Z 12008KT 3SM OVC007 15/13 A3017 RMK AO2 PRESFR SLP217 T01500133,null
LIT,2024-12-15 19:24,58,56,93.04,130,7,0,30.16,null,2.5,null,OVC,null,null,null,500,null,null,null,null,null,null,null,null,null,null,58,KLIT 151924Z 13007KT 2 1/2SM OVC005 14/13 A3016 RMK AO2 T01440133,null
LIT,2024-12-15 19:53,58,56,93.04,120,6,0,30.15,1020.9,2,null,OVC,null,null,null,400,null,null,null,null,null,null,null,null,null,null,58,KLIT 151953Z 12006KT 2SM OVC004 14/13 A3015 RMK AO2 SLP209 T01440133,null
LIT,2024-12-15 20:18,57,57,100,130,6,0,30.14,null,1,null,OVC,null,null,null,400,null,null,null,null,null,null,null,null,null,null,57,KLIT 152018Z 13006KT 1SM OVC004 14/14 A3014 RMK AO2 T01390139 RVRNO,null
LIT,2024-12-15 20:37,58,57,96.46,130,6,0.03,30.13,null,0.5,null,OVC,null,null,null,300,null,null,null,#NAME?,null,null,null,null,null,null,58,KLIT 152037Z 13006KT 1/2SM -RA FG OVC003 14/14 A3013 RMK AO2 RAB28 P0003 T01440139 RVRNO,null
LIT,2024-12-15 20:53,58,57,96.46,130,5,0.05,30.13,1020.3,0.5,null,OVC,null,null,null,300,null,null,null,#NAME?,null,null,null,null,null,null,58,KLIT 152053Z 13005KT 1/2SM -RA FG OVC003 14/14 A3013 RMK AO2 RAB28 SLP203 P0005 60005 T01440139 56025 RVRNO,null
LIT,2024-12-15 21:23,58,57,96.46,120,3,0.1,30.13,null,2,null,OVC,null,null,null,300,null,null,null,#NAME?,null,null,null,null,null,null,58,KLIT 152123Z 12003KT 2SM -RA FG OVC003 14/14 A3013 RMK AO2 VIS 1V5 P0010 T01440139,null
LIT,2024-12-15 21:50,57.2,57.2,100,140,6,0.11,30.14,null,10,null,BKN,OVC,null,null,600,2300,null,null,null,null,null,null,null,null,null,57.2,KLIT 152150Z 14006KT 10SM BKN006 OVC023 14/14 A3014 RMK AO2 RAE49 P0011,null
LIT,2024-12-15 21:53,58,56,93.04,140,5,0.11,30.14,1020.6,8,null,BKN,BKN,OVC,null,600,1000,2300,null,null,null,null,null,null,null,null,58,KLIT 152153Z 14005KT 8SM BKN006 BKN010 OVC023 14/13 A3014 RMK AO2 RAE49 SLP206 P0011 T01440133,null
LIT,2024-12-15 22:25,58,57,96.46,130,4,T,30.13,null,6,null,SCT,OVC,null,null,400,1000,null,null,BR,null,null,null,null,null,null,58,KLIT 152225Z 13004KT 6SM BR SCT004 OVC010 14/14 A3013 RMK AO2 RAB2157E09 CIG 007V013 P0000 T01440139,null
LIT,2024-12-15 22:53,58,57,96.46,130,4,T,30.12,1020.3,6,null,BKN,OVC,null,null,400,1900,null,null,BR,null,null,null,null,null,null,58,KLIT 152253Z 13004KT 6SM BR BKN004 OVC019 14/14 A3012 RMK AO2 RAB2157E09 SLP203 P0000 T01440139,null
LIT,2024-12-15 23:53,57,56,96.45,140,4,T,30.12,1020.3,10,null,OVC,null,null,null,400,null,null,null,null,null,null,null,null,null,null,57,KLIT 152353Z 14004KT 10SM OVC004 14/13 A3012 RMK AO2 RAB01E10 SLP203 P0000 60016 T01390133 10150 20139 58001,null
LIT,2024-12-16 0:53,58,57,96.46,140,3,0,30.13,1020.4,2.5,null,OVC,null,null,null,300,null,null,null,BR,null,null,null,null,null,null,58,KLIT 160053Z 14003KT 2 1/2SM BR OVC003 14/14 A3013 RMK AO2 SLP204 T01440139,null
LIT,2024-12-16 1:13,58,57,96.46,0,0,0,30.12,null,1,null,VV ,null,null,null,300,null,null,null,BR,null,null,null,null,null,null,58,KLIT 160113Z 00000KT 1SM BR VV003 14/14 A3012 RMK AO2 T01440139 RVRNO,null
LIT,2024-12-16 1:21,58,57,96.46,0,0,0,30.13,null,0.5,null,VV ,null,null,null,300,null,null,null,FG,null,null,null,null,null,null,58,KLIT 160121Z 00000KT 1/2SM FG VV003 14/14 A3013 RMK AO2 T01440139 RVRNO,null
LIT,2024-12-16 1:53,58,58,100,0,0,T,30.13,1020.3,0.5,null,VV ,null,null,null,300,null,null,null,FG,null,null,null,null,null,null,58,KLIT 160153Z 00000KT 1/2SM FG VV003 14/14 A3013 RMK AO2 RAB31E40 SLP203 P0000 T01440144 RVRNO,null
LIT,2024-12-16 2:23,58,58,100,170,4,0,30.11,null,1,null,VV ,null,null,null,300,null,null,null,BR,null,null,null,null,null,null,58,KLIT 160223Z 17004KT 1SM BR VV003 14/14 A3011 RMK AO2 T01440144 RVRNO,null
LIT,2024-12-16 2:33,59,59,100,160,5,0,30.11,null,0.5,null,VV ,null,null,null,300,null,null,null,FG,null,null,null,null,null,null,59,KLIT 160233Z 16005KT 1/2SM FG VV003 15/15 A3011 RMK AO2 T01500150 RVRNO,null
LIT,2024-12-16 2:53,60,59,96.49,180,7,0,30.1,1019.5,0.75,null,VV ,null,null,null,300,null,null,null,BR,null,null,null,null,null,null,60,KLIT 160253Z 18007KT 3/4SM BR VV003 16/15 A3010 RMK AO2 SLP195 RMKA02 60000 T01560150 58007 RVRNO,null
LIT,2024-12-16 3:22,60,60,100,210,4,0,30.11,null,0.25,null,VV ,null,null,null,200,null,null,null,FG,null,null,null,null,null,null,60,KLIT 160322Z 21004KT 1/4SM FG VV002 16/16 A3011 RMK AO2 T01560156 RVRNO,null
LIT,2024-12-16 3:53,60,60,100,0,0,0,30.11,1019.6,0.25,null,VV ,null,null,null,200,null,null,null,FG,null,null,null,null,null,null,60,KLIT 160353Z 00000KT 1/4SM FG VV002 16/16 A3011 RMK AO2 SLP196 T01560156 RVRNO,null
LIT,2024-12-16 4:53,60,59,96.49,0,0,0,30.11,1019.8,0.5,null,BKN,OVC,null,null,300,3200,null,null,FG,null,null,null,null,null,null,60,KLIT 160453Z 00000KT 1/2SM FG BKN003 OVC032 16/15 A3011 RMK AO2 SLP198 T01560150 RVRNO,null
LIT,2024-12-16 5:53,59,59,100,0,0,0,30.1,1019.5,0.5,null,BKN,BKN,OVC,null,300,1400,3000,null,FG,null,null,null,null,null,null,59,KLIT 160553Z 00000KT 1/2SM FG BKN003 BKN014 OVC030 15/15 A3010 RMK AO2 SLP195 60000 T01500150 10161 20139 401610111 50000 RVRNO,null
LIT,2024-12-16 5:56,59,59,100,0,0,0,30.1,null,0.25,null,BKN,BKN,OVC,null,300,1400,3000,null,FG,null,null,null,null,null,null,59,KLIT 160556Z 00000KT 1/4SM FG BKN003 BKN014 OVC030 15/15 A3010 RMK AO2 T01500150 RVRNO,null
LIT,2024-12-16 6:27,58,58,100,330,3,0,30.1,null,0.12,null,VV ,null,null,null,200,null,null,null,FG,null,null,null,null,null,null,58,KLIT 160627Z 33003KT 1/8SM FG VV002 14/14 A3010 RMK AO2 T01440144 RVRNO,null
LIT,2024-12-16 6:53,59,59,100,0,0,0,30.1,1019.5,0.12,null,VV ,null,null,null,400,null,null,null,FG,null,null,null,null,null,null,59,KLIT 160653Z 00000KT 1/8SM FG VV004 15/15 A3010 RMK AO2 SLP195 T01500150 RVRNO,null
LIT,2024-12-16 7:07,59,59,100,60,3,0,30.1,null,0.5,null,VV ,null,null,null,500,null,null,null,FG,null,null,null,null,null,null,59,KLIT 160707Z 06003KT 1/2SM FG VV005 15/15 A3010 RMK AO2 T01500150 RVRNO,null
LIT,2024-12-16 7:33,58,58,100,220,3,0,30.1,null,1,null,OVC,null,null,null,1200,null,null,null,BR,null,null,null,null,null,null,58,KLIT 160733Z 22003KT 1SM BR OVC012 14/14 A3010 RMK AO2 T01440144 RVRNO,null
LIT,2024-12-16 7:42,59,59,100,260,3,0,30.11,null,2.5,null,OVC,null,null,null,1200,null,null,null,BR,null,null,null,null,null,null,59,KLIT 160742Z 26003KT 2 1/2SM BR OVC012 15/15 A3011 RMK AO2 T01500150,null
LIT,2024-12-16 7:46,59,58,96.48,250,3,0,30.11,null,4,null,OVC,null,null,null,1200,null,null,null,BR,null,null,null,null,null,null,59,KLIT 160746Z 25003KT 4SM BR OVC012 15/14 A3011 RMK AO2 T01500144,null
LIT,2024-12-16 7:53,59,58,96.48,230,4,0,30.11,1019.6,5,null,OVC,null,null,null,1200,null,null,null,BR,null,null,null,null,null,null,59,KLIT 160753Z 23004KT 5SM BR OVC012 15/14 A3011 RMK AO2 SLP196 T01500144,null
LIT,2024-12-16 8:53,63,62,96.54,210,9,0,30.1,1019.4,10,null,BKN,BKN,BKN,null,1200,7500,25000,null,null,null,null,null,null,null,null,63,KLIT 160853Z COR 21009KT 10SM BKN012 BKN075 BKN250 17/17 A3010 RMK AO2 SLP194 T01720167 58002,null
LIT,2024-12-16 9:40,64,62,93.21,220,12,0,30.1,null,10,null,SCT,BKN,OVC,null,1100,1600,7500,null,null,null,null,null,null,null,null,64,KLIT 160940Z 22012KT 10SM SCT011 BKN016 OVC075 18/17 A3010 RMK AO2 T01780167,null
LIT,2024-12-16 9:45,64,62,93.21,220,11,0,30.1,null,10,null,SCT,SCT,OVC,null,1100,1600,7500,null,null,null,null,null,null,null,null,64,KLIT 160945Z 22011KT 10SM SCT011 SCT016 OVC075 18/17 A3010 RMK AO2 T01780167,null
LIT,2024-12-16 9:53,64,62,93.21,220,12,0,30.09,1019.2,10,null,SCT,OVC,null,null,1400,7500,null,null,null,null,null,null,null,null,null,64,KLIT 160953Z 22012KT 10SM SCT014 OVC075 18/17 A3009 RMK AO2 SLP192 T01780167,null
LIT,2024-12-16 10:53,64,62,93.21,210,13,0,30.09,1019.1,10,19,FEW,OVC,null,null,2200,7000,null,null,null,null,null,null,null,null,null,64,KLIT 161053Z 21013G19KT 10SM FEW022 OVC070 18/17 A3009 RMK AO2 SLP191 T01780167,null
LIT,2024-12-16 11:00,64,62,93.21,220,11,0,30.1,null,10,null,BKN,OVC,null,null,2200,7000,null,null,null,null,null,null,null,null,null,64,KLIT 161100Z 22011KT 10SM BKN022 OVC070 18/17 A3010 RMK AO2 T01780167,null
LIT,2024-12-16 11:53,65,62,90.01,220,13,T,30.1,1019.3,8,20,BKN,OVC,null,null,1500,2000,null,null,#NAME?,null,null,null,null,null,null,65,KLIT 161153Z 22013G20KT 8SM -RA BKN015 OVC020 18/17 A3010 RMK AO2 RAB53 SLP193 P0000 60000 70016 T01830167 10183 20144 55001,null
LIT,2024-12-16 11:56,64,62,93.21,220,12,T,30.1,null,7,20,BKN,OVC,null,null,1300,2000,null,null,#NAME?,null,null,null,null,null,null,64,KLIT 161156Z 22012G20KT 7SM -RA BKN013 OVC020 18/17 A3010 RMK AO2 P0000 T01780167,null
LIT,2024-12-16 12:25,64,62,93.21,230,12,T,30.09,null,10,21,SCT,OVC,null,null,1200,2900,null,null,null,null,null,null,null,null,null,64,KLIT 161225Z 23012G21KT 10SM SCT012 OVC029 18/17 A3009 RMK AO2 RAE06 P0000 T01780167,null
LIT,2024-12-16 12:53,64,62,93.21,210,13,T,30.09,1019,10,null,SCT,SCT,OVC,null,1400,2100,2600,null,null,null,null,null,null,null,null,64,KLIT 161253Z 21013KT 10SM SCT014 SCT021 OVC026 18/17 A3009 RMK AO2 RAE06 SLP190 P0000 T01780167,null
LIT,2024-12-16 13:53,65,62,90.01,220,14,0,30.09,1019.2,8,22,SCT,BKN,BKN,null,1400,2100,25000,null,null,null,null,null,null,null,null,65,KLIT 161353Z 22014G22KT 8SM SCT014 BKN021 BKN250 18/17 A3009 RMK AO2 SLP192 T01830167,null
LIT,2024-12-16 14:53,66,63,90.05,250,11,0,30.11,1019.7,9,19,SCT,BKN,BKN,null,2100,3000,25000,null,null,null,null,null,null,null,null,66,KLIT 161453Z COR 25011G19KT 9SM SCT021 BKN030 BKN250 19/17 A3011 RMK AO2 SLP197 60000 T01890172 53003 $,null
LIT,2024-12-16 15:53,67,64,90.09,220,11,0,30.12,1020.2,10,21,SCT,BKN,OVC,null,1800,2600,3200,null,null,null,null,null,null,null,null,67,KLIT 161553Z 22011G21KT 10SM SCT018 BKN026 OVC032 19/18 A3012 RMK AO2 SLP202 T01940178,null
LIT,2024-12-16 16:53,68,63,84.03,240,11,0,30.13,1020.3,10,19,OVC,null,null,null,1500,null,null,null,null,null,null,null,null,null,null,68,KLIT 161653Z 24011G19KT 10SM OVC015 20/17 A3013 RMK AO2 SLP203 T02000172 $,null
LIT,2024-12-16 17:53,68,64,87.03,240,12,0,30.1,1019.5,10,null,OVC,null,null,null,1500,null,null,null,null,null,null,null,null,null,null,68,KLIT 161753Z 24012KT 10SM OVC015 20/18 A3010 RMK AO2 SLP195 60000 T02000178 58002,null
LIT,2024-12-16 18:53,70,64,81.27,260,12,0,30.08,1018.8,10,19,SCT,OVC,null,null,1600,2300,null,null,null,null,null,null,null,null,null,70,KLIT 161853Z 26012G19KT 10SM SCT016 OVC023 21/18 A3008 RMK AO2 SLP188 T02110178,null
LIT,2024-12-16 19:53,70,64,81.27,250,11,0,30.07,1018.2,10,18,BKN,OVC,null,null,1800,2400,null,null,null,null,null,null,null,null,null,70,KLIT 161953Z 25011G18KT 10SM BKN018 OVC024 21/18 A3007 RMK AO2 SLP182 T02110178,null
LIT,2024-12-16 20:53,70,64,81.27,250,11,0,30.07,1018.4,10,22,FEW,BKN,OVC,null,2000,2700,3400,null,null,null,null,null,null,null,null,70,KLIT 162053Z 25011G22KT 10SM FEW020 BKN027 OVC034 21/18 A3007 RMK AO2 SLP184 T02110178 55010,null
LIT,2024-12-16 21:53,69,64,84.09,250,9,T,30.1,1019.4,10,null,FEW,BKN,OVC,null,2000,2500,5000,null,null,null,null,null,null,null,null,69,KLIT 162153Z 25009KT 10SM FEW020 BKN025 OVC050 21/18 A3010 RMK AO2 RAB17E27 SLP194 P0000 T02060178,null
LIT,2024-12-16 22:53,67,65,93.29,0,0,0.02,30.11,1019.8,10,null,BKN,OVC,null,null,1700,2500,null,null,null,null,null,null,null,null,null,67,KLIT 162253Z 00000KT 10SM BKN017 OVC025 19/18 A3011 RMK AO2 RAB2158E17 SLP198 P0002 T01940183 $,null
LIT,2024-12-16 23:53,66,64,93.26,10,11,T,30.14,1020.9,9,null,BKN,OVC,null,null,2500,4000,null,null,VCTS,null,null,null,null,null,null,66,KLIT 162353Z COR 01011KT 9SM BKN025 OVC040 19/18 A3014 RMK AO2 RAB37E46 PRESRR SLP209 P0000 60002 T01890178 10211 20189 53024 $,null
LIT,2024-12-16 23:56,66,64,93.26,10,12,0,30.14,null,8,null,FEW,BKN,OVC,null,1100,2500,4000,null,null,null,null,null,null,null,null,66,KLIT 162356Z 01012KT 8SM FEW011 BKN025 OVC040 19/18 A3014 RMK AO2 T01890178 $,null
LIT,2024-12-17 0:06,64,61,89.97,10,16,T,30.15,null,7,22,FEW,BKN,OVC,null,1100,2500,4000,null,#NAME?,null,null,null,null,null,null,64,KLIT 170006Z 01016G22KT 7SM -TSRA FEW011 BKN025CB OVC040 18/16 A3015 RMK AO2 WSHFT 2352 RAB02 TSB06 OCNL LTGICCCCG SW TS SW MOV NE P0000 T01780161 $,null
LIT,2024-12-17 0:10,63,61,93.18,10,13,0.07,30.15,null,2.5,22,FEW,BKN,OVC,null,1100,2500,4000,null,TSRA,null,null,null,null,null,null,63,KLIT 170010Z 01013G22KT 2 1/2SM TSRA FEW011 BKN025CB OVC040 17/16 A3015 RMK AO2 WSHFT 2352 RAB02 TSB06 OCNL LTGICCCCG SW TS SW MOV NE P0007 T01720161 $,null
LIT,2024-12-17 0:32,62,59,89.89,30,9,0.11,30.16,null,7,null,FEW,BKN,OVC,null,600,2500,4000,null,#NAME?,null,null,null,null,null,null,62,KLIT 170032Z 03009KT 7SM -TSRA FEW006 BKN025CB OVC040 17/15 A3016 RMK AO2 WSHFT 2352 RAB02 TSB06 OCNL LTGICCCCG SW TS SW MOV NE P0011 T01670150 $,null
LIT,2024-12-17 0:53,61,59,93.12,20,7,0.11,30.15,1021.2,10,null,FEW,BKN,OVC,null,2500,3500,4500,null,#NAME?,null,null,null,null,null,null,61,KLIT 170053Z 02007KT 10SM -TSRA FEW025 BKN035CB OVC045 16/15 A3015 RMK AO2 WSHFT 2352 RAB02 TSB06 SLP212 OCNL LTGICCCCG SW TS SW MOV NE P0011 T01610150 $,null
LIT,2024-12-17 1:39,62,56,80.68,0,0,T,30.18,null,10,null,BKN,OVC,null,null,5000,8000,null,null,#NAME?,null,null,null,null,null,null,62,KLIT 170139Z 00000KT 10SM -RA BKN050 OVC080 17/13 A3018 RMK AO2 TSE38 TS MOVD NE P0000 T01670133 $,null
LIT,2024-12-17 1:53,61,57,86.67,0,0,T,30.19,1022.5,10,null,BKN,OVC,null,null,5000,8000,null,null,null,null,null,null,null,null,null,61,KLIT 170153Z 00000KT 10SM BKN050 OVC080 16/14 A3019 RMK AO2 RAE41 TSE38 SLP225 TS MOVD NE P0000 T01610139 $,null
LIT,2024-12-17 2:53,59,56,89.76,350,7,T,30.18,1022.2,10,null,BKN,OVC,null,null,7000,9000,null,null,null,null,null,null,null,null,null,59,KLIT 170253Z 35007KT 10SM BKN070 OVC090 15/13 A3018 RMK AO2 RAB25E36 SLP222 P0000 60011 T01500133 50013 $,null
LIT,2024-12-17 3:53,60,56,86.61,0,0,0,30.21,1023.1,10,null,OVC,null,null,null,7500,null,null,null,null,null,null,null,null,null,null,60,KLIT 170353Z 00000KT 10SM OVC075 16/13 A3021 RMK AO2 LTG DSNT SE SLP231 T01560133 $,null
LIT,2024-12-17 4:53,58,55,89.72,20,5,0,30.22,1023.4,10,null,OVC,null,null,null,7500,null,null,null,null,null,null,null,null,null,null,58,KLIT 170453Z 02005KT 10SM OVC075 14/13 A3022 RMK AO2 SLP234 T01440128 $,null
LIT,2024-12-17 5:53,57,52,83.33,20,4,0,30.24,1024.1,10,null,FEW,OVC,null,null,7500,10000,null,null,null,null,null,null,null,null,null,57,KLIT 170553Z 02004KT 10SM FEW075 OVC100 14/11 A3024 RMK AO2 SLP241 60011 T01390111 10189 20139 402110139 51018 $,null
LIT,2024-12-17 6:53,57,51,80.31,0,0,0,30.26,1024.7,10,null,OVC,null,null,null,8000,null,null,null,null,null,null,null,null,null,null,57,KLIT 170653Z 00000KT 10SM OVC080 14/11 A3026 RMK AO2 SLP247 T01390106 $,null
LIT,2024-12-17 7:53,56,49,77.29,70,5,T,30.26,1024.7,10,null,SCT,BKN,OVC,null,7500,9000,11000,null,#NAME?,null,null,null,null,null,null,56,KLIT 170753Z 07005KT 10SM -RA SCT075 BKN090 OVC110 13/09 A3026 RMK AO2 RAB53 SLP247 P0000 T01330094 $,null
LIT,2024-12-17 8:53,55,46,71.6,100,4,T,30.26,1024.7,10,null,FEW,SCT,BKN,null,8000,9000,12000,null,null,null,null,null,null,null,null,55,KLIT 170853Z 10004KT 10SM FEW080 SCT090 BKN120 13/08 A3026 RMK AO2 RAE41 SLP247 P0000 60000 T01280078 50006 $,null
LIT,2024-12-17 9:53,52,45,76.94,50,6,0,30.24,1024.1,10,null,BKN,null,null,null,7000,null,null,null,null,null,null,null,null,null,null,52,KLIT 170953Z 05006KT 10SM BKN070 11/07 A3024 RMK AO2 SLP241 T01110072 $,null
LIT,2024-12-17 10:53,53,44,71.39,70,7,0,30.24,1024.3,10,null,OVC,null,null,null,6500,null,null,null,null,null,null,null,null,null,null,53,KLIT 171053Z 07007KT 10SM OVC065 12/07 A3024 RMK AO2 SLP243 T01170067 $,null
LIT,2024-12-17 11:53,52,43,71.28,70,6,0,30.25,1024.6,10,null,SCT,OVC,null,null,6000,8000,null,null,null,null,null,null,null,null,null,52,KLIT 171153Z 07006KT 10SM SCT060 OVC080 11/06 A3025 RMK AO2 SLP246 60000 70013 T01110061 10144 20106 55000 $,null
LIT,2024-12-17 12:53,51,42,71.18,70,7,0,30.26,1024.9,10,null,BKN,null,null,null,11000,null,null,null,null,null,null,null,null,null,null,51,KLIT 171253Z 07007KT 10SM BKN110 11/06 A3026 RMK AO2 SLP249 T01060056 $,null
LIT,2024-12-17 13:53,52,41,66,80,8,0,30.27,1025.2,10,null,FEW,BKN,BKN,null,2500,4800,6000,null,null,null,null,null,null,null,null,52,KLIT 171353Z 08008KT 10SM FEW025 BKN048 BKN060 11/05 A3027 RMK AO2 SLP252 T01110050 $,null
LIT,2024-12-17 14:53,52,41,66,90,10,0,30.28,1025.7,10,null,SCT,BKN,null,null,2700,3900,null,null,null,null,null,null,null,null,null,52,KLIT 171453Z 09010KT 10SM SCT027 BKN039 11/05 A3028 RMK AO2 SLP257 T01110050 53010,null
LIT,2024-12-17 15:41,53,42,66.12,100,8,0,30.29,null,10,null,BKN,OVC,null,null,2300,2900,null,null,null,null,null,null,null,null,null,53,KLIT 171541Z 10008KT 10SM BKN023 OVC029 12/06 A3029 RMK AO2 T01170056,null
LIT,2024-12-17 15:53,53,42,66.12,100,10,0,30.29,1025.8,10,null,BKN,OVC,null,null,2300,2900,null,null,null,null,null,null,null,null,null,53,KLIT 171553Z 10010KT 10SM BKN023 OVC029 12/06 A3029 RMK AO2 SLP258 T01170056,null
LIT,2024-12-17 16:53,54,43,66.24,110,9,0,30.28,1025.7,10,null,OVC,null,null,null,2000,null,null,null,null,null,null,null,null,null,null,54,KLIT 171653Z 11009KT 10SM OVC020 12/06 A3028 RMK AO2 SLP257 T01220061,null
LIT,2024-12-17 17:53,54,44,68.82,130,9,0,30.24,1024.3,10,null,OVC,null,null,null,1600,null,null,null,null,null,null,null,null,null,null,54,KLIT 171753Z 13009KT 10SM OVC016 12/07 A3024 RMK AO2 SLP243 T01220067 10128 20106 58014,null
LIT,2024-12-17 18:49,53.6,46.4,76.5,120,7,0.01,30.21,null,10,null,OVC,null,null,null,1400,null,null,null,#NAME?,null,null,null,null,null,null,53.6,KLIT 171849Z 12007KT 10SM -RA OVC014 12/08 A3021 RMK AO2 RAB12 P0001,null
LIT,2024-12-17 18:53,54,47,77.12,130,8,0.01,30.2,1023,10,null,OVC,null,null,null,1400,null,null,null,#NAME?,null,null,null,null,null,null,54,KLIT 171853Z 13008KT 10SM -RA OVC014 12/08 A3020 RMK AO2 RAB12 SLP230 P0001 T01220083,null
LIT,2024-12-17 19:53,54,48,80.07,110,3,T,30.18,1022.3,10,null,OVC,null,null,null,1300,null,null,null,null,null,null,null,null,null,null,54,KLIT 171953Z 11003KT 10SM OVC013 12/09 A3018 RMK AO2 RAE1854 SLP223 P0000 T01220089,null
LIT,2024-12-17 20:53,56,49,77.29,0,0,0,30.18,1022.2,10,null,OVC,null,null,null,1200,null,null,null,null,null,null,null,null,null,null,56,KLIT 172053Z 00000KT 10SM OVC012 13/09 A3018 RMK AO2 SLP222 60001 T01330094 56009,null
LIT,2024-12-17 21:53,56,50,80.23,80,3,0,30.18,1022.2,10,null,OVC,null,null,null,1200,null,null,null,null,null,null,null,null,null,null,56,KLIT 172153Z 08003KT 10SM OVC012 13/10 A3018 RMK AO2 SLP222 T01330100,null
LIT,2024-12-17 22:53,56,50,80.23,100,4,0,30.17,1021.8,10,null,OVC,null,null,null,1100,null,null,null,null,null,null,null,null,null,null,56,KLIT 172253Z 10004KT 10SM OVC011 13/10 A3017 RMK AO2 SLP218 T01330100,null
LIT,2024-12-17 23:24,56,51,83.26,100,6,0,30.16,null,10,null,OVC,null,null,null,900,null,null,null,null,null,null,null,null,null,null,56,KLIT 172324Z 10006KT 10SM OVC009 13/11 A3016 RMK AO2 T01330106,null
LIT,2024-12-17 23:53,56,52,86.4,100,4,0,30.16,1021.6,10,null,OVC,null,null,null,800,null,null,null,null,null,null,null,null,null,null,56,KLIT 172353Z 10004KT 10SM OVC008 13/11 A3016 RMK AO2 SLP216 60001 T01330111 10133 20117 58006,null
LIT,2024-12-18 0:53,56,52,86.4,40,3,0,30.17,1021.9,10,null,OVC,null,null,null,800,null,null,null,null,null,null,null,null,null,null,56,KLIT 180053Z 04003KT 10SM OVC008 13/11 A3017 RMK AO2 SLP219 T01330111,null
LIT,2024-12-18 1:53,56,52,86.4,110,3,0,30.17,1021.7,10,null,OVC,null,null,null,700,null,null,null,null,null,null,null,null,null,null,56,KLIT 180153Z 11003KT 10SM OVC007 13/11 A3017 RMK AO2 SLP217 T01330111,null
LIT,2024-12-18 2:44,55,53,92.95,0,0,0,30.16,null,5,null,OVC,null,null,null,400,null,null,null,BR,null,null,null,null,null,null,55,KLIT 180244Z 00000KT 5SM BR OVC004 13/12 A3016 RMK AO2 T01280117,null
LIT,2024-12-18 2:53,55,53,92.95,130,3,0,30.16,1021.4,5,null,OVC,null,null,null,400,null,null,null,BR,null,null,null,null,null,null,55,KLIT 180253Z 13003KT 5SM BR OVC004 13/12 A3016 RMK AO2 SLP214 T01280117 58002,null
LIT,2024-12-18 3:10,55,54,96.42,0,0,0,30.16,null,1,null,OVC,null,null,null,400,null,null,null,BR,null,null,null,null,null,null,55,KLIT 180310Z 00000KT 1SM BR OVC004 13/12 A3016 RMK AO2 T01280122 RVRNO,null
LIT,2024-12-18 3:53,55,54,96.42,0,0,0,30.15,1021.3,0.75,null,OVC,null,null,null,300,null,null,null,BR,null,null,null,null,null,null,55,KLIT 180353Z 00000KT 3/4SM BR OVC003 13/12 A3015 RMK AO2 SLP213 T01280122 RVRNO,null
LIT,2024-12-18 4:21,55,54,96.42,210,3,0,30.15,null,0.5,null,VV ,null,null,null,300,null,null,null,FG,null,null,null,null,null,null,55,KLIT 180421Z 21003KT 1/2SM FG VV003 13/12 A3015 RMK AO2 T01280122 RVRNO,null
LIT,2024-12-18 4:32,55,54,96.42,210,3,0,30.15,null,0.25,null,VV ,null,null,null,200,null,null,null,FG,null,null,null,null,null,null,55,KLIT 180432Z 21003KT 1/4SM FG VV002 13/12 A3015 RMK AO2 T01280122 RVRNO,null
LIT,2024-12-18 4:53,55,54,96.42,0,0,0,30.15,1021,0.25,null,VV ,null,null,null,200,null,null,null,FG,null,null,null,null,null,null,55,KLIT 180453Z 00000KT 1/4SM FG VV002 13/12 A3015 RMK AO2 SLP210 T01280122 RVRNO,null
LIT,2024-12-18 5:07,55,54,96.42,0,0,0,30.14,null,0.12,null,VV ,null,null,null,200,null,null,null,FG,null,null,null,null,null,null,55,KLIT 180507Z 00000KT 1/8SM FG VV002 13/12 A3014 RMK AO2 T01280122 RVRNO,null
LIT,2024-12-18 5:53,55,55,100,190,7,0,30.09,1019,0.12,null,VV ,null,null,null,200,null,null,null,FG,null,null,null,null,null,null,55,KLIT 180553Z 19007KT 1/8SM FG VV002 13/13 A3009 RMK AO2 PRESFR SLP190 T01280128 10133 20128 401440106 58024 RVRNO,null
LIT,2024-12-18 6:53,58,58,100,230,6,0,30.1,1019.6,0.25,null,VV ,null,null,null,200,null,null,null,FG,null,null,null,null,null,null,58,KLIT 180653Z 23006KT 1/4SM FG VV002 14/14 A3010 RMK AO2 SLP196 T01440144 RVRNO,null
LIT,2024-12-18 7:11,59,59,100,250,5,0,30.1,null,0.5,null,VV ,null,null,null,300,null,null,null,FG,null,null,null,null,null,null,59,KLIT 180711Z 25005KT 1/2SM FG VV003 15/15 A3010 RMK AO2 T01500150 RVRNO,null
LIT,2024-12-18 7:53,60,60,100,250,7,0,30.09,1019.1,2.5,null,OVC,null,null,null,400,null,null,null,BR,null,null,null,null,null,null,60,KLIT 180753Z 25007KT 2 1/2SM BR OVC004 16/16 A3009 RMK AO2 SLP191 T01560156,null
LIT,2024-12-18 8:38,61,60,96.51,270,8,0,30.08,null,5,null,OVC,null,null,null,600,null,null,null,BR,null,null,null,null,null,null,61,KLIT 180838Z 27008KT 5SM BR OVC006 16/16 A3008 RMK AO2 CIG 003V009 T01610156,null
LIT,2024-12-18 8:53,61,60,96.51,260,6,0,30.08,1018.7,5,null,OVC,null,null,null,600,null,null,null,BR,null,null,null,null,null,null,61,KLIT 180853Z 26006KT 5SM BR OVC006 16/16 A3008 RMK AO2 CIG 005V010 SLP187 OCNL LTG DSNT W-N CB DSNT W-N MOV E T01610156 58002,null
LIT,2024-12-18 9:26,60,58,93.1,350,17,0.01,30.11,null,5,23,OVC,null,null,null,600,null,null,null,#NAME?,null,null,null,null,null,null,60,KLIT 180926Z 35017G23KT 5SM -RA BR OVC006 16/14 A3011 RMK AO2 WSHFT 0909 RAB24 TSE17 OCNL LTG DSNT W-N CB DSNT W-N MOV E P0001 T01560144,null
LIT,2024-12-18 9:35,59,58,96.48,310,10,0.01,30.13,null,6,23,BKN,OVC,null,null,600,1200,null,null,TSRA,null,null,null,null,null,null,59,KLIT 180935Z 31010G23KT 6SM TSRA BKN006CB OVC012 15/14 A3013 RMK AO2 WSHFT 0909 RAB24 TSE17B35 FRQ LTGICCCCG OHD TS OHD MOV E P0001 T01500144,null
LIT,2024-12-18 9:35,null,null,null,310,10,0.01,30.13,null,6,null,BKN,OVC,null,null,600,1200,null,null,RA,null,null,null,null,null,null,null,KLIT 180935Z AUTO 31010KT 6SM RA BKN006 OVC012 15/14 A3013 RMK P0001 T01500140  LTG DSNT W-NE!FRQ LTGICCCCG OHD TS OHD MOV E MADISHF,null
LIT,2024-12-18 9:53,58,57,96.46,330,6,0.12,30.11,1019.6,2,null,BKN,OVC,null,null,900,2900,null,null,#NAME?,null,null,null,null,null,null,58,KLIT 180953Z 33006KT 2SM +TSRA BKN009CB OVC029 14/14 A3011 RMK AO2 WSHFT 0909 RAB24 TSE17B35 SLP196 FRQ LTGICCCCG OHD TS OHD MOV E P0012 T01440139,null
LIT,2024-12-18 10:19,58,57,96.46,250,3,0.29,30.12,null,1.25,null,FEW,OVC,null,null,900,2900,null,null,#NAME?,null,null,null,null,null,null,58,KLIT 181019Z 25003KT 1 1/4SM +TSRA FEW009 OVC029CB 14/14 A3012 RMK AO2 FRQ LTGICCCCG OHD TS OHD MOV E P0029 T01440139,null
LIT,2024-12-18 10:53,59,57,93.07,320,4,0.45,30.11,1019.6,3,null,BKN,OVC,null,null,4900,7000,null,null,TSRA,null,null,null,null,null,null,59,KLIT 181053Z 32004KT 3SM TSRA BKN049CB OVC070 15/14 A3011 RMK AO2 SLP196 OCNL LTGICCCCG OHD TS OHD MOV E P0045 T01500139,null
LIT,2024-12-18 11:18,58,56,93.04,280,3,0.01,30.11,null,8,null,SCT,OVC,null,null,9000,11000,null,null,#NAME?,null,null,null,null,null,null,58,KLIT 181118Z COR 28003KT 8SM -RA SCT090 OVC110 14/13 A3011 RMK AO2 TSE18 OCNL LTG DSNT E-SW CB DSNT E-SW MOV E P0001 T01440133,null
LIT,2024-12-18 11:53,58,56,93.04,340,3,0.02,30.13,1020.5,10,null,OVC,null,null,null,11000,null,null,null,#NAME?,null,null,null,null,null,null,58,KLIT 181153Z 34003KT 10SM -RA OVC110 14/13 A3013 RMK AO2 TSE18 SLP205 OCNL LTG DSNT SE AND S CB DSNT SE AND S MOV E P0002 60059 70060 T01440133 10161 20128 53018,null
LIT,2024-12-18 12:53,58,55,89.72,330,5,0.02,30.18,1022.1,10,null,SCT,BKN,OVC,null,1900,8000,11000,null,#NAME?,null,null,null,null,null,null,58,KLIT 181253Z 33005KT 10SM -RA SCT019 BKN080 OVC110 14/13 A3018 RMK AO2 SLP221 P0002 T01440128,null
LIT,2024-12-18 13:53,57,54,89.68,330,5,0.02,30.2,1022.8,10,null,OVC,null,null,null,1200,null,null,null,null,null,null,null,null,null,null,57,KLIT 181353Z 33005KT 10SM OVC012 14/12 A3020 RMK AO2 RAE50 SLP228 TS MOV E P0002 T01390122,null
LIT,2024-12-18 14:53,57,55,93.01,340,10,0,30.24,1024.1,10,null,BKN,OVC,null,null,1200,16000,null,null,null,null,null,null,null,null,null,57,KLIT 181453Z 34010KT 10SM BKN012 OVC160 14/13 A3024 RMK AO2 SLP241 60004 T01390128 $,null
LIT,2024-12-18 15:53,59,55,86.56,350,6,0,30.27,1025,10,null,SCT,BKN,null,null,3500,16000,null,null,null,null,null,null,null,null,null,59,KLIT 181553Z 35006KT 10SM SCT035 BKN160 15/13 A3027 RMK AO2 SLP250 T01500128 $,null
LIT,2024-12-18 16:53,58,51,77.47,30,8,0,30.27,1025.1,10,null,SCT,BKN,BKN,null,1800,2600,3400,null,null,null,null,null,null,null,null,58,KLIT 181653Z 03008KT 10SM SCT018 BKN026 BKN034 14/11 A3027 RMK AO2 SLP251 T01440106 $,null
LIT,2024-12-18 17:53,57,48,71.81,40,14,0,30.28,1025.7,10,null,SCT,OVC,null,null,2600,3400,null,null,null,null,null,null,null,null,null,57,KLIT 181753Z 04014KT 10SM SCT026 OVC034 14/09 A3028 RMK AO2 SLP257 60004 T01390089 10156 20139 51016 $,null
LIT,2024-12-18 18:53,55,46,71.6,20,14,0,30.29,1025.9,10,20,OVC,null,null,null,3000,null,null,null,null,null,null,null,null,null,null,55,KLIT 181853Z 02014G20KT 10SM OVC030 13/08 A3029 RMK AO2 SLP259 T01280078 $,null
LIT,2024-12-18 19:53,54,44,68.82,10,11,0,30.29,1025.7,10,null,OVC,null,null,null,3200,null,null,null,null,null,null,null,null,null,null,54,KLIT 181953Z 01011KT 10SM OVC032 12/07 A3029 RMK AO2 SLP257 T01220067 $,null
LIT,2024-12-18 20:53,54,43,66.24,10,11,0,30.31,1026.5,10,null,OVC,null,null,null,3200,null,null,null,null,null,null,null,null,null,null,54,KLIT 182053Z 01011KT 10SM OVC032 12/06 A3031 RMK AO2 SLP265 T01220061 53009 $,null
LIT,2024-12-18 21:18,53,44,71.39,350,12,0,30.32,null,10,null,BKN,OVC,null,null,2600,3000,null,null,null,null,null,null,null,null,null,53,KLIT 182118Z 35012KT 10SM BKN026 OVC030 12/07 A3032 RMK AO2 T01170067 $,null
LIT,2024-12-18 21:53,52,44,74.07,10,8,0,30.33,1027.2,10,null,OVC,null,null,null,2500,null,null,null,null,null,null,null,null,null,null,52,KLIT 182153Z 01008KT 10SM OVC025 11/07 A3033 RMK AO2 SLP272 T01110067 $,null
LIT,2024-12-18 22:53,52,43,71.28,360,7,0,30.34,1027.6,10,null,OVC,null,null,null,3000,null,null,null,null,null,null,null,null,null,null,52,KLIT 182253Z 36007KT 10SM OVC030 11/06 A3034 RMK AO2 SLP276 T01110061 $,null
LIT,2024-12-18 23:53,51,43,73.97,350,6,0,30.35,1028,10,null,OVC,null,null,null,3000,null,null,null,null,null,null,null,null,null,null,51,KLIT 182353Z 35006KT 10SM OVC030 11/06 A3035 RMK AO2 SLP280 T01060061 10139 20106 51014 $,null
LIT,2024-12-19 0:53,51,43,73.97,20,4,0,30.37,1028.6,10,null,OVC,null,null,null,3500,null,null,null,null,null,null,null,null,null,null,51,KLIT 190053Z 02004KT 10SM OVC035 11/06 A3037 RMK AO2 SLP286 T01060061 $,null
LIT,2024-12-19 1:53,50,42,73.87,10,5,0,30.37,1028.6,10,null,OVC,null,null,null,4000,null,null,null,null,null,null,null,null,null,null,50,KLIT 190153Z 01005KT 10SM OVC040 10/06 A3037 RMK AO2 SLP286 T01000056 $,null
LIT,2024-12-19 2:53,48,40,73.67,30,4,0,30.37,1028.5,10,null,BKN,null,null,null,4000,null,null,null,null,null,null,null,null,null,null,46.1,KLIT 190253Z 03004KT 10SM BKN040 09/04 A3037 RMK AO2 SLP285 T00890044 50005 $,null
LIT,2024-12-19 3:53,45,39,79.36,30,4,0,30.37,1028.8,10,null,SCT,null,null,null,4000,null,null,null,null,null,null,null,null,null,null,42.6,KLIT 190353Z 03004KT 10SM SCT040 07/04 A3037 RMK AO2 SLP288 T00720039 $,null
LIT,2024-12-19 4:53,44,39,82.44,80,4,0,30.37,1028.6,10,null,FEW,null,null,null,4000,null,null,null,null,null,null,null,null,null,null,41.43,KLIT 190453Z 08004KT 10SM FEW040 07/04 A3037 RMK AO2 SLP286 T00670039 $,null
LIT,2024-12-19 5:53,43,39,85.66,80,3,0,30.35,1028,10,null,CLR,null,null,null,null,null,null,null,null,null,null,null,null,null,null,41.26,KLIT 190553Z 08003KT 10SM CLR 06/04 A3035 RMK AO2 SLP280 T00610039 10106 20061 401610061 58005 $,null
LIT,2024-12-19 6:53,41,38,88.97,0,0,0,30.36,1028.2,10,null,CLR,null,null,null,null,null,null,null,null,null,null,null,null,null,null,41,KLIT 190653Z 00000KT 10SM CLR 05/03 A3036 RMK AO2 SLP282 T00500033 $,null
LIT,2024-12-19 7:53,39,38,96.16,0,0,0,30.36,1028.3,10,null,CLR,null,null,null,null,null,null,null,null,null,null,null,null,null,null,39,KLIT 190753Z 00000KT 10SM CLR 04/03 A3036 RMK AO2 SLP283 T00390033 $,null
LIT,2024-12-19 8:53,40,37,88.92,0,0,0,30.37,1028.6,10,null,CLR,null,null,null,null,null,null,null,null,null,null,null,null,null,null,40,KLIT 190853Z 00000KT 10SM CLR 04/03 A3037 RMK AO2 SLP286 T00440028 53005 $,null
LIT,2024-12-19 9:53,39,36,88.87,0,0,0,30.35,1028.2,10,null,CLR,null,null,null,null,null,null,null,null,null,null,null,null,null,null,39,KLIT 190953Z 00000KT 10SM CLR 04/02 A3035 RMK AO2 SLP282 T00390022 $,null
LIT,2024-12-19 10:53,37,34,88.78,40,4,0,30.36,1028.5,10,null,CLR,null,null,null,null,null,null,null,null,null,null,null,null,null,null,33.26,KLIT 191053Z 04004KT 10SM CLR 03/01 A3036 RMK AO2 SLP285 T00280011 $,null
LIT,2024-12-19 11:53,37,34,88.78,90,4,0,30.36,1028.5,10,null,FEW,null,null,null,25000,null,null,null,null,null,null,null,null,null,null,33.26,KLIT 191153Z 09004KT 10SM FEW250 03/01 A3036 RMK AO2 SLP285 70004 T00280011 10061 20022 56001 $,null
LIT,2024-12-19 12:53,37,35,92.39,0,0,0,30.36,1028.5,10,null,FEW,null,null,null,25000,null,null,null,null,null,null,null,null,null,null,37,KLIT 191253Z 00000KT 10SM FEW250 03/02 A3036 RMK AO2 SLP285 T00280017 $,null
LIT,2024-12-19 13:53,38,36,92.42,0,0,0,30.36,1028.6,9,null,FEW,BKN,null,null,1000,25000,null,null,null,null,null,null,null,null,null,38,KLIT 191353Z 00000KT 9SM FEW010 BKN250 03/02 A3036 RMK AO2 SLP286 T00330022 $,null
LIT,2024-12-19 14:53,42,37,82.3,120,3,0,30.37,1028.7,10,null,FEW,FEW,null,null,1000,25000,null,null,null,null,null,null,null,null,null,40.12,KLIT 191453Z 12003KT 10SM FEW010 FEW250 06/03 A3037 RMK AO2 SLP287 T00560028 53002 $,null
LIT,2024-12-19 15:53,45,38,76.31,170,5,0,30.36,1028.5,10,null,BKN,null,null,null,25000,null,null,null,null,null,null,null,null,null,null,41.83,KLIT 191553Z COR 17005KT 10SM BKN250 07/03 A3036 RMK AO2 SLP285 T00720033,null
LIT,2024-12-19 16:53,47,38,70.74,170,5,0,30.32,1027.1,10,null,BKN,null,null,null,25000,null,null,null,null,null,null,null,null,null,null,44.21,KLIT 191653Z 17005KT 10SM BKN250 08/03 A3032 RMK AO2 SLP271 T00830033,null
LIT,2024-12-19 17:53,49,38,65.63,0,0,0,30.29,1026.2,10,null,BKN,null,null,null,25000,null,null,null,null,null,null,null,null,null,null,49,KLIT 191753Z 00000KT 10SM BKN250 09/03 A3029 RMK AO2 SLP262 T00940033 10094 20022 58025,null
LIT,2024-12-19 18:53,52,38,58.71,280,6,0,30.26,1025.2,9,null,FEW,SCT,null,null,3500,25000,null,null,null,null,null,null,null,null,null,52,KLIT 191853Z 28006KT 9SM FEW035 SCT250 11/03 A3026 RMK AO2 SLP252 T01110033,null
LIT,2024-12-19 19:53,54,38,54.56,290,6,0,30.23,1024.1,10,null,FEW,FEW,null,null,3500,25000,null,null,null,null,null,null,null,null,null,54,KLIT 191953Z 29006KT 10SM FEW035 FEW250 12/03 A3023 RMK AO2 SLP241 T01220033,null
LIT,2024-12-19 20:53,54,38,54.56,null,4,0,30.22,1023.7,10,null,SCT,null,null,null,25000,null,null,null,null,null,null,null,null,null,null,54,KLIT 192053Z VRB04KT 10SM SCT250 12/03 A3022 RMK AO2 SLP237 T01220033 56024,null
LIT,2024-12-19 21:53,55,38,52.6,270,6,0,30.21,1023.5,10,null,FEW,null,null,null,25000,null,null,null,null,null,null,null,null,null,null,55,KLIT 192153Z 27006KT 10SM FEW250 13/03 A3021 RMK AO2 SLP235 T01280033,null
LIT,2024-12-19 22:53,52,39,61.06,240,6,0,30.21,1023.3,10,null,FEW,null,null,null,25000,null,null,null,null,null,null,null,null,null,null,52,KLIT 192253Z 24006KT 10SM FEW250 11/04 A3021 RMK AO2 SLP233 T01110039,null
LIT,2024-12-19 23:53,51,39,63.36,260,4,0,30.22,1023.5,10,null,FEW,null,null,null,25000,null,null,null,null,null,null,null,null,null,null,51,KLIT 192353Z 26004KT 10SM FEW250 11/04 A3022 RMK AO2 SLP235 T01060039 10128 20094 55002,null
LIT,2024-12-20 0:53,47,39,73.57,230,4,0,30.23,1024,10,null,FEW,null,null,null,25000,null,null,null,null,null,null,null,null,null,null,44.94,KLIT 200053Z 23004KT 10SM FEW250 08/04 A3023 RMK AO2 SLP240 T00830039,null
LIT,2024-12-20 1:53,47,39,73.57,260,5,0,30.24,1024.3,10,null,CLR,null,null,null,null,null,null,null,null,null,null,null,null,null,null,44.21,KLIT 200153Z 26005KT 10SM CLR 08/04 A3024 RMK AO2 SLP243 T00830039,null
LIT,2024-12-20 2:53,45,39,79.36,260,5,0,30.25,1024.6,10,null,CLR,null,null,null,null,null,null,null,null,null,null,null,null,null,null,41.83,KLIT 200253Z 26005KT 10SM CLR 07/04 A3025 RMK AO2 SLP246 T00720039 51010,null
LIT,2024-12-20 3:53,44,39,82.44,270,6,0,30.25,1024.8,10,null,CLR,null,null,null,null,null,null,null,null,null,null,null,null,null,null,39.98,KLIT 200353Z 27006KT 10SM CLR 07/04 A3025 RMK AO2 SLP248 T00670039,null
LIT,2024-12-20 4:53,43,39,85.66,270,4,0,30.24,1024.4,10,null,CLR,null,null,null,null,null,null,null,null,null,null,null,null,null,null,40.27,KLIT 200453Z 27004KT 10SM CLR 06/04 A3024 RMK AO2 SLP244 T00610039,null
LIT,2024-12-20 5:53,43,39,85.66,270,8,0,30.24,1024.4,10,null,CLR,null,null,null,null,null,null,null,null,null,null,null,null,null,null,37.66,KLIT 200553Z 27008KT 10SM CLR 06/04 A3024 RMK AO2 SLP244 T00610039 10106 20061 401280022 58002,null
LIT,2024-12-20 6:53,42,39,89.01,270,8,0,30.23,1023.9,10,null,CLR,null,null,null,null,null,null,null,null,null,null,null,null,null,null,36.43,KLIT 200653Z 27008KT 10SM CLR 06/04 A3023 RMK AO2 SLP239 T00560039,null
LIT,2024-12-20 7:53,42,39,89.01,280,7,0,30.22,1023.4,10,null,CLR,null,null,null,null,null,null,null,null,null,null,null,null,null,null,36.97,KLIT 200753Z 28007KT 10SM CLR 06/04 A3022 RMK AO2 SLP234 T00560039,null
LIT,2024-12-20 8:53,41,38,88.97,280,6,0,30.21,1023.2,10,null,CLR,null,null,null,null,null,null,null,null,null,null,null,null,null,null,36.37,KLIT 200853Z 28006KT 10SM CLR 05/03 A3021 RMK AO2 SLP232 T00500033 56011,null
LIT,2024-12-20 9:53,39,37,92.45,290,4,0,30.21,1023.5,10,null,CLR,null,null,null,null,null,null,null,null,null,null,null,null,null,null,35.59,KLIT 200953Z 29004KT 10SM CLR 04/03 A3021 RMK AO2 SLP235 T00390028,null
LIT,2024-12-20 10:53,42,36,79.11,290,6,0,30.22,1023.8,10,null,CLR,null,null,null,null,null,null,null,null,null,null,null,null,null,null,37.57,KLIT 201053Z 29006KT 10SM CLR 06/02 A3022 RMK AO2 SLP238 T00560022,null
LIT,2024-12-20 11:53,41,35,79.02,290,7,0,30.23,1023.9,10,null,CLR,null,null,null,null,null,null,null,null,null,null,null,null,null,null,35.75,KLIT 201153Z 29007KT 10SM CLR 05/02 A3023 RMK AO2 SLP239 T00500017 10061 20039 52006,null
LIT,2024-12-20 12:53,44,34,67.66,340,11,0,30.26,1025,10,20,CLR,null,null,null,null,null,null,null,null,null,null,null,null,null,null,37.63,KLIT 201253Z 34011G20KT 10SM CLR 07/01 A3026 RMK AO2 SLP250 T00670011,null
LIT,2024-12-20 13:53,42,34,73.06,20,17,0,30.3,1026.5,10,21,CLR,null,null,null,null,null,null,null,null,null,null,null,null,null,null,33.18,KLIT 201353Z 02017G21KT 10SM CLR 06/01 A3030 RMK AO2 SLP265 T00560011,null
LIT,2024-12-20 14:53,41,26,54.84,360,16,0,30.34,1027.6,10,22,FEW,null,null,null,6000,null,null,null,null,null,null,null,null,null,null,32.15,KLIT 201453Z 36016G22KT 10SM FEW060 05/M03 A3034 RMK AO2 SLP276 T00501033 51036,null
LIT,2024-12-20 15:53,42,25,50.61,360,20,0,30.37,1028.9,10,27,CLR,null,null,null,null,null,null,null,null,null,null,null,27,10,2024-12-20 15:46,32.42,KLIT 201553Z 36020G27KT 10SM CLR 06/M04 A3037 RMK AO2 PK WND 01027/1546 SLP289 T00561039,null
LIT,2024-12-20 16:53,43,25,48.7,350,13,0,30.39,1029.5,10,21,CLR,null,null,null,null,null,null,null,null,null,null,null,28,340,2024-12-20 15:57,35.66,KLIT 201653Z 35013G21KT 10SM CLR 06/M04 A3039 RMK AO2 PK WND 34028/1557 SLP295 T00611039,null
LIT,2024-12-20 17:53,45,25,45.12,360,14,0,30.38,1029,10,24,FEW,null,null,null,25000,null,null,null,null,null,null,null,26,360,2024-12-20 17:05,37.92,KLIT 201753Z 36014G24KT 10SM FEW250 07/M04 A3038 RMK AO2 PK WND 36026/1705 SLP290 T00721039 10072 20050 50014,null
LIT,2024-12-20 18:53,46,26,45.29,360,12,0,30.37,1028.7,10,null,CLR,null,null,null,null,null,null,null,null,null,null,null,null,null,null,39.82,KLIT 201853Z 36012KT 10SM CLR 08/M03 A3037 RMK AO2 SLP287 T00781033,null
LIT,2024-12-20 19:53,47,24,40.12,350,13,0,30.38,1029,10,null,CLR,null,null,null,null,null,null,null,null,null,null,null,null,null,null,40.79,KLIT 201953Z 35013KT 10SM CLR 08/M04 A3038 RMK AO2 SLP290 T00831044,null
LIT,2024-12-20 20:53,46,24,41.67,10,13,0,30.39,1029.4,10,23,CLR,null,null,null,null,null,null,null,null,null,null,null,null,null,null,39.5,KLIT 202053Z 01013G23KT 10SM CLR 08/M04 A3039 RMK AO2 SLP294 T00781044 53004,null
LIT,2024-12-20 21:53,44,23,43.11,360,13,0,30.41,1030.1,10,21,CLR,null,null,null,null,null,null,null,null,null,null,null,null,null,null,36.94,KLIT 202153Z 36013G21KT 10SM CLR 07/M05 A3041 RMK AO2 SLP301 T00671050,null
LIT,2024-12-20 22:53,41,23,48.39,350,10,0,30.41,1030.2,10,null,CLR,null,null,null,null,null,null,null,null,null,null,null,null,null,null,34.25,KLIT 202253Z 35010KT 10SM CLR 05/M05 A3041 RMK AO2 SLP302 T00501050,null
LIT,2024-12-20 23:53,38,22,52.14,20,8,0,30.42,1030.4,10,null,CLR,null,null,null,null,null,null,null,null,null,null,null,null,null,null,31.5,KLIT 202353Z 02008KT 10SM CLR 03/M06 A3042 RMK AO2 SLP304 T00331056 10083 20033 51010,null
LIT,2024-12-21 0:53,38,22,52.14,30,8,0,30.42,1030.5,10,null,CLR,null,null,null,null,null,null,null,null,null,null,null,null,null,null,31.5,KLIT 210053Z 03008KT 10SM CLR 03/M06 A3042 RMK AO2 SLP305 T00331056,null
LIT,2024-12-21 1:53,36,22,56.42,20,7,0,30.43,1030.8,10,null,CLR,null,null,null,null,null,null,null,null,null,null,null,null,null,null,29.65,KLIT 210153Z 02007KT 10SM CLR 02/M06 A3043 RMK AO2 SLP308 T00221056,null
LIT,2024-12-21 2:53,34,22,61.09,20,6,0,30.43,1030.8,10,null,CLR,null,null,null,null,null,null,null,null,null,null,null,null,null,null,27.94,KLIT 210253Z 02006KT 10SM CLR 01/M06 A3043 RMK AO2 SLP308 T00111056 50002,null
LIT,2024-12-21 3:53,34,22,61.09,40,5,0,30.41,1030.3,10,null,CLR,null,null,null,null,null,null,null,null,null,null,null,null,null,null,28.77,KLIT 210353Z 04005KT 10SM CLR 01/M06 A3041 RMK AO2 SLP303 T00111056,null
LIT,2024-12-21 4:53,32,22,66.2,40,5,0,30.42,1030.4,10,null,CLR,null,null,null,null,null,null,null,null,null,null,null,null,null,null,26.4,KLIT 210453Z 04005KT 10SM CLR 00/M06 A3042 RMK AO2 SLP304 T00001056,null
LIT,2024-12-21 5:53,32,22,66.2,60,5,0,30.42,1030.6,10,null,CLR,null,null,null,null,null,null,null,null,null,null,null,null,null,null,26.4,KLIT 210553Z 06005KT 10SM CLR 00/M06 A3042 RMK AO2 SLP306 T00001056 10039 21006 400831006 55001,null
LIT,2024-12-21 6:53,31,22,68.92,50,5,0,30.43,1031,10,null,CLR,null,null,null,null,null,null,null,null,null,null,null,null,null,null,25.21,KLIT 210653Z 05005KT 10SM CLR M01/M06 A3043 RMK AO2 SLP310 T10061056,null
LIT,2024-12-21 7:53,29,22,74.77,30,6,0,30.45,1031.5,10,null,CLR,null,null,null,null,null,null,null,null,null,null,null,null,null,null,21.92,KLIT 210753Z 03006KT 10SM CLR M02/M06 A3045 RMK AO2 SLP315 T10171056,null
LIT,2024-12-21 8:53,30,22,71.78,50,6,0,30.45,1031.5,10,null,CLR,null,null,null,null,null,null,null,null,null,null,null,null,null,null,23.12,KLIT 210853Z 05006KT 10SM CLR M01/M06 A3045 RMK AO2 SLP315 T10111056 50008,null
LIT,2024-12-21 9:53,28,22,77.89,30,6,0,30.47,1032.3,10,null,CLR,null,null,null,null,null,null,null,null,null,null,null,null,null,null,20.71,KLIT 210953Z 03006KT 10SM CLR M02/M06 A3047 RMK AO2 SLP323 T10221056,null
LIT,2024-12-21 10:53,29,21,71.67,50,6,0,30.46,1031.9,10,null,CLR,null,null,null,null,null,null,null,null,null,null,null,null,null,null,21.92,KLIT 211053Z 05006KT 10SM CLR M02/M06 A3046 RMK AO2 SLP319 T10171061,null
LIT,2024-12-21 11:53,28,21,74.67,50,6,0,30.46,1032.1,10,null,CLR,null,null,null,null,null,null,null,null,null,null,null,null,null,null,20.71,KLIT 211153Z 05006KT 10SM CLR M02/M06 A3046 RMK AO2 SLP321 T10221061 10000 21028 51006,null
LIT,2024-12-21 12:53,26,21,81.09,20,4,0,30.5,1033.2,10,null,CLR,null,null,null,null,null,null,null,null,null,null,null,null,null,null,20.41,KLIT 211253Z 02004KT 10SM CLR M03/M06 A3050 RMK AO2 SLP332 T10331061,null
LIT,2024-12-21 13:53,29,22,74.77,20,5,0,30.53,1034.1,10,null,CLR,null,null,null,null,null,null,null,null,null,null,null,null,null,null,22.83,KLIT 211353Z 02005KT 10SM CLR M02/M06 A3053 RMK AO2 SLP341 T10171056,null
LIT,2024-12-21 14:53,32,23,69.04,70,9,0,30.53,1034.4,10,null,CLR,null,null,null,null,null,null,null,null,null,null,null,null,null,null,23.51,KLIT 211453Z 07009KT 10SM CLR 00/M05 A3053 RMK AO2 SLP344 T00001050 51023,null
LIT,2024-12-21 15:53,35,24,63.85,90,9,0,30.52,1034,10,null,CLR,null,null,null,null,null,null,null,null,null,null,null,null,null,null,27.24,KLIT 211553Z 09009KT 10SM CLR 02/M04 A3052 RMK AO2 SLP340 T00171044,null
LIT,2024-12-21 16:53,37,24,58.99,100,7,0,30.51,1033.6,10,null,CLR,null,null,null,null,null,null,null,null,null,null,null,null,null,null,30.87,KLIT 211653Z 10007KT 10SM CLR 03/M04 A3051 RMK AO2 SLP336 T00281044,null
LIT,2024-12-21 17:53,38,26,61.64,null,3,0,30.47,1032.4,10,null,CLR,null,null,null,null,null,null,null,null,null,null,null,null,null,null,35.55,KLIT 211753Z VRB03KT 10SM CLR 03/M03 A3047 RMK AO2 SLP324 T00331033 10039 21033 58020,null
LIT,2024-12-21 18:53,39,26,59.27,null,4,0,30.44,1031.1,10,null,CLR,null,null,null,null,null,null,null,null,null,null,null,null,null,null,35.59,KLIT 211853Z VRB04KT 10SM CLR 04/M03 A3044 RMK AO2 SLP311 T00391033,null
LIT,2024-12-21 19:53,42,27,54.99,10,4,0,30.42,1030.5,10,null,CLR,null,null,null,null,null,null,null,null,null,null,null,null,null,null,39.1,KLIT 211953Z 01004KT 10SM CLR 06/M03 A3042 RMK AO2 SLP305 T00561028,null
LIT,2024-12-21 20:53,42,26,52.76,0,0,0,30.41,1030.2,10,null,CLR,null,null,null,null,null,null,null,null,null,null,null,null,null,null,42,KLIT 212053Z 00000KT 10SM CLR 06/M03 A3041 RMK AO2 SLP302 T00561033 56022,null
LIT,2024-12-21 21:53,42,27,54.99,130,4,0,30.41,1030.4,10,null,CLR,null,null,null,null,null,null,null,null,null,null,null,null,null,null,39.1,KLIT 212153Z 13004KT 10SM CLR 06/M03 A3041 RMK AO2 SLP304 T00561028,null
LIT,2024-12-21 22:53,40,27,59.41,140,4,0,30.41,1030.3,10,null,CLR,null,null,null,null,null,null,null,null,null,null,null,null,null,null,36.76,KLIT 212253Z 14004KT 10SM CLR 04/M03 A3041 RMK AO2 SLP303 T00441028,null
LIT,2024-12-21 23:53,39,27,61.78,170,3,0,30.4,1030,10,null,CLR,null,null,null,null,null,null,null,null,null,null,null,null,null,null,36.69,KLIT 212353Z 17003KT 10SM CLR 04/M03 A3040 RMK AO2 SLP300 T00391028 10061 20033 58002,null
LIT,2024-12-22 0:53,35,27,72.32,150,3,0,30.4,1029.9,10,null,CLR,null,null,null,null,null,null,null,null,null,null,null,null,null,null,32.12,KLIT 220053Z 15003KT 10SM CLR 02/M03 A3040 RMK AO2 SLP299 T00171028,null
LIT,2024-12-22 1:53,33,27,78.34,0,0,0,30.4,1029.9,10,null,CLR,null,null,null,null,null,null,null,null,null,null,null,null,null,null,33,KLIT 220153Z 00000KT 10SM CLR 01/M03 A3040 RMK AO2 SLP299 T00061028,null
LIT,2024-12-22 2:53,33,28,81.63,150,4,0,30.41,1030.1,10,null,CLR,null,null,null,null,null,null,null,null,null,null,null,null,null,null,28.59,KLIT 220253Z 15004KT 10SM CLR 01/M02 A3041 RMK AO2 SLP301 T00061022 53001,null
LIT,2024-12-22 3:53,34,28,78.43,150,3,0,30.41,1030.2,10,null,CLR,null,null,null,null,null,null,null,null,null,null,null,null,null,null,30.97,KLIT 220353Z 15003KT 10SM CLR 01/M02 A3041 RMK AO2 SLP302 T00111022,null
LIT,2024-12-22 4:53,33,27,78.34,0,0,0,30.42,1030.4,10,null,CLR,null,null,null,null,null,null,null,null,null,null,null,null,null,null,33,KLIT 220453Z 00000KT 10SM CLR 01/M03 A3042 RMK AO2 SLP304 T00061028,null
LIT,2024-12-22 5:53,30,28,92.15,0,0,0,30.41,1030.1,10,null,CLR,null,null,null,null,null,null,null,null,null,null,null,null,null,null,30,KLIT 220553Z 00000KT 10SM CLR M01/M02 A3041 RMK AO2 SLP301 T10111022 10033 21011 400611033 58000,null
LIT,2024-12-22 6:53,30,27,88.44,0,0,0,30.4,1029.8,10,null,CLR,null,null,null,null,null,null,null,null,null,null,null,null,null,null,30,KLIT 220653Z 00000KT 10SM CLR M01/M03 A3040 RMK AO2 SLP298 T10111028,null
LIT,2024-12-22 7:53,30,27,88.44,0,0,0,30.4,1029.7,8,null,CLR,null,null,null,null,null,null,null,null,T,null,null,null,null,null,30,KLIT 220753Z 00000KT 8SM CLR M01/M03 A3040 RMK AO2 SLP297 I1000 T10111028,null
LIT,2024-12-22 8:53,29,26,88.38,0,0,0,30.41,1030.2,7,null,CLR,null,null,null,null,null,null,null,null,T,T,null,null,null,null,29,KLIT 220853Z 00000KT 7SM CLR M02/M03 A3041 RMK AO2 SLP302 I1000 I3000 T10171033 53001,null
LIT,2024-12-22 9:53,29,26,88.38,0,0,0,30.41,1030.1,7,null,CLR,null,null,null,null,null,null,null,null,T,null,null,null,null,null,29,KLIT 220953Z 00000KT 7SM CLR M02/M03 A3041 RMK AO2 SLP301 I1000 T10171033,null
LIT,2024-12-22 10:53,28,26,92.08,0,0,0,30.41,1030.2,8,null,CLR,null,null,null,null,null,null,null,null,T,null,null,null,null,null,28,KLIT 221053Z 00000KT 8SM CLR M02/M03 A3041 RMK AO2 SLP302 I1000 T10221033,null
LIT,2024-12-22 11:53,28,26,92.08,0,0,0,30.42,1030.5,6,null,CLR,null,null,null,null,null,null,null,BR,T,null,T,null,null,null,28,KLIT 221153Z 00000KT 6SM BR CLR M02/M03 A3042 RMK AO2 SLP305 I1000 I6000 T10221033 11011 21022 53003,null
LIT,2024-12-22 12:53,28,25,88.33,0,0,0,30.43,1030.9,6,null,SCT,null,null,null,6000,null,null,null,BR,T,null,null,null,null,null,28,KLIT 221253Z 00000KT 6SM BR SCT060 M02/M04 A3043 RMK AO2 SLP309 I1000 T10221039,null
LIT,2024-12-22 13:53,29,27,92.12,70,4,0,30.43,1030.9,5,null,SCT,null,null,null,6000,null,null,null,BR,null,null,null,null,null,null,23.92,KLIT 221353Z 07004KT 5SM BR SCT060 M02/M03 A3043 RMK AO2 SLP309 T10171028,null
LIT,2024-12-22 14:53,33,30,88.58,0,0,0,30.44,1031.2,8,null,CLR,null,null,null,null,null,null,null,null,null,T,null,null,null,null,33,KLIT 221453Z 00000KT 8SM CLR 01/M01 A3044 RMK AO2 SLP312 I3000 T00061011 51006,null
LIT,2024-12-22 15:53,38,30,72.64,190,5,0,30.44,1031.2,10,null,CLR,null,null,null,null,null,null,null,null,null,null,null,null,null,null,33.52,KLIT 221553Z 19005KT 10SM CLR 03/M01 A3044 RMK AO2 SLP312 T00331011,null
LIT,2024-12-22 16:53,42,30,62.18,160,7,0,30.42,1030.7,10,null,SCT,null,null,null,7000,null,null,null,null,null,null,null,null,null,null,36.97,KLIT 221653Z 16007KT 10SM SCT070 06/M01 A3042 RMK AO2 SLP307 T00561011,null
LIT,2024-12-22 17:53,45,30,55.43,null,null,0,30.39,1029.4,10,null,OVC,null,null,null,7000,null,null,null,null,null,null,T,null,null,null,null,KLIT 221753Z 10SM OVC070 07/M01 A3039 RMK AO2 SLP294 I6000 T00721011 10072 21028 58017 $,null
LIT,2024-12-22 18:53,47,29,49.34,160,5,0,30.35,1028.1,10,null,BKN,null,null,null,7000,null,null,null,null,null,null,null,null,null,null,44.21,KLIT 221853Z 16005KT 10SM BKN070 08/M02 A3035 RMK AO2 SLP281 T00831017 $,null
LIT,2024-12-22 19:53,48,30,49.49,140,8,0,30.32,1027.2,10,null,OVC,null,null,null,6500,null,null,null,null,null,null,null,null,null,null,43.82,KLIT 221953Z 14008KT 10SM OVC065 09/M01 A3032 RMK AO2 SLP272 T00891011 $,null
LIT,2024-12-22 20:53,49,30,47.68,160,7,0,30.32,1027,10,null,BKN,null,null,null,7000,null,null,null,null,null,null,null,null,null,null,45.5,KLIT 222053Z 16007KT 10SM BKN070 09/M01 A3032 RMK AO2 SLP270 T00941011 56024 $,null
LIT,2024-12-22 21:53,48,30,49.49,170,8,0,30.31,1026.8,10,null,FEW,null,null,null,7000,null,null,null,null,null,null,null,null,null,null,43.82,KLIT 222153Z 17008KT 10SM FEW070 09/M01 A3031 RMK AO2 SLP268 T00891011 $,null
LIT,2024-12-22 22:53,45,31,57.73,150,6,0,30.31,1027,10,null,SCT,null,null,null,7000,null,null,null,null,null,null,null,null,null,null,41.19,KLIT 222253Z 15006KT 10SM SCT070 07/M01 A3031 RMK AO2 SLP270 T00721006 $,null
LIT,2024-12-22 23:53,42,32,67.42,150,5,0,30.31,1026.7,10,null,SCT,null,null,null,7000,null,null,null,null,null,null,null,null,null,null,38.27,KLIT 222353Z 15005KT 10SM SCT070 06/00 A3031 RMK AO2 SLP267 T00560000 10100 20056 58003 $,null
LIT,2024-12-23 0:53,42,31,64.75,170,4,0,30.32,1027,10,null,FEW,null,null,null,7000,null,null,null,null,null,null,null,null,null,null,39.1,KLIT 230053Z 17004KT 10SM FEW070 06/M01 A3032 RMK AO2 SLP270 T00561006 $,null
LIT,2024-12-23 1:53,41,31,67.3,170,5,0,30.31,1027,10,null,CLR,null,null,null,null,null,null,null,null,null,null,null,null,null,null,37.08,KLIT 230153Z 17005KT 10SM CLR 05/M01 A3031 RMK AO2 SLP270 T00501006 $,null
LIT,2024-12-23 2:53,40,31,69.97,170,4,0,30.32,1027.2,10,null,CLR,null,null,null,null,null,null,null,null,null,null,null,null,null,null,36.76,KLIT 230253Z 17004KT 10SM CLR 04/M01 A3032 RMK AO2 SLP272 T00441006 52005 $,null
LIT,2024-12-23 3:53,39,31,72.75,150,5,0,30.33,1027.3,10,null,CLR,null,null,null,null,null,null,null,null,null,null,null,null,null,null,34.71,KLIT 230353Z 15005KT 10SM CLR 04/M01 A3033 RMK AO2 SLP273 T00391006 $,null
LIT,2024-12-23 4:53,38,31,75.65,0,0,0,30.32,1027.1,10,null,BKN,null,null,null,7000,null,null,null,null,null,null,null,null,null,null,38,KLIT 230453Z 00000KT 10SM BKN070 03/M01 A3032 RMK AO2 SLP271 T00331006 $,null
LIT,2024-12-23 5:53,40,33,75.84,0,0,0,30.31,1026.6,10,null,OVC,null,null,null,7000,null,null,null,null,null,null,null,null,null,null,40,KLIT 230553Z 00000KT 10SM OVC070 04/01 A3031 RMK AO2 SLP266 T00440006 10061 20033 401001028 58005 $,null
LIT,2024-12-23 6:53,41,34,75.94,200,4,0,30.29,1026.1,10,null,OVC,null,null,null,7500,null,null,null,null,null,null,null,null,null,null,37.93,KLIT 230653Z 20004KT 10SM OVC075 05/01 A3029 RMK AO2 SLP261 T00500011 $,null
LIT,2024-12-23 7:53,43,32,64.88,240,4,0,30.3,1026.4,10,null,OVC,null,null,null,7000,null,null,null,null,null,null,null,null,null,null,40.27,KLIT 230753Z 24004KT 10SM OVC070 06/00 A3030 RMK AO2 SLP264 T00610000 $,null
LIT,2024-12-23 8:53,43,32,64.88,200,3,0,30.29,1026,10,null,OVC,null,null,null,7500,null,null,null,null,null,null,null,null,null,null,41.26,KLIT 230853Z 20003KT 10SM OVC075 06/00 A3029 RMK AO2 SLP260 T00610000 56006 $,null
LIT,2024-12-23 9:53,43,32,64.88,200,4,0,30.28,1025.7,10,null,OVC,null,null,null,7000,null,null,null,null,null,null,null,null,null,null,40.27,KLIT 230953Z 20004KT 10SM OVC070 06/00 A3028 RMK AO2 SLP257 T00610000 $,null
LIT,2024-12-23 10:53,43,32,64.88,0,0,0,30.28,1025.7,10,null,OVC,null,null,null,7500,null,null,null,null,null,null,null,null,null,null,43,KLIT 231053Z 00000KT 10SM OVC075 06/00 A3028 RMK AO2 SLP257 T00610000 $,null
LIT,2024-12-23 11:53,43,33,67.54,210,3,0,30.29,1025.9,10,null,OVC,null,null,null,7000,null,null,null,null,null,null,null,null,null,null,41.26,KLIT 231153Z 21003KT 10SM OVC070 06/01 A3029 RMK AO2 SLP259 T00610006 10067 20044 55000 $,null
LIT,2024-12-23 12:53,44,32,62.44,190,3,0,30.3,1026.3,10,null,OVC,null,null,null,8000,null,null,null,null,null,null,null,null,null,null,42.41,KLIT 231253Z 19003KT 10SM OVC080 07/00 A3030 RMK AO2 SLP263 T00670000 $,null
LIT,2024-12-23 13:53,44,32,62.44,0,0,0,30.31,1026.8,10,null,OVC,null,null,null,8500,null,null,null,null,null,null,null,null,null,null,44,KLIT 231353Z 00000KT 10SM OVC085 07/00 A3031 RMK AO2 SLP268 T00670000 $,null
LIT,2024-12-23 14:53,45,33,62.58,190,5,0,30.32,1027.1,10,null,OVC,null,null,null,8500,null,null,null,null,null,null,null,null,null,null,41.83,KLIT 231453Z 19005KT 10SM OVC085 07/01 A3032 RMK AO2 SLP271 T00720006 51011 $,null
LIT,2024-12-23 15:53,47,34,60.38,200,8,0,30.33,1027.3,10,null,OVC,null,null,null,8500,null,null,null,null,null,null,null,null,null,null,42.59,KLIT 231553Z 20008KT 10SM OVC085 08/01 A3033 RMK AO2 SLP273 T00830011 $,null
LIT,2024-12-23 16:53,49,34,56.02,200,8,0,30.3,1026.5,10,null,OVC,null,null,null,8000,null,null,null,null,null,null,null,null,null,null,45.05,KLIT 231653Z 20008KT 10SM OVC080 09/01 A3030 RMK AO2 SLP265 T00940011,null
LIT,2024-12-23 17:53,50,34,53.97,200,7,0,30.27,1025.5,10,null,OVC,null,null,null,8000,null,null,null,null,null,null,null,null,null,null,50,KLIT 231753Z 20007KT 10SM OVC080 10/01 A3027 RMK AO2 SLP255 T01000011 10100 20061 58016 $,null
LIT,2024-12-23 18:53,53,34,48.3,210,3,0,30.25,1024.5,10,null,OVC,null,null,null,8500,null,null,null,null,null,null,null,null,null,null,53,KLIT 231853Z 21003KT 10SM OVC085 12/01 A3025 RMK AO2 SLP245 T01170011 $,null
LIT,2024-12-23 19:53,56,35,45.06,130,3,0,30.22,1023.4,10,null,OVC,null,null,null,9000,null,null,null,null,null,null,null,null,null,null,56,KLIT 231953Z 13003KT 10SM OVC090 13/02 A3022 RMK AO2 SLP234 T01330017,null
LIT,2024-12-23 20:53,59,32,35.87,180,10,0,30.2,1022.7,10,16,OVC,null,null,null,9000,null,null,null,null,null,null,null,null,null,null,59,KLIT 232053Z 18010G16KT 10SM OVC090 15/00 A3020 RMK AO2 SLP227 T01500000 56026,null
LIT,2024-12-23 21:53,57,38,48.93,110,7,0,30.22,1023.7,10,null,OVC,null,null,null,9000,null,null,null,null,null,null,null,null,null,null,57,KLIT 232153Z 11007KT 10SM OVC090 14/03 A3022 RMK AO2 SLP237 T01390033,null
LIT,2024-12-23 22:53,54,40,58.99,140,5,0,30.23,1023.8,10,null,OVC,null,null,null,9000,null,null,null,null,null,null,null,null,null,null,54,KLIT 232253Z 14005KT 10SM OVC090 12/04 A3023 RMK AO2 SLP238 T01220044,null
LIT,2024-12-23 23:53,54,39,56.74,160,7,0,30.23,1023.8,10,null,OVC,null,null,null,9000,null,null,null,null,null,null,null,null,null,null,54,KLIT 232353Z 16007KT 10SM OVC090 12/04 A3023 RMK AO2 SLP238 T01220039 10150 20100 51011 $,null
LIT,2024-12-24 0:53,53,39,58.85,170,6,0,30.24,1024.3,10,null,BKN,OVC,null,null,8000,9000,null,null,null,null,null,null,null,null,null,53,KLIT 240053Z 17006KT 10SM BKN080 OVC090 12/04 A3024 RMK AO2 SLP243 T01170039 $,null
LIT,2024-12-24 1:53,53,38,56.59,190,5,0,30.25,1024.5,10,null,BKN,OVC,null,null,8000,9000,null,null,null,null,null,null,null,null,null,53,KLIT 240153Z 19005KT 10SM BKN080 OVC090 12/03 A3025 RMK AO2 SLP245 T01170033 $,null
LIT,2024-12-24 2:53,53,38,56.59,160,4,0,30.25,1024.7,10,null,OVC,null,null,null,8000,null,null,null,null,null,null,null,null,null,null,53,KLIT 240253Z 16004KT 10SM OVC080 12/03 A3025 RMK AO2 SLP247 T01170033 51008 $,null
LIT,2024-12-24 3:53,52,38,58.71,160,5,0,30.25,1024.6,10,null,OVC,null,null,null,9000,null,null,null,null,null,null,null,null,null,null,52,KLIT 240353Z 16005KT 10SM OVC090 11/03 A3025 RMK AO2 SLP246 T01110033 $,null
LIT,2024-12-24 4:53,51,38,60.92,170,4,0,30.25,1024.6,10,null,OVC,null,null,null,10000,null,null,null,null,null,null,null,null,null,null,51,KLIT 240453Z 17004KT 10SM OVC100 11/03 A3025 RMK AO2 SLP246 T01060033 $,null
LIT,2024-12-24 5:53,51,37,58.58,180,4,0,30.24,1024.3,10,null,OVC,null,null,null,10000,null,null,null,null,null,null,null,null,null,null,51,KLIT 240553Z 18004KT 10SM OVC100 11/03 A3024 RMK AO2 SLP243 T01060028 10122 20106 401500044 58004 $,null
LIT,2024-12-24 6:53,49,37,63.1,190,5,0,30.22,1023.6,10,null,BKN,BKN,null,null,8500,11000,null,null,null,null,null,null,null,null,null,46.58,KLIT 240653Z 19005KT 10SM BKN085 BKN110 09/03 A3022 RMK AO2 SLP236 T00940028 $,null
LIT,2024-12-24 7:53,49,39,68.25,0,0,0,30.22,1023.7,10,null,OVC,null,null,null,8500,null,null,null,null,null,null,null,null,null,null,49,KLIT 240753Z 00000KT 10SM OVC085 09/04 A3022 RMK AO2 SLP237 T00940039 $,null
LIT,2024-12-24 8:53,49,39,68.25,0,0,0,30.22,1023.5,10,null,OVC,null,null,null,8000,null,null,null,null,null,null,null,null,null,null,49,KLIT 240853Z 00000KT 10SM OVC080 09/04 A3022 RMK AO2 SLP235 T00940039 56007 $,null
LIT,2024-12-24 9:53,48,38,68.13,0,0,0,30.21,1023.4,10,null,SCT,BKN,null,null,7500,11000,null,null,null,null,null,null,null,null,null,48,KLIT 240953Z 00000KT 10SM SCT075 BKN110 09/03 A3021 RMK AO2 SLP234 T00890033 $,null
LIT,2024-12-24 10:53,48,41,76.58,0,0,0,30.21,1023.2,10,null,FEW,OVC,null,null,7500,10000,null,null,null,null,null,null,null,null,null,48,KLIT 241053Z 00000KT 10SM FEW075 OVC100 09/05 A3021 RMK AO2 SLP232 T00890050 $,null
LIT,2024-12-24 11:53,49,40,70.96,0,0,T,30.22,1023.6,10,null,SCT,OVC,null,null,6500,8500,null,null,null,null,null,null,null,null,null,49,KLIT 241153Z 00000KT 10SM SCT065 OVC085 09/04 A3022 RMK AO2 RAB21E50 SLP236 P0000 60000 T00940044 10106 20089 53000 $,null
LIT,2024-12-24 12:53,49,41,73.77,0,0,0.01,30.23,1024,9,null,OVC,null,null,null,6000,null,null,null,#NAME?,null,null,null,null,null,null,49,KLIT 241253Z 00000KT 9SM -RA OVC060 09/05 A3023 RMK AO2 RAB1155E20B37 SLP240 P0001 T00940050 $,null
LIT,2024-12-24 13:53,48,44,85.95,110,3,0.13,30.23,1024,4,null,FEW,OVC,null,null,4800,6000,null,null,RA BR,null,null,null,null,null,null,46.98,KLIT 241353Z AUTO 11003KT 4SM RA BR FEW048 OVC060 09/07 A3023 RMK AO2 SLP240 P0013 T00890067 $,null
LIT,2024-12-24 14:20,47,44,89.24,70,5,0.03,30.23,null,2.5,null,OVC,null,null,null,4500,null,null,null,RA BR,null,null,null,null,null,null,44.21,KLIT 241420Z 07005KT 2 1/2SM RA BR OVC045 08/07 A3023 RMK AO2 P0003 T00830067 $,null
LIT,2024-12-24 14:53,47,45,92.71,120,8,0.12,30.23,1024,5,null,SCT,OVC,null,null,4100,5500,null,null,#NAME?,null,null,null,null,null,null,42.59,KLIT 241453Z 12008KT 5SM -RA BR SCT041 OVC055 08/07 A3023 RMK AO2 SLP240 P0012 60026 T00830072 50004 $,null
LIT,2024-12-24 15:53,48,46,92.74,120,10,0.01,30.22,1023.6,5,null,OVC,null,null,null,5500,null,null,null,#NAME?,null,null,null,null,null,null,43.03,KLIT 241553Z 12010KT 5SM -RA BR OVC055 09/08 A3022 RMK AO2 RAE01B27 SLP236 P0001 T00890078 $,null
LIT,2024-12-24 16:53,48,46,92.74,130,9,0.05,30.19,1022.6,10,null,OVC,null,null,null,5500,null,null,null,#NAME?,null,null,null,null,null,null,43.41,KLIT 241653Z 13009KT 10SM -RA OVC055 09/08 A3019 RMK AO2 SLP226 P0005 T00890078 $,null
LIT,2024-12-24 17:42,49,46,89.33,40,4,T,30.2,null,10,null,FEW,OVC,null,null,800,5500,null,null,#NAME?,null,null,null,null,null,null,47.27,KLIT 241742Z 04004KT 10SM -RA FEW008 OVC055 09/08 A3020 RMK AO2 RAE1656B40 P0000 T00940078 $,null
LIT,2024-12-24 17:53,49,46,89.33,40,6,0.01,30.2,1022.7,6,null,FEW,OVC,null,null,1100,5500,null,null,#NAME?,null,null,null,null,null,null,46,KLIT 241753Z 04006KT 6SM -RA BR FEW011 OVC055 09/08 A3020 RMK AO2 RAE1656B40 SLP227 P0001 60033 T00940078 10100 20083 55012 $,null
LIT,2024-12-24 18:53,48,46,92.74,70,9,0.07,30.17,1022,3,null,FEW,BKN,OVC,null,800,5500,7500,null,RA BR,null,null,null,null,null,null,43.41,KLIT 241853Z 07009KT 3SM RA BR FEW008 BKN055 OVC075 09/08 A3017 RMK AO2 SLP220 P0007 T00890078 $,null
LIT,2024-12-24 19:53,48,46,92.74,20,5,0.09,30.18,1022.2,1.25,null,BKN,OVC,null,null,600,3400,null,null,#NAME?,null,null,null,null,null,null,45.4,KLIT 241953Z 02005KT 1 1/4SM +RA BR BKN006 OVC034 09/08 A3018 RMK AO2 RAE11B31 SLP222 P0009 T00890078 $,null
LIT,2024-12-24 20:53,48,47,96.31,130,9,0.17,30.15,1021.2,1.25,null,BKN,BKN,OVC,null,600,2800,5500,null,#NAME?,null,null,null,null,null,null,43.41,KLIT 242053Z 13009KT 1 1/4SM +RA BR BKN006 BKN028 OVC055 09/08 A3015 RMK AO2 SLP212 P0017 60033 T00890083 58015 $,null
LIT,2024-12-24 21:35,48,47,96.31,130,4,0.05,30.15,null,3,null,SCT,BKN,OVC,null,600,2800,5500,null,#NAME?,null,null,null,null,null,null,46.1,KLIT 242135Z 13004KT 3SM -RA SCT006 BKN028 OVC055 09/08 A3015 RMK AO2 P0005 T00890083 $,null
LIT,2024-12-24 21:53,49,47,92.77,140,7,0.06,30.15,1021.2,3,null,SCT,BKN,OVC,null,600,2800,5500,null,#NAME?,null,null,null,null,null,null,45.5,KLIT 242153Z 14007KT 3SM -RA SCT006 BKN028 OVC055 09/08 A3015 RMK AO2 SLP212 P0006 T00940083 $,null
LIT,2024-12-24 22:53,49,47,92.77,140,6,T,30.12,1020.3,7,null,BKN,OVC,null,null,5000,6000,null,null,BR,null,null,null,null,null,null,46,KLIT 242253Z 14006KT 7SM BR BKN050 OVC060 09/08 A3012 RMK AO2 RAE15 SLP203 P0000 T00940083 $,null
LIT,2024-12-24 23:53,49,47,92.77,120,3,0,30.12,1020.1,10,null,OVC,null,null,null,8000,null,null,null,null,null,null,null,null,null,null,48.12,KLIT 242353Z 12003KT 10SM OVC080 09/08 A3012 RMK AO2 SLP201 60039 T00940083 10094 20089 58011 $,null
LIT,2024-12-25 0:53,49,47,92.77,330,4,0,30.14,1020.7,10,null,FEW,OVC,null,null,3000,7500,null,null,null,null,null,null,null,null,null,47.27,KLIT 250053Z 33004KT 10SM FEW030 OVC075 09/08 A3014 RMK AO2 SLP207 T00940083 $,null
LIT,2024-12-25 1:53,49,48,96.32,10,5,T,30.13,1020.6,8,null,OVC,null,null,null,7000,null,null,null,null,null,null,null,null,null,null,46.58,KLIT 250153Z 01005KT 8SM OVC070 09/09 A3013 RMK AO2 RAB03E13 SLP206 P0000 T00940089 $,null
LIT,2024-12-25 2:53,49,47,92.77,0,0,0,30.13,1020.5,7,null,OVC,null,null,null,7500,null,null,null,null,null,null,null,null,null,null,49,KLIT 250253Z 00000KT 7SM OVC075 09/08 A3013 RMK AO2 SLP205 60000 T00940083 50004 $,null
LIT,2024-12-25 3:53,49,47,92.77,80,5,T,30.11,1020,7,null,FEW,OVC,null,null,3000,6500,null,null,null,null,null,null,null,null,null,46.58,KLIT 250353Z 08005KT 7SM FEW030 OVC065 09/08 A3011 RMK AO2 RAB21E29 SLP200 P0000 T00940083 $,null
LIT,2024-12-25 4:53,49,47,92.77,70,3,0,30.1,1019.6,10,null,BKN,OVC,null,null,4500,6000,null,null,null,null,null,null,null,null,null,48.12,KLIT 250453Z 07003KT 10SM BKN045 OVC060 09/08 A3010 RMK AO2 SLP196 T00940083 $,null
LIT,2024-12-25 5:53,50,48,92.8,30,4,0,30.1,1019.4,9,null,SCT,OVC,null,null,3900,4800,null,null,null,null,null,null,null,null,null,50,KLIT 250553Z 03004KT 9SM SCT039 OVC048 10/09 A3010 RMK AO2 SLP194 60000 T01000089 10100 20094 401060083 56010 $,null
LIT,2024-12-25 6:53,50,48,92.8,30,4,0,30.08,1019,10,null,BKN,OVC,null,null,4200,6000,null,null,null,null,null,null,null,null,null,50,KLIT 250653Z 03004KT 10SM BKN042 OVC060 10/09 A3008 RMK AO2 SLP190 T01000089 $,null
LIT,2024-12-25 7:53,50,48,92.8,30,3,0,30.08,1018.9,10,null,OVC,null,null,null,5500,null,null,null,null,null,null,null,null,null,null,50,KLIT 250753Z 03003KT 10SM OVC055 10/09 A3008 RMK AO2 SLP189 T01000089 $,null
LIT,2024-12-25 8:53,50,48,92.8,0,0,0.01,30.08,1018.9,10,null,OVC,null,null,null,4000,null,null,null,#NAME?,null,null,null,null,null,null,50,KLIT 250853Z 00000KT 10SM -RA OVC040 10/09 A3008 RMK AO2 RAB0757 SLP189 P0001 60001 T01000089 56005,null
LIT,2024-12-25 9:27,50,48,92.8,70,4,T,30.08,null,10,null,OVC,null,null,null,2800,null,null,null,null,null,null,null,null,null,null,50,KLIT 250927Z 07004KT 10SM OVC028 10/09 A3008 RMK AO2 RAE24 P0000 T01000089,null
LIT,2024-12-25 9:53,50,48,92.8,80,4,T,30.07,1018.3,10,null,OVC,null,null,null,2700,null,null,null,#NAME?,null,null,null,null,null,null,50,KLIT 250953Z 08004KT 10SM -RA OVC027 10/09 A3007 RMK AO2 RAE24B47 SLP183 P0000 T01000089,null
LIT,2024-12-25 10:53,51,48,89.42,100,5,T,30.07,1018.4,10,null,OVC,null,null,null,1800,null,null,null,null,null,null,null,null,null,null,51,KLIT 251053Z 10005KT 10SM OVC018 11/09 A3007 RMK AO2 RAE05 SLP184 P0000 T01060089,null
LIT,2024-12-25 11:53,50,48,92.8,90,6,0,30.07,1018.4,10,null,OVC,null,null,null,1700,null,null,null,null,null,null,null,null,null,null,50,KLIT 251153Z 09006KT 10SM OVC017 10/09 A3007 RMK AO2 SLP184 60001 70073 T01000089 10106 20100 56005,null
LIT,2024-12-25 12:53,50,48,92.8,70,4,0,30.08,1018.7,10,null,OVC,null,null,null,1400,null,null,null,null,null,null,null,null,null,null,50,KLIT 251253Z 07004KT 10SM OVC014 10/09 A3008 RMK AO2 SLP187 T01000089,null
LIT,2024-12-25 13:53,50,48,92.8,90,3,0,30.09,1019.2,10,null,OVC,null,null,null,1300,null,null,null,null,null,null,null,null,null,null,50,KLIT 251353Z 09003KT 10SM OVC013 10/09 A3009 RMK AO2 SLP192 T01000089,null
LIT,2024-12-25 14:53,52,48,86.17,110,4,0,30.09,1019.2,10,null,OVC,null,null,null,1200,null,null,null,null,null,null,null,null,null,null,52,KLIT 251453Z 11004KT 10SM OVC012 11/09 A3009 RMK AO2 SLP192 T01110089 51008,null
LIT,2024-12-25 15:53,52,48,86.17,140,5,0,30.11,1019.8,10,null,OVC,null,null,null,1000,null,null,null,null,null,null,null,null,null,null,52,KLIT 251553Z 14005KT 10SM OVC010 11/09 A3011 RMK AO2 SLP198 T01110089,null
LIT,2024-12-25 16:53,54,50,86.29,200,3,0,30.1,1019.6,10,null,OVC,null,null,null,1000,null,null,null,null,null,null,null,null,null,null,54,KLIT 251653Z 20003KT 10SM OVC010 12/10 A3010 RMK AO2 SLP196 T01220100,null
LIT,2024-12-25 17:53,55,51,86.34,120,3,0,30.07,1018.6,10,null,OVC,null,null,null,1100,null,null,null,null,null,null,null,null,null,null,55,KLIT 251753Z 12003KT 10SM OVC011 13/11 A3007 RMK AO2 SLP186 T01280106 10128 20100 58006,null
LIT,2024-12-25 18:43,56,51,83.26,120,4,0,30.05,null,10,null,SCT,OVC,null,null,900,1300,null,null,null,null,null,null,null,null,null,56,KLIT 251843Z 12004KT 10SM SCT009 OVC013 13/11 A3005 RMK AO2 T01330106,null
LIT,2024-12-25 18:53,55,51,86.34,130,5,0,30.05,1017.7,10,null,BKN,OVC,null,null,900,1300,null,null,null,null,null,null,null,null,null,55,KLIT 251853Z 13005KT 10SM BKN009 OVC013 13/11 A3005 RMK AO2 SLP177 T01280106,null
LIT,2024-12-25 19:53,56,52,86.4,120,5,T,30.03,1017,10,null,OVC,null,null,null,800,null,null,null,null,null,null,null,null,null,null,56,KLIT 251953Z 12005KT 10SM OVC008 13/11 A3003 RMK AO2 RAB06E15 SLP170 P0000 T01330111,null
LIT,2024-12-25 20:53,55,52,89.59,110,7,0,30.03,1017,10,null,OVC,null,null,null,700,null,null,null,null,null,null,null,null,null,null,55,KLIT 252053Z 11007KT 10SM OVC007 13/11 A3003 RMK AO2 SLP170 60000 T01280111 55006,null
LIT,2024-12-25 21:53,55,51,86.34,110,6,0,30.04,1017.5,10,null,OVC,null,null,null,800,null,null,null,null,null,null,null,null,null,null,55,KLIT 252153Z 11006KT 10SM OVC008 13/11 A3004 RMK AO2 SLP175 T01280106,null
LIT,2024-12-25 22:53,54,51,89.55,90,5,0,30.05,1017.7,10,null,OVC,null,null,null,1000,null,null,null,null,null,null,null,null,null,null,54,KLIT 252253Z 09005KT 10SM OVC010 12/11 A3005 RMK AO2 SLP177 T01220106,null
LIT,2024-12-25 23:53,54,51,89.55,110,5,0,30.05,1017.9,10,null,OVC,null,null,null,1000,null,null,null,null,null,null,null,null,null,null,54,KLIT 252353Z 11005KT 10SM OVC010 12/11 A3005 RMK AO2 SLP179 60000 T01220106 10133 20122 51008,null
LIT,2024-12-26 0:53,54,51,89.55,100,6,0,30.06,1018.3,9,null,OVC,null,null,null,500,null,null,null,null,null,null,null,null,null,null,54,KLIT 260053Z 10006KT 9SM OVC005 12/11 A3006 RMK AO2 SLP183 T01220106,null
LIT,2024-12-26 1:26,53,52,96.39,90,6,0,30.07,null,7,null,OVC,null,null,null,400,null,null,null,null,null,null,null,null,null,null,53,KLIT 260126Z 09006KT 7SM OVC004 12/11 A3007 RMK AO2 T01170111,null
LIT,2024-12-26 1:53,53,52,96.39,90,6,0,30.07,1018.5,6,null,OVC,null,null,null,400,null,null,null,BR,null,null,null,null,null,null,53,KLIT 260153Z 09006KT 6SM BR OVC004 12/11 A3007 RMK AO2 SLP185 T01170111,null
LIT,2024-12-26 2:53,53,52,96.39,100,5,0,30.07,1018.5,8,null,OVC,null,null,null,400,null,null,null,null,null,null,null,null,null,null,53,KLIT 260253Z 10005KT 8SM OVC004 12/11 A3007 RMK AO2 SLP185 T01170111 50006,null
LIT,2024-12-26 3:53,53,52,96.39,130,4,0,30.08,1018.7,9,null,OVC,null,null,null,400,null,null,null,null,null,null,null,null,null,null,53,KLIT 260353Z 13004KT 9SM OVC004 12/11 A3008 RMK AO2 SLP187 T01170111,null
LIT,2024-12-26 4:53,53,52,96.39,100,4,0,30.08,1018.8,2.5,null,OVC,null,null,null,300,null,null,null,BR,null,null,null,null,null,null,53,KLIT 260453Z 10004KT 2 1/2SM BR OVC003 12/11 A3008 RMK AO2 SLP188 T01170111,null
LIT,2024-12-26 5:19,53,52,96.39,100,3,0,30.08,null,1,null,OVC,null,null,null,200,null,null,null,BR,null,null,null,null,null,null,53,KLIT 260519Z COR 10003KT 1SM BR OVC002 12/11 A3008 RMK AO2 T01170111 RVRNO,null
LIT,2024-12-26 5:40,53,52,96.39,70,3,0,30.08,null,0.5,null,VV ,null,null,null,200,null,null,null,FG,null,null,null,null,null,null,53,KLIT 260540Z 07003KT 1/2SM FG VV002 12/11 A3008 RMK AO2 T01170111 RVRNO,null
LIT,2024-12-26 5:53,53,52,96.39,60,3,0,30.08,1018.7,0.5,null,VV ,null,null,null,200,null,null,null,FG,null,null,null,null,null,null,53,KLIT 260553Z 06003KT 1/2SM FG VV002 12/11 A3008 RMK AO2 SLP187 T01170111 10122 20117 401330100 50002 RVRNO,null
LIT,2024-12-26 6:08,53,52,96.39,80,3,0,30.08,null,0.25,null,VV ,null,null,null,200,null,null,null,FG,null,null,null,null,null,null,53,KLIT 260608Z 08003KT 1/4SM FG VV002 12/11 A3008 RMK AO2 T01170111 RVRNO,null
LIT,2024-12-26 6:53,52,52,100,70,4,T,30.07,1018.3,0.25,null,VV ,null,null,null,300,null,null,null,FG,null,null,null,null,null,null,52,KLIT 260653Z 07004KT 1/4SM FG VV003 11/11 A3007 RMK AO2 RAB24E42 SLP183 P0000 T01110111 RVRNO,null
LIT,2024-12-26 7:31,53,52,96.39,0,0,0,30.08,null,0.5,null,VV ,null,null,null,300,null,null,null,FG,null,null,null,null,null,null,53,KLIT 260731Z 00000KT 1/2SM FG VV003 12/11 A3008 RMK AO2 T01170111 RVRNO,null
LIT,2024-12-26 7:53,53,52,96.39,120,3,0,30.08,1018.8,1,null,OVC,null,null,null,300,null,null,null,BR,null,null,null,null,null,null,53,KLIT 260753Z 12003KT 1SM BR OVC003 12/11 A3008 RMK AO2 SLP188 T01170111 RVRNO,null
LIT,2024-12-26 8:17,53,52,96.39,110,3,0,30.08,null,1.5,null,OVC,null,null,null,500,null,null,null,BR,null,null,null,null,null,null,53,KLIT 260817Z 11003KT 1 1/2SM BR OVC005 12/11 A3008 RMK AO2 T01170111,null
LIT,2024-12-26 8:32,53,52,96.39,100,3,0,30.08,null,3,null,OVC,null,null,null,500,null,null,null,BR,null,null,null,null,null,null,53,KLIT 260832Z 10003KT 3SM BR OVC005 12/11 A3008 RMK AO2 T01170111 $,null
LIT,2024-12-26 8:53,53,53,100,100,4,0,30.08,1018.9,3,null,OVC,null,null,null,500,null,null,null,BR,null,null,null,null,null,null,53,KLIT 260853Z 10004KT 3SM BR OVC005 12/12 A3008 RMK AO2 SLP189 60000 T01170117 53002 $,null
LIT,2024-12-26 9:53,53,52,96.39,70,4,0,30.09,1019,4,null,OVC,null,null,null,400,null,null,null,BR,null,null,null,null,null,null,53,KLIT 260953Z 07004KT 4SM BR OVC004 12/11 A3009 RMK AO2 SLP190 T01170111 $,null
LIT,2024-12-26 10:53,53,52,96.39,100,5,0,30.08,1018.7,6,null,OVC,null,null,null,700,null,null,null,BR,null,null,null,null,null,null,53,KLIT 261053Z 10005KT 6SM BR OVC007 12/11 A3008 RMK AO2 SLP187 T01170111 $,null
LIT,2024-12-26 11:53,53,52,96.39,120,5,0,30.08,1018.9,8,null,OVC,null,null,null,700,null,null,null,null,null,null,null,null,null,null,53,KLIT 261153Z 12005KT 8SM OVC007 12/11 A3008 RMK AO2 CIG 004V009 SLP189 60000 T01170111 10117 20111 53001 $,null
LIT,2024-12-26 12:53,53,52,96.39,120,4,0,30.11,1019.7,9,null,OVC,null,null,null,1000,null,null,null,null,null,null,null,null,null,null,53,KLIT 261253Z 12004KT 9SM OVC010 12/11 A3011 RMK AO2 SLP197 T01170111 $,null
LIT,2024-12-26 13:53,53,52,96.39,150,5,0,30.12,1020.1,7,null,OVC,null,null,null,800,null,null,null,null,null,null,null,null,null,null,53,KLIT 261353Z 15005KT 7SM OVC008 12/11 A3012 RMK AO2 CIG 007V011 SLP201 T01170111 $,null
LIT,2024-12-26 14:53,54,52,92.92,160,6,0,30.12,1020.1,8,null,OVC,null,null,null,700,null,null,null,null,null,null,null,null,null,null,54,KLIT 261453Z 16006KT 8SM OVC007 12/11 A3012 RMK AO2 SLP201 T01220111 51012,null
LIT,2024-12-26 15:53,54,52,92.92,130,6,0,30.11,1019.8,8,null,OVC,null,null,null,700,null,null,null,null,null,null,null,null,null,null,54,KLIT 261553Z 13006KT 8SM OVC007 12/11 A3011 RMK AO2 SLP198 T01220111,null
LIT,2024-12-26 16:53,54,52,92.92,140,8,0,30.1,1019.3,8,null,OVC,null,null,null,600,null,null,null,null,null,null,null,null,null,null,54,KLIT 261653Z 14008KT 8SM OVC006 12/11 A3010 RMK AO2 SLP193 T01220111,null
LIT,2024-12-26 17:43,54,53,96.4,120,7,0,30.05,null,5,null,OVC,null,null,null,400,null,null,null,BR,null,null,null,null,null,null,54,KLIT 261743Z 12007KT 5SM BR OVC004 12/12 A3005 RMK AO2 T01220117,null
LIT,2024-12-26 17:53,54,52,92.92,120,7,0,30.05,1017.7,3,null,OVC,null,null,null,400,null,null,null,BR,null,null,null,null,null,null,54,KLIT 261753Z 12007KT 3SM BR OVC004 12/11 A3005 RMK AO2 SLP177 T01220111 10128 20117 58024,null
LIT,2024-12-26 18:53,54,52,92.92,130,10,0,30,1016.1,6,null,OVC,null,null,null,500,null,null,null,BR,null,null,null,null,null,null,54,KLIT 261853Z 13010KT 6SM BR OVC005 12/11 A3000 RMK AO2 SLP161 T01220111,null
LIT,2024-12-26 19:53,55,52,89.59,120,9,0,29.96,1014.8,8,null,OVC,null,null,null,500,null,null,null,null,null,null,null,null,null,null,55,KLIT 261953Z 12009KT 8SM OVC005 13/11 A2996 RMK AO2 SLP148 T01280111,null
LIT,2024-12-26 20:53,55,52,89.59,130,11,0,29.96,1014.6,8,null,OVC,null,null,null,600,null,null,null,null,null,null,null,null,null,null,55,KLIT 262053Z 13011KT 8SM OVC006 13/11 A2996 RMK AO2 SLP146 T01280111 56030,null
LIT,2024-12-26 21:53,55,51,86.34,120,8,0,29.93,1013.8,10,null,OVC,null,null,null,800,null,null,null,null,null,null,null,null,null,null,55,KLIT 262153Z 12008KT 10SM OVC008 13/11 A2993 RMK AO2 SLP138 T01280106,null
LIT,2024-12-26 22:53,54,52,92.92,120,12,0.02,29.92,1013.2,8,null,OVC,null,null,null,800,null,null,null,#NAME?,null,null,null,null,null,null,54,KLIT 262253Z 12012KT 8SM -RA OVC008 12/11 A2992 RMK AO2 RAB40 SLP132 P0002 T01220111,null
LIT,2024-12-26 23:53,54,52,92.92,130,8,0.19,29.95,1014.4,4,null,OVC,null,null,null,1000,null,null,null,RA,null,null,null,null,null,null,54,KLIT 262353Z 13008KT 4SM RA OVC010 12/11 A2995 RMK AO2 SLP144 P0019 60021 T01220111 10128 20122 55002,null
LIT,2024-12-27 0:53,53,52,96.39,110,9,0.23,29.95,1014.3,4,null,BKN,OVC,null,null,1000,1500,null,null,#NAME?,null,null,null,null,null,null,53,KLIT 270053Z 11009KT 4SM +RA BKN010 OVC015 12/11 A2995 RMK AO2 SLP143 P0023 T01170111,null
LIT,2024-12-27 1:28,53,51,92.89,120,8,0.22,29.95,null,2.5,null,BKN,BKN,OVC,null,700,1000,1500,null,#NAME?,null,null,null,null,null,null,53,KLIT 270128Z 12008KT 2 1/2SM +RA BKN007 BKN010 OVC015 12/11 A2995 RMK AO2 P0022 T01170106,null
LIT,2024-12-27 1:53,53,51,92.89,110,12,0.44,29.93,1013.6,2.5,null,BKN,BKN,OVC,null,700,1000,1500,null,#NAME?,null,null,null,null,null,null,53,KLIT 270153Z 11012KT 2 1/2SM +RA BKN007 BKN010 OVC015 12/11 A2993 RMK AO2 SLP136 P0044 T01170106,null
LIT,2024-12-27 2:53,53,51,92.89,100,18,0.4,29.82,1010,3,29,BKN,BKN,OVC,null,600,2500,3500,null,RA,null,null,null,29,100,2024-12-27 2:48,53,KLIT 270253Z 10018G29KT 3SM RA BKN006 BKN025 OVC035 12/11 A2982 RMK AO2 PK WND 10029/0248 SLP100 P0040 60107 T01170106 58044,null
LIT,2024-12-27 3:53,53,52,96.39,130,15,0.04,29.8,1009.3,10,26,OVC,null,null,null,600,null,null,null,#NAME?,null,null,null,27,110,2024-12-27 3:15,53,KLIT 270353Z 13015G26KT 10SM -RA OVC006 12/11 A2980 RMK AO2 PK WND 11027/0315 SLP093 P0004 T01170111,null
LIT,2024-12-27 4:53,53,52,96.39,110,11,0.02,29.76,1007.8,10,23,OVC,null,null,null,700,null,null,null,null,null,null,null,null,null,null,53,KLIT 270453Z 11011G23KT 10SM OVC007 12/11 A2976 RMK AO2 RAE47 SLP078 P0002 T01170111,null
LIT,2024-12-27 5:53,54,52,92.92,130,9,0,29.75,1007.6,10,null,OVC,null,null,null,700,null,null,null,null,null,null,null,null,null,null,54,KLIT 270553Z 13009KT 10SM OVC007 12/11 A2975 RMK AO2 CIG 007V012 SLP076 60113 T01220111 10122 20111 401280111 56023,null
LIT,2024-12-27 6:51,53.6,51.8,93.6,140,7,0,29.74,null,10,null,SCT,BKN,OVC,null,900,1600,3000,null,null,null,null,null,null,null,null,53.6,KLIT 270651Z 14007KT 10SM SCT009 BKN016 OVC030 12/11 A2974 RMK AO2,null
LIT,2024-12-27 6:53,54,52,92.92,130,6,0,29.74,1007.3,10,null,SCT,BKN,OVC,null,900,1300,3000,null,null,null,null,null,null,null,null,54,KLIT 270653Z 13006KT 10SM SCT009 BKN013 OVC030 12/11 A2974 RMK AO2 SLP073 T01220111,null
LIT,2024-12-27 7:53,55,52,89.59,330,11,T,29.75,1007.8,10,null,SCT,OVC,null,null,700,1400,null,null,null,null,null,null,null,null,null,55,KLIT 270753Z 33011KT 10SM SCT007 OVC014 13/11 A2975 RMK AO2 RAB41E46 SLP078 P0000 T01280111 $,null
LIT,2024-12-27 8:33,54,53,96.4,330,4,T,29.76,null,10,null,OVC,null,null,null,900,null,null,null,null,null,null,null,null,null,null,54,KLIT 270833Z 33004KT 10SM OVC009 12/12 A2976 RMK AO2 RAB0754E05 P0000 T01220117 $,null
LIT,2024-12-27 8:53,54,53,96.4,20,4,T,29.75,1007.5,10,null,OVC,null,null,null,900,null,null,null,null,null,null,null,null,null,null,54,KLIT 270853Z 02004KT 10SM OVC009 12/12 A2975 RMK AO2 RAB0754E05 SLP075 P0000 60000 T01220117 56001 $,null
LIT,2024-12-27 9:53,54,53,96.4,310,3,0,29.75,1007.6,10,null,OVC,null,null,null,900,null,null,null,null,null,null,null,null,null,null,54,KLIT 270953Z 31003KT 10SM OVC009 12/12 A2975 RMK AO2 SLP076 T01220117 $,null
LIT,2024-12-27 10:53,53,52,96.39,330,4,0,29.76,1008.1,10,null,SCT,OVC,null,null,900,1500,null,null,null,null,null,null,null,null,null,53,KLIT 271053Z 33004KT 10SM SCT009 OVC015 12/11 A2976 RMK AO2 SLP081 T01170111 $,null
LIT,2024-12-27 11:53,53,52,96.39,220,4,0,29.79,1008.9,10,null,FEW,OVC,null,null,500,1500,null,null,null,null,null,null,null,null,null,53,KLIT 271153Z 22004KT 10SM FEW005 OVC015 12/11 A2979 RMK AO2 SLP089 60000 70134 T01170111 10128 20117 53014 $,null
LIT,2024-12-27 12:53,53,51,92.89,290,5,0,29.81,1009.8,10,null,FEW,OVC,null,null,500,1300,null,null,null,null,null,null,null,null,null,53,KLIT 271253Z 29005KT 10SM FEW005 OVC013 12/11 A2981 RMK AO2 SLP098 T01170106 $,null
LIT,2024-12-27 13:53,54,52,92.92,250,5,0,29.83,1010.2,9,null,OVC,null,null,null,1000,null,null,null,null,null,null,null,null,null,null,54,KLIT 271353Z 25005KT 9SM OVC010 12/11 A2983 RMK AO2 SLP102 T01220111 $,null
LIT,2024-12-27 14:53,54,53,96.4,240,5,0,29.84,1010.7,8,null,OVC,null,null,null,500,null,null,null,null,null,null,null,null,null,null,54,KLIT 271453Z COR 24005KT 8SM OVC005 12/12 A2984 RMK AO2 SLP107 T01220117 51018 $,null
LIT,2024-12-27 15:35,56,54,92.98,240,6,0,29.86,null,8,null,OVC,null,null,null,500,null,null,null,null,null,null,null,null,null,null,56,KLIT 271535Z 24006KT 8SM OVC005 13/12 A2986 RMK AO2 T01330122 $,null
LIT,2024-12-27 15:53,57,53,86.45,240,6,0,29.86,1011.4,9,null,OVC,null,null,null,1600,null,null,null,null,null,null,null,null,null,null,57,KLIT 271553Z 24006KT 9SM OVC016 14/12 A2986 RMK AO2 SLP114 T01390117 $,null
LIT,2024-12-27 16:53,57,54,89.68,270,6,0,29.87,1011.7,9,null,OVC,null,null,null,1600,null,null,null,null,null,null,null,null,null,null,57,KLIT 271653Z 27006KT 9SM OVC016 14/12 A2987 RMK AO2 SLP117 T01390122 $,null
LIT,2024-12-27 17:53,58,54,86.51,240,9,T,29.86,1011.2,10,17,SCT,OVC,null,null,1600,2300,null,null,null,null,null,null,null,null,null,58,KLIT 271753Z 24009G17KT 10SM SCT016 OVC023 14/12 A2986 RMK AO2 RAB25E34 SLP112 P0000 60000 T01440122 10144 20117 50005 $,null
LIT,2024-12-27 18:53,58,53,83.39,250,10,0,29.83,1010.5,10,null,SCT,OVC,null,null,1500,2200,null,null,null,null,null,null,null,null,null,58,KLIT 271853Z 25010KT 10SM SCT015 OVC022 14/12 A2983 RMK AO2 SLP105 T01440117 $,null
LIT,2024-12-27 19:53,59,52,77.55,250,6,0,29.83,1010.2,10,null,BKN,BKN,null,null,1700,2300,null,null,null,null,null,null,null,null,null,59,KLIT 271953Z 25006KT 10SM BKN017 BKN023 15/11 A2983 RMK AO2 SLP102 T01500111,null
LIT,2024-12-27 20:53,61,52,72.22,220,9,0,29.81,1009.6,10,null,BKN,null,null,null,2300,null,null,null,null,null,null,null,null,null,null,61,KLIT 272053Z 22009KT 10SM BKN023 16/11 A2981 RMK AO2 SLP096 T01610111 56015,null
LIT,2024-12-27 21:53,61,52,72.22,240,7,0,29.82,1009.9,10,null,SCT,null,null,null,2300,null,null,null,null,null,null,null,null,null,null,61,KLIT 272153Z 24007KT 10SM SCT023 16/11 A2982 RMK AO2 SLP099 T01610111,null
LIT,2024-12-27 22:53,59,51,74.74,180,4,0,29.81,1009.8,10,null,CLR,null,null,null,null,null,null,null,null,null,null,null,null,null,null,59,KLIT 272253Z 18004KT 10SM CLR 15/11 A2981 RMK AO2 SLP098 T01500106,null
LIT,2024-12-27 23:53,55,51,86.34,0,0,0,29.82,1010,10,null,CLR,null,null,null,null,null,null,null,null,null,null,null,null,null,null,55,KLIT 272353Z 00000KT 10SM CLR 13/11 A2982 RMK AO2 SLP100 T01280106 10167 20128 52003,null
LIT,2024-12-28 0:53,52,49,89.46,0,0,0,29.84,1010.6,10,null,CLR,null,null,null,null,null,null,null,null,null,null,null,null,null,null,52,KLIT 280053Z 00000KT 10SM CLR 11/09 A2984 RMK AO2 SLP106 T01110094,null
LIT,2024-12-28 1:53,50,48,92.8,0,0,0,29.86,1011.3,10,null,CLR,null,null,null,null,null,null,null,null,null,null,null,null,null,null,50,KLIT 280153Z 00000KT 10SM CLR 10/09 A2986 RMK AO2 SLP113 T01000089,null
LIT,2024-12-28 2:53,48,47,96.31,0,0,0,29.86,1011.2,10,null,CLR,null,null,null,null,null,null,null,null,null,null,null,null,null,null,48,KLIT 280253Z 00000KT 10SM CLR 09/08 A2986 RMK AO2 SLP112 T00890083 50012,null
LIT,2024-12-28 3:53,48,46,92.74,0,0,0,29.87,1011.7,10,null,CLR,null,null,null,null,null,null,null,null,null,null,null,null,null,null,48,KLIT 280353Z 00000KT 10SM CLR 09/08 A2987 RMK AO2 SLP117 T00890078,null
LIT,2024-12-28 4:53,49,47,92.77,0,0,0,29.89,1012.4,10,null,CLR,null,null,null,null,null,null,null,null,null,null,null,null,null,null,49,KLIT 280453Z 00000KT 10SM CLR 09/08 A2989 RMK AO2 SLP124 T00940083,null
LIT,2024-12-28 5:53,49,48,96.32,0,0,0,29.9,1012.5,10,null,CLR,null,null,null,null,null,null,null,null,null,null,null,null,null,null,49,KLIT 280553Z 00000KT 10SM CLR 09/09 A2990 RMK AO2 SLP125 T00940089 10128 20083 401670083 51013,null
LIT,2024-12-28 6:53,49,48,96.32,150,3,0,29.87,1011.7,8,null,CLR,null,null,null,null,null,null,null,null,null,null,null,null,null,null,48.12,KLIT 280653Z 15003KT 8SM CLR 09/09 A2987 RMK AO2 SLP117 T00940089,null
LIT,2024-12-28 7:53,49,48,96.32,0,0,0,29.9,1012.7,6,null,CLR,null,null,null,null,null,null,null,BR,null,null,null,null,null,null,49,KLIT 280753Z 00000KT 6SM BR CLR 09/09 A2990 RMK AO2 SLP127 T00940089,null
LIT,2024-12-28 8:53,47,46,96.29,0,0,0,29.91,1012.9,3,null,CLR,null,null,null,null,null,null,null,BR,null,null,null,null,null,null,47,KLIT 280853Z 00000KT 3SM BR CLR 08/08 A2991 RMK AO2 SLP129 T00830078 53003,null
LIT,2024-12-28 9:53,46,46,100,0,0,0,29.89,1012.5,3,null,CLR,null,null,null,null,null,null,null,BR,null,null,null,null,null,null,46,KLIT 280953Z 00000KT 3SM BR CLR 08/08 A2989 RMK AO2 SLP125 T00780078,null
LIT,2024-12-28 10:21,46,46,100,0,0,0,29.89,null,2,null,CLR,null,null,null,null,null,null,null,BR,null,null,null,null,null,null,46,KLIT 281021Z 00000KT 2SM BR CLR 08/08 A2989 RMK AO2 T00780078,null
LIT,2024-12-28 10:37,46,45,96.28,0,0,0,29.89,null,3,null,CLR,null,null,null,null,null,null,null,BR,null,null,null,null,null,null,46,KLIT 281037Z 00000KT 3SM BR CLR 08/07 A2989 RMK AO2 T00780072,null
LIT,2024-12-28 10:53,46,45,96.28,0,0,0,29.9,1012.7,3,null,FEW,null,null,null,400,null,null,null,BR,null,null,null,null,null,null,46,KLIT 281053Z 00000KT 3SM BR FEW004 08/07 A2990 RMK AO2 SLP127 T00780072,null
LIT,2024-12-28 11:30,45,44,96.26,0,0,0,29.91,null,3,null,BKN,null,null,null,400,null,null,null,BR,null,null,null,null,null,null,45,KLIT 281130Z 00000KT 3SM BR BKN004 07/07 A2991 RMK AO2 T00720067,null
LIT,2024-12-28 11:53,47,46,96.29,0,0,0,29.92,1013.5,2.5,null,BKN,null,null,null,400,null,null,null,BR,null,null,null,null,null,null,47,KLIT 281153Z 00000KT 2 1/2SM BR BKN004 08/08 A2992 RMK AO2 SLP135 T00830078 10100 20072 53006,null
LIT,2024-12-28 12:24,46,45,96.28,0,0,0,29.93,null,4,null,FEW,null,null,null,400,null,null,null,BR,null,null,null,null,null,null,46,KLIT 281224Z 00000KT 4SM BR FEW004 08/07 A2993 RMK AO2 T00780072,null
LIT,2024-12-28 12:53,46,45,96.28,160,3,0,29.94,1014,0.5,null,VV ,null,null,null,300,null,null,null,FG,null,null,null,null,null,null,44.69,KLIT 281253Z 16003KT 1/2SM FG VV003 08/07 A2994 RMK AO2 SLP140 T00780072 RVRNO,null
LIT,2024-12-28 13:53,47,47,100,0,0,0,29.93,1013.8,0.5,null,VV ,null,null,null,300,null,null,null,FG,null,null,null,null,null,null,47,KLIT 281353Z 00000KT 1/2SM FG VV003 08/08 A2993 RMK AO2 SLP138 T00830083 RVRNO,null
LIT,2024-12-28 14:02,48,48,100,0,0,0,29.94,null,4,null,OVC,null,null,null,1000,null,null,null,FG,null,null,null,null,null,null,48,KLIT 281402Z 00000KT 4SM FG OVC010 09/09 A2994 RMK AO2 T00890089,null
LIT,2024-12-28 14:10,49,48,96.32,0,0,0,29.93,null,4,null,VV ,null,null,null,300,null,null,null,FG,null,null,null,null,null,null,49,KLIT 281410Z 00000KT 4SM FG VV003 09/09 A2993 RMK AO2 T00940089,null
LIT,2024-12-28 14:53,51,50,96.36,80,4,0,29.94,1014.1,0.5,null,VV ,null,null,null,300,null,null,null,FG,null,null,null,null,null,null,51,KLIT 281453Z 08004KT 1/2SM FG VV003 11/10 A2994 RMK AO2 SLP141 T01060100 51006 RVRNO,null
LIT,2024-12-28 15:07,50,50,100,80,4,0,29.93,null,0.12,null,VV ,null,null,null,300,null,null,null,FG,null,null,null,null,null,null,50,KLIT 281507Z 08004KT 1/8SM FG VV003 10/10 A2993 RMK AO2 T01000100 RVRNO,null
LIT,2024-12-28 15:53,51,51,100,0,0,0,29.96,1014.6,0.12,null,VV ,null,null,null,300,null,null,null,FG,null,null,null,null,null,null,51,KLIT 281553Z 00000KT 1/8SM FG VV003 11/11 A2996 RMK AO2 SLP146 T01060106 RVRNO,null
LIT,2024-12-28 16:53,52,51,96.37,80,6,0.02,29.92,1013.4,0.12,null,VV ,null,null,null,300,null,null,null,#NAME?,null,null,null,null,null,null,52,KLIT 281653Z 08006KT 1/8SM -RA FG VV003 11/11 A2992 RMK AO2 RAB06 PRESFR SLP134 P0002 T01110106 RVRNO,null
LIT,2024-12-28 17:18,53,52,96.39,0,0,0.03,29.93,null,0.25,null,VV ,null,null,null,300,null,null,null,#NAME?,null,null,null,null,null,null,53,KLIT 281718Z 00000KT 1/4SM -RA FG VV003 12/11 A2993 RMK AO2 P0003 T01170111 RVRNO,null
LIT,2024-12-28 17:53,54,54,100,90,6,0.07,29.87,1011.5,0.25,null,VV ,null,null,null,300,null,null,null,#NAME?,null,null,null,null,null,null,54,KLIT 281753Z 09006KT 1/4SM -RA FG VV003 12/12 A2987 RMK AO2 SLP115 P0007 60009 T01220122 10122 20067 58025 RVRNO,null
LIT,2024-12-28 17:55,54,54,100,90,7,T,29.86,null,3,null,OVC,null,null,null,200,null,null,null,#NAME?,null,null,null,null,null,null,54,KLIT 281755Z 09007KT 3SM -RA FG OVC002 12/12 A2986 RMK AO2 P0000 T01220122,null
LIT,2024-12-28 18:02,55,55,100,70,7,T,29.84,null,0.25,null,VV ,null,null,null,300,null,null,null,#NAME?,null,null,null,null,null,null,55,KLIT 281802Z 07007KT 1/4SM -RA FG VV003 13/13 A2984 RMK AO2 PRESFR P0000 T01280128 RVRNO,null
LIT,2024-12-28 18:29,56,55,96.43,110,8,0.01,29.84,null,5,null,OVC,null,null,null,300,null,null,null,#NAME?,null,null,null,null,null,null,56,KLIT 281829Z 11008KT 5SM -RA OVC003 13/13 A2984 RMK AO2 P0001 T01330128 $,null
LIT,2024-12-28 18:53,55,54,96.42,60,4,0.04,29.84,1010.8,5,null,OVC,null,null,null,300,null,null,null,#NAME?,null,null,null,null,null,null,55,KLIT 281853Z 06004KT 5SM -RA OVC003 13/12 A2984 RMK AO2 SLP108 P0004 T01280122 $,null
LIT,2024-12-28 19:53,55,53,92.95,30,8,0.21,29.84,1010.7,5,null,OVC,null,null,null,300,null,null,null,RA,null,null,null,null,null,null,55,KLIT 281953Z 03008KT 5SM RA OVC003 13/12 A2984 RMK AO2 SLP107 P0021 T01280117 $,null
LIT,2024-12-28 20:16,55,53,92.95,30,8,0.1,29.82,null,5,null,BKN,BKN,OVC,null,2000,4000,5000,null,TSRA,null,null,null,null,null,null,55,KLIT 282016Z 03008KT 5SM TSRA BKN020 BKN040CB OVC050 13/12 A2982 RMK AO2 TSB10 OCNL LTGICCCCG OHD TS OHD MOV NE P0010 T01280117 $,null
LIT,2024-12-28 20:53,54,52,92.92,20,11,0.25,29.8,1009.2,5,null,BKN,BKN,OVC,null,2000,4000,5000,null,TSRA,null,null,null,null,null,null,54,KLIT 282053Z 02011KT 5SM TSRA BKN020 BKN040CB OVC050 12/11 A2980 RMK AO2 TSB10 SLP092 OCNL LTGICCCCG OHD TS OHD MOV NE P0025 60050 T01220111 58023 $,null
LIT,2024-12-28 21:01,54,52,92.92,20,10,0.01,29.8,null,8,null,BKN,OVC,null,null,7000,8000,null,null,#NAME?,null,null,null,null,null,null,54,KLIT 282101Z 02010KT 8SM -TSRA BKN070 OVC080 12/11 A2980 RMK AO2 LTG DSNT E P0001 T01220111 $,null
LIT,2024-12-28 21:13,54,52,92.92,30,10,0.02,29.79,null,7,null,BKN,OVC,null,null,6500,8000,null,null,null,null,null,null,null,null,null,54,KLIT 282113Z 03010KT 7SM BKN065 OVC080 12/11 A2979 RMK AO2 RAE09 TSE07 P0002 T01220111 $,null
LIT,2024-12-28 21:38,54,52,92.92,10,10,0.1,29.82,null,2.5,null,OVC,null,null,null,6000,null,null,null,RA,null,null,null,null,null,null,54,KLIT 282138Z 01010KT 2 1/2SM RA OVC060 12/11 A2982 RMK AO2 LTG DSNT SE AND S RAE09B14 TSE07 P0010 T01220111 $,null
LIT,2024-12-28 21:53,54,52,92.92,360,9,0.18,29.81,1009.6,1.75,null,OVC,null,null,null,6000,null,null,null,RA,null,null,null,null,null,null,54,KLIT 282153Z 36009KT 1 3/4SM RA OVC060 12/11 A2981 RMK AO2 LTG DSNT E AND SE RAE09B14 TSE07 SLP096 P0018 T01220111 $,null
LIT,2024-12-28 22:03,54,52,92.92,10,10,0.06,29.79,null,2,null,BKN,OVC,null,null,5500,7000,null,null,RA,null,null,null,null,null,null,54,KLIT 282203Z 01010KT 2SM RA BKN055 OVC070 12/11 A2979 RMK AO2 LTG DSNT SE PRESFR P0006 T01220111 $,null
LIT,2024-12-28 22:22,54,52,92.92,30,10,0.14,29.78,null,3,null,OVC,null,null,null,6000,null,null,null,RA,null,null,null,null,null,null,54,KLIT 282222Z 03010KT 3SM RA OVC060 12/11 A2978 RMK AO2 P0014 T01220111 $,null
LIT,2024-12-28 22:53,54,52,92.92,30,6,0.21,29.78,1008.6,8,null,SCT,OVC,null,null,1000,6000,null,null,RA,null,null,null,null,null,null,54,KLIT 282253Z 03006KT 8SM RA SCT010 OVC060 12/11 A2978 RMK AO2 LTG DSNT E SLP086 P0021 T01220111 $,null
LIT,2024-12-28 23:13,54,52,92.92,40,10,0.01,29.77,null,7,15,FEW,FEW,OVC,null,800,1200,6000,null,RA,null,null,null,null,null,null,54,KLIT 282313Z 04010G15KT 7SM RA FEW008 FEW012 OVC060 12/11 A2977 RMK AO2 P0001 T01220111 $,null
LIT,2024-12-28 23:53,53,51,92.89,20,8,0.05,29.75,1007.5,10,null,FEW,SCT,OVC,null,1100,1700,6000,null,#NAME?,null,null,null,null,null,null,53,KLIT 282353Z 02008KT 10SM -RA FEW011 SCT017 OVC060 12/11 A2975 RMK AO2 SLP075 P0005 60094 T01170106 10133 20117 58017 $,null
LIT,2024-12-29 0:19,53,51,92.89,60,4,T,29.74,null,10,null,BKN,OVC,null,null,1100,6500,null,null,null,null,null,null,null,null,null,53,KLIT 290019Z 06004KT 10SM BKN011 OVC065 12/11 A2974 RMK AO2 RAE01 P0000 T01170106 $,null
LIT,2024-12-29 0:53,53,51,92.89,0,0,T,29.72,1006.6,10,null,FEW,BKN,OVC,null,900,8000,9000,null,#NAME?,null,null,null,null,null,null,53,KLIT 290053Z 00000KT 10SM -RA FEW009 BKN080 OVC090 12/11 A2972 RMK AO2 RAE01B26 SLP066 P0000 T01170106 $,null
LIT,2024-12-29 1:14,53,51,92.89,270,8,0.02,29.74,null,6,null,BKN,OVC,null,null,700,8000,null,null,RA,null,null,null,null,null,null,53,KLIT 290114Z 27008KT 6SM RA BKN007 OVC080 12/11 A2974 RMK AO2 P0002 T01170106 $,null
LIT,2024-12-29 1:53,53,51,92.89,290,7,0.09,29.77,1008.2,7,null,OVC,null,null,null,1100,null,null,null,RA,null,null,null,null,null,null,53,KLIT 290153Z 29007KT 7SM RA OVC011 12/11 A2977 RMK AO2 SLP082 P0009 T01170106 $,null
LIT,2024-12-29 2:20,53,51,92.89,340,6,0.02,29.75,null,6,null,SCT,OVC,null,null,1100,1600,null,null,RA,null,null,null,null,null,null,53,KLIT 290220Z 34006KT 6SM RA SCT011 OVC016 12/11 A2975 RMK AO2 P0002 T01170106 $,null
LIT,2024-12-29 2:53,53,51,92.89,350,8,0.05,29.73,1007,9,null,BKN,OVC,null,null,2100,2600,null,null,RA,null,null,null,null,null,null,53,KLIT 290253Z 35008KT 9SM RA BKN021 OVC026 12/11 A2973 RMK AO2 SLP070 P0005 60014 T01170106 58005 $,null
LIT,2024-12-29 3:53,54,51,89.55,340,7,0.02,29.74,1007.2,10,null,BKN,OVC,null,null,3800,5500,null,null,#NAME?,null,null,null,null,null,null,54,KLIT 290353Z 34007KT 10SM -RA BKN038 OVC055 12/11 A2974 RMK AO2 SLP072 P0002 T01220106 $,null
LIT,2024-12-29 4:18,53,51,92.89,300,6,0.04,29.75,null,2.5,null,OVC,null,null,null,3800,null,null,null,#NAME?,null,null,null,null,null,null,53,KLIT 290418Z 30006KT 2 1/2SM -RA OVC038 12/11 A2975 RMK AO2 P0004 T01170106 $,null
LIT,2024-12-29 4:22,53,51,92.89,290,6,0.05,29.75,null,3,null,OVC,null,null,null,3800,null,null,null,#NAME?,null,null,null,null,null,null,53,KLIT 290422Z 29006KT 3SM -RA OVC038 12/11 A2975 RMK AO2 P0005 T01170106 $,null
LIT,2024-12-29 4:46,53,51,92.89,290,8,0.13,29.77,null,3,null,BKN,OVC,null,null,1300,3800,null,null,#NAME?,null,null,null,null,null,null,53,KLIT 290446Z 29008KT 3SM -RA BKN013 OVC038 12/11 A2977 RMK AO2 P0013 T01170106 $,null
LIT,2024-12-29 4:53,53,52,96.39,280,9,0.16,29.77,1008.4,4,null,BKN,OVC,null,null,1300,3600,null,null,#NAME?,null,null,null,null,null,null,53,KLIT 290453Z 28009KT 4SM -RA BKN013 OVC036 12/11 A2977 RMK AO2 SLP084 P0016 T01170111 $,null
LIT,2024-12-29 5:13,53,51,92.89,290,9,0.05,29.78,null,5,null,FEW,BKN,OVC,null,900,1400,2000,null,#NAME?,null,null,null,null,null,null,53,KLIT 290513Z 29009KT 5SM -RA FEW009 BKN014 OVC020 12/11 A2978 RMK AO2 P0005 T01170106 $,null
LIT,2024-12-29 5:24,53,52,96.39,300,7,0.08,29.78,null,5,null,FEW,BKN,OVC,null,900,1700,2200,null,#NAME?,null,null,null,null,null,null,53,KLIT 290524Z 30007KT 5SM -RA FEW009 BKN017 OVC022 12/11 A2978 RMK AO2 P0008 T01170111 $,null
LIT,2024-12-29 5:30,53,52,96.39,300,8,0.09,29.77,null,5,null,BKN,BKN,OVC,null,1100,1700,2100,null,#NAME?,null,null,null,null,null,null,53,KLIT 290530Z 30008KT 5SM -RA BKN011 BKN017 OVC021 12/11 A2977 RMK AO2 P0009 T01170111 $,null
LIT,2024-12-29 5:53,53,51,92.89,300,11,0.11,29.78,1008.5,7,null,SCT,BKN,OVC,null,1000,1400,5000,null,#NAME?,null,null,null,null,null,null,53,KLIT 290553Z 30011KT 7SM -RA SCT010 BKN014 OVC050 12/11 A2978 RMK AO2 SLP085 P0011 60043 T01170106 10122 20111 401330067 51015 $,null
LIT,2024-12-29 5:55,53,51,92.89,310,9,T,29.78,null,8,null,FEW,BKN,OVC,null,800,1200,5000,null,#NAME?,null,null,null,null,null,null,53,KLIT 290555Z 31009KT 8SM -RA FEW008 BKN012 OVC050 12/11 A2978 RMK AO2 P0000 T01170106 $,null
LIT,2024-12-29 5:59,53,51,92.89,310,9,0.01,29.78,null,10,null,SCT,BKN,OVC,null,1000,5000,6000,null,#NAME?,null,null,null,null,null,null,53,KLIT 290559Z 31009KT 10SM -RA SCT010 BKN050 OVC060 12/11 A2978 RMK AO2 P0001 T01170106 $,null
LIT,2024-12-29 6:53,53,51,92.89,320,9,0.07,29.76,1008,5,null,OVC,null,null,null,7500,null,null,null,#NAME?,null,null,null,null,null,null,53,KLIT 290653Z 32009KT 5SM -RA OVC075 12/11 A2976 RMK AO2 SLP080 P0007 T01170106 $,null
LIT,2024-12-29 7:53,53,51,92.89,300,8,0.08,29.8,1009.2,10,null,OVC,null,null,null,7000,null,null,null,#NAME?,null,null,null,null,null,null,53,KLIT 290753Z 30008KT 10SM -RA OVC070 12/11 A2980 RMK AO2 SLP092 P0008 T01170106 $,null
LIT,2024-12-29 8:53,53,51,92.89,270,8,T,29.82,1009.9,10,null,FEW,OVC,null,null,3500,7000,null,null,null,null,null,null,null,null,null,53,KLIT 290853Z 27008KT 10SM FEW035 OVC070 12/11 A2982 RMK AO2 RAE49 SLP099 P0000 60015 T01170106 53014 $,null
LIT,2024-12-29 9:53,52,51,96.37,270,7,0,29.82,1009.9,10,null,FEW,BKN,null,null,7000,25000,null,null,null,null,null,null,null,null,null,52,KLIT 290953Z 27007KT 10SM FEW070 BKN250 11/11 A2982 RMK AO2 SLP099 T01110106 $,null
LIT,2024-12-29 10:53,52,50,92.86,260,9,0,29.82,1009.9,10,null,BKN,null,null,null,25000,null,null,null,null,null,null,null,null,null,null,52,KLIT 291053Z 26009KT 10SM BKN250 11/10 A2982 RMK AO2 SLP099 T01110100 $,null
LIT,2024-12-29 11:53,51,49,92.83,270,9,0,29.84,1010.5,10,null,BKN,null,null,null,25000,null,null,null,null,null,null,null,null,null,null,51,KLIT 291153Z 27009KT 10SM BKN250 11/09 A2984 RMK AO2 SLP105 60015 70161 T01060094 10117 20106 53006 $,null
LIT,2024-12-29 12:53,50,49,96.34,280,7,0,29.87,1011.6,10,null,BKN,null,null,null,25000,null,null,null,null,null,null,null,null,null,null,50,KLIT 291253Z 28007KT 10SM BKN250 10/09 A2987 RMK AO2 SLP116 T01000094 $,null
LIT,2024-12-29 13:53,50,48,92.8,290,8,0,29.89,1012.3,10,null,BKN,null,null,null,25000,null,null,null,null,null,null,null,null,null,null,50,KLIT 291353Z 29008KT 10SM BKN250 10/09 A2989 RMK AO2 SLP123 T01000089 $,null
LIT,2024-12-29 14:53,54,50,86.29,330,8,0,29.92,1013.2,10,null,FEW,null,null,null,25000,null,null,null,null,null,null,null,null,null,null,54,KLIT 291453Z 33008KT 10SM FEW250 12/10 A2992 RMK AO2 SLP132 T01220100 51027 $,null
LIT,2024-12-29 15:53,57,50,77.38,320,6,0,29.93,1013.8,10,null,SCT,null,null,null,25000,null,null,null,null,null,null,null,null,null,null,57,KLIT 291553Z 32006KT 10SM SCT250 14/10 A2993 RMK AO2 SLP138 T01390100 $,null
LIT,2024-12-29 16:53,60,50,69.49,330,6,0,29.93,1013.5,10,null,OVC,null,null,null,9000,null,null,null,null,null,null,null,null,null,null,60,KLIT 291653Z 33006KT 10SM OVC090 16/10 A2993 RMK AO2 SLP135 T01560100 $,null
LIT,2024-12-29 17:53,61,50,67.06,240,5,0,29.89,1012.2,10,null,OVC,null,null,null,9000,null,null,null,null,null,null,null,null,null,null,61,KLIT 291753Z 24005KT 10SM OVC090 16/10 A2989 RMK AO2 SLP122 T01610100 10167 20100 58009 $,null
LIT,2024-12-29 18:53,64,51,62.62,250,9,0,29.87,1011.7,10,null,OVC,null,null,null,9000,null,null,null,null,null,null,null,null,null,null,64,KLIT 291853Z 25009KT 10SM OVC090 18/11 A2987 RMK AO2 SLP117 T01780106,null
LIT,2024-12-29 19:53,63,52,67.29,260,10,0,29.87,1011.7,10,19,OVC,null,null,null,9000,null,null,null,null,null,null,null,null,null,null,63,KLIT 291953Z 26010G19KT 10SM OVC090 17/11 A2987 RMK AO2 SLP117 T01720111,null
LIT,2024-12-29 20:53,60,52,74.83,230,13,0,29.86,1011.2,10,null,FEW,null,null,null,25000,null,null,null,null,null,null,null,null,null,null,60,KLIT 292053Z 23013KT 10SM FEW250 16/11 A2986 RMK AO2 SLP112 T01560111 56010,null
LIT,2024-12-29 21:53,60,51,72.12,250,13,0,29.85,1011.1,10,21,FEW,null,null,null,8000,null,null,null,null,null,null,null,null,null,null,60,KLIT 292153Z 25013G21KT 10SM FEW080 16/11 A2985 RMK AO2 SLP111 T01560106,null
LIT,2024-12-29 22:53,57,50,77.38,250,10,0,29.87,1011.5,10,21,FEW,null,null,null,3500,null,null,null,null,null,null,null,null,null,null,57,KLIT 292253Z 25010G21KT 10SM FEW035 14/10 A2987 RMK AO2 SLP115 T01390100,null
LIT,2024-12-29 23:53,56,50,80.23,250,8,0,29.89,1012.3,10,null,FEW,null,null,null,25000,null,null,null,null,null,null,null,null,null,null,56,KLIT 292353Z 25008KT 10SM FEW250 13/10 A2989 RMK AO2 SLP123 T01330100 10183 20133 53010,null
LIT,2024-12-30 0:53,54,50,86.29,250,10,0,29.88,1012.1,10,null,CLR,null,null,null,null,null,null,null,null,null,null,null,null,null,null,54,KLIT 300053Z 25010KT 10SM CLR 12/10 A2988 RMK AO2 SLP121 T01220100,null
LIT,2024-12-30 1:53,53,50,89.51,260,6,0,29.89,1012.3,10,null,CLR,null,null,null,null,null,null,null,null,null,null,null,null,null,null,53,KLIT 300153Z 26006KT 10SM CLR 12/10 A2989 RMK AO2 SLP123 T01170100,null
LIT,2024-12-30 2:53,53,50,89.51,270,6,0,29.89,1012.5,10,null,CLR,null,null,null,null,null,null,null,null,null,null,null,null,null,null,53,KLIT 300253Z 27006KT 10SM CLR 12/10 A2989 RMK AO2 SLP125 T01170100 53002,null
LIT,2024-12-30 3:53,51,49,92.83,280,5,0,29.9,1012.8,10,null,CLR,null,null,null,null,null,null,null,null,null,null,null,null,null,null,51,KLIT 300353Z 28005KT 10SM CLR 11/09 A2990 RMK AO2 SLP128 T01060094,null
LIT,2024-12-30 4:53,50,48,92.8,270,5,0,29.9,1012.9,9,null,FEW,null,null,null,25000,null,null,null,null,null,null,null,null,null,null,50,KLIT 300453Z 27005KT 9SM FEW250 10/09 A2990 RMK AO2 SLP129 T01000089,null
LIT,2024-12-30 5:53,49,48,96.32,0,0,0,29.91,1013.1,5,null,SCT,null,null,null,25000,null,null,null,BR,null,null,null,null,null,null,49,KLIT 300553Z 00000KT 5SM BR SCT250 09/09 A2991 RMK AO2 SLP131 T00940089 10133 20089 401830089 51006 $,null
LIT,2024-12-30 6:53,48,47,96.31,250,3,0,29.9,1012.7,4,null,SCT,null,null,null,25000,null,null,null,BR,null,null,null,null,null,null,46.98,KLIT 300653Z 25003KT 4SM BR SCT250 09/08 A2990 RMK AO2 SLP127 T00890083 $,null
LIT,2024-12-30 6:58,46,46,100,240,3,0,29.9,null,1,null,VV ,null,null,null,300,null,null,null,BR,null,null,null,null,null,null,44.69,KLIT 300658Z 24003KT 1SM BR VV003 08/08 A2990 RMK AO2 T00780078 RVRNO $,null
LIT,2024-12-30 7:05,45,45,100,null,null,0,29.9,null,null,null,null,null,null,null,null,null,null,null,FG,null,null,null,null,null,null,null,KLIT 300705Z FG 07/07 A2990 RMK AO2 T00720072 RVRNO $,null
LIT,2024-12-30 7:14,45,45,100,220,5,0,29.89,null,1,null,VV ,null,null,null,300,null,null,null,BR,null,null,null,null,null,null,41.83,KLIT 300714Z 22005KT 1SM BR VV003 07/07 A2989 RMK AO2 T00720072 RVRNO $,null
LIT,2024-12-30 7:26,null,null,null,null,null,0,29.89,null,null,null,null,null,null,null,null,null,null,null,BR,null,null,null,null,null,null,null,KLIT 300726Z BR A2989 RMK AO2 RVRNO $,null
LIT,2024-12-30 7:43,45,44,96.26,200,5,0,29.89,null,1,null,SCT,BKN,null,null,300,25000,null,null,BR,null,null,null,null,null,null,41.83,KLIT 300743Z 20005KT 1SM BR SCT003 BKN250 07/07 A2989 RMK AO2 TWRR VIS 33 T00720067 RVRNO $,null
LIT,2024-12-30 7:53,45,44,96.26,0,0,0,29.89,1012.3,1,null,SCT,BKN,null,null,300,25000,null,null,BR,null,null,null,null,null,null,45,KLIT 300753Z 00000KT 1SM BR SCT003 BKN250 07/07 A2989 RMK AO2 SLP123 TWR VIS 2 1/2 T00720067 RVRNO $,null
LIT,2024-12-30 8:00,null,null,null,null,null,0,29.88,null,null,null,null,null,null,null,null,null,null,null,BR,null,null,null,null,null,null,null,KLIT 300800Z BR A2988 RMK AO2 RVRNO $,null
LIT,2024-12-30 8:46,45,42,89.15,0,0,0,29.87,null,0.5,null,VV ,null,null,null,300,null,null,null,FG,null,null,null,null,null,null,45,KLIT 300846Z 00000KT 1/2SM FG VV003 07/06 A2987 RMK AO2 T00720056 RVRNO $,null
LIT,2024-12-30 8:53,45,42,89.15,0,0,0,29.87,1011.8,0.5,null,VV ,null,null,null,300,null,null,null,FG,null,null,null,null,null,null,45,KLIT 300853Z 00000KT 1/2SM FG VV003 07/06 A2987 RMK AO2 SLP118 T00720056 58013 RVRNO $,null
LIT,2024-12-30 9:02,44,44,100,0,0,0,29.88,null,0.12,null,VV ,null,null,null,200,null,null,null,FG,null,null,null,null,null,null,44,KLIT 300902Z COR 00000KT 1/8SM FG VV002 07/07 A2988 TWR VIS 1/8 RMK AO2 T00670067 RVRNO $,null
LIT,2024-12-30 9:53,45,45,100,0,0,0,29.86,1011.4,0.12,null,VV ,null,null,null,200,null,null,null,FG,null,null,null,null,null,null,45,KLIT 300953Z 00000KT 1/8SM FG VV002 07/07 A2986 RMK AO2 SLP114 TWR VIS 1/8 T00720072 RVRNO $,null
LIT,2024-12-30 10:53,45,45,100,220,4,0,29.85,1011.2,0.25,null,VV ,null,null,null,300,null,null,null,FG,null,null,null,null,null,null,42.6,KLIT 301053Z 22004KT 1/4SM FG VV003 07/07 A2985 RMK AO2 SLP112 T00720072 RVRNO $,null
LIT,2024-12-30 11:53,47,46,96.29,0,0,0,29.85,1011,0.25,null,VV ,null,null,null,300,null,null,null,FG,null,null,null,null,null,null,47,KLIT 301153Z 00000KT 1/4SM FG VV003 08/08 A2985 RMK AO2 SLP110 T00830078 56008 RVRNO $,null
LIT,2024-12-30 12:53,48,48,100,190,5,0,29.84,1010.6,0.25,null,VV ,null,null,null,200,null,null,null,FG,null,null,null,null,null,null,45.4,KLIT 301253Z 19005KT 1/4SM FG VV002 09/09 A2984 RMK AO2 SLP106 T00890089 RVRNO $,null
LIT,2024-12-30 13:53,49,49,100,200,5,0,29.85,1010.9,0.25,null,OVC,null,null,null,200,null,null,null,FG,null,null,null,null,null,null,46.58,KLIT 301353Z 20005KT 1/4SM FG OVC002 09/09 A2985 RMK AO2 SLP109 T00940094 RVRNO $,null
LIT,2024-12-30 14:53,50,49,96.34,160,8,0,29.82,1010,0.5,null,OVC,null,null,null,200,null,null,null,FG,null,null,null,null,null,null,50,KLIT 301453Z 16008KT 1/2SM FG OVC002 10/09 A2982 RMK AO2 SLP100 T01000094 58009 RVRNO,null
LIT,2024-12-30 15:53,50,48,92.8,160,10,0,29.81,1009.5,1,19,OVC,null,null,null,400,null,null,null,BR,null,null,null,null,null,null,50,KLIT 301553Z 16010G19KT 1SM BR OVC004 10/09 A2981 RMK AO2 CIG 002V007 SLP095 T01000089 RVRNO $,null
LIT,2024-12-30 16:53,50,48,92.8,190,14,0,29.78,1008.5,4,20,OVC,null,null,null,600,null,null,null,BR,null,null,null,null,null,null,50,KLIT 301653Z 19014G20KT 4SM BR OVC006 10/09 A2978 RMK AO2 SLP085 T01000089,null
LIT,2024-12-30 17:53,51,48,89.42,180,9,0,29.72,1006.5,8,null,OVC,null,null,null,900,null,null,null,null,null,null,null,null,null,null,51,KLIT 301753Z 18009KT 8SM OVC009 11/09 A2972 RMK AO2 CIG 007V013 PRESFR SLP065 T01060089 10106 20083 58034,null
LIT,2024-12-30 18:53,54,48,80.07,190,12,0,29.66,1004.6,10,19,SCT,BKN,null,null,1300,1900,null,null,null,null,null,null,null,null,null,54,KLIT 301853Z 19012G19KT 10SM SCT013 BKN019 12/09 A2966 RMK AO2 SLP046 T01220089,null
LIT,2024-12-30 19:53,58,48,69.27,180,8,0,29.61,1002.9,10,null,FEW,SCT,null,null,1900,2700,null,null,null,null,null,null,null,null,null,58,KLIT 301953Z 18008KT 10SM FEW019 SCT027 14/09 A2961 RMK AO2 SLP029 T01440089,null
LIT,2024-12-30 20:53,60,50,69.49,200,8,0,29.6,1002.6,10,null,FEW,null,null,null,2700,null,null,null,null,null,null,null,null,null,null,60,KLIT 302053Z 20008KT 10SM FEW027 16/10 A2960 RMK AO2 SLP026 T01560100 56039,null
LIT,2024-12-30 21:53,62,51,67.18,200,8,0,29.58,1001.9,10,null,CLR,null,null,null,null,null,null,null,null,null,null,null,null,null,null,62,KLIT 302153Z 20008KT 10SM CLR 17/11 A2958 RMK AO2 SLP019 T01670106,null
LIT,2024-12-30 22:53,60,51,72.12,210,4,0,29.59,1002.2,10,null,CLR,null,null,null,null,null,null,null,null,null,null,null,null,null,null,60,KLIT 302253Z 21004KT 10SM CLR 16/11 A2959 RMK AO2 SLP022 T01560106,null
LIT,2024-12-30 23:53,57,50,77.38,200,3,0,29.6,1002.4,10,null,CLR,null,null,null,null,null,null,null,null,null,null,null,null,null,null,57,KLIT 302353Z 20003KT 10SM CLR 14/10 A2960 RMK AO2 SLP024 T01390100 10172 20106 55002,null
LIT,2024-12-31 0:53,55,50,83.2,210,3,0,29.61,1002.8,10,null,CLR,null,null,null,null,null,null,null,null,null,null,null,null,null,null,55,KLIT 310053Z 21003KT 10SM CLR 13/10 A2961 RMK AO2 SLP028 T01280100,null
LIT,2024-12-31 1:53,58,50,74.64,250,8,0,29.62,1003.2,10,null,CLR,null,null,null,null,null,null,null,null,null,null,null,null,null,null,58,KLIT 310153Z 25008KT 10SM CLR 14/10 A2962 RMK AO2 SLP032 T01440100,null
LIT,2024-12-31 2:53,58,50,74.64,280,10,0,29.66,1004.5,10,null,CLR,null,null,null,null,null,null,null,null,null,null,null,null,null,null,58,KLIT 310253Z 28010KT 10SM CLR 14/10 A2966 RMK AO2 SLP045 T01440100 53021,null
LIT,2024-12-31 3:53,57,48,71.81,270,7,0,29.68,1005.1,10,null,CLR,null,null,null,null,null,null,null,null,null,null,null,null,null,null,57,KLIT 310353Z 27007KT 10SM CLR 14/09 A2968 RMK AO2 SLP051 T01390089,null
LIT,2024-12-31 4:53,54,46,74.26,260,6,0,29.68,1005.3,10,null,CLR,null,null,null,null,null,null,null,null,null,null,null,null,null,null,54,KLIT 310453Z 26006KT 10SM CLR 12/08 A2968 RMK AO2 SLP053 T01220078,null
LIT,2024-12-31 5:53,54,46,74.26,270,6,0,29.69,1005.6,10,null,CLR,null,null,null,null,null,null,null,null,null,null,null,null,null,null,54,KLIT 310553Z 27006KT 10SM CLR 12/08 A2969 RMK AO2 SLP056 T01220078 10150 20117 401720067 51010,null
LIT,2024-12-31 6:53,52,45,76.94,270,6,0,29.69,1005.5,10,null,CLR,null,null,null,null,null,null,null,null,null,null,null,null,null,null,52,KLIT 310653Z 27006KT 10SM CLR 11/07 A2969 RMK AO2 SLP055 T01110072,null
LIT,2024-12-31 7:53,55,38,52.6,290,12,0,29.71,1006,10,22,CLR,null,null,null,null,null,null,null,null,null,null,null,null,null,null,55,KLIT 310753Z 29012G22KT 10SM CLR 13/03 A2971 RMK AO2 SLP060 T01280033,null
LIT,2024-12-31 8:53,52,38,58.71,270,7,0,29.72,1006.6,10,null,CLR,null,null,null,null,null,null,null,null,null,null,null,null,null,null,52,KLIT 310853Z 27007KT 10SM CLR 11/03 A2972 RMK AO2 SLP066 T01110033 53010 $,null
LIT,2024-12-31 9:53,50,38,63.23,280,7,0,29.72,1006.7,10,null,CLR,null,null,null,null,null,null,null,null,null,null,null,null,null,null,50,KLIT 310953Z 28007KT 10SM CLR 10/03 A2972 RMK AO2 SLP067 T01000033 $,null
LIT,2024-12-31 10:53,50,36,58.44,280,11,0,29.74,1007.3,10,null,CLR,null,null,null,null,null,null,null,null,null,null,null,null,null,null,50,KLIT 311053Z 28011KT 10SM CLR 10/02 A2974 RMK AO2 SLP073 T01000022 $,null
LIT,2024-12-31 11:53,51,33,49.96,310,14,0,29.8,1009.2,10,28,CLR,null,null,null,null,null,null,null,null,null,null,null,36,310,2024-12-31 11:20,51,KLIT 311153Z 31014G28KT 10SM CLR 11/01 A2980 RMK AO2 PK WND 31036/1120 PRESRR SLP092 T01060006 10128 20100 53025 $,null
LIT,2024-12-31 12:53,49,33,53.82,320,15,0,29.84,1010.6,10,25,CLR,null,null,null,null,null,null,null,null,null,null,null,36,320,2024-12-31 12:09,42.82,KLIT 311253Z 32015G25KT 10SM CLR 09/01 A2984 RMK AO2 PK WND 32036/1209 SLP106 T00940006 $,null
LIT,2024-12-31 13:53,49,34,56.02,320,12,0,29.88,1012.1,10,21,FEW,null,null,null,25000,null,null,null,null,null,null,null,27,330,2024-12-31 13:15,43.64,KLIT 311353Z 32012G21KT 10SM FEW250 09/01 A2988 RMK AO2 PK WND 33027/1315 SLP121 T00940011 $,null
LIT,2024-12-31 14:53,50,35,56.16,320,16,0,29.92,1013.3,10,21,FEW,null,null,null,3000,null,null,null,null,null,null,null,null,null,null,50,KLIT 311453Z 32016G21KT 10SM FEW030 10/02 A2992 RMK AO2 SLP133 T01000017 51041,null
LIT,2024-12-31 15:53,52,36,54.26,310,16,0,29.96,1014.8,10,27,SCT,null,null,null,3000,null,null,null,null,null,null,null,29,340,2024-12-31 15:15,52,KLIT 311553Z 31016G27KT 10SM SCT030 11/02 A2996 RMK AO2 PK WND 34029/1515 SLP148 T01110022,null
LIT,2024-12-31 16:53,54,37,52.45,330,17,0,29.99,1015.6,10,27,BKN,null,null,null,4000,null,null,null,null,null,null,null,31,310,2024-12-31 16:30,54,KLIT 311653Z 33017G27KT 10SM BKN040 12/03 A2999 RMK AO2 PK WND 31031/1630 SLP156 T01220028,null
LIT,2024-12-31 17:53,55,36,48.62,330,16,0,30,1016.1,10,31,BKN,null,null,null,4000,null,null,null,null,null,null,null,33,350,2024-12-31 17:31,55,KLIT 311753Z 33016G31KT 10SM BKN040 13/02 A3000 RMK AO2 PK WND 35033/1731 SLP161 T01280022 10128 20094 51028,null
LIT,2024-12-31 18:53,53,34,48.3,320,17,0,30.01,1016.3,10,26,BKN,null,null,null,4400,null,null,null,null,null,null,null,34,310,2024-12-31 18:26,53,KLIT 311853Z 32017G26KT 10SM BKN044 12/01 A3001 RMK AO2 PK WND 31034/1826 SLP163 T01170011,null
LIT,2024-12-31 19:53,53,35,50.27,330,14,0,30.03,1017,10,21,BKN,null,null,null,4600,null,null,null,null,null,null,null,null,null,null,53,KLIT 311953Z 33014G21KT 10SM BKN046 12/02 A3003 RMK AO2 SLP170 T01170017,null
LIT,2024-12-31 20:53,52,34,50.12,350,14,0,30.06,1018.2,10,null,BKN,null,null,null,4500,null,null,null,null,null,null,null,null,null,null,52,KLIT 312053Z 35014KT 10SM BKN045 11/01 A3006 RMK AO2 SLP182 T01110011 53021,null
LIT,2024-12-31 21:53,52,33,48.15,340,11,0,30.08,1018.7,10,null,BKN,null,null,null,4700,null,null,null,null,null,null,null,null,null,null,52,KLIT 312153Z 34011KT 10SM BKN047 11/01 A3008 RMK AO2 SLP187 T01110006,null
LIT,2024-12-31 22:53,50,33,51.85,350,13,0,30.08,1018.9,10,21,BKN,null,null,null,6000,null,null,null,null,null,null,null,null,null,null,50,KLIT 312253Z 35013G21KT 10SM BKN060 10/01 A3008 RMK AO2 SLP189 T01000006,null
LIT,2024-12-31 23:53,48,34,58.16,340,7,0,30.1,1019.7,10,null,SCT,null,null,null,7000,null,null,null,null,null,null,null,null,null,null,44.28,KLIT 312353Z 34007KT 10SM SCT070 09/01 A3010 RMK AO2 SLP197 T00890011 10133 20089 53014,null
