station,valid,tmpf,dwpf,relh,drct,sknt,p01i,alti,mslp,vsby,gust,skyc1,skyc2,skyc3,skyc4,skyl1,skyl2,skyl3,skyl4,wxcodes,ice_accretion_1hr,ice_accretion_3hr,ice_accretion_6hr,peak_wind_gust,peak_wind_drct,peak_wind_time,feel,metar,snowdepth
GEG,2023-12-01 0:22,27,24,88.28,0,0,T,29.87,null,2,null,BKN,OVC,null,null,700,3500,null,null,BR,null,null,null,null,null,null,27,KGEG 010022Z 00000KT 2SM BR BKN007 OVC035 M03/M04 A2987 RMK AO2 SFC VIS 3 SNE22 P0000 T10281044,null
GEG,2023-12-01 0:41,27,24,88.28,10,4,T,29.86,null,5,null,BKN,OVC,null,null,700,3500,null,null,BR,null,null,null,null,null,null,21.58,KGEG 010041Z 01004KT 5SM BR BKN007 OVC035 M03/M04 A2986 RMK AO2 SNE22 P0000 T10281044,null
GEG,2023-12-01 0:53,27,25,92.05,10,4,T,29.86,1013.6,4,null,BKN,OVC,null,null,600,3500,null,null,BR,null,null,null,null,null,null,21.58,KGEG 010053Z 01004KT 4SM BR BKN006 OVC035 M03/M04 A2986 RMK AO2 SNE22 SLP136 P0000 T10281039,null
GEG,2023-12-01 1:21,27,25,92.05,20,4,0,29.86,null,4,null,SCT,BKN,OVC,null,400,1300,9000,null,BR,null,null,null,null,null,null,21.58,KGEG 010121Z 02004KT 4SM BR SCT004 BKN013 OVC090 M03/M04 A2986 RMK AO2 T10281039,null
GEG,2023-12-01 1:53,27,24,88.28,30,4,0,29.85,1013.4,5,null,FEW,BKN,OVC,null,500,1700,8000,null,BR,null,null,null,null,null,null,21.58,KGEG 010153Z 03004KT 5SM BR FEW005 BKN017 OVC080 M03/M04 A2985 RMK AO2 SLP134 T10281044,null
GEG,2023-12-01 2:53,27,24,88.28,20,4,0,29.84,1013,5,null,FEW,SCT,OVC,null,700,2000,8500,null,BR,null,null,null,null,null,null,21.58,KGEG 010253Z 02004KT 5SM BR FEW007 SCT020 OVC085 M03/M04 A2984 RMK AO2 SLP130 60000 T10281044 58009,null
GEG,2023-12-01 3:40,27,24,88.28,20,4,T,29.84,null,4,null,FEW,OVC,null,null,700,5500,null,null,#NAME?,null,null,null,null,null,null,21.58,KGEG 010340Z 02004KT 4SM -SN BR FEW007 OVC055 M03/M04 A2984 RMK AO2 SNB36 P0000 T10281044,null
GEG,2023-12-01 3:53,27,24,88.28,30,5,T,29.83,1012.8,4,null,FEW,OVC,null,null,700,5500,null,null,#NAME?,null,null,null,null,null,null,20.46,KGEG 010353Z 03005KT 4SM -SN BR FEW007 OVC055 M03/M04 A2983 RMK AO2 SNB36 SLP128 P0000 T10281044,null
GEG,2023-12-01 4:53,27,24,88.28,350,3,T,29.83,1012.4,5,null,FEW,OVC,null,null,800,5000,null,null,#NAME?,null,null,null,null,null,null,22.97,KGEG 010453Z 35003KT 5SM -SN BR FEW008 OVC050 M03/M04 A2983 RMK AO2 SLP124 P0000 T10281044,null
GEG,2023-12-01 5:53,27,24,88.28,30,5,T,29.81,1011.8,6,null,BKN,OVC,null,null,4700,6000,null,null,BR,null,null,null,null,null,null,20.46,KGEG 010553Z 03005KT 6SM BR BKN047 OVC060 M03/M04 A2981 RMK AO2 SNE50 SLP118 P0000 60000 T10281044 11022 21028 58010,null
GEG,2023-12-01 6:43,27,24,88.28,10,3,T,29.81,null,6,null,FEW,BKN,OVC,null,1500,5500,18000,null,#NAME?,null,null,null,null,null,null,22.97,KGEG 010643Z 01003KT 6SM -SN BR FEW015 BKN055 OVC180 M03/M04 A2981 RMK AO2 SNB43 P0000 T10281044,null
GEG,2023-12-01 6:53,27,24,88.28,20,3,T,29.81,1011.9,4,null,FEW,BKN,OVC,null,1500,4400,6000,null,#NAME?,null,null,null,null,null,null,22.97,KGEG 010653Z 02003KT 4SM -SN BR FEW015 BKN044 OVC060 M03/M04 A2981 RMK AO2 SNB43 SLP119 P0000 T10281044,null
GEG,2023-12-01 7:14,27,24,88.28,30,3,T,29.81,null,1.75,null,OVC,null,null,null,2800,null,null,null,#NAME?,null,null,null,null,null,null,22.97,KGEG 010714Z 03003KT 1 3/4SM -SN BR OVC028 M03/M04 A2981 RMK AO2 TWR VIS 4 P0000 T10281044,null
GEG,2023-12-01 7:53,27,24,88.28,0,0,T,29.81,1011.8,2,null,BKN,BKN,OVC,null,2600,3500,4900,null,#NAME?,null,null,null,null,null,null,27,KGEG 010753Z 00000KT 2SM -SN BR BKN026 BKN035 OVC049 M03/M04 A2981 RMK AO2 SLP118 P0000 T10281044 410221044,null
GEG,2023-12-01 8:53,27,24,88.28,0,0,0.02,29.8,1011.5,2,null,BKN,OVC,null,null,1900,3100,null,null,#NAME?,null,null,null,null,null,null,27,KGEG 010853Z 00000KT 2SM -SN BR BKN019 OVC031 M03/M04 A2980 RMK AO2 SLP115 P0002 60002 T10281044 58003,null
GEG,2023-12-01 9:19,27,25,92.05,0,0,T,29.79,null,2,null,SCT,OVC,null,null,1900,3300,null,null,#NAME?,null,null,null,null,null,null,27,KGEG 010919Z 00000KT 2SM -SN BR SCT019 OVC033 M03/M04 A2979 RMK AO2 P0000 T10281039,null
GEG,2023-12-01 9:53,27,24,88.28,0,0,0.01,29.79,1011.3,1.75,null,BKN,OVC,null,null,3000,4700,null,null,#NAME?,null,null,null,null,null,null,27,KGEG 010953Z 00000KT 1 3/4SM -SN BR BKN030 OVC047 M03/M04 A2979 RMK AO2 TWR VIS 2 SLP113 P0001 T10281044,null
GEG,2023-12-01 10:16,27,24,88.28,0,0,T,29.79,null,1.75,null,BKN,OVC,null,null,2200,3500,null,null,#NAME?,null,null,null,null,null,null,27,KGEG 011016Z 00000KT 1 3/4SM -SN BR BKN022 OVC035 M03/M04 A2979 RMK AO2 TWR VIS 2 P0000 T10281044,null
GEG,2023-12-01 10:53,27,24,88.28,160,4,T,29.79,1011.2,2,null,BKN,OVC,null,null,900,1500,null,null,#NAME?,null,null,null,null,null,null,21.58,KGEG 011053Z 16004KT 2SM -SN BR BKN009 OVC015 M03/M04 A2979 RMK AO2 SLP112 P0000 T10281044,null
GEG,2023-12-01 11:53,27,24,88.28,200,8,0.01,29.78,1010.7,2,null,OVC,null,null,null,700,null,null,null,#NAME?,null,null,null,null,null,null,17.95,KGEG 011153Z 20008KT 2SM -SN BR OVC007 M03/M04 A2978 RMK AO2 SLP107 P0001 60004 70005 T10281044 11028 21028 58006,null
GEG,2023-12-01 12:53,26,23,88.23,190,5,0.01,29.77,1010.5,2,null,SCT,BKN,OVC,null,900,2000,2700,null,#NAME?,null,null,null,null,null,null,19.27,KGEG 011253Z 19005KT 2SM -SN BR SCT009 BKN020 OVC027 M03/M05 A2977 RMK AO2 SLP105 P0001 T10331050,null
GEG,2023-12-01 13:08,26,23,88.23,180,6,0.01,29.77,null,2,null,BKN,OVC,null,null,1100,2700,null,null,#NAME?,null,null,null,null,null,null,18.3,KGEG 011308Z 18006KT 2SM -SN BR BKN011 OVC027 M03/M05 A2977 RMK AO2 P0001 T10331050,null
GEG,2023-12-01 13:46,26,22,84.59,190,7,0.01,29.76,null,3,null,OVC,null,null,null,1000,null,null,null,#NAME?,null,null,null,null,null,null,17.47,KGEG 011346Z 19007KT 3SM -SN BR OVC010 M03/M06 A2976 RMK AO2 TWR VIS 4 P0001 T10331056,null
GEG,2023-12-01 13:53,26,22,84.59,190,6,0.01,29.76,1010.3,5,null,OVC,null,null,null,900,null,null,null,BR,null,null,null,null,null,null,18.3,KGEG 011353Z 19006KT 5SM BR OVC009 M03/M06 A2976 RMK AO2 SNE49 SLP103 P0001 T10331056,null
GEG,2023-12-01 14:53,25,22,88.18,210,6,0,29.76,1010.1,6,null,OVC,null,null,null,800,null,null,null,BR,null,null,null,null,null,null,17.1,KGEG 011453Z 21006KT 6SM BR OVC008 M04/M06 A2976 RMK AO2 SLP101 60002 T10391056 57007,null
GEG,2023-12-01 15:53,25,22,88.18,160,4,0,29.75,1009.9,6,null,OVC,null,null,null,600,null,null,null,BR,null,null,null,null,null,null,19.25,KGEG 011553Z 16004KT 6SM BR OVC006 M04/M06 A2975 RMK AO2 SLP099 T10391056,null
GEG,2023-12-01 16:23,25,22,88.18,120,4,0,29.75,null,4,null,FEW,OVC,null,null,200,6000,null,null,BR,null,null,null,null,null,null,19.25,KGEG 011623Z 12004KT 4SM BR FEW002 OVC060 M04/M06 A2975 RMK AO2 T10391056,null
GEG,2023-12-01 16:53,25,22,88.18,140,4,0,29.74,1009.6,5,null,FEW,OVC,null,null,200,6000,null,null,BR,null,null,null,null,null,null,19.25,KGEG 011653Z 14004KT 5SM BR FEW002 OVC060 M04/M06 A2974 RMK AO2 SLP096 T10391056,null
GEG,2023-12-01 17:03,25,23,91.97,120,4,0,29.74,null,5,null,FEW,OVC,null,null,200,600,null,null,BR,null,null,null,null,null,null,19.25,KGEG 011703Z 12004KT 5SM BR FEW002 OVC006 M04/M05 A2974 RMK AO2 T10391050,null
GEG,2023-12-01 17:53,26,23,88.23,100,4,T,29.72,1008.7,5,null,FEW,OVC,null,null,200,600,null,null,#NAME?,null,null,null,null,null,null,20.41,KGEG 011753Z 10004KT 5SM -SN BR FEW002 OVC006 M03/M05 A2972 RMK AO2 SNB52 SLP087 P0000 60002 T10331050 11028 21039 58012,null
GEG,2023-12-01 17:56,27,23,84.66,100,4,T,29.71,null,2.5,null,FEW,OVC,null,null,200,800,null,null,#NAME?,null,null,null,null,null,null,21.58,KGEG 011756Z 10004KT 2 1/2SM -SN BR FEW002 OVC008 M03/M05 A2971 RMK AO2 SFC VIS 5 P0000 T10281050,null
GEG,2023-12-01 18:49,26.6,24.8,92.8,80,4,0.01,29.7,null,0.5,null,VV ,null,null,null,1400,null,null,null,SN FZFG,null,null,null,null,null,null,21.11,KGEG 011849Z 08004KT 1/2SM R21/3500V4000FT SN FZFG VV014 M03/M04 A2970 RMK AO2 TWR VIS 3/4 P0001,null
GEG,2023-12-01 18:53,27,25,92.05,80,4,0.01,29.7,1008,0.5,null,VV ,null,null,null,1400,null,null,null,SN FZFG,null,null,null,null,null,null,21.58,KGEG 011853Z 08004KT 1/2SM R21/3500V4500FT SN FZFG VV014 M03/M04 A2970 RMK AO2 TWR VIS 3/4 SLP080 P0001 T10281039,null
GEG,2023-12-01 19:15,28,25,88.33,80,4,0.02,29.69,null,0.25,null,VV ,null,null,null,1000,null,null,null,SN FZFG,null,null,null,null,null,null,22.75,KGEG 011915Z 08004KT 1/4SM R21/2600V3000FT SN FZFG VV010 M02/M04 A2969 RMK AO2 TWR VIS 1/2 P0002 T10221039,null
GEG,2023-12-01 19:24,28,25,88.33,80,4,0.03,29.69,null,0.25,null,VV ,null,null,null,900,null,null,null,SN FZFG,null,null,null,null,null,null,22.75,KGEG 011924Z 08004KT 1/4SM R21/2600V3500FT SN FZFG VV009 M02/M04 A2969 RMK AO2 TWR VIS 1/2 P0003 T10221039,null
GEG,2023-12-01 19:38,28,25,88.33,80,5,0.04,29.68,null,0.25,null,VV ,null,null,null,1000,null,null,null,SN FZFG,null,null,null,null,null,null,21.64,KGEG 011938Z 08005KT 1/4SM R21/2800V3500FT SN FZFG VV010 M02/M04 A2968 RMK AO2 TWR VIS 1/2 P0004 T10221039,null
GEG,2023-12-01 19:53,28,25,88.33,70,6,0.05,29.67,1007.1,0.5,null,FEW,BKN,OVC,null,600,1100,2400,null,#NAME?,null,null,null,null,null,null,20.71,KGEG 011953Z 07006KT 1/2SM R21/3500V6000FT -SN FZFG FEW006 BKN011 OVC024 M02/M04 A2967 RMK AO2 SLP071 P0005 T10221039,null
GEG,2023-12-01 20:25,28,26,92.08,60,6,0.01,29.66,null,0.25,null,VV ,null,null,null,1000,null,null,null,SN FZFG,null,null,null,null,null,null,20.71,KGEG 012025Z 06006KT 1/4SM R21/2400V4000FT SN FZFG VV010 M02/M03 A2966 RMK AO2 TWR VIS 1/2 P0001 T10221033,null
GEG,2023-12-01 20:37,29,26,88.38,70,6,0.03,29.66,null,0.25,null,VV ,null,null,null,800,null,null,null,SN FZFG,null,null,null,null,null,null,21.92,KGEG 012037Z 07006KT 1/4SM R21/2200V3000FT SN FZFG VV008 M02/M03 A2966 RMK AO2 TWR VIS 1/2 P0003 T10171033,null
GEG,2023-12-01 20:53,29,26,88.38,70,5,0.04,29.66,1006.4,0.25,null,VV ,null,null,null,800,null,null,null,SN FZFG,null,null,null,null,null,null,22.83,KGEG 012053Z 07005KT 1/4SM R21/2200V2600FT SN FZFG VV008 M02/M03 A2966 RMK AO2 TWR VIS 1/2 SLP064 P0004 60010 T10171033 58014,null
GEG,2023-12-01 21:14,29,27,92.12,80,5,0.03,29.65,null,0.5,null,BKN,OVC,null,null,900,2300,null,null,#NAME?,null,null,null,null,null,null,22.83,KGEG 012114Z 08005KT 1/2SM R21/4000V6000FT -SN FZFG BKN009 OVC023 M02/M03 A2965 RMK AO2 TWR VIS 3/4 P0003 T10171028,null
GEG,2023-12-01 21:29,29,27,92.12,70,4,0.04,29.65,null,0.25,null,VV ,null,null,null,900,null,null,null,SN FZFG,null,null,null,null,null,null,23.92,KGEG 012129Z 07004KT 1/4SM R21/2200V3000FT SN FZFG VV009 M02/M03 A2965 RMK AO2 TWR VIS 1/2 P0004 T10171028,null
GEG,2023-12-01 21:46,30,27,88.44,90,3,0.06,29.65,null,0.5,null,VV ,null,null,null,700,null,null,null,SN FZFG,null,null,null,null,null,null,26.4,KGEG 012146Z 09003KT 1/2SM R21/3000V4000FT SN FZFG VV007 M01/M03 A2965 RMK AO2 P0006 T10111028,null
GEG,2023-12-01 21:53,30,28,92.15,110,3,0.06,29.66,1006.4,0.5,null,VV ,null,null,null,700,null,null,null,#NAME?,null,null,null,null,null,null,26.4,KGEG 012153Z 11003KT 1/2SM R21/3000V4000FT -SN FZFG VV007 M01/M02 A2966 RMK AO2 SLP064 P0006 T10111022,null
GEG,2023-12-01 22:53,32,30,92.22,160,4,0.02,29.66,1006.5,0.75,null,BKN,OVC,null,null,600,1600,null,null,#NAME?,null,null,null,null,null,null,27.42,KGEG 012253Z 16004KT 3/4SM R21/4500VP6000FT -SN BR BKN006 OVC016 00/M01 A2966 RMK AO2 TWR VIS 1 SLP065 P0002 T00001011,null
GEG,2023-12-01 23:01,32,30,92.22,180,5,0.01,29.66,null,0.75,null,SCT,OVC,null,null,600,1600,null,null,#NAME?,null,null,null,null,null,null,26.4,KGEG 012301Z 18005KT 3/4SM R21/4500V6000FT -SN BR SCT006 OVC016 00/M01 A2966 RMK AO2 TWR VIS 1 P0001 T00001011,null
GEG,2023-12-01 23:08,32,30,92.22,190,3,0.01,29.67,null,0.75,null,FEW,OVC,null,null,600,1200,null,null,#NAME?,null,null,null,null,null,null,28.69,KGEG 012308Z 19003KT 3/4SM R21/4500VP6000FT -SN BR FEW006 OVC012 00/M01 A2967 RMK AO2 TWR VIS 1 P0001 T00001011,null
GEG,2023-12-01 23:13,32,30,92.22,190,3,0.01,29.67,null,1,null,OVC,null,null,null,800,null,null,null,#NAME?,null,null,null,null,null,null,28.69,KGEG 012313Z 19003KT 1SM R21/5500VP6000FT -SN BR OVC008 00/M01 A2967 RMK AO2 P0001 T00001011,null
GEG,2023-12-01 23:44,30,27,88.44,360,3,0.02,29.68,null,0.5,null,OVC,null,null,null,400,null,null,null,#NAME?,null,null,null,null,null,null,26.4,KGEG 012344Z 36003KT 1/2SM R21/4500VP6000FT -SN BR OVC004 M01/M03 A2968 RMK AO2 SFC VIS 1 P0002 T10111028,null
GEG,2023-12-01 23:53,29,27,92.12,360,4,0.02,29.68,1007.4,0.5,null,OVC,null,null,null,400,null,null,null,#NAME?,null,null,null,null,null,null,23.92,KGEG 012353Z 36004KT 1/2SM R21/P6000FT -SN BR OVC004 M02/M03 A2968 RMK AO2 SFC VIS 1 SLP074 4/004 P0002 60020 T10171028 10000 21033 53009,4
GEG,2023-12-02 0:44,29,26,88.38,20,3,T,29.69,null,3,null,SCT,OVC,null,null,400,1000,null,null,BR,null,null,null,null,null,null,25.26,KGEG 020044Z 02003KT 3SM BR SCT004 OVC010 M02/M03 A2969 RMK AO2 SNE33 CIG 008V013 P0000 T10171033,null
GEG,2023-12-02 0:53,29,27,92.12,0,0,T,29.7,1007.9,3,null,SCT,OVC,null,null,400,1000,null,null,BR,null,null,null,null,null,null,29,KGEG 020053Z 00000KT 3SM BR SCT004 OVC010 M02/M03 A2970 RMK AO2 SNE33 SLP079 P0000 T10171028,null
GEG,2023-12-02 1:09,29,27,92.12,0,0,0.01,29.71,null,3,null,OVC,null,null,null,700,null,null,null,#NAME?,null,null,null,null,null,null,29,KGEG 020109Z 00000KT 3SM -SN BR OVC007 M02/M03 A2971 RMK AO2 SNB09 P0001 T10171028,null
GEG,2023-12-02 1:51,28.4,26.6,92.86,260,5,0.01,29.72,null,3,null,OVC,null,null,null,700,null,null,null,BR,null,null,null,null,null,null,22.12,KGEG 020151Z 26005KT 3SM BR OVC007 M02/M03 A2972 RMK AO2 SNB09E51 P0001,null
GEG,2023-12-02 1:53,29,27,92.12,260,5,0.01,29.72,1008.7,3,null,OVC,null,null,null,700,null,null,null,BR,null,null,null,null,null,null,22.83,KGEG 020153Z 26005KT 3SM BR OVC007 M02/M03 A2972 RMK AO2 SNB09E51 SLP087 P0001 T10171028,null
GEG,2023-12-02 2:53,29,26,88.38,240,11,0,29.75,1009.7,3,null,OVC,null,null,null,600,null,null,null,BR,null,null,null,null,null,null,18.68,KGEG 020253Z 24011KT 3SM BR OVC006 M02/M03 A2975 RMK AO2 SFC VIS 5 SLP097 60001 T10171033 53020,null
GEG,2023-12-02 3:06,28,27,95.97,230,8,0,29.74,null,0.5,null,OVC,null,null,null,400,null,null,null,BR,null,null,null,null,null,null,19.19,KGEG 020306Z 23008KT 1/2SM R21/P6000FT BR OVC004 M02/M03 A2974 RMK AO2 SFC VIS 3 T10221028,null
GEG,2023-12-02 3:53,28,26,92.08,230,10,0,29.76,1010.3,0.5,null,OVC,null,null,null,300,null,null,null,BR,null,null,null,null,null,null,17.95,KGEG 020353Z 23010KT 1/2SM R21/P6000FT BR OVC003 M02/M03 A2976 RMK AO2 SFC VIS 4 SLP103 T10221033,null
GEG,2023-12-02 4:53,28,25,88.33,210,9,0,29.78,1010.9,3,null,SCT,OVC,null,null,300,1300,null,null,BR,null,null,null,null,null,null,18.54,KGEG 020453Z 21009KT 3SM BR SCT003 OVC013 M02/M04 A2978 RMK AO2 SFC VIS 5 SLP109 T10221039,null
GEG,2023-12-02 5:29,27,25,92.05,200,8,0,29.79,null,3,null,SCT,OVC,null,null,500,900,null,null,BR,null,null,null,null,null,null,17.95,KGEG 020529Z 20008KT 3SM BR SCT005 OVC009 M03/M04 A2979 RMK AO2 SFC VIS 5 T10281039,null
GEG,2023-12-02 5:53,26,25,95.93,180,6,0,29.79,1011.3,3,null,BKN,OVC,null,null,500,1200,null,null,BR,null,null,null,null,null,null,18.3,KGEG 020553Z 18006KT 3SM BR BKN005 OVC012 M03/M04 A2979 RMK AO2 SLP113 4/004 60001 T10331039 11011 21033 51014,4
GEG,2023-12-02 6:41,26,24,92.01,180,5,0,29.81,null,0.5,null,BKN,OVC,null,null,300,800,null,null,BR,null,null,null,null,null,null,19.27,KGEG 020641Z 18005KT 1/2SM R21/P6000FT BR BKN003 OVC008 M03/M04 A2981 RMK AO2 SFC VIS 2 T10331044,null
GEG,2023-12-02 6:53,26,24,92.01,160,5,0,29.81,1011.8,1,null,BKN,OVC,null,null,300,800,null,null,BR,null,null,null,null,null,null,19.27,KGEG 020653Z 16005KT 1SM R21/P6000FT BR BKN003 OVC008 M03/M04 A2981 RMK AO2 SFC VIS 3 SLP118 T10331044,null
GEG,2023-12-02 7:53,26,24,92.01,150,5,T,29.8,1011.4,0.5,null,OVC,null,null,null,300,null,null,null,#NAME?,null,null,null,null,null,null,19.27,KGEG 020753Z 15005KT 1/2SM R21/P6000FT -SN BR OVC003 M03/M04 A2980 RMK AO2 SFC VIS 1 1/2 SNB46 SLP114 P0000 T10331044 400001039,null
GEG,2023-12-02 8:53,26,24,92.01,0,0,0.03,29.79,1011,0.5,null,BKN,OVC,null,null,300,1200,null,null,#NAME?,null,null,null,null,null,null,26,KGEG 020853Z 00000KT 1/2SM R21/4500VP6000FT -SN BR BKN003 OVC012 M03/M04 A2979 RMK AO2 SFC VIS 3/4 SLP110 P0003 60003 T10331044 58001,null
GEG,2023-12-02 9:53,27,25,92.05,110,3,0.02,29.77,1010.4,0.5,null,BKN,OVC,null,null,300,1000,null,null,#NAME?,null,null,null,null,null,null,22.97,KGEG 020953Z 11003KT 1/2SM R21/P6000FT -SN BR BKN003 OVC010 M03/M04 A2977 RMK AO2 SFC VIS 1 SLP104 P0002 T10281039,null
GEG,2023-12-02 10:53,29,26,88.38,130,4,0.01,29.75,1009.3,3,null,BKN,OVC,null,null,500,1000,null,null,BR,null,null,null,null,null,null,23.92,KGEG 021053Z 13004KT 3SM BR BKN005 OVC010 M02/M03 A2975 RMK AO2 SNE10 SLP093 P0001 T10171033,null
GEG,2023-12-02 11:53,31,29,92.19,150,6,T,29.7,1007.9,3,null,BKN,OVC,null,null,500,1400,null,null,#NAME?,null,null,null,null,null,null,24.33,KGEG 021153Z 15006KT 3SM -SN BR BKN005 OVC014 M01/M02 A2970 RMK AO2 SNB45 PRESFR SLP079 4/004 P0000 60006 70029 T10061017 11006 21033 58027,4
GEG,2023-12-02 12:53,34,31,88.63,170,8,T,29.66,1006,2,null,BKN,OVC,null,null,400,900,null,null,#NAME?,null,null,null,null,null,null,26.58,KGEG 021253Z 17008KT 2SM -SN BR BKN004 OVC009 01/M01 A2966 RMK AO2 TWR VIS 3 PRESFR SLP060 P0000 T00111006,null
GEG,2023-12-02 13:53,34,31,88.63,180,10,0.04,29.61,1004.3,2,17,BKN,OVC,null,null,500,1500,null,null,#NAME?,null,null,null,null,null,null,25.48,KGEG 021353Z 18010G17KT 2SM -SN BR BKN005 OVC015 01/M01 A2961 RMK AO2 TWR VIS 3 SLP043 P0004 T00111006,null
GEG,2023-12-02 14:17,34,32,92.29,180,11,0.02,29.59,null,1.25,null,SCT,OVC,null,null,600,1100,null,null,#NAME?,null,null,null,null,null,null,24.99,KGEG 021417Z 18011KT 1 1/4SM R21/6000VP6000FT -SN BR SCT006 OVC011 01/00 A2959 RMK AO2 TWR VIS 3 P0002 T00110000,null
GEG,2023-12-02 14:31,34,32,92.29,180,10,0.03,29.58,null,1,null,BKN,OVC,null,null,700,1100,null,null,#NAME?,null,null,null,null,null,null,25.48,KGEG 021431Z 18010KT 1SM R21/P6000FT -SN BR BKN007 OVC011 01/00 A2958 RMK AO2 SFC VIS 1 1/4 P0003 T00110000,null
GEG,2023-12-02 14:53,34,32,92.29,180,10,0.06,29.57,1002.9,1,null,BKN,OVC,null,null,500,1100,null,null,#NAME?,null,null,null,null,null,null,25.48,KGEG 021453Z 18010KT 1SM R21/P6000FT -SN BR BKN005 OVC011 01/00 A2957 RMK AO2 SFC VIS 1 1/4 SLP029 P0006 60010 T00110000 56043,null
GEG,2023-12-02 15:53,34,32,92.29,170,16,0.09,29.53,1001.9,1,23,BKN,BKN,OVC,null,600,1100,2800,null,#NAME?,null,null,null,null,null,null,23.03,KGEG 021553Z 17016G23KT 1SM R21/6000VP6000FT -SN BR BKN006 BKN011 OVC028 01/00 A2953 RMK AO2 SLP019 SNINCR 1/5 P0009 T00110000,null
GEG,2023-12-02 16:31,34,32,92.29,170,12,0.03,29.51,null,1,23,SCT,BKN,OVC,null,600,1500,2500,null,#NAME?,null,null,null,null,null,null,24.55,KGEG 021631Z 17012G23KT 1SM R21/5000VP6000FT -SN BR SCT006 BKN015 OVC025 01/00 A2951 RMK AO2 SFC VIS 1 1/2 VIS NW-NE 1 P0003 T00110000,null
GEG,2023-12-02 16:38,34,32,92.29,170,13,0.04,29.51,null,1,null,SCT,BKN,OVC,null,500,1100,2000,null,#NAME?,null,null,null,null,null,null,24.13,KGEG 021638Z 17013KT 1SM R21/4000VP6000FT -SN BR SCT005 BKN011 OVC020 01/00 A2951 RMK AO2 P0004 T00110000,null
GEG,2023-12-02 16:53,34,32,92.29,180,12,0.06,29.5,1000.8,1,21,SCT,BKN,OVC,null,500,1400,2200,null,#NAME?,null,null,null,null,null,null,24.55,KGEG 021653Z 18012G21KT 1SM R21/4500VP6000FT -SN BR SCT005 BKN014 OVC022 01/00 A2950 RMK AO2 SLP008 VIS SW-NW 1 1/2 P0006 T00110000,null
GEG,2023-12-02 17:03,34,32,92.29,180,16,0.02,29.5,null,3,25,FEW,BKN,OVC,null,700,1000,1600,null,#NAME?,null,null,null,null,null,null,23.03,KGEG 021703Z 18016G25KT 3SM -RASN BR FEW007 BKN010 OVC016 01/00 A2950 RMK AO2 RAB03 VIS NE-SE 2 P0002 T00110000,null
GEG,2023-12-02 17:37,36,33,88.73,190,16,0.04,29.48,null,3,25,FEW,BKN,OVC,null,700,1300,2000,null,BR,null,null,null,26,190,2023-12-02 17:08,25.63,KGEG 021737Z 19016G25KT 3SM BR FEW007 BKN013 OVC020 02/01 A2948 RMK AO2 PK WND 19026/1708 SFC VIS 5 RAB03E37SNE37 P0004 T00220006,null
GEG,2023-12-02 17:53,36,33,88.73,200,14,0.04,29.49,1000.3,7,25,FEW,BKN,OVC,null,700,1300,2000,null,null,null,null,null,26,190,2023-12-02 17:08,26.32,KGEG 021753Z 20014G25KT 7SM FEW007 BKN013 OVC020 02/01 A2949 RMK AO2 PK WND 19026/1708 RAB03E37SNE37 SLP003 4/005 933006 P0004 60029 T00220006 10022 21006 56025,5
GEG,2023-12-02 18:53,37,33,85.29,230,20,0,29.5,1000.5,10,28,FEW,BKN,OVC,null,700,1300,2000,null,null,null,null,null,30,230,2023-12-02 18:43,25.78,KGEG 021853Z 23020G28KT 10SM FEW007 BKN013 OVC020 03/01 A2950 RMK AO2 PK WND 23030/1843 SLP005 T00280006,null
GEG,2023-12-02 19:53,34,30,85.11,250,19,0,29.55,1002.6,10,26,SCT,OVC,null,null,800,1100,null,null,null,null,null,null,30,230,2023-12-02 18:54,22.08,KGEG 021953Z 25019G26KT 10SM SCT008 OVC011 01/M01 A2955 RMK AO2 PK WND 23030/1854 SLP026 T00111011,null
GEG,2023-12-02 20:53,34,30,85.11,250,15,0,29.6,1004.3,10,null,FEW,BKN,BKN,null,800,1100,20000,null,null,null,null,null,28,260,2023-12-02 19:55,23.37,KGEG 022053Z 25015KT 10SM FEW008 BKN011 BKN200 01/M01 A2960 RMK AO2 PK WND 26028/1955 SLP043 T00111011 53035,null
GEG,2023-12-02 21:08,34,29,81.71,250,10,0,29.61,null,10,null,FEW,BKN,null,null,1000,20000,null,null,null,null,null,null,null,null,null,25.48,KGEG 022108Z 25010KT 10SM FEW010 BKN200 01/M02 A2961 RMK AO2 T00111017,null
GEG,2023-12-02 21:53,35,30,81.78,230,6,0,29.63,1005.2,10,null,FEW,FEW,BKN,null,1000,12000,19000,null,null,null,null,null,null,null,null,29.14,KGEG 022153Z 23006KT 10SM FEW010 FEW120 BKN190 02/M01 A2963 RMK AO2 SLP052 T00171011,null
GEG,2023-12-02 22:53,37,31,78.69,220,13,0,29.65,1005.6,10,null,FEW,SCT,BKN,null,2000,12000,19000,null,null,null,null,null,null,null,null,27.97,KGEG 022253Z 22013KT 10SM FEW020 SCT120 BKN190 03/M01 A2965 RMK AO2 SLP056 T00281006,null
GEG,2023-12-02 23:53,36,30,78.6,220,13,0,29.68,1006.5,10,null,FEW,SCT,SCT,null,2000,15000,19000,null,null,null,null,null,null,null,null,26.69,KGEG 022353Z 22013KT 10SM FEW020 SCT150 SCT190 02/M01 A2968 RMK AO2 SLP065 4/003 T00221011 10033 20011 53024,3
GEG,2023-12-03 0:53,35,29,78.51,230,13,0,29.7,1007.3,10,null,FEW,FEW,FEW,null,2000,15000,19000,null,null,null,null,null,null,null,null,25.41,KGEG 030053Z 23013KT 10SM FEW020 FEW150 FEW190 02/M02 A2970 RMK AO2 SLP073 T00171017,null
GEG,2023-12-03 1:53,34,28,78.43,220,14,0,29.72,1008.2,10,null,FEW,null,null,null,2000,null,null,null,null,null,null,null,null,null,null,23.74,KGEG 030153Z 22014KT 10SM FEW020 01/M02 A2972 RMK AO2 SLP082 T00111022,null
GEG,2023-12-03 2:53,34,28,78.43,220,11,0,29.75,1009,10,null,FEW,SCT,null,null,2000,25000,null,null,null,null,null,null,null,null,null,24.99,KGEG 030253Z 22011KT 10SM FEW020 SCT250 01/M02 A2975 RMK AO2 SLP090 T00111022 52023,null
GEG,2023-12-03 3:53,33,27,78.34,230,12,0,29.78,1010.1,10,null,SCT,null,null,null,25000,null,null,null,null,null,null,null,null,null,null,23.27,KGEG 030353Z 23012KT 10SM SCT250 01/M03 A2978 RMK AO2 SLP101 T00061028,null
GEG,2023-12-03 4:53,32,27,81.55,200,9,0,29.8,1011,10,null,FEW,null,null,null,25000,null,null,null,null,null,null,null,null,null,null,23.51,KGEG 030453Z 20009KT 10SM FEW250 00/M03 A2980 RMK AO2 SLP110 T00001028,null
GEG,2023-12-03 5:53,31,27,84.92,160,4,0,29.83,1011.8,10,null,FEW,FEW,null,null,2500,25000,null,null,null,null,null,null,null,null,null,26.25,KGEG 030553Z 16004KT 10SM FEW025 FEW250 M01/M03 A2983 RMK AO2 SLP118 4/003 T10061028 10028 21006 51026,3
GEG,2023-12-03 6:53,31,27,84.92,190,6,0,29.85,1012.6,10,null,FEW,FEW,null,null,2400,25000,null,null,null,null,null,null,null,null,null,24.33,KGEG 030653Z 19006KT 10SM FEW024 FEW250 M01/M03 A2985 RMK AO2 SLP126 T10061028,null
GEG,2023-12-03 7:53,28,26,92.08,150,4,0,29.86,1013.1,10,null,FEW,FEW,null,null,2000,24000,null,null,null,null,null,null,null,null,null,22.75,KGEG 030753Z 15004KT 10SM FEW020 FEW240 M02/M03 A2986 RMK AO2 SLP131 T10221033 400331033,null
GEG,2023-12-03 8:43,28,27,95.97,130,5,0,29.88,null,1.75,null,FEW,FEW,null,null,2000,24000,null,null,BR,0.01,null,null,null,null,null,21.64,KGEG 030843Z 13005KT 1 3/4SM R21/5500VP6000FT BR FEW020 FEW240 M02/M03 A2988 RMK AO2 I1001 T10221028,null
GEG,2023-12-03 8:49,28.4,26.6,92.86,130,5,0,29.88,null,0.12,null,VV ,null,null,null,200,null,null,null,FZFG,0.01,null,null,null,null,null,22.12,KGEG 030849Z 13005KT 1/8SM R21/2200VP6000FT FZFG VV002 M02/M03 A2988 RMK AO2 SFC VIS 1/2 I1001,null
GEG,2023-12-03 8:53,28,27,95.97,150,4,0,29.88,1013.8,0.12,null,VV ,null,null,null,200,null,null,null,FZFG,0.01,0.01,null,null,null,null,22.75,KGEG 030853Z 15004KT 1/8SM R21/1800V4500FT FZFG VV002 M02/M03 A2988 RMK AO2 SFC VIS 1/4 SLP138 I1001 I3001 T10221028 52016,null
GEG,2023-12-03 8:59,28,27,95.97,150,4,0,29.88,null,0.12,null,VV ,null,null,null,100,null,null,null,FZFG,null,null,null,null,null,null,22.75,KGEG 030859Z 15004KT 1/8SM R21/1800V2000FT FZFG VV001 M02/M03 A2988 RMK AO2 T10221028,null
GEG,2023-12-03 9:19,27,26,95.95,140,5,0,29.89,null,0.12,null,VV ,null,null,null,100,null,null,null,FZFG,0.01,null,null,null,null,null,20.46,KGEG 030919Z 14005KT 1/8SM R21/2200V2400FT FZFG VV001 M03/M03 A2989 RMK AO2 VIS NW-N-NE 1/4 I1001 T10281033,null
GEG,2023-12-03 9:53,29,27,92.12,160,6,0,29.9,1014.5,0.12,null,VV ,null,null,null,200,null,null,null,FZFG,0.02,null,null,null,null,null,21.92,KGEG 030953Z 16006KT 1/8SM R21/2400V3500FT FZFG VV002 M02/M03 A2990 RMK AO2 SFC VIS 1/4 SLP145 I1002 T10171028,null
GEG,2023-12-03 10:53,29,28,95.99,160,7,0,29.91,1014.5,0.12,null,FEW,OVC,null,null,100,300,null,null,BR,0.02,null,null,null,null,null,21.12,KGEG 031053Z 16007KT 1/8SM R21/P6000FT BR FEW001 OVC003 M02/M02 A2991 RMK AO2 SFC VIS 1 SLP145 I1002 T10171022,null
GEG,2023-12-03 11:42,29,28,95.99,140,5,0,29.92,null,2,null,OVC,null,null,null,300,null,null,null,BR,0.01,null,null,null,null,null,22.83,KGEG 031142Z 14005KT 2SM BR OVC003 M02/M02 A2992 RMK AO2 I1001 T10171022,null
GEG,2023-12-03 11:53,29,28,95.99,130,5,0,29.92,1014.9,4,null,FEW,BKN,null,null,300,13000,null,null,BR,0.01,null,0.06,null,null,null,22.83,KGEG 031153Z COR 13005KT 4SM BR FEW003 BKN130 M02/M02 A2992 RMK AO2 SLP149 4/003 70029 I1001 I6006 T10171022 10000 21033 51012,3
GEG,2023-12-03 12:53,28,26,92.08,150,7,0,29.92,1015,7,null,FEW,SCT,BKN,null,300,11000,23000,null,null,null,null,null,null,null,null,19.9,KGEG 031253Z 15007KT 7SM FEW003 SCT110 BKN230 M02/M03 A2992 RMK AO2 SLP150 T10221033,null
GEG,2023-12-03 13:53,28,26,92.08,120,5,0,29.91,1014.8,7,null,FEW,FEW,SCT,BKN,300,800,11000,23000,null,T,null,null,null,null,null,21.64,KGEG 031353Z 12005KT 7SM FEW003 FEW008 SCT110 BKN230 M02/M03 A2991 RMK AO2 SLP148 I1000 T10221033,null
GEG,2023-12-03 14:53,26,24,92.01,70,5,0,29.9,1014.6,7,null,SCT,SCT,SCT,BKN,800,1300,2000,26000,null,T,T,null,null,null,null,19.27,KGEG 031453Z 07005KT 7SM R21/2600V4500FT SCT008 SCT013 SCT020 BKN260 M03/M04 A2990 RMK AO2 SLP146 I1000 I3000 T10331044 58006,null
GEG,2023-12-03 15:00,26,24,92.01,80,4,0,29.89,null,7,null,SCT,OVC,null,null,800,1300,null,null,BCFG,null,null,null,null,null,null,20.41,KGEG 031500Z 08004KT 7SM R21/2600VP6000FT BCFG SCT008 OVC013 M03/M04 A2989 RMK AO2 VIS NW-N-NE 2 T10331044,null
GEG,2023-12-03 15:03,26,24,92.01,60,4,0,29.89,null,2,null,SCT,BKN,OVC,null,800,1500,2100,null,BR BCFG,null,null,null,null,null,null,20.41,KGEG 031503Z 06004KT 2SM R21/3000VP6000FT BR BCFG SCT008 BKN015 OVC021 M03/M04 A2989 RMK AO2 SFC VIS 3 VIS NW-N-NE 2 T10331044,null
GEG,2023-12-03 15:17,25,23,91.97,0,0,0,29.89,null,1,null,FEW,SCT,BKN,BKN,300,1200,13000,20000,BR,null,null,null,null,null,null,25,KGEG 031517Z 00000KT 1SM R21/1800V4000FT BR FEW003 SCT012 BKN130 BKN200 M04/M05 A2989 RMK AO2 SFC VIS 1 1/2 VIS N-E 3/4 T10391050,null
GEG,2023-12-03 15:30,25,24,95.91,0,0,0,29.9,null,0.5,null,SCT,BKN,OVC,null,300,1200,13000,null,FZFG,null,null,null,null,null,null,25,KGEG 031530Z 00000KT 1/2SM R21/1800VP6000FT FZFG SCT003 BKN012 OVC130 M04/M04 A2990 RMK AO2 TWR VIS 1 VIS S-SW 1 1/2 T10391044,null
GEG,2023-12-03 15:53,26,24,92.01,0,0,0,29.91,1014.9,4,null,FEW,BKN,OVC,null,300,1200,3000,null,BR BCFG,null,null,null,null,null,null,26,KGEG 031553Z 00000KT 4SM BR BCFG FEW003 BKN012 OVC030 M03/M04 A2991 RMK AO2 SLP149 VIS NW-NE 2 T10331044,null
GEG,2023-12-03 16:53,28,26,92.08,40,3,0,29.91,1014.9,5,null,FEW,SCT,OVC,null,800,1400,1800,null,BR,null,null,null,null,null,null,24.12,KGEG 031653Z 04003KT 5SM BR FEW008 SCT014 OVC018 M02/M03 A2991 RMK AO2 SLP149 T10221033,null
GEG,2023-12-03 17:53,29,27,92.12,60,4,0,29.9,1014.7,5,null,SCT,OVC,null,null,1500,2500,null,null,BR,null,null,T,null,null,null,23.92,KGEG 031753Z 06004KT 5SM BR SCT015 OVC025 M02/M03 A2990 RMK AO2 SLP147 4/003 933004 I6000 T10171028 11017 21039 50001,3
GEG,2023-12-03 18:03,29,27,92.12,40,4,T,29.9,null,4,null,SCT,OVC,null,null,1500,2500,null,null,#NAME?,null,null,null,null,null,null,23.92,KGEG 031803Z 04004KT 4SM -SN BR SCT015 OVC025 M02/M03 A2990 RMK AO2 SNB03 P0000 T10171028,null
GEG,2023-12-03 18:22,29,27,92.12,60,3,T,29.9,null,1.5,null,SCT,BKN,OVC,null,1500,2500,3400,null,#NAME?,null,null,null,null,null,null,25.26,KGEG 031822Z 06003KT 1 1/2SM -SN BR SCT015 BKN025 OVC034 M02/M03 A2990 RMK AO2 TWR VIS 2 SNB03 P0000 T10171028,null
GEG,2023-12-03 18:53,29,28,95.99,50,4,0.01,29.89,1014.4,1,null,SCT,OVC,null,null,1500,2100,null,null,#NAME?,null,null,null,null,null,null,23.92,KGEG 031853Z 05004KT 1SM R21/4500VP6000FT -SN BR SCT015 OVC021 M02/M02 A2989 RMK AO2 TWR VIS 2 SNB03 SLP144 P0001 T10171022,null
GEG,2023-12-03 19:24,30,29,96,0,0,0.01,29.88,null,0.75,null,VV ,null,null,null,1700,null,null,null,#NAME?,null,null,null,null,null,null,30,KGEG 031924Z 00000KT 3/4SM R21/3500VP6000FT -SN BR VV017 M01/M02 A2988 RMK AO2 TWR VIS 1 P0001 T10111017,null
GEG,2023-12-03 19:53,31,29,92.19,110,5,0.03,29.86,1013.3,1,null,SCT,BKN,OVC,null,800,1200,1600,null,#NAME?,null,null,null,null,null,null,25.21,KGEG 031953Z 11005KT 1SM R21/P6000FT -SN BR SCT008 BKN012 OVC016 M01/M02 A2986 RMK AO2 PRESFR SLP133 P0003 T10061017,null
GEG,2023-12-03 20:06,32,31,96.04,110,8,0.01,29.81,null,0.25,18,BKN,OVC,null,null,300,1200,null,null,#NAME?,null,null,null,null,null,null,24.11,KGEG 032006Z 11008G18KT 1/4SM R21/3000V5500FT -SN BR BKN003 OVC012 00/M01 A2981 RMK AO2 SFC VIS 3/4 P0001 T00001006,null
GEG,2023-12-03 20:22,33,32,96.06,120,6,0.01,29.85,null,1,null,BKN,OVC,null,null,500,1200,null,null,#NAME?,null,null,null,null,null,null,26.73,KGEG 032022Z 12006KT 1SM R21/P6000FT -SN BR BKN005 OVC012 01/00 A2985 RMK AO2 SFC VIS 1 1/2 PRESRR P0001 T00060000,null
GEG,2023-12-03 20:47,33.8,32,93.03,140,5,0.02,29.82,null,5,null,FEW,OVC,null,null,300,500,null,null,BR,null,null,null,null,null,null,28.53,KGEG 032047Z 14005KT 5SM BR FEW003 OVC005 01/00 A2982 RMK AO2 SNE46 P0002,null
GEG,2023-12-03 20:53,33,32,96.06,150,6,0.02,29.82,1011.7,5,null,FEW,OVC,null,null,300,500,null,null,BR,null,null,null,null,null,null,26.73,KGEG 032053Z 15006KT 5SM BR FEW003 OVC005 01/00 A2982 RMK AO2 SNE46 SLP117 P0002 60006 T00060000 58026,null
GEG,2023-12-03 21:11,34,32,92.29,150,9,T,29.81,null,2,null,FEW,OVC,null,null,300,500,null,null,#NAME?,null,null,null,null,null,null,26,KGEG 032111Z 15009KT 2SM -DZ BR FEW003 OVC005 01/00 A2981 RMK AO2 TWR VIS 3 DZB2059 VIS SE-SW 1 1/2 P0000 T00110000,null
GEG,2023-12-03 21:31,34,33,96.08,150,10,T,29.8,null,3,null,FEW,BKN,OVC,null,300,500,1900,null,BR,null,null,null,null,null,null,25.48,KGEG 032131Z 15010KT 3SM BR FEW003 BKN005 OVC019 01/01 A2980 RMK AO2 TWR VIS 4 DZB2059E31 P0000 T00110006,null
GEG,2023-12-03 21:43,34,33,96.08,150,8,T,29.79,null,2,null,FEW,BKN,OVC,null,300,500,1200,null,#NAME?,null,null,null,null,null,null,26.58,KGEG 032143Z 15008KT 2SM -DZ BR FEW003 BKN005 OVC012 01/01 A2979 RMK AO2 DZB2059E31B43 P0000 T00110006,null
GEG,2023-12-03 21:53,35,33,92.32,150,8,T,29.79,1010.7,1.5,null,FEW,BKN,OVC,null,300,500,1200,null,#NAME?,null,null,null,null,null,null,27.81,KGEG 032153Z 15008KT 1 1/2SM -DZ BR FEW003 BKN005 OVC012 02/01 A2979 RMK AO2 TWR VIS 2 DZB2059E31B43 SLP107 P0000 T00170006,null
GEG,2023-12-03 22:25,35,33,92.32,150,9,T,29.78,null,2,null,FEW,BKN,OVC,null,300,500,1400,null,BR,null,null,null,null,null,null,27.24,KGEG 032225Z 15009KT 2SM BR FEW003 BKN005 OVC014 02/01 A2978 RMK AO2 SFC VIS 4 DZE24 P0000 T00170006,null
GEG,2023-12-03 22:53,35,33,92.32,160,11,T,29.78,1010.1,1.5,20,FEW,OVC,null,null,400,600,null,null,#NAME?,null,null,null,null,null,null,26.26,KGEG 032253Z 16011G20KT 1 1/2SM -DZ BR FEW004 OVC006 02/01 A2978 RMK AO2 TWR VIS 2 DZE24B37 SLP101 P0000 T00170006,null
GEG,2023-12-03 23:22,36,34,92.35,180,8,T,29.79,null,1.5,17,BKN,OVC,null,null,400,700,null,null,#NAME?,null,null,null,null,null,null,29.04,KGEG 032322Z 18008G17KT 1 1/2SM R21/6000VP6000FT -DZ BR BKN004 OVC007 02/01 A2979 RMK AO2 TWR VIS 2 P0000 T00220011,null
GEG,2023-12-03 23:53,36,35,96.11,180,9,0.01,29.78,1010.2,1.5,null,OVC,null,null,null,400,null,null,null,#NAME?,null,null,null,null,null,null,28.49,KGEG 032353Z 18009KT 1 1/2SM -DZ BR OVC004 02/02 A2978 RMK AO2 TWR VIS 2 SLP102 4/003 P0001 60007 T00220017 10022 21017 55012,3
GEG,2023-12-04 0:53,39,37,92.45,210,14,T,29.78,1010.2,1,22,OVC,null,null,null,400,null,null,null,#NAME?,null,null,null,null,null,null,30.19,KGEG 040053Z 21014G22KT 1SM R21/P6000FT -DZ BR OVC004 04/03 A2978 RMK AO2 SFC VIS 1 1/4 SLP102 P0000 T00390028,null
GEG,2023-12-04 1:53,38,37,96.14,240,9,T,29.85,1012.5,1,null,OVC,null,null,null,300,null,null,null,#NAME?,null,null,null,null,null,null,30.97,KGEG 040153Z 24009KT 1SM R21/P6000FT -DZ BR OVC003 03/03 A2985 RMK AO2 SFC VIS 1 1/4 PRESRR SLP125 P0000 T00330028,null
GEG,2023-12-04 2:53,37,36,96.13,240,12,T,29.89,1013.9,1,null,OVC,null,null,null,300,null,null,null,#NAME?,null,null,null,null,null,null,28.37,KGEG 040253Z 24012KT 1SM R21/P6000FT -DZ BR OVC003 03/02 A2989 RMK AO2 SFC VIS 1 1/2 SLP139 P0000 60000 T00280022 53033,null
GEG,2023-12-04 3:19,36,35,96.11,240,9,T,29.91,null,0.5,null,OVC,null,null,null,300,null,null,null,#NAME?,null,null,null,null,null,null,28.49,KGEG 040319Z 24009KT 1/2SM R21/P6000FT -DZ BR OVC003 02/02 A2991 RMK AO2 SFC VIS 1 P0000 T00220017,null
GEG,2023-12-04 3:53,36,35,96.11,230,11,T,29.92,1015.3,0.5,null,BKN,OVC,null,null,300,500,null,null,BR,null,null,null,null,null,null,27.52,KGEG 040353Z 23011KT 1/2SM R21/P6000FT BR BKN003 OVC005 02/02 A2992 RMK AO2 SFC VIS 1 1/2 DZE28 SLP153 P0000 T00220017,null
GEG,2023-12-04 3:56,36,35,96.11,230,11,0,29.93,null,1,null,BKN,OVC,null,null,300,500,null,null,BR,null,null,null,null,null,null,27.52,KGEG 040356Z 23011KT 1SM R21/P6000FT BR BKN003 OVC005 02/02 A2993 RMK AO2 SFC VIS 1 1/2 T00220017,null
GEG,2023-12-04 4:53,35,34,96.09,240,7,0,29.94,1015.7,1,null,OVC,null,null,null,200,null,null,null,BR,null,null,null,null,null,null,28.44,KGEG 040453Z 24007KT 1SM R21/P6000FT BR OVC002 02/01 A2994 RMK AO2 SFC VIS 1 1/4 SLP157 T00170011,null
GEG,2023-12-04 5:13,35,34,96.09,230,8,0,29.94,null,0.5,null,OVC,null,null,null,200,null,null,null,BR,null,null,null,null,null,null,27.81,KGEG 040513Z 23008KT 1/2SM R21/P6000FT BR OVC002 02/01 A2994 RMK AO2 SFC VIS 1 1/4 T00170011,null
GEG,2023-12-04 5:37,35,34,96.09,230,7,0,29.95,null,3,null,BKN,OVC,null,null,200,600,null,null,BCFG BR,null,null,null,null,null,null,28.44,KGEG 040537Z 23007KT 3SM BCFG BR BKN002 OVC006 02/01 A2995 RMK AO2 SFC VIS 4 VIS W-N-NE 1 1/2 T00170011,null
GEG,2023-12-04 5:46,35,34,96.09,230,8,0,29.96,null,3,null,SCT,BKN,OVC,null,200,600,13000,null,VCFG,null,null,null,null,null,null,27.81,KGEG 040546Z 23008KT 3SM VCFG SCT002 BKN006 OVC130 02/01 A2996 RMK AO2 SFC VIS 8 VIS W-N-NE 1 1/2 CIG LWR OVR APCH T00170011,null
GEG,2023-12-04 5:53,35,34,96.09,220,8,0,29.96,1016.3,8,null,FEW,SCT,OVC,null,200,600,13000,null,BCFG,null,null,null,null,null,null,27.81,KGEG 040553Z 22008KT 8SM BCFG FEW002 SCT006 OVC130 02/01 A2996 RMK AO2 SLP163 VIS W-N-NE 2 4/002 60000 T00170011 10039 20017 51022,2
GEG,2023-12-04 6:53,35,33,92.32,20,9,0,29.98,1017.1,10,null,FEW,FEW,OVC,null,300,600,14000,null,BCFG,null,null,null,null,null,null,27.24,KGEG 040653Z 02009KT 10SM BCFG FEW003 FEW006 OVC140 02/01 A2998 RMK AO2 SLP171 VIS NW-N 2 VCFG N-NE T00170006,null
GEG,2023-12-04 7:08,35,33,92.32,30,4,0,29.98,null,1.25,null,SCT,BKN,BKN,OVC,200,800,12000,15000,BR,null,null,null,null,null,null,30.92,KGEG 040708Z COR 03004KT 1 1/4SM R21/5500VP6000FT BR SCT002 BKN008 BKN120 OVC150 02/01 A2998 RMK AO2 TWR VIS 4+ T00170006,null
GEG,2023-12-04 7:18,34,33,96.08,40,6,0,29.98,null,1,null,BKN,BKN,OVC,null,200,12000,15000,null,BR,null,null,null,null,null,null,27.94,KGEG 040718Z 04006KT 1SM R21/2200VP6000FT BR BKN002 BKN120 OVC150 01/01 A2998 RMK AO2 TWR VIS 4+ T00110006,null
GEG,2023-12-04 7:21,34,33,96.08,40,5,0,29.98,null,0.5,null,BKN,BKN,OVC,null,200,12000,15000,null,BR,null,null,null,null,null,null,28.77,KGEG 040721Z COR 04005KT 1/2SM R21/2000V3500FT BR BKN002 BKN120 OVC150 01/01 A2998 RMK AO2 SFC VIS 3/4 T00110006,null
GEG,2023-12-04 7:27,34,33,96.08,50,4,0,29.97,null,0.25,null,VV ,null,null,null,100,null,null,null,FG,null,null,null,null,null,null,29.76,KGEG 040727Z COR 05004KT 1/4SM R21/1600V2200FT FG VV001 01/01 A2997 RMK AO2 TWR VIS 1/2 T00110006,null
GEG,2023-12-04 7:53,34,33,96.08,20,5,0,29.98,1017.1,0.12,null,VV ,null,null,null,200,null,null,null,FG,null,null,null,null,null,null,28.77,KGEG 040753Z 02005KT 1/8SM R21/1400V1600FT FG VV002 01/01 A2998 RMK AO2 TWR VIS 1/2 SLP171 T00110006 400391039,null
GEG,2023-12-04 8:22,33,32,96.06,360,4,0,30.02,null,0.12,null,VV ,null,null,null,100,null,null,null,FG,null,null,null,null,null,null,28.59,KGEG 040822Z 36004KT 1/8SM R21/1200V1400FT FG VV001 01/00 A3002 RMK AO2 TWR VIS 1/2 PRESRR T00060000,null
GEG,2023-12-04 8:33,33,32,96.06,360,6,0,30.02,null,0.12,null,VV ,null,null,null,100,null,null,null,FG,null,null,null,null,null,null,26.73,KGEG 040833Z 36006KT 1/8SM R21/1600V2600FT FG VV001 01/00 A3002 RMK AO2 TWR VIS 1/2 T00060000,null
GEG,2023-12-04 8:45,33,32,96.06,20,3,0,30.02,null,0.12,null,VV ,null,null,null,100,null,null,null,FG,null,null,null,null,null,null,29.83,KGEG 040845Z 02003KT 1/8SM R21/1600V1800FT FG VV001 01/00 A3002 RMK AO2 TWR VIS 1/2 T00060000,null
GEG,2023-12-04 8:53,33,33,100,0,0,0,30.03,1018.7,0.12,null,VV ,null,null,null,100,null,null,null,FG,null,null,null,null,null,null,33,KGEG 040853Z 00000KT 1/8SM R21/1200V1800FT FG VV001 01/01 A3003 RMK AO2 TWR VIS 1/2 SLP187 T00060006 53023,null
GEG,2023-12-04 9:53,33,31,92.25,0,0,0,30.04,1019,0.12,null,VV ,null,null,null,100,null,null,null,FG,null,null,null,null,null,null,33,KGEG 040953Z 00000KT 1/8SM R21/1200FT FG VV001 01/M01 A3004 RMK AO2 TWR VIS 1/2 SLP190 T00061006,null
GEG,2023-12-04 10:53,32,31,96.04,40,3,0,30.05,1019.5,0.12,null,VV ,null,null,null,100,null,null,null,FG,null,null,null,null,null,null,28.69,KGEG 041053Z 04003KT 1/8SM R21/1000V1400FT FG VV001 00/M01 A3005 RMK AO2 TWR VIS 1/2 SLP195 T00001006,null
GEG,2023-12-04 11:53,32,32,100,0,0,0,30.07,1020.2,0.12,null,VV ,null,null,null,100,null,null,null,FG,null,null,null,null,null,null,32,KGEG 041153Z 00000KT 1/8SM R21/0800V1000FT FG VV001 00/00 A3007 RMK AO2 TWR VIS 1/2 SLP202 4/002 70007 T00000000 10022 20000 53014,2
GEG,2023-12-04 12:53,33,32,96.06,0,0,0,30.09,1020.8,0.12,null,VV ,null,null,null,100,null,null,null,FG,null,null,null,null,null,null,33,KGEG 041253Z 00000KT 1/8SM R21/1400V1600FT FG VV001 01/00 A3009 RMK AO2 TWR VIS 1/2 SLP208 T00060000,null
GEG,2023-12-04 13:31,34,32,92.29,120,6,0,30.1,null,0.25,null,VV ,null,null,null,200,null,null,null,FG,null,null,null,null,null,null,27.94,KGEG 041331Z 12006KT 1/4SM R21/1400V1800FT FG VV002 01/00 A3010 RMK AO2 TWR VIS 1/2 T00110000,null
GEG,2023-12-04 13:53,34,34,100,0,0,0,30.12,1021.5,0.25,null,VV ,null,null,null,200,null,null,null,FG,null,null,null,null,null,null,34,KGEG 041353Z 00000KT 1/4SM R21/1600V2000FT FG VV002 01/01 A3012 RMK AO2 TWR VIS 1/2 SLP215 T00110011,null
GEG,2023-12-04 14:53,32,31,96.04,60,5,0,30.13,1022.1,0.12,null,VV ,null,null,null,100,null,null,null,FG,null,null,null,null,null,null,26.4,KGEG 041453Z 06005KT 1/8SM R21/1000V1200FT FG VV001 00/M01 A3013 RMK AO2 TWR VIS 1/4 SLP221 T00001006 51019,null
GEG,2023-12-04 15:53,33,32,96.06,80,4,0,30.14,1022.3,0.12,null,VV ,null,null,null,100,null,null,null,FG,0.02,null,null,null,null,null,28.59,KGEG 041553Z 08004KT 1/8SM R21/0600V1000FT FG VV001 01/00 A3014 RMK AO2 TWR VIS 1/4 SLP223 I1002 T00060000,null
GEG,2023-12-04 16:53,33,32,96.06,60,5,0,30.13,1022.3,0.25,null,VV ,null,null,null,100,null,null,null,FG,null,null,null,null,null,null,27.58,KGEG 041653Z 06005KT 1/4SM R21/1200V1400FT FG VV001 01/00 A3013 RMK AO2 SLP223 T00060000,null
GEG,2023-12-04 17:18,33,32,96.06,50,8,0,30.14,null,0.12,null,VV ,null,null,null,100,null,null,null,FG,null,null,null,null,null,null,25.34,KGEG 041718Z 05008KT 1/8SM R21/0700V0800FT FG VV001 01/00 A3014 RMK AO2 TWR VIS 1/4 T00060000,null
GEG,2023-12-04 17:53,33,32,96.06,90,4,0,30.16,1023.3,0.12,null,VV ,null,null,null,100,null,null,null,FG,null,null,0.02,null,null,null,28.59,KGEG 041753Z 09004KT 1/8SM R21/0600V0700FT FG VV001 01/00 A3016 RMK AO2 TWR VIS 1/4 SLP233 I6002 T00060000 10011 20000 53010,null
GEG,2023-12-04 18:53,34,33,96.08,60,5,0,30.15,1022.9,0.12,null,VV ,null,null,null,100,null,null,null,FG,null,null,null,null,null,null,28.77,KGEG 041853Z COR 06005KT 1/8SM R21/0700V0800FT FG VV001 01/01 A3015 RMK AO2 TWR VIS 1/4 SLP229 T00110006,null
GEG,2023-12-04 19:53,34,33,96.08,40,8,0,30.13,1022.3,0.12,null,VV ,null,null,null,100,null,null,null,FG,null,null,null,null,null,null,26.58,KGEG 041953Z 04008KT 1/8SM R21/0600FT FG VV001 01/01 A3013 RMK AO2 TWR VIS 1/4 SLP223 T00110006,null
GEG,2023-12-04 20:53,34,33,96.08,50,5,0,30.12,1021.9,0.25,null,VV ,null,null,null,100,null,null,null,FG,null,null,null,null,null,null,28.77,KGEG 042053Z 05005KT 1/4SM R21/1400V1600FT FG VV001 01/01 A3012 RMK AO2 SLP219 T00110006 58013,null
GEG,2023-12-04 21:00,34,33,96.08,60,5,T,30.12,null,0.12,null,VV ,null,null,null,100,null,null,null,FG,null,null,null,null,null,null,28.77,KGEG 042100Z 06005KT 1/8SM R21/1400V2400FT FG VV001 01/01 A3012 RMK AO2 TWR VIS 1/4 P0000 T00110006,null
GEG,2023-12-04 21:51,35.6,33.8,93.08,50,6,0.02,30.1,null,0.75,null,VV ,null,null,null,100,null,null,null,#NAME?,null,null,null,null,null,null,29.87,KGEG 042151Z 05006KT 3/4SM R21/P6000FT -RA VV001 02/01 A3010 RMK AO2 RAB20 P0002,null
GEG,2023-12-04 21:53,35,34,96.09,50,7,0.02,30.1,1021,1,null,OVC,null,null,null,200,null,null,null,#NAME?,null,null,null,null,null,null,28.44,KGEG 042153Z 05007KT 1SM R21/P6000FT -RA BR OVC002 02/01 A3010 RMK AO2 SLP210 RAB20 P0002 T00170011,null
GEG,2023-12-04 22:00,35,34,96.09,60,7,T,30.09,null,0.25,null,BKN,OVC,null,null,200,1300,null,null,BR,null,null,null,null,null,null,28.44,KGEG 042200Z 06007KT 1/4SM R21/P6000FT BR BKN002 OVC013 02/01 A3009 RMK AO2 SFC VIS 1 RAE00 P0000 T00170011,null
GEG,2023-12-04 22:53,35,34,96.09,40,5,T,30.09,1020.8,0.25,null,VV ,null,null,null,200,null,null,null,FG,null,null,null,null,null,null,29.96,KGEG 042253Z 04005KT 1/4SM R21/3500VP6000FT FG VV002 02/01 A3009 RMK AO2 SFC VIS 1/2 RAE00 SLP208 P0000 T00170011,null
GEG,2023-12-04 23:53,35,34,96.09,70,6,0.03,30.09,1020.7,0.25,null,BKN,OVC,null,null,200,900,null,null,BR,null,null,null,null,null,null,29.14,KGEG 042353Z 07006KT 1/4SM R21/3500VP6000FT BR BKN002 OVC009 02/01 A3009 RMK AO2 SFC VIS 1 SLP207 4/002 P0003 60005 T00170011 10017 20006 56011,2
GEG,2023-12-05 0:53,35,34,96.09,50,6,0.03,30.08,1020.5,0.25,null,VV ,null,null,null,300,null,null,null,#NAME?,null,null,null,null,null,null,29.14,KGEG 050053Z 05006KT 1/4SM R21/2800V3500FT -DZ FG VV003 02/01 A3008 RMK AO2 SFC VIS 1/2 SLP205 DZB16 P0003 T00170011,null
GEG,2023-12-05 1:53,35,34,96.09,70,5,0.02,30.08,1020.2,0.25,null,VV ,null,null,null,300,null,null,null,#NAME?,null,null,null,null,null,null,29.96,KGEG 050153Z 07005KT 1/4SM R21/3000V3500FT -DZ FG VV003 02/01 A3008 RMK AO2 SFC VIS 1/2 SLP202 P0002 T00170011,null
GEG,2023-12-05 2:53,35,34,96.09,60,5,T,30.08,1020.3,0.25,null,VV ,null,null,null,200,null,null,null,#NAME?,null,null,null,null,null,null,29.96,KGEG 050253Z 06005KT 1/4SM R21/2000V2200FT -DZ FG VV002 02/01 A3008 RMK AO2 SLP203 P0000 60005 T00170011 56004,null
GEG,2023-12-05 3:53,35,35,100,70,3,T,30.06,1019.7,0.25,null,VV ,null,null,null,200,null,null,null,FG,null,null,null,null,null,null,32.12,KGEG 050353Z 07003KT 1/4SM R21/1800V2000FT FG VV002 02/02 A3006 RMK AO2 DZE49 SLP197 P0000 T00170017,null
GEG,2023-12-05 4:49,35.6,33.8,93.08,40,4,0,30.06,null,0.75,null,SCT,OVC,null,null,100,3500,null,null,BR,null,null,null,null,null,null,31.62,KGEG 050449Z 04004KT 3/4SM R21/2000V2800FT BR SCT001 OVC035 02/01 A3006 RMK AO2,null
GEG,2023-12-05 4:53,35,34,96.09,50,4,0,30.06,1019.6,0.75,null,SCT,OVC,null,null,100,3500,null,null,BR,null,null,null,null,null,null,30.92,KGEG 050453Z 05004KT 3/4SM R21/2200V3000FT BR SCT001 OVC035 02/01 A3006 RMK AO2 SLP196 TWR VIS 4+ T00170011,null
GEG,2023-12-05 5:40,35,34,96.09,60,5,0,30.06,null,0.75,null,SCT,OVC,null,null,100,3500,null,null,BR,null,null,null,null,null,null,29.96,KGEG 050540Z 06005KT 3/4SM R21/2000V2200FT BR SCT001 OVC035 02/01 A3006 RMK AO2 T00170011,null
GEG,2023-12-05 5:50,35.6,33.8,93.08,70,4,0,30.06,null,0.75,null,SCT,OVC,null,null,100,3500,null,null,BR,null,null,null,null,null,null,31.62,KGEG 050550Z 07004KT 3/4SM R21/2200V2400FT BR SCT001 OVC035 02/01 A3006 RMK AO2,null
GEG,2023-12-05 5:53,35,34,96.09,60,4,0,30.06,1019.7,0.5,null,SCT,OVC,null,null,100,3500,null,null,FG,null,null,null,null,null,null,30.92,KGEG 050553Z COR 06004KT 1/2SM R21/2200V2400FT FG SCT001 OVC035 02/01 A3006 RMK AO2 SLP197 60005 4/002 T00170011 10017 20017 55000,2
GEG,2023-12-05 6:30,36,35,96.11,90,3,0,30.05,null,0.5,null,FEW,SCT,OVC,null,100,400,3700,null,BR,null,null,null,null,null,null,33.26,KGEG 050630Z 09003KT 1/2SM R21/2800V3500FT BR FEW001 SCT004 OVC037 02/02 A3005 RMK AO2 SFC VIS 1 T00220017,null
GEG,2023-12-05 6:45,36,35,96.11,80,4,0,30.05,null,1,null,FEW,SCT,OVC,null,100,500,3700,null,BR,null,null,null,null,null,null,32.09,KGEG 050645Z 08004KT 1SM R21/3500V4000FT BR FEW001 SCT005 OVC037 02/02 A3005 RMK AO2 T00220017,null
GEG,2023-12-05 6:53,36,35,96.11,80,4,0,30.05,1019.4,1,null,FEW,SCT,OVC,null,100,500,3700,null,BR,null,null,null,null,null,null,32.09,KGEG 050653Z 08004KT 1SM R21/3500V4500FT BR FEW001 SCT005 OVC037 02/02 A3005 RMK AO2 SFC VIS 1 1/2 SLP194 T00220017,null
GEG,2023-12-05 7:53,37,36,96.13,null,4,0.02,30.04,1018.9,1.5,null,FEW,BKN,OVC,null,100,3600,4400,null,#NAME?,null,null,null,null,null,null,33.26,KGEG 050753Z VRB04KT 1 1/2SM -RA BR FEW001 BKN036 OVC044 03/02 A3004 RMK AO2 TWR VIS 2 RAB0654 SLP189 P0002 T00280022 400390000,null
GEG,2023-12-05 8:16,42,41,96.21,130,5,0.01,30.04,null,2,null,FEW,BKN,OVC,null,100,3600,4400,null,#NAME?,null,null,null,null,null,null,38.27,KGEG 050816Z 13005KT 2SM R21/6000VP6000FT -RA BR FEW001 BKN036 OVC044 06/05 A3004 RMK AO2 SFC VIS 6 P0001 T00560050,null
GEG,2023-12-05 8:36,43,42,96.23,150,6,0.02,30.04,null,3,null,FEW,BKN,OVC,null,100,3400,4400,null,#NAME?,null,null,null,null,null,null,38.78,KGEG 050836Z 15006KT 3SM -RA BR FEW001 BKN034 OVC044 06/06 A3004 RMK AO2 SFC VIS 5 P0002 T00610056,null
GEG,2023-12-05 8:53,44,43,96.24,150,8,0.03,30.03,1018.3,3,null,FEW,FEW,OVC,null,100,500,3400,null,#NAME?,null,null,null,null,null,null,38.9,KGEG 050853Z 15008KT 3SM -RA BR FEW001 FEW005 OVC034 07/06 A3003 RMK AO2 SFC VIS 5 SLP183 P0003 60005 T00670061 58008,null
GEG,2023-12-05 9:53,45,43,92.65,170,9,0.06,30.03,1018.1,3,null,FEW,BKN,OVC,null,500,4400,5000,null,#NAME?,null,null,null,null,null,null,39.68,KGEG 050953Z 17009KT 3SM -RA BR FEW005 BKN044 OVC050 07/06 A3003 RMK AO2 SFC VIS 5 SLP181 P0006 T00720061,null
GEG,2023-12-05 10:53,45,44,96.26,170,10,0.09,30.03,1018,4,null,FEW,FEW,OVC,null,500,3800,4400,null,#NAME?,null,null,null,null,null,null,39.27,KGEG 051053Z 17010KT 4SM -RA BR FEW005 FEW038 OVC044 07/07 A3003 RMK AO2 SLP180 P0009 T00720067,null
GEG,2023-12-05 11:53,46,44,92.68,160,9,0.02,30.02,1017.7,4,null,FEW,BKN,OVC,null,500,3500,4900,null,#NAME?,null,null,null,null,null,null,40.92,KGEG 051153Z 16009KT 4SM -RA BR FEW005 BKN035 OVC049 08/07 A3002 RMK AO2 SLP177 P0002 60022 70032 T00780067 10078 20017 58004,null
GEG,2023-12-05 12:53,46,44,92.68,160,10,0.03,30.01,1017.3,6,null,FEW,BKN,OVC,null,500,3500,4600,null,#NAME?,null,null,null,null,null,null,40.52,KGEG 051253Z 16010KT 6SM -RA BR FEW005 BKN035 OVC046 08/07 A3001 RMK AO2 SLP173 P0003 T00780067,null
GEG,2023-12-05 13:53,46,45,96.28,160,12,0.03,30.01,1017.3,6,null,SCT,BKN,OVC,null,3700,4900,7000,null,#NAME?,null,null,null,null,null,null,39.82,KGEG 051353Z 16012KT 6SM -RA BR SCT037 BKN049 OVC070 08/07 A3001 RMK AO2 SLP173 P0003 T00780072,null
GEG,2023-12-05 14:53,47,44,89.24,160,12,T,30,1017,7,null,OVC,null,null,null,3600,null,null,null,#NAME?,null,null,null,null,null,null,41.09,KGEG 051453Z 16012KT 7SM -RA OVC036 08/07 A3000 RMK AO2 RAE25B52 SLP170 P0000 60006 T00830067 56006,null
GEG,2023-12-05 15:53,48,45,89.29,170,12,0.03,30.02,1017.7,3,19,FEW,BKN,OVC,null,2900,5500,7000,null,#NAME?,null,null,null,null,null,null,42.37,KGEG 051553Z 17012G19KT 3SM -RA FEW029 BKN055 OVC070 09/07 A3002 RMK AO2 SFC VIS 3 SLP177 P0003 T00890072,null
GEG,2023-12-05 16:53,48,46,92.74,180,11,0.06,30.03,1018.1,3,null,FEW,BKN,OVC,null,1900,4800,6000,null,#NAME?,null,null,null,null,null,null,42.69,KGEG 051653Z 18011KT 3SM -RA BR FEW019 BKN048 OVC060 09/08 A3003 RMK AO2 SLP181 P0006 T00890078,null
GEG,2023-12-05 17:53,49,46,89.33,160,9,0.01,30.03,1017.8,10,null,BKN,BKN,OVC,null,3900,5500,6500,null,null,null,null,null,null,null,null,44.65,KGEG 051753Z 16009KT 10SM BKN039 BKN055 OVC065 09/08 A3003 RMK AO2 RAE30 SLP178 VIRGA P0001 60016 T00940078 10094 20072 50008,null
GEG,2023-12-05 18:53,50,47,89.37,160,13,0,30.01,1017.3,10,null,FEW,SCT,BKN,null,1200,2200,4600,null,null,null,null,null,null,null,null,50,KGEG 051853Z 16013KT 10SM FEW012 SCT022 BKN046 10/08 A3001 RMK AO2 SLP173 VIRGA T01000083,null
GEG,2023-12-05 19:43,51,48,89.42,180,10,0.04,30.02,null,3,null,FEW,FEW,OVC,null,200,3000,4100,null,#NAME?,null,null,null,null,null,null,51,KGEG 051943Z 18010KT 3SM -RA BR FEW002 FEW030 OVC041 11/09 A3002 RMK AO2 RAB08 P0004 T01060089,null
GEG,2023-12-05 19:53,51,48,89.42,180,11,0.05,30.02,1017.4,3,19,FEW,FEW,OVC,null,200,3000,3700,null,#NAME?,null,null,null,null,null,null,51,KGEG 051953Z 18011G19KT 3SM -RA BR FEW002 FEW030 OVC037 11/09 A3002 RMK AO2 RAB08 SLP174 P0005 T01060089,null
GEG,2023-12-05 20:53,51,49,92.83,170,11,0.02,30.01,1016.6,3,18,OVC,null,null,null,7500,null,null,null,#NAME?,null,null,null,null,null,null,51,KGEG 052053Z 17011G18KT 3SM -RA BR OVC075 11/09 A3001 RMK AO2 SLP166 P0002 60007 T01060094 57006,null
GEG,2023-12-05 21:43,52,49,89.46,190,10,0.04,30.01,null,3,null,SCT,BKN,OVC,null,1500,2900,3800,null,#NAME?,null,null,null,null,null,null,52,KGEG 052143Z 19010KT 3SM -RA SCT015 BKN029 OVC038 11/09 A3001 RMK AO2 SFC VIS 7 P0004 T01110094,null
GEG,2023-12-05 21:53,52,49,89.46,180,10,0.05,30.01,1016.5,3,null,BKN,BKN,OVC,null,1400,2200,3900,null,#NAME?,null,null,null,null,null,null,52,KGEG 052153Z 18010KT 3SM -RA BR BKN014 BKN022 OVC039 11/09 A3001 RMK AO2 SFC VIS 4 SLP165 P0005 T01110094,null
GEG,2023-12-05 22:36,52,49,89.46,190,12,T,30,null,3,18,FEW,SCT,OVC,null,1200,1700,3300,null,BR,null,null,null,null,null,null,52,KGEG 052236Z 19012G18KT 3SM BR FEW012 SCT017 OVC033 11/09 A3000 RMK AO2 RAE17 P0000 T01110094,null
GEG,2023-12-05 22:53,52,49,89.46,180,11,T,30,1016.3,3,null,FEW,BKN,OVC,null,1500,3500,6000,null,BR,null,null,null,null,null,null,52,KGEG 052253Z 18011KT 3SM BR FEW015 BKN035 OVC060 11/09 A3000 RMK AO2 RAE17 SLP163 P0000 T01110094,null
GEG,2023-12-05 23:04,52,49,89.46,180,10,0.01,30.01,null,2,null,SCT,BKN,OVC,null,800,3500,8000,null,#NAME?,null,null,null,null,null,null,52,KGEG 052304Z 18010KT 2SM -RA BR SCT008 BKN035 OVC080 11/09 A3001 RMK AO2 TWR VIS 3 RAB2257 P0001 T01110094,null
GEG,2023-12-05 23:51,51.8,48.2,87.47,170,7,0.04,30,null,3,null,BKN,OVC,null,null,700,2700,null,null,#NAME?,null,null,null,null,null,null,51.8,KGEG 052351Z 17007KT 3SM -RA BR BKN007 OVC027 11/09 A3000 RMK AO2 SFC VIS 4 RAB2257 P0004,null
GEG,2023-12-05 23:53,51,49,92.83,180,8,0.04,30,1016.2,3,null,BKN,OVC,null,null,700,2800,null,null,#NAME?,null,null,null,null,null,null,51,KGEG 052353Z 18008KT 3SM -RA BR BKN007 OVC028 11/09 A3000 RMK AO2 SFC VIS 4 RAB2257 SLP162 P0004 60016 T01060094 10111 20094 58003,null
GEG,2023-12-06 0:53,51,49,92.83,180,8,0.01,30,1016.2,10,null,SCT,OVC,null,null,700,3500,null,null,#NAME?,null,null,null,null,null,null,51,KGEG 060053Z 18008KT 10SM -RA SCT007 OVC035 11/09 A3000 RMK AO2 SLP162 P0001 T01060094,null
GEG,2023-12-06 1:53,51,48,89.42,180,10,0.03,30.01,1016.4,10,null,FEW,SCT,OVC,null,700,3500,6000,null,#NAME?,null,null,null,null,null,null,51,KGEG 060153Z 18010KT 10SM -RA FEW007 SCT035 OVC060 11/09 A3001 RMK AO2 SLP164 P0003 T01060089,null
GEG,2023-12-06 2:53,51,48,89.42,180,10,T,30,1016.3,10,null,SCT,OVC,null,null,3500,6500,null,null,null,null,null,null,null,null,null,51,KGEG 060253Z 18010KT 10SM SCT035 OVC065 11/09 A3000 RMK AO2 RAE08 SLP163 P0000 60004 T01060089 50001,null
GEG,2023-12-06 3:53,50,47,89.37,170,8,T,29.99,1015.8,10,null,SCT,OVC,null,null,3500,5500,null,null,null,null,null,null,null,null,null,50,KGEG 060353Z 17008KT 10SM SCT035 OVC055 10/08 A2999 RMK AO2 RAB13E39 SLP158 P0000 T01000083,null
GEG,2023-12-06 4:53,49,45,86,170,7,0,29.96,1015,10,null,OVC,null,null,null,6000,null,null,null,null,null,null,null,null,null,null,45.5,KGEG 060453Z 17007KT 10SM OVC060 09/07 A2996 RMK AO2 SLP150 T00940072,null
GEG,2023-12-06 5:53,49,45,86,160,9,0,29.97,1015.2,10,null,BKN,OVC,null,null,7000,12000,null,null,null,null,null,null,null,null,null,44.65,KGEG 060553Z 16009KT 10SM BKN070 OVC120 09/07 A2997 RMK AO2 SLP152 60004 T00940072 10111 20094 55010,null
GEG,2023-12-06 6:53,49,44,82.79,160,8,T,29.96,1014.9,10,null,SCT,OVC,null,null,3500,6500,null,null,#NAME?,null,null,null,null,null,null,45.05,KGEG 060653Z 16008KT 10SM -RA SCT035 OVC065 09/07 A2996 RMK AO2 RAB49 SLP149 P0000 T00940067,null
GEG,2023-12-06 7:53,50,44,79.76,150,11,T,29.95,1014.5,10,null,BKN,OVC,null,null,6000,8000,null,null,#NAME?,null,null,null,null,null,null,50,KGEG 060753Z 15011KT 10SM -RA BKN060 OVC080 10/07 A2995 RMK AO2 SLP145 P0000 T01000067 401110028,null
GEG,2023-12-06 8:53,49,44,82.79,170,8,0.01,29.95,1014.3,10,null,FEW,OVC,null,null,4500,7000,null,null,#NAME?,null,null,null,null,null,null,45.05,KGEG 060853Z 17008KT 10SM -RA FEW045 OVC070 09/07 A2995 RMK AO2 SLP143 P0001 60001 T00940067 58007,null
GEG,2023-12-06 9:53,48,44,85.95,160,8,0.02,29.94,1014.2,10,null,OVC,null,null,null,5500,null,null,null,#NAME?,null,null,null,null,null,null,43.82,KGEG 060953Z 16008KT 10SM -RA OVC055 09/07 A2994 RMK AO2 SLP142 P0002 T00890067,null
GEG,2023-12-06 10:53,47,44,89.24,150,8,0.04,29.94,1014,9,null,OVC,null,null,null,5500,null,null,null,#NAME?,null,null,null,null,null,null,42.59,KGEG 061053Z 15008KT 9SM -RA OVC055 08/07 A2994 RMK AO2 SLP140 P0004 T00830067,null
GEG,2023-12-06 11:53,47,44,89.24,150,6,0.03,29.9,1012.8,10,null,BKN,BKN,OVC,null,6000,8000,10000,null,#NAME?,null,null,null,null,null,null,43.6,KGEG 061153Z 15006KT 10SM -RA BKN060 BKN080 OVC100 08/07 A2990 RMK AO2 SLP128 P0003 60010 70046 T00830067 10100 20083 58015,null
GEG,2023-12-06 12:53,47,44,89.24,130,5,T,29.86,1011.5,10,null,FEW,FEW,OVC,null,5500,8000,10000,null,#NAME?,null,null,null,null,null,null,44.21,KGEG 061253Z 13005KT 10SM -RA FEW055 FEW080 OVC100 08/07 A2986 RMK AO2 SLP115 P0000 T00830067,null
GEG,2023-12-06 13:53,47,43,85.89,150,8,T,29.86,1011.4,10,null,BKN,BKN,OVC,null,6000,7500,10000,null,null,null,null,null,null,null,null,42.59,KGEG 061353Z 15008KT 10SM BKN060 BKN075 OVC100 08/06 A2986 RMK AO2 RAE04 SLP114 P0000 T00830061,null
GEG,2023-12-06 14:53,46,43,89.2,170,7,0.02,29.86,1011.6,7,null,OVC,null,null,null,5000,null,null,null,#NAME?,null,null,null,null,null,null,41.84,KGEG 061453Z 17007KT 7SM -RA OVC050 08/06 A2986 RMK AO2 RAB1354 SLP116 P0002 60002 T00780061 55012,null
GEG,2023-12-06 15:53,46,44,92.68,160,5,0.1,29.84,1010.7,7,null,BKN,BKN,OVC,null,5500,8000,9500,null,#NAME?,null,null,null,null,null,null,43.02,KGEG 061553Z 16005KT 7SM -RA BKN055 BKN080 OVC095 08/07 A2984 RMK AO2 SLP107 P0010 T00780067,null
GEG,2023-12-06 16:53,46,44,92.68,170,4,0.01,29.83,1010.5,10,null,BKN,OVC,null,null,3700,4700,null,null,#NAME?,null,null,null,null,null,null,43.77,KGEG 061653Z 17004KT 10SM -RA BKN037 OVC047 08/07 A2983 RMK AO2 SLP105 P0001 T00780067,null
GEG,2023-12-06 17:53,47,44,89.24,140,3,T,29.8,1009.4,10,null,BKN,OVC,null,null,3600,5500,null,null,null,null,null,null,null,null,null,45.84,KGEG 061753Z 14003KT 10SM BKN036 OVC055 08/07 A2980 RMK AO2 RAE04 SLP094 VIRGA VCSH SW AND NW-N SHRA DSNT W-NE P0000 60013 T00830067 10089 20078 58020,null
GEG,2023-12-06 18:53,47,44,89.24,190,3,0,29.78,1008.9,10,null,SCT,BKN,BKN,null,2400,3300,10000,null,null,null,null,null,null,null,null,45.84,KGEG 061853Z 19003KT 10SM SCT024 BKN033 BKN100 08/07 A2978 RMK AO2 SLP089 SHRA DSNT NE T00830067,null
GEG,2023-12-06 19:53,49,45,86,140,5,0,29.74,1007.3,10,null,SCT,BKN,OVC,null,2400,3300,10000,null,null,null,null,null,null,null,null,46.58,KGEG 061953Z 14005KT 10SM SCT024 BKN033 OVC100 09/07 A2974 RMK AO2 SLP073 SHRA DSNT NW-N T00940072,null
GEG,2023-12-06 20:09,48,45,89.29,150,3,0,29.73,null,10,null,FEW,BKN,BKN,OVC,2200,2900,5000,13000,null,null,null,null,null,null,null,46.98,KGEG 062009Z COR 15003KT 10SM FEW022 BKN029 BKN050 OVC130 09/07 A2973 RMK AO2 VCSH NE-E SHRA DSNT NW-N T00890072,null
GEG,2023-12-06 20:53,48,45,89.29,120,4,0,29.7,1006,10,null,FEW,BKN,BKN,OVC,2200,2900,6000,13000,null,null,null,null,null,null,null,46.1,KGEG 062053Z 12004KT 10SM FEW022 BKN029 BKN060 OVC130 09/07 A2970 RMK AO2 SLP060 VIRGA VCSH NE SHRA DSNT N T00890072 58030,null
GEG,2023-12-06 21:11,48,45,89.29,110,3,0,29.69,null,10,null,FEW,BKN,BKN,OVC,2200,3000,6000,13000,null,null,null,null,null,null,null,46.98,KGEG 062111Z 11003KT 10SM FEW022 BKN030 BKN060 OVC130 09/07 A2969 RMK AO2 VIRGA T00890072,null
GEG,2023-12-06 21:53,48,46,92.74,0,0,T,29.67,1004.8,7,null,FEW,BKN,OVC,null,2200,3000,6000,null,#NAME?,null,null,null,null,null,null,48,KGEG 062153Z 00000KT 7SM -RA FEW022 BKN030 OVC060 09/08 A2967 RMK AO2 RAB47 SLP048 P0000 T00890078,null
GEG,2023-12-06 22:15,48,46,92.74,0,0,0.02,29.66,null,5,null,FEW,BKN,OVC,null,2200,2800,3900,null,#NAME?,null,null,null,null,null,null,48,KGEG 062215Z 00000KT 5SM -RA BR FEW022 BKN028 OVC039 09/08 A2966 RMK AO2 P0002 T00890078,null
GEG,2023-12-06 22:53,47,45,92.71,0,0,0.04,29.65,1004.4,3,null,FEW,BKN,OVC,null,2200,2800,3900,null,#NAME?,null,null,null,null,null,null,47,KGEG 062253Z 00000KT 3SM -RA BR FEW022 BKN028 OVC039 08/07 A2965 RMK AO2 SLP044 TWR VIS 4+ P0004 T00830072,null
GEG,2023-12-06 22:56,47,46,96.29,0,0,T,29.65,null,5,null,FEW,BKN,OVC,null,200,3100,4700,null,#NAME?,null,null,null,null,null,null,47,KGEG 062256Z 00000KT 5SM -RA BR FEW002 BKN031 OVC047 08/08 A2965 RMK AO2 P0000 T00830078,null
GEG,2023-12-06 23:08,48,46,92.74,130,3,0.01,29.65,null,4,null,FEW,BKN,OVC,null,200,2900,3800,null,#NAME?,null,null,null,null,null,null,46.98,KGEG 062308Z 13003KT 4SM -RA BR FEW002 BKN029 OVC038 09/08 A2965 RMK AO2 P0001 T00890078,null
GEG,2023-12-06 23:53,47,45,92.71,130,3,0.06,29.63,1003.8,5,null,SCT,BKN,OVC,null,2100,2700,4100,null,#NAME?,null,null,null,null,null,null,45.84,KGEG 062353Z 13003KT 5SM -RA BR SCT021 BKN027 OVC041 08/07 A2963 RMK AO2 SLP038 P0006 60010 T00830072 10094 20083 56022,null
GEG,2023-12-07 0:00,47,45,92.71,140,3,T,29.63,null,7,null,FEW,SCT,OVC,null,2100,2700,3900,null,#NAME?,null,null,null,null,null,null,45.84,KGEG 070000Z 14003KT 7SM -RA FEW021 SCT027 OVC039 08/07 A2963 RMK AO2 P0000 T00830072,null
GEG,2023-12-07 0:53,47,45,92.71,0,0,0.05,29.62,1003.4,7,null,FEW,SCT,OVC,null,2100,2700,4300,null,#NAME?,null,null,null,null,null,null,47,KGEG 070053Z 00000KT 7SM -RA FEW021 SCT027 OVC043 08/07 A2962 RMK AO2 SLP034 P0005 T00830072,null
GEG,2023-12-07 1:53,46,44,92.68,160,3,0.05,29.6,1002.7,6,null,FEW,OVC,null,null,2200,4400,null,null,#NAME?,null,null,null,null,null,null,44.69,KGEG 070153Z 16003KT 6SM -RA BR FEW022 OVC044 08/07 A2960 RMK AO2 SLP027 P0005 T00780067,null
GEG,2023-12-07 2:24,46,44,92.68,150,4,0.03,29.59,null,8,null,FEW,FEW,OVC,null,300,2200,4600,null,#NAME?,null,null,null,null,null,null,43.77,KGEG 070224Z 15004KT 8SM -RA BCFG FEW003 FEW022 OVC046 08/07 A2959 RMK AO2 VIS SE-SW 2 P0003 T00780067,null
GEG,2023-12-07 2:53,46,44,92.68,170,5,0.05,29.59,1002.5,8,null,FEW,FEW,OVC,null,400,2100,4100,null,#NAME?,null,null,null,null,null,null,43.02,KGEG 070253Z 17005KT 8SM -RA BCFG FEW004 FEW021 OVC041 08/07 A2959 RMK AO2 SLP025 VIS S-SW 3 P0005 60015 T00780067 56013,null
GEG,2023-12-07 3:53,46,44,92.68,170,5,0.05,29.58,1002.1,6,null,FEW,FEW,OVC,null,300,3200,4600,null,#NAME?,null,null,null,null,null,null,43.02,KGEG 070353Z 17005KT 6SM -RA BR FEW003 FEW032 OVC046 08/07 A2958 RMK AO2 SLP021 P0005 T00780067,null
GEG,2023-12-07 4:53,47,43,85.89,200,14,0.07,29.57,1001.7,10,21,FEW,SCT,OVC,null,400,1200,3500,null,#NAME?,null,null,null,null,null,null,40.5,KGEG 070453Z 20014G21KT 10SM -RA FEW004 SCT012 OVC035 08/06 A2957 RMK AO2 SLP017 CIG LWR W-NW P0007 T00830061,null
GEG,2023-12-07 5:33,46,43,89.2,210,14,T,29.57,null,10,23,FEW,BKN,OVC,null,500,1200,3500,null,#NAME?,null,null,null,null,null,null,39.21,KGEG 070533Z 21014G23KT 10SM -RA FEW005 BKN012 OVC035 08/06 A2957 RMK AO2 P0000 T00780061,null
GEG,2023-12-07 5:53,46,43,89.2,220,13,0.01,29.58,1001.8,10,null,FEW,BKN,OVC,null,600,1100,3300,null,#NAME?,null,null,null,null,null,null,39.5,KGEG 070553Z 22013KT 10SM -RA FEW006 BKN011 OVC033 08/06 A2958 RMK AO2 SLP018 P0001 60028 T00780061 10083 20078 55005,null
GEG,2023-12-07 6:35,45,43,92.65,230,9,0.01,29.57,null,10,null,FEW,OVC,null,null,600,900,null,null,#NAME?,null,null,null,null,null,null,39.68,KGEG 070635Z 23009KT 10SM -RA FEW006 OVC009 07/06 A2957 RMK AO2 P0001 T00720061,null
GEG,2023-12-07 6:53,45,43,92.65,240,10,0.01,29.58,1002,7,null,FEW,OVC,null,null,400,600,null,null,#NAME?,null,null,null,null,null,null,39.27,KGEG 070653Z 24010KT 7SM -RA FEW004 OVC006 07/06 A2958 RMK AO2 SLP020 P0001 T00720061,null
GEG,2023-12-07 7:53,44,42,92.61,230,13,0.02,29.57,1001.7,10,null,FEW,OVC,null,null,400,600,null,null,null,null,null,null,null,null,null,36.94,KGEG 070753Z 23013KT 10SM FEW004 OVC006 07/06 A2957 RMK AO2 RAE39 SLP017 P0002 T00670056 401000067,null
GEG,2023-12-07 8:39,41,39,92.52,250,17,0,29.59,null,0.5,null,FEW,BKN,OVC,null,100,800,2700,null,BR,null,null,null,null,null,null,31.87,KGEG 070839Z 25017KT 1/2SM R21/P6000FT BR FEW001 BKN008 OVC027 05/04 A2959 RMK AO2 SFC VIS 2 T00500039,null
GEG,2023-12-07 8:45,41,40,96.19,230,19,0,29.59,null,0.25,null,VV ,null,null,null,300,null,null,null,BR,null,null,null,null,null,null,31.34,KGEG 070845Z 23019KT 1/4SM R21/P6000FT BR VV003 05/04 A2959 RMK AO2 SFC VIS 1 T00500044,null
GEG,2023-12-07 8:53,41,39,92.52,230,17,0,29.59,1002.5,0.25,null,VV ,null,null,null,200,null,null,null,BR,null,null,null,null,null,null,31.87,KGEG 070853Z 23017KT 1/4SM R21/P6000FT BR VV002 05/04 A2959 RMK AO2 SFC VIS 3/4 SLP025 60003 T00500039 53004,null
GEG,2023-12-07 9:13,40,39,96.18,230,16,0,29.6,null,1,22,FEW,OVC,null,null,100,300,null,null,BR,null,null,null,null,null,null,30.85,KGEG 070913Z 23016G22KT 1SM R21/P6000FT BR FEW001 OVC003 04/04 A2960 RMK AO2 T00440039,null
GEG,2023-12-07 9:53,40,39,96.18,230,15,0,29.61,1003.4,1,null,FEW,OVC,null,null,100,300,null,null,BR,null,null,null,null,null,null,31.15,KGEG 070953Z 23015KT 1SM R21/P6000FT BR FEW001 OVC003 04/04 A2961 RMK AO2 SFC VIS 1 1/2 SLP034 VCSH S-W T00440039,null
GEG,2023-12-07 10:12,41,39,92.52,230,15,T,29.63,null,3,null,SCT,BKN,OVC,null,300,800,1300,null,#NAME?,null,null,null,null,null,null,32.45,KGEG 071012Z 23015KT 3SM -DZ BR SCT003 BKN008 OVC013 05/04 A2963 RMK AO2 TWR VIS 4 DZB0959 P0000 T00500039,null
GEG,2023-12-07 10:53,40,38,92.49,250,15,T,29.65,1004.6,6,null,FEW,BKN,OVC,null,300,600,1100,null,BR,null,null,null,null,null,null,31.15,KGEG 071053Z 25015KT 6SM BR FEW003 BKN006 OVC011 04/03 A2965 RMK AO2 DZB0959E42 SLP046 P0000 T00440033,null
GEG,2023-12-07 11:06,40,38,92.49,240,16,0,29.66,null,5,null,FEW,BKN,OVC,null,200,400,1600,null,BR,null,null,null,null,null,null,30.85,KGEG 071106Z 24016KT 5SM BR FEW002 BKN004 OVC016 04/03 A2966 RMK AO2 T00440033,null
GEG,2023-12-07 11:22,40,39,96.18,240,14,T,29.66,null,5,null,FEW,BKN,OVC,null,200,500,800,null,#NAME?,null,null,null,null,null,null,31.47,KGEG 071122Z 24014KT 5SM -RA BR FEW002 BKN005 OVC008 04/04 A2966 RMK AO2 RAB21 P0000 T00440039,null
GEG,2023-12-07 11:42,41,38,88.97,240,15,T,29.67,null,5,null,FEW,SCT,OVC,null,200,500,5500,null,#NAME?,null,null,null,null,null,null,32.45,KGEG 071142Z 24015KT 5SM -RA BR FEW002 SCT005 OVC055 05/03 A2967 RMK AO2 RAB21 P0000 T00500033,null
GEG,2023-12-07 11:53,40,38,92.49,240,13,T,29.67,1005.3,5,null,FEW,SCT,OVC,null,200,500,5500,null,#NAME?,null,null,null,null,null,null,31.82,KGEG 071153Z 24013KT 5SM -RA BR FEW002 SCT005 OVC055 04/03 A2967 RMK AO2 RAB21 SLP053 P0000 60003 70054 T00440033 10078 20044 51025,null
GEG,2023-12-07 12:46,40,38,92.49,230,15,T,29.68,null,5,null,FEW,SCT,OVC,null,200,500,2800,null,#NAME?,null,null,null,null,null,null,31.15,KGEG 071246Z 23015KT 5SM -RA BR FEW002 SCT005 OVC028 04/03 A2968 RMK AO2 P0000 T00440033,null
GEG,2023-12-07 12:53,40,38,92.49,230,16,T,29.68,1005.8,4,null,FEW,BKN,OVC,null,200,800,2800,null,#NAME?,null,null,null,null,null,null,30.85,KGEG 071253Z 23016KT 4SM -RA BR FEW002 BKN008 OVC028 04/03 A2968 RMK AO2 SLP058 CIG 006V010 P0000 T00440033,null
GEG,2023-12-07 13:53,41,38,88.97,240,18,T,29.69,1006,4,26,FEW,BKN,OVC,null,200,800,2800,null,#NAME?,null,null,null,26,230,2023-12-07 13:53,31.6,KGEG 071353Z 24018G26KT 4SM -RA BR FEW002 BKN008 OVC028 05/03 A2969 RMK AO2 PK WND 23026/1353 SLP060 P0000 T00500033,null
GEG,2023-12-07 13:59,41,38,88.97,240,17,T,29.69,null,4,26,FEW,SCT,OVC,null,200,800,1100,null,#NAME?,null,null,null,null,null,null,31.87,KGEG 071359Z 24017G26KT 4SM -RA BR FEW002 SCT008 OVC011 05/03 A2969 RMK AO2 P0000 T00500033,null
GEG,2023-12-07 14:53,40,37,88.92,240,16,T,29.71,1006.7,6,null,FEW,BKN,OVC,null,300,900,1200,null,#NAME?,null,null,null,28,260,2023-12-07 14:10,30.85,KGEG 071453Z 24016KT 6SM -RA BR FEW003 BKN009 OVC012 04/03 A2971 RMK AO2 PK WND 26028/1410 RAE26B46 SLP067 CIG 008V010 P0000 60000 T00440028 53012,null
GEG,2023-12-07 15:46,37,34,88.78,240,18,0.03,29.73,null,5,null,FEW,SCT,OVC,null,200,900,2000,null,#NAME?,null,null,null,27,270,2023-12-07 15:21,26.33,KGEG 071546Z 24018KT 5SM -RA BR FEW002 SCT009 OVC020 03/01 A2973 RMK AO2 PK WND 27027/1521 P0003 T00280011,null
GEG,2023-12-07 15:53,36,34,92.35,230,15,0.04,29.73,1007.8,5,null,FEW,SCT,OVC,null,200,900,2000,null,#NAME?,null,null,null,27,270,2023-12-07 15:21,25.97,KGEG 071553Z 23015KT 5SM -RA BR FEW002 SCT009 OVC020 02/01 A2973 RMK AO2 PK WND 27027/1521 SLP078 P0004 T00220011,null
GEG,2023-12-07 16:53,37,34,88.78,210,13,0.08,29.75,1008.3,5,null,FEW,OVC,null,null,200,1800,null,null,#NAME?,null,null,null,null,null,null,27.97,KGEG 071653Z 21013KT 5SM -RA BR FEW002 OVC018 03/01 A2975 RMK AO2 SLP083 P0008 T00280011,null
GEG,2023-12-07 17:07,38,35,88.83,210,11,T,29.76,null,5,null,FEW,SCT,OVC,null,200,1800,3100,null,#NAME?,null,null,null,null,null,null,30.05,KGEG 071707Z 21011KT 5SM -RA BR FEW002 SCT018 OVC031 03/02 A2976 RMK AO2 P0000 T00330017,null
GEG,2023-12-07 17:53,40,36,85.48,210,12,0.01,29.77,1008.8,7,22,FEW,SCT,OVC,null,200,1000,3100,null,null,null,null,null,null,null,null,32.18,KGEG 071753Z 21012G22KT 7SM FEW002 SCT010 OVC031 04/02 A2977 RMK AO2 RAE38 SLP088 P0001 60013 T00440022 10050 20017 51019,null
GEG,2023-12-07 18:00,40,36,85.48,220,15,0,29.77,null,7,26,FEW,OVC,null,null,200,1200,null,null,null,null,null,null,26,220,2023-12-07 17:57,31.15,KGEG 071800Z 22015G26KT 7SM FEW002 OVC012 04/02 A2977 RMK AO2 PK WND 22026/1757 T00440022,null
GEG,2023-12-07 18:53,41,36,82.22,220,22,0,29.77,1009,10,28,FEW,SCT,BKN,OVC,300,1200,4900,13000,null,null,null,null,28,220,2023-12-07 18:52,30.63,KGEG 071853Z 22022G28KT 10SM FEW003 SCT012 BKN049 OVC130 05/02 A2977 RMK AO2 PK WND 22028/1852 SLP090 SHRA DSNT N-E T00500022,null
GEG,2023-12-07 19:34,41,36,82.22,210,16,0,29.77,null,10,23,FEW,BKN,BKN,OVC,300,1400,6500,13000,null,null,null,null,27,240,2023-12-07 18:58,32.15,KGEG 071934Z 21016G23KT 10SM FEW003 BKN014 BKN065 OVC130 05/02 A2977 RMK AO2 PK WND 24027/1858 SHRA DSNT N-E T00500022,null
GEG,2023-12-07 19:53,41,36,82.22,210,15,0,29.78,1009.1,10,23,FEW,BKN,BKN,BKN,300,1600,6500,13000,null,null,null,null,27,240,2023-12-07 18:58,32.45,KGEG 071953Z 21015G23KT 10SM FEW003 BKN016 BKN065 BKN130 05/02 A2978 RMK AO2 PK WND 24027/1858 SLP091 SHRA DSNT N-E T00500022,null
GEG,2023-12-07 20:53,43,36,76.12,220,15,0,29.78,1009.4,10,25,FEW,BKN,OVC,null,300,1800,6500,null,null,null,null,null,null,null,null,35.04,KGEG 072053Z 22015G25KT 10SM FEW003 BKN018 OVC065 06/02 A2978 RMK AO2 SLP094 T00610022 52004,null
GEG,2023-12-07 21:25,44,35,70.42,220,15,0,29.78,null,10,25,FEW,SCT,BKN,null,500,2300,20000,null,null,null,null,null,null,null,null,36.34,KGEG 072125Z 22015G25KT 10SM FEW005 SCT023 BKN200 07/02 A2978 RMK AO2 T00670017,null
GEG,2023-12-07 21:53,43,34,70.3,230,14,0,29.78,1009.4,10,23,FEW,FEW,SCT,null,500,2500,22000,null,null,null,null,null,27,230,2023-12-07 21:26,35.34,KGEG 072153Z 23014G23KT 10SM FEW005 FEW025 SCT220 06/01 A2978 RMK AO2 PK WND 23027/2126 SLP094 T00610011,null
GEG,2023-12-07 22:53,42,34,73.06,210,11,0,29.79,1009.8,10,null,FEW,FEW,FEW,SCT,500,2500,9000,22000,null,null,null,null,null,null,null,35.1,KGEG 072253Z 21011KT 10SM FEW005 FEW025 FEW090 SCT220 06/01 A2979 RMK AO2 SLP098 T00560011,null
GEG,2023-12-07 23:53,40,33,75.84,210,10,0,29.8,1010.3,10,null,FEW,FEW,FEW,SCT,500,2500,9000,20000,null,null,null,null,null,null,null,33,KGEG 072353Z 21010KT 10SM FEW005 FEW025 FEW090 SCT200 04/01 A2980 RMK AO2 SLP103 T00440006 10067 20044 53007,null
GEG,2023-12-08 0:53,38,33,82,200,9,0,29.8,1010.5,10,null,FEW,SCT,SCT,null,2500,9000,20000,null,null,null,null,null,null,null,null,30.97,KGEG 080053Z 20009KT 10SM FEW025 SCT090 SCT200 03/01 A2980 RMK AO2 SLP105 T00330006,null
GEG,2023-12-08 1:53,38,33,82,180,7,0,29.8,1010.4,10,null,FEW,FEW,BKN,null,2500,8000,20000,null,null,null,null,null,null,null,null,32.09,KGEG 080153Z 18007KT 10SM FEW025 FEW080 BKN200 03/01 A2980 RMK AO2 SLP104 T00330006,null
GEG,2023-12-08 2:53,39,33,78.86,200,10,0,29.81,1010.6,10,null,BKN,BKN,null,null,1700,20000,null,null,null,null,null,null,null,null,null,31.75,KGEG 080253Z 20010KT 10SM BKN017 BKN200 04/01 A2981 RMK AO2 SLP106 T00390006 53002,null
GEG,2023-12-08 3:53,39,34,82.08,200,9,0,29.82,1011.1,10,null,BKN,BKN,null,null,1200,6500,null,null,null,null,null,null,null,null,null,32.22,KGEG 080353Z 20009KT 10SM BKN012 BKN065 04/01 A2982 RMK AO2 SLP111 T00390011,null
GEG,2023-12-08 4:53,38,34,85.35,220,9,0,29.83,1011.5,10,null,BKN,BKN,null,null,1200,6500,null,null,null,null,null,null,null,null,null,30.97,KGEG 080453Z 22009KT 10SM BKN012 BKN065 03/01 A2983 RMK AO2 SLP115 T00330011,null
GEG,2023-12-08 5:35,37,33,85.29,210,10,0,29.84,null,10,null,SCT,SCT,null,null,800,7000,null,null,null,null,null,null,null,null,null,29.24,KGEG 080535Z 21010KT 10SM SCT008 SCT070 03/01 A2984 RMK AO2 T00280006,null
GEG,2023-12-08 5:53,36,33,88.73,200,9,0,29.84,1012,10,null,SCT,SCT,null,null,800,7000,null,null,null,null,null,null,null,null,null,28.49,KGEG 080553Z 20009KT 10SM SCT008 SCT070 02/01 A2984 RMK AO2 SLP120 T00220006 10044 20022 53011,null
GEG,2023-12-08 6:32,35,32,88.68,200,11,0,29.86,null,10,19,BKN,BKN,null,null,800,7000,null,null,null,null,null,null,null,null,null,26.26,KGEG 080632Z 20011G19KT 10SM BKN008 BKN070 02/00 A2986 RMK AO2 T00170000,null
GEG,2023-12-08 6:53,36,31,81.86,200,11,0,29.86,1012.5,10,null,BKN,BKN,null,null,800,7000,null,null,null,null,null,null,null,null,null,27.52,KGEG 080653Z 20011KT 10SM BKN008 BKN070 02/M01 A2986 RMK AO2 SLP125 T00221006,null
GEG,2023-12-08 7:53,33,30,88.58,210,9,0,29.88,1013.3,10,null,BKN,null,null,null,700,null,null,null,null,null,null,null,null,null,null,24.76,KGEG 080753Z 21009KT 10SM BKN007 01/M01 A2988 RMK AO2 SLP133 T00061011 400670006,null
GEG,2023-12-08 8:53,34,30,85.11,220,10,T,29.9,1013.7,10,null,SCT,BKN,OVC,null,800,4300,6000,null,#NAME?,null,null,null,null,null,null,25.48,KGEG 080853Z 22010KT 10SM -SN SCT008 BKN043 OVC060 01/M01 A2990 RMK AO2 SNB50 SLP137 P0000 60000 T00111011 51017,null
GEG,2023-12-08 9:10,34,30,85.11,220,11,T,29.9,null,10,null,FEW,BKN,null,null,800,4100,null,null,null,null,null,null,null,null,null,24.99,KGEG 080910Z 22011KT 10SM FEW008 BKN041 01/M01 A2990 RMK AO2 SNE09 P0000 T00111011,null
GEG,2023-12-08 9:53,34,29,81.71,220,13,T,29.92,1014.3,10,null,FEW,BKN,OVC,null,1000,4000,6000,null,null,null,null,null,null,null,null,24.13,KGEG 080953Z 22013KT 10SM FEW010 BKN040 OVC060 01/M02 A2992 RMK AO2 SNE09 SLP143 P0000 T00111017,null
GEG,2023-12-08 10:53,33,28,81.63,220,13,0,29.94,1015.3,10,null,BKN,null,null,null,7000,null,null,null,null,null,null,null,null,null,null,22.85,KGEG 081053Z 22013KT 10SM BKN070 01/M02 A2994 RMK AO2 SLP153 T00061022,null
GEG,2023-12-08 11:53,32,28,84.98,220,14,0,29.96,1016.2,10,null,SCT,null,null,null,6000,null,null,null,null,null,null,null,null,null,null,21.16,KGEG 081153Z 22014KT 10SM SCT060 00/M02 A2996 RMK AO2 SLP162 60000 70013 T00001022 10022 20000 53020,null
GEG,2023-12-08 12:53,32,28,84.98,220,13,0,29.99,1017.2,10,null,SCT,null,null,null,8000,null,null,null,null,null,null,null,null,null,null,21.57,KGEG 081253Z 22013KT 10SM SCT080 00/M02 A2999 RMK AO2 SLP172 T00001022,null
GEG,2023-12-08 13:53,31,28,88.48,230,14,0,30.02,1018.2,10,null,FEW,BKN,null,null,500,7000,null,null,null,null,null,null,null,null,null,19.87,KGEG 081353Z 23014KT 10SM FEW005 BKN070 M01/M02 A3002 RMK AO2 SLP182 T10061022,null
GEG,2023-12-08 14:53,31,28,88.48,230,12,0,30.04,1019,10,null,BKN,null,null,null,7500,null,null,null,null,null,null,null,null,null,null,20.73,KGEG 081453Z 23012KT 10SM BKN075 M01/M02 A3004 RMK AO2 SLP190 T10061022 51025,null
GEG,2023-12-08 15:53,30,28,92.15,220,8,0,30.07,1020,10,null,FEW,SCT,null,null,1000,7500,null,null,null,null,null,null,null,null,null,21.65,KGEG 081553Z 22008KT 10SM FEW010 SCT075 M01/M02 A3007 RMK AO2 SLP200 T10111022,null
GEG,2023-12-08 16:53,30,27,88.44,200,6,0,30.1,1021.3,10,null,FEW,FEW,SCT,null,1000,7000,12000,null,null,null,null,null,null,null,null,23.12,KGEG 081653Z 20006KT 10SM FEW010 FEW070 SCT120 M01/M03 A3010 RMK AO2 SLP213 T10111028,null
GEG,2023-12-08 17:53,32,27,81.55,220,8,0,30.14,1022.4,10,null,FEW,FEW,null,null,1000,7000,null,null,null,null,null,null,null,null,null,24.11,KGEG 081753Z 22008KT 10SM FEW010 FEW070 00/M03 A3014 RMK AO2 SLP224 T00001028 10006 21011 53030,null
GEG,2023-12-08 18:53,33,28,81.63,220,8,0,30.16,1023.1,10,null,FEW,FEW,null,null,1000,7000,null,null,null,null,null,null,null,null,null,25.34,KGEG 081853Z 22008KT 10SM FEW010 FEW070 01/M02 A3016 RMK AO2 SLP231 T00061022,null
GEG,2023-12-08 19:53,34,29,81.71,210,7,0,30.18,1023.8,10,null,FEW,FEW,null,null,1000,7000,null,null,null,null,null,null,null,null,null,27.22,KGEG 081953Z 21007KT 10SM FEW010 FEW070 01/M02 A3018 RMK AO2 SLP238 T00111017,null
GEG,2023-12-08 20:53,38,31,75.65,230,10,0,30.19,1024.2,10,null,FEW,FEW,null,null,1500,7000,null,null,null,null,null,null,null,null,null,30.49,KGEG 082053Z 23010KT 10SM FEW015 FEW070 03/M01 A3019 RMK AO2 SLP242 T00331006 51018,null
GEG,2023-12-08 21:53,41,25,52.61,280,10,0,30.21,1024.5,10,null,FEW,FEW,null,null,2000,7000,null,null,null,null,null,null,null,null,null,34.25,KGEG 082153Z 28010KT 10SM FEW020 FEW070 05/M04 A3021 RMK AO2 SLP245 T00501039,null
GEG,2023-12-08 22:53,39,25,56.86,270,8,0,30.23,1025.5,10,null,FEW,FEW,null,null,2500,10000,null,null,null,null,null,null,null,null,null,32.74,KGEG 082253Z 27008KT 10SM FEW025 FEW100 04/M04 A3023 RMK AO2 SLP255 T00391039,null
GEG,2023-12-08 23:53,37,26,64.11,260,6,0,30.26,1026.5,10,null,FEW,FEW,null,null,2500,10000,null,null,null,null,null,null,null,null,null,31.55,KGEG 082353Z 26006KT 10SM FEW025 FEW100 03/M03 A3026 RMK AO2 SLP265 SHSN DSNT NE T00281033 10050 20000 53021,null
GEG,2023-12-09 0:53,33,25,72.11,260,6,0,30.29,1027.9,10,null,FEW,null,null,null,3500,null,null,null,null,null,null,null,null,null,null,26.73,KGEG 090053Z 26006KT 10SM FEW035 01/M04 A3029 RMK AO2 SLP279 T00061039,null
GEG,2023-12-09 1:53,32,25,75.07,230,5,0,30.31,1028.7,10,null,FEW,null,null,null,4000,null,null,null,null,null,null,null,null,null,null,26.4,KGEG 090153Z 23005KT 10SM FEW040 00/M04 A3031 RMK AO2 SLP287 T00001039,null
GEG,2023-12-09 2:53,31,25,78.16,240,4,0,30.33,1029.2,10,null,FEW,null,null,null,4000,null,null,null,null,null,null,null,null,null,null,26.25,KGEG 090253Z 24004KT 10SM FEW040 M01/M04 A3033 RMK AO2 SLP292 T10061039 51022,null
GEG,2023-12-09 3:53,30,24,78.07,240,7,0,30.34,1029.8,10,null,CLR,null,null,null,null,null,null,null,null,null,null,null,null,null,null,22.34,KGEG 090353Z 24007KT 10SM CLR M01/M04 A3034 RMK AO2 SLP298 T10111044,null
GEG,2023-12-09 4:53,30,23,74.87,150,3,0,30.36,1030.4,10,null,CLR,null,null,null,null,null,null,null,null,null,null,null,null,null,null,26.4,KGEG 090453Z 15003KT 10SM CLR M01/M05 A3036 RMK AO2 SLP304 T10111050,null
GEG,2023-12-09 5:53,30,23,74.87,220,3,0,30.38,1030.9,10,null,CLR,null,null,null,null,null,null,null,null,null,null,null,null,null,null,26.4,KGEG 090553Z 22003KT 10SM CLR M01/M05 A3038 RMK AO2 SLP309 T10111050 10028 21017 53016,null
GEG,2023-12-09 6:53,29,23,77.98,230,4,0,30.4,1031.7,10,null,CLR,null,null,null,null,null,null,null,null,null,null,null,null,null,null,23.92,KGEG 090653Z 23004KT 10SM CLR M02/M05 A3040 RMK AO2 SLP317 T10171050,null
GEG,2023-12-09 7:53,27,23,84.66,150,5,0,30.41,1032,10,null,CLR,null,null,null,null,null,null,null,null,null,null,null,null,null,null,20.46,KGEG 090753Z 15005KT 10SM CLR M03/M05 A3041 RMK AO2 SLP320 T10281050 400501028,null
GEG,2023-12-09 8:53,26,23,88.23,160,7,0,30.41,1032.2,10,null,CLR,null,null,null,null,null,null,null,null,null,null,null,null,null,null,17.47,KGEG 090853Z 16007KT 10SM CLR M03/M05 A3041 RMK AO2 SLP322 T10331050 51012,null
GEG,2023-12-09 9:53,27,24,88.28,160,5,0,30.42,1032.3,10,null,CLR,null,null,null,null,null,null,null,null,null,null,null,null,null,null,20.46,KGEG 090953Z 16005KT 10SM CLR M03/M04 A3042 RMK AO2 SLP323 T10281044,null
GEG,2023-12-09 10:53,26,24,92.01,140,4,0,30.44,1032.8,10,null,CLR,null,null,null,null,null,null,null,null,null,null,null,null,null,null,20.41,KGEG 091053Z 14004KT 10SM CLR M03/M04 A3044 RMK AO2 SLP328 T10331044,null
GEG,2023-12-09 11:53,26,23,88.23,140,4,0,30.45,1033.2,10,null,CLR,null,null,null,null,null,null,null,null,null,null,null,null,null,null,20.41,KGEG 091153Z 14004KT 10SM CLR M03/M05 A3045 RMK AO2 SLP332 T10331050 11011 21033 53009,null
GEG,2023-12-09 12:03,26,24,92.01,140,4,0,30.45,null,1,null,SCT,null,null,null,400,null,null,null,null,null,null,null,null,null,null,20.41,KGEG 091203Z 14004KT 1SM R21/P6000FT SCT004 M03/M04 A3045 RMK AO2 SFC VIS 10 T10331044,null
GEG,2023-12-09 12:21,27,25,92.05,130,5,0,30.44,null,0.5,null,OVC,null,null,null,300,null,null,null,BR,null,null,null,null,null,null,20.46,KGEG 091221Z 13005KT 1/2SM R21/P6000FT BR OVC003 M03/M04 A3044 RMK AO2 SFC VIS 7 T10281039,null
GEG,2023-12-09 12:53,28,26,92.08,130,3,0,30.44,1033.3,3,null,BKN,null,null,null,300,null,null,null,BR,null,null,null,null,null,null,24.12,KGEG 091253Z 13003KT 3SM BR BKN003 M02/M03 A3044 RMK AO2 SFC VIS 7 SLP333 T10221033,null
GEG,2023-12-09 13:39,29,26,88.38,0,0,0,30.44,null,10,null,BKN,null,null,null,800,null,null,null,null,null,null,null,null,null,null,29,KGEG 091339Z 00000KT 10SM BKN008 M02/M03 A3044 RMK AO2 T10171033,null
GEG,2023-12-09 13:53,28,25,88.33,50,3,0,30.44,1033.4,10,null,OVC,null,null,null,800,null,null,null,null,null,null,null,null,null,null,24.12,KGEG 091353Z 05003KT 10SM OVC008 M02/M04 A3044 RMK AO2 SLP334 T10221039,null
GEG,2023-12-09 14:53,26,24,92.01,40,5,0,30.44,1033.6,10,null,BKN,null,null,null,1200,null,null,null,null,null,null,null,null,null,null,19.27,KGEG 091453Z 04005KT 10SM BKN012 M03/M04 A3044 RMK AO2 SLP336 T10331044 55000,null
GEG,2023-12-09 15:09,26,24,92.01,50,4,0,30.44,null,8,null,FEW,FEW,OVC,null,1200,12000,18000,null,BCFG,null,null,null,null,null,null,20.41,KGEG 091509Z 05004KT 8SM R21/3500VP6000FT BCFG FEW012 FEW120 OVC180 M03/M04 A3044 RMK AO2 VIS NW-NE 2 T10331044,null
GEG,2023-12-09 15:53,26,24,92.01,60,3,0,30.45,1033.9,6,null,FEW,FEW,OVC,null,100,12000,18000,null,BR BCFG,null,null,null,null,null,null,21.83,KGEG 091553Z 06003KT 6SM R21/1800V2200FT BR BCFG FEW001 FEW120 OVC180 M03/M04 A3045 RMK AO2 SLP339 VIS NW-NE 1 T10331044,null
GEG,2023-12-09 16:08,26,24,92.01,80,4,0,30.44,null,0.75,null,SCT,OVC,null,null,100,17000,null,null,BR,T,null,null,null,null,null,20.41,KGEG 091608Z 08004KT 3/4SM R21/1200V2000FT BR SCT001 OVC170 M03/M04 A3044 RMK AO2 TWR VIS 4+ I1000 T10331044,null
GEG,2023-12-09 16:15,26,25,95.93,90,5,0,30.44,null,0.75,null,SCT,OVC,null,null,100,17000,null,null,BR,T,null,null,null,null,null,19.27,KGEG 091615Z 09005KT 3/4SM R21/1600V3000FT BR SCT001 OVC170 M03/M04 A3044 RMK AO2 TWR VIS 4+ I1000 T10331039,null
GEG,2023-12-09 16:25,27,25,92.05,90,6,0,30.43,null,6,null,FEW,OVC,null,null,100,17000,null,null,BR BCFG,T,null,null,null,null,null,19.51,KGEG 091625Z 09006KT 6SM R21/3500V6000FT BR BCFG FEW001 OVC170 M03/M04 A3043 RMK AO2 VIS W-N-NE 1 I1000 T10281039,null
GEG,2023-12-09 16:53,27,26,95.95,60,3,0,30.43,1032.9,8,null,FEW,OVC,null,null,200,15000,null,null,BCFG,T,null,null,null,null,null,22.97,KGEG 091653Z 06003KT 8SM BCFG FEW002 OVC150 M03/M03 A3043 RMK AO2 SLP329 VIS W-N 2 I1000 T10281033,null
GEG,2023-12-09 17:53,28,26,92.08,50,4,0,30.41,1032.4,8,null,FEW,OVC,null,null,300,14000,null,null,null,null,null,T,null,null,null,22.75,KGEG 091753Z 05004KT 8SM FEW003 OVC140 M02/M03 A3041 RMK AO2 SLP324 I6000 T10221033 11017 21033 58010,null
GEG,2023-12-09 18:53,29,26,88.38,50,5,0,30.4,1032.2,10,null,FEW,BKN,OVC,null,500,14000,18000,null,null,null,null,null,null,null,null,22.83,KGEG 091853Z 05005KT 10SM FEW005 BKN140 OVC180 M02/M03 A3040 RMK AO2 SLP322 VIRGA T10171033,null
GEG,2023-12-09 19:53,30,26,84.85,60,4,0,30.36,1030.7,10,null,FEW,BKN,OVC,null,800,13000,18000,null,null,null,null,null,null,null,null,25.08,KGEG 091953Z 06004KT 10SM FEW008 BKN130 OVC180 M01/M03 A3036 RMK AO2 SLP307 VIRGA T10111033,null
GEG,2023-12-09 20:53,32,28,84.98,100,3,0,30.33,1029.7,10,null,FEW,BKN,OVC,null,800,13000,18000,null,null,null,null,null,null,null,null,28.69,KGEG 092053Z 10003KT 10SM FEW008 BKN130 OVC180 00/M02 A3033 RMK AO2 SLP297 T00001022 58025,null
GEG,2023-12-09 21:53,33,27,78.34,60,3,0,30.31,1028.9,10,null,FEW,OVC,null,null,1000,11000,null,null,null,null,null,null,null,null,null,29.83,KGEG 092153Z 06003KT 10SM FEW010 OVC110 01/M03 A3031 RMK AO2 SLP289 VIRGA T00061028,null
GEG,2023-12-09 22:53,34,27,75.26,110,6,0,30.27,1027.6,10,null,FEW,OVC,null,null,1000,10000,null,null,null,null,null,null,null,null,null,27.94,KGEG 092253Z 11006KT 10SM FEW010 OVC100 01/M03 A3027 RMK AO2 SLP276 VIRGA T00111028,null
GEG,2023-12-09 23:53,32,27,81.55,0,0,0,30.27,1027.7,10,null,BKN,OVC,null,null,7000,9000,null,null,null,null,null,null,null,null,null,32,KGEG 092353Z 00000KT 10SM BKN070 OVC090 00/M03 A3027 RMK AO2 SLP277 T00001028 10011 21022 56019,null
GEG,2023-12-10 0:46,35,25,66.57,200,9,T,30.25,null,7,null,OVC,null,null,null,3600,null,null,null,#NAME?,null,null,null,null,null,null,27.24,KGEG 100046Z 20009KT 7SM -SN OVC036 02/M04 A3025 RMK AO2 SNB46 P0000 T00171039,null
GEG,2023-12-10 0:53,35,26,69.39,190,11,T,30.25,1026.5,2.5,null,OVC,null,null,null,3000,null,null,null,#NAME?,null,null,null,null,null,null,26.26,KGEG 100053Z 19011KT 2 1/2SM -SN OVC030 02/M03 A3025 RMK AO2 SNB46 SLP265 TWR VIS 4+ P0000 T00171033,null
GEG,2023-12-10 1:32,33,28,81.63,200,7,T,30.24,null,2,null,OVC,null,null,null,2200,null,null,null,#NAME?,null,null,null,null,null,null,26,KGEG 100132Z 20007KT 2SM -SN OVC022 01/M02 A3024 RMK AO2 TWR VIS 3 P0000 T00061022,null
GEG,2023-12-10 1:53,32,29,88.53,170,4,T,30.23,1026,1.75,null,FEW,OVC,null,null,900,1700,null,null,#NAME?,null,null,null,null,null,null,27.42,KGEG 100153Z 17004KT 1 3/4SM -SN BR FEW009 OVC017 00/M02 A3023 RMK AO2 TWR VIS 3 SLP260 P0000 T00001017,null
GEG,2023-12-10 2:53,32,30,92.22,150,5,0.04,30.22,1025.9,1.25,null,FEW,OVC,null,null,800,1400,null,null,#NAME?,null,null,null,null,null,null,26.4,KGEG 100253Z 15005KT 1 1/4SM -SN BR FEW008 OVC014 00/M01 A3022 RMK AO2 TWR VIS 1 3/4 SLP259 P0004 60004 T00001011 56016,null
GEG,2023-12-10 3:35,32,30,92.22,150,6,0.03,30.2,null,0.75,null,OVC,null,null,null,800,null,null,null,#NAME?,null,null,null,null,null,null,25.53,KGEG 100335Z 15006KT 3/4SM R21/P6000FT -SN BR OVC008 00/M01 A3020 RMK AO2 TWR VIS 1 3/4 P0003 T00001011,null
GEG,2023-12-10 3:53,32,31,96.04,150,6,0.05,30.2,1025,0.75,null,OVC,null,null,null,800,null,null,null,#NAME?,null,null,null,null,null,null,25.53,KGEG 100353Z 15006KT 3/4SM R21/P6000FT -SN BR OVC008 00/M01 A3020 RMK AO2 SFC VIS 1 SLP250 SNINCR 1/1 P0005 T00001006,null
GEG,2023-12-10 4:53,32,31,96.04,150,6,0.04,30.18,1024.4,1,null,SCT,OVC,null,null,400,1200,null,null,#NAME?,null,null,null,null,null,null,25.53,KGEG 100453Z 15006KT 1SM R21/P6000FT -SN BR SCT004 OVC012 00/M01 A3018 RMK AO2 SLP244 P0004 T00001006,null
GEG,2023-12-10 5:53,33,31,92.25,140,9,0.06,30.16,1023.6,1,null,SCT,OVC,null,null,500,1000,null,null,#NAME?,null,null,null,null,null,null,24.76,KGEG 100553Z 14009KT 1SM R21/P6000FT -SN BR SCT005 OVC010 01/M01 A3016 RMK AO2 SLP236 SNINCR 1/2 4/002 P0006 60019 T00061006 10017 20000 56019,2
GEG,2023-12-10 6:00,33,31,92.25,150,10,0.01,30.17,null,0.75,null,FEW,OVC,null,null,500,1000,null,null,#NAME?,null,null,null,null,null,null,24.22,KGEG 100600Z 15010KT 3/4SM R21/5500VP6000FT -SN BR FEW005 OVC010 01/M01 A3017 RMK AO2 P0001 T00061006,null
GEG,2023-12-10 6:53,33,31,92.25,150,12,0.07,30.16,1023.6,0.75,null,SCT,OVC,null,null,500,1200,null,null,#NAME?,null,null,null,null,null,null,23.27,KGEG 100653Z 15012KT 3/4SM R21/P6000FT -SN BR SCT005 OVC012 01/M01 A3016 RMK AO2 SFC VIS 1 SLP236 SNINCR 1/3 P0007 T00061006,null
GEG,2023-12-10 7:53,33,31,92.25,150,10,0.06,30.15,1023,0.75,null,FEW,OVC,null,null,500,1200,null,null,#NAME?,null,null,null,null,null,null,24.22,KGEG 100753Z 15010KT 3/4SM R21/P6000FT -SN BR FEW005 OVC012 01/M01 A3015 RMK AO2 SFC VIS 1 SLP230 SNINCR 1/4 P0006 T00061006 400171033,null
GEG,2023-12-10 8:44,33,31,92.25,160,10,0.05,30.15,null,0.75,null,FEW,OVC,null,null,500,1500,null,null,#NAME?,null,null,null,null,null,null,24.22,KGEG 100844Z 16010KT 3/4SM R21/P6000FT -SN BR FEW005 OVC015 01/M01 A3015 RMK AO2 SFC VIS 1 1/4 P0005 T00061006,null
GEG,2023-12-10 8:53,33,31,92.25,150,9,0.05,30.15,1022.8,0.75,null,FEW,OVC,null,null,400,1700,null,null,#NAME?,null,null,null,null,null,null,24.76,KGEG 100853Z 15009KT 3/4SM R21/P6000FT -SN BR FEW004 OVC017 01/M01 A3015 RMK AO2 SFC VIS 1 1/2 SLP228 SNINCR 1/5 P0005 60018 T00061006 58006,null
GEG,2023-12-10 9:15,33,31,92.25,160,9,0.02,30.15,null,1.5,null,BKN,OVC,null,null,500,1900,null,null,#NAME?,null,null,null,null,null,null,24.76,KGEG 100915Z 16009KT 1 1/2SM -SN BR BKN005 OVC019 01/M01 A3015 RMK AO2 P0002 T00061006,null
GEG,2023-12-10 9:25,33,31,92.25,150,9,0.02,30.15,null,1.5,null,BKN,OVC,null,null,400,1500,null,null,#NAME?,null,null,null,null,null,null,24.76,KGEG 100925Z 15009KT 1 1/2SM -SN BR BKN004 OVC015 01/M01 A3015 RMK AO2 P0002 T00061006,null
GEG,2023-12-10 9:45,33,32,96.06,150,8,0.04,30.15,null,1.5,null,SCT,OVC,null,null,400,1700,null,null,#NAME?,null,null,null,null,null,null,25.34,KGEG 100945Z 15008KT 1 1/2SM -SN BR SCT004 OVC017 01/00 A3015 RMK AO2 P0004 T00060000,null
GEG,2023-12-10 9:53,33,32,96.06,150,9,0.05,30.15,1023,1.5,null,SCT,OVC,null,null,400,1600,null,null,#NAME?,null,null,null,null,null,null,24.76,KGEG 100953Z 15009KT 1 1/2SM -SN BR SCT004 OVC016 01/00 A3015 RMK AO2 SLP230 P0005 T00060000,null
GEG,2023-12-10 10:08,33,32,96.06,150,7,0.01,30.15,null,1.25,null,FEW,OVC,null,null,400,1200,null,null,#NAME?,null,null,null,null,null,null,26,KGEG 101008Z 15007KT 1 1/4SM -SN BR FEW004 OVC012 01/00 A3015 RMK AO2 TWR VIS 1 1/2 P0001 T00060000,null
GEG,2023-12-10 10:38,33,32,96.06,150,8,0.04,30.15,null,1,null,FEW,OVC,null,null,300,1700,null,null,#NAME?,null,null,null,null,null,null,25.34,KGEG 101038Z 15008KT 1SM R21/P6000FT -SN BR FEW003 OVC017 01/00 A3015 RMK AO2 TWR VIS 1 1/2 P0004 T00060000,null
GEG,2023-12-10 10:53,33,32,96.06,150,9,0.06,30.15,1023,1,null,FEW,OVC,null,null,300,1700,null,null,#NAME?,null,null,null,null,null,null,24.76,KGEG 101053Z COR 15009KT 1SM R21/P6000FT -SN BR FEW003 OVC017 01/00 A3015 RMK AO2 TWR VIS 1 1/2 SNINCR 1/6 SLP230 P0006 T00060000,null
GEG,2023-12-10 11:07,33,32,96.06,160,8,0.02,30.15,null,1,null,SCT,BKN,OVC,null,900,1100,2000,null,#NAME?,null,null,null,null,null,null,25.34,KGEG 101107Z 16008KT 1SM R21/P6000FT -SN BR SCT009 BKN011 OVC020 01/00 A3015 RMK AO2 TWR VIS 1 1/2 P0002 T00060000,null
GEG,2023-12-10 11:36,33,32,96.06,150,9,0.05,30.14,null,1.5,null,SCT,BKN,OVC,null,300,2300,3000,null,#NAME?,null,null,null,null,null,null,24.76,KGEG 101136Z 15009KT 1 1/2SM -SN BR SCT003 BKN023 OVC030 01/00 A3014 RMK AO2 SFC VIS 2 1/2 P0005 T00060000,null
GEG,2023-12-10 11:53,33,32,96.06,160,8,0.05,30.13,1022.4,1.5,null,SCT,BKN,OVC,null,300,2100,2900,null,#NAME?,null,null,null,null,null,null,25.34,KGEG 101153Z 16008KT 1 1/2SM -SN BR SCT003 BKN021 OVC029 01/00 A3013 RMK AO2 SFC VIS 2 1/2 SLP224 4/006 P0005 60034 70053 T00060000 10011 20006 58003,6
GEG,2023-12-10 12:20,33,32,96.06,150,8,0.02,30.14,null,1.5,null,SCT,OVC,null,null,400,1300,null,null,#NAME?,null,null,null,null,null,null,25.34,KGEG 101220Z 15008KT 1 1/2SM -SN BR SCT004 OVC013 01/00 A3014 RMK AO2 SFC VIS 3 P0002 T00060000,null
GEG,2023-12-10 12:53,33,32,96.06,150,8,0.04,30.14,1022.5,1.5,null,FEW,OVC,null,null,400,1400,null,null,#NAME?,null,null,null,null,null,null,25.34,KGEG 101253Z 15008KT 1 1/2SM -SN BR FEW004 OVC014 01/00 A3014 RMK AO2 SFC VIS 2 1/2 SLP225 P0004 T00060000,null
GEG,2023-12-10 13:53,34,32,92.29,150,7,0.04,30.14,1022.5,1.5,null,BKN,BKN,OVC,null,500,900,1500,null,#NAME?,null,null,null,null,null,null,27.22,KGEG 101353Z 15007KT 1 1/2SM -SN BR BKN005 BKN009 OVC015 01/00 A3014 RMK AO2 SFC VIS 4 RAB37E48 SLP225 P0004 T00110000,null
GEG,2023-12-10 14:06,34,32,92.29,150,7,0.01,30.13,null,1.5,null,FEW,OVC,null,null,500,1300,null,null,#NAME?,null,null,null,null,null,null,27.22,KGEG 101406Z 15007KT 1 1/2SM -SN BR FEW005 OVC013 01/00 A3013 RMK AO2 SFC VIS 4 P0001 T00110000,null
GEG,2023-12-10 14:27,34,32,92.29,140,6,0.03,30.14,null,1.5,null,SCT,OVC,null,null,500,900,null,null,#NAME?,null,null,null,null,null,null,27.94,KGEG 101427Z 14006KT 1 1/2SM -RASN BR SCT005 OVC009 01/00 A3014 RMK AO2 SFC VIS 5 RAB10 P0003 T00110000,null
GEG,2023-12-10 14:31,34,32,92.29,140,6,0.03,30.14,null,1.5,null,SCT,BKN,OVC,null,500,800,1100,null,#NAME?,null,null,null,null,null,null,27.94,KGEG 101431Z 14006KT 1 1/2SM -RA BR SCT005 BKN008 OVC011 01/00 A3014 RMK AO2 SFC VIS 5 RAB10SNE28 P0003 T00110000,null
GEG,2023-12-10 14:53,34,32,92.29,150,6,0.04,30.13,1022.4,1.5,null,OVC,null,null,null,800,null,null,null,#NAME?,null,null,null,null,null,null,27.94,KGEG 101453Z 15006KT 1 1/2SM -RA BR OVC008 01/00 A3013 RMK AO2 SFC VIS 6 RAB10SNE28 SLP224 P0004 60012 T00110000 58000,null
GEG,2023-12-10 15:53,34,33,96.08,140,3,0.03,30.13,1022.3,1,null,BKN,OVC,null,null,400,600,null,null,#NAME?,null,null,null,null,null,null,30.97,KGEG 101553Z 14003KT 1SM R21/P6000FT -RA BR BKN004 OVC006 01/01 A3013 RMK AO2 SFC VIS 5 SLP223 P0003 T00110006,null
GEG,2023-12-10 16:53,35,33,92.32,150,3,0.03,30.14,1022.4,1,null,OVC,null,null,null,400,null,null,null,#NAME?,null,null,null,null,null,null,32.12,KGEG 101653Z 15003KT 1SM R21/P6000FT -RA BR OVC004 02/01 A3014 RMK AO2 SFC VIS 4 SLP224 P0003 T00170006,null
GEG,2023-12-10 17:53,35,34,96.09,140,4,T,30.14,1022.6,1,null,OVC,null,null,null,300,null,null,null,BR,null,null,null,null,null,null,30.92,KGEG 101753Z 14004KT 1SM R21/P6000FT BR OVC003 02/01 A3014 RMK AO2 SFC VIS 2 RAE05DZB15E31 SLP226 VIS NE-SE 1 4/005 933006 P0000 60018 T00170011 10017 20006 53003,5
GEG,2023-12-10 17:56,35,34,96.09,140,6,0,30.14,null,0.25,null,OVC,null,null,null,200,null,null,null,BR,null,null,null,null,null,null,29.14,KGEG 101756Z 14006KT 1/4SM R21/P6000FT BR OVC002 02/01 A3014 RMK AO2 SFC VIS 3/4 T00170011,null
GEG,2023-12-10 18:53,35,33,92.32,120,4,0.01,30.13,1022.2,0.5,null,BKN,OVC,null,null,300,500,null,null,#NAME?,null,null,null,null,null,null,30.92,KGEG 101853Z 12004KT 1/2SM R21/5500VP6000FT -DZ BR BKN003 OVC005 02/01 A3013 RMK AO2 SFC VIS 1 DZB01 SLP222 P0001 T00170006,null
GEG,2023-12-10 19:53,35,34,96.09,120,4,0.01,30.12,1021.8,0.5,null,FEW,OVC,null,null,100,300,null,null,#NAME?,null,null,null,null,null,null,30.92,KGEG 101953Z 12004KT 1/2SM R21/4500VP6000FT -DZ BR FEW001 OVC003 02/01 A3012 RMK AO2 SFC VIS 3/4 SLP218 P0001 T00170011,null
GEG,2023-12-10 20:53,36,34,92.35,110,5,0.01,30.11,1021.3,0.5,null,OVC,null,null,null,300,null,null,null,#NAME?,null,null,null,null,null,null,31.15,KGEG 102053Z 11005KT 1/2SM R21/6000VP6000FT -DZ BR OVC003 02/01 A3011 RMK AO2 SFC VIS 1 SLP213 P0001 60003 T00220011 58012,null
GEG,2023-12-10 21:53,36,34,92.35,130,5,T,30.1,1021,0.5,null,BKN,OVC,null,null,300,600,null,null,#NAME?,null,null,null,null,null,null,31.15,KGEG 102153Z 13005KT 1/2SM R21/5000VP6000FT -DZ BR BKN003 OVC006 02/01 A3010 RMK AO2 SFC VIS 1 SLP210 P0000 T00220011,null
GEG,2023-12-10 22:53,36,34,92.35,140,6,0.01,30.09,1020.8,0.5,null,SCT,OVC,null,null,400,800,null,null,#NAME?,null,null,null,null,null,null,30.35,KGEG 102253Z 14006KT 1/2SM R21/P6000FT -DZ BR SCT004 OVC008 02/01 A3009 RMK AO2 SFC VIS 1 1/4 SLP208 VIS NW-NE 1 1/2 P0001 T00220011,null
GEG,2023-12-10 23:48,35.6,33.8,93.08,110,5,0.01,30.09,null,0.5,null,BKN,OVC,null,null,400,800,null,null,#NAME?,null,null,null,null,null,null,30.67,KGEG 102348Z 11005KT 1/2SM R21/P6000FT -DZ BR BKN004 OVC008 02/01 A3009 RMK AO2 SFC VIS 1 1/2 P0001,null
GEG,2023-12-10 23:53,35,34,96.09,110,5,0.01,30.1,1021,0.5,null,BKN,OVC,null,null,400,800,null,null,#NAME?,null,null,null,null,null,null,29.96,KGEG 102353Z 11005KT 1/2SM R21/P6000FT -DZ BR BKN004 OVC008 02/01 A3010 RMK AO2 SFC VIS 1 1/2 SLP210 4/004 P0001 60005 T00170011 10022 20017 55003,4
GEG,2023-12-11 0:53,36,34,92.35,130,3,T,30.1,1021.1,0.5,null,OVC,null,null,null,400,null,null,null,#NAME?,null,null,null,null,null,null,33.26,KGEG 110053Z 13003KT 1/2SM R21/P6000FT -DZ BR OVC004 02/01 A3010 RMK AO2 SFC VIS 1 1/4 SLP211 P0000 T00220011,null
GEG,2023-12-11 1:30,35,34,96.09,140,5,T,30.1,null,0.5,null,SCT,OVC,null,null,400,700,null,null,#NAME?,null,null,null,null,null,null,29.96,KGEG 110130Z 14005KT 1/2SM R21/P6000FT -DZ BR SCT004 OVC007 02/01 A3010 RMK AO2 SFC VIS 1 1/4 P0000 T00170011,null
GEG,2023-12-11 1:53,35,34,96.09,140,5,T,30.09,1020.8,0.5,null,SCT,OVC,null,null,400,800,null,null,#NAME?,null,null,null,null,null,null,29.96,KGEG 110153Z 14005KT 1/2SM R21/P6000FT -DZ BR SCT004 OVC008 02/01 A3009 RMK AO2 SFC VIS 1 1/4 SLP208 P0000 T00170011,null
GEG,2023-12-11 2:28,35,34,96.09,130,5,T,30.1,null,0.5,null,BKN,OVC,null,null,300,600,null,null,#NAME?,null,null,null,null,null,null,29.96,KGEG 110228Z 13005KT 1/2SM R21/P6000FT -DZ BR BKN003 OVC006 02/01 A3010 RMK AO2 SFC VIS 1 1/4 P0000 T00170011,null
GEG,2023-12-11 2:53,35,35,100,130,5,0.01,30.1,1020.9,0.5,null,OVC,null,null,null,300,null,null,null,#NAME?,null,null,null,null,null,null,29.96,KGEG 110253Z 13005KT 1/2SM R21/P6000FT -DZ BR OVC003 02/02 A3010 RMK AO2 SFC VIS 1 SLP209 P0001 60001 T00170017 50000,null
GEG,2023-12-11 3:53,36,35,96.11,140,3,T,30.1,1021.1,0.5,null,OVC,null,null,null,200,null,null,null,BR,null,null,null,null,null,null,33.26,KGEG 110353Z 14003KT 1/2SM R21/3000V4000FT BR OVC002 02/02 A3010 RMK AO2 SFC VIS 3/4 DZE22 SLP211 P0000 T00220017,null
GEG,2023-12-11 4:53,36,35,96.11,160,5,T,30.09,1020.7,0.5,null,OVC,null,null,null,200,null,null,null,#NAME?,null,null,null,null,null,null,31.15,KGEG 110453Z 16005KT 1/2SM R21/P6000FT -DZ BR OVC002 02/02 A3009 RMK AO2 SFC VIS 1 DZB45 SLP207 P0000 T00220017,null
GEG,2023-12-11 5:53,36,35,96.11,120,4,T,30.09,1020.7,0.5,null,OVC,null,null,null,200,null,null,null,BR,null,null,null,null,null,null,32.09,KGEG 110553Z 12004KT 1/2SM R21/P6000FT BR OVC002 02/02 A3009 RMK AO2 SFC VIS 1 1/4 DZE48 SLP207 4/003 P0000 60001 T00220017 10022 20017 58001,3
GEG,2023-12-11 6:53,34,33,96.08,50,3,0,30.11,1021.3,0.5,null,VV ,null,null,null,200,null,null,null,FG,null,null,null,null,null,null,30.97,KGEG 110653Z 05003KT 1/2SM R21/2200V2400FT FG VV002 01/01 A3011 RMK AO2 SLP213 T00110006,null
GEG,2023-12-11 7:53,34,33,96.08,0,0,0,30.11,1021.5,0.5,null,VV ,null,null,null,200,null,null,null,FG,null,null,null,null,null,null,34,KGEG 110753Z 00000KT 1/2SM R21/3500VP6000FT FG VV002 01/01 A3011 RMK AO2 SLP215 T00110006 400220006,null
GEG,2023-12-11 8:53,34,33,96.08,0,0,0,30.11,1021.2,0.5,null,VV ,null,null,null,200,null,null,null,FG,null,null,null,null,null,null,34,KGEG 110853Z 00000KT 1/2SM R21/3500FT FG VV002 01/01 A3011 RMK AO2 SLP212 T00110006 50004,null
GEG,2023-12-11 9:53,34,33,96.08,70,3,0,30.12,1021.7,0.5,null,VV ,null,null,null,200,null,null,null,FG,null,null,null,null,null,null,30.97,KGEG 110953Z 07003KT 1/2SM R21/3000V3500FT FG VV002 01/01 A3012 RMK AO2 SLP217 T00110006,null
GEG,2023-12-11 10:53,33,33,100,110,3,0,30.13,1022.2,0.5,null,VV ,null,null,null,300,null,null,null,FG,null,null,null,null,null,null,29.83,KGEG 111053Z 11003KT 1/2SM R21/2200V2800FT FG VV003 01/01 A3013 RMK AO2 SLP222 T00060006,null
GEG,2023-12-11 11:53,34,33,96.08,0,0,0,30.13,1022.2,0.5,null,VV ,null,null,null,200,null,null,null,FG,null,null,null,null,null,null,34,KGEG 111153Z 00000KT 1/2SM R21/3000FT FG VV002 01/01 A3013 RMK AO2 SLP222 4/003 70024 T00110006 10022 20006 51009,3
GEG,2023-12-11 12:53,34,33,96.08,30,3,0,30.14,1022.3,0.25,null,VV ,null,null,null,100,null,null,null,FG,null,null,null,null,null,null,30.97,KGEG 111253Z 03003KT 1/4SM R21/2200V2600FT FG VV001 01/01 A3014 RMK AO2 TWR VIS 1/2 SLP223 T00110006,null
GEG,2023-12-11 13:53,33,32,96.06,10,6,0,30.16,1023.1,0.25,null,VV ,null,null,null,100,null,null,null,FG,null,null,null,null,null,null,26.73,KGEG 111353Z 01006KT 1/4SM R21/2400V4000FT FG VV001 01/00 A3016 RMK AO2 SLP231 T00060000,null
GEG,2023-12-11 14:53,34,33,96.08,40,5,T,30.17,1023.5,0.25,null,VV ,null,null,null,200,null,null,null,#NAME?,null,null,null,null,null,null,28.77,KGEG 111453Z 04005KT 1/4SM R21/5000VP6000FT -DZ FG VV002 01/01 A3017 RMK AO2 SFC VIS 1/2 DZB43 SLP235 P0000 60000 T00110006 53012,null
GEG,2023-12-11 15:53,34,33,96.08,60,5,0.01,30.19,1024,0.25,null,VV ,null,null,null,200,null,null,null,FG,null,null,null,null,null,null,28.77,KGEG 111553Z 06005KT 1/4SM R21/2200V2600FT FG VV002 01/01 A3019 RMK AO2 SFC VIS 1/2 DZE36 SLP240 P0001 T00110006,null
GEG,2023-12-11 16:53,34,33,96.08,40,3,0,30.2,1024.3,0.25,null,FEW,OVC,null,null,200,400,null,null,FG,null,null,null,null,null,null,30.97,KGEG 111653Z 04003KT 1/4SM R21/2200V2800FT FG FEW002 OVC004 01/01 A3020 RMK AO2 SFC VIS 1/2 SLP243 T00110006,null
GEG,2023-12-11 17:02,35,34,96.09,50,3,0,30.19,null,0.25,null,FEW,BKN,OVC,null,200,700,2000,null,BR,null,null,null,null,null,null,32.12,KGEG 111702Z 05003KT 1/4SM R21/2800VP6000FT BR FEW002 BKN007 OVC020 02/01 A3019 RMK AO2 SFC VIS 3/4 T00170011,null
GEG,2023-12-11 17:37,35,33,92.32,20,3,0,30.21,null,0.75,null,SCT,SCT,OVC,null,200,700,2200,null,BR,null,null,null,null,null,null,32.12,KGEG 111737Z 02003KT 3/4SM R21/P6000FT BR SCT002 SCT007 OVC022 02/01 A3021 RMK AO2 T00170006,null
GEG,2023-12-11 17:49,35.6,33.8,93.08,30,6,0,30.21,null,0.25,null,BKN,OVC,null,null,200,2200,null,null,BR,null,null,null,null,null,null,29.87,KGEG 111749Z COR 03006KT 1/4SM R21/P6000FT BR BKN002 OVC022 02/01 A3021 RMK AO2 SFC VIS 1 1/2,2
GEG,2023-12-11 17:53,35,34,96.09,40,7,0,30.21,1024.8,0.25,null,BKN,OVC,null,null,200,2200,null,null,BR,null,null,null,null,null,null,28.44,KGEG 111753Z 04007KT 1/4SM R21/P6000FT BR BKN002 OVC022 02/01 A3021 RMK AO2 SFC VIS 1 1/2 SLP248 4/002 933004 60001 T00170011 10017 20006 53013,2
GEG,2023-12-11 18:45,35,34,96.09,30,6,0,30.22,null,0.25,null,VV ,null,null,null,200,null,null,null,FG,null,null,null,null,null,null,29.14,KGEG 111845Z 03006KT 1/4SM R21/1400V2000FT FG VV002 02/01 A3022 RMK AO2 SFC VIS 1/2 T00170011,null
GEG,2023-12-11 18:53,35,34,96.09,30,6,0,30.21,1025,0.25,null,VV ,null,null,null,200,null,null,null,FG,null,null,null,null,null,null,29.14,KGEG 111853Z 03006KT 1/4SM R21/1400V1800FT FG VV002 02/01 A3021 RMK AO2 SFC VIS 1/2 SLP250 T00170011,null
GEG,2023-12-11 19:53,35,34,96.09,60,5,0,30.2,1024.6,0.25,null,VV ,null,null,null,200,null,null,null,FG,null,null,null,null,null,null,29.96,KGEG 111953Z 06005KT 1/4SM R21/1800V2600FT FG VV002 02/01 A3020 RMK AO2 SFC VIS 1/2 SLP246 T00170011,null
GEG,2023-12-11 20:53,36,34,92.35,350,7,0,30.2,1024.4,0.25,null,VV ,null,null,null,200,null,null,null,FG,null,null,null,null,null,null,29.65,KGEG 112053Z 35007KT 1/4SM R21/5500VP6000FT FG VV002 02/01 A3020 RMK AO2 SFC VIS 1/2 SLP244 T00220011 58005,null
GEG,2023-12-11 21:29,35,34,96.09,10,7,0,30.2,null,0.5,null,VV ,null,null,null,200,null,null,null,BR,null,null,null,null,null,null,28.44,KGEG 112129Z 01007KT 1/2SM R21/1600V2200FT BR VV002 02/01 A3020 RMK AO2 SFC VIS 3/4 T00170011,null
GEG,2023-12-11 21:45,36,35,96.11,30,5,0,30.19,null,0.5,null,VV ,null,null,null,200,null,null,null,BR,null,null,null,null,null,null,31.15,KGEG 112145Z 03005KT 1/2SM R21/1800VP6000FT BR VV002 02/02 A3019 RMK AO2 SFC VIS 3/4 T00220017,null
GEG,2023-12-11 21:53,36,34,92.35,30,6,0,30.19,1024.1,0.5,null,OVC,null,null,null,200,null,null,null,BR,null,null,null,null,null,null,30.35,KGEG 112153Z 03006KT 1/2SM R21/P6000FT BR OVC002 02/01 A3019 RMK AO2 SFC VIS 1 SLP241 T00220011,null
GEG,2023-12-11 22:53,36,35,96.11,40,4,0,30.2,1024.4,0.5,null,OVC,null,null,null,200,null,null,null,BR,null,null,null,null,null,null,32.09,KGEG 112253Z 04004KT 1/2SM R21/P6000FT BR OVC002 02/02 A3020 RMK AO2 SFC VIS 1 SLP244 T00220017,null
GEG,2023-12-11 23:53,35,34,96.09,40,7,0,30.2,1024.6,0.5,null,OVC,null,null,null,600,null,null,null,BR,null,null,null,null,null,null,28.44,KGEG 112353Z 04007KT 1/2SM R21/P6000FT BR OVC006 02/01 A3020 RMK AO2 SFC VIS 1 CIG 002V008 SLP246 4/002 T00170011 10022 20017 53001,2
GEG,2023-12-12 0:53,35,34,96.09,20,5,0,30.2,1024.6,0.5,null,OVC,null,null,null,300,null,null,null,BR,null,null,null,null,null,null,29.96,KGEG 120053Z 02005KT 1/2SM R21/P6000FT BR OVC003 02/01 A3020 RMK AO2 SFC VIS 1 SLP246 T00170011,null
GEG,2023-12-12 1:42,35,34,96.09,30,5,0,30.21,null,5,null,SCT,BKN,OVC,null,400,800,2400,null,BR,null,null,null,null,null,null,29.96,KGEG 120142Z 03005KT 5SM BR SCT004 BKN008 OVC024 02/01 A3021 RMK AO2 T00170011,null
GEG,2023-12-12 1:53,35,34,96.09,30,5,0,30.22,1025.2,5,null,SCT,BKN,OVC,null,400,800,2400,null,BR,null,null,null,null,null,null,29.96,KGEG 120153Z 03005KT 5SM BR SCT004 BKN008 OVC024 02/01 A3022 RMK AO2 SLP252 T00170011,null
GEG,2023-12-12 2:53,36,33,88.73,40,5,0,30.22,1025.2,6,null,FEW,SCT,OVC,null,400,1000,2400,null,BR,null,null,null,null,null,null,31.15,KGEG 120253Z 04005KT 6SM BR FEW004 SCT010 OVC024 02/01 A3022 RMK AO2 SLP252 T00220006 53006,null
GEG,2023-12-12 3:53,35,33,92.32,60,5,0,30.22,1025.1,10,null,SCT,OVC,null,null,1200,2400,null,null,null,null,null,null,null,null,null,29.96,KGEG 120353Z 06005KT 10SM SCT012 OVC024 02/01 A3022 RMK AO2 SLP251 T00170006,null
GEG,2023-12-12 4:53,35,33,92.32,60,4,0,30.22,1025.3,10,null,SCT,OVC,null,null,2000,2800,null,null,null,null,null,null,null,null,null,30.92,KGEG 120453Z 06004KT 10SM SCT020 OVC028 02/01 A3022 RMK AO2 SLP253 T00170006,null
GEG,2023-12-12 5:53,35,32,88.68,20,5,0,30.23,1025.4,10,null,OVC,null,null,null,2600,null,null,null,null,null,null,null,null,null,null,29.96,KGEG 120553Z 02005KT 10SM OVC026 02/00 A3023 RMK AO2 SLP254 4/002 T00170000 10022 20017 53002,2
GEG,2023-12-12 6:53,35,33,92.32,360,6,0,30.24,1026,10,null,FEW,OVC,null,null,300,2500,null,null,null,null,null,null,null,null,null,29.14,KGEG 120653Z 36006KT 10SM FEW003 OVC025 02/01 A3024 RMK AO2 SLP260 T00170006,null
GEG,2023-12-12 7:53,35,33,92.32,50,5,0,30.24,1025.9,10,null,FEW,FEW,OVC,null,100,300,2200,null,null,null,null,null,null,null,null,29.96,KGEG 120753Z 05005KT 10SM FEW001 FEW003 OVC022 02/01 A3024 RMK AO2 SLP259 T00170006 400220006,null
GEG,2023-12-12 8:53,35,33,92.32,40,3,0,30.25,1026,10,null,FEW,FEW,OVC,null,100,400,2100,null,null,null,null,null,null,null,null,32.12,KGEG 120853Z 04003KT 10SM FEW001 FEW004 OVC021 02/01 A3025 RMK AO2 SLP260 T00170006 51006,null
GEG,2023-12-12 9:53,35,33,92.32,40,4,0,30.25,1026.1,10,null,FEW,FEW,OVC,null,400,1400,2100,null,null,null,null,null,null,null,null,30.92,KGEG 120953Z 04004KT 10SM FEW004 FEW014 OVC021 02/01 A3025 RMK AO2 SLP261 T00170006,null
GEG,2023-12-12 10:53,35,33,92.32,60,3,0,30.26,1026.5,10,null,FEW,FEW,OVC,null,400,1000,2300,null,null,null,null,null,null,null,null,32.12,KGEG 121053Z 06003KT 10SM FEW004 FEW010 OVC023 02/01 A3026 RMK AO2 SLP265 T00170006,null
GEG,2023-12-12 11:53,34,32,92.29,60,4,0,30.27,1026.8,10,null,FEW,FEW,OVC,null,100,1000,2000,null,null,null,null,null,null,null,null,29.76,KGEG 121153Z 06004KT 10SM FEW001 FEW010 OVC020 01/00 A3027 RMK AO2 SLP268 4/002 70001 T00110000 10017 20011 53007,2
GEG,2023-12-12 12:53,35,32,88.68,40,3,0,30.27,1027,10,null,FEW,FEW,OVC,null,200,600,1900,null,null,null,null,null,null,null,null,32.12,KGEG 121253Z 04003KT 10SM FEW002 FEW006 OVC019 02/00 A3027 RMK AO2 SLP270 T00170000,null
GEG,2023-12-12 13:53,35,33,92.32,360,3,0,30.29,1027.5,10,null,FEW,FEW,OVC,null,200,600,1900,null,null,null,null,null,null,null,null,32.12,KGEG 121353Z 36003KT 10SM FEW002 FEW006 OVC019 02/01 A3029 RMK AO2 SLP275 T00170006,null
GEG,2023-12-12 14:53,34,32,92.29,10,3,0,30.3,1027.9,10,null,FEW,BKN,OVC,null,200,800,1900,null,null,null,null,null,null,null,null,30.97,KGEG 121453Z 01003KT 10SM FEW002 BKN008 OVC019 01/00 A3030 RMK AO2 SLP279 T00110000 53009,null
GEG,2023-12-12 15:47,33.8,32,93.03,30,5,T,30.3,null,1,null,SCT,BKN,OVC,null,300,800,1900,null,#NAME?,null,null,null,null,null,null,28.53,KGEG 121547Z 03005KT 1SM R21/P6000FT -RA BR SCT003 BKN008 OVC019 01/00 A3030 RMK AO2 SFC VIS 1 1/2 RAB10 P0000,null
GEG,2023-12-12 15:53,34,32,92.29,30,4,T,30.3,1028.1,1,null,SCT,BKN,OVC,null,300,800,1900,null,#NAME?,null,null,null,null,null,null,29.76,KGEG 121553Z 03004KT 1SM R21/P6000FT -RA BR SCT003 BKN008 OVC019 01/00 A3030 RMK AO2 TWR VIS 1 1/2 RAB10 SLP281 P0000 T00110000,null
GEG,2023-12-12 16:22,34,33,96.08,30,3,T,30.31,null,0.5,null,SCT,BKN,OVC,null,300,800,1900,null,BR,null,null,null,null,null,null,30.97,KGEG 121622Z 03003KT 1/2SM R21/P6000FT BR SCT003 BKN008 OVC019 01/01 A3031 RMK AO2 SFC VIS 1 1/2 RAE1554 P0000 T00110006,null
GEG,2023-12-12 16:49,33.8,32,93.03,30,5,T,30.32,null,0.5,null,BKN,OVC,null,null,300,1000,null,null,#NAME?,null,null,null,null,null,null,28.53,KGEG 121649Z 03005KT 1/2SM R21/P6000FT -RA BR BKN003 OVC010 01/00 A3032 RMK AO2 SFC VIS 2 RAE1554B48 P0000,null
GEG,2023-12-12 16:53,34,32,92.29,30,5,T,30.32,1028.7,0.5,null,BKN,OVC,null,null,300,1000,null,null,#NAME?,null,null,null,null,null,null,28.77,KGEG 121653Z 03005KT 1/2SM R21/P6000FT -RA BR BKN003 OVC010 01/00 A3032 RMK AO2 SFC VIS 2 RAE1554B48 SLP287 P0000 T00110000,null
GEG,2023-12-12 17:06,34,32,92.29,40,5,T,30.33,null,1.5,null,SCT,OVC,null,null,300,800,null,null,#NAME?,null,null,null,null,null,null,28.77,KGEG 121706Z 04005KT 1 1/2SM -RA BR SCT003 OVC008 01/00 A3033 RMK AO2 SFC VIS 2 CIG 006V011 P0000 T00110000,null
GEG,2023-12-12 17:27,34,32,92.29,30,4,T,30.33,null,1.5,null,SCT,OVC,null,null,300,1000,null,null,BR,null,null,null,null,null,null,29.76,KGEG 121727Z 03004KT 1 1/2SM BR SCT003 OVC010 01/00 A3033 RMK AO2 SFC VIS 2 RAE27 P0000 T00110000,null
GEG,2023-12-12 17:53,34,33,96.08,10,5,T,30.34,1029.3,1.5,null,SCT,OVC,null,null,300,1000,null,null,BR,null,null,null,null,null,null,28.77,KGEG 121753Z COR 01005KT 1 1/2SM BR SCT003 OVC010 01/01 A3034 RMK AO2 SFC VIS 2 RAE27 SLP293 4/001 P0000 60000 T00110006 10017 20011 53014,1
GEG,2023-12-12 18:53,35,33,92.32,10,4,0,30.33,1029.1,1.5,null,SCT,OVC,null,null,300,1000,null,null,BR,null,null,null,null,null,null,30.92,KGEG 121853Z 01004KT 1 1/2SM BR SCT003 OVC010 02/01 A3033 RMK AO2 SFC VIS 3 SLP291 T00170006,null
GEG,2023-12-12 19:53,36,33,88.73,360,4,T,30.33,1029,3,null,OVC,null,null,null,300,null,null,null,#NAME?,null,null,null,null,null,null,32.09,KGEG 121953Z 36004KT 3SM -DZ BR OVC003 02/01 A3033 RMK AO2 SFC VIS 4 DZB43 SLP290 P0000 T00220006,null
GEG,2023-12-12 20:53,36,33,88.73,360,5,T,30.34,1029.1,6,null,OVC,null,null,null,400,null,null,null,BR,null,null,null,null,null,null,31.15,KGEG 122053Z 36005KT 6SM BR OVC004 02/01 A3034 RMK AO2 DZE16 SLP291 P0000 60000 T00220006 55002,null
GEG,2023-12-12 21:15,36,33,88.73,10,6,0,30.34,null,7,null,BKN,OVC,null,null,500,2600,null,null,null,null,null,null,null,null,null,30.35,KGEG 122115Z 01006KT 7SM BKN005 OVC026 02/01 A3034 RMK AO2 T00220006,null
GEG,2023-12-12 21:38,36,33,88.73,20,5,0,30.33,null,10,null,SCT,OVC,null,null,500,2500,null,null,null,null,null,null,null,null,null,31.15,KGEG 122138Z 02005KT 10SM SCT005 OVC025 02/01 A3033 RMK AO2 T00220006,null
GEG,2023-12-12 21:53,37,34,88.78,40,4,0,30.32,1028.7,10,null,FEW,FEW,OVC,null,200,500,2500,null,null,null,null,null,null,null,null,33.26,KGEG 122153Z 04004KT 10SM FEW002 FEW005 OVC025 03/01 A3032 RMK AO2 SLP287 T00280011,null
GEG,2023-12-12 22:53,37,34,88.78,40,6,0,30.33,1028.8,10,null,FEW,FEW,OVC,null,200,500,2400,null,null,null,null,null,null,null,null,31.55,KGEG 122253Z 04006KT 10SM FEW002 FEW005 OVC024 03/01 A3033 RMK AO2 SLP288 T00280011,null
GEG,2023-12-12 23:53,36,33,88.73,20,4,0,30.34,1029.4,10,null,FEW,SCT,OVC,null,200,600,1800,null,null,null,null,null,null,null,null,32.09,KGEG 122353Z 02004KT 10SM FEW002 SCT006 OVC018 02/01 A3034 RMK AO2 SLP294 4/001 60000 T00220006 10028 20011 53003,1
GEG,2023-12-13 0:53,36,32,85.23,0,0,0,30.35,1029.6,10,null,SCT,OVC,null,null,600,1800,null,null,null,null,null,null,null,null,null,36,KGEG 130053Z 00000KT 10SM SCT006 OVC018 02/00 A3035 RMK AO2 SLP296 T00220000,null
GEG,2023-12-13 1:53,36,32,85.23,30,3,0,30.35,1029.7,10,null,FEW,OVC,null,null,500,1500,null,null,null,null,null,null,null,null,null,33.26,KGEG 130153Z 03003KT 10SM FEW005 OVC015 02/00 A3035 RMK AO2 SLP297 T00220000,null
GEG,2023-12-13 2:53,36,32,85.23,40,4,0,30.35,1029.8,10,null,FEW,OVC,null,null,500,1400,null,null,null,null,null,null,null,null,null,32.09,KGEG 130253Z 04004KT 10SM FEW005 OVC014 02/00 A3035 RMK AO2 SLP298 T00220000 51003,null
GEG,2023-12-13 3:53,36,32,85.23,70,6,0,30.35,1029.7,10,null,FEW,OVC,null,null,500,1900,null,null,null,null,null,null,null,null,null,30.35,KGEG 130353Z 07006KT 10SM FEW005 OVC019 02/00 A3035 RMK AO2 SLP297 T00220000,null
GEG,2023-12-13 4:53,35,32,88.68,40,5,0,30.35,1029.7,10,null,FEW,OVC,null,null,500,1900,null,null,null,null,null,null,null,null,null,29.96,KGEG 130453Z 04005KT 10SM FEW005 OVC019 02/00 A3035 RMK AO2 SLP297 T00170000,null
GEG,2023-12-13 5:53,35,32,88.68,30,5,0,30.36,1030,10,null,FEW,OVC,null,null,300,1900,null,null,null,null,null,null,null,null,null,29.96,KGEG 130553Z 03005KT 10SM FEW003 OVC019 02/00 A3036 RMK AO2 SLP300 4/001 T00170000 10022 20017 53002,1
GEG,2023-12-13 6:53,35,32,88.68,30,4,0,30.37,1030.3,10,null,FEW,OVC,null,null,300,1700,null,null,null,null,null,null,null,null,null,30.92,KGEG 130653Z 03004KT 10SM FEW003 OVC017 02/00 A3037 RMK AO2 SLP303 T00170000,null
GEG,2023-12-13 7:53,34,31,88.63,30,4,0,30.36,1030.1,10,null,FEW,OVC,null,null,300,1900,null,null,null,null,null,null,null,null,null,29.76,KGEG 130753Z 03004KT 10SM FEW003 OVC019 01/M01 A3036 RMK AO2 SLP301 T00111006 400280011,null
GEG,2023-12-13 8:53,34,31,88.63,80,5,0,30.35,1029.6,10,null,FEW,FEW,OVC,null,300,1400,1900,null,null,null,null,null,null,null,null,28.77,KGEG 130853Z 08005KT 10SM FEW003 FEW014 OVC019 01/M01 A3035 RMK AO2 SLP296 T00111006 58004,null
GEG,2023-12-13 9:53,34,31,88.63,40,3,0,30.35,1029.5,10,null,FEW,OVC,null,null,100,2000,null,null,null,null,null,null,null,null,null,30.97,KGEG 130953Z 04003KT 10SM FEW001 OVC020 01/M01 A3035 RMK AO2 SLP295 T00111006,null
GEG,2023-12-13 10:53,34,30,85.11,70,4,0,30.33,1029,10,null,FEW,BKN,null,null,200,2000,null,null,null,null,null,null,null,null,null,29.76,KGEG 131053Z 07004KT 10SM FEW002 BKN020 01/M01 A3033 RMK AO2 SLP290 T00111011,null
GEG,2023-12-13 11:53,32,28,84.98,60,7,0,30.32,1028.7,10,null,FEW,BKN,null,null,200,2000,null,null,null,null,null,null,null,null,null,24.78,KGEG 131153Z COR 06007KT 10SM FEW002 BKN020 00/M02 A3032 RMK AO2 4/001 SLP287 T00001022 10017 20000 58008,1
GEG,2023-12-13 12:53,32,29,88.53,0,0,0,30.33,1029.1,10,null,FEW,FEW,OVC,null,300,900,1800,null,null,null,null,null,null,null,null,32,KGEG 131253Z 00000KT 10SM FEW003 FEW009 OVC018 00/M02 A3033 RMK AO2 SLP291 T00001017,null
GEG,2023-12-13 13:53,32,28,84.98,60,3,0,30.33,1029.1,10,null,FEW,FEW,OVC,null,300,900,1800,null,null,null,null,null,null,null,null,28.69,KGEG 131353Z 06003KT 10SM FEW003 FEW009 OVC018 00/M02 A3033 RMK AO2 SLP291 T00001022,null
GEG,2023-12-13 14:53,31,29,92.19,80,4,0,30.32,1028.7,10,null,FEW,FEW,OVC,null,300,700,1700,null,null,null,null,null,null,null,null,26.25,KGEG 131453Z 08004KT 10SM FEW003 FEW007 OVC017 M01/M02 A3032 RMK AO2 SLP287 T10061017 58000,null
GEG,2023-12-13 15:37,31,28,88.48,0,0,0,30.32,null,10,null,FEW,FEW,OVC,null,300,700,1300,null,null,null,null,null,null,null,null,31,KGEG 131537Z 00000KT 10SM FEW003 FEW007 OVC013 M01/M02 A3032 RMK AO2 T10061022,null
GEG,2023-12-13 15:53,31,28,88.48,70,3,0,30.32,1028.9,10,null,FEW,FEW,OVC,null,300,700,1300,null,null,null,null,null,null,null,null,27.55,KGEG 131553Z 07003KT 10SM FEW003 FEW007 OVC013 M01/M02 A3032 RMK AO2 SLP289 T10061022,null
GEG,2023-12-13 16:53,32,28,84.98,80,5,0,30.33,1029.1,10,null,FEW,BKN,OVC,null,300,1000,1300,null,null,null,null,null,null,null,null,26.4,KGEG 131653Z 08005KT 10SM FEW003 BKN010 OVC013 00/M02 A3033 RMK AO2 SLP291 T00001022,null
GEG,2023-12-13 17:53,32,27,81.55,90,7,0,30.34,1029.3,10,null,FEW,BKN,OVC,null,300,1400,1900,null,null,null,null,null,null,null,null,24.78,KGEG 131753Z 09007KT 10SM FEW003 BKN014 OVC019 00/M03 A3034 RMK AO2 SLP293 T00001028 10000 21006 53006,null
GEG,2023-12-13 18:53,32,27,81.55,50,8,0,30.32,1028.6,10,null,FEW,OVC,null,null,300,1300,null,null,null,null,null,null,null,null,null,24.11,KGEG 131853Z 05008KT 10SM FEW003 OVC013 00/M03 A3032 RMK AO2 SLP286 T00001028,null
GEG,2023-12-13 19:53,32,28,84.98,50,7,0,30.3,1028.2,10,null,FEW,FEW,OVC,null,300,600,1400,null,null,null,null,null,null,null,null,24.78,KGEG 131953Z 05007KT 10SM FEW003 FEW006 OVC014 00/M02 A3030 RMK AO2 SLP282 T00001022,null
GEG,2023-12-13 20:53,34,28,78.43,50,7,0,30.27,1027.1,10,null,FEW,FEW,SCT,BKN,300,1300,8000,14000,null,null,null,null,null,null,null,27.22,KGEG 132053Z 05007KT 10SM FEW003 FEW013 SCT080 BKN140 BKN250 01/M02 A3027 RMK AO2 SLP271 T00111022 58020,null
GEG,2023-12-13 21:53,36,28,72.43,0,0,0,30.24,1025.9,10,null,FEW,FEW,FEW,BKN,300,8000,15000,25000,null,null,null,null,null,null,null,36,KGEG 132153Z 00000KT 10SM FEW003 FEW080 FEW150 BKN250 02/M02 A3024 RMK AO2 SLP259 T00221022,null
GEG,2023-12-13 22:53,36,28,72.43,60,5,0,30.24,1025.7,10,null,FEW,FEW,FEW,BKN,1200,8000,15000,25000,null,null,null,null,null,null,null,31.15,KGEG 132253Z 06005KT 10SM FEW012 FEW080 FEW150 BKN250 02/M02 A3024 RMK AO2 SLP257 T00221022,null
GEG,2023-12-13 23:53,34,28,78.43,20,3,0,30.23,1025.7,10,null,FEW,SCT,BKN,null,8000,15000,25000,null,null,null,null,null,null,null,null,30.97,KGEG 132353Z 02003KT 10SM FEW080 SCT150 BKN250 01/M02 A3023 RMK AO2 SLP257 T00111022 10022 20000 56014,null
GEG,2023-12-14 0:53,31,28,88.48,30,5,0,30.23,1025.8,10,null,FEW,SCT,null,null,5000,15000,null,null,null,null,null,null,null,null,null,25.21,KGEG 140053Z 03005KT 10SM FEW050 SCT150 M01/M02 A3023 RMK AO2 SLP258 T10061022,null
GEG,2023-12-14 1:53,30,27,88.44,40,4,0,30.22,1025.6,10,null,SCT,null,null,null,15000,null,null,null,null,null,null,null,null,null,null,25.08,KGEG 140153Z 04004KT 10SM SCT150 M01/M03 A3022 RMK AO2 SLP256 T10111028,null
GEG,2023-12-14 2:53,30,27,88.44,30,4,0,30.21,1025.3,10,null,FEW,SCT,null,null,15000,24000,null,null,null,null,null,null,null,null,null,25.08,KGEG 140253Z 03004KT 10SM FEW150 SCT240 M01/M03 A3021 RMK AO2 SLP253 T10111028 58005,null
GEG,2023-12-14 3:53,30,27,88.44,20,4,0,30.21,1025.2,10,null,BKN,null,null,null,23000,null,null,null,null,null,null,null,null,null,null,25.08,KGEG 140353Z 02004KT 10SM BKN230 M01/M03 A3021 RMK AO2 SLP252 T10111028,null
GEG,2023-12-14 4:53,30,27,88.44,10,5,0,30.19,1024.6,10,null,BKN,null,null,null,21000,null,null,null,null,null,null,null,null,null,null,24.02,KGEG 140453Z 01005KT 10SM BKN210 M01/M03 A3019 RMK AO2 SLP246 T10111028,null
GEG,2023-12-14 5:53,29,26,88.38,30,5,0,30.2,1024.8,10,null,BKN,null,null,null,23000,null,null,null,null,null,null,null,null,null,null,22.83,KGEG 140553Z 03005KT 10SM BKN230 M02/M03 A3020 RMK AO2 SLP248 T10171033 10011 21017 55005,null
GEG,2023-12-14 6:53,29,27,92.12,50,4,0,30.2,1024.9,10,null,SCT,BKN,null,null,18000,21000,null,null,null,null,null,null,null,null,null,23.92,KGEG 140653Z 05004KT 10SM SCT180 BKN210 M02/M03 A3020 RMK AO2 SLP249 T10171028,null
GEG,2023-12-14 7:53,28,26,92.08,50,6,0,30.19,1024.7,10,null,BKN,null,null,null,24000,null,null,null,null,null,null,null,null,null,null,20.71,KGEG 140753Z 05006KT 10SM BKN240 M02/M03 A3019 RMK AO2 SLP247 T10221033 400221022,null
GEG,2023-12-14 8:53,28,26,92.08,50,4,0,30.19,1024.4,10,null,BKN,null,null,null,21000,null,null,null,null,null,null,null,null,null,null,22.75,KGEG 140853Z 05004KT 10SM BKN210 M02/M03 A3019 RMK AO2 SLP244 T10221033 58003,null
GEG,2023-12-14 9:53,29,26,88.38,20,5,0,30.19,1024.3,10,null,FEW,BKN,null,null,1200,21000,null,null,null,null,null,null,null,null,null,22.83,KGEG 140953Z 02005KT 10SM FEW012 BKN210 M02/M03 A3019 RMK AO2 SLP243 T10171033,null
GEG,2023-12-14 10:53,29,26,88.38,50,6,0,30.19,1024.4,10,null,FEW,FEW,BKN,null,1400,15000,18000,null,null,null,null,null,null,null,null,21.92,KGEG 141053Z 05006KT 10SM FEW014 FEW150 BKN180 M02/M03 A3019 RMK AO2 SLP244 T10171033,null
GEG,2023-12-14 11:53,29,26,88.38,30,6,0,30.19,1024.5,10,null,FEW,BKN,BKN,null,500,16000,23000,null,null,null,null,null,null,null,null,21.92,KGEG 141153Z 03006KT 10SM FEW005 BKN160 BKN230 M02/M03 A3019 RMK AO2 SLP245 T10171033 11017 21022 52001,null
GEG,2023-12-14 12:53,30,26,84.85,70,8,0,30.18,1024.3,10,null,FEW,OVC,null,null,500,16000,null,null,null,null,null,null,null,null,null,21.65,KGEG 141253Z 07008KT 10SM FEW005 OVC160 M01/M03 A3018 RMK AO2 SLP243 T10111033,null
GEG,2023-12-14 13:53,29,26,88.38,60,7,0,30.19,1024.8,10,null,SCT,OVC,null,null,13000,14000,null,null,null,null,null,null,null,null,null,21.12,KGEG 141353Z 06007KT 10SM SCT130 OVC140 M02/M03 A3019 RMK AO2 SLP248 T10171033,null
GEG,2023-12-14 14:53,30,26,84.85,60,8,0,30.2,1025,10,null,SCT,BKN,OVC,null,10000,12000,18000,null,null,null,null,null,null,null,null,21.65,KGEG 141453Z 06008KT 10SM SCT100 BKN120 OVC180 M01/M03 A3020 RMK AO2 SLP250 T10111033 53002,null
GEG,2023-12-14 15:53,31,26,81.48,80,8,0,30.21,1025.1,10,null,SCT,BKN,OVC,null,9000,12000,17000,null,null,null,null,null,null,null,null,22.88,KGEG 141553Z 08008KT 10SM SCT090 BKN120 OVC170 M01/M03 A3021 RMK AO2 SLP251 VIRGA T10061033,null
GEG,2023-12-14 16:53,31,27,84.92,50,6,0,30.21,1025.1,10,null,FEW,SCT,BKN,OVC,5500,7000,14000,17000,null,null,null,null,null,null,null,24.33,KGEG 141653Z 05006KT 10SM FEW055 SCT070 BKN140 OVC170 M01/M03 A3021 RMK AO2 SLP251 VIRGA T10061028,null
GEG,2023-12-14 17:53,33,27,78.34,0,0,0,30.22,1025.5,10,null,FEW,BKN,OVC,null,4000,5500,9000,null,null,null,null,null,null,null,null,33,KGEG 141753Z 00000KT 10SM FEW040 BKN055 OVC090 01/M03 A3022 RMK AO2 SLP255 VIRGA T00061028 10006 21017 53006,null
GEG,2023-12-14 18:53,34,28,78.43,90,4,0,30.23,1025.9,10,null,FEW,SCT,BKN,null,4000,5500,9500,null,null,null,null,null,null,null,null,29.76,KGEG 141853Z 09004KT 10SM FEW040 SCT055 BKN095 01/M02 A3023 RMK AO2 SLP259 VIRGA T00111022,null
GEG,2023-12-14 19:53,35,28,75.36,70,5,0,30.23,1025.7,10,null,FEW,SCT,BKN,OVC,5500,9000,11000,15000,null,null,null,null,null,null,null,29.96,KGEG 141953Z 07005KT 10SM FEW055 SCT090 BKN110 OVC150 02/M02 A3023 RMK AO2 SLP257 VIRGA T00171022,null
GEG,2023-12-14 20:53,34,28,78.43,70,4,0,30.23,1025.7,10,null,BKN,OVC,null,null,7500,9000,null,null,null,null,null,null,null,null,null,29.76,KGEG 142053Z 07004KT 10SM BKN075 OVC090 01/M02 A3023 RMK AO2 SLP257 T00111022 50002,null
GEG,2023-12-14 21:53,35,29,78.51,70,3,0,30.23,1025.7,10,null,BKN,BKN,OVC,null,5500,7500,9000,null,null,null,null,null,null,null,null,32.12,KGEG 142153Z 07003KT 10SM BKN055 BKN075 OVC090 02/M02 A3023 RMK AO2 SLP257 VIRGA T00171017,null
GEG,2023-12-14 22:53,36,29,75.46,40,4,0,30.25,1026.4,10,null,SCT,BKN,OVC,null,5500,7500,10000,null,null,null,null,null,null,null,null,32.09,KGEG 142253Z 04004KT 10SM SCT055 BKN075 OVC100 02/M02 A3025 RMK AO2 SLP264 VIRGA T00221017,null
GEG,2023-12-14 23:53,35,29,78.51,80,5,0,30.26,1026.7,10,null,BKN,OVC,null,null,5500,7500,null,null,null,null,null,null,null,null,null,29.96,KGEG 142353Z 08005KT 10SM BKN055 OVC075 02/M02 A3026 RMK AO2 SLP267 T00171017 10022 20006 53010,null
GEG,2023-12-15 0:53,34,29,81.71,30,3,0,30.27,1027.3,10,null,BKN,OVC,null,null,5000,7500,null,null,null,null,null,null,null,null,null,30.97,KGEG 150053Z 03003KT 10SM BKN050 OVC075 01/M02 A3027 RMK AO2 SLP273 T00111017,null
GEG,2023-12-15 1:53,34,29,81.71,30,3,0,30.29,1027.9,10,null,BKN,OVC,null,null,4800,6500,null,null,null,null,null,null,null,null,null,30.97,KGEG 150153Z 03003KT 10SM BKN048 OVC065 01/M02 A3029 RMK AO2 SLP279 T00111017,null
GEG,2023-12-15 2:53,34,29,81.71,50,3,0,30.3,1028.3,10,null,BKN,null,null,null,4900,null,null,null,null,null,null,null,null,null,null,30.97,KGEG 150253Z 05003KT 10SM BKN049 01/M02 A3030 RMK AO2 SLP283 T00111017 51014,null
GEG,2023-12-15 3:53,34,29,81.71,80,4,0,30.3,1028.2,10,null,BKN,null,null,null,4600,null,null,null,null,null,null,null,null,null,null,29.76,KGEG 150353Z 08004KT 10SM BKN046 01/M02 A3030 RMK AO2 SLP282 T00111017,null
GEG,2023-12-15 4:53,34,29,81.71,40,5,0,30.32,1028.8,10,null,BKN,null,null,null,3600,null,null,null,null,null,null,null,null,null,null,28.77,KGEG 150453Z 04005KT 10SM BKN036 01/M02 A3032 RMK AO2 SLP288 T00111017,null
GEG,2023-12-15 5:53,34,29,81.71,20,4,0,30.36,1030.1,10,null,OVC,null,null,null,3200,null,null,null,null,null,null,null,null,null,null,29.76,KGEG 150553Z 02004KT 10SM OVC032 01/M02 A3036 RMK AO2 SLP301 T00111017 10017 20011 53018,null
GEG,2023-12-15 6:53,34,29,81.71,60,7,0,30.34,1029.5,10,null,OVC,null,null,null,3200,null,null,null,null,null,null,null,null,null,null,27.22,KGEG 150653Z 06007KT 10SM OVC032 01/M02 A3034 RMK AO2 SLP295 T00111017,null
GEG,2023-12-15 7:53,34,29,81.71,60,5,0,30.35,1029.5,10,null,OVC,null,null,null,3000,null,null,null,null,null,null,null,null,null,null,28.77,KGEG 150753Z 06005KT 10SM OVC030 01/M02 A3035 RMK AO2 SLP295 T00111017 400221022,null
GEG,2023-12-15 8:53,34,29,81.71,50,4,0,30.37,1030.5,10,null,BKN,null,null,null,3100,null,null,null,null,null,null,null,null,null,null,29.76,KGEG 150853Z 05004KT 10SM BKN031 01/M02 A3037 RMK AO2 SLP305 T00111017 53004,null
GEG,2023-12-15 9:53,34,29,81.71,40,4,0,30.38,1030.8,10,null,OVC,null,null,null,3100,null,null,null,null,null,null,null,null,null,null,29.76,KGEG 150953Z 04004KT 10SM OVC031 01/M02 A3038 RMK AO2 SLP308 T00111017,null
GEG,2023-12-15 10:53,34,29,81.71,50,9,0,30.38,1030.5,10,null,OVC,null,null,null,2800,null,null,null,null,null,null,null,null,null,null,26,KGEG 151053Z 05009KT 10SM OVC028 01/M02 A3038 RMK AO2 SLP305 T00111017,null
GEG,2023-12-15 11:39,33,29,85.04,40,4,0,30.39,null,10,null,OVC,null,null,null,3100,null,null,null,null,null,null,null,null,null,null,28.59,KGEG 151139Z 04004KT 10SM OVC031 01/M02 A3039 RMK AO2 T00061017,null
GEG,2023-12-15 11:53,33,29,85.04,50,5,0,30.39,1031,10,null,BKN,null,null,null,3500,null,null,null,null,null,null,null,null,null,null,27.58,KGEG 151153Z 05005KT 10SM BKN035 01/M02 A3039 RMK AO2 SLP310 T00061017 10011 20006 51004,null
GEG,2023-12-15 12:53,32,29,88.53,60,6,0,30.39,1031.2,10,null,BKN,BKN,null,null,3500,12000,null,null,null,null,null,null,null,null,null,25.53,KGEG 151253Z 06006KT 10SM BKN035 BKN120 00/M02 A3039 RMK AO2 SLP312 T00001017,null
GEG,2023-12-15 13:53,32,29,88.53,40,7,0,30.4,1031.7,10,null,BKN,null,null,null,3800,null,null,null,null,null,null,null,null,null,null,24.78,KGEG 151353Z 04007KT 10SM BKN038 00/M02 A3040 RMK AO2 SLP317 T00001017,null
GEG,2023-12-15 14:53,33,29,85.04,60,9,0,30.4,1031.4,10,null,BKN,BKN,null,null,3800,12000,null,null,null,null,null,null,null,null,null,24.76,KGEG 151453Z 06009KT 10SM BKN038 BKN120 01/M02 A3040 RMK AO2 SLP314 T00061017 50004,null
GEG,2023-12-15 15:53,33,29,85.04,70,11,0,30.4,1031.4,10,null,FEW,SCT,BKN,null,3800,12000,23000,null,null,null,null,null,null,null,null,23.73,KGEG 151553Z 07011KT 10SM FEW038 SCT120 BKN230 01/M02 A3040 RMK AO2 SLP314 T00061017,null
GEG,2023-12-15 16:53,33,29,85.04,70,10,0,30.41,1031.7,10,null,FEW,SCT,BKN,null,5000,12000,24000,null,null,null,null,null,null,null,null,24.22,KGEG 151653Z 07010KT 10SM FEW050 SCT120 BKN240 01/M02 A3041 RMK AO2 SLP317 T00061017,null
GEG,2023-12-15 17:53,35,29,78.51,60,11,0,30.41,1031.6,10,null,FEW,SCT,BKN,null,6500,12000,22000,null,null,null,null,null,null,null,null,26.26,KGEG 151753Z 06011KT 10SM FEW065 SCT120 BKN220 02/M02 A3041 RMK AO2 SLP316 T00171017 10017 20000 50002,null
GEG,2023-12-15 18:53,36,30,78.6,40,7,0,30.4,1031.4,10,null,FEW,BKN,BKN,null,3900,14000,22000,null,null,null,null,null,null,null,null,29.65,KGEG 151853Z 04007KT 10SM FEW039 BKN140 BKN220 02/M01 A3040 RMK AO2 SLP314 T00221011,null
GEG,2023-12-15 19:53,38,30,72.64,50,8,0,30.38,1030.6,10,null,FEW,BKN,BKN,null,5500,15000,22000,null,null,null,null,null,null,null,null,31.5,KGEG 151953Z 05008KT 10SM FEW055 BKN150 BKN220 03/M01 A3038 RMK AO2 SLP306 T00331011,null
GEG,2023-12-15 20:53,39,30,69.85,50,6,0,30.37,1030,10,null,FEW,BKN,BKN,null,5500,15000,22000,null,null,null,null,null,null,null,null,33.96,KGEG 152053Z 05006KT 10SM FEW055 BKN150 BKN220 04/M01 A3037 RMK AO2 SLP300 T00391011 58013 $,null
GEG,2023-12-15 21:53,40,31,69.97,30,6,0,30.36,1029.6,10,null,FEW,BKN,BKN,null,5000,15000,22000,null,null,null,null,null,null,null,null,35.17,KGEG 152153Z 03006KT 10SM FEW050 BKN150 BKN220 04/M01 A3036 RMK AO2 SLP296 T00441006 PNO $,null
GEG,2023-12-15 22:53,40,31,69.97,40,5,0,30.35,1029.4,10,null,FEW,BKN,BKN,null,5000,15000,22000,null,null,null,null,null,null,null,null,35.9,KGEG 152253Z 04005KT 10SM FEW050 BKN150 BKN220 04/M01 A3035 RMK AO2 SLP294 T00441006,null
GEG,2023-12-15 23:53,37,31,78.69,40,4,0,30.34,1029.2,10,null,SCT,BKN,null,null,15000,22000,null,null,null,null,null,null,null,null,null,33.26,KGEG 152353Z 04004KT 10SM SCT150 BKN220 03/M01 A3034 RMK AO2 SLP292 T00281006 10044 20017 58009,null
GEG,2023-12-16 0:53,36,30,78.6,70,4,0,30.33,1029.1,10,null,FEW,BKN,null,null,15000,22000,null,null,null,null,null,null,null,null,null,32.09,KGEG 160053Z 07004KT 10SM FEW150 BKN220 02/M01 A3033 RMK AO2 SLP291 T00221011,null
GEG,2023-12-16 1:53,35,29,78.51,90,3,0,30.33,1028.9,10,null,FEW,BKN,null,null,1100,22000,null,null,null,null,null,null,null,null,null,32.12,KGEG 160153Z 09003KT 10SM FEW011 BKN220 02/M02 A3033 RMK AO2 SLP289 HZ FEW011 T00171017,null
GEG,2023-12-16 2:53,34,29,81.71,130,3,0,30.31,1028.5,10,null,FEW,BKN,null,null,1100,22000,null,null,null,null,null,null,null,null,null,30.97,KGEG 160253Z 13003KT 10SM FEW011 BKN220 01/M02 A3031 RMK AO2 SLP285 HZ FEW011 T00111017 58007,null
GEG,2023-12-16 3:53,33,29,85.04,0,0,0,30.31,1028.5,10,null,BKN,null,null,null,22000,null,null,null,null,null,null,null,null,null,null,33,KGEG 160353Z 00000KT 10SM BKN220 01/M02 A3031 RMK AO2 SLP285 T00061017,null
GEG,2023-12-16 4:53,32,29,88.53,90,3,0,30.3,1028.2,10,null,BKN,null,null,null,22000,null,null,null,null,null,null,null,null,null,null,28.69,KGEG 160453Z 09003KT 10SM BKN220 00/M02 A3030 RMK AO2 SLP282 T00001017,null
GEG,2023-12-16 5:53,31,28,88.48,110,3,0,30.3,1028,10,null,FEW,BKN,null,null,1000,22000,null,null,null,null,null,null,null,null,null,27.55,KGEG 160553Z 11003KT 10SM FEW010 BKN220 M01/M02 A3030 RMK AO2 SLP280 HZ FEW010 T10061022 10028 21006 58005,null
GEG,2023-12-16 6:53,31,28,88.48,60,4,0,30.29,1027.6,10,null,FEW,BKN,null,null,1000,22000,null,null,null,null,null,null,null,null,null,26.25,KGEG 160653Z 06004KT 10SM FEW010 BKN220 M01/M02 A3029 RMK AO2 SLP276 HZ FEW010 T10061022,null
GEG,2023-12-16 7:53,30,28,92.15,0,0,0,30.27,1026.9,9,null,FEW,BKN,null,null,1000,22000,null,null,null,null,null,null,null,null,null,30,KGEG 160753Z 00000KT 9SM FEW010 BKN220 M01/M02 A3027 RMK AO2 SLP269 HZ FEW010 T10111022 400441011,null
GEG,2023-12-16 8:53,29,27,92.12,0,0,0,30.25,1026.3,7,null,FEW,BKN,null,null,1000,22000,null,null,null,null,null,null,null,null,null,29,KGEG 160853Z 00000KT 7SM FEW010 BKN220 M02/M03 A3025 RMK AO2 SLP263 HZ FEW010 T10171028 58015,null
GEG,2023-12-16 9:21,29,26,88.38,50,4,0,30.25,null,2,null,FEW,SCT,null,null,500,22000,null,null,BR,T,null,null,null,null,null,23.92,KGEG 160921Z COR 05004KT 2SM R21/1200VP6000FT BR FEW005 SCT220 M02/M03 A3025 RMK AO2 VIS N 1 I1000 T10171033,null
GEG,2023-12-16 9:30,28,26,92.08,50,3,0,30.25,null,0.25,null,BKN,null,null,null,500,null,null,null,FZFG,0.01,null,null,null,null,null,24.12,KGEG 160930Z 05003KT 1/4SM R21/1200V1600FT FZFG BKN005 M02/M03 A3025 RMK AO2 I1001 T10221033,null
GEG,2023-12-16 9:53,27,26,95.95,90,3,0,30.25,1026.2,0.25,null,BKN,null,null,null,300,null,null,null,FZFG,0.01,null,null,null,null,null,22.97,KGEG 160953Z 09003KT 1/4SM R21/1000V1400FT FZFG BKN003 M03/M03 A3025 RMK AO2 TWR VIS 4 SLP262 I1001 T10281033,null
GEG,2023-12-16 10:40,28,26,92.08,50,3,0,30.25,null,0.12,null,VV ,null,null,null,100,null,null,null,FZFG,0.02,null,null,null,null,null,24.12,KGEG 161040Z 05003KT 1/8SM R21/1000V1200FT FZFG VV001 M02/M03 A3025 RMK AO2 TWR VIS 4 I1002 T10221033,null
GEG,2023-12-16 10:53,28,26,92.08,40,3,0,30.25,1026.3,0.12,null,VV ,null,null,null,100,null,null,null,FZFG,0.02,null,null,null,null,null,24.12,KGEG 161053Z 04003KT 1/8SM R21/1200FT FZFG VV001 M02/M03 A3025 RMK AO2 TWR VIS 4 SLP263 I1002 T10221033,null
GEG,2023-12-16 11:53,28,27,95.97,110,3,0,30.24,1026,0.12,null,VV ,null,null,null,100,null,null,null,FZFG,0.02,null,0.05,null,null,null,24.12,KGEG 161153Z 11003KT 1/8SM R21/1000V1200FT FZFG VV001 M02/M03 A3024 RMK AO2 SLP260 7//// I1002 I6005 T10221028 10000 21028 58004,null
GEG,2023-12-16 12:53,28,26,92.08,0,0,0,30.23,1025.6,0.12,null,VV ,null,null,null,100,null,null,null,FZFG,0.01,null,null,null,null,null,28,KGEG 161253Z 00000KT 1/8SM R21/1200V1400FT FZFG VV001 M02/M03 A3023 RMK AO2 SLP256 I1001 T10221033,null
GEG,2023-12-16 13:53,28,26,92.08,40,4,0,30.22,1025.4,0.12,null,VV ,null,null,null,100,null,null,null,FZFG,0.02,null,null,null,null,null,22.75,KGEG 161353Z 04004KT 1/8SM R21/1200V1400FT FZFG VV001 M02/M03 A3022 RMK AO2 SLP254 I1002 T10221033,null
GEG,2023-12-16 14:53,30,27,88.44,50,4,0,30.21,1025.2,0.12,null,VV ,null,null,null,100,null,null,null,FZFG,0.01,0.04,null,null,null,null,25.08,KGEG 161453Z 05004KT 1/8SM R21/1200V1400FT FZFG VV001 M01/M03 A3021 RMK AO2 SLP252 I1001 I3004 T10111028 56008,null
GEG,2023-12-16 15:53,31,27,84.92,30,4,0,30.23,1025.9,0.12,null,VV ,null,null,null,100,null,null,null,FZFG,0.02,null,null,null,null,null,26.25,KGEG 161553Z 03004KT 1/8SM R21/0800V1000FT FZFG VV001 M01/M03 A3023 RMK AO2 SLP259 I1002 T10061028,null
GEG,2023-12-16 16:53,31,27,84.92,140,4,0,30.23,1025.7,0.12,null,VV ,null,null,null,100,null,null,null,FZFG,0.01,null,null,null,null,null,26.25,KGEG 161653Z 14004KT 1/8SM R21/0800V1600FT FZFG VV001 M01/M03 A3023 RMK AO2 SLP257 I1001 T10061028,null
GEG,2023-12-16 17:53,32,28,84.98,120,3,0,30.24,1026,0.12,null,VV ,null,null,null,200,null,null,null,FG,0.01,null,0.08,null,null,null,28.69,KGEG 161753Z 12003KT 1/8SM R21/0700V0800FT FG VV002 00/M02 A3024 RMK AO2 SLP260 I1001 I6008 T00001022 10000 21028 51007,null
GEG,2023-12-16 18:53,33,28,81.63,0,0,0,30.25,1026.3,0.12,null,VV ,null,null,null,200,null,null,null,FG,null,null,null,null,null,null,33,KGEG 161853Z 00000KT 1/8SM R21/0800V1000FT FG VV002 01/M02 A3025 RMK AO2 SLP263 T00061022,null
GEG,2023-12-16 19:41,34,29,81.71,null,3,0,30.22,null,0.12,null,BKN,OVC,null,null,200,20000,null,null,BR,null,null,null,null,null,null,30.97,KGEG 161941Z VRB03KT 1/8SM R21/1600V4000FT BR BKN002 OVC200 01/M02 A3022 RMK AO2 SFC VIS 3/4 VIS E-S 1/2 T00111017,null
GEG,2023-12-16 19:53,35,29,78.51,0,0,0,30.22,1025.4,0.12,null,OVC,null,null,null,200,null,null,null,BR,T,null,null,null,null,null,35,KGEG 161953Z 00000KT 1/8SM R21/2600VP6000FT BR OVC002 02/M02 A3022 RMK AO2 SFC VIS 3/4 SLP254 I1000 T00171017,null
GEG,2023-12-16 20:27,35,30,81.78,110,3,0,30.21,null,0.75,null,BKN,OVC,null,null,200,20000,null,null,BR,T,null,null,null,null,null,32.12,KGEG 162027Z 11003KT 3/4SM R21/P6000FT BR BKN002 OVC200 02/M01 A3021 RMK AO2 SFC VIS 1 1/2 VIS NE 3/4 I1000 T00171011,null
GEG,2023-12-16 20:46,35,30,81.78,170,5,0,30.2,null,5,null,SCT,BKN,null,null,200,20000,null,null,BR BCFG,T,null,null,null,null,null,29.96,KGEG 162046Z 17005KT 5SM BR BCFG SCT002 BKN200 02/M01 A3020 RMK AO2 VIS NW-N 2 1/2 I1000 T00171011,null
GEG,2023-12-16 20:53,35,31,85.17,null,null,0,30.2,1024.6,5,null,FEW,BKN,null,null,200,20000,null,null,BR BCFG,T,T,null,null,null,null,null,KGEG 162053Z 5SM BR BCFG FEW002 BKN200 02/M01 A3020 RMK AO2 SLP246 VIS NW-N 2 1/2 I1000 I3000 T00171006 58012,null
GEG,2023-12-16 20:56,35,31,85.17,160,4,0,30.19,null,5,null,FEW,BKN,null,null,200,20000,null,null,BR BCFG,null,null,null,null,null,null,30.92,KGEG 162056Z 16004KT 5SM BR BCFG FEW002 BKN200 02/M01 A3019 RMK AO2 VIS NW-N 2 1/2 T00171006,null
GEG,2023-12-16 21:21,33,30,88.58,360,6,0,30.19,null,5,null,BKN,BKN,null,null,400,20000,null,null,BR BCFG,null,null,null,null,null,null,26.73,KGEG 162121Z 36006KT 5SM BR BCFG BKN004 BKN200 01/M01 A3019 RMK AO2 VIS N-NE 2 1/2 T00061011,null
GEG,2023-12-16 21:53,33,31,92.25,340,3,0,30.2,1025,5,null,SCT,OVC,null,null,400,700,null,null,BR,null,null,null,null,null,null,29.83,KGEG 162153Z 34003KT 5SM BR SCT004 OVC007 01/M01 A3020 RMK AO2 SLP250 T00061006,null
GEG,2023-12-16 22:53,33,31,92.25,120,4,0,30.2,1025,5,null,SCT,BKN,OVC,null,700,1000,20000,null,BR BCFG,null,null,null,null,null,null,28.59,KGEG 162253Z 12004KT 5SM BR BCFG SCT007 BKN010 OVC200 01/M01 A3020 RMK AO2 SLP250 VIS NW-NE 2 1/2 T00061006,null
GEG,2023-12-16 23:53,34,30,85.11,240,4,0,30.21,1025.1,5,null,FEW,BKN,OVC,null,700,1000,20000,null,BR,null,null,T,null,null,null,29.76,KGEG 162353Z 24004KT 5SM BR FEW007 BKN010 OVC200 01/M01 A3021 RMK AO2 SLP251 I6000 T00111011 10017 20000 52003,null
GEG,2023-12-17 0:53,33,30,88.58,0,0,0,30.21,1025.3,5,null,FEW,OVC,null,null,400,900,null,null,BR,null,null,null,null,null,null,33,KGEG 170053Z 00000KT 5SM BR FEW004 OVC009 01/M01 A3021 RMK AO2 SLP253 T00061011,null
GEG,2023-12-17 1:53,32,30,92.22,80,3,0,30.23,1026,5,null,FEW,OVC,null,null,400,900,null,null,BR BCFG,null,null,null,null,null,null,28.69,KGEG 170153Z 08003KT 5SM BR BCFG FEW004 OVC009 00/M01 A3023 RMK AO2 SLP260 VIS NW-NE 1 1/2 T00001011,null
GEG,2023-12-17 2:53,33,30,88.58,0,0,0,30.24,1026.1,5,null,FEW,OVC,null,null,400,900,null,null,BR BCFG,null,null,null,null,null,null,33,KGEG 170253Z 00000KT 5SM BR BCFG FEW004 OVC009 01/M01 A3024 RMK AO2 SLP261 VIS NW-NE-E 2 T00061011 53010,null
GEG,2023-12-17 3:49,33.8,28.4,80.36,null,3,0,30.25,null,5,null,FEW,OVC,null,null,400,1000,null,null,BR,null,null,null,null,null,null,30.75,KGEG 170349Z VRB03KT 5SM BR FEW004 OVC010 01/M02 A3025 RMK AO2,null
GEG,2023-12-17 3:53,33,29,85.04,260,3,0,30.25,1026.4,5,null,FEW,OVC,null,null,400,1000,null,null,BR,null,null,null,null,null,null,29.83,KGEG 170353Z 26003KT 5SM BR FEW004 OVC010 01/M02 A3025 RMK AO2 SLP264 T00061017,null
GEG,2023-12-17 4:53,33,29,85.04,0,0,0,30.26,1026.7,8,null,OVC,null,null,null,1000,null,null,null,null,null,null,null,null,null,null,33,KGEG 170453Z 00000KT 8SM OVC010 01/M02 A3026 RMK AO2 SLP267 T00061017,null
GEG,2023-12-17 5:53,32,29,88.53,0,0,0,30.27,1027.2,10,null,OVC,null,null,null,1000,null,null,null,null,null,null,null,null,null,null,32,KGEG 170553Z 00000KT 10SM OVC010 00/M02 A3027 RMK AO2 SLP272 T00001017 10011 20000 53010,null
GEG,2023-12-17 6:53,32,28,84.98,160,3,0,30.27,1027,10,null,BKN,null,null,null,1000,null,null,null,null,null,null,null,null,null,null,28.69,KGEG 170653Z 16003KT 10SM BKN010 00/M02 A3027 RMK AO2 SLP270 T00001022,null
GEG,2023-12-17 7:53,32,29,88.53,0,0,0,30.28,1027.3,10,null,BKN,null,null,null,1000,null,null,null,null,null,null,null,null,null,null,32,KGEG 170753Z 00000KT 10SM BKN010 00/M02 A3028 RMK AO2 SLP273 T00001017 400171028,null
GEG,2023-12-17 8:03,32,29,88.53,0,0,0,30.28,null,10,null,OVC,null,null,null,800,null,null,null,null,null,null,null,null,null,null,32,KGEG 170803Z 00000KT 10SM OVC008 00/M02 A3028 RMK AO2 T00001017,null
GEG,2023-12-17 8:53,32,28,84.98,0,0,0,30.29,1027.6,10,null,OVC,null,null,null,800,null,null,null,null,null,null,null,null,null,null,32,KGEG 170853Z 00000KT 10SM OVC008 00/M02 A3029 RMK AO2 SLP276 T00001022 53005,null
GEG,2023-12-17 9:53,32,29,88.53,240,3,0,30.29,1027.9,10,null,OVC,null,null,null,700,null,null,null,null,null,null,null,null,null,null,28.69,KGEG 170953Z 24003KT 10SM OVC007 00/M02 A3029 RMK AO2 SLP279 T00001017,null
GEG,2023-12-17 10:53,32,29,88.53,0,0,0,30.3,1028.2,7,null,OVC,null,null,null,700,null,null,null,null,null,null,null,null,null,null,32,KGEG 171053Z 00000KT 7SM OVC007 00/M02 A3030 RMK AO2 SLP282 T00001017,null
GEG,2023-12-17 11:53,32,30,92.22,40,5,0,30.31,1028.4,5,null,FEW,OVC,null,null,300,700,null,null,BR,null,null,null,null,null,null,26.4,KGEG 171153Z 04005KT 5SM BR FEW003 OVC007 00/M01 A3031 RMK AO2 SLP284 T00001011 10006 20000 53006,null
GEG,2023-12-17 12:09,32,30,92.22,50,5,0,30.31,null,1,null,SCT,OVC,null,null,300,500,null,null,BR,null,null,null,null,null,null,26.4,KGEG 171209Z 05005KT 1SM R21/P6000FT BR SCT003 OVC005 00/M01 A3031 RMK AO2 SFC VIS 5 T00001011,null
GEG,2023-12-17 12:16,32,30,92.22,50,4,0,30.31,null,0.5,null,BKN,OVC,null,null,300,500,null,null,BR,null,null,null,null,null,null,27.42,KGEG 171216Z 05004KT 1/2SM R21/P6000FT BR BKN003 OVC005 00/M01 A3031 RMK AO2 SFC VIS 5 T00001011,null
GEG,2023-12-17 12:53,32,30,92.22,50,3,0,30.31,1028.3,0.5,null,BKN,OVC,null,null,300,1100,null,null,BR,null,null,null,null,null,null,28.69,KGEG 171253Z 05003KT 1/2SM R21/P6000FT BR BKN003 OVC011 00/M01 A3031 RMK AO2 SFC VIS 2 SLP283 T00001011,null
GEG,2023-12-17 13:09,32,30,92.22,50,5,0,30.31,null,1,null,SCT,OVC,null,null,300,700,null,null,BR,null,null,null,null,null,null,26.4,KGEG 171309Z 05005KT 1SM R21/P6000FT BR SCT003 OVC007 00/M01 A3031 RMK AO2 SFC VIS 2 T00001011,null
GEG,2023-12-17 13:53,32,30,92.22,40,4,0,30.32,1029,0.5,null,BKN,OVC,null,null,300,700,null,null,BR,null,null,null,null,null,null,27.42,KGEG 171353Z 04004KT 1/2SM R21/P6000FT BR BKN003 OVC007 00/M01 A3032 RMK AO2 SFC VIS 2 SLP290 T00001011,null
GEG,2023-12-17 14:53,32,30,92.22,40,4,0,30.32,1028.7,0.5,null,BKN,OVC,null,null,300,800,null,null,BR,null,null,null,null,null,null,27.42,KGEG 171453Z COR 04004KT 1/2SM R21/P6000FT BR BKN003 OVC008 00/M01 A3032 RMK AO2 SFC VIS 2 SLP287 T00001011 52003,null
GEG,2023-12-17 14:57,32,30,92.22,50,5,0,30.32,null,1,null,BKN,OVC,null,null,300,800,null,null,BR,null,null,null,null,null,null,26.4,KGEG 171457Z 05005KT 1SM R21/P6000FT BR BKN003 OVC008 00/M01 A3032 RMK AO2 SFC VIS 2 T00001011,null
GEG,2023-12-17 15:53,32,29,88.53,50,6,0,30.32,1028.9,2,null,SCT,OVC,null,null,300,600,null,null,BR BCFG,null,null,null,null,null,null,25.53,KGEG 171553Z 05006KT 2SM BR BCFG SCT003 OVC006 00/M02 A3032 RMK AO2 SFC VIS 4 SLP289 VIS NW-NE 2 T00001017,null
GEG,2023-12-17 16:53,32,28,84.98,60,8,0,30.32,1028.9,2,null,FEW,OVC,null,null,300,600,null,null,BR,null,null,null,null,null,null,24.11,KGEG 171653Z 06008KT 2SM BR FEW003 OVC006 00/M02 A3032 RMK AO2 SFC VIS 5 SLP289 T00001022,null
GEG,2023-12-17 17:25,32,28,84.98,50,9,0,30.33,null,5,null,OVC,null,null,null,700,null,null,null,BR,null,null,null,null,null,null,23.51,KGEG 171725Z 05009KT 5SM BR OVC007 00/M02 A3033 RMK AO2 T00001022,null
GEG,2023-12-17 17:53,32,29,88.53,70,6,0,30.34,1029.7,5,null,OVC,null,null,null,700,null,null,null,BR,null,null,null,null,null,null,25.53,KGEG 171753Z 07006KT 5SM BR OVC007 00/M02 A3034 RMK AO2 SLP297 T00001017 10000 20000 53007,null
GEG,2023-12-17 18:53,33,29,85.04,40,8,0,30.32,1029,6,null,BKN,BKN,null,null,700,10000,null,null,BR,null,null,null,null,null,null,25.34,KGEG 171853Z 04008KT 6SM BR BKN007 BKN100 01/M02 A3032 RMK AO2 SLP290 T00061017,null
GEG,2023-12-17 19:53,34,29,81.71,50,8,0,30.31,1028.3,7,null,BKN,OVC,null,null,800,6000,null,null,null,null,null,null,null,null,null,26.58,KGEG 171953Z 05008KT 7SM BKN008 OVC060 01/M02 A3031 RMK AO2 SLP283 T00111017,null
GEG,2023-12-17 20:53,34,30,85.11,50,8,0,30.28,1027.4,6,null,BKN,OVC,null,null,700,6000,null,null,BR,null,null,null,null,null,null,26.58,KGEG 172053Z 05008KT 6SM BR BKN007 OVC060 01/M01 A3028 RMK AO2 SLP274 T00111011 58019,null
GEG,2023-12-17 21:25,34,30,85.11,40,5,0,30.27,null,7,null,SCT,BKN,OVC,null,700,6000,11000,null,null,null,null,null,null,null,null,28.77,KGEG 172125Z 04005KT 7SM SCT007 BKN060 OVC110 01/M01 A3027 RMK AO2 T00111011,null
GEG,2023-12-17 21:53,34,30,85.11,70,7,0,30.26,1026.6,8,null,FEW,BKN,BKN,null,700,11000,20000,null,null,null,null,null,null,null,null,27.22,KGEG 172153Z 07007KT 8SM FEW007 BKN110 BKN200 01/M01 A3026 RMK AO2 SLP266 T00111011,null
GEG,2023-12-17 22:41,34,30,85.11,30,9,0,30.24,null,8,null,BKN,BKN,BKN,null,800,11000,20000,null,null,null,null,null,null,null,null,26,KGEG 172241Z 03009KT 8SM BKN008 BKN110 BKN200 01/M01 A3024 RMK AO2 T00111011,null
GEG,2023-12-17 22:53,34,30,85.11,50,7,0,30.24,1026.1,8,null,BKN,BKN,BKN,null,800,11000,20000,null,null,null,null,null,null,null,null,27.22,KGEG 172253Z 05007KT 8SM BKN008 BKN110 BKN200 01/M01 A3024 RMK AO2 SLP261 T00111011,null
GEG,2023-12-17 23:44,33,29,85.04,50,7,0,30.24,null,9,null,SCT,SCT,BKN,null,800,11000,20000,null,null,null,null,null,null,null,null,26,KGEG 172344Z 05007KT 9SM SCT008 SCT110 BKN200 01/M02 A3024 RMK AO2 T00061017,null
GEG,2023-12-17 23:53,33,29,85.04,50,7,0,30.23,1025.9,9,null,FEW,FEW,BKN,null,800,11000,20000,null,null,null,null,null,null,null,null,26,KGEG 172353Z 05007KT 9SM FEW008 FEW110 BKN200 01/M02 A3023 RMK AO2 SLP259 T00061017 10017 20000 56014,null
GEG,2023-12-18 0:53,32,29,88.53,30,5,0,30.23,1025.8,9,null,FEW,FEW,BKN,null,800,11000,20000,null,null,null,null,null,null,null,null,26.4,KGEG 180053Z 03005KT 9SM FEW008 FEW110 BKN200 00/M02 A3023 RMK AO2 SLP258 T00001017,null
GEG,2023-12-18 1:53,31,29,92.19,50,6,0,30.2,1024.8,7,null,SCT,BKN,null,null,400,20000,null,null,null,null,null,null,null,null,null,24.33,KGEG 180153Z 05006KT 7SM SCT004 BKN200 M01/M02 A3020 RMK AO2 SLP248 T10061017,null
GEG,2023-12-18 2:21,31,29,92.19,40,5,0,30.2,null,8,null,BKN,BKN,null,null,600,20000,null,null,null,null,null,null,null,null,null,25.21,KGEG 180221Z 04005KT 8SM BKN006 BKN200 M01/M02 A3020 RMK AO2 T10061017,null
GEG,2023-12-18 2:53,32,29,88.53,50,7,0,30.18,1024.2,8,null,OVC,null,null,null,400,null,null,null,null,null,null,null,null,null,null,24.78,KGEG 180253Z 05007KT 8SM OVC004 00/M02 A3018 RMK AO2 SLP242 T00001017 58016,null
GEG,2023-12-18 3:11,31,29,92.19,50,8,0,30.18,null,1.5,null,OVC,null,null,null,400,null,null,null,BR,null,null,null,null,null,null,22.88,KGEG 180311Z 05008KT 1 1/2SM BR OVC004 M01/M02 A3018 RMK AO2 SFC VIS 6 T10061017,null
GEG,2023-12-18 3:25,31,29,92.19,50,9,0,30.17,null,0.5,null,OVC,null,null,null,300,null,null,null,BR,null,null,null,null,null,null,22.27,KGEG 180325Z 05009KT 1/2SM R21/P6000FT BR OVC003 M01/M02 A3017 RMK AO2 SFC VIS 6 T10061017,null
GEG,2023-12-18 3:53,31,29,92.19,50,6,0,30.17,1023.8,0.5,null,OVC,null,null,null,300,null,null,null,BR,null,null,null,null,null,null,24.33,KGEG 180353Z 05006KT 1/2SM R21/P6000FT BR OVC003 M01/M02 A3017 RMK AO2 SFC VIS 6 SLP238 T10061017,null
GEG,2023-12-18 4:53,31,29,92.19,50,8,0,30.14,1022.8,0.5,null,OVC,null,null,null,200,null,null,null,BR,null,null,null,null,null,null,22.88,KGEG 180453Z 05008KT 1/2SM R21/5000VP6000FT BR OVC002 M01/M02 A3014 RMK AO2 SFC VIS 1 1/4 SLP228 T10061017,null
GEG,2023-12-18 5:53,30,29,96,60,8,0,30.13,1022.6,0.5,null,VV ,null,null,null,200,null,null,null,BR,null,null,null,null,null,null,21.65,KGEG 180553Z 06008KT 1/2SM R21/3000V5500FT BR VV002 M01/M02 A3013 RMK AO2 SFC VIS 3/4 SLP226 T10111017 10006 21011 56015,null
GEG,2023-12-18 6:53,30,29,96,50,6,0,30.12,1022.1,0.5,null,VV ,null,null,null,200,null,null,null,BR,null,null,null,null,null,null,23.12,KGEG 180653Z 05006KT 1/2SM R21/2600V5000FT BR VV002 M01/M02 A3012 RMK AO2 SFC VIS 3/4 SLP221 T10111017,null
GEG,2023-12-18 7:53,30,28,92.15,60,9,0,30.09,1021.1,0.5,null,VV ,null,null,null,200,null,null,null,FZFG,T,null,null,null,null,null,21.03,KGEG 180753Z 06009KT 1/2SM R21/3500V5500FT FZFG VV002 M01/M02 A3009 RMK AO2 SLP211 VIS NW-N 3/4 I1000 T10111022 400171011,null
GEG,2023-12-18 8:53,30,29,96,50,8,0,30.05,1019.7,0.25,null,VV ,null,null,null,200,null,null,null,FZFG,T,T,null,null,null,null,21.65,KGEG 180853Z 05008KT 1/4SM R21/2800V3500FT FZFG VV002 M01/M02 A3005 RMK AO2 TWR VIS 1/2 SLP197 I1000 I3000 T10111017 58025,null
GEG,2023-12-18 9:35,30,29,96,40,6,0,30.05,null,0.5,null,VV ,null,null,null,200,null,null,null,FZFG,T,null,null,null,null,null,23.12,KGEG 180935Z 04006KT 1/2SM R21/4000VP6000FT FZFG VV002 M01/M02 A3005 RMK AO2 I1000 T10111017,null
GEG,2023-12-18 9:53,30,29,96,40,6,0,30.04,1019.2,0.5,null,VV ,null,null,null,200,null,null,null,FZFG,T,null,null,null,null,null,23.12,KGEG 180953Z 04006KT 1/2SM R21/4500VP6000FT FZFG VV002 M01/M02 A3004 RMK AO2 SLP192 I1000 T10111017,null
GEG,2023-12-18 10:20,30,28,92.15,40,7,0,30.03,null,0.5,null,VV ,null,null,null,100,null,null,null,FZFG,null,null,null,null,null,null,22.34,KGEG 181020Z 04007KT 1/2SM R21/P6000FT FZFG VV001 M01/M02 A3003 RMK AO2 T10111022,null
GEG,2023-12-18 10:53,30,28,92.15,40,6,0,30.02,1018.5,0.5,null,OVC,null,null,null,200,null,null,null,BR,null,null,null,null,null,null,23.12,KGEG 181053Z 04006KT 1/2SM R21/P6000FT BR OVC002 M01/M02 A3002 RMK AO2 SFC VIS 1 1/2 SLP185 T10111022,null
GEG,2023-12-18 11:53,30,28,92.15,10,5,0,30,1017.9,0.5,null,FEW,BKN,OVC,null,200,300,400,null,BR,null,null,T,null,null,null,24.02,KGEG 181153Z 01005KT 1/2SM R21/P6000FT BR FEW002 BKN003 OVC004 M01/M02 A3000 RMK AO2 SFC VIS 3 SLP179 I6000 T10111022 11011 21011 58017,null
GEG,2023-12-18 12:37,30,29,96,10,4,0,29.99,null,0.5,null,FEW,SCT,OVC,null,200,400,500,null,BR,null,null,null,null,null,null,25.08,KGEG 181237Z 01004KT 1/2SM R21/P6000FT BR FEW002 SCT004 OVC005 M01/M02 A2999 RMK AO2 SFC VIS 3 T10111017,null
GEG,2023-12-18 12:53,30,29,96,20,7,0,29.98,1017.2,0.5,null,FEW,SCT,OVC,null,200,400,500,null,BR,null,null,null,null,null,null,22.34,KGEG 181253Z 02007KT 1/2SM R21/P6000FT BR FEW002 SCT004 OVC005 M01/M02 A2998 RMK AO2 SFC VIS 3 SLP172 T10111017,null
GEG,2023-12-18 13:12,30,29,96,30,5,0,29.97,null,2,null,FEW,BKN,OVC,null,200,500,13000,null,BR,null,null,null,null,null,null,24.02,KGEG 181312Z 03005KT 2SM BR FEW002 BKN005 OVC130 M01/M02 A2997 RMK AO2 SFC VIS 3 T10111017,null
GEG,2023-12-18 13:53,30,29,96,0,0,0,29.97,1016.9,2,null,FEW,BKN,OVC,null,200,500,13000,null,BR,null,null,null,null,null,null,30,KGEG 181353Z 00000KT 2SM BR FEW002 BKN005 OVC130 M01/M02 A2997 RMK AO2 SFC VIS 3 SLP169 T10111017,null
GEG,2023-12-18 14:20,30,28,92.15,40,4,0,29.96,null,2,null,FEW,BKN,OVC,null,200,400,14000,null,BR,null,null,null,null,null,null,25.08,KGEG 181420Z 04004KT 2SM BR FEW002 BKN004 OVC140 M01/M02 A2996 RMK AO2 SFC VIS 3 T10111022,null
GEG,2023-12-18 14:53,30,28,92.15,0,0,0,29.95,1016.3,5,null,FEW,BKN,OVC,null,200,400,14000,null,BR,null,null,null,null,null,null,30,KGEG 181453Z 00000KT 5SM BR FEW002 BKN004 OVC140 M01/M02 A2995 RMK AO2 SLP163 T10111022 56016,null
GEG,2023-12-18 15:53,30,28,92.15,90,4,0,29.94,1015.7,6,null,FEW,BKN,OVC,null,200,400,14000,null,BR,null,null,null,null,null,null,25.08,KGEG 181553Z 09004KT 6SM BR FEW002 BKN004 OVC140 M01/M02 A2994 RMK AO2 SLP157 T10111022,null
GEG,2023-12-18 16:30,30,28,92.15,40,8,0,29.92,null,0.5,null,FEW,OVC,null,null,200,300,null,null,BR,null,null,null,null,null,null,21.65,KGEG 181630Z 04008KT 1/2SM R21/P6000FT BR FEW002 OVC003 M01/M02 A2992 RMK AO2 SFC VIS 1 1/2 T10111022,null
GEG,2023-12-18 16:53,30,29,96,100,4,0,29.93,1015.6,0.5,null,FEW,OVC,null,null,200,300,null,null,BR,null,null,null,null,null,null,25.08,KGEG 181653Z 10004KT 1/2SM R21/P6000FT BR FEW002 OVC003 M01/M02 A2993 RMK AO2 SFC VIS 1 1/2 SLP156 T10111017,null
GEG,2023-12-18 17:53,31,29,92.19,90,5,0,29.91,1015,1.5,null,FEW,OVC,null,null,200,400,null,null,BR,null,null,null,null,null,null,25.21,KGEG 181753Z 09005KT 1 1/2SM BR FEW002 OVC004 M01/M02 A2991 RMK AO2 SFC VIS 3 SLP150 T10061017 11006 21011 58012,null
GEG,2023-12-18 18:49,33.8,30.2,86.49,80,4,0,29.9,null,7,null,FEW,SCT,OVC,null,200,400,7000,null,null,null,null,null,null,null,null,29.52,KGEG 181849Z 08004KT 7SM FEW002 SCT004 OVC070 01/M01 A2990 RMK AO2,null
GEG,2023-12-18 18:53,33,30,88.58,120,3,0,29.9,1014.4,6,null,FEW,SCT,OVC,null,200,400,7000,null,BR,null,null,null,null,null,null,29.83,KGEG 181853Z 12003KT 6SM BR FEW002 SCT004 OVC070 01/M01 A2990 RMK AO2 SLP144 T00061011,null
GEG,2023-12-18 19:53,36,30,78.6,60,4,0,29.86,1013.1,10,null,FEW,BKN,BKN,null,400,7000,15000,null,null,null,null,null,null,null,null,32.09,KGEG 181953Z 06004KT 10SM FEW004 BKN070 BKN150 02/M01 A2986 RMK AO2 SLP131 T00221011,null
GEG,2023-12-18 20:53,37,30,75.56,50,4,0,29.84,1012.3,10,null,FEW,FEW,SCT,BKN,400,7000,15000,22000,null,null,null,null,null,null,null,33.26,KGEG 182053Z 05004KT 10SM FEW004 FEW070 SCT150 BKN220 03/M01 A2984 RMK AO2 SLP123 T00281011 58018,null
GEG,2023-12-18 21:53,38,31,75.65,40,7,0,29.82,1011.3,10,null,FEW,BKN,BKN,null,7000,20000,25000,null,null,null,null,null,null,null,null,32.09,KGEG 182153Z 04007KT 10SM FEW070 BKN200 BKN250 03/M01 A2982 RMK AO2 SLP113 T00331006,null
GEG,2023-12-18 22:53,36,30,78.6,40,7,0,29.82,1011.4,10,null,BKN,BKN,null,null,6000,20000,null,null,null,null,null,null,null,null,null,29.65,KGEG 182253Z 04007KT 10SM BKN060 BKN200 02/M01 A2982 RMK AO2 SLP114 T00221011,null
GEG,2023-12-18 23:53,35,30,81.78,50,4,0,29.81,1011.2,10,null,BKN,BKN,null,null,5500,20000,null,null,null,null,null,null,null,null,null,30.92,KGEG 182353Z 05004KT 10SM BKN055 BKN200 02/M01 A2981 RMK AO2 SLP112 T00171011 10033 21006 56010,null
GEG,2023-12-19 0:53,35,29,78.51,40,5,0,29.8,1010.7,10,null,BKN,BKN,null,null,5500,20000,null,null,null,null,null,null,null,null,null,29.96,KGEG 190053Z 04005KT 10SM BKN055 BKN200 02/M02 A2980 RMK AO2 SLP107 T00171017,null
GEG,2023-12-19 1:53,35,30,81.78,40,6,0,29.78,1010,10,null,OVC,null,null,null,5500,null,null,null,null,null,null,null,null,null,null,29.14,KGEG 190153Z 04006KT 10SM OVC055 02/M01 A2978 RMK AO2 SLP100 T00171011,null
GEG,2023-12-19 2:53,35,30,81.78,40,5,0,29.77,1009.8,10,null,OVC,null,null,null,6000,null,null,null,null,null,null,null,null,null,null,29.96,KGEG 190253Z 04005KT 10SM OVC060 02/M01 A2977 RMK AO2 SLP098 T00171011 56013,null
GEG,2023-12-19 3:53,35,30,81.78,40,5,0,29.77,1009.9,10,null,OVC,null,null,null,6000,null,null,null,null,null,null,null,null,null,null,29.96,KGEG 190353Z 04005KT 10SM OVC060 02/M01 A2977 RMK AO2 SLP099 T00171011,null
GEG,2023-12-19 4:53,35,30,81.78,40,4,T,29.77,1009.8,10,null,FEW,OVC,null,null,4800,7000,null,null,#NAME?,null,null,null,null,null,null,30.92,KGEG 190453Z 04004KT 10SM -RA FEW048 OVC070 02/M01 A2977 RMK AO2 RAB46 SLP098 P0000 T00171011,null
GEG,2023-12-19 5:53,34,31,88.63,50,4,0.04,29.77,1010,6,null,BKN,OVC,null,null,2800,4500,null,null,#NAME?,null,null,null,null,null,null,29.76,KGEG 190553Z 05004KT 6SM -RA BR BKN028 OVC045 01/M01 A2977 RMK AO2 SLP100 P0004 60004 T00111006 10017 20011 53002,null
GEG,2023-12-19 6:53,34,32,92.29,60,6,0.06,29.77,1009.8,8,null,BKN,OVC,null,null,2500,4000,null,null,#NAME?,null,null,null,null,null,null,27.94,KGEG 190653Z 06006KT 8SM -RA BKN025 OVC040 01/00 A2977 RMK AO2 SLP098 P0006 T00110000,null
GEG,2023-12-19 7:37,34,32,92.29,70,8,0.01,29.76,null,9,null,FEW,FEW,OVC,null,1000,4500,6500,null,#NAME?,null,null,null,null,null,null,26.58,KGEG 190737Z 07008KT 9SM -RA FEW010 FEW045 OVC065 01/00 A2976 RMK AO2 P0001 T00110000,null
GEG,2023-12-19 7:53,34,32,92.29,60,8,0.01,29.75,1009.1,9,null,SCT,BKN,OVC,null,1400,3100,6500,null,#NAME?,null,null,null,null,null,null,26.58,KGEG 190753Z 06008KT 9SM -RA SCT014 BKN031 OVC065 01/00 A2975 RMK AO2 SLP091 P0001 T00110000 400331011,null
GEG,2023-12-19 8:08,34,32,92.29,60,8,T,29.75,null,6,null,FEW,BKN,OVC,null,500,1300,2800,null,#NAME?,null,null,null,null,null,null,26.58,KGEG 190808Z 06008KT 6SM -RA BR FEW005 BKN013 OVC028 01/00 A2975 RMK AO2 P0000 T00110000,null
GEG,2023-12-19 8:53,34,32,92.29,50,7,T,29.75,1008.8,7,null,FEW,BKN,OVC,null,500,1300,2800,null,#NAME?,null,null,null,null,null,null,27.22,KGEG 190853Z 05007KT 7SM -DZ FEW005 BKN013 OVC028 01/00 A2975 RMK AO2 RAE51DZB51 SLP088 P0000 60007 T00110000 58008,null
GEG,2023-12-19 9:06,34,32,92.29,50,8,T,29.75,null,2,null,FEW,FEW,OVC,null,100,500,1300,null,#NAME?,null,null,null,null,null,null,26.58,KGEG 190906Z 05008KT 2SM -DZ BR FEW001 FEW005 OVC013 01/00 A2975 RMK AO2 P0000 T00110000,null
GEG,2023-12-19 9:39,34,32,92.29,40,7,T,29.74,null,0.5,null,SCT,BKN,OVC,null,100,300,1100,null,#NAME?,null,null,null,null,null,null,27.22,KGEG 190939Z 04007KT 1/2SM R21/P6000FT -DZ BR SCT001 BKN003 OVC011 01/00 A2974 RMK AO2 SFC VIS 2 P0000 T00110000,null
GEG,2023-12-19 9:53,34,32,92.29,50,7,T,29.74,1008.5,0.5,null,FEW,BKN,OVC,null,100,300,1100,null,#NAME?,null,null,null,null,null,null,27.22,KGEG 190953Z 05007KT 1/2SM R21/P6000FT -DZ BR FEW001 BKN003 OVC011 01/00 A2974 RMK AO2 SFC VIS 2 SLP085 P0000 T00110000,null
GEG,2023-12-19 10:53,34,32,92.29,40,6,T,29.73,1008.3,0.5,null,VV ,null,null,null,200,null,null,null,FG,null,null,null,null,null,null,27.94,KGEG 191053Z 04006KT 1/2SM R21/3500VP6000FT FG VV002 01/00 A2973 RMK AO2 DZE41 SLP083 P0000 T00110000,null
GEG,2023-12-19 11:53,34,33,96.08,40,7,0,29.72,1008,0.5,null,OVC,null,null,null,200,null,null,null,FG,null,null,null,null,null,null,27.22,KGEG 191153Z 04007KT 1/2SM R21/P6000FT FG OVC002 01/01 A2972 RMK AO2 SLP080 60007 70011 T00110006 10011 20006 56008,null
GEG,2023-12-19 12:53,34,33,96.08,50,7,0,29.71,1007.6,0.5,null,FEW,OVC,null,null,100,200,null,null,BR,null,null,null,null,null,null,27.22,KGEG 191253Z 05007KT 1/2SM R21/3500V6000FT BR FEW001 OVC002 01/01 A2971 RMK AO2 SFC VIS 1 SLP076 T00110006,null
GEG,2023-12-19 13:53,34,33,96.08,50,7,0,29.7,1007.3,0.5,null,FEW,OVC,null,null,100,200,null,null,BR,null,null,null,null,null,null,27.22,KGEG 191353Z 05007KT 1/2SM R21/4500VP6000FT BR FEW001 OVC002 01/01 A2970 RMK AO2 SFC VIS 3 SLP073 T00110006,null
GEG,2023-12-19 14:53,35,33,92.32,50,9,0,29.7,1007.1,0.5,null,BKN,BKN,OVC,null,300,4500,6000,null,BR,null,null,null,null,null,null,27.24,KGEG 191453Z 05009KT 1/2SM R21/P6000FT BR BKN003 BKN045 OVC060 02/01 A2970 RMK AO2 SFC VIS 5 SLP071 T00170006 56008,null
GEG,2023-12-19 15:48,35.6,33.8,93.08,60,9,T,29.7,null,1.25,null,BKN,OVC,null,null,300,5000,null,null,#NAME?,null,null,null,null,null,null,27.99,KGEG 191548Z 06009KT 1 1/4SM -RA BR BKN003 OVC050 02/01 A2970 RMK AO2 SFC VIS 2 1/2 RAB42 P0000,null
GEG,2023-12-19 15:53,35,33,92.32,50,8,T,29.7,1007.2,1.25,null,BKN,OVC,null,null,300,5000,null,null,#NAME?,null,null,null,null,null,null,27.81,KGEG 191553Z 05008KT 1 1/4SM -RA BR BKN003 OVC050 02/01 A2970 RMK AO2 SFC VIS 2 1/2 RAB42 SLP072 P0000 T00170006,null
GEG,2023-12-19 16:00,35,34,96.09,50,7,T,29.7,null,1.25,null,FEW,BKN,OVC,null,300,4700,5500,null,#NAME?,null,null,null,null,null,null,28.44,KGEG 191600Z 05007KT 1 1/4SM -RA BR FEW003 BKN047 OVC055 02/01 A2970 RMK AO2 SFC VIS 6 P0000 T00170011,null
GEG,2023-12-19 16:42,36,34,92.35,50,7,0.02,29.71,null,2,null,FEW,SCT,OVC,null,500,3900,4800,null,#NAME?,null,null,null,null,null,null,29.65,KGEG 191642Z 05007KT 2SM -RA BR FEW005 SCT039 OVC048 02/01 A2971 RMK AO2 SFC VIS 4 P0002 T00220011,null
GEG,2023-12-19 16:53,36,34,92.35,50,8,0.02,29.7,1007.2,2,null,FEW,SCT,OVC,null,500,3900,4800,null,#NAME?,null,null,null,null,null,null,29.04,KGEG 191653Z 05008KT 2SM -RA BR FEW005 SCT039 OVC048 02/01 A2970 RMK AO2 SFC VIS 5 SLP072 P0002 T00220011,null
GEG,2023-12-19 17:53,36,35,96.11,50,8,0.03,29.71,1007.7,2,null,SCT,BKN,OVC,null,300,3300,4600,null,#NAME?,null,null,null,null,null,null,29.04,KGEG 191753Z 05008KT 2SM -RA BR SCT003 BKN033 OVC046 02/02 A2971 RMK AO2 SFC VIS 4 SLP077 P0003 60005 T00220017 10022 20011 53005,null
GEG,2023-12-19 18:28,37,35,92.39,50,8,T,29.72,null,0.5,null,BKN,OVC,null,null,300,4700,null,null,#NAME?,null,null,null,null,null,null,30.27,KGEG 191828Z 05008KT 1/2SM R21/P6000FT -RA BR BKN003 OVC047 03/02 A2972 RMK AO2 SFC VIS 3 P0000 T00280017,null
GEG,2023-12-19 18:53,37,35,92.39,50,7,T,29.71,1007.6,0.5,null,OVC,null,null,null,200,null,null,null,#NAME?,null,null,null,null,null,null,30.87,KGEG 191853Z 05007KT 1/2SM R21/P6000FT -RA BR OVC002 03/02 A2971 RMK AO2 SFC VIS 3 SLP076 P0000 T00280017,null
GEG,2023-12-19 19:53,38,36,92.42,50,6,0.01,29.72,1007.7,0.5,null,BKN,OVC,null,null,200,4500,null,null,BR,null,null,null,null,null,null,32.76,KGEG 191953Z 05006KT 1/2SM R21/P6000FT BR BKN002 OVC045 03/02 A2972 RMK AO2 SFC VIS 3 RAE47 SLP077 P0001 T00330022,null
GEG,2023-12-19 20:53,38,37,96.14,60,6,0.01,29.71,1007.6,0.5,null,BKN,OVC,null,null,200,4400,null,null,#NAME?,null,null,null,null,null,null,32.76,KGEG 192053Z 06006KT 1/2SM R21/P6000FT -RA BR BKN002 OVC044 03/03 A2971 RMK AO2 SFC VIS 3 RAB26 SLP076 P0001 60002 T00330028 57000,null
GEG,2023-12-19 21:53,39,37,92.45,60,6,0.02,29.72,1007.8,0.5,null,BKN,BKN,OVC,null,200,4300,5500,null,#NAME?,null,null,null,null,null,null,33.96,KGEG 192153Z 06006KT 1/2SM R21/P6000FT -RA BR BKN002 BKN043 OVC055 04/03 A2972 RMK AO2 SFC VIS 1 1/2 SLP078 P0002 T00390028,null
GEG,2023-12-19 22:16,39,37,92.45,70,6,0.01,29.73,null,0.5,null,SCT,OVC,null,null,200,4500,null,null,#NAME?,null,null,null,null,null,null,33.96,KGEG 192216Z 07006KT 1/2SM R21/P6000FT -RA BR SCT002 OVC045 04/03 A2973 RMK AO2 SFC VIS 1 1/2 P0001 T00390028,null
GEG,2023-12-19 22:36,39,37,92.45,60,7,0.02,29.73,null,0.5,null,BKN,OVC,null,null,200,4500,null,null,BR,null,null,null,null,null,null,33.31,KGEG 192236Z 06007KT 1/2SM R21/P6000FT BR BKN002 OVC045 04/03 A2973 RMK AO2 SFC VIS 2 RAE35 P0002 T00390028,null
GEG,2023-12-19 22:53,39,38,96.16,60,6,0.02,29.73,1008.3,0.5,null,OVC,null,null,null,200,null,null,null,BR,null,null,null,null,null,null,33.96,KGEG 192253Z 06006KT 1/2SM R21/P6000FT BR OVC002 04/03 A2973 RMK AO2 SFC VIS 2 RAE35 SLP083 P0002 T00390033,null
GEG,2023-12-19 23:53,39,38,96.16,50,6,T,29.75,1008.7,1.5,null,SCT,BKN,OVC,null,300,4500,8000,null,BR,null,null,null,null,null,null,33.96,KGEG 192353Z 05006KT 1 1/2SM BR SCT003 BKN045 OVC080 04/03 A2975 RMK AO2 SFC VIS 3 RAB04E19 SLP087 P0000 60006 T00390033 10039 20022 53010,null
GEG,2023-12-20 0:53,39,37,92.45,40,6,0,29.76,1009.1,0.5,null,OVC,null,null,null,200,null,null,null,BR,null,null,null,null,null,null,33.96,KGEG 200053Z 04006KT 1/2SM R21/P6000FT BR OVC002 04/03 A2976 RMK AO2 SFC VIS 2 1/2 SLP091 T00390028,null
GEG,2023-12-20 1:53,38,37,96.14,60,5,0,29.77,1009.6,0.5,null,OVC,null,null,null,200,null,null,null,BR,null,null,null,null,null,null,33.52,KGEG 200153Z 06005KT 1/2SM R21/P6000FT BR OVC002 03/03 A2977 RMK AO2 SFC VIS 2 1/2 SLP096 T00330028,null
GEG,2023-12-20 2:53,38,37,96.14,40,4,0,29.79,1010,0.5,null,OVC,null,null,null,200,null,null,null,BR,null,null,null,null,null,null,34.43,KGEG 200253Z 04004KT 1/2SM R21/P6000FT BR OVC002 03/03 A2979 RMK AO2 SFC VIS 1 1/2 SLP100 T00330028 53012,null
GEG,2023-12-20 3:18,38,37,96.14,70,4,0,29.8,null,0.5,null,SCT,OVC,null,null,200,4700,null,null,BR,null,null,null,null,null,null,34.43,KGEG 200318Z 07004KT 1/2SM R21/P6000FT BR SCT002 OVC047 03/03 A2980 RMK AO2 SFC VIS 4 T00330028,null
GEG,2023-12-20 3:42,38,37,96.14,50,5,0,29.8,null,3,null,SCT,OVC,null,null,200,5000,null,null,BR,null,null,null,null,null,null,33.52,KGEG 200342Z 05005KT 3SM BR SCT002 OVC050 03/03 A2980 RMK AO2 T00330028,null
GEG,2023-12-20 3:53,38,37,96.14,60,4,0,29.8,1010.5,3,null,SCT,BKN,null,null,200,5000,null,null,BR,null,null,null,null,null,null,34.43,KGEG 200353Z 06004KT 3SM BR SCT002 BKN050 03/03 A2980 RMK AO2 SLP105 T00330028,null
GEG,2023-12-20 4:42,37,36,96.13,40,4,0,29.82,null,0.75,null,BKN,OVC,null,null,200,6500,null,null,BR,null,null,null,null,null,null,33.26,KGEG 200442Z 04004KT 3/4SM R21/P6000FT BR BKN002 OVC065 03/02 A2982 RMK AO2 SFC VIS 2 T00280022,null
GEG,2023-12-20 4:53,37,36,96.13,70,4,0,29.81,1011,0.75,null,BKN,BKN,null,null,200,6500,null,null,BR,null,null,null,null,null,null,33.26,KGEG 200453Z 07004KT 3/4SM R21/P6000FT BR BKN002 BKN065 03/02 A2981 RMK AO2 SFC VIS 1 3/4 SLP110 T00280022,null
GEG,2023-12-20 5:21,37,36,96.13,50,3,0,29.82,null,0.75,null,SCT,BKN,null,null,200,7500,null,null,BR,null,null,null,null,null,null,34.4,KGEG 200521Z 05003KT 3/4SM R21/P6000FT BR SCT002 BKN075 03/02 A2982 RMK AO2 SFC VIS 2 1/2 T00280022,null
GEG,2023-12-20 5:53,37,36,96.13,90,5,0,29.83,1011.4,2,null,SCT,BKN,null,null,200,7000,null,null,BR,null,null,null,null,null,null,32.33,KGEG 200553Z 09005KT 2SM BR SCT002 BKN070 03/02 A2983 RMK AO2 SLP114 T00280022 10039 20028 51013,null
GEG,2023-12-20 6:53,37,36,96.13,70,4,0,29.84,1011.9,5,null,SCT,BKN,null,null,200,6000,null,null,BR,null,null,null,null,null,null,33.26,KGEG 200653Z 07004KT 5SM BR SCT002 BKN060 03/02 A2984 RMK AO2 SLP119 T00280022,null
GEG,2023-12-20 7:21,38,36,92.42,40,4,0,29.85,null,1,null,BKN,OVC,null,null,200,6000,null,null,BR,null,null,null,null,null,null,34.43,KGEG 200721Z 04004KT 1SM R21/P6000FT BR BKN002 OVC060 03/02 A2985 RMK AO2 SFC VIS 4 T00330022,null
GEG,2023-12-20 7:53,37,36,96.13,50,4,0,29.85,1012.1,1,null,SCT,OVC,null,null,200,5500,null,null,BR,null,null,null,null,null,null,33.26,KGEG 200753Z 05004KT 1SM R21/P6000FT BR SCT002 OVC055 03/02 A2985 RMK AO2 SFC VIS 4 SLP121 T00280022 400390006,null
GEG,2023-12-20 8:53,37,36,96.13,70,5,0,29.86,1012.3,6,null,FEW,OVC,null,null,200,6000,null,null,BR,null,null,null,null,null,null,32.33,KGEG 200853Z 07005KT 6SM BR FEW002 OVC060 03/02 A2986 RMK AO2 SLP123 T00280022 51009,null
GEG,2023-12-20 9:16,37,36,96.13,70,4,0,29.86,null,0.5,null,BKN,BKN,OVC,null,200,6000,12000,null,BR,null,null,null,null,null,null,33.26,KGEG 200916Z 07004KT 1/2SM R21/P6000FT BR BKN002 BKN060 OVC120 03/02 A2986 RMK AO2 SFC VIS 4 T00280022,null
GEG,2023-12-20 9:53,37,35,92.39,50,5,0,29.87,1012.9,0.5,null,BKN,OVC,null,null,200,300,null,null,BR,null,null,null,null,null,null,32.33,KGEG 200953Z 05005KT 1/2SM R21/3500VP6000FT BR BKN002 OVC003 03/02 A2987 RMK AO2 SFC VIS 1 SLP129 VIS W-N 1/2 T00280017,null
GEG,2023-12-20 10:53,37,36,96.13,70,4,0,29.89,1013.4,0.5,null,OVC,null,null,null,100,null,null,null,BR,null,null,null,null,null,null,33.26,KGEG 201053Z 07004KT 1/2SM R21/5500VP6000FT BR OVC001 03/02 A2989 RMK AO2 SFC VIS 1 SLP134 T00280022,null
GEG,2023-12-20 11:50,35.6,35.6,100,40,4,0,29.89,null,0.5,null,VV ,null,null,null,200,null,null,null,FG,null,null,null,null,null,null,31.62,KGEG 201150Z 04004KT 1/2SM R21/2600V3500FT FG VV002 02/02 A2989 RMK AO2 TWR VIS 3/4,null
GEG,2023-12-20 11:53,37,35,92.39,30,4,0,29.9,1013.8,0.5,null,VV ,null,null,null,200,null,null,null,FG,null,null,null,null,null,null,33.26,KGEG 201153Z 03004KT 1/2SM R21/2600FT FG VV002 03/02 A2990 RMK AO2 TWR VIS 3/4 SLP138 70011 T00280017 10033 20022 51007,null
GEG,2023-12-20 12:08,36,36,100,0,0,0,29.9,null,0.25,null,VV ,null,null,null,200,null,null,null,FG,null,null,null,null,null,null,36,KGEG 201208Z 00000KT 1/4SM R21/3000V5500FT FG VV002 02/02 A2990 RMK AO2 TWR VIS 1/2 T00220022,null
GEG,2023-12-20 12:20,36,35,96.11,50,3,0,29.9,null,0.5,null,VV ,null,null,null,200,null,null,null,FG,null,null,null,null,null,null,33.26,KGEG 201220Z 05003KT 1/2SM R21/4000VP6000FT FG VV002 02/02 A2990 RMK AO2 T00220017,null
GEG,2023-12-20 12:46,37,35,92.39,60,5,0,29.91,null,0.5,null,VV ,null,null,null,100,null,null,null,FG,null,null,null,null,null,null,32.33,KGEG 201246Z 06005KT 1/2SM R21/P6000FT FG VV001 03/02 A2991 RMK AO2 TWR VIS 4+ T00280017,null
GEG,2023-12-20 12:53,37,35,92.39,50,4,0,29.91,1014.1,0.5,null,VV ,null,null,null,100,null,null,null,FG,null,null,null,null,null,null,33.26,KGEG 201253Z 05004KT 1/2SM R21/P6000FT FG VV001 03/02 A2991 RMK AO2 SLP141 T00280017,null
GEG,2023-12-20 13:11,36,35,96.11,30,4,0,29.91,null,0.25,null,VV ,null,null,null,200,null,null,null,FG,null,null,null,null,null,null,32.09,KGEG 201311Z 03004KT 1/4SM R21/4500VP6000FT FG VV002 02/02 A2991 RMK AO2 TWR VIS 1/2 T00220017,null
GEG,2023-12-20 13:53,35,34,96.09,20,4,T,29.92,1014.6,0.25,null,VV ,null,null,null,200,null,null,null,#NAME?,null,null,null,null,null,null,30.92,KGEG 201353Z 02004KT 1/4SM R21/4000VP6000FT -RA FG VV002 02/01 A2992 RMK AO2 TWR VIS 1/2 RAB46 SLP146 VIS W-N 3/4 P0000 T00170011,null
GEG,2023-12-20 14:26,35,34,96.09,80,4,T,29.92,null,0.12,null,VV ,null,null,null,200,null,null,null,FG,null,null,null,null,null,null,30.92,KGEG 201426Z 08004KT 1/8SM R21/2000V2400FT FG VV002 02/01 A2992 RMK AO2 TWR VIS 1/2 RAE11 P0000 T00170011,null
GEG,2023-12-20 14:43,35,34,96.09,80,4,T,29.92,null,0.5,null,VV ,null,null,null,200,null,null,null,FG,null,null,null,null,null,null,30.92,KGEG 201443Z 08004KT 1/2SM R21/2400V4000FT FG VV002 02/01 A2992 RMK AO2 RAE11 P0000 T00170011,null
GEG,2023-12-20 14:53,36,35,96.11,80,3,T,29.92,1014.7,0.5,null,SCT,OVC,null,null,200,7000,null,null,BR,null,null,null,null,null,null,33.26,KGEG 201453Z 08003KT 1/2SM R21/4000VP6000FT BR SCT002 OVC070 02/02 A2992 RMK AO2 SFC VIS 1 1/2 RAE11 SLP147 SCT V BKN P0000 60000 T00220017 51008,null
GEG,2023-12-20 15:28,36,35,96.11,40,3,0,29.93,null,0.5,null,BKN,OVC,null,null,200,5000,null,null,BR,null,null,null,null,null,null,33.26,KGEG 201528Z COR 04003KT 1/2SM R21/4000V5000FT BR BKN002 OVC050 02/02 A2993 RMK AO2 SFC VIS 1 1/2 BKN V SCT T00220017,null
GEG,2023-12-20 15:53,36,35,96.11,70,3,0,29.93,1015,0.5,null,BKN,BKN,OVC,null,200,4900,6500,null,BR,null,null,null,null,null,null,33.26,KGEG 201553Z 07003KT 1/2SM R21/3500V5000FT BR BKN002 BKN049 OVC065 02/02 A2993 RMK AO2 SFC VIS 3/4 SLP150 BKN V SCT T00220017,null
GEG,2023-12-20 16:47,37.4,35.6,93.14,20,3,0,29.94,null,1,null,BKN,BKN,OVC,null,200,3800,6500,null,BR,null,null,null,null,null,null,34.86,KGEG 201647Z 02003KT 1SM R21/1800V2400FT BR BKN002 BKN038 OVC065 03/02 A2994 RMK AO2 TWR VIS 4+,null
GEG,2023-12-20 16:51,35.6,35.6,100,20,4,0,29.94,null,0.75,null,BKN,BKN,OVC,null,200,3800,6500,null,BR,null,null,null,null,null,null,31.62,KGEG 201651Z 02004KT 3/4SM R21/1800V2200FT BR BKN002 BKN038 OVC065 02/02 A2994 RMK AO2 TWR VIS 4+,null
GEG,2023-12-20 16:53,36,34,92.35,40,4,0,29.94,1015.5,0.5,null,BKN,BKN,OVC,null,200,3800,6500,null,FG,null,null,null,null,null,null,32.09,KGEG 201653Z 04004KT 1/2SM R21/1800V2000FT FG BKN002 BKN038 OVC065 02/01 A2994 RMK AO2 SLP155 TWR VIS 4+ T00220011,null
GEG,2023-12-20 16:59,36,35,96.11,40,5,0,29.95,null,0.25,null,BKN,OVC,null,null,200,3800,null,null,FG,null,null,null,null,null,null,31.15,KGEG 201659Z 04005KT 1/4SM R21/1800V2400FT FG BKN002 OVC038 02/02 A2995 RMK AO2 TWR VIS 4+ T00220017,null
GEG,2023-12-20 17:53,36,35,96.11,360,4,0,29.97,1016.5,0.25,null,OVC,null,null,null,200,null,null,null,FG,null,null,null,null,null,null,32.09,KGEG 201753Z 36004KT 1/4SM R21/P6000FT FG OVC002 02/02 A2997 RMK AO2 SFC VIS 1/2 SLP165 60000 T00220017 10028 20017 53016,null
GEG,2023-12-20 18:53,37,36,96.13,0,0,0,29.97,1016.4,0.25,null,BKN,OVC,null,null,300,4500,null,null,BR,null,null,null,null,null,null,37,KGEG 201853Z 00000KT 1/4SM R21/P6000FT BR BKN003 OVC045 03/02 A2997 RMK AO2 SFC VIS 5 SLP164 T00280022,null
GEG,2023-12-20 19:25,40,37,88.92,80,4,0,29.96,null,7,null,SCT,OVC,null,null,200,6500,null,null,null,null,null,null,null,null,null,36.76,KGEG 201925Z 08004KT 7SM SCT002 OVC065 04/03 A2996 RMK AO2 T00440028,null
GEG,2023-12-20 19:53,41,38,88.97,110,3,0,29.96,1015.8,10,null,FEW,FEW,SCT,BKN,200,6500,11000,20000,null,null,null,null,null,null,null,38.98,KGEG 201953Z 11003KT 10SM FEW002 FEW065 SCT110 BKN200 05/03 A2996 RMK AO2 SLP158 T00500033,null
GEG,2023-12-20 20:53,41,39,92.52,90,3,0,29.96,1015.7,10,null,FEW,FEW,SCT,SCT,200,5500,10000,20000,null,null,null,null,null,null,null,38.98,KGEG 202053Z 09003KT 10SM FEW002 FEW055 SCT100 SCT200 05/04 A2996 RMK AO2 SLP157 T00500039 57006 $,null
GEG,2023-12-20 21:53,42,39,89.01,110,3,0,29.96,1015.6,9,null,BKN,BKN,BKN,null,7000,10000,20000,null,null,null,null,null,null,null,null,40.12,KGEG 202153Z 11003KT 9SM BKN070 BKN100 BKN200 06/04 A2996 RMK AO2 SLP156 T00560039 $,null
GEG,2023-12-20 22:53,43,39,85.66,110,4,0,29.95,1015.5,9,null,FEW,SCT,BKN,BKN,1000,3100,5500,15000,null,null,null,null,null,null,null,40.27,KGEG 202253Z 11004KT 9SM FEW010 SCT031 BKN055 BKN150 06/04 A2995 RMK AO2 SLP155 T00610039 $,null
GEG,2023-12-20 23:53,43,40,89.06,0,0,0,29.97,1016,9,null,FEW,FEW,BKN,BKN,800,4000,6000,15000,null,null,null,null,null,null,null,43,KGEG 202353Z 00000KT 9SM FEW008 FEW040 BKN060 BKN150 06/04 A2997 RMK AO2 SLP160 T00610044 10067 20022 53004,null
GEG,2023-12-21 0:45,41,39,92.52,260,5,0,29.98,null,10,null,BKN,BKN,null,null,700,6000,null,null,null,null,null,null,null,null,null,37.08,KGEG 210045Z 26005KT 10SM BKN007 BKN060 05/04 A2998 RMK AO2 T00500039,null
GEG,2023-12-21 0:53,41,39,92.52,250,6,0,29.98,1016.6,8,null,BKN,BKN,null,null,700,6000,null,null,null,null,null,null,null,null,null,36.37,KGEG 210053Z 25006KT 8SM BKN007 BKN060 05/04 A2998 RMK AO2 SLP166 T00500039,null
GEG,2023-12-21 0:56,40,39,96.18,240,7,0,29.98,null,1,null,BKN,null,null,null,400,null,null,null,BR,null,null,null,null,null,null,34.53,KGEG 210056Z 24007KT 1SM R21/P6000FT BR BKN004 04/04 A2998 RMK AO2 SFC VIS 2 T00440039,null
GEG,2023-12-21 1:04,40,38,92.49,230,7,0,29.98,null,0.25,null,OVC,null,null,null,200,null,null,null,BR,null,null,null,null,null,null,34.53,KGEG 210104Z 23007KT 1/4SM R21/P6000FT BR OVC002 04/03 A2998 RMK AO2 SFC VIS 3/4 T00440033,null
GEG,2023-12-21 1:53,40,38,92.49,170,4,0,29.98,1016.7,0.25,null,VV ,null,null,null,200,null,null,null,FG,null,null,null,null,null,null,36.76,KGEG 210153Z 17004KT 1/4SM R21/1800V2200FT FG VV002 04/03 A2998 RMK AO2 SLP167 T00440033,null
GEG,2023-12-21 2:53,38,37,96.14,140,3,0,30,1017.2,0.25,null,VV ,null,null,null,200,null,null,null,FG,null,null,null,null,null,null,35.55,KGEG 210253Z 14003KT 1/4SM R21/1400V2400FT FG VV002 03/03 A3000 RMK AO2 SLP172 T00330028 51008,null
GEG,2023-12-21 3:32,38,36,92.42,260,4,0,30,null,0.25,null,VV ,null,null,null,200,null,null,null,FG,null,null,null,null,null,null,34.43,KGEG 210332Z 26004KT 1/4SM R21/1800V2000FT FG VV002 03/02 A3000 RMK AO2 T00330022,null
GEG,2023-12-21 3:39,38,37,96.14,270,4,0,30,null,0.25,null,VV ,null,null,null,200,null,null,null,FG,null,null,null,null,null,null,34.43,KGEG 210339Z 27004KT 1/4SM R21/2000V3000FT FG VV002 03/03 A3000 RMK AO2 T00330028,null
GEG,2023-12-21 3:53,38,37,96.14,230,3,0,30,1017.4,0.25,null,VV ,null,null,null,200,null,null,null,FG,null,null,null,null,null,null,35.55,KGEG 210353Z 23003KT 1/4SM R21/5500VP6000FT FG VV002 03/03 A3000 RMK AO2 SFC VIS 1/2 SLP174 T00330028,null
GEG,2023-12-21 4:24,38,37,96.14,0,0,0,30,null,0.5,null,FEW,OVC,null,null,100,300,null,null,BR,null,null,null,null,null,null,38,KGEG 210424Z 00000KT 1/2SM R21/3000VP6000FT BR FEW001 OVC003 03/03 A3000 RMK AO2 SFC VIS 1 1/2 T00330028,null
GEG,2023-12-21 4:43,38,36,92.42,0,0,0,30,null,0.25,null,FEW,OVC,null,null,100,300,null,null,BR,null,null,null,null,null,null,38,KGEG 210443Z 00000KT 1/4SM R21/P6000FT BR FEW001 OVC003 03/02 A3000 RMK AO2 SFC VIS 1 1/2 T00330022,null
GEG,2023-12-21 4:53,38,36,92.42,260,3,0,30.01,1017.6,0.25,null,FEW,OVC,null,null,100,300,null,null,BR,null,null,null,null,null,null,35.55,KGEG 210453Z 26003KT 1/4SM R21/P6000FT BR FEW001 OVC003 03/02 A3001 RMK AO2 SFC VIS 1 1/2 SLP176 T00330022,null
GEG,2023-12-21 5:12,38,37,96.14,0,0,0,30,null,0.12,null,VV ,null,null,null,200,null,null,null,FG,null,null,null,null,null,null,38,KGEG 210512Z 00000KT 1/8SM R21/2400VP6000FT FG VV002 03/03 A3000 RMK AO2 SFC VIS 1/4 T00330028,null
GEG,2023-12-21 5:34,38,37,96.14,0,0,0,30.01,null,0.12,null,VV ,null,null,null,200,null,null,null,FG,null,null,null,null,null,null,38,KGEG 210534Z 00000KT 1/8SM R21/1200V1600FT FG VV002 03/03 A3001 RMK AO2 SFC VIS 1/4 T00330028,null
GEG,2023-12-21 5:53,38,36,92.42,0,0,0,30.02,1017.9,0.12,null,VV ,null,null,null,200,null,null,null,FG,null,null,null,null,null,null,38,KGEG 210553Z 00000KT 1/8SM R21/1600V2200FT FG VV002 03/02 A3002 RMK AO2 SFC VIS 1/4 SLP179 T00330022 10061 20028 53007,null
GEG,2023-12-21 6:30,38,36,92.42,0,0,0,30.02,null,0.12,null,VV ,null,null,null,200,null,null,null,FG,null,null,null,null,null,null,38,KGEG 210630Z 00000KT 1/8SM R21/1800V2600FT FG VV002 03/02 A3002 RMK AO2 SFC VIS 1/4 T00330022,null
GEG,2023-12-21 6:53,37,36,96.13,0,0,0,30.03,1018.4,0.12,null,VV ,null,null,null,200,null,null,null,FG,null,null,null,null,null,null,37,KGEG 210653Z 00000KT 1/8SM R21/2400V3000FT FG VV002 03/02 A3003 RMK AO2 SFC VIS 1/4 SLP184 T00280022,null
GEG,2023-12-21 7:53,37,36,96.13,0,0,0,30.03,1018.3,0.12,null,VV ,null,null,null,200,null,null,null,FG,null,null,null,null,null,null,37,KGEG 210753Z 00000KT 1/8SM R21/2200V3000FT FG VV002 03/02 A3003 RMK AO2 SFC VIS 1/2 SLP183 T00280022 400670017,null
GEG,2023-12-21 8:38,36,35,96.11,320,3,0,30.04,null,0.12,null,VV ,null,null,null,200,null,null,null,FG,null,null,null,null,null,null,33.26,KGEG 210838Z 32003KT 1/8SM R21/1800V2000FT FG VV002 02/02 A3004 RMK AO2 SFC VIS 1/4 T00220017,null
GEG,2023-12-21 8:53,36,35,96.11,0,0,0,30.04,1018.6,0.12,null,VV ,null,null,null,200,null,null,null,FG,null,null,null,null,null,null,36,KGEG 210853Z 00000KT 1/8SM R21/1800FT FG VV002 02/02 A3004 RMK AO2 SFC VIS 1/4 SLP186 T00220017 51007,null
GEG,2023-12-21 9:53,36,35,96.11,250,3,0,30.05,1018.9,0.12,null,VV ,null,null,null,200,null,null,null,FG,null,null,null,null,null,null,33.26,KGEG 210953Z 25003KT 1/8SM R21/1800V2000FT FG VV002 02/02 A3005 RMK AO2 SFC VIS 1/4 SLP189 T00220017,null
GEG,2023-12-21 10:20,35,34,96.09,250,3,0,30.06,null,0.12,null,VV ,null,null,null,200,null,null,null,FG,null,null,null,null,null,null,32.12,KGEG 211020Z 25003KT 1/8SM R21/2200V3000FT FG VV002 02/01 A3006 RMK AO2 SFC VIS 1/2 T00170011,null
GEG,2023-12-21 10:53,35,34,96.09,250,4,0,30.06,1019.2,0.12,null,VV ,null,null,null,200,null,null,null,FG,null,null,null,null,null,null,30.92,KGEG 211053Z 25004KT 1/8SM R21/1600V2200FT FG VV002 02/01 A3006 RMK AO2 SLP192 T00170011,null
GEG,2023-12-21 11:53,35,34,96.09,170,4,0,30.07,1019.5,0.12,null,VV ,null,null,null,200,null,null,null,FG,null,null,null,null,null,null,30.92,KGEG 211153Z 17004KT 1/8SM R21/1600V3000FT FG VV002 02/01 A3007 RMK AO2 SLP195 T00170011 10033 20011 51008,null
GEG,2023-12-21 12:53,34,33,96.08,150,3,0,30.07,1019.7,0.12,null,VV ,null,null,null,200,null,null,null,BR,null,null,null,null,null,null,30.97,KGEG 211253Z 15003KT 1/8SM R21/P6000FT BR VV002 01/01 A3007 RMK AO2 SFC VIS 3/4 SLP197 T00110006,null
GEG,2023-12-21 13:53,34,33,96.08,180,3,0,30.08,1020.1,0.12,null,VV ,null,null,null,200,null,null,null,FG,null,null,null,null,null,null,30.97,KGEG 211353Z 18003KT 1/8SM R21/2000V4500FT FG VV002 01/01 A3008 RMK AO2 SLP201 T00110006,null
GEG,2023-12-21 14:53,34,33,96.08,190,3,0,30.09,1020.7,0.12,null,VV ,null,null,null,200,null,null,null,FG,null,null,null,null,null,null,30.97,KGEG 211453Z 19003KT 1/8SM R21/2800V3500FT FG VV002 01/01 A3009 RMK AO2 SFC VIS 1/4 SLP207 VIS 1/8V1/2 T00110006 53009,null
GEG,2023-12-21 15:53,33,32,96.06,300,4,0,30.11,1021.2,0.12,null,VV ,null,null,null,200,null,null,null,FG,null,null,null,null,null,null,28.59,KGEG 211553Z 30004KT 1/8SM R21/2000V2200FT FG VV002 01/00 A3011 RMK AO2 SFC VIS 1/4 SLP212 T00060000,null
GEG,2023-12-21 16:30,34,33,96.08,0,0,0,30.11,null,0.25,null,VV ,null,null,null,200,null,null,null,FG,null,null,null,null,null,null,34,KGEG 211630Z 00000KT 1/4SM R21/2000V2200FT FG VV002 01/01 A3011 RMK AO2 T00110006,null
GEG,2023-12-21 16:44,34,33,96.08,0,0,0,30.11,null,0.25,null,VV ,null,null,null,200,null,null,null,FG,null,null,null,null,null,null,34,KGEG 211644Z 00000KT 1/4SM R21/2000V2400FT FG VV002 01/01 A3011 RMK AO2 T00110006,null
GEG,2023-12-21 16:53,34,32,92.29,0,0,0,30.11,1021.4,0.25,null,VV ,null,null,null,200,null,null,null,FG,null,null,null,null,null,null,34,KGEG 211653Z 00000KT 1/4SM R21/2000V2600FT FG VV002 01/00 A3011 RMK AO2 SLP214 T00110000,null
GEG,2023-12-21 17:53,34,33,96.08,0,0,0,30.11,1021.5,0.25,null,VV ,null,null,null,200,null,null,null,FG,null,null,null,null,null,null,34,KGEG 211753Z 00000KT 1/4SM R21/2200V5000FT FG VV002 01/01 A3011 RMK AO2 SFC VIS 1/2 SLP215 T00110006 10017 20006 51007,null
GEG,2023-12-21 18:53,36,35,96.11,0,0,0,30.11,1021.1,0.25,null,OVC,null,null,null,200,null,null,null,BR,null,null,null,null,null,null,36,KGEG 211853Z 00000KT 1/4SM R21/P6000FT BR OVC002 02/02 A3011 RMK AO2 SFC VIS 1 SLP211 T00220017,null
GEG,2023-12-21 19:48,37.4,35.6,93.14,0,0,0,30.1,null,0.5,null,OVC,null,null,null,300,null,null,null,BR,null,null,null,null,null,null,37.4,KGEG 211948Z 00000KT 1/2SM R21/P6000FT BR OVC003 03/02 A3010 RMK AO2 SFC VIS 3,null
GEG,2023-12-21 19:53,37,36,96.13,0,0,0,30.1,1020.9,0.5,null,OVC,null,null,null,300,null,null,null,BR,null,null,null,null,null,null,37,KGEG 211953Z 00000KT 1/2SM R21/P6000FT BR OVC003 03/02 A3010 RMK AO2 SFC VIS 3 SLP209 T00280022,null
GEG,2023-12-21 20:14,38,36,92.42,0,0,0,30.11,null,1.5,null,OVC,null,null,null,400,null,null,null,BR,null,null,null,null,null,null,38,KGEG 212014Z 00000KT 1 1/2SM BR OVC004 03/02 A3011 RMK AO2 SFC VIS 5 T00330022,null
GEG,2023-12-21 20:31,38,36,92.42,0,0,0,30.1,null,3,null,SCT,OVC,null,null,400,11000,null,null,BR,null,null,null,null,null,null,38,KGEG 212031Z 00000KT 3SM BR SCT004 OVC110 03/02 A3010 RMK AO2 SFC VIS 6 T00330022,null
GEG,2023-12-21 20:53,39,36,88.87,80,3,0,30.1,1020.6,3,null,FEW,SCT,OVC,null,200,500,11000,null,BR,null,null,null,null,null,null,36.69,KGEG 212053Z 08003KT 3SM BR FEW002 SCT005 OVC110 04/02 A3010 RMK AO2 SFC VIS 5 SLP206 T00390022 58004,null
GEG,2023-12-21 21:00,39,36,88.87,100,3,0,30.09,null,3,null,FEW,BKN,OVC,null,200,500,11000,null,BR,null,null,null,null,null,null,36.69,KGEG 212100Z 10003KT 3SM BR FEW002 BKN005 OVC110 04/02 A3009 RMK AO2 SFC VIS 5 T00390022,null
GEG,2023-12-21 21:36,38,36,92.42,70,3,0,30.09,null,0.5,null,BKN,OVC,null,null,200,11000,null,null,BR,null,null,null,null,null,null,35.55,KGEG 212136Z 07003KT 1/2SM R21/2200V3000FT BR BKN002 OVC110 03/02 A3009 RMK AO2 SFC VIS 2 1/2 T00330022,null
GEG,2023-12-21 21:53,38,37,96.14,null,null,0,30.08,1020.2,0.5,null,BKN,OVC,null,null,200,500,null,null,BR,null,null,null,null,null,null,null,KGEG 212153Z 1/2SM R21/1800V2200FT BR BKN002 OVC005 03/03 A3008 RMK AO2 SFC VIS 1 SLP202 T00330028,null
GEG,2023-12-21 21:55,38,37,96.14,null,5,0,30.08,null,0.5,null,OVC,null,null,null,200,null,null,null,BR,null,null,null,null,null,null,33.52,KGEG 212155Z VRB05KT 1/2SM R21/1800V2200FT BR OVC002 03/03 A3008 RMK AO2 SFC VIS 3 T00330028,null
GEG,2023-12-21 22:05,38,36,92.42,60,3,0,30.08,null,0.5,null,OVC,null,null,null,200,null,null,null,FG,null,null,null,null,null,null,35.55,KGEG 212205Z 06003KT 1/2SM R21/2000V4500FT FG OVC002 03/02 A3008 RMK AO2 T00330022,null
GEG,2023-12-21 22:53,38,37,96.14,70,3,0,30.07,1019.9,0.25,null,OVC,null,null,null,200,null,null,null,BR,null,null,null,null,null,null,35.55,KGEG 212253Z COR 07003KT 1/4SM R21/3500V5000FT BR OVC002 03/03 A3007 RMK AO2 SFC VIS 3/4 SLP199 T00330028,null
GEG,2023-12-21 23:00,38,37,96.14,30,4,0,30.08,null,0.25,null,OVC,null,null,null,200,null,null,null,BR,null,null,null,null,null,null,34.43,KGEG 212300Z 03004KT 1/4SM R21/4000V5000FT BR OVC002 03/03 A3008 RMK AO2 SFC VIS 3/4 T00330028,null
GEG,2023-12-21 23:53,38,36,92.42,50,3,0,30.07,1019.9,0.25,null,VV ,null,null,null,200,null,null,null,FG,null,null,null,null,null,null,35.55,KGEG 212353Z 05003KT 1/4SM R21/3500VP6000FT FG VV002 03/02 A3007 RMK AO2 SLP199 T00330022 10039 20011 56007,null
GEG,2023-12-22 0:38,37,36,96.13,40,3,0,30.07,null,0.25,null,VV ,null,null,null,200,null,null,null,FG,null,null,null,null,null,null,34.4,KGEG 220038Z 04003KT 1/4SM R21/1600V2000FT FG VV002 03/02 A3007 RMK AO2 T00280022,null
GEG,2023-12-22 0:53,37,36,96.13,30,5,0,30.07,1019.8,0.25,null,VV ,null,null,null,200,null,null,null,FG,null,null,null,null,null,null,32.33,KGEG 220053Z 03005KT 1/4SM R21/1800V2000FT FG VV002 03/02 A3007 RMK AO2 SLP198 T00280022,null
GEG,2023-12-22 1:53,37,36,96.13,40,4,0,30.06,1019.6,0.25,null,VV ,null,null,null,200,null,null,null,FG,null,null,null,null,null,null,33.26,KGEG 220153Z 04004KT 1/4SM R21/1200V1400FT FG VV002 03/02 A3006 RMK AO2 SLP196 T00280022,null
GEG,2023-12-22 2:44,37,35,92.39,50,6,0,30.06,null,0.12,null,VV ,null,null,null,100,null,null,null,FG,null,null,null,null,null,null,31.55,KGEG 220244Z 05006KT 1/8SM R21/0800V1000FT FG VV001 03/02 A3006 RMK AO2 TWR VIS 1/4 T00280017,null
GEG,2023-12-22 2:53,37,35,92.39,50,6,0,30.06,1019.4,0.12,null,VV ,null,null,null,100,null,null,null,FG,null,null,null,null,null,null,31.55,KGEG 220253Z 05006KT 1/8SM R21/0800FT FG VV001 03/02 A3006 RMK AO2 TWR VIS 1/4 SLP194 T00280017 57005,null
GEG,2023-12-22 3:53,36,35,96.11,50,5,0,30.05,1019.2,0.12,null,VV ,null,null,null,100,null,null,null,FG,null,null,null,null,null,null,31.15,KGEG 220353Z 05005KT 1/8SM R21/1000FT FG VV001 02/02 A3005 RMK AO2 TWR VIS 1/4 SLP192 T00220017,null
GEG,2023-12-22 4:53,35,34,96.09,30,5,0,30.04,1019,0.12,null,VV ,null,null,null,100,null,null,null,FG,null,null,null,null,null,null,29.96,KGEG 220453Z 03005KT 1/8SM R21/1000FT FG VV001 02/01 A3004 RMK AO2 TWR VIS 1/4 SLP190 T00170011,null
GEG,2023-12-22 5:53,36,35,96.11,30,4,0,30.04,1019,0.12,null,VV ,null,null,null,100,null,null,null,FG,null,null,null,null,null,null,32.09,KGEG 220553Z 03004KT 1/8SM R21/1200V1400FT FG VV001 02/02 A3004 RMK AO2 TWR VIS 1/4 SLP190 T00220017 10033 20017 56005,null
GEG,2023-12-22 6:53,35,34,96.09,50,5,0,30.04,1018.7,0.12,null,VV ,null,null,null,100,null,null,null,FG,null,null,null,null,null,null,29.96,KGEG 220653Z 05005KT 1/8SM R21/0800V1000FT FG VV001 02/01 A3004 RMK AO2 TWR VIS 1/4 SLP187 T00170011,null
GEG,2023-12-22 7:53,34,33,96.08,40,5,0,30.02,1018.2,0.12,null,VV ,null,null,null,100,null,null,null,FG,null,null,null,null,null,null,28.77,KGEG 220753Z 04005KT 1/8SM R21/0800V1000FT FG VV001 01/01 A3002 RMK AO2 TWR VIS 1/4 SLP182 T00110006 400390006,null
GEG,2023-12-22 8:53,33,32,96.06,70,5,0,30.01,1017.9,0.12,null,VV ,null,null,null,100,null,null,null,FG,null,null,null,null,null,null,27.58,KGEG 220853Z 07005KT 1/8SM R21/0800V1000FT FG VV001 01/00 A3001 RMK AO2 TWR VIS 1/4 SLP179 T00060000 58009,null
GEG,2023-12-22 9:53,33,32,96.06,90,5,0,30,1017.4,0.12,null,VV ,null,null,null,100,null,null,null,FG,null,null,null,null,null,null,27.58,KGEG 220953Z 09005KT 1/8SM R21/0800V1000FT FG VV001 01/00 A3000 RMK AO2 TWR VIS 1/4 SLP174 T00060000,null
GEG,2023-12-22 10:53,33,32,96.06,60,4,0,29.98,1016.8,0.12,null,VV ,null,null,null,100,null,null,null,FG,null,null,null,null,null,null,28.59,KGEG 221053Z 06004KT 1/8SM R21/0800V1000FT FG VV001 01/00 A2998 RMK AO2 TWR VIS 1/4 SLP168 T00060000,null
GEG,2023-12-22 11:53,33,32,96.06,70,6,0,29.96,1016,0.12,null,VV ,null,null,null,100,null,null,null,FG,null,null,null,null,null,null,26.73,KGEG 221153Z 07006KT 1/8SM R21/0700FT FG VV001 01/00 A2996 RMK AO2 TWR VIS 1/4 SLP160 T00060000 10022 20006 58017,null
GEG,2023-12-22 12:53,33,32,96.06,90,4,0,29.93,1015.3,0.06,null,VV ,null,null,null,100,null,null,null,FG,null,null,null,null,null,null,28.59,KGEG 221253Z 09004KT 1/16SM R21/0600V0700FT FG VV001 01/00 A2993 RMK AO2 TWR VIS 1/4 SLP153 T00060000,null
GEG,2023-12-22 13:53,32,31,96.04,70,4,0,29.92,1014.9,0.06,null,VV ,null,null,null,100,null,null,null,FG,T,null,null,null,null,null,27.42,KGEG 221353Z 07004KT 1/16SM R21/0800V1000FT FG VV001 00/M01 A2992 RMK AO2 TWR VIS 1/4 SLP149 I1000 T00001006,null
GEG,2023-12-22 14:53,32,31,96.04,80,3,0,29.91,1014.4,0.12,null,VV ,null,null,null,100,null,null,null,FG,0.01,0.01,null,null,null,null,28.69,KGEG 221453Z 08003KT 1/8SM R21/0800V1000FT FG VV001 00/M01 A2991 RMK AO2 TWR VIS 1/4 SLP144 I1001 I3001 T00001006 56016,null
GEG,2023-12-22 14:58,32,31,96.04,0,0,0,29.91,null,0.06,null,VV ,null,null,null,100,null,null,null,FG,null,null,null,null,null,null,32,KGEG 221458Z 00000KT 1/16SM R21/0800V1000FT FG VV001 00/M01 A2991 RMK AO2 TWR VIS 1/4 T00001006,null
GEG,2023-12-22 15:53,32,31,96.04,0,0,0,29.91,1014.5,0.12,null,VV ,null,null,null,100,null,null,null,FG,T,null,null,null,null,null,32,KGEG 221553Z 00000KT 1/8SM R21/0600V0700FT FG VV001 00/M01 A2991 RMK AO2 TWR VIS 1/4 SLP145 I1000 T00001006,null
GEG,2023-12-22 16:53,32,31,96.04,80,4,0,29.9,1014.4,0.12,null,VV ,null,null,null,100,null,null,null,FG,0.01,null,null,null,null,null,27.42,KGEG 221653Z 08004KT 1/8SM R21/0700V0800FT FG VV001 00/M01 A2990 RMK AO2 TWR VIS 1/4 SLP144 I1001 T00001006,null
GEG,2023-12-22 17:17,33,32,96.06,100,4,0,29.89,null,0.25,null,VV ,null,null,null,100,null,null,null,FG,T,null,null,null,null,null,28.59,KGEG 221717Z 10004KT 1/4SM R21/0700V1000FT FG VV001 01/00 A2989 RMK AO2 I1000 T00060000,null
GEG,2023-12-22 17:33,33,32,96.06,100,3,0,29.89,null,0.25,null,SCT,BKN,OVC,null,200,700,8000,null,FG,T,null,null,null,null,null,29.83,KGEG 221733Z 10003KT 1/4SM R21/0800V1400FT FG SCT002 BKN007 OVC080 01/00 A2989 RMK AO2 SFC VIS 1/2 I1000 T00060000,null
GEG,2023-12-22 17:42,33,32,96.06,110,3,0,29.89,null,0.25,null,SCT,BKN,OVC,null,200,800,8000,null,FG,T,null,null,null,null,null,29.83,KGEG 221742Z 11003KT 1/4SM R21/1000VP6000FT FG SCT002 BKN008 OVC080 01/00 A2989 RMK AO2 SFC VIS 1/2 I1000 T00060000,null
GEG,2023-12-22 17:53,33,32,96.06,120,3,0,29.89,1013.7,0.25,null,SCT,BKN,OVC,null,200,700,8000,null,BR,T,null,0.02,null,null,null,29.83,KGEG 221753Z 12003KT 1/4SM R21/4000VP6000FT BR SCT002 BKN007 OVC080 01/00 A2989 RMK AO2 SFC VIS 1 1/2 SLP137 I1000 I6002 T00060000 10006 20000 58006,null
GEG,2023-12-22 18:09,33,33,100,150,3,0,29.89,null,0.5,null,FEW,BKN,OVC,null,200,5000,8000,null,BR,null,null,null,null,null,null,29.83,KGEG 221809Z 15003KT 1/2SM R21/P6000FT BR FEW002 BKN050 OVC080 01/01 A2989 RMK AO2 SFC VIS 5 T00060006,null
GEG,2023-12-22 18:50,33.8,33.8,100,190,5,0,29.87,null,0.5,null,BKN,BKN,OVC,null,400,5500,8500,null,BR,null,null,null,null,null,null,28.53,KGEG 221850Z 19005KT 1/2SM R21/P6000FT BR BKN004 BKN055 OVC085 01/01 A2987 RMK AO2 SFC VIS 5,null
GEG,2023-12-22 18:53,35,33,92.32,170,5,0,29.87,1013.2,0.5,null,BKN,BKN,OVC,null,400,5500,8500,null,BR,null,null,null,null,null,null,29.96,KGEG 221853Z 17005KT 1/2SM R21/P6000FT BR BKN004 BKN055 OVC085 02/01 A2987 RMK AO2 SFC VIS 5 SLP132 T00170006,null
GEG,2023-12-22 19:23,35,33,92.32,180,5,0,29.87,null,0.5,null,SCT,BKN,OVC,null,400,5500,9000,null,BR,null,null,null,null,null,null,29.96,KGEG 221923Z 18005KT 1/2SM R21/P6000FT BR SCT004 BKN055 OVC090 02/01 A2987 RMK AO2 SFC VIS 5 T00170006,null
GEG,2023-12-22 19:49,35.6,33.8,93.08,210,7,0,29.86,null,6,null,SCT,BKN,OVC,null,400,6500,9000,null,BR,null,null,null,null,null,null,29.17,KGEG 221949Z 21007KT 6SM BR SCT004 BKN065 OVC090 02/01 A2986 RMK AO2,null
GEG,2023-12-22 19:53,35,34,96.09,230,7,0,29.86,1012.9,6,null,FEW,BKN,OVC,null,500,6500,9000,null,BR,null,null,null,null,null,null,28.44,KGEG 221953Z 23007KT 6SM BR FEW005 BKN065 OVC090 02/01 A2986 RMK AO2 SLP129 T00170011,null
GEG,2023-12-22 20:09,35,33,92.32,230,6,0,29.86,null,2.5,null,FEW,SCT,OVC,null,200,800,6500,null,BR,null,null,null,null,null,null,29.14,KGEG 222009Z 23006KT 2 1/2SM BR FEW002 SCT008 OVC065 02/01 A2986 RMK AO2 SFC VIS 5 T00170006,null
GEG,2023-12-22 20:53,36,34,92.35,0,0,0,29.84,1012,2.5,null,FEW,SCT,OVC,null,300,4000,5500,null,BR,null,null,null,null,null,null,36,KGEG 222053Z 00000KT 2 1/2SM BR FEW003 SCT040 OVC055 02/01 A2984 RMK AO2 SFC VIS 5 SLP120 T00220011 58011,null
GEG,2023-12-22 21:53,36,34,92.35,350,3,0.01,29.82,1011.5,2.5,null,BKN,OVC,null,null,600,3100,null,null,#NAME?,null,null,null,null,null,null,33.26,KGEG 222153Z 35003KT 2 1/2SM -RA BR BKN006 OVC031 02/01 A2982 RMK AO2 SFC VIS 3 CIG 004V010 SLP115 RAB04 P0001 T00220011,null
GEG,2023-12-22 22:53,35,34,96.09,200,3,0.04,29.82,1011.4,1.5,null,FEW,OVC,null,null,200,600,null,null,#NAME?,null,null,null,null,null,null,32.12,KGEG 222253Z 20003KT 1 1/2SM -RA BR FEW002 OVC006 02/01 A2982 RMK AO2 TWR VIS 2 1/2 SLP114 P0004 T00170011,null
GEG,2023-12-22 23:40,36,34,92.35,220,10,0.04,29.83,null,2.5,null,BKN,OVC,null,null,600,1500,null,null,#NAME?,null,null,null,null,null,null,27.98,KGEG 222340Z 22010KT 2 1/2SM -RA BR BKN006 OVC015 02/01 A2983 RMK AO2 SFC VIS 3 P0004 T00220011,null
GEG,2023-12-22 23:53,35,33,92.32,210,13,0.04,29.83,1012,1,null,BKN,OVC,null,null,600,1500,null,null,#NAME?,null,null,null,null,null,null,25.41,KGEG 222353Z 21013KT 1SM R21/P6000FT -SN BR BKN006 OVC015 02/01 A2983 RMK AO2 TWR VIS 1 1/2 RAE52SNB52 SLP120 P0004 60009 T00170006 10022 20006 55001,null
GEG,2023-12-23 0:53,34,31,88.63,220,16,0.03,29.86,1012.7,1.5,null,BKN,OVC,null,null,600,1600,null,null,#NAME?,null,null,null,null,null,null,23.03,KGEG 230053Z 22016KT 1 1/2SM -SN BR BKN006 OVC016 01/M01 A2986 RMK AO2 SFC VIS 2 1/2 SLP127 P0003 T00111006,null
GEG,2023-12-23 1:34,33,31,92.25,220,18,T,29.87,null,1.5,25,BKN,OVC,null,null,800,2800,null,null,BR,null,null,null,null,null,null,21.07,KGEG 230134Z 22018G25KT 1 1/2SM BR BKN008 OVC028 01/M01 A2987 RMK AO2 SFC VIS 6 SNE33 P0000 T00061006,null
GEG,2023-12-23 1:53,33,31,92.25,220,17,T,29.87,1013.4,1,null,OVC,null,null,null,400,null,null,null,BR,null,null,null,27,220,2023-12-23 1:37,21.39,KGEG 230153Z 22017KT 1SM R21/P6000FT BR OVC004 01/M01 A2987 RMK AO2 PK WND 22027/0137 SFC VIS 2 1/2 SNE33 SLP134 P0000 T00061006,null
GEG,2023-12-23 2:06,33,31,92.25,220,19,0,29.88,null,0.25,26,FEW,OVC,null,null,100,300,null,null,BR,null,null,null,26,230,2023-12-23 2:04,20.76,KGEG 230206Z 22019G26KT 1/4SM R21/P6000FT BR FEW001 OVC003 01/M01 A2988 RMK AO2 PK WND 23026/0204 SFC VIS 3/4 T00061006,null
GEG,2023-12-23 2:53,33,32,96.06,240,16,0,29.91,1014.6,0.25,null,FEW,OVC,null,null,100,300,null,null,FG,null,null,null,26,220,2023-12-23 2:24,21.72,KGEG 230253Z 24016KT 1/4SM R21/2800V4000FT FG FEW001 OVC003 01/00 A2991 RMK AO2 PK WND 22026/0224 SFC VIS 1/2 SLP146 60003 T00060000 53023,null
GEG,2023-12-23 3:53,33,32,96.06,240,15,0,29.92,1014.9,0.5,24,OVC,null,null,null,200,null,null,null,BR,null,null,null,null,null,null,22.08,KGEG 230353Z 24015G24KT 1/2SM R21/P6000FT BR OVC002 01/00 A2992 RMK AO2 SFC VIS 1 SLP149 T00060000,null
GEG,2023-12-23 4:27,34,32,92.29,250,13,0,29.93,null,1.25,null,OVC,null,null,null,400,null,null,null,BR,null,null,null,null,null,null,24.13,KGEG 230427Z 25013KT 1 1/4SM BR OVC004 01/00 A2993 RMK AO2 SFC VIS 4 T00110000,null
GEG,2023-12-23 4:53,34,32,92.29,240,12,0,29.94,1015.8,1.25,null,OVC,null,null,null,400,null,null,null,BR,null,null,null,null,null,null,24.55,KGEG 230453Z 24012KT 1 1/4SM BR OVC004 01/00 A2994 RMK AO2 SFC VIS 5 SLP158 T00110000,null
GEG,2023-12-23 5:11,34,32,92.29,240,10,T,29.95,null,1,null,OVC,null,null,null,400,null,null,null,#NAME?,null,null,null,null,null,null,25.48,KGEG 230511Z 24010KT 1SM R21/P6000FT -SN BR OVC004 01/00 A2995 RMK AO2 SFC VIS 5 SNB11 P0000 T00110000,null
GEG,2023-12-23 5:27,34,32,92.29,240,10,T,29.96,null,1,null,OVC,null,null,null,300,null,null,null,BR,null,null,null,null,null,null,25.48,KGEG 230527Z 24010KT 1SM R21/P6000FT BR OVC003 01/00 A2996 RMK AO2 SFC VIS 5 SNB11E27 P0000 T00110000,null
GEG,2023-12-23 5:45,34,32,92.29,240,9,T,29.96,null,2,null,OVC,null,null,null,300,null,null,null,BR,null,null,null,null,null,null,26,KGEG 230545Z 24009KT 2SM BR OVC003 01/00 A2996 RMK AO2 SFC VIS 5 SNB11E27 CIG 003V007 P0000 T00110000,null
GEG,2023-12-23 5:53,34,31,88.63,250,13,T,29.96,1016.4,2,19,SCT,OVC,null,null,300,500,null,null,BR,null,null,null,null,null,null,24.13,KGEG 230553Z 25013G19KT 2SM BR SCT003 OVC005 01/M01 A2996 RMK AO2 SFC VIS 6 SNB11E27 SLP164 P0000 60003 T00111006 10017 20006 53018,null
GEG,2023-12-23 6:53,34,31,88.63,240,11,0,29.98,1016.9,7,null,OVC,null,null,null,700,null,null,null,null,null,null,null,null,null,null,24.99,KGEG 230653Z 24011KT 7SM OVC007 01/M01 A2998 RMK AO2 SLP169 T00111006,null
GEG,2023-12-23 7:53,33,30,88.58,230,11,0,30,1017.8,7,null,BKN,BKN,null,null,800,1200,null,null,null,null,null,null,null,null,null,23.73,KGEG 230753Z 23011KT 7SM BKN008 BKN012 01/M01 A3000 RMK AO2 SLP178 T00061011 400220000,null
GEG,2023-12-23 8:53,32,29,88.53,230,12,0,30.02,1018.2,7,null,BKN,BKN,null,null,800,1200,null,null,null,null,null,null,null,null,null,22,KGEG 230853Z 23012KT 7SM BKN008 BKN012 00/M02 A3002 RMK AO2 SLP182 T00001017 51017,null
GEG,2023-12-23 9:53,32,29,88.53,210,9,0,30.05,1019.3,7,null,BKN,BKN,null,null,600,1000,null,null,null,null,null,null,null,null,null,23.51,KGEG 230953Z 21009KT 7SM BKN006 BKN010 00/M02 A3005 RMK AO2 SLP193 T00001017,null
GEG,2023-12-23 10:53,30,28,92.15,220,10,0,30.07,1020.2,7,null,SCT,BKN,BKN,null,300,600,1000,null,null,null,null,null,null,null,null,20.46,KGEG 231053Z 22010KT 7SM SCT003 BKN006 BKN010 M01/M02 A3007 RMK AO2 SLP202 T10111022,null
GEG,2023-12-23 11:53,29,27,92.12,200,8,0,30.09,1020.9,7,null,SCT,SCT,BKN,null,300,700,11000,null,null,null,null,null,null,null,null,20.42,KGEG 231153Z 20008KT 7SM SCT003 SCT007 BKN110 M02/M03 A3009 RMK AO2 SLP209 70012 T10171028 10011 21017 51023,null
GEG,2023-12-23 12:53,29,26,88.38,210,9,0,30.11,1021.6,10,null,SCT,SCT,null,null,300,700,null,null,null,null,null,null,null,null,null,19.78,KGEG 231253Z 21009KT 10SM SCT003 SCT007 M02/M03 A3011 RMK AO2 SLP216 T10171033,null
GEG,2023-12-23 13:53,28,25,88.33,170,5,0,30.14,1022.8,10,null,SCT,SCT,null,null,200,700,null,null,null,null,null,null,null,null,null,21.64,KGEG 231353Z 17005KT 10SM SCT002 SCT007 M02/M04 A3014 RMK AO2 SLP228 T10221039,null
GEG,2023-12-23 14:20,27,25,92.05,140,5,0,30.16,null,6,null,SCT,SCT,null,null,200,700,null,null,BR,null,null,null,null,null,null,20.46,KGEG 231420Z 14005KT 6SM BR SCT002 SCT007 M03/M04 A3016 RMK AO2 VIS NW 3 T10281039,null
GEG,2023-12-23 14:36,27,25,92.05,180,4,0,30.16,null,2,null,BKN,null,null,null,200,null,null,null,BR,T,null,null,null,null,null,21.58,KGEG 231436Z 18004KT 2SM BR BKN002 M03/M04 A3016 RMK AO2 I1000 T10281039,null
GEG,2023-12-23 14:43,26,25,95.93,190,6,0,30.16,null,1,null,VV ,null,null,null,100,null,null,null,BR,T,null,null,null,null,null,18.3,KGEG 231443Z 19006KT 1SM R21/P6000FT BR VV001 M03/M04 A3016 RMK AO2 TWR VIS 3 I1000 T10331039,null
GEG,2023-12-23 14:53,26,25,95.93,200,6,0,30.16,1023.7,0.75,null,BKN,null,null,null,100,null,null,null,BR,0.01,0.01,null,null,null,null,18.3,KGEG 231453Z 20006KT 3/4SM R21/2800V4500FT BR BKN001 M03/M04 A3016 RMK AO2 TWR VIS 3 SLP237 I1001 I3001 T10331039 51023,null
GEG,2023-12-23 15:12,26,24,92.01,140,5,0,30.17,null,3,null,SCT,SCT,null,null,100,12000,null,null,BR BCFG,null,null,null,null,null,null,19.27,KGEG 231512Z 14005KT 3SM BR BCFG SCT001 SCT120 M03/M04 A3017 RMK AO2 VIS NE-SE 1 T10331044,null
GEG,2023-12-23 15:25,26,24,92.01,140,5,0,30.18,null,1.5,null,BKN,null,null,null,100,null,null,null,BR,null,null,null,null,null,null,19.27,KGEG 231525Z 14005KT 1 1/2SM BR BKN001 M03/M04 A3018 RMK AO2 TWR VIS 3 VIS NE-SE-S 3/4 T10331044,null
GEG,2023-12-23 15:33,26,24,92.01,160,6,0,30.18,null,0.25,null,BKN,null,null,null,100,null,null,null,FZFG,null,null,null,null,null,null,18.3,KGEG 231533Z 16006KT 1/4SM R21/4500VP6000FT FZFG BKN001 M03/M04 A3018 RMK AO2 SFC VIS 1/2 VIS NW 3/4 T10331044,null
GEG,2023-12-23 15:53,27,25,92.05,180,8,0,30.19,1024.7,0.25,null,VV ,null,null,null,100,null,null,null,FZFG,T,null,null,null,null,null,17.95,KGEG 231553Z 18008KT 1/4SM R21/4500VP6000FT FZFG VV001 M03/M04 A3019 RMK AO2 SFC VIS 1/2 SLP247 I1000 T10281039,null
GEG,2023-12-23 16:21,27,26,95.95,200,6,0,30.21,null,5,null,SCT,SCT,null,null,100,20000,null,null,BR BCFG,null,null,null,null,null,null,19.51,KGEG 231621Z 20006KT 5SM R21/2600VP6000FT BR BCFG SCT001 SCT200 M03/M03 A3021 RMK AO2 VIS NE-SE 1 T10281033,null
GEG,2023-12-23 16:45,27,25,92.05,170,3,0,30.21,null,0.25,null,BKN,null,null,null,100,null,null,null,BR,null,null,null,null,null,null,22.97,KGEG 231645Z 17003KT 1/4SM R21/P6000FT BR BKN001 M03/M04 A3021 RMK AO2 SFC VIS 3/4 VIS W-NW 1 T10281039,null
GEG,2023-12-23 16:53,27,26,95.95,190,4,0,30.21,1025.3,0.25,null,BKN,null,null,null,200,null,null,null,BR,null,null,null,null,null,null,21.58,KGEG 231653Z 19004KT 1/4SM R21/P6000FT BR BKN002 M03/M03 A3021 RMK AO2 SFC VIS 1 SLP253 T10281033,null
GEG,2023-12-23 17:53,28,27,95.97,160,6,0,30.24,1026.2,0.25,null,BKN,null,null,null,200,null,null,null,BR,null,null,0.01,null,null,null,20.71,KGEG 231753Z 16006KT 1/4SM R21/P6000FT BR BKN002 M02/M03 A3024 RMK AO2 SFC VIS 1 1/2 SLP262 I6001 T10221028 11017 21033 52025,null
GEG,2023-12-23 18:53,28,26,92.08,170,5,0,30.25,1026.7,0.25,null,SCT,OVC,null,null,200,300,null,null,BR BCFG,null,null,null,null,null,null,21.64,KGEG 231853Z 17005KT 1/4SM R21/P6000FT BR BCFG SCT002 OVC003 M02/M03 A3025 RMK AO2 SFC VIS 4 SLP267 VIS SE-S 1 1/2 T10221033,null
GEG,2023-12-23 19:21,29,27,92.12,190,6,0,30.25,null,0.25,null,SCT,BKN,BKN,null,300,15000,20000,null,BR,null,null,null,null,null,null,21.92,KGEG 231921Z 19006KT 1/4SM R21/P6000FT BR SCT003 BKN150 BKN200 M02/M03 A3025 RMK AO2 SFC VIS 5 T10171028,null
GEG,2023-12-23 19:36,29,26,88.38,160,5,0,30.25,null,0.25,null,BKN,BKN,BKN,null,300,15000,20000,null,BR,null,null,null,null,null,null,22.83,KGEG 231936Z 16005KT 1/4SM R21/P6000FT BR BKN003 BKN150 BKN200 M02/M03 A3025 RMK AO2 SFC VIS 5 T10171033,null
GEG,2023-12-23 19:42,29,26,88.38,190,5,0,30.25,null,7,null,SCT,SCT,BKN,null,300,15000,20000,null,null,null,null,null,null,null,null,22.83,KGEG 231942Z 19005KT 7SM SCT003 SCT150 BKN200 M02/M03 A3025 RMK AO2 T10171033,null
GEG,2023-12-23 19:53,30,27,88.44,160,4,0,30.25,1026.5,7,null,FEW,FEW,BKN,null,300,15000,20000,null,null,null,null,null,null,null,null,25.08,KGEG 231953Z 16004KT 7SM FEW003 FEW150 BKN200 M01/M03 A3025 RMK AO2 SLP265 T10111028,null
GEG,2023-12-23 20:32,31,27,84.92,180,6,0,30.26,null,8,null,SCT,BKN,null,null,400,700,null,null,null,null,null,null,null,null,null,24.33,KGEG 232032Z 18006KT 8SM SCT004 BKN007 M01/M03 A3026 RMK AO2 T10061028,null
GEG,2023-12-23 20:53,32,27,81.55,230,8,0,30.26,1026.7,10,null,FEW,SCT,BKN,null,400,700,20000,null,null,null,null,null,null,null,null,24.11,KGEG 232053Z 23008KT 10SM FEW004 SCT007 BKN200 00/M03 A3026 RMK AO2 SLP267 T00001028 51005,null
GEG,2023-12-23 21:53,31,27,84.92,230,6,0,30.27,1027,10,null,BKN,null,null,null,700,null,null,null,null,null,null,null,null,null,null,24.33,KGEG 232153Z 23006KT 10SM BKN007 M01/M03 A3027 RMK AO2 SLP270 T10061028,null
GEG,2023-12-23 22:53,31,27,84.92,180,4,0,30.28,1027.6,10,null,BKN,null,null,null,700,null,null,null,null,null,null,null,null,null,null,26.25,KGEG 232253Z 18004KT 10SM BKN007 M01/M03 A3028 RMK AO2 SLP276 T10061028,null
GEG,2023-12-23 23:53,30,26,84.85,190,6,0,30.29,1028.2,10,null,BKN,null,null,null,500,null,null,null,BCFG,null,null,null,null,null,null,23.12,KGEG 232353Z 19006KT 10SM BCFG BKN005 M01/M03 A3029 RMK AO2 SLP282 VIS W-NW 3 VCFG S-SW T10111033 10000 21022 53011,null
GEG,2023-12-24 0:53,29,26,88.38,180,6,0,30.31,1028.8,3,null,FEW,BKN,null,null,200,400,null,null,BCFG,null,null,null,null,null,null,21.92,KGEG 240053Z 18006KT 3SM BCFG FEW002 BKN004 M02/M03 A3031 RMK AO2 SFC VIS 10 SLP288 VIS W-NW 3 T10171033,null
GEG,2023-12-24 1:24,28,26,92.08,190,4,0,30.31,null,2,null,FEW,BKN,null,null,200,400,null,null,BCFG,null,null,null,null,null,null,22.75,KGEG 240124Z 19004KT 2SM BCFG FEW002 BKN004 M02/M03 A3031 RMK AO2 SFC VIS 10 VIS W-N 3 BCFG S-W T10221033,null
GEG,2023-12-24 1:53,28,26,92.08,200,4,0,30.3,1028.8,2,null,FEW,BKN,null,null,200,400,null,null,BCFG,null,null,null,null,null,null,22.75,KGEG 240153Z 20004KT 2SM BCFG FEW002 BKN004 M02/M03 A3030 RMK AO2 SFC VIS 10 SLP288 VIS W-N 3 BKN004 V SCT VCFG S-W T10221033,null
GEG,2023-12-24 2:01,28,26,92.08,210,3,0,30.31,null,10,null,FEW,SCT,null,null,200,400,null,null,BCFG,null,null,null,null,null,null,24.12,KGEG 240201Z 21003KT 10SM BCFG FEW002 SCT004 M02/M03 A3031 RMK AO2 VIS W-N 3 VCFG S-W T10221033,null
GEG,2023-12-24 2:53,27,25,92.05,270,4,0,30.31,1029.2,9,null,FEW,FEW,null,null,200,12000,null,null,BCFG,T,T,null,null,null,null,21.58,KGEG 240253Z 27004KT 9SM BCFG FEW002 FEW120 M03/M04 A3031 RMK AO2 SLP292 VIS W-N 1 VCFG SW-W I1000 I3000 T10281039 51006,null
GEG,2023-12-24 3:05,26,24,92.01,260,3,0,30.31,null,0.25,null,BKN,BKN,null,null,100,12000,null,null,FZFG,T,null,null,null,null,null,21.83,KGEG 240305Z COR 26003KT 1/4SM R21/3500VP6000FT FZFG BKN001 BKN120 M03/M04 A3031 RMK AO2 TWR VIS 4 VIS E-S 4 I1000 T10331044,null
GEG,2023-12-24 3:09,26,24,92.01,270,4,0,30.31,null,0.25,null,BKN,BKN,null,null,100,12000,null,null,FZFG,0.01,null,null,null,null,null,20.41,KGEG 240309Z 27004KT 1/4SM R21/3500VP6000FT FZFG BKN001 BKN120 M03/M04 A3031 RMK AO2 TWR VIS 4 VIS E-S 4 I1001 T10331044,null
GEG,2023-12-24 3:27,26,25,95.93,240,3,0,30.32,null,0.5,null,BKN,null,null,null,100,null,null,null,FZFG,0.01,null,null,null,null,null,21.83,KGEG 240327Z 24003KT 1/2SM R21/3000VP6000FT FZFG BKN001 M03/M04 A3032 RMK AO2 TWR VIS 4 I1001 T10331039,null
GEG,2023-12-24 3:42,25,23,91.97,270,4,0,30.32,null,0.25,null,BKN,BKN,null,null,100,400,null,null,FZFG,0.02,null,null,null,null,null,19.25,KGEG 240342Z 27004KT 1/4SM R21/P6000FT FZFG BKN001 BKN004 M04/M05 A3032 RMK AO2 TWR VIS 4 I1002 T10391050,null
GEG,2023-12-24 3:53,25,24,95.91,260,3,0,30.32,1029.7,0.12,null,BKN,null,null,null,100,null,null,null,FZFG,0.03,null,null,null,null,null,20.69,KGEG 240353Z COR 26003KT 1/8SM R21/3500V5000FT FZFG BKN001 M04/M04 A3032 RMK AO2 TWR VIS 4 SLP297 I1003 T10391044,null
GEG,2023-12-24 4:51,24.8,21.2,85.96,0,0,0,30.33,null,0.12,null,BKN,null,null,null,100,null,null,null,FZFG,0.01,null,null,null,null,null,24.8,KGEG 240451Z 00000KT 1/8SM R21/1400V2000FT FZFG BKN001 M04/M06 A3033 RMK AO2 TWR VIS 4+ I1001,null
GEG,2023-12-24 4:53,24,22,91.94,0,0,0,30.33,1029.8,0.12,null,BKN,null,null,null,100,null,null,null,FZFG,0.01,null,null,null,null,null,24,KGEG 240453Z 00000KT 1/8SM R21/1400V2000FT FZFG BKN001 M04/M06 A3033 RMK AO2 SLP298 TWR VIS 4+ I1001 T10441056,null
GEG,2023-12-24 5:34,24,21,88.13,20,3,0,30.33,null,0.25,null,BKN,null,null,null,100,null,null,null,FZFG,T,null,null,null,null,null,19.54,KGEG 240534Z 02003KT 1/4SM R21/1200V1400FT FZFG BKN001 M04/M06 A3033 RMK AO2 TWR VIS 4+ I1000 T10441061,null
GEG,2023-12-24 5:48,24.8,21.2,85.96,50,4,0,30.33,null,0.25,null,BKN,null,null,null,100,null,null,null,FZFG,0.01,null,null,null,null,null,19.01,KGEG 240548Z COR 05004KT 1/4SM R21/1800V2600FT FZFG BKN001 M04/M06 A3033 RMK AO2 I1001,null
GEG,2023-12-24 5:53,25,22,88.18,50,3,0,30.33,1029.8,0.25,null,BKN,null,null,null,100,null,null,null,FZFG,0.01,null,0.05,null,null,null,20.69,KGEG 240553Z 05003KT 1/4SM R21/1800V3500FT FZFG BKN001 M04/M06 A3033 RMK AO2 SLP298 I1001 I6005 T10391056 11011 21050 52001,null
GEG,2023-12-24 6:02,26,22,84.59,70,4,0,30.33,null,0.12,null,VV ,null,null,null,100,null,null,null,FZFG,T,null,null,null,null,null,20.41,KGEG 240602Z 07004KT 1/8SM R21/1400V2200FT FZFG VV001 M03/M06 A3033 RMK AO2 TWR VIS 1/4 I1000 T10331056,null
GEG,2023-12-24 6:06,26,22,84.59,50,4,0,30.33,null,0.12,null,VV ,null,null,null,100,null,null,null,FZFG,0.01,null,null,null,null,null,20.41,KGEG 240606Z 05004KT 1/8SM R21/1400V2800FT FZFG VV001 M03/M06 A3033 RMK AO2 TWR VIS 1/4 I1001 T10331056,null
GEG,2023-12-24 6:31,27,23,84.66,60,4,0,30.33,null,0.12,null,VV ,null,null,null,100,null,null,null,FZFG,0.05,null,null,null,null,null,21.58,KGEG 240631Z 06004KT 1/8SM R21/1000V1400FT FZFG VV001 M03/M05 A3033 RMK AO2 TWR VIS 1/4 I1005 T10281050,null
GEG,2023-12-24 6:53,28,24,84.72,40,3,0,30.33,1029.6,0.12,null,VV ,null,null,null,100,null,null,null,FZFG,0.07,null,null,null,null,null,24.12,KGEG 240653Z 04003KT 1/8SM R21/1000V1400FT FZFG VV001 M02/M04 A3033 RMK AO2 TWR VIS 1/4 SLP296 I1007 T10221044,null
GEG,2023-12-24 7:00,28,24,84.72,60,3,0,30.33,null,0.12,null,VV ,null,null,null,100,null,null,null,FZFG,0.01,null,null,null,null,null,24.12,KGEG 240700Z 06003KT 1/8SM R21/1000V4500FT FZFG VV001 M02/M04 A3033 RMK AO2 TWR VIS 1/4 I1001 T10221044,null
GEG,2023-12-24 7:16,29,24,81.32,30,5,0,30.33,null,0.12,null,VV ,null,null,null,100,null,null,null,FZFG,0.01,null,null,null,null,null,22.83,KGEG 240716Z COR 03005KT 1/8SM R21/1000V1800FT FZFG VV001 M02/M04 A3033 RMK AO2 TWR VIS 1/4 I1001 T10171044,null
GEG,2023-12-24 7:33,28,24,84.72,50,3,0,30.33,null,0.12,null,VV ,null,null,null,100,null,null,null,FZFG,null,null,null,null,null,null,24.12,KGEG 240733Z COR 05003KT 1/8SM R21/1400V4000FT FZFG VV001 M02/M04 A3033 RMK AO2 TWR VIS 1/4 T10221044,null
GEG,2023-12-24 7:53,28,23,81.25,20,4,0,30.33,1029.5,0.06,null,VV ,null,null,null,100,null,null,null,FZFG,null,null,null,null,null,null,22.75,KGEG 240753Z COR 02004KT 1/16SM R21/1200V2000FT FZFG VV001 M02/M05 A3033 RMK AO2 TWR VIS 1/4 SLP295 T10221050 400061050,null
GEG,2023-12-24 8:53,29,24,81.32,80,5,0,30.32,1029.1,0.06,null,VV ,null,null,null,100,null,null,null,FZFG,0.02,0.02,null,null,null,null,22.83,KGEG 240853Z 08005KT 1/16SM R21/1200V1600FT FZFG VV001 M02/M04 A3032 RMK AO2 TWR VIS 1/4 SLP291 I1002 I3002 T10171044 58002,null
GEG,2023-12-24 9:53,29,24,81.32,60,5,0,30.32,1029.3,0.06,null,VV ,null,null,null,100,null,null,null,FZFG,0.03,null,null,null,null,null,22.83,KGEG 240953Z 06005KT 1/16SM R21/1000V1200FT FZFG VV001 M02/M04 A3032 RMK AO2 TWR VIS 1/4 SLP293 I1003 T10171044,null
GEG,2023-12-24 10:53,29,24,81.32,50,6,0,30.32,1029.3,0.06,null,VV ,null,null,null,100,null,null,null,FZFG,0.02,null,null,null,null,null,21.92,KGEG 241053Z 05006KT 1/16SM R21/1400V1600FT FZFG VV001 M02/M04 A3032 RMK AO2 TWR VIS 1/4 SLP293 I1002 T10171044,null
GEG,2023-12-24 11:53,29,23,77.98,50,6,0,30.32,1029.1,0.25,null,VV ,null,null,null,100,null,null,null,FZFG,0.02,null,0.18,null,null,null,21.92,KGEG 241153Z COR 05006KT 1/4SM R21/1600V1800FT FZFG VV001 M02/M05 A3032 RMK AO2 SLP291 I1002 I6018 T10171050 11011 21039 58002,null
GEG,2023-12-24 12:30,29,23,77.98,50,7,0,30.31,null,0.06,null,VV ,null,null,null,100,null,null,null,FZFG,0.01,null,null,null,null,null,21.12,KGEG 241230Z 05007KT 1/16SM R21/1000V1200FT FZFG VV001 M02/M05 A3031 RMK AO2 TWR VIS 1/4 I1001 T10171050,null
GEG,2023-12-24 12:53,25,23,91.97,60,6,0,30.31,1029.3,0.12,null,VV ,null,null,null,100,null,null,null,FZFG,0.02,null,null,null,null,null,17.1,KGEG 241253Z 06006KT 1/8SM R21/1000V1200FT FZFG VV001 M04/M05 A3031 RMK AO2 TWR VIS 1/4 SLP293 I1002 T10391050,null
GEG,2023-12-24 13:53,25,23,91.97,50,7,0,30.31,1029.1,0.25,null,VV ,null,null,null,100,null,null,null,FZFG,0.01,null,null,null,null,null,16.25,KGEG 241353Z 05007KT 1/4SM R21/1600V2400FT FZFG VV001 M04/M05 A3031 RMK AO2 SLP291 I1001 T10391050,null
GEG,2023-12-24 14:24,25,23,91.97,50,6,0,30.3,null,0.25,null,VV ,null,null,null,200,null,null,null,FZFG,0.01,null,null,null,null,null,17.1,KGEG 241424Z 05006KT 1/4SM R21/1400V3500FT FZFG VV002 M04/M05 A3030 RMK AO2 I1001 T10391050,null
GEG,2023-12-24 14:49,24.8,23,92.74,60,6,0,30.29,null,0.25,null,VV ,null,null,null,200,null,null,null,FZFG,0.01,null,null,null,null,null,16.86,KGEG 241449Z 06006KT 1/4SM R21/1200V1600FT FZFG VV002 M04/M05 A3029 RMK AO2 TWR VIS 1/4 I1001,null
GEG,2023-12-24 14:53,25,21,84.53,50,7,0,30.29,1028.7,0.12,null,VV ,null,null,null,200,null,null,null,FZFG,0.01,0.04,null,null,null,null,16.25,KGEG 241453Z 05007KT 1/8SM R21/1200V1400FT FZFG VV002 M04/M06 A3029 RMK AO2 TWR VIS 1/4 SLP287 I1001 I3004 T10391061 56006,null
GEG,2023-12-24 15:19,25,24,95.91,60,9,0,30.29,null,0.25,null,VV ,null,null,null,100,null,null,null,FZFG,T,null,null,null,null,null,14.81,KGEG 241519Z 06009KT 1/4SM R21/1400V3500FT FZFG VV001 M04/M04 A3029 RMK AO2 I1000 T10391044,null
GEG,2023-12-24 15:26,25,24,95.91,50,7,0,30.29,null,0.25,null,VV ,null,null,null,200,null,null,null,FZFG,T,null,null,null,null,null,16.25,KGEG 241526Z 05007KT 1/4SM R21/1800V3500FT FZFG VV002 M04/M04 A3029 RMK AO2 I1000 T10391044,null
GEG,2023-12-24 15:53,23,21,91.9,60,8,0,30.28,1028.5,0.25,null,VV ,null,null,null,200,null,null,null,FZFG,0.01,null,null,null,null,null,13.03,KGEG 241553Z 06008KT 1/4SM R21/2200V4500FT FZFG VV002 M05/M06 A3028 RMK AO2 SLP285 I1001 T10501061,null
GEG,2023-12-24 16:53,23,22,95.88,60,10,0,30.27,1028.2,0.25,null,OVC,null,null,null,200,null,null,null,BR,null,null,null,null,null,null,11.68,KGEG 241653Z 06010KT 1/4SM R21/P6000FT BR OVC002 M05/M06 A3027 RMK AO2 SFC VIS 1 SLP282 VIS NE-E 3/4 T10501056,null
GEG,2023-12-24 17:53,25,22,88.18,50,10,0,30.27,1028.1,0.25,null,OVC,null,null,null,200,null,null,null,BR,0.02,null,0.07,null,null,null,14.19,KGEG 241753Z 05010KT 1/4SM R21/P6000FT BR OVC002 M04/M06 A3027 RMK AO2 SFC VIS 1 1/2 SLP281 I1002 I6007 T10391056 11017 21050 55006,null
GEG,2023-12-24 18:47,24.8,23,92.74,50,8,0,30.27,null,5,null,FEW,BKN,BKN,null,200,400,20000,null,BR,0.02,null,null,null,null,null,15.24,KGEG 241847Z 05008KT 5SM BR FEW002 BKN004 BKN200 M04/M05 A3027 RMK AO2 I1002,null
GEG,2023-12-24 18:53,25,23,91.97,40,8,0,30.26,1027.5,5,null,FEW,BKN,BKN,null,200,400,20000,null,BR,0.02,null,null,null,null,null,15.49,KGEG 241853Z 04008KT 5SM BR FEW002 BKN004 BKN200 M04/M05 A3026 RMK AO2 SLP275 I1002 T10391050,null
GEG,2023-12-24 19:53,25,23,91.97,50,10,0,30.24,1026.8,10,null,SCT,BKN,null,null,500,20000,null,null,null,0.01,null,null,null,null,null,14.19,KGEG 241953Z 05010KT 10SM SCT005 BKN200 M04/M05 A3024 RMK AO2 SLP268 I1001 T10391050,null
GEG,2023-12-24 20:53,30,25,81.4,50,10,0,30.21,1025.6,10,null,FEW,BKN,null,null,800,20000,null,null,null,null,0.03,null,null,null,null,20.46,KGEG 242053Z 05010KT 10SM FEW008 BKN200 M01/M04 A3021 RMK AO2 SLP256 I3003 T10111039 58018,null
GEG,2023-12-24 21:53,31,26,81.48,30,6,0,30.2,1025.1,10,null,FEW,BKN,null,null,1100,20000,null,null,null,null,null,null,null,null,null,24.33,KGEG 242153Z 03006KT 10SM FEW011 BKN200 M01/M03 A3020 RMK AO2 SLP251 T10061033,null
GEG,2023-12-24 22:53,31,24,74.97,70,3,0,30.23,1026,10,null,FEW,BKN,null,null,1200,20000,null,null,null,null,null,null,null,null,null,27.55,KGEG 242253Z 07003KT 10SM FEW012 BKN200 M01/M04 A3023 RMK AO2 SLP260 T10061044,null
GEG,2023-12-24 23:53,30,24,78.07,0,0,0,30.24,1026.4,10,null,FEW,FEW,BKN,null,1200,8000,20000,null,null,null,null,0.03,null,null,null,30,KGEG 242353Z 00000KT 10SM FEW012 FEW080 BKN200 M01/M04 A3024 RMK AO2 SLP264 I6003 T10111044 10000 21039 53008,null
GEG,2023-12-25 0:53,28,24,84.72,0,0,0,30.26,1027.4,10,null,SCT,BKN,null,null,8000,24000,null,null,null,null,null,null,null,null,null,28,KGEG 250053Z 00000KT 10SM SCT080 BKN240 M02/M04 A3026 RMK AO2 SLP274 T10221044,null
GEG,2023-12-25 1:53,26,24,92.01,0,0,0,30.26,1027.5,10,null,FEW,BKN,null,null,10000,24000,null,null,null,null,null,null,null,null,null,26,KGEG 250153Z 00000KT 10SM FEW100 BKN240 M03/M04 A3026 RMK AO2 SLP275 T10331044,null
GEG,2023-12-25 2:53,24,23,95.89,0,0,0,30.26,1027.9,10,null,SCT,BKN,null,null,7000,24000,null,null,null,null,null,null,null,null,null,24,KGEG 250253Z 00000KT 10SM SCT070 BKN240 M04/M05 A3026 RMK AO2 SLP279 T10441050 51008,null
GEG,2023-12-25 3:53,28,25,88.33,0,0,0,30.28,1028.4,10,null,BKN,OVC,null,null,6500,24000,null,null,null,null,null,null,null,null,null,28,KGEG 250353Z 00000KT 10SM BKN065 OVC240 M02/M04 A3028 RMK AO2 SLP284 T10221039,null
GEG,2023-12-25 4:53,29,25,84.79,70,3,0,30.28,1028.3,10,null,BKN,OVC,null,null,6000,24000,null,null,null,null,null,null,null,null,null,25.26,KGEG 250453Z 07003KT 10SM BKN060 OVC240 M02/M04 A3028 RMK AO2 SLP283 T10171039,null
GEG,2023-12-25 5:53,28,24,84.72,60,6,0,30.29,1028.5,10,null,OVC,null,null,null,5500,null,null,null,null,null,null,null,null,null,null,20.71,KGEG 250553Z 06006KT 10SM OVC055 M02/M04 A3029 RMK AO2 SLP285 T10221044 11011 21044 51008,null
GEG,2023-12-25 6:53,28,23,81.25,60,6,0,30.29,1028.6,10,null,OVC,null,null,null,5000,null,null,null,null,null,null,null,null,null,null,20.71,KGEG 250653Z 06006KT 10SM OVC050 M02/M05 A3029 RMK AO2 SLP286 T10221050,null
GEG,2023-12-25 7:53,27,23,84.66,70,8,0,30.29,1028.5,10,null,OVC,null,null,null,4800,null,null,null,null,null,null,null,null,null,null,17.95,KGEG 250753Z 07008KT 10SM OVC048 M03/M05 A3029 RMK AO2 SLP285 T10281050 400111050,null
GEG,2023-12-25 8:53,27,23,84.66,60,6,0,30.3,1028.5,10,null,OVC,null,null,null,4500,null,null,null,null,null,null,null,null,null,null,19.51,KGEG 250853Z 06006KT 10SM OVC045 M03/M05 A3030 RMK AO2 SLP285 T10281050 53002,null
GEG,2023-12-25 9:53,27,23,84.66,70,7,0,30.31,1028.9,10,null,OVC,null,null,null,4300,null,null,null,null,null,null,null,null,null,null,18.68,KGEG 250953Z 07007KT 10SM OVC043 M03/M05 A3031 RMK AO2 SLP289 T10281050,null
GEG,2023-12-25 10:53,27,22,81.17,60,8,0,30.31,1028.8,10,null,OVC,null,null,null,4100,null,null,null,null,null,null,null,null,null,null,17.95,KGEG 251053Z 06008KT 10SM OVC041 M03/M06 A3031 RMK AO2 SLP288 T10281056,null
GEG,2023-12-25 11:53,27,22,81.17,50,8,0,30.31,1029,10,null,FEW,OVC,null,null,2500,3900,null,null,null,null,null,null,null,null,null,17.95,KGEG 251153Z 05008KT 10SM FEW025 OVC039 M03/M06 A3031 RMK AO2 SLP290 T10281056 11022 21028 51004,null
GEG,2023-12-25 12:53,27,22,81.17,60,8,0,30.31,1029.1,10,null,OVC,null,null,null,4000,null,null,null,null,null,null,null,null,null,null,17.95,KGEG 251253Z 06008KT 10SM OVC040 M03/M06 A3031 RMK AO2 SLP291 T10281056,null
GEG,2023-12-25 13:53,28,22,77.89,50,9,0,30.32,1029.3,10,null,OVC,null,null,null,4100,null,null,null,null,null,null,null,null,null,null,18.54,KGEG 251353Z 05009KT 10SM OVC041 M02/M06 A3032 RMK AO2 SLP293 T10221056,null
GEG,2023-12-25 14:53,27,22,81.17,60,11,0,30.32,1029.5,10,null,SCT,null,null,null,4100,null,null,null,null,null,null,null,null,null,null,16.15,KGEG 251453Z 06011KT 10SM SCT041 M03/M06 A3032 RMK AO2 SLP295 T10281056 53002,null
GEG,2023-12-25 15:53,26,21,81.09,60,9,0,30.33,1029.7,10,null,SCT,SCT,null,null,4000,14000,null,null,null,null,null,null,null,null,null,16.05,KGEG 251553Z 06009KT 10SM SCT040 SCT140 M03/M06 A3033 RMK AO2 SLP297 T10331061,null
GEG,2023-12-25 16:53,27,22,81.17,60,8,0,30.34,1030.1,10,null,SCT,SCT,null,null,4000,17000,null,null,null,null,null,null,null,null,null,17.95,KGEG 251653Z 06008KT 10SM SCT040 SCT170 M03/M06 A3034 RMK AO2 SLP301 T10281056,null
GEG,2023-12-25 17:53,27,22,81.17,60,7,0,30.33,1029.7,10,null,FEW,BKN,null,null,3500,16000,null,null,null,null,null,null,null,null,null,18.68,KGEG 251753Z 06007KT 10SM FEW035 BKN160 M03/M06 A3033 RMK AO2 SLP297 T10281056 11022 21033 50004,null
GEG,2023-12-25 18:53,29,22,74.77,60,9,0,30.31,1029.1,10,null,BKN,null,null,null,15000,null,null,null,null,null,null,null,null,null,null,19.78,KGEG 251853Z 06009KT 10SM BKN150 M02/M06 A3031 RMK AO2 SLP291 T10171056,null
GEG,2023-12-25 19:53,33,22,63.59,70,9,0,30.29,1028.2,10,null,BKN,BKN,null,null,15000,20000,null,null,null,null,null,null,null,null,null,24.76,KGEG 251953Z 07009KT 10SM BKN150 BKN200 00/M06 A3029 RMK AO2 SLP282 T00061056,null
GEG,2023-12-25 20:53,33,24,69.16,60,8,0,30.27,1027.5,10,null,FEW,BKN,BKN,null,5000,15000,20000,null,null,null,null,null,null,null,null,25.34,KGEG 252053Z 06008KT 10SM FEW050 BKN150 BKN200 00/M04 A3027 RMK AO2 SLP275 T00061044 58019,null
GEG,2023-12-25 21:53,35,24,63.85,50,9,0,30.26,1027,10,null,BKN,BKN,null,null,15000,20000,null,null,null,null,null,null,null,null,null,27.24,KGEG 252153Z 05009KT 10SM BKN150 BKN200 02/M04 A3026 RMK AO2 SLP270 T00171044,null
GEG,2023-12-25 22:53,34,23,63.72,60,9,0,30.25,1026.4,10,null,SCT,BKN,BKN,null,6500,8500,15000,null,null,null,null,null,null,null,null,26,KGEG 252253Z 06009KT 10SM SCT065 BKN085 BKN150 01/M05 A3025 RMK AO2 SLP264 T00111050,null
GEG,2023-12-25 23:53,34,23,63.72,70,7,0,30.25,1026.5,10,null,SCT,BKN,BKN,null,7500,13000,18000,null,null,null,null,null,null,null,null,27.22,KGEG 252353Z 07007KT 10SM SCT075 BKN130 BKN180 01/M05 A3025 RMK AO2 SLP265 T00111050 10017 21022 55007,null
GEG,2023-12-26 0:53,33,23,66.32,70,10,0,30.24,1026.5,10,null,SCT,BKN,BKN,null,6000,8500,18000,null,null,null,null,null,null,null,null,24.22,KGEG 260053Z 07010KT 10SM SCT060 BKN085 BKN180 01/M05 A3024 RMK AO2 SLP265 T00061050,null
GEG,2023-12-26 1:53,32,23,69.04,60,8,0,30.24,1026.3,10,null,BKN,BKN,BKN,null,5000,9000,18000,null,null,null,null,null,null,null,null,24.11,KGEG 260153Z 06008KT 10SM BKN050 BKN090 BKN180 00/M05 A3024 RMK AO2 SLP263 T00001050,null
GEG,2023-12-26 2:53,32,23,69.04,60,8,0,30.22,1025.8,10,null,OVC,null,null,null,4500,null,null,null,null,null,null,null,null,null,null,24.11,KGEG 260253Z 06008KT 10SM OVC045 00/M05 A3022 RMK AO2 SLP258 T00001050 58008,null
GEG,2023-12-26 3:53,31,22,68.92,60,8,0,30.22,1025.9,10,null,SCT,BKN,BKN,null,4600,7500,18000,null,null,null,null,null,null,null,null,22.88,KGEG 260353Z 06008KT 10SM SCT046 BKN075 BKN180 M01/M06 A3022 RMK AO2 SLP259 T10061056,null
GEG,2023-12-26 4:53,31,23,71.89,60,8,0,30.21,1025.5,10,null,SCT,BKN,null,null,4200,7000,null,null,null,null,null,null,null,null,null,22.88,KGEG 260453Z 06008KT 10SM SCT042 BKN070 M01/M05 A3021 RMK AO2 SLP255 T10061050,null
GEG,2023-12-26 5:53,31,23,71.89,50,8,0,30.2,1025.3,10,null,OVC,null,null,null,3500,null,null,null,null,null,null,null,null,null,null,22.88,KGEG 260553Z 05008KT 10SM OVC035 M01/M05 A3020 RMK AO2 SLP253 T10061050 10011 21006 58006,null
GEG,2023-12-26 6:53,32,23,69.04,60,8,0,30.19,1024.5,10,null,SCT,OVC,null,null,3400,5000,null,null,null,null,null,null,null,null,null,24.11,KGEG 260653Z 06008KT 10SM SCT034 OVC050 00/M05 A3019 RMK AO2 SLP245 T00001050,null
GEG,2023-12-26 7:31,31,23,71.89,60,9,0,30.19,null,10,null,BKN,OVC,null,null,2900,3600,null,null,null,null,null,null,null,null,null,22.27,KGEG 260731Z 06009KT 10SM BKN029 OVC036 M01/M05 A3019 RMK AO2 T10061050,null
GEG,2023-12-26 7:53,31,23,71.89,60,10,0,30.18,1024.1,10,null,FEW,SCT,OVC,null,2500,3700,4400,null,null,null,null,null,null,null,null,21.71,KGEG 260753Z 06010KT 10SM FEW025 SCT037 OVC044 M01/M05 A3018 RMK AO2 SLP241 T10061050 400171033,null
GEG,2023-12-26 8:10,31,23,71.89,60,8,0,30.18,null,10,null,BKN,BKN,OVC,null,2400,3000,4400,null,null,null,null,null,null,null,null,22.88,KGEG 260810Z 06008KT 10SM BKN024 BKN030 OVC044 M01/M05 A3018 RMK AO2 T10061050,null
GEG,2023-12-26 8:34,31,23,71.89,70,12,0,30.15,null,10,null,SCT,OVC,null,null,2400,4600,null,null,null,null,null,null,null,null,null,20.73,KGEG 260834Z 07012KT 10SM SCT024 OVC046 M01/M05 A3015 RMK AO2 PRESFR T10061050,null
GEG,2023-12-26 8:47,32,24.8,74.44,60,7,T,30.17,null,10,null,FEW,BKN,OVC,null,2400,4800,7000,null,#NAME?,null,null,null,null,null,null,24.78,KGEG 260847Z 06007KT 10SM -SN FEW024 BKN048 OVC070 00/M04 A3017 RMK AO2 SNB47 P0000,null
GEG,2023-12-26 8:53,32,24,72,70,4,T,30.18,1023.9,9,null,FEW,BKN,OVC,null,2400,4800,7000,null,#NAME?,null,null,null,null,null,null,27.42,KGEG 260853Z 07004KT 9SM -SN FEW024 BKN048 OVC070 00/M04 A3018 RMK AO2 SNB47 SLP239 P0000 60000 T00001044 56008,null
GEG,2023-12-26 9:02,32,24,72,40,5,T,30.18,null,9,null,BKN,BKN,OVC,null,2200,4200,7000,null,null,null,null,null,null,null,null,26.4,KGEG 260902Z 04005KT 9SM BKN022 BKN042 OVC070 00/M04 A3018 RMK AO2 SNE02 P0000 T00001044,null
GEG,2023-12-26 9:53,32,24,72,50,7,T,30.18,1024.1,10,null,FEW,OVC,null,null,900,2300,null,null,null,null,null,null,null,null,null,24.78,KGEG 260953Z 05007KT 10SM FEW009 OVC023 00/M04 A3018 RMK AO2 SNE02 SLP241 P0000 T00001044,null
GEG,2023-12-26 10:38,31,25,78.16,70,6,T,30.19,null,4,null,SCT,OVC,null,null,2800,3200,null,null,#NAME?,null,null,null,null,null,null,24.33,KGEG 261038Z 07006KT 4SM -SN SCT028 OVC032 M01/M04 A3019 RMK AO2 SNB29 P0000 T10061039,null
GEG,2023-12-26 10:53,31,25,78.16,90,10,T,30.18,1023.8,5,null,OVC,null,null,null,3500,null,null,null,#NAME?,null,null,null,null,null,null,21.71,KGEG 261053Z 09010KT 5SM -SN OVC035 M01/M04 A3018 RMK AO2 SNB29 SLP238 P0000 T10061039,null
GEG,2023-12-26 11:01,30,25,81.4,80,11,T,30.16,null,2.5,null,FEW,OVC,null,null,3300,4000,null,null,#NAME?,null,null,null,null,null,null,19.94,KGEG 261101Z 08011KT 2 1/2SM -SN FEW033 OVC040 M01/M04 A3016 RMK AO2 TWR VIS 4+ P0000 T10111039,null
GEG,2023-12-26 11:17,31,26,81.48,90,8,0.01,30.17,null,7,null,OVC,null,null,null,4200,null,null,null,#NAME?,T,null,null,null,null,null,22.88,KGEG 261117Z 09008KT 7SM -FZRA OVC042 M01/M03 A3017 RMK AO2 FZRAB17SNE17 P0001 I1000 T10061033,null
GEG,2023-12-26 11:53,31,27,84.92,60,7,0.02,30.17,1023.6,6,null,FEW,BKN,OVC,null,2000,2700,4000,null,#NAME?,0.02,null,0.02,null,null,null,23.56,KGEG 261153Z 06007KT 6SM -FZRASN BR FEW020 BKN027 OVC040 M01/M03 A3017 RMK AO2 FZRAB17SNE17B53 SLP236 P0002 60002 70002 I1002 I6002 T10061028 10000 21011 58003,null
GEG,2023-12-26 12:14,31,28,88.48,60,4,0.01,30.17,null,3,null,BKN,OVC,null,null,2200,2700,null,null,#NAME?,T,null,null,null,null,null,26.25,KGEG 261214Z 06004KT 3SM -SN BR BKN022 OVC027 M01/M02 A3017 RMK AO2 FZRAE14 TWR VIS 4+ P0001 I1000 T10061022,null
GEG,2023-12-26 12:20,31,28,88.48,60,4,0.02,30.17,null,3,null,FEW,BKN,OVC,null,900,2200,2700,null,#NAME?,T,null,null,null,null,null,26.25,KGEG 261220Z 06004KT 3SM -SN BR FEW009 BKN022 OVC027 M01/M02 A3017 RMK AO2 FZRAE14 TWR VIS 4+ P0002 I1000 T10061022,null
GEG,2023-12-26 12:53,30,28,92.15,60,7,0.04,30.16,1023.4,6,null,FEW,SCT,OVC,null,700,2200,4000,null,#NAME?,T,null,null,null,null,null,22.34,KGEG 261253Z 06007KT 6SM -FZRASN BR FEW007 SCT022 OVC040 M01/M02 A3016 RMK AO2 FZRAE14B53 SLP234 P0004 I1000 T10111022,null
GEG,2023-12-26 13:09,30,28,92.15,70,6,T,30.16,null,9,null,FEW,BKN,OVC,null,600,3300,4500,null,null,T,null,null,null,null,null,23.12,KGEG 261309Z 07006KT 9SM FEW006 BKN033 OVC045 M01/M02 A3016 RMK AO2 FZRAE09SNE09 P0000 I1000 T10111022,null
GEG,2023-12-26 13:25,31,29,92.19,60,5,T,30.17,null,10,null,FEW,SCT,OVC,null,600,1800,2300,null,null,T,null,null,null,null,null,25.21,KGEG 261325Z 06005KT 10SM FEW006 SCT018 OVC023 M01/M02 A3017 RMK AO2 FZRAE09SNE09 FEW V SCT P0000 I1000 T10061017,null
GEG,2023-12-26 13:43,31,29,92.19,50,4,T,30.17,null,10,null,BKN,OVC,null,null,600,1800,null,null,#NAME?,T,null,null,null,null,null,26.25,KGEG 261343Z 05004KT 10SM -SN BKN006 OVC018 M01/M02 A3017 RMK AO2 FZRAE09SNE09B43 CIG 005V009 FEW V SCT P0000 I1000 T10061017,null
GEG,2023-12-26 13:53,31,29,92.19,30,5,T,30.17,1023.9,5,null,BKN,OVC,null,null,700,1800,null,null,#NAME?,T,null,null,null,null,null,25.21,KGEG 261353Z 03005KT 5SM -SN BR BKN007 OVC018 M01/M02 A3017 RMK AO2 FZRAE09SNE09B43 CIG 003V009 SLP239 P0000 I1000 T10061017,null
GEG,2023-12-26 13:59,31,29,92.19,40,6,T,30.17,null,2.5,null,SCT,BKN,OVC,null,400,700,1800,null,#NAME?,null,null,null,null,null,null,24.33,KGEG 261359Z 04006KT 2 1/2SM -SN BR SCT004 BKN007 OVC018 M01/M02 A3017 RMK AO2 TWR VIS 4+ P0000 T10061017,null
GEG,2023-12-26 14:08,31,29,92.19,40,6,T,30.17,null,1,null,OVC,null,null,null,400,null,null,null,#NAME?,null,null,null,null,null,null,24.33,KGEG 261408Z 04006KT 1SM R21/P6000FT -SN BR OVC004 M01/M02 A3017 RMK AO2 SFC VIS 2 CIG 002V008 P0000 T10061017,null
GEG,2023-12-26 14:20,31,29,92.19,50,4,T,30.18,null,1,null,OVC,null,null,null,300,null,null,null,#NAME?,T,null,null,null,null,null,26.25,KGEG 261420Z 05004KT 1SM R21/P6000FT -FZDZ BR OVC003 M01/M02 A3018 RMK AO2 SFC VIS 2 1/2 FZDZB20SNE20 P0000 I1000 T10061017,null
GEG,2023-12-26 14:53,31,29,92.19,50,4,0.01,30.18,1024,1,null,OVC,null,null,null,300,null,null,null,#NAME?,0.01,0.01,null,null,null,null,26.25,KGEG 261453Z 05004KT 1SM R21/P6000FT -FZDZ BR OVC003 M01/M02 A3018 RMK AO2 SFC VIS 2 FZDZB20SNE20 SLP240 P0001 60005 I1001 I3001 T10061017 53002,null
GEG,2023-12-26 15:53,31,29,92.19,60,3,T,30.22,1025.5,1,null,OVC,null,null,null,300,null,null,null,#NAME?,0.01,null,null,null,null,null,27.55,KGEG 261553Z 06003KT 1SM R21/P6000FT -FZDZ BR OVC003 M01/M02 A3022 RMK AO2 SFC VIS 1 1/4 SLP255 P0000 I1001 T10061017,null
GEG,2023-12-26 16:53,31,29,92.19,40,4,0.01,30.22,1025.5,1,null,OVC,null,null,null,300,null,null,null,#NAME?,0.01,null,null,null,null,null,26.25,KGEG 261653Z 04004KT 1SM R21/P6000FT -FZDZ BR OVC003 M01/M02 A3022 RMK AO2 SFC VIS 1 1/2 SLP255 P0001 I1001 T10061017,null
GEG,2023-12-26 17:13,31,30,96.02,80,3,T,30.23,null,1,null,OVC,null,null,null,500,null,null,null,#NAME?,0.01,null,null,null,null,null,27.55,KGEG 261713Z 08003KT 1SM R21/P6000FT -FZDZ BR OVC005 M01/M01 A3023 RMK AO2 SFC VIS 1 1/2 CIG 002V006 P0000 I1001 T10061011,null
GEG,2023-12-26 17:53,31,30,96.02,70,4,T,30.24,1026.2,1,null,OVC,null,null,null,200,null,null,null,#NAME?,0.02,null,0.05,null,null,null,26.25,KGEG 261753Z 07004KT 1SM R21/P6000FT -FZDZ BR OVC002 M01/M01 A3024 RMK AO2 SFC VIS 1 1/4 SLP262 P0000 60006 I1002 I6005 T10061011 10000 21011 51020,null
GEG,2023-12-26 18:53,32,30,92.22,60,4,T,30.24,1026.2,0.25,null,OVC,null,null,null,200,null,null,null,#NAME?,0.01,null,null,null,null,null,27.42,KGEG 261853Z 06004KT 1/4SM R21/1800V4000FT -FZDZ BR OVC002 00/M01 A3024 RMK AO2 SFC VIS 3/4 SLP262 P0000 I1001 T00001011,null
GEG,2023-12-26 19:04,32,30,92.22,50,3,T,30.24,null,0.25,null,OVC,null,null,null,200,null,null,null,#NAME?,T,null,null,null,null,null,28.69,KGEG 261904Z 05003KT 1/4SM R21/1600V1800FT -FZDZ BR OVC002 00/M01 A3024 RMK AO2 SFC VIS 3/4 P0000 I1000 T00001011,null
GEG,2023-12-26 19:22,32,31,96.04,50,4,T,30.25,null,0.25,null,VV ,null,null,null,200,null,null,null,#NAME?,T,null,null,null,null,null,27.42,KGEG 261922Z 05004KT 1/4SM R21/1800V2800FT -FZDZ BR VV002 00/M01 A3025 RMK AO2 SFC VIS 1/2 P0000 I1000 T00001006,null
GEG,2023-12-26 19:34,32,31,96.04,0,0,T,30.24,null,0.25,null,VV ,null,null,null,200,null,null,null,#NAME?,T,null,null,null,null,null,32,KGEG 261934Z 00000KT 1/4SM R21/1800V2200FT -FZDZ BR VV002 00/M01 A3024 RMK AO2 SFC VIS 1/2 P0000 I1000 T00001006,null
GEG,2023-12-26 19:53,32,30,92.22,50,3,T,30.24,1026,0.25,null,OVC,null,null,null,200,null,null,null,FG,T,null,null,null,null,null,28.69,KGEG 261953Z 05003KT 1/4SM R21/1600V2400FT FG OVC002 00/M01 A3024 RMK AO2 SFC VIS 1/2 FZDZE50 SLP260 P0000 I1000 T00001011,null
GEG,2023-12-26 20:43,32,31,96.04,50,5,0,30.24,null,0.25,null,VV ,null,null,null,300,null,null,null,FG,null,null,null,null,null,null,26.4,KGEG 262043Z 05005KT 1/4SM R21/1400V2000FT FG VV003 00/M01 A3024 RMK AO2 T00001006,null
GEG,2023-12-26 20:53,32,31,96.04,60,5,0,30.24,1026.2,0.25,null,VV ,null,null,null,200,null,null,null,FG,null,0.01,null,null,null,null,26.4,KGEG 262053Z 06005KT 1/4SM R21/1000V1600FT FG VV002 00/M01 A3024 RMK AO2 SLP262 60000 I3001 T00001006 53000,null
GEG,2023-12-26 21:53,32,31,96.04,60,4,0,30.24,1026.1,0.12,null,VV ,null,null,null,200,null,null,null,FG,0.02,null,null,null,null,null,27.42,KGEG 262153Z 06004KT 1/8SM R21/1200V1800FT FG VV002 00/M01 A3024 RMK AO2 SLP261 I1002 T00001006,null
GEG,2023-12-26 22:11,32,32,100,50,4,0,30.24,null,0.12,null,VV ,null,null,null,200,null,null,null,FG,null,null,null,null,null,null,27.42,KGEG 262211Z 05004KT 1/8SM R21/2000V2800FT FG VV002 00/00 A3024 RMK AO2 T00000000,null
GEG,2023-12-26 22:40,33,31,92.25,60,4,0,30.23,null,0.12,null,VV ,null,null,null,200,null,null,null,FG,null,null,null,null,null,null,28.59,KGEG 262240Z 06004KT 1/8SM R21/1600V2000FT FG VV002 01/M01 A3023 RMK AO2 T00061006,null
GEG,2023-12-26 22:53,33,31,92.25,70,4,0,30.24,1026.1,0.12,null,VV ,null,null,null,200,null,null,null,FG,null,null,null,null,null,null,28.59,KGEG 262253Z 07004KT 1/8SM R21/1400V1800FT FG VV002 01/M01 A3024 RMK AO2 SFC VIS 1/4 SLP261 T00061006,null
GEG,2023-12-26 23:53,33,31,92.25,60,7,0,30.24,1026.1,0.12,null,VV ,null,null,null,100,null,null,null,FG,null,null,0.03,null,null,null,26,KGEG 262353Z 06007KT 1/8SM R21/1000V1200FT FG VV001 01/M01 A3024 RMK AO2 SLP261 60000 I6003 T00061006 10006 21006 55001,null
GEG,2023-12-27 0:53,33,32,96.06,60,6,0,30.24,1026.2,0.12,null,VV ,null,null,null,200,null,null,null,FG,null,null,null,null,null,null,26.73,KGEG 270053Z 06006KT 1/8SM R21/1200FT FG VV002 01/00 A3024 RMK AO2 SFC VIS 1/4 SLP262 T00060000,null
GEG,2023-12-27 1:53,33,32,96.06,60,8,0,30.25,1026.5,0.12,null,SCT,OVC,null,null,100,300,null,null,FG,null,null,null,null,null,null,25.34,KGEG 270153Z 06008KT 1/8SM R21/1600V2000FT FG SCT001 OVC003 01/00 A3025 RMK AO2 SFC VIS 1/2 SLP265 T00060000,null
GEG,2023-12-27 2:23,33,32,96.06,50,8,0,30.25,null,0.12,null,VV ,null,null,null,200,null,null,null,FG,null,null,null,null,null,null,25.34,KGEG 270223Z 05008KT 1/8SM R21/2200V2600FT FG VV002 01/00 A3025 RMK AO2 SFC VIS 1/4 T00060000,null
GEG,2023-12-27 2:53,33,32,96.06,40,8,0,30.25,1026.6,0.12,null,SCT,OVC,null,null,100,300,null,null,FG,null,null,null,null,null,null,25.34,KGEG 270253Z 04008KT 1/8SM R21/3500V5000FT FG SCT001 OVC003 01/00 A3025 RMK AO2 SFC VIS 1/2 SLP266 T00060000 51005,null
GEG,2023-12-27 3:53,33,32,96.06,50,9,0,30.24,1026,0.12,null,VV ,null,null,null,200,null,null,null,FG,null,null,null,null,null,null,24.76,KGEG 270353Z 05009KT 1/8SM R21/1800V2200FT FG VV002 01/00 A3024 RMK AO2 SFC VIS 1/4 SLP260 T00060000,null
GEG,2023-12-27 4:31,33,32,96.06,60,10,0,30.23,null,0.12,null,VV ,null,null,null,200,null,null,null,FG,null,null,null,null,null,null,24.22,KGEG 270431Z 06010KT 1/8SM R21/1800V2400FT FG VV002 01/00 A3023 RMK AO2 SFC VIS 1/4 T00060000,null
GEG,2023-12-27 4:53,33,32,96.06,60,10,0,30.23,1025.7,0.12,null,SCT,OVC,null,null,100,300,null,null,FG,null,null,null,null,null,null,24.22,KGEG 270453Z 06010KT 1/8SM R21/2000V2400FT FG SCT001 OVC003 01/00 A3023 RMK AO2 SFC VIS 1/2 SLP257 T00060000,null
GEG,2023-12-27 5:53,33,32,96.06,50,8,0,30.23,1025.6,0.12,null,SCT,OVC,null,null,100,300,null,null,BR,null,null,null,null,null,null,25.34,KGEG 270553Z 05008KT 1/8SM R21/4500V6000FT BR SCT001 OVC003 01/00 A3023 RMK AO2 SFC VIS 3/4 SLP256 T00060000 10006 20006 56009,null
GEG,2023-12-27 6:53,33,32,96.06,60,9,0,30.21,1024.9,0.12,null,OVC,null,null,null,200,null,null,null,BR,null,null,null,null,null,null,24.76,KGEG 270653Z 06009KT 1/8SM R21/P6000FT BR OVC002 01/00 A3021 RMK AO2 SFC VIS 1 1/2 SLP249 T00060000,null
GEG,2023-12-27 7:53,33,32,96.06,50,9,0,30.19,1024.4,3,null,SCT,BKN,null,null,300,16000,null,null,BR,null,null,null,null,null,null,24.76,KGEG 270753Z 05009KT 3SM BR SCT003 BKN160 01/00 A3019 RMK AO2 SLP244 T00060000 400061011,null
GEG,2023-12-27 8:53,33,31,92.25,60,10,0,30.16,1023.4,6,null,FEW,BKN,BKN,null,400,13000,18000,null,BR,null,null,null,null,null,null,24.22,KGEG 270853Z 06010KT 6SM BR FEW004 BKN130 BKN180 01/M01 A3016 RMK AO2 SLP234 T00061006 58020,null
GEG,2023-12-27 9:53,33,31,92.25,60,9,0,30.15,1023.1,7,null,FEW,BKN,BKN,null,400,13000,18000,null,null,null,null,null,null,null,null,24.76,KGEG 270953Z 06009KT 7SM FEW004 BKN130 BKN180 01/M01 A3015 RMK AO2 SLP231 T00061006,null
GEG,2023-12-27 10:53,32,31,96.04,60,8,0,30.15,1023,10,null,FEW,BKN,null,null,400,14000,null,null,null,null,null,null,null,null,null,24.11,KGEG 271053Z 06008KT 10SM FEW004 BKN140 00/M01 A3015 RMK AO2 SLP230 T00001006,null
GEG,2023-12-27 11:53,32,30,92.22,70,9,0,30.12,1022.1,10,null,FEW,FEW,SCT,null,500,14000,25000,null,null,null,null,null,null,null,null,23.51,KGEG 271153Z 07009KT 10SM FEW005 FEW140 SCT250 00/M01 A3012 RMK AO2 SLP221 70006 T00001011 10006 20000 58012,null
GEG,2023-12-27 12:53,32,29,88.53,60,11,0,30.1,1021.3,10,null,FEW,null,null,null,700,null,null,null,null,null,null,null,null,null,null,22.47,KGEG 271253Z 06011KT 10SM FEW007 00/M02 A3010 RMK AO2 SLP213 T00001017,null
GEG,2023-12-27 13:53,33,29,85.04,70,13,0,30.06,1020,10,null,FEW,BKN,OVC,null,700,14000,22000,null,null,null,null,null,null,null,null,22.85,KGEG 271353Z 07013KT 10SM FEW007 BKN140 OVC220 01/M02 A3006 RMK AO2 SLP200 T00061017,null
GEG,2023-12-27 14:53,33,29,85.04,50,10,0,30.07,1020.1,10,null,FEW,BKN,OVC,null,1500,13000,20000,null,null,null,null,null,null,null,null,24.22,KGEG 271453Z 05010KT 10SM FEW015 BKN130 OVC200 01/M02 A3007 RMK AO2 SLP201 T00061017 55018,null
GEG,2023-12-27 15:53,33,29,85.04,60,9,0,30.06,1019.9,10,null,FEW,BKN,OVC,null,1200,13000,20000,null,null,null,null,null,null,null,null,24.76,KGEG 271553Z 06009KT 10SM FEW012 BKN130 OVC200 01/M02 A3006 RMK AO2 SLP199 VIRGA SHSN SW T00061017,null
GEG,2023-12-27 16:53,33,29,85.04,60,11,0,30.06,1019.9,10,null,FEW,FEW,BKN,OVC,1200,9000,11000,20000,null,null,null,null,null,null,null,23.73,KGEG 271653Z 06011KT 10SM FEW012 FEW090 BKN110 OVC200 01/M02 A3006 RMK AO2 SLP199 VIRGA SHSN NE AND S-SW T00061017,null
GEG,2023-12-27 17:53,34,29,81.71,30,10,0,30.06,1019.6,10,14,FEW,FEW,OVC,null,1200,9000,11000,null,null,null,null,null,null,null,null,25.48,KGEG 271753Z 03010G14KT 10SM FEW012 FEW090 OVC110 01/M02 A3006 RMK AO2 SLP196 VIRGA SHSN NE T00111017 10011 20000 56004,null
GEG,2023-12-27 18:53,36,29,75.46,70,13,0,30.01,1017.8,10,null,FEW,SCT,OVC,null,1200,11000,17000,null,null,null,null,null,null,null,null,26.69,KGEG 271853Z 07013KT 10SM FEW012 SCT110 OVC170 02/M02 A3001 RMK AO2 PRESFR SLP178 VIRGA T00221017,null
GEG,2023-12-27 19:53,37,30,75.56,60,11,0,30.01,1017.9,10,null,FEW,FEW,BKN,OVC,1500,11000,17000,24000,null,null,null,null,null,null,null,28.79,KGEG 271953Z 06011KT 10SM FEW015 FEW110 BKN170 OVC240 03/M01 A3001 RMK AO2 SLP179 VIRGA T00281011,null
GEG,2023-12-27 20:53,36,31,81.86,40,8,0,30.01,1017.8,10,null,FEW,BKN,BKN,null,11000,16000,24000,null,null,null,null,null,null,null,null,29.04,KGEG 272053Z 04008KT 10SM FEW110 BKN160 BKN240 02/M01 A3001 RMK AO2 SLP178 VIRGA T00221006 56015,null
GEG,2023-12-27 21:53,37,30,75.56,50,8,0,30.02,1018.1,10,null,FEW,BKN,OVC,null,8000,11000,16000,null,null,null,null,null,null,null,null,30.27,KGEG 272153Z 05008KT 10SM FEW080 BKN110 OVC160 03/M01 A3002 RMK AO2 SLP181 VIRGA T00281011,null
GEG,2023-12-27 22:53,37,31,78.69,60,6,0,30.02,1018.4,10,null,FEW,BKN,OVC,null,8000,11000,16000,null,null,null,null,null,null,null,null,31.55,KGEG 272253Z 06006KT 10SM FEW080 BKN110 OVC160 03/M01 A3002 RMK AO2 SLP184 VIRGA T00281006,null
GEG,2023-12-27 23:53,36,30,78.6,60,6,0,30.03,1018.8,10,null,FEW,SCT,OVC,null,9000,12000,19000,null,null,null,null,null,null,null,null,30.35,KGEG 272353Z 06006KT 10SM FEW090 SCT120 OVC190 02/M01 A3003 RMK AO2 SLP188 VIRGA T00221011 10028 20011 53008,null
GEG,2023-12-28 0:53,36,30,78.6,50,6,0,30.06,1019.8,10,null,SCT,BKN,OVC,null,9000,12000,20000,null,null,null,null,null,null,null,null,30.35,KGEG 280053Z 05006KT 10SM SCT090 BKN120 OVC200 02/M01 A3006 RMK AO2 SLP198 T00221011,null
GEG,2023-12-28 1:53,36,30,78.6,80,6,0,30.08,1020.4,10,null,BKN,OVC,null,null,10000,20000,null,null,null,null,null,null,null,null,null,30.35,KGEG 280153Z 08006KT 10SM BKN100 OVC200 02/M01 A3008 RMK AO2 SLP204 T00221011,null
GEG,2023-12-28 2:53,36,30,78.6,100,4,0,30.07,1020.1,10,null,SCT,OVC,null,null,7000,8500,null,null,null,null,null,null,null,null,null,32.09,KGEG 280253Z 10004KT 10SM SCT070 OVC085 02/M01 A3007 RMK AO2 SLP201 T00221011 50012,null
GEG,2023-12-28 3:53,36,30,78.6,20,5,0,30.08,1020.3,10,null,OVC,null,null,null,4500,null,null,null,null,null,null,null,null,null,null,31.15,KGEG 280353Z 02005KT 10SM OVC045 02/M01 A3008 RMK AO2 SLP203 T00221011,null
GEG,2023-12-28 4:53,36,31,81.86,60,6,T,30.07,1020.2,10,null,SCT,OVC,null,null,4500,8000,null,null,null,null,null,null,null,null,null,30.35,KGEG 280453Z 06006KT 10SM SCT045 OVC080 02/M01 A3007 RMK AO2 SLP202 RAB06E28 P0000 T00221006,null
GEG,2023-12-28 5:53,35,30,81.78,60,8,0,30.08,1020.3,10,null,SCT,BKN,null,null,4500,8000,null,null,null,null,null,null,null,null,null,27.81,KGEG 280553Z 06008KT 10SM SCT045 BKN080 02/M01 A3008 RMK AO2 SLP203 60000 T00171011 10028 20017 51002,null
GEG,2023-12-28 6:53,35,30,81.78,50,6,0,30.1,1020.9,10,null,FEW,BKN,null,null,6000,9000,null,null,null,null,null,null,null,null,null,29.14,KGEG 280653Z 05006KT 10SM FEW060 BKN090 02/M01 A3010 RMK AO2 SLP209 T00171011,null
GEG,2023-12-28 7:53,36,30,78.6,70,5,0,30.1,1020.9,10,null,SCT,BKN,null,null,6500,10000,null,null,null,null,null,null,null,null,null,31.15,KGEG 280753Z 07005KT 10SM SCT065 BKN100 02/M01 A3010 RMK AO2 SLP209 T00221011 400280000,null
GEG,2023-12-28 8:53,35,30,81.78,80,5,0,30.13,1021.9,10,null,FEW,BKN,null,null,7000,9500,null,null,null,null,null,null,null,null,null,29.96,KGEG 280853Z 08005KT 10SM FEW070 BKN095 02/M01 A3013 RMK AO2 SLP219 T00171011 53015,null
GEG,2023-12-28 9:53,35,30,81.78,60,5,0,30.14,1022.2,10,null,SCT,BKN,null,null,6000,8000,null,null,null,null,null,null,null,null,null,29.96,KGEG 280953Z 06005KT 10SM SCT060 BKN080 02/M01 A3014 RMK AO2 SLP222 T00171011,null
GEG,2023-12-28 10:53,35,30,81.78,70,6,0,30.16,1023,10,null,BKN,OVC,null,null,5500,7000,null,null,null,null,null,null,null,null,null,29.14,KGEG 281053Z 07006KT 10SM BKN055 OVC070 02/M01 A3016 RMK AO2 SLP230 T00171011,null
GEG,2023-12-28 11:53,34,30,85.11,60,7,0,30.17,1023.5,10,null,FEW,BKN,BKN,null,3500,5500,7000,null,null,null,null,null,null,null,null,27.22,KGEG 281153Z 06007KT 10SM FEW035 BKN055 BKN070 01/M01 A3017 RMK AO2 SLP235 T00111011 10022 20011 53014,null
GEG,2023-12-28 12:53,34,30,85.11,60,5,0,30.17,1023.6,10,null,FEW,FEW,FEW,null,1200,5500,8000,null,null,null,null,null,null,null,null,28.77,KGEG 281253Z 06005KT 10SM FEW012 FEW055 FEW080 01/M01 A3017 RMK AO2 SLP236 T00111011,null
GEG,2023-12-28 13:53,33,30,88.58,60,3,0,30.19,1024.3,10,null,FEW,BKN,null,null,4800,7500,null,null,null,null,null,null,null,null,null,29.83,KGEG 281353Z 06003KT 10SM FEW048 BKN075 01/M01 A3019 RMK AO2 SLP243 T00061011,null
GEG,2023-12-28 14:53,33,30,88.58,60,4,0,30.2,1024.4,10,null,BKN,BKN,null,null,4800,7500,null,null,null,null,null,null,null,null,null,28.59,KGEG 281453Z 06004KT 10SM BKN048 BKN075 01/M01 A3020 RMK AO2 SLP244 T00061011 53009,null
GEG,2023-12-28 15:53,32,30,92.22,60,6,0,30.22,1025.3,10,null,BKN,BKN,null,null,4600,7000,null,null,null,null,null,null,null,null,null,25.53,KGEG 281553Z 06006KT 10SM BKN046 BKN070 00/M01 A3022 RMK AO2 SLP253 T00001011,null
GEG,2023-12-28 16:53,34,30,85.11,60,6,0,30.23,1025.5,10,null,FEW,SCT,SCT,null,4500,7000,20000,null,null,null,null,null,null,null,null,27.94,KGEG 281653Z 06006KT 10SM FEW045 SCT070 SCT200 01/M01 A3023 RMK AO2 SLP255 T00111011,null
GEG,2023-12-28 17:53,35,30,81.78,70,6,0,30.26,1026.7,10,null,FEW,BKN,BKN,null,4500,6000,20000,null,null,null,null,null,null,null,null,29.14,KGEG 281753Z 07006KT 10SM FEW045 BKN060 BKN200 02/M01 A3026 RMK AO2 SLP267 T00171011 10017 20000 53020,null
GEG,2023-12-28 18:53,36,31,81.86,50,5,0,30.27,1026.7,10,null,FEW,BKN,BKN,null,5500,20000,25000,null,null,null,null,null,null,null,null,31.15,KGEG 281853Z 05005KT 10SM FEW055 BKN200 BKN250 02/M01 A3027 RMK AO2 SLP267 T00221006,null
GEG,2023-12-28 19:53,37,32,81.93,40,6,0,30.26,1026.4,10,null,FEW,BKN,BKN,null,5500,20000,23000,null,null,null,null,null,null,null,null,31.55,KGEG 281953Z 04006KT 10SM FEW055 BKN200 BKN230 03/00 A3026 RMK AO2 SLP264 T00280000,null
GEG,2023-12-28 20:53,39,32,75.75,40,7,0,30.25,1026.1,10,null,FEW,SCT,BKN,null,5500,17000,23000,null,null,null,null,null,null,null,null,33.31,KGEG 282053Z 04007KT 10SM FEW055 SCT170 BKN230 04/00 A3025 RMK AO2 SLP261 T00390000 58004,null
GEG,2023-12-28 21:53,41,33,72.96,60,5,0,30.25,1025.8,10,null,FEW,FEW,BKN,BKN,5500,16000,20000,25000,null,null,null,null,null,null,null,37.08,KGEG 282153Z 06005KT 10SM FEW055 FEW160 BKN200 BKN250 05/01 A3025 RMK AO2 SLP258 T00500006,null
GEG,2023-12-28 22:53,40,33,75.84,40,5,0,30.25,1026.1,10,null,FEW,FEW,BKN,BKN,5500,15000,20000,25000,null,null,null,null,null,null,null,35.9,KGEG 282253Z 04005KT 10SM FEW055 FEW150 BKN200 BKN250 04/01 A3025 RMK AO2 SLP261 T00440006,null
GEG,2023-12-28 23:53,37,33,85.29,20,5,0,30.26,1026.4,10,null,BKN,BKN,null,null,12000,20000,null,null,null,null,null,null,null,null,null,32.33,KGEG 282353Z 02005KT 10SM BKN120 BKN200 03/01 A3026 RMK AO2 SLP264 T00280006 10056 20017 53002,null
GEG,2023-12-29 0:53,37,32,81.93,60,7,0,30.25,1025.9,10,null,BKN,BKN,null,null,12000,20000,null,null,null,null,null,null,null,null,null,30.87,KGEG 290053Z 06007KT 10SM BKN120 BKN200 03/00 A3025 RMK AO2 SLP259 T00280000,null
GEG,2023-12-29 1:53,38,32,78.77,60,6,0,30.24,1025.7,10,null,SCT,BKN,null,null,12000,20000,null,null,null,null,null,null,null,null,null,32.76,KGEG 290153Z 06006KT 10SM SCT120 BKN200 03/00 A3024 RMK AO2 SLP257 T00330000,null
GEG,2023-12-29 2:53,36,32,85.23,50,6,0,30.24,1025.8,10,null,BKN,BKN,null,null,11000,20000,null,null,null,null,null,null,null,null,null,30.35,KGEG 290253Z 05006KT 10SM BKN110 BKN200 02/00 A3024 RMK AO2 SLP258 T00220000 56007,null
GEG,2023-12-29 3:53,36,32,85.23,60,6,0,30.23,1025.8,10,null,BKN,BKN,null,null,11000,20000,null,null,null,null,null,null,null,null,null,30.35,KGEG 290353Z 06006KT 10SM BKN110 BKN200 02/00 A3023 RMK AO2 SLP258 T00220000,null
GEG,2023-12-29 4:53,35,31,85.17,50,6,0,30.22,1025.3,10,null,SCT,BKN,null,null,11000,20000,null,null,null,null,null,null,null,null,null,29.14,KGEG 290453Z 05006KT 10SM SCT110 BKN200 02/M01 A3022 RMK AO2 SLP253 T00171006,null
GEG,2023-12-29 5:53,36,31,81.86,60,9,0,30.23,1025.4,10,null,BKN,OVC,null,null,11000,20000,null,null,null,null,null,null,null,null,null,28.49,KGEG 290553Z 06009KT 10SM BKN110 OVC200 02/M01 A3023 RMK AO2 SLP254 T00221006 10033 20011 55003,null
GEG,2023-12-29 6:53,36,31,81.86,50,8,0,30.23,1025.3,10,null,OVC,null,null,null,11000,null,null,null,null,null,null,null,null,null,null,29.04,KGEG 290653Z 05008KT 10SM OVC110 02/M01 A3023 RMK AO2 SLP253 T00221006,null
GEG,2023-12-29 7:53,36,31,81.86,40,7,0,30.23,1025.4,10,null,OVC,null,null,null,10000,null,null,null,null,null,null,null,null,null,null,29.65,KGEG 290753Z 04007KT 10SM OVC100 02/M01 A3023 RMK AO2 SLP254 T00221006 400560000,null
GEG,2023-12-29 8:53,35,32,88.68,50,7,0,30.21,1024.8,10,null,OVC,null,null,null,10000,null,null,null,null,null,null,null,null,null,null,28.44,KGEG 290853Z 05007KT 10SM OVC100 02/00 A3021 RMK AO2 SLP248 T00170000 58005,null
GEG,2023-12-29 9:53,35,32,88.68,30,7,0,30.2,1024.1,10,null,OVC,null,null,null,10000,null,null,null,null,null,null,null,null,null,null,28.44,KGEG 290953Z 03007KT 10SM OVC100 02/00 A3020 RMK AO2 SLP241 T00170000,null
GEG,2023-12-29 10:53,36,32,85.23,60,11,0,30.19,1024,10,null,OVC,null,null,null,10000,null,null,null,null,null,null,null,null,null,null,27.52,KGEG 291053Z 06011KT 10SM OVC100 02/00 A3019 RMK AO2 SLP240 T00220000,null
GEG,2023-12-29 11:53,37,32,81.93,60,9,0,30.18,1023.7,10,null,OVC,null,null,null,9000,null,null,null,null,null,null,null,null,null,null,29.73,KGEG 291153Z 06009KT 10SM OVC090 03/00 A3018 RMK AO2 SLP237 T00280000 10028 20017 56010,null
GEG,2023-12-29 12:53,37,32,81.93,60,11,0,30.16,1023,10,null,OVC,null,null,null,10000,null,null,null,null,null,null,null,null,null,null,28.79,KGEG 291253Z 06011KT 10SM OVC100 03/00 A3016 RMK AO2 SLP230 T00280000,null
GEG,2023-12-29 13:53,37,32,81.93,60,10,0,30.16,1022.8,10,null,OVC,null,null,null,9500,null,null,null,null,null,null,null,null,null,null,29.24,KGEG 291353Z 06010KT 10SM OVC095 03/00 A3016 RMK AO2 SLP228 T00280000,null
GEG,2023-12-29 14:53,37,32,81.93,60,10,0,30.14,1022.1,10,null,OVC,null,null,null,10000,null,null,null,null,null,null,null,null,null,null,29.24,KGEG 291453Z 06010KT 10SM OVC100 03/00 A3014 RMK AO2 SLP221 T00280000 57014,null
GEG,2023-12-29 15:53,36,32,85.23,60,9,0,30.14,1022.2,10,null,OVC,null,null,null,10000,null,null,null,null,null,null,null,null,null,null,28.49,KGEG 291553Z 06009KT 10SM OVC100 02/00 A3014 RMK AO2 SLP222 T00220000,null
GEG,2023-12-29 16:53,37,32,81.93,40,6,0,30.14,1022.2,10,null,OVC,null,null,null,10000,null,null,null,null,null,null,null,null,null,null,31.55,KGEG 291653Z 04006KT 10SM OVC100 03/00 A3014 RMK AO2 SLP222 T00280000,null
GEG,2023-12-29 17:53,38,32,78.77,50,9,0,30.12,1021.7,10,null,OVC,null,null,null,10000,null,null,null,null,null,null,null,null,null,null,30.97,KGEG 291753Z 05009KT 10SM OVC100 03/00 A3012 RMK AO2 SLP217 T00330000 10033 20022 58004,null
GEG,2023-12-29 18:53,39,33,78.86,40,9,0,30.1,1020.7,10,null,BKN,BKN,null,null,10000,20000,null,null,null,null,null,null,null,null,null,32.22,KGEG 291853Z 04009KT 10SM BKN100 BKN200 04/01 A3010 RMK AO2 SLP207 T00390006,null
GEG,2023-12-29 19:53,41,33,72.96,40,9,0,30.08,1020,10,null,FEW,SCT,BKN,null,10000,14000,20000,null,null,null,null,null,null,null,null,34.7,KGEG 291953Z 04009KT 10SM FEW100 SCT140 BKN200 05/01 A3008 RMK AO2 SLP200 T00500006,null
GEG,2023-12-29 20:53,42,34,73.06,40,9,0,30.07,1019.5,10,null,FEW,BKN,BKN,null,10000,14000,20000,null,null,null,null,null,null,null,null,35.95,KGEG 292053Z 04009KT 10SM FEW100 BKN140 BKN200 06/01 A3007 RMK AO2 SLP195 T00560011 56019,null
GEG,2023-12-29 21:53,44,34,67.66,40,8,0,30.05,1018.9,10,null,SCT,BKN,BKN,null,11000,14000,20000,null,null,null,null,null,null,null,null,38.9,KGEG 292153Z 04008KT 10SM SCT110 BKN140 BKN200 07/01 A3005 RMK AO2 SLP189 T00670011,null
GEG,2023-12-29 22:53,44,34,67.66,40,8,0,30.05,1018.7,10,null,FEW,SCT,BKN,null,11000,14000,20000,null,null,null,null,null,null,null,null,38.9,KGEG 292253Z 04008KT 10SM FEW110 SCT140 BKN200 07/01 A3005 RMK AO2 SLP187 T00670011,null
GEG,2023-12-29 23:53,42,34,73.06,60,6,0,30.04,1018.5,10,null,FEW,SCT,BKN,null,11000,14000,20000,null,null,null,null,null,null,null,null,37.57,KGEG 292353Z 06006KT 10SM FEW110 SCT140 BKN200 06/01 A3004 RMK AO2 SLP185 T00560011 10072 20033 56008,null
GEG,2023-12-30 0:53,39,33,78.86,60,6,0,30.03,1018.3,10,null,SCT,BKN,BKN,null,10000,14000,20000,null,null,null,null,null,null,null,null,33.96,KGEG 300053Z 06006KT 10SM SCT100 BKN140 BKN200 04/01 A3003 RMK AO2 SLP183 T00390006,null
GEG,2023-12-30 1:53,40,33,75.84,60,9,0,30,1017.3,10,null,SCT,OVC,null,null,10000,14000,null,null,null,null,null,null,null,null,null,33.46,KGEG 300153Z 06009KT 10SM SCT100 OVC140 04/01 A3000 RMK AO2 SLP173 T00440006,null
GEG,2023-12-30 2:53,41,32,70.08,70,12,0,29.96,1015.9,10,null,BKN,BKN,null,null,11000,20000,null,null,null,null,null,null,null,null,null,33.46,KGEG 300253Z 07012KT 10SM BKN110 BKN200 05/00 A2996 RMK AO2 SLP159 T00500000 58024,null
GEG,2023-12-30 3:53,39,32,75.75,50,9,0,29.96,1015.8,10,null,SCT,SCT,null,null,11000,18000,null,null,null,null,null,null,null,null,null,32.22,KGEG 300353Z 05009KT 10SM SCT110 SCT180 04/00 A2996 RMK AO2 SLP158 T00390000,null
GEG,2023-12-30 4:53,38,32,78.77,50,8,0,29.95,1015.5,10,null,FEW,SCT,null,null,12000,20000,null,null,null,null,null,null,null,null,null,31.5,KGEG 300453Z 05008KT 10SM FEW120 SCT200 03/00 A2995 RMK AO2 SLP155 T00330000,null
GEG,2023-12-30 5:53,38,31,75.65,60,9,0,29.95,1015.7,10,null,FEW,SCT,null,null,12000,20000,null,null,null,null,null,null,null,null,null,30.97,KGEG 300553Z 06009KT 10SM FEW120 SCT200 03/M01 A2995 RMK AO2 SLP157 T00331006 10056 20028 55003,null
GEG,2023-12-30 6:53,37,31,78.69,60,8,0,29.96,1016,10,null,FEW,SCT,null,null,12000,20000,null,null,null,null,null,null,null,null,null,30.27,KGEG 300653Z 06008KT 10SM FEW120 SCT200 03/M01 A2996 RMK AO2 SLP160 T00281006,null
GEG,2023-12-30 7:53,38,31,75.65,50,10,0,29.96,1015.7,10,null,FEW,SCT,null,null,12000,20000,null,null,null,null,null,null,null,null,null,30.49,KGEG 300753Z 05010KT 10SM FEW120 SCT200 03/M01 A2996 RMK AO2 SLP157 T00331006 400720017,null
GEG,2023-12-30 8:53,36,31,81.86,70,7,0,29.97,1016.2,10,null,SCT,null,null,null,20000,null,null,null,null,null,null,null,null,null,null,29.65,KGEG 300853Z 07007KT 10SM SCT200 02/M01 A2997 RMK AO2 SLP162 T00221006 53006,null
GEG,2023-12-30 9:53,37,31,78.69,60,11,0,29.97,1016.2,10,null,SCT,null,null,null,20000,null,null,null,null,null,null,null,null,null,null,28.79,KGEG 300953Z 06011KT 10SM SCT200 03/M01 A2997 RMK AO2 SLP162 T00281006,null
GEG,2023-12-30 10:53,37,31,78.69,70,10,0,29.97,1016.1,10,null,SCT,null,null,null,20000,null,null,null,null,null,null,null,null,null,null,29.24,KGEG 301053Z 07010KT 10SM SCT200 03/M01 A2997 RMK AO2 SLP161 T00281006,null
GEG,2023-12-30 11:53,36,30,78.6,50,8,0,29.96,1016,10,null,SCT,null,null,null,20000,null,null,null,null,null,null,null,null,null,null,29.04,KGEG 301153Z 05008KT 10SM SCT200 02/M01 A2996 RMK AO2 SLP160 T00221011 10033 20017 58002,null
GEG,2023-12-30 12:53,36,30,78.6,70,10,0,29.96,1016.1,10,null,FEW,null,null,null,20000,null,null,null,null,null,null,null,null,null,null,27.98,KGEG 301253Z 07010KT 10SM FEW200 02/M01 A2996 RMK AO2 SLP161 T00221011,null
GEG,2023-12-30 13:53,35,30,81.78,50,9,0,29.96,1015.9,10,null,FEW,null,null,null,18000,null,null,null,null,null,null,null,null,null,null,27.24,KGEG 301353Z 05009KT 10SM FEW180 02/M01 A2996 RMK AO2 SLP159 T00171011,null
GEG,2023-12-30 14:53,34,30,85.11,50,8,0,29.96,1015.9,10,null,FEW,null,null,null,18000,null,null,null,null,null,null,null,null,null,null,26.58,KGEG 301453Z 05008KT 10SM FEW180 01/M01 A2996 RMK AO2 SLP159 T00111011 55001,null
GEG,2023-12-30 15:53,34,30,85.11,50,8,0,29.97,1016.2,10,null,FEW,SCT,null,null,12000,18000,null,null,null,null,null,null,null,null,null,26.58,KGEG 301553Z 05008KT 10SM FEW120 SCT180 01/M01 A2997 RMK AO2 SLP162 T00111011,null
GEG,2023-12-30 16:53,36,30,78.6,60,9,0,29.98,1016.7,10,null,FEW,SCT,null,null,12000,18000,null,null,null,null,null,null,null,null,null,28.49,KGEG 301653Z 06009KT 10SM FEW120 SCT180 02/M01 A2998 RMK AO2 SLP167 T00221011,null
GEG,2023-12-30 17:53,37,31,78.69,50,8,0,29.99,1017.1,10,null,FEW,SCT,null,null,12000,18000,null,null,null,null,null,null,null,null,null,30.27,KGEG 301753Z 05008KT 10SM FEW120 SCT180 03/M01 A2999 RMK AO2 SLP171 T00281006 10033 20006 53010,null
GEG,2023-12-30 18:53,39,31,72.75,50,7,0,29.97,1016.4,10,null,FEW,SCT,null,null,12000,18000,null,null,null,null,null,null,null,null,null,33.31,KGEG 301853Z 05007KT 10SM FEW120 SCT180 04/M01 A2997 RMK AO2 SLP164 T00391006,null
GEG,2023-12-30 19:53,41,32,70.08,60,6,0,29.98,1016.4,10,null,FEW,SCT,null,null,12000,18000,null,null,null,null,null,null,null,null,null,36.37,KGEG 301953Z 06006KT 10SM FEW120 SCT180 05/00 A2998 RMK AO2 SLP164 T00500000,null
GEG,2023-12-30 20:53,40,32,72.85,60,6,0,29.98,1016.5,10,null,SCT,BKN,null,null,12000,18000,null,null,null,null,null,null,null,null,null,35.17,KGEG 302053Z 06006KT 10SM SCT120 BKN180 04/00 A2998 RMK AO2 SLP165 T00440000 56006,null
GEG,2023-12-30 21:53,40,32,72.85,0,0,0,29.98,1016.6,10,null,SCT,OVC,null,null,12000,17000,null,null,null,null,null,null,null,null,null,40,KGEG 302153Z 00000KT 10SM SCT120 OVC170 04/00 A2998 RMK AO2 SLP166 T00440000,null
GEG,2023-12-30 22:53,40,32,72.85,0,0,0,29.99,1017,10,null,FEW,SCT,BKN,null,12000,16000,18000,null,null,null,null,null,null,null,null,40,KGEG 302253Z 00000KT 10SM FEW120 SCT160 BKN180 04/00 A2999 RMK AO2 SLP170 T00440000,null
GEG,2023-12-30 23:53,39,32,75.75,70,5,0,29.99,1016.9,10,null,FEW,FEW,BKN,null,12000,14000,16000,null,null,null,null,null,null,null,null,34.71,KGEG 302353Z 07005KT 10SM FEW120 FEW140 BKN160 04/00 A2999 RMK AO2 SLP169 T00390000 10050 20028 50004,null
GEG,2023-12-31 0:53,37,32,81.93,0,0,0,30,1017.6,10,null,FEW,FEW,BKN,null,8000,14000,17000,null,null,null,null,null,null,null,null,37,KGEG 310053Z 00000KT 10SM FEW080 FEW140 BKN170 03/00 A3000 RMK AO2 SLP176 T00280000,null
GEG,2023-12-31 1:53,36,32,85.23,0,0,0,30.01,1017.8,10,null,FEW,FEW,SCT,null,8000,17000,23000,null,null,null,null,null,null,null,null,36,KGEG 310153Z 00000KT 10SM FEW080 FEW170 SCT230 02/00 A3001 RMK AO2 SLP178 T00220000,null
GEG,2023-12-31 2:53,35,31,85.17,60,3,0,30.01,1018,10,null,FEW,BKN,null,null,8000,23000,null,null,null,null,null,null,null,null,null,32.12,KGEG 310253Z 06003KT 10SM FEW080 BKN230 02/M01 A3001 RMK AO2 SLP180 T00171006 51007,null
GEG,2023-12-31 3:53,33,30,88.58,0,0,0,30.02,1018.4,10,null,FEW,FEW,SCT,null,11000,15000,23000,null,null,null,null,null,null,null,null,33,KGEG 310353Z 00000KT 10SM FEW110 FEW150 SCT230 01/M01 A3002 RMK AO2 SLP184 T00061011,null
GEG,2023-12-31 4:53,34,31,88.63,0,0,0,30.03,1018.7,10,null,SCT,BKN,BKN,null,10000,15000,23000,null,null,null,null,null,null,null,null,34,KGEG 310453Z 00000KT 10SM SCT100 BKN150 BKN230 01/M01 A3003 RMK AO2 SLP187 T00111006,null
GEG,2023-12-31 5:53,34,30,85.11,0,0,0,30.05,1019.1,10,null,FEW,BKN,BKN,null,3900,7000,10000,null,null,null,null,null,null,null,null,34,KGEG 310553Z 00000KT 10SM FEW039 BKN070 BKN100 01/M01 A3005 RMK AO2 SLP191 T00111011 10039 20000 53011,null
GEG,2023-12-31 6:53,34,31,88.63,240,4,0,30.06,1019.6,10,null,SCT,BKN,OVC,null,1000,4800,7000,null,BCFG,null,null,null,null,null,null,29.76,KGEG 310653Z 24004KT 10SM BCFG SCT010 BKN048 OVC070 01/M01 A3006 RMK AO2 SLP196 VIS S-W 3 T00111006,null
GEG,2023-12-31 7:01,34,32,92.29,240,3,0,30.06,null,2,null,SCT,BKN,OVC,null,300,3300,4600,null,BCFG,null,null,null,null,null,null,30.97,KGEG 310701Z 24003KT 2SM BCFG SCT003 BKN033 OVC046 01/00 A3006 RMK AO2 SFC VIS 7 VIS S-W 2 1/2 T00110000,null
GEG,2023-12-31 7:30,34,31,88.63,120,4,0,30.06,null,2,null,SCT,BKN,OVC,null,300,1000,3300,null,BCFG,null,null,null,null,null,null,29.76,KGEG 310730Z 12004KT 2SM BCFG SCT003 BKN010 OVC033 01/M01 A3006 RMK AO2 SFC VIS 7 VIS SW-NW 2 T00111006,null
GEG,2023-12-31 7:53,33,31,92.25,120,4,0,30.06,1019.4,2,null,SCT,BKN,OVC,null,400,1000,3300,null,BR BCFG,null,null,null,null,null,null,28.59,KGEG 310753Z 12004KT 2SM BR BCFG SCT004 BKN010 OVC033 01/M01 A3006 RMK AO2 SFC VIS 4 SLP194 VIS SW-NW 2 T00061006 400500000,null
GEG,2023-12-31 8:09,33,32,96.06,150,5,0,30.06,null,0.25,null,VV ,null,null,null,400,null,null,null,BR,null,null,null,null,null,null,27.58,KGEG 310809Z 15005KT 1/4SM R21/P6000FT BR VV004 01/00 A3006 RMK AO2 SFC VIS 3/4 T00060000,null
GEG,2023-12-31 8:53,33,32,96.06,130,4,T,30.06,1019.5,0.25,null,VV ,null,null,null,200,null,null,null,#NAME?,null,null,null,null,null,null,28.59,KGEG 310853Z 13004KT 1/4SM R21/5500VP6000FT -RA BR VV002 01/00 A3006 RMK AO2 SFC VIS 3/4 RAB52 SLP195 P0000 60000 T00060000 51005,null
GEG,2023-12-31 9:53,34,32,92.29,140,4,0.01,30.07,1019.9,0.25,null,VV ,null,null,null,200,null,null,null,#NAME?,null,null,null,null,null,null,29.76,KGEG 310953Z 14004KT 1/4SM R21/P6000FT -RA BR VV002 01/00 A3007 RMK AO2 SFC VIS 1 SLP199 P0001 T00110000,null
GEG,2023-12-31 9:57,34,32,92.29,140,6,T,30.08,null,1,null,SCT,OVC,null,null,200,2500,null,null,#NAME?,null,null,null,null,null,null,27.94,KGEG 310957Z 14006KT 1SM R21/P6000FT -RA BR SCT002 OVC025 01/00 A3008 RMK AO2 SFC VIS 3 P0000 T00110000,null
GEG,2023-12-31 10:30,34,33,96.08,0,0,T,30.07,null,4,null,FEW,BKN,OVC,null,200,2300,9000,null,BR,null,null,null,null,null,null,34,KGEG 311030Z 00000KT 4SM BR FEW002 BKN023 OVC090 01/01 A3007 RMK AO2 RAE0958 P0000 T00110006,null
GEG,2023-12-31 10:53,34,33,96.08,130,3,T,30.08,1020,5,null,FEW,SCT,OVC,null,300,2300,5500,null,BR,null,null,null,null,null,null,30.97,KGEG 311053Z 13003KT 5SM BR FEW003 SCT023 OVC055 01/01 A3008 RMK AO2 RAE0958 SLP200 P0000 T00110006,null
GEG,2023-12-31 11:24,34,32,92.29,0,0,0,30.08,null,5,null,FEW,BKN,OVC,null,300,2700,5500,null,BR,null,null,null,null,null,null,34,KGEG 311124Z 00000KT 5SM BR FEW003 BKN027 OVC055 01/00 A3008 RMK AO2 T00110000,null
GEG,2023-12-31 11:53,34,33,96.08,0,0,T,30.07,1020,5,null,FEW,SCT,OVC,null,300,1900,2200,null,#NAME?,null,null,null,null,null,null,34,KGEG 311153Z 00000KT 5SM -RA BR FEW003 SCT019 OVC022 01/01 A3007 RMK AO2 RAB26 SLP200 P0000 60001 70001 T00110006 10017 20006 50004,null
GEG,2023-12-31 12:53,34,33,96.08,0,0,T,30.07,1019.9,5,null,FEW,OVC,null,null,300,1600,null,null,#NAME?,null,null,null,null,null,null,34,KGEG 311253Z 00000KT 5SM -RA BR FEW003 OVC016 01/01 A3007 RMK AO2 RAE22B40 SLP199 P0000 T00110006,null
GEG,2023-12-31 13:53,35,33,92.32,130,3,T,30.08,1020.4,5,null,FEW,OVC,null,null,600,1400,null,null,#NAME?,null,null,null,null,null,null,32.12,KGEG 311353Z 13003KT 5SM -RA BR FEW006 OVC014 02/01 A3008 RMK AO2 SLP204 P0000 T00170006,null
GEG,2023-12-31 14:35,35,33,92.32,120,4,T,30.09,null,5,null,OVC,null,null,null,700,null,null,null,#NAME?,null,null,null,null,null,null,30.92,KGEG 311435Z 12004KT 5SM -RA BR OVC007 02/01 A3009 RMK AO2 CIG 006V008 P0000 T00170006,null
GEG,2023-12-31 14:53,35,33,92.32,130,4,T,30.09,1020.5,1.5,null,OVC,null,null,null,600,null,null,null,#NAME?,null,null,null,null,null,null,30.92,KGEG 311453Z 13004KT 1 1/2SM -RA BR OVC006 02/01 A3009 RMK AO2 SFC VIS 5 SLP205 P0000 60000 T00170006 53003,null
GEG,2023-12-31 15:13,35,34,96.09,0,0,T,30.09,null,0.75,null,BKN,OVC,null,null,300,500,null,null,#NAME?,null,null,null,null,null,null,35,KGEG 311513Z 00000KT 3/4SM R21/P6000FT -RA BR BKN003 OVC005 02/01 A3009 RMK AO2 TWR VIS 1 P0000 T00170011,null
GEG,2023-12-31 15:53,35,34,96.09,0,0,T,30.1,1021.2,0.25,null,VV ,null,null,null,300,null,null,null,FG,null,null,null,null,null,null,35,KGEG 311553Z 00000KT 1/4SM R21/2200V2600FT FG VV003 02/01 A3010 RMK AO2 TWR VIS 1/2 RAE28 SLP212 P0000 T00170011,null
GEG,2023-12-31 16:53,36,34,92.35,0,0,0,30.11,1021.4,0.25,null,VV ,null,null,null,300,null,null,null,FG,null,null,null,null,null,null,36,KGEG 311653Z 00000KT 1/4SM R21/2800V3500FT FG VV003 02/01 A3011 RMK AO2 SFC VIS 1/2 SLP214 VIS NE-SE 1/4 T00220011,null
GEG,2023-12-31 17:31,37,35,92.39,170,4,0,30.12,null,0.25,null,VV ,null,null,null,300,null,null,null,FG,null,null,null,null,null,null,33.26,KGEG 311731Z 17004KT 1/4SM R21/2000V2200FT FG VV003 03/02 A3012 RMK AO2 T00280017,null
GEG,2023-12-31 17:41,37,36,96.13,200,3,0,30.13,null,0.25,null,VV ,null,null,null,200,null,null,null,FG,null,null,null,null,null,null,34.4,KGEG 311741Z 20003KT 1/4SM R21/1800V2400FT FG VV002 03/02 A3013 RMK AO2 T00280022,null
GEG,2023-12-31 17:53,37,36,96.13,220,6,0,30.13,1022,0.25,null,VV ,null,null,null,200,null,null,null,FG,null,null,null,null,null,null,31.55,KGEG 311753Z 22006KT 1/4SM R21/1600VP6000FT FG VV002 03/02 A3013 RMK AO2 SFC VIS 1/2 SLP220 VIS NE-SE 1/4 60000 T00280022 10028 20011 53014,null
GEG,2023-12-31 18:53,38,36,92.42,180,3,0,30.13,1022,0.25,null,OVC,null,null,null,200,null,null,null,FG,null,null,null,null,null,null,35.55,KGEG 311853Z 18003KT 1/4SM R21/2800VP6000FT FG OVC002 03/02 A3013 RMK AO2 SFC VIS 1/2 SLP220 VIS W-N 3/4 T00330022,null
GEG,2023-12-31 19:06,38,36,92.42,180,4,0,30.13,null,0.5,null,OVC,null,null,null,200,null,null,null,BR,null,null,null,null,null,null,34.43,KGEG 311906Z 18004KT 1/2SM R21/5500VP6000FT BR OVC002 03/02 A3013 RMK AO2 SFC VIS 3/4 T00330022,null
GEG,2023-12-31 19:53,38,36,92.42,170,4,0,30.13,1022,0.5,null,OVC,null,null,null,300,null,null,null,BR,null,null,null,null,null,null,34.43,KGEG 311953Z 17004KT 1/2SM R21/P6000FT BR OVC003 03/02 A3013 RMK AO2 SFC VIS 1 SLP220 VIS W-N 1 1/2 T00330022,null
GEG,2023-12-31 20:26,38,36,92.42,220,7,0,30.13,null,0.5,null,SCT,OVC,null,null,300,500,null,null,BR,null,null,null,null,null,null,32.09,KGEG 312026Z 22007KT 1/2SM R21/P6000FT BR SCT003 OVC005 03/02 A3013 RMK AO2 SFC VIS 2 T00330022,null
GEG,2023-12-31 20:53,38,36,92.42,230,7,0,30.13,1022,1,null,SCT,OVC,null,null,300,500,null,null,BR,null,null,null,null,null,null,32.09,KGEG 312053Z 23007KT 1SM R21/P6000FT BR SCT003 OVC005 03/02 A3013 RMK AO2 SFC VIS 3 SLP220 T00330022 50000,null
GEG,2023-12-31 20:58,38,37,96.14,220,6,0,30.13,null,3,null,BKN,OVC,null,null,500,800,null,null,BR,null,null,null,null,null,null,32.76,KGEG 312058Z 22006KT 3SM BR BKN005 OVC008 03/03 A3013 RMK AO2 T00330028,null
GEG,2023-12-31 21:53,39,36,88.87,230,5,0,30.13,1021.8,5,null,FEW,BKN,BKN,null,800,1200,6500,null,BR,null,null,null,null,null,null,34.71,KGEG 312153Z 23005KT 5SM BR FEW008 BKN012 BKN065 04/02 A3013 RMK AO2 SLP218 T00390022,null
GEG,2023-12-31 22:53,40,36,85.48,210,7,0,30.14,1022.1,7,null,FEW,BKN,null,null,800,1200,null,null,null,null,null,null,null,null,null,34.53,KGEG 312253Z 21007KT 7SM FEW008 BKN012 04/02 A3014 RMK AO2 SLP221 T00440022,null
GEG,2023-12-31 23:53,40,35,82.15,0,0,0,30.15,1022.5,10,null,FEW,BKN,null,null,800,1800,null,null,null,null,null,null,null,null,null,40,KGEG 312353Z 00000KT 10SM FEW008 BKN018 04/02 A3015 RMK AO2 SLP225 T00440017 10044 20028 53005,null
GEG,2024-12-01 0:53,32,29,88.53,280,3,0,30.24,1026.3,10,null,BKN,OVC,null,null,1300,18000,null,null,null,null,null,null,null,null,null,28.69,KGEG 010053Z 28003KT 10SM BKN013 OVC180 00/M02 A3024 RMK AO2 SLP263 T00001017,null
GEG,2024-12-01 1:53,32,29,88.53,10,3,0,30.24,1026.3,10,null,BKN,OVC,null,null,1100,12000,null,null,null,null,null,null,null,null,null,28.69,KGEG 010153Z 01003KT 10SM BKN011 OVC120 00/M02 A3024 RMK AO2 SLP263 T00001017,null
GEG,2024-12-01 2:53,31,28,88.48,40,5,0,30.24,1026.6,10,null,BKN,OVC,null,null,1100,10000,null,null,null,null,null,null,null,null,null,25.21,KGEG 010253Z 04005KT 10SM BKN011 OVC100 M01/M02 A3024 RMK AO2 SLP266 T10061022 51004,null
GEG,2024-12-01 3:53,31,28,88.48,50,4,0,30.26,1027.2,10,null,BKN,OVC,null,null,1100,10000,null,null,null,null,null,null,null,null,null,26.25,KGEG 010353Z 05004KT 10SM BKN011 OVC100 M01/M02 A3026 RMK AO2 SLP272 T10061022,null
GEG,2024-12-01 4:19,31,28,88.48,40,3,0,30.27,null,10,null,SCT,BKN,OVC,null,1000,7000,8500,null,null,null,null,null,null,null,null,27.55,KGEG 010419Z 04003KT 10SM SCT010 BKN070 OVC085 M01/M02 A3027 RMK AO2 T10061022,null
GEG,2024-12-01 4:53,31,28,88.48,40,3,0,30.27,1027.3,10,null,SCT,BKN,OVC,null,1000,7000,8500,null,null,null,null,null,null,null,null,27.55,KGEG 010453Z 04003KT 10SM SCT010 BKN070 OVC085 M01/M02 A3027 RMK AO2 SLP273 T10061022,null
GEG,2024-12-01 5:53,31,28,88.48,40,6,0,30.28,1027.5,9,null,SCT,BKN,null,null,7000,9500,null,null,null,null,null,null,null,null,null,24.33,KGEG 010553Z 04006KT 9SM SCT070 BKN095 M01/M02 A3028 RMK AO2 SLP275 T10061022 10006 21006 51010,null
GEG,2024-12-01 6:53,31,28,88.48,0,0,0,30.28,1027.7,9,null,FEW,FEW,BKN,null,7000,9500,20000,null,null,null,null,null,null,null,null,31,KGEG 010653Z 00000KT 9SM FEW070 FEW095 BKN200 M01/M02 A3028 RMK AO2 SLP277 T10061022,null
GEG,2024-12-01 7:53,31,29,92.19,30,4,0,30.29,1027.8,8,null,FEW,FEW,SCT,null,7000,10000,18000,null,null,null,null,null,null,null,null,26.25,KGEG 010753Z 03004KT 8SM FEW070 FEW100 SCT180 M01/M02 A3029 RMK AO2 SLP278 T10061017 400061017,null
GEG,2024-12-01 8:53,30,28,92.15,40,3,0,30.29,1027.9,8,null,FEW,FEW,FEW,null,7000,13000,19000,null,null,null,null,null,null,null,null,26.4,KGEG 010853Z 04003KT 8SM FEW070 FEW130 FEW190 M01/M02 A3029 RMK AO2 SLP279 T10111022 50003,null
GEG,2024-12-01 9:53,31,29,92.19,20,4,0,30.3,1028.1,8,null,FEW,BKN,null,null,6000,10000,null,null,null,null,null,null,null,null,null,26.25,KGEG 010953Z 02004KT 8SM FEW060 BKN100 M01/M02 A3030 RMK AO2 SLP281 T10061017,null
GEG,2024-12-01 10:53,31,30,96.02,0,0,0,30.3,1028.4,8,null,FEW,BKN,OVC,null,2000,6000,10000,null,null,null,null,null,null,null,null,31,KGEG 011053Z 00000KT 8SM FEW020 BKN060 OVC100 M01/M01 A3030 RMK AO2 SLP284 T10061011,null
GEG,2024-12-01 11:53,30,29,96,0,0,0,30.31,1028.6,8,null,FEW,FEW,SCT,null,100,6000,8000,null,null,null,null,null,null,null,null,30,KGEG 011153Z 00000KT 8SM FEW001 FEW060 SCT080 M01/M02 A3031 RMK AO2 SLP286 T10111017 11006 21011 51007,null
GEG,2024-12-01 12:53,30,28,92.15,30,3,0,30.31,1028.6,9,null,FEW,FEW,null,null,100,6500,null,null,null,null,null,null,null,null,null,26.4,KGEG 011253Z 03003KT 9SM FEW001 FEW065 M01/M02 A3031 RMK AO2 SLP286 T10111022,null
GEG,2024-12-01 13:53,29,28,95.99,30,3,0,30.31,1028.7,8,null,CLR,null,null,null,null,null,null,null,null,null,null,null,null,null,null,25.26,KGEG 011353Z 03003KT 8SM CLR M02/M02 A3031 RMK AO2 SLP287 T10171022,null
GEG,2024-12-01 14:53,28,28,100,20,4,0,30.33,1029.5,7,null,FEW,FEW,FEW,SCT,4900,10000,15000,25000,null,null,null,null,null,null,null,22.75,KGEG 011453Z 02004KT 7SM FEW049 FEW100 FEW150 SCT250 M02/M02 A3033 RMK AO2 SLP295 T10221022 53006,null
GEG,2024-12-01 15:53,29,28,95.99,30,4,0,30.34,1030,10,null,FEW,FEW,BKN,null,6000,14000,25000,null,null,null,null,null,null,null,null,23.92,KGEG 011553Z 03004KT 10SM FEW060 FEW140 BKN250 M02/M02 A3034 RMK AO2 SLP300 T10171022,null
GEG,2024-12-01 16:53,32,29,88.53,20,4,0,30.36,1030.3,10,null,FEW,SCT,null,null,10000,25000,null,null,null,null,null,null,null,null,null,27.42,KGEG 011653Z 02004KT 10SM FEW100 SCT250 00/M02 A3036 RMK AO2 SLP303 T00001017,null
GEG,2024-12-01 17:53,34,30,85.11,50,5,0,30.37,1030.4,10,null,FEW,SCT,null,null,10000,25000,null,null,null,null,null,null,null,null,null,28.77,KGEG 011753Z 05005KT 10SM FEW100 SCT250 01/M01 A3037 RMK AO2 SLP304 T00111011 10011 21022 51011,null
GEG,2024-12-01 18:53,35,30,81.78,50,6,0,30.36,1030.3,10,null,FEW,SCT,null,null,10000,25000,null,null,null,null,null,null,null,null,null,29.14,KGEG 011853Z 05006KT 10SM FEW100 SCT250 02/M01 A3036 RMK AO2 SLP303 T00171011,null
GEG,2024-12-01 19:53,38,31,75.65,40,5,0,30.35,1029.6,10,null,FEW,SCT,null,null,10000,25000,null,null,null,null,null,null,null,null,null,33.52,KGEG 011953Z 04005KT 10SM FEW100 SCT250 03/M01 A3035 RMK AO2 SLP296 T00331006,null
GEG,2024-12-01 20:53,39,31,72.75,60,6,0,30.33,1029.1,10,null,FEW,BKN,null,null,12000,25000,null,null,null,null,null,null,null,null,null,33.96,KGEG 012053Z 06006KT 10SM FEW120 BKN250 04/M01 A3033 RMK AO2 SLP291 T00391006 58010,null
GEG,2024-12-01 21:53,39,31,72.75,40,6,0,30.32,1028.8,10,null,FEW,FEW,BKN,null,1000,12000,25000,null,null,null,null,null,null,null,null,33.96,KGEG 012153Z 04006KT 10SM FEW010 FEW120 BKN250 04/M01 A3032 RMK AO2 SLP288 FU FEW010 T00391006,null
GEG,2024-12-01 22:53,40,32,72.85,50,5,0,30.33,1028.7,10,null,FEW,SCT,BKN,null,12000,20000,25000,null,null,null,null,null,null,null,null,35.9,KGEG 012253Z 05005KT 10SM FEW120 SCT200 BKN250 04/00 A3033 RMK AO2 SLP287 T00440000,null
GEG,2024-12-01 23:53,39,32,75.75,0,0,0,30.33,1028.9,10,null,FEW,BKN,null,null,12000,25000,null,null,null,null,null,null,null,null,null,39,KGEG 012353Z 00000KT 10SM FEW120 BKN250 04/00 A3033 RMK AO2 SLP289 T00390000 10050 20011 55002,null
GEG,2024-12-02 0:53,36,31,81.86,0,0,0,30.33,1029,10,null,SCT,null,null,null,25000,null,null,null,null,null,null,null,null,null,null,36,KGEG 020053Z 00000KT 10SM SCT250 02/M01 A3033 RMK AO2 SLP290 T00221006,null
GEG,2024-12-02 1:53,34,30,85.11,0,0,0,30.32,1028.8,10,null,FEW,null,null,null,25000,null,null,null,null,null,null,null,null,null,null,34,KGEG 020153Z 00000KT 10SM FEW250 01/M01 A3032 RMK AO2 SLP288 T00111011,null
GEG,2024-12-02 2:53,33,30,88.58,0,0,0,30.32,1028.9,10,null,SCT,null,null,null,25000,null,null,null,null,null,null,null,null,null,null,33,KGEG 020253Z 00000KT 10SM SCT250 01/M01 A3032 RMK AO2 SLP289 T00061011 55003,null
GEG,2024-12-02 3:53,31,30,96.02,0,0,0,30.32,1029.2,10,null,CLR,null,null,null,null,null,null,null,null,null,null,null,null,null,null,31,KGEG 020353Z 00000KT 10SM CLR M01/M01 A3032 RMK AO2 SLP292 T10061011,null
GEG,2024-12-02 4:53,29,29,100,260,4,0,30.33,1029.2,10,null,CLR,null,null,null,null,null,null,null,null,null,null,null,null,null,null,23.92,KGEG 020453Z 26004KT 10SM CLR M02/M02 A3033 RMK AO2 SLP292 T10171017,null
GEG,2024-12-02 5:53,28,27,95.97,270,3,0,30.33,1029.2,10,null,CLR,null,null,null,null,null,null,null,null,null,null,null,null,null,null,24.12,KGEG 020553Z 27003KT 10SM CLR M02/M03 A3033 RMK AO2 SLP292 T10221028 10033 21022 51003,null
GEG,2024-12-02 6:53,28,27,95.97,260,3,0,30.34,1029.5,8,null,CLR,null,null,null,null,null,null,null,null,null,null,null,null,null,null,24.12,KGEG 020653Z 26003KT 8SM CLR M02/M03 A3034 RMK AO2 SLP295 T10221028,null
GEG,2024-12-02 7:53,26,25,95.93,250,3,0,30.34,1029.5,8,null,CLR,null,null,null,null,null,null,null,null,null,null,null,null,null,null,21.83,KGEG 020753Z 25003KT 8SM CLR M03/M04 A3034 RMK AO2 SLP295 T10331039 400501033,null
GEG,2024-12-02 8:53,26,24,92.01,0,0,0,30.34,1029.6,7,null,CLR,null,null,null,null,null,null,null,null,null,null,null,null,null,null,26,KGEG 020853Z 00000KT 7SM CLR M03/M04 A3034 RMK AO2 SLP296 T10331044 51005,null
GEG,2024-12-02 9:25,24,22,91.94,170,5,0,30.35,null,0.5,null,FEW,null,null,null,100,null,null,null,FZFG,null,null,null,null,null,null,16.89,KGEG 020925Z 17005KT 1/2SM R21/P6000FT FZFG FEW001 M04/M06 A3035 RMK AO2 TWR VIS 4+ T10441056,null
GEG,2024-12-02 9:37,24,22,91.94,160,4,0,30.35,null,0.5,null,BKN,null,null,null,100,null,null,null,FZFG,T,null,null,null,null,null,18.08,KGEG 020937Z 16004KT 1/2SM R21/P6000FT FZFG BKN001 M04/M06 A3035 RMK AO2 TWR VIS 4+ I1000 T10441056,null
GEG,2024-12-02 9:53,24,23,95.89,160,4,0,30.36,1030.2,0.5,null,BKN,null,null,null,100,null,null,null,FZFG,0.01,null,null,null,null,null,18.08,KGEG 020953Z 16004KT 1/2SM R21/4500VP6000FT FZFG BKN001 M04/M05 A3036 RMK AO2 SLP302 TWR VIS 4+ I1001 T10441050,null
GEG,2024-12-02 10:22,24,24,100,170,5,T,30.37,null,0.25,null,VV ,null,null,null,100,null,null,null,#NAME?,0.01,null,null,null,null,null,16.89,KGEG 021022Z 17005KT 1/4SM R21/3000V5500FT -SN FZFG VV001 M04/M04 A3037 RMK AO2 SNB22 P0000 I1001 T10441044,null
GEG,2024-12-02 10:35,25,25,100,200,4,T,30.37,null,0.25,null,VV ,null,null,null,100,null,null,null,FZFG,0.01,null,null,null,null,null,19.25,KGEG 021035Z 20004KT 1/4SM R21/1800V5000FT FZFG VV001 M04/M04 A3037 RMK AO2 SNB22E35 P0000 I1001 T10391039,null
GEG,2024-12-02 10:53,25,25,100,190,4,T,30.37,1030.5,0.25,null,VV ,null,null,null,100,null,null,null,FZFG,0.01,null,null,null,null,null,19.25,KGEG 021053Z 19004KT 1/4SM R21/2000V2400FT FZFG VV001 M04/M04 A3037 RMK AO2 SNB22E35 SLP305 P0000 I1001 T10391039,null
GEG,2024-12-02 11:31,25,25,100,180,6,0,30.36,null,0.25,null,VV ,null,null,null,200,null,null,null,FZFG,0.01,null,null,null,null,null,17.1,KGEG 021131Z 18006KT 1/4SM R21/2400V3500FT FZFG VV002 M04/M04 A3036 RMK AO2 SFC VIS 1/2 I1001 T10391039,null
GEG,2024-12-02 11:43,25,25,100,180,3,T,30.36,null,0.25,null,VV ,null,null,null,100,null,null,null,#NAME?,0.01,null,null,null,null,null,20.69,KGEG 021143Z 18003KT 1/4SM R21/2600V2800FT -SN FZFG VV001 M04/M04 A3036 RMK AO2 SNB42 P0000 I1001 T10391039,null
GEG,2024-12-02 11:53,26,26,100,190,4,T,30.37,1030.4,0.25,null,VV ,null,null,null,100,null,null,null,#NAME?,0.01,null,0.03,null,null,null,20.41,KGEG 021153Z 19004KT 1/4SM R21/2200V2600FT -SN FZFG VV001 M03/M03 A3037 RMK AO2 SNB42 SLP304 P0000 60000 I1001 I6003 T10331033 11022 21044 50007,null
GEG,2024-12-02 12:15,27,27,100,220,3,T,30.37,null,0.12,null,VV ,null,null,null,100,null,null,null,FZFG,null,null,null,null,null,null,22.97,KGEG 021215Z 22003KT 1/8SM R21/1800V2000FT FZFG VV001 M03/M03 A3037 RMK AO2 TWR VIS 1/4 SNE15 P0000 T10281028,null
GEG,2024-12-02 12:53,27,27,100,230,4,T,30.37,1030.6,0.12,null,VV ,null,null,null,100,null,null,null,FZFG,0.01,null,null,null,null,null,21.58,KGEG 021253Z 23004KT 1/8SM R21/2000FT FZFG VV001 M03/M03 A3037 RMK AO2 TWR VIS 1/4 SNE15 SLP306 P0000 I1001 T10281028,null
GEG,2024-12-02 13:31,28,28,100,0,0,0,30.37,null,0.12,null,VV ,null,null,null,100,null,null,null,FZFG,0.01,null,null,null,null,null,28,KGEG 021331Z 00000KT 1/8SM R21/2200V2600FT FZFG VV001 M02/M02 A3037 RMK AO2 TWR VIS 1/4 I1001 T10221022,null
GEG,2024-12-02 13:53,28,28,100,180,3,0,30.37,1030.8,0.25,null,VV ,null,null,null,200,null,null,null,FZFG,0.01,null,null,null,null,null,24.12,KGEG 021353Z 18003KT 1/4SM R21/2400V3500FT FZFG VV002 M02/M02 A3037 RMK AO2 SLP308 I1001 T10221022,null
GEG,2024-12-02 14:53,29,29,100,0,0,0,30.38,1031.1,0.25,null,VV ,null,null,null,200,null,null,null,FZFG,0.01,0.03,null,null,null,null,29,KGEG 021453Z 00000KT 1/4SM R21/4500VP6000FT FZFG VV002 M02/M02 A3038 RMK AO2 SFC VIS 1/2 SLP311 VIS NW-N 3/4 60000 I1001 I3003 T10171017 53005,null
GEG,2024-12-02 15:42,29,29,100,0,0,0,30.39,null,0.12,null,VV ,null,null,null,200,null,null,null,FZFG,null,null,null,null,null,null,29,KGEG 021542Z 00000KT 1/8SM R21/2200V2600FT FZFG VV002 M02/M02 A3039 RMK AO2 TWR VIS 1/4 T10171017 $,null
GEG,2024-12-02 15:53,29,29,100,90,4,0,30.39,1031.6,0.12,null,VV ,null,null,null,200,null,null,null,FZFG,null,null,null,null,null,null,23.92,KGEG 021553Z 09004KT 1/8SM R21/2200V2400FT FZFG VV002 M02/M02 A3039 RMK AO2 TWR VIS 1/4 SLP316 T10171017 $,null
GEG,2024-12-02 16:00,29,29,100,80,6,0,30.38,null,0.25,null,VV ,null,null,null,200,null,null,null,FZFG,null,null,null,null,null,null,21.92,KGEG 021600Z 08006KT 1/4SM R21/2200V2400FT FZFG VV002 M02/M02 A3038 RMK AO2 T10171017 $,null
GEG,2024-12-02 16:44,29,29,100,70,4,0,30.4,null,0.25,null,VV ,null,null,null,200,null,null,null,FZFG,0.01,null,null,null,null,null,23.92,KGEG 021644Z 07004KT 1/4SM R21/2000V2200FT FZFG VV002 M02/M02 A3040 RMK AO2 I1001 T10171017 $,null
GEG,2024-12-02 16:53,29,29,100,50,5,0,30.4,1032,0.25,null,VV ,null,null,null,200,null,null,null,FZFG,0.01,null,null,null,null,null,22.83,KGEG 021653Z 05005KT 1/4SM R21/2000V2400FT FZFG VV002 M02/M02 A3040 RMK AO2 SLP320 I1001 T10171017 $,null
GEG,2024-12-02 17:06,29,29,100,60,4,0,30.4,null,0.25,null,VV ,null,null,null,200,null,null,null,FZFG,null,null,null,null,null,null,23.92,KGEG 021706Z 06004KT 1/4SM R21/2000V2200FT FZFG VV002 M02/M02 A3040 RMK AO2 T10171017 $,null
GEG,2024-12-02 17:30,29,29,100,40,5,0,30.41,null,0.25,null,VV ,null,null,null,200,null,null,null,FZFG,null,null,null,null,null,null,22.83,KGEG 021730Z 04005KT 1/4SM R21/1800V2600FT FZFG VV002 M02/M02 A3041 RMK AO2 T10171017 $,null
GEG,2024-12-02 17:42,29,29,100,60,5,0,30.41,null,0.25,null,VV ,null,null,null,200,null,null,null,FZFG,null,null,null,null,null,null,22.83,KGEG 021742Z 06005KT 1/4SM R21/1800V2000FT FZFG VV002 M02/M02 A3041 RMK AO2 T10171017 $,null
GEG,2024-12-02 17:53,29,29,100,80,4,0,30.41,1032.4,0.25,null,VV ,null,null,null,200,null,null,null,FZFG,null,null,0.04,null,null,null,23.92,KGEG 021753Z 08004KT 1/4SM R21/1800V2000FT FZFG VV002 M02/M02 A3041 RMK AO2 SFC VIS 1/2 SLP324 60000 I6004 T10171017 11017 21033 53009 $,null
GEG,2024-12-02 18:53,29,29,100,50,6,0,30.41,1032.3,0.25,null,VV ,null,null,null,200,null,null,null,FZFG,T,null,null,null,null,null,21.92,KGEG 021853Z 05006KT 1/4SM R21/1200V1400FT FZFG VV002 M02/M02 A3041 RMK AO2 SFC VIS 1/2 SLP323 I1000 T10171017 $,null
GEG,2024-12-02 19:53,29,29,100,0,0,0,30.39,1031.9,0.25,null,VV ,null,null,null,200,null,null,null,FZFG,T,null,null,null,null,null,29,KGEG 021953Z COR 00000KT 1/4SM R21/1400V1600FT FZFG VV002 M02/M02 A3039 RMK AO2 SLP319 I1000 T10171017 $,null
GEG,2024-12-02 20:14,29,29,100,0,0,0,30.39,null,0.25,null,VV ,null,null,null,200,null,null,null,FZFG,null,null,null,null,null,null,29,KGEG 022014Z 00000KT 1/4SM R21/2000V2800FT FZFG VV002 M02/M02 A3039 RMK AO2 T10171017 $,null
GEG,2024-12-02 20:53,30,30,100,110,4,0,30.38,1031.4,0.25,null,OVC,null,null,null,200,null,null,null,FZFG,null,T,null,null,null,null,25.08,KGEG 022053Z 11004KT 1/4SM R21/2200VP6000FT FZFG OVC002 M01/M01 A3038 RMK AO2 SFC VIS 1/2 SLP314 I3000 T10111011 58010 $,null
GEG,2024-12-02 21:53,30,30,100,0,0,0,30.38,1031.6,0.25,null,OVC,null,null,null,200,null,null,null,FZFG,null,null,null,null,null,null,30,KGEG 022153Z 00000KT 1/4SM R21/3500V6000FT FZFG OVC002 M01/M01 A3038 RMK AO2 SLP316 T10111011 $,null
GEG,2024-12-02 22:53,30,30,100,0,0,0,30.38,1031.6,0.25,null,OVC,null,null,null,200,null,null,null,BR,null,null,null,null,null,null,30,KGEG 022253Z 00000KT 1/4SM R21/P6000FT BR OVC002 M01/M01 A3038 RMK AO2 SFC VIS 1 SLP316 T10111011 $,null
GEG,2024-12-02 23:53,30,30,100,10,3,0,30.4,1032.1,0.25,null,VV ,null,null,null,200,null,null,null,FZFG,T,null,T,null,null,null,26.4,KGEG 022353Z 01003KT 1/4SM R21/2800V3500FT FZFG VV002 M01/M01 A3040 RMK AO2 SLP321 I1000 I6000 T10111011 11011 21017 53006 $,null
GEG,2024-12-03 0:53,30,30,100,30,3,0,30.4,1031.9,0.25,null,VV ,null,null,null,200,null,null,null,FZFG,T,null,null,null,null,null,26.4,KGEG 030053Z 03003KT 1/4SM R21/3000V3500FT FZFG VV002 M01/M01 A3040 RMK AO2 SFC VIS 1/2 SLP319 I1000 T10111011,null
GEG,2024-12-03 1:53,30,30,100,0,0,0,30.39,1031.7,0.5,null,FEW,OVC,null,null,100,300,null,null,BR,T,null,null,null,null,null,30,KGEG 030153Z 00000KT 1/2SM R21/P6000FT BR FEW001 OVC003 M01/M01 A3039 RMK AO2 SFC VIS 1 1/2 SLP317 I1000 T10111011,null
GEG,2024-12-03 2:19,30,30,100,230,3,0,30.39,null,1.25,null,FEW,OVC,null,null,100,400,null,null,BR,null,null,null,null,null,null,26.4,KGEG 030219Z 23003KT 1 1/4SM BR FEW001 OVC004 M01/M01 A3039 RMK AO2 SFC VIS 2 1/2 T10111011,null
GEG,2024-12-03 2:53,30,30,100,0,0,0,30.39,1031.7,0.5,null,FEW,OVC,null,null,100,400,null,null,BR,null,T,null,null,null,null,30,KGEG 030253Z 00000KT 1/2SM R21/P6000FT BR FEW001 OVC004 M01/M01 A3039 RMK AO2 SFC VIS 2 1/2 SLP317 I3000 T10111011 55002,null
GEG,2024-12-03 3:53,30,30,100,0,0,0,30.39,1031.5,0.5,null,FEW,OVC,null,null,100,300,null,null,BR,null,null,null,null,null,null,30,KGEG 030353Z 00000KT 1/2SM R21/P6000FT BR FEW001 OVC003 M01/M01 A3039 RMK AO2 SFC VIS 2 1/2 SLP315 T10111011,null
GEG,2024-12-03 4:53,30,30,100,190,4,0,30.38,1031.4,0.5,null,FEW,OVC,null,null,100,300,null,null,BR,null,null,null,null,null,null,25.08,KGEG 030453Z 19004KT 1/2SM R21/P6000FT BR FEW001 OVC003 M01/M01 A3038 RMK AO2 SFC VIS 2 1/2 SLP314 T10111011,null
GEG,2024-12-03 5:53,30,30,100,130,3,0,30.4,1031.8,0.5,null,FEW,OVC,null,null,100,300,null,null,BR,null,null,T,null,null,null,26.4,KGEG 030553Z 13003KT 1/2SM R21/P6000FT BR FEW001 OVC003 M01/M01 A3040 RMK AO2 SFC VIS 2 1/2 SLP318 I6000 T10111011 11006 21011 53002,null
GEG,2024-12-03 6:53,30,30,100,0,0,0,30.4,1032.1,2,null,OVC,null,null,null,400,null,null,null,BR,null,null,null,null,null,null,30,KGEG 030653Z 00000KT 2SM BR OVC004 M01/M01 A3040 RMK AO2 SFC VIS 3 SLP321 T10111011,null
GEG,2024-12-03 7:46,29,29,100,50,3,T,30.4,null,2,null,FEW,BKN,OVC,null,200,400,600,null,#NAME?,null,null,null,null,null,null,25.26,KGEG 030746Z 05003KT 2SM R21/6000VP6000FT -SN BR FEW002 BKN004 OVC006 M02/M02 A3040 RMK AO2 SFC VIS 3 SNB46 VIS N-NE 3/4 P0000 T10171017,null
GEG,2024-12-03 7:53,29,29,100,60,4,T,30.4,1032.1,2,null,BKN,OVC,null,null,200,600,null,null,#NAME?,T,null,null,null,null,null,23.92,KGEG 030753Z 06004KT 2SM -FZDZSN BR BKN002 OVC006 M02/M02 A3040 RMK AO2 FZDZB53SNB46 SLP321 VIS N-NE 3/4 P0000 I1000 T10171017 410061044,null
GEG,2024-12-03 8:07,29,29,100,70,3,T,30.4,null,2,null,SCT,OVC,null,null,200,700,null,null,BR,T,null,null,null,null,null,25.26,KGEG 030807Z COR 07003KT 2SM BR SCT002 OVC007 M02/M02 A3040 RMK AO2 FZDZE07SNE07 VCSH NW-N-NE VCSH AT APT TERMINAL P0000 I1000 T10171017,null
GEG,2024-12-03 8:17,29,29,100,110,3,T,30.4,null,2,null,SCT,OVC,null,null,200,400,null,null,BR,T,null,null,null,null,null,25.26,KGEG 030817Z 11003KT 2SM BR SCT002 OVC004 M02/M02 A3040 RMK AO2 FZDZE07SNE07 VCSH NW-N VCSH AT APT TERMINAL P0000 I1000 T10171017,null
GEG,2024-12-03 8:53,29,29,100,0,0,T,30.39,1031.7,2,null,FEW,BKN,OVC,null,200,300,500,null,BR,T,T,null,null,null,null,29,KGEG 030853Z 00000KT 2SM BR FEW002 BKN003 OVC005 M02/M02 A3039 RMK AO2 FZDZE07SNE07 SLP317 VCSH N-NE P0000 60000 I1000 I3000 T10171017 58001 $,null
GEG,2024-12-03 9:37,29,29,100,0,0,0,30.39,null,0.5,null,FEW,OVC,null,null,100,300,null,null,BR,null,null,null,null,null,null,29,KGEG 030937Z 00000KT 1/2SM R21/P6000FT BR FEW001 OVC003 M02/M02 A3039 RMK AO2 SFC VIS 1 1/2 T10171017 $,null
GEG,2024-12-03 9:53,29,29,100,20,3,0,30.39,1031.6,0.5,null,FEW,OVC,null,null,100,300,null,null,BR,null,null,null,null,null,null,25.26,KGEG 030953Z 02003KT 1/2SM R21/P6000FT BR FEW001 OVC003 M02/M02 A3039 RMK AO2 SFC VIS 2 SLP316 T10171017 $,null
GEG,2024-12-03 10:53,29,29,100,30,4,0,30.39,1031.8,0.5,null,SCT,OVC,null,null,200,400,null,null,BR,T,null,null,null,null,null,23.92,KGEG 031053Z 03004KT 1/2SM R21/P6000FT BR SCT002 OVC004 M02/M02 A3039 RMK AO2 SFC VIS 2 1/2 SLP318 I1000 T10171017 $,null
GEG,2024-12-03 11:53,29,29,100,40,5,0,30.4,1032,0.5,null,BKN,OVC,null,null,200,300,null,null,BR,T,null,T,null,null,null,22.83,KGEG 031153Z 04005KT 1/2SM R21/P6000FT BR BKN002 OVC003 M02/M02 A3040 RMK AO2 SFC VIS 1 3/4 SLP320 60000 I1000 I6000 T10171017 11011 21017 53003 $,null
GEG,2024-12-03 12:53,29,29,100,80,4,0,30.39,1031.5,0.5,null,FEW,BKN,OVC,null,200,300,600,null,BR BCFG,null,null,null,null,null,null,23.92,KGEG 031253Z 08004KT 1/2SM R21/P6000FT BR BCFG FEW002 BKN003 OVC006 M02/M02 A3039 RMK AO2 SFC VIS 3 SLP315 VIS N-SE 3/4 T10171017 $,null
GEG,2024-12-03 13:53,28,28,100,40,3,0,30.4,1032,0.5,null,BKN,OVC,null,null,200,300,null,null,BR,T,null,null,null,null,null,24.12,KGEG 031353Z 04003KT 1/2SM R21/P6000FT BR BKN002 OVC003 M02/M02 A3040 RMK AO2 SFC VIS 1 1/4 SLP320 I1000 T10221022 $,null
GEG,2024-12-03 14:53,28,28,100,20,4,0,30.4,1032.1,1,null,SCT,BKN,OVC,null,200,300,500,null,BR,null,T,null,null,null,null,22.75,KGEG 031453Z 02004KT 1SM R21/P6000FT BR SCT002 BKN003 OVC005 M02/M02 A3040 RMK AO2 SFC VIS 2 1/2 SLP321 I3000 T10221022 55000 $,null
GEG,2024-12-03 14:56,29,29,100,20,5,0,30.4,null,2,null,FEW,BKN,OVC,null,200,300,500,null,BR,null,null,null,null,null,null,22.83,KGEG 031456Z 02005KT 2SM BR FEW002 BKN003 OVC005 M02/M02 A3040 RMK AO2 SFC VIS 2 1/2 T10171017 $,null
GEG,2024-12-03 15:17,29,29,100,30,4,0,30.4,null,1,null,FEW,BKN,OVC,null,200,300,500,null,BR,null,null,null,null,null,null,23.92,KGEG 031517Z 03004KT 1SM R21/P6000FT BR FEW002 BKN003 OVC005 M02/M02 A3040 RMK AO2 SFC VIS 2 1/2 T10171017 $,null
GEG,2024-12-03 15:53,28,28,100,20,4,T,30.41,1032.5,1,null,FEW,BKN,OVC,null,200,300,500,null,#NAME?,T,null,null,null,null,null,22.75,KGEG 031553Z 02004KT 1SM R21/P6000FT -SN BR FEW002 BKN003 OVC005 M02/M02 A3041 RMK AO2 SNB53 SLP325 P0000 I1000 T10221022 $,null
GEG,2024-12-03 16:53,28,28,100,340,3,T,30.42,1032.8,1.5,null,FEW,BKN,OVC,null,200,500,1100,null,BR,null,null,null,null,null,null,24.12,KGEG 031653Z 34003KT 1 1/2SM BR FEW002 BKN005 OVC011 M02/M02 A3042 RMK AO2 SFC VIS 2 SNE07 SLP328 P0000 T10221022 $,null
GEG,2024-12-03 17:00,28,28,100,350,3,0,30.42,null,1.5,null,FEW,SCT,OVC,null,200,500,1100,null,BR,null,null,null,null,null,null,24.12,KGEG 031700Z 35003KT 1 1/2SM BR FEW002 SCT005 OVC011 M02/M02 A3042 RMK AO2 SFC VIS 3 T10221022 $,null
GEG,2024-12-03 17:04,28,28,100,360,3,0,30.42,null,3,null,FEW,SCT,OVC,null,200,500,1100,null,BR,null,null,null,null,null,null,24.12,KGEG 031704Z 36003KT 3SM BR FEW002 SCT005 OVC011 M02/M02 A3042 RMK AO2 SFC VIS 4 T10221022 $,null
GEG,2024-12-03 17:28,29,29,100,20,3,0,30.42,null,3,null,FEW,BKN,OVC,null,200,800,1100,null,BR,null,null,null,null,null,null,25.26,KGEG 031728Z 02003KT 3SM BR FEW002 BKN008 OVC011 M02/M02 A3042 RMK AO2 T10171017 $,null
GEG,2024-12-03 17:53,29,29,100,350,4,0,30.44,1033.3,3,null,FEW,BKN,OVC,null,200,800,1100,null,BR,null,null,T,null,null,null,23.92,KGEG 031753Z 35004KT 3SM BR FEW002 BKN008 OVC011 M02/M02 A3044 RMK AO2 SFC VIS 4 SLP333 60000 I6000 T10171017 11017 21022 53012,null
GEG,2024-12-03 18:53,29,29,100,10,4,0,30.43,1033.1,3,null,FEW,OVC,null,null,200,600,null,null,BR,null,null,null,null,null,null,23.92,KGEG 031853Z 01004KT 3SM BR FEW002 OVC006 M02/M02 A3043 RMK AO2 SLP331 T10171017,null
GEG,2024-12-03 19:53,30,29,96,360,4,0,30.43,1032.8,3,null,FEW,SCT,OVC,null,200,300,800,null,BR,null,null,null,null,null,null,25.08,KGEG 031953Z 36004KT 3SM BR FEW002 SCT003 OVC008 M01/M02 A3043 RMK AO2 SLP328 T10111017,null
GEG,2024-12-03 20:53,30,30,100,20,4,0,30.42,1032.8,3,null,FEW,SCT,OVC,null,200,300,800,null,BR,null,null,null,null,null,null,25.08,KGEG 032053Z 02004KT 3SM BR FEW002 SCT003 OVC008 M01/M01 A3042 RMK AO2 SFC VIS 4 SLP328 T10111011 56005,null
GEG,2024-12-03 21:50,30.2,30.2,100,10,4,0,30.42,null,2,null,FEW,OVC,null,null,200,500,null,null,BR,T,null,null,null,null,null,25.32,KGEG 032150Z 01004KT 2SM BR FEW002 OVC005 M01/M01 A3042 RMK AO2 TWR VIS 2 1/2 I1000,null
GEG,2024-12-03 21:53,30,30,100,20,4,0,30.42,1032.5,2,null,FEW,OVC,null,null,200,500,null,null,BR,T,null,null,null,null,null,25.08,KGEG 032153Z 02004KT 2SM BR FEW002 OVC005 M01/M01 A3042 RMK AO2 TWR VIS 2 1/2 SLP325 I1000 T10111011,null
GEG,2024-12-03 22:53,30,30,100,20,4,0,30.42,1032.6,2.5,null,FEW,OVC,null,null,200,700,null,null,BR,null,null,null,null,null,null,25.08,KGEG 032253Z 02004KT 2 1/2SM BR FEW002 OVC007 M01/M01 A3042 RMK AO2 SFC VIS 3 SLP326 T10111011,null
GEG,2024-12-03 23:41,30,30,100,20,4,0,30.43,null,5,null,OVC,null,null,null,800,null,null,null,BR,null,null,null,null,null,null,25.08,KGEG 032341Z 02004KT 5SM BR OVC008 M01/M01 A3043 RMK AO2 T10111011,null
GEG,2024-12-03 23:53,30,30,100,20,4,0,30.43,1033,6,null,OVC,null,null,null,800,null,null,null,BR,null,null,T,null,null,null,25.08,KGEG 032353Z 02004KT 6SM BR OVC008 M01/M01 A3043 RMK AO2 SLP330 I6000 T10111011 11011 21017 53004,null
GEG,2024-12-04 0:53,31,30,96.02,0,0,0,30.43,1032.8,9,null,OVC,null,null,null,900,null,null,null,null,null,null,null,null,null,null,31,KGEG 040053Z 00000KT 9SM OVC009 M01/M01 A3043 RMK AO2 SLP328 T10061011,null
GEG,2024-12-04 1:53,31,30,96.02,0,0,0,30.42,1032.7,7,null,FEW,OVC,null,null,300,800,null,null,null,null,null,null,null,null,null,31,KGEG 040153Z 00000KT 7SM FEW003 OVC008 M01/M01 A3042 RMK AO2 SLP327 T10061011,null
GEG,2024-12-04 2:53,31,30,96.02,10,3,0,30.43,1032.9,7,null,FEW,OVC,null,null,400,800,null,null,null,null,null,null,null,null,null,27.55,KGEG 040253Z 01003KT 7SM FEW004 OVC008 M01/M01 A3043 RMK AO2 SLP329 T10061011 55001,null
GEG,2024-12-04 3:53,31,30,96.02,0,0,0,30.43,1033,6,null,FEW,OVC,null,null,400,800,null,null,BR,null,null,null,null,null,null,31,KGEG 040353Z 00000KT 6SM BR FEW004 OVC008 M01/M01 A3043 RMK AO2 SLP330 T10061011,null
GEG,2024-12-04 4:53,30,30,100,20,3,0,30.44,1033.4,6,null,FEW,OVC,null,null,400,800,null,null,BR,null,null,null,null,null,null,26.4,KGEG 040453Z 02003KT 6SM BR FEW004 OVC008 M01/M01 A3044 RMK AO2 SLP334 T10111011,null
GEG,2024-12-04 5:53,30,30,100,0,0,0,30.44,1033.3,6,null,SCT,OVC,null,null,400,800,null,null,BR,null,null,null,null,null,null,30,KGEG 040553Z 00000KT 6SM BR SCT004 OVC008 M01/M01 A3044 RMK AO2 SLP333 T10111011 11006 21011 51003 $,null
GEG,2024-12-04 6:53,30,30,100,360,4,0,30.45,1033.8,6,null,FEW,OVC,null,null,400,800,null,null,BR,null,null,null,null,null,null,25.08,KGEG 040653Z 36004KT 6SM BR FEW004 OVC008 M01/M01 A3045 RMK AO2 SLP338 T10111011 $,null
GEG,2024-12-04 7:53,30,30,100,0,0,0,30.46,1033.9,6,null,FEW,OVC,null,null,400,800,null,null,BR,null,null,null,null,null,null,30,KGEG 040753Z 00000KT 6SM BR FEW004 OVC008 M01/M01 A3046 RMK AO2 SLP339 T10111011 410061022 $,null
GEG,2024-12-04 8:53,30,30,100,20,3,0,30.45,1033.5,2,null,SCT,OVC,null,null,300,700,null,null,BR,null,null,null,null,null,null,26.4,KGEG 040853Z 02003KT 2SM BR SCT003 OVC007 M01/M01 A3045 RMK AO2 SFC VIS 5 SLP335 SCT V BKN T10111011 50002 $,null
GEG,2024-12-04 9:53,30,30,100,50,3,0,30.44,1033.4,2,null,SCT,OVC,null,null,300,700,null,null,BR,null,null,null,null,null,null,26.4,KGEG 040953Z 05003KT 2SM BR SCT003 OVC007 M01/M01 A3044 RMK AO2 SFC VIS 5 SLP334 T10111011 $,null
GEG,2024-12-04 10:53,30,30,100,40,4,0,30.45,1033.5,2,null,SCT,OVC,null,null,300,500,null,null,BR,null,null,null,null,null,null,25.08,KGEG 041053Z 04004KT 2SM BR SCT003 OVC005 M01/M01 A3045 RMK AO2 SFC VIS 5 SLP335 T10111011 $,null
GEG,2024-12-04 11:53,30,30,100,40,3,T,30.45,1033.7,2,null,SCT,OVC,null,null,300,500,null,null,#NAME?,T,null,T,null,null,null,26.4,KGEG 041153Z 04003KT 2SM -FZDZ BR SCT003 OVC005 M01/M01 A3045 RMK AO2 SFC VIS 4 FZDZB53 SLP337 P0000 60000 I1000 I6000 T10111011 11006 21011 53001 $,null
GEG,2024-12-04 12:53,30,30,100,20,3,T,30.44,1033.3,2,null,BKN,OVC,null,null,200,800,null,null,#NAME?,T,null,null,null,null,null,26.4,KGEG 041253Z 02003KT 2SM -FZDZ BR BKN002 OVC008 M01/M01 A3044 RMK AO2 SFC VIS 3 SLP333 P0000 I1000 T10111011 $,null
GEG,2024-12-04 13:22,30,30,100,20,3,T,30.45,null,0.5,null,BKN,OVC,null,null,200,700,null,null,#NAME?,T,null,null,null,null,null,26.4,KGEG 041322Z 02003KT 1/2SM R21/P6000FT -FZDZ BR BKN002 OVC007 M01/M01 A3045 RMK AO2 SFC VIS 4 P0000 I1000 T10111011 $,null
GEG,2024-12-04 13:53,30,30,100,40,3,T,30.44,1033.2,0.5,null,BKN,OVC,null,null,300,1000,null,null,#NAME?,0.01,null,null,null,null,null,26.4,KGEG 041353Z 04003KT 1/2SM R21/P6000FT -FZDZ BR BKN003 OVC010 M01/M01 A3044 RMK AO2 SFC VIS 3 SLP332 P0000 I1001 T10111011 $,null
GEG,2024-12-04 14:53,30,30,100,30,4,T,30.43,1032.9,0.5,null,SCT,OVC,null,null,200,400,null,null,#NAME?,T,0.01,null,null,null,null,25.08,KGEG 041453Z 03004KT 1/2SM R21/P6000FT -FZDZ BR SCT002 OVC004 M01/M01 A3043 RMK AO2 SFC VIS 3 SLP329 P0000 60000 I1000 I3001 T10111011 58006 $,null
GEG,2024-12-04 15:38,30,30,100,0,0,T,30.43,null,0.25,null,BKN,OVC,null,null,200,400,null,null,#NAME?,T,null,null,null,null,null,30,KGEG 041538Z 00000KT 1/4SM R21/P6000FT -FZDZ BR BKN002 OVC004 M01/M01 A3043 RMK AO2 SFC VIS 1 1/4 P0000 I1000 T10111011 $,null
GEG,2024-12-04 15:53,30,30,100,20,4,T,30.44,1033,0.25,null,BKN,OVC,null,null,200,400,null,null,#NAME?,T,null,null,null,null,null,25.08,KGEG 041553Z 02004KT 1/4SM R21/P6000FT -FZDZ BR BKN002 OVC004 M01/M01 A3044 RMK AO2 SFC VIS 1 SLP330 P0000 I1000 T10111011 $,null
GEG,2024-12-04 16:36,30,30,100,20,4,T,30.44,null,0.25,null,OVC,null,null,null,300,null,null,null,BR,T,null,null,null,null,null,25.08,KGEG 041636Z 02004KT 1/4SM R21/P6000FT BR OVC003 M01/M01 A3044 RMK AO2 SFC VIS 1 FZDZE30 P0000 I1000 T10111011,null
GEG,2024-12-04 16:53,30,30,100,20,4,T,30.44,1033.4,0.25,null,OVC,null,null,null,300,null,null,null,BR,0.01,null,null,null,null,null,25.08,KGEG 041653Z 02004KT 1/4SM R21/P6000FT BR OVC003 M01/M01 A3044 RMK AO2 SFC VIS 1 FZDZE30 SLP334 P0000 I1001 T10111011,null
GEG,2024-12-04 17:53,30,30,100,30,5,0,30.44,1033.3,0.25,null,OVC,null,null,null,300,null,null,null,BR,null,null,0.02,null,null,null,24.02,KGEG 041753Z 03005KT 1/4SM R21/P6000FT BR OVC003 M01/M01 A3044 RMK AO2 SFC VIS 1 1/4 CIG 002V006 SLP333 60000 I6002 T10111011 11011 21011 50002,null
GEG,2024-12-04 18:53,30,30,100,10,5,T,30.43,1033.1,0.25,null,OVC,null,null,null,300,null,null,null,#NAME?,0.01,null,null,null,null,null,24.02,KGEG 041853Z 01005KT 1/4SM R21/P6000FT -FZDZ BR OVC003 M01/M01 A3043 RMK AO2 SFC VIS 1 FZDZB48 SLP331 P0000 I1001 T10111011,null
GEG,2024-12-04 19:53,31,31,100,40,7,T,30.42,1032.6,0.25,null,OVC,null,null,null,200,null,null,null,BR,T,null,null,null,null,null,23.56,KGEG 041953Z 04007KT 1/4SM R21/P6000FT BR OVC002 M01/M01 A3042 RMK AO2 SFC VIS 1 1/4 FZDZE47 SLP326 P0000 I1000 T10061006,null
GEG,2024-12-04 20:29,31,31,100,30,7,0,30.42,null,0.5,null,BKN,OVC,null,null,500,900,null,null,BR,T,null,null,null,null,null,23.56,KGEG 042029Z 03007KT 1/2SM R21/P6000FT BR BKN005 OVC009 M01/M01 A3042 RMK AO2 SFC VIS 2 1/2 I1000 T10061006,null
GEG,2024-12-04 20:42,31,31,100,30,6,0,30.42,null,2,null,FEW,OVC,null,null,200,600,null,null,BR,T,null,null,null,null,null,24.33,KGEG 042042Z 03006KT 2SM BR FEW002 OVC006 M01/M01 A3042 RMK AO2 SFC VIS 4 I1000 T10061006,null
GEG,2024-12-04 20:53,31,31,100,40,6,0,30.41,1032.2,2,null,FEW,OVC,null,null,200,600,null,null,BR,T,0.01,null,null,null,null,24.33,KGEG 042053Z 04006KT 2SM BR FEW002 OVC006 M01/M01 A3041 RMK AO2 SFC VIS 4 SLP322 60000 I1000 I3001 T10061006 58008,null
GEG,2024-12-04 21:53,31,30,96.02,10,5,0,30.4,1031.6,2,null,SCT,OVC,null,null,200,500,null,null,BR,null,null,null,null,null,null,25.21,KGEG 042153Z 01005KT 2SM BR SCT002 OVC005 M01/M01 A3040 RMK AO2 SLP316 T10061011,null
GEG,2024-12-04 22:53,31,30,96.02,20,3,0,30.39,1031.4,2,null,FEW,SCT,OVC,null,200,400,800,null,BR,null,null,null,null,null,null,27.55,KGEG 042253Z 02003KT 2SM BR FEW002 SCT004 OVC008 M01/M01 A3039 RMK AO2 SFC VIS 4 SLP314 T10061011,null
GEG,2024-12-04 23:53,31,30,96.02,10,4,0,30.39,1031.6,2,null,FEW,OVC,null,null,400,800,null,null,BR,null,null,0.01,null,null,null,26.25,KGEG 042353Z 01004KT 2SM BR FEW004 OVC008 M01/M01 A3039 RMK AO2 SFC VIS 4 SLP316 60000 I6001 T10061011 11006 21011 55006,null
GEG,2024-12-05 0:53,31,30,96.02,360,4,0,30.4,1031.7,2,null,OVC,null,null,null,700,null,null,null,null,null,null,null,null,null,null,26.25,KGEG 050053Z 36004KT 2SM OVC007 M01/M01 A3040 RMK AO2 SFC VIS 8 SLP317 T10061011,null
GEG,2024-12-05 1:53,30,29,96,10,6,0,30.39,1031.7,9,null,OVC,null,null,null,700,null,null,null,null,null,null,null,null,null,null,23.12,KGEG 050153Z 01006KT 9SM OVC007 M01/M02 A3039 RMK AO2 SLP317 T10111017,null
GEG,2024-12-05 2:53,30,29,96,20,5,0,30.38,1031.4,7,null,OVC,null,null,null,600,null,null,null,null,null,null,null,null,null,null,24.02,KGEG 050253Z 02005KT 7SM OVC006 M01/M02 A3038 RMK AO2 SLP314 T10111017 58004,null
GEG,2024-12-05 3:53,30,29,96,30,4,0,30.37,1031,6,null,OVC,null,null,null,600,null,null,null,BR,null,null,null,null,null,null,25.08,KGEG 050353Z 03004KT 6SM BR OVC006 M01/M02 A3037 RMK AO2 SLP310 T10111017 $,null
GEG,2024-12-05 4:53,30,30,100,350,4,0,30.37,1030.9,6,null,OVC,null,null,null,500,null,null,null,BR,null,null,null,null,null,null,25.08,KGEG 050453Z 35004KT 6SM BR OVC005 M01/M01 A3037 RMK AO2 SLP309 T10111011 $,null
GEG,2024-12-05 5:51,30.2,30.2,100,350,4,0,30.37,null,5,null,OVC,null,null,null,400,null,null,null,BR,null,null,null,null,null,null,25.32,KGEG 050551Z 35004KT 5SM BR OVC004 M01/M01 A3037 RMK AO2 $,null
GEG,2024-12-05 5:53,30,30,100,350,4,0,30.37,1031,5,null,OVC,null,null,null,400,null,null,null,BR,null,null,null,null,null,null,25.08,KGEG 050553Z 35004KT 5SM BR OVC004 M01/M01 A3037 RMK AO2 SLP310 T10111011 11006 21011 56001 $,null
GEG,2024-12-05 6:24,30,30,100,350,6,0,30.38,null,2,null,OVC,null,null,null,400,null,null,null,BR,null,null,null,null,null,null,23.12,KGEG 050624Z 35006KT 2SM BR OVC004 M01/M01 A3038 RMK AO2 SFC VIS 4 T10111011 $,null
GEG,2024-12-05 6:41,30,30,100,350,6,0,30.39,null,1,null,FEW,OVC,null,null,100,400,null,null,BR,null,null,null,null,null,null,23.12,KGEG 050641Z 35006KT 1SM R21/P6000FT BR FEW001 OVC004 M01/M01 A3039 RMK AO2 SFC VIS 3 T10111011 $,null
GEG,2024-12-05 6:53,30,30,100,360,7,0,30.39,1031.7,0.75,null,FEW,OVC,null,null,100,400,null,null,BR,null,null,null,null,null,null,22.34,KGEG 050653Z 36007KT 3/4SM R21/P6000FT BR FEW001 OVC004 M01/M01 A3039 RMK AO2 SFC VIS 3 SLP317 T10111011 $,null
GEG,2024-12-05 7:11,30,30,100,360,7,0,30.39,null,0.25,null,FEW,OVC,null,null,100,400,null,null,BR,null,null,null,null,null,null,22.34,KGEG 050711Z 36007KT 1/4SM R21/P6000FT BR FEW001 OVC004 M01/M01 A3039 RMK AO2 SFC VIS 3 T10111011 $,null
GEG,2024-12-05 7:33,29,29,100,360,6,0,30.39,null,0.25,null,FEW,OVC,null,null,100,200,null,null,BR,T,null,null,null,null,null,21.92,KGEG 050733Z 36006KT 1/4SM R21/P6000FT BR FEW001 OVC002 M02/M02 A3039 RMK AO2 SFC VIS 1 3/4 I1000 T10171017 $,null
GEG,2024-12-05 7:53,30,30,100,10,5,0,30.39,1031.5,0.25,null,FEW,OVC,null,null,100,200,null,null,BR,T,null,null,null,null,null,24.02,KGEG 050753Z 01005KT 1/4SM R21/P6000FT BR FEW001 OVC002 M01/M01 A3039 RMK AO2 SFC VIS 1 1/2 SLP315 I1000 T10111011 410061017 $,null
GEG,2024-12-05 8:34,29,29,100,20,5,0,30.39,null,0.25,null,VV ,null,null,null,100,null,null,null,BR,null,null,null,null,null,null,22.83,KGEG 050834Z 02005KT 1/4SM R21/P6000FT BR VV001 M02/M02 A3039 RMK AO2 SFC VIS 3/4 T10171017 $,null
GEG,2024-12-05 8:53,29,29,100,40,5,0,30.39,1031.6,0.25,null,FEW,OVC,null,null,100,200,null,null,BR,T,T,null,null,null,null,22.83,KGEG 050853Z 04005KT 1/4SM R21/P6000FT BR FEW001 OVC002 M02/M02 A3039 RMK AO2 SFC VIS 1 1/4 SLP316 I1000 I3000 T10171017 50006 $,null
GEG,2024-12-05 9:53,29,29,100,40,4,0,30.4,1031.8,0.25,null,FEW,OVC,null,null,100,200,null,null,BR,0.01,null,null,null,null,null,23.92,KGEG 050953Z 04004KT 1/4SM R21/P6000FT BR FEW001 OVC002 M02/M02 A3040 RMK AO2 SFC VIS 1 1/4 SLP318 I1001 T10171017 $,null
GEG,2024-12-05 10:20,29,29,100,40,4,T,30.39,null,0.25,null,FEW,OVC,null,null,100,200,null,null,#NAME?,T,null,null,null,null,null,23.92,KGEG 051020Z 04004KT 1/4SM R21/P6000FT -FZDZ BR FEW001 OVC002 M02/M02 A3039 RMK AO2 SFC VIS 1 1/4 FZDZB20 P0000 I1000 T10171017 $,null
GEG,2024-12-05 10:53,29,29,100,20,4,T,30.39,1031.7,0.25,null,VV ,null,null,null,100,null,null,null,#NAME?,T,null,null,null,null,null,23.92,KGEG 051053Z 02004KT 1/4SM R21/P6000FT -FZDZ BR VV001 M02/M02 A3039 RMK AO2 SFC VIS 1 1/4 FZDZB20 SLP317 P0000 I1000 T10171017 $,null
GEG,2024-12-05 11:48,28.4,28.4,100,20,4,T,30.39,null,0.25,null,VV ,null,null,null,200,null,null,null,BR,T,null,null,null,null,null,23.22,KGEG 051148Z 02004KT 1/4SM R21/P6000FT BR VV002 M02/M02 A3039 RMK AO2 SFC VIS 1 1/4 FZDZE48 P0000 I1000 $,null
GEG,2024-12-05 11:53,29,29,100,10,4,T,30.39,1031.5,0.25,null,VV ,null,null,null,200,null,null,null,BR,T,null,0.01,null,null,null,23.92,KGEG 051153Z 01004KT 1/4SM R21/P6000FT BR VV002 M02/M02 A3039 RMK AO2 SFC VIS 1 1/4 FZDZE48 SLP315 P0000 60000 I1000 I6001 T10171017 11011 21017 58001 $,null
GEG,2024-12-05 12:53,29,29,100,30,5,0,30.39,1031.6,0.25,null,VV ,null,null,null,200,null,null,null,BR,null,null,null,null,null,null,22.83,KGEG 051253Z 03005KT 1/4SM R21/P6000FT BR VV002 M02/M02 A3039 RMK AO2 SFC VIS 1 1/4 SLP316 T10171017 $,null
GEG,2024-12-05 13:53,29,29,100,20,3,0,30.4,1031.8,0.25,null,BKN,OVC,null,null,200,400,null,null,BR,null,null,null,null,null,null,25.26,KGEG 051353Z 02003KT 1/4SM R21/P6000FT BR BKN002 OVC004 M02/M02 A3040 RMK AO2 SFC VIS 2 SLP318 T10171017 $,null
GEG,2024-12-05 14:32,29,29,100,null,4,T,30.41,null,0.25,null,BKN,OVC,null,null,200,400,null,null,#NAME?,0.01,null,null,null,null,null,23.92,KGEG 051432Z VRB04KT 1/4SM R21/P6000FT -FZDZ BR BKN002 OVC004 M02/M02 A3041 RMK AO2 SFC VIS 1 FZDZB32 P0000 I1001 T10171017 $,null
GEG,2024-12-05 14:53,29,29,100,10,4,T,30.41,1032.2,0.25,null,BKN,OVC,null,null,200,400,null,null,#NAME?,0.01,0.01,null,null,null,null,23.92,KGEG 051453Z 01004KT 1/4SM R21/P6000FT -FZDZ BR BKN002 OVC004 M02/M02 A3041 RMK AO2 SFC VIS 1 FZDZB32 SLP322 P0000 60000 I1001 I3001 T10171017 53006 $,null
GEG,2024-12-05 15:53,29,29,100,20,6,T,30.42,1032.6,0.25,null,BKN,OVC,null,null,200,400,null,null,#NAME?,0.01,null,null,null,null,null,21.92,KGEG 051553Z 02006KT 1/4SM R21/3500V5500FT -FZDZ BR BKN002 OVC004 M02/M02 A3042 RMK AO2 SFC VIS 3/4 SLP326 P0000 I1001 T10171017 $,null
GEG,2024-12-05 16:53,29,28,95.99,40,6,T,30.41,1032.4,0.25,null,OVC,null,null,null,200,null,null,null,#NAME?,0.02,null,null,null,null,null,21.92,KGEG 051653Z 04006KT 1/4SM R21/4500V5500FT -FZDZ FZFG OVC002 M02/M02 A3041 RMK AO2 SFC VIS 1/2 SLP324 P0000 I1002 T10171022 $,null
GEG,2024-12-05 17:53,29,29,100,30,3,T,30.44,1033.4,0.25,null,OVC,null,null,null,200,null,null,null,#NAME?,T,null,0.04,null,null,null,25.26,KGEG 051753Z 03003KT 1/4SM R21/P6000FT -FZDZ BR OVC002 M02/M02 A3044 RMK AO2 SFC VIS 1 SLP334 P0000 60000 I1000 I6004 T10171017 11017 21022 53011,null
GEG,2024-12-05 18:10,29,29,100,40,4,T,30.44,null,0.25,null,SCT,OVC,null,null,200,800,null,null,#NAME?,T,null,null,null,null,null,23.92,KGEG 051810Z 04004KT 1/4SM R21/P6000FT -FZDZ BR SCT002 OVC008 M02/M02 A3044 RMK AO2 SFC VIS 1 1/4 P0000 I1000 T10171017,null
GEG,2024-12-05 18:24,29,29,100,20,3,T,30.44,null,1.25,null,OVC,null,null,null,600,null,null,null,#NAME?,T,null,null,null,null,null,25.26,KGEG 051824Z 02003KT 1 1/4SM -FZDZ BR OVC006 M02/M02 A3044 RMK AO2 SFC VIS 1 3/4 CIG 004V009 P0000 I1000 T10171017,null
GEG,2024-12-05 18:53,29,29,100,40,4,T,30.43,1033.2,1.25,null,FEW,OVC,null,null,200,500,null,null,#NAME?,T,null,null,null,null,null,23.92,KGEG 051853Z 04004KT 1 1/4SM -FZDZ BR FEW002 OVC005 M02/M02 A3043 RMK AO2 SFC VIS 4 SLP332 P0000 I1000 T10171017,null
GEG,2024-12-05 19:24,30,29,96,50,3,T,30.42,null,1.25,null,FEW,OVC,null,null,200,700,null,null,BR,T,null,null,null,null,null,26.4,KGEG 051924Z 05003KT 1 1/4SM BR FEW002 OVC007 M01/M02 A3042 RMK AO2 SFC VIS 4 FZDZE23 P0000 I1000 T10111017,null
GEG,2024-12-05 19:28,30,30,100,30,3,T,30.42,null,2.5,null,FEW,OVC,null,null,200,700,null,null,BR,T,null,null,null,null,null,26.4,KGEG 051928Z 03003KT 2 1/2SM BR FEW002 OVC007 M01/M01 A3042 RMK AO2 SFC VIS 4 FZDZE23 P0000 I1000 T10111011,null
GEG,2024-12-05 19:53,30,30,100,30,4,T,30.43,1032.8,2.5,null,FEW,OVC,null,null,200,700,null,null,BR,T,null,null,null,null,null,25.08,KGEG 051953Z 03004KT 2 1/2SM BR FEW002 OVC007 M01/M01 A3043 RMK AO2 SFC VIS 4 FZDZE23 SLP328 P0000 I1000 T10111011,null
GEG,2024-12-05 20:53,30,30,100,10,4,0,30.41,1032.4,2.5,null,FEW,OVC,null,null,200,700,null,null,BR,null,T,null,null,null,null,25.08,KGEG 052053Z 01004KT 2 1/2SM BR FEW002 OVC007 M01/M01 A3041 RMK AO2 SFC VIS 4 SLP324 60000 I3000 T10111011 58010,null
GEG,2024-12-05 21:23,29,29,100,350,4,0,30.41,null,2.5,null,FEW,OVC,null,null,200,400,null,null,BR,null,null,null,null,null,null,23.92,KGEG 052123Z 35004KT 2 1/2SM BR FEW002 OVC004 M02/M02 A3041 RMK AO2 SFC VIS 3 T10171017,null
GEG,2024-12-05 21:53,29,29,100,20,4,0,30.41,1032.3,2.5,null,FEW,OVC,null,null,200,400,null,null,BR,null,null,null,null,null,null,23.92,KGEG 052153Z 02004KT 2 1/2SM BR FEW002 OVC004 M02/M02 A3041 RMK AO2 SFC VIS 3 SLP323 T10171017,null
GEG,2024-12-05 22:53,30,30,100,40,4,0,30.41,1032.2,2.5,null,FEW,OVC,null,null,200,400,null,null,BR,null,null,null,null,null,null,25.08,KGEG 052253Z 04004KT 2 1/2SM BR FEW002 OVC004 M01/M01 A3041 RMK AO2 SFC VIS 3 SLP322 T10111011,null
GEG,2024-12-05 23:24,30,30,100,40,3,0,30.41,null,1.5,null,OVC,null,null,null,400,null,null,null,BR,null,null,null,null,null,null,26.4,KGEG 052324Z 04003KT 1 1/2SM BR OVC004 M01/M01 A3041 RMK AO2 SFC VIS 5 T10111011,null
GEG,2024-12-05 23:53,30,30,100,20,3,0,30.41,1032.2,1.5,null,OVC,null,null,null,400,null,null,null,BR,null,null,T,null,null,null,26.4,KGEG 052353Z 02003KT 1 1/2SM BR OVC004 M01/M01 A3041 RMK AO2 SFC VIS 6 SLP322 60000 I6000 T10111011 11011 21017 56002,null
GEG,2024-12-06 0:53,29,29,100,360,4,T,30.41,1032.5,1.5,null,OVC,null,null,null,400,null,null,null,#NAME?,T,null,null,null,null,null,23.92,KGEG 060053Z 36004KT 1 1/2SM -FZDZ BR OVC004 M02/M02 A3041 RMK AO2 SFC VIS 5 FZDZB50 SLP325 P0000 I1000 T10171017,null
GEG,2024-12-06 1:15,29,29,100,350,5,T,30.42,null,1.5,null,OVC,null,null,null,300,null,null,null,BR,T,null,null,null,null,null,22.83,KGEG 060115Z 35005KT 1 1/2SM BR OVC003 M02/M02 A3042 RMK AO2 SFC VIS 5 FZDZE15 P0000 I1000 T10171017,null
GEG,2024-12-06 1:53,29,29,100,350,5,T,30.44,1033.4,1.5,null,OVC,null,null,null,400,null,null,null,#NAME?,T,null,null,null,null,null,22.83,KGEG 060153Z 35005KT 1 1/2SM -FZDZ BR OVC004 M02/M02 A3044 RMK AO2 SFC VIS 4 FZDZE15B50 SLP334 P0000 I1000 T10171017,null
GEG,2024-12-06 2:53,29,29,100,30,5,T,30.42,1032.8,1.5,null,OVC,null,null,null,400,null,null,null,#NAME?,0.01,0.01,null,null,null,null,22.83,KGEG 060253Z 03005KT 1 1/2SM -FZDZ BR OVC004 M02/M02 A3042 RMK AO2 SFC VIS 3 SLP328 P0000 60000 I1001 I3001 T10171017 50005,null
GEG,2024-12-06 3:32,29,29,100,30,5,T,30.42,null,0.5,null,OVC,null,null,null,300,null,null,null,#NAME?,T,null,null,null,null,null,22.83,KGEG 060332Z 03005KT 1/2SM R21/P6000FT -FZDZ BR OVC003 M02/M02 A3042 RMK AO2 SFC VIS 3 P0000 I1000 T10171017,null
GEG,2024-12-06 3:53,29,29,100,20,3,T,30.42,1032.8,0.5,null,OVC,null,null,null,300,null,null,null,#NAME?,0.01,null,null,null,null,null,25.26,KGEG 060353Z 02003KT 1/2SM R21/P6000FT -FZDZ BR OVC003 M02/M02 A3042 RMK AO2 SFC VIS 3 SLP328 P0000 I1001 T10171017,null
GEG,2024-12-06 4:53,29,29,100,20,4,T,30.44,1033.3,0.5,null,OVC,null,null,null,200,null,null,null,#NAME?,T,null,null,null,null,null,23.92,KGEG 060453Z 02004KT 1/2SM R21/P6000FT -FZDZ BR OVC002 M02/M02 A3044 RMK AO2 SFC VIS 2 1/2 SLP333 P0000 I1000 T10171017,null
GEG,2024-12-06 5:53,29,29,100,50,4,T,30.44,1033.4,0.5,null,OVC,null,null,null,300,null,null,null,#NAME?,T,null,0.02,null,null,null,23.92,KGEG 060553Z 05004KT 1/2SM R21/P6000FT -FZDZ BR OVC003 M02/M02 A3044 RMK AO2 SFC VIS 3 SLP334 P0000 60000 I1000 I6002 T10171017 11011 21017 53006,null
GEG,2024-12-06 6:17,29,29,100,30,4,T,30.46,null,0.5,null,OVC,null,null,null,300,null,null,null,BR,T,null,null,null,null,null,23.92,KGEG 060617Z 03004KT 1/2SM R21/P6000FT BR OVC003 M02/M02 A3046 RMK AO2 SFC VIS 3 FZDZE16 P0000 I1000 T10171017,null
GEG,2024-12-06 6:27,29,29,100,20,4,T,30.47,null,0.5,null,OVC,null,null,null,300,null,null,null,#NAME?,T,null,null,null,null,null,23.92,KGEG 060627Z 02004KT 1/2SM R21/P6000FT -FZDZ BR OVC003 M02/M02 A3047 RMK AO2 SFC VIS 3 P0000 I1000 T10171017,null
GEG,2024-12-06 6:43,29,29,100,60,4,T,30.46,null,0.5,null,BKN,OVC,null,null,300,700,null,null,BR,T,null,null,null,null,null,23.92,KGEG 060643Z 06004KT 1/2SM R21/P6000FT BR BKN003 OVC007 M02/M02 A3046 RMK AO2 SFC VIS 4 FZDZE43 P0000 I1000 T10171017,null
GEG,2024-12-06 6:53,29,29,100,70,4,T,30.46,1034,1,null,BKN,OVC,null,null,300,700,null,null,BR,T,null,null,null,null,null,23.92,KGEG 060653Z 07004KT 1SM R21/P6000FT BR BKN003 OVC007 M02/M02 A3046 RMK AO2 SFC VIS 4 FZDZE43 SLP340 P0000 I1000 T10171017,null
GEG,2024-12-06 7:25,29,29,100,10,3,T,30.47,null,1,null,BKN,OVC,null,null,300,700,null,null,#NAME?,T,null,null,null,null,null,25.26,KGEG 060725Z 01003KT 1SM R21/P6000FT -FZDZ BR BKN003 OVC007 M02/M02 A3047 RMK AO2 SFC VIS 4 FZDZB22 P0000 I1000 T10171017,null
GEG,2024-12-06 7:53,29,29,100,40,3,T,30.47,1034.2,1,null,BKN,OVC,null,null,300,500,null,null,#NAME?,T,null,null,null,null,null,25.26,KGEG 060753Z 04003KT 1SM R21/P6000FT -FZDZ BR BKN003 OVC005 M02/M02 A3047 RMK AO2 SFC VIS 4 FZDZB22 SLP342 P0000 I1000 T10171017 410111022,null
GEG,2024-12-06 8:53,29,29,100,70,6,T,30.45,1033.7,1,null,BKN,OVC,null,null,300,500,null,null,#NAME?,T,T,null,null,null,null,21.92,KGEG 060853Z 07006KT 1SM R21/P6000FT -FZDZ BR BKN003 OVC005 M02/M02 A3045 RMK AO2 SFC VIS 3 SLP337 P0000 60000 I1000 I3000 T10171017 50003,null
GEG,2024-12-06 9:30,29,29,100,70,4,T,30.44,null,0.5,null,VV ,null,null,null,200,null,null,null,#NAME?,T,null,null,null,null,null,23.92,KGEG 060930Z 07004KT 1/2SM R21/2000VP6000FT -FZDZ FZFG VV002 M02/M02 A3044 RMK AO2 TWR VIS 1 P0000 I1000 T10171017,null
GEG,2024-12-06 9:53,28,28,100,70,4,T,30.44,1033.3,1,null,BKN,OVC,null,null,200,600,null,null,BR,0.01,null,null,null,null,null,22.75,KGEG 060953Z 07004KT 1SM R21/P6000FT BR BKN002 OVC006 M02/M02 A3044 RMK AO2 SFC VIS 2 FZDZE50 SLP333 P0000 I1001 T10221022,null
GEG,2024-12-06 10:23,29,29,100,20,4,T,30.45,null,1,null,BKN,OVC,null,null,200,600,null,null,#NAME?,T,null,null,null,null,null,23.92,KGEG 061023Z 02004KT 1SM R21/P6000FT -FZDZ BR BKN002 OVC006 M02/M02 A3045 RMK AO2 SFC VIS 2 FZDZB22 P0000 I1000 T10171017,null
GEG,2024-12-06 10:53,29,29,100,360,3,T,30.45,1033.8,1,null,BKN,OVC,null,null,200,600,null,null,BR,T,null,null,null,null,null,25.26,KGEG 061053Z 36003KT 1SM R21/P6000FT BR BKN002 OVC006 M02/M02 A3045 RMK AO2 SFC VIS 2 1/2 FZDZB22E51 SLP338 P0000 I1000 T10171017,null
GEG,2024-12-06 11:38,29,29,100,330,4,0,30.46,null,3,null,BKN,OVC,null,null,400,600,null,null,BR,null,null,null,null,null,null,23.92,KGEG 061138Z 33004KT 3SM BR BKN004 OVC006 M02/M02 A3046 RMK AO2 SFC VIS 4 T10171017,null
GEG,2024-12-06 11:53,29,29,100,40,3,0,30.45,1033.8,3,null,BKN,OVC,null,null,300,600,null,null,BR,null,null,0.01,null,null,null,25.26,KGEG 061153Z 04003KT 3SM BR BKN003 OVC006 M02/M02 A3045 RMK AO2 SLP338 60000 I6001 T10171017 11017 21022 53001,null
GEG,2024-12-06 12:30,29,29,100,30,4,0,30.45,null,2,null,BKN,OVC,null,null,300,600,null,null,BR,null,null,null,null,null,null,23.92,KGEG 061230Z 03004KT 2SM BR BKN003 OVC006 M02/M02 A3045 RMK AO2 SFC VIS 3 T10171017,null
GEG,2024-12-06 12:40,29,29,100,60,5,0,30.45,null,1.25,null,BKN,OVC,null,null,200,600,null,null,BR,null,null,null,null,null,null,22.83,KGEG 061240Z 06005KT 1 1/4SM BR BKN002 OVC006 M02/M02 A3045 RMK AO2 SFC VIS 3 T10171017,null
GEG,2024-12-06 12:53,28,28,100,60,4,T,30.45,1033.9,1.25,null,BKN,OVC,null,null,200,600,null,null,#NAME?,T,null,null,null,null,null,22.75,KGEG 061253Z 06004KT 1 1/4SM -FZDZ BR BKN002 OVC006 M02/M02 A3045 RMK AO2 SFC VIS 3 FZDZB51 SLP339 P0000 I1000 T10221022,null
GEG,2024-12-06 13:26,29,29,100,40,5,T,30.44,null,1.25,null,BKN,OVC,null,null,200,600,null,null,BR,T,null,null,null,null,null,22.83,KGEG 061326Z 04005KT 1 1/4SM BR BKN002 OVC006 M02/M02 A3044 RMK AO2 SFC VIS 2 1/2 FZDZE24 P0000 I1000 T10171017,null
GEG,2024-12-06 13:53,28,28,100,70,4,T,30.43,1033.1,1.25,null,BKN,OVC,null,null,200,600,null,null,BR,T,null,null,null,null,null,22.75,KGEG 061353Z 07004KT 1 1/4SM BR BKN002 OVC006 M02/M02 A3043 RMK AO2 SFC VIS 2 1/2 FZDZE24 SLP331 P0000 I1000 T10221022,null
GEG,2024-12-06 14:24,28,28,100,70,3,T,30.43,null,1.25,null,BKN,OVC,null,null,200,500,null,null,#NAME?,T,null,null,null,null,null,24.12,KGEG 061424Z 07003KT 1 1/4SM -FZDZ BR BKN002 OVC005 M02/M02 A3043 RMK AO2 SFC VIS 2 1/2 FZDZB23 P0000 I1000 T10221022,null
GEG,2024-12-06 14:53,29,29,100,340,3,T,30.44,1033.4,1.25,null,BKN,OVC,null,null,200,500,null,null,#NAME?,T,T,null,null,null,null,25.26,KGEG 061453Z 34003KT 1 1/4SM -FZDZ BR BKN002 OVC005 M02/M02 A3044 RMK AO2 SFC VIS 2 1/2 FZDZB23 SLP334 P0000 60000 I1000 I3000 T10171017 55004,null
GEG,2024-12-06 15:53,29,28,95.99,0,0,T,30.44,1033.6,2.5,null,SCT,OVC,null,null,200,700,null,null,#NAME?,T,null,null,null,null,null,29,KGEG 061553Z 00000KT 2 1/2SM -FZDZ BR SCT002 OVC007 M02/M02 A3044 RMK AO2 SFC VIS 3 SLP336 P0000 I1000 T10171022,null
GEG,2024-12-06 16:53,29,28,95.99,0,0,T,30.44,1033.5,3,null,FEW,OVC,null,null,200,600,null,null,#NAME?,T,null,null,null,null,null,29,KGEG 061653Z 00000KT 3SM -FZDZ BR FEW002 OVC006 M02/M02 A3044 RMK AO2 SFC VIS 4 SLP335 P0000 I1000 T10171022,null
GEG,2024-12-06 17:53,29,28,95.99,110,3,T,30.44,1033.3,3,null,FEW,OVC,null,null,200,600,null,null,#NAME?,T,null,T,null,null,null,25.26,KGEG 061753Z 11003KT 3SM -FZDZ BR FEW002 OVC006 M02/M02 A3044 RMK AO2 SFC VIS 4 SLP333 P0000 60000 I1000 I6000 T10171022 11011 21022 58001,null
GEG,2024-12-06 18:53,30,28,92.15,null,4,T,30.43,1033,3,null,FEW,OVC,null,null,200,600,null,null,#NAME?,T,null,null,null,null,null,25.08,KGEG 061853Z VRB04KT 3SM -FZDZ BR FEW002 OVC006 M01/M02 A3043 RMK AO2 SFC VIS 4 SLP330 P0000 I1000 T10111022,null
GEG,2024-12-06 19:15,30,28,92.15,180,5,T,30.42,null,3,null,FEW,OVC,null,null,200,600,null,null,BR,T,null,null,null,null,null,24.02,KGEG 061915Z 18005KT 3SM BR FEW002 OVC006 M01/M02 A3042 RMK AO2 SFC VIS 4 FZDZE09 P0000 I1000 T10111022,null
GEG,2024-12-06 19:53,29,28,95.99,0,0,T,30.41,1032.3,3,null,FEW,OVC,null,null,200,600,null,null,BR,T,null,null,null,null,null,29,KGEG 061953Z 00000KT 3SM BR FEW002 OVC006 M02/M02 A3041 RMK AO2 SFC VIS 5 FZDZE09 SLP323 P0000 I1000 T10171022,null
GEG,2024-12-06 20:53,29,28,95.99,0,0,0,30.38,1031.5,3,null,FEW,OVC,null,null,200,500,null,null,BR,null,T,null,null,null,null,29,KGEG 062053Z 00000KT 3SM BR FEW002 OVC005 M02/M02 A3038 RMK AO2 SFC VIS 5 SLP315 60000 I3000 T10171022 58017,null
GEG,2024-12-06 21:53,30,29,96,170,4,0,30.37,1030.8,1.5,null,SCT,OVC,null,null,200,500,null,null,BR,null,null,null,null,null,null,25.08,KGEG 062153Z 17004KT 1 1/2SM BR SCT002 OVC005 M01/M02 A3037 RMK AO2 SFC VIS 2 1/2 SLP308 T10111017,null
GEG,2024-12-06 22:04,30,29,96,130,3,0,30.36,null,2.5,null,FEW,OVC,null,null,200,400,null,null,BR,null,null,null,null,null,null,26.4,KGEG 062204Z 13003KT 2 1/2SM BR FEW002 OVC004 M01/M02 A3036 RMK AO2 SFC VIS 3 T10111017,null
GEG,2024-12-06 22:53,30,29,96,0,0,0,30.36,1030.7,2.5,null,FEW,OVC,null,null,200,400,null,null,BR,null,null,null,null,null,null,30,KGEG 062253Z 00000KT 2 1/2SM BR FEW002 OVC004 M01/M02 A3036 RMK AO2 SFC VIS 4 SLP307 T10111017 $,null
GEG,2024-12-06 23:41,30,30,100,200,3,0,30.35,null,0.75,null,FEW,OVC,null,null,200,400,null,null,BR,null,null,null,null,null,null,26.4,KGEG 062341Z 20003KT 3/4SM R21/P6000FT BR FEW002 OVC004 M01/M01 A3035 RMK AO2 SFC VIS 2 1/2 T10111011,null
GEG,2024-12-06 23:53,29,29,100,180,3,0,30.34,1030,0.75,null,FEW,OVC,null,null,200,400,null,null,BR,null,null,T,null,null,null,25.26,KGEG 062353Z 18003KT 3/4SM R21/P6000FT BR FEW002 OVC004 M02/M02 A3034 RMK AO2 SFC VIS 2 1/2 SLP300 60000 I6000 T10171017 11011 21017 58014,null
GEG,2024-12-07 0:53,29,29,100,0,0,0,30.31,1028.8,0.75,null,SCT,OVC,null,null,200,300,null,null,BR,null,null,null,null,null,null,29,KGEG 070053Z 00000KT 3/4SM R21/P6000FT BR SCT002 OVC003 M02/M02 A3031 RMK AO2 SFC VIS 1 1/2 SLP288 T10171017,null
GEG,2024-12-07 1:29,30,30,100,0,0,0,30.31,null,1.25,null,SCT,OVC,null,null,200,400,null,null,BR,null,null,null,null,null,null,30,KGEG 070129Z 00000KT 1 1/4SM BR SCT002 OVC004 M01/M01 A3031 RMK AO2 SFC VIS 3 T10111011,null
GEG,2024-12-07 1:53,30,30,100,0,0,0,30.3,1028.5,1.25,null,FEW,OVC,null,null,200,400,null,null,BR,null,null,null,null,null,null,30,KGEG 070153Z 00000KT 1 1/4SM BR FEW002 OVC004 M01/M01 A3030 RMK AO2 SFC VIS 4 SLP285 T10111011,null
GEG,2024-12-07 1:59,30,30,100,0,0,0,30.29,null,3,null,FEW,OVC,null,null,200,400,null,null,BR,null,null,null,null,null,null,30,KGEG 070159Z 00000KT 3SM BR FEW002 OVC004 M01/M01 A3029 RMK AO2 SFC VIS 5 T10111011,null
GEG,2024-12-07 2:53,30,30,100,190,3,0,30.27,1027.3,6,null,FEW,BKN,OVC,null,200,400,600,null,BR,null,null,null,null,null,null,26.4,KGEG 070253Z 19003KT 6SM BR FEW002 BKN004 OVC006 M01/M01 A3027 RMK AO2 SLP273 T10111011 56023,null
GEG,2024-12-07 3:53,30,30,100,0,0,0,30.27,1027.3,0.75,null,SCT,OVC,null,null,200,300,null,null,BR BCFG,null,null,null,null,null,null,30,KGEG 070353Z 00000KT 3/4SM R21/5000VP6000FT BR BCFG SCT002 OVC003 M01/M01 A3027 RMK AO2 SFC VIS 3 SLP273 VIS N-E 1 T10111011,null
GEG,2024-12-07 4:53,30,30,100,70,5,0,30.22,1025.9,0.25,null,VV ,null,null,null,200,null,null,null,FZFG,null,null,null,null,null,null,24.02,KGEG 070453Z 07005KT 1/4SM R21/1800V2000FT FZFG VV002 M01/M01 A3022 RMK AO2 TWR VIS 3/4 SLP259 T10111011,null
GEG,2024-12-07 5:53,30,30,100,80,3,0,30.21,1025.4,0.25,null,VV ,null,null,null,200,null,null,null,FZFG,T,null,T,null,null,null,26.4,KGEG 070553Z 08003KT 1/4SM R21/1400FT FZFG VV002 M01/M01 A3021 RMK AO2 SLP254 I1000 I6000 T10111011 11006 21017 58018,null
GEG,2024-12-07 6:53,30,30,100,0,0,0,30.22,1025.8,0.25,null,VV ,null,null,null,200,null,null,null,FZFG,null,null,null,null,null,null,30,KGEG 070653Z 00000KT 1/4SM R21/1600V2400FT FZFG VV002 M01/M01 A3022 RMK AO2 SLP258 T10111011 $,null
GEG,2024-12-07 7:04,30,30,100,0,0,0,30.21,null,0.25,null,VV ,null,null,null,200,null,null,null,FZFG,null,null,null,null,null,null,30,KGEG 070704Z 00000KT 1/4SM R21/1400V1600FT FZFG VV002 M01/M01 A3021 RMK AO2 T10111011 $,null
GEG,2024-12-07 7:40,30,30,100,0,0,0,30.21,null,0.25,null,VV ,null,null,null,200,null,null,null,FZFG,null,null,null,null,null,null,30,KGEG 070740Z 00000KT 1/4SM R21/1600V4000FT FZFG VV002 M01/M01 A3021 RMK AO2 T10111011 $,null
GEG,2024-12-07 7:46,30,30,100,0,0,0,30.21,null,0.25,null,VV ,null,null,null,200,null,null,null,FZFG,null,null,null,null,null,null,30,KGEG 070746Z 00000KT 1/4SM R21/1400V1800FT FZFG VV002 M01/M01 A3021 RMK AO2 T10111011 $,null
GEG,2024-12-07 7:53,30,30,100,0,0,0,30.2,1025,0.25,null,VV ,null,null,null,200,null,null,null,FZFG,null,null,null,null,null,null,30,KGEG 070753Z 00000KT 1/4SM R21/1400V1600FT FZFG VV002 M01/M01 A3020 RMK AO2 SLP250 T10111011 410061022 $,null
GEG,2024-12-07 8:17,30,30,100,0,0,0,30.19,null,0.25,null,VV ,null,null,null,200,null,null,null,FZFG,null,null,null,null,null,null,30,KGEG 070817Z 00000KT 1/4SM R21/1800V2800FT FZFG VV002 M01/M01 A3019 RMK AO2 T10111011 $,null
GEG,2024-12-07 8:27,30,30,100,0,0,0,30.18,null,0.25,null,VV ,null,null,null,200,null,null,null,FZFG,null,null,null,null,null,null,30,KGEG 070827Z 00000KT 1/4SM R21/1800V2200FT FZFG VV002 M01/M01 A3018 RMK AO2 T10111011 $,null
GEG,2024-12-07 8:36,30,30,100,0,0,0,30.19,null,0.25,null,VV ,null,null,null,200,null,null,null,FZFG,null,null,null,null,null,null,30,KGEG 070836Z 00000KT 1/4SM R21/1800VP6000FT FZFG VV002 M01/M01 A3019 RMK AO2 T10111011 $,null
GEG,2024-12-07 8:53,30,30,100,110,3,0,30.17,1024,0.25,null,VV ,null,null,null,200,null,null,null,FZFG,null,null,null,null,null,null,26.4,KGEG 070853Z 11003KT 1/4SM R21/2600V4500FT FZFG VV002 M01/M01 A3017 RMK AO2 SLP240 T10111011 58013 $,null
GEG,2024-12-07 9:18,30,30,100,0,0,0,30.18,null,0.5,null,OVC,null,null,null,200,null,null,null,BR,null,null,null,null,null,null,30,KGEG 070918Z 00000KT 1/2SM R21/2000V2400FT BR OVC002 M01/M01 A3018 RMK AO2 SFC VIS 3/4 T10111011 $,null
GEG,2024-12-07 9:42,30,30,100,180,4,0,30.16,null,0.25,null,OVC,null,null,null,200,null,null,null,BR,null,null,null,null,null,null,25.08,KGEG 070942Z 18004KT 1/4SM R21/1800V4000FT BR OVC002 M01/M01 A3016 RMK AO2 SFC VIS 3/4 T10111011 $,null
GEG,2024-12-07 9:53,30,30,100,160,5,0,30.16,1023.7,0.25,null,OVC,null,null,null,200,null,null,null,BR,null,null,null,null,null,null,24.02,KGEG 070953Z 16005KT 1/4SM R21/4000VP6000FT BR OVC002 M01/M01 A3016 RMK AO2 SFC VIS 3/4 SLP237 T10111011 $,null
GEG,2024-12-07 10:53,30,30,100,0,0,0,30.15,1023.5,0.25,null,OVC,null,null,null,200,null,null,null,BR,null,null,null,null,null,null,30,KGEG 071053Z 00000KT 1/4SM R21/5500VP6000FT BR OVC002 M01/M01 A3015 RMK AO2 SFC VIS 1 1/4 SLP235 T10111011 $,null
GEG,2024-12-07 11:53,30,30,100,150,4,0,30.12,1022.2,0.25,null,OVC,null,null,null,200,null,null,null,BR,null,null,null,null,null,null,25.08,KGEG 071153Z 15004KT 1/4SM R21/P6000FT BR OVC002 M01/M01 A3012 RMK AO2 SFC VIS 3/4 SLP222 T10111011 11011 21011 58016 $,null
GEG,2024-12-07 12:53,30,30,100,180,3,0,30.11,1021.9,0.25,null,OVC,null,null,null,200,null,null,null,BR,null,null,null,null,null,null,26.4,KGEG 071253Z 18003KT 1/4SM R21/6000VP6000FT BR OVC002 M01/M01 A3011 RMK AO2 SFC VIS 3/4 SLP219 T10111011 $,null
GEG,2024-12-07 13:53,30,30,100,110,3,0,30.08,1021,0.25,null,OVC,null,null,null,200,null,null,null,BR,null,null,null,null,null,null,26.4,KGEG 071353Z 11003KT 1/4SM R21/P6000FT BR OVC002 M01/M01 A3008 RMK AO2 SFC VIS 3/4 SLP210 T10111011 $,null
GEG,2024-12-07 14:39,30,30,100,0,0,0,30.07,null,1,null,BKN,OVC,null,null,200,6000,null,null,BR,null,null,null,null,null,null,30,KGEG 071439Z 00000KT 1SM R21/P6000FT BR BKN002 OVC060 M01/M01 A3007 RMK AO2 SFC VIS 3 T10111011 $,null
GEG,2024-12-07 14:50,30.2,30.2,100,0,0,0,30.08,null,6,null,SCT,OVC,null,null,200,6000,null,null,BR,null,null,null,null,null,null,30.2,KGEG 071450Z 00000KT 6SM BR SCT002 OVC060 M01/M01 A3008 RMK AO2 VIS N 2 1/2 $,null
GEG,2024-12-07 14:53,30,30,100,0,0,0,30.07,1020.6,6,null,SCT,OVC,null,null,200,6000,null,null,BR,null,null,null,null,null,null,30,KGEG 071453Z 00000KT 6SM BR SCT002 OVC060 M01/M01 A3007 RMK AO2 SLP206 VIS N 2 1/2 T10111011 56015 $,null
GEG,2024-12-07 15:53,31,31,100,0,0,0,30.05,1019.8,3,null,FEW,BKN,OVC,null,100,3000,10000,null,BR BCFG,null,null,null,null,null,null,31,KGEG 071553Z 00000KT 3SM BR BCFG FEW001 BKN030 OVC100 M01/M01 A3005 RMK AO2 SFC VIS 6 SLP198 VIS W 2 1/2 T10061006 $,null
GEG,2024-12-07 16:04,31,31,100,0,0,0,30.05,null,2,null,FEW,BKN,OVC,null,100,3300,9000,null,BR BCFG,null,null,null,null,null,null,31,KGEG 071604Z 00000KT 2SM BR BCFG FEW001 BKN033 OVC090 M01/M01 A3005 RMK AO2 SFC VIS 5 T10061006 $,null
GEG,2024-12-07 16:53,31,31,100,70,4,0,30.02,1018.8,2,null,FEW,BKN,OVC,null,100,3300,8000,null,BR,null,null,null,null,null,null,26.25,KGEG 071653Z 07004KT 2SM BR FEW001 BKN033 OVC080 M01/M01 A3002 RMK AO2 SLP188 T10061006 $,null
GEG,2024-12-07 17:22,31,31,100,70,4,0,30,null,1,null,SCT,BKN,OVC,null,100,3400,8000,null,BR,null,null,null,null,null,null,26.25,KGEG 071722Z 07004KT 1SM R21/6000VP6000FT BR SCT001 BKN034 OVC080 M01/M01 A3000 RMK AO2 SFC VIS 1 1/2 T10061006 $,null
GEG,2024-12-07 17:36,31,31,100,60,3,0,30,null,0.25,null,BKN,BKN,OVC,null,100,3400,8000,null,BR,null,null,null,null,null,null,27.55,KGEG 071736Z 06003KT 1/4SM R21/4500VP6000FT BR BKN001 BKN034 OVC080 M01/M01 A3000 RMK AO2 SFC VIS 1 1/4 T10061006 $,null
GEG,2024-12-07 17:53,31,31,100,0,0,0,30,1018,0.25,null,BKN,BKN,OVC,null,100,3400,8000,null,BR,null,null,null,null,null,null,31,KGEG 071753Z 00000KT 1/4SM R21/P6000FT BR BKN001 BKN034 OVC080 M01/M01 A3000 RMK AO2 SFC VIS 1 SLP180 T10061006 11006 21011 58023 $,null
GEG,2024-12-07 18:08,31,31,100,10,3,T,30,null,0.25,null,BKN,OVC,null,null,100,2800,null,null,#NAME?,T,null,null,null,null,null,27.55,KGEG 071808Z 01003KT 1/4SM R21/5500VP6000FT -FZRA BR BKN001 OVC028 M01/M01 A3000 RMK AO2 SFC VIS 1 FZRAB06 P0000 I1000 T10061006 $,null
GEG,2024-12-07 18:41,31,31,100,140,4,0.01,29.99,null,0.12,null,BKN,OVC,null,null,100,2500,null,null,#NAME?,0.03,null,null,null,null,null,26.25,KGEG 071841Z 14004KT 1/8SM R21/4500VP6000FT -FZRA BR BKN001 OVC025 M01/M01 A2999 RMK AO2 SFC VIS 1 FZRAB06 P0001 I1003 T10061006 $,null
GEG,2024-12-07 18:53,32,32,100,130,3,0.02,29.97,1017,0.75,null,SCT,BKN,OVC,null,100,2200,6000,null,#NAME?,0.03,null,null,null,null,null,28.69,KGEG 071853Z 13003KT 3/4SM R21/5000V6000FT -FZRA BR SCT001 BKN022 OVC060 00/00 A2997 RMK AO2 SFC VIS 1 SLP170 FZRAB06 P0002 I1003 T00000000 $,null
GEG,2024-12-07 19:11,32,32,100,0,0,0.02,29.96,null,0.75,null,SCT,BKN,OVC,null,100,1400,6000,null,#NAME?,T,null,null,null,null,null,32,KGEG 071911Z 00000KT 3/4SM R21/4500V5500FT -RA BR SCT001 BKN014 OVC060 00/00 A2996 RMK AO2 SFC VIS 1 RAB11FZRAE11 P0002 I1000 T00000000 $,null
GEG,2024-12-07 19:53,33,33,100,170,7,0.04,29.93,1015.5,0.75,null,SCT,OVC,null,null,100,1300,null,null,BR,T,null,null,null,null,null,26,KGEG 071953Z 17007KT 3/4SM R21/P6000FT BR SCT001 OVC013 01/01 A2993 RMK AO2 SFC VIS 1 1/2 RAB11E53FZRAE11 SLP155 P0004 I1000 T00060006 $,null
GEG,2024-12-07 20:24,34,34,100,190,6,0,29.92,null,1.5,null,BKN,OVC,null,null,700,1300,null,null,BR,null,null,null,null,null,null,27.94,KGEG 072024Z 19006KT 1 1/2SM BR BKN007 OVC013 01/01 A2992 RMK AO2 SFC VIS 3 CIG 005V009 T00110011 $,null
GEG,2024-12-07 20:53,35,35,100,210,7,0.02,29.91,1014.7,1.5,null,BKN,OVC,null,null,700,1400,null,null,#NAME?,null,0.03,null,null,null,null,28.44,KGEG 072053Z 21007KT 1 1/2SM -RA BR BKN007 OVC014 02/02 A2991 RMK AO2 SFC VIS 4 SLP147 RAB45 P0002 60008 I3003 T00170017 56028 $,null
GEG,2024-12-07 21:53,34,34,100,220,9,0.1,29.89,1014.2,1.5,null,BKN,OVC,null,null,500,2000,null,null,RA BR,null,null,null,null,null,null,26,KGEG 072153Z 22009KT 1 1/2SM RA BR BKN005 OVC020 01/01 A2989 RMK AO2 SFC VIS 2 SLP142 P0010 T00110011 $,null
GEG,2024-12-07 22:22,34,34,100,200,9,0.01,29.88,null,7,null,BKN,OVC,null,null,600,2500,null,null,#NAME?,null,null,null,null,null,null,26,KGEG 072222Z 20009KT 7SM -RA BKN006 OVC025 01/01 A2988 RMK AO2 P0001 T00110011 $,null
GEG,2024-12-07 22:53,33,33,100,230,12,0.02,29.89,1014.2,7,null,FEW,OVC,null,null,300,600,null,null,#NAME?,null,null,null,null,null,null,23.27,KGEG 072253Z 23012KT 7SM -RA FEW003 OVC006 01/01 A2989 RMK AO2 SLP142 P0002 T00060006 $,null
GEG,2024-12-07 23:40,31,31,100,230,14,T,29.92,null,1.5,null,OVC,null,null,null,500,null,null,null,#NAME?,null,null,null,null,null,null,19.87,KGEG 072340Z 23014KT 1 1/2SM -RA BR OVC005 M01/M01 A2992 RMK AO2 SFC VIS 7 P0000 T10061006 $,null
GEG,2024-12-07 23:53,31,31,100,230,14,T,29.92,1015.3,1.5,null,FEW,OVC,null,null,300,500,null,null,#NAME?,T,null,0.03,null,null,null,19.87,KGEG 072353Z 23014KT 1 1/2SM -FZRA BR FEW003 OVC005 M01/M01 A2992 RMK AO2 RAE50FZRAB50 SLP153 SFC VIS 5 P0000 60020 I1000 I6003 T10061006 10017 21006 53004 $,null
GEG,2024-12-08 0:42,31,30,96.02,200,13,T,29.91,null,1.5,19,FEW,OVC,null,null,300,500,null,null,BR,0.02,null,null,null,null,null,20.29,KGEG 080042Z 20013G19KT 1 1/2SM BR FEW003 OVC005 M01/M01 A2991 RMK AO2 FZRAE40 SFC VIS 10 P0000 I1002 T10061011 $,null
GEG,2024-12-08 0:53,30,30,100,210,16,T,29.93,1015.7,1.5,22,FEW,OVC,null,null,300,500,null,null,BR,0.02,null,null,null,null,null,17.81,KGEG 080053Z 21016G22KT 1 1/2SM BR FEW003 OVC005 M01/M01 A2993 RMK AO2 FZRAE40 PRESRR SLP157 SFC VIS 10 P0000 I1002 T10111011 $,null
GEG,2024-12-08 1:14,30,30,100,220,15,0,29.95,null,1.5,null,OVC,null,null,null,400,null,null,null,BR,null,null,null,null,null,null,18.19,KGEG 080114Z 22015KT 1 1/2SM BR OVC004 M01/M01 A2995 RMK AO2 SFC VIS 7 T10111011 $,null
GEG,2024-12-08 1:53,30,30,100,210,10,0,29.94,1016.2,1,null,OVC,null,null,null,200,null,null,null,BR,0.01,null,null,null,null,null,20.46,KGEG 080153Z 21010KT 1SM R21/6000VP6000FT BR OVC002 M01/M01 A2994 RMK AO2 SLP162 TWR VIS 1 1/2 I1001 T10111011 $,null
GEG,2024-12-08 2:03,30,30,100,210,10,0,29.94,null,0.75,null,OVC,null,null,null,200,null,null,null,BR,T,null,null,null,null,null,20.46,KGEG 080203Z 21010KT 3/4SM R21/P6000FT BR OVC002 M01/M01 A2994 RMK AO2 SFC VIS 1 I1000 T10111011 $,null
GEG,2024-12-08 2:41,30,30,100,240,9,T,29.96,null,0.75,null,OVC,null,null,null,200,null,null,null,#NAME?,0.01,null,null,null,null,null,21.03,KGEG 080241Z 24009KT 3/4SM R21/4000V5500FT -SN BR OVC002 M01/M01 A2996 RMK AO2 SNB39 SFC VIS 1 P0000 I1001 T10111011 $,null
GEG,2024-12-08 2:53,30,30,100,220,6,T,29.94,1016.2,0.75,null,OVC,null,null,null,300,null,null,null,#NAME?,0.01,0.04,null,null,null,null,23.12,KGEG 080253Z 22006KT 3/4SM R21/4500V6000FT -SN BR OVC003 M01/M01 A2994 RMK AO2 SNB39 SLP162 TWR VIS 3/4 P0000 60000 I1001 I3004 T10111011 51007 $,null
GEG,2024-12-08 3:11,30,30,100,220,8,T,29.96,null,0.5,null,OVC,null,null,null,300,null,null,null,#NAME?,T,null,null,null,null,null,21.65,KGEG 080311Z 22008KT 1/2SM R21/3500V4500FT -FZRASN FZFG OVC003 M01/M01 A2996 RMK AO2 FZDZB05E11FZRAB11 P0000 I1000 T10111011 $,null
GEG,2024-12-08 3:29,30,30,100,230,7,T,29.95,null,0.5,null,OVC,null,null,null,200,null,null,null,#NAME?,T,null,null,null,null,null,22.34,KGEG 080329Z 23007KT 1/2SM R21/2400V2800FT -SN FZFG OVC002 M01/M01 A2995 RMK AO2 FZDZB05E11FZRAB11E24 TWR VIS 3/4 P0000 I1000 T10111011 $,null
GEG,2024-12-08 3:48,30.2,30.2,100,240,8,T,29.97,null,0.25,null,VV ,null,null,null,200,null,null,null,FZFG,T,null,null,null,null,null,21.9,KGEG 080348Z 24008KT 1/4SM R21/2000V2400FT FZFG VV002 M01/M01 A2997 RMK AO2 FZDZB05E11FZRAB11E24SNE47 TWR VIS 3/4 P0000 I1000 $,null
GEG,2024-12-08 3:53,30,30,100,230,9,T,29.97,1016.8,0.25,null,VV ,null,null,null,200,null,null,null,FZFG,T,null,null,null,null,null,21.03,KGEG 080353Z 23009KT 1/4SM R21/2000V2400FT FZFG VV002 M01/M01 A2997 RMK AO2 FZDZB05E11FZRAB11E24SNE47 SLP168 TWR VIS 3/4 P0000 I1000 T10111011 $,null
GEG,2024-12-08 4:06,30,30,100,220,8,0,29.96,null,0.5,null,VV ,null,null,null,200,null,null,null,FZFG,0.01,null,null,null,null,null,21.65,KGEG 080406Z 22008KT 1/2SM R21/2000V3000FT FZFG VV002 M01/M01 A2996 RMK AO2 TWR VIS 3/4 I1001 T10111011 $,null
GEG,2024-12-08 4:53,31,31,100,230,9,0,29.97,1017,0.75,null,OVC,null,null,null,200,null,null,null,BR,0.01,null,null,null,null,null,22.27,KGEG 080453Z 23009KT 3/4SM R21/P6000FT BR OVC002 M01/M01 A2997 RMK AO2 SLP170 SFC VIS 3 I1001 T10061006 $,null
GEG,2024-12-08 5:53,31,31,100,220,8,0,30.01,1018.4,0.75,null,OVC,null,null,null,300,null,null,null,BR,T,null,0.05,null,null,null,22.88,KGEG 080553Z 22008KT 3/4SM R21/P6000FT BR OVC003 M01/M01 A3001 RMK AO2 SLP184 SFC VIS 4 60000 I1000 I6005 T10061006 11006 21011 53015 $,null
GEG,2024-12-08 6:46,31,31,100,230,13,0,30.03,null,1.25,null,OVC,null,null,null,300,null,null,null,BR,T,null,null,null,null,null,20.29,KGEG 080646Z 23013KT 1 1/4SM BR OVC003 M01/M01 A3003 RMK AO2 SFC VIS 5 SFC VIS 4 I1000 T10061006 $,null
GEG,2024-12-08 6:53,31,31,100,230,13,0,30.03,1018.8,1.25,null,OVC,null,null,null,300,null,null,null,BR,T,null,null,null,null,null,20.29,KGEG 080653Z 23013KT 1 1/4SM BR OVC003 M01/M01 A3003 RMK AO2 SFC VIS 5 SLP188 I1000 T10061006 $,null
GEG,2024-12-08 7:53,31,31,100,210,8,0,30.05,1019.6,1.25,null,OVC,null,null,null,300,null,null,null,BR,null,null,null,null,null,null,22.88,KGEG 080753Z 21008KT 1 1/4SM BR OVC003 M01/M01 A3005 RMK AO2 SFC VIS 5 SLP196 T10061006 400171011 $,null
GEG,2024-12-08 8:40,31,31,100,200,8,0,30.06,null,5,null,OVC,null,null,null,500,null,null,null,BR,null,null,null,null,null,null,22.88,KGEG 080840Z 20008KT 5SM BR OVC005 M01/M01 A3006 RMK AO2 CIG 003V008 T10061006 $,null
GEG,2024-12-08 8:53,31,31,100,210,7,0,30.05,1019.6,6,null,OVC,null,null,null,800,null,null,null,BR BCFG,null,T,null,null,null,null,23.56,KGEG 080853Z 21007KT 6SM BR BCFG OVC008 M01/M01 A3005 RMK AO2 SLP196 VIS NE-E 1 3/4 I3000 T10061006 51012 $,null
GEG,2024-12-08 9:53,32,32,100,210,7,0,30.06,1019.9,6,null,OVC,null,null,null,600,null,null,null,BR BCFG,null,null,null,null,null,null,24.78,KGEG 080953Z 21007KT 180V240 6SM BR BCFG OVC006 00/00 A3006 RMK AO2 SLP199 VIS N-NE 2 1/2 T00000000 $,null
GEG,2024-12-08 10:38,32,31,96.04,210,7,0,30.07,null,7,null,SCT,BKN,null,null,700,16000,null,null,null,null,null,null,null,null,null,24.78,KGEG 081038Z 21007KT 7SM SCT007 BKN160 00/M01 A3007 RMK AO2 T00001006 $,null
GEG,2024-12-08 10:53,32,32,100,null,3,0,30.08,1020.5,7,null,BKN,BKN,null,null,800,15000,null,null,null,null,null,null,null,null,null,28.69,KGEG 081053Z VRB03KT 7SM BKN008 BKN150 00/00 A3008 RMK AO2 SLP205 BKN V SCT T00000000 $,null
GEG,2024-12-08 11:53,32,32,100,220,8,0,30.06,1019.9,7,null,BKN,BKN,null,null,600,15000,null,null,null,null,null,T,null,null,null,24.11,KGEG 081153Z 22008KT 7SM BKN006 BKN150 00/00 A3006 RMK AO2 SLP199 70020 I6000 T00000000 10000 21006 50003 $,null
GEG,2024-12-08 12:53,33,33,100,200,10,0,30.05,1019.7,7,null,BKN,OVC,null,null,700,10000,null,null,BCFG,null,null,null,null,null,null,24.22,KGEG 081253Z COR 20010KT 7SM BCFG BKN007 OVC100 01/01 A3005 RMK AO2 VIS NE-E 2 SLP197 T00060006 $,null
GEG,2024-12-08 13:53,33,33,100,200,9,0,30.05,1019.5,7,null,OVC,null,null,null,600,null,null,null,BCFG,null,null,null,null,null,null,24.76,KGEG 081353Z 20009KT 7SM BCFG OVC006 01/01 A3005 RMK AO2 SLP195 VIS NE-E 2 1/2 T00060006 $,null
GEG,2024-12-08 14:53,34,33,96.08,210,10,0,30.05,1019.5,10,17,OVC,null,null,null,500,null,null,null,BCFG,null,null,null,null,null,null,25.48,KGEG 081453Z 21010G17KT 10SM BCFG OVC005 01/01 A3005 RMK AO2 SLP195 BCFG NE-E T00110006 56004 $,null
GEG,2024-12-08 15:53,34,33,96.08,210,9,0,30.05,1019.7,7,null,FEW,OVC,null,null,300,600,null,null,null,null,null,null,null,null,null,26,KGEG 081553Z 21009KT 7SM FEW003 OVC006 01/01 A3005 RMK AO2 SLP197 T00110006 $,null
GEG,2024-12-08 16:53,34,33,96.08,220,11,0,30.06,1019.8,8,null,FEW,OVC,null,null,300,600,null,null,null,null,null,null,null,null,null,24.99,KGEG 081653Z 22011KT 8SM FEW003 OVC006 01/01 A3006 RMK AO2 SLP198 T00110006 $,null
GEG,2024-12-08 17:53,34,33,96.08,230,8,0,30.07,1020.3,8,null,FEW,OVC,null,null,300,600,null,null,null,null,null,null,null,null,null,26.58,KGEG 081753Z 23008KT 8SM FEW003 OVC006 01/01 A3007 RMK AO2 SLP203 T00110006 10011 20000 53009 $,null
GEG,2024-12-08 18:53,35,34,96.09,220,9,0,30.08,1020.5,10,null,BKN,OVC,null,null,800,1200,null,null,null,null,null,null,null,null,null,27.24,KGEG 081853Z 22009KT 10SM BKN008 OVC012 02/01 A3008 RMK AO2 SLP205 T00170011 $,null
GEG,2024-12-08 19:53,35,33,92.32,260,9,0,30.09,1020.9,10,null,OVC,null,null,null,800,null,null,null,null,null,null,null,null,null,null,27.24,KGEG 081953Z 26009KT 10SM OVC008 02/01 A3009 RMK AO2 SLP209 T00170006 $,null
GEG,2024-12-08 20:53,35,33,92.32,250,7,0,30.1,1021.2,10,null,OVC,null,null,null,600,null,null,null,null,null,null,null,null,null,null,28.44,KGEG 082053Z 25007KT 10SM OVC006 02/01 A3010 RMK AO2 CIG 005V010 SLP212 T00170006 53008 $,null
GEG,2024-12-08 21:53,35,33,92.32,260,6,0,30.11,1021.6,10,null,BKN,OVC,null,null,700,1100,null,null,null,null,null,null,null,null,null,29.14,KGEG 082153Z 26006KT 10SM BKN007 OVC011 02/01 A3011 RMK AO2 SLP216 T00170006 $,null
GEG,2024-12-08 22:25,35,33,92.32,250,4,0,30.12,null,10,null,SCT,OVC,null,null,800,1200,null,null,null,null,null,null,null,null,null,30.92,KGEG 082225Z 25004KT 10SM SCT008 OVC012 02/01 A3012 RMK AO2 T00170006 $,null
GEG,2024-12-08 22:53,35,33,92.32,240,7,0,30.12,1022,10,null,SCT,BKN,OVC,null,800,1200,6500,null,null,null,null,null,null,null,null,28.44,KGEG 082253Z 24007KT 10SM SCT008 BKN012 OVC065 02/01 A3012 RMK AO2 SLP220 T00170006 $,null
GEG,2024-12-08 23:53,34,33,96.08,220,5,0,30.14,1022.5,10,null,FEW,BKN,BKN,null,800,1200,6500,null,null,null,null,null,null,null,null,28.77,KGEG 082353Z 22005KT 10SM FEW008 BKN012 BKN065 01/01 A3014 RMK AO2 SLP225 T00110006 10017 20011 51012 $,null
GEG,2024-12-09 0:29,34,32,92.29,null,5,0,30.16,null,10,null,OVC,null,null,null,900,null,null,null,null,null,null,null,null,null,null,28.77,KGEG 090029Z VRB05KT 10SM OVC009 01/00 A3016 RMK AO2 T00110000 $,null
GEG,2024-12-09 0:53,34,32,92.29,310,3,0,30.17,1023.5,10,null,OVC,null,null,null,900,null,null,null,null,null,null,null,null,null,null,30.97,KGEG 090053Z 31003KT 10SM OVC009 01/00 A3017 RMK AO2 SLP235 T00110000 $,null
GEG,2024-12-09 1:53,34,32,92.29,300,3,0,30.18,1023.9,10,null,BKN,OVC,null,null,900,2000,null,null,null,null,null,null,null,null,null,30.97,KGEG 090153Z 30003KT 10SM BKN009 OVC020 01/00 A3018 RMK AO2 SLP239 T00110000 $,null
GEG,2024-12-09 2:12,33,32,96.06,0,0,0,30.18,null,10,null,SCT,OVC,null,null,900,1200,null,null,null,null,null,null,null,null,null,33,KGEG 090212Z 00000KT 10SM SCT009 OVC012 01/00 A3018 RMK AO2 T00060000 $,null
GEG,2024-12-09 2:53,33,32,96.06,10,4,0,30.2,1024.6,10,null,OVC,null,null,null,1200,null,null,null,null,null,null,null,null,null,null,28.59,KGEG 090253Z 01004KT 10SM OVC012 01/00 A3020 RMK AO2 SLP246 T00060000 51020 $,null
GEG,2024-12-09 3:53,34,32,92.29,50,4,0,30.21,1025,10,null,OVC,null,null,null,1100,null,null,null,null,null,null,null,null,null,null,29.76,KGEG 090353Z 05004KT 10SM OVC011 01/00 A3021 RMK AO2 SLP250 T00110000 $,null
GEG,2024-12-09 4:51,33.8,32,93.03,330,3,0,30.22,null,10,null,OVC,null,null,null,900,null,null,null,null,null,null,null,null,null,null,30.75,KGEG 090451Z 33003KT 10SM OVC009 01/00 A3022 RMK AO2,null
GEG,2024-12-09 4:53,33,32,96.06,350,3,0,30.22,1025.4,10,null,OVC,null,null,null,900,null,null,null,null,null,null,null,null,null,null,29.83,KGEG 090453Z 35003KT 10SM OVC009 01/00 A3022 RMK AO2 SLP254 T00060000,null
GEG,2024-12-09 5:53,33,31,92.25,0,0,0,30.24,1026,10,null,BKN,BKN,null,null,800,5000,null,null,null,null,null,null,null,null,null,33,KGEG 090553Z 00000KT 10SM BKN008 BKN050 01/M01 A3024 RMK AO2 SLP260 T00061006 10011 20006 53009,null
GEG,2024-12-09 6:12,32,31,96.04,230,3,0,30.24,null,10,null,SCT,SCT,null,null,800,5000,null,null,null,null,null,null,null,null,null,28.69,KGEG 090612Z 23003KT 10SM SCT008 SCT050 00/M01 A3024 RMK AO2 T00001006,null
GEG,2024-12-09 6:36,31,30,96.02,250,4,0,30.25,null,10,null,SCT,BKN,null,null,800,1000,null,null,null,null,null,null,null,null,null,26.25,KGEG 090636Z 25004KT 10SM SCT008 BKN010 M01/M01 A3025 RMK AO2 T10061011,null
GEG,2024-12-09 6:53,30,30,100,260,3,0,30.26,1026.8,10,null,FEW,BKN,null,null,800,1000,null,null,null,null,null,null,null,null,null,26.4,KGEG 090653Z 26003KT 10SM FEW008 BKN010 M01/M01 A3026 RMK AO2 SLP268 T10111011,null
GEG,2024-12-09 7:14,29,29,100,290,6,0,30.27,null,6,null,FEW,BKN,null,null,100,800,null,null,BR BCFG,null,null,null,null,null,null,21.92,KGEG 090714Z 29006KT 6SM BR BCFG FEW001 BKN008 M02/M02 A3027 RMK AO2 VIS NW-N-NE 1 T10171017,null
GEG,2024-12-09 7:28,29,29,100,300,5,0,30.27,null,0.75,null,SCT,BKN,OVC,null,100,700,1000,null,BR,T,null,null,null,null,null,22.83,KGEG 090728Z COR 30005KT 3/4SM R21/2400V5500FT BR SCT001 BKN007 OVC010 M02/M02 A3027 RMK AO2 I1000 T10171017,null
GEG,2024-12-09 7:37,29,29,100,290,5,0,30.27,null,0.5,null,VV ,null,null,null,300,null,null,null,FZFG,T,null,null,null,null,null,22.83,KGEG 090737Z 29005KT 1/2SM R21/1600V2800FT FZFG VV003 M02/M02 A3027 RMK AO2 I1000 T10171017,null
GEG,2024-12-09 7:46,29,29,100,290,5,0,30.27,null,0.5,null,VV ,null,null,null,300,null,null,null,FZFG,T,null,null,null,null,null,22.83,KGEG 090746Z 29005KT 1/2SM R21/1400V1600FT FZFG VV003 M02/M02 A3027 RMK AO2 I1000 T10171017,null
GEG,2024-12-09 7:53,29,29,100,290,5,0,30.27,1027.2,0.5,null,VV ,null,null,null,200,null,null,null,FZFG,0.01,null,null,null,null,null,22.83,KGEG 090753Z 29005KT 1/2SM R21/1600V2000FT FZFG VV002 M02/M02 A3027 RMK AO2 SLP272 I1001 T10171017 400171017,null
GEG,2024-12-09 8:09,30,30,100,260,4,T,30.27,null,0.5,null,VV ,null,null,null,200,null,null,null,#NAME?,null,null,null,null,null,null,25.08,KGEG 090809Z 26004KT 1/2SM R21/2200V2800FT -SN FZFG VV002 M01/M01 A3027 RMK AO2 SNB09 P0000 T10111011,null
GEG,2024-12-09 8:26,30,30,100,280,5,T,30.28,null,0.75,null,VV ,null,null,null,300,null,null,null,BR,null,null,null,null,null,null,24.02,KGEG 090826Z 28005KT 3/4SM R21/3000VP6000FT BR VV003 M01/M01 A3028 RMK AO2 SNB09E26 P0000 T10111011,null
GEG,2024-12-09 8:38,30,30,100,290,4,T,30.28,null,0.25,null,VV ,null,null,null,200,null,null,null,BR,null,null,null,null,null,null,25.08,KGEG 090838Z 29004KT 1/4SM R21/4000VP6000FT BR VV002 M01/M01 A3028 RMK AO2 SNB09E26 P0000 T10111011,null
GEG,2024-12-09 8:53,29,29,100,230,3,T,30.28,1027.6,0.25,null,VV ,null,null,null,200,null,null,null,FZFG,null,0.01,null,null,null,null,25.26,KGEG 090853Z COR 23003KT 1/4SM R21/3000VP6000FT FZFG VV002 M02/M02 A3028 RMK AO2 SNB09E26 SLP276 VIS N-NE 1/2 P0000 60000 I3001 T10171017 51014,null
GEG,2024-12-09 9:24,29,29,100,250,4,0,30.29,null,0.5,null,VV ,null,null,null,200,null,null,null,FZFG,T,null,null,null,null,null,23.92,KGEG 090924Z 25004KT 1/2SM R21/5500VP6000FT FZFG VV002 M02/M02 A3029 RMK AO2 I1000 T10171017,null
GEG,2024-12-09 9:53,29,29,100,270,5,0,30.3,1028.1,0.25,null,VV ,null,null,null,200,null,null,null,FZFG,T,null,null,null,null,null,22.83,KGEG 090953Z 27005KT 1/4SM R21/3000VP6000FT FZFG VV002 M02/M02 A3030 RMK AO2 SLP281 I1000 T10171017,null
GEG,2024-12-09 10:31,29,29,100,220,5,0,30.31,null,0.25,null,VV ,null,null,null,200,null,null,null,FZFG,T,null,null,null,null,null,22.83,KGEG 091031Z 22005KT 1/4SM R21/1800V2200FT FZFG VV002 M02/M02 A3031 RMK AO2 I1000 T10171017,null
GEG,2024-12-09 10:50,28.4,28.4,100,250,3,0,30.32,null,0.25,null,VV ,null,null,null,200,null,null,null,FZFG,0.01,null,null,null,null,null,24.57,KGEG 091050Z 25003KT 1/4SM R21/2000V4000FT FZFG VV002 M02/M02 A3032 RMK AO2 I1001,null
GEG,2024-12-09 10:53,29,29,100,0,0,0,30.32,1028.7,0.25,null,VV ,null,null,null,200,null,null,null,FZFG,0.01,null,null,null,null,null,29,KGEG 091053Z 00000KT 1/4SM R21/2400V4000FT FZFG VV002 M02/M02 A3032 RMK AO2 SLP287 I1001 T10171017,null
GEG,2024-12-09 11:53,29,29,100,290,3,0,30.32,1029,0.5,null,VV ,null,null,null,200,null,null,null,FZFG,T,null,0.02,null,null,null,25.26,KGEG 091153Z 29003KT 1/2SM R21/3500VP6000FT FZFG VV002 M02/M02 A3032 RMK AO2 SLP290 60000 I1000 I6002 T10171017 10006 21017 51008,null
GEG,2024-12-09 12:34,28,28,100,280,4,0,30.33,null,1,null,VV ,null,null,null,300,null,null,null,BR,null,null,null,null,null,null,22.75,KGEG 091234Z 28004KT 1SM R21/5500VP6000FT BR VV003 M02/M02 A3033 RMK AO2 T10221022,null
GEG,2024-12-09 12:53,28,28,100,260,4,0,30.34,1029.6,0.5,null,VV ,null,null,null,200,null,null,null,BR,T,null,null,null,null,null,22.75,KGEG 091253Z 26004KT 1/2SM R21/4500VP6000FT BR VV002 M02/M02 A3034 RMK AO2 SFC VIS 1 SLP296 VIS 3/4V1 1/4 I1000 T10221022,null
GEG,2024-12-09 13:53,29,29,100,0,0,0,30.36,1030.2,0.5,null,OVC,null,null,null,200,null,null,null,BR,T,null,null,null,null,null,29,KGEG 091353Z 00000KT 1/2SM R21/6000VP6000FT BR OVC002 M02/M02 A3036 RMK AO2 SFC VIS 1 SLP302 I1000 T10171017,null
GEG,2024-12-09 14:20,28,28,100,0,0,0,30.37,null,0.25,null,OVC,null,null,null,400,null,null,null,BR,null,null,null,null,null,null,28,KGEG 091420Z 00000KT 1/4SM R21/P6000FT BR OVC004 M02/M02 A3037 RMK AO2 SFC VIS 1 1/2 T10221022,null
GEG,2024-12-09 14:39,28,28,100,0,0,0,30.37,null,0.5,null,OVC,null,null,null,300,null,null,null,BR,null,null,null,null,null,null,28,KGEG 091439Z 00000KT 1/2SM R21/P6000FT BR OVC003 M02/M02 A3037 RMK AO2 SFC VIS 1 3/4 T10221022,null
GEG,2024-12-09 14:53,28,28,100,300,3,0,30.38,1031.1,0.5,null,OVC,null,null,null,300,null,null,null,BR,null,T,null,null,null,null,24.12,KGEG 091453Z 30003KT 1/2SM R21/P6000FT BR OVC003 M02/M02 A3038 RMK AO2 SFC VIS 1 3/4 SLP311 I3000 T10221022 53018,null
GEG,2024-12-09 15:47,28.4,28.4,100,0,0,0,30.38,null,2,null,OVC,null,null,null,300,null,null,null,BR,null,null,null,null,null,null,28.4,KGEG 091547Z 00000KT 2SM BR OVC003 M02/M02 A3038 RMK AO2 TWR VIS 4+,null
GEG,2024-12-09 15:53,29,29,100,260,3,0,30.39,1031.2,2,null,OVC,null,null,null,300,null,null,null,BR,null,null,null,null,null,null,25.26,KGEG 091553Z 26003KT 2SM BR OVC003 M02/M02 A3039 RMK AO2 SLP312 TWR VIS 4+ T10171017,null
GEG,2024-12-09 16:00,28,28,100,0,0,0,30.39,null,3,null,OVC,null,null,null,300,null,null,null,BR,null,null,null,null,null,null,28,KGEG 091600Z 00000KT 3SM BR OVC003 M02/M02 A3039 RMK AO2 T10221022,null
GEG,2024-12-09 16:53,28,28,100,210,3,0,30.41,1032,1,null,OVC,null,null,null,300,null,null,null,BR,null,null,null,null,null,null,24.12,KGEG 091653Z 21003KT 1SM R21/P6000FT BR OVC003 M02/M02 A3041 RMK AO2 SFC VIS 2 SLP320 T10221022,null
GEG,2024-12-09 17:36,29,29,100,0,0,0,30.42,null,2,null,OVC,null,null,null,400,null,null,null,BR,null,null,null,null,null,null,29,KGEG 091736Z 00000KT 2SM BR OVC004 M02/M02 A3042 RMK AO2 SFC VIS 4 T10171017,null
GEG,2024-12-09 17:53,29,29,100,0,0,0,30.42,1032.6,2,null,OVC,null,null,null,400,null,null,null,BR,null,null,T,null,null,null,29,KGEG 091753Z 00000KT 2SM BR OVC004 M02/M02 A3042 RMK AO2 SFC VIS 3 SLP326 I6000 T10171017 11017 21022 53013,null
GEG,2024-12-09 18:43,29,29,100,230,3,0,30.43,null,6,null,FEW,OVC,null,null,300,500,null,null,BR,null,null,null,null,null,null,25.26,KGEG 091843Z 23003KT 6SM BR FEW003 OVC005 M02/M02 A3043 RMK AO2 T10171017,null
GEG,2024-12-09 18:53,29,29,100,200,5,0,30.42,1032.8,6,null,FEW,OVC,null,null,300,500,null,null,BR,null,null,null,null,null,null,22.83,KGEG 091853Z 20005KT 6SM BR FEW003 OVC005 M02/M02 A3042 RMK AO2 SLP328 T10171017,null
GEG,2024-12-09 19:53,29,29,100,0,0,0,30.42,1032.7,7,null,FEW,OVC,null,null,300,600,null,null,null,null,null,null,null,null,null,29,KGEG 091953Z 00000KT 7SM FEW003 OVC006 M02/M02 A3042 RMK AO2 SLP327 T10171017,null
GEG,2024-12-09 20:53,30,30,100,0,0,0,30.43,1033.1,8,null,FEW,SCT,OVC,null,200,500,700,null,null,null,null,null,null,null,null,30,KGEG 092053Z 00000KT 8SM FEW002 SCT005 OVC007 M01/M01 A3043 RMK AO2 SLP331 T10111011 53003,null
GEG,2024-12-09 21:53,31,30,96.02,170,4,0,30.43,1032.9,10,null,FEW,SCT,OVC,null,200,500,800,null,null,null,null,null,null,null,null,26.25,KGEG 092153Z 17004KT 10SM FEW002 SCT005 OVC008 M01/M01 A3043 RMK AO2 SLP329 T10061011,null
GEG,2024-12-09 22:53,31,30,96.02,210,3,0,30.43,1033.1,10,null,FEW,BKN,OVC,null,300,900,6000,null,null,null,null,null,null,null,null,27.55,KGEG 092253Z COR 21003KT 10SM FEW003 BKN009 OVC060 M01/M01 A3043 RMK AO2 SLP331 VIRGA T10061011,null
GEG,2024-12-09 23:53,31,30,96.02,0,0,0,30.45,1033.7,10,null,BKN,null,null,null,900,null,null,null,null,null,null,null,null,null,null,31,KGEG 092353Z 00000KT 10SM BKN009 M01/M01 A3045 RMK AO2 SLP337 T10061011 11006 21017 53005,null
GEG,2024-12-10 0:53,31,30,96.02,0,0,0,30.47,1034.3,10,null,OVC,null,null,null,900,null,null,null,null,null,null,null,null,null,null,31,KGEG 100053Z 00000KT 10SM OVC009 M01/M01 A3047 RMK AO2 SLP343 T10061011,null
GEG,2024-12-10 1:53,31,30,96.02,160,4,0,30.46,1034.2,10,null,OVC,null,null,null,800,null,null,null,null,null,null,null,null,null,null,26.25,KGEG 100153Z 16004KT 10SM OVC008 M01/M01 A3046 RMK AO2 SLP342 T10061011,null
GEG,2024-12-10 2:53,32,31,96.04,150,3,0,30.47,1034.2,10,null,OVC,null,null,null,700,null,null,null,null,null,null,null,null,null,null,28.69,KGEG 100253Z 15003KT 10SM OVC007 00/M01 A3047 RMK AO2 SLP342 T00001006 51005,null
GEG,2024-12-10 3:53,32,31,96.04,190,5,0,30.47,1034.1,10,null,OVC,null,null,null,700,null,null,null,null,null,null,null,null,null,null,26.4,KGEG 100353Z 19005KT 10SM OVC007 00/M01 A3047 RMK AO2 SLP341 T00001006,null
GEG,2024-12-10 4:53,32,31,96.04,190,4,0,30.47,1034.2,10,null,OVC,null,null,null,700,null,null,null,null,null,null,null,null,null,null,27.42,KGEG 100453Z 19004KT 10SM OVC007 00/M01 A3047 RMK AO2 SLP342 T00001006,null
GEG,2024-12-10 5:53,32,31,96.04,140,3,0,30.47,1034.3,10,null,OVC,null,null,null,700,null,null,null,null,null,null,null,null,null,null,28.69,KGEG 100553Z 14003KT 10SM OVC007 00/M01 A3047 RMK AO2 SLP343 T00001006 10000 21006 53002,null
GEG,2024-12-10 6:53,32,31,96.04,210,3,0,30.48,1034.4,10,null,OVC,null,null,null,700,null,null,null,null,null,null,null,null,null,null,28.69,KGEG 100653Z 21003KT 10SM OVC007 00/M01 A3048 RMK AO2 SLP344 T00001006,null
GEG,2024-12-10 7:53,32,31,96.04,0,0,0,30.48,1034.4,10,null,OVC,null,null,null,600,null,null,null,null,null,null,null,null,null,null,32,KGEG 100753Z 00000KT 10SM OVC006 00/M01 A3048 RMK AO2 SLP344 T00001006 400001022,null
GEG,2024-12-10 8:53,31,31,100,70,3,0,30.47,1034.2,4,null,OVC,null,null,null,500,null,null,null,BR,null,null,null,null,null,null,27.55,KGEG 100853Z 07003KT 4SM BR OVC005 M01/M01 A3047 RMK AO2 SLP342 T10061006 58001,null
GEG,2024-12-10 9:15,31,31,100,0,0,0,30.47,null,5,null,OVC,null,null,null,400,null,null,null,BR,null,null,null,null,null,null,31,KGEG 100915Z 00000KT 5SM BR OVC004 M01/M01 A3047 RMK AO2 T10061006,null
GEG,2024-12-10 9:53,31,31,100,210,6,0,30.47,1034.2,5,null,OVC,null,null,null,400,null,null,null,BR,null,null,null,null,null,null,24.33,KGEG 100953Z 21006KT 5SM BR OVC004 M01/M01 A3047 RMK AO2 SLP342 T10061006,null
GEG,2024-12-10 10:53,31,31,100,0,0,0,30.48,1034.7,6,null,OVC,null,null,null,400,null,null,null,BR,null,null,null,null,null,null,31,KGEG 101053Z 00000KT 6SM BR OVC004 M01/M01 A3048 RMK AO2 SLP347 T10061006,null
GEG,2024-12-10 11:03,31,31,100,240,3,0,30.48,null,0.75,null,OVC,null,null,null,300,null,null,null,BR,null,null,null,null,null,null,27.55,KGEG 101103Z 24003KT 3/4SM R21/P6000FT BR OVC003 M01/M01 A3048 RMK AO2 SFC VIS 5 T10061006,null
GEG,2024-12-10 11:53,31,31,100,280,3,0,30.47,1034.3,0.75,null,OVC,null,null,null,300,null,null,null,BR,null,null,null,null,null,null,27.55,KGEG 101153Z 28003KT 3/4SM R21/P6000FT BR OVC003 M01/M01 A3047 RMK AO2 SFC VIS 5 SLP343 T10061006 10000 21006 50001,null
GEG,2024-12-10 12:53,31,31,100,0,0,0,30.47,1034.1,0.25,null,VV ,null,null,null,200,null,null,null,BR,null,null,null,null,null,null,31,KGEG 101253Z 00000KT 1/4SM R21/P6000FT BR VV002 M01/M01 A3047 RMK AO2 SFC VIS 3/4 SLP341 T10061006,null
GEG,2024-12-10 13:53,31,31,100,40,5,0,30.48,1034.4,0.25,null,VV ,null,null,null,200,null,null,null,FZFG,null,null,null,null,null,null,25.21,KGEG 101353Z 04005KT 1/4SM R21/4000V5000FT FZFG VV002 M01/M01 A3048 RMK AO2 SFC VIS 1/2 SLP344 T10061006,null
GEG,2024-12-10 14:53,30,30,100,30,3,0,30.48,1034.4,0.25,null,VV ,null,null,null,200,null,null,null,FZFG,null,null,null,null,null,null,26.4,KGEG 101453Z 03003KT 1/4SM R21/2600V3500FT FZFG VV002 M01/M01 A3048 RMK AO2 SLP344 T10111011 53001,null
GEG,2024-12-10 15:53,30,30,100,40,4,0,30.48,1034.6,0.12,null,VV ,null,null,null,200,null,null,null,FZFG,null,null,null,null,null,null,25.08,KGEG 101553Z 04004KT 1/8SM R21/2800V3500FT FZFG VV002 M01/M01 A3048 RMK AO2 TWR VIS 1/4 SLP346 T10111011,null
GEG,2024-12-10 16:49,30.2,30.2,100,50,4,0,30.49,null,0.12,null,VV ,null,null,null,200,null,null,null,FZFG,null,null,null,null,null,null,25.32,KGEG 101649Z 05004KT 1/8SM R21/1600V1800FT FZFG VV002 M01/M01 A3049 RMK AO2,null
GEG,2024-12-10 16:53,31,31,100,60,3,0,30.48,1034.5,0.12,null,VV ,null,null,null,200,null,null,null,FZFG,null,null,null,null,null,null,27.55,KGEG 101653Z 06003KT 1/8SM R21/1400V1600FT FZFG VV002 M01/M01 A3048 RMK AO2 SLP345 T10061006,null
GEG,2024-12-10 17:53,31,31,100,30,4,0,30.49,1034.8,0.12,null,VV ,null,null,null,200,null,null,null,FZFG,T,null,T,null,null,null,26.25,KGEG 101753Z 03004KT 1/8SM R21/1600V2200FT FZFG VV002 M01/M01 A3049 RMK AO2 SFC VIS 1/4 SLP348 I1000 I6000 T10061006 11006 21011 53003,null
GEG,2024-12-10 18:03,31,31,100,50,3,0,30.49,null,0.12,null,VV ,null,null,null,200,null,null,null,FZFG,null,null,null,null,null,null,27.55,KGEG 101803Z 05003KT 1/8SM R21/2200V3500FT FZFG VV002 M01/M01 A3049 RMK AO2 SFC VIS 1/4 T10061006,null
GEG,2024-12-10 18:28,32,32,100,0,0,0,30.48,null,0.12,null,VV ,null,null,null,200,null,null,null,BR,null,null,null,null,null,null,32,KGEG 101828Z COR 00000KT 1/8SM R21/1600V2000FT BR VV002 00/00 A3048 RMK AO2 SFC VIS 1/2 T00000000,null
GEG,2024-12-10 18:40,32,32,100,50,3,0,30.48,null,0.12,null,VV ,null,null,null,200,null,null,null,FG,null,null,null,null,null,null,28.69,KGEG 101840Z 05003KT 1/8SM R21/1800V3000FT FG VV002 00/00 A3048 RMK AO2 SFC VIS 1/4 T00000000,null
GEG,2024-12-10 18:53,32,32,100,40,4,0,30.47,1034.2,0.12,null,VV ,null,null,null,200,null,null,null,FG,null,null,null,null,null,null,27.42,KGEG 101853Z 04004KT 1/8SM R21/1800V3500FT FG VV002 00/00 A3047 RMK AO2 SFC VIS 1/4 SLP342 T00000000,null
GEG,2024-12-10 19:26,32,32,100,60,4,0,30.46,null,0.12,null,VV ,null,null,null,200,null,null,null,FG,null,null,null,null,null,null,27.42,KGEG 101926Z 06004KT 1/8SM R21/1200V1600FT FG VV002 00/00 A3046 RMK AO2 SFC VIS 1/4 T00000000,null
GEG,2024-12-10 19:53,32,32,100,40,5,0,30.45,1033.5,0.12,null,VV ,null,null,null,200,null,null,null,FG,null,null,null,null,null,null,26.4,KGEG 101953Z 04005KT 1/8SM R21/1800V2800FT FG VV002 00/00 A3045 RMK AO2 SFC VIS 1/4 SLP335 T00000000,null
GEG,2024-12-10 20:53,32,32,100,40,5,0,30.44,1033,0.12,null,OVC,null,null,null,200,null,null,null,BR,null,null,null,null,null,null,26.4,KGEG 102053Z 04005KT 1/8SM R21/P6000FT BR OVC002 00/00 A3044 RMK AO2 SFC VIS 1 SLP330 T00000000 56017,null
GEG,2024-12-10 21:53,32,32,100,30,5,0,30.44,1033.1,0.12,null,OVC,null,null,null,200,null,null,null,BR,null,null,null,null,null,null,26.4,KGEG 102153Z 03005KT 1/8SM R21/P6000FT BR OVC002 00/00 A3044 RMK AO2 SFC VIS 1 1/2 SLP331 T00000000,null
GEG,2024-12-10 22:53,32,32,100,30,5,0,30.43,1032.6,0.12,null,OVC,null,null,null,200,null,null,null,BR,null,null,null,null,null,null,26.4,KGEG 102253Z 03005KT 1/8SM R21/P6000FT BR OVC002 00/00 A3043 RMK AO2 SFC VIS 1 1/2 SLP326 T00000000,null
GEG,2024-12-10 23:39,32,32,100,30,5,0,30.42,null,0.5,null,OVC,null,null,null,300,null,null,null,BR,null,null,null,null,null,null,26.4,KGEG 102339Z 03005KT 1/2SM R21/P6000FT BR OVC003 00/00 A3042 RMK AO2 SFC VIS 1 1/2 T00000000,null
GEG,2024-12-10 23:53,32,32,100,50,6,0,30.42,1032.2,0.5,null,OVC,null,null,null,300,null,null,null,BR,null,null,null,null,null,null,25.53,KGEG 102353Z 05006KT 1/2SM R21/P6000FT BR OVC003 00/00 A3042 RMK AO2 SFC VIS 1 1/2 SLP322 T00000000 10006 21006 58007,null
GEG,2024-12-11 0:53,32,32,100,30,7,0,30.39,1031.3,0.5,null,FEW,OVC,null,null,100,200,null,null,BR,null,null,null,null,null,null,24.78,KGEG 110053Z 03007KT 1/2SM R21/P6000FT BR FEW001 OVC002 00/00 A3039 RMK AO2 SFC VIS 1 SLP313 T00000000,null
GEG,2024-12-11 1:53,31,31,100,10,4,0,30.38,1030.9,0.5,null,FEW,OVC,null,null,100,200,null,null,BR,null,null,null,null,null,null,26.25,KGEG 110153Z 01004KT 1/2SM R21/P6000FT BR FEW001 OVC002 M01/M01 A3038 RMK AO2 SFC VIS 2 SLP309 T10061006,null
GEG,2024-12-11 2:01,31,31,100,30,3,0,30.37,null,1,null,FEW,OVC,null,null,100,400,null,null,BR,null,null,null,null,null,null,27.55,KGEG 110201Z 03003KT 1SM R21/P6000FT BR FEW001 OVC004 M01/M01 A3037 RMK AO2 SFC VIS 2 1/2 T10061006,null
GEG,2024-12-11 2:33,31,31,100,30,4,0,30.36,null,2,null,FEW,OVC,null,null,200,400,null,null,BR,null,null,null,null,null,null,26.25,KGEG 110233Z 03004KT 2SM BR FEW002 OVC004 M01/M01 A3036 RMK AO2 SFC VIS 3 T10061006,null
GEG,2024-12-11 2:53,31,31,100,20,5,0,30.37,1030.6,2,null,SCT,OVC,null,null,200,400,null,null,BR,null,null,null,null,null,null,25.21,KGEG 110253Z 02005KT 2SM BR SCT002 OVC004 M01/M01 A3037 RMK AO2 SFC VIS 3 SLP306 T10061006 56016,null
GEG,2024-12-11 3:53,31,31,100,30,4,0,30.36,1030.2,2,null,BKN,BKN,OVC,null,300,2000,11000,null,BR,null,null,null,null,null,null,26.25,KGEG 110353Z 03004KT 2SM BR BKN003 BKN020 OVC110 M01/M01 A3036 RMK AO2 SFC VIS 4 SLP302 T10061006,null
GEG,2024-12-11 4:53,31,31,100,50,8,0,30.33,1029.5,2,null,OVC,null,null,null,300,null,null,null,BR,null,null,null,null,null,null,22.88,KGEG 110453Z 05008KT 2SM BR OVC003 M01/M01 A3033 RMK AO2 SFC VIS 3 SLP295 T10061006,null
GEG,2024-12-11 5:26,31,31,100,40,5,0,30.33,null,1,null,OVC,null,null,null,200,null,null,null,BR,null,null,null,null,null,null,25.21,KGEG 110526Z 04005KT 1SM R21/P6000FT BR OVC002 M01/M01 A3033 RMK AO2 SFC VIS 2 1/2 T10061006,null
GEG,2024-12-11 5:53,31,31,100,40,5,0,30.32,1029.1,1,null,OVC,null,null,null,200,null,null,null,BR,null,null,null,null,null,null,25.21,KGEG 110553Z 04005KT 1SM R21/P6000FT BR OVC002 M01/M01 A3032 RMK AO2 SFC VIS 1 1/2 SLP291 T10061006 10000 21006 58014,null
GEG,2024-12-11 5:56,31,31,100,30,4,0,30.32,null,0.5,null,FEW,OVC,null,null,100,200,null,null,BR,null,null,null,null,null,null,26.25,KGEG 110556Z 03004KT 1/2SM R21/P6000FT BR FEW001 OVC002 M01/M01 A3032 RMK AO2 SFC VIS 1 1/2 T10061006,null
GEG,2024-12-11 6:53,31,31,100,20,7,0,30.32,1028.9,0.5,null,FEW,OVC,null,null,100,200,null,null,BR,null,null,null,null,null,null,23.56,KGEG 110653Z 02007KT 1/2SM R21/P6000FT BR FEW001 OVC002 M01/M01 A3032 RMK AO2 SFC VIS 2 1/2 SLP289 T10061006,null
GEG,2024-12-11 7:46,31,31,100,30,8,0,30.31,null,2,null,SCT,OVC,null,null,200,400,null,null,BR,null,null,null,null,null,null,22.88,KGEG 110746Z 03008KT 2SM BR SCT002 OVC004 M01/M01 A3031 RMK AO2 T10061006,null
GEG,2024-12-11 7:53,30,30,100,30,7,0,30.31,1028.5,2,null,FEW,OVC,null,null,200,400,null,null,BR,null,null,null,null,null,null,22.34,KGEG 110753Z 03007KT 2SM BR FEW002 OVC004 M01/M01 A3031 RMK AO2 SLP285 T10111011 400061011,null
GEG,2024-12-11 8:17,30,30,100,40,5,0,30.3,null,2,null,FEW,BKN,OVC,null,200,500,11000,null,BR,null,null,null,null,null,null,24.02,KGEG 110817Z 04005KT 2SM BR FEW002 BKN005 OVC110 M01/M01 A3030 RMK AO2 SFC VIS 3 T10111011,null
GEG,2024-12-11 8:41,30,30,100,60,6,0,30.29,null,3,null,FEW,SCT,BKN,null,200,500,11000,null,BR,null,null,null,null,null,null,23.12,KGEG 110841Z 06006KT 3SM BR FEW002 SCT005 BKN110 M01/M01 A3029 RMK AO2 SFC VIS 5 T10111011,null
GEG,2024-12-11 8:53,30,30,100,60,4,0,30.29,1027.8,3,null,SCT,BKN,null,null,300,12000,null,null,BR,null,null,null,null,null,null,25.08,KGEG 110853Z 06004KT 3SM BR SCT003 BKN120 M01/M01 A3029 RMK AO2 SFC VIS 5 SLP278 T10111011 58012,null
GEG,2024-12-11 9:13,30,30,100,40,4,0,30.28,null,1,null,BKN,BKN,null,null,300,11000,null,null,BR,null,null,null,null,null,null,25.08,KGEG 110913Z 04004KT 1SM R21/P6000FT BR BKN003 BKN110 M01/M01 A3028 RMK AO2 SFC VIS 5 T10111011,null
GEG,2024-12-11 9:53,30,30,100,30,5,0,30.28,1027.6,1,null,FEW,BKN,null,null,300,10000,null,null,BR,null,null,null,null,null,null,24.02,KGEG 110953Z 03005KT 1SM R21/P6000FT BR FEW003 BKN100 M01/M01 A3028 RMK AO2 SFC VIS 5 SLP276 FEW V SCT T10111011,null
GEG,2024-12-11 10:13,30,30,100,30,4,0,30.28,null,3,null,FEW,OVC,null,null,300,12000,null,null,BR,null,null,null,null,null,null,25.08,KGEG 111013Z 03004KT 3SM BR FEW003 OVC120 M01/M01 A3028 RMK AO2 SFC VIS 5 T10111011,null
GEG,2024-12-11 10:53,30,30,100,40,5,0,30.27,1027.2,3,null,SCT,OVC,null,null,500,12000,null,null,BR,null,null,null,null,null,null,24.02,KGEG 111053Z 04005KT 3SM BR SCT005 OVC120 M01/M01 A3027 RMK AO2 SFC VIS 5 SLP272 T10111011,null
GEG,2024-12-11 11:53,30,30,100,30,3,0,30.25,1026.5,3,null,SCT,OVC,null,null,500,12000,null,null,BR,null,null,null,null,null,null,26.4,KGEG 111153Z 03003KT 3SM BR SCT005 OVC120 M01/M01 A3025 RMK AO2 SFC VIS 5 SLP265 T10111011 11006 21011 58012,null
GEG,2024-12-11 12:53,30,30,100,40,3,0,30.23,1025.9,7,null,FEW,BKN,null,null,300,12000,null,null,null,null,null,null,null,null,null,26.4,KGEG 111253Z 04003KT 7SM FEW003 BKN120 M01/M01 A3023 RMK AO2 SLP259 T10111011,null
GEG,2024-12-11 13:53,30,30,100,30,5,0,30.22,1025.5,7,null,FEW,BKN,null,null,300,13000,null,null,null,null,null,null,null,null,null,24.02,KGEG 111353Z 03005KT 7SM FEW003 BKN130 M01/M01 A3022 RMK AO2 SLP255 T10111011,null
GEG,2024-12-11 14:53,30,30,100,50,4,0,30.19,1024.7,7,null,FEW,BKN,BKN,null,600,11000,13000,null,null,null,null,null,null,null,null,25.08,KGEG 111453Z 05004KT 7SM FEW006 BKN110 BKN130 M01/M01 A3019 RMK AO2 SLP247 T10111011 58017,null
GEG,2024-12-11 15:53,30,30,100,10,3,0,30.17,1024,6,null,FEW,BKN,null,null,600,12000,null,null,BR,null,null,null,null,null,null,26.4,KGEG 111553Z 01003KT 6SM BR FEW006 BKN120 M01/M01 A3017 RMK AO2 SLP240 T10111011,null
GEG,2024-12-11 16:53,30,29,96,0,0,0,30.18,1024.1,6,null,FEW,BKN,null,null,600,12000,null,null,BR,null,null,null,null,null,null,30,KGEG 111653Z 00000KT 6SM BR FEW006 BKN120 M01/M02 A3018 RMK AO2 SLP241 T10111017,null
GEG,2024-12-11 17:53,31,30,96.02,40,4,0,30.17,1023.9,9,null,FEW,SCT,BKN,null,700,12000,15000,null,null,null,null,null,null,null,null,26.25,KGEG 111753Z 04004KT 9SM FEW007 SCT120 BKN150 M01/M01 A3017 RMK AO2 SLP239 T10061011 11006 21011 56007,null
GEG,2024-12-11 18:09,31,30,96.02,60,5,0,30.17,null,8,null,BKN,BKN,BKN,null,400,12000,15000,null,null,null,null,null,null,null,null,25.21,KGEG 111809Z 06005KT 8SM BKN004 BKN120 BKN150 M01/M01 A3017 RMK AO2 T10061011,null
GEG,2024-12-11 18:51,30.2,30.2,100,50,5,0,30.16,null,7,null,SCT,BKN,BKN,BKN,400,800,12000,15000,null,null,null,null,null,null,null,24.26,KGEG 111851Z 05005KT 7SM SCT004 BKN008 BKN120 BKN150 M01/M01 A3016 RMK AO2,null
GEG,2024-12-11 18:53,32,30,92.22,40,5,0,30.16,1023.4,7,null,SCT,BKN,BKN,BKN,400,800,12000,15000,null,null,null,null,null,null,null,26.4,KGEG 111853Z 04005KT 7SM SCT004 BKN008 BKN120 BKN150 00/M01 A3016 RMK AO2 SLP234 T00001011,null
GEG,2024-12-11 19:53,33,31,92.25,60,5,0,30.13,1022.4,9,null,FEW,BKN,BKN,null,400,800,12000,null,null,null,null,null,null,null,null,27.58,KGEG 111953Z 06005KT 9SM FEW004 BKN008 BKN120 01/M01 A3013 RMK AO2 SLP224 T00061006,null
GEG,2024-12-11 20:01,33,31,92.25,60,5,0,30.13,null,9,null,SCT,SCT,BKN,null,600,12000,15000,null,null,null,null,null,null,null,null,27.58,KGEG 112001Z 06005KT 9SM SCT006 SCT120 BKN150 01/M01 A3013 RMK AO2 T00061006,null
GEG,2024-12-11 20:53,35,31,85.17,60,4,0,30.11,1021.5,8,null,SCT,BKN,BKN,null,600,10000,15000,null,null,null,null,null,null,null,null,30.92,KGEG 112053Z 06004KT 8SM SCT006 BKN100 BKN150 02/M01 A3011 RMK AO2 SLP215 T00171006 58016,null
GEG,2024-12-11 21:53,36,32,85.23,70,5,0,30.08,1020.5,9,null,FEW,BKN,BKN,OVC,600,11000,15000,22000,null,null,null,null,null,null,null,31.15,KGEG 112153Z 07005KT 9SM FEW006 BKN110 BKN150 OVC220 02/00 A3008 RMK AO2 SLP205 T00220000,null
GEG,2024-12-11 22:53,37,32,81.93,60,4,0,30.06,1019.9,9,null,FEW,BKN,BKN,OVC,600,11000,15000,22000,null,null,null,null,null,null,null,33.26,KGEG 112253Z 06004KT 9SM FEW006 BKN110 BKN150 OVC220 03/00 A3006 RMK AO2 SLP199 T00280000,null
GEG,2024-12-11 23:53,34,32,92.29,30,4,0,30.05,1019.7,9,null,FEW,SCT,BKN,BKN,600,11000,15000,22000,null,null,null,null,null,null,null,29.76,KGEG 112353Z 03004KT 9SM FEW006 SCT110 BKN150 BKN220 01/00 A3005 RMK AO2 SLP197 T00110000 10028 21006 56018,null
GEG,2024-12-12 0:53,32,31,96.04,30,4,0,30.04,1019.3,9,null,SCT,SCT,null,null,11000,22000,null,null,null,null,null,null,null,null,null,27.42,KGEG 120053Z 03004KT 9SM SCT110 SCT220 00/M01 A3004 RMK AO2 SLP193 T00001006,null
GEG,2024-12-12 1:53,31,31,100,40,4,0,30.03,1018.9,9,null,FEW,FEW,SCT,null,700,11000,22000,null,null,null,null,null,null,null,null,26.25,KGEG 120153Z 04004KT 9SM FEW007 FEW110 SCT220 M01/M01 A3003 RMK AO2 SLP189 T10061006,null
GEG,2024-12-12 2:53,31,31,100,60,4,0,30.01,1018.4,7,null,FEW,FEW,FEW,null,700,14000,22000,null,null,null,null,null,null,null,null,26.25,KGEG 120253Z 06004KT 7SM FEW007 FEW140 FEW220 M01/M01 A3001 RMK AO2 SLP184 T10061006 56013,null
GEG,2024-12-12 3:53,30,30,100,40,4,0,30,1018.1,6,null,FEW,null,null,null,500,null,null,null,BR,T,null,null,null,null,null,25.08,KGEG 120353Z 04004KT 6SM BR FEW005 M01/M01 A3000 RMK AO2 SLP181 I1000 T10111011,null
GEG,2024-12-12 4:53,30,30,100,30,5,0,29.99,1017.9,5,null,SCT,null,null,null,500,null,null,null,BR,0.01,null,null,null,null,null,24.02,KGEG 120453Z 03005KT 5SM BR SCT005 M01/M01 A2999 RMK AO2 SLP179 I1001 T10111011,null
GEG,2024-12-12 5:07,30,30,100,40,4,0,29.99,null,6,null,BKN,null,null,null,500,null,null,null,BR,null,null,null,null,null,null,25.08,KGEG 120507Z 04004KT 6SM BR BKN005 M01/M01 A2999 RMK AO2 T10111011,null
GEG,2024-12-12 5:53,30,30,100,60,3,0,29.99,1017.7,6,null,BKN,null,null,null,500,null,null,null,BR,null,null,0.01,null,null,null,26.4,KGEG 120553Z 06003KT 6SM BR BKN005 M01/M01 A2999 RMK AO2 SLP177 I6001 T10111011 10011 21017 56007,null
GEG,2024-12-12 6:53,30,30,100,40,5,0,29.98,1017.3,3,null,FEW,BKN,null,null,200,400,null,null,BR,T,null,null,null,null,null,24.02,KGEG 120653Z 04005KT 3SM BR FEW002 BKN004 M01/M01 A2998 RMK AO2 SFC VIS 5 SLP173 I1000 T10111011,null
GEG,2024-12-12 7:34,30,30,100,50,8,0,29.97,null,1,null,OVC,null,null,null,300,null,null,null,BR,null,null,null,null,null,null,21.65,KGEG 120734Z 05008KT 1SM R21/P6000FT BR OVC003 M01/M01 A2997 RMK AO2 SFC VIS 4 T10111011,null
GEG,2024-12-12 7:53,30,30,100,70,8,0,29.96,1016.6,1,null,BKN,null,null,null,300,null,null,null,BR,null,null,null,null,null,null,21.65,KGEG 120753Z 07008KT 1SM R21/P6000FT BR BKN003 M01/M01 A2996 RMK AO2 SFC VIS 4 SLP166 BKN V OVC T10111011 400281017,null
GEG,2024-12-12 8:23,30,30,100,60,8,0,29.95,null,0.5,null,OVC,null,null,null,200,null,null,null,BR,null,null,null,null,null,null,21.65,KGEG 120823Z 06008KT 1/2SM R21/P6000FT BR OVC002 M01/M01 A2995 RMK AO2 SFC VIS 4 T10111011,null
GEG,2024-12-12 8:53,30,30,100,50,7,0,29.95,1015.9,0.5,null,FEW,OVC,null,null,100,200,null,null,BR,null,T,null,null,null,null,22.34,KGEG 120853Z 05007KT 1/2SM R21/P6000FT BR FEW001 OVC002 M01/M01 A2995 RMK AO2 SFC VIS 2 1/2 SLP159 I3000 T10111011 58014,null
GEG,2024-12-12 9:53,30,30,100,50,7,0,29.94,1015.8,2,null,FEW,OVC,null,null,200,400,null,null,BR,null,null,null,null,null,null,22.34,KGEG 120953Z 05007KT 2SM BR FEW002 OVC004 M01/M01 A2994 RMK AO2 SFC VIS 4 SLP158 T10111011,null
GEG,2024-12-12 10:53,29,29,100,50,6,0,29.93,1015.5,2,null,FEW,OVC,null,null,300,500,null,null,BR,null,null,null,null,null,null,21.92,KGEG 121053Z 05006KT 2SM BR FEW003 OVC005 M02/M02 A2993 RMK AO2 SFC VIS 5 SLP155 T10171017,null
GEG,2024-12-12 11:28,28,28,100,50,6,0,29.92,null,4,null,FEW,OVC,null,null,400,600,null,null,BR,null,null,null,null,null,null,20.71,KGEG 121128Z 05006KT 4SM BR FEW004 OVC006 M02/M02 A2992 RMK AO2 T10221022,null
GEG,2024-12-12 11:53,28,28,100,50,6,0,29.92,1015.1,4,null,FEW,OVC,null,null,300,500,null,null,BR,null,null,T,null,null,null,20.71,KGEG 121153Z 05006KT 4SM BR FEW003 OVC005 M02/M02 A2992 RMK AO2 SLP151 I6000 T10221022 11011 21022 58009,null
GEG,2024-12-12 12:08,28,28,100,30,7,0,29.91,null,2,null,SCT,OVC,null,null,300,500,null,null,BR,null,null,null,null,null,null,19.9,KGEG 121208Z 03007KT 2SM BR SCT003 OVC005 M02/M02 A2991 RMK AO2 SFC VIS 4 T10221022,null
GEG,2024-12-12 12:27,28,28,100,40,8,0,29.91,null,1,null,SCT,OVC,null,null,300,500,null,null,BR,null,null,null,null,null,null,19.19,KGEG 121227Z 04008KT 1SM R21/P6000FT BR SCT003 OVC005 M02/M02 A2991 RMK AO2 SFC VIS 4 T10221022,null
GEG,2024-12-12 12:53,28,28,100,30,7,0,29.91,1014.9,1,null,BKN,OVC,null,null,300,500,null,null,BR,null,null,null,null,null,null,19.9,KGEG 121253Z 03007KT 1SM R21/P6000FT BR BKN003 OVC005 M02/M02 A2991 RMK AO2 SFC VIS 3 SLP149 T10221022,null
GEG,2024-12-12 13:17,28,28,100,40,8,0,29.9,null,3,null,FEW,OVC,null,null,300,500,null,null,BR,null,null,null,null,null,null,19.19,KGEG 121317Z 04008KT 3SM BR FEW003 OVC005 M02/M02 A2990 RMK AO2 FEW V SCT T10221022,null
GEG,2024-12-12 13:53,28,28,100,60,6,0,29.89,1014.4,3,null,SCT,BKN,OVC,null,300,600,7000,null,BR,null,null,null,null,null,null,20.71,KGEG 121353Z 06006KT 3SM BR SCT003 BKN006 OVC070 M02/M02 A2989 RMK AO2 SLP144 T10221022,null
GEG,2024-12-12 14:47,28.4,28.4,100,40,9,0,29.88,null,3,null,FEW,SCT,OVC,null,300,700,7500,null,BR,null,null,null,null,null,null,19.04,KGEG 121447Z 04009KT 3SM BR FEW003 SCT007 OVC075 M02/M02 A2988 RMK AO2 SFC VIS 6,null
GEG,2024-12-12 14:53,28,28,100,40,7,0,29.88,1013.9,6,null,FEW,SCT,OVC,null,300,700,7500,null,BR,null,null,null,null,null,null,19.9,KGEG 121453Z COR 04007KT 6SM BR FEW003 SCT007 OVC075 M02/M02 A2988 RMK AO2 SLP139 T10221022 58013,null
GEG,2024-12-12 15:53,29,29,100,40,6,0,29.87,1013.6,7,null,SCT,BKN,OVC,null,700,6000,7500,null,null,null,null,null,null,null,null,21.92,KGEG 121553Z 04006KT 7SM SCT007 BKN060 OVC075 M02/M02 A2987 RMK AO2 SLP136 T10171017,null
GEG,2024-12-12 16:53,29,28,95.99,30,9,0,29.86,1013.4,10,null,FEW,SCT,OVC,null,700,5500,7000,null,null,null,null,null,null,null,null,19.78,KGEG 121653Z 03009KT 10SM FEW007 SCT055 OVC070 M02/M02 A2986 RMK AO2 SLP134 T10171022,null
GEG,2024-12-12 17:53,30,28,92.15,40,7,0,29.87,1013.6,10,null,FEW,OVC,null,null,600,6000,null,null,null,null,null,null,null,null,null,22.34,KGEG 121753Z 04007KT 10SM FEW006 OVC060 M01/M02 A2987 RMK AO2 SLP136 T10111022 11011 21022 55003,null
GEG,2024-12-12 18:53,30,29,96,30,6,0,29.85,1013,10,null,OVC,null,null,null,6000,null,null,null,null,null,null,null,null,null,null,23.12,KGEG 121853Z 03006KT 10SM OVC060 M01/M02 A2985 RMK AO2 SLP130 T10111017,null
GEG,2024-12-12 19:53,31,30,96.02,30,7,0,29.83,1012.1,10,null,FEW,BKN,OVC,null,300,7000,10000,null,null,null,null,null,null,null,null,23.56,KGEG 121953Z 03007KT 10SM FEW003 BKN070 OVC100 M01/M01 A2983 RMK AO2 SLP121 T10061011,null
GEG,2024-12-12 20:53,32,30,92.22,20,6,0,29.81,1011.6,10,null,FEW,SCT,BKN,OVC,500,7000,10000,15000,null,null,null,null,null,null,null,25.53,KGEG 122053Z COR 02006KT 10SM FEW005 SCT070 BKN100 OVC150 00/M01 A2981 RMK AO2 SLP116 T00001011 57017 $,null
GEG,2024-12-12 21:53,33,30,88.58,30,7,0,29.8,1011,10,null,FEW,SCT,BKN,BKN,300,7000,15000,20000,null,null,null,null,null,null,null,26,KGEG 122153Z 03007KT 10SM FEW003 SCT070 BKN150 BKN200 01/M01 A2980 RMK AO2 SLP110 T00061011 $,null
GEG,2024-12-12 22:53,33,30,88.58,20,7,0,29.79,1010.8,10,null,FEW,OVC,null,null,200,10000,null,null,null,null,null,null,null,null,null,26,KGEG 122253Z COR 02007KT 10SM FEW002 OVC100 01/M01 A2979 RMK AO2 SLP108 T00061011,null
GEG,2024-12-12 23:53,32,30,92.22,30,4,0,29.8,1011.1,10,null,FEW,BKN,OVC,null,100,11000,22000,null,VCFG,null,null,null,null,null,null,27.42,KGEG 122353Z 03004KT 10SM VCFG FEW001 BKN110 OVC220 00/M01 A2980 RMK AO2 SLP111 VCFG NE T00001011 10006 21011 55006,null
GEG,2024-12-13 0:53,32,30,92.22,40,3,0,29.79,1011,10,null,FEW,BKN,OVC,null,5000,12000,22000,null,null,null,null,null,null,null,null,28.69,KGEG 130053Z 04003KT 10SM FEW050 BKN120 OVC220 00/M01 A2979 RMK AO2 SLP110 T00001011,null
GEG,2024-12-13 1:53,32,30,92.22,10,4,0,29.8,1011.1,10,null,BKN,OVC,null,null,6000,11000,null,null,null,null,null,null,null,null,null,27.42,KGEG 130153Z 01004KT 10SM BKN060 OVC110 00/M01 A2980 RMK AO2 SLP111 T00001011,null
GEG,2024-12-13 2:53,32,30,92.22,0,0,0,29.8,1011.2,10,null,OVC,null,null,null,5000,null,null,null,null,null,null,null,null,null,null,32,KGEG 130253Z 00000KT 10SM OVC050 00/M01 A2980 RMK AO2 SLP112 T00001011 53001,null
GEG,2024-12-13 3:53,33,30,88.58,0,0,0,29.81,1011.3,10,null,OVC,null,null,null,4900,null,null,null,null,null,null,null,null,null,null,33,KGEG 130353Z 00000KT 10SM OVC049 01/M01 A2981 RMK AO2 SLP113 T00061011,null
GEG,2024-12-13 4:53,33,30,88.58,0,0,0,29.81,1011.4,10,null,BKN,OVC,null,null,5500,7000,null,null,null,null,null,null,null,null,null,33,KGEG 130453Z 00000KT 10SM BKN055 OVC070 01/M01 A2981 RMK AO2 SLP114 T00061011,null
GEG,2024-12-13 5:19,33,30,88.58,0,0,T,29.81,null,7,null,SCT,OVC,null,null,3000,5500,null,null,#NAME?,null,null,null,null,null,null,33,KGEG 130519Z 00000KT 7SM -SN SCT030 OVC055 01/M01 A2981 RMK AO2 SNB19 P0000 T00061011,null
GEG,2024-12-13 5:53,32,31,96.04,0,0,T,29.81,1011.5,3,null,FEW,OVC,null,null,900,2700,null,null,#NAME?,null,null,null,null,null,null,32,KGEG 130553Z 00000KT 3SM -SN BR FEW009 OVC027 00/M01 A2981 RMK AO2 TWR VIS 4 SNB19 SLP115 P0000 60000 T00001006 10006 20000 51004,null
GEG,2024-12-13 6:53,31,31,100,0,0,0.01,29.82,1011.6,3,null,BKN,OVC,null,null,700,2700,null,null,#NAME?,null,null,null,null,null,null,31,KGEG 130653Z 00000KT 3SM -SN BR BKN007 OVC027 M01/M01 A2982 RMK AO2 TWR VIS 4 SLP116 P0001 T10061006,null
GEG,2024-12-13 7:53,31,31,100,220,5,T,29.82,1011.7,5,null,BKN,OVC,null,null,600,2200,null,null,#NAME?,null,null,null,null,null,null,25.21,KGEG 130753Z 22005KT 5SM -SN BR BKN006 OVC022 M01/M01 A2982 RMK AO2 SLP117 P0000 T10061006 400061022,null
GEG,2024-12-13 8:20,31,30,96.02,210,4,T,29.82,null,5,null,SCT,BKN,OVC,null,700,2100,3500,null,#NAME?,null,null,null,null,null,null,26.25,KGEG 130820Z 21004KT 5SM -SN BR SCT007 BKN021 OVC035 M01/M01 A2982 RMK AO2 P0000 T10061011,null
GEG,2024-12-13 8:53,31,30,96.02,180,4,T,29.82,1011.6,6,null,FEW,BKN,OVC,null,700,2100,3500,null,#NAME?,null,null,null,null,null,null,26.25,KGEG 130853Z 18004KT 6SM -SN BR FEW007 BKN021 OVC035 M01/M01 A2982 RMK AO2 SLP116 P0000 60001 T10061011 51002,null
GEG,2024-12-13 9:32,31,31,100,230,6,T,29.83,null,6,null,BKN,BKN,OVC,null,700,1700,2100,null,#NAME?,null,null,null,null,null,null,24.33,KGEG 130932Z 23006KT 6SM -SN BR BKN007 BKN017 OVC021 M01/M01 A2983 RMK AO2 P0000 T10061006,null
GEG,2024-12-13 9:53,31,30,96.02,230,6,T,29.84,1012.4,3,null,BKN,OVC,null,null,700,1700,null,null,#NAME?,null,null,null,null,null,null,24.33,KGEG 130953Z 23006KT 3SM -SN BR BKN007 OVC017 M01/M01 A2984 RMK AO2 SLP124 P0000 T10061011,null
GEG,2024-12-13 10:21,31,31,100,240,5,0.01,29.86,null,2,null,BKN,OVC,null,null,600,1500,null,null,#NAME?,null,null,null,null,null,null,25.21,KGEG 131021Z 24005KT 2SM -SN BR BKN006 OVC015 M01/M01 A2986 RMK AO2 TWR VIS 3 P0001 T10061006,null
GEG,2024-12-13 10:53,31,31,100,210,4,0.01,29.86,1012.9,1.5,null,BKN,OVC,null,null,400,700,null,null,#NAME?,null,null,null,null,null,null,26.25,KGEG 131053Z 21004KT 1 1/2SM -SN BR BKN004 OVC007 M01/M01 A2986 RMK AO2 TWR VIS 2 SLP129 P0001 T10061006,null
GEG,2024-12-13 11:53,30,30,100,150,4,0.01,29.85,1012.7,2,null,BKN,BKN,OVC,null,900,3500,7500,null,#NAME?,null,null,null,null,null,null,25.08,KGEG 131153Z 15004KT 2SM -SN BR BKN009 BKN035 OVC075 M01/M01 A2985 RMK AO2 SLP127 P0001 60003 70003 T10111011 10000 21011 50009,null
GEG,2024-12-13 12:53,30,30,100,200,3,T,29.86,1013.1,2,null,BKN,OVC,null,null,400,3300,null,null,#NAME?,null,null,null,null,null,null,26.4,KGEG 131253Z 20003KT 2SM -SN BR BKN004 OVC033 M01/M01 A2986 RMK AO2 SFC VIS 4 SLP131 P0000 T10111011,null
GEG,2024-12-13 13:53,30,30,100,150,5,T,29.86,1013,2,null,BKN,BKN,OVC,null,400,700,2900,null,#NAME?,null,null,null,null,null,null,24.02,KGEG 131353Z 15005KT 2SM -SN BR BKN004 BKN007 OVC029 M01/M01 A2986 RMK AO2 TWR VIS 3 SLP130 P0000 T10111011,null
GEG,2024-12-13 14:40,29,29,100,170,4,T,29.86,null,3,null,BKN,BKN,OVC,null,400,2200,3000,null,BR,null,null,null,null,null,null,23.92,KGEG 131440Z 17004KT 3SM BR BKN004 BKN022 OVC030 M02/M02 A2986 RMK AO2 SNE39 P0000 T10171017,null
GEG,2024-12-13 14:53,29,29,100,160,5,T,29.86,1013.1,3,null,BKN,BKN,OVC,null,400,2200,3000,null,BR,null,null,null,null,null,null,22.83,KGEG 131453Z 16005KT 3SM BR BKN004 BKN022 OVC030 M02/M02 A2986 RMK AO2 SFC VIS 5 SNE39 SLP131 P0000 60000 T10171017 51004,null
GEG,2024-12-13 15:27,30,30,100,0,0,0,29.87,null,6,null,SCT,OVC,null,null,400,2500,null,null,BR,null,null,null,null,null,null,30,KGEG 131527Z 00000KT 6SM BR SCT004 OVC025 M01/M01 A2987 RMK AO2 T10111011,null
GEG,2024-12-13 15:53,30,30,100,180,4,0,29.87,1013.5,6,null,FEW,OVC,null,null,400,2200,null,null,BR,null,null,null,null,null,null,25.08,KGEG 131553Z 18004KT 6SM BR FEW004 OVC022 M01/M01 A2987 RMK AO2 SLP135 T10111011,null
GEG,2024-12-13 16:53,30,30,100,120,4,T,29.87,1013.5,6,null,FEW,OVC,null,null,500,2100,null,null,#NAME?,null,null,null,null,null,null,25.08,KGEG 131653Z 12004KT 6SM -SN BR FEW005 OVC021 M01/M01 A2987 RMK AO2 SNB52 SLP135 P0000 T10111011,null
GEG,2024-12-13 17:09,30,30,100,110,4,T,29.88,null,7,null,FEW,BKN,OVC,null,500,2800,8000,null,null,null,null,null,null,null,null,25.08,KGEG 131709Z 11004KT 7SM FEW005 BKN028 OVC080 M01/M01 A2988 RMK AO2 SNE09 P0000 T10111011,null
GEG,2024-12-13 17:46,31,30,96.02,0,0,T,29.89,null,6,null,FEW,BKN,OVC,null,500,1300,2800,null,BR,null,null,null,null,null,null,31,KGEG 131746Z 00000KT 6SM BR FEW005 BKN013 OVC028 M01/M01 A2989 RMK AO2 SNE09 P0000 T10061011,null
GEG,2024-12-13 17:53,31,31,100,140,3,T,29.9,1014.4,6,null,FEW,BKN,OVC,null,500,1300,2800,null,BR,null,null,null,null,null,null,27.55,KGEG 131753Z 14003KT 6SM BR FEW005 BKN013 OVC028 M01/M01 A2990 RMK AO2 SNE09 PRESRR SLP144 4/001 P0000 60000 T10061006 11006 21017 53013,1
GEG,2024-12-13 18:13,31,31,100,0,0,0,29.92,null,6,null,BKN,OVC,null,null,700,1100,null,null,BR,null,null,null,null,null,null,31,KGEG 131813Z 00000KT 6SM BR BKN007 OVC011 M01/M01 A2992 RMK AO2 T10061006,null
GEG,2024-12-13 18:53,32,31,96.04,40,4,T,29.89,1014.2,5,null,SCT,OVC,null,null,800,1400,null,null,#NAME?,null,null,null,null,null,null,27.42,KGEG 131853Z 04004KT 5SM -SN BR SCT008 OVC014 00/M01 A2989 RMK AO2 SNB52 SLP142 P0000 T00001006,null
GEG,2024-12-13 19:12,32,31,96.04,40,4,T,29.89,null,5,null,SCT,OVC,null,null,800,1400,null,null,BR,null,null,null,null,null,null,27.42,KGEG 131912Z 04004KT 5SM BR SCT008 OVC014 00/M01 A2989 RMK AO2 SNE12 P0000 T00001006,null
GEG,2024-12-13 19:53,32,32,100,70,8,T,29.88,1013.6,3,null,BKN,OVC,null,null,400,1100,null,null,BR,null,null,null,null,null,null,24.11,KGEG 131953Z 07008KT 3SM BR BKN004 OVC011 00/00 A2988 RMK AO2 SFC VIS 4 SNE12 SLP136 P0000 T00000000,null
GEG,2024-12-13 20:15,32,32,100,null,3,0,29.87,null,1.5,null,BKN,OVC,null,null,400,2000,null,null,BR,null,null,null,null,null,null,28.69,KGEG 132015Z VRB03KT 1 1/2SM BR BKN004 OVC020 00/00 A2987 RMK AO2 SFC VIS 2 1/2 T00000000,null
GEG,2024-12-13 20:36,32,32,100,40,5,T,29.87,null,1.5,null,OVC,null,null,null,300,null,null,null,#NAME?,null,null,null,null,null,null,26.4,KGEG 132036Z 04005KT 1 1/2SM -SN BR OVC003 00/00 A2987 RMK AO2 SFC VIS 3 SNB36 P0000 T00000000,null
GEG,2024-12-13 20:53,32,32,100,50,5,T,29.87,1013.4,1.5,null,OVC,null,null,null,300,null,null,null,BR,null,null,null,null,null,null,26.4,KGEG 132053Z 05005KT 1 1/2SM BR OVC003 00/00 A2987 RMK AO2 SFC VIS 3 SNB36E52 SLP134 P0000 60000 T00000000 58009,null
GEG,2024-12-13 21:21,32,32,100,50,6,T,29.86,null,1.5,null,OVC,null,null,null,400,null,null,null,#NAME?,null,null,null,null,null,null,25.53,KGEG 132121Z 05006KT 1 1/2SM -SN BR OVC004 00/00 A2986 RMK AO2 SFC VIS 3 SNB21 P0000 T00000000,null
GEG,2024-12-13 21:53,32,32,100,60,7,T,29.85,1012.8,1.5,null,BKN,OVC,null,null,300,5000,null,null,BR,null,null,null,null,null,null,24.78,KGEG 132153Z 06007KT 1 1/2SM BR BKN003 OVC050 00/00 A2985 RMK AO2 SFC VIS 3 SNB21E53 SLP128 P0000 T00000000,null
GEG,2024-12-13 22:53,33,33,100,60,5,0,29.85,1012.8,0.5,null,OVC,null,null,null,200,null,null,null,BR,null,null,null,null,null,null,27.58,KGEG 132253Z 06005KT 1/2SM R21/P6000FT BR OVC002 01/01 A2985 RMK AO2 SFC VIS 2 SLP128 T00060006,null
GEG,2024-12-13 23:29,33,33,100,60,4,0,29.86,null,1.5,null,SCT,OVC,null,null,300,5000,null,null,BR,null,null,null,null,null,null,28.59,KGEG 132329Z 06004KT 1 1/2SM BR SCT003 OVC050 01/01 A2986 RMK AO2 SFC VIS 4 T00060006,null
GEG,2024-12-13 23:53,33,33,100,50,5,0,29.85,1012.6,3,null,FEW,SCT,OVC,null,300,5000,6500,null,BR,null,null,null,null,null,null,27.58,KGEG 132353Z 05005KT 3SM BR FEW003 SCT050 OVC065 01/01 A2985 RMK AO2 SFC VIS 4 SLP126 60000 T00060006 10006 21006 56007,null
GEG,2024-12-14 0:53,33,33,100,40,6,0,29.83,1012.1,3,null,FEW,SCT,OVC,null,200,6500,10000,null,BR,null,null,null,null,null,null,26.73,KGEG 140053Z 04006KT 3SM BR FEW002 SCT065 OVC100 01/01 A2983 RMK AO2 SFC VIS 5 SLP121 T00060006,null
GEG,2024-12-14 1:53,33,32,96.06,70,6,0,29.8,1010.9,3,null,SCT,BKN,OVC,null,300,5500,8500,null,BR,null,null,null,null,null,null,26.73,KGEG 140153Z 07006KT 3SM BR SCT003 BKN055 OVC085 01/00 A2980 RMK AO2 SFC VIS 5 SLP109 T00060000,null
GEG,2024-12-14 2:53,33,33,100,60,7,0,29.77,1010.2,3,null,FEW,OVC,null,null,300,7500,null,null,BR,null,null,null,null,null,null,26,KGEG 140253Z 06007KT 3SM BR FEW003 OVC075 01/01 A2977 RMK AO2 SFC VIS 5 SLP102 T00060006 58023,null
GEG,2024-12-14 3:53,34,33,96.08,70,3,0,29.76,1009.6,6,null,FEW,OVC,null,null,800,5500,null,null,BR,null,null,null,null,null,null,30.97,KGEG 140353Z 07003KT 6SM BR FEW008 OVC055 01/01 A2976 RMK AO2 SLP096 T00110006,null
GEG,2024-12-14 4:53,35,34,96.09,80,5,0,29.74,1008.7,7,null,BKN,OVC,null,null,3200,4900,null,null,null,null,null,null,null,null,null,29.96,KGEG 140453Z 08005KT 7SM BKN032 OVC049 02/01 A2974 RMK AO2 SLP087 T00170011,null
GEG,2024-12-14 5:53,34,33,96.08,60,3,T,29.74,1008.7,6,null,OVC,null,null,null,3600,null,null,null,#NAME?,null,null,null,null,null,null,30.97,KGEG 140553Z 06003KT 6SM -RA BR OVC036 01/01 A2974 RMK AO2 RAB46 SLP087 P0000 60000 T00110006 10017 20000 56012,null
GEG,2024-12-14 6:53,35,34,96.09,120,3,0.02,29.72,1008,7,null,FEW,OVC,null,null,2800,3600,null,null,#NAME?,null,null,null,null,null,null,32.12,KGEG 140653Z 12003KT 7SM -RA FEW028 OVC036 02/01 A2972 RMK AO2 SLP080 P0002 T00170011,null
GEG,2024-12-14 7:53,38,34,85.35,180,5,0.02,29.72,1007.8,8,null,SCT,OVC,null,null,2200,3400,null,null,#NAME?,null,null,null,null,null,null,33.52,KGEG 140753Z 18005KT 8SM -RA SCT022 OVC034 03/01 A2972 RMK AO2 SLP078 P0002 T00330011 400331017,null
GEG,2024-12-14 8:09,37,34,88.78,180,5,0.02,29.72,null,6,null,SCT,OVC,null,null,2200,2600,null,null,#NAME?,null,null,null,null,null,null,32.33,KGEG 140809Z 18005KT 6SM -RA BR SCT022 OVC026 03/01 A2972 RMK AO2 P0002 T00280011,null
GEG,2024-12-14 8:53,38,34,85.35,160,11,0.08,29.72,1007.9,6,null,SCT,OVC,null,null,1300,2600,null,null,#NAME?,null,null,null,null,null,null,30.05,KGEG 140853Z 16011KT 6SM -RA BR SCT013 OVC026 03/01 A2972 RMK AO2 SLP079 P0008 60012 T00330011 56006,null
GEG,2024-12-14 9:53,38,34,85.35,140,7,0.07,29.71,1007.7,9,null,FEW,BKN,OVC,null,2000,2800,3200,null,#NAME?,null,null,null,null,null,null,32.09,KGEG 140953Z 14007KT 9SM -RA FEW020 BKN028 OVC032 03/01 A2971 RMK AO2 SLP077 P0007 T00330011,null
GEG,2024-12-14 10:53,39,34,82.08,150,9,0.04,29.7,1007,8,null,BKN,OVC,null,null,2600,3100,null,null,#NAME?,null,null,null,null,null,null,32.22,KGEG 141053Z 15009KT 8SM -RA BKN026 OVC031 04/01 A2970 RMK AO2 SLP070 P0004 T00390011,null
GEG,2024-12-14 11:53,39,37,92.45,150,9,0.04,29.69,1006.9,6,null,BKN,OVC,null,null,2800,3400,null,null,#NAME?,null,null,null,null,null,null,32.22,KGEG 141153Z 15009KT 6SM -RA BR BKN028 OVC034 04/03 A2969 RMK AO2 SLP069 P0004 60027 70027 T00390028 10039 20011 56007 $,null
GEG,2024-12-14 12:53,39,34,82.08,150,7,0.03,29.7,1007.1,10,null,SCT,OVC,null,null,2600,3700,null,null,#NAME?,null,null,null,null,null,null,33.31,KGEG 141253Z 15007KT 10SM -RA SCT026 OVC037 04/01 A2970 RMK AO2 SLP071 P0003 T00390011 $,null
GEG,2024-12-14 13:53,41,37,85.54,160,9,0.01,29.7,1006.9,10,null,OVC,null,null,null,4100,null,null,null,#NAME?,null,null,null,null,null,null,34.7,KGEG 141353Z 16009KT 10SM -RA OVC041 05/03 A2970 RMK AO2 SLP069 P0001 T00500028 $,null
GEG,2024-12-14 14:53,41,37,85.54,160,10,T,29.72,1007.7,10,null,BKN,BKN,null,null,4200,5000,null,null,null,null,null,null,null,null,null,34.25,KGEG 141453Z 16010KT 10SM BKN042 BKN050 05/03 A2972 RMK AO2 RAE18 SLP077 P0000 60004 T00500028 53008 $,null
GEG,2024-12-14 15:53,40,36,85.48,150,7,0,29.73,1008.1,10,null,FEW,FEW,SCT,BKN,700,5000,15000,24000,null,null,null,null,null,null,null,34.53,KGEG 141553Z 15007KT 10SM FEW007 FEW050 SCT150 BKN240 04/02 A2973 RMK AO2 SLP081 T00440022 $,null
GEG,2024-12-14 16:53,39,36,88.87,150,4,0,29.75,1008.7,10,null,FEW,SCT,SCT,BKN,1000,5000,10000,24000,null,null,null,null,null,null,null,35.59,KGEG 141653Z 15004KT 10SM FEW010 SCT050 SCT100 BKN240 04/02 A2975 RMK AO2 SLP087 T00390022 $,null
GEG,2024-12-14 17:53,42,36,79.11,160,8,0,29.76,1008.9,10,null,FEW,SCT,SCT,BKN,1500,6000,10000,24000,null,null,null,null,null,null,null,36.43,KGEG 141753Z 16008KT 10SM FEW015 SCT060 SCT100 BKN240 06/02 A2976 RMK AO2 SLP089 60004 T00560022 10056 20039 51011 $,null
GEG,2024-12-14 18:53,44,38,79.27,200,5,0,29.76,1008.7,10,null,FEW,SCT,SCT,BKN,1500,6000,10000,20000,null,null,null,null,null,null,null,40.65,KGEG 141853Z 20005KT 10SM FEW015 SCT060 SCT100 BKN200 07/03 A2976 RMK AO2 SLP087 T00670033 $,null
GEG,2024-12-14 19:53,46,37,70.64,190,7,0,29.75,1008.3,10,null,FEW,FEW,BKN,null,2000,6000,20000,null,null,null,null,null,null,null,null,41.84,KGEG 141953Z 19007KT 10SM FEW020 FEW060 BKN200 08/03 A2975 RMK AO2 SLP083 T00780028,null
GEG,2024-12-14 20:53,47,37,68.02,200,8,0,29.74,1007.8,10,null,FEW,FEW,OVC,null,2000,6000,22000,null,null,null,null,null,null,null,null,42.59,KGEG 142053Z 20008KT 10SM FEW020 FEW060 OVC220 08/03 A2974 RMK AO2 SLP078 T00830028 58005,null
GEG,2024-12-14 21:53,46,37,70.64,220,9,0,29.72,1007.3,10,null,FEW,FEW,SCT,OVC,2000,4600,16000,22000,null,null,null,null,null,null,null,40.92,KGEG 142153Z 22009KT 10SM FEW020 FEW046 SCT160 OVC220 08/03 A2972 RMK AO2 SLP073 T00780028,null
GEG,2024-12-14 22:53,46,37,70.64,200,8,0,29.73,1007.5,10,null,FEW,FEW,BKN,BKN,2000,5000,16000,22000,null,null,null,null,null,null,null,41.36,KGEG 142253Z 20008KT 10SM FEW020 FEW050 BKN160 BKN220 08/03 A2973 RMK AO2 SLP075 T00780028,null
GEG,2024-12-14 23:53,44,37,76.22,170,3,0,29.74,1007.9,10,null,FEW,FEW,BKN,OVC,2000,5000,16000,22000,null,null,null,null,null,null,null,42.41,KGEG 142353Z 17003KT 10SM FEW020 FEW050 BKN160 OVC220 07/03 A2974 RMK AO2 SLP079 T00670028 10083 20056 53000,null
GEG,2024-12-15 0:53,44,34,67.66,200,8,0,29.74,1007.9,10,null,FEW,BKN,OVC,null,5000,9000,11000,null,null,null,null,null,null,null,null,38.9,KGEG 150053Z 20008KT 10SM FEW050 BKN090 OVC110 07/01 A2974 RMK AO2 SLP079 T00670011,null
GEG,2024-12-15 1:53,42,34,73.06,210,6,0,29.75,1008.3,10,null,OVC,null,null,null,11000,null,null,null,null,null,null,null,null,null,null,37.57,KGEG 150153Z 21006KT 10SM OVC110 06/01 A2975 RMK AO2 SLP083 T00560011,null
GEG,2024-12-15 2:53,42,34,73.06,220,12,0,29.77,1009.1,10,null,OVC,null,null,null,12000,null,null,null,null,null,null,null,null,null,null,34.73,KGEG 150253Z 22012KT 10SM OVC120 06/01 A2977 RMK AO2 SLP091 T00560011 53010,null
GEG,2024-12-15 3:53,41,34,75.94,220,11,0,29.78,1009.5,10,null,OVC,null,null,null,11000,null,null,null,null,null,null,null,null,null,null,33.84,KGEG 150353Z 22011KT 10SM OVC110 05/01 A2978 RMK AO2 SLP095 T00500011,null
GEG,2024-12-15 4:53,40,35,82.15,210,10,0,29.79,1009.8,10,null,OVC,null,null,null,12000,null,null,null,null,null,null,null,null,null,null,33,KGEG 150453Z 21010KT 10SM OVC120 04/02 A2979 RMK AO2 SLP098 T00440017,null
GEG,2024-12-15 5:53,39,35,85.42,220,10,0,29.82,1010.8,10,null,FEW,OVC,null,null,6000,11000,null,null,null,null,null,null,null,null,null,31.75,KGEG 150553Z 22010KT 10SM FEW060 OVC110 04/02 A2982 RMK AO2 SLP108 T00390017 10072 20039 53015,null
GEG,2024-12-15 6:53,37,35,92.39,220,11,0,29.85,1011.7,10,null,FEW,SCT,OVC,null,2000,7000,11000,null,null,null,null,null,null,null,null,28.79,KGEG 150653Z 22011KT 10SM FEW020 SCT070 OVC110 03/02 A2985 RMK AO2 SLP117 T00280017,null
GEG,2024-12-15 7:21,37,35,92.39,210,12,0,29.85,null,10,null,FEW,SCT,BKN,null,800,7000,12000,null,null,null,null,null,null,null,null,28.37,KGEG 150721Z 21012KT 10SM FEW008 SCT070 BKN120 03/02 A2985 RMK AO2 T00280017,null
GEG,2024-12-15 7:53,36,35,96.11,220,14,0,29.86,1012.3,10,null,SCT,SCT,BKN,null,800,7000,12000,null,null,null,null,null,null,null,null,26.32,KGEG 150753Z 22014KT 10SM SCT008 SCT070 BKN120 02/02 A2986 RMK AO2 SLP123 T00220017 400830022,null
GEG,2024-12-15 8:53,36,35,96.11,220,14,0,29.89,1013.2,10,null,SCT,BKN,OVC,null,700,10000,15000,null,null,null,null,null,null,null,null,26.32,KGEG 150853Z 22014KT 10SM SCT007 BKN100 OVC150 02/02 A2989 RMK AO2 SLP132 T00220017 53023,null
GEG,2024-12-15 9:23,36,34,92.35,220,14,0,29.91,null,7,null,BKN,OVC,null,null,800,10000,null,null,null,null,null,null,null,null,null,26.32,KGEG 150923Z 22014KT 7SM BKN008 OVC100 02/01 A2991 RMK AO2 T00220011,null
GEG,2024-12-15 9:47,35.6,33.8,93.08,220,16,0,29.92,null,7,null,SCT,OVC,null,null,800,17000,null,null,null,null,null,null,null,null,null,25.11,KGEG 150947Z 22016KT 7SM SCT008 OVC170 02/01 A2992 RMK AO2,null
GEG,2024-12-15 9:53,35,33,92.32,220,18,0,29.93,1014.5,7,23,FEW,OVC,null,null,600,17000,null,null,null,null,null,null,null,null,null,23.7,KGEG 150953Z 22018G23KT 7SM FEW006 OVC170 02/01 A2993 RMK AO2 SLP145 T00170006,null
GEG,2024-12-15 10:53,35,33,92.32,200,12,0,29.95,1015.3,10,null,FEW,FEW,OVC,null,300,900,15000,null,null,null,null,null,null,null,null,25.82,KGEG 151053Z 20012KT 10SM FEW003 FEW009 OVC150 02/01 A2995 RMK AO2 SLP153 T00170006,null
GEG,2024-12-15 11:53,34,33,96.08,210,15,0,29.97,1016.1,10,25,FEW,SCT,BKN,null,800,17000,25000,null,null,null,null,null,null,null,null,23.37,KGEG 151153Z 21015G25KT 10SM FEW008 SCT170 BKN250 01/01 A2997 RMK AO2 SLP161 70004 T00110006 10039 20011 51024,null
GEG,2024-12-15 12:53,34,32,92.29,220,18,0,29.99,1016.9,10,24,BKN,null,null,null,800,null,null,null,null,null,null,null,null,null,null,22.38,KGEG 151253Z 22018G24KT 10SM BKN008 01/00 A2999 RMK AO2 SLP169 T00110000,null
GEG,2024-12-15 13:53,33,32,96.06,220,16,0,30.02,1017.8,10,null,BKN,BKN,null,null,800,17000,null,null,null,null,null,null,null,null,null,21.72,KGEG 151353Z 22016KT 10SM BKN008 BKN170 01/00 A3002 RMK AO2 SLP178 T00060000,null
GEG,2024-12-15 14:53,33,32,96.06,210,11,0,30.04,1018.7,10,null,BKN,OVC,null,null,900,17000,null,null,null,null,null,null,null,null,null,23.73,KGEG 151453Z 21011KT 10SM BKN009 OVC170 01/00 A3004 RMK AO2 SLP187 T00060000 52023,null
GEG,2024-12-15 15:53,33,32,96.06,220,14,0,30.06,1019.4,10,20,OVC,null,null,null,900,null,null,null,null,null,null,null,null,null,null,22.45,KGEG 151553Z 22014G20KT 10SM OVC009 01/00 A3006 RMK AO2 SLP194 T00060000,null
GEG,2024-12-15 16:53,34,32,92.29,210,12,0,30.09,1020.5,10,null,BKN,OVC,null,null,900,1100,null,null,null,null,null,null,null,null,null,24.55,KGEG 151653Z 21012KT 10SM BKN009 OVC011 01/00 A3009 RMK AO2 SLP205 T00110000,null
GEG,2024-12-15 17:30,34,32,92.29,210,10,0,30.1,null,10,null,SCT,BKN,null,null,900,1100,null,null,null,null,null,null,null,null,null,25.48,KGEG 151730Z 21010KT 10SM SCT009 BKN011 01/00 A3010 RMK AO2 T00110000,null
GEG,2024-12-15 17:53,34,32,92.29,210,11,0,30.11,1021.2,10,null,SCT,BKN,null,null,900,1100,null,null,null,null,null,null,null,null,null,24.99,KGEG 151753Z 21011KT 10SM SCT009 BKN011 01/00 A3011 RMK AO2 SLP212 T00110000 10011 20006 53022,null
GEG,2024-12-15 18:53,36,32,85.23,210,13,0,30.11,1021,10,null,BKN,BKN,null,null,1300,17000,null,null,null,null,null,null,null,null,null,26.69,KGEG 151853Z 21013KT 10SM BKN013 BKN170 02/00 A3011 RMK AO2 SLP210 T00220000,null
GEG,2024-12-15 19:11,36,32,85.23,220,13,0,30.11,null,10,null,SCT,SCT,null,null,1300,17000,null,null,null,null,null,null,null,null,null,26.69,KGEG 151911Z 22013KT 10SM SCT013 SCT170 02/00 A3011 RMK AO2 T00220000,null
GEG,2024-12-15 19:53,37,31,78.69,220,12,0,30.11,1021.1,10,null,SCT,SCT,null,null,1500,17000,null,null,null,null,null,null,null,null,null,28.37,KGEG 151953Z 22012KT 10SM SCT015 SCT170 03/M01 A3011 RMK AO2 SLP211 T00281006,null
GEG,2024-12-15 20:12,38,30,72.64,230,12,0,30.11,null,10,null,BKN,null,null,null,2000,null,null,null,null,null,null,null,null,null,null,29.64,KGEG 152012Z 23012KT 10SM BKN020 03/M01 A3011 RMK AO2 T00331011,null
GEG,2024-12-15 20:53,38,30,72.64,230,14,0,30.11,1021.3,10,null,BKN,null,null,null,2200,null,null,null,null,null,null,null,null,null,null,28.9,KGEG 152053Z 23014KT 10SM BKN022 03/M01 A3011 RMK AO2 SLP213 T00331011 53002,null
GEG,2024-12-15 21:53,39,29,67.06,240,12,0,30.12,1021.7,10,null,SCT,BKN,null,null,2500,3000,null,null,null,null,null,null,null,null,null,30.91,KGEG 152153Z 24012KT 10SM SCT025 BKN030 04/M02 A3012 RMK AO2 SLP217 T00391017,null
GEG,2024-12-15 22:53,38,29,69.74,240,11,0,30.14,1022.4,10,null,SCT,BKN,null,null,3000,3700,null,null,null,null,null,null,null,null,null,30.05,KGEG 152253Z 24011KT 10SM SCT030 BKN037 03/M02 A3014 RMK AO2 SLP224 T00331017,null
GEG,2024-12-15 23:53,37,28,69.63,230,7,0,30.15,1022.7,10,null,SCT,null,null,null,3600,null,null,null,null,null,null,null,null,null,null,30.87,KGEG 152353Z 23007KT 10SM SCT036 03/M02 A3015 RMK AO2 SLP227 T00281022 10039 20011 51012,null
GEG,2024-12-16 0:53,35,28,75.36,220,4,0,30.17,1023.3,10,null,SCT,null,null,null,3500,null,null,null,null,null,null,null,null,null,null,30.92,KGEG 160053Z 22004KT 10SM SCT035 02/M02 A3017 RMK AO2 SLP233 T00171022,null
GEG,2024-12-16 1:53,35,29,78.51,190,3,0,30.17,1023.7,10,null,SCT,null,null,null,2500,null,null,null,null,null,null,null,null,null,null,32.12,KGEG 160153Z 19003KT 10SM SCT025 02/M02 A3017 RMK AO2 SLP237 T00171017,null
GEG,2024-12-16 2:53,33,29,85.04,170,5,0,30.17,1023.7,10,null,SCT,BKN,null,null,2700,3300,null,null,null,null,null,null,null,null,null,27.58,KGEG 160253Z 17005KT 10SM SCT027 BKN033 01/M02 A3017 RMK AO2 SLP237 T00061017 50006,null
GEG,2024-12-16 3:53,32,30,92.22,170,5,0,30.17,1023.6,10,null,FEW,SCT,null,null,3000,15000,null,null,null,null,null,null,null,null,null,26.4,KGEG 160353Z 17005KT 10SM FEW030 SCT150 00/M01 A3017 RMK AO2 SLP236 T00001011,null
GEG,2024-12-16 4:53,32,31,96.04,170,6,0,30.17,1023.5,10,null,FEW,BKN,null,null,3000,18000,null,null,null,null,null,null,null,null,null,25.53,KGEG 160453Z 17006KT 10SM FEW030 BKN180 00/M01 A3017 RMK AO2 SLP235 T00001006,null
GEG,2024-12-16 5:53,32,31,96.04,160,6,0,30.15,1023,10,null,FEW,OVC,null,null,3000,18000,null,null,null,null,null,null,null,null,null,25.53,KGEG 160553Z 16006KT 10SM FEW030 OVC180 00/M01 A3015 RMK AO2 SLP230 T00001006 10028 21006 58006,null
GEG,2024-12-16 6:53,31,31,100,140,4,0,30.14,1022.7,10,null,OVC,null,null,null,18000,null,null,null,null,null,null,null,null,null,null,26.25,KGEG 160653Z 14004KT 10SM OVC180 M01/M01 A3014 RMK AO2 SLP227 T10061006,null
GEG,2024-12-16 7:53,32,30,92.22,120,5,0,30.12,1021.6,10,null,OVC,null,null,null,18000,null,null,null,null,null,null,null,null,null,null,26.4,KGEG 160753Z 12005KT 10SM OVC180 00/M01 A3012 RMK AO2 SLP216 T00001011 400391006,null
GEG,2024-12-16 8:53,31,30,96.02,70,4,0,30.11,1021.4,10,null,FEW,BKN,null,null,9000,18000,null,null,null,null,null,null,null,null,null,26.25,KGEG 160853Z 07004KT 10SM FEW090 BKN180 M01/M01 A3011 RMK AO2 SLP214 T10061011 56013,null
GEG,2024-12-16 9:53,30,30,100,60,6,0,30.09,1020.8,10,null,FEW,FEW,OVC,null,3800,12000,15000,null,null,null,null,null,null,null,null,23.12,KGEG 160953Z 06006KT 10SM FEW038 FEW120 OVC150 M01/M01 A3009 RMK AO2 SLP208 T10111011,null
GEG,2024-12-16 10:53,30,30,100,50,7,0,30.08,1020.3,10,null,FEW,OVC,null,null,1500,11000,null,null,null,null,null,null,null,null,null,22.34,KGEG 161053Z 05007KT 10SM FEW015 OVC110 M01/M01 A3008 RMK AO2 SLP203 T10111011,null
GEG,2024-12-16 11:53,31,30,96.02,50,6,0,30.06,1019.6,10,null,BKN,OVC,null,null,8000,10000,null,null,null,null,null,null,null,null,null,24.33,KGEG 161153Z 05006KT 10SM BKN080 OVC100 M01/M01 A3006 RMK AO2 SLP196 T10061011 10000 21011 58017,null
GEG,2024-12-16 12:53,31,29,92.19,60,8,0,30.03,1018.8,10,null,OVC,null,null,null,7000,null,null,null,null,null,null,null,null,null,null,22.88,KGEG 161253Z 06008KT 10SM OVC070 M01/M02 A3003 RMK AO2 SLP188 T10061017,null
GEG,2024-12-16 13:53,31,29,92.19,70,12,0,29.96,1016.4,10,null,OVC,null,null,null,5000,null,null,null,null,null,null,null,null,null,null,20.73,KGEG 161353Z 07012KT 10SM OVC050 M01/M02 A2996 RMK AO2 SLP164 T10061017,null
GEG,2024-12-16 14:53,32,30,92.22,60,7,0,29.98,1017.2,10,null,OVC,null,null,null,5000,null,null,null,null,null,null,null,null,null,null,24.78,KGEG 161453Z 06007KT 10SM OVC050 00/M01 A2998 RMK AO2 SLP172 T00001011 55023,null
GEG,2024-12-16 15:53,33,30,88.58,60,8,0,29.98,1017,10,null,FEW,BKN,OVC,null,3200,7000,12000,null,null,null,null,null,null,null,null,25.34,KGEG 161553Z 06008KT 10SM FEW032 BKN070 OVC120 01/M01 A2998 RMK AO2 SLP170 T00061011,null
GEG,2024-12-16 16:02,33,30,88.58,60,7,T,29.98,null,8,null,FEW,BKN,OVC,null,3200,5000,7000,null,#NAME?,null,null,null,null,null,null,26,KGEG 161602Z 06007KT 8SM -SN FEW032 BKN050 OVC070 01/M01 A2998 RMK AO2 SNB02 P0000 T00061011,null
GEG,2024-12-16 16:53,32,30,92.22,60,7,T,29.98,1017.1,2,null,BKN,OVC,null,null,3200,4000,null,null,#NAME?,null,null,null,null,null,null,24.78,KGEG 161653Z 06007KT 2SM -SN BR BKN032 OVC040 00/M01 A2998 RMK AO2 TWR VIS 3 SNB02 SLP171 P0000 T00001011,null
GEG,2024-12-16 17:16,32,30,92.22,60,6,T,29.98,null,1,null,BKN,OVC,null,null,1900,2500,null,null,#NAME?,null,null,null,null,null,null,25.53,KGEG 161716Z 06006KT 1SM R21/P6000FT -SN BR BKN019 OVC025 00/M01 A2998 RMK AO2 TWR VIS 1 1/2 P0000 T00001011,null
GEG,2024-12-16 17:53,31,31,100,50,6,0.01,29.97,1016.9,0.75,null,FEW,OVC,null,null,600,1600,null,null,#NAME?,null,null,null,null,null,null,24.33,KGEG 161753Z 05006KT 3/4SM R21/5000VP6000FT -SN BR FEW006 OVC016 M01/M01 A2997 RMK AO2 SLP169 P0001 60001 T10061006 10006 21006 58004,null
GEG,2024-12-16 18:27,32,32,100,50,7,0.02,29.97,null,0.5,null,BKN,OVC,null,null,600,1000,null,null,SN FG,null,null,null,null,null,null,24.78,KGEG 161827Z 05007KT 1/2SM R21/3500VP6000FT SN FG BKN006 OVC010 00/00 A2997 RMK AO2 TWR VIS 3/4 P0002 T00000000,null
GEG,2024-12-16 18:33,32,32,100,60,7,0.03,29.97,null,0.75,null,BKN,OVC,null,null,600,1400,null,null,#NAME?,null,null,null,null,null,null,24.78,KGEG 161833Z 06007KT 3/4SM R21/4000VP6000FT -SN BR BKN006 OVC014 00/00 A2997 RMK AO2 P0003 T00000000,null
GEG,2024-12-16 18:53,32,32,100,60,8,0.04,29.96,1016.5,0.75,null,BKN,OVC,null,null,500,1100,null,null,#NAME?,null,null,null,null,null,null,24.11,KGEG 161853Z 06008KT 3/4SM R21/4000V5000FT -SN BR BKN005 OVC011 00/00 A2996 RMK AO2 SLP165 P0004 T00000000,null
GEG,2024-12-16 19:26,32,32,100,70,5,0.02,29.95,null,0.75,null,OVC,null,null,null,400,null,null,null,#NAME?,null,null,null,null,null,null,26.4,KGEG 161926Z 07005KT 3/4SM R21/4000V5000FT -SN BR OVC004 00/00 A2995 RMK AO2 P0002 T00000000,null
GEG,2024-12-16 19:53,32,32,100,60,6,0.04,29.95,1016.2,0.75,null,OVC,null,null,null,400,null,null,null,#NAME?,null,null,null,null,null,null,25.53,KGEG 161953Z 06006KT 3/4SM R21/3500V4000FT -SN BR OVC004 00/00 A2995 RMK AO2 SLP162 SNINCR 1/1 P0004 T00000000,null
GEG,2024-12-16 20:53,33,33,100,70,7,0.05,29.93,1015.5,0.75,null,OVC,null,null,null,300,null,null,null,#NAME?,null,null,null,null,null,null,26,KGEG 162053Z 07007KT 3/4SM R21/5000VP6000FT -SN BR OVC003 01/01 A2993 RMK AO2 SFC VIS 1 SLP155 SNINCR 1/2 P0005 60013 T00060006 58013,null
GEG,2024-12-16 21:53,33,33,100,70,3,0.01,29.93,1015.6,0.75,null,OVC,null,null,null,300,null,null,null,#NAME?,null,null,null,null,null,null,29.83,KGEG 162153Z 07003KT 3/4SM R21/P6000FT -SN BR OVC003 01/01 A2993 RMK AO2 SFC VIS 1 SLP156 P0001 T00060006,null
GEG,2024-12-16 22:53,33,33,100,40,4,0.02,29.95,1016.3,0.75,null,SCT,OVC,null,null,300,700,null,null,#NAME?,null,null,null,null,null,null,28.59,KGEG 162253Z 04004KT 3/4SM R21/P6000FT -SN BR SCT003 OVC007 01/01 A2995 RMK AO2 SFC VIS 1 SLP163 P0002 T00060006,null
GEG,2024-12-16 23:23,33,33,100,50,5,T,29.96,null,0.75,null,OVC,null,null,null,300,null,null,null,#NAME?,null,null,null,null,null,null,27.58,KGEG 162323Z 05005KT 3/4SM R21/P6000FT -SN BR OVC003 01/01 A2996 RMK AO2 P0000 T00060006,null
GEG,2024-12-16 23:53,33,33,100,40,5,T,29.97,1016.7,0.25,null,FEW,OVC,null,null,100,300,null,null,#NAME?,null,null,null,null,null,null,27.58,KGEG 162353Z 04005KT 1/4SM R21/P6000FT -SN BR FEW001 OVC003 01/01 A2997 RMK AO2 SFC VIS 3/4 SLP167 4/002 P0000 60016 T00060006 10006 21006 53010,2
GEG,2024-12-17 0:53,32,32,100,70,6,0.01,29.97,1016.9,0.25,null,OVC,null,null,null,200,null,null,null,#NAME?,null,null,null,null,null,null,25.53,KGEG 170053Z 07006KT 1/4SM R21/4500VP6000FT -SN BR OVC002 00/00 A2997 RMK AO2 SFC VIS 1 SLP169 P0001 T00000000,null
GEG,2024-12-17 1:53,32,32,100,70,5,T,29.98,1017,0.25,null,VV ,null,null,null,200,null,null,null,FG,null,null,null,null,null,null,26.4,KGEG 170153Z 07005KT 1/4SM R21/2800V3500FT FG VV002 00/00 A2998 RMK AO2 SFC VIS 1/2 SNE48 SLP170 P0000 T00000000,null
GEG,2024-12-17 2:20,32,32,100,60,4,0,29.98,null,0.25,null,VV ,null,null,null,200,null,null,null,BR,null,null,null,null,null,null,27.42,KGEG 170220Z 06004KT 1/4SM R21/2000V2200FT BR VV002 00/00 A2998 RMK AO2 SFC VIS 3/4 T00000000,null
GEG,2024-12-17 2:51,32,32,100,40,3,0,29.99,null,0.25,null,VV ,null,null,null,200,null,null,null,FG,null,null,null,null,null,null,28.69,KGEG 170251Z 04003KT 1/4SM R21/2000V2400FT FG VV002 00/00 A2999 RMK AO2,null
GEG,2024-12-17 2:53,32,32,100,0,0,0,29.99,1017.4,0.25,null,VV ,null,null,null,200,null,null,null,FG,null,null,null,null,null,null,32,KGEG 170253Z 00000KT 1/4SM R21/2000V2400FT FG VV002 00/00 A2999 RMK AO2 SLP174 60001 T00000000 51005,null
GEG,2024-12-17 3:53,32,32,100,110,3,0,30,1017.7,0.25,null,VV ,null,null,null,200,null,null,null,FG,T,null,null,null,null,null,28.69,KGEG 170353Z 11003KT 1/4SM R21/2000FT FG VV002 00/00 A3000 RMK AO2 SLP177 I1000 T00000000,null
GEG,2024-12-17 4:53,33,33,100,50,4,0,30,1017.7,0.25,null,VV ,null,null,null,200,null,null,null,FG,T,null,null,null,null,null,28.59,KGEG 170453Z 05004KT 1/4SM R21/2000V2600FT FG VV002 01/01 A3000 RMK AO2 SLP177 I1000 T00060006,null
GEG,2024-12-17 5:16,33,33,100,0,0,0,30,null,0.25,null,VV ,null,null,null,200,null,null,null,FG,T,null,null,null,null,null,33,KGEG 170516Z 00000KT 1/4SM R21/1800V2200FT FG VV002 01/01 A3000 RMK AO2 I1000 T00060006,null
GEG,2024-12-17 5:53,33,33,100,0,0,0,30.01,1018.3,0.25,null,VV ,null,null,null,200,null,null,null,FG,0.01,null,0.01,null,null,null,33,KGEG 170553Z 00000KT 1/4SM R21/1800V2000FT FG VV002 01/01 A3001 RMK AO2 SLP183 4/002 60001 I1001 I6001 T00060006 10006 20000 53008,2
GEG,2024-12-17 6:30,32,32,100,60,6,0,30.03,null,0.25,null,VV ,null,null,null,200,null,null,null,FG,0.01,null,null,null,null,null,25.53,KGEG 170630Z 06006KT 1/4SM R21/3500V4500FT FG VV002 00/00 A3003 RMK AO2 I1001 T00000000,null
GEG,2024-12-17 6:53,32,32,100,50,5,T,30.04,1019.1,0.25,null,VV ,null,null,null,200,null,null,null,#NAME?,0.01,null,null,null,null,null,26.4,KGEG 170653Z 05005KT 1/4SM R21/P6000FT -SN FG VV002 00/00 A3004 RMK AO2 SFC VIS 1/2 SNB53 SLP191 P0000 I1001 T00000000,null
GEG,2024-12-17 7:53,32,32,100,40,5,T,30.05,1019.5,0.25,null,BKN,OVC,null,null,200,1600,null,null,BR,null,null,null,null,null,null,26.4,KGEG 170753Z 04005KT 1/4SM R21/P6000FT BR BKN002 OVC016 00/00 A3005 RMK AO2 SFC VIS 1 1/2 SNE52 SLP195 P0000 T00000000 400061011,null
GEG,2024-12-17 8:53,32,32,100,40,5,0,30.06,1019.7,0.25,null,VV ,null,null,null,200,null,null,null,FG,null,0.01,null,null,null,null,26.4,KGEG 170853Z 04005KT 1/4SM R21/P6000FT FG VV002 00/00 A3006 RMK AO2 SFC VIS 1/2 SLP197 60000 I3001 T00000000 51014,null
GEG,2024-12-17 9:53,32,32,100,50,7,0,30.08,1020.5,0.25,null,VV ,null,null,null,200,null,null,null,FG,T,null,null,null,null,null,24.78,KGEG 170953Z 05007KT 1/4SM R21/4000VP6000FT FG VV002 00/00 A3008 RMK AO2 SLP205 I1000 T00000000,null
GEG,2024-12-17 10:53,32,32,100,50,7,0,30.1,1021.3,0.25,null,OVC,null,null,null,200,null,null,null,FG,null,null,null,null,null,null,24.78,KGEG 171053Z 05007KT 1/4SM R21/P6000FT FG OVC002 00/00 A3010 RMK AO2 SLP213 T00000000,null
GEG,2024-12-17 11:53,32,32,100,0,0,0,30.13,1022.3,0.25,null,OVC,null,null,null,200,null,null,null,BR,null,null,0.01,null,null,null,32,KGEG 171153Z COR 00000KT 1/4SM R21/P6000FT BR OVC002 00/00 A3013 RMK AO2 SFC VIS 2 SLP223 4/002 60000 70018 I6001 T00000000 10006 20000 53024,2
GEG,2024-12-17 12:53,32,32,100,50,4,0,30.13,1022.3,0.25,null,OVC,null,null,null,200,null,null,null,BR,null,null,null,null,null,null,27.42,KGEG 171253Z 05004KT 1/4SM R21/P6000FT BR OVC002 00/00 A3013 RMK AO2 SFC VIS 1 1/4 SLP223 T00000000,null
GEG,2024-12-17 13:53,32,32,100,60,4,0,30.16,1023.3,1,null,FEW,OVC,null,null,200,1900,null,null,BR,null,null,null,null,null,null,27.42,KGEG 171353Z 06004KT 1SM R21/P6000FT BR FEW002 OVC019 00/00 A3016 RMK AO2 SFC VIS 3 SLP233 T00000000,null
GEG,2024-12-17 14:53,32,32,100,50,4,0,30.17,1023.8,1.25,null,FEW,OVC,null,null,200,1800,null,null,BR,null,null,null,null,null,null,27.42,KGEG 171453Z 05004KT 1 1/4SM BR FEW002 OVC018 00/00 A3017 RMK AO2 SFC VIS 3 SLP238 T00000000 53013,null
GEG,2024-12-17 15:05,32,32,100,50,5,0,30.18,null,2.5,null,FEW,OVC,null,null,200,1800,null,null,BR,null,null,null,null,null,null,26.4,KGEG 171505Z 05005KT 2 1/2SM BR FEW002 OVC018 00/00 A3018 RMK AO2 SFC VIS 3 T00000000,null
GEG,2024-12-17 15:14,32,32,100,70,4,0,30.18,null,1.5,null,FEW,OVC,null,null,200,2000,null,null,BR,null,null,null,null,null,null,27.42,KGEG 171514Z 07004KT 1 1/2SM BR FEW002 OVC020 00/00 A3018 RMK AO2 SFC VIS 3 VIS SE-SW 2 T00000000,null
GEG,2024-12-17 15:46,32,32,100,70,3,T,30.19,null,1.5,null,BKN,OVC,null,null,300,2000,null,null,#NAME?,null,null,null,null,null,null,28.69,KGEG 171546Z 07003KT 1 1/2SM -SN BR BKN003 OVC020 00/00 A3019 RMK AO2 SNB46 VIS SE-SW 2 P0000 T00000000,null
GEG,2024-12-17 15:48,32,32,100,80,3,T,30.19,null,0.75,null,BKN,OVC,null,null,300,2000,null,null,#NAME?,null,null,null,null,null,null,28.69,KGEG 171548Z 08003KT 3/4SM R21/P6000FT -SN BR BKN003 OVC020 00/00 A3019 RMK AO2 SFC VIS 1 1/2 SNB46 P0000,null
GEG,2024-12-17 15:53,32,32,100,90,4,T,30.19,1024.5,0.75,null,BKN,OVC,null,null,300,2000,null,null,#NAME?,null,null,null,null,null,null,27.42,KGEG 171553Z 09004KT 3/4SM R21/P6000FT -SN BR BKN003 OVC020 00/00 A3019 RMK AO2 SFC VIS 1 1/2 SNB46 SLP245 P0000 T00000000,null
GEG,2024-12-17 16:08,33,33,100,50,3,T,30.2,null,0.75,null,BKN,OVC,null,null,200,2000,null,null,BR,null,null,null,null,null,null,29.83,KGEG 171608Z 05003KT 3/4SM R21/P6000FT BR BKN002 OVC020 01/01 A3020 RMK AO2 SFC VIS 2 SNE08 P0000 T00060006,null
GEG,2024-12-17 16:36,33,33,100,0,0,T,30.22,null,2,null,SCT,OVC,null,null,200,600,null,null,BR,null,null,null,null,null,null,33,KGEG 171636Z 00000KT 2SM BR SCT002 OVC006 01/01 A3022 RMK AO2 SNE08 P0000 T00060006,null
GEG,2024-12-17 16:53,33,33,100,40,3,T,30.23,1025.7,2,null,FEW,OVC,null,null,200,600,null,null,BR,null,null,null,null,null,null,29.83,KGEG 171653Z 04003KT 2SM BR FEW002 OVC006 01/01 A3023 RMK AO2 SNE08 SLP257 P0000 T00060006,null
GEG,2024-12-17 17:04,33,33,100,30,3,T,30.24,null,1,null,SCT,OVC,null,null,200,500,null,null,#NAME?,null,null,null,null,null,null,29.83,KGEG 171704Z 03003KT 1SM R21/P6000FT -SN BR SCT002 OVC005 01/01 A3024 RMK AO2 TWR VIS 2 SNB04 P0000 T00060006,null
GEG,2024-12-17 17:18,33,33,100,50,3,T,30.24,null,1.5,null,FEW,BKN,OVC,null,200,500,1700,null,BR,null,null,null,null,null,null,29.83,KGEG 171718Z 05003KT 1 1/2SM BR FEW002 BKN005 OVC017 01/01 A3024 RMK AO2 SNB04E18 P0000 T00060006,null
GEG,2024-12-17 17:53,33,33,100,0,0,T,30.25,1026.4,1.5,null,BKN,OVC,null,null,500,1100,null,null,#NAME?,null,null,null,null,null,null,33,KGEG 171753Z 00000KT 1 1/2SM -SN BR BKN005 OVC011 01/01 A3025 RMK AO2 SFC VIS 2 SNB04E18B51 SLP264 4/002 933002 P0000 60000 T00060006 10006 20000 53019,2
GEG,2024-12-17 18:29,34,34,100,110,4,0.01,30.24,null,1.5,null,BKN,OVC,null,null,500,800,null,null,BR,null,null,null,null,null,null,29.76,KGEG 171829Z 11004KT 1 1/2SM BR BKN005 OVC008 01/01 A3024 RMK AO2 SNE29 P0001 T00110011,null
GEG,2024-12-17 18:53,34,34,100,140,6,0.01,30.23,1025.8,1.5,null,OVC,null,null,null,400,null,null,null,BR,null,null,null,null,null,null,27.94,KGEG 171853Z 14006KT 1 1/2SM BR OVC004 01/01 A3023 RMK AO2 SNE29 SLP258 P0001 T00110011,null
GEG,2024-12-17 18:56,34,34,100,140,5,0,30.23,null,0.75,null,OVC,null,null,null,400,null,null,null,BR,null,null,null,null,null,null,28.77,KGEG 171856Z 14005KT 3/4SM R21/P6000FT BR OVC004 01/01 A3023 RMK AO2 SFC VIS 1 1/2 T00110011,null
GEG,2024-12-17 19:25,34,34,100,180,3,0,30.23,null,0.25,null,OVC,null,null,null,200,null,null,null,BR,null,null,null,null,null,null,30.97,KGEG 171925Z 18003KT 1/4SM R21/P6000FT BR OVC002 01/01 A3023 RMK AO2 SFC VIS 3/4 VIS SE-SW 1/2 T00110011,null
GEG,2024-12-17 19:53,34,34,100,150,4,T,30.22,1025.5,0.25,null,OVC,null,null,null,200,null,null,null,#NAME?,null,null,null,null,null,null,29.76,KGEG 171953Z 15004KT 1/4SM R21/4000V5500FT -DZ FG OVC002 01/01 A3022 RMK AO2 SFC VIS 1/2 DZB47 SLP255 P0000 T00110011,null
GEG,2024-12-17 20:53,34,34,100,0,0,T,30.21,1025.1,0.25,null,OVC,null,null,null,200,null,null,null,BR,null,null,null,null,null,null,34,KGEG 172053Z 00000KT 1/4SM R21/P6000FT BR OVC002 01/01 A3021 RMK AO2 SFC VIS 3/4 DZE27 SLP251 P0000 60001 T00110011 56012,null
GEG,2024-12-17 21:53,35,35,100,0,0,0.01,30.2,1024.6,0.25,null,SCT,OVC,null,null,200,300,null,null,#NAME?,null,null,null,null,null,null,35,KGEG 172153Z 00000KT 1/4SM R21/1600V3500FT -RA BR SCT002 OVC003 02/02 A3020 RMK AO2 SFC VIS 3/4 SLP246 RAB12 P0001 T00170017,null
GEG,2024-12-17 22:53,35,35,100,120,6,0.03,30.18,1023.7,1,null,BKN,OVC,null,null,300,600,null,null,#NAME?,null,null,null,null,null,null,29.14,KGEG 172253Z COR 12006KT 1SM R21/P6000FT -RA BR BKN003 OVC006 02/02 A3018 RMK AO2 SFC VIS 2 SLP237 P0003 T00170017,null
GEG,2024-12-17 23:53,35,35,100,110,5,0.04,30.17,1023.6,1,null,BKN,OVC,null,null,400,1800,null,null,#NAME?,null,null,null,null,null,null,29.96,KGEG 172353Z 11005KT 1SM R21/P6000FT -RA BR BKN004 OVC018 02/02 A3017 RMK AO2 SFC VIS 2 SLP236 4/001 P0004 60009 T00170017 10017 20006 56014,1
GEG,2024-12-18 0:53,36,36,100,120,5,0.03,30.16,1023.1,3,null,BKN,OVC,null,null,500,1700,null,null,#NAME?,null,null,null,null,null,null,31.15,KGEG 180053Z 12005KT 3SM -RA BR BKN005 OVC017 02/02 A3016 RMK AO2 SFC VIS 4 SLP231 P0003 T00220022,null
GEG,2024-12-18 1:42,36,36,100,120,8,0.03,30.15,null,3,null,SCT,OVC,null,null,500,2000,null,null,#NAME?,null,null,null,null,null,null,29.04,KGEG 180142Z 12008KT 3SM -RA BR SCT005 OVC020 02/02 A3015 RMK AO2 SFC VIS 5 P0003 T00220022,null
GEG,2024-12-18 1:53,36,36,100,120,7,0.04,30.14,1022.5,3,null,SCT,OVC,null,null,500,2000,null,null,#NAME?,null,null,null,null,null,null,29.65,KGEG 180153Z 12007KT 3SM -RA BR SCT005 OVC020 02/02 A3014 RMK AO2 SFC VIS 5 SLP225 P0004 T00220022,null
GEG,2024-12-18 2:53,37,36,96.13,130,9,0.05,30.12,1021.7,3,null,SCT,OVC,null,null,700,2000,null,null,#NAME?,null,null,null,null,null,null,29.73,KGEG 180253Z 13009KT 3SM -RA BR SCT007 OVC020 03/02 A3012 RMK AO2 SFC VIS 6 SLP217 P0005 60012 T00280022 58017,null
GEG,2024-12-18 3:20,37,36,96.13,130,7,0.03,30.1,null,3,null,BKN,OVC,null,null,800,2000,null,null,#NAME?,null,null,null,null,null,null,30.87,KGEG 180320Z 13007KT 3SM -RA BR BKN008 OVC020 03/02 A3010 RMK AO2 SFC VIS 6 P0003 T00280022,null
GEG,2024-12-18 3:53,37,37,100,140,5,0.06,30.1,1021.2,3,null,BKN,OVC,null,null,800,2000,null,null,#NAME?,null,null,null,null,null,null,32.33,KGEG 180353Z 14005KT 3SM -RA BR BKN008 OVC020 03/03 A3010 RMK AO2 SFC VIS 6 SLP212 P0006 T00280028,null
GEG,2024-12-18 4:53,36,36,100,140,7,0.05,30.08,1020.5,3,null,BKN,OVC,null,null,900,1800,null,null,#NAME?,null,null,null,null,null,null,29.65,KGEG 180453Z 14007KT 3SM -RA BR BKN009 OVC018 02/02 A3008 RMK AO2 SFC VIS 6 SLP205 P0005 T00220022,null
GEG,2024-12-18 5:53,38,38,100,150,9,0.04,30.06,1019.6,3,null,BKN,OVC,null,null,500,1700,null,null,#NAME?,null,null,null,null,null,null,30.97,KGEG 180553Z 15009KT 3SM -RA BR BKN005 OVC017 03/03 A3006 RMK AO2 SLP196 4/001 P0004 60027 T00330033 10033 20017 58018,1
GEG,2024-12-18 6:53,39,39,100,160,10,0.01,30.05,1019.1,3,null,FEW,BKN,OVC,null,300,600,1700,null,#NAME?,null,null,null,null,null,null,31.75,KGEG 180653Z 16010KT 3SM -RA BR FEW003 BKN006 OVC017 04/04 A3005 RMK AO2 SFC VIS 5 SLP191 P0001 T00390039,null
GEG,2024-12-18 7:53,40,40,100,160,7,0.04,30.02,1018.2,2,null,OVC,null,null,null,400,null,null,null,null,null,null,null,null,null,null,34.53,KGEG 180753Z 16007KT 2SM OVC004 04/04 A3002 RMK AO2 SFC VIS 10 RAE53 SLP182 P0004 T00440044 400440000,null
GEG,2024-12-18 8:31,40,40,100,160,8,0,30.01,null,10,null,OVC,null,null,null,400,null,null,null,null,null,null,null,null,null,null,33.97,KGEG 180831Z 16008KT 10SM OVC004 04/04 A3001 RMK AO2 T00440044,null
GEG,2024-12-18 8:43,40,40,100,160,9,0,30.01,null,10,17,BKN,OVC,null,null,500,3400,null,null,null,null,null,null,null,null,null,33.46,KGEG 180843Z 16009G17KT 10SM BKN005 OVC034 04/04 A3001 RMK AO2 T00440044,null
GEG,2024-12-18 8:53,41,41,100,150,9,0,30,1017.5,7,null,SCT,OVC,null,null,500,3300,null,null,null,null,null,null,null,null,null,34.7,KGEG 180853Z 15009KT 7SM SCT005 OVC033 05/05 A3000 RMK AO2 SLP175 60005 T00500050 58018,null
GEG,2024-12-18 9:53,41,41,100,160,9,0,29.98,1016.8,10,null,FEW,SCT,OVC,null,4400,11000,14000,null,null,null,null,null,null,null,null,34.7,KGEG 180953Z 16009KT 10SM FEW044 SCT110 OVC140 05/05 A2998 RMK AO2 SLP168 T00500050,null
GEG,2024-12-18 10:53,43,41,92.58,170,11,T,29.96,1016,7,null,FEW,BKN,OVC,null,3800,5500,7500,null,#NAME?,null,null,null,null,null,null,36.37,KGEG 181053Z 17011KT 7SM -RA FEW038 BKN055 OVC075 06/05 A2996 RMK AO2 RAB23 SLP160 P0000 T00610050,null
GEG,2024-12-18 11:53,43,41,92.58,160,15,0.03,29.91,1014.3,7,23,SCT,OVC,null,null,5000,6000,null,null,#NAME?,null,null,null,null,null,null,35.04,KGEG 181153Z 16015G23KT 7SM -RA SCT050 OVC060 06/05 A2991 RMK AO2 SLP143 P0003 60008 70044 T00610050 10061 20033 58028,null
GEG,2024-12-18 12:53,43,41,92.58,180,14,0.13,29.91,1014.2,7,22,OVC,null,null,null,4200,null,null,null,RA,null,null,null,null,null,null,35.34,KGEG 181253Z 18014G22KT 7SM RA OVC042 06/05 A2991 RMK AO2 SLP142 P0013 T00610050,null
GEG,2024-12-18 13:53,45,41,85.77,170,10,0.05,29.88,1012.7,10,20,FEW,OVC,null,null,3800,4600,null,null,#NAME?,null,null,null,null,null,null,39.27,KGEG 181353Z 17010G20KT 10SM -RA FEW038 OVC046 07/05 A2988 RMK AO2 PRESFR SLP127 P0005 T00720050,null
GEG,2024-12-18 14:53,46,41,82.58,190,18,0.01,29.84,1011.4,10,29,FEW,BKN,BKN,OVC,4700,6000,11000,18000,#NAME?,null,null,null,29,190,2024-12-18 14:51,38.18,KGEG 181453Z 19018G29KT 10SM -RA FEW047 BKN060 BKN110 OVC180 08/05 A2984 RMK AO2 PK WND 19029/1451 SLP114 P0001 60019 T00780050 58023,null
GEG,2024-12-18 15:13,47,40,76.49,200,22,T,29.84,null,10,40,FEW,SCT,null,null,4200,5500,null,null,SQ,null,null,null,40,200,2024-12-18 15:06,38.66,KGEG 181513Z 20022G40KT 10SM SQ FEW042 SCT055 08/04 A2984 RMK AO2 PK WND 20040/1506 RAE05 P0000 T00830044,null
GEG,2024-12-18 15:53,48,40,73.67,210,27,T,29.84,1011.2,10,37,SCT,BKN,BKN,null,4400,8500,11000,null,null,null,null,null,40,200,2024-12-18 15:06,39.15,KGEG 181553Z COR 21027G37KT 10SM SCT044 BKN085 BKN110 09/04 A2984 RMK AO2 PK WND 20040/1506 RAE05 SLP112 ACSL DSNT N-SE P0000 T00890044,null
GEG,2024-12-18 16:23,49,41,73.77,220,33,T,29.83,null,10,48,SCT,BKN,null,null,7000,11000,null,null,#NAME?,null,null,null,48,210,2024-12-18 16:23,39.68,KGEG 181623Z 22033G48KT 10SM -RA SQ SCT070 BKN110 09/05 A2983 RMK AO2 PK WND 21048/1623 RAB09 P0000 T00940050,null
GEG,2024-12-18 16:42,49,41,73.77,220,31,T,29.84,null,10,47,FEW,SCT,BKN,null,3700,9500,11000,null,SQ,null,null,null,48,210,2024-12-18 16:23,39.94,KGEG 181642Z 22031G47KT 10SM SQ FEW037 SCT095 BKN110 09/05 A2984 RMK AO2 PK WND 21048/1623 RAB09E42 ACSL N-NE P0000 T00940050,null
GEG,2024-12-18 16:53,50,41,71.07,220,33,T,29.84,1011.2,10,52,FEW,SCT,BKN,null,3200,9500,12000,null,#NAME?,null,null,null,52,220,2024-12-18 16:48,50,KGEG 181653Z COR 22033G52KT 10SM -RA SQ FEW032 SCT095 BKN120 10/05 A2984 RMK AO2 PK WND 22052/1648 RAB09E42B45 SLP112 ACSL N-NE P0000 T01000050,null
GEG,2024-12-18 17:33,49,42,76.67,230,35,T,29.85,null,10,52,BKN,BKN,BKN,null,2600,4100,5500,null,SQ,null,null,null,52,240,2024-12-18 17:29,39.07,KGEG 181733Z COR 23035G52KT 10SM SQ BKN026 BKN041 BKN055 09/06 A2985 RMK AO2 PK WND 24052/1729 RAE33 P0000 T00940056,null
GEG,2024-12-18 17:46,48,41,76.58,240,35,T,29.86,null,10,53,SCT,BKN,OVC,null,2400,3500,5000,null,SQ,null,null,null,53,220,2024-12-18 17:39,38.03,KGEG 181746Z 24035G53KT 10SM SQ SCT024 BKN035 OVC050 09/05 A2986 RMK AO2 PK WND 22053/1739 RAE33 P0000 T00890050,null
GEG,2024-12-18 17:53,48,41,76.58,230,36,T,29.86,1011.9,10,59,SCT,OVC,null,null,2400,3500,null,null,null,null,null,null,59,250,2024-12-18 17:51,37.91,KGEG 181753Z 23036G59KT 10SM SCT024 OVC035 09/05 A2986 RMK AO2 PK WND 25059/1751 RAE33 SLP119 SHRA DSNT N-NE P0000 60019 T00890050 10100 20061 53005,null
GEG,2024-12-18 18:02,48,41,76.58,240,31,0,29.88,null,10,49,SCT,BKN,BKN,BKN,2400,3000,3500,16000,SQ,null,null,null,49,230,2024-12-18 17:54,38.56,KGEG 181802Z COR 24031G49KT 10SM SQ SCT024 BKN030 BKN035 BKN160 09/05 A2988 RMK AO2 PK WND 23049/1754 SHRA DSNT NE-E T00890050,null
GEG,2024-12-18 18:31,48,40,73.67,250,31,0,29.92,null,10,39,SCT,SCT,BKN,BKN,2400,3500,14000,25000,null,null,null,null,49,230,2024-12-18 17:54,38.56,KGEG 181831Z 25031G39KT 10SM SCT024 SCT035 BKN140 BKN250 09/04 A2992 RMK AO2 PK WND 23049/1754 PRESRR ACSL DSNT N T00890044,null
GEG,2024-12-18 18:53,49,38,65.63,250,28,0,29.97,1015.7,10,41,FEW,FEW,SCT,SCT,2400,3500,14000,25000,null,null,null,null,49,230,2024-12-18 17:54,40.37,KGEG 181853Z COR 25028G41KT 10SM FEW024 FEW035 SCT140 SCT250 09/03 A2997 RMK AO2 PK WND 23049/1754 PRESRR SLP157 ACSL DSNT NE-SE AND S T00940033,null
GEG,2024-12-18 19:00,48,38,68.13,240,26,0,29.97,null,10,38,FEW,FEW,SCT,SCT,2200,3500,14000,25000,SQ,null,null,null,35,250,2024-12-18 19:00,39.31,KGEG 181900Z 24026G38KT 10SM SQ FEW022 FEW035 SCT140 SCT250 09/03 A2997 RMK AO2 PK WND 25035/1900 ACSL DSNT NE-SE AND S T00890033,null
GEG,2024-12-18 19:53,49,37,63.1,240,26,0,29.99,1016.2,10,44,FEW,FEW,FEW,null,3500,14000,25000,null,null,null,null,null,45,250,2024-12-18 19:11,40.67,KGEG 181953Z 24026G44KT 10SM FEW035 FEW140 FEW250 09/03 A2999 RMK AO2 PK WND 25045/1911 SLP162 ACSL DSNT N-SE CCSL DSNT S-SW T00940028,null
GEG,2024-12-18 20:53,49,36,60.66,250,31,0,30.03,1017.5,10,44,FEW,FEW,FEW,null,3000,14000,25000,null,null,null,null,null,48,250,2024-12-18 20:38,39.94,KGEG 182053Z 25031G44KT 10SM FEW030 FEW140 FEW250 09/02 A3003 RMK AO2 PK WND 25048/2038 PRESRR SLP175 CCSL N T00940022 51053,null
GEG,2024-12-18 21:53,49,35,58.3,250,26,0,30.08,1019.3,10,35,FEW,FEW,FEW,null,3000,14000,25000,null,null,null,null,null,41,240,2024-12-18 21:20,40.67,KGEG 182153Z 25026G35KT 10SM FEW030 FEW140 FEW250 09/02 A3008 RMK AO2 PK WND 24041/2120 SLP193 T00940017,null
GEG,2024-12-18 22:53,47,32,55.73,250,22,0,30.11,1020.4,10,29,FEW,FEW,FEW,null,3000,14000,22000,null,null,null,null,null,36,250,2024-12-18 21:55,38.66,KGEG 182253Z 25022G29KT 10SM FEW030 FEW140 FEW220 08/00 A3011 RMK AO2 PK WND 25036/2155 SLP204 T00830000,null
GEG,2024-12-18 23:53,43,32,64.88,220,8,0,30.17,1022.6,10,null,FEW,FEW,SCT,null,3000,14000,22000,null,null,null,null,null,30,240,2024-12-18 22:57,37.66,KGEG 182353Z 22008KT 10SM FEW030 FEW140 SCT220 06/00 A3017 RMK AO2 PK WND 24030/2257 SLP226 T00610000 10094 20061 53044,null
GEG,2024-12-19 0:53,43,31,62.31,220,12,0,30.19,1023.3,10,null,SCT,null,null,null,20000,null,null,null,null,null,null,null,null,null,null,36,KGEG 190053Z 22012KT 10SM SCT200 06/M01 A3019 RMK AO2 SLP233 T00611006,null
GEG,2024-12-19 1:53,41,35,79.02,190,9,0,30.2,1023.9,10,null,SCT,null,null,null,20000,null,null,null,null,null,null,null,null,null,null,34.7,KGEG 190153Z 19009KT 10SM SCT200 05/02 A3020 RMK AO2 SLP239 T00500017,null
GEG,2024-12-19 2:53,42,34,73.06,230,9,0,30.2,1023.8,10,null,BKN,null,null,null,18000,null,null,null,null,null,null,null,null,null,null,35.95,KGEG 190253Z 23009KT 10SM BKN180 06/01 A3020 RMK AO2 SLP238 T00560011 51012,null
GEG,2024-12-19 3:53,40,35,82.15,240,10,0,30.23,1024.7,10,null,OVC,null,null,null,17000,null,null,null,null,null,null,null,null,null,null,33,KGEG 190353Z 24010KT 10SM OVC170 04/02 A3023 RMK AO2 SLP247 T00440017,null
GEG,2024-12-19 4:53,41,34,75.94,170,4,0,30.26,1025.5,10,null,OVC,null,null,null,16000,null,null,null,null,null,null,null,null,null,null,37.93,KGEG 190453Z 17004KT 10SM OVC160 05/01 A3026 RMK AO2 SLP255 T00500011,null
GEG,2024-12-19 5:53,40,34,78.94,180,4,0,30.27,1026.2,10,null,BKN,null,null,null,18000,null,null,null,null,null,null,null,null,null,null,36.76,KGEG 190553Z 18004KT 10SM BKN180 04/01 A3027 RMK AO2 SLP262 T00440011 10061 20039 51022,null
GEG,2024-12-19 6:53,39,32,75.75,170,3,0,30.28,1026.5,10,null,SCT,null,null,null,18000,null,null,null,null,null,null,null,null,null,null,36.69,KGEG 190653Z 17003KT 10SM SCT180 04/00 A3028 RMK AO2 SLP265 T00390000,null
GEG,2024-12-19 7:53,36,33,88.73,140,4,0,30.27,1026.2,10,null,CLR,null,null,null,null,null,null,null,null,null,null,null,null,null,null,32.09,KGEG 190753Z 14004KT 10SM CLR 02/01 A3027 RMK AO2 SLP262 T00220006 401000022,null
GEG,2024-12-19 8:53,35,34,96.09,110,3,0,30.28,1026.6,10,null,CLR,null,null,null,null,null,null,null,null,null,null,null,null,null,null,32.12,KGEG 190853Z 11003KT 10SM CLR 02/01 A3028 RMK AO2 SLP266 T00170011 53002,null
GEG,2024-12-19 9:53,35,34,96.09,160,7,0,30.28,1026.6,10,null,CLR,null,null,null,null,null,null,null,null,null,null,null,null,null,null,28.44,KGEG 190953Z 16007KT 10SM CLR 02/01 A3028 RMK AO2 SLP266 T00170011,null
GEG,2024-12-19 10:53,33,33,100,70,3,0,30.3,1027.3,10,null,CLR,null,null,null,null,null,null,null,null,null,null,null,null,null,null,29.83,KGEG 191053Z 07003KT 10SM CLR 01/01 A3030 RMK AO2 SLP273 T00060006,null
GEG,2024-12-19 11:53,32,32,100,0,0,0,30.28,1026.9,10,null,CLR,null,null,null,null,null,null,null,null,null,null,null,null,null,null,32,KGEG 191153Z 00000KT 10SM CLR 00/00 A3028 RMK AO2 SLP269 70019 T00000000 10044 20000 50000,null
GEG,2024-12-19 12:53,32,32,100,0,0,0,30.27,1026.5,10,null,CLR,null,null,null,null,null,null,null,null,null,null,null,null,null,null,32,KGEG 191253Z 00000KT 10SM CLR 00/00 A3027 RMK AO2 SLP265 T00000000,null
GEG,2024-12-19 13:53,32,32,100,40,4,0,30.28,1027.1,10,null,BKN,null,null,null,15000,null,null,null,null,null,null,null,null,null,null,27.42,KGEG 191353Z 04004KT 10SM BKN150 00/00 A3028 RMK AO2 SLP271 T00000000,null
GEG,2024-12-19 14:53,32,31,96.04,70,5,0,30.27,1026.6,10,null,FEW,BKN,BKN,null,12000,15000,19000,null,null,null,null,null,null,null,null,26.4,KGEG 191453Z 07005KT 10SM FEW120 BKN150 BKN190 00/M01 A3027 RMK AO2 SLP266 T00001006 58004,null
GEG,2024-12-19 15:53,32,31,96.04,50,7,0,30.27,1026.8,10,null,FEW,BKN,BKN,null,12000,15000,19000,null,null,null,null,null,null,null,null,24.78,KGEG 191553Z 05007KT 10SM FEW120 BKN150 BKN190 00/M01 A3027 RMK AO2 SLP268 T00001006,null
GEG,2024-12-19 16:53,33,31,92.25,60,6,0,30.28,1026.9,10,null,FEW,BKN,BKN,null,12000,16000,21000,null,null,null,null,null,null,null,null,26.73,KGEG 191653Z 06006KT 10SM FEW120 BKN160 BKN210 01/M01 A3028 RMK AO2 SLP269 T00061006,null
GEG,2024-12-19 17:53,34,33,96.08,50,6,0,30.28,1027.2,10,null,FEW,SCT,BKN,null,11000,18000,21000,null,null,null,null,null,null,null,null,27.94,KGEG 191753Z 05006KT 10SM FEW110 SCT180 BKN210 01/01 A3028 RMK AO2 SLP272 T00110006 10011 21006 53006,null
GEG,2024-12-19 18:53,37,34,88.78,60,6,0,30.25,1025.9,10,null,FEW,SCT,BKN,null,11000,18000,21000,null,null,null,null,null,null,null,null,31.55,KGEG 191853Z 06006KT 10SM FEW110 SCT180 BKN210 03/01 A3025 RMK AO2 SLP259 T00280011,null
GEG,2024-12-19 19:53,40,35,82.15,50,6,0,30.24,1025.6,10,null,FEW,FEW,BKN,OVC,11000,18000,21000,25000,null,null,null,null,null,null,null,35.17,KGEG 191953Z 05006KT 10SM FEW110 FEW180 BKN210 OVC250 04/02 A3024 RMK AO2 SLP256 T00440017,null
GEG,2024-12-19 20:53,39,34,82.08,30,6,0,30.22,1025.1,10,null,FEW,BKN,OVC,null,9500,14000,18000,null,null,null,null,null,null,null,null,33.96,KGEG 192053Z 03006KT 10SM FEW095 BKN140 OVC180 04/01 A3022 RMK AO2 SLP251 T00390011 56019,null
GEG,2024-12-19 21:53,40,35,82.15,50,6,0,30.21,1024.7,10,null,FEW,BKN,OVC,null,10000,14000,18000,null,null,null,null,null,null,null,null,35.17,KGEG 192153Z 05006KT 10SM FEW100 BKN140 OVC180 04/02 A3021 RMK AO2 SLP247 T00440017,null
GEG,2024-12-19 22:53,41,35,79.02,50,6,0,30.2,1024.4,10,null,BKN,BKN,null,null,8000,10000,null,null,null,null,null,null,null,null,null,36.37,KGEG 192253Z 05006KT 10SM BKN080 BKN100 05/02 A3020 RMK AO2 SLP244 T00500017,null
GEG,2024-12-19 23:53,40,35,82.15,70,7,0,30.2,1024.4,10,null,BKN,BKN,BKN,null,7000,12000,20000,null,null,null,null,null,null,null,null,34.53,KGEG 192353Z 07007KT 10SM BKN070 BKN120 BKN200 04/02 A3020 RMK AO2 SLP244 T00440017 10050 20011 56008,null
GEG,2024-12-20 0:53,39,34,82.08,40,6,0,30.18,1023.8,10,null,SCT,BKN,BKN,null,6500,12000,20000,null,null,null,null,null,null,null,null,33.96,KGEG 200053Z 04006KT 10SM SCT065 BKN120 BKN200 04/01 A3018 RMK AO2 SLP238 T00390011,null
GEG,2024-12-20 1:53,39,34,82.08,60,8,0,30.16,1022.9,10,null,SCT,SCT,BKN,null,6000,11000,18000,null,null,null,null,null,null,null,null,32.74,KGEG 200153Z 06008KT 10SM SCT060 SCT110 BKN180 04/01 A3016 RMK AO2 SLP229 T00390011,null
GEG,2024-12-20 2:53,38,33,82,60,6,0,30.14,1022.6,10,null,FEW,BKN,null,null,6000,14000,null,null,null,null,null,null,null,null,null,32.76,KGEG 200253Z 06006KT 10SM FEW060 BKN140 03/01 A3014 RMK AO2 SLP226 T00330006 56017,null
GEG,2024-12-20 3:53,38,33,82,60,8,0,30.12,1021.9,10,null,SCT,OVC,null,null,6000,11000,null,null,null,null,null,null,null,null,null,31.5,KGEG 200353Z 06008KT 10SM SCT060 OVC110 03/01 A3012 RMK AO2 SLP219 T00330006,null
GEG,2024-12-20 4:53,38,34,85.35,40,3,T,30.14,1022.2,10,null,BKN,OVC,null,null,5500,9000,null,null,#NAME?,null,null,null,null,null,null,35.55,KGEG 200453Z 04003KT 10SM -RA BKN055 OVC090 03/01 A3014 RMK AO2 RAB44 SLP222 P0000 T00330011,null
GEG,2024-12-20 5:53,37,35,92.39,30,5,0.01,30.14,1022.4,10,null,OVC,null,null,null,5500,null,null,null,#NAME?,null,null,null,null,null,null,32.33,KGEG 200553Z 03005KT 10SM -RA OVC055 03/02 A3014 RMK AO2 SLP224 P0001 60001 T00280017 10044 20028 55001,null
GEG,2024-12-20 6:53,38,34,85.35,60,8,T,30.11,1021.2,10,null,SCT,BKN,null,null,6000,9000,null,null,null,null,null,null,null,null,null,31.5,KGEG 200653Z 06008KT 10SM SCT060 BKN090 03/01 A3011 RMK AO2 RAE21 SLP212 P0000 T00330011,null
GEG,2024-12-20 7:53,37,35,92.39,0,0,0,30.11,1021,10,null,FEW,BKN,OVC,null,6000,9200,11000,null,null,null,null,null,null,null,null,37,KGEG 200753Z 00000KT 10SM FEW060 BKN092 OVC110 03/02 A3011 RMK AO2 SLP210 T00280017 400501006,null
GEG,2024-12-20 8:53,36,34,92.35,120,3,0,30.12,1021.4,10,null,BKN,null,null,null,9000,null,null,null,null,null,null,null,null,null,null,33.26,KGEG 200853Z 12003KT 10SM BKN090 02/01 A3012 RMK AO2 SLP214 60000 T00220011 55007,null
GEG,2024-12-20 9:53,34,33,96.08,30,6,0,30.13,1021.7,10,null,FEW,null,null,null,8000,null,null,null,null,null,null,null,null,null,null,27.94,KGEG 200953Z 03006KT 10SM FEW080 01/01 A3013 RMK AO2 SLP217 T00110006,null
GEG,2024-12-20 10:53,34,33,96.08,0,0,0,30.14,1022.2,10,null,FEW,null,null,null,10000,null,null,null,null,null,null,null,null,null,null,34,KGEG 201053Z 00000KT 10SM FEW100 01/01 A3014 RMK AO2 SLP222 T00110006,null
GEG,2024-12-20 11:53,33,32,96.06,50,3,0,30.16,1022.9,8,null,FEW,null,null,null,9000,null,null,null,null,null,null,null,null,null,null,29.83,KGEG 201153Z 05003KT 8SM FEW090 01/00 A3016 RMK AO2 SLP229 60000 70001 T00060000 10033 20000 53013,null
GEG,2024-12-20 12:53,34,33,96.08,0,0,0,30.15,1022.5,9,null,FEW,null,null,null,8000,null,null,null,null,null,null,null,null,null,null,34,KGEG 201253Z 00000KT 9SM FEW080 01/01 A3015 RMK AO2 SLP225 T00110006,null
GEG,2024-12-20 13:53,33,33,100,50,3,0,30.16,1023,6,null,FEW,null,null,null,8500,null,null,null,BR,null,null,null,null,null,null,29.83,KGEG 201353Z 05003KT 6SM BR FEW085 01/01 A3016 RMK AO2 SLP230 T00060006,null
GEG,2024-12-20 14:13,32,32,100,60,5,0,30.16,null,5,null,FEW,FEW,null,null,200,8500,null,null,BR,null,null,null,null,null,null,26.4,KGEG 201413Z 06005KT 5SM BR FEW002 FEW085 00/00 A3016 RMK AO2 VIS E 2 1/2 T00000000,null
GEG,2024-12-20 14:53,33,33,100,0,0,0,30.16,1023.1,5,null,FEW,BKN,null,null,200,8000,null,null,BR,0.01,0.01,null,null,null,null,33,KGEG 201453Z 00000KT 5SM R21/5500VP6000FT BR FEW002 BKN080 01/01 A3016 RMK AO2 SLP231 VIS N 2 1/2 I1001 I3001 T00060006 53000,null
GEG,2024-12-20 15:53,33,33,100,50,4,0,30.17,1023.3,0.5,null,SCT,BKN,BKN,null,200,8000,22000,null,BR,null,null,null,null,null,null,28.59,KGEG 201553Z 05004KT 1/2SM R21/P6000FT BR SCT002 BKN080 BKN220 01/01 A3017 RMK AO2 SFC VIS 2 SLP233 VIS N-NE 1 1/2 E 1 T00060006,null
GEG,2024-12-20 16:18,33,33,100,40,3,0,30.18,null,3,null,SCT,OVC,null,null,200,8000,null,null,BR,null,null,null,null,null,null,29.83,KGEG 201618Z 04003KT 3SM BR SCT002 OVC080 01/01 A3018 RMK AO2 TWR VIS 4+ VIS N 1 1/4 NE-E 2 T00060006,null
GEG,2024-12-20 16:51,33.8,33.8,100,70,7,0,30.18,null,0.5,null,FEW,BKN,BKN,null,200,8000,22000,null,BR,null,null,null,null,null,null,26.97,KGEG 201651Z 07007KT 1/2SM R21/P6000FT BR FEW002 BKN080 BKN220 01/01 A3018 RMK AO2 SFC VIS 2 VIS NE-E 1 1/2,null
GEG,2024-12-20 16:53,33,33,100,60,6,0,30.18,1023.8,0.5,null,FEW,BKN,BKN,null,200,8000,22000,null,BR,null,null,null,null,null,null,26.73,KGEG 201653Z 06006KT 1/2SM R21/P6000FT BR FEW002 BKN080 BKN220 01/01 A3018 RMK AO2 SFC VIS 2 SLP238 VIS NE-E 1 1/2 T00060006,null
GEG,2024-12-20 17:53,34,34,100,40,5,0,30.2,1024.5,1.5,null,SCT,BKN,BKN,null,200,8000,22000,null,BR,null,null,0.01,null,null,null,28.77,KGEG 201753Z 04005KT 1 1/2SM BR SCT002 BKN080 BKN220 01/01 A3020 RMK AO2 SFC VIS 3 SLP245 VIS NE-E 2 I6001 T00110011 10011 20000 53010,null
GEG,2024-12-20 18:21,35,34,96.09,50,5,0,30.2,null,2,null,FEW,OVC,null,null,300,6000,null,null,BR,null,null,null,null,null,null,29.96,KGEG 201821Z 05005KT 2SM BR FEW003 OVC060 02/01 A3020 RMK AO2 SFC VIS 4 T00170011,null
GEG,2024-12-20 18:53,36,34,92.35,40,5,0,30.18,1023.8,2,null,FEW,BKN,BKN,null,300,6500,22000,null,null,null,null,null,null,null,null,31.15,KGEG 201853Z 04005KT 2SM FEW003 BKN065 BKN220 02/01 A3018 RMK AO2 SFC VIS 7 SLP238 T00220011,null
GEG,2024-12-20 19:31,36,35,96.11,50,8,0,30.17,null,8,null,FEW,SCT,BKN,null,300,6500,9000,null,null,null,null,null,null,null,null,29.04,KGEG 201931Z 05008KT 8SM FEW003 SCT065 BKN090 02/02 A3017 RMK AO2 T00220017,null
GEG,2024-12-20 19:53,37,35,92.39,40,6,0,30.17,1023.3,8,null,FEW,SCT,BKN,null,300,6500,9000,null,null,null,null,null,null,null,null,31.55,KGEG 201953Z 04006KT 8SM FEW003 SCT065 BKN090 03/02 A3017 RMK AO2 SLP233 T00280017,null
GEG,2024-12-20 20:53,38,36,92.42,40,5,0,30.17,1023.1,10,null,FEW,SCT,OVC,null,300,6000,8500,null,null,null,null,null,null,null,null,33.52,KGEG 202053Z 04005KT 10SM FEW003 SCT060 OVC085 03/02 A3017 RMK AO2 SLP231 T00330022 56011,null
GEG,2024-12-20 21:53,38,36,92.42,30,6,0,30.17,1023.5,10,null,FEW,BKN,OVC,null,300,8000,11000,null,null,null,null,null,null,null,null,32.76,KGEG 202153Z 03006KT 10SM FEW003 BKN080 OVC110 03/02 A3017 RMK AO2 SLP235 T00330022,null
GEG,2024-12-20 22:53,38,36,92.42,50,11,0,30.14,1022.2,10,null,FEW,BKN,OVC,null,200,8500,11000,null,null,null,null,null,null,null,null,30.05,KGEG 202253Z 05011KT 10SM FEW002 BKN085 OVC110 03/02 A3014 RMK AO2 SLP222 VIRGA T00330022,null
GEG,2024-12-20 23:53,39,37,92.45,310,5,0,30.17,1023.4,10,null,SCT,OVC,null,null,8500,11000,null,null,null,null,null,null,null,null,null,34.71,KGEG 202353Z 31005KT 10SM SCT085 OVC110 04/03 A3017 RMK AO2 SLP234 VIRGA T00390028 10039 20011 53002,null
GEG,2024-12-21 0:53,38,36,92.42,20,3,0,30.17,1023.5,10,null,FEW,OVC,null,null,11000,15000,null,null,null,null,null,null,null,null,null,35.55,KGEG 210053Z 02003KT 10SM FEW110 OVC150 03/02 A3017 RMK AO2 SLP235 T00330022,null
GEG,2024-12-21 1:53,37,36,96.13,70,5,0,30.17,1023.3,10,null,OVC,null,null,null,14000,null,null,null,null,null,null,null,null,null,null,32.33,KGEG 210153Z 07005KT 10SM OVC140 03/02 A3017 RMK AO2 SLP233 T00280022,null
GEG,2024-12-21 2:53,37,35,92.39,10,6,0,30.15,1022.7,10,null,SCT,OVC,null,null,14000,20000,null,null,null,null,null,null,null,null,null,31.55,KGEG 210253Z 01006KT 10SM SCT140 OVC200 03/02 A3015 RMK AO2 SLP227 T00280017 58007,null
GEG,2024-12-21 3:53,37,36,96.13,70,4,0,30.13,1022,10,null,SCT,BKN,null,null,14000,20000,null,null,null,null,null,null,null,null,null,33.26,KGEG 210353Z 07004KT 10SM SCT140 BKN200 03/02 A3013 RMK AO2 SLP220 T00280022,null
GEG,2024-12-21 4:53,35,34,96.09,360,6,0,30.13,1022.2,10,null,BKN,null,null,null,17000,null,null,null,null,null,null,null,null,null,null,29.14,KGEG 210453Z 36006KT 10SM BKN170 02/01 A3013 RMK AO2 SLP222 T00170011,null
GEG,2024-12-21 5:53,34,34,100,30,3,0,30.13,1022.2,10,null,FEW,BKN,null,null,6000,18000,null,null,null,null,null,null,null,null,null,30.97,KGEG 210553Z 03003KT 10SM FEW060 BKN180 01/01 A3013 RMK AO2 SLP222 T00110011 10039 20011 56006,null
GEG,2024-12-21 6:53,34,34,100,40,5,0,30.12,1021.9,10,null,BKN,null,null,null,18000,null,null,null,null,null,null,null,null,null,null,28.77,KGEG 210653Z 04005KT 10SM BKN180 01/01 A3012 RMK AO2 SLP219 T00110011,null
GEG,2024-12-21 7:53,33,33,100,20,6,0,30.11,1021.2,6,null,FEW,null,null,null,18000,null,null,null,BR,null,null,null,null,null,null,26.73,KGEG 210753Z 02006KT 6SM BR FEW180 01/01 A3011 RMK AO2 SLP212 T00060006 400390000,null
GEG,2024-12-21 8:53,33,33,100,40,7,0,30.1,1021,8,null,FEW,null,null,null,12000,null,null,null,null,null,null,null,null,null,null,26,KGEG 210853Z 04007KT 8SM FEW120 01/01 A3010 RMK AO2 SLP210 T00060006 56009,null
GEG,2024-12-21 9:26,33,33,100,60,7,0,30.1,null,8,null,FEW,FEW,null,null,200,12000,null,null,null,null,null,null,null,null,null,26,KGEG 210926Z 06007KT 8SM FEW002 FEW120 01/01 A3010 RMK AO2 T00060006,null
GEG,2024-12-21 9:53,33,33,100,50,8,0,30.1,1020.8,6,null,BKN,null,null,null,300,null,null,null,BR,null,null,null,null,null,null,25.34,KGEG 210953Z 05008KT 6SM BR BKN003 01/01 A3010 RMK AO2 SLP208 T00060006,null
GEG,2024-12-21 9:56,33,33,100,50,10,0,30.09,null,1,null,BKN,null,null,null,300,null,null,null,BR,null,null,null,null,null,null,24.22,KGEG 210956Z 05010KT 1SM R21/P6000FT BR BKN003 01/01 A3009 RMK AO2 SFC VIS 5 T00060006,null
GEG,2024-12-21 10:10,33,33,100,50,9,0,30.1,null,0.5,null,OVC,null,null,null,200,null,null,null,FG,null,null,null,null,null,null,24.76,KGEG 211010Z 05009KT 1/2SM R21/3000VP6000FT FG OVC002 01/01 A3010 RMK AO2 T00060006,null
GEG,2024-12-21 10:18,33,33,100,50,8,0,30.1,null,0.25,null,VV ,null,null,null,200,null,null,null,FG,null,null,null,null,null,null,25.34,KGEG 211018Z 05008KT 1/4SM R21/2400V4000FT FG VV002 01/01 A3010 RMK AO2 SFC VIS 1/2 T00060006,null
GEG,2024-12-21 10:53,33,33,100,30,7,0,30.09,1020.5,0.25,null,VV ,null,null,null,200,null,null,null,FG,null,null,null,null,null,null,26,KGEG 211053Z 03007KT 1/4SM R21/1200V1800FT FG VV002 01/01 A3009 RMK AO2 SFC VIS 1/2 SLP205 T00060006,null
GEG,2024-12-21 11:11,33,33,100,40,7,0,30.09,null,0.25,null,VV ,null,null,null,200,null,null,null,FG,null,null,null,null,null,null,26,KGEG 211111Z 04007KT 1/4SM R21/1800V2800FT FG VV002 01/01 A3009 RMK AO2 T00060006,null
GEG,2024-12-21 11:39,33,33,100,60,6,0,30.08,null,0.25,null,VV ,null,null,null,200,null,null,null,FG,null,null,null,null,null,null,26.73,KGEG 211139Z 06006KT 1/4SM R21/1600V1800FT FG VV002 01/01 A3008 RMK AO2 T00060006,null
GEG,2024-12-21 11:53,33,33,100,60,7,0,30.08,1020.2,0.25,null,VV ,null,null,null,200,null,null,null,FG,null,null,null,null,null,null,26,KGEG 211153Z 06007KT 1/4SM R21/1400V1600FT FG VV002 01/01 A3008 RMK AO2 SLP202 T00060006 10017 20000 58007,null
GEG,2024-12-21 12:53,33,33,100,60,8,0,30.05,1019.2,0.25,null,VV ,null,null,null,200,null,null,null,FG,null,null,null,null,null,null,25.34,KGEG 211253Z 06008KT 1/4SM R21/0800V1000FT FG VV002 01/01 A3005 RMK AO2 SLP192 T00060006,null
GEG,2024-12-21 13:18,33,33,100,50,9,0,30.02,null,0.25,null,VV ,null,null,null,100,null,null,null,FG,null,null,null,null,null,null,24.76,KGEG 211318Z 05009KT 1/4SM R21/1000FT FG VV001 01/01 A3002 RMK AO2 T00060006,null
GEG,2024-12-21 13:30,33,33,100,60,10,0,30.02,null,0.12,null,VV ,null,null,null,100,null,null,null,FG,null,null,null,null,null,null,24.22,KGEG 211330Z 06010KT 1/8SM R21/0800V1000FT FG VV001 01/01 A3002 RMK AO2 TWR VIS 1/4 T00060006,null
GEG,2024-12-21 13:53,33,33,100,60,7,0,30.01,1018,0.12,null,VV ,null,null,null,100,null,null,null,FG,null,null,null,null,null,null,26,KGEG 211353Z 06007KT 1/8SM R21/0800V1000FT FG VV001 01/01 A3001 RMK AO2 TWR VIS 1/4 SLP180 T00060006,null
GEG,2024-12-21 14:53,33,33,100,50,8,0,29.98,1017,0.25,null,VV ,null,null,null,100,null,null,null,FG,null,null,null,null,null,null,25.34,KGEG 211453Z 05008KT 1/4SM R21/1200FT FG VV001 01/01 A2998 RMK AO2 SLP170 T00060006 56030,null
GEG,2024-12-21 15:53,32,32,100,50,7,0,29.97,1016.6,0.25,null,VV ,null,null,null,200,null,null,null,FG,null,null,null,null,null,null,24.78,KGEG 211553Z 05007KT 1/4SM R21/2000V3500FT FG VV002 00/00 A2997 RMK AO2 SLP166 T00000000,null
GEG,2024-12-21 16:53,32,32,100,40,7,0,29.96,1016.3,0.25,null,OVC,null,null,null,200,null,null,null,BR,T,null,null,null,null,null,24.78,KGEG 211653Z 04007KT 1/4SM R21/P6000FT BR OVC002 00/00 A2996 RMK AO2 SFC VIS 1 1/2 SLP163 I1000 T00000000,null
GEG,2024-12-21 17:37,34,34,100,360,8,0,29.96,null,6,null,BKN,OVC,null,null,400,9000,null,null,BR,null,null,null,null,null,null,26.58,KGEG 211737Z 36008KT 6SM BR BKN004 OVC090 01/01 A2996 RMK AO2 T00110011,null
GEG,2024-12-21 17:46,34,34,100,30,9,0,29.95,null,8,null,SCT,BKN,OVC,null,400,8500,11000,null,null,null,null,null,null,null,null,26,KGEG 211746Z 03009KT 8SM SCT004 BKN085 OVC110 01/01 A2995 RMK AO2 T00110011,null
GEG,2024-12-21 17:53,34,34,100,40,10,0,29.94,1015.6,8,null,SCT,BKN,OVC,null,400,8500,11000,null,null,null,null,T,null,null,null,25.48,KGEG 211753Z 04010KT 8SM SCT004 BKN085 OVC110 01/01 A2994 RMK AO2 SLP156 I6000 T00110011 10011 20000 58014,null
GEG,2024-12-21 18:53,35,34,96.09,40,6,0,29.93,1015.3,10,null,FEW,BKN,OVC,null,500,9000,11000,null,null,null,null,null,null,null,null,29.14,KGEG 211853Z 04006KT 10SM FEW005 BKN090 OVC110 02/01 A2993 RMK AO2 SLP153 T00170011,null
GEG,2024-12-21 19:53,36,35,96.11,60,4,0,29.91,1014.6,10,null,SCT,OVC,null,null,9000,11000,null,null,null,null,null,null,null,null,null,32.09,KGEG 211953Z 06004KT 10SM SCT090 OVC110 02/02 A2991 RMK AO2 SLP146 VIRGA T00220017,null
GEG,2024-12-21 20:53,37,35,92.39,130,3,T,29.9,1014.3,10,null,SCT,BKN,OVC,null,6500,8500,11000,null,#NAME?,null,null,null,null,null,null,34.4,KGEG 212053Z 13003KT 10SM -RA SCT065 BKN085 OVC110 03/02 A2990 RMK AO2 RAB34 SLP143 P0000 60000 T00280017 58011,null
GEG,2024-12-21 21:53,39,37,92.45,180,6,0.01,29.92,1014.7,8,null,BKN,BKN,OVC,null,5000,7500,11000,null,#NAME?,null,null,null,null,null,null,33.96,KGEG 212153Z 18006KT 8SM -RA BKN050 BKN075 OVC110 04/03 A2992 RMK AO2 SLP147 P0001 T00390028,null
GEG,2024-12-21 22:53,38,37,96.14,170,6,0.04,29.93,1015.1,5,null,BKN,OVC,null,null,3500,5000,null,null,#NAME?,null,null,null,null,null,null,32.76,KGEG 212253Z 17006KT 5SM -RA BR BKN035 OVC050 03/03 A2993 RMK AO2 SLP151 P0004 T00330028,null
GEG,2024-12-21 23:53,38,37,96.14,160,8,0.07,29.94,1015.4,4,null,SCT,OVC,null,null,2300,2900,null,null,#NAME?,null,null,null,null,null,null,31.5,KGEG 212353Z 16008KT 4SM -RA BR SCT023 OVC029 03/03 A2994 RMK AO2 SLP154 P0007 60012 T00330028 10044 20011 51011,null
GEG,2024-12-22 0:53,38,38,100,170,7,0.08,29.96,1016,3,null,FEW,SCT,OVC,null,1000,2000,3400,null,#NAME?,null,null,null,null,null,null,32.09,KGEG 220053Z 17007KT 3SM -RA FEW010 SCT020 OVC034 03/03 A2996 RMK AO2 SFC VIS 7 SLP160 P0008 T00330033,null
GEG,2024-12-22 1:53,39,38,96.16,200,9,0.01,29.97,1016.6,10,null,FEW,BKN,OVC,null,1000,5500,9000,null,#NAME?,null,null,null,null,null,null,32.22,KGEG 220153Z 20009KT 10SM -RA FEW010 BKN055 OVC090 04/03 A2997 RMK AO2 RAE15B33 SLP166 P0001 T00390033,null
GEG,2024-12-22 2:53,38,37,96.14,190,8,T,29.99,1017.2,10,18,SCT,BKN,BKN,null,1000,3800,11000,null,null,null,null,null,null,null,null,31.5,KGEG 220253Z 19008G18KT 10SM SCT010 BKN038 BKN110 03/03 A2999 RMK AO2 RAE11 SLP172 P0000 60009 T00330028 51016,null
GEG,2024-12-22 3:39,38,37,96.14,210,13,0,30.02,null,10,null,BKN,BKN,BKN,null,1000,4000,11000,null,null,null,null,null,null,null,null,29.26,KGEG 220339Z 21013KT 10SM BKN010 BKN040 BKN110 03/03 A3002 RMK AO2 T00330028,null
GEG,2024-12-22 3:53,38,37,96.14,220,12,0,30.02,1018.2,10,null,BKN,BKN,BKN,null,1000,4000,11000,null,null,null,null,null,null,null,null,29.64,KGEG 220353Z 22012KT 10SM BKN010 BKN040 BKN110 03/03 A3002 RMK AO2 SLP182 T00330028,null
GEG,2024-12-22 4:26,38,37,96.14,220,13,0,30.02,null,10,null,BKN,BKN,null,null,800,4000,null,null,null,null,null,null,null,null,null,29.26,KGEG 220426Z 22013KT 10SM BKN008 BKN040 03/03 A3002 RMK AO2 T00330028,null
GEG,2024-12-22 4:53,38,37,96.14,220,12,0,30.02,1018.4,9,null,BKN,OVC,null,null,500,1000,null,null,null,null,null,null,null,null,null,29.64,KGEG 220453Z 22012KT 9SM BKN005 OVC010 03/03 A3002 RMK AO2 SLP184 T00330028,null
GEG,2024-12-22 5:07,37,37,100,210,9,0,30.03,null,1,null,OVC,null,null,null,400,null,null,null,null,null,null,null,null,null,null,29.73,KGEG 220507Z 21009KT 1SM R21/P6000FT OVC004 03/03 A3003 RMK AO2 SFC VIS 8 T00280028,null
GEG,2024-12-22 5:36,37,37,100,230,8,0,30.05,null,0.5,null,OVC,null,null,null,300,null,null,null,BR,null,null,null,null,null,null,30.27,KGEG 220536Z 23008KT 1/2SM R21/P6000FT BR OVC003 03/03 A3005 RMK AO2 SFC VIS 5 T00280028,null
GEG,2024-12-22 5:53,37,37,100,240,8,0,30.05,1019.2,0.5,null,OVC,null,null,null,200,null,null,null,BR,null,null,null,null,null,null,30.27,KGEG 220553Z 24008KT 1/2SM R21/P6000FT BR OVC002 03/03 A3005 RMK AO2 SFC VIS 4 SLP192 60009 T00280028 10039 20028 51018,null
GEG,2024-12-22 6:53,36,36,100,230,5,0,30.07,1019.9,0.5,null,OVC,null,null,null,200,null,null,null,BR,null,null,null,null,null,null,31.15,KGEG 220653Z 23005KT 1/2SM R21/5500VP6000FT BR OVC002 02/02 A3007 RMK AO2 SFC VIS 2 SLP199 T00220022,null
GEG,2024-12-22 7:53,36,36,100,220,4,0,30.07,1020.1,0.5,null,OVC,null,null,null,200,null,null,null,BR,null,null,null,null,null,null,32.09,KGEG 220753Z 22004KT 1/2SM R21/P6000FT BR OVC002 02/02 A3007 RMK AO2 SFC VIS 1 1/2 SLP201 T00220022 400440000,null
GEG,2024-12-22 8:53,36,36,100,190,6,0,30.08,1020.1,0.5,null,SCT,OVC,null,null,200,300,null,null,BR,null,null,null,null,null,null,30.35,KGEG 220853Z 19006KT 1/2SM R21/P6000FT BR SCT002 OVC003 02/02 A3008 RMK AO2 SFC VIS 1 1/2 SLP201 T00220022 51009,null
GEG,2024-12-22 8:55,36,36,100,190,6,0,30.08,null,1,null,SCT,OVC,null,null,200,300,null,null,BR,null,null,null,null,null,null,30.35,KGEG 220855Z 19006KT 1SM R21/P6000FT BR SCT002 OVC003 02/02 A3008 RMK AO2 SFC VIS 1 1/2 T00220022,null
GEG,2024-12-22 9:53,36,36,100,200,4,0,30.09,1020.5,1,null,SCT,OVC,null,null,200,300,null,null,BR,null,null,null,null,null,null,32.09,KGEG 220953Z 20004KT 1SM R21/P6000FT BR SCT002 OVC003 02/02 A3009 RMK AO2 SFC VIS 1 3/4 SLP205 T00220022,null
GEG,2024-12-22 10:53,36,36,100,190,4,0,30.09,1020.7,0.5,null,VV ,null,null,null,200,null,null,null,FG,null,null,null,null,null,null,32.09,KGEG 221053Z 19004KT 1/2SM R21/4000V5000FT FG VV002 02/02 A3009 RMK AO2 SLP207 T00220022,null
GEG,2024-12-22 11:53,36,36,100,170,3,0,30.09,1020.5,0.25,null,VV ,null,null,null,200,null,null,null,FG,null,null,null,null,null,null,33.26,KGEG 221153Z 17003KT 1/4SM R21/5500VP6000FT FG VV002 02/02 A3009 RMK AO2 TWR VIS 1/2 SLP205 70021 T00220022 10028 20022 50004,null
GEG,2024-12-22 12:53,36,36,100,null,3,0,30.08,1020.2,0.25,null,VV ,null,null,null,200,null,null,null,FG,null,null,null,null,null,null,33.26,KGEG 221253Z VRB03KT 1/4SM R21/2400V6000FT FG VV002 02/02 A3008 RMK AO2 TWR VIS 1/2 SLP202 T00220022,null
GEG,2024-12-22 13:29,37,37,100,190,5,0,30.09,null,1,null,FEW,OVC,null,null,100,300,null,null,BR,null,null,null,null,null,null,32.33,KGEG 221329Z 19005KT 1SM R21/P6000FT BR FEW001 OVC003 03/03 A3009 RMK AO2 SFC VIS 1 1/2 T00280028,null
GEG,2024-12-22 13:39,37,37,100,170,5,0,30.09,null,2,null,FEW,OVC,null,null,100,300,null,null,BR,null,null,null,null,null,null,32.33,KGEG 221339Z 17005KT 2SM BR FEW001 OVC003 03/03 A3009 RMK AO2 T00280028,null
GEG,2024-12-22 13:53,37,37,100,180,5,0,30.08,1020,2,null,FEW,BKN,OVC,null,300,600,800,null,BR,null,null,null,null,null,null,32.33,KGEG 221353Z 18005KT 2SM BR FEW003 BKN006 OVC008 03/03 A3008 RMK AO2 SFC VIS 3 SLP200 T00280028,null
GEG,2024-12-22 14:27,37,37,100,170,4,0,30.08,null,5,null,FEW,BKN,OVC,null,400,1100,17000,null,BR,null,null,null,null,null,null,33.26,KGEG 221427Z 17004KT 5SM BR FEW004 BKN011 OVC170 03/03 A3008 RMK AO2 T00280028,null
GEG,2024-12-22 14:53,37,37,100,160,5,0,30.08,1020.2,5,null,FEW,BKN,OVC,null,700,1100,19000,null,BR,null,null,null,null,null,null,32.33,KGEG 221453Z 16005KT 5SM BR FEW007 BKN011 OVC190 03/03 A3008 RMK AO2 SLP202 T00280028 55002,null
GEG,2024-12-22 15:24,36,36,100,150,4,0,30.08,null,5,null,FEW,SCT,OVC,null,1100,14000,20000,null,BR,null,null,null,null,null,null,32.09,KGEG 221524Z 15004KT 5SM BR FEW011 SCT140 OVC200 02/02 A3008 RMK AO2 T00220022,null
GEG,2024-12-22 15:53,36,36,100,0,0,0,30.08,1020,5,null,FEW,SCT,BKN,OVC,300,1300,14000,20000,BR BCFG,null,null,null,null,null,null,36,KGEG 221553Z 00000KT 5SM R21/1600VP6000FT BR BCFG FEW003 SCT013 BKN140 OVC200 02/02 A3008 RMK AO2 SLP200 VIS N-E 1 T00220022,null
GEG,2024-12-22 16:23,36,36,100,80,3,0,30.08,null,1.5,null,BKN,BKN,OVC,null,800,1300,14000,null,BR,null,null,null,null,null,null,33.26,KGEG 221623Z 08003KT 1 1/2SM R21/1400V1600FT BR BKN008 BKN013 OVC140 02/02 A3008 RMK AO2 TWR VIS 4+ VIS NW-NE 3/4 T00220022,null
GEG,2024-12-22 16:37,37,37,100,0,0,0,30.09,null,1.5,null,BKN,BKN,OVC,null,800,1300,14000,null,BR,null,null,null,null,null,null,37,KGEG 221637Z 00000KT 1 1/2SM R21/1800V3500FT BR BKN008 BKN013 OVC140 03/03 A3009 RMK AO2 TWR VIS 4+ VIS W-N 1 T00280028,null
GEG,2024-12-22 16:53,37,37,100,60,3,0,30.08,1020.2,4,null,SCT,SCT,BKN,BKN,800,1200,14000,20000,BR BCFG,null,null,null,null,null,null,34.4,KGEG 221653Z COR 06003KT 4SM R21/3500VP6000FT BR BCFG SCT008 SCT012 BKN140 BKN200 03/03 A3008 RMK AO2 SLP202 VIS W-N-NE 1 T00280028,null
GEG,2024-12-22 17:28,38,38,100,50,4,0,30.09,null,5,null,FEW,FEW,BKN,null,300,1200,14000,null,BR BCFG,null,null,null,null,null,null,34.43,KGEG 221728Z 05004KT 5SM R21/1400V2000FT BR BCFG FEW003 FEW012 BKN140 03/03 A3009 RMK AO2 VIS NE 2 NW-N 3/4 T00330033,null
GEG,2024-12-22 17:40,38,38,100,70,3,0,30.09,null,5,null,FEW,FEW,BKN,null,300,1200,14000,null,BR BCFG,null,null,null,null,null,null,35.55,KGEG 221740Z 07003KT 5SM R21/1600V4000FT BR BCFG FEW003 FEW012 BKN140 03/03 A3009 RMK AO2 VIS NW-NE 1 T00330033,null
GEG,2024-12-22 17:53,38,38,100,60,3,0,30.08,1020.2,6,null,FEW,FEW,BKN,null,200,1500,14000,null,BR BCFG,null,null,null,null,null,null,35.55,KGEG 221753Z 06003KT 6SM R21/2000V3500FT BR BCFG FEW002 FEW015 BKN140 03/03 A3008 RMK AO2 SLP202 VIS NW-NE 1 1/2 T00330033 10033 20022 55000,null
GEG,2024-12-22 18:53,38,38,100,70,4,0,30.07,1019.8,0.5,null,BKN,BKN,OVC,null,200,13000,20000,null,BR BCFG,null,null,null,null,null,null,34.43,KGEG 221853Z 07004KT 1/2SM R21/P6000FT BR BCFG BKN002 BKN130 OVC200 03/03 A3007 RMK AO2 SFC VIS 4 SLP198 VIS NW-NE-E 1 T00330033,null
GEG,2024-12-22 19:53,39,39,100,30,4,0,30.05,1019.2,0.5,null,SCT,SCT,OVC,null,200,12000,20000,null,BR,null,null,null,null,null,null,35.59,KGEG 221953Z 03004KT 1/2SM R21/P6000FT BR SCT002 SCT120 OVC200 04/04 A3005 RMK AO2 SFC VIS 1 1/2 SLP192 VIS NW-N 3/4 T00390039,null
GEG,2024-12-22 20:34,40,39,96.18,60,4,0,30.04,null,1,null,SCT,BKN,BKN,OVC,200,600,12000,20000,BR,null,null,null,null,null,null,36.76,KGEG 222034Z 06004KT 1SM R21/P6000FT BR SCT002 BKN006 BKN120 OVC200 04/04 A3004 RMK AO2 SFC VIS 3 VIS NW-NE 2 T00440039,null
GEG,2024-12-22 20:53,41,40,96.19,50,4,0,30.04,1018.7,2,null,FEW,SCT,BKN,OVC,200,600,9000,20000,BR,null,null,null,null,null,null,37.93,KGEG 222053Z 05004KT 2SM BR FEW002 SCT006 BKN090 OVC200 05/04 A3004 RMK AO2 SFC VIS 3 SLP187 T00500044 56013,null
GEG,2024-12-22 21:32,41,40,96.19,30,4,0,30.03,null,5,null,SCT,BKN,BKN,null,500,8000,12000,null,BR,null,null,null,null,null,null,37.93,KGEG 222132Z 03004KT 5SM BR SCT005 BKN080 BKN120 05/04 A3003 RMK AO2 T00500044,null
GEG,2024-12-22 21:53,41,40,96.19,50,6,0,30.02,1018.1,5,null,FEW,SCT,BKN,BKN,500,1300,8000,18000,BR,null,null,null,null,null,null,36.37,KGEG 222153Z 05006KT 5SM BR FEW005 SCT013 BKN080 BKN180 05/04 A3002 RMK AO2 SLP181 T00500044,null
GEG,2024-12-22 22:53,41,40,96.19,50,6,0,30.02,1017.8,4,null,FEW,SCT,BKN,OVC,500,8000,9500,15000,BR,null,null,null,null,null,null,36.37,KGEG 222253Z 05006KT 4SM BR FEW005 SCT080 BKN095 OVC150 05/04 A3002 RMK AO2 SLP178 T00500044,null
GEG,2024-12-22 23:20,41,40,96.19,50,7,0,30.01,null,2,null,BKN,OVC,null,null,300,8000,null,null,BR,null,null,null,null,null,null,35.75,KGEG 222320Z 05007KT 2SM BR BKN003 OVC080 05/04 A3001 RMK AO2 SFC VIS 3 T00500044,null
GEG,2024-12-22 23:47,41,39.2,93.24,50,5,0,30.02,null,1,null,BKN,OVC,null,null,300,800,null,null,BR,null,null,null,null,null,null,37.08,KGEG 222347Z 05005KT 1SM R21/P6000FT BR BKN003 OVC008 05/04 A3002 RMK AO2 SFC VIS 3,null
GEG,2024-12-22 23:53,40,40,100,50,5,0,30.02,1018.1,1.25,null,BKN,OVC,null,null,300,800,null,null,BR,null,null,null,null,null,null,35.9,KGEG 222353Z 05005KT 1 1/4SM BR BKN003 OVC008 04/04 A3002 RMK AO2 SFC VIS 3 SLP181 T00440044 10056 20033 55007,null
GEG,2024-12-23 0:44,40,40,100,40,5,T,30.03,null,4,null,SCT,OVC,null,null,300,7500,null,null,#NAME?,null,null,null,null,null,null,35.9,KGEG 230044Z 04005KT 4SM -RA BR SCT003 OVC075 04/04 A3003 RMK AO2 RAB43 P0000 T00440044,null
GEG,2024-12-23 0:53,40,40,100,60,5,T,30.03,1018.2,4,null,SCT,OVC,null,null,300,7500,null,null,#NAME?,null,null,null,null,null,null,35.9,KGEG 230053Z 06005KT 4SM -RA BR SCT003 OVC075 04/04 A3003 RMK AO2 RAB43 SLP182 P0000 T00440044,null
GEG,2024-12-23 1:53,39,39,100,60,5,T,30.02,1017.9,4,null,FEW,SCT,OVC,null,300,500,8000,null,#NAME?,null,null,null,null,null,null,34.71,KGEG 230153Z 06005KT 4SM -DZ BR FEW003 SCT005 OVC080 04/04 A3002 RMK AO2 RAE46DZB46 SLP179 P0000 T00390039,null
GEG,2024-12-23 2:53,39,39,100,80,4,T,30.01,1017.8,5,null,SCT,BKN,OVC,null,300,3500,7000,null,BR,null,null,null,null,null,null,35.59,KGEG 230253Z 08004KT 5SM BR SCT003 BKN035 OVC070 04/04 A3001 RMK AO2 DZE49 SLP178 P0000 60000 T00390039 58003,null
GEG,2024-12-23 3:53,39,39,100,60,4,0,30,1017.4,5,null,SCT,BKN,OVC,null,200,3900,5000,null,BR BCFG,null,null,null,null,null,null,35.59,KGEG 230353Z 06004KT 5SM BR BCFG SCT002 BKN039 OVC050 04/04 A3000 RMK AO2 SLP174 VIS N 2 SW-W 1 T00390039,null
GEG,2024-12-23 4:53,39,39,100,100,4,T,30,1017.3,5,null,BKN,OVC,null,null,3000,3500,null,null,#NAME?,null,null,null,null,null,null,35.59,KGEG 230453Z 10004KT 5SM -RA BR BKN030 OVC035 04/04 A3000 RMK AO2 RAB43 SLP173 P0000 T00390039,null
GEG,2024-12-23 5:43,40,39,96.18,140,4,0.07,30.01,null,5,null,FEW,BKN,OVC,null,500,2500,3000,null,RA BR,null,null,null,null,null,null,36.76,KGEG 230543Z 14004KT 5SM RA BR FEW005 BKN025 OVC030 04/04 A3001 RMK AO2 P0007 T00440039,null
GEG,2024-12-23 5:53,40,40,100,140,4,0.1,30.01,1017.4,4,null,FEW,BKN,OVC,null,500,2500,3000,null,RA BR,null,null,null,null,null,null,36.76,KGEG 230553Z 14004KT 4SM RA BR FEW005 BKN025 OVC030 04/04 A3001 RMK AO2 SLP174 P0010 60010 T00440044 10044 20039 55002,null
GEG,2024-12-23 6:32,40,40,100,120,4,0.06,30.01,null,6,null,SCT,OVC,null,null,2300,3200,null,null,#NAME?,null,null,null,null,null,null,36.76,KGEG 230632Z 12004KT 6SM -RA BR SCT023 OVC032 04/04 A3001 RMK AO2 P0006 T00440044,null
GEG,2024-12-23 6:53,40,40,100,110,5,0.08,30.01,1017.4,6,null,FEW,SCT,OVC,null,1000,2100,3200,null,#NAME?,null,null,null,null,null,null,35.9,KGEG 230653Z 11005KT 6SM -RA BR FEW010 SCT021 OVC032 04/04 A3001 RMK AO2 SLP174 P0008 T00440044,null
GEG,2024-12-23 7:12,40,40,100,110,6,0.02,30,null,8,null,FEW,FEW,OVC,null,600,2000,4500,null,#NAME?,null,null,null,null,null,null,35.17,KGEG 230712Z 11006KT 8SM -RA FEW006 FEW020 OVC045 04/04 A3000 RMK AO2 P0002 T00440044,null
GEG,2024-12-23 7:53,41,41,100,140,6,0.02,29.99,1016.8,2.5,null,FEW,BKN,OVC,null,600,2500,3300,null,#NAME?,null,null,null,null,null,null,36.37,KGEG 230753Z 14006KT 2 1/2SM -RA BR FEW006 BKN025 OVC033 05/05 A2999 RMK AO2 SFC VIS 4 SLP168 VIS SW-NW 2 1/2 P0002 T00500050 400560022,null
GEG,2024-12-23 8:07,41,41,100,150,6,T,29.99,null,1.75,null,FEW,SCT,OVC,null,500,2100,2500,null,#NAME?,null,null,null,null,null,null,36.37,KGEG 230807Z 15006KT 1 3/4SM -DZ BR FEW005 SCT021 OVC025 05/05 A2999 RMK AO2 TWR VIS 2 1/2 RAE06DZB06 P0000 T00500050,null
GEG,2024-12-23 8:45,42,41,96.21,150,6,0.01,29.99,null,2.5,null,BKN,OVC,null,null,700,1400,null,null,#NAME?,null,null,null,null,null,null,37.57,KGEG 230845Z 15006KT 2 1/2SM -DZ BR BKN007 OVC014 06/05 A2999 RMK AO2 SFC VIS 5 RAE06DZB06 P0001 T00560050,null
GEG,2024-12-23 8:53,42,41,96.21,160,7,0.01,29.99,1016.6,2.5,null,BKN,OVC,null,null,700,1400,null,null,#NAME?,null,null,null,null,null,null,36.97,KGEG 230853Z 16007KT 2 1/2SM -DZ BR BKN007 OVC014 06/05 A2999 RMK AO2 SFC VIS 5 RAE06DZB06 SLP166 P0001 60011 T00560050 57005,null
GEG,2024-12-23 9:14,42,41,96.21,150,10,T,29.99,null,7,null,FEW,OVC,null,null,300,1100,null,null,null,null,null,null,null,null,null,35.51,KGEG 230914Z 15010KT 7SM FEW003 OVC011 06/05 A2999 RMK AO2 DZE03 P0000 T00560050,null
GEG,2024-12-23 9:53,42,41,96.21,150,8,T,30,1016.8,7,null,FEW,OVC,null,null,300,1100,null,null,null,null,null,null,null,null,null,36.43,KGEG 230953Z 15008KT 7SM FEW003 OVC011 06/05 A3000 RMK AO2 DZE03 SLP168 P0000 T00560050,null
GEG,2024-12-23 10:00,42,41,96.21,160,7,0,30,null,10,null,BKN,BKN,OVC,null,700,1100,3000,null,null,null,null,null,null,null,null,36.97,KGEG 231000Z 16007KT 10SM BKN007 BKN011 OVC030 06/05 A3000 RMK AO2 T00560050,null
GEG,2024-12-23 10:53,42,42,100,180,4,0,30.02,1017.6,7,null,BKN,OVC,null,null,700,1200,null,null,null,null,null,null,null,null,null,39.1,KGEG 231053Z 18004KT 7SM BKN007 OVC012 06/06 A3002 RMK AO2 SLP176 T00560056,null
GEG,2024-12-23 11:53,42,42,100,170,6,0,30.04,1018.3,7,null,BKN,OVC,null,null,800,1200,null,null,null,null,null,null,null,null,null,37.57,KGEG 231153Z 17006KT 7SM BKN008 OVC012 06/06 A3004 RMK AO2 SLP183 60011 70021 T00560056 10056 20044 53015,null
GEG,2024-12-23 12:00,42,42,100,170,5,0,30.04,null,10,null,FEW,OVC,null,null,600,1500,null,null,null,null,null,null,null,null,null,38.27,KGEG 231200Z 17005KT 10SM FEW006 OVC015 06/06 A3004 RMK AO2 T00560056,null
GEG,2024-12-23 12:23,42,42,100,170,5,0,30.04,null,10,null,OVC,null,null,null,1100,null,null,null,null,null,null,null,null,null,null,38.27,KGEG 231223Z 17005KT 10SM OVC011 06/06 A3004 RMK AO2 T00560056,null
GEG,2024-12-23 12:53,42,41,96.21,200,7,0,30.06,1019,10,null,OVC,null,null,null,1100,null,null,null,null,null,null,null,null,null,null,36.97,KGEG 231253Z 20007KT 10SM OVC011 06/05 A3006 RMK AO2 SLP190 T00560050,null
GEG,2024-12-23 13:15,42,42,100,190,5,0,30.06,null,10,null,BKN,OVC,null,null,900,1400,null,null,null,null,null,null,null,null,null,38.27,KGEG 231315Z 19005KT 10SM BKN009 OVC014 06/06 A3006 RMK AO2 CIG 007V011 T00560056,null
GEG,2024-12-23 13:53,42,42,100,210,9,0,30.07,1019.6,6,null,OVC,null,null,null,500,null,null,null,BR,null,null,null,null,null,null,35.95,KGEG 231353Z 21009KT 6SM BR OVC005 06/06 A3007 RMK AO2 SLP196 T00560056,null
GEG,2024-12-23 14:04,42,42,100,210,10,0,30.08,null,3,null,OVC,null,null,null,400,null,null,null,BR,null,null,null,null,null,null,35.51,KGEG 231404Z 21010KT 3SM BR OVC004 06/06 A3008 RMK AO2 SFC VIS 4 T00560056,null
GEG,2024-12-23 14:16,41,41,100,210,10,0,30.08,null,0.5,19,OVC,null,null,null,200,null,null,null,BR,null,null,null,null,null,null,34.25,KGEG 231416Z 21010G19KT 1/2SM R21/P6000FT BR OVC002 05/05 A3008 RMK AO2 SFC VIS 1 T00500050,null
GEG,2024-12-23 14:53,40,40,100,200,11,0,30.08,1020,0.5,null,VV ,null,null,null,200,null,null,null,FG,null,null,null,null,null,null,32.58,KGEG 231453Z 20011KT 1/2SM R21/P6000FT FG VV002 04/04 A3008 RMK AO2 SLP200 VIS NW-N 1 T00440044 51015,null
GEG,2024-12-23 15:28,40,40,100,200,8,0,30.1,null,0.25,null,VV ,null,null,null,200,null,null,null,BR,null,null,null,null,null,null,33.97,KGEG 231528Z 20008KT 1/4SM R21/P6000FT BR VV002 04/04 A3010 RMK AO2 SFC VIS 1 T00440044,null
GEG,2024-12-23 15:53,39,39,100,230,12,0,30.12,1021.3,0.25,null,VV ,null,null,null,200,null,null,null,FG,null,null,null,null,null,null,30.91,KGEG 231553Z COR 23012KT 1/4SM R21/P6000FT FG VV002 04/04 A3012 RMK AO2 SFC VIS 1/2 SLP213 VIS NW-N 1 T00390039,null
GEG,2024-12-23 16:53,38,38,100,200,4,0,30.13,1021.7,0.25,null,VV ,null,null,null,200,null,null,null,FG,null,null,null,null,null,null,34.43,KGEG 231653Z 20004KT 1/4SM R21/P6000FT FG VV002 03/03 A3013 RMK AO2 SLP217 VIS N 1 NE 1/2 T00330033,null
GEG,2024-12-23 17:41,39,39,100,210,7,0,30.14,null,1,null,OVC,null,null,null,400,null,null,null,BR,null,null,null,null,null,null,33.31,KGEG 231741Z 21007KT 1SM R21/P6000FT BR OVC004 04/04 A3014 RMK AO2 TWR VIS 1 1/2 CIG 002V007 T00390039,null
GEG,2024-12-23 17:53,39,38,96.16,190,7,0,30.14,1022,1,null,OVC,null,null,null,500,null,null,null,BR,null,null,null,null,null,null,33.31,KGEG 231753Z 19007KT 1SM R21/P6000FT BR OVC005 04/03 A3014 RMK AO2 TWR VIS 1 1/2 CIG 002V008 SLP220 T00390033 10056 20033 51018,null
GEG,2024-12-23 18:23,39,39,100,210,9,0,30.14,null,1.5,null,OVC,null,null,null,400,null,null,null,BR,null,null,null,null,null,null,32.22,KGEG 231823Z 21009KT 1 1/2SM BR OVC004 04/04 A3014 RMK AO2 SFC VIS 2 CIG 003V007 T00390039,null
GEG,2024-12-23 18:53,39,38,96.16,180,10,0,30.14,1022.1,1,15,OVC,null,null,null,400,null,null,null,BR,null,null,null,null,null,null,31.75,KGEG 231853Z 18010G15KT 1SM R21/P6000FT BR OVC004 04/03 A3014 RMK AO2 TWR VIS 1 1/2 SLP221 T00390033,null
GEG,2024-12-23 19:03,39,38,96.16,200,8,0,30.15,null,2,null,BKN,OVC,null,null,300,700,null,null,BR,null,null,null,null,null,null,32.74,KGEG 231903Z 20008KT 2SM BR BKN003 OVC007 04/03 A3015 RMK AO2 SFC VIS 3 CIG 002V006 T00390033,null
GEG,2024-12-23 19:12,39,38,96.16,210,9,0,30.15,null,2,null,OVC,null,null,null,500,null,null,null,BR,null,null,null,null,null,null,32.22,KGEG 231912Z 21009KT 2SM BR OVC005 04/03 A3015 RMK AO2 SFC VIS 3 CIG 003V008 T00390033,null
GEG,2024-12-23 19:14,39,38,96.16,210,8,0,30.16,null,3,null,OVC,null,null,null,500,null,null,null,BR,null,null,null,null,null,null,32.74,KGEG 231914Z 21008KT 3SM BR OVC005 04/03 A3016 RMK AO2 SFC VIS 4 CIG 003V008 T00390033,null
GEG,2024-12-23 19:53,40,38,92.49,210,9,0,30.17,1022.9,5,null,OVC,null,null,null,600,null,null,null,BR,null,null,null,null,null,null,33.46,KGEG 231953Z 21009KT 5SM BR OVC006 04/03 A3017 RMK AO2 SLP229 VIRGA T00440033,null
GEG,2024-12-23 20:53,41,39,92.52,210,7,0,30.17,1022.6,10,null,FEW,OVC,null,null,400,800,null,null,null,null,null,null,null,null,null,35.75,KGEG 232053Z 21007KT 10SM FEW004 OVC008 05/04 A3017 RMK AO2 SLP226 VIRGA T00500039 50007,null
GEG,2024-12-23 21:29,42,39,89.01,180,4,0,30.16,null,10,null,SCT,BKN,BKN,null,700,1000,5000,null,null,null,null,null,null,null,null,39.1,KGEG 232129Z 18004KT 10SM SCT007 BKN010 BKN050 06/04 A3016 RMK AO2 T00560039,null
GEG,2024-12-23 21:53,42,39,89.01,160,3,0,30.15,1022.2,10,null,FEW,SCT,BKN,BKN,700,1000,5000,25000,null,null,null,null,null,null,null,40.12,KGEG 232153Z 16003KT 10SM FEW007 SCT010 BKN050 BKN250 06/04 A3015 RMK AO2 SLP222 VIRGA T00560039,null
GEG,2024-12-23 22:28,42,39,89.01,null,5,0,30.16,null,10,null,FEW,BKN,BKN,BKN,700,1000,5000,25000,null,null,null,null,null,null,null,38.27,KGEG 232228Z VRB05KT 10SM FEW007 BKN010 BKN050 BKN250 06/04 A3016 RMK AO2 T00560039,null
GEG,2024-12-23 22:53,42,39,89.01,150,5,0,30.17,1022.8,10,null,FEW,BKN,BKN,BKN,700,1000,5000,20000,null,null,null,null,null,null,null,38.27,KGEG 232253Z 15005KT 10SM FEW007 BKN010 BKN050 BKN200 06/04 A3017 RMK AO2 SLP228 VIRGA T00560039,null
GEG,2024-12-23 23:39,42,39,89.01,0,0,0,30.15,null,10,null,SCT,BKN,null,null,1500,20000,null,null,null,null,null,null,null,null,null,42,KGEG 232339Z 00000KT 10SM SCT015 BKN200 06/04 A3015 RMK AO2 T00560039,null
GEG,2024-12-23 23:53,42,39,89.01,0,0,0,30.15,1022.3,10,null,SCT,BKN,null,null,1700,20000,null,null,null,null,null,null,null,null,null,42,KGEG 232353Z 00000KT 10SM SCT017 BKN200 06/04 A3015 RMK AO2 SLP223 T00560039 10061 20033 58003,null
GEG,2024-12-24 0:53,40,39,96.18,0,0,0,30.16,1022.4,10,null,SCT,SCT,BKN,null,2000,15000,20000,null,null,null,null,null,null,null,null,40,KGEG 240053Z 00000KT 10SM SCT020 SCT150 BKN200 04/04 A3016 RMK AO2 SLP224 T00440039,null
GEG,2024-12-24 1:53,38,38,100,60,3,0,30.15,1022.3,10,null,FEW,FEW,OVC,null,2000,15000,22000,null,null,null,null,null,null,null,null,35.55,KGEG 240153Z 06003KT 10SM FEW020 FEW150 OVC220 03/03 A3015 RMK AO2 SLP223 T00330033,null
GEG,2024-12-24 2:34,38,38,100,70,7,0,30.14,null,1.5,null,SCT,BKN,null,null,200,20000,null,null,BR,null,null,null,null,null,null,32.09,KGEG 240234Z COR 07007KT 1 1/2SM BR SCT002 BKN200 03/03 A3014 RMK AO2 SFC VIS 3 VIS N-NE 1 1/2 T00330033,null
GEG,2024-12-24 2:40,38,38,100,60,7,0,30.13,null,1.5,null,BKN,BKN,null,null,300,20000,null,null,BR,null,null,null,null,null,null,32.09,KGEG 240240Z 06007KT 1 1/2SM BR BKN003 BKN200 03/03 A3013 RMK AO2 SFC VIS 2 T00330033,null
GEG,2024-12-24 2:53,38,38,100,70,6,0,30.14,1021.9,1.5,null,BKN,BKN,null,null,300,20000,null,null,BR,null,null,null,null,null,null,32.76,KGEG 240253Z 07006KT 1 1/2SM BR BKN003 BKN200 03/03 A3014 RMK AO2 SFC VIS 2 SLP219 T00330033 58006,null
GEG,2024-12-24 3:28,38,38,100,70,8,0,30.12,null,0.5,null,FEW,OVC,null,null,100,200,null,null,BR,null,null,null,null,null,null,31.5,KGEG 240328Z 07008KT 1/2SM R21/4000VP6000FT BR FEW001 OVC002 03/03 A3012 RMK AO2 SFC VIS 1 T00330033,null
GEG,2024-12-24 3:53,38,38,100,60,8,0,30.11,1020.9,2,null,SCT,BKN,null,null,200,16000,null,null,BR,null,null,null,null,null,null,31.5,KGEG 240353Z 06008KT 2SM R21/3500VP6000FT BR SCT002 BKN160 03/03 A3011 RMK AO2 SFC VIS 3 SLP209 VIS N 1 T00330033,null
GEG,2024-12-24 4:42,38,38,100,60,8,0,30.09,null,3,null,SCT,OVC,null,null,200,14000,null,null,BR,null,null,null,null,null,null,31.5,KGEG 240442Z 06008KT 3SM BR SCT002 OVC140 03/03 A3009 RMK AO2 T00330033,null
GEG,2024-12-24 4:53,38,38,100,70,8,0,30.08,1020.1,3,null,SCT,OVC,null,null,200,14000,null,null,BR,null,null,null,null,null,null,31.5,KGEG 240453Z 07008KT 3SM BR SCT002 OVC140 03/03 A3008 RMK AO2 SLP201 T00330033,null
GEG,2024-12-24 5:53,39,38,96.16,60,7,0,30.07,1019.6,9,null,OVC,null,null,null,10000,null,null,null,null,null,null,null,null,null,null,33.31,KGEG 240553Z 06007KT 9SM OVC100 04/03 A3007 RMK AO2 SLP196 T00390033 10056 20033 56021,null
GEG,2024-12-24 6:53,41,37,85.54,90,15,T,29.96,1015.8,10,23,OVC,null,null,null,12000,null,null,null,null,null,null,null,27,80,2024-12-24 6:13,32.45,KGEG 240653Z 09015G23KT 10SM OVC120 05/03 A2996 RMK AO2 PK WND 08027/0613 RAB17E33 SLP158 P0000 T00500028,null
GEG,2024-12-24 7:53,41,37,85.54,70,13,0,29.9,1013.7,10,20,SCT,BKN,OVC,null,13000,15000,18000,null,null,null,null,null,null,null,null,33.1,KGEG 240753Z 07013G20KT 10SM SCT130 BKN150 OVC180 05/03 A2990 RMK AO2 SLP137 T00500028 400610033,null
GEG,2024-12-24 8:53,41,36,82.22,80,4,0,29.88,1013,10,null,SCT,OVC,null,null,11000,12000,null,null,null,null,null,null,null,null,null,37.93,KGEG 240853Z 08004KT 10SM SCT110 OVC120 05/02 A2988 RMK AO2 SLP130 60000 T00500022 56059,null
GEG,2024-12-24 9:53,41,37,85.54,50,6,T,29.87,1012.3,10,null,SCT,BKN,OVC,null,5500,7500,8500,null,null,null,null,null,null,null,null,36.37,KGEG 240953Z 05006KT 10SM SCT055 BKN075 OVC085 05/03 A2987 RMK AO2 RAB24E52 SLP123 P0000 T00500028,null
GEG,2024-12-24 10:53,41,36,82.22,0,0,0,29.86,1012.2,10,null,FEW,BKN,OVC,null,7500,9000,11000,null,null,null,null,null,null,null,null,41,KGEG 241053Z 00000KT 10SM FEW075 BKN090 OVC110 05/02 A2986 RMK AO2 SLP122 T00500022,null
GEG,2024-12-24 11:53,39,38,96.16,40,3,0.05,29.86,1012.4,7,null,OVC,null,null,null,3700,null,null,null,#NAME?,null,null,null,null,null,null,36.69,KGEG 241153Z 04003KT 7SM -RA OVC037 04/03 A2986 RMK AO2 RAB16 SLP124 P0005 60005 70005 T00390033 10050 20033 55006,null
GEG,2024-12-24 12:35,39,39,100,70,4,0.1,29.88,null,3,null,OVC,null,null,null,2900,null,null,null,RA BR,null,null,null,null,null,null,35.59,KGEG 241235Z 07004KT 3SM RA BR OVC029 04/04 A2988 RMK AO2 TWR VIS 4+ P0010 T00390039,null
GEG,2024-12-24 12:53,39,38,96.16,100,4,0.15,29.88,1013.1,3,null,BKN,OVC,null,null,2600,3500,null,null,RA BR,null,null,null,null,null,null,35.59,KGEG 241253Z 10004KT 3SM R21/4500VP6000FT RA BR BKN026 OVC035 04/03 A2988 RMK AO2 SLP131 TWR VIS 4+ P0015 T00390033,null
GEG,2024-12-24 13:43,40,39,96.18,100,7,0.05,29.86,null,4,null,FEW,BKN,OVC,null,2500,3000,3700,null,#NAME?,null,null,null,null,null,null,34.53,KGEG 241343Z 10007KT 4SM -RA BR FEW025 BKN030 OVC037 04/04 A2986 RMK AO2 P0005 T00440039,null
GEG,2024-12-24 13:53,40,39,96.18,100,7,0.06,29.86,1012.4,4,null,SCT,OVC,null,null,3100,3700,null,null,#NAME?,null,null,null,null,null,null,34.53,KGEG 241353Z 10007KT 4SM -RA BR SCT031 OVC037 04/04 A2986 RMK AO2 SLP124 P0006 T00440039,null
GEG,2024-12-24 14:53,40,39,96.18,120,7,0.02,29.84,1011.5,6,null,BKN,OVC,null,null,5000,7000,null,null,#NAME?,null,null,null,null,null,null,34.53,KGEG 241453Z 12007KT 6SM -RA BR BKN050 OVC070 04/04 A2984 RMK AO2 SLP115 P0002 60023 T00440039 58009,null
GEG,2024-12-24 15:53,41,40,96.19,150,5,0.02,29.83,1011.1,6,null,FEW,BKN,OVC,null,3000,4000,5000,null,#NAME?,null,null,null,null,null,null,37.08,KGEG 241553Z 15005KT 6SM -RA BR FEW030 BKN040 OVC050 05/04 A2983 RMK AO2 SLP111 P0002 T00500044,null
GEG,2024-12-24 16:53,42,41,96.21,170,4,0.04,29.82,1011,7,null,BKN,OVC,null,null,3700,4500,null,null,#NAME?,null,null,null,null,null,null,39.1,KGEG 241653Z 17004KT 7SM -RA BKN037 OVC045 06/05 A2982 RMK AO2 SLP110 P0004 T00560050,null
GEG,2024-12-24 17:35,42,42,100,150,3,0.01,29.84,null,6,null,BKN,BKN,OVC,null,1700,2500,3700,null,#NAME?,null,null,null,null,null,null,40.12,KGEG 241735Z 15003KT 6SM -RA BR BKN017 BKN025 OVC037 06/06 A2984 RMK AO2 P0001 T00560056,null
GEG,2024-12-24 17:53,42,42,100,160,5,0.01,29.84,1011.4,5,null,BKN,OVC,null,null,1700,2400,null,null,#NAME?,null,null,null,null,null,null,38.27,KGEG 241753Z 16005KT 5SM -RA BR BKN017 OVC024 06/06 A2984 RMK AO2 SLP114 P0001 60030 T00560056 10056 20039 53001,null
GEG,2024-12-24 18:24,43,42,96.23,170,3,0.04,29.82,null,6,null,BKN,BKN,OVC,null,1200,1700,3300,null,#NAME?,null,null,null,null,null,null,41.26,KGEG 241824Z 17003KT 6SM -RA BR BKN012 BKN017 OVC033 06/06 A2982 RMK AO2 P0004 T00610056,null
GEG,2024-12-24 18:45,43,42,96.23,170,5,0.06,29.82,null,6,null,BKN,BKN,OVC,null,900,1600,3300,null,#NAME?,null,null,null,null,null,null,39.46,KGEG 241845Z 17005KT 6SM -RA BR BKN009 BKN016 OVC033 06/06 A2982 RMK AO2 P0006 T00610056,null
GEG,2024-12-24 18:53,43,42,96.23,170,6,0.07,29.81,1010.5,6,null,SCT,BKN,OVC,null,800,1100,3700,null,#NAME?,null,null,null,null,null,null,38.78,KGEG 241853Z 17006KT 6SM -RA BR SCT008 BKN011 OVC037 06/06 A2981 RMK AO2 SLP105 P0007 T00610056,null
GEG,2024-12-24 19:28,43,42,96.23,180,5,0.01,29.8,null,7,null,FEW,SCT,OVC,null,700,3200,4200,null,null,null,null,null,null,null,null,39.46,KGEG 241928Z 18005KT 7SM FEW007 SCT032 OVC042 06/06 A2980 RMK AO2 RAE20 P0001 T00610056,null
GEG,2024-12-24 19:50,42.8,42.8,100,190,4,0.01,29.79,null,6,null,SCT,BKN,OVC,null,700,2400,3000,null,#NAME?,null,null,null,null,null,null,40.03,KGEG 241950Z 19004KT 6SM -RA BR SCT007 BKN024 OVC030 06/06 A2979 RMK AO2 RAE20B33 P0001,null
GEG,2024-12-24 19:53,43,42,96.23,200,5,0.01,29.79,1009.7,6,null,SCT,BKN,OVC,null,700,2400,3200,null,#NAME?,null,null,null,null,null,null,39.46,KGEG 241953Z 20005KT 6SM -RA BR SCT007 BKN024 OVC032 06/06 A2979 RMK AO2 RAE20B33 SLP097 P0001 T00610056,null
GEG,2024-12-24 20:53,43,42,96.23,240,9,0.07,29.79,1009.7,7,null,SCT,BKN,OVC,null,1200,2000,3400,null,#NAME?,null,null,null,null,null,null,37.19,KGEG 242053Z 24009KT 7SM -RA SCT012 BKN020 OVC034 06/06 A2979 RMK AO2 SLP097 P0007 60015 T00610056 56007,null
GEG,2024-12-24 21:30,42,42,100,260,10,0.02,29.79,null,6,null,FEW,BKN,OVC,null,600,1200,1800,null,#NAME?,null,null,null,null,null,null,35.51,KGEG 242130Z 26010KT 6SM -RA BR FEW006 BKN012 OVC018 06/06 A2979 RMK AO2 P0002 T00560056,null
GEG,2024-12-24 21:53,42,41,96.21,270,13,0.03,29.8,1010,5,null,FEW,BKN,OVC,null,600,800,1400,null,RA BR,null,null,null,null,null,null,34.38,KGEG 242153Z 27013KT 5SM RA BR FEW006 BKN008 OVC014 06/05 A2980 RMK AO2 SLP100 P0003 T00560050,null
GEG,2024-12-24 22:35,41,38,88.97,240,9,0.04,29.82,null,7,null,FEW,BKN,OVC,null,800,1400,2700,null,#NAME?,null,null,null,null,null,null,34.7,KGEG 242235Z 24009KT 7SM -RA FEW008 BKN014 OVC027 05/03 A2982 RMK AO2 P0004 T00500033,null
GEG,2024-12-24 22:53,40,38,92.49,220,6,0.04,29.82,1010.8,10,null,FEW,BKN,OVC,null,800,1400,2700,null,null,null,null,null,null,null,null,35.17,KGEG 242253Z 22006KT 10SM FEW008 BKN014 OVC027 04/03 A2982 RMK AO2 RAE43 SLP108 P0004 T00440033,null
GEG,2024-12-24 23:21,41,38,88.97,210,5,0,29.83,null,10,null,FEW,SCT,OVC,null,800,1400,5000,null,null,null,null,null,null,null,null,37.08,KGEG 242321Z 21005KT 10SM FEW008 SCT014 OVC050 05/03 A2983 RMK AO2 VIRGA T00500033,null
GEG,2024-12-24 23:53,40,38,92.49,190,6,0,29.84,1011.6,10,null,FEW,SCT,BKN,OVC,800,5000,7000,15000,null,null,null,null,null,null,null,35.17,KGEG 242353Z 19006KT 10SM FEW008 SCT050 BKN070 OVC150 04/03 A2984 RMK AO2 SLP116 VIRGA 60022 T00440033 10067 20044 53016,null
GEG,2024-12-25 0:26,40,39,96.18,210,9,0,29.87,null,10,null,FEW,BKN,OVC,null,800,1400,5000,null,null,null,null,null,null,null,null,33.46,KGEG 250026Z 21009KT 10SM FEW008 BKN014 OVC050 04/04 A2987 RMK AO2 T00440039,null
GEG,2024-12-25 0:53,40,39,96.18,220,9,0,29.89,1013.2,10,null,BKN,OVC,null,null,700,1200,null,null,null,null,null,null,null,null,null,33.46,KGEG 250053Z 22009KT 10SM BKN007 OVC012 04/04 A2989 RMK AO2 SLP132 T00440039,null
GEG,2024-12-25 1:53,39,38,96.16,240,10,0,29.91,1013.9,10,null,BKN,BKN,OVC,null,600,1300,2000,null,null,null,null,null,null,null,null,31.75,KGEG 250153Z 24010KT 10SM BKN006 BKN013 OVC020 04/03 A2991 RMK AO2 SLP139 T00390033,null
GEG,2024-12-25 2:29,39,38,96.16,230,9,0,29.93,null,10,null,SCT,BKN,OVC,null,600,1000,1500,null,null,null,null,null,null,null,null,32.22,KGEG 250229Z 23009KT 10SM SCT006 BKN010 OVC015 04/03 A2993 RMK AO2 T00390033,null
GEG,2024-12-25 2:53,39,38,96.16,230,7,0,29.94,1014.9,10,null,SCT,OVC,null,null,700,1200,null,null,null,null,null,null,null,null,null,33.31,KGEG 250253Z 23007KT 10SM SCT007 OVC012 04/03 A2994 RMK AO2 SLP149 T00390033 51031,null
GEG,2024-12-25 3:53,39,37,92.45,210,9,0,29.93,1014.9,10,null,BKN,OVC,null,null,800,1200,null,null,null,null,null,null,null,null,null,32.22,KGEG 250353Z 21009KT 10SM BKN008 OVC012 04/03 A2993 RMK AO2 SLP149 T00390028,null
GEG,2024-12-25 4:53,38,37,96.14,220,8,0,29.95,1015.3,10,null,BKN,OVC,null,null,800,1200,null,null,null,null,null,null,null,null,null,31.5,KGEG 250453Z 22008KT 10SM BKN008 OVC012 03/03 A2995 RMK AO2 SLP153 T00330028,null
GEG,2024-12-25 5:53,37,36,96.13,210,10,0,29.98,1016.3,10,null,OVC,null,null,null,700,null,null,null,null,null,null,null,null,null,null,29.24,KGEG 250553Z 21010KT 10SM OVC007 03/02 A2998 RMK AO2 SLP163 T00280022 10044 20028 53012,null
GEG,2024-12-25 6:53,37,36,96.13,210,8,0,29.99,1016.8,10,null,BKN,OVC,null,null,700,1000,null,null,null,null,null,null,null,null,null,30.27,KGEG 250653Z 21008KT 10SM BKN007 OVC010 03/02 A2999 RMK AO2 SLP168 T00280022,null
GEG,2024-12-25 7:53,36,35,96.11,230,7,0,29.99,1016.9,10,null,OVC,null,null,null,800,null,null,null,null,null,null,null,null,null,null,29.65,KGEG 250753Z 23007KT 10SM OVC008 02/02 A2999 RMK AO2 SLP169 T00220017 400670022,null
GEG,2024-12-25 8:53,36,34,92.35,200,4,0,30,1017.3,10,null,OVC,null,null,null,700,null,null,null,null,null,null,null,null,null,null,32.09,KGEG 250853Z 20004KT 10SM OVC007 02/01 A3000 RMK AO2 SLP173 T00220011 51009,null
GEG,2024-12-25 9:53,34,33,96.08,200,6,0,30.03,1018.5,7,null,OVC,null,null,null,700,null,null,null,null,null,null,null,null,null,null,27.94,KGEG 250953Z 20006KT 7SM OVC007 01/01 A3003 RMK AO2 SLP185 T00110006,null
GEG,2024-12-25 10:53,33,33,100,190,5,0,30.03,1018.6,7,null,OVC,null,null,null,500,null,null,null,null,null,null,null,null,null,null,27.58,KGEG 251053Z 19005KT 7SM OVC005 01/01 A3003 RMK AO2 SLP186 T00060006,null
GEG,2024-12-25 11:09,34,33,96.08,190,8,0,30.03,null,5,null,OVC,null,null,null,400,null,null,null,BR,null,null,null,null,null,null,26.58,KGEG 251109Z 19008KT 5SM BR OVC004 01/01 A3003 RMK AO2 T00110006,null
GEG,2024-12-25 11:27,33,32,96.06,190,7,0,30.04,null,7,null,FEW,BKN,null,null,300,600,null,null,null,null,null,null,null,null,null,26,KGEG 251127Z 19007KT 7SM FEW003 BKN006 01/00 A3004 RMK AO2 T00060000,null
GEG,2024-12-25 11:53,33,32,96.06,190,7,0,30.04,1018.8,5,null,FEW,OVC,null,null,300,500,null,null,BR,null,null,null,null,null,null,26,KGEG 251153Z 19007KT 5SM BR FEW003 OVC005 01/00 A3004 RMK AO2 SLP188 70052 T00060000 10033 20006 51011,null
GEG,2024-12-25 12:53,33,32,96.06,190,6,0,30.03,1018.3,5,null,FEW,OVC,null,null,200,500,null,null,BR,null,null,null,null,null,null,26.73,KGEG 251253Z 19006KT 5SM BR FEW002 OVC005 01/00 A3003 RMK AO2 SLP183 T00060000,null
GEG,2024-12-25 13:53,35,34,96.09,200,6,0,30.04,1018.8,6,null,FEW,OVC,null,null,200,800,null,null,BR,null,null,null,null,null,null,29.14,KGEG 251353Z 20006KT 6SM BR FEW002 OVC008 02/01 A3004 RMK AO2 SLP188 T00170011,null
GEG,2024-12-25 14:53,35,35,100,190,8,T,30.04,1018.6,6,null,OVC,null,null,null,500,null,null,null,#NAME?,null,null,null,null,null,null,27.81,KGEG 251453Z 19008KT 6SM -DZ BR OVC005 02/02 A3004 RMK AO2 DZB47 SLP186 P0000 60000 T00170017 56001,null
GEG,2024-12-25 15:53,35,34,96.09,190,8,T,30.02,1018,6,null,OVC,null,null,null,500,null,null,null,BR,null,null,null,null,null,null,27.81,KGEG 251553Z 19008KT 6SM BR OVC005 02/01 A3002 RMK AO2 DZE28 CIG 004V009 SLP180 VIRGA P0000 T00170011,null
GEG,2024-12-25 16:53,35,33,92.32,180,7,0,30.04,1018.7,7,null,OVC,null,null,null,700,null,null,null,null,null,null,null,null,null,null,28.44,KGEG 251653Z 18007KT 7SM OVC007 02/01 A3004 RMK AO2 CIG 007V010 SLP187 VIRGA T00170006,null
GEG,2024-12-25 17:51,35.6,33.8,93.08,190,6,0,30.05,null,10,null,SCT,OVC,null,null,700,1100,null,null,null,null,null,null,null,null,null,29.87,KGEG 251751Z 19006KT 10SM SCT007 OVC011 02/01 A3005 RMK AO2,null
GEG,2024-12-25 17:53,36,33,88.73,190,6,0,30.05,1019.1,10,null,SCT,OVC,null,null,700,1100,null,null,null,null,null,null,null,null,null,30.35,KGEG 251753Z 19006KT 10SM SCT007 OVC011 02/01 A3005 RMK AO2 SLP191 60000 T00220006 10022 20000 51009,null
GEG,2024-12-25 18:53,37,33,85.29,180,6,0,30.02,1018,10,null,OVC,null,null,null,1300,null,null,null,null,null,null,null,null,null,null,31.55,KGEG 251853Z 18006KT 10SM OVC013 03/01 A3002 RMK AO2 SLP180 T00280006,null
GEG,2024-12-25 19:13,37,34,88.78,180,6,0,30.01,null,10,null,FEW,FEW,OVC,null,800,1200,1500,null,null,null,null,null,null,null,null,31.55,KGEG 251913Z 18006KT 10SM FEW008 FEW012 OVC015 03/01 A3001 RMK AO2 T00280011,null
GEG,2024-12-25 19:53,38,33,82,190,8,0,29.98,1016.8,10,null,FEW,SCT,OVC,null,700,1200,1500,null,null,null,null,null,null,null,null,31.5,KGEG 251953Z 19008KT 10SM FEW007 SCT012 OVC015 03/01 A2998 RMK AO2 SLP168 T00330006,null
GEG,2024-12-25 20:08,38,33,82,190,6,0,29.98,null,10,null,FEW,SCT,SCT,OVC,700,1600,2500,13000,null,null,null,null,null,null,null,32.76,KGEG 252008Z 19006KT 10SM FEW007 SCT016 SCT025 OVC130 03/01 A2998 RMK AO2 T00330006,null
GEG,2024-12-25 20:53,38,33,82,200,8,0,29.98,1016.6,10,null,FEW,SCT,BKN,OVC,1400,9000,11000,14000,null,null,null,null,null,null,null,31.5,KGEG 252053Z 20008KT 10SM FEW014 SCT090 BKN110 OVC140 03/01 A2998 RMK AO2 SLP166 T00330006 56022,null
GEG,2024-12-25 21:53,38,33,82,160,6,0,29.95,1015.8,10,null,FEW,SCT,BKN,OVC,1400,9000,11000,13000,null,null,null,null,null,null,null,32.76,KGEG 252153Z 16006KT 10SM FEW014 SCT090 BKN110 OVC130 03/01 A2995 RMK AO2 SLP158 T00330006,null
GEG,2024-12-25 22:53,38,34,85.35,160,6,0,29.94,1015.5,10,null,FEW,SCT,OVC,null,1500,5500,7000,null,null,null,null,null,null,null,null,32.76,KGEG 252253Z 16006KT 10SM FEW015 SCT055 OVC070 03/01 A2994 RMK AO2 SLP155 T00330011,null
GEG,2024-12-25 23:53,38,34,85.35,150,6,0,29.92,1014.6,10,null,FEW,SCT,BKN,OVC,1500,6000,9000,16000,null,null,null,null,null,null,null,32.76,KGEG 252353Z 15006KT 10SM FEW015 SCT060 BKN090 OVC160 03/01 A2992 RMK AO2 SLP146 T00330011 10033 20022 56019,null
GEG,2024-12-26 0:53,38,34,85.35,140,3,0,29.9,1013.9,10,null,FEW,BKN,OVC,null,2000,4500,10000,null,null,null,null,null,null,null,null,35.55,KGEG 260053Z 14003KT 10SM FEW020 BKN045 OVC100 03/01 A2990 RMK AO2 SLP139 T00330011,null
GEG,2024-12-26 1:53,37,33,85.29,130,4,0,29.87,1013,10,null,SCT,BKN,BKN,null,4500,8500,18000,null,null,null,null,null,null,null,null,33.26,KGEG 260153Z 13004KT 10SM SCT045 BKN085 BKN180 03/01 A2987 RMK AO2 SLP130 T00280006,null
GEG,2024-12-26 2:53,37,33,85.29,130,7,0,29.83,1011.6,10,null,OVC,null,null,null,7000,null,null,null,null,null,null,null,null,null,null,30.87,KGEG 260253Z 13007KT 10SM OVC070 03/01 A2983 RMK AO2 SLP116 T00280006 58028,null
GEG,2024-12-26 3:53,36,32,85.23,160,5,0,29.81,1010.8,10,null,BKN,null,null,null,6000,null,null,null,null,null,null,null,null,null,null,31.15,KGEG 260353Z 16005KT 10SM BKN060 02/00 A2981 RMK AO2 SLP108 T00220000,null
GEG,2024-12-26 4:53,37,32,81.93,150,5,0,29.79,1010.2,10,null,OVC,null,null,null,4500,null,null,null,null,null,null,null,null,null,null,32.33,KGEG 260453Z 15005KT 10SM OVC045 03/00 A2979 RMK AO2 SLP102 T00280000,null
GEG,2024-12-26 5:53,37,33,85.29,160,6,T,29.76,1009.3,10,null,OVC,null,null,null,4400,null,null,null,#NAME?,null,null,null,null,null,null,31.55,KGEG 260553Z 16006KT 10SM -RA OVC044 03/01 A2976 RMK AO2 RAB47 SLP093 P0000 60000 T00280006 10033 20022 56021,null
GEG,2024-12-26 6:53,36,34,92.35,160,5,T,29.72,1007.8,10,null,OVC,null,null,null,3300,null,null,null,#NAME?,null,null,null,null,null,null,31.15,KGEG 260653Z 16005KT 10SM -RASN OVC033 02/01 A2972 RMK AO2 SNB51 SLP078 P0000 T00220011,null
GEG,2024-12-26 7:53,36,34,92.35,100,4,0.01,29.69,1006.6,10,null,OVC,null,null,null,4100,null,null,null,#NAME?,null,null,null,null,null,null,32.09,KGEG 260753Z 10004KT 10SM -RASN OVC041 02/01 A2969 RMK AO2 SLP066 P0001 T00220011 400330000,null
GEG,2024-12-26 8:29,35,34,96.09,90,5,T,29.66,null,8,null,OVC,null,null,null,2700,null,null,null,#NAME?,null,null,null,null,null,null,29.96,KGEG 260829Z 09005KT 8SM -RASN OVC027 02/01 A2966 RMK AO2 P0000 T00170011,null
GEG,2024-12-26 8:41,36,34,92.35,90,5,T,29.65,null,10,null,SCT,BKN,OVC,null,2500,3100,3500,null,#NAME?,null,null,null,null,null,null,31.15,KGEG 260841Z 09005KT 10SM -RASN SCT025 BKN031 OVC035 02/01 A2965 RMK AO2 P0000 T00220011,null
GEG,2024-12-26 8:53,36,34,92.35,90,5,T,29.64,1005.2,9,null,FEW,OVC,null,null,2500,3500,null,null,#NAME?,null,null,null,null,null,null,31.15,KGEG 260853Z 09005KT 9SM -RA FEW025 OVC035 02/01 A2964 RMK AO2 SNE53 SLP052 P0000 60001 T00220011 56038,null
GEG,2024-12-26 9:11,37,33,85.29,120,8,T,29.63,null,10,null,BKN,OVC,null,null,2500,3500,null,null,#NAME?,null,null,null,null,null,null,30.27,KGEG 260911Z 12008KT 10SM -RASN BKN025 OVC035 03/01 A2963 RMK AO2 SNB11 P0000 T00280006,null
GEG,2024-12-26 9:53,37,34,88.78,110,9,T,29.6,1003.4,10,null,BKN,OVC,null,null,2700,3800,null,null,#NAME?,null,null,null,null,null,null,29.73,KGEG 260953Z 11009KT 10SM -RASN BKN027 OVC038 03/01 A2960 RMK AO2 SNB11 SLP034 P0000 T00280011,null
GEG,2024-12-26 10:53,37,33,85.29,150,10,0.01,29.58,1002.9,4,16,OVC,null,null,null,2200,null,null,null,#NAME?,null,null,null,null,null,null,29.24,KGEG 261053Z 15010G16KT 4SM -RASN BR OVC022 03/01 A2958 RMK AO2 SLP029 P0001 T00280006,null
GEG,2024-12-26 11:16,35,34,96.09,160,10,0.04,29.57,null,3,null,FEW,OVC,null,null,1000,1400,null,null,#NAME?,null,null,null,null,null,null,26.73,KGEG 261116Z 16010KT 3SM -SNRA BR FEW010 OVC014 02/01 A2957 RMK AO2 TWR VIS 4+ P0004 T00170011,null
GEG,2024-12-26 11:18,35,34,96.09,160,11,0.05,29.57,null,2,null,OVC,null,null,null,1400,null,null,null,#NAME?,null,null,null,null,null,null,26.26,KGEG 261118Z 16011KT 2SM -SN BR OVC014 02/01 A2957 RMK AO2 RAE17 P0005 T00170011,null
GEG,2024-12-26 11:24,34,33,96.08,160,9,0.06,29.57,null,0.75,null,VV ,null,null,null,1400,null,null,null,#NAME?,null,null,null,null,null,null,26,KGEG 261124Z 16009KT 3/4SM R21/P6000FT -SN BR VV014 01/01 A2957 RMK AO2 TWR VIS 2 RAE17 P0006 T00110006,null
GEG,2024-12-26 11:43,34,33,96.08,140,7,0.1,29.56,null,1,null,VV ,null,null,null,1100,null,null,null,#NAME?,null,null,null,null,null,null,27.22,KGEG 261143Z 14007KT 1SM R21/P6000FT -SN BR VV011 01/01 A2956 RMK AO2 SFC VIS 1 1/4 RAE17 P0010 T00110006,null
GEG,2024-12-26 11:53,33,33,100,140,6,0.11,29.55,1002.1,1,null,FEW,OVC,null,null,600,1100,null,null,#NAME?,null,null,null,null,null,null,26.73,KGEG 261153Z 14006KT 1SM R21/P6000FT -SN BR FEW006 OVC011 01/01 A2955 RMK AO2 RAE17 SLP021 P0011 60013 70013 T00060006 10033 20006 56028,null
GEG,2024-12-26 12:20,34,34,100,140,7,0.02,29.54,null,1.25,null,SCT,SCT,OVC,null,400,1200,1800,null,#NAME?,null,null,null,null,null,null,27.22,KGEG 261220Z 14007KT 1 1/4SM -SN BR SCT004 SCT012 OVC018 01/01 A2954 RMK AO2 TWR VIS 1 1/2 P0002 T00110011,null
GEG,2024-12-26 12:33,34,34,100,150,9,0.03,29.54,null,1.25,null,SCT,BKN,OVC,null,600,1200,2200,null,#NAME?,null,null,null,null,null,null,26,KGEG 261233Z 15009KT 1 1/4SM -SN BR SCT006 BKN012 OVC022 01/01 A2954 RMK AO2 TWR VIS 2 P0003 T00110011,null
GEG,2024-12-26 12:53,34,34,100,150,9,0.04,29.53,1001.1,2,null,SCT,OVC,null,null,600,1700,null,null,#NAME?,null,null,null,null,null,null,26,KGEG 261253Z 15009KT 2SM -SN BR SCT006 OVC017 01/01 A2953 RMK AO2 TWR VIS 3 SLP011 P0004 T00110011,null
GEG,2024-12-26 13:24,34,34,100,130,10,0.02,29.5,null,3,null,BKN,OVC,null,null,800,1100,null,null,#NAME?,null,null,null,null,null,null,25.48,KGEG 261324Z 13010KT 3SM -SN BR BKN008 OVC011 01/01 A2950 RMK AO2 SFC VIS 5 P0002 T00110011,null
GEG,2024-12-26 13:46,34,34,100,140,7,0.02,29.49,null,3,null,BKN,BKN,OVC,null,600,1100,4100,null,BR,null,null,null,null,null,null,27.22,KGEG 261346Z 14007KT 3SM BR BKN006 BKN011 OVC041 01/01 A2949 RMK AO2 SFC VIS 6 SNE46 CIG 005V010 P0002 T00110011,null
GEG,2024-12-26 13:53,35,34,96.09,150,9,0.02,29.49,999.9,3,15,SCT,BKN,null,null,600,4100,null,null,BR,null,null,null,null,null,null,27.24,KGEG 261353Z 15009G15KT 3SM BR SCT006 BKN041 02/01 A2949 RMK AO2 SFC VIS 6 SNE46 SLP999 P0002 T00170011,null
GEG,2024-12-26 14:53,36,35,96.11,150,11,0,29.47,999.2,7,null,FEW,BKN,OVC,null,800,4100,6000,null,null,null,null,null,null,null,null,27.52,KGEG 261453Z 15011KT 7SM FEW008 BKN041 OVC060 02/02 A2947 RMK AO2 SLP992 60006 T00220017 56026,null
GEG,2024-12-26 15:53,37,35,92.39,140,8,0,29.47,999.3,10,null,FEW,SCT,OVC,null,800,4500,7500,null,null,null,null,null,null,null,null,30.27,KGEG 261553Z 14008KT 10SM FEW008 SCT045 OVC075 03/02 A2947 RMK AO2 SLP993 T00280017,null
GEG,2024-12-26 16:53,39,36,88.87,180,10,0.01,29.48,999.4,6,null,BKN,BKN,BKN,null,3200,8000,10000,null,#NAME?,null,null,null,null,null,null,31.75,KGEG 261653Z 18010KT 6SM -RA BR BKN032 BKN080 BKN100 04/02 A2948 RMK AO2 SLP994 RAB22 P0001 T00390022,null
GEG,2024-12-26 17:17,41,37,85.54,190,10,0.02,29.49,null,5,25,BKN,BKN,OVC,null,2800,8000,10000,null,#NAME?,null,null,null,null,null,null,34.25,KGEG 261717Z 19010G25KT 5SM -RA BR BKN028 BKN080 OVC100 05/03 A2949 RMK AO2 P0002 T00500028,null
GEG,2024-12-26 17:53,41,37,85.54,190,18,0.08,29.48,999.3,4,28,BKN,BKN,OVC,null,2400,5000,7500,null,RA BR,null,null,null,28,190,2024-12-26 17:52,31.6,KGEG 261753Z 19018G28KT 4SM RA BR BKN024 BKN050 OVC075 05/03 A2948 RMK AO2 PK WND 19028/1752 SLP993 P0008 60015 T00500028 10050 20006 50003,null
GEG,2024-12-26 18:53,43,39,85.66,210,24,0.03,29.46,998.4,4,37,FEW,BKN,OVC,null,2200,2600,3900,null,#NAME?,null,null,null,39,220,2024-12-26 18:34,32.9,KGEG 261853Z 21024G37KT 4SM -RA BR FEW022 BKN026 OVC039 06/04 A2946 RMK AO2 PK WND 22039/1834 SLP984 P0003 T00610039,null
GEG,2024-12-26 19:53,43,40,89.06,220,27,0.04,29.47,998.8,4,37,BKN,OVC,null,null,1700,2400,null,null,#NAME?,null,null,null,40,220,2024-12-26 19:09,32.34,KGEG 261953Z 22027G37KT 4SM -RA BR BKN017 OVC024 06/04 A2947 RMK AO2 PK WND 22040/1909 SLP988 P0004 T00610044,null
GEG,2024-12-26 20:48,42.8,39.2,86.99,220,27,0.04,29.49,null,6,49,SCT,BKN,OVC,null,2000,3100,4600,null,#NAME?,null,null,null,49,220,2024-12-26 20:42,32.06,KGEG 262048Z 22027G49KT 6SM -RA BR SCT020 BKN031 OVC046 06/04 A2949 RMK AO2 PK WND 22049/2042 P0004,null
GEG,2024-12-26 20:53,43,40,89.06,220,24,0.04,29.49,999.5,8,40,BKN,BKN,OVC,null,2000,2900,4400,null,#NAME?,null,null,null,49,220,2024-12-26 20:42,32.9,KGEG 262053Z 22024G40KT 8SM -RA BKN020 BKN029 OVC044 06/04 A2949 RMK AO2 PK WND 22049/2042 SLP995 P0004 60011 T00610044 51010,null
GEG,2024-12-26 21:15,43,40,89.06,220,26,0.01,29.5,null,8,35,FEW,BKN,OVC,null,2200,4000,5000,null,#NAME?,null,null,null,40,240,2024-12-26 20:57,32.52,KGEG 262115Z 22026G35KT 8SM -RA FEW022 BKN040 OVC050 06/04 A2950 RMK AO2 PK WND 24040/2057 P0001 T00610044,null
GEG,2024-12-26 21:53,43,40,89.06,230,24,0.01,29.52,1000.6,10,36,SCT,BKN,OVC,null,1900,4000,10000,null,null,null,null,null,40,240,2024-12-26 20:57,32.9,KGEG 262153Z 23024G36KT 10SM SCT019 BKN040 OVC100 06/04 A2952 RMK AO2 PK WND 24040/2057 RAE34 SLP006 P0001 T00610044,null
GEG,2024-12-26 22:53,43,39,85.66,230,21,0,29.56,1002.1,10,31,FEW,SCT,SCT,BKN,700,2000,4600,13000,null,null,null,null,37,210,2024-12-26 22:08,33.52,KGEG 262253Z 23021G31KT 10SM FEW007 SCT020 SCT046 BKN130 06/04 A2956 RMK AO2 PK WND 21037/2208 SLP021 T00610039,null
GEG,2024-12-26 23:53,43,38,82.37,220,18,0,29.61,1003.9,10,26,FEW,FEW,FEW,BKN,600,2000,4500,15000,null,null,null,null,32,230,2024-12-26 22:59,34.23,KGEG 262353Z 22018G26KT 10SM FEW006 FEW020 FEW045 BKN150 06/03 A2961 RMK AO2 PK WND 23032/2259 PRESRR SLP039 60012 T00610033 10067 20050 53039,null
GEG,2024-12-27 0:53,42,38,85.6,230,20,0,29.62,1004.1,10,null,FEW,FEW,FEW,BKN,500,2000,5000,16000,null,null,null,null,29,230,2024-12-27 0:30,32.42,KGEG 270053Z 23020KT 10SM FEW005 FEW020 FEW050 BKN160 06/03 A2962 RMK AO2 PK WND 23029/0030 SLP041 T00560033,null
GEG,2024-12-27 1:53,42,37,82.3,220,17,0,29.65,1005,10,null,FEW,BKN,null,null,2000,15000,null,null,null,null,null,null,27,230,2024-12-27 0:55,33.18,KGEG 270153Z 22017KT 10SM FEW020 BKN150 06/03 A2965 RMK AO2 PK WND 23027/0055 SLP050 T00560028,null
GEG,2024-12-27 2:53,40,35,82.15,220,14,0,29.67,1005.9,10,21,FEW,SCT,null,null,2500,16000,null,null,null,null,null,null,null,null,null,31.47,KGEG 270253Z 22014G21KT 10SM FEW025 SCT160 04/02 A2967 RMK AO2 SLP059 T00440017 53018,null
GEG,2024-12-27 3:53,38,35,88.83,210,14,0,29.69,1006.5,10,null,FEW,SCT,null,null,2000,17000,null,null,null,null,null,null,null,null,null,28.9,KGEG 270353Z 21014KT 10SM FEW020 SCT170 03/02 A2969 RMK AO2 SLP065 T00330017,null
GEG,2024-12-27 4:53,38,34,85.35,220,14,0,29.69,1006.5,10,null,FEW,FEW,null,null,2500,18000,null,null,null,null,null,null,null,null,null,28.9,KGEG 270453Z 22014KT 10SM FEW025 FEW180 03/01 A2969 RMK AO2 SLP065 T00330011,null
GEG,2024-12-27 5:53,37,34,88.78,200,6,0,29.69,1006.5,10,18,FEW,BKN,null,null,2500,20000,null,null,null,null,null,null,null,null,null,31.55,KGEG 270553Z 20006G18KT 10SM FEW025 BKN200 03/01 A2969 RMK AO2 SLP065 T00280011 10061 20028 50006,null
GEG,2024-12-27 6:53,37,34,88.78,190,6,0,29.68,1006.1,10,null,FEW,BKN,null,null,2500,20000,null,null,null,null,null,null,null,null,null,31.55,KGEG 270653Z 19006KT 10SM FEW025 BKN200 03/01 A2968 RMK AO2 SLP061 T00280011,null
GEG,2024-12-27 7:53,36,35,96.11,170,4,0,29.67,1005.6,10,null,FEW,BKN,null,null,2500,19000,null,null,null,null,null,null,null,null,null,32.09,KGEG 270753Z 17004KT 10SM FEW025 BKN190 02/02 A2967 RMK AO2 SLP056 T00220017 400670006,null
GEG,2024-12-27 8:53,35,34,96.09,160,5,0,29.64,1004.9,10,null,BKN,OVC,null,null,15000,17000,null,null,null,null,null,null,null,null,null,29.96,KGEG 270853Z 16005KT 10SM BKN150 OVC170 02/01 A2964 RMK AO2 SLP049 T00170011 58015,null
GEG,2024-12-27 9:53,35,34,96.09,130,7,0,29.63,1004.6,10,null,FEW,BKN,BKN,null,5000,14000,20000,null,null,null,null,null,null,null,null,28.44,KGEG 270953Z 13007KT 10SM FEW050 BKN140 BKN200 02/01 A2963 RMK AO2 SLP046 T00170011,null
GEG,2024-12-27 10:53,35,34,96.09,130,6,0,29.63,1004.3,10,null,FEW,BKN,null,null,4000,14000,null,null,null,null,null,null,null,null,null,29.14,KGEG 271053Z 13006KT 10SM FEW040 BKN140 02/01 A2963 RMK AO2 SLP043 T00170011,null
GEG,2024-12-27 11:53,36,34,92.35,0,0,0,29.59,1003.1,10,null,FEW,BKN,OVC,null,4900,6000,16000,null,null,null,null,null,null,null,null,36,KGEG 271153Z 00000KT 10SM FEW049 BKN060 OVC160 02/01 A2959 RMK AO2 SLP031 70027 T00220011 10028 20011 58016,null
GEG,2024-12-27 12:53,34,34,100,50,6,0,29.58,1002.7,10,null,OVC,null,null,null,4800,null,null,null,null,null,null,null,null,null,null,27.94,KGEG 271253Z 05006KT 10SM OVC048 01/01 A2958 RMK AO2 SLP027 T00110011,null
GEG,2024-12-27 13:53,34,34,100,50,4,0,29.58,1002.7,10,null,BKN,BKN,OVC,null,4100,6300,11000,null,null,null,null,null,null,null,null,29.76,KGEG 271353Z 05004KT 10SM BKN041 BKN063 OVC110 01/01 A2958 RMK AO2 SLP027 T00110011,null
GEG,2024-12-27 14:11,34,34,100,60,5,0,29.58,null,9,null,FEW,BKN,OVC,null,200,4100,5300,null,BCFG,null,null,null,null,null,null,28.77,KGEG 271411Z 06005KT 9SM BCFG FEW002 BKN041 OVC053 01/01 A2958 RMK AO2 T00110011,null
GEG,2024-12-27 14:53,34,34,100,20,5,0,29.58,1002.8,9,null,FEW,OVC,null,null,200,4300,null,null,BCFG,null,null,null,null,null,null,28.77,KGEG 271453Z 02005KT 9SM BCFG FEW002 OVC043 01/01 A2958 RMK AO2 SLP028 T00110011 56005,null
GEG,2024-12-27 15:53,33,33,100,80,3,0,29.58,1002.9,7,null,FEW,BKN,OVC,null,500,7500,12000,null,null,null,null,null,null,null,null,29.83,KGEG 271553Z 08003KT 7SM FEW005 BKN075 OVC120 01/01 A2958 RMK AO2 SLP029 T00060006,null
GEG,2024-12-27 16:53,34,34,100,40,4,0,29.6,1003.6,9,null,BKN,OVC,null,null,6000,11000,null,null,null,null,null,null,null,null,null,29.76,KGEG 271653Z 04004KT 9SM BKN060 OVC110 01/01 A2960 RMK AO2 SLP036 T00110011,null
GEG,2024-12-27 17:53,35,35,100,0,0,0,29.62,1004.5,10,null,BKN,OVC,null,null,5500,11000,null,null,null,null,null,null,null,null,null,35,KGEG 271753Z 00000KT 10SM BKN055 OVC110 02/02 A2962 RMK AO2 SLP045 T00170017 10022 20006 53014,null
GEG,2024-12-27 18:53,36,35,96.11,0,0,0.01,29.63,1004.8,5,null,SCT,BKN,OVC,null,2800,3200,5000,null,#NAME?,null,null,null,null,null,null,36,KGEG 271853Z 00000KT 5SM -RA BR SCT028 BKN032 OVC050 02/02 A2963 RMK AO2 RAB26 SLP048 P0001 T00220017,null
GEG,2024-12-27 19:27,37,35,92.39,50,5,T,29.64,null,8,null,FEW,BKN,OVC,null,1500,2500,3200,null,#NAME?,null,null,null,null,null,null,32.33,KGEG 271927Z 05005KT 8SM -RA FEW015 BKN025 OVC032 03/02 A2964 RMK AO2 P0000 T00280017,null
GEG,2024-12-27 19:53,37,36,96.13,50,4,T,29.64,1005.1,8,null,BKN,BKN,OVC,null,1700,2500,3500,null,#NAME?,null,null,null,null,null,null,33.26,KGEG 271953Z 05004KT 8SM -RA BKN017 BKN025 OVC035 03/02 A2964 RMK AO2 SLP051 P0000 T00280022,null
GEG,2024-12-27 20:53,37,37,100,40,4,0.01,29.65,1005.5,6,null,FEW,BKN,OVC,null,1000,1400,2000,null,#NAME?,null,null,null,null,null,null,33.26,KGEG 272053Z 04004KT 6SM -RA BR FEW010 BKN014 OVC020 03/03 A2965 RMK AO2 SLP055 P0001 60002 T00280028 51009,null
GEG,2024-12-27 21:20,38,37,96.14,100,3,T,29.66,null,6,null,BKN,BKN,OVC,null,600,1400,2500,null,#NAME?,null,null,null,null,null,null,35.55,KGEG 272120Z 10003KT 6SM -RA BR BKN006 BKN014 OVC025 03/03 A2966 RMK AO2 P0000 T00330028,null
GEG,2024-12-27 21:46,38,37,96.14,100,5,T,29.66,null,2,null,OVC,null,null,null,600,null,null,null,#NAME?,null,null,null,null,null,null,33.52,KGEG 272146Z 10005KT 2SM -RA BR OVC006 03/03 A2966 RMK AO2 SFC VIS 2 1/2 P0000 T00330028,null
GEG,2024-12-27 21:53,38,37,96.14,110,4,T,29.66,1005.7,2,null,OVC,null,null,null,600,null,null,null,#NAME?,null,null,null,null,null,null,34.43,KGEG 272153Z 11004KT 2SM -RA BR OVC006 03/03 A2966 RMK AO2 SLP057 VIS NW-NE 1 1/2 P0000 T00330028,null
GEG,2024-12-27 22:53,38,38,100,0,0,0.01,29.69,1006.6,1.5,null,BKN,OVC,null,null,600,1400,null,null,#NAME?,null,null,null,null,null,null,38,KGEG 272253Z 00000KT 1 1/2SM -DZ BR BKN006 OVC014 03/03 A2969 RMK AO2 TWR VIS 2 RAE03DZB03 SLP066 P0001 T00330033,null
GEG,2024-12-27 23:53,38,38,100,80,3,T,29.68,1006.5,1.5,null,BKN,OVC,null,null,500,1500,null,null,#NAME?,null,null,null,null,null,null,35.55,KGEG 272353Z 08003KT 1 1/2SM -DZ BR BKN005 OVC015 03/03 A2968 RMK AO2 SFC VIS 2 SLP065 VIS NW 3 P0000 60003 T00330033 10033 20017 50010,null
GEG,2024-12-28 0:30,38,38,100,130,5,T,29.69,null,1,null,BKN,OVC,null,null,400,1500,null,null,BR,null,null,null,null,null,null,33.52,KGEG 280030Z 13005KT 1SM R21/P6000FT BR BKN004 OVC015 03/03 A2969 RMK AO2 SFC VIS 6 DZE15 P0000 T00330033,null
GEG,2024-12-28 0:53,38,38,100,180,4,T,29.7,1007.3,1,null,SCT,OVC,null,null,200,400,null,null,BR,null,null,null,null,null,null,34.43,KGEG 280053Z 18004KT 1SM R21/P6000FT BR SCT002 OVC004 03/03 A2970 RMK AO2 SFC VIS 3 DZE15 SLP073 VIS SE 1 1/2 W-NW 2 P0000 T00330033,null
GEG,2024-12-28 1:21,38,38,100,180,4,0,29.71,null,0.5,null,OVC,null,null,null,300,null,null,null,BR,null,null,null,null,null,null,34.43,KGEG 280121Z 18004KT 1/2SM R21/P6000FT BR OVC003 03/03 A2971 RMK AO2 SFC VIS 3 VIS SE 1 1/2 W-NW 2 T00330033,null
GEG,2024-12-28 1:53,38,38,100,190,6,T,29.7,1007.2,1.5,null,BKN,OVC,null,null,300,800,null,null,#NAME?,null,null,null,null,null,null,32.76,KGEG 280153Z 19006KT 1 1/2SM -DZ BR BKN003 OVC008 03/03 A2970 RMK AO2 TWR VIS 2 1/2 DZB49 SLP072 VIS SE 1 SW 2 P0000 T00330033,null
GEG,2024-12-28 2:32,38,38,100,200,7,T,29.69,null,0.5,null,SCT,OVC,null,null,200,300,null,null,#NAME?,null,null,null,null,null,null,32.09,KGEG 280232Z 20007KT 1/2SM R21/P6000FT -DZ BR SCT002 OVC003 03/03 A2969 RMK AO2 SFC VIS 3/4 P0000 T00330033,null
GEG,2024-12-28 2:53,37,37,100,220,8,T,29.69,1006.8,0.5,null,OVC,null,null,null,300,null,null,null,BR,null,null,null,null,null,null,30.27,KGEG 280253Z 22008KT 1/2SM R21/P6000FT BR OVC003 03/03 A2969 RMK AO2 SFC VIS 3 DZE50 SLP068 VIS W-NW 1 1/2 P0000 60000 T00280028 50002,null
GEG,2024-12-28 3:53,37,37,100,200,8,0,29.71,1007.7,0.5,null,OVC,null,null,null,200,null,null,null,BR,null,null,null,null,null,null,30.27,KGEG 280353Z 20008KT 1/2SM R21/6000VP6000FT BR OVC002 03/03 A2971 RMK AO2 SFC VIS 3 SLP077 VIS SE 2 W-NW 1 1/2 T00280028,null
GEG,2024-12-28 4:20,37,37,100,200,5,0,29.7,null,1,null,OVC,null,null,null,300,null,null,null,BR,null,null,null,null,null,null,32.33,KGEG 280420Z 20005KT 1SM R21/P6000FT BR OVC003 03/03 A2970 RMK AO2 SFC VIS 4 T00280028,null
GEG,2024-12-28 4:53,37,37,100,180,3,0,29.7,1007,1,null,OVC,null,null,null,400,null,null,null,BR,null,null,null,null,null,null,34.4,KGEG 280453Z 18003KT 1SM R21/P6000FT BR OVC004 03/03 A2970 RMK AO2 SFC VIS 3 SLP070 T00280028,null
GEG,2024-12-28 5:26,37,37,100,150,4,0,29.68,null,0.5,null,OVC,null,null,null,200,null,null,null,BR,null,null,null,null,null,null,33.26,KGEG 280526Z 15004KT 1/2SM R21/P6000FT BR OVC002 03/03 A2968 RMK AO2 SFC VIS 3/4 T00280028,null
GEG,2024-12-28 5:53,37,37,100,180,4,0,29.69,1007,0.5,null,VV ,null,null,null,200,null,null,null,FG,null,null,null,null,null,null,33.26,KGEG 280553Z 18004KT 1/2SM R21/5000VP6000FT FG VV002 03/03 A2969 RMK AO2 SLP070 60000 T00280028 10033 20028 50001,null
GEG,2024-12-28 6:53,39,39,100,200,8,0,29.67,1005.9,0.5,null,OVC,null,null,null,200,null,null,null,BR,null,null,null,null,null,null,32.74,KGEG 280653Z 20008KT 1/2SM R21/P6000FT BR OVC002 04/04 A2967 RMK AO2 SFC VIS 3 CIG 001V007 SLP059 VIS SE 1 1/2SM T00390039,null
GEG,2024-12-28 6:56,39,39,100,210,8,0,29.67,null,3,null,BKN,OVC,null,null,200,700,null,null,BR,null,null,null,null,null,null,32.74,KGEG 280656Z 21008KT 3SM BR BKN002 OVC007 04/04 A2967 RMK AO2 SFC VIS 4 CIG 001V006 T00390039,null
GEG,2024-12-28 7:53,40,39,96.18,200,6,T,29.65,1005,3,null,FEW,BKN,OVC,null,200,700,1100,null,#NAME?,null,null,null,null,null,null,35.17,KGEG 280753Z 20006KT 3SM -RA FEW002 BKN007 OVC011 04/04 A2965 RMK AO2 SFC VIS 7 RAB50 SLP050 P0000 T00440039 400440006,null
GEG,2024-12-28 8:53,40,39,96.18,210,10,0.04,29.64,1004.8,3,null,FEW,BKN,OVC,null,600,1100,1700,null,#NAME?,null,null,null,null,null,null,33,KGEG 280853Z 21010KT 3SM -RA FEW006 BKN011 OVC017 04/04 A2964 RMK AO2 SFC VIS 7 SLP048 P0004 60004 T00440039 56017,null
GEG,2024-12-28 9:53,40,38,92.49,200,10,0.05,29.62,1004,7,null,BKN,OVC,null,null,1100,1900,null,null,#NAME?,null,null,null,null,null,null,33,KGEG 280953Z 20010KT 7SM -RA BKN011 OVC019 04/03 A2962 RMK AO2 SLP040 P0005 T00440033,null
GEG,2024-12-28 10:53,39,38,96.16,180,4,0.07,29.62,1004.1,2.5,null,BKN,OVC,null,null,1000,1400,null,null,#NAME?,null,null,null,null,null,null,35.59,KGEG 281053Z 18004KT 2 1/2SM -RA BR BKN010 OVC014 04/03 A2962 RMK AO2 TWR VIS 3 SLP041 P0007 T00390033,null
GEG,2024-12-28 11:11,39,39,100,190,5,0.01,29.62,null,2.5,null,BKN,OVC,null,null,800,1300,null,null,#NAME?,null,null,null,null,null,null,34.71,KGEG 281111Z 19005KT 2 1/2SM -RA BR BKN008 OVC013 04/04 A2962 RMK AO2 P0001 T00390039,null
GEG,2024-12-28 11:53,41,39,92.52,210,13,0.01,29.63,1004.3,8,null,FEW,BKN,OVC,null,800,1100,1700,null,null,null,null,null,null,null,null,33.1,KGEG 281153Z 21013KT 8SM FEW008 BKN011 OVC017 05/04 A2963 RMK AO2 RAE19DZB19E46 SLP043 P0001 60017 70020 T00500039 10050 20028 55004,null
GEG,2024-12-28 12:53,40,39,96.18,220,18,0,29.64,1004.8,10,24,OVC,null,null,null,1200,null,null,null,null,null,null,null,null,null,null,30.28,KGEG 281253Z 22018G24KT 10SM OVC012 04/04 A2964 RMK AO2 SLP048 T00440039,null
GEG,2024-12-28 13:53,39,37,92.45,220,15,0,29.66,1005.3,10,22,SCT,BKN,null,null,900,8000,null,null,null,null,null,null,null,null,null,29.85,KGEG 281353Z 22015G22KT 10SM SCT009 BKN080 04/03 A2966 RMK AO2 SLP053 T00390028,null
GEG,2024-12-28 14:53,38,37,96.14,210,16,0,29.66,1005.6,10,23,FEW,SCT,null,null,700,12000,null,null,null,null,null,null,null,null,null,28.24,KGEG 281453Z 21016G23KT 10SM FEW007 SCT120 03/03 A2966 RMK AO2 SLP056 T00330028 51009,null
GEG,2024-12-28 15:53,39,37,92.45,200,13,0,29.69,1006.6,10,21,FEW,SCT,BKN,null,700,4000,10000,null,null,null,null,null,null,null,null,30.54,KGEG 281553Z 20013G21KT 10SM FEW007 SCT040 BKN100 04/03 A2969 RMK AO2 SLP066 T00390028,null
GEG,2024-12-28 16:53,40,38,92.49,210,12,0,29.72,1007.7,10,21,SCT,SCT,BKN,BKN,900,4500,9000,15000,null,null,null,null,null,null,null,32.18,KGEG 281653Z 21012G21KT 10SM SCT009 SCT045 BKN090 BKN150 04/03 A2972 RMK AO2 SLP077 T00440033,null
GEG,2024-12-28 17:53,41,38,88.97,210,16,0,29.73,1007.9,10,null,FEW,FEW,SCT,BKN,900,4000,8000,15000,null,null,null,null,26,210,2024-12-28 17:40,32.15,KGEG 281753Z 21016KT 10SM FEW009 FEW040 SCT080 BKN150 05/03 A2973 RMK AO2 PK WND 21026/1740 SLP079 T00500033 10050 20033 51022,null
GEG,2024-12-28 18:53,44,39,82.44,220,19,0,29.74,1007.8,10,29,FEW,FEW,FEW,SCT,900,3500,8000,15000,null,null,null,null,29,210,2024-12-28 18:50,35.31,KGEG 281853Z 22019G29KT 10SM FEW009 FEW035 FEW080 SCT150 07/04 A2974 RMK AO2 PK WND 21029/1850 SLP078 T00670039,null
GEG,2024-12-28 19:53,44,39,82.44,220,22,0,29.74,1007.9,10,29,FEW,FEW,SCT,SCT,1000,4000,8000,16000,null,null,null,null,29,210,2024-12-28 19:52,34.65,KGEG 281953Z 22022G29KT 10SM FEW010 FEW040 SCT080 SCT160 07/04 A2974 RMK AO2 PK WND 21029/1952 SLP079 T00670039,null
GEG,2024-12-28 20:44,45,39,79.36,210,21,0,29.76,null,10,30,BKN,null,null,null,1900,null,null,null,null,null,null,null,32,210,2024-12-28 20:33,36.19,KGEG 282044Z 21021G30KT 10SM BKN019 07/04 A2976 RMK AO2 PK WND 21032/2033 T00720039,null
GEG,2024-12-28 20:53,45,39,79.36,210,15,0,29.76,1008.5,10,27,BKN,null,null,null,2000,null,null,null,null,null,null,null,32,210,2024-12-28 20:33,37.63,KGEG 282053Z 21015G27KT 10SM BKN020 07/04 A2976 RMK AO2 PK WND 21032/2033 SLP085 T00720039 53009,null
GEG,2024-12-28 21:53,44,39,82.44,210,16,0,29.76,1008.8,10,25,BKN,BKN,null,null,2200,17000,null,null,null,null,null,null,30,210,2024-12-28 21:27,36.06,KGEG 282153Z 21016G25KT 10SM BKN022 BKN170 07/04 A2976 RMK AO2 PK WND 21030/2127 SLP088 T00670039,null
GEG,2024-12-28 22:33,44,39,82.44,220,17,0,29.78,null,10,25,SCT,BKN,null,null,2000,18000,null,null,null,null,null,null,null,null,null,35.8,KGEG 282233Z 22017G25KT 10SM SCT020 BKN180 07/04 A2978 RMK AO2 T00670039,null
GEG,2024-12-28 22:53,44,39,82.44,220,21,0,29.79,1009.7,10,27,SCT,SCT,BKN,null,2000,7000,18000,null,null,null,null,null,27,220,2024-12-28 22:53,34.86,KGEG 282253Z 22021G27KT 10SM SCT020 SCT070 BKN180 07/04 A2979 RMK AO2 PK WND 22027/2253 SLP097 T00670039,null
GEG,2024-12-28 23:53,43,39,85.66,210,18,0,29.8,1010.2,10,null,FEW,SCT,BKN,null,1800,7000,18000,null,null,null,null,null,26,220,2024-12-28 23:21,34.23,KGEG 282353Z 21018KT 10SM FEW018 SCT070 BKN180 06/04 A2980 RMK AO2 PK WND 22026/2321 SLP102 T00610039 10072 20050 53014,null
GEG,2024-12-29 0:53,43,39,85.66,210,16,0,29.82,1010.9,10,null,FEW,FEW,SCT,BKN,1000,2000,7000,18000,null,null,null,null,27,210,2024-12-29 0:30,34.76,KGEG 290053Z 21016KT 10SM FEW010 FEW020 SCT070 BKN180 06/04 A2982 RMK AO2 PK WND 21027/0030 SLP109 T00610039,null
GEG,2024-12-29 1:53,42,39,89.01,210,15,0,29.83,1011.2,10,23,FEW,FEW,OVC,null,2000,7000,20000,null,null,null,null,null,null,null,null,33.74,KGEG 290153Z 21015G23KT 10SM FEW020 FEW070 OVC200 06/04 A2983 RMK AO2 SLP112 T00560039,null
GEG,2024-12-29 2:53,42,38,85.6,210,15,0,29.83,1011.4,10,21,FEW,FEW,BKN,null,2000,7000,20000,null,null,null,null,null,null,null,null,33.74,KGEG 290253Z 21015G21KT 10SM FEW020 FEW070 BKN200 06/03 A2983 RMK AO2 SLP114 T00560033 51009,null
GEG,2024-12-29 3:53,42,37,82.3,220,14,0,29.85,1011.7,10,null,FEW,FEW,BKN,null,2000,7000,22000,null,null,null,null,null,null,null,null,34.05,KGEG 290353Z 22014KT 10SM FEW020 FEW070 BKN220 06/03 A2985 RMK AO2 SLP117 T00560028,null
GEG,2024-12-29 4:53,41,36,82.22,210,11,0,29.84,1011.6,10,null,FEW,OVC,null,null,7000,22000,null,null,null,null,null,null,null,null,null,33.84,KGEG 290453Z 21011KT 10SM FEW070 OVC220 05/02 A2984 RMK AO2 SLP116 T00500022,null
GEG,2024-12-29 5:53,40,36,85.48,200,6,0,29.83,1011.3,10,null,FEW,FEW,OVC,null,2000,7000,22000,null,null,null,null,null,null,null,null,35.17,KGEG 290553Z 20006KT 10SM FEW020 FEW070 OVC220 04/02 A2983 RMK AO2 SLP113 T00440022 10061 20044 50000,null
GEG,2024-12-29 6:53,39,36,88.87,170,4,0,29.83,1011,10,null,FEW,FEW,BKN,null,2000,7000,22000,null,null,null,null,null,null,null,null,35.59,KGEG 290653Z 17004KT 10SM FEW020 FEW070 BKN220 04/02 A2983 RMK AO2 SLP110 T00390022,null
GEG,2024-12-29 7:53,38,36,92.42,140,6,0,29.82,1010.8,10,null,FEW,FEW,SCT,null,1500,14000,25000,null,null,null,null,null,null,null,null,32.76,KGEG 290753Z 14006KT 10SM FEW015 FEW140 SCT250 03/02 A2982 RMK AO2 SLP108 T00330022 400720033,null
GEG,2024-12-29 8:53,38,37,96.14,160,7,0,29.8,1010,10,null,FEW,FEW,SCT,BKN,1500,7000,16000,20000,null,null,null,null,null,null,null,32.09,KGEG 290853Z 16007KT 10SM FEW015 FEW070 SCT160 BKN200 03/03 A2980 RMK AO2 PRESFR SLP100 T00330028 58012,null
GEG,2024-12-29 9:53,38,36,92.42,160,5,0,29.77,1009.2,10,null,FEW,FEW,OVC,null,1500,6000,15000,null,null,null,null,null,null,null,null,33.52,KGEG 290953Z 16005KT 10SM FEW015 FEW060 OVC150 03/02 A2977 RMK AO2 SLP092 T00330022,null
GEG,2024-12-29 10:53,37,36,96.13,160,5,0,29.76,1008.8,10,null,FEW,FEW,OVC,null,5500,12000,13000,null,null,null,null,null,null,null,null,32.33,KGEG 291053Z 16005KT 10SM FEW055 FEW120 OVC130 03/02 A2976 RMK AO2 SLP088 T00280022,null
GEG,2024-12-29 11:53,38,35,88.83,170,4,0,29.72,1007.5,10,null,BKN,OVC,null,null,6000,8000,null,null,null,null,null,null,null,null,null,34.43,KGEG 291153Z 17004KT 10SM BKN060 OVC080 03/02 A2972 RMK AO2 SLP075 T00330017 10050 20028 58023,null
GEG,2024-12-29 12:53,38,35,88.83,120,3,T,29.68,1005.9,10,null,FEW,OVC,null,null,5500,7500,null,null,null,null,null,null,null,null,null,35.55,KGEG 291253Z 12003KT 10SM FEW055 OVC075 03/02 A2968 RMK AO2 RAB14E42 SLP059 P0000 T00330017,null
GEG,2024-12-29 13:53,38,36,92.42,50,5,T,29.63,1004.5,10,null,OVC,null,null,null,4500,null,null,null,#NAME?,null,null,null,null,null,null,33.52,KGEG 291353Z 05005KT 10SM -RA OVC045 03/02 A2963 RMK AO2 RAB45 SLP045 P0000 T00330022,null
GEG,2024-12-29 14:39,37,37,100,80,3,T,29.63,null,8,null,OVC,null,null,null,2700,null,null,null,#NAME?,null,null,null,null,null,null,34.4,KGEG 291439Z 08003KT 8SM -RA OVC027 03/03 A2963 RMK AO2 P0000 T00280028,null
GEG,2024-12-29 14:53,37,37,100,70,5,0.01,29.62,1004,6,null,OVC,null,null,null,2300,null,null,null,#NAME?,null,null,null,null,null,null,32.33,KGEG 291453Z 07005KT 6SM -RA BR OVC023 03/03 A2962 RMK AO2 SLP040 P0001 60001 T00280028 56033,null
GEG,2024-12-29 15:53,37,37,100,70,4,0.04,29.62,1003.9,6,null,FEW,OVC,null,null,1000,1800,null,null,#NAME?,null,null,null,null,null,null,33.26,KGEG 291553Z 07004KT 6SM -RA BR FEW010 OVC018 03/03 A2962 RMK AO2 SLP039 P0004 T00280028,null
GEG,2024-12-29 16:53,37,37,100,20,5,0.06,29.62,1004,5,null,SCT,OVC,null,null,1000,1600,null,null,#NAME?,null,null,null,null,null,null,32.33,KGEG 291653Z 02005KT 5SM -RA BR SCT010 OVC016 03/03 A2962 RMK AO2 SLP040 P0006 T00280028,null
GEG,2024-12-29 17:26,37,36,96.13,40,8,0.05,29.62,null,4,null,BKN,OVC,null,null,800,1400,null,null,#NAME?,null,null,null,null,null,null,30.27,KGEG 291726Z 04008KT 4SM -RA BR BKN008 OVC014 03/02 A2962 RMK AO2 P0005 T00280022,null
GEG,2024-12-29 17:40,36,36,100,20,10,0.07,29.62,null,4,null,BKN,OVC,null,null,800,1300,null,null,#NAME?,null,null,null,null,null,null,27.98,KGEG 291740Z 02010KT 4SM -RASN BR BKN008 OVC013 02/02 A2962 RMK AO2 SNB40 P0007 T00220022,null
GEG,2024-12-29 17:53,36,36,100,20,7,0.08,29.63,1004.4,4,null,BKN,OVC,null,null,800,1500,null,null,#NAME?,null,null,null,null,null,null,29.65,KGEG 291753Z 02007KT 4SM -RASN BR BKN008 OVC015 02/02 A2963 RMK AO2 SNB40 SLP044 P0008 60019 T00220022 10039 20022 53002,null
GEG,2024-12-29 18:53,36,36,100,360,8,0.06,29.62,1004.2,3,null,BKN,BKN,OVC,null,600,1000,1500,null,#NAME?,null,null,null,null,null,null,29.04,KGEG 291853Z 36008KT 3SM -SNRA BR BKN006 BKN010 OVC015 02/02 A2962 RMK AO2 SLP042 P0006 T00220022,null
GEG,2024-12-29 19:25,36,36,100,360,8,0.03,29.63,null,2,null,BKN,OVC,null,null,600,1000,null,null,#NAME?,null,null,null,null,null,null,29.04,KGEG 291925Z 36008KT 2SM -SNRA BR BKN006 OVC010 02/02 A2963 RMK AO2 P0003 T00220022,null
GEG,2024-12-29 19:53,36,36,100,340,10,0.08,29.63,1004.7,2,null,OVC,null,null,null,600,null,null,null,#NAME?,null,null,null,null,null,null,27.98,KGEG 291953Z 34010KT 2SM -SNRA BR OVC006 02/02 A2963 RMK AO2 SLP047 P0008 T00220022,null
GEG,2024-12-29 20:53,36,36,100,320,6,0.04,29.65,1005.4,4,null,OVC,null,null,null,600,null,null,null,#NAME?,null,null,null,null,null,null,30.35,KGEG 292053Z 32006KT 4SM -RASN BR OVC006 02/02 A2965 RMK AO2 SLP054 P0004 60018 T00220022 53008,null
GEG,2024-12-29 21:53,38,37,96.14,290,8,0.01,29.67,1006,7,null,BKN,OVC,null,null,800,1200,null,null,#NAME?,null,null,null,null,null,null,31.5,KGEG 292153Z 29008KT 7SM -RA BKN008 OVC012 03/03 A2967 RMK AO2 SNE53 SLP060 P0001 T00330028,null
GEG,2024-12-29 22:53,38,38,100,260,11,0.01,29.7,1007.1,6,null,BKN,BKN,OVC,null,800,1200,2000,null,#NAME?,null,null,null,null,null,null,30.05,KGEG 292253Z 26011KT 6SM -RA BR BKN008 BKN012 OVC020 03/03 A2970 RMK AO2 SLP071 P0001 T00330033,null
GEG,2024-12-29 23:33,37,36,96.13,260,10,0.03,29.73,null,6,null,BKN,OVC,null,null,800,2000,null,null,#NAME?,null,null,null,null,null,null,29.24,KGEG 292333Z 26010KT 6SM -RASN BR BKN008 OVC020 03/02 A2973 RMK AO2 SNB33 P0003 T00280022,null
GEG,2024-12-29 23:53,37,37,100,260,10,0.05,29.74,1008.3,6,null,BKN,OVC,null,null,800,1800,null,null,#NAME?,null,null,null,null,null,null,29.24,KGEG 292353Z 26010KT 6SM -RA BR BKN008 OVC018 03/03 A2974 RMK AO2 SNB33E53 SLP083 P0005 60025 T00280028 10033 20022 53027,null
GEG,2024-12-30 0:24,37,36,96.13,250,12,0.02,29.76,null,7,null,BKN,OVC,null,null,900,1600,null,null,#NAME?,null,null,null,null,null,null,28.37,KGEG 300024Z 25012KT 7SM -RASN BKN009 OVC016 03/02 A2976 RMK AO2 SNB23 P0002 T00280022,null
GEG,2024-12-30 0:53,35,35,100,240,11,0.04,29.77,1009.5,7,null,BKN,OVC,null,null,800,1700,null,null,#NAME?,null,null,null,null,null,null,26.26,KGEG 300053Z 24011KT 7SM -SNRA BKN008 OVC017 02/02 A2977 RMK AO2 SNB23 SLP095 P0004 T00170017,null
GEG,2024-12-30 1:39,34,34,100,230,10,0.02,29.79,null,2,null,SCT,OVC,null,null,600,1900,null,null,#NAME?,null,null,null,null,null,null,25.48,KGEG 300139Z 23010KT 2SM -SN BR SCT006 OVC019 01/01 A2979 RMK AO2 TWR VIS 3 RAE14 P0002 T00110011,null
GEG,2024-12-30 1:53,34,34,100,230,9,0.03,29.8,1010.5,2,null,SCT,OVC,null,null,600,1900,null,null,#NAME?,null,null,null,null,null,null,26,KGEG 300153Z 23009KT 2SM -SN BR SCT006 OVC019 01/01 A2980 RMK AO2 TWR VIS 3 RAE14 SLP105 P0003 T00110011,null
GEG,2024-12-30 2:24,34,34,100,230,9,0.01,29.81,null,3,null,FEW,OVC,null,null,600,1900,null,null,#NAME?,null,null,null,null,null,null,26,KGEG 300224Z 23009KT 3SM -SN BR FEW006 OVC019 01/01 A2981 RMK AO2 SFC VIS 4 P0001 T00110011,null
GEG,2024-12-30 2:53,34,34,100,230,9,0.02,29.81,1011.1,7,null,FEW,SCT,OVC,null,600,2000,2900,null,#NAME?,null,null,null,null,null,null,26,KGEG 300253Z 23009KT 7SM -SN FEW006 SCT020 OVC029 01/01 A2981 RMK AO2 SLP111 P0002 60009 T00110011 51024,null
GEG,2024-12-30 3:05,34,34,100,230,9,T,29.82,null,7,null,SCT,BKN,OVC,null,600,3000,4000,null,null,null,null,null,null,null,null,26,KGEG 300305Z 23009KT 7SM SCT006 BKN030 OVC040 01/01 A2982 RMK AO2 SNE04 P0000 T00110011,null
GEG,2024-12-30 3:16,34,34,100,230,8,T,29.82,null,0.75,null,BKN,OVC,null,null,400,4000,null,null,BR,null,null,null,null,null,null,26.58,KGEG 300316Z 23008KT 3/4SM R21/P6000FT BR BKN004 OVC040 01/01 A2982 RMK AO2 SFC VIS 4 SNE04 VIS E 2 W 1 P0000 T00110011,null
GEG,2024-12-30 3:25,34,34,100,230,8,T,29.83,null,0.5,null,OVC,null,null,null,400,null,null,null,BR,null,null,null,null,null,null,26.58,KGEG 300325Z COR 23008KT 1/2SM R21/P6000FT BR OVC004 01/01 A2983 RMK AO2 SFC VIS 1 SNE04 P0000 T00110011,null
GEG,2024-12-30 3:53,34,34,100,230,7,T,29.84,1011.9,0.75,null,OVC,null,null,null,400,null,null,null,BR,null,null,null,null,null,null,27.22,KGEG 300353Z 23007KT 3/4SM R21/P6000FT BR OVC004 01/01 A2984 RMK AO2 SFC VIS 3 SNE04 SLP119 VIS N 1 1/2 SE 2 NW 1 1/2 P0000 T00110011,null
GEG,2024-12-30 3:57,35,35,100,230,9,0,29.84,null,0.5,null,OVC,null,null,null,300,null,null,null,BR,null,null,null,null,null,null,27.24,KGEG 300357Z 23009KT 1/2SM R21/P6000FT BR OVC003 02/02 A2984 RMK AO2 SFC VIS 2 VIS N 1 NW 1 T00170017,null
GEG,2024-12-30 4:11,35,35,100,220,7,T,29.85,null,0.5,null,OVC,null,null,null,400,null,null,null,#NAME?,null,null,null,null,null,null,28.44,KGEG 300411Z 22007KT 1/2SM R21/P6000FT -RASN OVC004 02/02 A2985 RMK AO2 SFC VIS 2 RAB10SNB10 P0000 T00170017,null
GEG,2024-12-30 4:24,35,35,100,230,8,T,29.85,null,1,null,OVC,null,null,null,400,null,null,null,#NAME?,null,null,null,null,null,null,27.81,KGEG 300424Z 23008KT 1SM R21/P6000FT -RASN OVC004 02/02 A2985 RMK AO2 SFC VIS 3 RAB10SNB10 VIS W-NW 1 1/2 P0000 T00170017,null
GEG,2024-12-30 4:53,36,36,100,230,8,T,29.86,1012.5,3,null,SCT,OVC,null,null,400,700,null,null,#NAME?,null,null,null,null,null,null,29.04,KGEG 300453Z 23008KT 3SM -RA SCT004 OVC007 02/02 A2986 RMK AO2 RAB10SNB10E49 SLP125 VIS W-NW 1 1/2 P0000 T00220022,null
GEG,2024-12-30 5:53,37,37,100,240,10,0.02,29.88,1013.2,7,null,FEW,BKN,OVC,null,400,700,1000,null,#NAME?,null,null,null,null,null,null,29.24,KGEG 300553Z 24010KT 7SM -RA FEW004 BKN007 OVC010 03/03 A2988 RMK AO2 SLP132 P0002 60011 T00280028 10028 20006 51020,null
GEG,2024-12-30 6:53,36,36,100,240,11,0.01,29.9,1014,5,null,FEW,BKN,OVC,null,500,800,2000,null,#NAME?,null,null,null,null,null,null,27.52,KGEG 300653Z 24011KT 5SM -RASN FEW005 BKN008 OVC020 02/02 A2990 RMK AO2 SNB51 SLP140 P0001 T00220022,null
GEG,2024-12-30 6:59,36,36,100,240,11,T,29.9,null,5,null,FEW,BKN,OVC,null,500,800,2000,null,#NAME?,null,null,null,null,null,null,27.52,KGEG 300659Z 24011KT 5SM -RA BR FEW005 BKN008 OVC020 02/02 A2990 RMK AO2 SNE59 P0000 T00220022,null
GEG,2024-12-30 7:53,36,36,100,240,14,0.03,29.93,1015,5,null,FEW,BKN,OVC,null,500,800,1500,null,#NAME?,null,null,null,null,null,null,26.32,KGEG 300753Z 24014KT 5SM -RA BR FEW005 BKN008 OVC015 02/02 A2993 RMK AO2 SNE0659 SLP150 P0003 T00220022 400390006,null
GEG,2024-12-30 8:53,35,35,100,250,14,0.09,29.95,1015.7,8,null,BKN,OVC,null,null,600,1800,null,null,#NAME?,null,null,null,null,null,null,25.03,KGEG 300853Z 25014KT 8SM -RA BKN006 OVC018 02/02 A2995 RMK AO2 SLP157 P0009 60013 T00170017 53022,null
GEG,2024-12-30 9:26,34,34,100,250,14,0.03,29.97,null,2,null,BKN,OVC,null,null,600,1100,null,null,#NAME?,null,null,null,null,null,null,23.74,KGEG 300926Z 25014KT 2SM -SNRA BR BKN006 OVC011 01/01 A2997 RMK AO2 SNB26 TWR VIS 4+ P0003 T00110011,null
GEG,2024-12-30 9:53,33,33,100,250,13,0.09,29.99,1017.1,1,null,OVC,null,null,null,600,null,null,null,#NAME?,null,null,null,null,null,null,22.85,KGEG 300953Z COR 25013KT 1SM R21/5500VP6000FT -SNRA BR OVC006 01/01 A2999 RMK AO2 SFC VIS 1 1/2 SNB26 SLP171 P0009 T00060006,null
GEG,2024-12-30 10:53,34,34,100,250,21,0.11,30.02,1018.3,1,28,OVC,null,null,null,900,null,null,null,#NAME?,null,null,null,28,250,2024-12-30 10:52,21.52,KGEG 301053Z 25021G28KT 1SM R21/P6000FT -SN BR OVC009 01/01 A3002 RMK AO2 PK WND 25028/1052 SFC VIS 2 RAE29 SLP183 SNINCR 1/1 P0011 T00110011,null
GEG,2024-12-30 11:53,33,33,100,260,11,0.05,30.06,1019.7,1,null,BKN,OVC,null,null,700,1300,null,null,#NAME?,null,null,null,27,250,2024-12-30 10:57,23.73,KGEG 301153Z 26011KT 1SM R21/P6000FT -SN BR BKN007 OVC013 01/01 A3006 RMK AO2 PK WND 25027/1057 SFC VIS 2 SLP197 4/001 P0005 60038 70093 T00060006 10028 20006 53036,1
GEG,2024-12-30 12:34,33,33,100,230,11,0.02,30.07,null,3,null,SCT,BKN,OVC,null,600,1800,4000,null,BR,null,null,null,null,null,null,23.73,KGEG 301234Z 23011KT 3SM BR SCT006 BKN018 OVC040 01/01 A3007 RMK AO2 SNE34 P0002 T00060006,null
GEG,2024-12-30 12:53,34,34,100,230,10,0.02,30.08,1020.2,3,null,SCT,BKN,OVC,null,600,1800,4000,null,BR,null,null,null,null,null,null,25.48,KGEG 301253Z 23010KT 3SM BR SCT006 BKN018 OVC040 01/01 A3008 RMK AO2 SNE34 SLP202 P0002 T00110011,null
GEG,2024-12-30 13:53,33,32,96.06,200,10,0,30.1,1021.1,5,null,SCT,BKN,OVC,null,600,1800,4000,null,BR,null,null,null,null,null,null,24.22,KGEG 301353Z 20010KT 5SM BR SCT006 BKN018 OVC040 01/00 A3010 RMK AO2 SLP211 T00060000,null
GEG,2024-12-30 14:24,32,32,100,220,14,0,30.11,null,10,null,FEW,OVC,null,null,600,7000,null,null,null,null,null,null,null,null,null,21.16,KGEG 301424Z 22014KT 10SM FEW006 OVC070 00/00 A3011 RMK AO2 T00000000,null
GEG,2024-12-30 14:53,32,31,96.04,220,12,0,30.12,1021.9,10,null,FEW,BKN,OVC,null,600,7000,11000,null,null,null,null,null,null,null,null,22,KGEG 301453Z 22012KT 10SM FEW006 BKN070 OVC110 00/M01 A3012 RMK AO2 SLP219 60002 T00001006 53018,null
GEG,2024-12-30 15:53,31,30,96.02,200,9,0,30.15,1022.9,10,null,SCT,BKN,OVC,null,400,7500,11000,null,null,null,null,null,null,null,null,22.27,KGEG 301553Z 20009KT 10SM SCT004 BKN075 OVC110 M01/M01 A3015 RMK AO2 SLP229 T10061011,null
GEG,2024-12-30 16:00,31,30,96.02,200,9,0,30.15,null,10,null,BKN,BKN,OVC,null,400,7500,11000,null,null,null,null,null,null,null,null,22.27,KGEG 301600Z 20009KT 10SM BKN004 BKN075 OVC110 M01/M01 A3015 RMK AO2 T10061011,null
GEG,2024-12-30 16:25,31,31,100,210,13,0,30.17,null,10,20,SCT,SCT,BKN,null,500,7500,11000,null,null,null,null,null,null,null,null,20.29,KGEG 301625Z 21013G20KT 10SM SCT005 SCT075 BKN110 M01/M01 A3017 RMK AO2 T10061006,null
GEG,2024-12-30 16:53,31,30,96.02,210,10,0,30.18,1024,10,null,FEW,SCT,BKN,BKN,500,7500,11000,16000,null,null,null,null,null,null,null,21.71,KGEG 301653Z 21010KT 10SM FEW005 SCT075 BKN110 BKN160 M01/M01 A3018 RMK AO2 SLP240 T10061011,null
GEG,2024-12-30 17:53,31,31,100,210,10,0,30.21,1024.9,10,null,SCT,SCT,BKN,BKN,400,7500,11000,16000,null,null,null,null,null,null,null,21.71,KGEG 301753Z 21010KT 10SM SCT004 SCT075 BKN110 BKN160 M01/M01 A3021 RMK AO2 SLP249 VIRGA 4/001 60002 T10061006 10011 21006 51028,1
GEG,2024-12-30 18:00,32,31,100,220,10,0,30.21,null,10,null,SCT,SCT,BKN,BKN,500,7500,11000,16000,null,null,null,null,null,null,null,21.71,KGEG 301800Z COR 22010KT 10SM SCT005 SCT075 BKN110 BKN160 00/M01 A3021 RMK AO2 T00001006,null
GEG,2024-12-30 18:06,32,31,96.04,210,9,0,30.21,null,10,null,SCT,SCT,BKN,BKN,500,7500,11000,16000,null,null,null,null,null,null,null,23.51,KGEG 301806Z 21009KT 10SM SCT005 SCT075 BKN110 BKN160 00/M01 A3021 RMK AO2 T00001006,null
GEG,2024-12-30 18:53,32,31,96.04,220,7,0,30.22,1025.3,10,null,SCT,BKN,BKN,BKN,500,7500,10000,18000,null,null,null,null,null,null,null,24.78,KGEG 301853Z 22007KT 10SM SCT005 BKN075 BKN100 BKN180 00/M01 A3022 RMK AO2 SLP253 VIRGA SHRA DSNT NE-E T00001006,null
GEG,2024-12-30 19:53,33,32,96.06,190,4,0,30.23,1025.5,10,null,SCT,BKN,BKN,BKN,700,7500,10000,22000,null,null,null,null,null,null,null,28.59,KGEG 301953Z 19004KT 10SM SCT007 BKN075 BKN100 BKN220 01/00 A3023 RMK AO2 SLP255 VIRGA SHRA DSNT NE-E T00060000,null
GEG,2024-12-30 20:53,34,33,96.08,210,5,0,30.23,1025.5,10,null,SCT,BKN,BKN,BKN,900,7000,10000,22000,null,null,null,null,null,null,null,28.77,KGEG 302053Z 21005KT 10SM SCT009 BKN070 BKN100 BKN220 01/01 A3023 RMK AO2 SLP255 VIRGA T00110006 51007,null
GEG,2024-12-30 21:53,36,35,96.11,120,3,0,30.23,1025.5,10,null,BKN,BKN,BKN,BKN,1200,4500,8000,20000,null,null,null,null,null,null,null,33.26,KGEG 302153Z 12003KT 10SM BKN012 BKN045 BKN080 BKN200 02/02 A3023 RMK AO2 SLP255 VIRGA T00220017,null
GEG,2024-12-30 22:53,37,35,92.39,150,4,0,30.24,1025.8,10,null,FEW,FEW,SCT,BKN,1400,4500,16000,25000,null,null,null,null,null,null,null,33.26,KGEG 302253Z 15004KT 10SM FEW014 FEW045 SCT160 BKN250 03/02 A3024 RMK AO2 SLP258 T00280017,null
GEG,2024-12-30 23:53,36,36,100,120,3,0,30.25,1026.2,10,null,SCT,SCT,BKN,null,1800,5000,17000,null,null,null,null,null,null,null,null,33.26,KGEG 302353Z 12003KT 10SM SCT018 SCT050 BKN170 02/02 A3025 RMK AO2 SLP262 T00220022 10028 21006 53006,null
GEG,2024-12-31 0:17,36,35,96.11,120,4,0,30.26,null,10,null,BKN,BKN,BKN,null,1800,5000,17000,null,null,null,null,null,null,null,null,32.09,KGEG 310017Z 12004KT 10SM BKN018 BKN050 BKN170 02/02 A3026 RMK AO2 T00220017,null
GEG,2024-12-31 0:53,35,35,100,140,3,0,30.26,1026.6,10,null,BKN,BKN,BKN,null,1800,5000,17000,null,null,null,null,null,null,null,null,32.12,KGEG 310053Z 14003KT 10SM BKN018 BKN050 BKN170 02/02 A3026 RMK AO2 SLP266 T00170017,null
GEG,2024-12-31 1:53,34,34,100,170,4,0,30.26,1026.7,10,null,BKN,BKN,null,null,2800,17000,null,null,null,null,null,null,null,null,null,29.76,KGEG 310153Z 17004KT 10SM BKN028 BKN170 01/01 A3026 RMK AO2 SLP267 T00110011,null
GEG,2024-12-31 2:53,34,33,96.08,230,5,0,30.26,1026.8,10,null,FEW,BKN,BKN,null,2000,2800,16000,null,null,null,null,null,null,null,null,28.77,KGEG 310253Z 23005KT 10SM FEW020 BKN028 BKN160 01/01 A3026 RMK AO2 SLP268 T00110006 50003,null
GEG,2024-12-31 3:40,34,33,96.08,0,0,0,30.27,null,10,null,FEW,BKN,BKN,null,2000,3000,16000,null,null,null,null,null,null,null,null,34,KGEG 310340Z 00000KT 10SM FEW020 BKN030 BKN160 01/01 A3027 RMK AO2 T00110006,null
GEG,2024-12-31 3:53,35,33,92.32,0,0,0,30.27,1027.1,10,null,FEW,BKN,BKN,null,2200,3200,16000,null,null,null,null,null,null,null,null,35,KGEG 310353Z 00000KT 10SM FEW022 BKN032 BKN160 02/01 A3027 RMK AO2 SLP271 T00170006,null
GEG,2024-12-31 4:53,33,33,100,0,0,0,30.27,1027.3,10,null,FEW,SCT,SCT,null,2100,3500,15000,null,null,null,null,null,null,null,null,33,KGEG 310453Z 00000KT 10SM FEW021 SCT035 SCT150 01/01 A3027 RMK AO2 SLP273 T00060006,null
GEG,2024-12-31 5:53,31,31,100,0,0,0,30.27,1027.4,10,null,FEW,FEW,SCT,null,100,3000,16000,null,null,null,null,null,null,null,null,31,KGEG 310553Z 00000KT 10SM FEW001 FEW030 SCT160 M01/M01 A3027 RMK AO2 SLP274 T10061006 10022 21006 51004,null
GEG,2024-12-31 6:48,30.2,30.2,100,0,0,0,30.28,null,0.5,null,SCT,BKN,BKN,null,100,600,16000,null,BR,null,null,null,null,null,null,30.2,KGEG 310648Z 00000KT 1/2SM R21/P6000FT BR SCT001 BKN006 BKN160 M01/M01 A3028 RMK AO2 SFC VIS 3 VIS N-E 3/4,null
GEG,2024-12-31 6:53,30,30,100,0,0,0,30.28,1027.6,0.5,null,SCT,BKN,BKN,null,100,800,16000,null,BR,null,null,null,null,null,null,30,KGEG 310653Z 00000KT 1/2SM R21/P6000FT BR SCT001 BKN008 BKN160 M01/M01 A3028 RMK AO2 SFC VIS 2 SLP276 VIS N-E 1/2 T10111011,null
GEG,2024-12-31 7:12,30,30,100,0,0,0,30.27,null,0.25,null,BKN,BKN,BKN,null,200,800,16000,null,FZFG,null,null,null,null,null,null,30,KGEG 310712Z 00000KT 1/4SM R21/1000V2200FT FZFG BKN002 BKN008 BKN160 M01/M01 A3027 RMK AO2 TWR VIS 1/2 T10111011,null
GEG,2024-12-31 7:53,29,29,100,0,0,0,30.27,1027.3,0.25,null,VV ,null,null,null,200,null,null,null,FZFG,0.01,null,null,null,null,null,29,KGEG 310753Z 00000KT 1/4SM R21/0700V0800FT FZFG VV002 M02/M02 A3027 RMK AO2 TWR VIS 1/2 SLP273 I1001 T10171017 400281017,null
GEG,2024-12-31 8:16,29,29,100,0,0,0,30.27,null,0.25,null,VV ,null,null,null,200,null,null,null,FZFG,null,null,null,null,null,null,29,KGEG 310816Z 00000KT 1/4SM R21/1400V2400FT FZFG VV002 M02/M02 A3027 RMK AO2 TWR VIS 1/2 T10171017,null
GEG,2024-12-31 8:39,30,30,100,0,0,0,30.28,null,0.25,null,VV ,null,null,null,200,null,null,null,FZFG,null,null,null,null,null,null,30,KGEG 310839Z 00000KT 1/4SM R21/1800V2200FT FZFG VV002 M01/M01 A3028 RMK AO2 TWR VIS 1/2 T10111011,null
GEG,2024-12-31 8:53,30,30,100,0,0,0,30.28,1027.4,0.25,null,VV ,null,null,null,200,null,null,null,FZFG,null,0.01,null,null,null,null,30,KGEG 310853Z 00000KT 1/4SM R21/2600V3000FT FZFG VV002 M01/M01 A3028 RMK AO2 TWR VIS 1/2 SLP274 I3001 T10111011 53001,null
GEG,2024-12-31 9:15,31,31,100,0,0,0,30.28,null,0.25,null,VV ,null,null,null,200,null,null,null,FZFG,null,null,null,null,null,null,31,KGEG 310915Z 00000KT 1/4SM R21/1600V1800FT FZFG VV002 M01/M01 A3028 RMK AO2 TWR VIS 1/2 T10061006,null
GEG,2024-12-31 9:53,31,31,100,200,3,0,30.28,1027.4,0.25,null,VV ,null,null,null,200,null,null,null,FZFG,T,null,null,null,null,null,27.55,KGEG 310953Z 20003KT 1/4SM R21/1000V1200FT FZFG VV002 M01/M01 A3028 RMK AO2 TWR VIS 1/2 SLP274 I1000 T10061006,null
GEG,2024-12-31 10:42,31,31,100,0,0,0,30.29,null,0.25,null,VV ,null,null,null,200,null,null,null,FZFG,null,null,null,null,null,null,31,KGEG 311042Z 00000KT 1/4SM R21/2000V3000FT FZFG VV002 M01/M01 A3029 RMK AO2 TWR VIS 1/2 T10061006,null
GEG,2024-12-31 10:53,31,31,100,0,0,0,30.28,1027.4,1,null,BKN,null,null,null,400,null,null,null,BR,null,null,null,null,null,null,31,KGEG 311053Z 00000KT 1SM R21/2400VP6000FT BR BKN004 M01/M01 A3028 RMK AO2 SLP274 T10061006,null
GEG,2024-12-31 11:45,31,31,100,0,0,0,30.27,null,1,null,SCT,BKN,null,null,200,500,null,null,BR,null,null,null,null,null,null,31,KGEG 311145Z 00000KT 1SM R21/P6000FT BR SCT002 BKN005 M01/M01 A3027 RMK AO2 SFC VIS 2 T10061006,null
GEG,2024-12-31 11:53,31,31,100,0,0,0,30.28,1027.2,1,null,SCT,BKN,null,null,200,500,null,null,BR,null,null,0.01,null,null,null,31,KGEG 311153Z 00000KT 1SM R21/P6000FT BR SCT002 BKN005 M01/M01 A3028 RMK AO2 SFC VIS 2 SLP272 70002 I6001 T10061006 10000 21017 58001,null
GEG,2024-12-31 12:53,32,32,100,0,0,0,30.27,1027.1,1.5,null,SCT,OVC,null,null,300,800,null,null,BR,null,null,null,null,null,null,32,KGEG 311253Z 00000KT 1 1/2SM BR SCT003 OVC008 00/00 A3027 RMK AO2 SFC VIS 3 SLP271 T00000000,null
GEG,2024-12-31 13:42,32,32,100,0,0,0,30.27,null,3,null,SCT,BKN,null,null,300,800,null,null,BR,null,null,null,null,null,null,32,KGEG 311342Z 00000KT 3SM BR SCT003 BKN008 00/00 A3027 RMK AO2 T00000000,null
GEG,2024-12-31 13:53,32,32,100,0,0,0,30.27,1027,3,null,SCT,BKN,null,null,300,800,null,null,BR,null,null,null,null,null,null,32,KGEG 311353Z 00000KT 3SM BR SCT003 BKN008 00/00 A3027 RMK AO2 SLP270 T00000000,null
GEG,2024-12-31 14:53,31,31,100,80,3,0,30.27,1026.9,3,null,BKN,BKN,null,null,700,5300,null,null,BR,null,null,null,null,null,null,27.55,KGEG 311453Z 08003KT 3SM BR BKN007 BKN053 M01/M01 A3027 RMK AO2 SFC VIS 5 SLP269 T10061006 57003,null
GEG,2024-12-31 15:53,31,31,100,130,4,0,30.26,1026.8,3,null,BKN,BKN,null,null,800,5000,null,null,BR,null,null,null,null,null,null,26.25,KGEG 311553Z 13004KT 3SM BR BKN008 BKN050 M01/M01 A3026 RMK AO2 SFC VIS 5 SLP268 VIRGA T10061006,null
GEG,2024-12-31 16:53,32,32,100,0,0,0,30.28,1027.3,3,null,BKN,OVC,null,null,500,3500,null,null,BR,null,null,null,null,null,null,32,KGEG 311653Z 00000KT 3SM BR BKN005 OVC035 00/00 A3028 RMK AO2 SFC VIS 5 SLP273 T00000000,null
GEG,2024-12-31 17:33,32,32,100,0,0,0,30.28,null,2,null,OVC,null,null,null,500,null,null,null,BR,null,null,null,null,null,null,32,KGEG 311733Z 00000KT 2SM BR OVC005 00/00 A3028 RMK AO2 SFC VIS 3 T00000000,null
GEG,2024-12-31 17:44,32,32,100,0,0,T,30.28,null,1.5,null,OVC,null,null,null,500,null,null,null,#NAME?,null,null,null,null,null,null,32,KGEG 311744Z 00000KT 1 1/2SM -SN BR OVC005 00/00 A3028 RMK AO2 TWR VIS 2 SNB44 P0000 T00000000,null
GEG,2024-12-31 17:53,32,32,100,0,0,T,30.28,1027.5,1.5,null,OVC,null,null,null,500,null,null,null,#NAME?,null,null,null,null,null,null,32,KGEG 311753Z 00000KT 1 1/2SM -SN BR OVC005 00/00 A3028 RMK AO2 TWR VIS 2 SNB44 SLP275 P0000 60000 T00000000 10000 21006 53004,null
GEG,2024-12-31 18:00,32,32,100,20,5,T,30.28,null,1.5,null,OVC,null,null,null,400,null,null,null,#NAME?,null,null,null,null,null,null,26.4,KGEG 311800Z 02005KT 1 1/2SM -SN BR OVC004 00/00 A3028 RMK AO2 P0000 T00000000,null
GEG,2024-12-31 18:26,32,32,100,40,5,0.01,30.27,null,0.75,null,OVC,null,null,null,400,null,null,null,#NAME?,null,null,null,null,null,null,26.4,KGEG 311826Z 04005KT 3/4SM R21/3500VP6000FT -SN BR OVC004 00/00 A3027 RMK AO2 TWR VIS 1 P0001 T00000000,null
GEG,2024-12-31 18:53,32,32,100,50,5,0.01,30.27,1027.2,0.5,null,OVC,null,null,null,300,null,null,null,BR,null,null,null,null,null,null,26.4,KGEG 311853Z 05005KT 1/2SM R21/P6000FT BR OVC003 00/00 A3027 RMK AO2 SFC VIS 1 SNE41 SLP272 P0001 T00000000,null
GEG,2024-12-31 19:39,32,32,100,70,4,T,30.25,null,0.5,null,OVC,null,null,null,400,null,null,null,#NAME?,null,null,null,null,null,null,27.42,KGEG 311939Z 07004KT 1/2SM R21/P6000FT -SN BR OVC004 00/00 A3025 RMK AO2 SFC VIS 1 1/2 SNB39 P0000 T00000000,null
GEG,2024-12-31 19:53,32,32,100,60,5,T,30.25,1026.4,0.5,null,VV ,null,null,null,200,null,null,null,#NAME?,null,null,null,null,null,null,26.4,KGEG 311953Z 06005KT 1/2SM R21/5500VP6000FT -SN FG VV002 00/00 A3025 RMK AO2 SNB39 SLP264 P0000 T00000000,null
GEG,2024-12-31 20:53,33,33,100,40,5,T,30.23,1025.8,0.5,null,OVC,null,null,null,300,null,null,null,BR,null,null,null,null,null,null,27.58,KGEG 312053Z 04005KT 1/2SM R21/P6000FT BR OVC003 01/01 A3023 RMK AO2 SFC VIS 1 1/4 SNE49 SLP258 P0000 60001 T00060006 58016,null
GEG,2024-12-31 21:08,33,33,100,30,3,T,30.23,null,0.5,null,OVC,null,null,null,300,null,null,null,#NAME?,null,null,null,null,null,null,29.83,KGEG 312108Z 03003KT 1/2SM R21/P6000FT -SN BR OVC003 01/01 A3023 RMK AO2 SFC VIS 1 1/4 SNB04 P0000 T00060006,null
GEG,2024-12-31 21:53,33,33,100,90,3,T,30.22,1025.4,0.5,null,OVC,null,null,null,400,null,null,null,#NAME?,null,null,null,null,null,null,29.83,KGEG 312153Z 09003KT 1/2SM R21/P6000FT -SN BR OVC004 01/01 A3022 RMK AO2 SFC VIS 1 1/2 SNB04 SLP254 P0000 T00060006,null
GEG,2024-12-31 22:04,34,34,100,30,3,T,30.22,null,1.25,null,OVC,null,null,null,300,null,null,null,BR,null,null,null,null,null,null,30.97,KGEG 312204Z 03003KT 1 1/4SM BR OVC003 01/01 A3022 RMK AO2 SFC VIS 2 1/2 SNE2157 P0000 T00110011,null
GEG,2024-12-31 22:46,33,33,100,350,4,T,30.22,null,0.25,null,OVC,null,null,null,300,null,null,null,BR,null,null,null,null,null,null,28.59,KGEG 312246Z 35004KT 1/4SM R21/P6000FT BR OVC003 01/01 A3022 RMK AO2 SFC VIS 2 SNE2157 P0000 T00060006,null
GEG,2024-12-31 22:53,34,34,100,30,5,T,30.21,1025,0.25,null,OVC,null,null,null,300,null,null,null,BR,null,null,null,null,null,null,28.77,KGEG 312253Z 03005KT 1/4SM R21/P6000FT BR OVC003 01/01 A3021 RMK AO2 SFC VIS 1 1/2 SNE2157 SLP250 P0000 T00110011,null
GEG,2024-12-31 23:53,34,34,100,60,5,0,30.2,1024.5,0.25,null,OVC,null,null,null,300,null,null,null,BR,null,null,null,null,null,null,28.77,KGEG 312353Z 06005KT 1/4SM R21/P6000FT BR OVC003 01/01 A3020 RMK AO2 SFC VIS 2 SLP245 60001 T00110011 10011 20000 58010,null