station,valid,tmpf,dwpf,relh,drct,sknt,p01i,alti,mslp,vsby,gust,skyc1,skyc2,skyc3,skyc4,skyl1,skyl2,skyl3,skyl4,wxcodes,ice_accretion_1hr,ice_accretion_3hr,ice_accretion_6hr,peak_wind_gust,peak_wind_drct,peak_wind_time,feel,metar,snowdepth
JFK,2023-12-01 0:51,46,35,65.26,200,15,0,30.15,1021,10,null,BKN,null,null,null,25000,null,null,null,null,null,null,null,null,null,null,38.93,KJFK 010051Z 20015KT 10SM BKN250 08/02 A3015 RMK AO2 SLP210 T00780017,null
JFK,2023-12-01 1:51,46,34,62.71,220,11,0,30.15,1021,10,null,BKN,null,null,null,25000,null,null,null,null,null,null,null,null,null,null,40.16,KJFK 010151Z 22011KT 10SM BKN250 08/01 A3015 RMK AO2 SLP210 T00780011,null
JFK,2023-12-01 2:51,45,34,65.13,220,9,0,30.15,1021,10,null,BKN,null,null,null,25000,null,null,null,null,null,null,null,null,null,null,39.68,KJFK 010251Z 22009KT 10SM BKN250 07/01 A3015 RMK AO2 SLP210 T00720011 51003,null
JFK,2023-12-01 3:51,44,34,67.66,230,11,0,30.17,1021.6,10,null,BKN,null,null,null,23000,null,null,null,null,null,null,null,null,null,null,37.63,KJFK 010351Z 23011KT 10SM BKN230 07/01 A3017 RMK AO2 SLP216 T00670011,null
JFK,2023-12-01 4:51,42,33,70.19,220,8,0,30.18,1021.8,10,null,BKN,null,null,null,22000,null,null,null,null,null,null,null,null,null,null,36.43,KJFK 010451Z 22008KT 10SM BKN220 06/01 A3018 RMK AO2 SLP218 T00560006 400940000,null
JFK,2023-12-01 5:51,42,33,70.19,220,9,0,30.16,1021.3,10,null,FEW,null,null,null,25000,null,null,null,null,null,null,null,null,null,null,35.95,KJFK 010551Z 22009KT 10SM FEW250 06/01 A3016 RMK AO2 SLP213 T00560006 10083 20056 50002,null
JFK,2023-12-01 6:51,41,33,72.96,230,8,0,30.18,1021.9,10,null,SCT,null,null,null,25000,null,null,null,null,null,null,null,null,null,null,35.2,KJFK 010651Z 23008KT 10SM SCT250 05/01 A3018 RMK AO2 SLP219 T00500006,null
JFK,2023-12-01 7:51,39,33,78.86,230,6,0,30.17,1021.7,10,null,SCT,null,null,null,25000,null,null,null,null,null,null,null,null,null,null,33.96,KJFK 010751Z 23006KT 10SM SCT250 04/01 A3017 RMK AO2 SLP217 T00390006,null
JFK,2023-12-01 8:51,38,33,82,230,6,0,30.17,1021.6,10,null,SCT,null,null,null,25000,null,null,null,null,null,null,null,null,null,null,32.76,KJFK 010851Z 23006KT 10SM SCT250 03/01 A3017 RMK AO2 SLP216 T00330006 50003,null
JFK,2023-12-01 9:51,37,33,85.29,230,7,0,30.18,1021.8,10,null,FEW,null,null,null,25000,null,null,null,null,null,null,null,null,null,null,30.87,KJFK 010951Z 23007KT 10SM FEW250 03/01 A3018 RMK AO2 SLP218 T00280006,null
JFK,2023-12-01 10:51,38,34,85.35,250,7,0,30.18,1021.9,10,null,FEW,null,null,null,25000,null,null,null,null,null,null,null,null,null,null,32.09,KJFK 011051Z 25007KT 10SM FEW250 03/01 A3018 RMK AO2 SLP219 T00330011,null
JFK,2023-12-01 11:51,37,34,88.78,220,6,0,30.18,1022,10,null,FEW,SCT,null,null,16000,25000,null,null,null,null,null,null,null,null,null,31.55,KJFK 011151Z 22006KT 10SM FEW160 SCT250 03/01 A3018 RMK AO2 SLP220 T00280011 10061 20017 51003,null
JFK,2023-12-01 12:51,41,36,82.22,230,7,0,30.19,1022.1,10,null,FEW,BKN,null,null,16000,25000,null,null,null,null,null,null,null,null,null,35.75,KJFK 011251Z 23007KT 10SM FEW160 BKN250 05/02 A3019 RMK AO2 SLP221 T00500022,null
JFK,2023-12-01 13:51,45,38,76.31,240,8,0,30.19,1022.1,10,null,FEW,BKN,null,null,16000,25000,null,null,null,null,null,null,null,null,null,40.13,KJFK 011351Z 24008KT 10SM FEW160 BKN250 07/03 A3019 RMK AO2 SLP221 T00720033,null
JFK,2023-12-01 14:51,46,38,73.47,220,6,0,30.17,1021.7,10,null,FEW,FEW,BKN,null,12000,16000,25000,null,null,null,null,null,null,null,null,42.39,KJFK 011451Z 22006KT 10SM FEW120 FEW160 BKN250 08/03 A3017 RMK AO2 SLP217 T00780033 58003,null
JFK,2023-12-01 15:51,46,38,73.47,200,5,0,30.17,1021.6,10,null,FEW,BKN,OVC,null,12000,16000,25000,null,null,null,null,null,null,null,null,43.02,KJFK 011551Z 20005KT 10SM FEW120 BKN160 OVC250 08/03 A3017 RMK AO2 SLP216 T00780033,null
JFK,2023-12-01 16:51,46,38,73.47,230,7,0,30.18,1021.9,10,null,BKN,OVC,null,null,10000,18000,null,null,null,null,null,null,null,null,null,41.84,KJFK 011651Z 23007KT 10SM BKN100 OVC180 08/03 A3018 RMK AO2 SLP219 T00780033,null
JFK,2023-12-01 17:51,44,40,85.71,0,0,0.02,30.17,1021.6,8,null,FEW,BKN,OVC,null,3700,8500,14000,null,#NAME?,null,null,null,null,null,null,44,KJFK 011751Z 00000KT 8SM -RA FEW037 BKN085 OVC140 07/04 A3017 RMK AO2 RAB03 SLP216 P0002 60002 T00670044 10083 20028 58001,null
JFK,2023-12-01 18:51,45,40,82.51,190,5,T,30.15,1020.8,10,null,FEW,SCT,OVC,null,6500,9500,15000,null,null,null,null,null,null,null,null,41.83,KJFK 011851Z 19005KT 10SM FEW065 SCT095 OVC150 07/04 A3015 RMK AO2 RAE18 SLP208 P0000 T00720044,null
JFK,2023-12-01 19:51,46,40,79.44,160,5,0,30.11,1019.5,10,null,FEW,FEW,BKN,OVC,4500,8000,11000,13000,null,null,null,null,null,null,null,43.02,KJFK 011951Z 16005KT 10SM FEW045 FEW080 BKN110 OVC130 08/04 A3011 RMK AO2 SLP195 T00780044,null
JFK,2023-12-01 20:51,47,41,79.52,0,0,T,30.1,1019.4,10,null,FEW,FEW,OVC,null,4500,8000,12000,null,null,null,null,null,null,null,null,47,KJFK 012051Z 00000KT 10SM FEW045 FEW080 OVC120 08/05 A3010 RMK AO2 RAB18E27 SLP194 P0000 60000 T00830050 56022,null
JFK,2023-12-01 21:51,48,41,76.58,150,5,T,30.1,1019.3,10,null,BKN,OVC,null,null,7000,9000,null,null,#NAME?,null,null,null,null,null,null,45.4,KJFK 012151Z 15005KT 10SM -RA BKN070 OVC090 09/05 A3010 RMK AO2 RAB36 SLP193 P0000 T00890050,null
JFK,2023-12-01 22:51,48,44,85.95,210,9,0.04,30.11,1019.4,10,null,SCT,BKN,OVC,null,3600,4600,5500,null,#NAME?,null,null,null,null,null,null,43.41,KJFK 012251Z 21009KT 10SM -RA SCT036 BKN046 OVC055 09/07 A3011 RMK AO2 SLP194 P0004 T00890067,null
JFK,2023-12-01 23:30,46,43,89.2,220,8,0.06,30.1,null,6,null,OVC,null,null,null,2800,null,null,null,RA BR,null,null,null,null,null,null,41.36,KJFK 012330Z 22008KT 6SM RA BR OVC028 08/06 A3010 RMK AO2 P0006 T00780061,null
JFK,2023-12-01 23:51,46,44,92.68,220,7,0.12,30.1,1019.3,6,null,FEW,OVC,null,null,1900,2800,null,null,RA BR,null,null,null,null,null,null,41.84,KJFK 012351Z 22007KT 6SM RA BR FEW019 OVC028 08/07 A3010 RMK AO2 SLP193 P0012 60016 T00780067 10089 20067 58001,null
JFK,2023-12-02 0:42,45,44,96.26,270,8,0.11,30.1,null,2.5,null,SCT,BKN,OVC,null,1400,1800,2400,null,RA BR,null,null,null,null,null,null,40.13,KJFK 020042Z 27008KT 2 1/2SM RA BR SCT014 BKN018 OVC024 07/07 A3010 RMK AO2 VIS 1 3/4 W P0011 T00720067,null
JFK,2023-12-02 0:46,44.6,44.6,100,240,7,0.11,30.1,null,3,null,BKN,OVC,null,null,1400,1800,null,null,RA BR,null,null,null,null,null,null,40.14,KJFK 020046Z 24007KT 3SM RA BR BKN014 OVC018 07/07 A3010 RMK AO2 P0011,null
JFK,2023-12-02 0:51,45,44,96.26,240,8,0.13,30.1,1019.2,3,null,BKN,OVC,null,null,1400,2400,null,null,RA BR,null,null,null,null,null,null,40.13,KJFK 020051Z 24008KT 3SM RA BR BKN014 OVC024 07/07 A3010 RMK AO2 SLP192 P0013 T00720067,null
JFK,2023-12-02 1:45,46.4,44.6,93.4,240,9,0.11,30.09,null,4,null,FEW,BKN,OVC,null,600,1100,1700,null,RA BR,null,null,null,null,null,null,41.42,KJFK 020145Z 24009KT 4SM RA BR FEW006 BKN011 OVC017 08/07 A3009 RMK AO2 P0011,null
JFK,2023-12-02 1:51,46,45,96.28,240,7,0.13,30.09,1018.9,4,null,SCT,BKN,OVC,null,600,1100,1700,null,RA BR,null,null,null,null,null,null,41.84,KJFK 020151Z 24007KT 4SM RA BR SCT006 BKN011 OVC017 08/07 A3009 RMK AO2 SLP189 P0013 T00780072,null
JFK,2023-12-02 2:51,46,46,100,220,5,0.08,30.06,1018,4,null,FEW,BKN,OVC,null,600,1000,2000,null,#NAME?,null,null,null,null,null,null,43.02,KJFK 020251Z 22005KT 4SM -RA BR FEW006 BKN010 OVC020 08/08 A3006 RMK AO2 SLP180 P0008 60034 T00780078 58013,null
JFK,2023-12-02 3:49,46.4,46.4,100,220,4,0.03,30.03,null,6,null,SCT,BKN,OVC,null,500,3000,11000,null,BR,null,null,null,null,null,null,44.24,KJFK 020349Z 22004KT 6SM BR SCT005 BKN030 OVC110 08/08 A3003 RMK AO2 RAE22 P0003,null
JFK,2023-12-02 3:51,46,46,100,220,4,0.03,30.03,1016.9,6,null,SCT,BKN,OVC,null,500,3000,11000,null,BR,null,null,null,null,null,null,43.77,KJFK 020351Z 22004KT 6SM BR SCT005 BKN030 OVC110 08/08 A3003 RMK AO2 RAE22 SLP169 P0003 T00780078,null
JFK,2023-12-02 4:47,46.4,46.4,100,240,6,0,30.03,null,5,null,SCT,BKN,OVC,null,600,2000,2200,null,BR,null,null,null,null,null,null,42.87,KJFK 020447Z 24006KT 5SM BR SCT006 BKN020 OVC022 08/08 A3003 RMK AO2,null
JFK,2023-12-02 4:51,47,46,96.29,240,6,0,30.03,1016.8,5,null,SCT,BKN,OVC,null,600,2000,2200,null,BR,null,null,null,null,null,null,43.6,KJFK 020451Z 24006KT 5SM BR SCT006 BKN020 OVC022 08/08 A3003 RMK AO2 SLP168 T00830078 400890017,null
JFK,2023-12-02 5:25,47,46,100,230,4,0,30.02,1016.8,5,null,SCT,BKN,OVC,null,600,2000,2200,null,BR,null,null,null,null,null,null,43.77,KJFK 020525Z COR 23004KT 5SM BR SCT006 BKN020 OVC022 08/08 A3002 RMK AO2 SLP168 T00830078 400890017,null
JFK,2023-12-02 5:46,46.4,46.4,100,240,6,0,30.02,null,7,null,BKN,OVC,null,null,1200,1400,null,null,null,null,null,null,null,null,null,42.87,KJFK 020546Z 24006KT 7SM BKN012 OVC014 08/08 A3002 RMK AO2,null
JFK,2023-12-02 5:51,46,46,100,240,6,0,30.01,1016.3,7,null,BKN,OVC,null,null,1200,1400,null,null,null,null,null,null,null,null,null,42.39,KJFK 020551Z 24006KT 7SM BKN012 OVC014 08/08 A3001 RMK AO2 SLP163 60037 T00780078 10083 20072 58006,null
JFK,2023-12-02 6:51,47,46,96.29,270,6,0,30.01,1016.3,7,null,OVC,null,null,null,1000,null,null,null,null,null,null,null,null,null,null,43.6,KJFK 020651Z 27006KT 7SM OVC010 08/08 A3001 RMK AO2 SLP163 T00830078,null
JFK,2023-12-02 7:51,46,46,100,240,4,0,30.02,1016.7,6,null,OVC,null,null,null,1000,null,null,null,BR,null,null,null,null,null,null,43.77,KJFK 020751Z 24004KT 6SM BR OVC010 08/08 A3002 RMK AO2 SLP167 T00780078,null
JFK,2023-12-02 8:04,46,46,100,230,6,0,30.03,null,5,null,OVC,null,null,null,700,null,null,null,BR,null,null,null,null,null,null,42.39,KJFK 020804Z 23006KT 5SM BR OVC007 08/08 A3003 RMK AO2 T00780078,null
JFK,2023-12-02 8:51,46,45,96.28,230,9,0,30.03,1016.7,5,null,OVC,null,null,null,600,null,null,null,BR,null,null,null,null,null,null,40.92,KJFK 020851Z 23009KT 5SM BR OVC006 08/07 A3003 RMK AO2 SLP167 T00780072 53004,null
JFK,2023-12-02 9:51,45,45,100,230,4,0,30.02,1016.7,4,null,BKN,OVC,null,null,500,600,null,null,BR,null,null,null,null,null,null,42.6,KJFK 020951Z 23004KT 4SM BR BKN005 OVC006 07/07 A3002 RMK AO2 SLP167 T00720072,null
JFK,2023-12-02 10:51,46,45,96.28,240,7,0,30.02,1016.6,4,null,OVC,null,null,null,500,null,null,null,BR,null,null,null,null,null,null,41.84,KJFK 021051Z 24007KT 4SM BR OVC005 08/07 A3002 RMK AO2 SLP166 T00780072,null
JFK,2023-12-02 11:51,46,45,96.28,240,8,0,30.03,1016.9,4,null,OVC,null,null,null,500,null,null,null,BR,null,null,null,null,null,null,41.36,KJFK 021151Z 24008KT 4SM BR OVC005 08/07 A3003 RMK AO2 SLP169 70055 T00780072 10083 20072 53002,null
JFK,2023-12-02 12:51,46,46,100,260,9,0,30.04,1017.2,3,null,OVC,null,null,null,500,null,null,null,BR,null,null,null,null,null,null,40.92,KJFK 021251Z 26009KT 3SM BR OVC005 08/08 A3004 RMK AO2 VIS 2 1/2 W SLP172 T00780078,null
JFK,2023-12-02 12:59,46,46,100,250,9,0,30.04,null,1,null,OVC,null,null,null,600,null,null,null,BR,null,null,null,null,null,null,40.92,KJFK 021259Z 25009KT 1SM R04R/P6000FT BR OVC006 08/08 A3004 RMK AO2 SFC VIS 3 T00780078,null
JFK,2023-12-02 13:51,47,46,96.29,250,7,0,30.03,1017,1,null,OVC,null,null,null,500,null,null,null,BR,null,null,null,null,null,null,43.06,KJFK 021351Z 25007KT 1SM R04R/P6000FT BR OVC005 08/08 A3003 RMK AO2 SFC VIS 3 SLP170 T00830078,null
JFK,2023-12-02 14:49,48.2,46.4,93.45,240,7,0,30.03,null,2,null,OVC,null,null,null,500,null,null,null,BR,null,null,null,null,null,null,44.53,KJFK 021449Z 24007KT 2SM BR OVC005 09/08 A3003 RMK AO2 SFC VIS 3 FIBI (ML) IEM_GHCNH,null
JFK,2023-12-02 14:51,48,47,96.31,260,6,0,30.03,1016.8,2,null,OVC,null,null,null,500,null,null,null,BR,null,null,null,null,null,null,44.8,KJFK 021451Z 26006KT 2SM BR OVC005 09/08 A3003 RMK AO2 SFC VIS 3 SLP168 T00890083 58001,null
JFK,2023-12-02 15:49,50,48.2,93.5,230,7,0,30.02,null,4,null,SCT,BKN,BKN,null,600,18000,25000,null,BR,null,null,null,null,null,null,50,KJFK 021549Z 23007KT 4SM BR SCT006 BKN180 BKN250 10/09 A3002 RMK AO2 FIBI (ML) IEM_GHCNH,null
JFK,2023-12-02 15:51,51,48,89.42,230,7,0,30.02,1016.6,4,null,SCT,BKN,BKN,null,600,18000,25000,null,BR,null,null,null,null,null,null,51,KJFK 021551Z 23007KT 4SM BR SCT006 BKN180 BKN250 11/09 A3002 RMK AO2 SLP166 T01060089,null
JFK,2023-12-02 16:51,52,48,86.17,230,6,0,30.02,1016.5,5,null,SCT,BKN,BKN,null,600,18000,25000,null,BR,null,null,null,null,null,null,52,KJFK 021651Z 23006KT 5SM BR SCT006 BKN180 BKN250 11/09 A3002 RMK AO2 SLP165 T01110089,null
JFK,2023-12-02 17:39,50,47,89.37,230,10,0,30.01,null,0.5,null,SCT,BKN,BKN,null,600,18000,25000,null,BR,null,null,null,null,null,null,50,KJFK 021739Z 23010KT 1/2SM R04R/P6000FT BR SCT006 BKN180 BKN250 10/08 A3001 RMK AO2 SFC VIS 4 T01000083,null
JFK,2023-12-02 17:51,50,48,92.8,240,9,0,30.01,1016.1,0.5,null,SCT,SCT,BKN,BKN,600,7000,15000,25000,BR,null,null,null,null,null,null,50,KJFK 021751Z 24009KT 1/2SM R04R/P6000FT BR SCT006 SCT070 BKN150 BKN250 10/09 A3001 RMK AO2 SFC VIS 4 SLP161 T01000089 10111 20072 58007,null
JFK,2023-12-02 18:49,50,48.2,93.5,210,8,0,30,null,4,null,FEW,SCT,BKN,null,600,7000,15000,null,BR,null,null,null,null,null,null,50,KJFK 021849Z 21008KT 4SM BR FEW006 SCT070 BKN150 10/09 A3000 RMK AO2 FIBI (ML) IEM_GHCNH,null
JFK,2023-12-02 18:51,51,49,92.83,210,9,0,30.01,1016,5,null,FEW,SCT,BKN,BKN,600,7000,15000,25000,BR,null,null,null,null,null,null,51,KJFK 021851Z 21009KT 5SM BR FEW006 SCT070 BKN150 BKN250 11/09 A3001 RMK AO2 SLP160 T01060094,null
JFK,2023-12-02 19:51,51,48,89.42,210,8,0,30,1015.9,6,null,FEW,SCT,BKN,null,7000,16000,25000,null,BR,null,null,null,null,null,null,51,KJFK 021951Z 21008KT 6SM BR FEW070 SCT160 BKN250 11/09 A3000 RMK AO2 SLP159 T01060089,null
JFK,2023-12-02 20:51,50,48,92.8,170,4,0,30.01,1016.2,5,null,FEW,SCT,BKN,null,7000,14000,25000,null,BR,null,null,null,null,null,null,50,KJFK 022051Z 17004KT 5SM BR FEW070 SCT140 BKN250 10/09 A3001 RMK AO2 SLP162 T01000089 53001,null
JFK,2023-12-02 21:51,49,48,96.32,160,4,0,30.01,1016.2,5,null,FEW,SCT,BKN,null,7000,13000,24000,null,BR,null,null,null,null,null,null,47.27,KJFK 022151Z 16004KT 5SM BR FEW070 SCT130 BKN240 09/09 A3001 RMK AO2 SLP162 T00940089,null
JFK,2023-12-02 22:51,49,48,96.32,220,5,0,30.02,1016.4,5,null,FEW,SCT,BKN,null,7000,13000,24000,null,BR,null,null,null,null,null,null,46.58,KJFK 022251Z 22005KT 5SM BR FEW070 SCT130 BKN240 09/09 A3002 RMK AO2 VIS 2 W SLP164 T00940089,null
JFK,2023-12-02 23:51,48,47,96.31,0,0,0,30.02,1016.4,6,null,FEW,SCT,BKN,null,7000,13000,23000,null,BR,null,null,null,null,null,null,48,KJFK 022351Z 00000KT 6SM BR FEW070 SCT130 BKN230 09/08 A3002 RMK AO2 SLP164 T00890083 10111 20083 52003,null
JFK,2023-12-03 0:51,48,47,96.31,140,4,0,30.03,1017,5,null,FEW,SCT,BKN,null,8000,13000,22000,null,BR,null,null,null,null,null,null,46.1,KJFK 030051Z 14004KT 5SM BR FEW080 SCT130 BKN220 09/08 A3003 RMK AO2 SLP170 T00890083,null
JFK,2023-12-03 1:51,48,47,96.31,140,3,0,30.02,1016.6,3,null,FEW,SCT,BKN,null,8000,12000,22000,null,BR,null,null,null,null,null,null,46.98,KJFK 030151Z 14003KT 3SM R04R/1800V6000FT BR FEW080 SCT120 BKN220 09/08 A3002 RMK AO2 SFC VIS 4 SLP166 T00890083,null
JFK,2023-12-03 2:51,48,48,100,150,3,0,30.02,1016.6,3,null,FEW,FEW,BKN,BKN,500,8000,11000,21000,BR,null,null,null,null,null,null,46.98,KJFK 030251Z 15003KT 3SM BR FEW005 FEW080 BKN110 BKN210 09/09 A3002 RMK AO2 PRESFR SLP166 T00890089 50001 $,null
JFK,2023-12-03 2:58,48,48,100,0,0,0,30.02,null,2.5,null,FEW,FEW,BKN,BKN,500,8000,12000,21000,BR,null,null,null,null,null,null,48,KJFK 030258Z 00000KT 2 1/2SM R04R/3000VP6000FT BR FEW005 FEW080 BKN120 BKN210 09/09 A3002 RMK AO2 TWR VIS 3 VIS 1 1/4 W T00890089 $,null
JFK,2023-12-03 3:51,47,47,100,140,5,0,30.02,1016.5,2,null,SCT,BKN,BKN,null,5000,11000,18000,null,BR,null,null,null,null,null,null,44.21,KJFK 030351Z 14005KT 2SM R04R/6000VP6000FT BR SCT050 BKN110 BKN180 08/08 A3002 RMK AO2 TWR VIS 3 SLP165 T00830083 $,null
JFK,2023-12-03 4:15,47,47,100,0,0,0,30.03,null,0.25,null,FEW,BKN,BKN,null,5000,11000,18000,null,FG,null,null,null,null,null,null,47,KJFK 030415Z 00000KT 1/4SM R04R/1200V1600FT FG FEW050 BKN110 BKN180 08/08 A3003 RMK AO2 TWR VIS 3 T00830083 $,null
JFK,2023-12-03 4:47,46.4,46.4,100,70,5,0,30.01,null,0.25,null,BKN,BKN,BKN,null,200,600,11100,null,FG,null,null,null,null,null,null,43.5,KJFK 030447Z 07005KT 1/4SM R04R/1200FT FG BKN002 BKN006 BKN111 08/08 A3001 RMK AO2 TWR VIS 3 $,null
JFK,2023-12-03 4:51,47,47,100,50,6,0,30.01,1016.1,0.25,null,BKN,BKN,BKN,null,200,600,11100,null,FG,null,null,null,null,null,null,43.6,KJFK 030451Z 05006KT 1/4SM R04R/1200FT FG BKN002 BKN006 BKN111 08/08 A3001 RMK AO2 TWR VIS 3 SLP161 T00830083 401110072 $,null
JFK,2023-12-03 5:45,46.4,46.4,100,60,5,0,29.97,null,0.25,null,OVC,null,null,null,200,null,null,null,FG,null,null,null,null,null,null,43.5,KJFK 030545Z 06005KT 1/4SM R04R/1800V2400FT FG OVC002 08/08 A2997 RMK AO2 TWR VIS 3 $,null
JFK,2023-12-03 5:51,47,47,100,50,6,0,29.98,1015.1,0.25,null,OVC,null,null,null,200,null,null,null,FG,null,null,null,null,null,null,43.6,KJFK 030551Z 05006KT 1/4SM R04R/2200V2600FT FG OVC002 08/08 A2998 RMK AO2 TWR VIS 3 SLP151 T00830083 10094 20078 55013 $,null
JFK,2023-12-03 6:48,48.2,48.2,100,0,0,T,30,null,1.25,null,OVC,null,null,null,200,null,null,null,BR,null,null,null,null,null,null,48.2,KJFK 030648Z 00000KT 1 1/4SM R04R/2200V4000FT BR OVC002 09/09 A3000 RMK AO2 TWR VIS 3 RAB26E40 P0000 $,null
JFK,2023-12-03 6:51,47,47,100,360,4,T,30,1015.7,1.75,null,OVC,null,null,null,200,null,null,null,BR,null,null,null,null,null,null,44.94,KJFK 030651Z 36004KT 1 3/4SM R04R/2200V2800FT BR OVC002 08/08 A3000 RMK AO2 TWR VIS 3 RAB26E40 SLP157 P0000 T00830083 $,null
JFK,2023-12-03 7:51,48,48,100,60,4,T,29.98,1015.2,1.75,null,OVC,null,null,null,200,null,null,null,#NAME?,null,null,null,null,null,null,46.1,KJFK 030751Z 06004KT 1 3/4SM R04R/2000V2600FT -RA OVC002 09/09 A2998 RMK AO2 TWR VIS 3 RAB25 SLP152 P0000 T00890089 $,null
JFK,2023-12-03 7:57,48,48,100,50,4,T,29.98,null,0.25,null,OVC,null,null,null,200,null,null,null,#NAME?,null,null,null,null,null,null,46.1,KJFK 030757Z 05004KT 1/4SM R04R/2000V2200FT -RA OVC002 09/09 A2998 RMK AO2 SFC VIS 1 P0000 T00890089 $,null
JFK,2023-12-03 8:39,48,48,100,50,7,T,29.96,null,0.25,null,VV ,null,null,null,200,null,null,null,BR,null,null,null,null,null,null,44.28,KJFK 030839Z 05007KT 1/4SM R04R/1600V4500FT BR VV002 09/09 A2996 RMK AO2 SFC VIS 1 RAE0759 P0000 T00890089 $,null
JFK,2023-12-03 8:51,48,48,100,50,7,T,29.95,1014.1,0.25,null,OVC,null,null,null,200,null,null,null,#NAME?,null,null,null,null,null,null,44.28,KJFK 030851Z 05007KT 1/4SM R04R/5500VP6000FT -RA BR OVC002 09/09 A2995 RMK AO2 SFC VIS 3/4 RAE0759B46 SLP141 P0000 60000 T00890089 58017 $,null
JFK,2023-12-03 9:51,47,47,100,80,7,0.02,29.93,1013.6,0.25,null,OVC,null,null,null,400,null,null,null,#NAME?,null,null,null,null,null,null,43.06,KJFK 030951Z 08007KT 1/4SM R04R/P6000FT -RA BR OVC004 08/08 A2993 RMK AO2 SFC VIS 2 SLP136 P0002 T00830083 $,null
JFK,2023-12-03 10:51,47,47,100,60,9,0.07,29.93,1013.5,0.25,null,FEW,OVC,null,null,500,700,null,null,RA BR,null,null,null,null,null,null,42.17,KJFK 031051Z 06009KT 1/4SM R04R/P6000FT RA BR FEW005 OVC007 08/08 A2993 RMK AO2 SFC VIS 2 SLP135 P0007 T00830083 $,null
JFK,2023-12-03 10:55,47,47,100,70,9,0.01,29.93,null,0.25,null,FEW,OVC,null,null,500,700,null,null,RA BR,null,null,null,null,null,null,42.17,KJFK 031055Z 07009KT 1/4SM R04R/P6000FT RA BR FEW005 OVC007 08/08 A2993 RMK AO2 SFC VIS 2 P0001 T00830083 $,null
JFK,2023-12-03 11:49,48.2,48.2,100,80,10,0.08,29.9,null,3,null,OVC,null,null,null,600,null,null,null,#NAME?,null,null,null,null,null,null,43.28,KJFK 031149Z 08010KT 3SM -RA BR OVC006 09/09 A2990 RMK AO2 SFC VIS 5 P0008 IEM_GHCNH,null
JFK,2023-12-03 11:51,48,48,100,90,9,0.09,29.91,1012.7,3,null,OVC,null,null,null,600,null,null,null,#NAME?,null,null,null,null,null,null,43.41,KJFK 031151Z 09009KT 3SM -RA BR OVC006 09/09 A2991 RMK AO2 SFC VIS 5 SLP127 P0009 60018 70018 T00890089 10089 20083 58014 $,null
JFK,2023-12-03 12:49,48.2,48.2,100,90,17,0.04,29.88,null,2.5,24,OVC,null,null,null,600,null,null,null,RA BR,null,null,null,null,null,null,41.3,KJFK 031249Z 09017G24KT 2 1/2SM RA BR OVC006 09/09 A2988 RMK AO2 SFC VIS 4 P0004 IEM_GHCNH,null
JFK,2023-12-03 12:51,49,49,100,90,16,0.04,29.89,1012,2.5,23,OVC,null,null,null,600,null,null,null,#NAME?,null,null,null,null,null,null,42.58,KJFK 031251Z 09016G23KT 2 1/2SM -RA BR OVC006 09/09 A2989 RMK AO2 SFC VIS 4 SLP120 P0004 T00940094 $,null
JFK,2023-12-03 13:51,49,49,100,90,13,0.02,29.86,1011,2.5,21,OVC,null,null,null,700,null,null,null,#NAME?,null,null,null,null,null,null,43.35,KJFK 031351Z 09013G21KT 2 1/2SM -RA BR OVC007 09/09 A2986 RMK AO2 SFC VIS 4 SLP110 P0002 T00940094 $,null
JFK,2023-12-03 14:51,49,48,96.32,90,13,0.14,29.86,1011.1,2.5,null,OVC,null,null,null,700,null,null,null,#NAME?,null,null,null,null,null,null,43.35,KJFK 031451Z 09013KT 2 1/2SM -RA BR OVC007 09/09 A2986 RMK AO2 SFC VIS 3 SLP111 P0014 60020 T00940089 55016 $,null
JFK,2023-12-03 15:51,49,49,100,90,14,0.13,29.82,1009.8,2.5,22,BKN,BKN,OVC,null,700,1300,6500,null,#NAME?,null,null,null,null,null,null,43.08,KJFK 031551Z 09014G22KT 2 1/2SM -RA BR BKN007 BKN013 OVC065 09/09 A2982 RMK AO2 SFC VIS 5 SLP098 P0013 T00940094 $,null
JFK,2023-12-03 16:51,49,49,100,90,12,0.03,29.77,1008.1,2.5,null,OVC,null,null,null,600,null,null,null,#NAME?,null,null,null,null,null,null,43.64,KJFK 031651Z 09012KT 2 1/2SM -RA BR OVC006 09/09 A2977 RMK AO2 SFC VIS 4 SLP081 P0003 T00940094 $,null
JFK,2023-12-03 17:51,49,49,100,90,12,0.01,29.73,1006.6,2.5,null,OVC,null,null,null,500,null,null,null,#NAME?,null,null,null,null,null,null,43.64,KJFK 031751Z 09012KT 2 1/2SM -RA BR OVC005 09/09 A2973 RMK AO2 SFC VIS 3 VIS 2 W SLP066 P0001 60037 T00940094 10094 20089 58045 $,null
JFK,2023-12-03 18:34,49,49,100,80,11,0.02,29.71,null,1.5,null,OVC,null,null,null,500,null,null,null,#NAME?,null,null,null,null,null,null,43.95,KJFK 031834Z 08011KT 1 1/2SM R04R/5000VP6000FT -RA BR OVC005 09/09 A2971 RMK AO2 P0002 T00940094 $,null
JFK,2023-12-03 18:51,50,50,100,80,10,0.05,29.71,1005.9,1.5,null,OVC,null,null,null,500,null,null,null,#NAME?,null,null,null,null,null,null,50,KJFK 031851Z 08010KT 1 1/2SM -RA BR OVC005 10/10 A2971 RMK AO2 SLP059 P0005 T01000100 $,null
JFK,2023-12-03 19:51,50,50,100,60,7,0.04,29.7,1005.8,1.5,null,BKN,OVC,null,null,600,1000,null,null,#NAME?,null,null,null,null,null,null,50,KJFK 031951Z 06007KT 1 1/2SM -RA BR BKN006 OVC010 10/10 A2970 RMK AO2 SLP058 P0004 T01000100 $,null
JFK,2023-12-03 20:51,50,50,100,50,9,0.05,29.69,1005.2,1.5,null,BKN,OVC,null,null,700,1300,null,null,#NAME?,null,null,null,null,null,null,50,KJFK 032051Z 05009KT 1 1/2SM -RA BR BKN007 OVC013 10/10 A2969 RMK AO2 SFC VIS 1 3/4 SLP052 P0005 60014 T01000100 56014 $,null
JFK,2023-12-03 21:44,48,48,100,60,10,0.01,29.67,null,2,null,BKN,OVC,null,null,700,1200,null,null,DZ BR,null,null,null,null,null,null,43.03,KJFK 032144Z 06010KT 2SM DZ BR BKN007 OVC012 09/09 A2967 RMK AO2 SFC VIS 2 1/2 RAE00B18E29DZB44 P0001 T00890089 $,null
JFK,2023-12-03 21:51,48,48,100,60,9,0.01,29.66,1004.3,2,null,BKN,OVC,null,null,700,1400,null,null,DZ BR,null,null,null,null,null,null,43.41,KJFK 032151Z 06009KT 2SM DZ BR BKN007 OVC014 09/09 A2966 RMK AO2 SFC VIS 2 1/2 RAE00B18E29DZB44 SLP043 P0001 T00890089 $,null
JFK,2023-12-03 22:51,48,48,100,20,9,0.01,29.68,1004.9,2,null,OVC,null,null,null,500,null,null,null,DZ BR,null,null,null,null,null,null,43.41,KJFK 032251Z 02009KT 2SM DZ BR OVC005 09/09 A2968 RMK AO2 SFC VIS 3 SLP049 P0001 T00890089 $,null
JFK,2023-12-03 23:49,46.4,46.4,100,40,7,0.01,29.67,null,3,null,BKN,OVC,null,null,600,1100,null,null,BR,null,null,null,null,null,null,42.33,KJFK 032349Z 04007KT 3SM BR BKN006 OVC011 08/08 A2967 RMK AO2 SFC VIS 5 DZE46 PRESRR P0001 IEM_GHCNH,null
JFK,2023-12-03 23:51,47,47,100,30,7,0.01,29.67,1004.6,3,null,BKN,OVC,null,null,600,1100,null,null,BR,null,null,null,null,null,null,43.06,KJFK 032351Z 03007KT 3SM BR BKN006 OVC011 08/08 A2967 RMK AO2 SFC VIS 5 DZE46 PRESRR SLP046 P0001 60017 T00830083 10100 20083 56006 $,null
JFK,2023-12-04 0:51,47,47,100,20,6,T,29.68,1004.9,3,null,OVC,null,null,null,600,null,null,null,BR,null,null,null,null,null,null,43.6,KJFK 040051Z 02006KT 3SM BR OVC006 08/08 A2968 RMK AO2 SFC VIS 4 RAB41E51 SLP049 P0000 T00830083 $,null
JFK,2023-12-04 1:51,47,47,100,10,6,0.01,29.68,1005,4,null,OVC,null,null,null,600,null,null,null,#NAME?,null,null,null,null,null,null,43.6,KJFK 040151Z COR 01006KT 4SM -DZ BR OVC006 08/08 A2968 RMK AO2 DZB48 SLP050 P0001 T00830083 $,null
JFK,2023-12-04 2:51,47,47,100,350,6,0.01,29.7,1005.7,10,null,BKN,OVC,null,null,700,1100,null,null,#NAME?,null,null,null,null,null,null,43.6,KJFK 040251Z 35006KT 10SM -RA BKN007 OVC011 08/08 A2970 RMK AO2 DZE30RAB38 SLP057 P0001 60002 T00830083 53011 $,null
JFK,2023-12-04 3:49,46.4,46.4,100,320,6,T,29.7,null,10,null,SCT,BKN,OVC,null,600,1100,3600,null,null,null,null,null,null,null,null,42.87,KJFK 040349Z 32006KT 10SM SCT006 BKN011 OVC036 08/08 A2970 RMK AO2 RAE0254 P0000 IEM_GHCNH,null
JFK,2023-12-04 3:51,47,47,100,330,6,T,29.7,1005.8,10,null,SCT,BKN,OVC,null,600,1100,3600,null,null,null,null,null,null,null,null,43.6,KJFK 040351Z 33006KT 10SM SCT006 BKN011 OVC036 08/08 A2970 RMK AO2 RAE0254 SLP058 P0000 T00830083 $,null
JFK,2023-12-04 4:49,46.4,46.4,100,0,0,0,29.7,null,10,null,SCT,SCT,BKN,null,600,1400,11000,null,null,null,null,null,null,null,null,46.4,KJFK 040449Z 00000KT 10SM SCT006 SCT014 BKN110 08/08 A2970 RMK AO2 IEM_GHCNH,null
JFK,2023-12-04 4:51,46,45,96.28,0,0,0,29.7,1005.7,9,null,SCT,SCT,BKN,null,600,1400,11000,null,null,null,null,null,null,null,null,46,KJFK 040451Z 00000KT 9SM SCT006 SCT014 BKN110 08/07 A2970 RMK AO2 SLP057 T00780072 401000078 $,null
JFK,2023-12-04 5:21,45,44,96.26,260,5,0,29.7,null,6,null,OVC,null,null,null,700,null,null,null,BR,null,null,null,null,null,null,41.83,KJFK 040521Z 26005KT 6SM BR OVC007 07/07 A2970 RMK AO2 T00720067 $,null
JFK,2023-12-04 5:49,42.8,42.8,100,230,5,0,29.69,null,5,null,FEW,SCT,BKN,null,800,2800,12000,null,BR,null,null,null,null,null,null,39.22,KJFK 040549Z 23005KT 5SM BR FEW008 SCT028 BKN120 06/06 A2969 RMK AO2 IEM_GHCNH,null
JFK,2023-12-04 5:51,43,43,100,230,5,0,29.69,1005.4,5,null,FEW,SCT,BKN,null,800,2800,12000,null,BR,null,null,null,null,null,null,39.46,KJFK 040551Z 23005KT 5SM BR FEW008 SCT028 BKN120 06/06 A2969 RMK AO2 SLP054 60002 T00610061 10083 20056 58003 $,null
JFK,2023-12-04 6:11,42,42,100,240,7,0,29.69,null,2.5,null,FEW,FEW,SCT,null,1000,11000,14000,null,BR,null,null,null,null,null,null,36.97,KJFK 040611Z 24007KT 2 1/2SM BR FEW010 FEW110 SCT140 06/06 A2969 RMK AO2 T00560056 $,null
JFK,2023-12-04 6:16,43,43,100,250,8,0,29.69,null,0.75,null,SCT,BKN,null,null,200,3500,null,null,BR,null,null,null,null,null,null,37.66,KJFK 040616Z 25008KT 3/4SM R04R/3000VP6000FT BR SCT002 BKN035 06/06 A2969 RMK AO2 T00610061 $,null
JFK,2023-12-04 6:19,44,44,100,250,8,0,29.69,null,0.25,null,VV ,null,null,null,200,null,null,null,FG,null,null,null,null,null,null,38.9,KJFK 040619Z 25008KT 1/4SM R04R/1800VP6000FT FG VV002 07/07 A2969 RMK AO2 T00670067 $,null
JFK,2023-12-04 6:31,44,44,100,250,8,0,29.69,null,0.25,null,VV ,null,null,null,200,null,null,null,FG,null,null,null,null,null,null,38.9,KJFK 040631Z 25008KT 1/4SM R04R/1400V1600FT FG VV002 07/07 A2969 RMK AO2 T00670067 $,null
JFK,2023-12-04 6:47,44.6,44.6,100,260,5,0,29.69,null,0.5,null,VV ,null,null,null,200,null,null,null,FG,null,null,null,null,null,null,41.36,KJFK 040647Z 26005KT 1/2SM R04R/1600VP6000FT FG VV002 07/07 A2969 RMK AO2 $,null
JFK,2023-12-04 6:51,43,43,100,240,7,0,29.69,1005.4,0.5,null,VV ,null,null,null,200,null,null,null,FG,null,null,null,null,null,null,38.19,KJFK 040651Z 24007KT 1/2SM R04R/1600VP6000FT FG VV002 06/06 A2969 RMK AO2 SLP054 T00610061 $,null
JFK,2023-12-04 7:26,42,42,100,240,8,0,29.7,null,4,null,FEW,SCT,BKN,null,200,2300,22000,null,BR,null,null,null,null,null,null,36.43,KJFK 040726Z 24008KT 4SM BR FEW002 SCT023 BKN220 06/06 A2970 RMK AO2 T00560056 $,null
JFK,2023-12-04 7:51,42,42,100,220,7,0,29.71,1006,6,null,FEW,SCT,SCT,null,800,16000,25000,null,BR,null,null,null,null,null,null,36.97,KJFK 040751Z 22007KT 6SM BR FEW008 SCT160 SCT250 06/06 A2971 RMK AO2 SLP060 T00560056 $,null
JFK,2023-12-04 8:51,43,43,100,260,9,0,29.74,1006.9,9,null,FEW,null,null,null,13000,null,null,null,null,null,null,null,null,null,null,37.19,KJFK 040851Z 26009KT 9SM FEW130 06/06 A2974 RMK AO2 SLP069 T00610061 53015 $,null
JFK,2023-12-04 9:51,44,44,100,260,10,0,29.74,1007.2,10,null,FEW,FEW,null,null,14000,25000,null,null,null,null,null,null,null,null,null,38.02,KJFK 040951Z 26010KT 10SM FEW140 FEW250 07/07 A2974 RMK AO2 SLP072 T00670067 $,null
JFK,2023-12-04 10:51,45,41,85.77,270,13,0,29.76,1007.8,10,null,FEW,FEW,null,null,12000,16000,null,null,null,null,null,null,null,null,null,38.22,KJFK 041051Z 27013KT 10SM FEW120 FEW160 07/05 A2976 RMK AO2 SLP078 T00720050 $,null
JFK,2023-12-04 11:51,44,39,82.44,260,10,0,29.78,1008.5,10,null,SCT,SCT,null,null,15000,25000,null,null,null,null,null,null,null,null,null,38.02,KJFK 041151Z 26010KT 10SM SCT150 SCT250 07/04 A2978 RMK AO2 SLP085 70056 T00670039 10072 20056 53016,null
JFK,2023-12-04 12:51,45,39,79.36,260,7,0,29.79,1008.8,10,null,SCT,SCT,null,null,15000,25000,null,null,null,null,null,null,null,null,null,40.63,KJFK 041251Z 26007KT 10SM SCT150 SCT250 07/04 A2979 RMK AO2 SLP088 T00720039,null
JFK,2023-12-04 13:51,48,40,73.67,250,10,0,29.81,1009.4,10,null,SCT,BKN,null,null,15000,22000,null,null,null,null,null,null,null,null,null,43.03,KJFK 041351Z 25010KT 10SM SCT150 BKN220 09/04 A2981 RMK SLP094 T00890044,null
JFK,2023-12-04 14:51,47,41,79.52,250,14,0,29.81,1009.5,10,null,FEW,BKN,BKN,null,5000,12000,21000,null,null,null,null,null,null,null,null,40.5,KJFK 041451Z 25014KT 10SM FEW050 BKN120 BKN210 08/05 A2981 RMK SLP095 T00830050 51010,null
JFK,2023-12-04 15:51,49,41,73.77,250,12,0,29.8,1009,10,null,FEW,SCT,BKN,null,5000,15000,23000,null,null,null,null,null,null,null,null,43.64,KJFK 041551Z 25012KT 10SM FEW050 SCT150 BKN230 09/05 A2980 RMK SLP090 T00940050,null
JFK,2023-12-04 16:51,51,41,68.48,240,16,0,29.79,1008.9,10,null,SCT,SCT,BKN,null,4000,15000,25000,null,null,null,null,null,null,null,null,51,KJFK 041651Z 24016KT 10SM SCT040 SCT150 BKN250 11/05 A2979 RMK SLP089 T01060050,null
JFK,2023-12-04 17:51,51,38,60.92,250,13,0,29.78,1008.5,10,null,BKN,BKN,BKN,null,4000,15000,25000,null,null,null,null,null,null,null,null,51,KJFK 041751Z 25013KT 10SM BKN040 BKN150 BKN250 11/03 A2978 RMK SLP085 T01060033 10111 20061 56010,null
JFK,2023-12-04 18:51,50,36,58.44,300,13,0,29.76,1007.7,10,null,SCT,BKN,BKN,null,4000,18000,21000,null,null,null,null,null,null,null,null,50,KJFK 041851Z 30013KT 10SM SCT040 BKN180 BKN210 10/02 A2976 RMK AO2 SLP077 T01000022,null
JFK,2023-12-04 19:51,49,34,56.02,300,11,0,29.76,1007.6,10,null,FEW,BKN,BKN,null,4000,16000,25000,null,null,null,null,null,null,null,null,43.95,KJFK 041951Z 30011KT 10SM FEW040 BKN160 BKN250 09/01 A2976 RMK AO2 SLP076 T00940011,null
JFK,2023-12-04 20:51,49,34,56.02,290,10,0,29.76,1007.8,10,null,FEW,BKN,BKN,null,4000,15000,25000,null,null,null,null,null,null,null,null,44.29,KJFK 042051Z 29010KT 10SM FEW040 BKN150 BKN250 09/01 A2976 RMK AO2 SLP078 T00940011 55007,null
JFK,2023-12-04 21:51,48,33,55.87,290,10,0,29.78,1008.5,10,null,SCT,BKN,BKN,null,4300,16000,25000,null,null,null,null,null,null,null,null,43.03,KJFK 042151Z 29010KT 10SM SCT043 BKN160 BKN250 09/01 A2978 RMK AO2 SLP085 T00890006,null
JFK,2023-12-04 22:51,48,33,55.87,280,13,0,29.81,1009.4,10,null,SCT,BKN,OVC,null,4300,14000,19000,null,null,null,null,null,null,null,null,42.07,KJFK 042251Z 28013KT 10SM SCT043 BKN140 OVC190 09/01 A2981 RMK AO2 SLP094 T00890006,null
JFK,2023-12-04 23:51,46,33,60.25,280,11,0,29.83,1010,10,null,FEW,SCT,BKN,null,4300,14000,25000,null,null,null,null,null,null,null,null,40.16,KJFK 042351Z 28011KT 10SM FEW043 SCT140 BKN250 08/01 A2983 RMK AO2 SLP100 T00780006 10111 20078 51022,null
JFK,2023-12-05 0:51,46,33,60.25,290,9,0,29.85,1010.8,10,null,SCT,BKN,null,null,15000,25000,null,null,null,null,null,null,null,null,null,40.92,KJFK 050051Z 29009KT 10SM SCT150 BKN250 08/01 A2985 RMK AO2 SLP108 T00780006,null
JFK,2023-12-05 1:51,44,33,65.01,280,11,0,29.86,1011.2,10,null,FEW,FEW,BKN,null,4500,15000,25000,null,null,null,null,null,null,null,null,37.63,KJFK 050151Z 28011KT 10SM FEW045 FEW150 BKN250 07/01 A2986 RMK AO2 SLP112 T00670006,null
JFK,2023-12-05 2:51,44,33,65.01,290,11,0,29.87,1011.3,10,null,FEW,BKN,null,null,15000,25000,null,null,null,null,null,null,null,null,null,37.63,KJFK 050251Z 29011KT 10SM FEW150 BKN250 07/01 A2987 RMK AO2 SLP113 T00670006 51013,null
JFK,2023-12-05 3:51,43,33,67.54,290,9,0,29.87,1011.6,10,null,FEW,SCT,null,null,16000,25000,null,null,null,null,null,null,null,null,null,37.19,KJFK 050351Z 29009KT 10SM FEW160 SCT250 06/01 A2987 RMK AO2 SLP116 T00610006,null
JFK,2023-12-05 4:51,42,32,67.42,300,10,0,29.9,1012.3,10,null,FEW,null,null,null,25000,null,null,null,null,null,null,null,null,null,null,35.51,KJFK 050451Z 30010KT 10SM FEW250 06/00 A2990 RMK AO2 SLP123 T00560000 401110056,null
JFK,2023-12-05 5:51,41,33,72.96,280,8,0,29.91,1012.7,10,null,FEW,null,null,null,25000,null,null,null,null,null,null,null,null,null,null,35.2,KJFK 050551Z 28008KT 10SM FEW250 05/01 A2991 RMK AO2 SLP127 T00500006 10078 20050 53014,null
JFK,2023-12-05 6:51,42,33,70.19,310,10,0,29.92,1013.3,10,null,FEW,null,null,null,25000,null,null,null,null,null,null,null,null,null,null,35.51,KJFK 050651Z 31010KT 10SM FEW250 06/01 A2992 RMK AO2 SLP133 T00560006,null
JFK,2023-12-05 7:51,41,32,70.08,310,10,0,29.95,1014.1,10,null,FEW,null,null,null,25000,null,null,null,null,null,null,null,null,null,null,34.25,KJFK 050751Z 31010KT 10SM FEW250 05/00 A2995 RMK AO2 SLP141 T00500000,null
JFK,2023-12-05 8:51,41,31,67.3,310,12,0,29.96,1014.4,10,null,FEW,FEW,null,null,3200,25000,null,null,null,null,null,null,null,null,null,33.46,KJFK 050851Z 31012KT 10SM FEW032 FEW250 05/M01 A2996 RMK AO2 SLP144 T00501006 51016,null
JFK,2023-12-05 9:51,40,29,64.5,320,11,0,29.97,1014.7,10,null,FEW,FEW,null,null,3700,25000,null,null,null,null,null,null,null,null,null,32.58,KJFK 050951Z 32011KT 10SM FEW037 FEW250 04/M02 A2997 RMK AO2 SLP147 T00441017,null
JFK,2023-12-05 10:51,39,27,61.78,340,17,0,29.98,1015.3,10,22,FEW,FEW,null,null,3300,25000,null,null,null,null,null,null,null,null,null,29.25,KJFK 051051Z 34017G22KT 10SM FEW033 FEW250 04/M03 A2998 RMK AO2 SLP153 T00391028,null
JFK,2023-12-05 11:51,38,25,59.13,330,12,0,30.01,1016.2,10,null,FEW,FEW,null,null,3300,25000,null,null,null,null,null,null,null,null,null,29.64,KJFK 051151Z 33012KT 10SM FEW033 FEW250 03/M04 A3001 RMK AO2 SLP162 T00331039 10056 20033 53018,null
JFK,2023-12-05 12:51,38,24,56.71,340,13,0,30.03,1016.8,10,null,FEW,SCT,null,null,3500,25000,null,null,null,null,null,null,null,null,null,29.26,KJFK 051251Z 34013KT 10SM FEW035 SCT250 03/M04 A3003 RMK AO2 SLP168 T00331044,null
JFK,2023-12-05 13:51,41,25,52.61,330,11,0,30.05,1017.3,10,null,FEW,BKN,null,null,3800,25000,null,null,null,null,null,null,null,null,null,33.84,KJFK 051351Z 33011KT 10SM FEW038 BKN250 05/M04 A3005 RMK AO2 SLP173 T00501039,null
JFK,2023-12-05 14:51,42,25,50.61,320,9,0,30.06,1017.8,10,null,FEW,BKN,null,null,4000,25000,null,null,null,null,null,null,null,null,null,35.95,KJFK 051451Z 32009KT 10SM FEW040 BKN250 06/M04 A3006 RMK AO2 SLP178 T00561039 51016,null
JFK,2023-12-05 15:51,42,25,50.61,320,6,0,30.04,1017.1,10,null,FEW,BKN,null,null,4300,25000,null,null,null,null,null,null,null,null,null,37.57,KJFK 051551Z 32006KT 10SM FEW043 BKN250 06/M04 A3004 RMK AO2 SLP171 T00561039,null
JFK,2023-12-05 16:51,42,26,52.76,300,8,0,30.05,1017.4,10,null,FEW,FEW,BKN,null,4300,21000,25000,null,null,null,null,null,null,null,null,36.43,KJFK 051651Z 30008KT 10SM FEW043 FEW210 BKN250 06/M03 A3005 RMK AO2 SLP174 T00561033,null
JFK,2023-12-05 17:51,43,26,50.77,280,7,0,30.03,1017,10,null,SCT,BKN,OVC,null,4400,18000,25000,null,null,null,null,null,null,null,null,38.19,KJFK 051751Z 28007KT 10SM SCT044 BKN180 OVC250 06/M03 A3003 RMK AO2 SLP170 T00611033 10061 20033 56008,null
JFK,2023-12-05 18:51,43,26,50.77,310,9,0,30.02,1016.4,10,null,FEW,BKN,BKN,null,4500,17000,25000,null,null,null,null,null,null,null,null,37.19,KJFK 051851Z 31009KT 10SM FEW045 BKN170 BKN250 06/M03 A3002 RMK AO2 SLP164 T00611033,null
JFK,2023-12-05 19:51,42,25,50.61,330,5,0,30.02,1016.6,10,null,FEW,BKN,BKN,null,4500,16000,25000,null,null,null,null,null,null,null,null,38.27,KJFK 051951Z 33005KT 10SM FEW045 BKN160 BKN250 06/M04 A3002 RMK AO2 SLP166 T00561039,null
JFK,2023-12-05 20:51,42,25,50.61,340,3,0,30.03,1016.7,10,null,FEW,BKN,BKN,null,4600,17000,25000,null,null,null,null,null,null,null,null,40.12,KJFK 052051Z 34003KT 10SM FEW046 BKN170 BKN250 06/M04 A3003 RMK AO2 SLP167 T00561039 55003,null
JFK,2023-12-05 21:51,41,25,52.61,350,7,0,30.02,1016.6,10,null,FEW,BKN,BKN,null,4600,16000,25000,null,null,null,null,null,null,null,null,35.75,KJFK 052151Z 35007KT 10SM FEW046 BKN160 BKN250 05/M04 A3002 RMK AO2 SLP166 T00501039,null
JFK,2023-12-05 22:51,40,25,54.69,360,4,0,30.03,1016.8,10,null,SCT,BKN,BKN,null,4600,14000,25000,null,null,null,null,null,null,null,null,36.76,KJFK 052251Z 36004KT 10SM SCT046 BKN140 BKN250 04/M04 A3003 RMK AO2 SLP168 T00441039,null
JFK,2023-12-05 23:51,41,25,52.61,10,6,0,30.04,1017.3,10,null,BKN,BKN,BKN,null,4800,14000,25000,null,null,null,null,null,null,null,null,36.37,KJFK 052351Z 01006KT 10SM BKN048 BKN140 BKN250 05/M04 A3004 RMK AO2 SLP173 T00501039 10067 20044 53006,null
JFK,2023-12-06 0:51,41,25,52.61,10,5,0,30.04,1017.3,10,null,BKN,BKN,BKN,BKN,4900,11000,13000,25000,null,null,null,null,null,null,null,37.08,KJFK 060051Z 01005KT 10SM BKN049 BKN110 BKN130 BKN250 05/M04 A3004 RMK AO2 SLP173 T00501039,null
JFK,2023-12-06 1:51,39,25,56.86,10,6,0,30.03,1016.9,10,null,FEW,BKN,BKN,BKN,5000,11000,15000,25000,null,null,null,null,null,null,null,33.96,KJFK 060151Z 01006KT 10SM FEW050 BKN110 BKN150 BKN250 04/M04 A3003 RMK AO2 SLP169 T00391039,null
JFK,2023-12-06 2:51,39,27,61.78,20,4,0,30.02,1016.7,10,null,BKN,BKN,BKN,null,5000,14000,25000,null,null,null,null,null,null,null,null,35.59,KJFK 060251Z 02004KT 10SM BKN050 BKN140 BKN250 04/M03 A3002 RMK AO2 SLP167 T00391028 58007,null
JFK,2023-12-06 3:51,38,28,66.94,80,6,0,30.02,1016.5,10,null,OVC,null,null,null,5500,null,null,null,null,null,null,null,null,null,null,32.76,KJFK 060351Z 08006KT 10SM OVC055 03/M02 A3002 RMK AO2 SLP165 T00331022,null
JFK,2023-12-06 4:51,38,28,66.94,60,5,0,30,1016,10,null,OVC,null,null,null,5500,null,null,null,null,null,null,null,null,null,null,33.52,KJFK 060451Z 06005KT 10SM OVC055 03/M02 A3000 RMK AO2 SLP160 T00331022 400670033,null
JFK,2023-12-06 5:51,35,26,69.39,20,5,0,29.98,1015.2,10,null,FEW,SCT,SCT,null,5000,16000,25000,null,null,null,null,null,null,null,null,29.96,KJFK 060551Z 02005KT 10SM FEW050 SCT160 SCT250 02/M03 A2998 RMK AO2 SLP152 T00171033 10056 20017 58015,null
JFK,2023-12-06 6:51,35,26,69.39,20,3,0,29.98,1015.2,10,null,FEW,SCT,SCT,null,5500,15000,25000,null,null,null,null,null,null,null,null,32.12,KJFK 060651Z 02003KT 10SM FEW055 SCT150 SCT250 02/M03 A2998 RMK AO2 SLP152 T00171033,null
JFK,2023-12-06 7:51,35,27,72.32,10,4,0,29.99,1015.4,10,null,FEW,SCT,SCT,BKN,5000,14000,17000,25000,null,null,null,null,null,null,null,30.92,KJFK 060751Z 01004KT 10SM FEW050 SCT140 SCT170 BKN250 02/M03 A2999 RMK AO2 SLP154 T00171028,null
JFK,2023-12-06 8:51,34,27,75.26,360,7,0,29.98,1015.2,10,null,FEW,SCT,SCT,SCT,4800,8000,17000,25000,null,null,null,null,null,null,null,27.22,KJFK 060851Z 36007KT 10SM FEW048 SCT080 SCT170 SCT250 01/M03 A2998 RMK AO2 SLP152 T00111028 58000,null
JFK,2023-12-06 9:51,34,27,75.26,10,6,0,29.98,1015.1,10,null,BKN,BKN,BKN,null,3700,14000,25000,null,null,null,null,null,null,null,null,27.94,KJFK 060951Z 01006KT 10SM BKN037 BKN140 BKN250 01/M03 A2998 RMK AO2 SLP151 T00111028,null
JFK,2023-12-06 10:51,36,27,69.51,10,6,0,29.98,1015.3,10,null,BKN,BKN,null,null,4200,25000,null,null,null,null,null,null,null,null,null,30.35,KJFK 061051Z 01006KT 10SM BKN042 BKN250 02/M03 A2998 RMK AO2 SLP153 T00221028,null
JFK,2023-12-06 11:51,35,27,72.32,360,7,0,30,1015.7,10,null,BKN,BKN,null,null,4400,25000,null,null,null,null,null,null,null,null,null,28.44,KJFK 061151Z 36007KT 10SM BKN044 BKN250 02/M03 A3000 RMK AO2 SLP157 T00171028 10022 20011 53005,null
JFK,2023-12-06 12:51,37,27,66.82,10,7,0,30,1015.8,10,null,SCT,SCT,BKN,null,4200,12000,25000,null,null,null,null,null,null,null,null,30.87,KJFK 061251Z 01007KT 10SM SCT042 SCT120 BKN250 03/M03 A3000 RMK AO2 SLP158 T00281028,null
JFK,2023-12-06 13:51,39,27,61.78,30,7,0,30.01,1016.2,10,null,FEW,BKN,BKN,BKN,3200,4700,12000,25000,null,null,null,null,null,null,null,33.31,KJFK 061351Z 03007KT 10SM FEW032 BKN047 BKN120 BKN250 04/M03 A3001 RMK AO2 SLP162 T00391028,null
JFK,2023-12-06 14:51,40,27,59.41,360,7,0,30.02,1016.4,10,null,FEW,FEW,SCT,BKN,3200,6000,12000,25000,null,null,null,null,null,null,null,34.53,KJFK 061451Z 36007KT 10SM FEW032 FEW060 SCT120 BKN250 04/M03 A3002 RMK AO2 SLP164 T00441028 53007,null
JFK,2023-12-06 15:51,41,26,54.84,340,12,0,30,1015.9,10,null,SCT,BKN,BKN,BKN,3400,8500,12000,25000,null,null,null,null,null,null,null,33.46,KJFK 061551Z 34012KT 10SM SCT034 BKN085 BKN120 BKN250 05/M03 A3000 RMK AO2 SLP159 T00501033,null
JFK,2023-12-06 16:51,41,27,57.15,360,11,0,29.99,1015.3,10,null,SCT,BKN,BKN,null,3400,12000,25000,null,null,null,null,null,null,null,null,33.84,KJFK 061651Z 36011KT 10SM SCT034 BKN120 BKN250 05/M03 A2999 RMK AO2 SLP153 T00501028,null
JFK,2023-12-06 17:51,41,26,54.84,330,11,0,29.96,1014.6,10,null,BKN,BKN,BKN,null,3700,6000,25000,null,null,null,null,null,null,null,null,33.84,KJFK 061751Z 33011KT 10SM BKN037 BKN060 BKN250 05/M03 A2996 RMK AO2 SLP146 T00501033 10056 20017 58019,null
JFK,2023-12-06 18:51,41,25,52.61,340,12,0,29.96,1014.4,10,19,BKN,BKN,null,null,4100,6000,null,null,null,null,null,null,null,null,null,33.46,KJFK 061851Z 34012G19KT 10SM BKN041 BKN060 05/M04 A2996 RMK AO2 SLP144 T00501039,null
JFK,2023-12-06 19:51,40,24,52.45,340,15,0,29.97,1014.7,10,null,SCT,OVC,null,null,4100,5000,null,null,null,null,null,null,null,null,null,31.15,KJFK 061951Z 34015KT 10SM SCT041 OVC050 04/M04 A2997 RMK AO2 SLP147 VIRGA NW T00441044,null
JFK,2023-12-06 20:51,39,24,54.54,310,15,0,29.97,1014.7,10,null,SCT,BKN,null,null,4200,6000,null,null,null,null,null,null,null,null,null,29.85,KJFK 062051Z 31015KT 10SM SCT042 BKN060 04/M04 A2997 RMK AO2 SLP147 T00391044 53002,null
JFK,2023-12-06 21:51,38,21,49.98,330,18,0,29.99,1015.4,10,24,SCT,BKN,null,null,4200,5500,null,null,null,null,null,null,null,null,null,27.65,KJFK 062151Z 33018G24KT 10SM SCT042 BKN055 03/M06 A2999 RMK AO2 SLP154 T00331061,null
JFK,2023-12-06 22:51,38,18,43.97,330,17,0,30.01,1016.1,10,24,FEW,BKN,null,null,4200,6000,null,null,null,null,null,null,28,330,2023-12-06 22:06,27.94,KJFK 062251Z 33017G24KT 10SM FEW042 BKN060 03/M08 A3001 RMK AO2 PK WND 33028/2206 SLP161 T00331078,null
JFK,2023-12-06 23:51,37,18,45.73,330,16,0,30.02,1016.4,10,25,BKN,null,null,null,6000,null,null,null,null,null,null,null,27,330,2023-12-06 23:17,26.94,KJFK 062351Z 33016G25KT 10SM BKN060 03/M08 A3002 RMK AO2 PK WND 33027/2317 SLP164 T00281078 10056 20028 51017,null
JFK,2023-12-07 0:51,37,17,43.8,350,14,0,30.02,1016.6,10,null,BKN,null,null,null,6000,null,null,null,null,null,null,null,null,null,null,27.61,KJFK 070051Z 35014KT 10SM BKN060 03/M08 A3002 RMK AO2 SLP166 T00281083,null
JFK,2023-12-07 1:51,36,17,45.57,340,16,0,30.03,1016.9,10,26,BKN,null,null,null,5000,null,null,null,null,null,null,null,26,330,2023-12-07 1:49,25.63,KJFK 070151Z 34016G26KT 10SM BKN050 02/M08 A3003 RMK AO2 PK WND 33026/0149 SLP169 T00221083,null
JFK,2023-12-07 2:51,36,19,49.66,330,15,0,30.05,1017.4,10,null,OVC,null,null,null,5000,null,null,null,null,null,null,null,null,null,null,25.97,KJFK 070251Z 33015KT 10SM OVC050 02/M07 A3005 RMK AO2 SLP174 T00221072 53010,null
JFK,2023-12-07 3:51,35,18,49.5,320,16,0,30.06,1017.7,10,null,BKN,null,null,null,5500,null,null,null,null,null,null,null,null,null,null,24.33,KJFK 070351Z 32016KT 10SM BKN055 02/M08 A3006 RMK AO2 SLP177 T00171078,null
JFK,2023-12-07 4:51,33,16,49.18,330,13,0,30.05,1017.6,10,null,SCT,null,null,null,5500,null,null,null,null,null,null,null,26,320,2023-12-07 4:21,22.85,KJFK 070451Z 33013KT 10SM SCT055 01/M09 A3005 RMK AO2 PK WND 32026/0421 SLP176 T00061089 400560006,null
JFK,2023-12-07 5:51,33,16,49.18,340,16,0,30.06,1017.7,10,null,FEW,null,null,null,5000,null,null,null,null,null,null,null,null,null,null,21.72,KJFK 070551Z COR 34016KT 10SM FEW050 01/M09 A3006 RMK AO2 SLP177 T00061089 10028 20000 51003,null
JFK,2023-12-07 6:51,32,17,53.46,310,11,0,30.07,1018.1,10,null,BKN,null,null,null,4500,null,null,null,null,null,null,null,null,null,null,22.47,KJFK 070651Z COR 31011KT 10SM BKN045 00/M08 A3007 RMK AO2 SLP181 T00001083,null
JFK,2023-12-07 7:51,32,18,55.82,320,9,0,30.06,1017.9,10,null,SCT,null,null,null,5500,null,null,null,null,null,null,null,null,null,null,23.51,KJFK 070751Z 32009KT 10SM SCT055 00/M08 A3006 RMK AO2 SLP179 T00001078,null
JFK,2023-12-07 8:51,32,18,55.82,310,12,0,30.06,1018,10,null,FEW,SCT,null,null,5500,25000,null,null,null,null,null,null,null,null,null,22,KJFK 070851Z 31012KT 10SM FEW055 SCT250 00/M08 A3006 RMK AO2 SLP180 T00001078 51002,null
JFK,2023-12-07 9:51,32,17,53.46,310,8,0,30.07,1018.1,10,null,FEW,SCT,null,null,4800,25000,null,null,null,null,null,null,null,null,null,24.11,KJFK 070951Z 31008KT 10SM FEW048 SCT250 00/M08 A3007 RMK AO2 SLP181 T00001083,null
JFK,2023-12-07 10:51,32,17,53.46,310,10,0,30.07,1018.1,10,null,SCT,null,null,null,25000,null,null,null,null,null,null,null,null,null,null,22.97,KJFK 071051Z 31010KT 10SM SCT250 00/M08 A3007 RMK AO2 SLP181 T00001083,null
JFK,2023-12-07 11:51,32,17,53.46,290,13,0,30.08,1018.6,10,null,FEW,SCT,BKN,BKN,3300,12000,18000,25000,null,null,null,null,null,null,null,21.57,KJFK 071151Z 29013KT 10SM FEW033 SCT120 BKN180 BKN250 00/M08 A3008 RMK AO2 SLP186 T00001083 10006 21006 53006,null
JFK,2023-12-07 12:51,33,18,53.62,290,8,0,30.08,1018.6,10,null,FEW,BKN,BKN,OVC,3300,13000,18000,25000,null,null,null,null,null,null,null,25.34,KJFK 071251Z 29008KT 10SM FEW033 BKN130 BKN180 OVC250 01/M08 A3008 RMK AO2 SLP186 T00061078,null
JFK,2023-12-07 13:51,34,20,56.12,270,11,0,30.08,1018.6,10,null,FEW,SCT,OVC,null,3500,11000,23000,null,null,null,null,null,null,null,null,24.99,KJFK 071351Z 27011KT 10SM FEW035 SCT110 OVC230 01/M07 A3008 RMK AO2 SLP186 VIRGA W-N T00111067,null
JFK,2023-12-07 14:51,35,21,56.27,280,10,0,30.09,1018.7,10,null,FEW,BKN,BKN,null,3500,9500,23000,null,null,null,null,null,null,null,null,26.73,KJFK 071451Z 28010KT 10SM FEW035 BKN095 BKN230 02/M06 A3009 RMK AO2 SLP187 VIRGA SW-N T00171061 53002,null
JFK,2023-12-07 15:38,37,23,56.57,250,10,T,30.07,null,9,null,FEW,BKN,BKN,null,5000,7500,25000,null,#NAME?,null,null,null,null,null,null,29.24,KJFK 071538Z 25010KT 9SM -SN FEW050 BKN075 BKN250 03/M05 A3007 RMK AO2 SNB38 P0000 T00281050,null
JFK,2023-12-07 15:51,36,23,58.85,250,12,T,30.06,1017.9,8,null,SCT,OVC,null,null,4400,7000,null,null,#NAME?,null,null,null,null,null,null,27.09,KJFK 071551Z 25012KT 8SM -SN SCT044 OVC070 02/M05 A3006 RMK AO2 SNB38 SLP179 P0000 T00221050,null
JFK,2023-12-07 16:19,35,26,69.39,260,10,T,30.04,null,10,null,SCT,BKN,BKN,null,4100,7500,14000,null,null,null,null,null,null,null,null,26.73,KJFK 071619Z 26010KT 10SM SCT041 BKN075 BKN140 02/M03 A3004 RMK AO2 SNE19 VCSH N AND SE P0000 T00171033,null
JFK,2023-12-07 16:51,36,28,72.43,260,11,T,30.02,1016.6,10,null,FEW,SCT,BKN,BKN,2200,4000,7000,14000,null,null,null,null,null,null,null,27.52,KJFK 071651Z 26011KT 10SM FEW022 SCT040 BKN070 BKN140 02/M02 A3002 RMK AO2 SNE19 SLP166 P0000 T00221022,null
JFK,2023-12-07 17:51,37,28,69.63,270,11,0,30,1015.7,10,null,FEW,BKN,OVC,null,2700,5000,9000,null,null,null,null,null,null,null,null,28.79,KJFK 071751Z 27011KT 10SM FEW027 BKN050 OVC090 03/M02 A3000 RMK AO2 SLP157 60000 T00281022 10033 20000 57030,null
JFK,2023-12-07 18:07,36,29,75.46,250,12,T,29.99,null,10,null,FEW,BKN,OVC,null,3200,5500,6500,null,#NAME?,null,null,null,null,null,null,27.09,KJFK 071807Z 25012KT 10SM -SN FEW032 BKN055 OVC065 02/M02 A2999 RMK AO2 SNB07 P0000 T00221017,null
JFK,2023-12-07 18:51,36,30,78.6,240,12,T,29.97,1014.8,10,null,FEW,BKN,OVC,null,2100,3400,5500,null,#NAME?,null,null,null,null,null,null,27.09,KJFK 071851Z 24012KT 10SM -SN FEW021 BKN034 OVC055 02/M01 A2997 RMK AO2 SNB07 SLP148 P0000 T00221011,null
JFK,2023-12-07 19:40,37,30,75.56,260,14,T,29.96,null,10,null,BKN,OVC,null,null,2100,7500,null,null,null,null,null,null,null,null,null,27.61,KJFK 071940Z 26014KT 10SM BKN021 OVC075 03/M01 A2996 RMK AO2 SNE40 P0000 T00281011,null
JFK,2023-12-07 19:51,37,31,78.69,250,12,T,29.97,1014.7,10,null,BKN,OVC,null,null,2100,7500,null,null,null,null,null,null,null,null,null,28.37,KJFK 071951Z 25012KT 10SM BKN021 OVC075 03/M01 A2997 RMK AO2 SNE40 SLP147 P0000 T00281006,null
JFK,2023-12-07 20:51,38,31,75.65,270,12,0,29.99,1015.3,10,null,BKN,OVC,null,null,1900,7500,null,null,null,null,null,null,null,null,null,29.64,KJFK 072051Z 27012KT 10SM BKN019 OVC075 03/M01 A2999 RMK AO2 SLP153 60000 T00331006 55004,null
JFK,2023-12-07 21:46,37.4,30.2,74.98,270,10,0,30,null,10,null,SCT,OVC,null,null,2300,6000,null,null,null,null,null,null,null,null,null,29.74,KJFK 072146Z 27010KT 10SM SCT023 OVC060 03/M01 A3000 RMK AO2,null
JFK,2023-12-07 21:51,38,31,75.65,290,9,0,30,1015.8,10,null,SCT,OVC,null,null,2300,6000,null,null,null,null,null,null,null,null,null,30.97,KJFK 072151Z 29009KT 10SM SCT023 OVC060 03/M01 A3000 RMK AO2 SLP158 T00331006,null
JFK,2023-12-07 22:51,39,31,72.75,280,9,0,30.01,1016,10,null,FEW,BKN,OVC,null,2300,5000,8000,null,null,null,null,null,null,null,null,32.22,KJFK 072251Z 28009KT 10SM FEW023 BKN050 OVC080 04/M01 A3001 RMK AO2 SLP160 T00391006,null
JFK,2023-12-07 23:51,38,31,75.65,270,10,0,30.03,1016.7,10,null,FEW,BKN,null,null,5000,8000,null,null,null,null,null,null,null,null,null,30.49,KJFK 072351Z 27010KT 10SM FEW050 BKN080 03/M01 A3003 RMK AO2 SLP167 60000 T00331006 10039 20017 53014,null
JFK,2023-12-08 0:51,37,31,78.69,260,7,0,30.04,1017.1,10,null,FEW,FEW,null,null,8000,25000,null,null,null,null,null,null,null,null,null,30.87,KJFK 080051Z 26007KT 10SM FEW080 FEW250 03/M01 A3004 RMK AO2 SLP171 T00281006,null
JFK,2023-12-08 1:51,38,30,72.64,270,9,0,30.05,1017.5,10,null,FEW,FEW,SCT,null,5000,8000,25000,null,null,null,null,null,null,null,null,30.97,KJFK 080151Z 27009KT 10SM FEW050 FEW080 SCT250 03/M01 A3005 RMK AO2 SLP175 T00331011,null
JFK,2023-12-08 2:51,37,31,78.69,260,8,0,30.06,1017.8,10,null,BKN,null,null,null,6000,null,null,null,null,null,null,null,null,null,null,30.27,KJFK 080251Z 26008KT 10SM BKN060 03/M01 A3006 RMK AO2 SLP178 T00281006 51012,null
JFK,2023-12-08 3:51,37,31,78.69,270,10,0,30.06,1017.7,10,null,SCT,SCT,null,null,5500,25000,null,null,null,null,null,null,null,null,null,29.24,KJFK 080351Z 27010KT 10SM SCT055 SCT250 03/M01 A3006 RMK AO2 SLP177 T00281006,null
JFK,2023-12-08 4:51,36,30,78.6,280,6,0,30.07,1018.1,10,null,SCT,null,null,null,25000,null,null,null,null,null,null,null,null,null,null,30.35,KJFK 080451Z 28006KT 10SM SCT250 02/M01 A3007 RMK AO2 SLP181 T00221011 400391006,null
JFK,2023-12-08 5:51,36,30,78.6,280,6,0,30.08,1018.5,10,null,FEW,SCT,null,null,6000,25000,null,null,null,null,null,null,null,null,null,30.35,KJFK 080551Z 28006KT 10SM FEW060 SCT250 02/M01 A3008 RMK AO2 SLP185 T00221011 10033 20017 53007,null
JFK,2023-12-08 6:51,35,28,75.36,0,0,0,30.08,1018.5,10,null,SCT,BKN,null,null,5500,25000,null,null,null,null,null,null,null,null,null,35,KJFK 080651Z 00000KT 10SM SCT055 BKN250 02/M02 A3008 RMK AO2 SLP185 T00171022,null
JFK,2023-12-08 7:51,35,31,85.17,280,6,0,30.1,1019.1,10,null,BKN,BKN,null,null,5500,25000,null,null,null,null,null,null,null,null,null,29.14,KJFK 080751Z 28006KT 10SM BKN055 BKN250 02/M01 A3010 RMK AO2 SLP191 T00171006,null
JFK,2023-12-08 8:51,34,29,81.71,0,0,0,30.11,1019.5,10,null,SCT,BKN,null,null,5000,25000,null,null,null,null,null,null,null,null,null,34,KJFK 080851Z 00000KT 10SM SCT050 BKN250 01/M02 A3011 RMK AO2 SLP195 T00111017 53010,null
JFK,2023-12-08 9:51,31,28,88.48,360,3,0,30.12,1020,9,null,SCT,SCT,null,null,6000,25000,null,null,null,null,null,null,null,null,null,27.55,KJFK 080951Z 36003KT 9SM SCT060 SCT250 M01/M02 A3012 RMK AO2 SLP200 T10061022,null
JFK,2023-12-08 10:51,31,29,92.19,360,3,0,30.15,1020.9,10,null,SCT,SCT,null,null,5000,25000,null,null,null,null,null,null,null,null,null,27.55,KJFK 081051Z 36003KT 10SM SCT050 SCT250 M01/M02 A3015 RMK AO2 SLP209 T10061017,null
JFK,2023-12-08 11:51,30,28,92.15,0,0,0,30.16,1021.1,9,null,FEW,SCT,null,null,5000,25000,null,null,MIFG,null,null,null,null,null,null,30,KJFK 081151Z 00000KT 9SM MIFG FEW050 SCT250 M01/M02 A3016 RMK AO2 SLP211 T10111022 10033 21011 51016,null
JFK,2023-12-08 12:51,35,31,85.17,0,0,0,30.17,1021.7,10,null,BKN,null,null,null,25000,null,null,null,null,null,null,null,null,null,null,35,KJFK 081251Z 00000KT 10SM BKN250 02/M01 A3017 RMK AO2 SLP217 T00171006,null
JFK,2023-12-08 13:51,40,34,78.94,0,0,0,30.2,1022.6,9,null,BKN,null,null,null,25000,null,null,null,null,null,null,null,null,null,null,40,KJFK 081351Z 00000KT 9SM BKN250 04/01 A3020 RMK AO2 SLP226 T00440011,null
JFK,2023-12-08 14:51,44,34,67.66,220,3,0,30.22,1023.3,10,null,BKN,null,null,null,25000,null,null,null,null,null,null,null,null,null,null,42.41,KJFK 081451Z 22003KT 10SM BKN250 07/01 A3022 RMK AO2 SLP233 T00670011 53022,null
JFK,2023-12-08 15:51,45,34,65.13,230,6,0,30.2,1022.7,10,null,FEW,BKN,null,null,18000,25000,null,null,null,null,null,null,null,null,null,41.19,KJFK 081551Z 23006KT 10SM FEW180 BKN250 07/01 A3020 RMK AO2 SLP227 T00720011,null
JFK,2023-12-08 16:51,47,33,58.01,210,6,0,30.19,1022.3,10,null,SCT,SCT,BKN,null,11000,16000,25000,null,null,null,null,null,null,null,null,43.6,KJFK 081651Z 21006KT 10SM SCT110 SCT160 BKN250 08/01 A3019 RMK AO2 SLP223 T00830006,null
JFK,2023-12-08 17:51,48,33,55.87,210,8,0,30.2,1022.4,10,null,FEW,BKN,null,null,11000,25000,null,null,null,null,null,null,null,null,null,43.82,KJFK 081751Z 21008KT 10SM FEW110 BKN250 09/01 A3020 RMK AO2 SLP224 T00890006 10089 21011 55009,null
JFK,2023-12-08 18:51,48,33,55.87,190,7,0,30.18,1022,10,null,SCT,null,null,null,25000,null,null,null,null,null,null,null,null,null,null,44.28,KJFK 081851Z 19007KT 10SM SCT250 09/01 A3018 RMK AO2 SLP220 T00890006,null
JFK,2023-12-08 19:51,48,34,58.16,180,7,0,30.19,1022.2,10,null,FEW,BKN,null,null,12000,25000,null,null,null,null,null,null,null,null,null,44.28,KJFK 081951Z 18007KT 10SM FEW120 BKN250 09/01 A3019 RMK AO2 SLP222 T00890011,null
JFK,2023-12-08 20:51,46,34,62.71,170,7,0,30.2,1022.6,10,null,BKN,BKN,BKN,null,4800,21000,25000,null,null,null,null,null,null,null,null,41.84,KJFK 082051Z COR 17007KT 10SM BKN048 BKN210 BKN250 08/01 A3020 RMK AO2 SLP226 T00780011 53001,null
JFK,2023-12-08 21:51,44,35,70.42,160,7,0,30.2,1022.5,10,null,SCT,SCT,null,null,4500,25000,null,null,null,null,null,null,null,null,null,39.41,KJFK 082151Z 16007KT 10SM SCT045 SCT250 07/02 A3020 RMK AO2 SLP225 T00670017,null
JFK,2023-12-08 22:51,45,36,70.53,180,8,0,30.21,1022.8,10,null,FEW,BKN,null,null,4500,11000,null,null,null,null,null,null,null,null,null,40.13,KJFK 082251Z 18008KT 10SM FEW045 BKN110 07/02 A3021 RMK AO2 SLP228 T00720022 $,null
JFK,2023-12-08 23:51,46,37,70.64,190,10,0,30.22,1023.3,10,null,OVC,null,null,null,12000,null,null,null,null,null,null,null,null,null,null,40.52,KJFK 082351Z 19010KT 10SM OVC120 08/03 A3022 RMK AO2 SLP233 T00780028 10089 20067 53007 $,null
JFK,2023-12-09 0:51,45,38,76.31,200,9,0,30.23,1023.6,10,null,SCT,null,null,null,11000,null,null,null,null,null,null,null,null,null,null,39.68,KJFK 090051Z 20009KT 10SM SCT110 07/03 A3023 RMK AO2 SLP236 T00720033 $,null
JFK,2023-12-09 1:51,44,38,79.27,190,8,0,30.24,1023.8,10,null,FEW,null,null,null,11000,null,null,null,null,null,null,null,null,null,null,38.9,KJFK 090151Z 19008KT 10SM FEW110 07/03 A3024 RMK AO2 SLP238 T00670033 $,null
JFK,2023-12-09 2:51,43,38,82.37,200,7,0,30.23,1023.7,10,null,FEW,null,null,null,25000,null,null,null,null,null,null,null,null,null,null,38.19,KJFK 090251Z 20007KT 10SM FEW250 06/03 A3023 RMK AO2 SLP237 T00610033 50004 $,null
JFK,2023-12-09 3:51,44,40,85.71,180,5,0,30.23,1023.7,10,null,FEW,null,null,null,25000,null,null,null,null,null,null,null,null,null,null,40.65,KJFK 090351Z 18005KT 10SM FEW250 07/04 A3023 RMK AO2 SLP237 T00670044 $,null
JFK,2023-12-09 4:51,44,40,85.71,170,3,0,30.23,1023.6,10,null,FEW,null,null,null,25000,null,null,null,null,null,null,null,null,null,null,42.41,KJFK 090451Z 17003KT 10SM FEW250 07/04 A3023 RMK AO2 SLP236 T00670044 400891011 $,null
JFK,2023-12-09 5:51,42,40,92.55,180,4,0,30.23,1023.6,10,null,FEW,null,null,null,25000,null,null,null,null,null,null,null,null,null,null,39.1,KJFK 090551Z 18004KT 10SM FEW250 06/04 A3023 RMK AO2 SLP236 T00560044 10083 20050 56001 $,null
JFK,2023-12-09 6:51,42,40,92.55,190,3,0,30.23,1023.6,10,null,FEW,null,null,null,25000,null,null,null,null,null,null,null,null,null,null,40.12,KJFK 090651Z 19003KT 10SM FEW250 06/04 A3023 RMK AO2 SLP236 T00560044 $,null
JFK,2023-12-09 7:51,39,38,96.16,0,0,0,30.23,1023.5,10,null,FEW,null,null,null,25000,null,null,null,null,null,null,null,null,null,null,39,KJFK 090751Z 00000KT 10SM FEW250 04/03 A3023 RMK AO2 SLP235 T00390033 $,null
JFK,2023-12-09 8:51,36,35,96.11,90,4,0,30.22,1023.3,10,null,FEW,null,null,null,25000,null,null,null,null,null,null,null,null,null,null,32.09,KJFK 090851Z 09004KT 10SM FEW250 02/02 A3022 RMK AO2 SLP233 T00220017 58003 $,null
JFK,2023-12-09 9:51,37,36,96.13,70,6,0,30.22,1023.1,6,null,FEW,null,null,null,25000,null,null,null,BR,null,null,null,null,null,null,31.55,KJFK 090951Z 07006KT 6SM BR FEW250 03/02 A3022 RMK AO2 SLP231 T00280022 $,null
JFK,2023-12-09 10:51,39,39,100,60,3,0,30.22,1023.4,6,null,FEW,null,null,null,25000,null,null,null,BR,null,null,null,null,null,null,36.69,KJFK 091051Z 06003KT 6SM BR FEW250 04/04 A3022 RMK AO2 SLP234 T00390039 $,null
JFK,2023-12-09 11:51,39,38,96.16,50,4,0,30.22,1023.4,10,null,SCT,null,null,null,25000,null,null,null,null,null,null,null,null,null,null,35.59,KJFK 091151Z 05004KT 10SM SCT250 04/03 A3022 RMK AO2 SLP234 T00390033 10061 20017 53001 $,null
JFK,2023-12-09 12:51,40,39,96.18,60,3,0,30.22,1023.3,8,null,FEW,SCT,null,null,1300,25000,null,null,null,null,null,null,null,null,null,37.83,KJFK 091251Z 06003KT 8SM FEW013 SCT250 04/04 A3022 RMK AO2 SLP233 T00440039 $,null
JFK,2023-12-09 13:41,46,46,100,90,5,0,30.23,null,8,null,FEW,BKN,null,null,800,25000,null,null,null,null,null,null,null,null,null,43.02,KJFK 091341Z 09005KT 8SM FEW008 BKN250 08/08 A3023 RMK AO2 T00780078 $,null
JFK,2023-12-09 13:51,47,47,100,110,6,0,30.23,1023.6,8,null,SCT,BKN,null,null,800,25000,null,null,null,null,null,null,null,null,null,43.6,KJFK 091351Z 11006KT 8SM SCT008 BKN250 08/08 A3023 RMK AO2 SLP236 T00830083 $,null
JFK,2023-12-09 14:51,52,50,92.86,160,7,0,30.23,1023.7,9,null,SCT,BKN,null,null,900,25000,null,null,null,null,null,null,null,null,null,52,KJFK 091451Z 16007KT 9SM SCT009 BKN250 11/10 A3023 RMK AO2 SLP237 T01110100 53003 $,null
JFK,2023-12-09 15:51,54,49,83.13,190,6,0,30.23,1023.7,10,null,SCT,BKN,null,null,1200,25000,null,null,null,null,null,null,null,null,null,54,KJFK 091551Z 19006KT 10SM SCT012 BKN250 12/09 A3023 RMK AO2 SLP237 T01220094 $,null
JFK,2023-12-09 16:51,54,48,80.07,190,6,0,30.2,1022.6,10,null,FEW,BKN,null,null,1600,25000,null,null,null,null,null,null,null,null,null,54,KJFK 091651Z 19006KT 10SM FEW016 BKN250 12/09 A3020 RMK AO2 SLP226 T01220089 $,null
JFK,2023-12-09 17:51,55,49,80.15,150,8,0,30.16,1021.4,10,null,FEW,BKN,null,null,2000,25000,null,null,null,null,null,null,null,null,null,55,KJFK 091751Z 15008KT 10SM FEW020 BKN250 13/09 A3016 RMK AO2 SLP214 T01280094 10128 20033 58023 $,null
JFK,2023-12-09 18:51,55,49,80.15,170,6,0,30.17,1021.5,10,null,FEW,SCT,null,null,2000,25000,null,null,null,null,null,null,null,null,null,55,KJFK 091851Z 17006KT 10SM FEW020 SCT250 13/09 A3017 RMK AO2 SLP215 T01280094 $,null
JFK,2023-12-09 19:51,53,47,80,150,6,0,30.16,1021.4,10,null,FEW,FEW,BKN,null,2000,15000,25000,null,null,null,null,null,null,null,null,53,KJFK 091951Z 15006KT 10SM FEW020 FEW150 BKN250 12/08 A3016 RMK AO2 SLP214 T01170083 $,null
JFK,2023-12-09 20:51,50,44,79.76,150,5,0,30.16,1021.3,10,null,FEW,FEW,BKN,null,2000,14000,25000,null,null,null,null,null,null,null,null,50,KJFK 092051Z 15005KT 10SM FEW020 FEW140 BKN250 10/07 A3016 RMK AO2 SLP213 T01000067 58000 $,null
JFK,2023-12-09 21:51,47,45,92.71,130,5,0,30.16,1021.2,10,null,FEW,FEW,BKN,null,14000,21000,25000,null,null,null,null,null,null,null,null,44.21,KJFK 092151Z 13005KT 10SM FEW140 FEW210 BKN250 08/07 A3016 RMK AO2 SLP212 T00830072 $,null
JFK,2023-12-09 22:51,48,46,92.74,160,4,0,30.16,1021.2,10,null,SCT,BKN,BKN,null,14000,20000,25000,null,null,null,null,null,null,null,null,46.1,KJFK 092251Z 16004KT 10SM SCT140 BKN200 BKN250 09/08 A3016 RMK AO2 SLP212 T00890078 $,null
JFK,2023-12-09 23:51,48,46,92.74,170,5,0,30.16,1021.3,10,null,SCT,BKN,BKN,null,9000,12000,25000,null,null,null,null,null,null,null,null,45.4,KJFK 092351Z 17005KT 10SM SCT090 BKN120 BKN250 09/08 A3016 RMK AO2 SLP213 T00890078 10128 20078 55000 $,null
JFK,2023-12-10 0:51,48,46,92.74,200,4,0,30.16,1021.3,10,null,SCT,BKN,OVC,null,9000,12000,25000,null,null,null,null,null,null,null,null,46.1,KJFK 100051Z 20004KT 10SM SCT090 BKN120 OVC250 09/08 A3016 RMK AO2 SLP213 T00890078 $,null
JFK,2023-12-10 1:51,49,47,92.77,200,7,T,30.15,1020.8,10,null,FEW,BKN,BKN,OVC,6000,11000,16000,25000,null,null,null,null,null,null,null,45.5,KJFK 100151Z 20007KT 10SM FEW060 BKN110 BKN160 OVC250 09/08 A3015 RMK AO2 RAB22E40 SLP208 P0000 T00940083 $,null
JFK,2023-12-10 2:51,47,46,96.29,220,8,0,30.16,1021.3,10,null,FEW,BKN,BKN,BKN,8000,13000,16000,25000,null,null,null,null,null,null,null,42.59,KJFK 100251Z 22008KT 10SM FEW080 BKN130 BKN160 BKN250 08/08 A3016 RMK AO2 SLP213 60000 T00830078 55000 $,null
JFK,2023-12-10 3:51,47,44,89.24,180,3,0,30.13,1020.3,8,null,SCT,SCT,SCT,null,8000,12000,25000,null,null,null,null,null,null,null,null,45.84,KJFK 100351Z 18003KT 8SM SCT080 SCT120 SCT250 08/07 A3013 RMK AO2 SLP203 T00830067 $,null
JFK,2023-12-10 4:51,45,44,96.26,130,5,0,30.11,1019.5,7,null,FEW,FEW,null,null,15000,25000,null,null,null,null,null,null,null,null,null,41.83,KJFK 100451Z 13005KT 7SM FEW150 FEW250 07/07 A3011 RMK AO2 SLP195 T00720067 401280017 $,null
JFK,2023-12-10 5:51,44,44,100,0,0,0,30.1,1019.1,7,null,FEW,SCT,SCT,null,6000,15000,25000,null,null,null,null,null,null,null,null,44,KJFK 100551Z 00000KT 7SM FEW060 SCT150 SCT250 07/07 A3010 RMK AO2 SLP191 60000 T00670067 10094 20061 56022 $,null
JFK,2023-12-10 6:51,47,46,96.29,130,5,0,30.08,1018.5,5,null,BKN,BKN,BKN,null,3500,6500,15000,null,BR,null,null,null,null,null,null,44.21,KJFK 100651Z 13005KT 5SM BR BKN035 BKN065 BKN150 08/08 A3008 RMK AO2 SLP185 T00830078 $,null
JFK,2023-12-10 7:51,49,49,100,170,5,0,30.06,1017.8,8,null,BKN,null,null,null,4500,null,null,null,null,null,null,null,null,null,null,46.58,KJFK 100751Z 17005KT 8SM BKN045 09/09 A3006 RMK AO2 SLP178 T00940094 $,null
JFK,2023-12-10 8:51,50,49,96.34,170,6,0,30.04,1017,8,null,BKN,BKN,null,null,4300,5400,null,null,null,null,null,null,null,null,null,50,KJFK 100851Z 17006KT 8SM BKN043 BKN054 10/09 A3004 RMK AO2 SLP170 T01000094 58020 $,null
JFK,2023-12-10 9:51,50,50,100,160,5,0,30.02,1016.6,8,null,BKN,BKN,null,null,4400,6000,null,null,null,null,null,null,null,null,null,50,KJFK 100951Z 16005KT 8SM BKN044 BKN060 10/10 A3002 RMK AO2 SLP166 T01000100 $,null
JFK,2023-12-10 10:51,51,50,96.36,170,4,0,30.01,1016.3,9,null,FEW,BKN,null,null,4000,6500,null,null,null,null,null,null,null,null,null,51,KJFK 101051Z 17004KT 9SM FEW040 BKN065 11/10 A3001 RMK AO2 SLP163 T01060100 $,null
JFK,2023-12-10 11:51,51,50,96.36,170,7,0,30.01,1016,10,null,FEW,BKN,BKN,null,4400,6000,25000,null,null,null,null,null,null,null,null,51,KJFK 101151Z 17007KT 10SM FEW044 BKN060 BKN250 11/10 A3001 RMK AO2 SLP160 T01060100 10106 20061 56010 $,null
JFK,2023-12-10 12:51,52,51,96.37,180,9,0,30.01,1016.1,10,null,FEW,FEW,BKN,BKN,2000,4500,6000,25000,null,null,null,null,null,null,null,52,KJFK 101251Z 18009KT 10SM FEW020 FEW045 BKN060 BKN250 11/11 A3001 RMK AO2 SLP161 T01110106 $,null
JFK,2023-12-10 13:51,52,51,96.37,180,12,0,30.01,1016,10,null,FEW,BKN,null,null,2000,7000,null,null,null,null,null,null,null,null,null,52,KJFK 101351Z 18012KT 10SM FEW020 BKN070 11/11 A3001 RMK AO2 SLP160 T01110106 $,null
JFK,2023-12-10 14:51,53,52,96.39,180,14,0,30,1015.8,10,null,FEW,BKN,OVC,null,2000,4400,7000,null,null,null,null,null,null,null,null,53,KJFK 101451Z 18014KT 10SM FEW020 BKN044 OVC070 12/11 A3000 RMK AO2 SLP158 T01170111 58002 $,null
JFK,2023-12-10 15:44,53,53,100,190,13,T,29.97,null,10,null,SCT,BKN,OVC,null,500,3000,4500,null,null,null,null,null,null,null,null,53,KJFK 101544Z 19013KT 10SM SCT005 BKN030 OVC045 12/12 A2997 RMK AO2 RAB23E43 P0000 T01170117 $,null
JFK,2023-12-10 15:49,53.6,53.6,100,190,15,T,29.96,null,5,null,SCT,BKN,OVC,null,500,2800,4500,null,#NAME?,null,null,null,null,null,null,53.6,KJFK 101549Z 19015KT 5SM -RA BR SCT005 BKN028 OVC045 12/12 A2996 RMK AO2 RAB23E43B47 P0000 IEM_GHCNH,null
JFK,2023-12-10 15:51,53,53,100,190,13,T,29.96,1014.6,2.5,null,FEW,BKN,OVC,null,400,3000,4200,null,RA BR,null,null,null,null,null,null,53,KJFK 101551Z 19013KT 2 1/2SM R04R/4500VP6000FT RA BR FEW004 BKN030 OVC042 12/12 A2996 RMK AO2 SFC VIS 3 RAB23E43B47 SLP146 P0000 T01170117 $,null
JFK,2023-12-10 16:06,53,53,100,190,15,0.02,29.95,null,2.5,null,BKN,BKN,OVC,null,300,2800,3500,null,#NAME?,null,null,null,null,null,null,53,KJFK 101606Z 19015KT 2 1/2SM -RA BR BKN003 BKN028 OVC035 12/12 A2995 RMK AO2 SFC VIS 4 P0002 T01170117 $,null
JFK,2023-12-10 16:32,54,54,100,190,14,0.07,29.92,null,0.5,null,BKN,BKN,OVC,null,300,2700,4600,null,#NAME?,null,null,null,null,null,null,54,KJFK 101632Z 19014KT 1/2SM R04R/P6000FT -TSRA BR BKN003 BKN027CB OVC046 12/12 A2992 RMK AO2 SFC VIS 4 TSB31 PRESFR OCNL LTGICCG OHD TS OHD MOV N P0007 T01220122 $,null
JFK,2023-12-10 16:51,53,53,100,180,13,0.07,29.92,1013,0.5,null,BKN,BKN,OVC,null,300,2700,6000,null,BR,null,null,null,null,null,null,53,KJFK 101651Z 18013KT 1/2SM R04R/P6000FT BR BKN003 BKN027 OVC060 12/12 A2992 RMK AO2 SFC VIS 4 RAE51 TSB31E50 SLP130 P0007 T01170117 $,null
JFK,2023-12-10 17:24,54,54,100,180,16,0.01,29.9,null,3,null,SCT,BKN,OVC,null,300,1900,6500,null,BR,null,null,null,null,null,null,54,KJFK 101724Z 18016KT 3SM BR SCT003 BKN019 OVC065 12/12 A2990 RMK AO2 SFC VIS 6 P0001 T01220122 $,null
JFK,2023-12-10 17:49,53.6,53.6,100,190,15,0.07,29.89,null,2,null,BKN,BKN,OVC,null,1100,2300,3800,null,#NAME?,null,null,null,null,null,null,53.6,KJFK 101749Z 19015KT 2SM R04R/2200VP6000FT +RA BR BKN011 BKN023 OVC038 12/12 A2989 RMK AO2 SFC VIS 2 1/2 RAB39 P0007 $,null
JFK,2023-12-10 17:51,53,53,100,190,14,0.11,29.89,1012.1,2,null,BKN,BKN,OVC,null,1000,2200,4200,null,#NAME?,null,null,null,null,null,null,53,KJFK 101751Z 19014KT 2SM R04R/2200VP6000FT +RA BR BKN010 BKN022 OVC042 12/12 A2989 RMK AO2 SFC VIS 2 1/2 RAB39 SLP121 P0011 60018 T01170117 10122 20106 56037 $,null
JFK,2023-12-10 18:01,53,53,100,190,13,0.08,29.87,null,2,null,BKN,BKN,OVC,null,800,1400,2200,null,RA BR,null,null,null,null,null,null,53,KJFK 101801Z 19013KT 2SM RA BR BKN008 BKN014 OVC022 12/12 A2987 RMK AO2 SFC VIS 2 1/2 P0008 T01170117 $,null
JFK,2023-12-10 18:49,53.6,53.6,100,190,12,0.36,29.86,null,1.5,null,BKN,BKN,OVC,null,500,2900,3800,null,#NAME?,null,null,null,null,null,null,53.6,KJFK 101849Z 19012KT 1 1/2SM +RA BR BKN005 BKN029 OVC038 12/12 A2986 RMK AO2 SFC VIS 2 LTG DSNT SW P0036 IEM_GHCNH,null
JFK,2023-12-10 18:51,53,53,100,190,14,0.37,29.85,1010.6,1.5,null,BKN,BKN,OVC,null,500,2900,3800,null,#NAME?,null,null,null,null,null,null,53,KJFK 101851Z 19014KT 1 1/2SM R04R/5000VP6000FT +RA BR BKN005 BKN029 OVC038 12/12 A2985 RMK AO2 LTG DSNT SW SLP106 P0037 T01170117 $,null
JFK,2023-12-10 19:51,54,54,100,190,20,0.41,29.85,1010.7,1.5,null,BKN,OVC,null,null,500,1800,null,null,#NAME?,null,null,null,null,null,null,54,KJFK 101951Z 19020KT 1 1/2SM R04R/4000VP6000FT +RA BR BKN005 OVC018 12/12 A2985 RMK AO2 SLP107 P0041 T01220122 $,null
JFK,2023-12-10 20:10,54,54,100,190,14,0.06,29.83,null,1.5,null,SCT,BKN,OVC,null,600,1600,5000,null,RA BR,null,null,null,null,null,null,54,KJFK 102010Z 19014KT 1 1/2SM RA BR SCT006 BKN016 OVC050 12/12 A2983 RMK AO2 SFC VIS 2 P0006 T01220122 $,null
JFK,2023-12-10 20:51,54,54,100,180,14,0.14,29.8,1009.2,1.5,null,SCT,BKN,OVC,null,400,2000,4100,null,RA BR,null,null,null,null,null,null,54,KJFK 102051Z 18014KT 1 1/2SM RA BR SCT004 BKN020 OVC041 12/12 A2980 RMK AO2 SFC VIS 2 SLP092 P0014 60092 T01220122 58029 $,null
JFK,2023-12-10 21:10,55,55,100,180,23,0.04,29.8,null,1.5,29,BKN,BKN,OVC,null,400,1600,2800,null,#NAME?,null,null,null,29,180,2023-12-10 21:10,55,KJFK 102110Z 18023G29KT 1 1/2SM -RA BR BKN004 BKN016 OVC028 13/13 A2980 RMK AO2 PK WND 18029/2110 SFC VIS 2 P0004 T01280128 $,null
JFK,2023-12-10 21:27,55,55,100,180,22,0.04,29.8,null,7,29,SCT,BKN,OVC,null,400,1600,3300,null,null,null,null,null,29,180,2023-12-10 21:21,55,KJFK 102127Z 18022G29KT 7SM SCT004 BKN016 OVC033 13/13 A2980 RMK AO2 PK WND 18029/2121 RAE25 P0004 T01280128 $,null
JFK,2023-12-10 21:43,54,54,100,180,21,0.04,29.8,null,7,26,BKN,OVC,null,null,500,3300,null,null,null,null,null,null,29,180,2023-12-10 21:21,54,KJFK 102143Z 18021G26KT 7SM BKN005 OVC033 12/12 A2980 RMK AO2 PK WND 18029/2121 RAE25 P0004 T01220122 $,null
JFK,2023-12-10 21:51,54,54,100,190,19,0.04,29.8,1009.2,8,null,BKN,OVC,null,null,500,3300,null,null,null,null,null,null,29,180,2023-12-10 21:21,54,KJFK 102151Z 19019KT 8SM BKN005 OVC033 12/12 A2980 RMK AO2 PK WND 18029/2121 RAE25 SLP092 P0004 T01220122 $,null
JFK,2023-12-10 21:58,54,54,100,200,17,T,29.8,null,2,null,BKN,OVC,null,null,500,4000,null,null,#NAME?,null,null,null,null,null,null,54,KJFK 102158Z 20017KT 2SM -RA BR BKN005 OVC040 12/12 A2980 RMK AO2 SFC VIS 6 RAB52 P0000 T01220122 $,null
JFK,2023-12-10 22:35,54,54,100,190,21,0.04,29.78,null,2,26,BKN,OVC,null,null,300,1100,null,null,#NAME?,null,null,null,26,190,2023-12-10 22:30,54,KJFK 102235Z 19021G26KT 2SM -RA BR BKN003 OVC011 12/12 A2978 RMK AO2 PK WND 19026/2230 SFC VIS 6 RAB2152 P0004 T01220122 $,null
JFK,2023-12-10 22:45,55.4,55.4,100,190,21,0.04,29.77,null,1,26,BKN,OVC,null,null,300,1500,null,null,null,null,null,null,26,180,2023-12-10 22:45,55.4,KJFK 102245Z 19021G26KT 1SM R04R/P6000FT BKN003 OVC015 13/13 A2977 RMK AO2 PK WND 18026/2245 SFC VIS 7 RAB2152E40 P0004 $,null
JFK,2023-12-10 22:51,55,55,100,190,23,0.04,29.77,1008.1,1,28,BKN,OVC,null,null,300,1500,null,null,null,null,null,null,28,180,2023-12-10 22:51,55,KJFK 102251Z 19023G28KT 1SM R04R/P6000FT BKN003 OVC015 13/13 A2977 RMK AO2 PK WND 18028/2251 SFC VIS 7 RAB2152E40 SLP081 P0004 T01280128 $,null
JFK,2023-12-10 23:51,55,55,100,190,21,0,29.73,1006.8,0.5,25,OVC,null,null,null,300,null,null,null,BR,null,null,null,33,190,2023-12-10 23:23,55,KJFK 102351Z 19021G25KT 1/2SM R04R/P6000FT BR OVC003 13/13 A2973 RMK AO2 PK WND 19033/2323 SFC VIS 5 SLP068 60100 T01280128 10128 20117 58024 $,null
JFK,2023-12-11 0:25,55,55,100,180,22,0,29.71,null,6,28,BKN,OVC,null,null,400,800,null,null,BR,null,null,null,28,180,2023-12-11 0:22,55,KJFK 110025Z 18022G28KT 6SM BR BKN004 OVC008 13/13 A2971 RMK AO2 PK WND 18028/0022 T01280128 $,null
JFK,2023-12-11 0:40,55,55,100,180,22,T,29.7,null,4,30,BKN,OVC,null,null,600,3500,null,null,#NAME?,null,null,null,30,180,2023-12-11 0:40,55,KJFK 110040Z 18022G30KT 4SM -RA BR BKN006 OVC035 13/13 A2970 RMK AO2 PK WND 18030/0040 RAB31 P0000 T01280128 $,null
JFK,2023-12-11 0:51,56,56,100,180,21,0.02,29.69,1005.3,6,31,SCT,BKN,OVC,null,600,2300,3800,null,#NAME?,null,null,null,31,180,2023-12-11 0:42,56,KJFK 110051Z 18021G31KT 6SM -RA BR SCT006 BKN023 OVC038 13/13 A2969 RMK AO2 PK WND 18031/0042 RAB31 SLP053 P0002 T01330133 $,null
JFK,2023-12-11 1:14,55,55,100,180,22,T,29.68,null,4,29,FEW,BKN,OVC,null,500,900,2700,null,#NAME?,null,null,null,29,190,2023-12-11 1:06,55,KJFK 110114Z 18022G29KT 4SM -RA BR FEW005 BKN009 OVC027 13/13 A2968 RMK AO2 PK WND 19029/0106 P0000 T01280128 $,null
JFK,2023-12-11 1:26,55,55,100,180,23,0.04,29.68,null,1.75,29,BKN,OVC,null,null,500,1100,null,null,#NAME?,null,null,null,29,190,2023-12-11 1:06,55,KJFK 110126Z 18023G29KT 1 3/4SM R04R/4500VP6000FT +RA BR BKN005 OVC011 13/13 A2968 RMK AO2 PK WND 19029/0106 TWR VIS 3 P0004 T01280128 $,null
JFK,2023-12-11 1:51,55,55,100,190,28,0.28,29.66,1004.5,1.75,36,BKN,OVC,null,null,700,1600,null,null,#NAME?,null,null,null,36,190,2023-12-11 1:49,55,KJFK 110151Z 19028G36KT 1 3/4SM R04R/4500VP6000FT +RA BR BKN007 OVC016 13/13 A2966 RMK AO2 PK WND 19036/0149 SLP045 P0028 T01280128 $,null
JFK,2023-12-11 2:01,54,54,100,190,21,0.08,29.66,null,2,28,SCT,BKN,OVC,null,700,2200,3500,null,#NAME?,null,null,null,28,190,2023-12-11 1:52,54,KJFK 110201Z 19021G28KT 2SM +RA BR SCT007 BKN022 OVC035 12/12 A2966 RMK AO2 PK WND 19028/0152 P0008 T01220122 $,null
JFK,2023-12-11 2:18,56,56,100,190,26,0.15,29.64,null,3,33,FEW,SCT,OVC,null,700,2200,4200,null,#NAME?,null,null,null,33,180,2023-12-11 2:18,56,KJFK 110218Z 19026G33KT 3SM +RA BR FEW007 SCT022 OVC042 13/13 A2964 RMK AO2 PK WND 18033/0218 P0015 T01330133 $,null
JFK,2023-12-11 2:47,57.2,57.2,100,190,24,0.24,29.64,null,2.5,32,FEW,BKN,OVC,null,800,2800,4200,null,#NAME?,null,null,null,34,190,2023-12-11 2:23,57.2,KJFK 110247Z 19024G32KT 2 1/2SM +RA BR FEW008 BKN028 OVC042 14/14 A2964 RMK AO2 PK WND 19034/0223 P0024 $,null
JFK,2023-12-11 2:51,57,57,100,190,22,0.26,29.64,1003.7,3,29,FEW,BKN,OVC,null,800,2800,4200,null,RA BR,null,null,null,34,190,2023-12-11 2:23,57,KJFK 110251Z 19022G29KT 3SM RA BR FEW008 BKN028 OVC042 14/14 A2964 RMK AO2 PK WND 19034/0223 SLP037 P0026 60056 T01390139 56016 $,null
JFK,2023-12-11 3:19,55,55,100,180,19,0.1,29.62,null,2.5,null,FEW,BKN,OVC,null,400,3700,7000,null,#NAME?,null,null,null,27,190,2023-12-11 3:01,55,KJFK 110319Z 18019KT 2 1/2SM R04R/6000VP6000FT +RA BR FEW004 BKN037 OVC070 13/13 A2962 RMK AO2 PK WND 19027/0301 VIS 2V4 P0010 T01280128 $,null
JFK,2023-12-11 3:51,55,55,100,190,19,0.27,29.61,1002.7,2.5,27,FEW,SCT,OVC,null,400,1800,3000,null,#NAME?,null,null,null,27,190,2023-12-11 3:01,55,KJFK 110351Z 19019G27KT 2 1/2SM +RA BR FEW004 SCT018 OVC030 13/13 A2961 RMK AO2 PK WND 19027/0301 VIS 1 3/4 W SLP027 P0027 T01280128 $,null
JFK,2023-12-11 4:49,55.4,55.4,100,290,8,0.33,29.57,null,2,null,SCT,SCT,OVC,null,400,1200,2100,null,#NAME?,null,null,null,31,190,2023-12-11 3:57,55.4,KJFK 110449Z 29008KT 2SM +RA BR SCT004 SCT012 OVC021 13/13 A2957 RMK AO2 PK WND 19031/0357 PRESFR P0033 IEM_GHCNH,null
JFK,2023-12-11 4:51,55,55,100,320,10,0.34,29.58,1001.5,2.5,null,FEW,BKN,OVC,null,400,900,2500,null,#NAME?,null,null,null,31,190,2023-12-11 3:57,55,KJFK 110451Z 32010KT 2 1/2SM +RA BR FEW004 BKN009 OVC025 13/13 A2958 RMK AO2 PK WND 19031/0357 SLP015 P0034 T01280128 401390061 $,null
JFK,2023-12-11 4:55,55,55,100,330,11,0.02,29.59,null,3,null,SCT,SCT,OVC,null,600,1200,1800,null,RA BR,null,null,null,null,null,null,55,KJFK 110455Z 33011KT 3SM RA BR SCT006 SCT012 OVC018 13/13 A2959 RMK AO2 P0002 T01280128 $,null
JFK,2023-12-11 5:03,53,53,100,350,16,0.05,29.59,null,2.5,19,FEW,SCT,OVC,null,600,900,1700,null,#NAME?,null,null,null,null,null,null,53,KJFK 110503Z 35016G19KT 2 1/2SM +RA BR FEW006 SCT009 OVC017 12/12 A2959 RMK AO2 P0005 T01170117 $,null
JFK,2023-12-11 5:08,51,51,100,360,19,0.09,29.58,null,2,26,SCT,OVC,null,null,900,1500,null,null,#NAME?,null,null,null,26,360,2023-12-11 5:05,51,KJFK 110508Z 36019G26KT 2SM +RA BR SCT009 OVC015 11/11 A2958 RMK AO2 PK WND 36026/0505 WSHFT 0453 P0009 T01060106 $,null
JFK,2023-12-11 5:49,46.4,46.4,100,350,20,0.2,29.58,null,5,28,BKN,BKN,OVC,null,1100,1500,2200,null,RA BR,null,null,null,29,350,2023-12-11 5:18,38.26,KJFK 110549Z 35020G28KT 5SM RA BR BKN011 BKN015 OVC022 08/08 A2958 RMK AO2 PK WND 35029/0518 WSHFT 0453 P0020 IEM_GHCNH,null
JFK,2023-12-11 5:51,46,46,100,350,20,0.2,29.58,1001.6,6,27,BKN,BKN,OVC,null,1100,1500,2400,null,#NAME?,null,null,null,29,350,2023-12-11 5:18,37.73,KJFK 110551Z 35020G27KT 6SM -RA BR BKN011 BKN015 OVC024 08/08 A2958 RMK AO2 PK WND 35029/0518 WSHFT 0453 SLP016 P0020 60137 T00780078 10139 20078 55021 $,null
JFK,2023-12-11 6:34,44,43,96.24,350,21,0.08,29.62,null,3,29,FEW,BKN,OVC,null,1200,3100,4000,null,#NAME?,null,null,null,31,360,2023-12-11 6:16,34.86,KJFK 110634Z 35021G29KT 3SM +RA BR FEW012 BKN031 OVC040 07/06 A2962 RMK AO2 PK WND 36031/0616 CIG 024 W P0008 T00670061 $,null
JFK,2023-12-11 6:51,44,43,96.24,350,20,0.15,29.62,1002.9,4,29,FEW,BKN,OVC,null,1200,3400,4100,null,#NAME?,null,null,null,31,360,2023-12-11 6:16,35.08,KJFK 110651Z 35020G29KT 4SM +RA BR FEW012 BKN034 OVC041 07/06 A2962 RMK AO2 PK WND 36031/0616 SLP029 P0015 T00670061 $,null
JFK,2023-12-11 7:51,44,42,92.61,350,22,0.07,29.65,1003.9,10,30,FEW,BKN,OVC,null,1900,4900,7500,null,#NAME?,null,null,null,30,360,2023-12-11 7:50,34.65,KJFK 110751Z 35022G30KT 10SM -RA FEW019 BKN049 OVC075 07/06 A2965 RMK AO2 PK WND 36030/0750 SLP039 P0007 T00670056 $,null
JFK,2023-12-11 8:51,43,41,92.58,340,15,0.02,29.62,1002.8,10,null,FEW,OVC,null,null,1200,7000,null,null,#NAME?,null,null,null,28,350,2023-12-11 7:59,35.04,KJFK 110851Z 34015KT 10SM -RA FEW012 OVC070 06/05 A2962 RMK AO2 PK WND 35028/0759 SLP028 P0002 60024 T00610050 50013 $,null
JFK,2023-12-11 9:51,42,41,96.21,340,13,0.05,29.62,1003,10,null,FEW,BKN,OVC,null,1400,6500,8000,null,#NAME?,null,null,null,null,null,null,34.38,KJFK 110951Z 34013KT 10SM -RA FEW014 BKN065 OVC080 06/05 A2962 RMK AO2 SLP030 P0005 T00560050 $,null
JFK,2023-12-11 10:51,42,40,92.55,340,13,0.03,29.61,1002.6,10,null,FEW,OVC,null,null,1800,6000,null,null,#NAME?,null,null,null,null,null,null,34.38,KJFK 111051Z 34013KT 10SM -RA FEW018 OVC060 06/04 A2961 RMK AO2 SLP026 P0003 T00560044 $,null
JFK,2023-12-11 11:37,41,39,92.52,280,13,0.04,29.69,null,7,20,BKN,BKN,OVC,null,1000,1700,6000,null,RA,null,null,null,null,null,null,33.1,KJFK 111137Z 28013G20KT 7SM RA BKN010 BKN017 OVC060 05/04 A2969 RMK AO2 P0004 T00500039 $,null
JFK,2023-12-11 11:51,41,39,92.52,300,12,0.06,29.68,1005.2,8,null,BKN,OVC,null,null,1000,1700,null,null,RA,null,null,null,null,null,null,33.46,KJFK 111151Z 30012KT 8SM RA BKN010 OVC017 05/04 A2968 RMK AO2 SLP052 CIG 008V012 P0006 60038 70293 T00500039 10078 20050 53023 $,null
JFK,2023-12-11 12:51,39,36,88.87,320,19,0.04,29.67,1004.7,10,27,BKN,BKN,OVC,null,1300,2200,4700,null,#NAME?,null,null,null,27,320,2023-12-11 12:48,28.69,KJFK 111251Z 32019G27KT 10SM -RA BKN013 BKN022 OVC047 04/02 A2967 RMK AO2 PK WND 32027/1248 SLP047 P0004 T00390022 $,null
JFK,2023-12-11 13:49,37.4,35.6,93.14,310,18,T,29.73,null,10,26,FEW,BKN,OVC,null,1300,1800,3800,null,#NAME?,null,null,null,26,310,2023-12-11 13:43,26.86,KJFK 111349Z 31018G26KT 10SM -RA FEW013 BKN018 OVC038 03/02 A2973 RMK AO2 PK WND 31026/1343 BKN V SCT P0000 FIBI (RM) IEM_GHCNH,null
JFK,2023-12-11 13:51,38,35,88.83,310,17,T,29.74,1006.9,10,26,FEW,BKN,OVC,null,1300,1800,3800,null,#NAME?,null,null,null,26,310,2023-12-11 13:43,27.94,KJFK 111351Z 31017G26KT 10SM -RA FEW013 BKN018 OVC038 03/02 A2974 RMK AO2 PK WND 31026/1343 SLP069 BKN V SCT P0000 T00330017,null
JFK,2023-12-11 14:17,39,35,85.42,300,16,T,29.74,null,10,23,FEW,SCT,OVC,null,1300,2000,3800,null,#NAME?,null,null,null,null,null,null,29.54,KJFK 111417Z 30016G23KT 10SM -RA FEW013 SCT020 OVC038 04/02 A2974 RMK AO2 P0000 T00390017,null
JFK,2023-12-11 14:51,40,36,85.48,300,13,T,29.75,1007.5,10,19,FEW,BKN,BKN,null,2300,5000,17000,null,null,null,null,null,null,null,null,31.82,KJFK 111451Z 30013G19KT 10SM FEW023 BKN050 BKN170 04/02 A2975 RMK AO2 RAE48 SLP075 P0000 60004 T00440022 53024,null
JFK,2023-12-11 15:51,42,35,76.03,290,15,0,29.76,1007.9,10,25,SCT,BKN,BKN,null,2700,7000,17000,null,null,null,null,null,null,null,null,33.74,KJFK 111551Z 29015G25KT 10SM SCT027 BKN070 BKN170 06/02 A2976 RMK AO2 SLP079 T00560017,null
JFK,2023-12-11 16:51,43,32,64.88,320,20,0,29.79,1008.6,10,31,BKN,BKN,null,null,3300,6500,null,null,null,null,null,null,32,320,2023-12-11 16:19,33.75,KJFK 111651Z 32020G31KT 10SM BKN033 BKN065 06/00 A2979 RMK AO2 PK WND 32032/1619 SLP086 T00610000,null
JFK,2023-12-11 17:51,42,30,62.18,310,17,0,29.83,1010.1,10,25,BKN,BKN,null,null,3600,6500,null,null,null,null,null,null,29,290,2023-12-11 17:13,33.18,KJFK 111751Z 31017G25KT 10SM BKN036 BKN065 06/M01 A2983 RMK AO2 PK WND 29029/1713 SLP101 60004 T00561011 10072 20033 53026,null
JFK,2023-12-11 18:51,44,28,53.07,320,23,0,29.84,1010.3,10,30,BKN,BKN,BKN,null,4000,6500,25000,null,null,null,null,null,32,320,2023-12-11 18:25,34.44,KJFK 111851Z 32023G30KT 10SM BKN040 BKN065 BKN250 07/M02 A2984 RMK AO2 PK WND 32032/1825 SLP103 T00671022,null
JFK,2023-12-11 19:51,42,28,57.3,310,17,0,29.88,1011.7,10,33,BKN,null,null,null,4200,null,null,null,null,null,null,null,36,290,2023-12-11 19:16,33.18,KJFK 111951Z 31017G33KT 10SM BKN042 06/M02 A2988 RMK AO2 PK WND 29036/1916 SLP117 T00561022,null
JFK,2023-12-11 20:51,41,26,54.84,310,19,0,29.94,1013.8,10,28,BKN,null,null,null,4400,null,null,null,null,null,null,null,36,300,2023-12-11 20:32,31.34,KJFK 112051Z 31019G28KT 10SM BKN044 05/M03 A2994 RMK AO2 PK WND 30036/2032 SLP138 T00501033 53037,null
JFK,2023-12-11 21:51,41,26,54.84,300,19,0,29.99,1015.5,10,32,BKN,null,null,null,4400,null,null,null,null,null,null,null,32,310,2023-12-11 21:44,31.34,KJFK 112151Z 30019G32KT 10SM BKN044 05/M03 A2999 RMK AO2 PK WND 31032/2144 SLP155 T00501033,null
JFK,2023-12-11 22:51,40,25,54.69,310,19,0,30.04,1017,10,27,BKN,null,null,null,4700,null,null,null,null,null,null,null,32,290,2023-12-11 21:56,30.02,KJFK 112251Z 31019G27KT 10SM BKN047 04/M04 A3004 RMK AO2 PK WND 29032/2156 SLP170 T00441039,null
JFK,2023-12-11 23:51,40,23,50.3,300,17,0,30.07,1018.3,10,26,SCT,null,null,null,4700,null,null,null,null,null,null,null,30,310,2023-12-11 23:30,30.56,KJFK 112351Z 30017G26KT 10SM SCT047 04/M05 A3007 RMK AO2 PK WND 31030/2330 SLP183 T00441050 10072 20044 51045,null
JFK,2023-12-12 0:51,39,21,48.06,310,14,0,30.11,1019.4,10,22,FEW,null,null,null,4700,null,null,null,null,null,null,null,29,320,2023-12-12 0:08,30.19,KJFK 120051Z 31014G22KT 10SM FEW047 04/M06 A3011 RMK AO2 PK WND 32029/0008 SLP194 T00391061,null
JFK,2023-12-12 1:51,39,21,48.06,310,14,0,30.15,1020.8,10,22,FEW,null,null,null,5000,null,null,null,null,null,null,null,null,null,null,30.19,KJFK 120151Z 31014G22KT 10SM FEW050 04/M06 A3015 RMK AO2 SLP208 T00391061,null
JFK,2023-12-12 2:51,38,21,49.98,310,17,0,30.17,1021.7,10,23,FEW,null,null,null,5000,null,null,null,null,null,null,null,26,310,2023-12-12 2:08,27.94,KJFK 120251Z 31017G23KT 10SM FEW050 03/M06 A3017 RMK AO2 PK WND 31026/0208 SLP217 T00331061 51034,null
JFK,2023-12-12 3:51,37,23,56.57,300,11,0,30.2,1022.6,10,null,FEW,null,null,null,5500,null,null,null,null,null,null,null,28,310,2023-12-12 2:53,28.79,KJFK 120351Z 30011KT 10SM FEW055 03/M05 A3020 RMK AO2 PK WND 31028/0253 SLP226 T00281050,null
JFK,2023-12-12 4:51,37,23,56.57,300,9,0,30.22,1023.3,10,null,BKN,null,null,null,4700,null,null,null,null,null,null,null,null,null,null,29.73,KJFK 120451Z 30009KT 10SM BKN047 03/M05 A3022 RMK AO2 SLP233 T00281050 401170022,null
JFK,2023-12-12 5:51,38,23,54.39,300,11,0,30.24,1023.8,10,null,BKN,null,null,null,4500,null,null,null,null,null,null,null,null,null,null,30.05,KJFK 120551Z 30011KT 10SM BKN045 03/M05 A3024 RMK AO2 SLP238 T00331050 10044 20022 51022,null
JFK,2023-12-12 6:51,37,22,54.23,310,13,0,30.27,1024.8,10,null,BKN,null,null,null,4500,null,null,null,null,null,null,null,null,null,null,27.97,KJFK 120651Z 31013KT 10SM BKN045 03/M06 A3027 RMK AO2 SLP248 T00281056,null
JFK,2023-12-12 7:51,37,22,54.23,270,11,0,30.29,1025.8,10,null,BKN,null,null,null,4400,null,null,null,null,null,null,null,null,null,null,28.79,KJFK 120751Z 27011KT 10SM BKN044 03/M06 A3029 RMK AO2 SLP258 T00281056,null
JFK,2023-12-12 8:51,37,23,56.57,320,12,0,30.3,1026.1,10,null,BKN,null,null,null,4600,null,null,null,null,null,null,null,null,null,null,28.37,KJFK 120851Z 32012KT 10SM BKN046 03/M05 A3030 RMK AO2 SLP261 T00281050 51022,null
JFK,2023-12-12 9:51,36,22,56.42,300,9,0,30.32,1026.8,10,null,OVC,null,null,null,4100,null,null,null,null,null,null,null,null,null,null,28.49,KJFK 120951Z 30009KT 10SM OVC041 02/M06 A3032 RMK AO2 SLP268 T00221056,null
JFK,2023-12-12 10:51,35,22,58.7,330,9,0,30.35,1027.6,10,null,SCT,null,null,null,4200,null,null,null,null,null,null,null,null,null,null,27.24,KJFK 121051Z 33009KT 10SM SCT042 02/M06 A3035 RMK AO2 SLP276 T00171056,null
JFK,2023-12-12 11:51,34,22,61.09,270,7,0,30.36,1028.2,10,null,FEW,null,null,null,4200,null,null,null,null,null,null,null,null,null,null,27.22,KJFK 121151Z 27007KT 10SM FEW042 01/M06 A3036 RMK AO2 SLP282 70004 T00111056 10033 20006 51021,null
JFK,2023-12-12 12:51,35,25,66.57,250,11,0,30.4,1029.4,10,null,FEW,null,null,null,4200,null,null,null,null,null,null,null,null,null,null,26.26,KJFK 121251Z 25011KT 10SM FEW042 02/M04 A3040 RMK AO2 SLP294 T00171039,null
JFK,2023-12-12 13:51,38,25,59.13,250,11,0,30.41,1029.8,10,null,FEW,null,null,null,4500,null,null,null,null,null,null,null,null,null,null,30.05,KJFK 121351Z 25011KT 10SM FEW045 03/M04 A3041 RMK AO2 SLP298 T00331039,null
JFK,2023-12-12 14:51,39,25,56.86,250,12,0,30.44,1030.6,10,null,FEW,null,null,null,4500,null,null,null,null,null,null,null,null,null,null,30.91,KJFK 121451Z 25012KT 10SM FEW045 04/M04 A3044 RMK AO2 SLP306 T00391039 51025,null
JFK,2023-12-12 15:51,41,23,48.39,270,11,0,30.43,1030.5,10,null,FEW,null,null,null,4500,null,null,null,null,null,null,null,null,null,null,33.84,KJFK 121551Z 27011KT 10SM FEW045 05/M05 A3043 RMK AO2 SLP305 T00501050,null
JFK,2023-12-12 16:51,42,24,48.55,250,11,0,30.41,1029.7,10,null,FEW,null,null,null,4500,null,null,null,null,null,null,null,null,null,null,35.1,KJFK 121651Z 25011KT 10SM FEW045 06/M04 A3041 RMK AO2 SLP297 T00561044,null
JFK,2023-12-12 17:51,42,25,50.61,250,14,0,30.4,1029.2,10,null,CLR,null,null,null,null,null,null,null,null,null,null,null,null,null,null,34.05,KJFK 121751Z 25014KT 10SM CLR 06/M04 A3040 RMK AO2 SLP292 T00561039 10056 20011 58014,null
JFK,2023-12-12 18:51,42,26,52.76,230,15,0,30.39,1028.9,10,null,CLR,null,null,null,null,null,null,null,null,null,null,null,null,null,null,33.74,KJFK 121851Z 23015KT 10SM CLR 06/M03 A3039 RMK AO2 SLP289 T00561033,null
JFK,2023-12-12 19:51,42,25,50.61,240,13,0,30.38,1028.6,10,null,FEW,null,null,null,25000,null,null,null,null,null,null,null,null,null,null,34.38,KJFK 121951Z 24013KT 10SM FEW250 06/M04 A3038 RMK AO2 SLP286 T00561039,null
JFK,2023-12-12 20:51,42,27,54.99,240,13,0,30.38,1028.7,10,null,SCT,null,null,null,25000,null,null,null,null,null,null,null,null,null,null,34.38,KJFK 122051Z 24013KT 10SM SCT250 06/M03 A3038 RMK AO2 SLP287 T00561028 55005,null
JFK,2023-12-12 21:51,40,26,57.01,220,8,0,30.37,1028.5,10,null,FEW,null,null,null,25000,null,null,null,null,null,null,null,null,null,null,33.97,KJFK 122151Z 22008KT 10SM FEW250 04/M03 A3037 RMK AO2 SLP285 T00441033,null
JFK,2023-12-12 22:51,41,27,57.15,230,14,0,30.39,1028.9,10,null,FEW,null,null,null,25000,null,null,null,null,null,null,null,null,null,null,32.76,KJFK 122251Z 23014KT 10SM FEW250 05/M03 A3039 RMK AO2 SLP289 T00501028,null
JFK,2023-12-12 23:51,40,28,61.91,240,13,0,30.41,1029.8,10,null,SCT,null,null,null,25000,null,null,null,null,null,null,null,null,null,null,31.82,KJFK 122351Z 24013KT 10SM SCT250 04/M02 A3041 RMK AO2 SLP298 T00441022 10061 20039 53010,null
JFK,2023-12-13 0:51,41,29,62.04,240,15,0,30.42,1030.1,10,null,BKN,null,null,null,25000,null,null,null,null,null,null,null,null,null,null,32.45,KJFK 130051Z 24015KT 10SM BKN250 05/M02 A3042 RMK AO2 SLP301 T00501017,null
JFK,2023-12-13 1:51,40,29,64.5,240,14,0,30.42,1030.1,10,null,FEW,null,null,null,25000,null,null,null,null,null,null,null,null,null,null,31.47,KJFK 130151Z 24014KT 10SM FEW250 04/M02 A3042 RMK AO2 SLP301 T00441017,null
JFK,2023-12-13 2:51,40,29,64.5,240,16,0,30.43,1030.4,10,null,FEW,null,null,null,25000,null,null,null,null,null,null,null,null,null,null,30.85,KJFK 130251Z 24016KT 10SM FEW250 04/M02 A3043 RMK AO2 SLP304 T00441017 51006,null
JFK,2023-12-13 3:51,40,30,67.18,240,12,0,30.43,1030.3,10,null,FEW,null,null,null,25000,null,null,null,null,null,null,null,null,null,null,32.18,KJFK 130351Z 24012KT 10SM FEW250 04/M01 A3043 RMK AO2 SLP303 T00441011,null
JFK,2023-12-13 4:51,40,29,64.5,250,11,0,30.42,1030,10,null,FEW,null,null,null,25000,null,null,null,null,null,null,null,null,null,null,32.58,KJFK 130451Z 25011KT 10SM FEW250 04/M02 A3042 RMK SLP300 T00441017 400610006,null
JFK,2023-12-13 5:51,40,29,64.5,260,12,0,30.41,1029.6,10,null,FEW,null,null,null,25000,null,null,null,null,null,null,null,null,null,null,32.18,KJFK 130551Z 26012KT 10SM FEW250 04/M02 A3041 RMK AO2 SLP296 T00441017 10056 20039 58008,null
JFK,2023-12-13 6:51,39,29,67.06,250,11,0,30.41,1029.8,10,null,FEW,null,null,null,25000,null,null,null,null,null,null,null,null,null,null,31.31,KJFK 130651Z 25011KT 10SM FEW250 04/M02 A3041 RMK AO2 SLP298 T00391017,null
JFK,2023-12-13 7:51,38,30,72.64,260,11,0,30.42,1030.2,10,null,FEW,null,null,null,25000,null,null,null,null,null,null,null,null,null,null,30.05,KJFK 130751Z 26011KT 10SM FEW250 03/M01 A3042 RMK AO2 SLP302 T00331011,null
JFK,2023-12-13 8:51,37,29,72.54,270,9,0,30.41,1029.8,10,null,FEW,null,null,null,25000,null,null,null,null,null,null,null,null,null,null,29.73,KJFK 130851Z 27009KT 10SM FEW250 03/M02 A3041 RMK AO2 SLP298 T00281017 50002,null
JFK,2023-12-13 9:51,37,29,72.54,270,8,0,30.41,1029.6,10,null,FEW,null,null,null,25000,null,null,null,null,null,null,null,null,null,null,30.27,KJFK 130951Z 27008KT 10SM FEW250 03/M02 A3041 RMK AO2 SLP296 T00281017,null
JFK,2023-12-13 10:51,38,28,66.94,280,11,0,30.42,1030.1,10,null,FEW,null,null,null,25000,null,null,null,null,null,null,null,null,null,null,30.05,KJFK 131051Z 28011KT 10SM FEW250 03/M02 A3042 RMK AO2 SLP301 T00331022,null
JFK,2023-12-13 11:51,38,28,66.94,280,9,0,30.43,1030.4,10,null,FEW,null,null,null,25000,null,null,null,null,null,null,null,null,null,null,30.97,KJFK 131151Z 28009KT 10SM FEW250 03/M02 A3043 RMK AO2 SLP304 T00331022 10044 20022 53006,null
JFK,2023-12-13 12:51,39,28,64.37,270,11,0,30.44,1030.9,10,null,FEW,null,null,null,25000,null,null,null,null,null,null,null,null,null,null,31.31,KJFK 131251Z 27011KT 10SM FEW250 04/M02 A3044 RMK AO2 SLP309 T00391022,null
JFK,2023-12-13 13:51,42,28,57.3,280,8,0,30.47,1031.7,10,null,SCT,null,null,null,25000,null,null,null,null,null,null,null,null,null,null,36.43,KJFK 131351Z 28008KT 10SM SCT250 06/M02 A3047 RMK AO2 SLP317 T00561022,null
JFK,2023-12-13 14:51,44,27,50.93,290,10,0,30.48,1031.9,10,null,FEW,SCT,null,null,4700,25000,null,null,null,null,null,null,null,null,null,38.02,KJFK 131451Z 29010KT 10SM FEW047 SCT250 07/M03 A3048 RMK AO2 SLP319 T00671028 51015,null
JFK,2023-12-13 15:51,45,27,49.02,290,9,0,30.47,1031.7,10,null,FEW,SCT,null,null,5000,25000,null,null,null,null,null,null,null,null,null,39.68,KJFK 131551Z 29009KT 10SM FEW050 SCT250 07/M03 A3047 RMK AO2 SLP317 T00721028,null
JFK,2023-12-13 16:51,45,26,47.04,270,12,0,30.45,1031,10,null,FEW,SCT,null,null,5000,25000,null,null,null,null,null,null,null,null,null,38.55,KJFK 131651Z 27012KT 10SM FEW050 SCT250 07/M03 A3045 RMK AO2 SLP310 T00721033,null
JFK,2023-12-13 17:51,45,26,47.04,260,10,0,30.44,1030.8,10,null,FEW,SCT,null,null,5500,25000,null,null,null,null,null,null,null,null,null,39.27,KJFK 131751Z 26010KT 10SM FEW055 SCT250 07/M03 A3044 RMK SLP308 T00721033 10078 20028 58012,null
JFK,2023-12-13 18:51,46,25,43.44,260,12,0,30.44,1030.6,10,null,FEW,FEW,null,null,5500,25000,null,null,null,null,null,null,null,null,null,39.82,KJFK 131851Z 26012KT 10SM FEW055 FEW250 08/M04 A3044 RMK SLP306 T00781039,null
JFK,2023-12-13 19:51,46,22,38.31,280,10,0,30.43,1030.2,10,null,FEW,SCT,null,null,5500,25000,null,null,null,null,null,null,null,null,null,40.52,KJFK 131951Z 28010KT 10SM FEW055 SCT250 08/M06 A3043 RMK SLP302 T00781056,null
JFK,2023-12-13 20:51,45,20,36.55,290,10,0,30.44,1030.8,10,null,FEW,SCT,null,null,5500,25000,null,null,null,null,null,null,null,null,null,39.27,KJFK 132051Z 29010KT 10SM FEW055 SCT250 07/M07 A3044 RMK SLP308 T00721067 53000,null
JFK,2023-12-13 21:51,44,18,34.86,330,17,0,30.47,1031.7,10,22,FEW,FEW,null,null,5500,25000,null,null,null,null,null,null,null,null,null,35.8,KJFK 132151Z 33017G22KT 10SM FEW055 FEW250 07/M08 A3047 RMK SLP317 T00671078,null
JFK,2023-12-13 22:18,42,18,37.64,330,15,0,30.48,null,10,null,FEW,FEW,null,null,5500,25000,null,null,null,null,null,null,null,null,null,33.74,KJFK 132218Z 33015KT 10SM FEW055 FEW250 06/M08 A3048 RMK AO2 T00561078,null
JFK,2023-12-13 22:51,41,18,39.12,330,12,0,30.5,1032.7,10,null,FEW,FEW,null,null,5500,25000,null,null,null,null,null,null,null,null,null,33.46,KJFK 132251Z 33012KT 10SM FEW055 FEW250 05/M08 A3050 RMK AO2 SLP327 T00501078,null
JFK,2023-12-13 23:51,40,18,40.67,320,13,0,30.52,1033.3,10,null,FEW,FEW,null,null,5500,25000,null,null,null,null,null,null,null,null,null,31.82,KJFK 132351Z 32013KT 10SM FEW055 FEW250 04/M08 A3052 RMK AO2 SLP333 T00441078 10078 20044 51025,null
JFK,2023-12-14 0:51,39,19,44.14,320,17,0,30.53,1033.8,10,null,FEW,FEW,null,null,7000,25000,null,null,null,null,null,null,null,null,null,29.25,KJFK 140051Z COR 32017KT 10SM FEW070 FEW250 04/M07 A3053 RMK AO2 SLP338 T00391072,null
JFK,2023-12-14 1:51,38,18,43.97,320,13,0,30.55,1034.3,10,22,FEW,FEW,null,null,7000,25000,null,null,null,null,null,null,null,null,null,29.26,KJFK 140151Z 32013G22KT 10SM FEW070 FEW250 03/M08 A3055 RMK AO2 SLP343 T00331078,null
JFK,2023-12-14 2:51,37,16,41.95,310,12,0,30.56,1034.7,10,null,FEW,null,null,null,25000,null,null,null,null,null,null,null,null,null,null,28.37,KJFK 140251Z 31012KT 10SM FEW250 03/M09 A3056 RMK AO2 SLP347 T00281089 51014,null
JFK,2023-12-14 3:51,37,14,38.44,320,16,0,30.58,1035.5,10,null,FEW,null,null,null,25000,null,null,null,null,null,null,null,null,null,null,26.94,KJFK 140351Z 32016KT 10SM FEW250 03/M10 A3058 RMK AO2 SLP355 T00281100,null
JFK,2023-12-14 4:51,36,15,41.78,320,18,0,30.59,1035.7,10,null,FEW,null,null,null,25000,null,null,null,null,null,null,null,null,null,null,25.01,KJFK 140451Z 32018KT 10SM FEW250 02/M09 A3059 RMK AO2 SLP357 T00221094 400780022,null
JFK,2023-12-14 5:51,35,16,45.4,310,16,0,30.59,1035.8,10,null,FEW,null,null,null,25000,null,null,null,null,null,null,null,null,null,null,24.33,KJFK 140551Z 31016KT 10SM FEW250 02/M09 A3059 RMK AO2 SLP358 T00171089 10050 20017 51011,null
JFK,2023-12-14 6:51,34,17,49.34,310,12,0,30.6,1036.1,10,19,FEW,null,null,null,25000,null,null,null,null,null,null,null,null,null,null,24.55,KJFK 140651Z 31012G19KT 10SM FEW250 01/M08 A3060 RMK AO2 SLP361 T00111083,null
JFK,2023-12-14 7:51,33,18,53.62,320,11,0,30.61,1036.6,10,null,FEW,null,null,null,25000,null,null,null,null,null,null,null,null,null,null,23.73,KJFK 140751Z 32011KT 10SM FEW250 01/M08 A3061 RMK AO2 SLP366 T00061078,null
JFK,2023-12-14 8:51,32,18,55.82,320,9,0,30.62,1036.7,10,null,FEW,null,null,null,25000,null,null,null,null,null,null,null,null,null,null,23.51,KJFK 140851Z 32009KT 10SM FEW250 00/M08 A3062 RMK AO2 SLP367 T00001078 51009,null
JFK,2023-12-14 9:51,32,19,58.27,320,10,0,30.64,1037.6,10,null,FEW,FEW,null,null,5500,25000,null,null,null,null,null,null,null,null,null,22.97,KJFK 140951Z 32010KT 10SM FEW055 FEW250 00/M07 A3064 RMK AO2 SLP376 T00001072,null
JFK,2023-12-14 10:51,31,19,60.67,320,7,0,30.66,1038.2,10,null,SCT,SCT,null,null,6000,25000,null,null,null,null,null,null,null,null,null,23.56,KJFK 141051Z 32007KT 10SM SCT060 SCT250 M01/M07 A3066 RMK AO2 SLP382 T10061072,null
JFK,2023-12-14 11:51,32,19,58.27,310,10,0,30.68,1038.7,10,null,FEW,SCT,null,null,6000,25000,null,null,null,null,null,null,null,null,null,22.97,KJFK 141151Z 31010KT 10SM FEW060 SCT250 00/M07 A3068 RMK AO2 SLP387 T00001072 10017 21006 51019,null
JFK,2023-12-14 12:51,33,17,51.36,300,13,0,30.69,1039.3,10,null,FEW,FEW,SCT,null,3700,6000,25000,null,null,null,null,null,null,null,null,22.85,KJFK 141251Z 30013KT 10SM FEW037 FEW060 SCT250 01/M08 A3069 RMK AO2 SLP393 T00061083,null
JFK,2023-12-14 13:51,35,17,47.41,330,11,0,30.7,1039.6,10,null,FEW,FEW,SCT,null,4000,6000,25000,null,null,null,null,null,null,null,null,26.26,KJFK 141351Z 33011KT 10SM FEW040 FEW060 SCT250 02/M08 A3070 RMK AO2 SLP396 T00171083,null
JFK,2023-12-14 14:51,37,16,41.95,350,13,0,30.7,1039.7,10,null,FEW,SCT,BKN,null,4700,7500,25000,null,null,null,null,null,null,null,null,27.97,KJFK 141451Z 35013KT 10SM FEW047 SCT075 BKN250 03/M09 A3070 RMK AO2 SLP397 T00281089 51010,null
JFK,2023-12-14 15:51,37,17,43.8,320,11,0,30.69,1039.2,10,null,FEW,FEW,BKN,null,4700,7500,19000,null,null,null,null,null,null,null,null,28.79,KJFK 141551Z 32011KT 10SM FEW047 FEW075 BKN190 03/M08 A3069 RMK AO2 SLP392 T00281083,null
JFK,2023-12-14 16:51,40,19,42.45,360,7,0,30.66,1038.1,10,null,FEW,BKN,BKN,null,5000,15000,19000,null,null,null,null,null,null,null,null,34.53,KJFK 141651Z 36007KT 10SM FEW050 BKN150 BKN190 04/M07 A3066 RMK AO2 SLP381 T00441072,null
JFK,2023-12-14 17:51,39,20,46.06,300,5,0,30.62,1036.8,10,null,FEW,BKN,BKN,null,5000,11000,19000,null,null,null,null,null,null,null,null,34.71,KJFK 141751Z 30005KT 10SM FEW050 BKN110 BKN190 04/M07 A3062 RMK AO2 SLP368 T00391067 10044 20000 58029 $,null
JFK,2023-12-14 18:51,40,19,42.45,310,9,0,30.59,1035.9,10,null,FEW,FEW,FEW,null,5000,11000,25000,null,null,null,null,null,null,null,null,33.46,KJFK 141851Z 31009KT 10SM FEW050 FEW110 FEW250 04/M07 A3059 RMK AO2 SLP359 T00441072 $,null
JFK,2023-12-14 19:51,40,19,42.45,260,7,0,30.59,1035.7,10,null,FEW,FEW,SCT,null,5000,11000,25000,null,null,null,null,null,null,null,null,34.53,KJFK 141951Z 26007KT 10SM FEW050 FEW110 SCT250 04/M07 A3059 RMK AO2 SLP357 T00441072 $,null
JFK,2023-12-14 20:51,39,18,42.28,250,6,0,30.57,1035.3,10,null,FEW,FEW,null,null,5000,25000,null,null,null,null,null,null,null,null,null,33.96,KJFK 142051Z 25006KT 10SM FEW050 FEW250 04/M08 A3057 RMK AO2 SLP353 T00391078 56015 $,null
JFK,2023-12-14 21:51,36,21,54.08,240,7,0,30.57,1035.2,10,null,FEW,FEW,SCT,null,5000,10000,25000,null,null,null,null,null,null,null,null,29.65,KJFK 142151Z 24007KT 10SM FEW050 FEW100 SCT250 02/M06 A3057 RMK AO2 SLP352 T00221061 $,null
JFK,2023-12-14 22:51,37,20,49.82,230,9,0,30.57,1035.1,10,null,FEW,null,null,null,25000,null,null,null,null,null,null,null,null,null,null,29.73,KJFK 142251Z 23009KT 10SM FEW250 03/M07 A3057 RMK AO2 SLP351 T00281067 $,null
JFK,2023-12-14 23:51,39,21,48.06,260,11,0,30.56,1034.9,10,null,FEW,null,null,null,25000,null,null,null,null,null,null,null,null,null,null,31.31,KJFK 142351Z 26011KT 10SM FEW250 04/M06 A3056 RMK AO2 SLP349 T00391061 10050 20017 58003 $,null
JFK,2023-12-15 0:51,38,22,52.14,240,10,0,30.55,1034.6,10,null,FEW,null,null,null,25000,null,null,null,null,null,null,null,null,null,null,30.49,KJFK 150051Z 24010KT 10SM FEW250 03/M06 A3055 RMK AO2 SLP346 T00331056 $,null
JFK,2023-12-15 1:51,38,24,56.71,230,11,0,30.54,1034.2,10,null,FEW,null,null,null,25000,null,null,null,null,null,null,null,null,null,null,30.05,KJFK 150151Z 23011KT 10SM FEW250 03/M04 A3054 RMK AO2 SLP342 T00331044 $,null
JFK,2023-12-15 2:51,38,27,64.24,240,13,0,30.51,1033.2,10,null,FEW,null,null,null,25000,null,null,null,null,null,null,null,null,null,null,29.26,KJFK 150251Z 24013KT 10SM FEW250 03/M03 A3051 RMK AO2 SLP332 T00331028 58017 $,null
JFK,2023-12-15 3:51,38,26,61.64,230,14,0,30.49,1032.5,10,null,FEW,FEW,null,null,17000,25000,null,null,null,null,null,null,null,null,null,28.9,KJFK 150351Z 23014KT 10SM FEW170 FEW250 03/M03 A3049 RMK AO2 SLP325 T00331033 $,null
JFK,2023-12-15 4:51,37,26,64.11,240,13,0,30.48,1031.9,10,null,FEW,null,null,null,25000,null,null,null,null,null,null,null,null,null,null,27.97,KJFK 150451Z 24013KT 10SM FEW250 03/M03 A3048 RMK AO2 SLP319 T00281033 400831006 $,null
JFK,2023-12-15 5:51,37,26,64.11,230,16,0,30.46,1031.4,10,null,FEW,null,null,null,25000,null,null,null,null,null,null,null,null,null,null,26.94,KJFK 150551Z 23016KT 10SM FEW250 03/M03 A3046 RMK AO2 SLP314 T00281033 10039 20028 56018 $,null
JFK,2023-12-15 6:51,36,26,66.69,250,7,0,30.46,1031.3,10,null,FEW,FEW,null,null,16000,25000,null,null,null,null,null,null,null,null,null,29.65,KJFK 150651Z 25007KT 10SM FEW160 FEW250 02/M03 A3046 RMK AO2 SLP313 T00221033 $,null
JFK,2023-12-15 7:51,35,26,69.39,240,11,0,30.44,1030.8,10,null,FEW,null,null,null,25000,null,null,null,null,null,null,null,null,null,null,26.26,KJFK 150751Z 24011KT 10SM FEW250 02/M03 A3044 RMK AO2 SLP308 T00171033 $,null
JFK,2023-12-15 8:51,35,25,66.57,240,11,0,30.43,1030.3,10,null,FEW,null,null,null,25000,null,null,null,null,null,null,null,null,null,null,26.26,KJFK 150851Z 24011KT 10SM FEW250 02/M04 A3043 RMK AO2 SLP303 T00171039 58012 $,null
JFK,2023-12-15 9:51,35,25,66.57,250,11,0,30.42,1030.1,10,null,FEW,null,null,null,25000,null,null,null,null,null,null,null,null,null,null,26.26,KJFK 150951Z 25011KT 10SM FEW250 02/M04 A3042 RMK AO2 SLP301 T00171039 $,null
JFK,2023-12-15 10:51,35,24,63.85,250,11,0,30.42,1030,10,null,FEW,null,null,null,25000,null,null,null,null,null,null,null,null,null,null,26.26,KJFK 151051Z 25011KT 10SM FEW250 02/M04 A3042 RMK AO2 SLP300 T00171044 $,null
JFK,2023-12-15 11:51,36,25,63.98,260,11,0,30.41,1029.6,10,null,FEW,null,null,null,25000,null,null,null,null,null,null,null,null,null,null,27.52,KJFK 151151Z 26011KT 10SM FEW250 02/M04 A3041 RMK AO2 SLP296 T00221039 10028 20011 58006 $,null
JFK,2023-12-15 12:51,37,25,61.5,270,11,0,30.41,1029.6,10,null,FEW,SCT,null,null,14000,25000,null,null,null,null,null,null,null,null,null,28.79,KJFK 151251Z 27011KT 10SM FEW140 SCT250 03/M04 A3041 RMK AO2 SLP296 T00281039 $,null
JFK,2023-12-15 13:51,41,25,52.61,290,8,0,30.41,1029.6,10,null,FEW,SCT,null,null,14000,25000,null,null,null,null,null,null,null,null,null,35.2,KJFK 151351Z 29008KT 10SM FEW140 SCT250 05/M04 A3041 RMK AO2 SLP296 T00501039,null
JFK,2023-12-15 14:51,45,26,47.04,280,10,0,30.4,1029.3,10,null,FEW,null,null,null,25000,null,null,null,null,null,null,null,null,null,null,39.27,KJFK 151451Z 28010KT 10SM FEW250 07/M03 A3040 RMK AO2 SLP293 T00721033 58004,null
JFK,2023-12-15 15:51,46,27,47.2,270,11,0,30.37,1028.4,10,null,FEW,null,null,null,25000,null,null,null,null,null,null,null,null,null,null,40.16,KJFK 151551Z 27011KT 10SM FEW250 08/M03 A3037 RMK AO2 SLP284 T00781028,null
JFK,2023-12-15 16:51,49,30,47.68,260,9,0,30.33,1027.1,10,null,FEW,null,null,null,25000,null,null,null,null,null,null,null,null,null,null,44.65,KJFK 151651Z 26009KT 10SM FEW250 09/M01 A3033 RMK AO2 SLP271 T00941011,null
JFK,2023-12-15 17:51,51,32,47.99,250,12,0,30.31,1026.4,10,null,FEW,null,null,null,25000,null,null,null,null,null,null,null,null,null,null,51,KJFK 151751Z 25012KT 10SM FEW250 11/00 A3031 RMK AO2 SLP264 T01060000 10106 20022 56029,null
JFK,2023-12-15 18:51,54,33,44.74,270,11,0,30.29,1025.7,10,null,FEW,null,null,null,25000,null,null,null,null,null,null,null,null,null,null,54,KJFK 151851Z 27011KT 10SM FEW250 12/01 A3029 RMK AO2 SLP257 T01220006,null
JFK,2023-12-15 19:51,56,34,43.3,270,11,0,30.28,1025.4,10,null,FEW,null,null,null,25000,null,null,null,null,null,null,null,null,null,null,56,KJFK 151951Z 27011KT 10SM FEW250 13/01 A3028 RMK AO2 SLP254 T01330011,null
JFK,2023-12-15 20:51,54,33,44.74,260,9,0,30.29,1025.6,10,null,FEW,FEW,null,null,8000,25000,null,null,null,null,null,null,null,null,null,54,KJFK 152051Z 26009KT 10SM FEW080 FEW250 12/01 A3029 RMK AO2 SLP256 T01220006 55007,null
JFK,2023-12-15 21:51,53,32,44.58,270,10,0,30.3,1026.1,10,null,FEW,null,null,null,25000,null,null,null,null,null,null,null,null,null,null,53,KJFK 152151Z 27010KT 10SM FEW250 12/00 A3030 RMK AO2 SLP261 T01170000,null
JFK,2023-12-15 22:51,49,32,51.7,290,7,0,30.32,1026.6,10,null,FEW,null,null,null,25000,null,null,null,null,null,null,null,null,null,null,45.5,KJFK 152251Z 29007KT 10SM FEW250 09/00 A3032 RMK AO2 SLP266 T00940000,null
JFK,2023-12-15 23:51,50,30,45.93,250,8,0,30.34,1027.2,10,null,FEW,null,null,null,25000,null,null,null,null,null,null,null,null,null,null,50,KJFK 152351Z 25008KT 10SM FEW250 10/M01 A3034 RMK AO2 SLP272 T01001011 10133 20083 53016,null
JFK,2023-12-16 0:51,47,33,58.01,240,8,0,30.34,1027.4,10,null,FEW,FEW,null,null,15000,25000,null,null,null,null,null,null,null,null,null,42.59,KJFK 160051Z 24008KT 10SM FEW150 FEW250 08/01 A3034 RMK AO2 SLP274 T00830006,null
JFK,2023-12-16 1:51,45,31,57.73,250,9,0,30.34,1027.4,10,null,FEW,null,null,null,25000,null,null,null,null,null,null,null,null,null,null,39.68,KJFK 160151Z 25009KT 10SM FEW250 07/M01 A3034 RMK AO2 SLP274 T00721006,null
JFK,2023-12-16 2:51,46,31,55.58,270,9,0,30.35,1027.5,10,null,FEW,null,null,null,25000,null,null,null,null,null,null,null,null,null,null,40.92,KJFK 160251Z 27009KT 10SM FEW250 08/M01 A3035 RMK AO2 SLP275 T00781006 51003,null
JFK,2023-12-16 3:51,48,31,51.54,270,12,0,30.35,1027.6,10,null,FEW,null,null,null,25000,null,null,null,null,null,null,null,null,null,null,42.37,KJFK 160351Z 27012KT 10SM FEW250 09/M01 A3035 RMK AO2 SLP276 T00891006,null
JFK,2023-12-16 4:51,46,31,55.58,270,10,0,30.35,1027.5,10,null,FEW,null,null,null,25000,null,null,null,null,null,null,null,null,null,null,40.52,KJFK 160451Z 27010KT 10SM FEW250 08/M01 A3035 RMK AO2 SLP275 T00781006 401330011,null
JFK,2023-12-16 5:51,45,31,57.73,270,8,0,30.35,1027.5,10,null,FEW,null,null,null,25000,null,null,null,null,null,null,null,null,null,null,40.13,KJFK 160551Z 27008KT 10SM FEW250 07/M01 A3035 RMK AO2 SLP275 T00721006 10100 20067 51000,null
JFK,2023-12-16 6:51,42,31,64.75,260,6,0,30.37,1028.2,10,null,FEW,null,null,null,25000,null,null,null,null,null,null,null,null,null,null,37.57,KJFK 160651Z 26006KT 10SM FEW250 06/M01 A3037 RMK AO2 SLP282 T00561006,null
JFK,2023-12-16 7:51,42,31,64.75,270,7,0,30.38,1028.8,10,null,FEW,null,null,null,25000,null,null,null,null,null,null,null,null,null,null,36.97,KJFK 160751Z 27007KT 10SM FEW250 06/M01 A3038 RMK AO2 SLP288 T00561006,null
JFK,2023-12-16 8:51,40,32,72.85,250,5,0,30.39,1028.9,10,null,FEW,null,null,null,25000,null,null,null,null,null,null,null,null,null,null,35.9,KJFK 160851Z 25005KT 10SM FEW250 04/00 A3039 RMK AO2 SLP289 T00440000 51014,null
JFK,2023-12-16 9:51,42,31,64.75,280,4,0,30.4,1029.4,10,null,CLR,null,null,null,null,null,null,null,null,null,null,null,null,null,null,39.1,KJFK 160951Z 28004KT 10SM CLR 06/M01 A3040 RMK AO2 SLP294 T00561006,null
JFK,2023-12-16 10:51,44,31,59.97,310,7,0,30.42,1030.1,10,null,FEW,null,null,null,25000,null,null,null,null,null,null,null,null,null,null,39.41,KJFK 161051Z 31007KT 10SM FEW250 07/M01 A3042 RMK AO2 SLP301 T00671006,null
JFK,2023-12-16 11:51,41,29,62.04,340,5,0,30.44,1030.7,10,null,FEW,null,null,null,25000,null,null,null,null,null,null,null,null,null,null,37.08,KJFK 161151Z 34005KT 10SM FEW250 05/M02 A3044 RMK AO2 SLP307 T00501017 10072 20033 53018,null
JFK,2023-12-16 12:51,45,32,60.11,360,5,0,30.45,1031.2,10,null,SCT,null,null,null,25000,null,null,null,null,null,null,null,null,null,null,41.83,KJFK 161251Z 36005KT 10SM SCT250 07/00 A3045 RMK AO2 SLP312 T00720000,null
JFK,2023-12-16 13:51,49,33,53.82,20,6,0,30.48,1031.9,10,null,SCT,null,null,null,25000,null,null,null,null,null,null,null,null,null,null,46,KJFK 161351Z 02006KT 10SM SCT250 09/01 A3048 RMK AO2 SLP319 T00940006,null
JFK,2023-12-16 14:51,51,33,49.96,20,12,0,30.5,1032.7,10,null,SCT,null,null,null,25000,null,null,null,null,null,null,null,null,null,null,51,KJFK 161451Z 02012KT 10SM SCT250 11/01 A3050 RMK AO2 SLP327 T01060006 53020,null
JFK,2023-12-16 15:51,52,35,52.15,20,16,0,30.49,1032.5,10,null,SCT,null,null,null,25000,null,null,null,null,null,null,null,null,null,null,52,KJFK 161551Z 02016KT 10SM SCT250 11/02 A3049 RMK AO2 SLP325 T01110017,null
JFK,2023-12-16 16:51,54,36,50.42,20,10,0,30.47,1031.9,10,null,FEW,null,null,null,25000,null,null,null,null,null,null,null,null,null,null,54,KJFK 161651Z 02010KT 10SM FEW250 12/02 A3047 RMK AO2 SLP319 T01220022,null
JFK,2023-12-16 17:51,54,37,52.45,30,9,0,30.47,1031.6,10,null,FEW,null,null,null,25000,null,null,null,null,null,null,null,null,null,null,54,KJFK 161751Z 03009KT 10SM FEW250 12/03 A3047 RMK AO2 SLP316 T01220028 10128 20050 58010,null
JFK,2023-12-16 18:51,55,37,50.58,110,6,0,30.47,1031.6,10,null,SCT,null,null,null,25000,null,null,null,null,null,null,null,null,null,null,55,KJFK 161851Z 11006KT 10SM SCT250 13/03 A3047 RMK AO2 SLP316 T01280028,null
JFK,2023-12-16 19:51,54,37,52.45,130,4,0,30.47,1031.8,10,null,BKN,null,null,null,25000,null,null,null,null,null,null,null,null,null,null,54,KJFK 161951Z 13004KT 10SM BKN250 12/03 A3047 RMK AO2 SLP318 T01220028,null
JFK,2023-12-16 20:51,50,38,63.23,140,9,0,30.49,1032.5,10,null,BKN,null,null,null,25000,null,null,null,null,null,null,null,null,null,null,50,KJFK 162051Z 14009KT 10SM BKN250 10/03 A3049 RMK AO2 SLP325 T01000033 53008,null
JFK,2023-12-16 21:51,47,39,73.57,100,4,0,30.5,1032.9,10,null,SCT,null,null,null,25000,null,null,null,null,null,null,null,null,null,null,44.94,KJFK 162151Z 10004KT 10SM SCT250 08/04 A3050 RMK AO2 SLP329 T00830039,null
JFK,2023-12-16 22:51,46,37,70.64,90,7,0,30.5,1032.7,10,null,BKN,null,null,null,25000,null,null,null,null,null,null,null,null,null,null,41.84,KJFK 162251Z 09007KT 10SM BKN250 08/03 A3050 RMK AO2 SLP327 T00780028,null
JFK,2023-12-16 23:51,46,39,76.4,80,8,0,30.51,1033.1,10,null,BKN,null,null,null,25000,null,null,null,null,null,null,null,null,null,null,41.36,KJFK 162351Z 08008KT 10SM BKN250 08/04 A3051 RMK AO2 SLP331 T00780039 10128 20072 51006,null
JFK,2023-12-17 0:51,46,39,76.4,80,6,0,30.53,1033.7,10,null,SCT,BKN,null,null,2000,25000,null,null,null,null,null,null,null,null,null,42.39,KJFK 170051Z 08006KT 10SM SCT020 BKN250 08/04 A3053 RMK AO2 SLP337 T00780039,null
JFK,2023-12-17 1:51,44,40,85.71,60,6,0,30.53,1033.8,10,null,SCT,BKN,null,null,2400,25000,null,null,null,null,null,null,null,null,null,39.98,KJFK 170151Z 06006KT 10SM SCT024 BKN250 07/04 A3053 RMK AO2 SLP338 T00670044,null
JFK,2023-12-17 2:15,44,39,82.44,60,6,0,30.53,null,10,null,BKN,BKN,null,null,2400,25000,null,null,null,null,null,null,null,null,null,39.98,KJFK 170215Z 06006KT 10SM BKN024 BKN250 07/04 A3053 RMK AO2 T00670039,null
JFK,2023-12-17 2:51,47,42,82.65,90,10,0,30.52,1033.3,10,null,BKN,OVC,null,null,2200,25000,null,null,null,null,null,null,null,null,null,41.78,KJFK 170251Z 09010KT 10SM BKN022 OVC250 08/06 A3052 RMK AO2 SLP333 T00830056 50002,null
JFK,2023-12-17 3:51,47,41,79.52,90,10,0,30.51,1033.1,10,null,BKN,OVC,null,null,2200,25000,null,null,null,null,null,null,null,null,null,41.78,KJFK 170351Z 09010KT 10SM BKN022 OVC250 08/05 A3051 RMK AO2 SLP331 T00830050,null
JFK,2023-12-17 4:51,47,42,82.65,90,8,0,30.49,1032.5,10,null,BKN,BKN,null,null,2100,25000,null,null,null,null,null,null,null,null,null,42.59,KJFK 170451Z 09008KT 10SM BKN021 BKN250 08/06 A3049 RMK AO2 SLP325 T00830056 401280033,null
JFK,2023-12-17 5:51,47,43,85.89,90,8,0,30.47,1031.9,10,null,BKN,BKN,null,null,2100,25000,null,null,null,null,null,null,null,null,null,42.59,KJFK 170551Z 09008KT 10SM BKN021 BKN250 08/06 A3047 RMK AO2 SLP319 T00830061 10083 20061 58014,null
JFK,2023-12-17 6:51,48,44,85.95,100,8,0,30.47,1031.7,10,null,FEW,BKN,BKN,null,1600,2300,25000,null,null,null,null,null,null,null,null,43.82,KJFK 170651Z 10008KT 10SM FEW016 BKN023 BKN250 09/07 A3047 RMK AO2 SLP317 T00890067,null
JFK,2023-12-17 7:51,48,44,85.95,80,8,0,30.45,1031,10,null,BKN,OVC,null,null,2200,25000,null,null,null,null,null,null,null,null,null,43.82,KJFK 170751Z 08008KT 10SM BKN022 OVC250 09/07 A3045 RMK AO2 SLP310 T00890067,null
JFK,2023-12-17 8:51,48,44,85.95,70,9,0,30.42,1030.1,10,null,BKN,OVC,null,null,2000,25000,null,null,null,null,null,null,null,null,null,43.41,KJFK 170851Z 07009KT 10SM BKN020 OVC250 09/07 A3042 RMK AO2 SLP301 T00890067 58018,null
JFK,2023-12-17 9:51,48,43,82.72,90,10,0,30.41,1029.9,10,null,FEW,BKN,OVC,null,1600,2000,25000,null,null,null,null,null,null,null,null,43.03,KJFK 170951Z 09010KT 10SM FEW016 BKN020 OVC250 09/06 A3041 RMK AO2 SLP299 T00890061,null
JFK,2023-12-17 10:51,48,44,85.95,100,9,0,30.39,1029.2,10,null,BKN,OVC,null,null,1500,25000,null,null,null,null,null,null,null,null,null,43.41,KJFK 171051Z 10009KT 10SM BKN015 OVC250 09/07 A3039 RMK AO2 SLP292 T00890067,null
JFK,2023-12-17 11:51,48,44,85.95,80,11,0,30.38,1028.8,10,null,BKN,OVC,null,null,1500,4200,null,null,null,null,null,null,null,null,null,42.69,KJFK 171151Z 08011KT 10SM BKN015 OVC042 09/07 A3038 RMK AO2 SLP288 T00890067 10089 20083 58013,null
JFK,2023-12-17 12:46,48.2,44.6,87.28,80,12,0,30.36,null,10,null,FEW,BKN,OVC,null,1200,3900,5500,null,null,null,null,null,null,null,null,42.62,KJFK 171246Z 08012KT 10SM FEW012 BKN039 OVC055 09/07 A3036 RMK AO2 CIG 012 W,null
JFK,2023-12-17 12:51,48,45,89.29,80,12,0,30.36,1028,10,null,FEW,BKN,OVC,null,1200,3900,5500,null,null,null,null,null,null,null,null,42.37,KJFK 171251Z 08012KT 10SM FEW012 BKN039 OVC055 09/07 A3036 RMK AO2 CIG 012 W SLP280 T00890072,null
JFK,2023-12-17 13:49,50,46.4,87.37,80,13,0,30.33,null,10,null,FEW,BKN,BKN,null,1100,2800,6000,null,null,null,null,null,null,null,null,50,KJFK 171349Z 08013KT 10SM FEW011 BKN028 BKN060 10/08 A3033 RMK AO2 FIBI (ML) IEM_GHCNH,null
JFK,2023-12-17 13:51,50,46,86.06,80,12,0,30.33,1026.9,10,null,FEW,BKN,BKN,OVC,1100,2800,6000,25000,null,null,null,null,null,null,null,50,KJFK 171351Z 08012KT 10SM FEW011 BKN028 BKN060 OVC250 10/08 A3033 RMK AO2 SLP269 T01000078,null
JFK,2023-12-17 14:51,51,47,86.12,100,15,0,30.32,1026.5,10,null,SCT,OVC,null,null,1300,2500,null,null,null,null,null,null,null,null,null,51,KJFK 171451Z 10015KT 10SM SCT013 OVC025 11/08 A3032 RMK AO2 CIG 013 W SLP265 T01060083 58016,null
JFK,2023-12-17 15:35,51,47,86.12,90,16,0,30.28,null,10,null,BKN,BKN,OVC,null,1400,2700,8500,null,null,null,null,null,null,null,null,51,KJFK 171535Z 09016KT 10SM BKN014 BKN027 OVC085 11/08 A3028 RMK AO2 T01060083,null
JFK,2023-12-17 15:51,51,48,89.42,90,14,0,30.26,1024.7,10,null,BKN,BKN,OVC,null,1400,3000,8500,null,null,null,null,null,null,null,null,51,KJFK 171551Z 09014KT 10SM BKN014 BKN030 OVC085 11/09 A3026 RMK AO2 PRESFR SLP247 T01060089,null
JFK,2023-12-17 16:49,51.8,48.2,87.47,90,14,0,30.21,null,10,21,SCT,BKN,OVC,null,1000,2600,8000,null,null,null,null,null,null,null,null,51.8,KJFK 171649Z 09014G21KT 10SM SCT010 BKN026 OVC080 11/09 A3021 RMK AO2 PRESFR FIBI (ML) IEM_GHCNH,null
JFK,2023-12-17 16:51,52,49,89.46,90,13,0,30.21,1023,10,null,SCT,BKN,OVC,null,1000,2600,8000,null,null,null,null,null,null,null,null,52,KJFK 171651Z 09013KT 10SM SCT010 BKN026 OVC080 11/09 A3021 RMK AO2 SLP230 T01110094,null
JFK,2023-12-17 17:42,52,49,89.46,90,14,0,30.16,null,10,null,BKN,BKN,OVC,null,1100,3700,5500,null,null,null,null,null,null,null,null,52,KJFK 171742Z 09014KT 10SM BKN011 BKN037 OVC055 11/09 A3016 RMK AO2 T01110094,null
JFK,2023-12-17 17:51,52,49,89.46,100,15,0,30.16,1021.1,10,null,BKN,BKN,OVC,null,1200,3900,5500,null,null,null,null,null,null,null,null,52,KJFK 171751Z 10015KT 10SM BKN012 BKN039 OVC055 11/09 A3016 RMK AO2 SLP211 T01110094 10111 20089 57054,null
JFK,2023-12-17 18:49,51.8,50,93.55,110,12,T,30.12,null,9,19,SCT,BKN,OVC,null,1100,4900,7500,null,null,null,null,null,null,null,null,51.8,KJFK 171849Z 11012G19KT 9SM SCT011 BKN049 OVC075 11/10 A3012 RMK AO2 RAB20E41 P0000 FIBI (ML) IEM_GHCNH,null
JFK,2023-12-17 18:51,52,50,92.86,110,12,T,30.12,1019.9,9,19,SCT,BKN,OVC,null,1100,4900,7500,null,null,null,null,null,null,null,null,52,KJFK 171851Z 11012G19KT 9SM SCT011 BKN049 OVC075 11/10 A3012 RMK AO2 RAB20E41 SLP199 P0000 T01110100,null
JFK,2023-12-17 19:51,52,51,96.37,110,13,T,30.08,1018.5,9,null,FEW,OVC,null,null,1100,6000,null,null,null,null,null,null,null,null,null,52,KJFK 171951Z 11013KT 9SM FEW011 OVC060 11/11 A3008 RMK AO2 RAB00E38 SLP185 P0000 T01110106,null
JFK,2023-12-17 20:51,52,51,96.37,110,12,0,30.05,1017.5,10,null,BKN,OVC,null,null,1200,6500,null,null,null,null,null,null,null,null,null,52,KJFK 172051Z 11012KT 10SM BKN012 OVC065 11/11 A3005 RMK AO2 SLP175 60000 T01110106 56036,null
JFK,2023-12-17 21:49,51.8,51.8,100,110,12,0,30.01,null,8,null,FEW,BKN,OVC,null,600,4600,6000,null,null,null,null,null,null,null,null,51.8,KJFK 172149Z 11012KT 8SM FEW006 BKN046 OVC060 11/11 A3001 RMK AO2 FIBI (ML) IEM_GHCNH,null
JFK,2023-12-17 21:51,52,52,100,110,13,0,30.01,1016.1,8,null,FEW,BKN,OVC,null,600,4600,6000,null,null,null,null,null,null,null,null,52,KJFK 172151Z 11013KT 8SM FEW006 BKN046 OVC060 11/11 A3001 RMK AO2 SLP161 T01110111,null
JFK,2023-12-17 22:51,53,53,100,100,13,0,29.97,1014.7,9,null,SCT,BKN,OVC,null,400,4500,12000,null,null,null,null,null,null,null,null,53,KJFK 172251Z 10013KT 9SM SCT004 BKN045 OVC120 12/12 A2997 RMK AO2 SLP147 T01170117,null
JFK,2023-12-17 23:14,54,53,96.4,100,13,T,29.96,null,0.5,null,BKN,OVC,null,null,400,10000,null,null,#NAME?,null,null,null,null,null,null,54,KJFK 172314Z 10013KT 1/2SM -RA BKN004 OVC100 12/12 A2996 RMK AO2 SFC VIS 9 RAB06 P0000 T01220117,null
JFK,2023-12-17 23:51,53,53,100,100,14,0.01,29.93,1013.5,0.5,21,OVC,null,null,null,300,null,null,null,#NAME?,null,null,null,null,null,null,53,KJFK 172351Z 10014G21KT 1/2SM -RA BR OVC003 12/12 A2993 RMK AO2 SFC VIS 6 RAB06 SLP135 P0001 60001 T01170117 10122 20111 56040,null
JFK,2023-12-18 0:51,53,53,100,90,11,0.01,29.9,1012.4,0.5,null,BKN,OVC,null,null,300,8000,null,null,#NAME?,null,null,null,null,null,null,53,KJFK 180051Z 09011KT 1/2SM -RA BKN003 OVC080 12/12 A2990 RMK AO2 SFC VIS 7 RAE2359B18 PRESFR SLP124 P0001 T01170117,null
JFK,2023-12-18 0:59,53,53,100,100,10,T,29.89,null,8,null,SCT,BKN,OVC,null,400,4800,8500,null,#NAME?,null,null,null,null,null,null,53,KJFK 180059Z 10010KT 8SM -RA SCT004 BKN048 OVC085 12/12 A2989 RMK AO2 P0000 T01170117,null
JFK,2023-12-18 1:51,54,54,100,110,14,T,29.85,1010.6,10,null,FEW,BKN,OVC,null,3200,4700,5500,null,null,null,null,null,null,null,null,54,KJFK 180151Z 11014KT 10SM FEW032 BKN047 OVC055 12/12 A2985 RMK AO2 RAE23 SLP106 P0000 T01220122,null
JFK,2023-12-18 2:51,55,54,96.42,100,14,T,29.78,1008.5,10,null,SCT,OVC,null,null,3500,10000,null,null,null,null,null,null,null,null,null,55,KJFK 180251Z 10014KT 10SM SCT035 OVC100 13/12 A2978 RMK AO2 RAB0156E08 CIG 070 W PRESFR SLP085 P0000 60001 T01280122 58050,null
JFK,2023-12-18 3:51,55,55,100,130,16,0.02,29.73,1006.6,7,23,SCT,BKN,OVC,null,3000,7000,8000,null,#NAME?,null,null,null,null,null,null,55,KJFK 180351Z 13016G23KT 7SM -RA SCT030 BKN070 OVC080 13/13 A2973 RMK AO2 RAB01 PRESFR SLP066 P0002 T01280128,null
JFK,2023-12-18 4:51,55,55,100,120,19,0.07,29.64,1003.8,5,28,SCT,BKN,OVC,null,1000,4400,6500,null,RA BR,null,null,null,32,120,2023-12-18 4:28,55,KJFK 180451Z 12019G28KT 5SM RA BR SCT010 BKN044 OVC065 13/13 A2964 RMK AO2 PK WND 12032/0428 PRESFR SLP038 P0007 T01280128 401330083,null
JFK,2023-12-18 5:33,55,55,100,110,17,0.07,29.57,null,5,27,SCT,OVC,null,null,700,5500,null,null,#NAME?,null,null,null,27,110,2023-12-18 5:27,55,KJFK 180533Z 11017G27KT 5SM -RA BR SCT007 OVC055 13/13 A2957 RMK AO2 PK WND 11027/0527 PRESFR P0007 T01280128,null
JFK,2023-12-18 5:51,55,55,100,110,18,0.08,29.54,1000.4,6,25,FEW,SCT,OVC,null,700,2100,5500,null,#NAME?,null,null,null,27,110,2023-12-18 5:27,55,KJFK 180551Z 11018G25KT 6SM -RA BR FEW007 SCT021 OVC055 13/13 A2954 RMK AO2 PK WND 11027/0527 PRESFR SLP004 P0008 60018 T01280128 10133 20117 58081,null
JFK,2023-12-18 6:01,55,55,100,100,19,0.02,29.53,null,5,27,SCT,BKN,OVC,null,900,2000,5000,null,RA BR,null,null,null,27,100,2023-12-18 6:01,55,KJFK 180601Z 10019G27KT 5SM RA BR SCT009 BKN020 OVC050 13/13 A2953 RMK AO2 PK WND 10027/0601 CIG 009 W PRESFR P0002 T01280128,null
JFK,2023-12-18 6:18,55,55,100,100,21,0.07,29.5,null,4,27,BKN,OVC,null,null,700,1600,null,null,#NAME?,null,null,null,27,110,2023-12-18 6:18,55,KJFK 180618Z 10021G27KT 4SM +RA BR BKN007 OVC016 13/13 A2950 RMK AO2 PK WND 11027/0618 PRESFR P0007 T01280128,null
JFK,2023-12-18 6:51,55,55,100,100,21,0.17,29.43,996.6,3,30,BKN,OVC,null,null,700,2500,null,null,#NAME?,null,null,null,30,90,2023-12-18 6:46,55,KJFK 180651Z 10021G30KT 3SM +RA BR BKN007 OVC025 13/13 A2943 RMK AO2 PK WND 09030/0646 PRESFR SLP966 P0017 T01280128,null
JFK,2023-12-18 7:51,55,55,100,110,25,0.35,29.34,993.3,3,34,OVC,null,null,null,600,null,null,null,RA BR,null,null,null,35,120,2023-12-18 7:23,55,KJFK 180751Z 11025G34KT 3SM RA BR OVC006 13/13 A2934 RMK AO2 PK WND 12035/0723 PRESFR SLP933 P0035 T01280128,null
JFK,2023-12-18 8:51,56,56,100,130,30,0.25,29.22,989.6,3,44,OVC,null,null,null,600,null,null,null,RA BR,null,null,null,44,140,2023-12-18 8:45,56,KJFK 180851Z 13030G44KT 3SM RA BR OVC006 13/13 A2922 RMK AO2 PK WND 14044/0845 PRESFR SLP896 P0025 60077 T01330133 56108,null
JFK,2023-12-18 9:49,57.2,57.2,100,150,31,0.14,29.19,null,2,44,OVC,null,null,null,500,null,null,null,#NAME?,null,null,null,45,130,2023-12-18 9:08,57.2,KJFK 180949Z 15031G44KT 2SM -RA BR OVC005 14/14 A2919 RMK AO2 PK WND 13045/0908 P0014 FIBI (VV) IEM_GHCNH,null
JFK,2023-12-18 9:51,57,57,100,150,32,0.14,29.19,988.5,2,46,OVC,null,null,null,500,null,null,null,#NAME?,null,null,null,46,150,2023-12-18 9:51,57,KJFK 180951Z 15032G46KT 2SM -RA BR OVC005 14/14 A2919 RMK AO2 PK WND 15046/0951 SLP885 P0014 T01390139,null
JFK,2023-12-18 10:24,57,57,100,160,26,0.06,29.19,null,3,33,OVC,null,null,null,500,null,null,null,RA BR,null,null,null,40,150,2023-12-18 9:55,57,KJFK 181024Z 16026G33KT 3SM RA BR OVC005 14/14 A2919 RMK AO2 PK WND 15040/0955 P0006 T01390139,null
JFK,2023-12-18 10:51,58,58,100,150,22,0.07,29.18,988.1,4,31,OVC,null,null,null,700,null,null,null,BR,null,null,null,40,150,2023-12-18 9:55,58,KJFK 181051Z 15022G31KT 4SM BR OVC007 14/14 A2918 RMK AO2 PK WND 15040/0955 RAE38 SLP881 P0007 T01440144,null
JFK,2023-12-18 11:51,58,58,100,150,27,T,29.14,986.8,5,37,BKN,OVC,null,null,600,4300,null,null,#NAME?,null,null,null,47,140,2023-12-18 11:34,58,KJFK 181151Z 15027G37KT 5SM -RA BR BKN006 OVC043 14/14 A2914 RMK AO2 PK WND 14047/1134 RAB22 SLP868 P0000 60098 70117 T01440144 10150 20122 58028,null
JFK,2023-12-18 12:21,58,58,100,160,26,0.01,29.13,null,4,35,SCT,BKN,OVC,null,600,2900,4400,null,RA BR,null,null,null,35,150,2023-12-18 12:20,58,KJFK 181221Z 16026G35KT 4SM RA BR SCT006 BKN029 OVC044 14/14 A2913 RMK AO2 PK WND 15035/1220 P0001 T01440144,null
JFK,2023-12-18 12:29,58,58,100,160,24,0.01,29.18,null,1,35,BKN,OVC,null,null,700,2800,null,null,RA BR,null,null,null,35,160,2023-12-18 12:23,58,KJFK 181229Z 16024G35KT 1SM RA BR BKN007 OVC028 14/14 A2918 RMK AO2 PK WND 16035/1223 SFC VIS 2 PRESRR P0001 T01440144,null
JFK,2023-12-18 12:51,57,57,100,180,29,0.16,29.14,986.8,1,39,BKN,BKN,OVC,null,700,2800,3600,null,#NAME?,null,null,null,39,180,2023-12-18 12:48,57,KJFK 181251Z 18029G39KT 1SM +RA BR BKN007 BKN028 OVC036 14/14 A2914 RMK AO2 PK WND 18039/1248 SFC VIS 2 SLP868 BKN007 V SCT P0016 T01390139,null
JFK,2023-12-18 13:02,57,57,100,180,23,T,29.14,null,4,32,SCT,BKN,OVC,null,800,2600,3900,null,#NAME?,null,null,null,36,180,2023-12-18 12:52,57,KJFK 181302Z 18023G32KT 4SM -RA BR SCT008 BKN026 OVC039 14/14 A2914 RMK AO2 PK WND 18036/1252 P0000 T01390139,null
JFK,2023-12-18 13:34,56,56,100,160,11,0.02,29.11,null,5,null,FEW,SCT,BKN,BKN,700,2100,8000,25000,BR,null,null,null,36,180,2023-12-18 12:52,56,KJFK 181334Z 16011KT 5SM BR FEW007 SCT021 BKN080 BKN250 13/13 A2911 RMK AO2 PK WND 18036/1252 LTG DSNT NE AND E RAE32 PRESFR SCT V BKN P0002 T01330133,null
JFK,2023-12-18 13:51,57,57,100,170,13,0.02,29.1,985.5,5,null,FEW,SCT,BKN,BKN,600,2600,7500,25000,BR,null,null,null,36,180,2023-12-18 12:52,57,KJFK 181351Z 17013KT 5SM BR FEW006 SCT026 BKN075 BKN250 14/14 A2910 RMK AO2 PK WND 18036/1252 RAE32 SLP855 P0002 T01390139,null
JFK,2023-12-18 14:35,57,57,100,160,21,0,29.09,null,4,27,SCT,BKN,BKN,BKN,500,1900,5500,25000,BR,null,null,null,27,160,2023-12-18 14:29,57,KJFK 181435Z 16021G27KT 4SM BR SCT005 BKN019 BKN055 BKN250 14/14 A2909 RMK AO2 PK WND 16027/1429 VIS S 2 SCT V BKN T01390139,null
JFK,2023-12-18 14:51,57,57,100,170,16,0,29.09,985.1,4,null,SCT,BKN,OVC,null,500,1700,5500,null,BR,null,null,null,27,160,2023-12-18 14:29,57,KJFK 181451Z 17016KT 4SM BR SCT005 BKN017 OVC055 14/14 A2909 RMK AO2 PK WND 16027/1429 SLP851 VIS SE-S 2 1/2 60018 T01390139 58017,null
JFK,2023-12-18 14:53,57,57,100,170,16,0,29.09,null,1,null,BKN,BKN,OVC,null,500,1700,4600,null,BR,null,null,null,null,null,null,57,KJFK 181453Z 17016KT 1SM BR BKN005 BKN017 OVC046 14/14 A2909 RMK AO2 SFC VIS 3 T01390139,null
JFK,2023-12-18 15:51,55,55,100,180,14,0.02,29.06,984.1,1,22,BKN,BKN,OVC,null,500,1100,2700,null,#NAME?,null,null,null,null,null,null,55,KJFK 181551Z 18014G22KT 1SM -RA BR BKN005 BKN011 OVC027 13/13 A2906 RMK AO2 SFC VIS 3 RAB1457 SLP841 CIG 003V007 P0002 T01280128,null
JFK,2023-12-18 16:51,53,53,100,280,15,0.08,29.04,983.4,1,21,BKN,OVC,null,null,500,1800,null,null,RA BR,null,null,null,null,null,null,53,KJFK 181651Z 28015G21KT 1SM RA BR BKN005 OVC018 12/12 A2904 RMK AO2 WSHFT 1637 SFC VIS 2 1/2 SLP834 P0008 T01170117,null
JFK,2023-12-18 17:26,51,51,100,310,17,0.08,29.04,null,2.5,28,SCT,BKN,OVC,null,700,2200,5000,null,RA BR,null,null,null,28,310,2023-12-18 17:24,51,KJFK 181726Z 31017G28KT 2 1/2SM RA BR SCT007 BKN022 OVC050 11/11 A2904 RMK AO2 PK WND 31028/1724 WSHFT 1638 P0008 T01060106,null
JFK,2023-12-18 17:51,50,49,96.34,310,19,0.11,29.05,983.6,7,25,SCT,BKN,OVC,null,900,1500,5000,null,#NAME?,null,null,null,28,310,2023-12-18 17:24,50,KJFK 181751Z COR 31019G25KT 7SM -RA SCT009 BKN015 OVC050 10/09 A2905 RMK AO2 PK WND 31028/1724 WSHFT 1638 SLP836 P0011 60039 T01000094 10150 20100 55015,null
JFK,2023-12-18 18:51,49,46,89.33,290,22,0.03,29.1,985.5,10,31,BKN,BKN,BKN,null,1900,5500,9500,null,#NAME?,null,null,null,31,300,2023-12-18 18:37,41.34,KJFK 181851Z 29022G31KT 10SM -RA BKN019 BKN055 BKN095 09/08 A2910 RMK AO2 PK WND 30031/1837 PRESRR SLP855 P0003 T00940078,null
JFK,2023-12-18 19:51,49,41,73.77,290,23,T,29.18,988.2,10,36,BKN,BKN,null,null,2500,9500,null,null,null,null,null,null,37,300,2023-12-18 19:38,41.16,KJFK 181951Z 29023G36KT 10SM BKN025 BKN095 09/05 A2918 RMK AO2 PK WND 30037/1938 RAE02 PRESRR SLP882 P0000 T00940050,null
JFK,2023-12-18 20:46,48.2,39.2,70.88,280,21,0,29.27,null,10,33,BKN,null,null,null,3400,null,null,null,null,null,null,null,34,280,2023-12-18 20:25,40.46,KJFK 182046Z 28021G33KT 10SM BKN034 09/04 A2927 RMK AO2 PK WND 28034/2025 PRESRR,null
JFK,2023-12-18 20:51,49,40,70.96,280,20,0,29.27,991.1,10,33,BKN,null,null,null,3400,null,null,null,null,null,null,null,34,280,2023-12-18 20:25,41.72,KJFK 182051Z 28020G33KT 10SM BKN034 09/04 A2927 RMK AO2 PK WND 28034/2025 SLP911 60003 T00940044 53075,null
JFK,2023-12-18 21:51,49,39,68.25,270,19,0,29.37,994.7,10,null,SCT,null,null,null,4000,null,null,null,null,null,null,null,30,300,2023-12-18 20:57,41.92,KJFK 182151Z 27019KT 10SM SCT040 09/04 A2937 RMK AO2 PK WND 30030/2057 PRESRR SLP947 T00940039,null
JFK,2023-12-18 22:51,49,38,65.63,250,19,0,29.45,997.3,10,24,BKN,null,null,null,4800,null,null,null,null,null,null,null,28,270,2023-12-18 22:02,41.92,KJFK 182251Z 25019G24KT 10SM BKN048 09/03 A2945 RMK AO2 PK WND 27028/2202 PRESRR SLP973 T00940033,null
JFK,2023-12-18 23:51,47,35,62.84,260,15,0,29.52,999.4,10,null,FEW,null,null,null,4800,null,null,null,null,null,null,null,null,null,null,40.23,KJFK 182351Z 26015KT 10SM FEW048 08/02 A2952 RMK AO2 SLP994 60003 T00830017 10100 20083 51084,null
JFK,2023-12-19 0:51,46,34,62.71,260,19,0,29.56,1000.9,10,28,FEW,null,null,null,4000,null,null,null,null,null,null,null,28,260,2023-12-19 0:45,37.95,KJFK 190051Z 26019G28KT 10SM FEW040 08/01 A2956 RMK AO2 PK WND 26028/0045 SLP009 T00780011,null
JFK,2023-12-19 1:51,44,32,62.44,260,20,0,29.61,1002.5,10,null,FEW,null,null,null,4000,null,null,null,null,null,null,null,28,270,2023-12-19 1:14,35.08,KJFK 190151Z 26020KT 10SM FEW040 07/00 A2961 RMK AO2 PK WND 27028/0114 PRESRR SLP025 T00670000,null
JFK,2023-12-19 2:51,44,31,59.97,270,15,0,29.65,1003.8,10,null,FEW,null,null,null,4000,null,null,null,null,null,null,null,null,null,null,36.34,KJFK 190251Z 27015KT 10SM FEW040 07/M01 A2965 RMK AO2 SLP038 T00671006 51044,null
JFK,2023-12-19 3:51,42,30,62.18,270,12,0,29.65,1003.9,10,null,FEW,null,null,null,4500,null,null,null,null,null,null,null,null,null,null,34.73,KJFK 190351Z 27012KT 10SM FEW045 06/M01 A2965 RMK AO2 SLP039 T00561011,null
JFK,2023-12-19 4:51,42,30,62.18,270,17,0,29.66,1004.2,10,22,SCT,BKN,null,null,5000,9500,null,null,null,null,null,null,null,null,null,33.18,KJFK 190451Z 27017G22KT 10SM SCT050 BKN095 06/M01 A2966 RMK AO2 SLP042 T00561011 401500056,null
JFK,2023-12-19 5:51,41,29,62.04,270,14,0,29.66,1004.2,10,null,FEW,FEW,null,null,5500,11000,null,null,null,null,null,null,null,null,null,32.76,KJFK 190551Z 27014KT 10SM FEW055 FEW110 05/M02 A2966 RMK AO2 SLP042 T00501017 10083 20050 52004,null
JFK,2023-12-19 6:51,40,29,64.5,250,12,0,29.69,1005.3,10,null,FEW,null,null,null,11000,null,null,null,null,null,null,null,null,null,null,32.18,KJFK 190651Z 25012KT 10SM FEW110 04/M02 A2969 RMK AO2 SLP053 T00441017,null
JFK,2023-12-19 7:51,39,30,69.85,260,11,0,29.7,1005.6,10,null,CLR,null,null,null,null,null,null,null,null,null,null,null,null,null,null,31.31,KJFK 190751Z 26011KT 10SM CLR 04/M01 A2970 RMK AO2 SLP056 T00391011,null
JFK,2023-12-19 8:51,39,29,67.06,260,14,0,29.72,1006.3,10,null,SCT,null,null,null,12000,null,null,null,null,null,null,null,null,null,null,30.19,KJFK 190851Z 26014KT 10SM SCT120 04/M02 A2972 RMK AO2 SLP063 T00391017 51020,null
JFK,2023-12-19 9:51,39,28,64.37,270,15,0,29.76,1007.6,10,null,BKN,null,null,null,12000,null,null,null,null,null,null,null,null,null,null,29.85,KJFK 190951Z 27015KT 10SM BKN120 04/M02 A2976 RMK AO2 SLP076 T00391022,null
JFK,2023-12-19 10:51,38,28,66.94,260,13,0,29.8,1008.9,10,null,FEW,null,null,null,12000,null,null,null,null,null,null,null,null,null,null,29.26,KJFK 191051Z 26013KT 10SM FEW120 03/M02 A2980 RMK AO2 SLP089 T00331022,null
JFK,2023-12-19 11:51,38,28,66.94,270,14,0,29.83,1010.1,10,null,FEW,BKN,null,null,9000,14000,null,null,null,null,null,null,null,null,null,28.9,KJFK 191151Z 27014KT 10SM FEW090 BKN140 03/M02 A2983 RMK AO2 SLP101 70042 T00331022 10050 20033 51038,null
JFK,2023-12-19 12:51,37,29,72.54,270,14,0,29.87,1011.3,10,null,FEW,FEW,BKN,null,3800,9000,14000,null,null,null,null,null,null,null,null,27.61,KJFK 191251Z 27014KT 10SM FEW038 FEW090 BKN140 03/M02 A2987 RMK AO2 SLP113 VIRGA W T00281017,null
JFK,2023-12-19 13:51,40,30,67.18,280,10,0,29.89,1012.1,10,null,FEW,FEW,SCT,null,4000,6000,14000,null,null,null,null,null,null,null,null,33,KJFK 191351Z 28010KT 10SM FEW040 FEW060 SCT140 04/M01 A2989 RMK AO2 SLP121 T00441011,null
JFK,2023-12-19 14:51,42,31,64.75,290,9,0,29.92,1013.1,10,null,FEW,SCT,null,null,3100,6000,null,null,null,null,null,null,null,null,null,35.95,KJFK 191451Z 29009KT 10SM FEW031 SCT060 06/M01 A2992 RMK AO2 SLP131 T00561006 51030,null
JFK,2023-12-19 15:51,42,29,59.69,300,12,0,29.94,1013.8,10,20,SCT,BKN,null,null,3500,7000,null,null,null,null,null,null,null,null,null,34.73,KJFK 191551Z 30012G20KT 10SM SCT035 BKN070 06/M02 A2994 RMK AO2 SLP138 T00561017,null
JFK,2023-12-19 16:51,43,23,44.8,290,14,0,29.96,1014.4,10,null,SCT,BKN,null,null,4300,6500,null,null,null,null,null,null,null,null,null,35.34,KJFK 191651Z 29014KT 10SM SCT043 BKN065 06/M05 A2996 RMK AO2 SLP144 T00611050,null
JFK,2023-12-19 17:51,43,24,46.71,270,18,0,29.98,1015,10,25,FEW,SCT,null,null,4600,6500,null,null,null,null,null,null,null,null,null,34.23,KJFK 191751Z 27018G25KT 10SM FEW046 SCT065 06/M04 A2998 RMK AO2 SLP150 T00611044 10067 20028 51019,null
JFK,2023-12-19 18:51,43,24,46.71,310,18,0,30.01,1016,10,23,BKN,null,null,null,4800,null,null,null,null,null,null,null,null,null,null,34.23,KJFK 191851Z COR 31018G23KT 10SM BKN048 06/M04 A3001 RMK AO2 SLP160 T00611044,null
JFK,2023-12-19 19:51,40,22,48.22,290,18,0,30.04,1017.1,10,29,BKN,null,null,null,4900,null,null,null,null,null,null,null,29,290,2023-12-19 19:51,30.28,KJFK 191951Z 29018G29KT 10SM BKN049 04/M06 A3004 RMK AO2 PK WND 29029/1951 SLP171 T00441056,null
JFK,2023-12-19 20:51,39,21,48.06,320,17,0,30.09,1018.7,10,22,BKN,null,null,null,4800,null,null,null,null,null,null,null,null,null,null,29.25,KJFK 192051Z 32017G22KT 10SM BKN048 04/M06 A3009 RMK AO2 SLP187 T00391061 53037,null
JFK,2023-12-19 21:51,37,20,49.82,300,17,0,30.12,1019.9,10,24,BKN,null,null,null,4800,null,null,null,null,null,null,null,26,330,2023-12-19 21:08,26.63,KJFK 192151Z 30017G24KT 10SM BKN048 03/M07 A3012 RMK AO2 PK WND 33026/2108 SLP199 T00281067,null
JFK,2023-12-19 22:51,36,21,54.08,330,15,0,30.17,1021.6,10,null,SCT,null,null,null,4600,null,null,null,null,null,null,null,null,null,null,25.97,KJFK 192251Z 33015KT 10SM SCT046 02/M06 A3017 RMK AO2 SLP216 T00221061,null
JFK,2023-12-19 23:51,34,20,56.12,320,16,0,30.22,1023.3,10,23,FEW,null,null,null,4600,null,null,null,null,null,null,null,null,null,null,23.03,KJFK 192351Z 32016G23KT 10SM FEW046 01/M07 A3022 RMK AO2 SLP233 T00111067 10067 20011 53046,null
JFK,2023-12-20 0:51,33,20,58.41,320,17,0,30.26,1024.6,10,null,FEW,null,null,null,5000,null,null,null,null,null,null,null,27,320,2023-12-20 0:27,21.39,KJFK 200051Z 32017KT 10SM FEW050 01/M07 A3026 RMK AO2 PK WND 32027/0027 SLP246 T00061067,null
JFK,2023-12-20 1:51,33,21,60.95,310,16,0,30.28,1025.3,10,null,SCT,null,null,null,4900,null,null,null,null,null,null,null,null,null,null,21.72,KJFK 200151Z 31016KT 10SM SCT049 01/M06 A3028 RMK AO2 SLP253 T00061061,null
JFK,2023-12-20 2:51,33,21,60.95,320,14,0,30.29,1025.7,10,null,SCT,null,null,null,4100,null,null,null,null,null,null,null,null,null,null,22.45,KJFK 200251Z 32014KT 10SM SCT041 01/M06 A3029 RMK AO2 SLP257 T00061061 51024,null
JFK,2023-12-20 3:51,33,21,60.95,330,18,0,30.31,1026.2,10,22,BKN,null,null,null,3900,null,null,null,null,null,null,null,null,null,null,21.07,KJFK 200351Z 33018G22KT 10SM BKN039 01/M06 A3031 RMK AO2 SLP262 T00061061,null
JFK,2023-12-20 4:51,32,20,60.81,320,16,0,30.31,1026.2,10,22,FEW,null,null,null,4000,null,null,null,null,null,null,null,null,null,null,20.42,KJFK 200451Z 32016G22KT 10SM FEW040 00/M07 A3031 RMK AO2 SLP262 T00001067 400670000,null
JFK,2023-12-20 5:51,31,19,60.67,320,19,0,30.3,1026,10,null,FEW,null,null,null,4300,null,null,null,null,null,null,null,null,null,null,18.11,KJFK 200551Z 32019KT 10SM FEW043 M01/M07 A3030 RMK AO2 SLP260 T10061072 10011 21006 50003,null
JFK,2023-12-20 6:51,30,18,60.53,310,15,0,30.3,1026.1,10,null,FEW,null,null,null,4400,null,null,null,null,null,null,null,null,null,null,18.19,KJFK 200651Z 31015KT 10SM FEW044 M01/M08 A3030 RMK AO2 SLP261 T10111078,null
JFK,2023-12-20 7:51,30,18,60.53,320,13,0,30.31,1026.4,10,null,CLR,null,null,null,null,null,null,null,null,null,null,null,null,null,null,19.01,KJFK 200751Z 32013KT 10SM CLR M01/M08 A3031 RMK AO2 SLP264 T10111078,null
JFK,2023-12-20 8:51,30,18,60.53,330,14,0,30.31,1026.4,10,null,CLR,null,null,null,null,null,null,null,null,null,null,null,null,null,null,18.58,KJFK 200851Z 33014KT 10SM CLR M01/M08 A3031 RMK AO2 SLP264 T10111078 51004,null
JFK,2023-12-20 9:51,29,18,63.05,340,8,0,30.33,1027.1,10,null,CLR,null,null,null,null,null,null,null,null,null,null,null,null,null,null,20.42,KJFK 200951Z 34008KT 10SM CLR M02/M08 A3033 RMK AO2 SLP271 T10171078,null
JFK,2023-12-20 10:51,29,18,63.05,330,10,0,30.35,1027.7,10,null,CLR,null,null,null,null,null,null,null,null,null,null,null,null,null,null,19.21,KJFK 201051Z 33010KT 10SM CLR M02/M08 A3035 RMK AO2 SLP277 T10171078,null
JFK,2023-12-20 11:51,30,18,60.53,340,8,0,30.37,1028.2,10,null,CLR,null,null,null,null,null,null,null,null,null,null,null,null,null,null,21.65,KJFK 201151Z 34008KT 10SM CLR M01/M08 A3037 RMK AO2 SLP282 T10111078 11006 21017 51018,null
JFK,2023-12-20 12:51,31,19,60.67,330,9,0,30.38,1028.7,10,null,FEW,null,null,null,25000,null,null,null,null,null,null,null,null,null,null,22.27,KJFK 201251Z 33009KT 10SM FEW250 M01/M07 A3038 RMK AO2 SLP287 T10061072,null
JFK,2023-12-20 13:51,33,20,58.41,350,14,0,30.39,1029,10,null,CLR,null,null,null,null,null,null,null,null,null,null,null,null,null,null,22.45,KJFK 201351Z 35014KT 10SM CLR 01/M07 A3039 RMK AO2 SLP290 T00061067,null
JFK,2023-12-20 14:51,35,20,53.93,340,12,0,30.39,1029,10,null,CLR,null,null,null,null,null,null,null,null,null,null,null,null,null,null,25.82,KJFK 201451Z 34012KT 10SM CLR 02/M07 A3039 RMK AO2 SLP290 T00171067 51008,null
JFK,2023-12-20 15:51,37,21,51.99,320,15,0,30.38,1028.6,10,19,CLR,null,null,null,null,null,null,null,null,null,null,null,null,null,null,27.26,KJFK 201551Z 32015G19KT 10SM CLR 03/M06 A3038 RMK AO2 SLP286 T00281061,null
JFK,2023-12-20 16:51,40,21,46.23,320,13,0,30.35,1027.6,10,null,CLR,null,null,null,null,null,null,null,null,null,null,null,null,null,null,31.82,KJFK 201651Z 32013KT 10SM CLR 04/M06 A3035 RMK AO2 SLP276 T00441061,null
JFK,2023-12-20 17:51,41,21,44.47,340,11,0,30.34,1027.3,10,null,CLR,null,null,null,null,null,null,null,null,null,null,null,null,null,null,33.84,KJFK 201751Z 34011KT 10SM CLR 05/M06 A3034 RMK AO2 SLP273 T00501061 10050 21017 57017,null
JFK,2023-12-20 18:51,43,21,41.17,350,10,0,30.33,1027,10,null,FEW,null,null,null,25000,null,null,null,null,null,null,null,null,null,null,36.76,KJFK 201851Z 35010KT 10SM FEW250 06/M06 A3033 RMK AO2 SLP270 T00611061,null
JFK,2023-12-20 19:51,43,21,41.17,340,10,0,30.34,1027.3,10,null,SCT,SCT,null,null,10000,25000,null,null,null,null,null,null,null,null,null,36.76,KJFK 201951Z 34010KT 10SM SCT100 SCT250 06/M06 A3034 RMK AO2 SLP273 T00611061,null
JFK,2023-12-20 20:51,43,22,42.95,330,9,0,30.35,1027.6,10,null,BKN,null,null,null,9000,null,null,null,null,null,null,null,null,null,null,37.19,KJFK 202051Z 33009KT 10SM BKN090 06/M06 A3035 RMK AO2 SLP276 T00611056 53003,null
JFK,2023-12-20 21:51,41,24,50.46,40,5,0,30.35,1027.6,10,null,FEW,BKN,null,null,7000,9000,null,null,null,null,null,null,null,null,null,37.08,KJFK 202151Z 04005KT 10SM FEW070 BKN090 05/M04 A3035 RMK AO2 SLP276 T00501044,null
JFK,2023-12-20 22:51,43,24,46.71,10,6,0,30.36,1027.9,10,null,OVC,null,null,null,9000,null,null,null,null,null,null,null,null,null,null,38.78,KJFK 202251Z 01006KT 10SM OVC090 06/M04 A3036 RMK AO2 SLP279 T00611044,null
JFK,2023-12-20 23:51,42,24,48.55,340,10,0,30.36,1028,10,null,BKN,null,null,null,9000,null,null,null,null,null,null,null,null,null,null,35.51,KJFK 202351Z 34010KT 10SM BKN090 06/M04 A3036 RMK AO2 SLP280 T00561044 10067 20050 52004,null
JFK,2023-12-21 0:51,40,25,54.69,330,13,0,30.37,1028.2,10,null,SCT,null,null,null,9000,null,null,null,null,null,null,null,null,null,null,31.82,KJFK 210051Z 33013KT 10SM SCT090 04/M04 A3037 RMK AO2 SLP282 T00441039,null
JFK,2023-12-21 1:51,39,26,59.27,330,13,0,30.36,1028,10,20,SCT,null,null,null,8000,null,null,null,null,null,null,null,null,null,null,30.54,KJFK 210151Z 33013G20KT 10SM SCT080 04/M03 A3036 RMK AO2 SLP280 T00391033,null
JFK,2023-12-21 2:51,38,26,61.64,340,12,0,30.37,1028.2,10,null,SCT,null,null,null,8000,null,null,null,null,null,null,null,null,null,null,29.64,KJFK 210251Z 34012KT 10SM SCT080 03/M03 A3037 RMK AO2 SLP282 T00331033 51003,null
JFK,2023-12-21 3:51,37,26,64.11,340,10,0,30.36,1028.1,10,null,FEW,null,null,null,8000,null,null,null,null,null,null,null,null,null,null,29.24,KJFK 210351Z 34010KT 10SM FEW080 03/M03 A3036 RMK AO2 SLP281 T00281033,null
JFK,2023-12-21 4:51,36,27,69.51,320,9,0,30.36,1028.1,10,null,FEW,null,null,null,8500,null,null,null,null,null,null,null,null,null,null,28.49,KJFK 210451Z 32009KT 10SM FEW085 02/M03 A3036 RMK AO2 SLP281 T00221028 400671017,null
JFK,2023-12-21 5:51,35,26,69.39,330,9,0,30.35,1027.7,10,null,FEW,null,null,null,8000,null,null,null,null,null,null,null,null,null,null,27.24,KJFK 210551Z 33009KT 10SM FEW080 02/M03 A3035 RMK AO2 SLP277 T00171033 10056 20017 58005,null
JFK,2023-12-21 6:51,35,26,69.39,330,9,0,30.36,1027.8,10,null,FEW,null,null,null,8000,null,null,null,null,null,null,null,null,null,null,27.24,KJFK 210651Z 33009KT 10SM FEW080 02/M03 A3036 RMK AO2 SLP278 T00171033,null
JFK,2023-12-21 7:51,34,26,72.22,320,7,0,30.37,1028.4,10,null,FEW,null,null,null,8500,null,null,null,null,null,null,null,null,null,null,27.22,KJFK 210751Z 32007KT 10SM FEW085 01/M03 A3037 RMK AO2 SLP284 T00111033,null
JFK,2023-12-21 8:51,33,26,75.17,330,7,0,30.38,1028.6,10,null,FEW,null,null,null,8500,null,null,null,null,null,null,null,null,null,null,26,KJFK 210851Z 33007KT 10SM FEW085 01/M03 A3038 RMK AO2 SLP286 T00061033 53009,null
JFK,2023-12-21 9:51,33,26,75.17,340,6,0,30.38,1028.6,10,null,FEW,null,null,null,8000,null,null,null,null,null,null,null,null,null,null,26.73,KJFK 210951Z 34006KT 10SM FEW080 01/M03 A3038 RMK AO2 SLP286 T00061033,null
JFK,2023-12-21 10:51,33,26,75.17,360,6,0,30.4,1029.3,10,null,SCT,SCT,null,null,8000,25000,null,null,null,null,null,null,null,null,null,26.73,KJFK 211051Z 36006KT 10SM SCT080 SCT250 01/M03 A3040 RMK AO2 SLP293 T00061033,null
JFK,2023-12-21 11:51,35,26,69.39,10,11,0,30.42,1030,10,null,FEW,FEW,FEW,null,3200,8000,25000,null,null,null,null,null,null,null,null,26.26,KJFK 211151Z 01011KT 10SM FEW032 FEW080 FEW250 02/M03 A3042 RMK AO2 SLP300 T00171033 10022 20000 53014,null
JFK,2023-12-21 12:51,35,25,66.57,10,9,0,30.44,1030.8,10,null,FEW,FEW,null,null,3500,25000,null,null,null,null,null,null,null,null,null,27.24,KJFK 211251Z 01009KT 10SM FEW035 FEW250 02/M04 A3044 RMK AO2 SLP308 T00171039,null
JFK,2023-12-21 13:51,37,25,61.5,360,14,0,30.45,1031,10,null,FEW,FEW,FEW,null,3500,11000,25000,null,null,null,null,null,null,null,null,27.61,KJFK 211351Z 36014KT 10SM FEW035 FEW110 FEW250 03/M04 A3045 RMK AO2 SLP310 T00281039,null
JFK,2023-12-21 14:51,38,24,56.71,360,17,0,30.45,1031,10,null,FEW,FEW,FEW,null,4000,11000,25000,null,null,null,null,null,null,null,null,27.94,KJFK 211451Z 36017KT 10SM FEW040 FEW110 FEW250 03/M04 A3045 RMK AO2 SLP310 T00331044 51010,null
JFK,2023-12-21 15:51,40,22,48.22,10,15,0,30.44,1030.6,10,null,FEW,FEW,null,null,4600,25000,null,null,null,null,null,null,null,null,null,31.15,KJFK 211551Z 01015KT 10SM FEW046 FEW250 04/M06 A3044 RMK AO2 SLP306 T00441056,null
JFK,2023-12-21 16:51,41,23,48.39,360,16,0,30.41,1029.8,10,22,FEW,FEW,null,null,4800,25000,null,null,null,null,null,null,null,null,null,32.15,KJFK 211651Z 36016G22KT 10SM FEW048 FEW250 05/M05 A3041 RMK AO2 SLP298 T00501050,null
JFK,2023-12-21 17:51,41,22,46.39,350,16,0,30.4,1029.4,10,21,FEW,null,null,null,25000,null,null,null,null,null,null,null,null,null,null,32.15,KJFK 211751Z 35016G21KT 10SM FEW250 05/M06 A3040 RMK AO2 SLP294 T00501056 10056 20017 56016,null
JFK,2023-12-21 18:51,41,19,40.83,340,17,0,30.39,1029.2,10,null,FEW,null,null,null,25000,null,null,null,null,null,null,null,26,330,2023-12-21 18:22,31.87,KJFK 211851Z 34017KT 10SM FEW250 05/M07 A3039 RMK AO2 PK WND 33026/1822 SLP292 T00501072,null
JFK,2023-12-21 19:51,40,16,37.3,340,17,0,30.39,1029.2,10,25,FEW,null,null,null,25000,null,null,null,null,null,null,null,null,null,null,30.56,KJFK 211951Z 34017G25KT 10SM FEW250 04/M09 A3039 RMK AO2 SLP292 T00441089,null
JFK,2023-12-21 20:51,39,15,37.13,360,15,0,30.4,1029.3,10,null,FEW,null,null,null,25000,null,null,null,null,null,null,null,null,null,null,29.85,KJFK 212051Z 36015KT 10SM FEW250 04/M09 A3040 RMK AO2 SLP293 T00391094 55001,null
JFK,2023-12-21 21:51,37,14,38.44,350,15,0,30.41,1029.7,10,null,FEW,null,null,null,25000,null,null,null,null,null,null,null,null,null,null,27.26,KJFK 212151Z 35015KT 10SM FEW250 03/M10 A3041 RMK AO2 SLP297 T00281100,null
JFK,2023-12-21 22:51,36,15,41.78,360,17,0,30.42,1029.9,10,22,FEW,null,null,null,25000,null,null,null,null,null,null,null,null,null,null,25.32,KJFK 212251Z 36017G22KT 10SM FEW250 02/M09 A3042 RMK AO2 SLP299 T00221094,null
JFK,2023-12-21 23:51,34,14,43.3,360,11,0,30.43,1030.3,10,null,FEW,null,null,null,25000,null,null,null,null,null,null,null,null,null,null,24.99,KJFK 212351Z 36011KT 10SM FEW250 01/M10 A3043 RMK AO2 SLP303 T00111100 10056 20011 51010,null
JFK,2023-12-22 0:51,33,8,34.51,10,12,0,30.44,1030.6,10,20,FEW,null,null,null,25000,null,null,null,null,null,null,null,null,null,null,23.27,KJFK 220051Z 01012G20KT 10SM FEW250 01/M13 A3044 RMK AO2 SLP306 T00061133,null
JFK,2023-12-22 1:51,32,8,35.93,10,10,0,30.45,1031,10,null,FEW,null,null,null,25000,null,null,null,null,null,null,null,null,null,null,22.97,KJFK 220151Z 01010KT 10SM FEW250 00/M13 A3045 RMK AO2 SLP310 T00001133,null
JFK,2023-12-22 2:51,31,7,35.76,10,11,0,30.46,1031.4,10,null,FEW,null,null,null,25000,null,null,null,null,null,null,null,null,null,null,21.2,KJFK 220251Z 01011KT 10SM FEW250 M01/M14 A3046 RMK AO2 SLP314 T10061139 53011,null
JFK,2023-12-22 3:51,29,7,38.79,10,9,0,30.46,1031.4,10,null,FEW,null,null,null,25000,null,null,null,null,null,null,null,null,null,null,19.78,KJFK 220351Z 01009KT 10SM FEW250 M02/M14 A3046 RMK AO2 SLP314 T10171139,null
JFK,2023-12-22 4:51,29,7,38.79,360,10,0,30.45,1031.2,10,null,FEW,null,null,null,25000,null,null,null,null,null,null,null,null,null,null,19.21,KJFK 220451Z 36010KT 10SM FEW250 M02/M14 A3045 RMK AO2 SLP312 T10171139 400561017,null
JFK,2023-12-22 5:51,28,8,42.28,10,6,0,30.45,1031.2,10,null,FEW,null,null,null,25000,null,null,null,null,null,null,null,null,null,null,20.71,KJFK 220551Z 01006KT 10SM FEW250 M02/M13 A3045 RMK AO2 SLP312 T10221133 10011 21022 58002,null
JFK,2023-12-22 6:51,27,10,48.2,10,5,0,30.46,1031.4,10,null,FEW,null,null,null,25000,null,null,null,null,null,null,null,null,null,null,20.46,KJFK 220651Z 01005KT 10SM FEW250 M03/M12 A3046 RMK AO2 SLP314 T10281122,null
JFK,2023-12-22 7:51,27,10,48.2,10,5,0,30.46,1031.5,10,null,FEW,null,null,null,25000,null,null,null,null,null,null,null,null,null,null,20.46,KJFK 220751Z 01005KT 10SM FEW250 M03/M12 A3046 RMK AO2 SLP315 T10281122,null
JFK,2023-12-22 8:51,27,12,52.68,10,5,0,30.46,1031.5,10,null,FEW,null,null,null,25000,null,null,null,null,null,null,null,null,null,null,20.46,KJFK 220851Z 01005KT 10SM FEW250 M03/M11 A3046 RMK AO2 SLP315 T10281111 50003,null
JFK,2023-12-22 9:51,26,11,52.52,10,7,0,30.46,1031.5,10,null,FEW,null,null,null,25000,null,null,null,null,null,null,null,null,null,null,17.47,KJFK 220951Z 01007KT 10SM FEW250 M03/M12 A3046 RMK AO2 SLP315 T10331117,null
JFK,2023-12-22 10:51,26,11,52.52,10,6,0,30.47,1031.7,10,null,FEW,null,null,null,25000,null,null,null,null,null,null,null,null,null,null,18.3,KJFK 221051Z 01006KT 10SM FEW250 M03/M12 A3047 RMK AO2 SLP317 T10331117,null
JFK,2023-12-22 11:51,26,12,54.9,10,5,0,30.49,1032.4,10,null,BKN,null,null,null,23000,null,null,null,null,null,null,null,null,null,null,19.27,KJFK 221151Z 01005KT 10SM BKN230 M03/M11 A3049 RMK AO2 SLP324 T10331111 11022 21039 53009,null
JFK,2023-12-22 12:51,26,13,57.38,360,5,0,30.49,1032.5,10,null,FEW,BKN,null,null,21000,25000,null,null,null,null,null,null,null,null,null,19.27,KJFK 221251Z 36005KT 10SM FEW210 BKN250 M03/M11 A3049 RMK AO2 SLP325 T10331106,null
JFK,2023-12-22 13:51,27,14,57.53,350,7,0,30.51,1033,10,null,BKN,null,null,null,25000,null,null,null,null,null,null,null,null,null,null,18.68,KJFK 221351Z 35007KT 10SM BKN250 M03/M10 A3051 RMK AO2 SLP330 T10281100,null
JFK,2023-12-22 14:51,29,14,53,360,6,0,30.52,1033.3,10,null,FEW,BKN,null,null,18000,25000,null,null,null,null,null,null,null,null,null,21.92,KJFK 221451Z 36006KT 10SM FEW180 BKN250 M02/M10 A3052 RMK AO2 SLP333 T10171100 53009,null
JFK,2023-12-22 15:51,31,14,48.85,340,6,0,30.51,1032.9,10,null,FEW,BKN,null,null,18000,25000,null,null,null,null,null,null,null,null,null,24.33,KJFK 221551Z 34006KT 10SM FEW180 BKN250 M01/M10 A3051 RMK AO2 SLP329 T10061100,null
JFK,2023-12-22 16:51,33,13,43.13,360,3,0,30.48,1032,10,null,FEW,SCT,null,null,18000,25000,null,null,null,null,null,null,null,null,null,29.83,KJFK 221651Z 36003KT 10SM FEW180 SCT250 01/M11 A3048 RMK AO2 SLP320 T00061106,null
JFK,2023-12-22 17:51,36,12,36.62,0,0,0,30.46,1031.3,10,null,FEW,SCT,null,null,16000,25000,null,null,null,null,null,null,null,null,null,36,KJFK 221751Z 00000KT 10SM FEW160 SCT250 02/M11 A3046 RMK AO2 SLP313 T00221111 10028 21039 58020,null
JFK,2023-12-22 18:51,38,8,28.3,0,0,0,30.45,1031,10,null,FEW,BKN,null,null,16000,25000,null,null,null,null,null,null,null,null,null,38,KJFK 221851Z 00000KT 10SM FEW160 BKN250 03/M13 A3045 RMK AO2 SLP310 T00331133,null
JFK,2023-12-22 19:51,40,11,29.94,0,0,0,30.45,1030.9,10,null,FEW,BKN,null,null,16000,23000,null,null,null,null,null,null,null,null,null,40,KJFK 221951Z 00000KT 10SM FEW160 BKN230 04/M12 A3045 RMK AO2 SLP309 T00441117,null
JFK,2023-12-22 20:51,36,15,41.78,220,4,0,30.46,1031.4,10,null,FEW,SCT,null,null,16000,25000,null,null,null,null,null,null,null,null,null,32.09,KJFK 222051Z 22004KT 10SM FEW160 SCT250 02/M09 A3046 RMK AO2 SLP314 T00221094 53001,null
JFK,2023-12-22 21:51,33,19,55.97,230,5,0,30.47,1031.7,10,null,FEW,FEW,SCT,null,8000,16000,25000,null,null,null,null,null,null,null,null,27.58,KJFK 222151Z 23005KT 10SM FEW080 FEW160 SCT250 01/M07 A3047 RMK AO2 SLP317 T00061072,null
JFK,2023-12-22 22:51,32,21,63.45,240,4,0,30.47,1031.8,10,null,FEW,FEW,SCT,null,8000,16000,25000,null,null,null,null,null,null,null,null,27.42,KJFK 222251Z 24004KT 10SM FEW080 FEW160 SCT250 00/M06 A3047 RMK AO2 SLP318 T00001061,null
JFK,2023-12-22 23:51,35,21,56.27,0,0,0,30.48,1032.1,10,null,FEW,FEW,SCT,null,8000,16000,25000,null,null,null,null,null,null,null,null,35,KJFK 222351Z 00000KT 10SM FEW080 FEW160 SCT250 02/M06 A3048 RMK AO2 SLP321 T00171061 10044 21011 52008,null
JFK,2023-12-23 0:51,33,21,60.95,0,0,0,30.49,1032.5,10,null,SCT,SCT,null,null,7000,25000,null,null,null,null,null,null,null,null,null,33,KJFK 230051Z 00000KT 10SM SCT070 SCT250 01/M06 A3049 RMK AO2 SLP325 T00061061,null
JFK,2023-12-23 1:51,33,22,63.59,80,4,0,30.49,1032.5,10,null,FEW,BKN,null,null,7000,25000,null,null,null,null,null,null,null,null,null,28.59,KJFK 230151Z 08004KT 10SM FEW070 BKN250 01/M06 A3049 RMK AO2 SLP325 T00061056,null
JFK,2023-12-23 2:51,32,20,60.81,60,3,0,30.5,1032.8,10,null,BKN,BKN,null,null,8000,25000,null,null,null,null,null,null,null,null,null,28.69,KJFK 230251Z 06003KT 10SM BKN080 BKN250 00/M07 A3050 RMK AO2 SLP328 T00001067 52007,null
JFK,2023-12-23 3:51,30,19,63.18,40,4,0,30.5,1032.7,10,null,SCT,BKN,null,null,8000,25000,null,null,null,null,null,null,null,null,null,25.08,KJFK 230351Z 04004KT 10SM SCT080 BKN250 M01/M07 A3050 RMK AO2 SLP327 T10111072,null
JFK,2023-12-23 4:51,29,18,63.05,60,4,0,30.5,1032.6,10,null,SCT,BKN,null,null,8000,25000,null,null,null,null,null,null,null,null,null,23.92,KJFK 230451Z 06004KT 10SM SCT080 BKN250 M02/M08 A3050 RMK AO2 SLP326 T10171078 400441039,null
JFK,2023-12-23 5:51,28,17,62.91,60,5,0,30.49,1032.5,10,null,BKN,BKN,null,null,8500,25000,null,null,null,null,null,null,null,null,null,21.64,KJFK 230551Z 06005KT 10SM BKN085 BKN250 M02/M08 A3049 RMK AO2 SLP325 T10221083 10017 21022 58003,null
JFK,2023-12-23 6:51,30,18,60.53,50,4,0,30.49,1032.4,10,null,BKN,BKN,null,null,8500,25000,null,null,null,null,null,null,null,null,null,25.08,KJFK 230651Z 05004KT 10SM BKN085 BKN250 M01/M08 A3049 RMK AO2 SLP324 T10111078,null
JFK,2023-12-23 7:51,30,18,60.53,50,5,0,30.49,1032.4,10,null,BKN,BKN,null,null,8500,25000,null,null,null,null,null,null,null,null,null,24.02,KJFK 230751Z 05005KT 10SM BKN085 BKN250 M01/M08 A3049 RMK AO2 SLP324 T10111078,null
JFK,2023-12-23 8:51,31,18,58.12,60,5,0,30.48,1032.2,10,null,BKN,BKN,null,null,8000,25000,null,null,null,null,null,null,null,null,null,25.21,KJFK 230851Z 06005KT 10SM BKN080 BKN250 M01/M08 A3048 RMK AO2 SLP322 T10061078 58003,null
JFK,2023-12-23 9:51,31,17,55.67,60,4,0,30.49,1032.5,10,null,BKN,BKN,null,null,8000,25000,null,null,null,null,null,null,null,null,null,26.25,KJFK 230951Z 06004KT 10SM BKN080 BKN250 M01/M08 A3049 RMK AO2 SLP325 T10061083,null
JFK,2023-12-23 10:51,31,15,51.04,50,4,0,30.5,1032.8,10,null,FEW,SCT,null,null,8000,25000,null,null,null,null,null,null,null,null,null,26.25,KJFK 231051Z 05004KT 10SM FEW080 SCT250 M01/M09 A3050 RMK AO2 SLP328 T10061094,null
JFK,2023-12-23 11:51,30,16,55.52,40,5,0,30.51,1033.1,10,null,FEW,SCT,SCT,null,5000,13000,25000,null,null,null,null,null,null,null,null,24.02,KJFK 231151Z 04005KT 10SM FEW050 SCT130 SCT250 M01/M09 A3051 RMK AO2 SLP331 T10111089 10000 21022 53009,null
JFK,2023-12-23 12:51,33,19,55.97,50,4,0,30.51,1033.2,10,null,BKN,BKN,null,null,10000,25000,null,null,null,null,null,null,null,null,null,28.59,KJFK 231251Z 05004KT 10SM BKN100 BKN250 01/M07 A3051 RMK AO2 SLP332 T00061072,null
JFK,2023-12-23 13:51,35,18,49.5,60,5,0,30.52,1033.4,10,null,BKN,BKN,null,null,10000,25000,null,null,null,null,null,null,null,null,null,29.96,KJFK 231351Z 06005KT 10SM BKN100 BKN250 02/M08 A3052 RMK AO2 SLP334 T00171078,null
JFK,2023-12-23 14:51,37,17,43.8,50,3,0,30.52,1033.4,10,null,BKN,BKN,BKN,null,8500,10000,25000,null,null,null,null,null,null,null,null,34.4,KJFK 231451Z 05003KT 10SM BKN085 BKN100 BKN250 03/M08 A3052 RMK AO2 SLP334 T00281083 51003,null
JFK,2023-12-23 15:51,39,16,38.78,60,5,0,30.51,1032.9,10,null,FEW,BKN,BKN,null,5000,10000,25000,null,null,null,null,null,null,null,null,34.71,KJFK 231551Z 06005KT 10SM FEW050 BKN100 BKN250 04/M09 A3051 RMK AO2 SLP329 T00391089,null
JFK,2023-12-23 16:51,41,24,50.46,50,4,0,30.49,1032.3,10,null,FEW,BKN,OVC,null,8000,11000,25000,null,null,null,null,null,null,null,null,37.93,KJFK 231651Z 05004KT 10SM FEW080 BKN110 OVC250 05/M04 A3049 RMK AO2 SLP323 T00501044,null
JFK,2023-12-23 17:51,43,29,57.44,100,5,0,30.47,1031.7,10,null,FEW,BKN,BKN,null,3500,11000,25000,null,null,null,null,null,null,null,null,39.46,KJFK 231751Z 10005KT 10SM FEW035 BKN110 BKN250 06/M02 A3047 RMK AO2 SLP317 T00611017 10061 21011 58017,null
JFK,2023-12-23 18:51,42,32,67.42,100,6,0,30.46,1031.2,10,null,FEW,BKN,BKN,null,3000,11000,25000,null,null,null,null,null,null,null,null,37.57,KJFK 231851Z 10006KT 10SM FEW030 BKN110 BKN250 06/00 A3046 RMK AO2 SLP312 T00560000,null
JFK,2023-12-23 19:51,42,32,67.42,100,5,0,30.45,1031.1,10,null,FEW,OVC,null,null,5000,10000,null,null,null,null,null,null,null,null,null,38.27,KJFK 231951Z 10005KT 10SM FEW050 OVC100 06/00 A3045 RMK AO2 SLP311 T00560000,null
JFK,2023-12-23 20:51,42,33,70.19,90,3,0,30.46,1031.4,10,null,FEW,OVC,null,null,5000,8500,null,null,null,null,null,null,null,null,null,40.12,KJFK 232051Z 09003KT 10SM FEW050 OVC085 06/01 A3046 RMK AO2 SLP314 T00560006 55003,null
JFK,2023-12-23 21:51,42,33,70.19,50,3,0,30.46,1031.5,10,null,FEW,OVC,null,null,5000,9000,null,null,null,null,null,null,null,null,null,40.12,KJFK 232151Z 05003KT 10SM FEW050 OVC090 06/01 A3046 RMK AO2 SLP315 T00560006,null
JFK,2023-12-23 22:51,41,32,70.08,50,7,0,30.46,1031.3,10,null,FEW,OVC,null,null,5000,10000,null,null,null,null,null,null,null,null,null,35.75,KJFK 232251Z 05007KT 10SM FEW050 OVC100 05/00 A3046 RMK AO2 SLP313 T00500000,null
JFK,2023-12-23 23:51,41,32,70.08,40,6,0,30.46,1031.5,10,null,FEW,BKN,BKN,null,5000,12000,25000,null,null,null,null,null,null,null,null,36.37,KJFK 232351Z 04006KT 10SM FEW050 BKN120 BKN250 05/00 A3046 RMK AO2 SLP315 T00500000 10061 20050 53001,null
JFK,2023-12-24 0:51,39,31,72.75,30,5,0,30.46,1031.4,10,null,FEW,BKN,BKN,BKN,5000,13000,18000,25000,null,null,null,null,null,null,null,34.71,KJFK 240051Z 03005KT 10SM FEW050 BKN130 BKN180 BKN250 04/M01 A3046 RMK AO2 SLP314 T00391006,null
JFK,2023-12-24 1:51,39,33,78.86,40,5,0,30.46,1031.2,10,null,FEW,BKN,BKN,OVC,5000,13000,18000,25000,null,null,null,null,null,null,null,34.71,KJFK 240151Z 04005KT 10SM FEW050 BKN130 BKN180 OVC250 04/01 A3046 RMK AO2 SLP312 T00390006,null
JFK,2023-12-24 2:51,40,34,78.94,20,6,0,30.46,1031.3,10,null,FEW,FEW,BKN,OVC,2000,5000,13000,25000,null,null,null,null,null,null,null,35.17,KJFK 240251Z 02006KT 10SM FEW020 FEW050 BKN130 OVC250 04/01 A3046 RMK AO2 SLP313 T00440011 56002,null
JFK,2023-12-24 3:51,40,34,78.94,40,5,0,30.45,1031,10,null,SCT,BKN,BKN,null,2000,12000,25000,null,null,null,null,null,null,null,null,35.9,KJFK 240351Z 04005KT 10SM SCT020 BKN120 BKN250 04/01 A3045 RMK AO2 SLP310 T00440011,null
JFK,2023-12-24 4:51,40,35,82.15,360,5,0,30.44,1030.7,10,null,FEW,BKN,null,null,3000,11000,null,null,null,null,null,null,null,null,null,35.9,KJFK 240451Z 36005KT 10SM FEW030 BKN110 04/02 A3044 RMK AO2 SLP307 T00440017 400611022,null
JFK,2023-12-24 5:51,41,35,79.02,40,5,0,30.43,1030.3,10,null,FEW,BKN,OVC,null,4000,7500,9000,null,null,null,null,null,null,null,null,37.08,KJFK 240551Z 04005KT 10SM FEW040 BKN075 OVC090 05/02 A3043 RMK AO2 SLP303 T00500017 10050 20039 58010,null
JFK,2023-12-24 6:51,40,36,85.48,60,5,T,30.42,1030.1,10,null,BKN,OVC,null,null,6500,8000,null,null,#NAME?,null,null,null,null,null,null,35.9,KJFK 240651Z 06005KT 10SM -RA BKN065 OVC080 04/02 A3042 RMK AO2 RAB06 SLP301 P0000 T00440022,null
JFK,2023-12-24 7:51,40,37,88.92,40,5,T,30.42,1030,10,null,FEW,BKN,OVC,null,5500,7000,9000,null,null,null,null,null,null,null,null,35.9,KJFK 240751Z 04005KT 10SM FEW055 BKN070 OVC090 04/03 A3042 RMK AO2 RAE50 SLP300 P0000 T00440028,null
JFK,2023-12-24 8:51,40,38,92.49,330,4,T,30.42,1030,10,null,BKN,OVC,null,null,9500,18000,null,null,null,null,null,null,null,null,null,36.76,KJFK 240851Z 33004KT 10SM BKN095 OVC180 04/03 A3042 RMK AO2 RAB13E23 SLP300 P0000 60000 T00440033 55002,null
JFK,2023-12-24 9:51,40,38,92.49,40,5,T,30.41,1029.7,10,null,FEW,BKN,null,null,6500,8500,null,null,null,null,null,null,null,null,null,35.9,KJFK 240951Z 04005KT 10SM FEW065 BKN085 04/03 A3041 RMK AO2 RAB25E49 SLP297 P0000 T00440033,null
JFK,2023-12-24 10:51,41,39,92.52,10,6,T,30.42,1030,9,null,BKN,BKN,OVC,null,6500,8000,9000,null,#NAME?,null,null,null,null,null,null,36.37,KJFK 241051Z 01006KT 9SM -RA BKN065 BKN080 OVC090 05/04 A3042 RMK AO2 RAB40 SLP300 P0000 T00500039,null
JFK,2023-12-24 11:51,40,39,96.18,10,5,0.02,30.42,1030,10,null,FEW,BKN,BKN,BKN,6000,8000,10000,25000,null,null,null,null,null,null,null,35.9,KJFK 241151Z 01005KT 10SM FEW060 BKN080 BKN100 BKN250 04/04 A3042 RMK AO2 RAE37 SLP300 P0002 60002 70002 T00440039 10050 20044 55000,null
JFK,2023-12-24 12:51,40,39,96.18,350,5,T,30.42,1030.2,9,null,FEW,BKN,BKN,BKN,6500,8000,10000,25000,null,null,null,null,null,null,null,35.9,KJFK 241251Z 35005KT 9SM FEW065 BKN080 BKN100 BKN250 04/04 A3042 RMK AO2 RAB18E41 SLP302 P0000 T00440039,null
JFK,2023-12-24 13:51,43,41,92.58,0,0,0,30.43,1030.5,9,null,FEW,SCT,BKN,BKN,2000,8000,10000,25000,null,null,null,null,null,null,null,43,KJFK 241351Z 00000KT 9SM FEW020 SCT080 BKN100 BKN250 06/05 A3043 RMK AO2 SLP305 T00610050,null
JFK,2023-12-24 14:38,44,40,85.71,320,4,0,30.45,null,10,null,BKN,BKN,null,null,1000,10000,null,null,null,null,null,null,null,null,null,41.43,KJFK 241438Z 32004KT 10SM BKN010 BKN100 07/04 A3045 RMK AO2 T00670044,null
JFK,2023-12-24 14:51,44,40,85.71,20,4,0,30.45,1031.1,10,null,BKN,BKN,null,null,1000,10000,null,null,null,null,null,null,null,null,null,41.43,KJFK 241451Z 02004KT 10SM BKN010 BKN100 07/04 A3045 RMK AO2 SLP311 60000 T00670044 53011,null
JFK,2023-12-24 15:06,45,41,85.77,360,3,0,30.45,null,10,null,OVC,null,null,null,900,null,null,null,null,null,null,null,null,null,null,43.55,KJFK 241506Z 36003KT 10SM OVC009 07/05 A3045 RMK AO2 T00720050,null
JFK,2023-12-24 15:51,45,41,85.77,0,0,0,30.45,1030.9,10,null,BKN,OVC,null,null,900,10000,null,null,null,null,null,null,null,null,null,45,KJFK 241551Z 00000KT 10SM BKN009 OVC100 07/05 A3045 RMK AO2 SLP309 T00720050,null
JFK,2023-12-24 16:49,46.4,42.8,87.19,0,0,0,30.42,null,10,null,SCT,BKN,BKN,null,1100,6000,10000,null,null,null,null,null,null,null,null,46.4,KJFK 241649Z 00000KT 10SM SCT011 BKN060 BKN100 08/06 A3042 RMK AO2 FIBI (ML) IEM_GHCNH,null
JFK,2023-12-24 16:51,47,42,82.65,0,0,0,30.42,1030,10,null,SCT,BKN,BKN,null,1100,6000,10000,null,null,null,null,null,null,null,null,47,KJFK 241651Z 00000KT 10SM SCT011 BKN060 BKN100 08/06 A3042 RMK AO2 SLP300 T00830056,null
JFK,2023-12-24 17:04,47,42,82.65,0,0,0,30.41,null,10,null,SCT,BKN,BKN,null,900,6000,10000,null,null,null,null,null,null,null,null,47,KJFK 241704Z 00000KT 10SM SCT009 BKN060 BKN100 08/06 A3041 RMK AO2 T00830056,null
JFK,2023-12-24 17:51,48,43,82.72,0,0,0,30.4,1029.3,10,null,FEW,BKN,BKN,null,900,6000,10000,null,null,null,null,null,null,null,null,48,KJFK 241751Z 00000KT 10SM FEW009 BKN060 BKN100 09/06 A3040 RMK AO2 SLP293 60000 T00890061 10089 20044 58018,null
JFK,2023-12-24 18:51,48,43,82.72,null,3,0,30.39,1029.1,10,null,FEW,BKN,OVC,null,900,7000,9500,null,null,null,null,null,null,null,null,46.98,KJFK 241851Z VRB03KT 10SM FEW009 BKN070 OVC095 09/06 A3039 RMK AO2 SLP291 T00890061,null
JFK,2023-12-24 19:51,47,43,85.89,210,4,0,30.39,1029,9,null,FEW,BKN,OVC,null,900,6000,9500,null,null,null,null,null,null,null,null,44.94,KJFK 241951Z 21004KT 9SM FEW009 BKN060 OVC095 08/06 A3039 RMK AO2 SLP290 T00830061,null
JFK,2023-12-24 20:51,46,42,85.83,250,5,0,30.39,1029,10,null,FEW,SCT,OVC,null,900,6000,9500,null,null,null,null,null,null,null,null,43.02,KJFK 242051Z 25005KT 10SM FEW009 SCT060 OVC095 08/06 A3039 RMK AO2 SLP290 T00780056 55003,null
JFK,2023-12-24 21:51,46,41,82.58,0,0,0,30.4,1029.3,10,null,FEW,BKN,OVC,null,900,5000,9500,null,null,null,null,null,null,null,null,46,KJFK 242151Z 00000KT 10SM FEW009 BKN050 OVC095 08/05 A3040 RMK AO2 SLP293 T00780050,null
JFK,2023-12-24 22:51,45,41,85.77,0,0,0,30.41,1029.5,10,null,BKN,OVC,null,null,5500,9500,null,null,null,null,null,null,null,null,null,45,KJFK 242251Z 00000KT 10SM BKN055 OVC095 07/05 A3041 RMK AO2 SLP295 T00720050,null
JFK,2023-12-24 23:51,44,40,85.71,150,3,0,30.41,1029.6,10,null,BKN,OVC,null,null,5000,10000,null,null,null,null,null,null,null,null,null,42.41,KJFK 242351Z 15003KT 10SM BKN050 OVC100 07/04 A3041 RMK AO2 SLP296 T00670044 10089 20067 51006,null
JFK,2023-12-25 0:51,45,40,82.51,90,4,0,30.41,1029.7,10,null,SCT,OVC,null,null,5000,10000,null,null,null,null,null,null,null,null,null,42.6,KJFK 250051Z 09004KT 10SM SCT050 OVC100 07/04 A3041 RMK AO2 SLP297 T00720044,null
JFK,2023-12-25 1:51,46,41,82.58,0,0,0,30.41,1029.8,10,null,BKN,BKN,null,null,4800,10000,null,null,null,null,null,null,null,null,null,46,KJFK 250151Z 00000KT 10SM BKN048 BKN100 08/05 A3041 RMK AO2 SLP298 T00780050,null
JFK,2023-12-25 2:51,44,40,85.71,0,0,0,30.42,1029.9,10,null,SCT,BKN,null,null,4800,10000,null,null,null,null,null,null,null,null,null,44,KJFK 250251Z 00000KT 10SM SCT048 BKN100 07/04 A3042 RMK AO2 SLP299 T00670044 52003,null
JFK,2023-12-25 3:51,43,41,92.58,0,0,0,30.42,1029.9,9,null,FEW,OVC,null,null,4800,10000,null,null,null,null,null,null,null,null,null,43,KJFK 250351Z 00000KT 9SM FEW048 OVC100 06/05 A3042 RMK AO2 SLP299 T00610050,null
JFK,2023-12-25 4:51,42,40,92.55,0,0,0,30.41,1029.6,8,null,BKN,OVC,null,null,4800,10000,null,null,null,null,null,null,null,null,null,42,KJFK 250451Z 00000KT 8SM BKN048 OVC100 06/04 A3041 RMK AO2 SLP296 T00560044 400890044,null
JFK,2023-12-25 5:51,41,40,96.19,0,0,0,30.41,1029.6,7,null,BKN,OVC,null,null,4600,9500,null,null,null,null,null,null,null,null,null,41,KJFK 250551Z 00000KT 7SM BKN046 OVC095 05/04 A3041 RMK AO2 SLP296 T00500044 10078 20044 58003,null
JFK,2023-12-25 6:51,40,39,96.18,80,3,0,30.41,1029.8,7,null,BKN,null,null,null,9500,null,null,null,null,null,null,null,null,null,null,37.83,KJFK 250651Z 08003KT 7SM BKN095 04/04 A3041 RMK AO2 SLP298 T00440039,null
JFK,2023-12-25 7:51,40,40,100,360,3,0,30.42,1030.1,7,null,FEW,BKN,null,null,4000,9000,null,null,null,null,null,null,null,null,null,37.83,KJFK 250751Z 36003KT 7SM FEW040 BKN090 04/04 A3042 RMK AO2 SLP301 T00440044,null
JFK,2023-12-25 8:51,41,40,96.19,20,3,0,30.42,1030,7,null,FEW,BKN,null,null,4200,9000,null,null,null,null,null,null,null,null,null,38.98,KJFK 250851Z 02003KT 7SM FEW042 BKN090 05/04 A3042 RMK AO2 SLP300 T00500044 50005,null
JFK,2023-12-25 9:49,39.2,39.2,100,10,4,0,30.42,null,7,null,BKN,BKN,null,null,1400,8500,null,null,null,null,null,null,null,null,null,35.83,KJFK 250949Z 01004KT 7SM BKN014 BKN085 04/04 A3042 RMK AO2 FIBI (RM) IEM_GHCNH,null
JFK,2023-12-25 9:51,40,40,100,360,4,0,30.42,1030.2,7,null,BKN,BKN,null,null,1400,8500,null,null,null,null,null,null,null,null,null,36.76,KJFK 250951Z 36004KT 7SM BKN014 BKN085 04/04 A3042 RMK AO2 SLP302 T00440044,null
JFK,2023-12-25 9:58,41,40,96.19,360,4,0,30.42,null,8,null,FEW,OVC,null,null,1400,8500,null,null,null,null,null,null,null,null,null,37.93,KJFK 250958Z 36004KT 8SM FEW014 OVC085 05/04 A3042 RMK AO2 T00500044,null
JFK,2023-12-25 10:51,40,39,96.18,360,5,0,30.42,1030,5,null,FEW,BKN,null,null,2200,8500,null,null,BR,null,null,null,null,null,null,35.9,KJFK 251051Z 36005KT 5SM BR FEW022 BKN085 04/04 A3042 RMK AO2 SLP300 T00440039,null
JFK,2023-12-25 11:51,40,40,100,60,5,0,30.44,1030.6,8,null,BKN,null,null,null,9000,null,null,null,null,null,null,null,null,null,null,35.9,KJFK 251151Z 06005KT 8SM BKN090 04/04 A3044 RMK AO2 SLP306 T00440044 10056 20039 53005,null
JFK,2023-12-25 12:31,39,39,100,50,6,0,30.44,null,6,null,FEW,OVC,null,null,200,9000,null,null,BR,null,null,null,null,null,null,33.96,KJFK 251231Z COR 05006KT 6SM BR FEW002 OVC090 04/04 A3044 RMK AO2 T00390039,null
JFK,2023-12-25 12:51,40,40,100,30,5,0,30.44,1030.8,5,null,FEW,BKN,null,null,200,9000,null,null,BR,null,null,null,null,null,null,35.9,KJFK 251251Z 03005KT 5SM BR FEW002 BKN090 04/04 A3044 RMK AO2 SLP308 T00440044,null
JFK,2023-12-25 13:51,42,41,96.21,20,5,0,30.45,1031.1,4,null,FEW,BKN,null,null,200,9000,null,null,BR,null,null,null,null,null,null,38.27,KJFK 251351Z 02005KT 4SM BR FEW002 BKN090 06/05 A3045 RMK AO2 SLP311 VIS SE-S 2 1/2 T00560050,null
JFK,2023-12-25 14:20,42,42,100,30,5,0,30.46,null,2.5,null,SCT,SCT,null,null,400,9000,null,null,BR,null,null,null,null,null,null,38.27,KJFK 251420Z 03005KT 2 1/2SM BR SCT004 SCT090 06/06 A3046 RMK AO2 SFC VIS 3 T00560056,null
JFK,2023-12-25 14:27,42,42,100,40,5,0,30.47,null,2.5,null,BKN,BKN,null,null,400,9000,null,null,BR,null,null,null,null,null,null,38.27,KJFK 251427Z 04005KT 2 1/2SM BR BKN004 BKN090 06/06 A3047 RMK AO2 SFC VIS 3 T00560056,null
JFK,2023-12-25 14:45,42.8,42.8,100,20,4,0,30.48,null,2.5,null,SCT,BKN,null,null,300,1100,null,null,BR,null,null,null,null,null,null,40.03,KJFK 251445Z 02004KT 2 1/2SM BR SCT003 BKN011 06/06 A3048 RMK AO2 SFC VIS 3,null
JFK,2023-12-25 14:51,44,44,100,10,4,0,30.48,1032,2.5,null,SCT,BKN,null,null,300,1100,null,null,BR,null,null,null,null,null,null,41.43,KJFK 251451Z 01004KT 2 1/2SM BR SCT003 BKN011 07/07 A3048 RMK AO2 SFC VIS 3 SLP320 T00670067 53014,null
JFK,2023-12-25 15:37,45,44,96.26,70,6,0,30.47,null,2.5,null,BKN,BKN,null,null,500,1100,null,null,BR,null,null,null,null,null,null,41.19,KJFK 251537Z 07006KT 2 1/2SM BR BKN005 BKN011 07/07 A3047 RMK AO2 SFC VIS 5 T00720067,null
JFK,2023-12-25 15:51,46,44,92.68,30,7,0,30.47,1031.6,2.5,null,FEW,BKN,OVC,null,300,500,1000,null,BR,null,null,null,null,null,null,41.84,KJFK 251551Z 03007KT 2 1/2SM BR FEW003 BKN005 OVC010 08/07 A3047 RMK AO2 SFC VIS 3 SLP316 T00780067,null
JFK,2023-12-25 16:49,46.4,44.6,93.4,null,5,0,30.44,null,3,null,BKN,OVC,null,null,500,1000,null,null,null,null,null,null,null,null,null,43.5,KJFK 251649Z VRB05KT 3SM BKN005 OVC010 08/07 A3044 RMK AO2 SFC VIS 9 FIBI (VV) IEM_GHCNH,null
JFK,2023-12-25 16:51,47,45,92.71,30,3,0,30.44,1030.7,3,null,BKN,OVC,null,null,500,1000,null,null,null,null,null,null,null,null,null,45.84,KJFK 251651Z 03003KT 3SM BKN005 OVC010 08/07 A3044 RMK AO2 SFC VIS 9 SLP307 T00830072,null
JFK,2023-12-25 17:51,48,46,92.74,0,0,0,30.43,1030.4,3,null,OVC,null,null,null,600,null,null,null,null,null,null,null,null,null,null,48,KJFK 251751Z 00000KT 3SM OVC006 09/08 A3043 RMK AO2 SFC VIS 8 SLP304 T00890078 10089 20039 56016,null
JFK,2023-12-25 18:51,48,46,92.74,0,0,0,30.41,1029.8,3,null,OVC,null,null,null,700,null,null,null,null,null,null,null,null,null,null,48,KJFK 251851Z 00000KT 3SM OVC007 09/08 A3041 RMK AO2 SFC VIS 8 SLP298 T00890078,null
JFK,2023-12-25 19:51,48,45,89.29,60,3,0,30.41,1029.6,10,null,OVC,null,null,null,800,null,null,null,null,null,null,null,null,null,null,46.98,KJFK 251951Z 06003KT 10SM OVC008 09/07 A3041 RMK AO2 SLP296 T00890072,null
JFK,2023-12-25 20:51,48,45,89.29,20,5,0,30.4,1029.4,10,null,OVC,null,null,null,900,null,null,null,null,null,null,null,null,null,null,45.4,KJFK 252051Z 02005KT 10SM OVC009 09/07 A3040 RMK AO2 SLP294 T00890072 56010,null
JFK,2023-12-25 21:51,47,45,92.71,360,3,0,30.41,1029.8,10,null,OVC,null,null,null,800,null,null,null,null,null,null,null,null,null,null,45.84,KJFK 252151Z 36003KT 10SM OVC008 08/07 A3041 RMK AO2 SLP298 T00830072,null
JFK,2023-12-25 22:51,46,45,96.28,60,7,0,30.42,1030.1,8,null,OVC,null,null,null,800,null,null,null,null,null,null,null,null,null,null,41.84,KJFK 252251Z 06007KT 8SM OVC008 08/07 A3042 RMK AO2 SLP301 T00780072,null
JFK,2023-12-25 23:51,45,44,96.26,30,4,0,30.43,1030.2,7,null,OVC,null,null,null,800,null,null,null,null,null,null,null,null,null,null,42.6,KJFK 252351Z 03004KT 7SM OVC008 07/07 A3043 RMK AO2 SLP302 T00720067 10094 20072 51008,null
JFK,2023-12-26 0:51,45,45,100,50,3,0,30.43,1030.5,6,null,OVC,null,null,null,500,null,null,null,BR,null,null,null,null,null,null,43.55,KJFK 260051Z 05003KT 6SM BR OVC005 07/07 A3043 RMK AO2 SLP305 T00720072,null
JFK,2023-12-26 1:51,45,44,96.26,10,5,0,30.42,1030.2,6,null,OVC,null,null,null,500,null,null,null,BR,null,null,null,null,null,null,41.83,KJFK 260151Z 01005KT 6SM BR OVC005 07/07 A3042 RMK AO2 SLP302 T00720067,null
JFK,2023-12-26 1:59,45,44,96.26,10,4,0,30.42,null,2,null,OVC,null,null,null,400,null,null,null,BR,null,null,null,null,null,null,42.6,KJFK 260159Z 01004KT 2SM BR OVC004 07/07 A3042 RMK AO2 SFC VIS 5 T00720067,null
JFK,2023-12-26 2:24,44,44,100,50,4,0,30.42,null,1,null,OVC,null,null,null,300,null,null,null,BR,null,null,null,null,null,null,41.43,KJFK 260224Z 05004KT 1SM BR OVC003 07/07 A3042 RMK AO2 SFC VIS 3 VIS E-SE 2 T00670067,null
JFK,2023-12-26 2:48,44.6,44.6,100,30,4,0,30.41,null,0.5,null,OVC,null,null,null,200,null,null,null,BR,null,null,null,null,null,null,42.13,KJFK 260248Z 03004KT 1/2SM BR OVC002 07/07 A3041 RMK AO2 SFC VIS 1 1/4,null
JFK,2023-12-26 2:51,44,43,96.24,30,5,0,30.4,1029.5,0.5,null,OVC,null,null,null,200,null,null,null,BR,null,null,null,null,null,null,40.65,KJFK 260251Z 03005KT 1/2SM BR OVC002 07/06 A3040 RMK AO2 SFC VIS 1 1/4 SLP295 T00670061 58007,null
JFK,2023-12-26 3:27,42,42,100,20,5,0,30.39,null,0.25,null,VV ,null,null,null,200,null,null,null,FG,null,null,null,null,null,null,38.27,KJFK 260327Z 02005KT 1/4SM FG VV002 06/06 A3039 RMK AO2 TWR VIS 1/2 T00560056 RVRNO,null
JFK,2023-12-26 3:51,42,42,100,30,3,0,30.39,1029.1,0.5,null,VV ,null,null,null,200,null,null,null,FG,null,null,null,null,null,null,40.12,KJFK 260351Z 03003KT 1/2SM FG VV002 06/06 A3039 RMK AO2 SLP291 T00560056 RVRNO,null
JFK,2023-12-26 4:51,42,42,100,360,4,0,30.38,1028.5,0.5,null,OVC,null,null,null,200,null,null,null,FG,null,null,null,null,null,null,39.1,KJFK 260451Z 36004KT 1/2SM FG OVC002 06/06 A3038 RMK AO2 SLP285 T00560056 400940039 RVRNO,null
JFK,2023-12-26 5:13,null,null,null,40,5,0,null,null,0.25,null,null,null,null,null,null,null,null,null,null,null,null,null,null,null,null,null,KJFK 260513Z 04005KT 1/4SM RVRNO RMK IEM_GHCNH,null
JFK,2023-12-26 5:49,null,null,null,350,6,0,null,null,0.25,null,null,null,null,null,null,null,null,null,null,null,null,null,null,null,null,null,KJFK 260549Z 35006KT 1/4SM RVRNO RMK IEM_GHCNH,null
JFK,2023-12-26 5:51,41,41,100,350,6,0,30.36,1028,0.25,null,VV ,null,null,null,200,null,null,null,FG,null,null,null,null,null,null,36.37,KJFK 260551Z 35006KT 1/4SM FG VV002 05/05 A3036 RMK AO2 TWR VIS 1/2 SLP280 T00500050 10078 20050 58016 RVRNO,null
JFK,2023-12-26 6:51,40,40,100,350,4,0,30.37,1028.4,0.25,null,VV ,null,null,null,200,null,null,null,FG,null,null,null,null,null,null,36.76,KJFK 260651Z 35004KT 1/4SM FG VV002 04/04 A3037 RMK AO2 TWR VIS 1/2 SLP284 T00440044 RVRNO,null
JFK,2023-12-26 7:03,null,null,null,270,8,0,null,null,0.5,null,null,null,null,null,null,null,null,null,null,null,null,null,null,null,null,null,KJFK 260703Z 27008KT 1/2SM RVRNO RMK IEM_GHCNH,null
JFK,2023-12-26 7:51,42,42,100,270,5,0,30.38,1028.7,0.25,null,OVC,null,null,null,200,null,null,null,FG,null,null,null,null,null,null,38.27,KJFK 260751Z 27005KT 1/4SM FG OVC002 06/06 A3038 RMK AO2 TWR VIS 1/2 SLP287 T00560056 RVRNO,null
JFK,2023-12-26 7:58,42,42,100,290,3,0,30.38,null,0.5,null,OVC,null,null,null,200,null,null,null,BR,null,null,null,null,null,null,40.12,KJFK 260758Z 29003KT 1/2SM BR OVC002 06/06 A3038 RMK AO2 SFC VIS 3 T00560056,null
JFK,2023-12-26 8:51,42,42,100,20,3,0,30.37,1028.3,0.5,null,OVC,null,null,null,300,null,null,null,BR,null,null,null,null,null,null,40.12,KJFK 260851Z 02003KT 1/2SM BR OVC003 06/06 A3037 RMK AO2 SFC VIS 3 SLP283 T00560056 50003,null
JFK,2023-12-26 9:49,42.8,42.8,100,40,3,0,30.36,null,0.5,null,OVC,null,null,null,600,null,null,null,BR,null,null,null,null,null,null,41.03,KJFK 260949Z 04003KT 1/2SM BR OVC006 06/06 A3036 RMK AO2 SFC VIS 3 FIBI (RM) IEM_GHCNH,null
JFK,2023-12-26 9:51,42,42,100,20,3,0,30.36,1027.9,0.5,null,OVC,null,null,null,600,null,null,null,BR,null,null,null,null,null,null,40.12,KJFK 260951Z 02003KT 1/2SM BR OVC006 06/06 A3036 RMK AO2 SFC VIS 3 SLP279 T00560056,null
JFK,2023-12-26 10:49,42.8,42.8,100,330,4,0,30.36,null,0.5,null,OVC,null,null,null,300,null,null,null,BR,null,null,null,null,null,null,40.03,KJFK 261049Z 33004KT 1/2SM BR OVC003 06/06 A3036 RMK AO2 SFC VIS 3 FIBI (RM) IEM_GHCNH,null
JFK,2023-12-26 10:51,42,42,100,350,3,0,30.36,1027.9,0.5,null,OVC,null,null,null,300,null,null,null,BR,null,null,null,null,null,null,40.12,KJFK 261051Z 35003KT 1/2SM BR OVC003 06/06 A3036 RMK AO2 SFC VIS 2 1/2 SLP279 T00560056,null
JFK,2023-12-26 11:51,43,43,100,30,4,0,30.35,1027.7,0.5,null,SCT,OVC,null,null,0,300,null,null,BR,null,null,null,null,null,null,40.27,KJFK 261151Z 03004KT 1/2SM BR SCT000 OVC003 06/06 A3035 RMK AO2 SFC VIS 1 SLP277 BR SCT000 T00610061 10061 20039 56005 RVRNO,null
JFK,2023-12-26 12:49,42.8,42.8,100,40,6,T,30.35,null,2,null,OVC,null,null,null,400,null,null,null,#NAME?,null,null,null,null,null,null,38.54,KJFK 261249Z 04006KT 2SM -DZ BR OVC004 06/06 A3035 RMK AO2 SFC VIS 3 DZB46 P0000 FIBI (BH) IEM_GHCNH,null
JFK,2023-12-26 12:51,43,43,100,40,5,T,30.35,1027.7,2,null,OVC,null,null,null,400,null,null,null,#NAME?,null,null,null,null,null,null,39.46,KJFK 261251Z 04005KT 2SM -DZ BR OVC004 06/06 A3035 RMK AO2 SFC VIS 4 DZB46 SLP277 P0000 T00610061,null
JFK,2023-12-26 13:51,44,44,100,30,5,T,30.35,1027.8,2,null,OVC,null,null,null,400,null,null,null,BR,null,null,null,null,null,null,40.65,KJFK 261351Z 03005KT 2SM BR OVC004 07/07 A3035 RMK AO2 SFC VIS 4 DZE28 SLP278 P0000 T00670067,null
JFK,2023-12-26 14:49,44.6,42.8,93.35,50,4,0,30.35,null,3,null,OVC,null,null,null,500,null,null,null,BR,null,null,null,null,null,null,42.13,KJFK 261449Z 05004KT 3SM BR OVC005 07/06 A3035 RMK AO2 SFC VIS 6 CIG 004V006 FIBI (BH) IEM_GHCNH,null
JFK,2023-12-26 14:51,44,43,96.24,30,3,0,30.35,1027.8,3,null,OVC,null,null,null,500,null,null,null,BR,null,null,null,null,null,null,42.41,KJFK 261451Z 03003KT 3SM BR OVC005 07/06 A3035 RMK AO2 SFC VIS 5 SLP278 CIG 004V006 60000 T00670061 50000,null
JFK,2023-12-26 15:49,44.6,42.8,93.35,70,3,0,30.34,null,2,null,OVC,null,null,null,400,null,null,null,BR,null,null,null,null,null,null,43.09,KJFK 261549Z 07003KT 2SM BR OVC004 07/06 A3034 RMK AO2 SFC VIS 5 FIBI (BH) IEM_GHCNH,null
JFK,2023-12-26 15:51,44,43,96.24,0,0,0,30.34,1027.2,2,null,OVC,null,null,null,400,null,null,null,BR,null,null,null,null,null,null,44,KJFK 261551Z 00000KT 2SM BR OVC004 07/06 A3034 RMK AO2 SFC VIS 5 SLP272 T00670061,null
JFK,2023-12-26 16:33,43,42,96.23,110,4,0,30.32,null,0.25,null,OVC,null,null,null,300,null,null,null,BR,null,null,null,null,null,null,40.27,KJFK 261633Z 11004KT 1/4SM BR OVC003 06/06 A3032 RMK AO2 SFC VIS 3 T00610056,null
JFK,2023-12-26 16:51,44,43,96.24,130,4,0,30.31,1026.4,0.25,null,OVC,null,null,null,300,null,null,null,BR,null,null,null,null,null,null,41.43,KJFK 261651Z 13004KT 1/4SM BR OVC003 07/06 A3031 RMK AO2 SFC VIS 2 1/2 SLP264 T00670061,null
JFK,2023-12-26 17:49,44.6,42.8,93.35,0,0,0,30.28,null,1.5,null,OVC,null,null,null,300,null,null,null,BR,null,null,null,null,null,null,44.6,KJFK 261749Z 00000KT 1 1/2SM BR OVC003 07/06 A3028 RMK AO2 SFC VIS 2 1/2 FIBI (BH) IEM_GHCNH,null
JFK,2023-12-26 17:51,44,43,96.24,0,0,0,30.28,1025.4,1.5,null,OVC,null,null,null,300,null,null,null,BR,null,null,null,null,null,null,44,KJFK 261751Z 00000KT 1 1/2SM BR OVC003 07/06 A3028 RMK AO2 SFC VIS 2 1/2 SLP254 60000 T00670061 10067 20061 58024,null
JFK,2023-12-26 18:51,44,42,92.61,200,5,0,30.27,1025,1,null,OVC,null,null,null,400,null,null,null,BR,null,null,null,null,null,null,40.65,KJFK 261851Z 20005KT 1SM BR OVC004 07/06 A3027 RMK AO2 SFC VIS 2 1/2 SLP250 T00670056,null
JFK,2023-12-26 19:40,44,43,96.24,0,0,0,30.27,null,1,null,OVC,null,null,null,500,null,null,null,BR,null,null,null,null,null,null,44,KJFK 261940Z 00000KT 1SM BR OVC005 07/06 A3027 RMK AO2 SFC VIS 3 T00670061,null
JFK,2023-12-26 19:51,44,43,96.24,190,3,0,30.27,1024.9,1,null,OVC,null,null,null,500,null,null,null,BR,null,null,null,null,null,null,42.41,KJFK 261951Z 19003KT 1SM BR OVC005 07/06 A3027 RMK AO2 SFC VIS 3 SLP249 T00670061,null
JFK,2023-12-26 20:51,43,42,96.23,120,3,0,30.26,1024.7,1,null,BKN,BKN,null,null,500,25000,null,null,BR,null,null,null,null,null,null,41.26,KJFK 262051Z 12003KT 1SM BR BKN005 BKN250 06/06 A3026 RMK AO2 SFC VIS 4 SLP247 T00610056 56007,null
JFK,2023-12-26 21:38,43,42,96.23,0,0,0,30.27,null,1,null,OVC,null,null,null,400,null,null,null,BR,null,null,null,null,null,null,43,KJFK 262138Z 00000KT 1SM BR OVC004 06/06 A3027 RMK AO2 SFC VIS 4 T00610056,null
JFK,2023-12-26 21:51,43,42,96.23,0,0,0,30.26,1024.7,1,null,OVC,null,null,null,300,null,null,null,BR,null,null,null,null,null,null,43,KJFK 262151Z 00000KT 1SM BR OVC003 06/06 A3026 RMK AO2 SFC VIS 4 SLP247 T00610056,null
JFK,2023-12-26 22:45,42.8,42.8,100,110,3,0,30.26,null,0.75,null,OVC,null,null,null,300,null,null,null,BR,null,null,null,null,null,null,41.03,KJFK 262245Z 11003KT 3/4SM BR OVC003 06/06 A3026 RMK AO2 SFC VIS 2,null
JFK,2023-12-26 22:51,42,41,96.21,120,3,0,30.26,1024.6,0.75,null,OVC,null,null,null,300,null,null,null,BR,null,null,null,null,null,null,40.12,KJFK 262251Z 12003KT 3/4SM BR OVC003 06/05 A3026 RMK AO2 SFC VIS 2 SLP246 T00560050,null
JFK,2023-12-26 23:46,42.8,41,93.3,140,3,0,30.25,null,0.5,null,BKN,OVC,null,null,0,200,null,null,BR,null,null,null,null,null,null,41.03,KJFK 262346Z 14003KT 1/2SM BR BKN000 OVC002 06/05 A3025 RMK AO2 SFC VIS 3/4 BR BKN000 RVRNO,null
JFK,2023-12-26 23:51,41,41,100,150,4,0,30.25,1024.3,0.5,null,BKN,OVC,null,null,0,200,null,null,BR,null,null,null,null,null,null,37.93,KJFK 262351Z 15004KT 1/2SM BR BKN000 OVC002 05/05 A3025 RMK AO2 SFC VIS 3/4 SLP243 BR BKN000 T00500050 10072 20050 58004 RVRNO,null
JFK,2023-12-27 0:49,null,null,null,0,0,0,null,null,0.5,null,null,null,null,null,null,null,null,null,null,null,null,null,null,null,null,null,KJFK 270049Z 00000KT 1/2SM RVRNO RMK IEM_GHCNH,null
JFK,2023-12-27 0:51,41,41,100,120,3,0,30.25,1024.1,0.5,null,VV ,null,null,null,200,null,null,null,FG,null,null,null,null,null,null,38.98,KJFK 270051Z 12003KT 1/2SM FG VV002 05/05 A3025 RMK AO2 SLP241 T00500050 RVRNO $,null
JFK,2023-12-27 1:51,41,41,100,0,0,0,30.25,1024.2,0.5,null,VV ,null,null,null,200,null,null,null,FG,null,null,null,null,null,null,41,KJFK 270151Z 00000KT 1/2SM FG VV002 05/05 A3025 RMK AO2 SLP242 T00500050 RVRNO $,null
JFK,2023-12-27 2:51,41,41,100,0,0,0,30.24,1024.1,0.5,null,VV ,null,null,null,300,null,null,null,FG,null,null,null,null,null,null,41,KJFK 270251Z 00000KT 1/2SM FG VV003 05/05 A3024 RMK AO2 SLP241 T00500050 56002 RVRNO $,null
JFK,2023-12-27 3:51,41,41,100,120,3,0,30.23,1023.7,0.5,null,OVC,null,null,null,200,null,null,null,BR,null,null,null,null,null,null,38.98,KJFK 270351Z 12003KT 1/2SM BR OVC002 05/05 A3023 RMK AO2 SFC VIS 3/4 SLP237 T00500050 RVRNO $,null
JFK,2023-12-27 4:51,41,41,100,60,3,0,30.21,1023,0.5,null,VV ,null,null,null,200,null,null,null,FG,null,null,null,null,null,null,38.98,KJFK 270451Z 06003KT 1/2SM FG VV002 05/05 A3021 RMK AO2 SLP230 T00500050 400720039 RVRNO $,null
JFK,2023-12-27 5:51,41,41,100,90,4,0,30.2,1022.7,0.5,null,OVC,null,null,null,300,null,null,null,BR,null,null,null,null,null,null,37.93,KJFK 270551Z 09004KT 1/2SM BR OVC003 05/05 A3020 RMK AO2 SFC VIS 1 SLP227 T00500050 10050 20044 56015 RVRNO $,null
JFK,2023-12-27 6:35,40,40,100,100,3,0,30.19,null,2,null,OVC,null,null,null,200,null,null,null,BR,null,null,null,null,null,null,37.83,KJFK 270635Z 10003KT 2SM BR OVC002 04/04 A3019 RMK AO2 SFC VIS 6 T00440044 $,null
JFK,2023-12-27 6:44,41,41,100,100,3,0,30.18,null,0.5,null,OVC,null,null,null,200,null,null,null,BR,null,null,null,null,null,null,38.98,KJFK 270644Z 10003KT 1/2SM BR OVC002 05/05 A3018 RMK AO2 SFC VIS 3 T00500050 $,null
JFK,2023-12-27 6:51,41,41,100,90,5,0,30.18,1022,0.5,null,OVC,null,null,null,200,null,null,null,BR,null,null,null,null,null,null,37.08,KJFK 270651Z 09005KT 1/2SM BR OVC002 05/05 A3018 RMK AO2 SFC VIS 1 1/2 SLP220 T00500050 $,null
JFK,2023-12-27 7:51,40,40,100,0,0,0,30.19,1022.2,0.5,null,OVC,null,null,null,300,null,null,null,BR,null,null,null,null,null,null,40,KJFK 270751Z 00000KT 1/2SM BR OVC003 04/04 A3019 RMK AO2 SFC VIS 5 SLP222 T00440044 $,null
JFK,2023-12-27 8:51,40,40,100,0,0,0,30.18,1021.8,0.5,null,OVC,null,null,null,300,null,null,null,BR,null,null,null,null,null,null,40,KJFK 270851Z 00000KT 1/2SM BR OVC003 04/04 A3018 RMK AO2 SFC VIS 6 SLP218 T00440044 56009 $,null
JFK,2023-12-27 9:49,39.2,39.2,100,0,0,0,30.16,null,0.5,null,OVC,null,null,null,700,null,null,null,null,null,null,null,null,null,null,39.2,KJFK 270949Z 00000KT 1/2SM OVC007 04/04 A3016 RMK AO2 SFC VIS 7 IEM_GHCNH,null
JFK,2023-12-27 9:51,40,40,100,0,0,0,30.16,1021.4,0.5,null,OVC,null,null,null,700,null,null,null,null,null,null,null,null,null,null,40,KJFK 270951Z 00000KT 1/2SM OVC007 04/04 A3016 RMK AO2 SFC VIS 7 SLP214 T00440044 $,null
JFK,2023-12-27 10:30,40,40,100,110,3,0,30.16,null,5,null,OVC,null,null,null,700,null,null,null,BR,null,null,null,null,null,null,37.83,KJFK 271030Z 11003KT 5SM BR OVC007 04/04 A3016 RMK AO2 T00440044 $,null
JFK,2023-12-27 10:51,41,40,96.19,90,3,0,30.16,1021.2,6,null,OVC,null,null,null,500,null,null,null,BR,null,null,null,null,null,null,38.98,KJFK 271051Z 09003KT 6SM BR OVC005 05/04 A3016 RMK AO2 SLP212 T00500044 $,null
JFK,2023-12-27 11:51,41,40,96.19,50,3,0,30.16,1021.1,7,null,BKN,BKN,BKN,null,500,8500,17000,null,null,null,null,null,null,null,null,38.98,KJFK 271151Z 05003KT 7SM BKN005 BKN085 BKN170 05/04 A3016 RMK AO2 SLP211 T00500044 10050 20044 56007,null
JFK,2023-12-27 12:49,42.8,42.8,100,20,5,0,30.15,null,4,null,BKN,BKN,BKN,null,300,7000,17000,null,BR,null,null,null,null,null,null,39.22,KJFK 271249Z 02005KT 4SM BR BKN003 BKN070 BKN170 06/06 A3015 RMK AO2 FIBI (BH) IEM_GHCNH,null
JFK,2023-12-27 12:51,42,42,100,40,7,0,30.15,1020.8,4,null,BKN,BKN,BKN,null,300,7000,17000,null,BR,null,null,null,null,null,null,36.97,KJFK 271251Z 04007KT 4SM BR BKN003 BKN070 BKN170 06/06 A3015 RMK AO2 SLP208 T00560056,null
JFK,2023-12-27 13:43,43,42,96.23,40,5,0,30.15,null,5,null,SCT,OVC,null,null,300,8000,null,null,BR,null,null,null,null,null,null,39.46,KJFK 271343Z 04005KT 5SM BR SCT003 OVC080 06/06 A3015 RMK AO2 T00610056,null
JFK,2023-12-27 13:51,43,42,96.23,40,4,0,30.15,1021,5,null,SCT,BKN,OVC,null,300,8000,17000,null,BR,null,null,null,null,null,null,40.27,KJFK 271351Z 04004KT 5SM BR SCT003 BKN080 OVC170 06/06 A3015 RMK AO2 SLP210 SCT V BKN T00610056,null
JFK,2023-12-27 14:51,44,43,96.24,40,5,T,30.14,1020.7,5,null,SCT,BKN,OVC,null,500,6500,8000,null,BR,null,null,null,null,null,null,40.65,KJFK 271451Z 04005KT 5SM BR SCT005 BKN065 OVC080 07/06 A3014 RMK AO2 RAB00E10 SLP207 P0000 60000 T00670061 58004,null
JFK,2023-12-27 15:51,45,43,92.65,50,7,T,30.12,1019.8,6,null,FEW,BKN,OVC,null,500,6500,8000,null,#NAME?,null,null,null,null,null,null,40.63,KJFK 271551Z 05007KT 6SM -RA BR FEW005 BKN065 OVC080 07/06 A3012 RMK AO2 RAB04 SLP198 P0000 T00720061,null
JFK,2023-12-27 16:51,46,45,96.28,40,4,0.01,30.08,1018.6,7,null,SCT,BKN,OVC,null,700,7000,11000,null,#NAME?,null,null,null,null,null,null,43.77,KJFK 271651Z 04004KT 7SM -RA SCT007 BKN070 OVC110 08/07 A3008 RMK AO2 PRESFR SLP186 P0001 T00780072,null
JFK,2023-12-27 17:51,48,45,89.29,50,7,T,30.04,1017.1,10,null,FEW,BKN,BKN,OVC,700,6500,9000,16000,null,null,null,null,null,null,null,44.28,KJFK 271751Z 05007KT 10SM FEW007 BKN065 BKN090 OVC160 09/07 A3004 RMK AO2 RAE1659B31E40 SLP171 P0000 60001 T00890072 10089 20050 58037,null
JFK,2023-12-27 18:10,48,46,92.74,110,4,T,30.04,null,8,null,BKN,BKN,OVC,null,700,4900,12000,null,#NAME?,null,null,null,null,null,null,46.1,KJFK 271810Z 11004KT 8SM -RA BKN007 BKN049 OVC120 09/08 A3004 RMK AO2 RAB10 P0000 T00890078,null
JFK,2023-12-27 18:49,48.2,46.4,93.45,80,6,T,30.02,null,8,null,SCT,BKN,BKN,null,700,6000,11000,null,null,null,null,null,null,null,null,45.04,KJFK 271849Z 08006KT 8SM SCT007 BKN060 BKN110 09/08 A3002 RMK AO2 RAB10E27 P0000 IEM_GHCNH,null
JFK,2023-12-27 18:51,48,46,92.74,90,6,T,30.02,1016.6,8,null,SCT,BKN,BKN,OVC,700,6000,11000,19000,null,null,null,null,null,null,null,44.8,KJFK 271851Z 09006KT 8SM SCT007 BKN060 BKN110 OVC190 09/08 A3002 RMK AO2 RAB10E27 SLP166 P0000 T00890078 $,null
JFK,2023-12-27 19:51,49,46,89.33,60,8,T,30.01,1016.1,10,null,FEW,SCT,OVC,null,700,7500,9500,null,#NAME?,null,null,null,null,null,null,45.05,KJFK 271951Z 06008KT 10SM -RA FEW007 SCT075 OVC095 09/08 A3001 RMK AO2 RAB39 SLP161 P0000 T00940078 $,null
JFK,2023-12-27 20:51,48,47,96.31,70,8,T,29.99,1015.7,10,null,FEW,SCT,OVC,null,800,1800,8000,null,#NAME?,null,null,null,null,null,null,43.82,KJFK 272051Z 07008KT 10SM -RA FEW008 SCT018 OVC080 09/08 A2999 RMK AO2 SLP157 P0000 60000 T00890083 57014 $,null
JFK,2023-12-27 21:21,48,47,96.31,60,8,0.01,29.98,null,8,null,BKN,BKN,OVC,null,900,4200,9500,null,#NAME?,null,null,null,null,null,null,43.82,KJFK 272121Z 06008KT 8SM -RA BKN009 BKN042 OVC095 09/08 A2998 RMK AO2 P0001 T00890083 $,null
JFK,2023-12-27 21:42,48,47,96.31,60,8,0.01,29.98,null,10,null,SCT,SCT,OVC,null,900,3800,9000,null,#NAME?,null,null,null,null,null,null,43.82,KJFK 272142Z 06008KT 10SM -RA SCT009 SCT038 OVC090 09/08 A2998 RMK AO2 P0001 T00890083 $,null
JFK,2023-12-27 21:51,48,47,96.31,60,8,0.01,29.98,1015.1,10,null,SCT,SCT,OVC,null,900,3800,9000,null,#NAME?,null,null,null,null,null,null,43.82,KJFK 272151Z 06008KT 10SM -RA SCT009 SCT038 OVC090 09/08 A2998 RMK AO2 SLP151 P0001 T00890083 $,null
JFK,2023-12-27 22:51,48,47,96.31,60,7,T,29.97,1014.7,10,null,FEW,BKN,OVC,null,900,5000,10000,null,#NAME?,null,null,null,null,null,null,44.28,KJFK 272251Z 06007KT 10SM -RA FEW009 BKN050 OVC100 09/08 A2997 RMK AO2 RAE28B48 SLP147 P0000 T00890083,null
JFK,2023-12-27 23:51,49,47,92.77,60,8,0.01,29.94,1013.9,10,null,BKN,OVC,null,null,1800,3700,null,null,#NAME?,null,null,null,null,null,null,45.05,KJFK 272351Z 06008KT 10SM -RA BKN018 OVC037 09/08 A2994 RMK AO2 SLP139 P0001 60002 T00940083 10094 20089 58017,null
JFK,2023-12-28 0:34,49,47,92.77,60,7,T,29.93,null,10,null,BKN,BKN,OVC,null,1800,5500,10000,null,#NAME?,null,null,null,null,null,null,45.5,KJFK 280034Z 06007KT 10SM -RA BKN018 BKN055 OVC100 09/08 A2993 RMK AO2 RAE03B23 P0000 T00940083,null
JFK,2023-12-28 0:51,49,47,92.77,60,6,T,29.93,1013.6,10,null,BKN,OVC,null,null,1700,10000,null,null,null,null,null,null,null,null,null,46,KJFK 280051Z 06006KT 10SM BKN017 OVC100 09/08 A2993 RMK AO2 RAE03B23E41 SLP136 P0000 T00940083,null
JFK,2023-12-28 1:19,49,47,92.77,50,8,0.01,29.91,null,7,null,BKN,OVC,null,null,1300,2000,null,null,RA,null,null,null,null,null,null,45.05,KJFK 280119Z 05008KT 7SM RA BKN013 OVC020 09/08 A2991 RMK AO2 RAB0054 P0001 T00940083,null
JFK,2023-12-28 1:51,49,48,96.32,50,8,0.02,29.9,1012.5,10,null,BKN,OVC,null,null,1000,1800,null,null,#NAME?,null,null,null,null,null,null,45.05,KJFK 280151Z 05008KT 10SM -RA BKN010 OVC018 09/09 A2990 RMK AO2 RAB0054 SLP125 P0002 T00940089,null
JFK,2023-12-28 2:45,48.2,48.2,100,40,10,0.02,29.88,null,5,null,BKN,OVC,null,null,900,1700,null,null,#NAME?,null,null,null,null,null,null,43.28,KJFK 280245Z 04010KT 5SM -RA BR BKN009 OVC017 09/09 A2988 RMK AO2 P0002,null
JFK,2023-12-28 2:51,49,48,96.32,50,8,0.02,29.88,1011.9,5,null,BKN,OVC,null,null,900,1700,null,null,#NAME?,null,null,null,null,null,null,45.05,KJFK 280251Z 05008KT 5SM -RA BR BKN009 OVC017 09/09 A2988 RMK AO2 SLP119 P0002 60004 T00940089 58020,null
JFK,2023-12-28 3:25,49,48,96.32,40,9,0.03,29.88,null,2.5,null,OVC,null,null,null,700,null,null,null,RA BR,null,null,null,null,null,null,44.65,KJFK 280325Z 04009KT 2 1/2SM RA BR OVC007 09/09 A2988 RMK AO2 P0003 T00940089,null
JFK,2023-12-28 3:49,48.2,48.2,100,30,10,0.1,29.86,null,6,null,OVC,null,null,null,600,null,null,null,#NAME?,null,null,null,null,null,null,43.28,KJFK 280349Z 03010KT 6SM -RA BR OVC006 09/09 A2986 RMK AO2 P0010 FIBI (RM) IEM_GHCNH,null
JFK,2023-12-28 3:51,49,48,96.32,30,10,0.1,29.86,1011.1,7,null,OVC,null,null,null,600,null,null,null,#NAME?,null,null,null,null,null,null,44.29,KJFK 280351Z 03010KT 7SM -RA OVC006 09/09 A2986 RMK AO2 SLP111 P0010 T00940089,null
JFK,2023-12-28 4:51,49,49,100,50,12,0.02,29.82,1009.7,5,null,OVC,null,null,null,500,null,null,null,#NAME?,null,null,null,null,null,null,43.64,KJFK 280451Z 05012KT 5SM -RA BR OVC005 09/09 A2982 RMK AO2 SLP097 P0002 T00940094 400940044,null
JFK,2023-12-28 5:06,49,49,100,60,10,0.01,29.82,null,2,null,OVC,null,null,null,500,null,null,null,RA BR,null,null,null,null,null,null,44.29,KJFK 280506Z 06010KT 2SM RA BR OVC005 09/09 A2982 RMK AO2 P0001 T00940094,null
JFK,2023-12-28 5:49,48.2,48.2,100,50,12,0.09,29.78,null,4,null,BKN,OVC,null,null,500,1800,null,null,#NAME?,null,null,null,null,null,null,42.62,KJFK 280549Z 05012KT 4SM -RA BR BKN005 OVC018 09/09 A2978 RMK AO2 VIS 2 1/2 W P0009 FIBI (RM) IEM_GHCNH,null
JFK,2023-12-28 5:51,49,49,100,50,12,0.09,29.78,1008.2,4,null,BKN,OVC,null,null,500,1800,null,null,#NAME?,null,null,null,null,null,null,43.64,KJFK 280551Z 05012KT 4SM -RA BR BKN005 OVC018 09/09 A2978 RMK AO2 VIS 2 1/2 W SLP082 P0009 60025 T00940094 10094 20089 58037,null
JFK,2023-12-28 6:51,49,49,100,50,11,0.11,29.76,1007.6,3,null,OVC,null,null,null,500,null,null,null,RA BR,null,null,null,null,null,null,43.95,KJFK 280651Z 05011KT 3SM RA BR OVC005 09/09 A2976 RMK AO2 SLP076 P0011 T00940094,null
JFK,2023-12-28 7:39,49,49,100,40,19,0.38,29.74,null,3,null,SCT,BKN,OVC,null,500,2200,3000,null,#NAME?,null,null,null,null,null,null,41.92,KJFK 280739Z 04019KT 3SM +RA BR SCT005 BKN022 OVC030 09/09 A2974 RMK AO2 P0038 T00940094,null
JFK,2023-12-28 7:51,49,49,100,null,3,0.49,29.74,1007.2,3,null,FEW,BKN,OVC,null,700,2200,2800,null,#NAME?,null,null,null,null,null,null,48.12,KJFK 280751Z VRB03KT 3SM +RA BR FEW007 BKN022 OVC028 09/09 A2974 RMK AO2 SLP072 P0049 T00940094,null
JFK,2023-12-28 8:17,49,49,100,null,5,0.14,29.75,null,2.5,null,BKN,OVC,null,null,600,2400,null,null,#NAME?,null,null,null,null,null,null,46.58,KJFK 280817Z VRB05KT 2 1/2SM +RA BR BKN006 OVC024 09/09 A2975 RMK AO2 P0014 T00940094,null
JFK,2023-12-28 8:35,49,49,100,350,6,0.25,29.75,null,3,null,BKN,OVC,null,null,600,2200,null,null,#NAME?,null,null,null,null,null,null,46,KJFK 280835Z 35006KT 3SM +RA BR BKN006 OVC022 09/09 A2975 RMK AO2 P0025 T00940094,null
JFK,2023-12-28 8:49,48.2,48.2,100,350,8,0.32,29.75,null,3,null,SCT,BKN,OVC,null,600,1600,2300,null,#NAME?,null,null,null,null,null,null,44.07,KJFK 280849Z 35008KT 3SM +RA BR SCT006 BKN016 OVC023 09/09 A2975 RMK AO2 CIG 006 W P0032 FIBI (RM) IEM_GHCNH,null
JFK,2023-12-28 8:51,49,49,100,340,8,0.34,29.75,1007.4,3,null,SCT,BKN,OVC,null,600,1600,2300,null,RA BR,null,null,null,null,null,null,45.05,KJFK 280851Z 34008KT 3SM RA BR SCT006 BKN016 OVC023 09/09 A2975 RMK AO2 CIG 006 W SLP074 P0034 60094 T00940094 55009,null
JFK,2023-12-28 8:59,49,48,96.32,340,10,0.02,29.74,null,3,null,BKN,OVC,null,null,600,1400,null,null,#NAME?,null,null,null,null,null,null,44.29,KJFK 280859Z 34010KT 3SM +RA BR BKN006 OVC014 09/09 A2974 RMK AO2 P0002 T00940089,null
JFK,2023-12-28 9:05,49,49,100,360,7,0.06,29.75,null,2.5,null,SCT,OVC,null,null,600,2000,null,null,#NAME?,null,null,null,null,null,null,45.5,KJFK 280905Z 36007KT 2 1/2SM +RA BR SCT006 OVC020 09/09 A2975 RMK AO2 P0006 T00940094,null
JFK,2023-12-28 9:23,48,48,100,50,12,0.22,29.72,null,1.75,null,FEW,OVC,null,null,600,3000,null,null,#NAME?,null,null,null,null,null,null,42.37,KJFK 280923Z 05012KT 1 3/4SM +RA BR FEW006 OVC030 09/09 A2972 RMK AO2 P0022 T00890089,null
JFK,2023-12-28 9:31,48,48,100,50,11,0.29,29.71,null,3,null,BKN,OVC,null,null,3400,5000,null,null,#NAME?,null,null,null,null,null,null,42.69,KJFK 280931Z 05011KT 3SM +RA BR BKN034 OVC050 09/09 A2971 RMK AO2 PRESFR P0029 T00890089,null
JFK,2023-12-28 9:51,49,48,96.32,70,22,0.33,29.67,1004.7,4,29,SCT,BKN,OVC,null,4500,7500,9000,null,RA BR,null,null,null,29,70,2023-12-28 9:50,41.34,KJFK 280951Z 07022G29KT 4SM RA BR SCT045 BKN075 OVC090 09/09 A2967 RMK AO2 PK WND 07029/0950 SLP047 P0033 T00940089,null
JFK,2023-12-28 10:51,50,49,96.34,70,21,0.11,29.67,1004.6,9,28,OVC,null,null,null,9000,null,null,null,RA,null,null,null,30,70,2023-12-28 10:11,50,KJFK 281051Z 07021G28KT 9SM RA OVC090 10/09 A2967 RMK AO2 PK WND 07030/1011 SLP046 P0011 T01000094,null
JFK,2023-12-28 11:32,50,49,96.34,70,19,0.04,29.66,null,10,24,SCT,BKN,OVC,null,900,5000,11000,null,#NAME?,null,null,null,27,70,2023-12-28 10:56,50,KJFK 281132Z 07019G24KT 10SM -RA SCT009 BKN050 OVC110 10/09 A2966 RMK AO2 PK WND 07027/1056 P0004 T01000094,null
JFK,2023-12-28 11:51,51,50,96.36,60,16,0.04,29.67,1004.6,10,null,SCT,BKN,OVC,null,900,5000,8500,null,null,null,null,null,27,70,2023-12-28 10:56,51,KJFK 281151Z 06016KT 10SM SCT009 BKN050 OVC085 11/10 A2967 RMK AO2 PK WND 07027/1056 RAE49 SLP046 P0004 60142 70170 T01060100 10106 20089 56028,null
JFK,2023-12-28 12:25,52,51,96.37,60,13,T,29.67,null,10,null,SCT,BKN,OVC,null,800,1700,11000,null,#NAME?,null,null,null,null,null,null,52,KJFK 281225Z 06013KT 10SM -RA SCT008 BKN017 OVC110 11/11 A2967 RMK AO2 RAB1159 P0000 T01110106,null
JFK,2023-12-28 12:51,52,51,96.37,60,14,T,29.66,1004.5,10,null,FEW,BKN,BKN,OVC,800,1700,5500,13000,#NAME?,null,null,null,null,null,null,52,KJFK 281251Z 06014KT 10SM -RA FEW008 BKN017 BKN055 OVC130 11/11 A2966 RMK AO2 RAB1159 SLP045 P0000 T01110106,null
JFK,2023-12-28 13:25,52,51,96.37,60,10,0.02,29.68,null,10,null,BKN,BKN,BKN,null,900,4700,13000,null,null,null,null,null,null,null,null,52,KJFK 281325Z 06010KT 10SM BKN009 BKN047 BKN130 11/11 A2968 RMK AO2 RAE06 P0002 T01110106,null
JFK,2023-12-28 13:51,53,52,96.39,30,9,0.02,29.68,1004.9,10,null,BKN,BKN,BKN,BKN,900,4700,13000,19000,null,null,null,null,null,null,null,53,KJFK 281351Z 03009KT 10SM BKN009 BKN047 BKN130 BKN190 12/11 A2968 RMK AO2 RAE06 SLP049 P0002 T01170111,null
JFK,2023-12-28 14:51,53,52,96.39,20,9,0,29.68,1005,10,null,BKN,BKN,BKN,null,900,4700,12000,null,null,null,null,null,null,null,null,53,KJFK 281451Z 02009KT 10SM BKN009 BKN047 BKN120 12/11 A2968 RMK AO2 SLP050 CIG 007V011 60002 T01170111 53004,null
JFK,2023-12-28 15:51,51,50,96.36,20,12,0,29.67,1004.7,10,null,BKN,OVC,null,null,600,5000,null,null,null,null,null,null,null,null,null,51,KJFK 281551Z 02012KT 10SM BKN006 OVC050 11/10 A2967 RMK AO2 SLP047 T01060100 $,null
JFK,2023-12-28 16:51,52,50,92.86,30,12,0,29.66,1004.3,10,null,BKN,OVC,null,null,700,3700,null,null,null,null,null,null,null,null,null,52,KJFK 281651Z 03012KT 10SM BKN007 OVC037 11/10 A2966 RMK AO2 SLP043 T01110100 $,null
JFK,2023-12-28 17:51,53,51,92.89,40,12,0,29.64,1003.8,10,null,OVC,null,null,null,800,null,null,null,null,null,null,null,null,null,null,53,KJFK 281751Z 04012KT 10SM OVC008 12/11 A2964 RMK AO2 SLP038 60002 T01170106 10122 20106 58012 $,null
JFK,2023-12-28 18:51,53,51,92.89,40,11,0,29.65,1003.9,10,null,OVC,null,null,null,900,null,null,null,null,null,null,null,null,null,null,53,KJFK 281851Z 04011KT 10SM OVC009 12/11 A2965 RMK AO2 SLP039 T01170106 $,null
JFK,2023-12-28 19:51,53,51,92.89,20,10,T,29.66,1004.3,3,null,OVC,null,null,null,900,null,null,null,#NAME?,null,null,null,null,null,null,53,KJFK 281951Z 02010KT 3SM -DZ BR OVC009 12/11 A2966 RMK AO2 SFC VIS 4 DZB43 SLP043 P0000 T01170106 $,null
JFK,2023-12-28 20:39,51,51,100,20,8,T,29.66,null,2,null,BKN,OVC,null,null,600,1100,null,null,#NAME?,null,null,null,null,null,null,51,KJFK 282039Z 02008KT 2SM -DZ BR BKN006 OVC011 11/11 A2966 RMK AO2 SFC VIS 5 P0000 T01060106 $,null
JFK,2023-12-28 20:51,51,51,100,20,9,T,29.67,1004.7,2,null,BKN,OVC,null,null,600,1100,null,null,#NAME?,null,null,null,null,null,null,51,KJFK 282051Z 02009KT 2SM -DZ BR BKN006 OVC011 11/11 A2967 RMK AO2 SFC VIS 5 SLP047 P0000 60000 T01060106 53008 $,null
JFK,2023-12-28 21:51,51,51,100,10,5,T,29.68,1005.1,2,null,BKN,OVC,null,null,500,1100,null,null,#NAME?,null,null,null,null,null,null,51,KJFK 282151Z 01005KT 2SM -DZ BR BKN005 OVC011 11/11 A2968 RMK AO2 SFC VIS 3 SLP051 P0000 T01060106,null
JFK,2023-12-28 22:49,50,50,100,20,5,T,29.7,null,2,null,FEW,OVC,null,null,600,1100,null,null,#NAME?,null,null,null,null,null,null,50,KJFK 282249Z 02005KT 2SM -DZ BR FEW006 OVC011 10/10 A2970 RMK AO2 SFC VIS 2 1/2 CIG 006 W P0000 FIBI (RR) IEM_GHCNH,null
JFK,2023-12-28 22:51,50,50,100,20,4,T,29.7,1005.8,2,null,BKN,OVC,null,null,600,1100,null,null,#NAME?,null,null,null,null,null,null,50,KJFK 282251Z 02004KT 2SM -DZ BR BKN006 OVC011 10/10 A2970 RMK AO2 SFC VIS 2 1/2 SLP058 P0000 T01000100,null
JFK,2023-12-28 23:03,50,50,100,360,5,T,29.7,null,1,null,BKN,OVC,null,null,400,900,null,null,#NAME?,null,null,null,null,null,null,50,KJFK 282303Z 36005KT 1SM -DZ BR BKN004 OVC009 10/10 A2970 RMK AO2 SFC VIS 2 P0000 T01000100,null
JFK,2023-12-28 23:51,50,49,96.34,30,7,0.01,29.7,1005.6,1,null,BKN,BKN,OVC,null,400,1000,1900,null,BR,null,null,null,null,null,null,50,KJFK 282351Z 03007KT 1SM BR BKN004 BKN010 OVC019 10/09 A2970 RMK AO2 SFC VIS 6 DZE50 SLP056 P0001 60001 T01000094 10117 20100 50009,null
JFK,2023-12-29 0:05,50,49,96.34,20,7,0,29.7,null,10,null,BKN,OVC,null,null,600,1900,null,null,null,null,null,null,null,null,null,50,KJFK 290005Z 02007KT 10SM BKN006 OVC019 10/09 A2970 RMK AO2 T01000094,null
JFK,2023-12-29 0:51,49,48,96.32,40,9,0,29.69,1005.4,10,null,BKN,BKN,OVC,null,600,1900,3700,null,null,null,null,null,null,null,null,44.65,KJFK 290051Z 04009KT 10SM BKN006 BKN019 OVC037 09/09 A2969 RMK AO2 SLP054 T00940089,null
JFK,2023-12-29 1:51,48,48,100,60,5,T,29.7,1005.8,6,null,BKN,OVC,null,null,600,3700,null,null,#NAME?,null,null,null,null,null,null,45.4,KJFK 290151Z 06005KT 6SM -RA BR BKN006 OVC037 09/09 A2970 RMK AO2 RAB37 SLP058 P0000 T00890089,null
JFK,2023-12-29 2:51,48,47,96.31,0,0,0.01,29.7,1005.8,6,null,BKN,OVC,null,null,600,2100,null,null,#NAME?,null,null,null,null,null,null,48,KJFK 290251Z 00000KT 6SM -RA BR BKN006 OVC021 09/08 A2970 RMK AO2 RAE01B30 SLP058 P0001 60001 T00890083 53002,null
JFK,2023-12-29 3:51,48,47,96.31,0,0,T,29.7,1005.8,6,null,BKN,OVC,null,null,700,2000,null,null,BR,null,null,null,null,null,null,48,KJFK 290351Z 00000KT 6SM BR BKN007 OVC020 09/08 A2970 RMK AO2 RAE0258 SLP058 P0000 T00890083,null
JFK,2023-12-29 4:51,47,47,100,0,0,0,29.69,1005.4,8,null,BKN,OVC,null,null,900,1200,null,null,null,null,null,null,null,null,null,47,KJFK 290451Z 00000KT 8SM BKN009 OVC012 08/08 A2969 RMK AO2 SLP054 T00830083 401220083,null
JFK,2023-12-29 5:51,47,47,100,0,0,0,29.68,1005,10,null,BKN,OVC,null,null,700,1300,null,null,null,null,null,null,null,null,null,47,KJFK 290551Z 00000KT 10SM BKN007 OVC013 08/08 A2968 RMK AO2 SLP050 60001 T00830083 10100 20083 58009,null
JFK,2023-12-29 6:38,47,47,100,0,0,0,29.69,null,2.5,null,BKN,OVC,null,null,900,1400,null,null,BR,null,null,null,null,null,null,47,KJFK 290638Z 00000KT 2 1/2SM BR BKN009 OVC014 08/08 A2969 RMK AO2 T00830083,null
JFK,2023-12-29 6:49,46.4,46.4,100,0,0,T,29.69,null,3,null,SCT,OVC,null,null,400,900,null,null,#NAME?,null,null,null,null,null,null,46.4,KJFK 290649Z 00000KT 3SM -DZ BR SCT004 OVC009 08/08 A2969 RMK AO2 VIS 1 3/4 W DZB42 P0000 FIBI (RM) IEM_GHCNH,null
JFK,2023-12-29 6:51,47,47,100,0,0,T,29.69,1005.3,3,null,SCT,OVC,null,null,400,900,null,null,#NAME?,null,null,null,null,null,null,47,KJFK 290651Z 00000KT 3SM -DZ BR SCT004 OVC009 08/08 A2969 RMK AO2 VIS 1 3/4 W DZB42 SLP053 P0000 T00830083,null
JFK,2023-12-29 7:51,47,46,96.29,0,0,0.02,29.69,1005.2,3,null,OVC,null,null,null,500,null,null,null,#NAME?,null,null,null,null,null,null,47,KJFK 290751Z 00000KT 3SM -DZ BR OVC005 08/08 A2969 RMK AO2 SLP052 P0002 T00830078,null
JFK,2023-12-29 8:51,47,47,100,0,0,T,29.68,1005.2,9,null,OVC,null,null,null,500,null,null,null,null,null,null,null,null,null,null,47,KJFK 290851Z 00000KT 9SM OVC005 08/08 A2968 RMK AO2 VIS 2 W DZE31 SLP052 P0000 60002 T00830083 50002,null
JFK,2023-12-29 9:16,47,45,92.71,0,0,T,29.68,null,2.5,null,OVC,null,null,null,500,null,null,null,#NAME?,null,null,null,null,null,null,47,KJFK 290916Z 00000KT 2 1/2SM -RA BR OVC005 08/07 A2968 RMK AO2 VIS 1 1/4 W RAB16 P0000 T00830072,null
JFK,2023-12-29 9:51,47,47,100,0,0,T,29.68,1005,2.5,null,OVC,null,null,null,500,null,null,null,BR,null,null,null,null,null,null,47,KJFK 290951Z 00000KT 2 1/2SM BR OVC005 08/08 A2968 RMK AO2 RAB16E25 SLP050 P0000 T00830083,null
JFK,2023-12-29 10:20,47,47,100,0,0,0,29.68,null,1.5,null,OVC,null,null,null,300,null,null,null,BR,null,null,null,null,null,null,47,KJFK 291020Z 00000KT 1 1/2SM BR OVC003 08/08 A2968 RMK AO2 T00830083,null
JFK,2023-12-29 10:49,46.4,46.4,100,200,3,T,29.68,null,2,null,BKN,OVC,null,null,300,900,null,null,#NAME?,null,null,null,null,null,null,45.15,KJFK 291049Z 20003KT 2SM -DZ BR BKN003 OVC009 08/08 A2968 RMK AO2 VIS 1 W DZB47 P0000 FIBI (RM) IEM_GHCNH,null
JFK,2023-12-29 10:51,46,46,100,0,0,T,29.68,1005,1.5,null,BKN,OVC,null,null,300,900,null,null,#NAME?,null,null,null,null,null,null,46,KJFK 291051Z 00000KT 1 1/2SM -DZ BR BKN003 OVC009 08/08 A2968 RMK AO2 DZB47 SLP050 P0000 T00780078,null
JFK,2023-12-29 11:49,null,null,null,190,5,0,null,null,0.25,null,null,null,null,null,null,null,null,null,null,null,null,null,null,null,null,null,KJFK 291149Z 19005KT 1/4SM RVRNO RMK IEM_GHCNH,null
JFK,2023-12-29 11:51,46,46,100,190,5,T,29.68,1005,0.25,null,SCT,OVC,null,null,0,300,null,null,#NAME?,null,null,null,null,null,null,43.02,KJFK 291151Z 19005KT 1/4SM -DZ BR SCT000 OVC003 08/08 A2968 RMK AO2 SFC VIS 1 SLP050 BR SCT000 P0000 60002 70006 T00780078 10083 20078 55002 RVRNO,null
JFK,2023-12-29 12:51,47,47,100,200,6,T,29.68,1005.1,0.25,null,FEW,OVC,null,null,0,200,null,null,BR,null,null,null,null,null,null,43.6,KJFK 291251Z 20006KT 1/4SM BR FEW000 OVC002 08/08 A2968 RMK AO2 SFC VIS 1 1/2 DZE47 SLP051 BR FEW000 P0000 T00830083,null
JFK,2023-12-29 13:36,47,47,100,220,6,0,29.69,null,5,null,SCT,BKN,BKN,null,400,1600,7000,null,BR,null,null,null,null,null,null,43.6,KJFK 291336Z 22006KT 5SM BR SCT004 BKN016 BKN070 08/08 A2969 RMK AO2 T00830083,null
JFK,2023-12-29 13:44,47,47,100,230,9,0,29.69,null,2.5,null,SCT,BKN,BKN,null,400,1600,7500,null,null,null,null,null,null,null,null,42.17,KJFK 291344Z 23009KT 2 1/2SM SCT004 BKN016 BKN075 08/08 A2969 RMK AO2 SFC VIS 7 T00830083,null
JFK,2023-12-29 13:51,47,47,100,220,7,0,29.7,1005.6,2.5,null,FEW,BKN,BKN,null,400,1600,7500,null,null,null,null,null,null,null,null,43.06,KJFK 291351Z 22007KT 2 1/2SM FEW004 BKN016 BKN075 08/08 A2970 RMK AO2 SFC VIS 8 SLP056 T00830083,null
JFK,2023-12-29 14:08,48,47,96.31,250,8,0,29.7,null,8,null,FEW,BKN,BKN,BKN,500,1600,7500,25000,null,null,null,null,null,null,null,43.82,KJFK 291408Z 25008KT 8SM FEW005 BKN016 BKN075 BKN250 09/08 A2970 RMK AO2 T00890083,null
JFK,2023-12-29 14:51,49,47,92.77,240,9,0,29.7,1005.6,9,null,SCT,BKN,BKN,null,900,2000,25000,null,null,null,null,null,null,null,null,44.65,KJFK 291451Z 24009KT 9SM SCT009 BKN020 BKN250 09/08 A2970 RMK AO2 SLP056 60000 T00940083 53006,null
JFK,2023-12-29 15:51,50,47,89.37,230,12,0,29.69,1005.2,10,null,BKN,BKN,null,null,1700,25000,null,null,null,null,null,null,null,null,null,50,KJFK 291551Z 23012KT 10SM BKN017 BKN250 10/08 A2969 RMK AO2 SLP052 T01000083,null
JFK,2023-12-29 16:51,50,45,82.86,230,13,0,29.67,1004.6,10,null,BKN,BKN,BKN,null,1800,11000,25000,null,null,null,null,null,null,null,null,50,KJFK 291651Z 23013KT 10SM BKN018 BKN110 BKN250 10/07 A2967 RMK AO2 SLP046 T01000072,null
JFK,2023-12-29 17:19,51,45,79.84,240,15,0,29.66,null,10,null,SCT,SCT,null,null,2100,25000,null,null,null,null,null,null,null,null,null,51,KJFK 291719Z 24015KT 10SM SCT021 SCT250 11/07 A2966 RMK AO2 T01060072,null
JFK,2023-12-29 17:51,52,45,76.94,240,15,0,29.66,1004.3,10,null,SCT,SCT,SCT,null,2300,10000,25000,null,null,null,null,null,null,null,null,52,KJFK 291751Z 24015KT 10SM SCT023 SCT100 SCT250 11/07 A2966 RMK AO2 SLP043 60000 T01110072 10111 20078 56014,null
JFK,2023-12-29 18:51,52,44,74.07,240,12,0,29.65,1003.9,10,null,FEW,SCT,null,null,2600,10000,null,null,null,null,null,null,null,null,null,52,KJFK 291851Z 24012KT 10SM FEW026 SCT100 11/07 A2965 RMK AO2 SLP039 T01110067,null
JFK,2023-12-29 19:51,52,44,74.07,240,12,0,29.65,1004,10,null,SCT,SCT,null,null,2600,10000,null,null,null,null,null,null,null,null,null,52,KJFK 291951Z 24012KT 10SM SCT026 SCT100 11/07 A2965 RMK AO2 SLP040 T01110067,null
JFK,2023-12-29 20:51,52,40,63.48,260,13,0,29.64,1003.7,10,null,SCT,SCT,null,null,2800,10000,null,null,null,null,null,null,null,null,null,52,KJFK 292051Z 26013KT 10SM SCT028 SCT100 11/04 A2964 RMK AO2 SLP037 T01110044 56006,null
JFK,2023-12-29 21:51,50,39,65.75,260,12,0,29.65,1004.1,10,null,FEW,SCT,null,null,2800,4500,null,null,null,null,null,null,null,null,null,50,KJFK 292151Z 26012KT 10SM FEW028 SCT045 10/04 A2965 RMK AO2 SLP041 T01000039,null
JFK,2023-12-29 22:51,50,41,71.07,270,12,0,29.67,1004.5,10,null,FEW,BKN,null,null,2800,5500,null,null,null,null,null,null,null,null,null,50,KJFK 292251Z 27012KT 10SM FEW028 BKN055 10/05 A2967 RMK AO2 SLP045 T01000050,null
JFK,2023-12-29 23:51,49,41,73.77,270,13,0,29.68,1004.9,10,null,FEW,BKN,null,null,3000,5000,null,null,null,null,null,null,null,null,null,43.35,KJFK 292351Z 27013KT 10SM FEW030 BKN050 09/05 A2968 RMK AO2 SLP049 T00940050 10117 20094 51012,null
JFK,2023-12-30 0:51,49,40,70.96,290,9,0,29.68,1005,10,null,FEW,OVC,null,null,3000,5000,null,null,null,null,null,null,null,null,null,44.65,KJFK 300051Z 29009KT 10SM FEW030 OVC050 09/04 A2968 RMK AO2 SLP050 T00940044,null
JFK,2023-12-30 1:51,48,40,73.67,290,12,0,29.67,1004.7,10,null,FEW,OVC,null,null,3000,4900,null,null,null,null,null,null,null,null,null,42.37,KJFK 300151Z 29012KT 10SM FEW030 OVC049 09/04 A2967 RMK AO2 SLP047 T00890044,null
JFK,2023-12-30 2:51,48,39,70.85,290,11,0,29.67,1004.6,10,null,SCT,BKN,null,null,4000,5500,null,null,null,null,null,null,null,null,null,42.69,KJFK 300251Z 29011KT 10SM SCT040 BKN055 09/04 A2967 RMK AO2 SLP046 T00890039 58003,null
JFK,2023-12-30 3:51,47,36,65.38,320,8,0,29.65,1003.8,10,null,BKN,BKN,BKN,null,4000,5500,25000,null,null,null,null,null,null,null,null,42.59,KJFK 300351Z 32008KT 10SM BKN040 BKN055 BKN250 08/02 A2965 RMK AO2 SLP038 T00830022,null
JFK,2023-12-30 4:51,46,36,67.9,310,7,0,29.63,1003.2,10,null,BKN,null,null,null,4500,null,null,null,null,null,null,null,null,null,null,41.84,KJFK 300451Z 31007KT 10SM BKN045 08/02 A2963 RMK AO2 SLP032 T00780022 401170072,null
JFK,2023-12-30 5:51,46,37,70.64,280,7,0,29.63,1003.2,10,null,BKN,BKN,null,null,5500,18000,null,null,null,null,null,null,null,null,null,41.84,KJFK 300551Z 28007KT 10SM BKN055 BKN180 08/03 A2963 RMK AO2 SLP032 T00780028 10094 20072 56014,null
JFK,2023-12-30 6:51,45,36,70.53,270,9,0,29.62,1003,10,null,BKN,BKN,null,null,5500,14000,null,null,null,null,null,null,null,null,null,39.68,KJFK 300651Z 27009KT 10SM BKN055 BKN140 07/02 A2962 RMK AO2 SLP030 T00720022,null
JFK,2023-12-30 7:51,44,34,67.66,260,12,0,29.62,1003,10,null,FEW,BKN,BKN,null,4000,5500,12000,null,null,null,null,null,null,null,null,37.27,KJFK 300751Z 26012KT 10SM FEW040 BKN055 BKN120 07/01 A2962 RMK AO2 SLP030 T00670011,null
JFK,2023-12-30 8:51,41,33,72.96,260,12,0,29.62,1002.8,10,null,FEW,BKN,BKN,BKN,4000,5500,14000,17000,null,null,null,null,null,null,null,33.46,KJFK 300851Z 26012KT 10SM FEW040 BKN055 BKN140 BKN170 05/01 A2962 RMK AO2 SLP028 T00500006 58004,null
JFK,2023-12-30 9:51,40,31,69.97,270,11,0,29.61,1002.8,10,null,BKN,BKN,null,null,5500,18000,null,null,null,null,null,null,null,null,null,32.58,KJFK 300951Z 27011KT 10SM BKN055 BKN180 04/M01 A2961 RMK AO2 SLP028 T00441006,null
JFK,2023-12-30 10:51,39,31,72.75,280,9,0,29.62,1002.9,10,null,SCT,SCT,null,null,7000,18000,null,null,null,null,null,null,null,null,null,32.22,KJFK 301051Z 28009KT 10SM SCT070 SCT180 04/M01 A2962 RMK AO2 SLP029 T00391006,null
JFK,2023-12-30 11:51,38,30,72.64,260,13,0,29.63,1003.4,10,null,SCT,SCT,null,null,7000,18000,null,null,null,null,null,null,null,null,null,29.26,KJFK 301151Z 26013KT 10SM SCT070 SCT180 03/M01 A2963 RMK AO2 SLP034 T00331011 10078 20033 53005,null
JFK,2023-12-30 12:51,40,29,64.5,270,13,0,29.64,1003.6,10,null,SCT,BKN,BKN,null,3300,5000,18000,null,null,null,null,null,null,null,null,31.82,KJFK 301251Z 27013KT 10SM SCT033 BKN050 BKN180 04/M02 A2964 RMK AO2 SLP036 T00441017,null
JFK,2023-12-30 13:51,40,29,64.5,270,12,0,29.65,1003.8,10,null,FEW,BKN,BKN,null,4300,5000,18000,null,null,null,null,null,null,null,null,32.18,KJFK 301351Z 27012KT 10SM FEW043 BKN050 BKN180 04/M02 A2965 RMK AO2 SLP038 T00441017,null
JFK,2023-12-30 14:51,41,30,64.63,260,12,0,29.65,1003.8,10,null,BKN,BKN,null,null,5500,15000,null,null,null,null,null,null,null,null,null,33.46,KJFK 301451Z 26012KT 10SM BKN055 BKN150 05/M01 A2965 RMK AO2 SLP038 T00501011 51005,null
JFK,2023-12-30 15:51,41,30,64.63,270,17,0,29.63,1003.5,10,21,BKN,BKN,null,null,5500,15000,null,null,null,null,null,null,null,null,null,31.87,KJFK 301551Z 27017G21KT 10SM BKN055 BKN150 05/M01 A2963 RMK AO2 SLP035 T00501011,null
JFK,2023-12-30 16:51,43,31,62.31,280,18,0,29.62,1003.1,10,null,BKN,BKN,null,null,9500,12000,null,null,null,null,null,null,null,null,null,34.23,KJFK 301651Z 28018KT 10SM BKN095 BKN120 06/M01 A2962 RMK AO2 SLP031 T00611006,null
JFK,2023-12-30 17:51,44,33,65.01,280,16,0,29.62,1002.9,10,21,FEW,BKN,BKN,null,3000,7000,9500,null,null,null,null,null,null,null,null,36.06,KJFK 301751Z 28016G21KT 10SM FEW030 BKN070 BKN095 07/01 A2962 RMK AO2 SLP029 T00670006 10072 20033 56009,null
JFK,2023-12-30 18:51,45,33,62.58,280,18,0,29.62,1003,10,null,SCT,BKN,BKN,null,3100,6500,9500,null,null,null,null,null,null,null,null,36.86,KJFK 301851Z 28018KT 10SM SCT031 BKN065 BKN095 07/01 A2962 RMK AO2 SLP030 T00720006,null
JFK,2023-12-30 19:51,45,33,62.58,270,14,0,29.64,1003.6,10,null,BKN,null,null,null,3600,null,null,null,null,null,null,null,null,null,null,37.92,KJFK 301951Z 27014KT 10SM BKN036 07/01 A2964 RMK AO2 SLP036 T00720006,null
JFK,2023-12-30 20:51,45,34,65.13,280,14,0,29.66,1004.2,10,20,BKN,null,null,null,3400,null,null,null,null,null,null,null,null,null,null,37.92,KJFK 302051Z 28014G20KT 10SM BKN034 07/01 A2966 RMK AO2 SLP042 T00720011 53013,null
JFK,2023-12-30 21:51,45,35,67.78,280,15,0,29.69,1005.3,10,19,BKN,null,null,null,3500,null,null,null,null,null,null,null,null,null,null,37.63,KJFK 302151Z 28015G19KT 10SM BKN035 07/02 A2969 RMK AO2 SLP053 T00720017,null
JFK,2023-12-30 22:51,44,33,65.01,290,11,0,29.72,1006.3,10,null,SCT,SCT,null,null,3600,6000,null,null,null,null,null,null,null,null,null,37.63,KJFK 302251Z 29011KT 10SM SCT036 SCT060 07/01 A2972 RMK AO2 SLP063 T00670006,null
JFK,2023-12-30 23:51,44,33,65.01,300,15,0,29.74,1007.1,10,19,FEW,SCT,null,null,3400,4500,null,null,null,null,null,null,null,null,null,36.34,KJFK 302351Z 30015G19KT 10SM FEW034 SCT045 07/01 A2974 RMK AO2 SLP071 T00670006 10072 20067 51029,null
JFK,2023-12-31 0:51,43,32,64.88,320,12,0,29.76,1007.8,10,null,SCT,BKN,null,null,3600,6000,null,null,null,null,null,null,null,null,null,36,KJFK 310051Z 32012KT 10SM SCT036 BKN060 06/00 A2976 RMK AO2 SLP078 T00610000,null
JFK,2023-12-31 1:51,42,28,57.3,310,12,0,29.78,1008.5,10,null,SCT,BKN,null,null,4000,6000,null,null,null,null,null,null,null,null,null,34.73,KJFK 310151Z 31012KT 10SM SCT040 BKN060 06/M02 A2978 RMK AO2 SLP085 T00561022,null
JFK,2023-12-31 2:51,41,27,57.15,310,10,0,29.81,1009.3,10,null,SCT,SCT,null,null,6000,20000,null,null,null,null,null,null,null,null,null,34.25,KJFK 310251Z 31010KT 10SM SCT060 SCT200 05/M03 A2981 RMK AO2 SLP093 T00501028 52021,null
JFK,2023-12-31 3:51,40,27,59.41,320,12,0,29.83,1009.9,10,null,SCT,SCT,null,null,5500,20000,null,null,null,null,null,null,null,null,null,32.18,KJFK 310351Z 32012KT 10SM SCT055 SCT200 04/M03 A2983 RMK AO2 SLP099 T00441028,null
JFK,2023-12-31 4:51,38,27,64.24,320,8,0,29.84,1010.3,10,null,BKN,BKN,null,null,5500,20000,null,null,null,null,null,null,null,null,null,31.5,KJFK 310451Z 32008KT 10SM BKN055 BKN200 03/M03 A2984 RMK AO2 SLP103 T00331028 400830033,null
JFK,2023-12-31 5:51,40,27,59.41,330,14,0,29.85,1010.9,10,null,BKN,BKN,null,null,4600,20000,null,null,null,null,null,null,null,null,null,31.47,KJFK 310551Z 33014KT 10SM BKN046 BKN200 04/M03 A2985 RMK AO2 SLP109 T00441028 10067 20033 51016,null
JFK,2023-12-31 6:51,40,26,57.01,320,14,0,29.88,1011.8,10,21,BKN,BKN,null,null,4500,20000,null,null,null,null,null,null,null,null,null,31.47,KJFK 310651Z 32014G21KT 10SM BKN045 BKN200 04/M03 A2988 RMK AO2 SLP118 T00441033,null
JFK,2023-12-31 7:51,40,25,54.69,310,12,0,29.91,1012.7,10,null,BKN,BKN,null,null,4000,20000,null,null,null,null,null,null,null,null,null,32.18,KJFK 310751Z 31012KT 10SM BKN040 BKN200 04/M04 A2991 RMK AO2 SLP127 T00441039,null
JFK,2023-12-31 8:51,40,25,54.69,290,14,0,29.92,1013,10,null,BKN,BKN,null,null,4100,20000,null,null,null,null,null,null,null,null,null,31.47,KJFK 310851Z 29014KT 10SM BKN041 BKN200 04/M04 A2992 RMK AO2 SLP130 T00441039 51021,null
JFK,2023-12-31 9:51,40,25,54.69,310,11,0,29.92,1013.1,10,null,BKN,BKN,null,null,4000,20000,null,null,null,null,null,null,null,null,null,32.58,KJFK 310951Z 31011KT 10SM BKN040 BKN200 04/M04 A2992 RMK AO2 SLP131 T00441039,null
JFK,2023-12-31 10:51,39,25,56.86,310,11,0,29.94,1013.7,10,null,BKN,BKN,null,null,4000,20000,null,null,null,null,null,null,null,null,null,31.31,KJFK 311051Z 31011KT 10SM BKN040 BKN200 04/M04 A2994 RMK AO2 SLP137 T00391039,null
JFK,2023-12-31 11:51,39,24,54.54,320,12,0,29.95,1014.3,10,null,BKN,BKN,null,null,4000,20000,null,null,null,null,null,null,null,null,null,30.91,KJFK 311151Z 32012KT 10SM BKN040 BKN200 04/M04 A2995 RMK AO2 SLP143 T00391044 10050 20039 53013,null
JFK,2023-12-31 12:51,40,24,52.45,310,14,0,29.97,1014.7,10,null,SCT,BKN,null,null,4300,20000,null,null,null,null,null,null,null,null,null,31.47,KJFK 311251Z 31014KT 10SM SCT043 BKN200 04/M04 A2997 RMK AO2 SLP147 T00441044,null
JFK,2023-12-31 13:51,41,25,52.61,310,12,0,29.99,1015.5,10,null,BKN,BKN,null,null,4300,15000,null,null,null,null,null,null,null,null,null,33.46,KJFK 311351Z 31012KT 10SM BKN043 BKN150 05/M04 A2999 RMK AO2 SLP155 T00501039,null
JFK,2023-12-31 14:51,42,25,50.61,300,13,0,30.01,1016,10,null,BKN,null,null,null,4300,null,null,null,null,null,null,null,null,null,null,34.38,KJFK 311451Z 30013KT 10SM BKN043 06/M04 A3001 RMK AO2 SLP160 T00561039 53018,null
JFK,2023-12-31 15:51,42,25,50.61,300,13,0,29.99,1015.6,10,null,BKN,null,null,null,4700,null,null,null,null,null,null,null,null,null,null,34.38,KJFK 311551Z 30013KT 10SM BKN047 06/M04 A2999 RMK AO2 SLP156 T00561039,null
JFK,2023-12-31 16:51,42,26,52.76,320,11,0,29.98,1015,10,null,BKN,null,null,null,4300,null,null,null,null,null,null,null,null,null,null,35.1,KJFK 311651Z 32011KT 10SM BKN043 06/M03 A2998 RMK AO2 SLP150 T00561033,null
JFK,2023-12-31 17:51,42,25,50.61,290,8,0,29.97,1014.9,10,null,OVC,null,null,null,4300,null,null,null,null,null,null,null,null,null,null,36.43,KJFK 311751Z 29008KT 10SM OVC043 06/M04 A2997 RMK AO2 SLP149 T00561039 10061 20033 56012,null
JFK,2023-12-31 18:51,43,26,50.77,290,10,0,29.96,1014.3,10,null,OVC,null,null,null,4400,null,null,null,null,null,null,null,null,null,null,36.76,KJFK 311851Z 29010KT 10SM OVC044 06/M03 A2996 RMK AO2 SLP143 T00611033,null
JFK,2023-12-31 19:51,42,26,52.76,300,14,0,29.97,1014.9,10,null,OVC,null,null,null,4500,null,null,null,null,null,null,null,null,null,null,34.05,KJFK 311951Z 30014KT 10SM OVC045 06/M03 A2997 RMK AO2 SLP149 T00561033,null
JFK,2023-12-31 20:51,42,25,50.61,280,10,0,29.97,1014.9,10,null,BKN,null,null,null,4600,null,null,null,null,null,null,null,null,null,null,35.51,KJFK 312051Z 28010KT 10SM BKN046 06/M04 A2997 RMK AO2 SLP149 T00561039 53000,null
JFK,2023-12-31 21:51,42,26,52.76,270,10,0,29.99,1015.4,10,null,OVC,null,null,null,4600,null,null,null,null,null,null,null,null,null,null,35.51,KJFK 312151Z 27010KT 10SM OVC046 06/M03 A2999 RMK AO2 SLP154 T00561033,null
JFK,2023-12-31 22:51,42,25,50.61,310,6,0,30,1015.8,10,null,OVC,null,null,null,4600,null,null,null,null,null,null,null,null,null,null,37.57,KJFK 312251Z 31006KT 10SM OVC046 06/M04 A3000 RMK AO2 SLP158 T00561039,null
JFK,2023-12-31 23:51,42,26,52.76,260,8,0,30.01,1016.2,10,null,OVC,null,null,null,4700,null,null,null,null,null,null,null,null,null,null,36.43,KJFK 312351Z 26008KT 10SM OVC047 06/M03 A3001 RMK AO2 SLP162 T00561033 10061 20056 51013,null
JFK,2024-12-01 0:51,35,16,45.4,280,14,0,30.06,1017.7,10,null,FEW,null,null,null,5500,null,null,null,null,null,null,null,null,null,null,25.03,KJFK 010051Z 28014KT 10SM FEW055 02/M09 A3006 RMK AO2 SLP177 T00171089,null
JFK,2024-12-01 1:51,34,15,45.24,290,13,0,30.07,1018.1,10,25,FEW,null,null,null,5500,null,null,null,null,null,null,null,null,null,null,24.13,KJFK 010151Z 29013G25KT 10SM FEW055 01/M09 A3007 RMK AO2 SLP181 T00111094,null
JFK,2024-12-01 2:51,33,16,49.18,280,15,0,30.07,1018.3,10,null,CLR,null,null,null,null,null,null,null,null,null,null,null,28,280,2024-12-01 2:21,22.08,KJFK 010251Z 28015KT 10SM CLR 01/M09 A3007 RMK AO2 PK WND 28028/0221 SLP183 T00061089 51010,null
JFK,2024-12-01 3:51,33,15,47.08,290,14,0,30.08,1018.5,10,23,CLR,null,null,null,null,null,null,null,null,null,null,null,26,300,2024-12-01 3:06,22.45,KJFK 010351Z 29014G23KT 10SM CLR 01/M09 A3008 RMK AO2 PK WND 30026/0306 SLP185 T00061094,null
JFK,2024-12-01 4:51,32,15,49.02,280,13,0,30.09,1018.7,10,null,CLR,null,null,null,null,null,null,null,null,null,null,null,null,null,null,21.57,KJFK 010451Z 28013KT 10SM CLR 00/M09 A3009 RMK AO2 SLP187 T00001094 400560000,null
JFK,2024-12-01 5:51,31,14,48.85,290,12,0,30.09,1019,10,null,CLR,null,null,null,null,null,null,null,null,null,null,null,null,null,null,20.73,KJFK 010551Z 29012KT 10SM CLR M01/M10 A3009 RMK AO2 SLP190 T10061100 10022 21006 53007,null
JFK,2024-12-01 6:51,31,15,51.04,270,11,0,30.1,1019.3,10,null,CLR,null,null,null,null,null,null,null,null,null,null,null,null,null,null,21.2,KJFK 010651Z 27011KT 10SM CLR M01/M09 A3010 RMK AO2 SLP193 T10061094,null
JFK,2024-12-01 7:51,30,15,53.15,270,10,0,30.11,1019.5,10,null,CLR,null,null,null,null,null,null,null,null,null,null,null,null,null,null,20.46,KJFK 010751Z 27010KT 10SM CLR M01/M09 A3011 RMK AO2 SLP195 T10111094,null
JFK,2024-12-01 8:51,29,14,53,280,10,0,30.11,1019.5,10,null,FEW,null,null,null,25000,null,null,null,null,null,null,null,null,null,null,19.21,KJFK 010851Z 28010KT 10SM FEW250 M02/M10 A3011 RMK AO2 SLP195 T10171100 51005,null
JFK,2024-12-01 9:51,29,13,50.72,280,12,0,30.12,1019.7,10,null,SCT,SCT,null,null,7000,25000,null,null,null,null,null,null,null,null,null,18.18,KJFK 010951Z 28012KT 10SM SCT070 SCT250 M02/M11 A3012 RMK AO2 SLP197 T10171106,null
JFK,2024-12-01 10:51,29,14,53,260,13,0,30.12,1020,10,null,FEW,null,null,null,25000,null,null,null,null,null,null,null,null,null,null,17.73,KJFK 011051Z 26013KT 10SM FEW250 M02/M10 A3012 RMK AO2 SLP200 T10171100,null
JFK,2024-12-01 11:51,29,14,53,260,13,0,30.13,1020.3,10,null,FEW,FEW,SCT,null,3500,15000,25000,null,null,null,null,null,null,null,null,17.73,KJFK 011151Z 26013KT 10SM FEW035 FEW150 SCT250 M02/M10 A3013 RMK AO2 SLP203 T10171100 11006 21017 53008,null
JFK,2024-12-01 12:51,31,16,53.31,260,12,0,30.14,1020.4,10,null,FEW,SCT,BKN,null,3500,16000,22000,null,null,null,null,null,null,null,null,20.73,KJFK 011251Z 26012KT 10SM FEW035 SCT160 BKN220 M01/M09 A3014 RMK AO2 SLP204 T10061089,null
JFK,2024-12-01 13:51,32,16,51.2,280,11,0,30.14,1020.5,10,null,FEW,SCT,BKN,null,4000,16000,24000,null,null,null,null,null,null,null,null,22.47,KJFK 011351Z 28011KT 10SM FEW040 SCT160 BKN240 00/M09 A3014 RMK AO2 SLP205 T00001089,null
JFK,2024-12-01 14:51,34,16,47.25,260,13,0,30.13,1020.1,10,null,FEW,BKN,BKN,null,4000,14000,25000,null,null,null,null,null,null,null,null,24.13,KJFK 011451Z 26013KT 10SM FEW040 BKN140 BKN250 01/M09 A3013 RMK AO2 SLP201 T00111089 58002,null
JFK,2024-12-01 15:51,35,15,43.47,260,15,0,30.11,1019.5,10,null,FEW,FEW,BKN,BKN,4000,9000,14000,25000,null,null,null,null,null,null,null,24.67,KJFK 011551Z 26015KT 10SM FEW040 FEW090 BKN140 BKN250 02/M09 A3011 RMK AO2 SLP195 T00171094,null
JFK,2024-12-01 16:51,36,14,39.99,270,15,0,30.07,1018.3,10,null,FEW,FEW,SCT,BKN,4000,9000,14000,25000,null,null,null,null,null,null,null,25.97,KJFK 011651Z 27015KT 10SM FEW040 FEW090 SCT140 BKN250 02/M10 A3007 RMK AO2 SLP183 T00221100,null
JFK,2024-12-01 17:51,38,14,36.96,270,18,0,30.07,1018.1,10,28,FEW,BKN,BKN,null,4000,15000,25000,null,null,null,null,null,28,270,2024-12-01 17:31,27.65,KJFK 011751Z 27018G28KT 10SM FEW040 BKN150 BKN250 03/M10 A3007 RMK AO2 PK WND 27028/1731 SLP181 T00331100 10033 21017 56020,null
JFK,2024-12-01 18:51,39,13,34.01,280,13,0,30.05,1017.5,10,24,FEW,BKN,BKN,null,4000,18000,25000,null,null,null,null,null,30,270,2024-12-01 18:25,30.54,KJFK 011851Z 28013G24KT 10SM FEW040 BKN180 BKN250 04/M11 A3005 RMK AO2 PK WND 27030/1825 SLP175 T00391106,null
JFK,2024-12-01 19:51,39,15,37.13,270,15,0,30.05,1017.5,10,null,SCT,BKN,BKN,null,4000,18000,25000,null,null,null,null,null,27,250,2024-12-01 19:00,29.85,KJFK 011951Z 27015KT 10SM SCT040 BKN180 BKN250 04/M09 A3005 RMK AO2 PK WND 25027/1900 SLP175 T00391094,null
JFK,2024-12-01 20:51,39,15,37.13,270,11,0,30.05,1017.7,10,20,SCT,BKN,BKN,null,6000,18000,25000,null,null,null,null,null,26,260,2024-12-01 20:20,31.31,KJFK 012051Z 27011G20KT 10SM SCT060 BKN180 BKN250 04/M09 A3005 RMK AO2 PK WND 26026/2020 SLP177 T00391094 55004,null
JFK,2024-12-01 21:51,37,12,35.2,290,11,0,30.07,1018.1,10,20,FEW,SCT,SCT,null,6000,18000,25000,null,null,null,null,null,null,null,null,28.79,KJFK 012151Z 29011G20KT 10SM FEW060 SCT180 SCT250 03/M11 A3007 RMK AO2 SLP181 T00281111,null
JFK,2024-12-01 22:51,37,13,36.79,290,14,0,30.09,1018.9,10,19,SCT,SCT,null,null,18000,25000,null,null,null,null,null,null,null,null,null,27.61,KJFK 012251Z 29014G19KT 10SM SCT180 SCT250 03/M11 A3009 RMK AO2 SLP189 T00281106 $,null
JFK,2024-12-01 23:51,36,12,36.62,290,8,0,30.1,1019.2,10,null,FEW,SCT,BKN,null,6000,18000,25000,null,null,null,null,null,null,null,null,29.04,KJFK 012351Z 29008KT 10SM FEW060 SCT180 BKN250 02/M11 A3010 RMK AO2 SLP192 T00221111 10044 20022 51016 $,null
JFK,2024-12-02 0:51,36,13,38.27,280,9,0,30.11,1019.5,10,null,FEW,SCT,null,null,18000,25000,null,null,null,null,null,null,null,null,null,28.49,KJFK 020051Z 28009KT 10SM FEW180 SCT250 02/M11 A3011 RMK AO2 SLP195 T00221106 $,null
JFK,2024-12-02 1:51,35,13,39.82,280,10,0,30.11,1019.5,10,null,SCT,null,null,null,25000,null,null,null,null,null,null,null,null,null,null,26.73,KJFK 020151Z 28010KT 10SM SCT250 02/M11 A3011 RMK AO2 SLP195 T00171106 $,null
JFK,2024-12-02 2:51,34,13,41.44,290,7,0,30.12,1019.8,10,null,SCT,null,null,null,25000,null,null,null,null,null,null,null,null,null,null,27.22,KJFK 020251Z 29007KT 10SM SCT250 01/M11 A3012 RMK AO2 SLP198 T00111106 53005 $,null
JFK,2024-12-02 3:51,34,13,41.44,290,9,0,30.12,1019.8,10,null,SCT,null,null,null,25000,null,null,null,null,null,null,null,null,null,null,26,KJFK 020351Z 29009KT 10SM SCT250 01/M11 A3012 RMK AO2 SLP198 T00111106 $,null
JFK,2024-12-02 4:51,32,14,46.92,300,5,0,30.12,1019.7,10,null,FEW,null,null,null,25000,null,null,null,null,null,null,null,null,null,null,26.4,KJFK 020451Z 30005KT 10SM FEW250 00/M10 A3012 RMK AO2 SLP197 T00001100 400441017 $,null
JFK,2024-12-02 5:51,33,14,45.07,310,8,0,30.11,1019.6,10,null,SCT,null,null,null,25000,null,null,null,null,null,null,null,null,null,null,25.34,KJFK 020551Z 31008KT 10SM SCT250 01/M10 A3011 RMK AO2 SLP196 T00061100 10028 20000 58001 $,null
JFK,2024-12-02 6:51,33,15,47.08,300,7,0,30.12,1019.8,10,null,FEW,null,null,null,25000,null,null,null,null,null,null,null,null,null,null,26,KJFK 020651Z 30007KT 10SM FEW250 01/M09 A3012 RMK AO2 SLP198 T00061094 $,null
JFK,2024-12-02 7:51,32,15,49.02,300,7,0,30.12,1019.9,10,null,FEW,null,null,null,25000,null,null,null,null,null,null,null,null,null,null,24.78,KJFK 020751Z 30007KT 10SM FEW250 00/M09 A3012 RMK AO2 SLP199 T00001094 $,null
JFK,2024-12-02 8:51,31,15,51.04,290,6,0,30.12,1019.8,10,null,FEW,null,null,null,25000,null,null,null,null,null,null,null,null,null,null,24.33,KJFK 020851Z 29006KT 10SM FEW250 M01/M09 A3012 RMK AO2 SLP198 T10061094 50002 $,null
JFK,2024-12-02 9:51,31,16,53.31,310,6,0,30.12,1020,10,null,FEW,null,null,null,25000,null,null,null,null,null,null,null,null,null,null,24.33,KJFK 020951Z 31006KT 10SM FEW250 M01/M09 A3012 RMK AO2 SLP200 T10061089 $,null
JFK,2024-12-02 10:51,32,17,53.46,330,13,0,30.13,1020.3,10,null,FEW,null,null,null,25000,null,null,null,null,null,null,null,null,null,null,21.57,KJFK 021051Z 33013KT 10SM FEW250 00/M08 A3013 RMK AO2 SLP203 T00001083 $,null
JFK,2024-12-02 11:51,31,17,55.67,310,11,0,30.15,1020.7,10,null,FEW,FEW,null,null,3200,25000,null,null,null,null,null,null,null,null,null,21.2,KJFK 021151Z 31011KT 10SM FEW032 FEW250 M01/M08 A3015 RMK AO2 SLP207 T10061083 10006 21011 53009 $,null
JFK,2024-12-02 12:51,33,18,53.62,320,11,0,30.16,1021.2,10,null,FEW,FEW,null,null,3500,25000,null,null,null,null,null,null,null,null,null,23.73,KJFK 021251Z 32011KT 10SM FEW035 FEW250 01/M08 A3016 RMK AO2 SLP212 T00061078 $,null
JFK,2024-12-02 13:51,35,18,49.5,330,10,0,30.17,1021.4,10,null,FEW,FEW,null,null,3800,25000,null,null,null,null,null,null,null,null,null,26.73,KJFK 021351Z 33010KT 10SM FEW038 FEW250 02/M08 A3017 RMK AO2 SLP214 T00171078 $,null
JFK,2024-12-02 14:51,37,19,47.74,310,9,0,30.17,1021.6,10,null,FEW,FEW,null,null,4000,25000,null,null,null,null,null,null,null,null,null,29.73,KJFK 021451Z 31009KT 10SM FEW040 FEW250 03/M07 A3017 RMK AO2 SLP216 T00281072 51008 $,null
JFK,2024-12-02 15:51,38,20,47.9,320,12,0,30.16,1021.2,10,null,FEW,FEW,null,null,4500,25000,null,null,null,null,null,null,null,null,null,29.64,KJFK 021551Z 32012KT 10SM FEW045 FEW250 03/M07 A3016 RMK AO2 SLP212 T00331067,null
JFK,2024-12-02 16:51,40,20,44.3,310,12,0,30.14,1020.6,10,null,FEW,FEW,FEW,null,5000,16000,25000,null,null,null,null,null,null,null,null,32.18,KJFK 021651Z 31012KT 10SM FEW050 FEW160 FEW250 04/M07 A3014 RMK AO2 SLP206 T00441067,null
JFK,2024-12-02 17:51,41,20,42.62,280,6,0,30.13,1020.1,10,15,FEW,null,null,null,5000,null,null,null,null,null,null,null,null,null,null,36.37,KJFK 021751Z 28006G15KT 10SM FEW050 05/M07 A3013 RMK AO2 SLP201 T00501067 10056 21006 58015,null
JFK,2024-12-02 18:51,41,20,42.62,290,9,0,30.11,1019.5,10,null,FEW,null,null,null,5000,null,null,null,null,null,null,null,null,null,null,34.7,KJFK 021851Z 29009KT 10SM FEW050 05/M07 A3011 RMK AO2 SLP195 T00501067,null
JFK,2024-12-02 19:51,42,19,39.29,320,10,0,30.11,1019.5,10,null,BKN,BKN,null,null,5000,6500,null,null,null,null,null,null,null,null,null,35.51,KJFK 021951Z 32010KT 10SM BKN050 BKN065 06/M07 A3011 RMK AO2 SLP195 T00561072 $,null
JFK,2024-12-02 20:51,40,19,42.45,330,11,0,30.13,1020.3,10,null,BKN,null,null,null,5500,null,null,null,null,null,null,null,null,null,null,32.58,KJFK 022051Z 33011KT 10SM BKN055 04/M07 A3013 RMK AO2 SLP203 T00441072 53002 $,null
JFK,2024-12-02 21:51,39,18,42.28,340,15,0,30.15,1020.8,10,20,BKN,null,null,null,6000,null,null,null,null,null,null,null,null,null,null,29.85,KJFK 022151Z 34015G20KT 10SM BKN060 04/M08 A3015 RMK AO2 SLP208 VIRGA SW-NW T00391078 $,null
JFK,2024-12-02 22:51,38,19,45.9,330,12,0,30.17,1021.5,10,null,FEW,BKN,null,null,4600,7000,null,null,null,null,null,null,null,null,null,29.64,KJFK 022251Z 33012KT 10SM FEW046 BKN070 03/M07 A3017 RMK AO2 SLP215 T00331072 $,null
JFK,2024-12-02 23:51,37,18,45.73,320,11,0,30.17,1021.7,10,null,SCT,null,null,null,7000,null,null,null,null,null,null,null,null,null,null,28.79,KJFK 022351Z 32011KT 10SM SCT070 03/M08 A3017 RMK AO2 SLP217 T00281078 10061 20022 51014 $,null
JFK,2024-12-03 0:51,37,18,45.73,310,12,0,30.18,1021.9,10,19,SCT,null,null,null,7000,null,null,null,null,null,null,null,27,320,2024-12-03 0:27,28.37,KJFK 030051Z 31012G19KT 10SM SCT070 03/M08 A3018 RMK AO2 PK WND 32027/0027 SLP219 T00281078 $,null
JFK,2024-12-03 1:51,36,20,51.83,320,11,0,30.18,1022,10,null,FEW,null,null,null,7000,null,null,null,null,null,null,null,null,null,null,27.52,KJFK 030151Z 32011KT 10SM FEW070 02/M07 A3018 RMK AO2 SLP220 T00221067 $,null
JFK,2024-12-03 2:51,34,20,56.12,320,5,0,30.19,1022.2,10,null,FEW,null,null,null,7000,null,null,null,null,null,null,null,null,null,null,28.77,KJFK 030251Z 32005KT 10SM FEW070 01/M07 A3019 RMK AO2 SLP222 T00111067 51005 $,null
JFK,2024-12-03 3:51,35,20,53.93,310,11,0,30.19,1022.3,10,null,SCT,null,null,null,7500,null,null,null,null,null,null,null,null,null,null,26.26,KJFK 030351Z 31011KT 10SM SCT075 02/M07 A3019 RMK AO2 SLP223 T00171067 $,null
JFK,2024-12-03 4:51,34,21,58.56,300,7,0,30.19,1022.4,10,null,SCT,null,null,null,8000,null,null,null,null,null,null,null,null,null,null,27.22,KJFK 030451Z 30007KT 10SM SCT080 01/M06 A3019 RMK AO2 SLP224 T00111061 400611011 $,null
JFK,2024-12-03 5:51,34,20,56.12,310,7,0,30.19,1022.2,10,null,SCT,null,null,null,8000,null,null,null,null,null,null,null,null,null,null,27.22,KJFK 030551Z 31007KT 10SM SCT080 01/M07 A3019 RMK AO2 SLP222 T00111067 10028 20006 50000 $,null
JFK,2024-12-03 6:51,34,21,58.56,280,4,0,30.2,1022.6,10,null,FEW,BKN,null,null,4500,7500,null,null,null,null,null,null,null,null,null,29.76,KJFK 030651Z COR 28004KT 10SM FEW045 BKN075 01/M06 A3020 RMK AO2 SLP226 T00111061 $,null
JFK,2024-12-03 7:51,35,23,61.23,270,8,0,30.21,1022.8,10,null,BKN,BKN,null,null,4700,8000,null,null,null,null,null,null,null,null,null,27.81,KJFK 030751Z 27008KT 10SM BKN047 BKN080 02/M05 A3021 RMK AO2 SLP228 T00171050 $,null
JFK,2024-12-03 8:51,35,24,63.85,290,6,0,30.21,1022.8,10,null,BKN,null,null,null,8000,null,null,null,null,null,null,null,null,null,null,29.14,KJFK 030851Z 29006KT 10SM BKN080 02/M04 A3021 RMK AO2 SLP228 T00171044 50006 $,null
JFK,2024-12-03 9:51,36,24,61.37,310,8,0,30.21,1022.9,10,null,BKN,null,null,null,7500,null,null,null,null,null,null,null,null,null,null,29.04,KJFK 030951Z 31008KT 10SM BKN075 02/M04 A3021 RMK AO2 SLP229 T00221044 $,null
JFK,2024-12-03 10:51,35,24,63.85,320,10,0,30.22,1023.3,10,null,FEW,OVC,null,null,5500,7500,null,null,null,null,null,null,null,null,null,26.73,KJFK 031051Z 32010KT 10SM FEW055 OVC075 02/M04 A3022 RMK AO2 SLP233 T00171044 $,null
JFK,2024-12-03 11:46,35.6,24.8,64.46,310,8,T,30.24,null,10,null,FEW,BKN,null,null,2700,6000,null,null,#NAME?,null,null,null,null,null,null,28.55,KJFK 031146Z 31008KT 10SM -SN FEW027 BKN060 02/M04 A3024 RMK AO2 SNB46 P0000 $,null
JFK,2024-12-03 11:51,36,24,61.37,320,8,T,30.24,1023.8,9,null,FEW,BKN,null,null,2700,6000,null,null,#NAME?,null,null,null,null,null,null,29.04,KJFK 031151Z 32008KT 9SM -SN FEW027 BKN060 02/M04 A3024 RMK AO2 SNB46 SLP238 P0000 60000 T00221044 10022 20000 53010 $,null
JFK,2024-12-03 12:45,37.4,24.8,60.04,300,9,T,30.25,null,10,null,FEW,BKN,null,null,2900,6000,null,null,null,null,null,null,null,null,null,30.23,KJFK 031245Z 30009KT 10SM FEW029 BKN060 03/M04 A3025 RMK AO2 SNE45 VCSH SW P0000 $,null
JFK,2024-12-03 12:51,37,24,58.99,310,9,T,30.25,1024.2,10,null,FEW,BKN,null,null,2900,6000,null,null,null,null,null,null,null,null,null,29.73,KJFK 031251Z 31009KT 10SM FEW029 BKN060 03/M04 A3025 RMK AO2 SNE45 SLP242 VCSH SW P0000 T00281044 $,null
JFK,2024-12-03 13:51,38,25,59.13,320,11,0,30.26,1024.7,10,null,FEW,BKN,null,null,3100,5500,null,null,null,null,null,null,null,null,null,30.05,KJFK 031351Z 32011KT 10SM FEW031 BKN055 03/M04 A3026 RMK AO2 SLP247 VIRGA S T00331039 $,null
JFK,2024-12-03 14:51,40,26,57.01,320,7,0,30.27,1024.8,10,null,FEW,BKN,null,null,3100,5500,null,null,null,null,null,null,null,null,null,34.53,KJFK 031451Z 32007KT 10SM FEW031 BKN055 04/M03 A3027 RMK AO2 SLP248 60000 T00441033 51010,null
JFK,2024-12-03 15:51,41,24,50.46,330,11,0,30.26,1024.6,10,null,SCT,BKN,null,null,3300,5000,null,null,null,null,null,null,null,null,null,33.84,KJFK 031551Z 33011KT 10SM SCT033 BKN050 05/M04 A3026 RMK AO2 SLP246 T00501044,null
JFK,2024-12-03 16:51,41,23,48.39,300,10,0,30.24,1023.9,10,null,SCT,BKN,null,null,3900,4900,null,null,null,null,null,null,null,null,null,34.25,KJFK 031651Z 30010KT 10SM SCT039 BKN049 05/M05 A3024 RMK AO2 SLP239 T00501050,null
JFK,2024-12-03 17:51,42,23,46.55,290,9,0,30.22,1023.3,10,null,BKN,BKN,BKN,null,4400,6000,25000,null,null,null,null,null,null,null,null,35.95,KJFK 031751Z 29009KT 10SM BKN044 BKN060 BKN250 06/M05 A3022 RMK AO2 SLP233 60000 T00561050 10067 20022 58015,null
JFK,2024-12-03 18:51,44,22,41.34,310,13,0,30.22,1023.1,10,18,BKN,null,null,null,5000,null,null,null,null,null,null,null,null,null,null,36.94,KJFK 031851Z 31013G18KT 10SM BKN050 07/M06 A3022 RMK AO2 SLP231 T00671056,null
JFK,2024-12-03 19:51,44,21,39.62,310,11,0,30.22,1023.1,10,null,SCT,null,null,null,5000,null,null,null,null,null,null,null,null,null,null,37.63,KJFK 031951Z 31011KT 10SM SCT050 07/M06 A3022 RMK AO2 SLP231 VCSH NW T00671061,null
JFK,2024-12-03 20:51,42,21,42.78,280,10,0,30.22,1023.4,10,null,SCT,null,null,null,6000,null,null,null,null,null,null,null,null,null,null,35.51,KJFK 032051Z 28010KT 10SM SCT060 06/M06 A3022 RMK AO2 SLP234 T00561061 53001,null
JFK,2024-12-03 21:51,41,21,44.47,280,9,0,30.23,1023.7,10,null,SCT,null,null,null,7000,null,null,null,null,null,null,null,null,null,null,34.7,KJFK 032151Z 28009KT 10SM SCT070 05/M06 A3023 RMK AO2 SLP237 VCSH NW T00501061,null
JFK,2024-12-03 22:51,41,20,42.62,290,10,0,30.24,1024.1,10,22,SCT,BKN,null,null,5000,7500,null,null,null,null,null,null,null,null,null,34.25,KJFK 032251Z 29010G22KT 10SM SCT050 BKN075 05/M07 A3024 RMK AO2 SLP241 T00501067,null
JFK,2024-12-03 23:51,40,22,48.22,290,17,0,30.26,1024.6,10,26,FEW,SCT,null,null,5000,7000,null,null,null,null,null,null,26,290,2024-12-03 23:46,30.56,KJFK 032351Z 29017G26KT 10SM FEW050 SCT070 04/M06 A3026 RMK AO2 PK WND 29026/2346 SLP246 T00441056 10067 20044 53013,null
JFK,2024-12-04 0:51,39,17,40.5,310,18,0,30.27,1025.1,10,26,FEW,FEW,null,null,4500,7000,null,null,null,null,null,null,27,320,2024-12-04 0:37,28.96,KJFK 040051Z 31018G26KT 10SM FEW045 FEW070 04/M08 A3027 RMK AO2 PK WND 32027/0037 SLP251 T00391083,null
JFK,2024-12-04 1:51,36,10,33.5,320,17,0,30.29,1025.8,10,26,FEW,null,null,null,4500,null,null,null,null,null,null,null,30,310,2024-12-04 1:31,25.32,KJFK 040151Z 32017G26KT 10SM FEW045 02/M12 A3029 RMK AO2 PK WND 31030/0131 SLP258 T00221122,null
JFK,2024-12-04 2:51,34,13,41.44,340,13,0,30.3,1026,10,21,FEW,null,null,null,5000,null,null,null,null,null,null,null,null,null,null,24.13,KJFK 040251Z 34013G21KT 10SM FEW050 01/M11 A3030 RMK AO2 SLP260 T00111106 51013,null
JFK,2024-12-04 3:51,34,13,41.44,320,9,0,30.31,1026.2,10,null,FEW,null,null,null,4800,null,null,null,null,null,null,null,null,null,null,26,KJFK 040351Z 32009KT 10SM FEW048 01/M11 A3031 RMK AO2 SLP262 T00111106,null
JFK,2024-12-04 4:51,33,14,45.07,300,7,0,30.3,1026.1,10,null,FEW,null,null,null,5500,null,null,null,null,null,null,null,null,null,null,26,KJFK 040451Z 30007KT 10SM FEW055 01/M10 A3030 RMK AO2 SLP261 T00061100 400670000,null
JFK,2024-12-04 5:51,33,14,45.07,280,7,0,30.3,1026,10,null,CLR,null,null,null,null,null,null,null,null,null,null,null,null,null,null,26,KJFK 040551Z 28007KT 10SM CLR 01/M10 A3030 RMK AO2 SLP260 T00061100 10039 20000 50000,null
JFK,2024-12-04 6:51,33,15,47.08,280,8,0,30.31,1026.2,10,null,CLR,null,null,null,null,null,null,null,null,null,null,null,null,null,null,25.34,KJFK 040651Z 28008KT 10SM CLR 01/M09 A3031 RMK AO2 SLP262 T00061094,null
JFK,2024-12-04 7:51,30,16,55.52,250,6,0,30.31,1026.2,10,null,CLR,null,null,null,null,null,null,null,null,null,null,null,null,null,null,23.12,KJFK 040751Z 25006KT 10SM CLR M01/M09 A3031 RMK AO2 SLP262 T10111089,null
JFK,2024-12-04 8:51,33,22,63.59,280,7,0,30.29,1025.8,10,null,CLR,null,null,null,null,null,null,null,null,null,null,null,null,null,null,26,KJFK 040851Z 28007KT 10SM CLR 01/M06 A3029 RMK AO2 SLP258 T00061056 58002,null
JFK,2024-12-04 9:51,32,23,69.04,280,7,0,30.3,1025.8,10,null,FEW,null,null,null,25000,null,null,null,null,null,null,null,null,null,null,24.78,KJFK 040951Z 28007KT 10SM FEW250 00/M05 A3030 RMK AO2 SLP258 T00001050,null
JFK,2024-12-04 10:51,32,23,69.04,280,7,0,30.28,1025.4,10,null,FEW,null,null,null,25000,null,null,null,null,null,null,null,null,null,null,24.78,KJFK 041051Z 28007KT 10SM FEW250 00/M05 A3028 RMK AO2 SLP254 T00001050,null
JFK,2024-12-04 11:51,31,23,71.89,290,7,0,30.29,1025.6,10,null,FEW,FEW,null,null,3000,25000,null,null,null,null,null,null,null,null,null,23.56,KJFK 041151Z 29007KT 10SM FEW030 FEW250 M01/M05 A3029 RMK AO2 SLP256 T10061050 10006 21017 55002,null
JFK,2024-12-04 12:51,34,24,66.45,280,7,0,30.29,1025.5,10,null,FEW,FEW,null,null,3000,25000,null,null,null,null,null,null,null,null,null,27.22,KJFK 041251Z 28007KT 10SM FEW030 FEW250 01/M04 A3029 RMK AO2 SLP255 T00111044,null
JFK,2024-12-04 13:51,36,25,63.98,260,6,0,30.27,1025.1,10,null,FEW,FEW,null,null,3200,25000,null,null,null,null,null,null,null,null,null,30.35,KJFK 041351Z 26006KT 10SM FEW032 FEW250 02/M04 A3027 RMK AO2 SLP251 T00221039,null
JFK,2024-12-04 14:51,38,24,56.71,240,6,0,30.27,1024.8,10,null,FEW,FEW,SCT,null,3500,14000,25000,null,null,null,null,null,null,null,null,32.76,KJFK 041451Z 24006KT 10SM FEW035 FEW140 SCT250 03/M04 A3027 RMK AO2 SLP248 T00331044 58008,null
JFK,2024-12-04 15:51,40,25,54.69,220,9,0,30.24,1024,10,null,FEW,FEW,BKN,null,3700,14000,25000,null,null,null,null,null,null,null,null,33.46,KJFK 041551Z 22009KT 10SM FEW037 FEW140 BKN250 04/M04 A3024 RMK AO2 SLP240 T00441039,null
JFK,2024-12-04 16:51,40,23,50.3,220,12,0,30.2,1022.6,10,null,FEW,FEW,BKN,null,4000,14000,25000,null,null,null,null,null,null,null,null,32.18,KJFK 041651Z 22012KT 10SM FEW040 FEW140 BKN250 04/M05 A3020 RMK AO2 SLP226 T00441050,null
JFK,2024-12-04 17:51,40,21,46.23,220,14,0,30.15,1021,10,null,FEW,SCT,SCT,OVC,4000,9500,14000,25000,null,null,null,null,null,null,null,31.47,KJFK 041751Z 22014KT 10SM FEW040 SCT095 SCT140 OVC250 04/M06 A3015 RMK AO2 SLP210 T00441061 10050 21006 58038,null
JFK,2024-12-04 18:51,41,24,50.46,200,12,0,30.1,1019.3,10,null,FEW,FEW,BKN,BKN,4200,8500,12000,25000,null,null,null,null,null,null,null,33.46,KJFK 041851Z 20012KT 10SM FEW042 FEW085 BKN120 BKN250 05/M04 A3010 RMK AO2 SLP193 T00501044,null
JFK,2024-12-04 19:51,41,23,48.39,200,15,0,30.06,1018,10,null,FEW,BKN,BKN,BKN,4000,10000,14000,25000,null,null,null,null,null,null,null,32.45,KJFK 041951Z 20015KT 10SM FEW040 BKN100 BKN140 BKN250 05/M05 A3006 RMK AO2 SLP180 T00501050,null
JFK,2024-12-04 20:51,42,25,50.61,200,15,0,30.02,1016.7,10,23,FEW,BKN,BKN,BKN,4000,9500,16000,25000,null,null,null,null,null,null,null,33.74,KJFK 042051Z 20015G23KT 10SM FEW040 BKN095 BKN160 BKN250 06/M04 A3002 RMK AO2 SLP167 T00561039 56043,null
JFK,2024-12-04 21:51,42,23,46.55,200,19,0,30.01,1016,10,28,FEW,BKN,BKN,BKN,4000,7500,16000,25000,null,null,null,null,29,200,2024-12-04 21:41,32.66,KJFK 042151Z 20019G28KT 10SM FEW040 BKN075 BKN160 BKN250 06/M05 A3001 RMK AO2 PK WND 20029/2141 SLP160 T00561050,null
JFK,2024-12-04 22:51,42,23,46.55,210,17,0,29.98,1015,10,26,FEW,BKN,OVC,null,4000,7000,8500,null,null,null,null,null,29,210,2024-12-04 22:41,33.18,KJFK 042251Z 21017G26KT 10SM FEW040 BKN070 OVC085 06/M05 A2998 RMK AO2 PK WND 21029/2241 SLP150 VIRGA N-NE T00561050,null
JFK,2024-12-04 23:51,43,29,57.44,200,18,0,29.92,1013.3,10,27,FEW,OVC,null,null,4000,6000,null,null,null,null,null,null,29,210,2024-12-04 23:24,34.23,KJFK 042351Z 20018G27KT 10SM FEW040 OVC060 06/M02 A2992 RMK AO2 PK WND 21029/2324 SLP133 VIRGA NW-NE T00611017 10061 20044 58034,null
JFK,2024-12-05 0:51,44,29,55.29,220,23,0,29.9,1012.3,10,29,FEW,OVC,null,null,3000,5500,null,null,null,null,null,null,29,210,2024-12-05 0:17,34.44,KJFK 050051Z 22023G29KT 10SM FEW030 OVC055 07/M02 A2990 RMK AO2 PK WND 21029/0017 SLP123 T00671017,null
JFK,2024-12-05 1:51,42,25,50.61,230,19,T,29.87,1011.5,9,38,BKN,OVC,null,null,3800,5000,null,null,#NAME?,null,null,null,38,240,2024-12-05 1:48,32.66,KJFK 050151Z 23019G38KT 9SM -RA BKN038 OVC050 06/M04 A2987 RMK AO2 PK WND 24038/0148 RAB0054E18B49 SLP115 P0000 T00561039,null
JFK,2024-12-05 1:54,41,26,54.84,220,26,T,29.87,null,10,41,BKN,OVC,null,null,3300,5000,null,null,#NAME?,null,null,null,41,230,2024-12-05 1:54,29.8,KJFK 050154Z 22026G41KT 10SM -RASN BKN033 OVC050 05/M03 A2987 RMK AO2 PK WND 23041/0154 SNB54 P0000 T00501033,null
JFK,2024-12-05 2:11,39,28,64.37,230,18,T,29.85,null,10,36,FEW,BKN,OVC,null,1300,2700,4600,null,#NAME?,null,null,null,41,230,2024-12-05 1:54,28.96,KJFK 050211Z 23018G36KT 10SM -RASN FEW013 BKN027 OVC046 04/M02 A2985 RMK AO2 PK WND 23041/0154 SNB0154 P0000 T00391022,null
JFK,2024-12-05 2:37,41,28,59.55,230,20,T,29.84,null,10,40,FEW,BKN,OVC,null,1400,2900,4300,null,#NAME?,null,null,null,41,230,2024-12-05 1:54,31.09,KJFK 050237Z 23020G40KT 10SM -RA FEW014 BKN029 OVC043 05/M02 A2984 RMK AO2 PK WND 23041/0154 SNB0154E37 P0000 T00501022,null
JFK,2024-12-05 2:49,41,28.4,60.54,220,22,T,29.82,null,10,32,FEW,BKN,OVC,null,1800,3100,4300,null,#NAME?,null,null,null,41,230,2024-12-05 1:54,30.63,KJFK 050249Z 22022G32KT 10SM -RA FEW018 BKN031 OVC043 05/M02 A2982 RMK AO2 PK WND 23041/0154 SNB0154E37 PRESFR P0000 FIBI (RR) IEM_GHCNH,null
JFK,2024-12-05 2:51,41,28,59.55,220,17,T,29.82,1009.7,10,32,FEW,BKN,OVC,null,1800,3100,4300,null,#NAME?,null,null,null,41,230,2024-12-05 1:54,31.87,KJFK 050251Z 22017G32KT 10SM -RA FEW018 BKN031 OVC043 05/M02 A2982 RMK AO2 PK WND 23041/0154 SNB0154E37 PRESFR SLP097 P0000 60000 T00501022 58036,null
JFK,2024-12-05 3:51,43,26,50.77,230,18,T,29.78,1008.3,10,32,FEW,SCT,OVC,null,2000,4000,5500,null,#NAME?,null,null,null,33,210,2024-12-05 3:31,34.23,KJFK 050351Z 23018G32KT 10SM -RA FEW020 SCT040 OVC055 06/M03 A2978 RMK AO2 PK WND 21033/0331 RAE20B43 SLP083 P0000 T00611033,null
JFK,2024-12-05 4:29,38,33,82,240,19,0.01,29.78,null,10,29,BKN,OVC,null,null,2100,4000,null,null,#NAME?,null,null,null,37,220,2024-12-05 4:07,27.37,KJFK 050429Z 24019G29KT 10SM -RA BKN021 OVC040 03/01 A2978 RMK AO2 PK WND 22037/0407 P0001 T00330006,null
JFK,2024-12-05 4:51,39,33,78.86,260,15,0.02,29.77,1008,10,23,OVC,null,null,null,2500,null,null,null,#NAME?,null,null,null,37,220,2024-12-05 4:07,29.85,KJFK 050451Z 26015G23KT 10SM -RA OVC025 04/01 A2977 RMK AO2 PK WND 22037/0407 SLP080 P0002 T00390006 400671017,null
JFK,2024-12-05 5:02,38,32,78.77,230,25,T,29.77,null,8,33,OVC,null,null,null,2100,null,null,null,#NAME?,null,null,null,33,230,2024-12-05 5:01,25.94,KJFK 050502Z 23025G33KT 8SM -RASN OVC021 03/00 A2977 RMK AO2 PK WND 23033/0501 SNB02 P0000 T00330000,null
JFK,2024-12-05 5:18,37,32,81.93,240,21,0.02,29.77,null,6,null,FEW,OVC,null,null,900,1500,null,null,#NAME?,null,null,null,33,230,2024-12-05 5:01,25.52,KJFK 050518Z 24021KT 6SM -RASN FEW009 OVC015 03/00 A2977 RMK AO2 PK WND 23033/0501 SNB02 P0002 T00280000,null
JFK,2024-12-05 5:49,33.8,32,93.03,230,13,0.1,29.73,null,3,null,BKN,OVC,null,null,600,900,null,null,#NAME?,null,null,null,33,230,2024-12-05 5:01,23.87,KJFK 050549Z 23013KT 3SM -SN BR BKN006 OVC009 01/00 A2973 RMK AO2 PK WND 23033/0501 RAE45SNB02 P0010 FIBI (RM) IEM_GHCNH,null
JFK,2024-12-05 5:51,34,32,92.29,230,13,0.1,29.73,1006.7,3,null,BKN,OVC,null,null,600,900,null,null,#NAME?,null,null,null,33,230,2024-12-05 5:01,24.13,KJFK 050551Z 23013KT 3SM -SN BR BKN006 OVC009 01/00 A2973 RMK AO2 PK WND 23033/0501 RAE45SNB02 SLP067 P0010 60012 T00110000 10067 20011 56030,null
JFK,2024-12-05 6:51,35,33,92.32,220,11,0.07,29.69,1005.4,9,null,OVC,null,null,null,800,null,null,null,#NAME?,null,null,null,null,null,null,26.26,KJFK 050651Z 22011KT 9SM -RASN OVC008 02/01 A2969 RMK AO2 RAB21 SLP054 P0007 T00170006,null
JFK,2024-12-05 7:49,37.4,33.8,86.69,220,14,0.02,29.67,null,10,null,OVC,null,null,null,1200,null,null,null,#NAME?,null,null,null,null,null,null,28.12,KJFK 050749Z 22014KT 10SM -RA OVC012 03/01 A2967 RMK AO2 SNE47 P0002 FIBI (RM) IEM_GHCNH,null
JFK,2024-12-05 7:51,37,34,88.78,220,13,0.02,29.66,1004.5,10,null,OVC,null,null,null,1200,null,null,null,#NAME?,null,null,null,null,null,null,27.97,KJFK 050751Z 22013KT 10SM -RA OVC012 03/01 A2966 RMK AO2 SNE47 SLP045 P0002 T00280011,null
JFK,2024-12-05 8:42,38,35,88.83,220,10,T,29.62,null,10,null,SCT,OVC,null,null,1400,5500,null,null,#NAME?,null,null,null,null,null,null,30.49,KJFK 050842Z 22010KT 10SM -RA SCT014 OVC055 03/02 A2962 RMK AO2 P0000 T00330017,null
JFK,2024-12-05 8:51,38,35,88.83,220,10,T,29.61,1002.7,10,null,FEW,BKN,OVC,null,1400,5500,7500,null,null,null,null,null,null,null,null,30.49,KJFK 050851Z 22010KT 10SM FEW014 BKN055 OVC075 03/02 A2961 RMK AO2 RAE43 SLP027 P0000 60009 T00330017 58040,null
JFK,2024-12-05 9:51,40,34,78.94,220,14,T,29.57,1001.3,10,null,OVC,null,null,null,6500,null,null,null,#NAME?,null,null,null,null,null,null,31.47,KJFK 050951Z 22014KT 10SM -RA OVC065 04/01 A2957 RMK AO2 RAB33 SLP013 P0000 T00440011,null
JFK,2024-12-05 10:51,41,33,72.96,240,10,T,29.54,1000.2,10,null,BKN,OVC,null,null,6000,7500,null,null,null,null,null,null,null,null,null,34.25,KJFK 051051Z 24010KT 10SM BKN060 OVC075 05/01 A2954 RMK AO2 RAE0958 SLP002 P0000 T00500006,null
JFK,2024-12-05 11:26,42,33,70.19,280,28,T,29.59,null,7,39,SCT,OVC,null,null,2900,5500,null,null,#NAME?,null,null,null,39,270,2024-12-05 11:25,30.79,KJFK 051126Z 28028G39KT 7SM -RASN SCT029 OVC055 06/01 A2959 RMK AO2 PK WND 27039/1125 RAB25SNB26 P0000 T00560006,null
JFK,2024-12-05 11:33,39,33,78.86,270,20,0,29.58,null,5,39,BKN,BKN,OVC,null,1700,3300,5500,null,RA,null,null,null,39,270,2024-12-05 11:25,28.44,KJFK 051133Z 27020G39KT 5SM RA BKN017 BKN033 OVC055 04/01 A2958 RMK AO2 PK WND 27039/1125 RAB25SNB26E33 T00390006 PNO,null
JFK,2024-12-05 11:51,39,34,82.08,270,13,0.02,29.57,1001.2,8,null,BKN,BKN,OVC,null,1700,3300,5500,null,#NAME?,null,null,null,39,270,2024-12-05 11:25,30.54,KJFK 051151Z 27013KT 8SM -RA BKN017 BKN033 OVC055 04/01 A2957 RMK AO2 PK WND 27039/1125 RAB25SNB26E33 SLP012 BKN017 V SCT P0002 60011 70023 T00390011 10056 20011 55015 $,null
JFK,2024-12-05 12:09,39,34,82.08,270,13,T,29.57,null,10,19,SCT,OVC,null,null,2200,6000,null,null,null,null,null,null,null,null,null,30.54,KJFK 051209Z 27013G19KT 10SM SCT022 OVC060 04/01 A2957 RMK AO2 RAE09 P0000 T00390011 $,null
JFK,2024-12-05 12:51,39,34,82.08,250,13,T,29.55,1000.7,10,null,FEW,SCT,BKN,null,2800,5500,7500,null,null,null,null,null,null,null,null,30.54,KJFK 051251Z 25013KT 10SM FEW028 SCT055 BKN075 04/01 A2955 RMK AO2 RAE09 SLP007 P0000 T00390011 $,null
JFK,2024-12-05 13:51,41,34,75.94,250,20,0,29.55,1000.4,10,26,FEW,SCT,BKN,BKN,2800,7000,9000,16000,null,null,null,null,26,250,2024-12-05 13:50,31.09,KJFK 051351Z 25020G26KT 10SM FEW028 SCT070 BKN090 BKN160 05/01 A2955 RMK AO2 PK WND 25026/1350 SLP004 T00500011,null
JFK,2024-12-05 14:51,41,33,72.96,260,22,0,29.56,1001.1,10,28,FEW,SCT,BKN,BKN,3000,6500,10000,20000,null,null,null,null,29,260,2024-12-05 14:41,30.63,KJFK 051451Z 26022G28KT 10SM FEW030 SCT065 BKN100 BKN200 05/01 A2956 RMK AO2 PK WND 26029/1441 SLP011 VCSH SE-S 60000 T00500006 55002,null
JFK,2024-12-05 15:31,42,33,70.19,290,18,0,29.55,null,10,28,FEW,BKN,BKN,BKN,1900,2700,6000,13000,null,null,null,null,28,270,2024-12-05 15:28,32.91,KJFK 051531Z 29018G28KT 10SM FEW019 BKN027 BKN060 BKN130 06/01 A2955 RMK AO2 PK WND 27028/1528 VCSH SW-NW T00560006,null
JFK,2024-12-05 15:51,39,29,67.06,270,22,T,29.56,1000.9,8,32,FEW,BKN,BKN,BKN,1900,2400,6000,13000,#NAME?,null,null,null,37,290,2024-12-05 15:40,27.95,KJFK 051551Z 27022G32KT 8SM -RASN FEW019 BKN024 BKN060 BKN130 04/M02 A2956 RMK AO2 PK WND 29037/1540 RAB41SNB49 SLP009 P0000 T00391017,null
JFK,2024-12-05 16:11,39,29,67.06,280,19,T,29.55,null,10,37,SCT,BKN,BKN,BKN,2700,4400,7500,13000,null,null,null,null,37,260,2024-12-05 16:02,28.69,KJFK 051611Z 28019G37KT 10SM SCT027 BKN044 BKN075 BKN130 04/M02 A2955 RMK AO2 PK WND 26037/1602 RAE11SNE11 VCSH N-SE P0000 T00391017,null
JFK,2024-12-05 16:51,42,29,59.69,270,20,T,29.54,1000.3,10,31,SCT,BKN,BKN,null,3200,7000,13000,null,null,null,null,null,38,260,2024-12-05 16:38,32.42,KJFK 051651Z 27020G31KT 10SM SCT032 BKN070 BKN130 06/M02 A2954 RMK AO2 PK WND 26038/1638 RAE11SNE11 SLP003 P0000 T00561017,null
JFK,2024-12-05 17:51,41,22,46.39,270,28,0,29.56,1001.1,10,38,BKN,BKN,BKN,null,4700,6500,13000,null,null,null,null,null,38,270,2024-12-05 17:46,29.43,KJFK 051751Z 27028G38KT 10SM BKN047 BKN065 BKN130 05/M06 A2956 RMK AO2 PK WND 27038/1746 SLP011 VCSH SE 60000 T00501056 10067 20033 55000,null
JFK,2024-12-05 18:51,41,19,40.83,280,23,0,29.58,1001.6,10,39,SCT,null,null,null,5000,null,null,null,null,null,null,null,43,290,2024-12-05 18:13,30.41,KJFK 051851Z 28023G39KT 10SM SCT050 05/M07 A2958 RMK AO2 PK WND 29043/1813 SLP016 T00501072,null
JFK,2024-12-05 19:51,39,19,44.14,280,28,0,29.62,1003.1,10,39,SCT,SCT,null,null,5000,8000,null,null,null,null,null,null,42,270,2024-12-05 19:39,26.69,KJFK 051951Z 28028G39KT 10SM SCT050 SCT080 04/M07 A2962 RMK AO2 PK WND 27042/1939 SLP031 VCSH N T00391072,null
JFK,2024-12-05 20:51,39,20,46.06,290,21,0,29.69,1005.2,10,33,BKN,BKN,null,null,5000,8000,null,null,null,null,null,null,37,280,2024-12-05 20:11,28.19,KJFK 052051Z 29021G33KT 10SM BKN050 BKN080 04/M07 A2969 RMK AO2 PK WND 28037/2011 SLP052 T00391067 53041,null
JFK,2024-12-05 21:51,37,22,54.23,280,17,0,29.72,1006.3,10,23,SCT,null,null,null,4600,null,null,null,null,null,null,null,39,280,2024-12-05 21:06,26.63,KJFK 052151Z 28017G23KT 10SM SCT046 03/M06 A2972 RMK AO2 PK WND 28039/2106 SLP063 T00281056,null
JFK,2024-12-05 22:51,38,22,52.14,280,23,0,29.76,1007.6,10,31,FEW,null,null,null,4600,null,null,null,null,null,null,null,36,280,2024-12-05 22:36,26.38,KJFK 052251Z 28023G31KT 10SM FEW046 03/M06 A2976 RMK AO2 PK WND 28036/2236 SLP076 T00331056,null
JFK,2024-12-05 23:51,38,21,49.98,280,17,0,29.79,1008.7,10,32,FEW,null,null,null,4600,null,null,null,null,null,null,null,36,280,2024-12-05 22:57,27.94,KJFK 052351Z 28017G32KT 10SM FEW046 03/M06 A2979 RMK AO2 PK WND 28036/2257 SLP087 T00331061 10050 20028 51036,null
JFK,2024-12-06 0:51,36,19,49.66,280,17,0,29.82,1009.7,10,30,FEW,null,null,null,5000,null,null,null,null,null,null,null,34,270,2024-12-06 0:20,25.32,KJFK 060051Z 28017G30KT 10SM FEW050 02/M07 A2982 RMK AO2 PK WND 27034/0020 SLP097 T00221072,null
JFK,2024-12-06 1:51,36,18,47.58,270,24,0,29.84,1010.3,10,31,FEW,null,null,null,5000,null,null,null,null,null,null,null,33,270,2024-12-06 1:29,23.46,KJFK 060151Z 27024G31KT 10SM FEW050 02/M08 A2984 RMK AO2 PK WND 27033/0129 SLP103 T00221078,null
JFK,2024-12-06 2:51,34,18,51.52,280,19,0,29.87,1011.4,10,28,FEW,null,null,null,5000,null,null,null,null,null,null,null,32,270,2024-12-06 2:20,22.08,KJFK 060251Z 28019G28KT 10SM FEW050 01/M08 A2987 RMK AO2 PK WND 27032/0220 SLP114 T00111078 53027,null
JFK,2024-12-06 3:51,33,18,53.62,280,15,0,29.87,1011.3,10,26,FEW,null,null,null,5500,null,null,null,null,null,null,null,29,280,2024-12-06 3:12,22.08,KJFK 060351Z 28015G26KT 10SM FEW055 01/M08 A2987 RMK AO2 PK WND 28029/0312 SLP113 T00061078,null
JFK,2024-12-06 4:51,33,18,53.62,280,16,0,29.87,1011.5,10,27,FEW,null,null,null,4700,null,null,null,null,null,null,null,27,280,2024-12-06 4:44,21.72,KJFK 060451Z 28016G27KT 10SM FEW047 01/M08 A2987 RMK AO2 PK WND 28027/0444 SLP115 T00061078 400670000,null
JFK,2024-12-06 5:51,33,19,55.97,280,19,0,29.89,1012.1,10,28,FEW,null,null,null,5000,null,null,null,null,null,null,null,29,280,2024-12-06 5:41,20.76,KJFK 060551Z 28019G28KT 10SM FEW050 01/M07 A2989 RMK AO2 PK WND 28029/0541 SLP121 T00061072 10033 20000 53007,null
JFK,2024-12-06 6:51,34,19,53.77,280,19,0,29.91,1012.6,10,25,BKN,null,null,null,5000,null,null,null,null,null,null,null,29,280,2024-12-06 5:57,22.08,KJFK 060651Z 28019G25KT 10SM BKN050 01/M07 A2991 RMK AO2 PK WND 28029/0557 SLP126 T00111072,null
JFK,2024-12-06 7:51,34,20,56.12,270,14,0,29.93,1013.3,10,23,BKN,null,null,null,5000,null,null,null,null,null,null,null,26,270,2024-12-06 6:54,23.74,KJFK 060751Z 27014G23KT 10SM BKN050 01/M07 A2993 RMK AO2 PK WND 27026/0654 SLP133 T00111067,null
JFK,2024-12-06 8:51,34,15,45.24,320,23,0,29.95,1014.2,10,32,FEW,null,null,null,5500,null,null,null,null,null,null,null,32,320,2024-12-06 8:51,21,KJFK 060851Z 32023G32KT 10SM FEW055 01/M09 A2995 RMK AO2 PK WND 32032/0851 SLP142 T00111094 53022,null
JFK,2024-12-06 9:51,33,14,45.07,320,19,0,29.97,1015,10,29,SCT,null,null,null,5000,null,null,null,null,null,null,null,38,300,2024-12-06 9:07,20.76,KJFK 060951Z 32019G29KT 10SM SCT050 01/M10 A2997 RMK AO2 PK WND 30038/0907 SLP150 T00061100,null
JFK,2024-12-06 10:51,32,13,44.9,300,19,0,30.01,1016.1,10,37,SCT,null,null,null,4800,null,null,null,null,null,null,null,37,290,2024-12-06 10:46,19.44,KJFK 061051Z 30019G37KT 10SM SCT048 00/M11 A3001 RMK AO2 PK WND 29037/1046 SLP161 T00001106,null
JFK,2024-12-06 11:51,32,13,44.9,310,14,0,30.03,1016.9,10,26,SCT,null,null,null,4800,null,null,null,null,null,null,null,30,300,2024-12-06 11:09,21.16,KJFK 061151Z 31014G26KT 10SM SCT048 00/M11 A3003 RMK AO2 PK WND 30030/1109 SLP169 T00001106 10011 21006 53026,null
JFK,2024-12-06 12:51,32,12,42.96,320,20,0,30.07,1018.3,10,33,SCT,null,null,null,5000,null,null,null,null,null,null,null,33,300,2024-12-06 12:46,19.14,KJFK 061251Z 32020G33KT 10SM SCT050 00/M11 A3007 RMK AO2 PK WND 30033/1246 SLP183 T00001111,null
JFK,2024-12-06 13:51,33,11,39.48,320,17,0,30.08,1018.7,10,32,SCT,null,null,null,5000,null,null,null,null,null,null,null,33,330,2024-12-06 12:52,21.39,KJFK 061351Z 32017G32KT 10SM SCT050 01/M12 A3008 RMK AO2 PK WND 33033/1252 SLP187 T00061117,null
JFK,2024-12-06 14:51,34,11,37.93,320,19,0,30.11,1019.5,10,28,SCT,null,null,null,5000,null,null,null,null,null,null,null,32,310,2024-12-06 14:29,22.08,KJFK 061451Z 32019G28KT 10SM SCT050 01/M12 A3011 RMK AO2 PK WND 31032/1429 SLP195 T00111117 51027,null
JFK,2024-12-06 15:51,35,11,36.45,310,19,0,30.11,1019.6,10,32,SCT,null,null,null,5000,null,null,null,null,null,null,null,32,300,2024-12-06 15:51,23.4,KJFK 061551Z 31019G32KT 10SM SCT050 02/M12 A3011 RMK AO2 PK WND 30032/1551 SLP196 T00171117,null
JFK,2024-12-06 16:51,37,11,33.67,340,18,0,30.1,1019.1,10,26,SCT,null,null,null,5000,null,null,null,null,null,null,null,29,340,2024-12-06 16:15,26.33,KJFK 061651Z 34018G26KT 10SM SCT050 03/M12 A3010 RMK AO2 PK WND 34029/1615 SLP191 T00281117,null
JFK,2024-12-06 17:51,37,11,33.67,310,18,0,30.09,1019,10,null,SCT,null,null,null,5500,null,null,null,null,null,null,null,26,340,2024-12-06 16:52,26.33,KJFK 061751Z 31018KT 10SM SCT055 03/M12 A3009 RMK AO2 PK WND 34026/1652 SLP190 T00281117 10028 21006 58006,null
JFK,2024-12-06 18:51,37,11,33.67,320,14,0,30.09,1018.8,10,25,FEW,SCT,SCT,null,5500,17000,25000,null,null,null,null,null,28,310,2024-12-06 18:22,27.61,KJFK 061851Z 32014G25KT 10SM FEW055 SCT170 SCT250 03/M12 A3009 RMK AO2 PK WND 31028/1822 SLP188 T00281117,null
JFK,2024-12-06 19:51,36,10,33.5,330,12,0,30.1,1019.1,10,21,FEW,SCT,SCT,null,5500,15000,25000,null,null,null,null,null,null,null,null,27.09,KJFK 061951Z 33012G21KT 10SM FEW055 SCT150 SCT250 02/M12 A3010 RMK AO2 SLP191 T00221122,null
JFK,2024-12-06 20:51,35,9,33.33,300,17,0,30.11,1019.6,10,null,FEW,FEW,SCT,null,5500,15000,25000,null,null,null,null,null,27,340,2024-12-06 20:26,24.01,KJFK 062051Z 30017KT 10SM FEW055 FEW150 SCT250 02/M13 A3011 RMK AO2 PK WND 34027/2026 SLP196 T00171128 53006,null
JFK,2024-12-06 21:51,34,9,34.69,310,9,0,30.12,1020,10,null,FEW,SCT,SCT,null,5500,14000,25000,null,null,null,null,null,null,null,null,26,KJFK 062151Z 31009KT 10SM FEW055 SCT140 SCT250 01/M13 A3012 RMK AO2 SLP200 T00111128,null
JFK,2024-12-06 22:51,33,9,36.1,330,16,0,30.15,1020.8,10,null,FEW,BKN,BKN,null,5500,15000,21000,null,null,null,null,null,null,null,null,21.72,KJFK 062251Z 33016KT 10SM FEW055 BKN150 BKN210 01/M13 A3015 RMK AO2 SLP208 T00061128,null
JFK,2024-12-06 23:51,33,10,37.76,290,12,0,30.16,1021.3,10,18,FEW,SCT,BKN,BKN,5500,14000,18000,25000,null,null,null,null,null,null,null,23.27,KJFK 062351Z 29012G18KT 10SM FEW055 SCT140 BKN180 BKN250 01/M12 A3016 RMK AO2 SLP213 T00061122 10033 20006 53017,null
JFK,2024-12-07 0:51,34,10,36.27,290,7,0,30.16,1021.3,10,null,FEW,BKN,BKN,null,13000,17000,25000,null,null,null,null,null,null,null,null,27.22,KJFK 070051Z 29007KT 10SM FEW130 BKN170 BKN250 01/M12 A3016 RMK AO2 SLP213 T00111122,null
JFK,2024-12-07 1:51,34,10,36.27,280,8,0,30.16,1021.1,10,null,SCT,BKN,BKN,null,12000,17000,25000,null,null,null,null,null,null,null,null,26.58,KJFK 070151Z 28008KT 10SM SCT120 BKN170 BKN250 01/M12 A3016 RMK AO2 SLP211 T00111122,null
JFK,2024-12-07 2:51,34,11,37.93,270,12,0,30.15,1020.9,10,null,FEW,BKN,BKN,null,12000,16000,25000,null,null,null,null,null,null,null,null,24.55,KJFK 070251Z 27012KT 10SM FEW120 BKN160 BKN250 01/M12 A3015 RMK AO2 SLP209 T00111117 58004,null
JFK,2024-12-07 3:51,34,13,41.44,260,14,0,30.15,1020.8,10,null,FEW,BKN,BKN,BKN,8000,10000,15000,25000,null,null,null,null,null,null,null,23.74,KJFK 070351Z 26014KT 10SM FEW080 BKN100 BKN150 BKN250 01/M11 A3015 RMK AO2 SLP208 T00111106,null
JFK,2024-12-07 4:51,34,16,47.25,270,13,0,30.15,1020.8,10,22,BKN,BKN,BKN,null,10000,14000,25000,null,null,null,null,null,null,null,null,24.13,KJFK 070451Z 27013G22KT 10SM BKN100 BKN140 BKN250 01/M09 A3015 RMK AO2 SLP208 T00111089 400331006,null
JFK,2024-12-07 5:51,34,17,49.34,280,11,0,30.15,1020.8,10,null,BKN,BKN,BKN,null,10000,13000,25000,null,null,null,null,null,null,null,null,24.99,KJFK 070551Z 28011KT 10SM BKN100 BKN130 BKN250 01/M08 A3015 RMK AO2 SLP208 T00111083 10011 20006 56001,null
JFK,2024-12-07 6:51,34,17,49.34,280,14,0,30.14,1020.6,10,null,BKN,BKN,BKN,null,10000,12000,25000,null,null,null,null,null,null,null,null,23.74,KJFK 070651Z 28014KT 10SM BKN100 BKN120 BKN250 01/M08 A3014 RMK AO2 SLP206 T00111083,null
JFK,2024-12-07 7:51,33,17,51.36,260,12,0,30.15,1020.8,10,null,BKN,BKN,BKN,null,10000,12000,25000,null,null,null,null,null,null,null,null,23.27,KJFK 070751Z 26012KT 10SM BKN100 BKN120 BKN250 01/M08 A3015 RMK AO2 SLP208 T00061083,null
JFK,2024-12-07 8:51,33,17,51.36,270,11,0,30.14,1020.7,10,null,FEW,BKN,BKN,BKN,4000,11000,15000,25000,null,null,null,null,null,null,null,23.73,KJFK 070851Z 27011KT 10SM FEW040 BKN110 BKN150 BKN250 01/M08 A3014 RMK AO2 SLP207 T00061083 56001,null
JFK,2024-12-07 9:51,33,16,49.18,270,14,0,30.15,1020.9,10,null,FEW,BKN,BKN,BKN,6500,10000,15000,25000,null,null,null,null,null,null,null,22.45,KJFK 070951Z 27014KT 10SM FEW065 BKN100 BKN150 BKN250 01/M09 A3015 RMK AO2 SLP209 T00061089,null
JFK,2024-12-07 10:51,33,17,51.36,270,13,0,30.16,1021.2,10,null,BKN,BKN,null,null,9500,15000,null,null,null,null,null,null,null,null,null,22.85,KJFK 071051Z 27013KT 10SM BKN095 BKN150 01/M08 A3016 RMK AO2 SLP212 T00061083,null
JFK,2024-12-07 11:51,33,17,51.36,260,12,0,30.16,1021.1,10,null,OVC,null,null,null,9500,null,null,null,null,null,null,null,null,null,null,23.27,KJFK 071151Z 26012KT 10SM OVC095 01/M08 A3016 RMK AO2 SLP211 T00061083 10011 20006 50004,null
JFK,2024-12-07 12:51,34,18,51.52,260,11,0,30.16,1021.3,10,null,OVC,null,null,null,9000,null,null,null,null,null,null,null,null,null,null,24.99,KJFK 071251Z 26011KT 10SM OVC090 01/M08 A3016 RMK AO2 SLP213 T00111078,null
JFK,2024-12-07 13:51,35,19,51.67,270,11,0,30.17,1021.5,10,null,OVC,null,null,null,9000,null,null,null,null,null,null,null,null,null,null,26.26,KJFK 071351Z 27011KT 10SM OVC090 02/M07 A3017 RMK AO2 SLP215 T00171072,null
JFK,2024-12-07 14:51,38,19,45.9,280,13,0,30.16,1021.4,10,null,BKN,null,null,null,8500,null,null,null,null,null,null,null,null,null,null,29.26,KJFK 071451Z 28013KT 10SM BKN085 03/M07 A3016 RMK AO2 SLP214 T00331072 50003,null
JFK,2024-12-07 15:51,40,19,42.45,290,9,0,30.15,1020.8,10,17,FEW,null,null,null,8500,null,null,null,null,null,null,null,null,null,null,33.46,KJFK 071551Z COR 29009G17KT 10SM FEW085 04/M07 A3015 RMK AO2 SLP208 T00441072,null
JFK,2024-12-07 16:51,41,20,42.62,260,11,0,30.12,1020,10,null,FEW,FEW,null,null,8500,25000,null,null,null,null,null,null,null,null,null,33.84,KJFK 071651Z 26011KT 10SM FEW085 FEW250 05/M07 A3012 RMK AO2 SLP200 T00501067,null
JFK,2024-12-07 17:51,43,21,41.17,270,13,0,30.1,1019.4,10,null,FEW,FEW,SCT,null,5000,8500,25000,null,null,null,null,null,null,null,null,35.66,KJFK 071751Z 27013KT 10SM FEW050 FEW085 SCT250 06/M06 A3010 RMK AO2 SLP194 T00611061 10061 20006 58020,null
JFK,2024-12-07 18:51,43,20,39.46,250,11,0,30.09,1018.9,10,null,FEW,SCT,BKN,null,5000,8500,25000,null,null,null,null,null,null,null,null,36.37,KJFK 071851Z 25011KT 10SM FEW050 SCT085 BKN250 06/M07 A3009 RMK AO2 SLP189 T00611067,null
JFK,2024-12-07 19:51,43,20,39.46,270,10,0,30.08,1018.4,10,null,SCT,SCT,BKN,null,5000,8500,25000,null,null,null,null,null,null,null,null,36.76,KJFK 071951Z 27010KT 10SM SCT050 SCT085 BKN250 06/M07 A3008 RMK AO2 SLP184 T00611067,null
JFK,2024-12-07 20:51,41,20,42.62,260,12,0,30.08,1018.6,10,null,SCT,BKN,BKN,null,5000,14000,25000,null,null,null,null,null,null,null,null,33.46,KJFK 072051Z 26012KT 10SM SCT050 BKN140 BKN250 05/M07 A3008 RMK AO2 SLP186 T00501067 55008,null
JFK,2024-12-07 21:51,39,19,44.14,290,10,0,30.08,1018.5,10,null,SCT,SCT,BKN,null,5500,14000,25000,null,null,null,null,null,null,null,null,31.75,KJFK 072151Z 29010KT 10SM SCT055 SCT140 BKN250 04/M07 A3008 RMK AO2 SLP185 T00391072,null
JFK,2024-12-07 22:51,40,20,44.3,290,6,0,30.08,1018.5,10,null,FEW,BKN,BKN,null,5000,9500,25000,null,null,null,null,null,null,null,null,35.17,KJFK 072251Z 29006KT 10SM FEW050 BKN095 BKN250 04/M07 A3008 RMK AO2 SLP185 T00441067,null
JFK,2024-12-07 23:51,39,21,48.06,250,13,0,30.08,1018.6,10,null,FEW,BKN,BKN,null,5000,9000,25000,null,null,null,null,null,null,null,null,30.54,KJFK 072351Z 25013KT 10SM FEW050 BKN090 BKN250 04/M06 A3008 RMK AO2 SLP186 T00391061 10067 20033 53000,null
JFK,2024-12-08 0:51,38,21,49.98,260,13,0,30.08,1018.5,10,null,FEW,SCT,BKN,BKN,5000,8500,14000,18000,null,null,null,null,null,null,null,29.26,KJFK 080051Z 26013KT 10SM FEW050 SCT085 BKN140 BKN180 OVC250 03/M06 A3008 RMK AO2 SLP185 T00331061,null
JFK,2024-12-08 1:51,38,22,52.14,260,11,0,30.06,1017.9,10,null,FEW,BKN,BKN,BKN,5000,7000,18000,25000,null,null,null,null,null,null,null,30.05,KJFK 080151Z 26011KT 10SM FEW050 BKN070 BKN180 BKN250 03/M06 A3006 RMK AO2 SLP179 T00331056,null
JFK,2024-12-08 2:51,38,22,52.14,220,13,0,30.04,1017.3,10,null,BKN,BKN,OVC,null,8000,12000,15000,null,null,null,null,null,null,null,null,29.26,KJFK 080251Z 22013KT 10SM BKN080 BKN120 OVC150 03/M06 A3004 RMK AO2 SLP173 T00331056 58013,null
JFK,2024-12-08 3:51,39,22,50.14,220,14,0,30.02,1016.5,10,null,BKN,BKN,BKN,BKN,6000,9000,11000,15000,null,null,null,null,null,null,null,30.19,KJFK 080351Z 22014KT 10SM BKN060 BKN090 BKN110 BKN150 04/M06 A3002 RMK AO2 SLP165 T00391056,null
JFK,2024-12-08 4:51,40,20,44.3,220,17,0,29.99,1015.5,10,23,BKN,BKN,BKN,BKN,6000,8000,11000,15000,null,null,null,null,null,null,null,30.56,KJFK 080451Z 22017G23KT 10SM BKN060 BKN080 BKN110 BKN150 04/M07 A2999 RMK AO2 SLP155 T00441067 400670006,null
JFK,2024-12-08 5:51,40,21,46.23,220,15,0,29.95,1014.2,10,22,BKN,BKN,BKN,BKN,5000,8000,12000,17000,null,null,null,null,null,null,null,31.15,KJFK 080551Z 22015G22KT 10SM BKN050 BKN080 BKN120 BKN170 04/M06 A2995 RMK AO2 SLP142 T00441061 10044 20028 58030,null
JFK,2024-12-08 6:51,40,22,48.22,230,14,0,29.92,1013.3,10,null,BKN,BKN,BKN,BKN,5000,10000,12000,15000,null,null,null,null,null,null,null,31.47,KJFK 080651Z 23014KT 10SM BKN050 BKN100 BKN120 BKN150 04/M06 A2992 RMK AO2 SLP133 T00441056,null
JFK,2024-12-08 7:51,40,22,48.22,230,14,0,29.9,1012.4,10,null,FEW,BKN,BKN,BKN,4000,5000,10000,14000,null,null,null,null,null,null,null,31.47,KJFK 080751Z 23014KT 10SM FEW040 BKN050 BKN100 BKN140 04/M06 A2990 RMK AO2 SLP124 T00441056,null
JFK,2024-12-08 8:51,41,23,48.39,230,15,0,29.85,1010.7,10,null,FEW,BKN,BKN,BKN,4000,5000,10000,15000,null,null,null,null,null,null,null,32.45,KJFK 080851Z 23015KT 10SM FEW040 BKN050 BKN100 BKN150 05/M05 A2985 RMK AO2 SLP107 T00501050 58035,null
JFK,2024-12-08 9:51,41,23,48.39,230,14,0,29.82,1009.7,10,null,BKN,BKN,BKN,null,5000,10000,12000,null,null,null,null,null,null,null,null,32.76,KJFK 080951Z 23014KT 10SM BKN050 BKN100 BKN120 05/M05 A2982 RMK AO2 SLP097 T00501050,null
JFK,2024-12-08 10:51,42,24,48.55,230,17,0,29.8,1009.1,10,null,BKN,BKN,BKN,null,5000,12000,14000,null,null,null,null,null,null,null,null,33.18,KJFK 081051Z 23017KT 10SM BKN050 BKN120 BKN140 06/M04 A2980 RMK AO2 SLP091 T00561044,null
JFK,2024-12-08 11:51,42,25,50.61,230,15,0,29.79,1008.6,10,null,FEW,BKN,null,null,5000,12000,null,null,null,null,null,null,null,null,null,33.74,KJFK 081151Z 23015KT 10SM FEW050 BKN120 06/M04 A2979 RMK AO2 SLP086 T00561039 10056 20044 56021,null
JFK,2024-12-08 12:51,43,26,50.77,240,12,0,29.81,1009.5,10,null,FEW,BKN,null,null,5000,12000,null,null,null,null,null,null,null,null,null,36,KJFK 081251Z 24012KT 10SM FEW050 BKN120 06/M03 A2981 RMK AO2 SLP095 T00611033,null
JFK,2024-12-08 13:51,44,25,46.88,240,17,0,29.81,1009.5,10,null,FEW,BKN,null,null,5000,12000,null,null,null,null,null,null,null,null,null,35.8,KJFK 081351Z 24017KT 10SM FEW050 BKN120 07/M04 A2981 RMK AO2 SLP095 T00671039,null
JFK,2024-12-08 14:51,46,27,47.2,250,15,0,29.82,1009.8,10,null,FEW,BKN,null,null,5000,12000,null,null,null,null,null,null,null,null,null,38.93,KJFK 081451Z 25015KT 10SM FEW050 BKN120 08/M03 A2982 RMK AO2 SLP098 T00781028 51011,null
JFK,2024-12-08 15:51,48,29,47.52,250,12,0,29.81,1009.3,10,null,FEW,SCT,SCT,BKN,5000,11000,18000,25000,null,null,null,null,null,null,null,42.37,KJFK 081551Z 25012KT 10SM FEW050 SCT110 SCT180 BKN250 09/M02 A2981 RMK AO2 SLP093 T00891017,null
JFK,2024-12-08 16:51,52,28,39.3,240,12,0,29.78,1008.3,10,null,FEW,SCT,BKN,null,11000,18000,25000,null,null,null,null,null,null,null,null,52,KJFK 081651Z 24012KT 10SM FEW110 SCT180 BKN250 11/M02 A2978 RMK AO2 SLP083 T01111022,null
JFK,2024-12-08 17:51,57,29,34.12,280,14,0,29.77,1008.1,10,22,FEW,SCT,BKN,null,11000,20000,25000,null,null,null,null,null,null,null,null,57,KJFK 081751Z 28014G22KT 10SM FEW110 SCT200 BKN250 14/M02 A2977 RMK AO2 SLP081 T01391017 10139 20056 56016,null
JFK,2024-12-08 18:51,55,30,38.21,260,14,0,29.78,1008.4,10,null,FEW,BKN,BKN,null,11000,22000,26000,null,null,null,null,null,27,270,2024-12-08 17:53,55,KJFK 081851Z 26014KT 10SM FEW110 BKN220 BKN260 13/M01 A2978 RMK AO2 PK WND 27027/1753 SLP084 T01281011,null
JFK,2024-12-08 19:51,55,29,36.69,280,14,0,29.8,1008.9,10,null,SCT,BKN,null,null,17000,25000,null,null,null,null,null,null,null,null,null,55,KJFK 081951Z 28014KT 10SM SCT170 BKN250 13/M02 A2980 RMK AO2 SLP089 T01281017,null
JFK,2024-12-08 20:51,55,30,38.21,290,12,0,29.83,1009.9,10,19,FEW,FEW,BKN,null,6000,17000,25000,null,null,null,null,null,null,null,null,55,KJFK 082051Z 29012G19KT 10SM FEW060 FEW170 BKN250 13/M01 A2983 RMK AO2 SLP099 T01281011 53018,null
JFK,2024-12-08 21:51,53,30,41.11,300,11,0,29.87,1011.3,10,null,FEW,FEW,BKN,null,6000,17000,25000,null,null,null,null,null,null,null,null,53,KJFK 082151Z 30011KT 10SM FEW060 FEW170 BKN250 12/M01 A2987 RMK AO2 SLP113 T01171011,null
JFK,2024-12-08 22:51,53,30,41.11,290,10,0,29.9,1012.3,10,null,FEW,FEW,BKN,null,6000,17000,25000,null,null,null,null,null,null,null,null,53,KJFK 082251Z 29010KT 10SM FEW060 FEW170 BKN250 12/M01 A2990 RMK AO2 SLP123 T01171011,null
JFK,2024-12-08 23:51,54,30,39.63,330,10,0,29.92,1013.2,10,null,FEW,FEW,BKN,null,6000,16000,25000,null,null,null,null,null,null,null,null,54,KJFK 082351Z 33010KT 10SM FEW060 FEW160 BKN250 12/M01 A2992 RMK AO2 SLP132 T01221011 10144 20117 51033,null
JFK,2024-12-09 0:51,48,31,51.54,250,4,0,29.94,1013.8,10,null,SCT,null,null,null,25000,null,null,null,null,null,null,null,null,null,null,46.1,KJFK 090051Z 25004KT 10SM SCT250 09/M01 A2994 RMK AO2 SLP138 T00891006,null
JFK,2024-12-09 1:51,44,32,62.44,220,6,0,29.96,1014.6,10,null,SCT,null,null,null,25000,null,null,null,null,null,null,null,null,null,null,39.98,KJFK 090151Z 22006KT 10SM SCT250 07/00 A2996 RMK AO2 SLP146 T00670000,null
JFK,2024-12-09 2:51,45,33,62.58,260,6,0,29.97,1014.7,10,null,SCT,null,null,null,25000,null,null,null,null,null,null,null,null,null,null,41.19,KJFK 090251Z 26006KT 10SM SCT250 07/01 A2997 RMK AO2 SLP147 T00720006 51015,null
JFK,2024-12-09 3:51,40,31,69.97,190,3,0,30,1015.9,10,null,FEW,SCT,null,null,18000,25000,null,null,null,null,null,null,null,null,null,37.83,KJFK 090351Z 19003KT 10SM FEW180 SCT250 04/M01 A3000 RMK AO2 SLP159 T00441006,null
JFK,2024-12-09 4:51,38,32,78.77,210,4,0,30.02,1016.4,10,null,SCT,null,null,null,25000,null,null,null,null,null,null,null,null,null,null,34.43,KJFK 090451Z 21004KT 10SM SCT250 03/00 A3002 RMK AO2 SLP164 T00330000 401440033,null
JFK,2024-12-09 5:51,41,33,72.96,0,0,0,30.01,1016.2,10,null,SCT,null,null,null,25000,null,null,null,null,null,null,null,null,null,null,41,KJFK 090551Z 00000KT 10SM SCT250 05/01 A3001 RMK AO2 SLP162 T00500006 10117 20033 50016,null
JFK,2024-12-09 6:51,37,31,78.69,220,5,0,30.03,1016.9,10,null,FEW,null,null,null,25000,null,null,null,null,null,null,null,null,null,null,32.33,KJFK 090651Z 22005KT 10SM FEW250 03/M01 A3003 RMK AO2 PRESRR SLP169 T00281006,null
JFK,2024-12-09 7:51,38,33,82,30,3,0,30.04,1017,10,null,FEW,null,null,null,25000,null,null,null,null,null,null,null,null,null,null,35.55,KJFK 090751Z 03003KT 10SM FEW250 03/01 A3004 RMK AO2 SLP170 T00330006,null
JFK,2024-12-09 8:51,36,31,81.86,60,4,0,30.04,1017,10,null,FEW,null,null,null,25000,null,null,null,null,null,null,null,null,null,null,32.09,KJFK 090851Z 06004KT 10SM FEW250 02/M01 A3004 RMK AO2 SLP170 T00221006 51008,null
JFK,2024-12-09 9:51,35,29,78.51,100,3,0,30.04,1017.1,10,null,SCT,null,null,null,25000,null,null,null,null,null,null,null,null,null,null,32.12,KJFK 090951Z 10003KT 10SM SCT250 02/M02 A3004 RMK AO2 SLP171 T00171017,null
JFK,2024-12-09 10:51,38,32,78.77,120,3,0,30.04,1017.3,10,null,SCT,BKN,null,null,11000,25000,null,null,null,null,null,null,null,null,null,35.55,KJFK 091051Z 12003KT 10SM SCT110 BKN250 03/00 A3004 RMK AO2 SLP173 T00330000,null
JFK,2024-12-09 11:51,38,31,75.65,90,4,0,30.07,1018.2,10,null,FEW,SCT,null,null,11000,25000,null,null,null,null,null,null,null,null,null,34.43,KJFK 091151Z 09004KT 10SM FEW110 SCT250 03/M01 A3007 RMK AO2 SLP182 T00331006 10056 20017 53011,null
JFK,2024-12-09 12:51,40,33,75.84,80,6,0,30.05,1017.6,10,null,FEW,BKN,null,null,12000,25000,null,null,null,null,null,null,null,null,null,35.17,KJFK 091251Z 08006KT 10SM FEW120 BKN250 04/01 A3005 RMK AO2 SLP176 T00440006,null
JFK,2024-12-09 13:51,47,39,73.57,90,4,0,30.06,1017.8,10,null,FEW,BKN,null,null,12000,25000,null,null,null,null,null,null,null,null,null,44.94,KJFK 091351Z 09004KT 10SM FEW120 BKN250 08/04 A3006 RMK AO2 SLP178 T00830039,null
JFK,2024-12-09 14:51,51,41,68.48,110,8,0,30.05,1017.5,10,null,BKN,OVC,null,null,11000,25000,null,null,null,null,null,null,null,null,null,51,KJFK 091451Z 11008KT 10SM BKN110 OVC250 11/05 A3005 RMK AO2 SLP175 T01060050 56007,null
JFK,2024-12-09 15:51,52,43,71.28,110,7,0,30.03,1016.9,10,null,SCT,BKN,OVC,null,9000,11000,25000,null,null,null,null,null,null,null,null,52,KJFK 091551Z 11007KT 10SM SCT090 BKN110 OVC250 11/06 A3003 RMK AO2 SLP169 T01110061,null
JFK,2024-12-09 16:51,53,45,74.16,100,9,0,29.96,1014.6,10,null,BKN,OVC,null,null,6500,11000,null,null,null,null,null,null,null,null,null,53,KJFK 091651Z 10009KT 10SM BKN065 OVC110 12/07 A2996 RMK AO2 SLP146 T01170072,null
JFK,2024-12-09 17:51,52,47,82.99,110,11,T,29.93,1013.4,10,null,OVC,null,null,null,6000,null,null,null,#NAME?,null,null,null,null,null,null,52,KJFK 091751Z 11011KT 10SM -RA OVC060 11/08 A2993 RMK AO2 RAB10 SLP134 P0000 60000 T01110083 10117 20028 58040,null
JFK,2024-12-09 18:18,51,47,86.12,110,9,0.01,29.93,null,5,null,OVC,null,null,null,4000,null,null,null,#NAME?,null,null,null,null,null,null,51,KJFK 091818Z 11009KT 5SM -RA BR OVC040 11/08 A2993 RMK AO2 P0001 T01060083,null
JFK,2024-12-09 18:51,51,48,89.42,90,8,0.06,29.9,1012.6,5,null,BKN,OVC,null,null,4000,5500,null,null,RA BR,null,null,null,null,null,null,51,KJFK 091851Z 09008KT 5SM RA BR BKN040 OVC055 11/09 A2990 RMK AO2 SLP126 P0006 T01060089,null
JFK,2024-12-09 19:40,52,49,89.46,90,8,0.05,29.89,null,5,null,SCT,BKN,OVC,null,1600,2300,5500,null,#NAME?,null,null,null,null,null,null,52,KJFK 091940Z 09008KT 5SM -RA BR SCT016 BKN023 OVC055 11/09 A2989 RMK AO2 P0005 T01110094,null
JFK,2024-12-09 19:51,52,49,89.46,90,10,0.06,29.88,1011.8,5,null,SCT,BKN,OVC,null,1600,2300,5000,null,#NAME?,null,null,null,null,null,null,52,KJFK 091951Z 09010KT 5SM -RA BR SCT016 BKN023 OVC050 11/09 A2988 RMK AO2 CIG 015 W SLP118 P0006 T01110094,null
JFK,2024-12-09 20:41,53,51,92.89,90,8,0.02,29.88,null,10,null,SCT,SCT,OVC,null,700,1500,6000,null,#NAME?,null,null,null,null,null,null,53,KJFK 092041Z 09008KT 10SM -RA SCT007 SCT015 OVC060 12/11 A2988 RMK AO2 RAE10B27 P0002 T01170106,null
JFK,2024-12-09 20:51,53,51,92.89,90,5,0.02,29.89,1011.9,9,null,SCT,SCT,OVC,null,700,1500,6000,null,#NAME?,null,null,null,null,null,null,53,KJFK 092051Z 09005KT 9SM -RA SCT007 SCT015 OVC060 12/11 A2989 RMK AO2 RAE10B27 SLP119 P0002 60014 T01170106 55015,null
JFK,2024-12-09 21:51,52,50,92.86,160,6,0.01,29.87,1011.6,10,null,SCT,SCT,BKN,BKN,1900,4600,9000,25000,#NAME?,null,null,null,null,null,null,52,KJFK 092151Z 16006KT 10SM -RA SCT019 SCT046 BKN090 BKN250 11/10 A2987 RMK AO2 SLP116 P0001 T01110100,null
JFK,2024-12-09 22:49,50,48.2,93.5,250,7,0.01,29.91,null,10,null,FEW,SCT,BKN,null,900,2600,9000,null,null,null,null,null,null,null,null,50,KJFK 092249Z 25007KT 10SM FEW009 SCT026 BKN090 10/09 A2991 RMK AO2 RAE46 P0001 FIBI (RR) IEM_GHCNH,null
JFK,2024-12-09 22:51,50,48,92.8,250,7,0.01,29.91,1012.7,10,null,FEW,SCT,BKN,BKN,900,2600,9000,14000,null,null,null,null,null,null,null,50,KJFK 092251Z 25007KT 10SM FEW009 SCT026 BKN090 BKN140 10/09 A2991 RMK AO2 RAE46 SLP127 P0001 T01000089,null
JFK,2024-12-09 23:51,52,50,92.86,310,3,0,29.92,1013.2,10,null,SCT,SCT,OVC,null,700,1600,8500,null,null,null,null,null,null,null,null,52,KJFK 092351Z 31003KT 10SM R04R/3500VP6000FT SCT007 SCT016 OVC085 11/10 A2992 RMK AO2 SLP132 60016 T01110100 10117 20100 53012,null
JFK,2024-12-10 0:43,51,48,89.42,260,8,0,29.95,null,10,null,BKN,OVC,null,null,900,7000,null,null,null,null,null,null,null,null,null,51,KJFK 100043Z COR 26008KT 10SM BKN009 OVC070 11/09 A2995 RMK AO2 T01060089,null
JFK,2024-12-10 0:51,50,47,89.37,250,7,0,29.96,1014.4,9,null,OVC,null,null,null,900,null,null,null,null,null,null,null,null,null,null,50,KJFK 100051Z 25007KT 9SM OVC009 10/08 A2996 RMK AO2 SLP144 T01000083,null
JFK,2024-12-10 1:51,49,47,92.77,250,7,0,29.97,1014.9,7,null,OVC,null,null,null,900,null,null,null,null,null,null,null,null,null,null,45.5,KJFK 100151Z 25007KT 7SM OVC009 09/08 A2997 RMK AO2 SLP149 T00940083,null
JFK,2024-12-10 2:51,51,47,86.12,290,7,0,29.99,1015.5,9,null,BKN,BKN,OVC,null,900,4700,6500,null,null,null,null,null,null,null,null,51,KJFK 100251Z 29007KT 9SM BKN009 BKN047 OVC065 11/08 A2999 RMK AO2 SLP155 T01060083 51023,null
JFK,2024-12-10 3:49,51.8,46.4,81.74,320,4,0,29.99,null,10,null,FEW,SCT,OVC,null,900,2000,6500,null,null,null,null,null,null,null,null,51.8,KJFK 100349Z 32004KT 10SM FEW009 SCT020 OVC065 11/08 A2999 RMK AO2 FIBI (RM) IEM_GHCNH,null
JFK,2024-12-10 3:51,51,47,86.12,310,3,0,29.98,1015.3,9,null,FEW,SCT,OVC,null,900,2000,6500,null,null,null,null,null,null,null,null,51,KJFK 100351Z 31003KT 9SM FEW009 SCT020 OVC065 11/08 A2998 RMK AO2 SLP153 T01060083,null
JFK,2024-12-10 4:51,48,44,85.95,0,0,0,29.99,1015.6,7,null,BKN,OVC,null,null,6000,7500,null,null,null,null,null,null,null,null,null,48,KJFK 100451Z 00000KT 7SM BKN060 OVC075 09/07 A2999 RMK AO2 SLP156 T00890067 401170017,null
JFK,2024-12-10 5:49,46.4,44.6,93.4,210,4,0,30.01,null,4,null,SCT,OVC,null,null,900,7500,null,null,BR,null,null,null,null,null,null,44.24,KJFK 100549Z 21004KT 4SM BR SCT009 OVC075 08/07 A3001 RMK AO2 FIBI (RM) IEM_GHCNH,null
JFK,2024-12-10 5:51,47,45,92.71,220,3,0,30.01,1016.2,4,null,SCT,OVC,null,null,900,7500,null,null,BR,null,null,null,null,null,null,45.84,KJFK 100551Z 22003KT 4SM BR SCT009 OVC075 08/07 A3001 RMK AO2 SLP162 T00830072 10111 20078 53008,null
JFK,2024-12-10 6:13,48,46,92.74,0,0,0,30.02,null,4,null,BKN,OVC,null,null,900,6500,null,null,BR,null,null,null,null,null,null,48,KJFK 100613Z 00000KT 4SM BR BKN009 OVC065 09/08 A3002 RMK AO2 T00890078,null
JFK,2024-12-10 6:49,48.2,46.4,93.45,0,0,0,30.02,null,4,null,OVC,null,null,null,1000,null,null,null,BR,null,null,null,null,null,null,48.2,KJFK 100649Z 00000KT 4SM BR OVC010 09/08 A3002 RMK AO2 FIBI (RM) IEM_GHCNH,null
JFK,2024-12-10 6:51,48,46,92.74,0,0,0,30.03,1016.7,4,null,OVC,null,null,null,900,null,null,null,BR,null,null,null,null,null,null,48,KJFK 100651Z 00000KT 4SM BR OVC009 09/08 A3003 RMK AO2 SLP167 T00890078,null
JFK,2024-12-10 7:51,49,46,89.33,20,3,0,30.04,1017.1,5,null,BKN,BKN,OVC,null,900,4700,8000,null,BR,null,null,null,null,null,null,48.12,KJFK 100751Z 02003KT 5SM BR BKN009 BKN047 OVC080 09/08 A3004 RMK AO2 SLP171 T00940078,null
JFK,2024-12-10 8:11,48,46,92.74,60,7,0,30.03,null,1.75,null,BKN,BKN,OVC,null,900,4900,8500,null,BR,null,null,null,null,null,null,44.28,KJFK 100811Z 06007KT 1 3/4SM R04R/2000VP6000FT BR BKN009 BKN049 OVC085 09/08 A3003 RMK AO2 T00890078,null
JFK,2024-12-10 8:22,48,45,89.29,50,6,0,30.04,null,0.75,null,BKN,BKN,OVC,null,900,4900,8500,null,BR,null,null,null,null,null,null,44.8,KJFK 100822Z 05006KT 3/4SM R04R/2800VP6000FT BR BKN009 BKN049 OVC085 09/07 A3004 RMK AO2 T00890072,null
JFK,2024-12-10 8:51,47,45,92.71,50,6,0,30.04,1017.2,0.75,null,BKN,BKN,OVC,null,900,4900,8500,null,BR,null,null,null,null,null,null,43.6,KJFK 100851Z 05006KT 3/4SM R04R/2800V3000FT BR BKN009 BKN049 OVC085 08/07 A3004 RMK AO2 SLP172 T00830072 51009,null
JFK,2024-12-10 9:01,47,45,92.71,70,7,0,30.04,null,0.75,null,VV ,null,null,null,200,null,null,null,BR,null,null,null,null,null,null,43.06,KJFK 100901Z 07007KT 3/4SM R04R/2400V3000FT BR VV002 08/07 A3004 RMK AO2 T00830072,null
JFK,2024-12-10 9:51,46,44,92.68,60,7,0,30.04,1017.1,0.75,null,OVC,null,null,null,200,null,null,null,BR,null,null,null,null,null,null,41.84,KJFK 100951Z 06007KT 3/4SM R04R/3500V5000FT BR OVC002 08/07 A3004 RMK AO2 SLP171 T00780067,null
JFK,2024-12-10 10:23,46,44,92.68,50,7,0,30.05,null,1.75,null,OVC,null,null,null,200,null,null,null,BR,null,null,null,null,null,null,41.84,KJFK 101023Z 05007KT 1 3/4SM R04R/5000VP6000FT BR OVC002 08/07 A3005 RMK AO2 T00780067,null
JFK,2024-12-10 10:49,44.6,44.6,100,50,8,0,30.06,null,3,null,OVC,null,null,null,200,null,null,null,BR,null,null,null,null,null,null,39.63,KJFK 101049Z 05008KT 3SM BR OVC002 07/07 A3006 RMK AO2 FIBI (RM) IEM_GHCNH,null
JFK,2024-12-10 10:51,45,44,96.26,50,10,0,30.06,1017.7,3,null,OVC,null,null,null,200,null,null,null,BR,null,null,null,null,null,null,39.27,KJFK 101051Z 05010KT 3SM BR OVC002 07/07 A3006 RMK AO2 SLP177 T00720067,null
JFK,2024-12-10 11:49,46.4,44.6,93.4,60,6,0,30.07,null,1.5,null,OVC,null,null,null,300,null,null,null,BR,null,null,null,null,null,null,42.87,KJFK 101149Z 06006KT 1 1/2SM BR OVC003 08/07 A3007 RMK AO2 SFC VIS 3 FIBI (BH) IEM_GHCNH,null
JFK,2024-12-10 11:51,46,44,92.68,70,7,0,30.07,1018.3,1.5,null,OVC,null,null,null,300,null,null,null,BR,null,null,null,null,null,null,41.84,KJFK 101151Z 07007KT 1 1/2SM BR OVC003 08/07 A3007 RMK AO2 SFC VIS 3 SLP183 70016 T00780067 10094 20072 53010,null
JFK,2024-12-10 12:51,46,44,92.68,50,5,0,30.1,1019.1,2,null,OVC,null,null,null,400,null,null,null,BR,null,null,null,null,null,null,43.02,KJFK 101251Z 05005KT 2SM BR OVC004 08/07 A3010 RMK AO2 SFC VIS 4 SLP191 T00780067,null
JFK,2024-12-10 13:51,46,44,92.68,70,5,0,30.12,1019.9,2,null,OVC,null,null,null,500,null,null,null,BR,null,null,null,null,null,null,43.02,KJFK 101351Z 07005KT 2SM BR OVC005 08/07 A3012 RMK AO2 SFC VIS 4 SLP199 CIG 004V006 T00780067,null
JFK,2024-12-10 14:51,47,44,89.24,100,5,0,30.14,1020.4,2,null,OVC,null,null,null,500,null,null,null,BR,null,null,null,null,null,null,44.21,KJFK 101451Z 10005KT 2SM BR OVC005 08/07 A3014 RMK AO2 SFC VIS 4 SLP204 CIG 004V006 T00830067 51021,null
JFK,2024-12-10 15:51,48,46,92.74,80,8,0,30.12,1019.9,5,null,OVC,null,null,null,500,null,null,null,BR,null,null,null,null,null,null,43.82,KJFK 101551Z 08008KT 5SM BR OVC005 09/08 A3012 RMK AO2 SLP199 CIG 004V007 T00890078,null
JFK,2024-12-10 16:51,49,47,92.77,100,8,0,30.1,1019.1,4,null,OVC,null,null,null,500,null,null,null,BR,null,null,null,null,null,null,45.05,KJFK 101651Z 10008KT 4SM BR OVC005 09/08 A3010 RMK AO2 SLP191 CIG 004V006 T00940083,null
JFK,2024-12-10 17:01,49,47,92.77,100,7,0,30.09,null,0.5,null,OVC,null,null,null,300,null,null,null,BR,null,null,null,null,null,null,45.5,KJFK 101701Z 10007KT 1/2SM R04R/P6000FT BR OVC003 09/08 A3009 RMK AO2 SFC VIS 3 T00940083,null
JFK,2024-12-10 17:51,50,47,89.37,70,8,0,30.08,1018.5,0.5,null,OVC,null,null,null,300,null,null,null,BR,null,null,null,null,null,null,50,KJFK 101751Z 07008KT 1/2SM R04R/P6000FT BR OVC003 10/08 A3008 RMK AO2 SFC VIS 3 SLP185 T01000083 10100 20078 57019,null
JFK,2024-12-10 18:51,50,48,92.8,90,9,T,30.07,1018.1,0.5,null,OVC,null,null,null,300,null,null,null,#NAME?,null,null,null,null,null,null,50,KJFK 101851Z 09009KT 1/2SM R04R/P6000FT -DZ BR OVC003 10/09 A3007 RMK AO2 SFC VIS 2 1/2 DZB22 SLP181 P0000 T01000089,null
JFK,2024-12-10 19:51,50,48,92.8,80,9,T,30.06,1017.8,0.5,null,OVC,null,null,null,300,null,null,null,#NAME?,null,null,null,null,null,null,50,KJFK 101951Z 08009KT 1/2SM R04R/P6000FT -DZ BR OVC003 10/09 A3006 RMK AO2 SFC VIS 4 SLP178 P0000 T01000089,null
JFK,2024-12-10 20:51,50,48,92.8,80,8,T,30.05,1017.6,0.5,null,OVC,null,null,null,300,null,null,null,BR,null,null,null,null,null,null,50,KJFK 102051Z 08008KT 1/2SM R04R/P6000FT BR OVC003 10/09 A3005 RMK AO2 SFC VIS 4 DZE47 SLP176 P0000 60000 T01000089 56010,null
JFK,2024-12-10 21:48,50,48.2,93.5,90,7,0,30.04,null,2.5,null,OVC,null,null,null,300,null,null,null,BR,null,null,null,null,null,null,50,KJFK 102148Z 09007KT 2 1/2SM BR OVC003 10/09 A3004 RMK AO2 SFC VIS 6,null
JFK,2024-12-10 21:51,50,49,96.34,90,7,0,30.04,1017.3,2.5,null,OVC,null,null,null,300,null,null,null,BR,null,null,null,null,null,null,50,KJFK 102151Z 09007KT 2 1/2SM BR OVC003 10/09 A3004 RMK AO2 SFC VIS 6 SLP173 T01000094,null
JFK,2024-12-10 22:15,51,49,92.83,100,9,0,30.03,null,2.5,null,BKN,OVC,null,null,600,1300,null,null,null,null,null,null,null,null,null,51,KJFK 102215Z 10009KT 2 1/2SM BKN006 OVC013 11/09 A3003 RMK AO2 SFC VIS 7 T01060094,null
JFK,2024-12-10 22:51,51,49,92.83,100,11,0,30.04,1017,2.5,null,BKN,OVC,null,null,500,1300,null,null,null,null,null,null,null,null,null,51,KJFK 102251Z 10011KT 2 1/2SM BKN005 OVC013 11/09 A3004 RMK AO2 SFC VIS 7 SLP170 T01060094,null
JFK,2024-12-10 23:51,51,49,92.83,100,11,0,30.02,1016.7,2.5,null,BKN,OVC,null,null,500,1300,null,null,null,null,null,null,null,null,null,51,KJFK 102351Z 10011KT 2 1/2SM BKN005 OVC013 11/09 A3002 RMK AO2 SFC VIS 7 SLP167 60000 T01060094 10106 20100 58009,null
JFK,2024-12-10 23:58,51,49,92.83,100,11,0,30.02,null,2,null,BKN,OVC,null,null,400,1200,null,null,null,null,null,null,null,null,null,51,KJFK 102358Z 10011KT 2SM BKN004 OVC012 11/09 A3002 RMK AO2 SFC VIS 7 T01060094,null
JFK,2024-12-11 0:51,52,50,92.86,100,13,T,30,1015.8,2,null,BKN,OVC,null,null,400,1300,null,null,#NAME?,null,null,null,null,null,null,52,KJFK 110051Z 10013KT 2SM -RA BR BKN004 OVC013 11/10 A3000 RMK AO2 SFC VIS 5 RAB35 SLP158 P0000 T01110100,null
JFK,2024-12-11 1:08,52,50,92.86,110,14,T,30,null,0.5,null,OVC,null,null,null,300,null,null,null,#NAME?,null,null,null,null,null,null,52,KJFK 110108Z 11014KT 1/2SM R04R/P6000FT -RA BR OVC003 11/10 A3000 RMK AO2 SFC VIS 3 P0000 T01110100,null
JFK,2024-12-11 1:51,52,51,96.37,110,11,0.01,29.98,1015.3,0.5,null,OVC,null,null,null,300,null,null,null,#NAME?,null,null,null,null,null,null,52,KJFK 110151Z 11011KT 1/2SM R04R/P6000FT -RA BR OVC003 11/11 A2998 RMK AO2 SFC VIS 2 RAE29B45 SLP153 P0001 T01110106,null
JFK,2024-12-11 2:51,54,53,96.4,140,11,0.07,29.98,1015.2,0.5,null,OVC,null,null,null,300,null,null,null,#NAME?,null,null,null,null,null,null,54,KJFK 110251Z 14011KT 1/2SM R04R/P6000FT -RA BR OVC003 12/12 A2998 RMK AO2 SFC VIS 3 SLP152 P0007 60008 T01220117 56015,null
JFK,2024-12-11 3:51,55,54,96.42,160,9,0.03,29.96,1014.4,0.5,null,OVC,null,null,null,200,null,null,null,#NAME?,null,null,null,null,null,null,55,KJFK 110351Z 16009KT 1/2SM R04R/3500VP6000FT -RA BR OVC002 13/12 A2996 RMK AO2 SFC VIS 2 SLP144 P0003 T01280122,null
JFK,2024-12-11 4:51,56,55,96.43,200,9,0.02,29.94,1013.8,0.5,null,VV ,null,null,null,200,null,null,null,FG,null,null,null,null,null,null,56,KJFK 110451Z 20009KT 1/2SM R04R/2400V2800FT FG VV002 13/13 A2994 RMK AO2 RAE06 SLP138 P0002 T01330128 401330072,null
JFK,2024-12-11 5:16,55,55,100,190,10,0,29.92,null,0.5,null,VV ,null,null,null,200,null,null,null,FG,null,null,null,null,null,null,55,KJFK 110516Z 19010KT 1/2SM R04R/1600V2000FT FG VV002 13/13 A2992 RMK AO2 T01280128,null
JFK,2024-12-11 5:29,56,55,96.43,180,11,0,29.91,null,0.25,null,VV ,null,null,null,200,null,null,null,FG,null,null,null,null,null,null,56,KJFK 110529Z 18011KT 1/4SM R04R/1200V1600FT FG VV002 13/13 A2991 RMK AO2 T01330128,null
JFK,2024-12-11 5:51,56,55,96.43,160,8,0,29.89,1012.1,0.25,null,VV ,null,null,null,200,null,null,null,FG,null,null,null,null,null,null,56,KJFK 110551Z 16008KT 1/4SM R04R/1200V1600FT FG VV002 13/13 A2989 RMK AO2 SLP121 60013 T01330128 10133 20106 58031,null
JFK,2024-12-11 6:02,56,55,96.43,180,9,T,29.89,null,0.5,null,VV ,null,null,null,200,null,null,null,#NAME?,null,null,null,null,null,null,56,KJFK 110602Z 18009KT 1/2SM R04R/1400VP6000FT -RA FG VV002 13/13 A2989 RMK AO2 RAB02 P0000 T01330128,null
JFK,2024-12-11 6:51,55,54,96.42,190,15,0.04,29.89,1012.2,0.5,null,VV ,null,null,null,200,null,null,null,#NAME?,null,null,null,null,null,null,55,KJFK 110651Z 19015KT 1/2SM R04R/3000V3500FT -RA BR VV002 13/12 A2989 RMK AO2 SFC VIS 3/4 RAB02 SLP122 P0004 T01280122,null
JFK,2024-12-11 7:49,53.6,53.6,100,180,7,0.04,29.88,null,0.5,null,SCT,OVC,null,null,200,8500,null,null,#NAME?,null,null,null,null,null,null,53.6,KJFK 110749Z 18007KT 1/2SM R04R/3000V3500FT -RA BR SCT002 OVC085 12/12 A2988 RMK AO2 SFC VIS 3/4 CIG 007 W P0004 FIBI (RM) IEM_GHCNH,null
JFK,2024-12-11 7:51,54,53,96.4,180,7,0.04,29.88,1011.7,0.5,null,FEW,OVC,null,null,200,8500,null,null,#NAME?,null,null,null,null,null,null,54,KJFK 110751Z 18007KT 1/2SM R04R/3000V3500FT -RA BR FEW002 OVC085 12/12 A2988 RMK AO2 SFC VIS 3/4 CIG 007 W SLP117 P0004 T01220117,null
JFK,2024-12-11 8:06,55,53,92.95,170,13,T,29.88,null,1,null,FEW,BKN,OVC,null,4300,9000,11000,null,#NAME?,null,null,null,null,null,null,55,KJFK 110806Z 17013KT 1SM R04R/P6000FT -RA FEW043 BKN090 OVC110 13/12 A2988 RMK AO2 SFC VIS 8 P0000 T01280117,null
JFK,2024-12-11 8:49,55.4,53.6,93.65,180,10,0.01,29.87,null,1,null,SCT,OVC,null,null,300,9000,null,null,BR,null,null,null,null,null,null,55.4,KJFK 110849Z 18010KT 1SM R04R/P6000FT BR SCT003 OVC090 13/12 A2987 RMK AO2 SFC VIS 6 RAE45 P0001 FIBI (RM) IEM_GHCNH,null
JFK,2024-12-11 8:51,55,54,96.42,180,11,0.01,29.86,1011.2,1,null,BKN,OVC,null,null,300,9000,null,null,BR,null,null,null,null,null,null,55,KJFK 110851Z 18011KT 1SM R04R/P6000FT BR BKN003 OVC090 13/12 A2986 RMK AO2 SFC VIS 6 RAE45 SLP112 P0001 60009 T01280122 57010,null
JFK,2024-12-11 9:36,55,54,96.42,190,11,T,29.85,null,10,null,SCT,BKN,OVC,null,300,7500,9000,null,#NAME?,null,null,null,null,null,null,55,KJFK 110936Z 19011KT 10SM -RA SCT003 BKN075 OVC090 13/12 A2985 RMK AO2 VIS 2 W RAB0858 CIG 009 W P0000 T01280122,null
JFK,2024-12-11 9:49,55.4,53.6,93.65,170,10,0.01,29.85,null,3,null,BKN,OVC,null,null,400,7000,null,null,#NAME?,null,null,null,null,null,null,55.4,KJFK 110949Z 17010KT 3SM -RA BKN004 OVC070 13/12 A2985 RMK AO2 SFC VIS 8 RAB0858 P0001 FIBI (RM) IEM_GHCNH,null
JFK,2024-12-11 9:51,55,54,96.42,170,11,0.01,29.85,1010.7,3,null,BKN,OVC,null,null,400,7000,null,null,#NAME?,null,null,null,null,null,null,55,KJFK 110951Z 17011KT 3SM -RA BKN004 OVC070 13/12 A2985 RMK AO2 SFC VIS 8 RAB0858 SLP107 P0001 T01280122,null
JFK,2024-12-11 10:46,57.2,55.4,93.69,170,15,0.12,29.82,null,2.5,24,FEW,SCT,OVC,null,400,4600,5500,null,#NAME?,null,null,null,26,170,2024-12-11 10:30,57.2,KJFK 111046Z 17015G24KT 2 1/2SM -RA FEW004 SCT046 OVC055 14/13 A2982 RMK AO2 PK WND 17026/1030 SFC VIS 8 P0012,null
JFK,2024-12-11 10:51,57,55,93.01,160,14,0.12,29.82,1009.6,2.5,24,FEW,BKN,OVC,null,400,5000,6500,null,#NAME?,null,null,null,26,170,2024-12-11 10:30,57,KJFK 111051Z 16014G24KT 2 1/2SM -RA FEW004 BKN050 OVC065 14/13 A2982 RMK AO2 PK WND 17026/1030 SFC VIS 8 SLP096 P0012 T01390128,null
JFK,2024-12-11 11:14,58,56,93.04,160,17,0.04,29.81,null,2.5,null,BKN,BKN,OVC,null,400,2500,4100,null,#NAME?,null,null,null,null,null,null,58,KJFK 111114Z 16017KT 2 1/2SM -RA BR BKN004 BKN025 OVC041 14/13 A2981 RMK AO2 SFC VIS 6 P0004 T01440133,null
JFK,2024-12-11 11:16,58,56,93.04,160,16,0.05,29.81,null,0.5,null,BKN,BKN,OVC,null,400,2500,4100,null,#NAME?,null,null,null,null,null,null,58,KJFK 111116Z 16016KT 1/2SM R04R/P6000FT -RA BR BKN004 BKN025 OVC041 14/13 A2981 RMK AO2 SFC VIS 6 P0005 T01440133,null
JFK,2024-12-11 11:51,59,57,93.07,160,16,0.07,29.79,1008.7,0.5,23,BKN,BKN,OVC,null,300,1800,10000,null,BR,null,null,null,26,160,2024-12-11 11:25,59,KJFK 111151Z 16016G23KT 1/2SM R04R/P6000FT BR BKN003 BKN018 OVC100 15/14 A2979 RMK AO2 PK WND 16026/1125 SFC VIS 5 RAE44 SLP087 P0007 60029 70042 T01500139 10156 20122 58025,null
JFK,2024-12-11 12:51,60,58,93.1,170,17,0,29.76,1007.8,0.75,27,OVC,null,null,null,400,null,null,null,BR,null,null,null,28,160,2024-12-11 11:59,60,KJFK 111251Z 17017G27KT 3/4SM R04R/P6000FT BR OVC004 16/14 A2976 RMK AO2 PK WND 16028/1159 SFC VIS 4 SLP078 T01560144,null
JFK,2024-12-11 13:51,59,57,93.07,180,21,T,29.76,1007.6,0.25,30,FEW,OVC,null,null,0,200,null,null,BR,null,null,null,33,190,2024-12-11 13:34,59,KJFK 111351Z COR 18021G30KT 1/4SM R04R/P6000FT BR FEW000 OVC002 15/14 A2976 RMK AO2 PK WND 19033/1334 SFC VIS 2 RAB30E40 SLP076 BR FEW000 P0000 T01500139,null
JFK,2024-12-11 14:51,59,57,93.07,180,21,0,29.71,1006,0.25,27,VV ,null,null,null,200,null,null,null,FG,null,null,null,31,180,2024-12-11 14:07,59,KJFK 111451Z 18021G27KT 1/4SM R04R/2000V4000FT FG VV002 15/14 A2971 RMK AO2 PK WND 18031/1407 SFC VIS 1/2 SLP060 60000 T01500139 58027,null
JFK,2024-12-11 15:51,59,57,93.07,180,20,0,29.68,1004.9,0.25,29,SCT,OVC,null,null,0,200,null,null,BR,null,null,null,30,180,2024-12-11 15:24,59,KJFK 111551Z 18020G29KT 1/4SM R04R/P6000FT BR SCT000 OVC002 15/14 A2968 RMK AO2 PK WND 18030/1524 SFC VIS 1 PRESFR SLP049 BR SCT000 T01500139,null
JFK,2024-12-11 16:51,60,58,93.1,180,25,0,29.62,1003,0.25,34,FEW,OVC,null,null,0,200,null,null,BR,null,null,null,34,190,2024-12-11 16:44,60,KJFK 111651Z 18025G34KT 1/4SM R04R/4000VP6000FT BR FEW000 OVC002 16/14 A2962 RMK AO2 PK WND 19034/1644 SFC VIS 2 SLP030 BR FEW000 T01560144,null
JFK,2024-12-11 17:51,57,56,96.45,190,14,0.02,29.58,1001.7,0.25,null,VV ,null,null,null,200,null,null,null,#NAME?,null,null,null,31,190,2024-12-11 16:52,57,KJFK 111751Z 19014KT 1/4SM R04R/2200V3000FT +RA FG VV002 14/13 A2958 RMK AO2 PK WND 19031/1652 SFC VIS 1/2 RAB44 SLP017 P0002 60002 T01390133 10161 20139 58043,null
JFK,2024-12-11 18:07,58,56,93.04,190,18,0.2,29.57,null,2,25,BKN,BKN,OVC,null,500,1300,3900,null,RA BR,null,null,null,null,null,null,58,KJFK 111807Z 19018G25KT 2SM R04R/5000VP6000FT RA BR BKN005 BKN013 OVC039 14/13 A2957 RMK AO2 SFC VIS 4 CIG 002V008 BKN005 V SCT P0020 T01440133,null
JFK,2024-12-11 18:49,59,57.2,93.74,180,26,0.21,29.52,null,7,40,SCT,BKN,OVC,null,500,4700,8000,null,#NAME?,null,null,null,40,190,2024-12-11 18:44,59,KJFK 111849Z 18026G40KT 7SM -RA SCT005 BKN047 OVC080 15/14 A2952 RMK AO2 PK WND 19040/1844 PRESFR SCT V BKN P0021 FIBI (BH) IEM_GHCNH,null
JFK,2024-12-11 18:51,59,57,93.07,180,25,0.21,29.52,999.7,7,40,SCT,BKN,OVC,null,500,4700,8000,null,#NAME?,null,null,null,40,190,2024-12-11 18:44,59,KJFK 111851Z 18025G40KT 7SM -RA SCT005 BKN047 OVC080 15/14 A2952 RMK AO2 PK WND 19040/1844 PRESFR SLP997 SCT V BKN P0021 T01500139,null
JFK,2024-12-11 19:20,58,56,93.04,180,24,0.02,29.51,null,2,34,SCT,BKN,OVC,null,400,6500,10000,null,#NAME?,null,null,null,34,180,2024-12-11 19:07,58,KJFK 111920Z 18024G34KT 2SM -RA BR SCT004 BKN065 OVC100 14/13 A2951 RMK AO2 PK WND 18034/1907 SFC VIS 5 SCT V BKN P0002 T01440133,null
JFK,2024-12-11 19:34,59,56,89.76,180,26,0.03,29.51,null,2,40,BKN,BKN,OVC,null,400,2700,6000,null,#NAME?,null,null,null,40,180,2024-12-11 19:33,59,KJFK 111934Z 18026G40KT 2SM -RA BR BKN004 BKN027 OVC060 15/13 A2951 RMK AO2 PK WND 18040/1933 SFC VIS 5 P0003 T01500133,null
JFK,2024-12-11 19:51,59,56,89.76,180,24,0.03,29.51,999.1,2,33,BKN,BKN,OVC,null,400,2700,6000,null,#NAME?,null,null,null,40,180,2024-12-11 19:33,59,KJFK 111951Z 18024G33KT 2SM -RA BR BKN004 BKN027 OVC060 15/13 A2951 RMK AO2 PK WND 18040/1933 SFC VIS 6 SLP991 P0003 T01500133,null
JFK,2024-12-11 20:44,58,56,93.04,190,23,T,29.49,null,0.25,32,OVC,null,null,null,400,null,null,null,#NAME?,null,null,null,36,180,2024-12-11 19:55,58,KJFK 112044Z 19023G32KT 1/4SM R04R/P6000FT -RA BR OVC004 14/13 A2949 RMK AO2 PK WND 18036/1955 SFC VIS 3 P0000 T01440133,null
JFK,2024-12-11 20:51,58,56,93.04,180,26,T,29.51,999.2,0.25,35,OVC,null,null,null,400,null,null,null,#NAME?,null,null,null,36,180,2024-12-11 19:55,58,KJFK 112051Z 18026G35KT 1/4SM R04R/P6000FT -RA BR OVC004 14/13 A2951 RMK AO2 PK WND 18036/1955 SFC VIS 2 1/2 SLP992 P0000 60024 T01440133 55025,null
JFK,2024-12-11 21:22,57,55,93.01,180,22,0.02,29.46,null,3,36,BKN,BKN,OVC,null,400,1700,4900,null,#NAME?,null,null,null,36,180,2024-12-11 21:16,57,KJFK 112122Z 18022G36KT 3SM -RA BR BKN004 BKN017 OVC049 14/13 A2946 RMK AO2 PK WND 18036/2116 SFC VIS 6 PRESFR P0002 T01390128,null
JFK,2024-12-11 21:51,57,54,89.68,180,22,0.04,29.46,997.4,3,33,BKN,OVC,null,null,400,8000,null,null,RA,null,null,null,36,180,2024-12-11 21:16,57,KJFK 112151Z 18022G33KT 3SM RA BKN004 OVC080 14/12 A2946 RMK AO2 PK WND 18036/2116 SFC VIS 7 SLP974 BKN V SCT P0004 T01390122,null
JFK,2024-12-11 22:06,57,54,89.68,180,23,0.01,29.47,null,8,35,FEW,OVC,null,null,400,8000,null,null,#NAME?,null,null,null,35,190,2024-12-11 22:04,57,KJFK 112206Z 18023G35KT 8SM -RA FEW004 OVC080 14/12 A2947 RMK AO2 PK WND 19035/2204 P0001 T01390122,null
JFK,2024-12-11 22:51,57,55,93.01,180,19,0.02,29.45,997.3,8,27,SCT,BKN,OVC,null,400,4600,7500,null,#NAME?,null,null,null,35,190,2024-12-11 22:04,57,KJFK 112251Z 18019G27KT 8SM -RA SCT004 BKN046 OVC075 14/13 A2945 RMK AO2 PK WND 19035/2204 SLP973 P0002 T01390128,null
JFK,2024-12-11 23:09,57,55,93.01,190,26,0.01,29.46,null,9,34,SCT,BKN,OVC,null,900,1300,9500,null,#NAME?,null,null,null,34,180,2024-12-11 23:08,57,KJFK 112309Z 19026G34KT 9SM -RA SCT009 BKN013 OVC095 14/13 A2946 RMK AO2 PK WND 18034/2308 CIG 006 W P0001 T01390128,null
JFK,2024-12-11 23:14,57,55,93.01,190,24,0.01,29.47,null,9,35,BKN,OVC,null,null,800,1500,null,null,#NAME?,null,null,null,35,190,2024-12-11 23:10,57,KJFK 112314Z 19024G35KT 9SM -RA BKN008 OVC015 14/13 A2947 RMK AO2 PK WND 19035/2310 P0001 T01390128,null
JFK,2024-12-11 23:51,55,53,92.95,190,22,0.06,29.47,997.9,7,32,BKN,OVC,null,null,800,1500,null,null,#NAME?,null,null,null,35,190,2024-12-11 23:10,55,KJFK 112351Z 19022G32KT 7SM -RA BKN008 OVC015 13/12 A2947 RMK AO2 PK WND 19035/2310 SLP979 P0006 60036 T01280117 10150 20128 55013,null
JFK,2024-12-12 0:51,55,54,96.42,230,8,0.1,29.44,997,6,null,BKN,BKN,OVC,null,800,1300,7000,null,#NAME?,null,null,null,32,190,2024-12-11 23:58,55,KJFK 120051Z 23008KT 6SM +RA BR BKN008 BKN013 OVC070 13/12 A2944 RMK AO2 PK WND 19032/2358 SLP970 BKN008 V SCT P0010 T01280122,null
JFK,2024-12-12 1:49,50,46.4,87.37,300,20,0.11,29.52,null,10,31,SCT,BKN,OVC,null,800,1300,2000,null,#NAME?,null,null,null,32,290,2024-12-12 1:32,50,KJFK 120149Z 30020G31KT 10SM -RA SCT008 BKN013 OVC020 10/08 A2952 RMK AO2 PK WND 29032/0132 P0011 IEM_GHCNH,null
JFK,2024-12-12 1:51,50,46,86.06,300,19,0.11,29.52,999.6,10,30,SCT,BKN,OVC,null,800,1300,2000,null,#NAME?,null,null,null,32,290,2024-12-12 1:32,50,KJFK 120151Z 30019G30KT 10SM -RA SCT008 BKN013 OVC020 10/08 A2952 RMK AO2 PK WND 29032/0132 SLP996 FROPA P0011 T01000078 $,null
JFK,2024-12-12 2:33,47,42,82.65,290,18,T,29.57,null,10,26,FEW,BKN,OVC,null,800,1700,3600,null,#NAME?,null,null,null,31,300,2024-12-12 1:54,39.49,KJFK 120233Z 29018G26KT 10SM -RA FEW008 BKN017 OVC036 08/06 A2957 RMK AO2 PK WND 30031/0154 P0000 T00830056 $,null
JFK,2024-12-12 2:51,46,39,76.4,300,25,T,29.57,1001.4,10,33,FEW,BKN,OVC,null,800,1700,3800,null,#NAME?,null,null,null,33,300,2024-12-12 2:51,36.77,KJFK 120251Z 30025G33KT 10SM -RA FEW008 BKN017 OVC038 08/04 A2957 RMK AO2 PK WND 30033/0251 SLP014 P0000 60021 T00780039 53035 $,null
JFK,2024-12-12 3:51,45,36,70.53,290,18,T,29.66,1004.4,10,35,SCT,BKN,null,null,2800,4800,null,null,null,null,null,null,35,300,2024-12-12 3:41,36.86,KJFK 120351Z 29018G35KT 10SM SCT028 BKN048 07/02 A2966 RMK AO2 PK WND 30035/0341 RAE02 SLP044 P0000 T00720022 $,null
JFK,2024-12-12 4:51,44,34,67.66,290,14,T,29.72,1006.2,10,27,SCT,null,null,null,3000,null,null,null,null,null,null,null,39,280,2024-12-12 3:56,36.63,KJFK 120451Z 29014G27KT 10SM SCT030 07/01 A2972 RMK AO2 PK WND 28039/0356 RAB05E16 SLP062 P0000 T00670011 401610061 $,null
JFK,2024-12-12 5:51,43,30,59.83,300,22,0,29.75,1007.4,10,34,FEW,SCT,null,null,3400,8500,null,null,null,null,null,null,34,310,2024-12-12 5:10,33.31,KJFK 120551Z 30022G34KT 10SM FEW034 SCT085 06/M01 A2975 RMK AO2 PK WND 31034/0510 SLP074 60021 T00611011 10128 20061 51060 $,null
JFK,2024-12-12 6:51,41,30,64.63,280,16,0,29.82,1009.6,10,27,FEW,null,null,null,3800,null,null,null,null,null,null,null,31,290,2024-12-12 6:02,32.15,KJFK 120651Z 28016G27KT 10SM FEW038 05/M01 A2982 RMK AO2 PK WND 29031/0602 PRESRR SLP096 T00501011 $,null
JFK,2024-12-12 7:51,40,26,57.01,270,17,0,29.88,1011.9,10,27,FEW,null,null,null,4000,null,null,null,null,null,null,null,32,260,2024-12-12 7:30,30.56,KJFK 120751Z 27017G27KT 10SM FEW040 04/M03 A2988 RMK AO2 PK WND 26032/0730 SLP119 T00441033 $,null
JFK,2024-12-12 8:51,38,26,61.64,270,20,0,29.91,1012.6,10,31,FEW,null,null,null,5000,null,null,null,null,null,null,null,31,260,2024-12-12 8:48,27.11,KJFK 120851Z COR 27020G31KT 10SM FEW050 03/M03 A2991 RMK AO2 PK WND 26031/0848 SLP126 T00331033 51052 $,null
JFK,2024-12-12 9:51,38,24,56.71,270,22,0,29.95,1014.2,10,30,FEW,null,null,null,5000,null,null,null,null,null,null,null,33,250,2024-12-12 9:33,26.61,KJFK 120951Z 27022G30KT 10SM FEW050 03/M04 A2995 RMK AO2 PK WND 25033/0933 SLP142 T00331044 $,null
JFK,2024-12-12 10:51,37,24,58.99,260,14,0,29.99,1015.6,10,23,FEW,null,null,null,5000,null,null,null,null,null,null,null,29,280,2024-12-12 10:17,27.61,KJFK 121051Z 26014G23KT 10SM FEW050 03/M04 A2999 RMK AO2 PK WND 28029/1017 SLP156 T00281044 $,null
JFK,2024-12-12 11:51,37,24,58.99,250,18,0,30.03,1016.8,10,null,FEW,null,null,null,5000,null,null,null,null,null,null,null,28,260,2024-12-12 11:31,26.33,KJFK 121151Z 25018KT 10SM FEW050 03/M04 A3003 RMK AO2 PK WND 26028/1131 SLP168 70059 T00281044 10061 20028 51041 $,null
JFK,2024-12-12 12:51,38,24,56.71,250,20,0,30.06,1017.8,10,null,FEW,null,null,null,5000,null,null,null,null,null,null,null,27,250,2024-12-12 12:41,27.11,KJFK 121251Z 25020KT 10SM FEW050 03/M04 A3006 RMK AO2 PK WND 25027/1241 SLP178 T00331044 $,null
JFK,2024-12-12 13:51,40,26,57.01,250,23,0,30.1,1019.3,10,32,FEW,null,null,null,4500,null,null,null,null,null,null,null,32,250,2024-12-12 13:28,29.07,KJFK 121351Z 25023G32KT 10SM FEW045 04/M03 A3010 RMK AO2 PK WND 25032/1328 SLP193 T00441033,null
JFK,2024-12-12 14:51,42,23,46.55,250,25,0,30.12,1019.9,10,33,FEW,null,null,null,4800,null,null,null,null,null,null,null,35,240,2024-12-12 14:25,31.35,KJFK 121451Z 25025G33KT 10SM FEW048 06/M05 A3012 RMK AO2 PK WND 24035/1425 SLP199 T00561050 51031,null
JFK,2024-12-12 15:51,43,20,39.46,250,29,0,30.13,1020.1,10,37,SCT,null,null,null,5500,null,null,null,null,null,null,null,39,250,2024-12-12 15:12,31.99,KJFK 121551Z 25029G37KT 10SM SCT055 06/M07 A3013 RMK AO2 PK WND 25039/1512 SLP201 T00611067,null
JFK,2024-12-12 16:51,43,17,34.69,260,26,0,30.11,1019.7,10,36,SCT,null,null,null,5500,null,null,null,null,null,null,null,41,270,2024-12-12 16:04,32.52,KJFK 121651Z 26026G36KT 10SM SCT055 06/M08 A3011 RMK AO2 PK WND 27041/1604 SLP197 T00611083,null
JFK,2024-12-12 17:51,44,14,29.3,260,20,0,30.11,1019.7,10,31,FEW,null,null,null,5500,null,null,null,null,null,null,null,35,270,2024-12-12 16:54,35.08,KJFK 121751Z 26020G31KT 10SM FEW055 07/M10 A3011 RMK AO2 PK WND 27035/1654 SLP197 T00671100 10067 20028 58002,null
JFK,2024-12-12 18:51,42,11,27.71,250,21,0,30.13,1020.4,10,31,FEW,null,null,null,6000,null,null,null,null,null,null,null,34,250,2024-12-12 17:59,32.19,KJFK 121851Z 25021G31KT 10SM FEW060 06/M12 A3013 RMK AO2 PK WND 25034/1759 SLP204 T00561117,null
JFK,2024-12-12 19:51,41,10,27.55,290,20,0,30.16,1021.4,10,28,FEW,null,null,null,6000,null,null,null,null,null,null,null,35,290,2024-12-12 19:04,31.09,KJFK 121951Z 29020G28KT 10SM FEW060 05/M12 A3016 RMK AO2 PK WND 29035/1904 SLP214 T00501122,null
JFK,2024-12-12 20:51,39,13,34.01,270,22,0,30.22,1023.3,10,28,FEW,FEW,null,null,6000,25000,null,null,null,null,null,null,30,270,2024-12-12 20:17,27.95,KJFK 122051Z 27022G28KT 10SM FEW060 FEW250 04/M11 A3022 RMK AO2 PK WND 27030/2017 SLP233 T00391106 53036,null
JFK,2024-12-12 21:51,38,11,32.37,280,20,0,30.27,1024.9,10,28,FEW,SCT,null,null,6000,25000,null,null,null,null,null,null,29,290,2024-12-12 21:12,27.11,KJFK 122151Z 28020G28KT 10SM FEW060 SCT250 03/M12 A3027 RMK AO2 PK WND 29029/2112 SLP249 T00331117,null
JFK,2024-12-12 22:51,37,12,35.2,300,14,0,30.31,1026.3,10,23,FEW,SCT,null,null,6000,25000,null,null,null,null,null,null,26,280,2024-12-12 22:37,27.61,KJFK 122251Z 30014G23KT 10SM FEW060 SCT250 03/M11 A3031 RMK AO2 PK WND 28026/2237 SLP263 T00281111,null
JFK,2024-12-12 23:51,37,13,36.79,310,12,0,30.34,1027.3,10,20,FEW,BKN,null,null,6000,25000,null,null,null,null,null,null,null,null,null,28.37,KJFK 122351Z 31012G20KT 10SM FEW060 BKN250 03/M11 A3034 RMK AO2 SLP273 T00281106 10067 20022 51040,null
JFK,2024-12-13 0:51,36,10,33.5,270,13,0,30.37,1028.4,10,23,FEW,BKN,null,null,6000,25000,null,null,null,null,null,null,26,310,2024-12-13 0:24,26.69,KJFK 130051Z 27013G23KT 10SM FEW060 BKN250 02/M12 A3037 RMK AO2 PK WND 31026/0024 SLP284 T00221122,null
JFK,2024-12-13 1:51,35,7,30.45,290,14,0,30.41,1029.6,10,null,SCT,null,null,null,25000,null,null,null,null,null,null,null,null,null,null,25.03,KJFK 130151Z 29014KT 10SM SCT250 02/M14 A3041 RMK AO2 SLP296 T00171139,null
JFK,2024-12-13 2:51,33,8,34.51,300,14,0,30.44,1030.6,10,null,FEW,null,null,null,25000,null,null,null,null,null,null,null,null,null,null,22.45,KJFK 130251Z 30014KT 10SM FEW250 01/M13 A3044 RMK AO2 SLP306 T00061133 51033,null
JFK,2024-12-13 3:51,32,8,35.93,300,11,0,30.46,1031.2,10,null,FEW,null,null,null,25000,null,null,null,null,null,null,null,null,null,null,22.47,KJFK 130351Z 30011KT 10SM FEW250 00/M13 A3046 RMK AO2 SLP312 T00001133,null
JFK,2024-12-13 4:51,31,9,39.13,310,10,0,30.46,1031.4,10,null,FEW,null,null,null,25000,null,null,null,null,null,null,null,null,null,null,21.71,KJFK 130451Z 31010KT 10SM FEW250 M01/M13 A3046 RMK AO2 SLP314 T10061128 400671006,null
JFK,2024-12-13 5:51,30,8,38.96,280,7,0,30.47,1031.8,10,null,FEW,null,null,null,25000,null,null,null,null,null,null,null,null,null,null,22.34,KJFK 130551Z 28007KT 10SM FEW250 M01/M13 A3047 RMK AO2 SLP318 T10111133 10028 21011 51012 $,null
JFK,2024-12-13 6:51,29,10,44.4,280,12,0,30.5,1032.6,10,null,FEW,null,null,null,25000,null,null,null,null,null,null,null,null,null,null,18.18,KJFK 130651Z 28012KT 10SM FEW250 M02/M12 A3050 RMK AO2 SLP326 T10171122 $,null
JFK,2024-12-13 7:51,29,9,42.45,280,11,0,30.51,1033,10,null,SCT,null,null,null,25000,null,null,null,null,null,null,null,null,null,null,18.68,KJFK 130751Z 28011KT 10SM SCT250 M02/M13 A3051 RMK AO2 SLP330 T10171128 $,null
JFK,2024-12-13 8:51,30,6,35.58,290,13,0,30.51,1033.1,10,null,SCT,BKN,null,null,15000,25000,null,null,null,null,null,null,null,null,null,19.01,KJFK 130851Z 29013KT 10SM SCT150 BKN250 M01/M14 A3051 RMK AO2 SLP331 T10111144 51014 $,null
JFK,2024-12-13 9:51,30,7,37.24,280,11,0,30.52,1033.4,10,null,BKN,BKN,null,null,14000,25000,null,null,null,null,null,null,null,null,null,19.94,KJFK 130951Z 28011KT 10SM BKN140 BKN250 M01/M14 A3052 RMK AO2 SLP334 T10111139 $,null
JFK,2024-12-13 10:51,30,7,37.24,290,14,0,30.55,1034.3,10,null,BKN,BKN,null,null,14000,25000,null,null,null,null,null,null,null,null,null,18.58,KJFK 131051Z 29014KT 10SM BKN140 BKN250 M01/M14 A3055 RMK AO2 SLP343 T10111139 $,null
JFK,2024-12-13 11:51,29,7,38.79,280,11,0,30.58,1035.4,10,null,BKN,null,null,null,12000,null,null,null,null,null,null,null,null,null,null,18.68,KJFK 131151Z 28011KT 10SM BKN120 M02/M14 A3058 RMK AO2 SLP354 T10171139 11011 21017 53023 $,null
JFK,2024-12-13 12:51,30,7,37.24,300,15,0,30.61,1036.4,10,null,BKN,BKN,null,null,13000,25000,null,null,null,null,null,null,null,null,null,18.19,KJFK 131251Z 30015KT 10SM BKN130 BKN250 M01/M14 A3061 RMK AO2 SLP364 T10111139 $,null
JFK,2024-12-13 13:51,32,7,34.34,310,16,0,30.64,1037.4,10,21,SCT,SCT,null,null,11000,25000,null,null,null,null,null,null,null,null,null,20.42,KJFK 131351Z 31016G21KT 10SM SCT110 SCT250 00/M14 A3064 RMK AO2 SLP374 T00001139,null
JFK,2024-12-13 14:51,32,8,35.93,300,15,0,30.67,1038.4,10,21,SCT,SCT,null,null,11000,25000,null,null,null,null,null,null,null,null,null,20.78,KJFK 131451Z 30015G21KT 10SM SCT110 SCT250 00/M13 A3067 RMK AO2 SLP384 T00001133 53029,null
JFK,2024-12-13 15:51,33,8,34.51,330,15,0,30.67,1038.4,10,null,FEW,FEW,null,null,11000,25000,null,null,null,null,null,null,null,null,null,22.08,KJFK 131551Z 33015KT 10SM FEW110 FEW250 01/M13 A3067 RMK AO2 SLP384 T00061133,null
JFK,2024-12-13 16:51,34,9,34.69,300,11,0,30.66,1038,10,null,FEW,FEW,FEW,null,7000,11000,25000,null,null,null,null,null,null,null,null,24.99,KJFK 131651Z 30011KT 10SM FEW070 FEW110 FEW250 01/M13 A3066 RMK AO2 SLP380 T00111128,null
JFK,2024-12-13 17:51,35,9,33.33,310,8,0,30.65,1037.8,10,17,FEW,null,null,null,25000,null,null,null,null,null,null,null,null,null,null,27.81,KJFK 131751Z 31008G17KT 10SM FEW250 02/M13 A3065 RMK AO2 SLP378 T00171128 10022 21017 58006,null
JFK,2024-12-13 18:51,36,8,30.62,330,12,0,30.66,1038,10,21,FEW,null,null,null,25000,null,null,null,null,null,null,null,null,null,null,27.09,KJFK 131851Z 33012G21KT 10SM FEW250 02/M13 A3066 RMK AO2 SLP380 T00221133,null
JFK,2024-12-13 19:51,36,8,30.62,340,7,0,30.67,1038.4,10,null,FEW,null,null,null,25000,null,null,null,null,null,null,null,null,null,null,29.65,KJFK 131951Z 34007KT 10SM FEW250 02/M13 A3067 RMK AO2 SLP384 T00221133,null
JFK,2024-12-13 20:51,34,7,31.69,360,7,0,30.69,1039.2,10,null,FEW,null,null,null,25000,null,null,null,null,null,null,null,null,null,null,27.22,KJFK 132051Z 36007KT 10SM FEW250 01/M14 A3069 RMK AO2 SLP392 T00111139 53014,null
JFK,2024-12-13 21:51,32,8,35.93,360,8,0,30.72,1040.1,10,null,FEW,null,null,null,25000,null,null,null,null,null,null,null,null,null,null,24.11,KJFK 132151Z 36008KT 10SM FEW250 00/M13 A3072 RMK AO2 SLP401 T00001133,null
JFK,2024-12-13 22:51,31,8,37.41,350,9,0,30.75,1041.1,10,null,FEW,null,null,null,25000,null,null,null,null,null,null,null,null,null,null,22.27,KJFK 132251Z 35009KT 10SM FEW250 M01/M13 A3075 RMK AO2 SLP411 T10061133,null
JFK,2024-12-13 23:51,31,8,37.41,360,8,0,30.78,1042.1,10,null,FEW,null,null,null,25000,null,null,null,null,null,null,null,null,null,null,22.88,KJFK 132351Z 36008KT 10SM FEW250 M01/M13 A3078 RMK AO2 SLP421 T10061133 10028 21006 53029,null
JFK,2024-12-14 0:51,31,8,37.41,340,6,0,30.79,1042.5,10,null,FEW,null,null,null,25000,null,null,null,null,null,null,null,null,null,null,24.33,KJFK 140051Z 34006KT 10SM FEW250 M01/M13 A3079 RMK AO2 SLP425 T10061133,null
JFK,2024-12-14 1:51,30,9,40.75,350,7,0,30.81,1043.1,10,null,FEW,null,null,null,25000,null,null,null,null,null,null,null,null,null,null,22.34,KJFK 140151Z 35007KT 10SM FEW250 M01/M13 A3081 RMK AO2 SLP431 T10111128,null
JFK,2024-12-14 2:51,30,10,42.62,10,6,0,30.82,1043.6,10,null,FEW,null,null,null,25000,null,null,null,null,null,null,null,null,null,null,23.12,KJFK 140251Z 01006KT 10SM FEW250 M01/M12 A3082 RMK AO2 SLP436 T10111122 53016,null
JFK,2024-12-14 3:51,29,12,48.53,20,5,0,30.84,1044.2,10,null,FEW,null,null,null,25000,null,null,null,null,null,null,null,null,null,null,22.83,KJFK 140351Z 02005KT 10SM FEW250 M02/M11 A3084 RMK AO2 SLP442 T10171111,null
JFK,2024-12-14 4:51,27,12,52.68,30,4,0,30.84,1044.3,10,null,FEW,null,null,null,25000,null,null,null,null,null,null,null,null,null,null,21.58,KJFK 140451Z 03004KT 10SM FEW250 M03/M11 A3084 RMK AO2 SLP443 T10281111 400281028,null
JFK,2024-12-14 5:51,26,12,54.9,40,4,0,30.85,1044.5,10,null,FEW,null,null,null,25000,null,null,null,null,null,null,null,null,null,null,20.41,KJFK 140551Z 04004KT 10SM FEW250 M03/M11 A3085 RMK AO2 SLP445 T10331111 10000 21033 51009 $,null
JFK,2024-12-14 6:51,27,12,52.68,10,4,0,30.86,1044.9,10,null,FEW,null,null,null,25000,null,null,null,null,null,null,null,null,null,null,21.58,KJFK 140651Z 01004KT 10SM FEW250 M03/M11 A3086 RMK AO2 SLP449 T10281111 $,null
JFK,2024-12-14 7:51,27,13,55.06,10,5,0,30.88,1045.6,10,null,FEW,null,null,null,25000,null,null,null,null,null,null,null,null,null,null,20.46,KJFK 140751Z 01005KT 10SM FEW250 M03/M11 A3088 RMK AO2 SLP456 T10281106 $,null
JFK,2024-12-14 8:51,27,13,55.06,10,5,0,30.89,1045.8,10,null,CLR,null,null,null,null,null,null,null,null,null,null,null,null,null,null,20.46,KJFK 140851Z 01005KT 10SM CLR M03/M11 A3089 RMK AO2 SLP458 T10281106 51013 $,null
JFK,2024-12-14 9:51,26,13,57.38,360,4,0,30.9,1046.4,10,null,CLR,null,null,null,null,null,null,null,null,null,null,null,null,null,null,20.41,KJFK 140951Z 36004KT 10SM CLR M03/M11 A3090 RMK AO2 SLP464 T10331106 $,null
JFK,2024-12-14 10:51,26,14,59.96,10,5,0,30.93,1047.3,10,null,CLR,null,null,null,null,null,null,null,null,null,null,null,null,null,null,19.27,KJFK 141051Z 01005KT 10SM CLR M03/M10 A3093 RMK AO2 SLP473 T10331100 $,null
JFK,2024-12-14 11:51,26,14,59.96,360,7,0,30.95,1047.9,10,null,FEW,FEW,null,null,3000,25000,null,null,null,null,null,null,null,null,null,17.47,KJFK 141151Z 36007KT 10SM FEW030 FEW250 M03/M10 A3095 RMK AO2 SLP479 T10331100 11022 21039 53021 $,null
JFK,2024-12-14 12:51,28,14,55.21,360,10,0,30.96,1048.3,10,null,FEW,FEW,null,null,3000,25000,null,null,null,null,null,null,null,null,null,17.95,KJFK 141251Z 36010KT 10SM FEW030 FEW250 M02/M10 A3096 RMK AO2 SLP483 T10221100 $,null
JFK,2024-12-14 13:51,31,15,51.04,20,9,0,30.97,1048.6,10,null,FEW,null,null,null,3000,null,null,null,null,null,null,null,null,null,null,22.27,KJFK 141351Z 02009KT 10SM FEW030 M01/M09 A3097 RMK AO2 SLP486 T10061094 $,null
JFK,2024-12-14 14:51,33,15,47.08,20,9,0,30.98,1048.9,10,null,FEW,null,null,null,4000,null,null,null,null,null,null,null,null,null,null,24.76,KJFK 141451Z 02009KT 10SM FEW040 01/M09 A3098 RMK AO2 SLP489 T00061094 51010 $,null
JFK,2024-12-14 15:51,34,14,43.3,20,9,0,30.96,1048.3,10,null,FEW,null,null,null,4500,null,null,null,null,null,null,null,null,null,null,26,KJFK 141551Z 02009KT 10SM FEW045 01/M10 A3096 RMK AO2 SLP483 T00111100 $,null
JFK,2024-12-14 16:51,34,13,41.44,10,6,0,30.94,1047.7,10,null,FEW,FEW,null,null,4500,25000,null,null,null,null,null,null,null,null,null,27.94,KJFK 141651Z 01006KT 10SM FEW045 FEW250 01/M11 A3094 RMK AO2 SLP477 T00111106 $,null
JFK,2024-12-14 17:51,35,13,39.82,340,9,0,30.92,1046.8,10,null,FEW,FEW,null,null,5000,25000,null,null,null,null,null,null,null,null,null,27.24,KJFK 141751Z 34009KT 10SM FEW050 FEW250 02/M11 A3092 RMK AO2 SLP468 T00171106 10022 21033 58020 $,null
JFK,2024-12-14 18:51,36,13,38.27,30,4,0,30.9,1046.2,10,null,FEW,FEW,null,null,5000,25000,null,null,null,null,null,null,null,null,null,32.09,KJFK 141851Z 03004KT 10SM FEW050 FEW250 02/M11 A3090 RMK AO2 SLP462 T00221106 $,null
JFK,2024-12-14 19:51,36,12,36.62,60,4,0,30.9,1046.4,10,null,FEW,FEW,null,null,5000,25000,null,null,null,null,null,null,null,null,null,32.09,KJFK 141951Z 06004KT 10SM FEW050 FEW250 02/M11 A3090 RMK AO2 SLP464 T00221111 $,null
JFK,2024-12-14 20:51,34,12,39.65,null,4,0,30.91,1046.5,10,null,FEW,FEW,null,null,5000,25000,null,null,null,null,null,null,null,null,null,29.76,KJFK 142051Z VRB04KT 10SM FEW050 FEW250 01/M11 A3091 RMK AO2 SLP465 T00111111 55003 $,null
JFK,2024-12-14 21:51,32,14,46.92,20,5,0,30.92,1046.8,10,null,FEW,FEW,null,null,5000,25000,null,null,null,null,null,null,null,null,null,26.4,KJFK 142151Z 02005KT 10SM FEW050 FEW250 00/M10 A3092 RMK AO2 SLP468 T00001100 $,null
JFK,2024-12-14 22:51,30,15,53.15,50,4,0,30.92,1046.8,10,null,FEW,null,null,null,25000,null,null,null,null,null,null,null,null,null,null,25.08,KJFK 142251Z 05004KT 10SM FEW250 M01/M09 A3092 RMK AO2 SLP468 T10111094 $,null
JFK,2024-12-14 23:51,30,16,55.52,40,4,0,30.91,1046.7,10,null,FEW,null,null,null,25000,null,null,null,null,null,null,null,null,null,null,25.08,KJFK 142351Z 04004KT 10SM FEW250 M01/M09 A3091 RMK AO2 SLP467 T10111089 10028 21011 50002 $,null
JFK,2024-12-15 0:51,31,16,53.31,null,5,0,30.91,1046.7,10,null,FEW,null,null,null,25000,null,null,null,null,null,null,null,null,null,null,25.21,KJFK 150051Z VRB05KT 10SM FEW250 M01/M09 A3091 RMK AO2 SLP467 T10061089 $,null
JFK,2024-12-15 1:51,29,17,60.39,50,3,0,30.9,1046.1,10,null,FEW,null,null,null,25000,null,null,null,null,null,null,null,null,null,null,25.26,KJFK 150151Z 05003KT 10SM FEW250 M02/M08 A3090 RMK AO2 SLP461 T10171083 $,null
JFK,2024-12-15 2:51,29,16,57.83,0,0,0,30.91,1046.5,10,null,FEW,null,null,null,25000,null,null,null,null,null,null,null,null,null,null,29,KJFK 150251Z 00000KT 10SM FEW250 M02/M09 A3091 RMK AO2 SLP465 T10171089 55002 $,null
JFK,2024-12-15 3:51,29,15,55.36,50,3,0,30.91,1046.7,10,null,FEW,null,null,null,25000,null,null,null,null,null,null,null,null,null,null,25.26,KJFK 150351Z 05003KT 10SM FEW250 M02/M09 A3091 RMK AO2 SLP467 T10171094 $,null
JFK,2024-12-15 4:51,28,16,60.25,20,4,0,30.89,1046,10,null,FEW,null,null,null,25000,null,null,null,null,null,null,null,null,null,null,22.75,KJFK 150451Z 02004KT 10SM FEW250 M02/M09 A3089 RMK AO2 SLP460 T10221089 400281039 $,null
JFK,2024-12-15 5:51,30,17,57.98,360,4,0,30.88,1045.6,10,null,FEW,null,null,null,25000,null,null,null,null,null,null,null,null,null,null,25.08,KJFK 150551Z 36004KT 10SM FEW250 M01/M08 A3088 RMK AO2 SLP456 T10111083 10000 21022 58009 $,null
JFK,2024-12-15 6:51,27,17,65.56,60,5,0,30.87,1045.4,10,null,CLR,null,null,null,null,null,null,null,null,null,null,null,null,null,null,20.46,KJFK 150651Z 06005KT 10SM CLR M03/M08 A3087 RMK AO2 SLP454 T10281083 $,null
JFK,2024-12-15 7:51,28,18,65.69,10,5,0,30.88,1045.4,10,null,FEW,null,null,null,25000,null,null,null,null,null,null,null,null,null,null,21.64,KJFK 150751Z 01005KT 10SM FEW250 M02/M08 A3088 RMK AO2 SLP454 T10221078 $,null
JFK,2024-12-15 8:51,27,17,65.56,30,6,0,30.86,1044.9,10,null,FEW,null,null,null,25000,null,null,null,null,null,null,null,null,null,null,19.51,KJFK 150851Z 03006KT 10SM FEW250 M03/M08 A3086 RMK AO2 SLP449 T10281083 58007 $,null
JFK,2024-12-15 9:51,27,17,65.56,40,6,0,30.84,1044.4,10,null,FEW,null,null,null,25000,null,null,null,null,null,null,null,null,null,null,19.51,KJFK 150951Z 04006KT 10SM FEW250 M03/M08 A3084 RMK AO2 SLP444 T10281083 $,null
JFK,2024-12-15 10:51,26,17,68.32,50,7,0,30.84,1044.2,10,null,FEW,null,null,null,25000,null,null,null,null,null,null,null,null,null,null,17.47,KJFK 151051Z 05007KT 10SM FEW250 M03/M08 A3084 RMK AO2 SLP442 T10331083 $,null
JFK,2024-12-15 11:51,27,16,62.78,30,6,0,30.84,1044.3,10,null,FEW,SCT,null,null,4000,25000,null,null,null,null,null,null,null,null,null,19.51,KJFK 151151Z 03006KT 10SM FEW040 SCT250 M03/M09 A3084 RMK AO2 SLP443 T10281089 11011 21033 55006 $,null
JFK,2024-12-15 12:51,29,22,74.77,10,6,0,30.84,1044.3,10,null,FEW,BKN,null,null,4000,25000,null,null,null,null,null,null,null,null,null,21.92,KJFK 151251Z 01006KT 10SM FEW040 BKN250 M02/M06 A3084 RMK AO2 SLP443 T10171056 $,null
JFK,2024-12-15 13:51,33,25,72.11,50,8,0,30.84,1044.1,10,null,FEW,BKN,null,null,4000,25000,null,null,null,null,null,null,null,null,null,25.34,KJFK 151351Z 05008KT 10SM FEW040 BKN250 01/M04 A3084 RMK AO2 SLP441 T00061039 $,null
JFK,2024-12-15 14:51,37,24,58.99,50,10,0,30.84,1044.2,10,null,FEW,SCT,BKN,null,4000,21000,25000,null,null,null,null,null,null,null,null,29.24,KJFK 151451Z 05010KT 10SM FEW040 SCT210 BKN250 03/M04 A3084 RMK AO2 SLP442 T00281044 58001 $,null
JFK,2024-12-15 15:51,39,25,56.86,70,7,0,30.81,1043.3,10,null,BKN,BKN,BKN,null,3600,20000,25000,null,null,null,null,null,null,null,null,33.31,KJFK 151551Z 07007KT 10SM BKN036 BKN200 BKN250 04/M04 A3081 RMK AO2 SLP433 T00391039 $,null
JFK,2024-12-15 16:51,42,27,54.99,60,7,0,30.77,1042,10,null,BKN,BKN,BKN,null,3800,20000,25000,null,null,null,null,null,null,null,null,36.97,KJFK 151651Z 06007KT 10SM BKN038 BKN200 BKN250 06/M03 A3077 RMK AO2 SLP420 T00561028 $,null
JFK,2024-12-15 17:51,43,29,57.44,100,7,0,30.74,1041,10,null,FEW,BKN,BKN,BKN,2500,3700,15000,25000,null,null,null,null,null,null,null,38.19,KJFK 151751Z 10007KT 10SM FEW025 BKN037 BKN150 BKN250 06/M02 A3074 RMK AO2 SLP410 T00611017 10061 21028 58031 $,null
JFK,2024-12-15 18:51,42,29,59.69,100,10,0,30.72,1040.3,10,null,BKN,BKN,BKN,null,3700,15000,25000,null,null,null,null,null,null,null,null,35.51,KJFK 151851Z 10010KT 10SM BKN037 BKN150 BKN250 06/M02 A3072 RMK AO2 SLP403 T00561017 $,null
JFK,2024-12-15 19:51,42,30,62.18,90,9,0,30.71,1039.7,10,null,BKN,BKN,null,null,3600,15000,null,null,null,null,null,null,null,null,null,35.95,KJFK 151951Z 09009KT 10SM BKN036 BKN150 06/M01 A3071 RMK AO2 SLP397 T00561011 $,null
JFK,2024-12-15 20:51,42,29,59.69,90,7,0,30.7,1039.6,10,null,BKN,BKN,null,null,3600,15000,null,null,null,null,null,null,null,null,null,36.97,KJFK 152051Z 09007KT 10SM BKN036 BKN150 06/M02 A3070 RMK AO2 SLP396 T00561017 56015 $,null
JFK,2024-12-15 21:51,41,29,62.04,80,6,0,30.69,1039.3,10,null,BKN,BKN,null,null,3600,11000,null,null,null,null,null,null,null,null,null,36.37,KJFK 152151Z 08006KT 10SM BKN036 BKN110 05/M02 A3069 RMK AO2 SLP393 T00501017 $,null
JFK,2024-12-15 22:51,41,29,62.04,60,6,0,30.69,1039.2,10,null,BKN,BKN,OVC,null,3500,12000,20000,null,null,null,null,null,null,null,null,36.37,KJFK 152251Z 06006KT 10SM BKN035 BKN120 OVC200 05/M02 A3069 RMK AO2 SLP392 T00501017 $,null
JFK,2024-12-15 23:51,41,29,62.04,60,6,0,30.68,1038.9,10,null,BKN,BKN,OVC,null,3700,12000,18000,null,null,null,null,null,null,null,null,36.37,KJFK 152351Z 06006KT 10SM BKN037 BKN120 OVC180 05/M02 A3068 RMK AO2 SLP389 T00501017 10061 20044 57007 $,null
JFK,2024-12-16 0:51,41,29,62.04,50,5,0,30.67,1038.4,10,null,SCT,BKN,BKN,null,3700,11000,18000,null,null,null,null,null,null,null,null,37.08,KJFK 160051Z 05005KT 10SM SCT037 BKN110 BKN180 05/M02 A3067 RMK AO2 SLP384 T00501017 $,null
JFK,2024-12-16 1:51,41,30,64.63,60,6,0,30.66,1038.1,10,null,BKN,BKN,OVC,null,3500,12000,18000,null,null,null,null,null,null,null,null,36.37,KJFK 160151Z 06006KT 10SM BKN035 BKN120 OVC180 05/M01 A3066 RMK AO2 SLP381 T00501011 $,null
JFK,2024-12-16 2:51,40,30,67.18,60,6,0,30.64,1037.3,10,null,BKN,OVC,null,null,3900,9500,null,null,null,null,null,null,null,null,null,35.17,KJFK 160251Z 06006KT 10SM BKN039 OVC095 04/M01 A3064 RMK AO2 SLP373 T00441011 58016 $,null
JFK,2024-12-16 3:51,41,30,64.63,50,6,0,30.62,1036.8,10,null,BKN,OVC,null,null,3500,8500,null,null,null,null,null,null,null,null,null,36.37,KJFK 160351Z 05006KT 10SM BKN035 OVC085 05/M01 A3062 RMK AO2 SLP368 T00501011 $,null
JFK,2024-12-16 4:51,40,32,72.85,70,7,T,30.59,1035.8,10,null,FEW,BKN,OVC,null,3600,4800,6000,null,#NAME?,null,null,null,null,null,null,34.53,KJFK 160451Z 07007KT 10SM -RA FEW036 BKN048 OVC060 04/00 A3059 RMK AO2 RAB28 SLP358 P0000 T00440000 400611033 $,null
JFK,2024-12-16 5:51,39,35,85.42,70,5,0.06,30.56,1034.9,10,null,FEW,OVC,null,null,2700,4600,null,null,#NAME?,null,null,null,null,null,null,34.71,KJFK 160551Z 07005KT 10SM -RA FEW027 OVC046 04/02 A3056 RMK AO2 SLP349 P0006 60006 T00390017 10050 20039 58024 $,null
JFK,2024-12-16 6:51,39,36,88.87,80,5,0.05,30.55,1034.6,10,null,OVC,null,null,null,5500,null,null,null,#NAME?,null,null,null,null,null,null,34.71,KJFK 160651Z 08005KT 10SM -RA OVC055 04/02 A3055 RMK AO2 SLP346 P0005 T00390022 $,null
JFK,2024-12-16 7:14,40,37,88.92,null,3,0.02,30.56,null,10,null,SCT,BKN,OVC,null,2100,2700,5000,null,RA,null,null,null,null,null,null,37.83,KJFK 160714Z VRB03KT 10SM RA SCT021 BKN027 OVC050 04/03 A3056 RMK AO2 CIG 021 W P0002 T00440028 $,null
JFK,2024-12-16 7:51,42,38,85.6,120,7,0.13,30.55,1034.3,10,null,SCT,BKN,OVC,null,2200,2700,5000,null,#NAME?,null,null,null,null,null,null,36.97,KJFK 160751Z 12007KT 10SM -RA SCT022 BKN027 OVC050 06/03 A3055 RMK AO2 SLP343 P0013 T00560033 $,null
JFK,2024-12-16 8:51,43,39,85.66,100,6,0.05,30.52,1033.4,10,null,BKN,BKN,OVC,null,2100,4500,5000,null,#NAME?,null,null,null,null,null,null,38.78,KJFK 160851Z 10006KT 10SM -RA BKN021 BKN045 OVC050 06/04 A3052 RMK AO2 SLP334 P0005 60023 T00610039 58015 $,null
JFK,2024-12-16 9:51,43,39,85.66,70,5,0.02,30.53,1033.7,7,null,OVC,null,null,null,2000,null,null,null,#NAME?,null,null,null,null,null,null,39.46,KJFK 160951Z 07005KT 7SM -RA OVC020 06/04 A3053 RMK AO2 SLP337 P0002 T00610039 $,null
JFK,2024-12-16 10:29,43,40,89.06,70,5,0.03,30.53,null,9,null,BKN,OVC,null,null,1400,2000,null,null,#NAME?,null,null,null,null,null,null,39.46,KJFK 161029Z 07005KT 9SM -RA BKN014 OVC020 06/04 A3053 RMK AO2 P0003 T00610044 $,null
JFK,2024-12-16 10:49,42.8,39.2,86.99,70,10,0.07,30.51,null,8,null,SCT,BKN,OVC,null,1400,2200,3900,null,RA,null,null,null,null,null,null,36.51,KJFK 161049Z 07010KT 8SM RA SCT014 BKN022 OVC039 06/04 A3051 RMK AO2 P0007 IEM_GHCNH,null
JFK,2024-12-16 10:51,42,40,92.55,70,9,0.07,30.51,1033,8,null,SCT,BKN,OVC,null,1400,2200,3900,null,RA,null,null,null,null,null,null,35.95,KJFK 161051Z 07009KT 8SM RA SCT014 BKN022 OVC039 06/04 A3051 RMK AO2 SLP330 P0007 T00560044 $,null
JFK,2024-12-16 11:51,43,41,92.58,80,9,0.11,30.49,1032.3,8,null,FEW,SCT,OVC,null,1100,2000,4900,null,RA,null,null,null,null,null,null,37.19,KJFK 161151Z 08009KT 8SM RA FEW011 SCT020 OVC049 06/05 A3049 RMK AO2 SLP323 P0011 60043 70049 T00610050 10061 20039 58011 $,null
JFK,2024-12-16 12:49,44.6,42.8,93.35,80,9,0.07,30.48,null,6,null,FEW,BKN,OVC,null,600,2500,4700,null,RA BR,null,null,null,null,null,null,39.18,KJFK 161249Z 08009KT 6SM RA BR FEW006 BKN025 OVC047 07/06 A3048 RMK AO2 BKN V SCT P0007 IEM_GHCNH,null
JFK,2024-12-16 12:51,44,42,92.61,90,9,0.07,30.47,1031.9,6,null,FEW,BKN,OVC,null,600,2500,4700,null,#NAME?,null,null,null,null,null,null,38.44,KJFK 161251Z 09009KT 6SM -RA BR FEW006 BKN025 OVC047 07/06 A3047 RMK AO2 SLP319 BKN V SCT P0007 T00670056 $,null
JFK,2024-12-16 13:13,45,42,89.15,70,6,0.02,30.48,null,7,null,BKN,OVC,null,null,900,3300,null,null,#NAME?,null,null,null,null,null,null,41.19,KJFK 161313Z 07006KT 7SM -RA BKN009 OVC033 07/06 A3048 RMK AO2 P0002 T00720056 $,null
JFK,2024-12-16 13:51,45,43,92.65,90,7,0.04,30.47,1031.9,4,null,BKN,OVC,null,null,700,1700,null,null,RA BR,null,null,null,null,null,null,40.63,KJFK 161351Z 09007KT 4SM RA BR BKN007 OVC017 07/06 A3047 RMK AO2 SLP319 P0004 T00720061,null
JFK,2024-12-16 14:51,47,44,89.24,90,10,0.06,30.46,1031.4,6,null,BKN,BKN,OVC,null,900,3400,4800,null,#NAME?,null,null,null,null,null,null,41.78,KJFK 161451Z 09010KT 6SM -RA BR BKN009 BKN034 OVC048 08/07 A3046 RMK AO2 SLP314 P0006 60017 T00830067 57009,null
JFK,2024-12-16 15:51,48,45,89.29,90,12,0.01,30.43,1030.3,4,null,BKN,OVC,null,null,800,1400,null,null,#NAME?,null,null,null,null,null,null,42.37,KJFK 161551Z 09012KT 4SM -RA BR BKN008 OVC014 09/07 A3043 RMK AO2 RAE24B46 SLP303 P0001 T00890072,null
JFK,2024-12-16 16:51,48,46,92.74,100,13,0.03,30.38,1028.7,3,null,OVC,null,null,null,600,null,null,null,#NAME?,null,null,null,null,null,null,42.07,KJFK 161651Z 10013KT 3SM -RA BR OVC006 09/08 A3038 RMK AO2 SLP287 P0003 T00890078,null
JFK,2024-12-16 17:19,49,46,89.33,90,14,T,30.36,null,2,24,BKN,OVC,null,null,600,1000,null,null,#NAME?,null,null,null,null,null,null,43.08,KJFK 161719Z 09014G24KT 2SM -RA BR BKN006 OVC010 09/08 A3036 RMK AO2 SFC VIS 3 P0000 T00940078,null
JFK,2024-12-16 17:51,49,47,92.77,100,15,0.01,30.34,1027.4,2,22,OVC,null,null,null,600,null,null,null,#NAME?,null,null,null,null,null,null,42.82,KJFK 161751Z 10015G22KT 2SM -DZ BR OVC006 09/08 A3034 RMK AO2 SFC VIS 3 RAE47DZB47 SLP274 P0001 60022 T00940083 10094 20061 58041,null
JFK,2024-12-16 18:51,50,48,92.8,100,15,0.04,30.31,1026.4,2,null,OVC,null,null,null,800,null,null,null,#NAME?,null,null,null,null,null,null,50,KJFK 161851Z 10015KT 2SM R04R/6000VP6000FT -RA BR OVC008 10/09 A3031 RMK AO2 SFC VIS 2 1/2 DZE26RAB26 SLP264 CIG 006V010 P0004 T01000089,null
JFK,2024-12-16 19:51,50,48,92.8,100,12,0.09,30.29,1025.6,2,null,OVC,null,null,null,800,null,null,null,RA BR,null,null,null,null,null,null,50,KJFK 161951Z 10012KT 2SM R04R/4000V4500FT RA BR OVC008 10/09 A3029 RMK AO2 SLP256 P0009 T01000089,null
JFK,2024-12-16 20:16,51,49,92.83,110,6,0.06,30.29,null,0.75,null,BKN,OVC,null,null,400,900,null,null,#NAME?,null,null,null,null,null,null,51,KJFK 162016Z 11006KT 3/4SM R04R/P6000FT -RA BR BKN004 OVC009 11/09 A3029 RMK AO2 SFC VIS 3 P0006 T01060094,null
JFK,2024-12-16 20:49,53.6,51.8,93.6,160,7,0.07,30.28,null,2.5,null,BKN,OVC,null,null,300,1500,null,null,#NAME?,null,null,null,null,null,null,53.6,KJFK 162049Z 16007KT 2 1/2SM -RA BR BKN003 OVC015 12/11 A3028 RMK AO2 SFC VIS 6 P0007 FIBI (RR) IEM_GHCNH,null
JFK,2024-12-16 20:51,53,51,92.89,160,7,0.07,30.28,1025.5,2.5,null,BKN,OVC,null,null,300,1500,null,null,#NAME?,null,null,null,null,null,null,53,KJFK 162051Z 16007KT 2 1/2SM -RA BR BKN003 OVC015 12/11 A3028 RMK AO2 SFC VIS 6 SLP255 P0007 60020 T01170106 56019,null
JFK,2024-12-16 21:51,53,51,92.89,170,10,T,30.28,1025.2,2.5,null,OVC,null,null,null,300,null,null,null,BR,null,null,null,null,null,null,53,KJFK 162151Z 17010KT 2 1/2SM R04R/5000VP6000FT BR OVC003 12/11 A3028 RMK AO2 VIS 3/4 W RAE2055 SLP252 P0000 T01170106,null
JFK,2024-12-16 22:28,53,51,92.89,170,12,T,30.27,null,0.25,null,VV ,null,null,null,200,null,null,null,#NAME?,null,null,null,null,null,null,53,KJFK 162228Z 17012KT 1/4SM R04R/2800V3500FT -DZ FG VV002 12/11 A3027 RMK AO2 TWR VIS 1/2 DZB28 P0000 T01170106,null
JFK,2024-12-16 22:46,51.8,51.8,100,180,10,T,30.27,null,0.25,null,VV ,null,null,null,200,null,null,null,#NAME?,null,null,null,null,null,null,51.8,KJFK 162246Z 18010KT 1/4SM R04R/2000V2200FT -DZ FG VV002 11/11 A3027 RMK AO2 TWR VIS 1/2 DZB28 P0000,null
JFK,2024-12-16 22:51,52,51,96.37,180,10,T,30.27,1025.1,0.25,null,VV ,null,null,null,200,null,null,null,#NAME?,null,null,null,null,null,null,52,KJFK 162251Z 18010KT 1/4SM R04R/2000V2200FT -DZ FG VV002 11/11 A3027 RMK AO2 TWR VIS 1/2 DZB28 SLP251 P0000 T01110106,null
JFK,2024-12-16 22:59,52,51,96.37,180,9,T,30.27,null,0.25,null,VV ,null,null,null,200,null,null,null,#NAME?,null,null,null,null,null,null,52,KJFK 162259Z 18009KT 1/4SM R04R/2200V2400FT -DZ FG VV002 11/11 A3027 RMK AO2 TWR VIS 1/2 P0000 T01110106,null
JFK,2024-12-16 23:51,52,51,96.37,170,11,T,30.27,1024.9,0.25,null,VV ,null,null,null,300,null,null,null,FG,null,null,null,null,null,null,52,KJFK 162351Z 17011KT 1/4SM R04R/P6000FT FG VV003 11/11 A3027 RMK AO2 TWR VIS 1/2 DZE48 SLP249 P0000 60020 T01110106 10117 20094 58002,null
JFK,2024-12-17 0:44,52,51,96.37,170,10,T,30.26,null,0.5,null,OVC,null,null,null,400,null,null,null,#NAME?,null,null,null,null,null,null,52,KJFK 170044Z 17010KT 1/2SM R04R/P6000FT -RA BR OVC004 11/11 A3026 RMK AO2 SFC VIS 3 RAB22 P0000 T01110106,null
JFK,2024-12-17 0:51,52,51,96.37,180,12,0.01,30.26,1024.7,0.5,null,OVC,null,null,null,400,null,null,null,#NAME?,null,null,null,null,null,null,52,KJFK 170051Z 18012KT 1/2SM R04R/P6000FT -RA BR OVC004 11/11 A3026 RMK AO2 SFC VIS 3 RAB22 SLP247 P0001 T01110106,null
JFK,2024-12-17 1:51,51,51,100,170,8,T,30.23,1023.7,0.5,null,OVC,null,null,null,300,null,null,null,BR,null,null,null,null,null,null,51,KJFK 170151Z 17008KT 1/2SM R04R/P6000FT BR OVC003 11/11 A3023 RMK AO2 SFC VIS 3/4 RAE0055B30E40 SLP237 P0000 T01060106,null
JFK,2024-12-17 2:51,51,50,96.36,200,10,0.01,30.22,1023.2,0.5,null,OVC,null,null,null,300,null,null,null,#NAME?,null,null,null,null,null,null,51,KJFK 170251Z 20010KT 1/2SM R04R/5000V6000FT -RA BR OVC003 11/10 A3022 RMK AO2 SFC VIS 3/4 RAB29 SLP232 P0001 60002 T01060100 58017,null
JFK,2024-12-17 3:51,52,51,96.37,180,12,0.01,30.17,1021.7,0.5,null,OVC,null,null,null,400,null,null,null,#NAME?,null,null,null,null,null,null,52,KJFK 170351Z 18012KT 1/2SM R04R/5500VP6000FT -RA BR OVC004 11/11 A3017 RMK AO2 SFC VIS 2 SLP217 P0001 T01110106,null
JFK,2024-12-17 4:24,52,51,96.37,180,12,0.04,30.16,null,0.5,null,OVC,null,null,null,500,null,null,null,#NAME?,null,null,null,null,null,null,52,KJFK 170424Z 18012KT 1/2SM R04R/P6000FT -RA BR OVC005 11/11 A3016 RMK AO2 SFC VIS 5 P0004 T01110106,null
JFK,2024-12-17 4:49,51.8,50,93.55,200,14,0.06,30.15,null,0.5,null,BKN,OVC,null,null,300,700,null,null,#NAME?,null,null,null,null,null,null,51.8,KJFK 170449Z 20014KT 1/2SM R04R/P6000FT -RA BKN003 OVC007 11/10 A3015 RMK AO2 SFC VIS 9 P0006 FIBI (RM) IEM_GHCNH,null
JFK,2024-12-17 4:51,52,50,92.86,200,12,0.06,30.15,1020.9,0.5,null,BKN,OVC,null,null,300,700,null,null,#NAME?,null,null,null,null,null,null,52,KJFK 170451Z 20012KT 1/2SM R04R/P6000FT -RA BKN003 OVC007 11/10 A3015 RMK AO2 SFC VIS 7 SLP209 P0006 T01110100 401170039,null
JFK,2024-12-17 5:51,51,50,96.36,200,14,0.04,30.12,1020,0.5,null,OVC,null,null,null,300,null,null,null,#NAME?,null,null,null,null,null,null,51,KJFK 170551Z 20014KT 1/2SM R04R/P6000FT -RA OVC003 11/10 A3012 RMK AO2 SFC VIS 8 SLP200 P0004 60013 T01060100 10111 20106 56032,null
JFK,2024-12-17 6:51,51,50,96.36,200,9,0.03,30.1,1019.2,0.5,null,OVC,null,null,null,300,null,null,null,null,null,null,null,null,null,null,51,KJFK 170651Z 20009KT 1/2SM R04R/P6000FT OVC003 11/10 A3010 RMK AO2 SFC VIS 7 RAE51 SLP192 P0003 T01060100,null
JFK,2024-12-17 7:51,51,50,96.36,200,11,0.01,30.09,1019,0.5,null,OVC,null,null,null,300,null,null,null,BR,null,null,null,null,null,null,51,KJFK 170751Z 20011KT 1/2SM R04R/P6000FT BR OVC003 11/10 A3009 RMK AO2 SFC VIS 6 RAB0656E15 SLP190 P0001 T01060100,null
JFK,2024-12-17 8:47,50,48.2,93.5,210,7,0,30.09,null,0.5,null,FEW,OVC,null,null,500,1000,null,null,null,null,null,null,null,null,null,50,KJFK 170847Z 21007KT 1/2SM R04R/P6000FT FEW005 OVC010 10/09 A3009 RMK AO2 SFC VIS 7,null
JFK,2024-12-17 8:51,50,49,96.34,210,6,0,30.09,1018.8,0.5,null,FEW,OVC,null,null,500,1000,null,null,null,null,null,null,null,null,null,50,KJFK 170851Z 21006KT 1/2SM R04R/P6000FT FEW005 OVC010 10/09 A3009 RMK AO2 SFC VIS 7 SLP188 60004 T01000094 56013,null
JFK,2024-12-17 9:13,50,50,100,210,6,0,30.09,null,8,null,OVC,null,null,null,1100,null,null,null,null,null,null,null,null,null,null,50,KJFK 170913Z 21006KT 8SM OVC011 10/10 A3009 RMK AO2 T01000100,null
JFK,2024-12-17 9:51,52,49,89.46,240,6,0,30.08,1018.6,10,null,OVC,null,null,null,1100,null,null,null,null,null,null,null,null,null,null,52,KJFK 170951Z 24006KT 10SM OVC011 11/09 A3008 RMK AO2 SLP186 T01110094,null
JFK,2024-12-17 10:51,53,51,92.89,260,10,0,30.09,1019,10,null,OVC,null,null,null,900,null,null,null,null,null,null,null,null,null,null,53,KJFK 171051Z 26010KT 10SM OVC009 12/11 A3009 RMK AO2 SLP190 T01170106,null
JFK,2024-12-17 11:51,53,50,89.51,250,12,0,30.1,1019.3,9,null,OVC,null,null,null,800,null,null,null,null,null,null,null,null,null,null,53,KJFK 171151Z 25012KT 9SM OVC008 12/10 A3010 RMK AO2 SLP193 60004 70059 T01170100 10122 20100 53005,null
JFK,2024-12-17 12:51,53,50,89.51,250,10,0,30.12,1019.8,7,null,OVC,null,null,null,700,null,null,null,null,null,null,null,null,null,null,53,KJFK 171251Z 25010KT 7SM OVC007 12/10 A3012 RMK AO2 SLP198 T01170100,null
JFK,2024-12-17 13:19,53,51,92.89,250,10,0,30.12,null,7,null,BKN,OVC,null,null,1000,5500,null,null,null,null,null,null,null,null,null,53,KJFK 171319Z 25010KT 7SM BKN010 OVC055 12/11 A3012 RMK AO2 CIG 008V012 T01170106,null
JFK,2024-12-17 13:51,54,50,86.29,240,11,0,30.13,1020.1,7,null,BKN,BKN,OVC,null,1300,5500,7500,null,null,null,null,null,null,null,null,54,KJFK 171351Z 24011KT 7SM BKN013 BKN055 OVC075 12/10 A3013 RMK AO2 SLP201 T01220100,null
JFK,2024-12-17 14:51,54,50,86.29,250,11,0,30.14,1020.6,8,null,BKN,OVC,null,null,1200,7500,null,null,null,null,null,null,null,null,null,54,KJFK 171451Z 25011KT 8SM BKN012 OVC075 12/10 A3014 RMK AO2 SLP206 T01220100 52013,null
JFK,2024-12-17 15:51,56,51,83.26,260,15,0,30.14,1020.5,10,null,BKN,BKN,null,null,1100,7500,null,null,null,null,null,null,null,null,null,56,KJFK 171551Z 26015KT 10SM BKN011 BKN075 13/11 A3014 RMK AO2 SLP205 T01330106,null
JFK,2024-12-17 16:27,56,50,80.23,260,14,0,30.13,null,10,null,SCT,BKN,BKN,null,1200,7000,25000,null,null,null,null,null,null,null,null,56,KJFK 171627Z 26014KT 10SM SCT012 BKN070 BKN250 13/10 A3013 RMK AO2 T01330100,null
JFK,2024-12-17 16:51,56,50,80.23,250,11,0,30.13,1020.1,10,null,FEW,SCT,BKN,null,1500,7000,25000,null,null,null,null,null,null,null,null,56,KJFK 171651Z 25011KT 10SM FEW015 SCT070 BKN250 13/10 A3013 RMK AO2 SLP201 T01330100,null
JFK,2024-12-17 17:51,58,49,71.91,230,13,0,30.12,1019.8,10,null,FEW,FEW,BKN,null,1900,7500,25000,null,null,null,null,null,null,null,null,58,KJFK 171751Z 23013KT 10SM FEW019 FEW075 BKN250 14/09 A3012 RMK AO2 SLP198 T01440094 10144 20111 58008,null
JFK,2024-12-17 18:51,57,48,71.81,240,12,0,30.11,1019.6,10,null,FEW,FEW,SCT,null,2600,7500,25000,null,null,null,null,null,null,null,null,57,KJFK 171851Z 24012KT 10SM FEW026 FEW075 SCT250 14/09 A3011 RMK AO2 SLP196 T01390089,null
JFK,2024-12-17 19:51,57,48,71.81,240,12,0,30.11,1019.6,10,null,FEW,FEW,SCT,null,3000,7500,25000,null,null,null,null,null,null,null,null,57,KJFK 171951Z 24012KT 10SM FEW030 FEW075 SCT250 14/09 A3011 RMK AO2 SLP196 T01390089,null
JFK,2024-12-17 20:51,56,45,66.48,240,9,0,30.12,1019.8,10,null,FEW,SCT,null,null,7500,25000,null,null,null,null,null,null,null,null,null,56,KJFK 172051Z 24009KT 10SM FEW075 SCT250 13/07 A3012 RMK AO2 SLP198 T01330072 55000,null
JFK,2024-12-17 21:51,55,39,54.7,260,10,0,30.13,1020.2,10,null,SCT,null,null,null,25000,null,null,null,null,null,null,null,null,null,null,55,KJFK 172151Z 26010KT 10SM SCT250 13/04 A3013 RMK AO2 SLP202 T01280039,null
JFK,2024-12-17 22:51,55,38,52.6,270,11,0,30.16,1021.4,10,null,FEW,null,null,null,25000,null,null,null,null,null,null,null,null,null,null,55,KJFK 172251Z 27011KT 10SM FEW250 13/03 A3016 RMK AO2 SLP214 T01280033,null
JFK,2024-12-17 23:51,55,38,52.6,270,12,0,30.18,1022.1,10,null,SCT,SCT,null,null,12000,25000,null,null,null,null,null,null,null,null,null,55,KJFK 172351Z 27012KT 10SM SCT120 SCT250 13/03 A3018 RMK AO2 SLP221 T01280033 10144 20122 53022,null
JFK,2024-12-18 0:51,54,37,52.45,270,10,0,30.2,1022.5,10,null,FEW,SCT,null,null,12000,25000,null,null,null,null,null,null,null,null,null,54,KJFK 180051Z 27010KT 10SM FEW120 SCT250 12/03 A3020 RMK AO2 SLP225 T01220028,null
JFK,2024-12-18 1:51,53,36,52.3,290,10,0,30.21,1023,10,null,SCT,null,null,null,25000,null,null,null,null,null,null,null,null,null,null,53,KJFK 180151Z 29010KT 10SM SCT250 12/02 A3021 RMK AO2 SLP230 T01170022,null
JFK,2024-12-18 2:51,50,36,58.44,270,7,0,30.22,1023.3,10,null,SCT,null,null,null,25000,null,null,null,null,null,null,null,null,null,null,50,KJFK 180251Z 27007KT 10SM SCT250 10/02 A3022 RMK AO2 SLP233 T01000022 51012,null
JFK,2024-12-18 3:51,46,38,73.47,240,8,0,30.23,1023.6,10,null,SCT,null,null,null,25000,null,null,null,null,null,null,null,null,null,null,41.36,KJFK 180351Z 24008KT 10SM SCT250 08/03 A3023 RMK AO2 SLP236 T00780033,null
JFK,2024-12-18 4:51,45,37,73.37,260,6,0,30.23,1023.7,10,null,SCT,null,null,null,25000,null,null,null,null,null,null,null,null,null,null,41.19,KJFK 180451Z 26006KT 10SM SCT250 07/03 A3023 RMK AO2 SLP237 T00720028 401440067,null
JFK,2024-12-18 5:51,48,34,58.16,330,9,0,30.25,1024.2,10,null,SCT,null,null,null,25000,null,null,null,null,null,null,null,null,null,null,43.41,KJFK 180551Z 33009KT 10SM SCT250 09/01 A3025 RMK AO2 SLP242 T00890011 10128 20067 53009,null
JFK,2024-12-18 6:51,45,34,65.13,350,6,0,30.24,1024.1,10,null,SCT,null,null,null,25000,null,null,null,null,null,null,null,null,null,null,41.19,KJFK 180651Z 35006KT 10SM SCT250 07/01 A3024 RMK AO2 SLP241 T00720011,null
JFK,2024-12-18 7:51,45,34,65.13,360,4,0,30.26,1024.7,10,null,FEW,null,null,null,25000,null,null,null,null,null,null,null,null,null,null,42.6,KJFK 180751Z COR 36004KT 10SM FEW250 07/01 A3026 RMK AO2 SLP247 T00720011,null
JFK,2024-12-18 8:51,42,33,70.19,0,0,0,30.27,1025,10,null,SCT,null,null,null,25000,null,null,null,null,null,null,null,null,null,null,42,KJFK 180851Z 00000KT 10SM SCT250 06/01 A3027 RMK AO2 SLP250 T00560006 53008,null
JFK,2024-12-18 9:51,41,33,72.96,0,0,0,30.28,1025.3,10,null,SCT,null,null,null,25000,null,null,null,null,null,null,null,null,null,null,41,KJFK 180951Z 00000KT 10SM SCT250 05/01 A3028 RMK AO2 SLP253 T00500006,null
JFK,2024-12-18 10:51,42,34,73.06,0,0,0,30.29,1025.6,10,null,FEW,null,null,null,25000,null,null,null,null,null,null,null,null,null,null,42,KJFK 181051Z 00000KT 10SM FEW250 06/01 A3029 RMK AO2 SLP256 T00560011,null
JFK,2024-12-18 11:51,42,34,73.06,0,0,0,30.29,1025.5,10,null,FEW,null,null,null,25000,null,null,null,null,null,null,null,null,null,null,42,KJFK 181151Z 00000KT 10SM FEW250 06/01 A3029 RMK AO2 SLP255 T00560011 10089 20028 50005,null
JFK,2024-12-18 12:51,40,33,75.84,0,0,0,30.3,1026,10,null,FEW,null,null,null,25000,null,null,null,MIFG,null,null,null,null,null,null,40,KJFK 181251Z 00000KT 10SM MIFG FEW250 04/01 A3030 RMK AO2 SLP260 T00440006,null
JFK,2024-12-18 13:51,45,39,79.36,0,0,0,30.29,1025.5,10,null,FEW,null,null,null,25000,null,null,null,null,null,null,null,null,null,null,45,KJFK 181351Z 00000KT 10SM FEW250 07/04 A3029 RMK AO2 SLP255 T00720039,null
JFK,2024-12-18 14:51,50,36,58.44,0,0,0,30.27,1025.1,10,null,FEW,null,null,null,25000,null,null,null,null,null,null,null,null,null,null,50,KJFK 181451Z 00000KT 10SM FEW250 10/02 A3027 RMK AO2 SLP251 T01000022 58004,null
JFK,2024-12-18 15:51,51,37,58.58,210,5,0,30.25,1024.3,10,null,SCT,null,null,null,25000,null,null,null,null,null,null,null,null,null,null,51,KJFK 181551Z 21005KT 10SM SCT250 11/03 A3025 RMK AO2 SLP243 T01060028,null
JFK,2024-12-18 16:51,52,38,58.71,220,6,0,30.21,1022.8,10,null,FEW,BKN,null,null,12000,25000,null,null,null,null,null,null,null,null,null,52,KJFK 181651Z 22006KT 10SM FEW120 BKN250 11/03 A3021 RMK AO2 SLP228 T01110033,null
JFK,2024-12-18 17:51,53,38,56.59,220,6,0,30.18,1021.8,10,null,FEW,BKN,null,null,12000,25000,null,null,null,null,null,null,null,null,null,53,KJFK 181751Z 22006KT 10SM FEW120 BKN250 12/03 A3018 RMK AO2 SLP218 T01170033 10117 20039 58033,null
JFK,2024-12-18 18:51,54,38,54.56,210,5,0,30.13,1020.4,10,null,FEW,FEW,BKN,null,5500,12000,25000,null,null,null,null,null,null,null,null,54,KJFK 181851Z 21005KT 10SM FEW055 FEW120 BKN250 12/03 A3013 RMK AO2 SLP204 T01220033,null
JFK,2024-12-18 19:51,53,36,52.3,190,4,0,30.09,1018.8,10,null,BKN,BKN,BKN,BKN,4600,6000,13000,25000,null,null,null,null,null,null,null,53,KJFK 181951Z 19004KT 10SM BKN046 BKN060 BKN130 BKN250 12/02 A3009 RMK AO2 SLP188 T01170022,null
JFK,2024-12-18 20:51,51,39,63.36,130,6,0,30.05,1017.6,10,null,BKN,BKN,BKN,null,3900,6000,25000,null,null,null,null,null,null,null,null,51,KJFK 182051Z 13006KT 10SM BKN039 BKN060 BKN250 11/04 A3005 RMK AO2 SLP176 T01060039 56042,null
JFK,2024-12-18 21:51,50,41,71.07,110,9,0,30.02,1016.5,10,null,SCT,OVC,null,null,2800,4000,null,null,null,null,null,null,null,null,null,50,KJFK 182151Z 11009KT 10SM SCT028 OVC040 10/05 A3002 RMK AO2 SLP165 T01000050,null
JFK,2024-12-18 22:15,50,42,73.87,110,6,0,30.01,null,10,null,BKN,OVC,null,null,2800,4000,null,null,null,null,null,null,null,null,null,50,KJFK 182215Z 11006KT 10SM BKN028 OVC040 10/06 A3001 RMK AO2 T01000056,null
JFK,2024-12-18 22:51,50,43,76.76,80,4,0,29.99,1015.5,10,null,BKN,OVC,null,null,2800,3500,null,null,null,null,null,null,null,null,null,50,KJFK 182251Z 08004KT 10SM BKN028 OVC035 10/06 A2999 RMK AO2 SLP155 T01000061,null
JFK,2024-12-18 23:51,51,44,76.85,340,9,T,29.99,1015.4,10,null,FEW,OVC,null,null,1900,2800,null,null,null,null,null,null,null,null,null,51,KJFK 182351Z 34009KT 10SM FEW019 OVC028 11/07 A2999 RMK AO2 RAB2257E06 SLP154 P0000 60000 T01060067 10122 20100 56022,null
JFK,2024-12-19 0:46,48.2,44.6,87.28,330,13,0.06,29.96,null,7,22,BKN,OVC,null,null,1300,2400,null,null,#NAME?,null,null,null,null,null,null,42.32,KJFK 190046Z 33013G22KT 7SM -RA BKN013 OVC024 09/07 A2996 RMK AO2 RAB2357 P0006,null
JFK,2024-12-19 0:51,48,45,89.29,350,10,0.06,29.97,1014.8,8,null,BKN,OVC,null,null,1200,2400,null,null,#NAME?,null,null,null,null,null,null,43.03,KJFK 190051Z 35010KT 8SM -RA BKN012 OVC024 09/07 A2997 RMK AO2 RAB2357 SLP148 P0006 T00890072,null
JFK,2024-12-19 0:59,47,44,89.24,330,14,0.01,29.98,null,2.5,null,SCT,BKN,OVC,null,700,1200,2300,null,RA BR,null,null,null,null,null,null,40.5,KJFK 190059Z 33014KT 2 1/2SM RA BR SCT007 BKN012 OVC023 08/07 A2998 RMK AO2 SFC VIS 5 P0001 T00830067,null
JFK,2024-12-19 1:40,47,44,89.24,10,9,0.04,29.96,null,10,null,SCT,BKN,OVC,null,600,1200,2000,null,#NAME?,null,null,null,null,null,null,42.17,KJFK 190140Z 01009KT 10SM -RA SCT006 BKN012 OVC020 08/07 A2996 RMK AO2 P0004 T00830067,null
JFK,2024-12-19 1:51,47,44,89.24,10,7,0.04,29.96,1014.5,10,null,SCT,BKN,OVC,null,600,1200,2200,null,null,null,null,null,null,null,null,43.06,KJFK 190151Z 01007KT 10SM SCT006 BKN012 OVC022 08/07 A2996 RMK AO2 RAE51 SLP145 P0004 T00830067,null
JFK,2024-12-19 2:43,47,44,89.24,360,9,T,29.96,null,9,null,BKN,OVC,null,null,700,2000,null,null,#NAME?,null,null,null,null,null,null,42.17,KJFK 190243Z 36009KT 9SM -RA BKN007 OVC020 08/07 A2996 RMK AO2 RAB0158 P0000 T00830067,null
JFK,2024-12-19 2:51,47,44,89.24,10,8,T,29.97,1014.7,8,null,BKN,OVC,null,null,700,2000,null,null,#NAME?,null,null,null,null,null,null,42.59,KJFK 190251Z 01008KT 8SM -RA BKN007 OVC020 08/07 A2997 RMK AO2 RAB0158 SLP147 P0000 60010 T00830067 52001,null
JFK,2024-12-19 3:51,46,44,92.68,20,3,0.02,29.98,1015.2,7,null,BKN,OVC,null,null,700,2000,null,null,#NAME?,null,null,null,null,null,null,44.69,KJFK 190351Z 02003KT 7SM -RA BKN007 OVC020 08/07 A2998 RMK AO2 SLP152 P0002 T00780067,null
JFK,2024-12-19 4:49,46.4,44.6,93.4,0,0,0.05,29.98,null,6,null,SCT,BKN,OVC,null,700,1100,7500,null,#NAME?,null,null,null,null,null,null,46.4,KJFK 190449Z 00000KT 6SM -RA BR SCT007 BKN011 OVC075 08/07 A2998 RMK AO2 P0005 FIBI (RM) IEM_GHCNH,null
JFK,2024-12-19 4:51,47,45,92.71,0,0,0.05,29.98,1015.3,7,null,SCT,BKN,OVC,null,700,1100,7500,null,#NAME?,null,null,null,null,null,null,47,KJFK 190451Z 00000KT 7SM -RA SCT007 BKN011 OVC075 08/07 A2998 RMK AO2 SLP153 P0005 T00830072 401220028,null
JFK,2024-12-19 5:49,46.4,42.8,87.19,320,10,0.03,29.99,null,10,null,FEW,BKN,OVC,null,2200,5000,7500,null,#NAME?,null,null,null,null,null,null,41.03,KJFK 190549Z 32010KT 10SM -RA FEW022 BKN050 OVC075 08/06 A2999 RMK AO2 P0003 FIBI (RM) IEM_GHCNH,null
JFK,2024-12-19 5:51,47,43,85.89,320,10,0.03,29.99,1015.4,9,null,FEW,BKN,OVC,null,2200,5000,7500,null,#NAME?,null,null,null,null,null,null,41.78,KJFK 190551Z 32010KT 9SM -RA FEW022 BKN050 OVC075 08/06 A2999 RMK SLP154 P0003 60020 T00830061 10106 20078 51007,null
JFK,2024-12-19 6:48,46.4,42.8,87.19,340,13,0.02,30,null,10,18,BKN,OVC,null,null,1300,2200,null,null,null,null,null,null,null,null,null,40.02,KJFK 190648Z 34013G18KT 10SM BKN013 OVC022 08/06 A3000 RMK AO2 RAE48 P0002 (RM) IEM_GHCNH,null
JFK,2024-12-19 6:51,46,41,82.58,340,14,0.02,30.01,1016.1,10,18,BKN,OVC,null,null,1300,2300,null,null,null,null,null,null,null,null,null,39.21,KJFK 190651Z 34014G18KT 10SM BKN013 OVC023 08/05 A3001 RMK RAE48 SLP161 P0002 T00780050,null
JFK,2024-12-19 7:13,45,41,85.77,340,13,0,30.03,null,10,null,SCT,SCT,OVC,null,2200,2900,11000,null,null,null,null,null,null,null,null,38.22,KJFK 190713Z 34013KT 10SM SCT022 SCT029 OVC110 07/05 A3003 RMK CIG 025W T00720050,null
JFK,2024-12-19 7:51,44.6,37.4,75.68,320,16,0,30.05,1017.4,10,null,SCT,SCT,BKN,null,1900,3500,11000,null,null,null,null,null,null,null,null,36.84,KJFK 190751Z 32016KT 10SM SCT019 SCT035 BKN110 07/03 A3005 RMK SLP174 T0067033,null
JFK,2024-12-19 8:51,43,35,73.16,310,21,0,30.09,1018.7,10,29,FEW,SCT,null,null,7500,12000,null,null,null,null,null,null,29,310,2024-12-19 8:38,33.52,KJFK 190851Z 31021G29KT 10SM FEW075 SCT120 06/02 A3009 RMK PK WND 31029/0838 SLP187 60002 T00610017 51007,null
JFK,2024-12-19 9:51,43,33,67.54,320,20,0,30.12,1019.8,10,26,FEW,SCT,BKN,null,5000,13000,20000,null,null,null,null,null,27,320,2024-12-19 9:11,33.75,KJFK 190951Z 32020G26KT 10SM FEW050 SCT130 BKN200 06/01 A3012 RMK PK WND 32027/0911 SLP198 T00610006,null
JFK,2024-12-19 10:51,42,31,64.75,320,19,0,30.15,1021,10,30,FEW,BKN,null,null,3100,25000,null,null,null,null,null,null,30,320,2024-12-19 10:46,32.66,KJFK 191051Z 32019G30KT 10SM FEW031 BKN250 06/M01 A3015 RMK PK WND 32030/1046 SLP210 T00561006,null
JFK,2024-12-19 11:51,42,29,59.69,310,14,0,30.18,1022,10,null,FEW,SCT,null,null,3100,25000,null,null,null,null,null,null,26,330,2024-12-19 10:52,34.05,KJFK 191151Z 31014KT 10SM FEW031 SCT250 06/M02 A3018 RMK PK WND 33026/1052 SLP220 60002 70022 T00561017 10083 20056 51032,null
JFK,2024-12-19 12:51,43,29,57.44,310,13,0,30.21,1023.1,10,null,FEW,FEW,null,null,3300,25000,null,null,null,null,null,null,null,null,null,35.66,KJFK 191251Z 31013KT 10SM FEW033 FEW250 06/M02 A3021 RMK SLP231 T00611017,null
JFK,2024-12-19 13:51,44,29,55.29,330,15,0,30.23,1023.6,10,22,FEW,FEW,null,null,3800,25000,null,null,null,null,null,null,null,null,null,36.34,KJFK 191351Z 33015G22KT 10SM FEW038 FEW250 07/M02 A3023 RMK SLP236 T00671017,null
JFK,2024-12-19 14:51,45,29,53.22,330,17,0,30.24,1024,10,null,FEW,FEW,null,null,4300,25000,null,null,null,null,null,null,26,330,2024-12-19 13:56,37.11,KJFK 191451Z 33017KT 10SM FEW043 FEW250 07/M02 A3024 RMK PK WND 33026/1356 SLP240 T00721017 51020,null
JFK,2024-12-19 15:51,46,29,51.24,360,10,0,30.26,1024.5,10,null,SCT,SCT,null,null,3900,25000,null,null,null,null,null,null,null,null,null,40.52,KJFK 191551Z 36010KT 10SM SCT039 SCT250 08/M02 A3026 RMK SLP245 T00781017,null
JFK,2024-12-19 16:51,46,28,49.18,330,9,0,30.25,1024.1,10,null,SCT,SCT,null,null,4100,25000,null,null,null,null,null,null,null,null,null,40.92,KJFK 191651Z 33009KT 10SM SCT041 SCT250 08/M02 A3025 RMK SLP241 T00781022,null
JFK,2024-12-19 17:51,48,28,45.61,320,8,0,30.25,1024.2,10,null,SCT,BKN,null,null,4400,25000,null,null,null,null,null,null,null,null,null,43.82,KJFK 191751Z 32008KT 10SM SCT044 BKN250 09/M02 A3025 RMK SLP242 T00891022 10094 20056 51001,null
JFK,2024-12-19 18:51,47,25,41.83,310,14,0,30.23,1023.6,10,null,FEW,BKN,null,null,4600,25000,null,null,null,null,null,null,null,null,null,40.5,KJFK 191851Z 31014KT 10SM FEW046 BKN250 08/M04 A3023 RMK SLP236 T00831039,null
JFK,2024-12-19 19:51,45,26,47.04,330,11,0,30.25,1024.1,10,null,FEW,BKN,null,null,4800,25000,null,null,null,null,null,null,null,null,null,38.89,KJFK 191951Z 33011KT 10SM FEW048 BKN250 07/M03 A3025 RMK SLP241 T00721033,null
JFK,2024-12-19 20:51,43,24,46.71,330,12,0,30.27,1025.1,10,null,FEW,BKN,null,null,4800,25000,null,null,null,null,null,null,null,null,null,36,KJFK 192051Z 33012KT 10SM FEW048 BKN250 06/M04 A3027 RMK SLP251 T00611044 53010,null
JFK,2024-12-19 21:51,43,24,46.71,350,9,0,30.3,1026,10,null,FEW,BKN,null,null,4800,25000,null,null,null,null,null,null,null,null,null,37.19,KJFK 192151Z 35009KT 10SM FEW048 BKN250 06/M04 A3030 RMK SLP260 T00611044,null
JFK,2024-12-19 22:51,42,23,46.55,360,8,0,30.32,1026.5,10,null,FEW,BKN,null,null,4800,25000,null,null,null,null,null,null,null,null,null,36.43,KJFK 192251Z 36008KT 10SM FEW048 BKN250 06/M05 A3032 RMK AO2 SLP265 T00561050,null
JFK,2024-12-19 23:51,41,24,50.46,10,9,0,30.31,1026.4,10,null,FEW,BKN,BKN,null,4800,20000,25000,null,null,null,null,null,null,null,null,34.7,KJFK 192351Z 01009KT 10SM FEW048 BKN200 BKN250 05/M04 A3031 RMK AO2 SLP264 T00501044 10094 20050 50013,null
JFK,2024-12-20 0:51,40,24,52.45,20,8,0,30.31,1026.3,10,null,FEW,BKN,BKN,null,4500,18000,23000,null,null,null,null,null,null,null,null,33.97,KJFK 200051Z 02008KT 10SM FEW045 BKN180 BKN230 04/M04 A3031 RMK AO2 SLP263 T00441044,null
JFK,2024-12-20 1:51,40,24,52.45,10,8,0,30.32,1026.7,10,null,FEW,BKN,BKN,null,4500,18000,25000,null,null,null,null,null,null,null,null,33.97,KJFK 200151Z 01008KT 10SM FEW045 BKN180 BKN250 04/M04 A3032 RMK AO2 SLP267 T00441044,null
JFK,2024-12-20 2:51,39,24,54.54,20,8,0,30.31,1026.4,10,null,FEW,BKN,BKN,null,16000,20000,25000,null,null,null,null,null,null,null,null,32.74,KJFK 200251Z 02008KT 10SM FEW160 BKN200 BKN250 04/M04 A3031 RMK AO2 SLP264 T00391044 58001,null
JFK,2024-12-20 3:51,38,24,56.71,30,8,0,30.28,1025.4,10,null,FEW,SCT,BKN,null,4500,18000,25000,null,null,null,null,null,null,null,null,31.5,KJFK 200351Z 03008KT 10SM FEW045 SCT180 BKN250 03/M04 A3028 RMK AO2 SLP254 T00331044,null
JFK,2024-12-20 4:51,38,24,56.71,30,8,0,30.27,1025,10,null,SCT,OVC,null,null,20000,25000,null,null,null,null,null,null,null,null,null,31.5,KJFK 200451Z 03008KT 10SM SCT200 OVC250 03/M04 A3027 RMK AO2 SLP250 T00331044 400940033,null
JFK,2024-12-20 5:51,38,25,59.13,30,8,0,30.27,1024.8,10,null,SCT,BKN,null,null,17000,22000,null,null,null,null,null,null,null,null,null,31.5,KJFK 200551Z 03008KT 10SM SCT170 BKN220 03/M04 A3027 RMK AO2 SLP248 T00331039 10050 20033 56016,null
JFK,2024-12-20 6:51,37,25,61.5,50,7,0,30.25,1024.4,10,null,FEW,SCT,OVC,null,4500,16000,25000,null,null,null,null,null,null,null,null,30.87,KJFK 200651Z 05007KT 10SM FEW045 SCT160 OVC250 03/M04 A3025 RMK AO2 SLP244 T00281039,null
JFK,2024-12-20 7:51,37,24,58.99,40,8,0,30.24,1023.9,10,null,BKN,BKN,OVC,null,4500,17000,25000,null,null,null,null,null,null,null,null,30.27,KJFK 200751Z 04008KT 10SM BKN045 BKN170 OVC250 03/M04 A3024 RMK AO2 SLP239 T00281044,null
JFK,2024-12-20 8:51,36,24,61.37,30,7,0,30.21,1022.9,10,null,FEW,OVC,null,null,4700,18000,null,null,null,null,null,null,null,null,null,29.65,KJFK 200851Z 03007KT 10SM FEW047 OVC180 02/M04 A3021 RMK AO2 SLP229 T00221044 58019,null
JFK,2024-12-20 9:51,37,25,61.5,40,8,0,30.19,1022.2,10,null,OVC,null,null,null,4800,null,null,null,null,null,null,null,null,null,null,30.27,KJFK 200951Z 04008KT 10SM OVC048 03/M04 A3019 RMK AO2 SLP222 T00281039,null
JFK,2024-12-20 10:51,38,27,64.24,30,9,0,30.18,1021.7,10,null,BKN,OVC,null,null,5000,12000,null,null,null,null,null,null,null,null,null,30.97,KJFK 201051Z 03009KT 10SM BKN050 OVC120 03/M03 A3018 RMK AO2 SLP217 T00331028,null
JFK,2024-12-20 11:51,39,28,64.37,30,9,0,30.16,1021.1,10,null,BKN,BKN,BKN,null,4500,12000,22000,null,null,null,null,null,null,null,null,32.22,KJFK 201151Z 03009KT 10SM BKN045 BKN120 BKN220 04/M02 A3016 RMK AO2 SLP211 T00391022 10039 20022 56018,null
JFK,2024-12-20 12:51,39,30,69.85,50,14,0,30.11,1019.6,10,20,FEW,SCT,BKN,BKN,2500,4500,7500,20000,null,null,null,null,null,null,null,30.19,KJFK 201251Z 05014G20KT 10SM FEW025 SCT045 BKN075 BKN200 04/M01 A3011 RMK AO2 SLP196 T00391011,null
JFK,2024-12-20 13:40,40,32,72.85,50,13,0,30.12,null,10,20,BKN,BKN,OVC,null,2100,8500,17000,null,null,null,null,null,null,null,null,31.82,KJFK 201340Z 05013G20KT 10SM BKN021 BKN085 OVC170 04/00 A3012 RMK AO2 T00440000,null
JFK,2024-12-20 13:51,40,32,72.85,50,11,0,30.12,1019.8,10,null,BKN,OVC,null,null,1900,8500,null,null,null,null,null,null,null,null,null,32.58,KJFK 201351Z 05011KT 10SM BKN019 OVC085 04/00 A3012 RMK AO2 SLP198 T00440000,null
JFK,2024-12-20 14:51,40,30,67.18,30,14,0,30.1,1019.2,10,20,BKN,OVC,null,null,1900,7000,null,null,null,null,null,null,null,null,null,31.47,KJFK 201451Z 03014G20KT 10SM BKN019 OVC070 04/M01 A3010 RMK AO2 SLP192 T00441011 56019,null
JFK,2024-12-20 15:51,39,31,72.75,30,15,T,30.09,1018.7,10,null,BKN,BKN,OVC,null,1900,2900,7500,null,#NAME?,null,null,null,null,null,null,29.85,KJFK 201551Z 03015KT 10SM -RA BKN019 BKN029 OVC075 04/M01 A3009 RMK AO2 RAB32 SLP187 BKN019 V SCT P0000 T00391006,null
JFK,2024-12-20 15:59,38,31,75.65,50,14,T,30.08,null,8,22,FEW,BKN,OVC,null,1700,2800,7500,null,#NAME?,null,null,null,null,null,null,28.9,KJFK 201559Z 05014G22KT 8SM -RASN FEW017 BKN028 OVC075 03/M01 A3008 RMK AO2 SNB59 P0000 T00331006,null
JFK,2024-12-20 16:51,36,32,85.23,40,15,0.02,30.01,1016.1,9,23,FEW,BKN,OVC,null,800,2400,4800,null,#NAME?,null,null,null,null,null,null,25.97,KJFK 201651Z 04015G23KT 9SM -RA FEW008 BKN024 OVC048 02/00 A3001 RMK AO2 SNB1559E47 SLP161 P0002 T00220000,null
JFK,2024-12-20 17:01,36,33,88.73,40,12,T,30.01,null,10,20,BKN,OVC,null,null,800,3400,null,null,#NAME?,null,null,null,null,null,null,27.09,KJFK 201701Z 04012G20KT 10SM -RA BKN008 OVC034 02/01 A3001 RMK AO2 P0000 T00220006,null
JFK,2024-12-20 17:11,36,32,85.23,50,13,T,29.97,null,6,null,BKN,OVC,null,null,800,3100,null,null,#NAME?,null,null,null,null,null,null,26.69,KJFK 201711Z 05013KT 6SM -SN BR BKN008 OVC031 02/00 A2997 RMK AO2 RAE11SNB11 PRESFR P0000 T00220000,null
JFK,2024-12-20 17:51,37,33,85.29,50,17,0.01,29.93,1013.5,10,24,BKN,BKN,BKN,null,800,3100,17000,null,#NAME?,null,null,null,null,null,null,26.63,KJFK 201751Z 05017G24KT 10SM -RA BKN008 BKN031 BKN170 03/01 A2993 RMK AO2 RAE11B29SNB11E48 SLP135 P0001 60003 T00280006 10044 20017 58057,null
JFK,2024-12-20 18:51,37,33,85.29,10,11,T,29.93,1013.5,7,null,OVC,null,null,null,1100,null,null,null,#NAME?,null,null,null,null,null,null,28.79,KJFK 201851Z 01011KT 7SM -SN OVC011 03/01 A2993 RMK AO2 RAE1758SNB50 SLP135 VIS LWR SW-NW P0000 T00280006,null
JFK,2024-12-20 19:06,37,33,85.29,20,12,0.01,29.92,null,1.5,null,OVC,null,null,null,1200,null,null,null,#NAME?,null,null,null,null,null,null,28.37,KJFK 201906Z 02012KT 1 1/2SM -SNRA BR OVC012 03/01 A2992 RMK AO2 SFC VIS 3 RAB01 P0001 T00280006,null
JFK,2024-12-20 19:38,37,34,88.78,20,13,0.02,29.92,null,3,null,BKN,OVC,null,null,1200,2000,null,null,#NAME?,null,null,null,null,null,null,27.97,KJFK 201938Z 02013KT 3SM -RA BKN012 OVC020 03/01 A2992 RMK AO2 SFC VIS 10 RAB01SNE35 P0002 T00280011,null
JFK,2024-12-20 19:51,37,34,88.78,20,11,0.02,29.92,1013.1,3,null,BKN,OVC,null,null,1200,2000,null,null,#NAME?,null,null,null,null,null,null,28.79,KJFK 201951Z 02011KT 3SM -RA BKN012 OVC020 03/01 A2992 RMK AO2 SFC VIS 10 SLP131 RAB01SNE35 P0002 T00280011,null
JFK,2024-12-20 20:51,37,33,85.29,20,12,T,29.91,1012.9,3,null,OVC,null,null,null,1100,null,null,null,null,null,null,null,null,null,null,28.37,KJFK 202051Z 02012KT 3SM OVC011 03/01 A2991 RMK AO2 SFC VIS 10 RAE12 SLP129 P0000 60002 T00280006 58006,null
JFK,2024-12-20 21:31,37,32,81.93,20,13,0,29.91,null,10,null,SCT,BKN,OVC,null,1300,7000,10000,null,null,null,null,null,null,null,null,27.97,KJFK 202131Z 02013KT 10SM SCT013 BKN070 OVC100 03/00 A2991 RMK AO2 T00280000,null
JFK,2024-12-20 21:51,38,32,78.77,20,12,0,29.92,1013,10,null,FEW,BKN,OVC,null,1300,6500,10000,null,null,null,null,null,null,null,null,29.64,KJFK 202151Z 02012KT 10SM FEW013 BKN065 OVC100 03/00 A2992 RMK AO2 SLP130 T00330000,null
JFK,2024-12-20 22:51,37,32,81.93,20,14,0,29.91,1012.9,10,null,FEW,BKN,OVC,null,1500,4600,6000,null,null,null,null,null,null,null,null,27.61,KJFK 202251Z 02014KT 10SM FEW015 BKN046 OVC060 03/00 A2991 RMK AO2 SLP129 T00280000,null
JFK,2024-12-20 23:31,37,31,78.69,20,14,T,29.9,null,10,null,FEW,BKN,OVC,null,1500,5500,7000,null,#NAME?,null,null,null,null,null,null,27.61,KJFK 202331Z 02014KT 10SM -SN FEW015 BKN055 OVC070 03/M01 A2990 RMK AO2 SNB30 P0000 T00281006,null
JFK,2024-12-20 23:51,37,31,78.69,30,18,T,29.9,1012.4,9,24,SCT,OVC,null,null,1500,6000,null,null,#NAME?,null,null,null,null,null,null,26.33,KJFK 202351Z 03018G24KT 9SM -SN SCT015 OVC060 03/M01 A2990 RMK AO2 SNB30 SLP124 P0000 60002 T00281006 10033 20028 58005,null
JFK,2024-12-21 0:33,36,31,81.86,20,15,T,29.9,null,9,22,BKN,OVC,null,null,1500,5500,null,null,null,null,null,null,null,null,null,25.97,KJFK 210033Z 02015G22KT 9SM BKN015 OVC055 02/M01 A2990 RMK AO2 SNE33 P0000 T00221006,null
JFK,2024-12-21 0:51,36,31,81.86,20,13,T,29.9,1012.6,10,23,BKN,OVC,null,null,1500,5500,null,null,null,null,null,null,null,null,null,26.69,KJFK 210051Z 02013G23KT 10SM BKN015 OVC055 02/M01 A2990 RMK AO2 SNE33 SLP126 P0000 T00221006,null
JFK,2024-12-21 1:49,35.6,30.2,80.51,30,14,T,29.89,null,10,null,BKN,OVC,null,null,1300,5500,null,null,#NAME?,null,null,null,null,null,null,25.8,KJFK 210149Z 03014KT 10SM -SN BKN013 OVC055 02/M01 A2989 RMK AO2 SNB47 P0000 FIBI (RR) IEM_GHCNH,null
JFK,2024-12-21 1:51,36,30,78.6,30,14,T,29.89,1012.2,10,null,BKN,OVC,null,null,1300,5500,null,null,#NAME?,null,null,null,null,null,null,26.32,KJFK 210151Z 03014KT 10SM -SN BKN013 OVC055 02/M01 A2989 RMK AO2 SNB47 SLP122 P0000 T00221011,null
JFK,2024-12-21 2:51,36,30,78.6,10,9,T,29.89,1012.2,9,null,BKN,BKN,OVC,null,1400,4700,7000,null,#NAME?,null,null,null,null,null,null,28.49,KJFK 210251Z 01009KT 9SM -SN BKN014 BKN047 OVC070 02/M01 A2989 RMK AO2 SLP122 P0000 60000 T00221011 58002,null
JFK,2024-12-21 3:51,36,30,78.6,10,11,T,29.89,1012.1,8,null,BKN,BKN,OVC,null,1500,3500,7000,null,#NAME?,null,null,null,null,null,null,27.52,KJFK 210351Z 01011KT 8SM -SN BKN015 BKN035 OVC070 02/M01 A2989 RMK AO2 SLP121 P0000 T00221011,null
JFK,2024-12-21 4:51,36,30,78.6,350,12,T,29.87,1011.5,8,null,BKN,BKN,OVC,null,1300,3500,7000,null,#NAME?,null,null,null,null,null,null,27.09,KJFK 210451Z 35012KT 8SM -SN BKN013 BKN035 OVC070 02/M01 A2987 RMK AO2 SLP115 P0000 T00221011 400440017,null
JFK,2024-12-21 5:51,35,29,78.51,360,10,T,29.87,1011.3,8,null,BKN,BKN,OVC,null,1300,3500,7000,null,#NAME?,null,null,null,null,null,null,26.73,KJFK 210551Z 36010KT 8SM -SN BKN013 BKN035 OVC070 02/M02 A2987 RMK AO2 SLP113 P0000 60000 T00171017 10028 20017 57008,null
JFK,2024-12-21 6:51,35,28,75.36,360,9,T,29.87,1011.6,6,null,BKN,OVC,null,null,1100,1600,null,null,SN,null,null,null,null,null,null,27.24,KJFK 210651Z 36009KT 6SM SN BKN011 OVC016 02/M02 A2987 RMK AO2 SLP116 P0000 T00171022,null
JFK,2024-12-21 7:51,34,30,85.11,340,7,T,29.88,1011.8,2,null,BKN,OVC,null,null,700,3600,null,null,#NAME?,null,null,null,null,null,null,27.22,KJFK 210751Z COR 34007KT 2SM -SN BR BKN007 OVC036 01/M01 A2988 RMK AO2 SLP118 P0000 T00111011,null
JFK,2024-12-21 8:51,33,29,85.04,350,9,0.02,29.88,1011.9,2,null,BKN,BKN,OVC,null,700,1100,2500,null,#NAME?,null,null,null,null,null,null,24.76,KJFK 210851Z 35009KT 2SM -SN BR BKN007 BKN011 OVC025 01/M02 A2988 RMK AO2 SLP119 P0002 60002 T00061017 51006,null
JFK,2024-12-21 9:48,32,28.4,86.39,340,11,0.02,29.9,null,1.5,null,BKN,BKN,OVC,null,600,1600,2500,null,#NAME?,null,null,null,null,null,null,22.47,KJFK 210948Z 34011KT 1 1/2SM -SN BR BKN006 BKN016 OVC025 00/M02 A2990 RMK AO2 P0002,null
JFK,2024-12-21 9:51,32,29,88.53,340,9,0.02,29.9,1012.4,1.5,null,BKN,BKN,OVC,null,600,1600,2500,null,#NAME?,null,null,null,null,null,null,23.51,KJFK 210951Z 34009KT 1 1/2SM -SN BR BKN006 BKN016 OVC025 00/M02 A2990 RMK AO2 SLP124 P0002 T00001017,null
JFK,2024-12-21 10:51,32,29,88.53,340,15,0.02,29.93,1013.4,1.25,null,BKN,BKN,OVC,null,600,1300,1900,null,#NAME?,null,null,null,null,null,null,20.78,KJFK 211051Z 34015KT 1 1/4SM -SN BR BKN006 BKN013 OVC019 00/M02 A2993 RMK AO2 SLP134 P0002 T00001017,null
JFK,2024-12-21 11:51,31,27,84.92,340,16,0.03,29.97,1014.7,1.25,null,BKN,BKN,OVC,null,600,1300,1900,null,#NAME?,null,null,null,null,null,null,19.11,KJFK 211151Z 34016KT 1 1/4SM -SN BR BKN006 BKN013 OVC019 M01/M03 A2997 RMK AO2 SLP147 SNINCR 1/2 4002 P0003 60009 70014 T10061028 10017 21006 53028,null
JFK,2024-12-21 12:02,31,27,84.92,340,13,T,29.97,null,2,null,SCT,OVC,null,null,900,1700,null,null,#NAME?,null,null,null,null,null,null,20.29,KJFK 211202Z 34013KT 2SM -SN BR SCT009 OVC017 M01/M03 A2997 RMK AO2 CIG 008 W P0000 T10061028,null
JFK,2024-12-21 12:49,30.2,26.6,86.28,340,10,0.02,29.99,null,1.5,null,FEW,FEW,OVC,null,900,1200,1700,null,#NAME?,null,null,null,null,null,null,20.71,KJFK 211249Z 34010KT 1 1/2SM R04R/5500VP6000FT -SN BR FEW009 FEW012 OVC017 M01/M03 A2999 RMK AO2 P0002 FIBI (ML) IEM_GHCNH,null
JFK,2024-12-21 12:51,31,27,84.92,340,10,0.02,29.99,1015.6,1.5,null,FEW,FEW,OVC,null,900,1200,1700,null,#NAME?,null,null,null,null,null,null,21.71,KJFK 211251Z 34010KT 1 1/2SM R04R/5500VP6000FT -SN BR FEW009 FEW012 OVC017 M01/M03 A2999 RMK AO2 SLP156 P0002 T10061028,null
JFK,2024-12-21 13:26,32,27,81.55,330,12,0.01,30.01,null,3,null,FEW,BKN,OVC,null,900,1500,3000,null,#NAME?,null,null,null,null,null,null,22,KJFK 211326Z 33012KT 3SM -SN FEW009 BKN015 OVC030 00/M03 A3001 RMK AO2 P0001 T00001028,null
JFK,2024-12-21 13:41,32,26,78.25,310,18,0.01,30.01,null,9,23,FEW,SCT,OVC,null,1200,1700,2600,null,null,null,null,null,null,null,null,19.75,KJFK 211341Z 31018G23KT 9SM FEW012 SCT017 OVC026 00/M03 A3001 RMK AO2 SNE37 P0001 T00001033,null
JFK,2024-12-21 13:51,32,23,69.04,320,22,0.01,30.02,1016.4,9,32,FEW,OVC,null,null,1400,2600,null,null,null,null,null,null,32,320,2024-12-21 13:50,18.58,KJFK 211351Z COR 32022G32KT 9SM FEW014 OVC026 00/M05 A3002 RMK AO2 PK WND 32032/1350 SNE37 SLP164 P0001 T00001050,null
JFK,2024-12-21 14:16,32,22,66.2,320,21,0,30.03,null,9,27,FEW,BKN,null,null,2600,3200,null,null,null,null,null,null,28,330,2024-12-21 14:03,18.85,KJFK 211416Z COR 32021G27KT 9SM FEW026 BKN032 00/M06 A3003 RMK AO2 PK WND 33028/1403 T00001056,null
JFK,2024-12-21 14:24,31,21,66.07,310,20,0,30.03,null,9,27,BKN,OVC,null,null,3000,3600,null,null,null,null,null,null,28,330,2024-12-21 14:03,17.81,KJFK 211424Z 31020G27KT 9SM BKN030 OVC036 M01/M06 A3003 RMK AO2 PK WND 33028/1403 T10061061,null
JFK,2024-12-21 14:51,31,20,63.32,320,18,0,30.03,1017,10,null,BKN,null,null,null,3000,null,null,null,null,null,null,null,28,330,2024-12-21 14:03,18.43,KJFK 211451Z 32018KT 10SM BKN030 M01/M07 A3003 RMK AO2 PK WND 33028/1403 SLP170 60003 T10061067 51023,null
JFK,2024-12-21 15:51,32,18,55.82,320,17,T,30.04,1017.1,10,28,SCT,SCT,null,null,3500,5000,null,null,null,null,null,null,30,300,2024-12-21 15:33,20.08,KJFK 211551Z 32017G28KT 10SM SCT035 SCT050 00/M08 A3004 RMK AO2 PK WND 30030/1533 SLP171 P0000 T00001078,null
JFK,2024-12-21 16:51,31,17,55.67,320,22,0,30.04,1017.2,10,29,FEW,SCT,null,null,3500,5000,null,null,null,null,null,null,32,310,2024-12-21 16:22,17.24,KJFK 211651Z 32022G29KT 10SM FEW035 SCT050 M01/M08 A3004 RMK AO2 PK WND 31032/1622 SLP172 T10061083,null
JFK,2024-12-21 17:51,31,15,51.04,310,24,0,30.03,1017,8,32,FEW,FEW,null,null,3500,4100,null,null,null,null,null,null,32,300,2024-12-21 17:48,16.71,KJFK 211751Z 31024G32KT 8SM FEW035 FEW041 M01/M09 A3003 RMK AO2 PK WND 30032/1748 SLP170 4/001 60003 T10061094 10000 21006 50000,1
JFK,2024-12-21 18:51,31,16,53.31,310,18,0,30.06,1017.7,9,30,SCT,BKN,null,null,3500,4200,null,null,null,null,null,null,34,320,2024-12-21 18:15,18.43,KJFK 211851Z 31018G30KT 9SM SCT035 BKN042 M01/M09 A3006 RMK AO2 PK WND 32034/1815 SLP177 T10061089,null
JFK,2024-12-21 19:51,30,14,50.88,330,21,0,30.09,1018.7,10,31,BKN,null,null,null,4200,null,null,null,null,null,null,null,33,320,2024-12-21 19:33,16.19,KJFK 211951Z 33021G31KT 10SM BKN042 M01/M10 A3009 RMK AO2 PK WND 32033/1933 SLP187 T10111100,null
JFK,2024-12-21 20:51,30,13,48.69,310,22,0,30.11,1019.4,10,32,BKN,null,null,null,5000,null,null,null,null,null,null,null,32,320,2024-12-21 20:44,15.9,KJFK 212051Z 31022G32KT 10SM BKN050 M01/M11 A3011 RMK AO2 PK WND 32032/2044 SLP194 T10111106 52024,null
JFK,2024-12-21 21:51,29,11,46.42,310,24,0,30.14,1020.5,10,34,BKN,null,null,null,4900,null,null,null,null,null,null,null,34,300,2024-12-21 21:45,14.01,KJFK 212151Z 31024G34KT 10SM BKN049 M02/M12 A3014 RMK AO2 PK WND 30034/2145 SLP205 T10171117,null
JFK,2024-12-21 22:51,28,10,46.25,320,21,0,30.15,1020.9,10,31,SCT,null,null,null,5000,null,null,null,null,null,null,null,34,310,2024-12-21 22:25,13.52,KJFK 212251Z 32021G31KT 10SM SCT050 M02/M12 A3015 RMK AO2 PK WND 31034/2225 SLP209 T10221122,null
JFK,2024-12-21 23:51,26,8,45.92,320,26,0,30.19,1022.2,10,35,FEW,null,null,null,5000,null,null,null,null,null,null,null,35,320,2024-12-21 23:48,9.42,KJFK 212351Z 32026G35KT 10SM FEW050 M03/M13 A3019 RMK AO2 PK WND 32035/2348 SLP222 4/001 T10331133 10000 21033 53027,1
JFK,2024-12-22 0:51,25,7,45.75,330,24,0,30.22,1023.2,10,33,FEW,null,null,null,5000,null,null,null,null,null,null,null,36,320,2024-12-22 0:14,8.62,KJFK 220051Z 33024G33KT 10SM FEW050 M04/M14 A3022 RMK AO2 PK WND 32036/0014 SLP232 T10391139,null
JFK,2024-12-22 1:51,25,8,47.86,320,23,0,30.22,1023.3,10,32,FEW,null,null,null,4500,null,null,null,null,null,null,null,32,310,2024-12-22 0:57,8.9,KJFK 220151Z 32023G32KT 10SM FEW045 M04/M13 A3022 RMK AO2 PK WND 31032/0057 SLP233 T10391133,null
JFK,2024-12-22 2:51,24,8,49.9,320,20,0,30.24,1023.9,10,30,FEW,null,null,null,4500,null,null,null,null,null,null,null,32,330,2024-12-22 2:11,8.51,KJFK 220251Z 32020G30KT 10SM FEW045 M04/M13 A3024 RMK AO2 PK WND 33032/0211 SLP239 T10441133 51018,null
JFK,2024-12-22 3:51,23,8,52.04,320,15,0,30.26,1024.7,10,null,FEW,null,null,null,4500,null,null,null,null,null,null,null,27,340,2024-12-22 3:40,9.11,KJFK 220351Z 32015KT 10SM FEW045 M05/M13 A3026 RMK AO2 PK WND 34027/0340 SLP247 T10501133,null
JFK,2024-12-22 4:51,21,7,54.12,310,13,0,30.27,1024.9,10,22,FEW,null,null,null,4500,null,null,null,null,null,null,null,27,320,2024-12-22 4:28,7.48,KJFK 220451Z 31013G22KT 10SM FEW045 M06/M14 A3027 RMK AO2 PK WND 32027/0428 SLP249 T10611139 400221061,null
JFK,2024-12-22 5:51,21,7,54.12,310,14,0,30.28,1025.4,10,null,FEW,null,null,null,4500,null,null,null,null,null,null,null,null,null,null,6.98,KJFK 220551Z 31014KT 10SM FEW045 M06/M14 A3028 RMK AO2 SLP254 T10611139 11033 21061 51015,null
JFK,2024-12-22 6:51,20,6,53.96,310,14,0,30.3,1025.9,10,null,CLR,null,null,null,null,null,null,null,null,null,null,null,null,null,null,5.69,KJFK 220651Z 31014KT 10SM CLR M07/M14 A3030 RMK AO2 SLP259 T10671144,null
JFK,2024-12-22 7:51,20,6,53.96,310,19,0,30.31,1026.2,10,27,FEW,null,null,null,4500,null,null,null,null,null,null,null,27,310,2024-12-22 7:50,3.57,KJFK 220751Z 31019G27KT 10SM FEW045 M07/M14 A3031 RMK AO2 PK WND 31027/0750 SLP262 T10671144,null
JFK,2024-12-22 8:51,19,6,56.32,320,12,0,30.31,1026.4,10,null,FEW,null,null,null,4500,null,null,null,null,null,null,null,null,null,null,5.46,KJFK 220851Z 32012KT 10SM FEW045 M07/M14 A3031 RMK AO2 SLP264 T10721144 51010,null
JFK,2024-12-22 9:51,19,6,56.32,320,18,0,30.34,1027.2,10,null,FEW,null,null,null,4500,null,null,null,null,null,null,null,26,300,2024-12-22 9:13,2.64,KJFK 220951Z 32018KT 10SM FEW045 M07/M14 A3034 RMK AO2 PK WND 30026/0913 SLP272 T10721144,null
JFK,2024-12-22 10:51,19,6,56.32,320,15,0,30.37,1028.2,10,23,FEW,null,null,null,4500,null,null,null,null,null,null,null,null,null,null,3.93,KJFK 221051Z 32015G23KT 10SM FEW045 M07/M14 A3037 RMK AO2 SLP282 T10721144,null
JFK,2024-12-22 11:51,18,5,56.16,340,13,0,30.4,1029.2,10,null,FEW,null,null,null,4000,null,null,null,null,null,null,null,26,330,2024-12-22 11:15,3.63,KJFK 221151Z 34013KT 10SM FEW040 M08/M15 A3040 RMK AO2 PK WND 33026/1115 SLP292 70003 T10781150 11061 21078 53028,null
JFK,2024-12-22 12:51,18,5,56.16,330,13,0,30.43,1030.3,10,null,FEW,null,null,null,4000,null,null,null,null,null,null,null,null,null,null,3.63,KJFK 221251Z 33013KT 10SM FEW040 M08/M15 A3043 RMK AO2 SLP303 T10781150,null
JFK,2024-12-22 13:51,19,4,51.39,330,16,0,30.46,1031.2,10,22,FEW,null,null,null,4000,null,null,null,null,null,null,null,null,null,null,3.47,KJFK 221351Z 33016G22KT 10SM FEW040 M07/M16 A3046 RMK AO2 SLP312 T10721156,null
JFK,2024-12-22 14:51,19,3,49.07,340,19,0,30.47,1031.7,10,27,FEW,null,null,null,4000,null,null,null,null,null,null,null,27,340,2024-12-22 14:45,2.25,KJFK 221451Z 34019G27KT 10SM FEW040 M07/M16 A3047 RMK AO2 PK WND 34027/1445 SLP317 T10721161 51025,null
JFK,2024-12-22 15:51,20,3,47.02,320,13,0,30.47,1031.8,10,21,FEW,null,null,null,4000,null,null,null,null,null,null,null,null,null,null,6.19,KJFK 221551Z 32013G21KT 10SM FEW040 M07/M16 A3047 RMK AO2 SLP318 T10671161,null
JFK,2024-12-22 16:51,22,3,43.2,330,16,0,30.46,1031.2,10,23,FEW,FEW,null,null,4000,25000,null,null,null,null,null,null,null,null,null,7.38,KJFK 221651Z 33016G23KT 10SM FEW040 FEW250 M06/M16 A3046 RMK AO2 SLP312 T10561161,null
JFK,2024-12-22 17:51,22,3,43.2,310,16,0,30.44,1030.8,10,21,FEW,FEW,null,null,4000,25000,null,null,null,null,null,null,null,null,null,7.38,KJFK 221751Z 31016G21KT 10SM FEW040 FEW250 M06/M16 A3044 RMK AO2 SLP308 T10561161 11056 21078 58009,null
JFK,2024-12-22 18:51,23,3,41.42,340,13,0,30.45,1031,10,20,FEW,FEW,null,null,4000,25000,null,null,null,null,null,null,null,null,null,10.04,KJFK 221851Z 34013G20KT 10SM FEW040 FEW250 M05/M16 A3045 RMK AO2 SLP310 T10501161,null
JFK,2024-12-22 19:51,23,3,41.42,320,12,0,30.47,1031.8,10,19,FEW,FEW,null,null,4500,25000,null,null,null,null,null,null,null,null,null,10.55,KJFK 221951Z 32012G19KT 10SM FEW045 FEW250 M05/M16 A3047 RMK AO2 SLP318 T10501161,null
JFK,2024-12-22 20:51,22,2,41.24,330,13,0,30.5,1032.6,10,null,FEW,FEW,null,null,4500,25000,null,null,null,null,null,null,null,null,null,8.76,KJFK 222051Z 33013KT 10SM FEW045 FEW250 M06/M17 A3050 RMK AO2 SLP326 T10561167 53019,null
JFK,2024-12-22 21:51,21,2,43.02,340,11,0,30.52,1033.5,10,null,FEW,FEW,null,null,4500,25000,null,null,null,null,null,null,null,null,null,8.57,KJFK 222151Z 34011KT 10SM FEW045 FEW250 M06/M17 A3052 RMK AO2 SLP335 T10611167,null
JFK,2024-12-22 22:51,21,2,43.02,340,12,0,30.54,1034.1,10,20,FEW,FEW,null,null,4500,25000,null,null,null,null,null,null,null,null,null,8,KJFK 222251Z 34012G20KT 10SM FEW045 FEW250 M06/M17 A3054 RMK AO2 SLP341 T10611167,null
JFK,2024-12-22 23:51,20,2,44.89,330,13,0,30.56,1034.9,10,null,FEW,null,null,null,25000,null,null,null,null,null,null,null,null,null,null,6.19,KJFK 222351Z 33013KT 10SM FEW250 M07/M17 A3056 RMK AO2 SLP349 T10671167 11050 21067 51022,null
JFK,2024-12-23 0:51,20,5,51.55,360,10,0,30.58,1035.3,10,null,FEW,null,null,null,25000,null,null,null,null,null,null,null,null,null,null,7.92,KJFK 230051Z 36010KT 10SM FEW250 M07/M15 A3058 RMK AO2 SLP353 T10671150,null
JFK,2024-12-23 1:51,18,3,51.23,360,15,0,30.6,1036.1,10,null,FEW,null,null,null,25000,null,null,null,null,null,null,null,null,null,null,2.63,KJFK 230151Z 36015KT 10SM FEW250 M08/M16 A3060 RMK AO2 SLP361 T10781161,null
JFK,2024-12-23 2:51,16,1,50.9,350,12,0,30.61,1036.5,10,null,FEW,null,null,null,25000,null,null,null,null,null,null,null,null,null,null,1.64,KJFK 230251Z 35012KT 10SM FEW250 M09/M17 A3061 RMK AO2 SLP365 T10891172 51016,null
JFK,2024-12-23 3:51,15,1,53.16,360,11,0,30.62,1036.8,10,null,FEW,null,null,null,25000,null,null,null,null,null,null,null,null,null,null,0.98,KJFK 230351Z 36011KT 10SM FEW250 M09/M17 A3062 RMK AO2 SLP368 T10941172,null
JFK,2024-12-23 4:51,15,2,55.69,10,9,0,30.61,1036.6,10,18,FEW,null,null,null,25000,null,null,null,null,null,null,null,null,null,null,2.38,KJFK 230451Z 01009G18KT 10SM FEW250 M09/M17 A3061 RMK AO2 SLP366 T10941167 410501094,null
JFK,2024-12-23 5:51,15,2,55.69,10,8,0,30.61,1036.6,10,null,FEW,null,null,null,25000,null,null,null,null,null,null,null,null,null,null,3.17,KJFK 230551Z 01008KT 10SM FEW250 M09/M17 A3061 RMK AO2 SLP366 T10941167 11067 21094 51001,null
JFK,2024-12-23 6:51,14,2,58.18,360,8,0,30.62,1036.9,10,null,FEW,null,null,null,25000,null,null,null,null,null,null,null,null,null,null,1.94,KJFK 230651Z 36008KT 10SM FEW250 M10/M17 A3062 RMK AO2 SLP369 T11001167,null
JFK,2024-12-23 7:51,15,2,55.69,10,9,0,30.63,1037.2,10,null,FEW,null,null,null,25000,null,null,null,null,null,null,null,null,null,null,2.38,KJFK 230751Z 01009KT 10SM FEW250 M09/M17 A3063 RMK AO2 SLP372 T10941167,null
JFK,2024-12-23 8:51,14,2,58.18,10,6,0,30.64,1037.3,10,null,FEW,null,null,null,25000,null,null,null,null,null,null,null,null,null,null,3.85,KJFK 230851Z 01006KT 10SM FEW250 M10/M17 A3064 RMK AO2 SLP373 T11001167 51007,null
JFK,2024-12-23 9:51,14,2,58.18,10,6,0,30.63,1037.2,10,null,FEW,null,null,null,25000,null,null,null,null,null,null,null,null,null,null,3.85,KJFK 230951Z 01006KT 10SM FEW250 M10/M17 A3063 RMK AO2 SLP372 T11001167,null
JFK,2024-12-23 10:51,13,3,63.68,350,7,0,30.66,1038.1,10,null,SCT,null,null,null,25000,null,null,null,null,null,null,null,null,null,null,1.62,KJFK 231051Z 35007KT 10SM SCT250 M11/M16 A3066 RMK AO2 SLP381 T11061161,null
JFK,2024-12-23 11:51,13,3,63.68,350,5,0,30.66,1038.3,10,null,FEW,FEW,null,null,3000,25000,null,null,null,null,null,null,null,null,null,3.83,KJFK 231151Z 35005KT 10SM FEW030 FEW250 M11/M16 A3066 RMK AO2 SLP383 T11061161 11094 21111 53010,null
JFK,2024-12-23 12:51,16,5,61.23,350,5,0,30.68,1038.7,10,null,FEW,FEW,null,null,3000,25000,null,null,null,null,null,null,null,null,null,7.39,KJFK 231251Z 35005KT 10SM FEW030 FEW250 M09/M15 A3068 RMK AO2 SLP387 T10891150,null
JFK,2024-12-23 13:51,19,8,61.66,10,4,0,30.68,1039,10,null,FEW,FEW,null,null,3300,25000,null,null,null,null,null,null,null,null,null,12.24,KJFK 231351Z 01004KT 10SM FEW033 FEW250 M07/M13 A3068 RMK AO2 SLP390 T10721133,null
JFK,2024-12-23 14:51,21,10,61.95,90,3,0,30.68,1038.8,10,null,FEW,SCT,null,null,3500,25000,null,null,null,null,null,null,null,null,null,16.11,KJFK 231451Z 09003KT 10SM FEW035 SCT250 M06/M12 A3068 RMK AO2 SLP388 T10611122 50005,null
JFK,2024-12-23 15:51,25,8,47.86,300,3,0,30.69,1039,10,null,FEW,SCT,null,null,4200,25000,null,null,null,null,null,null,null,null,null,20.69,KJFK 231551Z 30003KT 10SM FEW042 SCT250 M04/M13 A3069 RMK AO2 SLP390 T10391133,null
JFK,2024-12-23 16:51,26,7,43.89,320,3,0,30.67,1038.3,10,null,FEW,SCT,null,null,4500,25000,null,null,null,null,null,null,null,null,null,21.83,KJFK 231651Z 32003KT 10SM FEW045 SCT250 M03/M14 A3067 RMK AO2 SLP383 T10331139,null
JFK,2024-12-23 17:51,26,9,48.03,220,4,0,30.62,1036.9,10,null,FEW,BKN,null,null,4500,25000,null,null,null,null,null,null,null,null,null,20.41,KJFK 231751Z 22004KT 10SM FEW045 BKN250 M03/M13 A3062 RMK AO2 SLP369 T10331128 11022 21106 58019,null
JFK,2024-12-23 18:51,26,8,45.92,190,3,0,30.59,1035.8,10,null,FEW,SCT,null,null,4800,25000,null,null,null,null,null,null,null,null,null,21.83,KJFK 231851Z 19003KT 10SM FEW048 SCT250 M03/M13 A3059 RMK AO2 SLP358 T10331133,null
JFK,2024-12-23 19:51,26,8,45.92,190,7,0,30.58,1035.6,10,null,FEW,SCT,null,null,5000,25000,null,null,null,null,null,null,null,null,null,17.47,KJFK 231951Z 19007KT 10SM FEW050 SCT250 M03/M13 A3058 RMK AO2 SLP356 T10331133,null
JFK,2024-12-23 20:51,26,13,57.38,190,6,0,30.58,1035.3,10,null,FEW,SCT,null,null,5000,25000,null,null,null,null,null,null,null,null,null,18.3,KJFK 232051Z 19006KT 10SM FEW050 SCT250 M03/M11 A3058 RMK AO2 SLP353 T10331106 56016,null
JFK,2024-12-23 21:51,27,16,62.78,170,5,0,30.58,1035.3,10,null,FEW,BKN,null,null,5000,25000,null,null,null,null,null,null,null,null,null,20.46,KJFK 232151Z 17005KT 10SM FEW050 BKN250 M03/M09 A3058 RMK AO2 SLP353 T10281089,null
JFK,2024-12-23 22:51,27,15,60.1,240,8,0,30.57,1035.1,10,null,FEW,BKN,null,null,2700,25000,null,null,null,null,null,null,null,null,null,17.95,KJFK 232251Z 24008KT 10SM FEW027 BKN250 M03/M09 A3057 RMK AO2 SLP351 T10281094,null
JFK,2024-12-23 23:51,29,18,63.05,210,8,0,30.56,1034.8,10,null,FEW,SCT,BKN,null,2700,18000,25000,null,null,null,null,null,null,null,null,20.42,KJFK 232351Z 21008KT 10SM FEW027 SCT180 BKN250 M02/M08 A3056 RMK AO2 SLP348 T10171078 11017 21033 58005,null
JFK,2024-12-24 0:51,30,17,57.98,240,10,0,30.55,1034.4,10,null,FEW,BKN,OVC,null,2700,14000,25000,null,null,null,null,null,null,null,null,20.46,KJFK 240051Z 24010KT 10SM FEW027 BKN140 OVC250 M01/M08 A3055 RMK AO2 SLP344 T10111083,null
JFK,2024-12-24 1:51,30,19,63.18,230,11,0,30.52,1033.6,10,null,FEW,BKN,OVC,null,2700,17000,25000,null,null,null,null,null,null,null,null,19.94,KJFK 240151Z 23011KT 10SM FEW027 BKN170 OVC250 M01/M07 A3052 RMK AO2 SLP336 T10111072,null
JFK,2024-12-24 2:51,30,18,60.53,230,10,0,30.5,1032.6,10,null,SCT,SCT,BKN,null,12000,17000,25000,null,null,null,null,null,null,null,null,20.46,KJFK 240251Z 23010KT 10SM SCT120 SCT170 BKN250 M01/M08 A3050 RMK AO2 SLP326 T10111078 58022,null
JFK,2024-12-24 3:51,32,23,69.04,220,9,0,30.46,1031.4,10,null,BKN,BKN,BKN,null,11000,16000,25000,null,null,null,null,null,null,null,null,23.51,KJFK 240351Z 22009KT 10SM BKN110 BKN160 BKN250 00/M05 A3046 RMK AO2 SLP314 T00001050,null
JFK,2024-12-24 4:51,34,25,69.28,230,12,0,30.43,1030.5,10,null,FEW,SCT,BKN,null,10000,16000,25000,null,null,null,null,null,null,null,null,24.55,KJFK 240451Z 23012KT 10SM FEW100 SCT160 BKN250 01/M04 A3043 RMK AO2 SLP305 T00111039 400111111,null
JFK,2024-12-24 5:51,32,24,72,230,12,0,30.42,1029.9,10,null,FEW,BKN,BKN,null,12000,15000,25000,null,null,null,null,null,null,null,null,22,KJFK 240551Z 23012KT 10SM FEW120 BKN150 BKN250 00/M04 A3042 RMK AO2 SLP299 T00001044 10011 21017 56027,null
JFK,2024-12-24 6:51,32,24,72,250,12,0,30.4,1029.5,10,null,FEW,BKN,null,null,12000,16000,null,null,null,null,null,null,null,null,null,22,KJFK 240651Z 25012KT 10SM FEW120 BKN160 00/M04 A3040 RMK AO2 SLP295 T00001044,null
JFK,2024-12-24 7:51,32,23,69.04,260,8,0,30.39,1028.9,10,null,FEW,OVC,null,null,11000,16000,null,null,null,null,null,null,null,null,null,24.11,KJFK 240751Z 26008KT 10SM FEW110 OVC160 00/M05 A3039 RMK AO2 SLP289 T00001050,null
JFK,2024-12-24 8:51,32,20,60.81,270,10,0,30.37,1028.3,10,null,FEW,BKN,BKN,null,12000,16000,20000,null,null,null,null,null,null,null,null,22.97,KJFK 240851Z 27010KT 10SM FEW120 BKN160 BKN200 00/M07 A3037 RMK AO2 SLP283 T00001067 58016,null
JFK,2024-12-24 9:51,32,20,60.81,260,8,0,30.35,1027.6,10,null,FEW,SCT,BKN,null,11000,15000,22000,null,null,null,null,null,null,null,null,24.11,KJFK 240951Z 26008KT 10SM FEW110 SCT150 BKN220 00/M07 A3035 RMK AO2 SLP276 T00001067,null
JFK,2024-12-24 10:51,33,21,60.95,240,9,0,30.33,1026.9,10,null,FEW,BKN,OVC,null,12000,17000,25000,null,null,null,null,null,null,null,null,24.76,KJFK 241051Z 24009KT 10SM FEW120 BKN170 OVC250 01/M06 A3033 RMK AO2 SLP269 T00061061,null
JFK,2024-12-24 11:51,33,20,58.41,250,9,0,30.31,1026.3,10,null,FEW,FEW,BKN,BKN,3500,7000,12000,23000,null,null,null,null,null,null,null,24.76,KJFK 241151Z 25009KT 10SM FEW035 FEW070 BKN120 BKN230 01/M07 A3031 RMK AO2 SLP263 T00061067 10006 21006 56020,null
JFK,2024-12-24 12:45,33.8,19.4,55.14,250,8,T,30.31,null,10,null,FEW,BKN,BKN,OVC,3500,4800,8000,20000,#NAME?,null,null,null,null,null,null,26.33,KJFK 241245Z 25008KT 10SM -SN FEW035 BKN048 BKN080 OVC200 01/M07 A3031 RMK AO2 SNB45 VIS LWR W-NW P0000,null
JFK,2024-12-24 12:51,33,20,58.41,270,10,T,30.31,1026.3,9,null,FEW,BKN,BKN,OVC,3500,4600,8000,20000,#NAME?,null,null,null,null,null,null,24.22,KJFK 241251Z 27010KT 9SM -SN FEW035 BKN046 BKN080 OVC200 01/M07 A3031 RMK AO2 SNB45 SLP263 VIS LWR W-NW P0000 T00061067,null
JFK,2024-12-24 13:06,33,21,60.95,260,14,T,30.31,null,1,null,FEW,BKN,OVC,null,0,2800,6000,null,#NAME?,null,null,null,null,null,null,22.45,KJFK 241306Z 26014KT 1SM R04R/P6000FT -SN FEW000 BKN028 OVC060 01/M06 A3031 RMK AO2 SFC VIS 2 SN FEW000 P0000 T00061061,null
JFK,2024-12-24 13:33,31,27,84.92,240,10,0.02,30.31,null,1.5,null,SCT,BKN,OVC,null,0,1100,2900,null,#NAME?,null,null,null,null,null,null,21.71,KJFK 241333Z 24010KT 1 1/2SM R04R/3000V4500FT -SN BR SCT000 BKN011 OVC029 M01/M03 A3031 RMK AO2 SN SCT000 P0002 T10061028,null
JFK,2024-12-24 13:51,31,28,88.48,250,8,0.03,30.31,1026.3,1.5,null,FEW,SCT,BKN,OVC,0,600,1300,2700,#NAME?,null,null,null,null,null,null,22.88,KJFK 241351Z 25008KT 1 1/2SM R04R/3500V5000FT -SN BR FEW000 SCT006 BKN013 OVC027 M01/M02 A3031 RMK AO2 SFC VIS 2 SLP263 SN FEW000 P0003 T10061022,null
JFK,2024-12-24 14:16,31,27,84.92,250,13,0.01,30.3,null,3,null,SCT,OVC,null,null,800,2000,null,null,#NAME?,null,null,null,null,null,null,20.29,KJFK 241416Z 25013KT 3SM -SN BR SCT008 OVC020 M01/M03 A3030 RMK AO2 P0001 T10061028,null
JFK,2024-12-24 14:51,32,27,81.55,250,10,0.01,30.3,1026,7,null,FEW,BKN,OVC,null,800,2700,5500,null,#NAME?,null,null,null,null,null,null,22.97,KJFK 241451Z 25010KT 7SM -SN FEW008 BKN027 OVC055 00/M03 A3030 RMK AO2 SLP260 P0001 60004 T00001028 58003,null
JFK,2024-12-24 14:58,32,27,81.55,250,10,T,30.3,null,8,null,FEW,BKN,OVC,null,800,3300,5000,null,null,null,null,null,null,null,null,22.97,KJFK 241458Z 25010KT 8SM FEW008 BKN033 OVC050 00/M03 A3030 RMK AO2 SNE58 P0000 T00001028,null
JFK,2024-12-24 15:51,33,27,78.34,280,9,T,30.28,1025.4,10,null,FEW,SCT,OVC,null,1100,3500,4600,null,null,null,null,null,null,null,null,24.76,KJFK 241551Z 28009KT 10SM FEW011 SCT035 OVC046 01/M03 A3028 RMK AO2 SNE1458 SLP254 P0000 T00061028,null
JFK,2024-12-24 16:51,34,26,72.22,270,8,0,30.25,1024.2,10,null,FEW,BKN,BKN,null,3800,5000,8500,null,null,null,null,null,null,null,null,26.58,KJFK 241651Z 27008KT 10SM FEW038 BKN050 BKN085 01/M03 A3025 RMK AO2 SLP242 T00111033,null
JFK,2024-12-24 17:51,35,27,72.32,270,10,0,30.23,1023.4,10,null,BKN,BKN,BKN,null,5500,8500,25000,null,null,null,null,null,null,null,null,26.73,KJFK 241751Z 27010KT 10SM BKN055 BKN085 BKN250 02/M03 A3023 RMK AO2 SLP234 60004 T00171028 10017 21006 58025,null
JFK,2024-12-24 18:51,39,29,67.06,310,10,0,30.21,1023,10,null,FEW,SCT,SCT,null,6000,8500,25000,null,null,null,null,null,null,null,null,31.75,KJFK 241851Z 31010KT 10SM FEW060 SCT085 SCT250 04/M02 A3021 RMK AO2 SLP230 T00391017,null
JFK,2024-12-24 19:51,39,28,64.37,300,8,0,30.23,1023.4,10,null,FEW,SCT,SCT,null,6000,8000,25000,null,null,null,null,null,null,null,null,32.74,KJFK 241951Z 30008KT 10SM FEW060 SCT080 SCT250 04/M02 A3023 RMK AO2 SLP234 T00391022,null
JFK,2024-12-24 20:51,40,29,64.5,330,6,0,30.24,1023.9,10,null,SCT,SCT,SCT,null,3300,8000,25000,null,null,null,null,null,null,null,null,35.17,KJFK 242051Z 33006KT 10SM SCT033 SCT080 SCT250 04/M02 A3024 RMK AO2 SLP239 T00441017 53005,null
JFK,2024-12-24 21:51,40,28,61.91,320,10,0,30.25,1024.4,10,null,BKN,null,null,null,3700,null,null,null,null,null,null,null,null,null,null,33,KJFK 242151Z 32010KT 10SM BKN037 04/M02 A3025 RMK AO2 SLP244 T00441022,null
JFK,2024-12-24 22:51,39,28,64.37,340,12,0,30.26,1024.7,10,null,BKN,null,null,null,3700,null,null,null,null,null,null,null,null,null,null,30.91,KJFK 242251Z 34012KT 10SM BKN037 04/M02 A3026 RMK AO2 SLP247 T00391022,null
JFK,2024-12-24 23:51,39,28,64.37,350,9,0,30.28,1025.3,10,null,BKN,null,null,null,3600,null,null,null,null,null,null,null,null,null,null,32.22,KJFK 242351Z 35009KT 10SM BKN036 04/M02 A3028 RMK AO2 SLP253 T00391022 10050 20017 53014,null
JFK,2024-12-25 0:51,38,28,66.94,340,6,0,30.3,1025.8,10,null,BKN,null,null,null,3700,null,null,null,null,null,null,null,null,null,null,32.76,KJFK 250051Z 34006KT 10SM BKN037 03/M02 A3030 RMK AO2 SLP258 T00331022,null
JFK,2024-12-25 1:51,38,28,66.94,360,5,0,30.3,1026,10,null,BKN,null,null,null,3600,null,null,null,null,null,null,null,null,null,null,33.52,KJFK 250151Z 36005KT 10SM BKN036 03/M02 A3030 RMK AO2 SLP260 T00331022,null
JFK,2024-12-25 2:51,36,27,69.51,10,5,0,30.31,1026.3,10,null,SCT,null,null,null,3600,null,null,null,null,null,null,null,null,null,null,31.15,KJFK 250251Z 01005KT 10SM SCT036 02/M03 A3031 RMK AO2 SLP263 T00221028 51009,null
JFK,2024-12-25 3:51,35,27,72.32,360,9,0,30.32,1026.5,10,null,SCT,null,null,null,3500,null,null,null,null,null,null,null,null,null,null,27.24,KJFK 250351Z 36009KT 10SM SCT035 02/M03 A3032 RMK AO2 SLP265 T00171028,null
JFK,2024-12-25 4:51,34,26,72.22,360,6,0,30.32,1026.5,10,null,SCT,null,null,null,3800,null,null,null,null,null,null,null,null,null,null,27.94,KJFK 250451Z 36006KT 10SM SCT038 01/M03 A3032 RMK AO2 SLP265 T00111033 400501006,null
JFK,2024-12-25 5:51,31,24,74.97,340,6,0,30.32,1026.8,10,null,SCT,null,null,null,4400,null,null,null,null,null,null,null,null,null,null,24.33,KJFK 250551Z 34006KT 10SM SCT044 M01/M04 A3032 RMK AO2 SLP268 T10061044 10039 21006 53005,null
JFK,2024-12-25 6:51,31,23,71.89,360,4,0,30.34,1027.2,10,null,FEW,null,null,null,4500,null,null,null,null,null,null,null,null,null,null,26.25,KJFK 250651Z 36004KT 10SM FEW045 M01/M05 A3034 RMK AO2 SLP272 T10061050,null
JFK,2024-12-25 7:51,30,23,74.87,320,6,0,30.35,1027.6,10,null,SCT,null,null,null,5000,null,null,null,null,null,null,null,null,null,null,23.12,KJFK 250751Z 32006KT 10SM SCT050 M01/M05 A3035 RMK AO2 SLP276 T10111050,null
JFK,2024-12-25 8:51,33,26,75.17,0,0,0,30.35,1027.8,10,null,BKN,null,null,null,4500,null,null,null,null,null,null,null,null,null,null,33,KJFK 250851Z 00000KT 10SM BKN045 01/M03 A3035 RMK AO2 SLP278 T00061033 51010,null
JFK,2024-12-25 9:51,34,26,72.22,10,5,0,30.35,1027.6,10,null,OVC,null,null,null,4600,null,null,null,null,null,null,null,null,null,null,28.77,KJFK 250951Z 01005KT 10SM OVC046 01/M03 A3035 RMK AO2 SLP276 T00111033,null
JFK,2024-12-25 10:51,33,25,72.11,360,5,0,30.36,1028.1,10,null,BKN,null,null,null,4700,null,null,null,null,null,null,null,null,null,null,27.58,KJFK 251051Z 36005KT 10SM BKN047 01/M04 A3036 RMK AO2 SLP281 T00061039,null
JFK,2024-12-25 11:51,34,25,69.28,350,5,0,30.38,1028.5,10,null,OVC,null,null,null,4600,null,null,null,null,null,null,null,null,null,null,28.77,KJFK 251151Z 35005KT 10SM OVC046 01/M04 A3038 RMK AO2 SLP285 70004 T00111039 10011 21017 53007,null
JFK,2024-12-25 12:51,34,25,69.28,360,7,0,30.39,1029,10,null,BKN,null,null,null,4300,null,null,null,null,null,null,null,null,null,null,27.22,KJFK 251251Z 36007KT 10SM BKN043 01/M04 A3039 RMK AO2 SLP290 T00111039,null
JFK,2024-12-25 13:51,34,25,69.28,10,7,0,30.41,1029.6,10,null,BKN,null,null,null,4100,null,null,null,null,null,null,null,null,null,null,27.22,KJFK 251351Z 01007KT 10SM BKN041 01/M04 A3041 RMK AO2 SLP296 T00111039,null
JFK,2024-12-25 14:51,35,24,63.85,20,9,0,30.42,1030,10,null,FEW,OVC,null,null,2700,4100,null,null,null,null,null,null,null,null,null,27.24,KJFK 251451Z 02009KT 10SM FEW027 OVC041 02/M04 A3042 RMK AO2 SLP300 T00171044 51014,null
JFK,2024-12-25 15:51,35,24,63.85,30,6,0,30.41,1029.8,10,null,FEW,OVC,null,null,2400,4100,null,null,null,null,null,null,null,null,null,29.14,KJFK 251551Z 03006KT 10SM FEW024 OVC041 02/M04 A3041 RMK AO2 SLP298 T00171044,null
JFK,2024-12-25 16:51,36,24,61.37,340,7,0,30.39,1029.1,10,null,FEW,BKN,null,null,2700,4100,null,null,null,null,null,null,null,null,null,29.65,KJFK 251651Z 34007KT 10SM FEW027 BKN041 02/M04 A3039 RMK AO2 SLP291 T00221044,null
JFK,2024-12-25 17:51,36,20,51.83,320,11,0,30.38,1028.7,10,null,FEW,BKN,null,null,2700,3800,null,null,null,null,null,null,null,null,null,27.52,KJFK 251751Z 32011KT 10SM FEW027 BKN038 02/M07 A3038 RMK AO2 SLP287 T00221067 10022 20006 58013,null
JFK,2024-12-25 18:51,37,21,51.99,350,9,0,30.37,1028.2,10,null,BKN,null,null,null,3800,null,null,null,null,null,null,null,null,null,null,29.73,KJFK 251851Z 35009KT 10SM BKN038 03/M06 A3037 RMK AO2 SLP282 T00281061,null
JFK,2024-12-25 19:51,37,21,51.99,310,9,0,30.37,1028.3,10,null,SCT,SCT,null,null,3600,25000,null,null,null,null,null,null,null,null,null,29.73,KJFK 251951Z 31009KT 10SM SCT036 SCT250 03/M06 A3037 RMK AO2 SLP283 T00281061,null
JFK,2024-12-25 20:51,36,21,54.08,330,8,0,30.38,1028.7,10,null,FEW,SCT,null,null,3600,25000,null,null,null,null,null,null,null,null,null,29.04,KJFK 252051Z 33008KT 10SM FEW036 SCT250 02/M06 A3038 RMK AO2 SLP287 T00221061 55000,null
JFK,2024-12-25 21:51,34,20,56.12,10,7,0,30.39,1029.2,10,null,FEW,SCT,null,null,3600,25000,null,null,null,null,null,null,null,null,null,27.22,KJFK 252151Z 01007KT 10SM FEW036 SCT250 01/M07 A3039 RMK AO2 SLP292 T00111067,null
JFK,2024-12-25 22:51,33,20,58.41,360,6,0,30.4,1029.3,10,null,FEW,BKN,null,null,3600,25000,null,null,null,null,null,null,null,null,null,26.73,KJFK 252251Z 36006KT 10SM FEW036 BKN250 01/M07 A3040 RMK AO2 SLP293 T00061067,null
JFK,2024-12-25 23:51,32,20,60.81,20,6,0,30.42,1030,10,null,BKN,null,null,null,25000,null,null,null,null,null,null,null,null,null,null,25.53,KJFK 252351Z 02006KT 10SM BKN250 00/M07 A3042 RMK AO2 SLP300 T00001067 10039 20000 53013,null
JFK,2024-12-26 0:51,32,20,60.81,20,7,0,30.42,1030.1,10,null,BKN,null,null,null,25000,null,null,null,null,null,null,null,null,null,null,24.78,KJFK 260051Z 02007KT 10SM BKN250 00/M07 A3042 RMK AO2 SLP301 T00001067,null
JFK,2024-12-26 1:51,31,20,63.32,20,8,0,30.42,1030.2,10,null,BKN,null,null,null,25000,null,null,null,null,null,null,null,null,null,null,22.88,KJFK 260151Z 02008KT 10SM BKN250 M01/M07 A3042 RMK AO2 SLP302 T10061067,null
JFK,2024-12-26 2:51,30,19,63.18,20,7,0,30.42,1030.1,10,null,SCT,null,null,null,25000,null,null,null,null,null,null,null,null,null,null,22.34,KJFK 260251Z 02007KT 10SM SCT250 M01/M07 A3042 RMK AO2 SLP301 T10111072 51002,null
JFK,2024-12-26 3:51,30,19,63.18,10,7,0,30.43,1030.5,10,null,SCT,null,null,null,25000,null,null,null,null,null,null,null,null,null,null,22.34,KJFK 260351Z 01007KT 10SM SCT250 M01/M07 A3043 RMK AO2 SLP305 T10111072,null
JFK,2024-12-26 4:51,29,18,63.05,360,6,0,30.43,1030.2,10,null,SCT,null,null,null,25000,null,null,null,null,null,null,null,null,null,null,21.92,KJFK 260451Z 36006KT 10SM SCT250 M02/M08 A3043 RMK AO2 SLP302 T10171078 400391017,null
JFK,2024-12-26 5:51,29,18,63.05,10,6,0,30.42,1030.1,10,null,SCT,null,null,null,25000,null,null,null,null,null,null,null,null,null,null,21.92,KJFK 260551Z 01006KT 10SM SCT250 M02/M08 A3042 RMK AO2 SLP301 T10171078 10006 21022 58000,null
JFK,2024-12-26 6:51,27,18,68.45,10,5,0,30.43,1030.4,10,null,SCT,null,null,null,25000,null,null,null,null,null,null,null,null,null,null,20.46,KJFK 260651Z 01005KT 10SM SCT250 M03/M08 A3043 RMK AO2 SLP304 T10281078,null
JFK,2024-12-26 7:51,27,18,68.45,10,5,0,30.44,1030.6,10,null,SCT,null,null,null,25000,null,null,null,null,null,null,null,null,null,null,20.46,KJFK 260751Z COR 01005KT 10SM SCT250 M03/M08 A3044 RMK AO2 SLP306 T10281078,null
JFK,2024-12-26 8:51,26,18,71.33,350,6,0,30.45,1031,10,null,SCT,null,null,null,25000,null,null,null,null,null,null,null,null,null,null,18.3,KJFK 260851Z 35006KT 10SM SCT250 M03/M08 A3045 RMK AO2 SLP310 T10331078 53009,null
JFK,2024-12-26 9:51,26,18,71.33,350,7,0,30.46,1031.2,10,null,FEW,null,null,null,25000,null,null,null,null,null,null,null,null,null,null,17.47,KJFK 260951Z 35007KT 10SM FEW250 M03/M08 A3046 RMK AO2 SLP312 T10331078,null
JFK,2024-12-26 10:51,25,18,74.36,360,6,0,30.48,1032.1,10,null,FEW,null,null,null,25000,null,null,null,null,null,null,null,null,null,null,17.1,KJFK 261051Z 36006KT 10SM FEW250 M04/M08 A3048 RMK AO2 SLP321 T10391078,null
JFK,2024-12-26 11:51,26,17,68.32,360,5,0,30.5,1032.6,10,null,FEW,FEW,null,null,16000,25000,null,null,null,null,null,null,null,null,null,19.27,KJFK 261151Z 36005KT 10SM FEW160 FEW250 M03/M08 A3050 RMK AO2 SLP326 T10331083 11017 21039 53015,null
JFK,2024-12-26 12:51,26,18,71.33,10,8,0,30.5,1032.9,10,null,FEW,FEW,null,null,16000,25000,null,null,null,null,null,null,null,null,null,16.72,KJFK 261251Z 01008KT 10SM FEW160 FEW250 M03/M08 A3050 RMK AO2 SLP329 T10331078,null
JFK,2024-12-26 13:51,30,19,63.18,10,6,0,30.5,1032.9,10,null,SCT,SCT,null,null,16000,25000,null,null,null,null,null,null,null,null,null,23.12,KJFK 261351Z 01006KT 10SM SCT160 SCT250 M01/M07 A3050 RMK AO2 SLP329 T10111072,null
JFK,2024-12-26 14:51,33,19,55.97,360,7,0,30.51,1033.2,10,null,SCT,SCT,null,null,16000,25000,null,null,null,null,null,null,null,null,null,26,KJFK 261451Z 36007KT 10SM SCT160 SCT250 01/M07 A3051 RMK AO2 SLP332 T00061072 51006,null
JFK,2024-12-26 15:51,35,20,53.93,360,8,0,30.5,1032.7,10,null,FEW,FEW,null,null,16000,25000,null,null,null,null,null,null,null,null,null,27.81,KJFK 261551Z 36008KT 10SM FEW160 FEW250 02/M07 A3050 RMK AO2 SLP327 T00171067,null
JFK,2024-12-26 16:51,36,19,49.66,360,7,0,30.47,1031.9,10,null,BKN,BKN,BKN,null,12000,16000,25000,null,null,null,null,null,null,null,null,29.65,KJFK 261651Z 36007KT 10SM BKN120 BKN160 BKN250 02/M07 A3047 RMK AO2 SLP319 T00221072,null
JFK,2024-12-26 17:51,38,17,42.11,290,4,0,30.45,1031.2,10,null,SCT,SCT,null,null,12000,16000,null,null,null,null,null,null,null,null,null,34.43,KJFK 261751Z 29004KT 10SM SCT120 SCT160 03/M08 A3045 RMK AO2 SLP312 T00331083 10039 21039 58020,null
JFK,2024-12-26 18:51,38,17,42.11,340,4,0,30.44,1030.8,10,null,FEW,FEW,null,null,12000,16000,null,null,null,null,null,null,null,null,null,34.43,KJFK 261851Z 34004KT 10SM FEW120 FEW160 03/M08 A3044 RMK AO2 SLP308 T00331083,null
JFK,2024-12-26 19:51,41,19,40.83,330,4,0,30.44,1030.6,10,null,FEW,null,null,null,12000,null,null,null,null,null,null,null,null,null,null,37.93,KJFK 261951Z 33004KT 10SM FEW120 05/M07 A3044 RMK AO2 SLP306 T00501072,null
JFK,2024-12-26 20:51,39,18,42.28,360,6,0,30.43,1030.5,10,null,FEW,null,null,null,12000,null,null,null,null,null,null,null,null,null,null,33.96,KJFK 262051Z 36006KT 10SM FEW120 04/M08 A3043 RMK AO2 SLP305 T00391078 56007,null
JFK,2024-12-26 21:51,36,18,47.58,10,5,0,30.45,1031.1,10,null,FEW,null,null,null,12000,null,null,null,null,null,null,null,null,null,null,31.15,KJFK 262151Z 01005KT 10SM FEW120 02/M08 A3045 RMK AO2 SLP311 T00221078,null
JFK,2024-12-26 22:51,34,18,51.52,10,6,0,30.47,1031.6,10,null,FEW,null,null,null,12000,null,null,null,null,null,null,null,null,null,null,27.94,KJFK 262251Z 01006KT 10SM FEW120 01/M08 A3047 RMK AO2 SLP316 T00111078,null
JFK,2024-12-26 23:51,33,19,55.97,40,4,0,30.47,1031.7,10,null,CLR,null,null,null,null,null,null,null,null,null,null,null,null,null,null,28.59,KJFK 262351Z 04004KT 10SM CLR 01/M07 A3047 RMK AO2 SLP317 T00061072 10050 20006 51012,null
JFK,2024-12-27 0:51,32,19,58.27,10,5,0,30.47,1031.8,10,null,CLR,null,null,null,null,null,null,null,null,null,null,null,null,null,null,26.4,KJFK 270051Z 01005KT 10SM CLR 00/M07 A3047 RMK AO2 SLP318 T00001072 $,null
JFK,2024-12-27 1:51,32,20,60.81,30,5,0,30.47,1031.8,10,null,CLR,null,null,null,null,null,null,null,null,null,null,null,null,null,null,26.4,KJFK 270151Z 03005KT 10SM CLR 00/M07 A3047 RMK AO2 SLP318 T00001067 $,null
JFK,2024-12-27 2:51,31,20,63.32,40,4,0,30.47,1031.7,10,null,CLR,null,null,null,null,null,null,null,null,null,null,null,null,null,null,26.25,KJFK 270251Z 04004KT 10SM CLR M01/M07 A3047 RMK AO2 SLP317 T10061067 50001 $,null
JFK,2024-12-27 3:51,32,21,63.45,360,3,0,30.48,1031.9,10,null,CLR,null,null,null,null,null,null,null,null,null,null,null,null,null,null,28.69,KJFK 270351Z 36003KT 10SM CLR 00/M06 A3048 RMK AO2 SLP319 T00001061 $,null
JFK,2024-12-27 4:51,29,20,68.69,350,4,0,30.47,1031.8,10,null,CLR,null,null,null,null,null,null,null,null,null,null,null,null,null,null,23.92,KJFK 270451Z 35004KT 10SM CLR M02/M07 A3047 RMK AO2 SLP318 T10171067 400501039 $,null
JFK,2024-12-27 5:51,30,20,65.94,10,4,0,30.46,1031.5,10,null,CLR,null,null,null,null,null,null,null,null,null,null,null,null,null,null,25.08,KJFK 270551Z 01004KT 10SM CLR M01/M07 A3046 RMK AO2 SLP315 T10111067 10011 21017 58002 $,null
JFK,2024-12-27 6:51,28,20,71.56,20,4,0,30.47,1031.6,10,null,CLR,null,null,null,null,null,null,null,null,null,null,null,null,null,null,22.75,KJFK 270651Z 02004KT 10SM CLR M02/M07 A3047 RMK AO2 SLP316 T10221067 $,null
JFK,2024-12-27 7:51,28,19,68.57,20,3,0,30.48,1032.2,10,null,CLR,null,null,null,null,null,null,null,null,null,null,null,null,null,null,24.12,KJFK 270751Z 02003KT 10SM CLR M02/M07 A3048 RMK AO2 SLP322 T10221072 $,null
JFK,2024-12-27 8:51,27,19,71.45,20,4,0,30.48,1031.9,10,null,CLR,null,null,null,null,null,null,null,null,null,null,null,null,null,null,21.58,KJFK 270851Z 02004KT 10SM CLR M03/M07 A3048 RMK AO2 SLP319 T10281072 50004 $,null
JFK,2024-12-27 9:51,27,18,68.45,360,5,0,30.48,1032,10,null,CLR,null,null,null,null,null,null,null,null,null,null,null,null,null,null,20.46,KJFK 270951Z 36005KT 10SM CLR M03/M08 A3048 RMK AO2 SLP320 T10281078 $,null
JFK,2024-12-27 10:51,28,18,65.69,20,5,0,30.49,1032.3,10,null,CLR,null,null,null,null,null,null,null,null,null,null,null,null,null,null,21.64,KJFK 271051Z 02005KT 10SM CLR M02/M08 A3049 RMK AO2 SLP323 T10221078 $,null
JFK,2024-12-27 11:51,28,18,65.69,20,4,0,30.49,1032.5,10,null,FEW,null,null,null,25000,null,null,null,null,null,null,null,null,null,null,22.75,KJFK 271151Z 02004KT 10SM FEW250 M02/M08 A3049 RMK AO2 SLP325 T10221078 11011 21033 53005 $,null
JFK,2024-12-27 12:51,28,20,71.56,30,4,0,30.48,1032.2,10,null,SCT,null,null,null,25000,null,null,null,null,null,null,null,null,null,null,22.75,KJFK 271251Z 03004KT 10SM SCT250 M02/M07 A3048 RMK AO2 SLP322 T10221067 $,null
JFK,2024-12-27 13:51,33,22,63.59,10,4,0,30.49,1032.6,10,null,FEW,BKN,null,null,19000,25000,null,null,null,null,null,null,null,null,null,28.59,KJFK 271351Z 01004KT 10SM FEW190 BKN250 01/M06 A3049 RMK AO2 SLP326 T00061056,null
JFK,2024-12-27 14:51,37,21,51.99,360,3,0,30.51,1033,10,null,FEW,BKN,null,null,19000,25000,null,null,null,null,null,null,null,null,null,34.4,KJFK 271451Z 36003KT 10SM FEW190 BKN250 03/M06 A3051 RMK AO2 SLP330 T00281061 53006,null
JFK,2024-12-27 15:51,39,22,50.14,20,3,0,30.49,1032.3,10,null,BKN,null,null,null,25000,null,null,null,null,null,null,null,null,null,null,36.69,KJFK 271551Z 02003KT 10SM BKN250 04/M06 A3049 RMK AO2 SLP323 T00391056,null
JFK,2024-12-27 16:51,40,25,54.69,0,0,0,30.45,1031.1,10,null,BKN,null,null,null,25000,null,null,null,null,null,null,null,null,null,null,40,KJFK 271651Z 00000KT 10SM BKN250 04/M04 A3045 RMK AO2 SLP311 T00441039,null
JFK,2024-12-27 17:51,41,26,54.84,240,4,0,30.42,1030.2,10,null,BKN,null,null,null,25000,null,null,null,null,null,null,null,null,null,null,37.93,KJFK 271751Z 24004KT 10SM BKN250 05/M03 A3042 RMK AO2 SLP302 T00501033 10056 21028 58029,null
JFK,2024-12-27 18:51,42,27,54.99,210,5,0,30.41,1029.9,10,null,BKN,null,null,null,25000,null,null,null,null,null,null,null,null,null,null,38.27,KJFK 271851Z 21005KT 10SM BKN250 06/M03 A3041 RMK AO2 SLP299 T00561028,null
JFK,2024-12-27 19:51,41,29,62.04,200,4,0,30.4,1029.5,10,null,BKN,null,null,null,25000,null,null,null,null,null,null,null,null,null,null,37.93,KJFK 271951Z 20004KT 10SM BKN250 05/M02 A3040 RMK AO2 SLP295 T00501017,null
JFK,2024-12-27 20:51,41,31,67.3,0,0,0,30.4,1029.2,10,null,FEW,BKN,null,null,3000,25000,null,null,null,null,null,null,null,null,null,41,KJFK 272051Z 00000KT 10SM FEW030 BKN250 05/M01 A3040 RMK AO2 SLP292 T00501006 56009,null
JFK,2024-12-27 21:51,39,30,69.85,100,3,0,30.39,1029.1,10,null,FEW,BKN,null,null,3000,25000,null,null,null,null,null,null,null,null,null,36.69,KJFK 272151Z 10003KT 10SM FEW030 BKN250 04/M01 A3039 RMK AO2 SLP291 T00391011,null
JFK,2024-12-27 22:51,38,29,69.74,0,0,0,30.4,1029.2,10,null,BKN,null,null,null,25000,null,null,null,null,null,null,null,null,null,null,38,KJFK 272251Z 00000KT 10SM BKN250 03/M02 A3040 RMK AO2 SLP292 T00331017,null
JFK,2024-12-27 23:51,38,30,72.64,0,0,0,30.4,1029.5,10,null,BKN,null,null,null,25000,null,null,null,null,null,null,null,null,null,null,38,KJFK 272351Z 00000KT 10SM BKN250 03/M01 A3040 RMK AO2 SLP295 T00331011 10056 20022 53003,null
JFK,2024-12-28 0:51,37,30,75.56,0,0,0,30.39,1029.2,10,null,FEW,SCT,BKN,null,5000,17000,25000,null,null,null,null,null,null,null,null,37,KJFK 280051Z 00000KT 10SM FEW050 SCT170 BKN250 03/M01 A3039 RMK AO2 SLP292 T00281011,null
JFK,2024-12-28 1:51,35,30,81.78,90,3,0,30.39,1029.2,10,null,SCT,BKN,null,null,16000,25000,null,null,null,null,null,null,null,null,null,32.12,KJFK 280151Z 09003KT 10SM SCT160 BKN250 02/M01 A3039 RMK AO2 SLP292 T00171011,null
JFK,2024-12-28 2:51,37,32,81.93,120,3,0,30.38,1028.6,10,null,BKN,BKN,null,null,11000,25000,null,null,null,null,null,null,null,null,null,34.4,KJFK 280251Z 12003KT 10SM BKN110 BKN250 03/00 A3038 RMK AO2 SLP286 T00280000 58009,null
JFK,2024-12-28 3:51,38,33,82,170,3,0,30.37,1028.3,10,null,BKN,BKN,null,null,10000,25000,null,null,null,null,null,null,null,null,null,35.55,KJFK 280351Z 17003KT 10SM BKN100 BKN250 03/01 A3037 RMK AO2 SLP283 T00330006,null
JFK,2024-12-28 4:51,42,36,79.11,230,7,0,30.36,1027.9,10,null,BKN,BKN,BKN,BKN,7500,8500,10000,25000,null,null,null,null,null,null,null,36.97,KJFK 280451Z 23007KT 10SM BKN075 BKN085 BKN100 BKN250 06/02 A3036 RMK AO2 SLP279 T00560022 400561033,null
JFK,2024-12-28 5:51,42,37,82.3,220,5,0,30.35,1027.6,10,null,BKN,BKN,BKN,BKN,5000,8500,10000,25000,null,null,null,null,null,null,null,38.27,KJFK 280551Z 22005KT 10SM BKN050 BKN085 BKN100 BKN250 06/03 A3035 RMK AO2 SLP276 T00560028 10056 20011 58010,null
JFK,2024-12-28 6:51,42,37,82.3,0,0,0.01,30.34,1027.2,9,null,BKN,BKN,OVC,null,4000,5500,8500,null,#NAME?,null,null,null,null,null,null,42,KJFK 280651Z 00000KT 9SM -RA BKN040 BKN055 OVC085 06/03 A3034 RMK AO2 RAB36 SLP272 P0001 T00560028,null
JFK,2024-12-28 7:51,42,39,89.01,0,0,0.02,30.32,1026.8,10,null,BKN,BKN,OVC,null,3300,5500,7000,null,#NAME?,null,null,null,null,null,null,42,KJFK 280751Z 00000KT 10SM -RA BKN033 BKN055 OVC070 06/04 A3032 RMK AO2 SLP268 P0002 T00560039,null
JFK,2024-12-28 8:23,42,39,89.01,0,0,T,30.32,null,6,null,BKN,BKN,OVC,null,1200,2800,3300,null,#NAME?,null,null,null,null,null,null,42,KJFK 280823Z 00000KT 6SM -RA BR BKN012 BKN028 OVC033 06/04 A3032 RMK AO2 P0000 T00560039 (IZ) IEM_GHCNH,null
JFK,2024-12-28 8:32,42,39,89.01,0,0,0.01,30.32,null,6,null,BKN,BKN,OVC,null,1200,2800,3300,null,#NAME?,null,null,null,null,null,null,42,KJFK 280832Z 00000KT 6SM -RA BR BKN012 BKN028 OVC033 06/04 A3032 RMK AO2 P0001 T00560039,null
JFK,2024-12-28 8:51,42,39,89.01,0,0,0.03,30.31,1026.3,6,null,BKN,OVC,null,null,1200,2800,null,null,RA BR,null,null,null,null,null,null,42,KJFK 280851Z 00000KT 6SM RA BR BKN012 OVC028 06/04 A3031 RMK AO2 SLP263 P0003 60006 T00560039 58013,null
JFK,2024-12-28 9:39,42,40,92.55,60,5,0.04,30.3,null,6,null,BKN,BKN,null,null,700,1100,null,null,#NAME?,null,null,null,null,null,null,38.27,KJFK 280939Z 06005KT 6SM -RA BR BKN007 BKN011 06/04 A3030 RMK AO2 P0004 T00560044,null
JFK,2024-12-28 9:51,42,40,92.55,50,3,0.05,30.3,1026,5,null,BKN,OVC,null,null,700,1100,null,null,#NAME?,null,null,null,null,null,null,40.12,KJFK 280951Z 05003KT 5SM -RA BR BKN007 OVC011 06/04 A3030 RMK AO2 SLP260 P0005 T00560044,null
JFK,2024-12-28 10:44,42,39,89.01,30,4,0.03,30.3,null,1.5,null,OVC,null,null,null,400,null,null,null,#NAME?,null,null,null,null,null,null,39.1,KJFK 281044Z 03004KT 1 1/2SM -RA BR OVC004 06/04 A3030 RMK AO2 P0003 T00560039,null
JFK,2024-12-28 10:51,42,40,92.55,30,4,0.03,30.3,1026,1.5,null,OVC,null,null,null,400,null,null,null,#NAME?,null,null,null,null,null,null,39.1,KJFK 281051Z 03004KT 1 1/2SM -RA BR OVC004 06/04 A3030 RMK AO2 SLP260 P0003 T00560044,null
JFK,2024-12-28 11:51,42,40,92.55,90,3,0.07,30.29,1025.6,0.25,null,OVC,null,null,null,400,null,null,null,#NAME?,null,null,null,null,null,null,40.12,KJFK 281151Z 09003KT 1/4SM R04R/P6000FT -RA BR OVC004 06/04 A3029 RMK AO2 SFC VIS 1 SLP256 P0007 60021 70021 T00560044 10067 20050 58007,null
JFK,2024-12-28 12:51,44,42,92.61,0,0,0.01,30.3,1025.8,0.25,null,OVC,null,null,null,300,null,null,null,#NAME?,null,null,null,null,null,null,44,KJFK 281251Z 00000KT 1/4SM R04R/2800V4500FT -RA BR OVC003 07/06 A3030 RMK AO2 SFC VIS 1 SLP258 P0001 T00670056,null
JFK,2024-12-28 13:49,44.6,42.8,93.35,80,5,0.02,30.29,null,0.5,null,VV ,null,null,null,400,null,null,null,#NAME?,null,null,null,null,null,null,41.36,KJFK 281349Z 08005KT 1/2SM R04R/1600V2000FT -RA FG VV004 07/06 A3029 RMK AO2 P0002 FIBI (ND) IEM_GHCNH,null
JFK,2024-12-28 13:51,45,43,92.65,80,4,0.02,30.29,1025.8,0.5,null,VV ,null,null,null,400,null,null,null,#NAME?,null,null,null,null,null,null,42.6,KJFK 281351Z 08004KT 1/2SM R04R/1600V2000FT -RA FG VV004 07/06 A3029 RMK AO2 SLP258 P0002 T00720061,null
JFK,2024-12-28 14:10,46,44,92.68,100,3,0.02,30.3,null,0.5,null,VV ,null,null,null,400,null,null,null,#NAME?,null,null,null,null,null,null,44.69,KJFK 281410Z 10003KT 1/2SM R04R/2000V2400FT -RA FG VV004 08/07 A3030 RMK AO2 P0002 T00780067,null
JFK,2024-12-28 14:51,49,47,92.77,140,5,0.04,30.3,1025.8,0.25,null,OVC,null,null,null,400,null,null,null,#NAME?,null,null,null,null,null,null,46.58,KJFK 281451Z 14005KT 1/4SM R04R/P6000FT -RA FG OVC004 09/08 A3030 RMK AO2 SFC VIS 1/2 SLP258 P0004 60007 T00940083 51002,null
JFK,2024-12-28 15:51,50,48,92.8,240,5,0.06,30.29,1025.6,0.25,null,OVC,null,null,null,400,null,null,null,#NAME?,null,null,null,null,null,null,50,KJFK 281551Z 24005KT 1/4SM R04R/5500VP6000FT -RA FG OVC004 10/09 A3029 RMK AO2 SFC VIS 1/2 SLP256 P0006 T01000089,null
JFK,2024-12-28 16:02,50,48,92.8,220,4,0.01,30.28,null,1,null,OVC,null,null,null,400,null,null,null,#NAME?,null,null,null,null,null,null,50,KJFK 281602Z 22004KT 1SM R04R/4000VP6000FT -RA BR OVC004 10/09 A3028 RMK AO2 SFC VIS 1 1/4 P0001 T01000089,null
JFK,2024-12-28 16:31,50,48,92.8,240,6,0.02,30.27,null,0.25,null,OVC,null,null,null,400,null,null,null,#NAME?,null,null,null,null,null,null,50,KJFK 281631Z 24006KT 1/4SM R04R/3000VP6000FT -RA FG OVC004 10/09 A3027 RMK AO2 SFC VIS 1/2 P0002 T01000089,null
JFK,2024-12-28 16:51,50,48,92.8,250,5,0.03,30.26,1024.7,0.25,null,OVC,null,null,null,400,null,null,null,#NAME?,null,null,null,null,null,null,50,KJFK 281651Z 25005KT 1/4SM R04R/4000VP6000FT -RA FG OVC004 10/09 A3026 RMK AO2 SFC VIS 1/2 SLP247 P0003 T01000089,null
JFK,2024-12-28 17:51,48,46,92.74,40,3,0.03,30.24,1024,1,null,FEW,OVC,null,null,1500,2800,null,null,BR,null,null,null,null,null,null,46.98,KJFK 281751Z 04003KT 1SM R04R/P6000FT BR FEW015 OVC028 09/08 A3024 RMK AO2 TWR VIS 2 RAE43 SLP240 P0003 60019 T00890078 10100 20056 58019 $,null
JFK,2024-12-28 18:05,49,47,92.77,0,0,0,30.24,null,2,null,BKN,OVC,null,null,2000,2400,null,null,BR,null,null,null,null,null,null,49,KJFK 281805Z 00000KT 2SM BR BKN020 OVC024 09/08 A3024 RMK AO2 TWR VIS 3 T00940083 $,null
JFK,2024-12-28 18:51,50,48,92.8,250,5,0.02,30.23,1023.8,1,null,BKN,OVC,null,null,2000,2700,null,null,BR,null,null,null,null,null,null,50,KJFK 281851Z 25005KT 1SM R04R/P6000FT BR BKN020 OVC027 10/09 A3023 RMK AO2 TWR VIS 2 RAB19RAEMM SLP238 P0002 T01000089 $,null
JFK,2024-12-28 19:11,50,48,92.8,240,6,T,30.23,null,1.5,null,SCT,BKN,OVC,null,600,1400,2100,null,#NAME?,null,null,null,null,null,null,50,KJFK 281911Z 24006KT 1 1/2SM -RA BR SCT006 BKN014 OVC021 10/09 A3023 RMK AO2 TWR VIS 2 RAB00 P0000 T01000089 $,null
JFK,2024-12-28 19:49,50,46.4,87.37,240,7,0.01,30.24,null,0.5,null,SCT,BKN,OVC,null,600,1400,2100,null,#NAME?,null,null,null,null,null,null,50,KJFK 281949Z 24007KT 1/2SM R04R/P6000FT -RA BR SCT006 BKN014 OVC021 10/08 A3024 RMK AO2 SFC VIS 1 1/2 RAB00 P0001 IEM_GHCNH,null
JFK,2024-12-28 19:51,50,47,89.37,240,6,0.01,30.24,1023.9,0.5,null,SCT,BKN,OVC,null,600,1400,2100,null,#NAME?,null,null,null,null,null,null,50,KJFK 281951Z 24006KT 1/2SM R04R/P6000FT -RA BR SCT006 BKN014 OVC021 10/08 A3024 RMK AO2 SFC VIS 1 1/2 RAB00 SLP239 P0001 T01000083 $,null
JFK,2024-12-28 20:49,48.2,46.4,93.45,220,5,0.02,30.24,null,0.5,null,BKN,OVC,null,null,600,1900,null,null,#NAME?,null,null,null,null,null,null,45.63,KJFK 282049Z 22005KT 1/2SM R04R/6000VP6000FT -RA BR BKN006 OVC019 09/08 A3024 RMK AO2 SFC VIS 1 1/2 P0002 IEM_GHCNH,null
JFK,2024-12-28 20:51,49,47,92.77,220,4,0.02,30.24,1023.8,0.5,null,BKN,OVC,null,null,600,1900,null,null,#NAME?,null,null,null,null,null,null,47.27,KJFK 282051Z 22004KT 1/2SM R04R/6000VP6000FT -RA BR BKN006 OVC019 09/08 A3024 RMK AO2 SFC VIS 1 1/2 SLP238 P0002 60005 T00940083 56001 $,null
JFK,2024-12-28 21:23,49,47,92.77,240,3,0.01,30.24,null,0.5,null,OVC,null,null,null,400,null,null,null,#NAME?,null,null,null,null,null,null,48.12,KJFK 282123Z 24003KT 1/2SM R04R/P6000FT -RA BR OVC004 09/08 A3024 RMK AO2 SFC VIS 1 1/2 P0001 T00940083 $,null
JFK,2024-12-28 21:49,48.2,46.4,93.45,220,3,0.02,30.24,null,1.5,null,BKN,OVC,null,null,400,1200,null,null,#NAME?,null,null,null,null,null,null,47.21,KJFK 282149Z 22003KT 1 1/2SM -RA BR BKN004 OVC012 09/08 A3024 RMK AO2 SFC VIS 2 P0002 IEM_GHCNH,null
JFK,2024-12-28 21:51,49,47,92.77,210,3,0.02,30.24,1023.9,1.5,null,BKN,OVC,null,null,400,1200,null,null,#NAME?,null,null,null,null,null,null,48.12,KJFK 282151Z 21003KT 1 1/2SM R04R/5500VP6000FT -RA BR BKN004 OVC012 09/08 A3024 RMK AO2 SFC VIS 2 SLP239 P0002 T00940083 $,null
JFK,2024-12-28 22:51,49,47,92.77,0,0,0.03,30.24,1024,1,null,BKN,OVC,null,null,300,1500,null,null,#NAME?,null,null,null,null,null,null,49,KJFK 282251Z 00000KT 1SM R04R/5000VP6000FT -RA BR BKN003 OVC015 09/08 A3024 RMK AO2 TWR VIS 1 1/2 SLP240 P0003 T00940083 $,null
JFK,2024-12-28 23:51,48,46,92.74,0,0,0.05,30.25,1024.1,1.5,null,BKN,OVC,null,null,300,1000,null,null,#NAME?,null,null,null,null,null,null,48,KJFK 282351Z 00000KT 1 1/2SM R04R/3500VP6000FT -RA BR BKN003 OVC010 09/08 A3025 RMK AO2 SFC VIS 2 SLP241 P0005 60015 T00890078 10106 20089 53003 $,null
JFK,2024-12-29 0:49,48.2,46.4,93.45,0,0,0.02,30.24,null,0.5,null,BKN,OVC,null,null,300,1100,null,null,#NAME?,null,null,null,null,null,null,48.2,KJFK 290049Z 00000KT 1/2SM R04R/5000VP6000FT -RA BR BKN003 OVC011 09/08 A3024 RMK AO2 SFC VIS 1 P0002 IEM_GHCNH,null
JFK,2024-12-29 0:51,49,47,92.77,0,0,0.02,30.24,1024,0.5,null,BKN,OVC,null,null,300,1100,null,null,#NAME?,null,null,null,null,null,null,49,KJFK 290051Z 00000KT 1/2SM R04R/3000VP6000FT -RA BR BKN003 OVC011 09/08 A3024 RMK AO2 SFC VIS 1 SLP240 P0002 T00940083 $,null
JFK,2024-12-29 1:51,49,48,96.32,140,4,0.03,30.23,1023.5,0.5,null,BKN,OVC,null,null,300,900,null,null,#NAME?,null,null,null,null,null,null,47.27,KJFK 290151Z 14004KT 1/2SM R04R/3500VP6000FT -RA BR BKN003 OVC009 09/09 A3023 RMK AO2 SFC VIS 3/4 SLP235 P0003 T00940089 $,null
JFK,2024-12-29 2:51,49,48,96.32,220,3,0.02,30.23,1023.6,0.5,null,BKN,OVC,null,null,300,1300,null,null,#NAME?,null,null,null,null,null,null,48.12,KJFK 290251Z 22003KT 1/2SM R04R/4500VP6000FT -RA BR BKN003 OVC013 09/09 A3023 RMK AO2 SFC VIS 3/4 SLP236 P0002 60007 T00940089 55005 $,null
JFK,2024-12-29 3:51,50,48,92.8,230,3,0.02,30.23,1023.5,0.5,null,BKN,OVC,null,null,300,1700,null,null,#NAME?,null,null,null,null,null,null,50,KJFK 290351Z 23003KT 1/2SM R04R/6000VP6000FT -RA BR BKN003 OVC017 10/09 A3023 RMK AO2 SFC VIS 3/4 RAE29B51 SLP235 P0002 T01000089 $,null
JFK,2024-12-29 4:51,50,48,92.8,360,4,T,30.22,1023.3,0.5,null,BKN,OVC,null,null,400,1100,null,null,#NAME?,null,null,null,null,null,null,50,KJFK 290451Z 36004KT 1/2SM R04R/P6000FT -DZ BR BKN004 OVC011 10/09 A3022 RMK AO2 SFC VIS 3/4 RAE36DZB51 SLP233 P0000 T01000089 401060050 $,null
JFK,2024-12-29 5:51,50,49,96.34,0,0,0.01,30.21,1022.8,0.75,null,BKN,OVC,null,null,400,1400,null,null,BR,null,null,null,null,null,null,50,KJFK 290551Z 00000KT 3/4SM R04R/5000VP6000FT BR BKN004 OVC014 10/09 A3021 RMK AO2 DZE13 SLP228 P0001 60010 T01000094 10106 20089 58007 $,null
JFK,2024-12-29 6:51,50,48,92.8,0,0,T,30.21,1023,0.75,null,BKN,OVC,null,null,400,1200,null,null,#NAME?,null,null,null,null,null,null,50,KJFK 290651Z 00000KT 3/4SM R04R/3500VP6000FT -DZ BR BKN004 OVC012 10/09 A3021 RMK AO2 RAB35E45DZB51 SLP230 P0000 T01000089 $,null
JFK,2024-12-29 7:51,49,48,96.32,180,4,T,30.21,1022.9,0.75,null,OVC,null,null,null,400,null,null,null,BR,null,null,null,null,null,null,47.27,KJFK 290751Z 18004KT 3/4SM R04R/P6000FT BR OVC004 09/09 A3021 RMK AO2 DZE49 SLP229 P0000 T00940089 $,null
JFK,2024-12-29 8:51,49,47,92.77,180,4,0.01,30.2,1022.7,0.75,null,OVC,null,null,null,200,null,null,null,BR,null,null,null,null,null,null,47.27,KJFK 290851Z 18004KT 3/4SM R04R/2600V5500FT BR OVC002 09/08 A3020 RMK AO2 RAB13E50 SLP227 P0001 60001 T00940083 58002 $,null
JFK,2024-12-29 9:51,49,47,92.77,0,0,0.03,30.19,1022.4,0.75,null,OVC,null,null,null,400,null,null,null,BR,null,null,null,null,null,null,49,KJFK 290951Z 00000KT 3/4SM R04R/5500VP6000FT BR OVC004 09/08 A3019 RMK AO2 RAB15E51 SLP224 P0003 T00940083 $,null
JFK,2024-12-29 10:51,50,48,92.8,100,3,0.08,30.18,1021.9,0.75,null,BKN,OVC,null,null,300,1000,null,null,#NAME?,null,null,null,null,null,null,50,KJFK 291051Z 10003KT 3/4SM R04R/3500V4500FT -RA BR BKN003 OVC010 10/09 A3018 RMK AO2 RAB0953 SLP219 P0008 T01000089 $,null
JFK,2024-12-29 11:49,50,48.2,93.5,100,4,0.05,30.17,null,2,null,BKN,OVC,null,null,300,1000,null,null,#NAME?,null,null,null,null,null,null,50,KJFK 291149Z 10004KT 2SM R04R/5500VP6000FT -RA BR BKN003 OVC010 10/09 A3017 RMK AO2 SFC VIS 3 P0005 IEM_GHCNH,null
JFK,2024-12-29 11:51,50,48,92.8,100,4,0.05,30.17,1021.5,2,null,SCT,BKN,OVC,null,400,1600,2500,null,#NAME?,null,null,null,null,null,null,50,KJFK 291151Z 10004KT 2SM -RA BR SCT004 BKN016 OVC025 10/09 A3017 RMK AO2 SLP215 P0005 60017 70061 T01000089 10111 20094 58012 $,null
JFK,2024-12-29 12:14,50,48,92.8,120,4,0.01,30.17,null,0.5,null,SCT,BKN,OVC,null,600,1400,1900,null,#NAME?,null,null,null,null,null,null,50,KJFK 291214Z 12004KT 1/2SM R04R/6000VP6000FT -RA BR SCT006 BKN014 OVC019 10/09 A3017 RMK AO2 SFC VIS 2 CIG 006 W P0001 T01000089 $,null
JFK,2024-12-29 12:32,50,48,92.8,110,5,0.01,30.17,null,0.5,null,BKN,OVC,null,null,400,800,null,null,BR,null,null,null,null,null,null,50,KJFK 291232Z 11005KT 1/2SM R04R/4500VP6000FT BR BKN004 OVC008 10/09 A3017 RMK AO2 SFC VIS 1 RAE22 P0001 T01000089 $,null
JFK,2024-12-29 12:51,50,48,92.8,110,5,0.02,30.16,1021.3,0.5,null,BKN,OVC,null,null,300,700,null,null,#NAME?,null,null,null,null,null,null,50,KJFK 291251Z 11005KT 1/2SM R04R/4500VP6000FT -RA BR BKN003 OVC007 10/09 A3016 RMK AO2 SFC VIS 1 RAE22B39 SLP213 P0002 T01000089 $,null
JFK,2024-12-29 13:33,50,48,92.8,130,5,0.03,30.16,null,0.25,null,BKN,BKN,OVC,null,300,800,1700,null,BR,null,null,null,null,null,null,50,KJFK 291333Z 13005KT 1/4SM R04R/P6000FT BR BKN003 BKN008 OVC017 10/09 A3016 RMK AO2 SFC VIS 2 RAE30 P0003 T01000089,null
JFK,2024-12-29 13:51,51,49,92.83,140,5,0.03,30.16,1021.2,0.25,null,BKN,BKN,BKN,OVC,300,900,3500,20000,BR,null,null,null,null,null,null,51,KJFK 291351Z 14005KT 1/4SM R04R/P6000FT BR BKN003 BKN009 BKN035 OVC200 11/09 A3016 RMK AO2 SFC VIS 5 RAE30 SLP212 BKN003 V SCT P0003 T01060094,null
JFK,2024-12-29 14:13,52,50,92.86,140,5,0,30.16,null,5,null,SCT,BKN,BKN,null,300,3500,20000,null,BR,null,null,null,null,null,null,52,KJFK 291413Z 14005KT 5SM BR SCT003 BKN035 BKN200 11/10 A3016 RMK AO2 T01110100,null
JFK,2024-12-29 14:51,53,52,96.39,170,6,0,30.16,1021.1,6,null,SCT,BKN,BKN,BKN,600,3400,5000,20000,BR,null,null,null,null,null,null,53,KJFK 291451Z 17006KT 6SM BR SCT006 BKN034 BKN050 BKN200 12/11 A3016 RMK AO2 SLP211 60005 T01170111 56004,null
JFK,2024-12-29 15:51,53,50,89.51,190,9,0,30.13,1020.2,6,null,FEW,BKN,BKN,null,600,3900,5000,null,BR,null,null,null,null,null,null,53,KJFK 291551Z 19009KT 6SM BR FEW006 BKN039 BKN050 12/10 A3013 RMK AO2 SLP202 T01170100,null
JFK,2024-12-29 16:51,55,51,86.34,190,16,0,30.08,1018.6,10,null,FEW,BKN,BKN,BKN,900,4200,13000,20000,null,null,null,null,null,null,null,55,KJFK 291651Z 19016KT 10SM FEW009 BKN042 BKN130 BKN200 13/11 A3008 RMK AO2 SLP186 T01280106,null
JFK,2024-12-29 17:51,57,50,77.38,190,18,0,30.05,1017.4,10,24,BKN,BKN,BKN,null,4200,13000,25000,null,null,null,null,null,null,null,null,57,KJFK 291751Z 19018G24KT 10SM BKN042 BKN130 BKN250 14/10 A3005 RMK AO2 SLP174 60005 T01390100 10139 20100 58037,null
JFK,2024-12-29 18:51,55,49,80.15,180,16,0,30.02,1016.6,10,24,BKN,BKN,BKN,null,3700,13000,25000,null,null,null,null,null,null,null,null,55,KJFK 291851Z 18016G24KT 10SM BKN037 BKN130 BKN250 13/09 A3002 RMK AO2 SLP166 T01280094,null
JFK,2024-12-29 19:51,56,50,80.23,180,14,0,30.01,1016,10,null,SCT,BKN,BKN,null,4000,4600,25000,null,null,null,null,null,null,null,null,56,KJFK 291951Z 18014KT 10SM SCT040 BKN046 BKN250 13/10 A3001 RMK AO2 SLP160 T01330100,null
JFK,2024-12-29 20:51,55,50,83.2,170,8,0,29.99,1015.5,10,null,SCT,BKN,BKN,null,4100,11000,25000,null,null,null,null,null,null,null,null,55,KJFK 292051Z 17008KT 10SM SCT041 BKN110 BKN250 13/10 A2999 RMK AO2 CIG 040 W SLP155 T01280100 56019,null
JFK,2024-12-29 21:51,53,48,83.06,170,8,0,29.96,1014.5,10,null,SCT,SCT,BKN,null,3700,11000,25000,null,null,null,null,null,null,null,null,53,KJFK 292151Z 17008KT 10SM SCT037 SCT110 BKN250 12/09 A2996 RMK AO2 SLP145 T01170089,null
JFK,2024-12-29 22:51,53,48,83.06,170,8,0,29.95,1014.2,10,null,FEW,SCT,SCT,BKN,4100,5000,11000,25000,null,null,null,null,null,null,null,53,KJFK 292251Z 17008KT 10SM FEW041 SCT050 SCT110 BKN250 12/09 A2995 RMK AO2 SLP142 T01170089,null
JFK,2024-12-29 23:51,53,49,86.23,150,7,0,29.93,1013.4,10,null,FEW,BKN,BKN,null,4000,5500,25000,null,null,null,null,null,null,null,null,53,KJFK 292351Z 15007KT 10SM FEW040 BKN055 BKN250 12/09 A2993 RMK AO2 SLP134 T01170094 10139 20106 56021,null
JFK,2024-12-30 0:51,55,50,83.2,160,15,0,29.89,1012.2,10,24,FEW,OVC,null,null,3600,5000,null,null,null,null,null,null,null,null,null,55,KJFK 300051Z 16015G24KT 10SM FEW036 OVC050 13/10 A2989 RMK AO2 SLP122 T01280100,null
JFK,2024-12-30 1:51,57,50,77.38,170,19,0,29.87,1011.4,10,26,OVC,null,null,null,3700,null,null,null,null,null,null,null,30,150,2024-12-30 1:41,57,KJFK 300151Z 17019G26KT 10SM OVC037 14/10 A2987 RMK AO2 PK WND 15030/0141 SLP114 T01390100,null
JFK,2024-12-30 2:51,57,51,80.31,160,19,0,29.83,1010.2,10,30,BKN,OVC,null,null,3000,4000,null,null,null,null,null,null,33,150,2024-12-30 2:34,57,KJFK 300251Z 16019G30KT 10SM BKN030 OVC040 14/11 A2983 RMK AO2 PK WND 15033/0234 SLP102 T01390106 57032,null
JFK,2024-12-30 3:51,57,51,80.31,160,20,T,29.8,1009,10,29,BKN,OVC,null,null,3500,4200,null,null,null,null,null,null,32,160,2024-12-30 3:17,57,KJFK 300351Z 16020G29KT 10SM BKN035 OVC042 14/11 A2980 RMK AO2 PK WND 16032/0317 RAB08E24 SLP090 P0000 T01390106,null
JFK,2024-12-30 4:51,56,50,80.23,150,19,0,29.75,1007.5,10,30,SCT,BKN,OVC,null,3700,5000,7500,null,null,null,null,null,33,160,2024-12-30 3:59,56,KJFK 300451Z 15019G30KT 10SM SCT037 BKN050 OVC075 13/10 A2975 RMK AO2 PK WND 16033/0359 CIG 036 W SLP075 T01330100 401390094,null
JFK,2024-12-30 5:51,57,51,80.31,150,22,0,29.69,1005.4,10,30,FEW,SCT,OVC,null,2800,3600,4800,null,null,null,null,null,34,150,2024-12-30 5:13,57,KJFK 300551Z 15022G30KT 10SM FEW028 SCT036 OVC048 14/11 A2969 RMK AO2 PK WND 15034/0513 PRESFR SLP054 60000 T01390106 10139 20117 58048,null
JFK,2024-12-30 6:49,55.4,51.8,87.65,160,20,T,29.67,null,9,34,FEW,BKN,OVC,null,2200,2900,3700,null,#NAME?,null,null,null,34,150,2024-12-30 6:43,55.4,KJFK 300649Z 16020G34KT 9SM -RA FEW022 BKN029 OVC037 13/11 A2967 RMK AO2 PK WND 15034/0643 RAB47 P0000 FIBI (RM) IEM_GHCNH,null
JFK,2024-12-30 6:51,56,52,86.4,160,21,T,29.68,1005,7,34,SCT,OVC,null,null,2500,3400,null,null,#NAME?,null,null,null,34,150,2024-12-30 6:43,56,KJFK 300651Z 16021G34KT 7SM -RA SCT025 OVC034 13/11 A2968 RMK AO2 PK WND 15034/0643 RAB47 CIG 023 W SLP050 P0000 T01330111,null
JFK,2024-12-30 7:49,53.6,51.8,93.6,180,13,0.09,29.68,null,6,null,SCT,BKN,OVC,null,800,1800,4900,null,RA BR,null,null,null,32,150,2024-12-30 6:53,53.6,KJFK 300749Z 18013KT 6SM RA BR SCT008 BKN018 OVC049 12/11 A2968 RMK AO2 PK WND 15032/0653 P0009 FIBI (RM) IEM_GHCNH,null
JFK,2024-12-30 7:51,53,51,92.89,180,14,0.09,29.67,1004.8,6,null,SCT,BKN,OVC,null,800,1800,4900,null,RA BR,null,null,null,32,150,2024-12-30 6:53,53,KJFK 300751Z 18014KT 6SM RA BR SCT008 BKN018 OVC049 12/11 A2967 RMK AO2 PK WND 15032/0653 SLP048 P0009 T01170106,null
JFK,2024-12-30 8:51,53,51,92.89,180,16,0.1,29.65,1003.9,5,null,SCT,BKN,OVC,null,900,1800,4900,null,RA BR,null,null,null,null,null,null,53,KJFK 300851Z 18016KT 5SM RA BR SCT009 BKN018 OVC049 12/11 A2965 RMK AO2 SLP039 P0010 60019 T01170106 58015,null
JFK,2024-12-30 9:49,53.6,51.8,93.6,180,14,0.09,29.62,null,0.5,null,OVC,null,null,null,200,null,null,null,BR,null,null,null,null,null,null,53.6,KJFK 300949Z 18014KT 1/2SM R04R/4000VP6000FT BR OVC002 12/11 A2962 RMK AO2 SFC VIS 3 RAE41 P0009 FIBI (RM) IEM_GHCNH,null
JFK,2024-12-30 9:51,53,52,96.39,180,14,0.09,29.62,1002.8,0.25,null,OVC,null,null,null,200,null,null,null,BR,null,null,null,null,null,null,53,KJFK 300951Z 18014KT 1/4SM R04R/3500VP6000FT BR OVC002 12/11 A2962 RMK AO2 SFC VIS 2 RAE41 SLP028 P0009 T01170111,null
JFK,2024-12-30 10:40,52,51,96.37,180,14,0,29.61,null,0.25,24,VV ,null,null,null,200,null,null,null,FG,null,null,null,26,180,2024-12-30 10:20,52,KJFK 301040Z 18014G24KT 1/4SM R04R/2000V2200FT FG VV002 11/11 A2961 RMK AO2 PK WND 18026/1020 SFC VIS 1/2 T01110106,null
JFK,2024-12-30 10:49,51.8,51.8,100,190,13,0,29.61,null,0.25,null,VV ,null,null,null,200,null,null,null,FG,null,null,null,26,180,2024-12-30 10:20,51.8,KJFK 301049Z 19013KT 1/4SM R04R/2200V2800FT FG VV002 11/11 A2961 RMK AO2 PK WND 18026/1020 SFC VIS 1/2 FIBI (RM) IEM_GHCNH,null
JFK,2024-12-30 10:51,52,51,96.37,180,14,0,29.61,1002.6,0.25,null,VV ,null,null,null,200,null,null,null,FG,null,null,null,26,180,2024-12-30 10:20,52,KJFK 301051Z 18014KT 1/4SM R04R/2400V3000FT FG VV002 11/11 A2961 RMK AO2 PK WND 18026/1020 SFC VIS 1/2 SLP026 T01110106,null
JFK,2024-12-30 11:28,51,50,96.36,180,12,0,29.61,null,0.25,null,VV ,null,null,null,200,null,null,null,FG,null,null,null,null,null,null,51,KJFK 301128Z 18012KT 1/4SM R04R/2000V2200FT FG VV002 11/10 A2961 RMK AO2 SFC VIS 1/2 T01060100,null
JFK,2024-12-30 11:51,50,49,96.34,190,12,0,29.61,1002.5,0.25,null,VV ,null,null,null,200,null,null,null,FG,null,null,null,null,null,null,50,KJFK 301151Z 19012KT 1/4SM R04R/2000V2600FT FG VV002 10/09 A2961 RMK AO2 SFC VIS 1/2 SLP025 60028 70033 T01000094 10139 20100 56014,null
JFK,2024-12-30 12:51,50,49,96.34,190,11,0,29.62,1003.1,0.25,null,SCT,BKN,BKN,BKN,0,200,2300,25000,BR,null,null,null,null,null,null,50,KJFK 301251Z 19011KT 1/4SM R04R/2200V2600FT BR SCT000 BKN002 BKN023 BKN250 10/09 A2962 RMK AO2 SFC VIS 1 SLP031 BR SCT000 T01000094,null
JFK,2024-12-30 13:49,51.8,50,93.55,200,9,0,29.63,null,0.25,null,SCT,BKN,BKN,null,0,200,1900,null,BR,null,null,null,null,null,null,51.8,KJFK 301349Z 20009KT 1/4SM R04R/1400V2200FT BR SCT000 BKN002 BKN019 11/10 A2963 RMK AO2 SFC VIS 3/4 BR SCT000 BKN002 V SCT FIBI (BH) IEM_GHCNH,null
JFK,2024-12-30 13:51,51,50,96.36,200,9,0,29.63,1003.3,0.25,null,SCT,BKN,BKN,BKN,0,200,1900,25000,BR,null,null,null,null,null,null,51,KJFK 301351Z 20009KT 1/4SM R04R/1400V2000FT BR SCT000 BKN002 BKN019 BKN250 11/10 A2963 RMK AO2 SFC VIS 3/4 SLP033 BR SCT000 BKN002 V SCT T01060100,null
JFK,2024-12-30 13:55,50,50,100,200,9,0,29.63,null,0.25,null,SCT,BKN,BKN,BKN,0,200,1900,25000,BR,null,null,null,null,null,null,50,KJFK 301355Z 20009KT 1/4SM R04R/1600V3000FT BR SCT000 BKN002 BKN019 BKN250 10/10 A2963 RMK AO2 SFC VIS 1 1/4 BR SCT000 BKN002 V SCT T01000100,null
JFK,2024-12-30 14:05,51,50,96.36,200,9,0,29.64,null,0.25,null,FEW,SCT,BKN,BKN,0,200,1700,14000,BR,null,null,null,null,null,null,51,KJFK 301405Z 20009KT 1/4SM R04R/2600VP6000FT BR FEW000 SCT002 BKN017 BKN140 BKN250 11/10 A2964 RMK AO2 SFC VIS 5 VIS NE-SE 1 1/2 BR FEW000 T01060100,null
JFK,2024-12-30 14:13,51,50,96.36,200,10,0,29.64,null,7,null,FEW,BKN,BKN,BKN,200,1900,14000,25000,null,null,null,null,null,null,null,51,KJFK 301413Z 20010KT 7SM R04R/4500VP6000FT FEW002 BKN019 BKN140 BKN250 11/10 A2964 RMK AO2 T01060100,null
JFK,2024-12-30 14:36,53,53,100,200,7,0,29.64,null,10,null,SCT,BKN,BKN,BKN,1700,3500,14000,25000,null,null,null,null,null,null,null,53,KJFK 301436Z 20007KT 10SM SCT017 BKN035 BKN140 BKN250 12/12 A2964 RMK AO2 T01170117,null
JFK,2024-12-30 14:51,55,52,89.59,240,17,0,29.64,1003.8,10,21,FEW,SCT,BKN,BKN,1700,3800,15000,25000,null,null,null,null,null,null,null,55,KJFK 301451Z 24017G21KT 10SM FEW017 SCT038 BKN150 BKN250 13/11 A2964 RMK AO2 SLP038 T01280111 53006,null
JFK,2024-12-30 15:51,58,45,61.85,270,13,T,29.64,1003.7,10,24,FEW,BKN,BKN,BKN,1900,3200,15000,25000,null,null,null,null,null,null,null,58,KJFK 301551Z 27013G24KT 10SM FEW019 BKN032 BKN150 BKN250 14/07 A2964 RMK AO2 RAB11E21 SLP037 P0000 T01440072,null
JFK,2024-12-30 16:51,59,40,49.23,270,16,0,29.63,1003.3,10,null,FEW,SCT,SCT,null,4400,15000,25000,null,null,null,null,null,29,270,2024-12-30 16:19,59,KJFK 301651Z 27016KT 10SM FEW044 SCT150 SCT250 15/04 A2963 RMK AO2 PK WND 27029/1619 SLP033 T01500044,null
JFK,2024-12-30 17:51,59,37,43.78,260,17,0,29.63,1003.3,10,28,FEW,FEW,FEW,null,4700,15000,25000,null,null,null,null,null,28,260,2024-12-30 17:30,59,KJFK 301751Z 26017G28KT 10SM FEW047 FEW150 FEW250 15/03 A2963 RMK AO2 PK WND 26028/1730 SLP033 60000 T01500028 10156 20100 55004,null
JFK,2024-12-30 18:51,59,35,40.45,280,15,0,29.64,1003.8,10,26,FEW,FEW,null,null,5000,25000,null,null,null,null,null,null,29,270,2024-12-30 18:04,59,KJFK 301851Z 28015G26KT 10SM FEW050 FEW250 15/02 A2964 RMK AO2 PK WND 27029/1804 SLP038 T01500017,null
JFK,2024-12-30 19:51,58,35,41.92,270,19,0,29.67,1004.6,10,27,SCT,SCT,null,null,5500,25000,null,null,null,null,null,null,27,270,2024-12-30 19:47,58,KJFK 301951Z 27019G27KT 10SM SCT055 SCT250 14/02 A2967 RMK AO2 PK WND 27027/1947 SLP046 T01440017,null
JFK,2024-12-30 20:51,56,34,43.3,270,16,0,29.69,1005.4,10,25,BKN,BKN,null,null,6000,25000,null,null,null,null,null,null,30,260,2024-12-30 20:11,56,KJFK 302051Z 27016G25KT 10SM BKN060 BKN250 13/01 A2969 RMK AO2 PK WND 26030/2011 SLP054 T01330011 53021,null
JFK,2024-12-30 21:51,54,34,46.57,260,12,0,29.72,1006.2,10,19,FEW,BKN,BKN,null,4500,7000,25000,null,null,null,null,null,null,null,null,54,KJFK 302151Z 26012G19KT 10SM FEW045 BKN070 BKN250 12/01 A2972 RMK AO2 SLP062 T01220011,null
JFK,2024-12-30 22:51,52,35,52.15,250,12,0,29.74,1007.2,10,null,FEW,BKN,null,null,4500,6500,null,null,null,null,null,null,null,null,null,52,KJFK 302251Z 25012KT 10SM FEW045 BKN065 11/02 A2974 RMK AO2 SLP072 T01110017,null
JFK,2024-12-30 23:51,50,36,58.44,230,13,0,29.77,1008,10,null,FEW,null,null,null,6500,null,null,null,null,null,null,null,null,null,null,50,KJFK 302351Z 23013KT 10SM FEW065 10/02 A2977 RMK AO2 SLP080 T01000022 10150 20089 53026,null
JFK,2024-12-31 0:51,50,36,58.44,240,11,0,29.8,1009,10,null,FEW,null,null,null,6500,null,null,null,null,null,null,null,null,null,null,50,KJFK 310051Z 24011KT 10SM FEW065 10/02 A2980 RMK AO2 SLP090 T01000022,null
JFK,2024-12-31 1:51,51,34,52,260,14,0,29.82,1009.8,10,21,SCT,null,null,null,6000,null,null,null,null,null,null,null,null,null,null,51,KJFK 310151Z 26014G21KT 10SM SCT060 11/01 A2982 RMK AO2 SLP098 T01060011,null
JFK,2024-12-31 2:51,46,35,65.26,230,9,0,29.84,1010.2,10,null,FEW,null,null,null,6000,null,null,null,null,null,null,null,null,null,null,40.92,KJFK 310251Z 23009KT 10SM FEW060 08/02 A2984 RMK AO2 SLP102 T00780017 51022,null
JFK,2024-12-31 3:51,48,35,60.52,230,11,0,29.85,1010.8,10,null,FEW,null,null,null,6500,null,null,null,null,null,null,null,null,null,null,42.69,KJFK 310351Z 23011KT 10SM FEW065 09/02 A2985 RMK AO2 SLP108 T00890017,null
JFK,2024-12-31 4:51,45,36,70.53,240,9,0,29.86,1011,10,null,FEW,null,null,null,6000,null,null,null,null,null,null,null,null,null,null,39.68,KJFK 310451Z 24009KT 10SM FEW060 07/02 A2986 RMK AO2 SLP110 T00720022 401560072,null
JFK,2024-12-31 5:51,47,33,58.01,270,9,0,29.85,1010.7,10,null,FEW,null,null,null,5500,null,null,null,null,null,null,null,null,null,null,42.17,KJFK 310551Z 27009KT 10SM FEW055 08/01 A2985 RMK AO2 SLP107 T00830006 10111 20072 50004,null
JFK,2024-12-31 6:51,47,33,58.01,270,10,0,29.87,1011.5,10,null,FEW,null,null,null,5500,null,null,null,null,null,null,null,null,null,null,41.78,KJFK 310651Z 27010KT 10SM FEW055 08/01 A2987 RMK AO2 SLP115 T00830006,null
JFK,2024-12-31 7:51,47,33,58.01,290,8,0,29.89,1012.1,10,null,FEW,null,null,null,6000,null,null,null,null,null,null,null,null,null,null,42.59,KJFK 310751Z 29008KT 10SM FEW060 08/01 A2989 RMK AO2 SLP121 T00830006,null
JFK,2024-12-31 8:51,42,32,67.42,240,5,0,29.91,1012.7,10,null,FEW,null,null,null,5500,null,null,null,null,null,null,null,null,null,null,38.27,KJFK 310851Z 24005KT 10SM FEW055 06/00 A2991 RMK AO2 SLP127 T00560000 51020,null
JFK,2024-12-31 9:51,43,33,67.54,250,4,0,29.91,1012.9,10,null,FEW,null,null,null,6000,null,null,null,null,null,null,null,null,null,null,40.27,KJFK 310951Z 25004KT 10SM FEW060 06/01 A2991 RMK AO2 SLP129 T00610006,null
JFK,2024-12-31 10:51,41,33,72.96,240,5,0,29.93,1013.3,10,null,FEW,FEW,null,null,6500,25000,null,null,null,null,null,null,null,null,null,37.08,KJFK 311051Z 24005KT 10SM FEW065 FEW250 05/01 A2993 RMK AO2 SLP133 T00500006,null
JFK,2024-12-31 11:51,38,32,78.77,230,7,0,29.94,1013.7,10,null,FEW,FEW,null,null,6500,25000,null,null,null,null,null,null,null,null,null,32.09,KJFK 311151Z 23007KT 10SM FEW065 FEW250 03/00 A2994 RMK AO2 SLP137 T00330000 10094 20033 53011,null
JFK,2024-12-31 12:51,40,34,78.94,240,6,0,29.95,1014.1,10,null,FEW,FEW,null,null,6500,25000,null,null,null,null,null,null,null,null,null,35.17,KJFK 311251Z 24006KT 10SM FEW065 FEW250 04/01 A2995 RMK AO2 SLP141 T00440011,null
JFK,2024-12-31 13:51,47,37,68.02,0,0,0,29.95,1014.2,10,null,FEW,FEW,FEW,null,6500,14000,25000,null,null,null,null,null,null,null,null,47,KJFK 311351Z 00000KT 10SM FEW065 FEW140 FEW250 08/03 A2995 RMK AO2 SLP142 T00830028,null
JFK,2024-12-31 14:51,50,35,56.16,0,0,0,29.95,1014,10,null,FEW,FEW,SCT,null,6500,14000,25000,null,null,null,null,null,null,null,null,50,KJFK 311451Z 00000KT 10SM FEW065 FEW140 SCT250 10/02 A2995 RMK AO2 SLP140 T01000017 50002,null
JFK,2024-12-31 15:51,51,35,54.12,160,6,0,29.93,1013.5,10,null,FEW,SCT,BKN,null,9000,15000,21000,null,null,null,null,null,null,null,null,51,KJFK 311551Z 16006KT 10SM FEW090 SCT150 BKN210 11/02 A2993 RMK AO2 SLP135 T01060017,null
JFK,2024-12-31 16:51,51,36,56.31,160,9,0,29.9,1012.3,10,null,FEW,BKN,BKN,null,9000,15000,21000,null,null,null,null,null,null,null,null,51,KJFK 311651Z 16009KT 10SM FEW090 BKN150 BKN210 11/02 A2990 RMK AO2 SLP123 T01060022,null
JFK,2024-12-31 17:51,53,35,50.27,140,10,0,29.86,1011.2,10,null,FEW,BKN,BKN,null,7500,15000,21000,null,null,null,null,null,null,null,null,53,KJFK 311751Z 14010KT 10SM FEW075 BKN150 BKN210 12/02 A2986 RMK AO2 SLP112 T01170017 10122 20033 58027,null
JFK,2024-12-31 18:51,52,38,58.71,130,10,0,29.85,1010.7,10,null,FEW,SCT,BKN,BKN,7500,15000,21000,25000,null,null,null,null,null,null,null,52,KJFK 311851Z 13010KT 10SM FEW075 SCT150 BKN210 BKN250 11/03 A2985 RMK AO2 SLP107 T01110033,null
JFK,2024-12-31 19:51,53,40,61.19,120,11,0,29.84,1010.5,10,null,FEW,BKN,BKN,null,7500,19000,25000,null,null,null,null,null,null,null,null,53,KJFK 311951Z 12011KT 10SM FEW075 BKN190 BKN250 12/04 A2984 RMK AO2 SLP105 T01170044,null
JFK,2024-12-31 20:51,50,41,71.07,110,9,0,29.82,1009.9,10,null,FEW,BKN,BKN,null,7500,18000,25000,null,null,null,null,null,null,null,null,50,KJFK 312051Z 11009KT 10SM FEW075 BKN180 BKN250 10/05 A2982 RMK AO2 SLP099 T01000050 58013,null
JFK,2024-12-31 21:51,49,42,76.67,100,10,0,29.82,1009.7,10,null,BKN,BKN,null,null,18000,25000,null,null,null,null,null,null,null,null,null,44.29,KJFK 312151Z 10010KT 10SM BKN180 BKN250 09/06 A2982 RMK AO2 SLP097 T00940056,null
JFK,2024-12-31 22:51,48,42,79.6,100,10,0,29.79,1008.7,10,null,FEW,BKN,BKN,null,14000,17000,25000,null,null,null,null,null,null,null,null,43.03,KJFK 312251Z 10010KT 10SM FEW140 BKN170 BKN250 09/06 A2979 RMK AO2 SLP087 T00890056,null
JFK,2024-12-31 23:51,49,42,76.67,90,14,0,29.74,1006.9,10,21,SCT,BKN,BKN,null,5500,16000,25000,null,null,null,null,null,null,null,null,43.08,KJFK 312351Z 09014G21KT 10SM SCT055 BKN160 BKN250 09/06 A2974 RMK AO2 SLP069 T00940056 10122 20083 58030,null