station,valid,tmpf,dwpf,relh,drct,sknt,p01i,alti,mslp,vsby,gust,skyc1,skyc2,skyc3,skyc4,skyl1,skyl2,skyl3,skyl4,wxcodes,ice_accretion_1hr,ice_accretion_3hr,ice_accretion_6hr,peak_wind_gust,peak_wind_drct,peak_wind_time,feel,metar,snowdepth
CVG,2023-12-01 0:52,54,33,44.74,180,8,0,29.97,1015,10,null,OVC,null,null,null,6000,null,null,null,null,null,null,null,null,null,null,54,KCVG 010052Z 18008KT 10SM OVC060 12/01 A2997 RMK AO2 SLP150 T01220006,null
CVG,2023-12-01 1:52,54,32,42.98,200,7,0,29.98,1015.2,10,null,OVC,null,null,null,6000,null,null,null,null,null,null,null,null,null,null,54,KCVG 010152Z 20007KT 10SM OVC060 12/00 A2998 RMK AO2 SLP152 T01220000,null
CVG,2023-12-01 2:52,51,33,49.96,180,4,0,29.98,1015.3,10,null,OVC,null,null,null,6000,null,null,null,null,null,null,null,null,null,null,51,KCVG 010252Z 18004KT 10SM OVC060 11/01 A2998 RMK AO2 SLP153 T01060006 53004,null
CVG,2023-12-01 3:52,50,33,51.85,170,4,0,29.99,1015.5,10,null,OVC,null,null,null,6000,null,null,null,null,null,null,null,null,null,null,50,KCVG 010352Z 17004KT 10SM OVC060 10/01 A2999 RMK AO2 SLP155 T01000006,null
CVG,2023-12-01 4:52,47,33,58.01,170,6,0,29.98,1015.1,10,null,BKN,null,null,null,6500,null,null,null,null,null,null,null,null,null,null,43.6,KCVG 010452Z 17006KT 10SM BKN065 08/01 A2998 RMK AO2 SLP151 T00830006 401440011,null
CVG,2023-12-01 5:52,49,33,53.82,190,7,0,29.99,1015.3,10,null,BKN,OVC,null,null,7000,8500,null,null,null,null,null,null,null,null,null,45.5,KCVG 010552Z 19007KT 10SM BKN070 OVC085 09/01 A2999 RMK AO2 SLP153 T00940006 10122 20083 53001,null
CVG,2023-12-01 6:52,50,32,49.81,180,9,0,29.98,1015.1,10,null,BKN,OVC,null,null,8500,11000,null,null,null,null,null,null,null,null,null,50,KCVG 010652Z 18009KT 10SM BKN085 OVC110 10/00 A2998 RMK AO2 SLP151 T01000000,null
CVG,2023-12-01 7:52,49,32,51.7,180,8,0,29.97,1014.6,10,null,OVC,null,null,null,10000,null,null,null,null,null,null,null,null,null,null,45.05,KCVG 010752Z 18008KT 10SM OVC100 09/00 A2997 RMK AO2 SLP146 T00940000,null
CVG,2023-12-01 8:52,51,30,44.26,200,11,0,29.99,1015.4,10,19,SCT,OVC,null,null,7000,9500,null,null,null,null,null,null,null,null,null,51,KCVG 010852Z 20011G19KT 10SM SCT070 OVC095 11/M01 A2999 RMK AO2 CIG 070 36R SLP154 T01061011 53001,null
CVG,2023-12-01 9:52,43,42,96.23,190,6,0.1,30,1015.8,5,null,OVC,null,null,null,4200,null,null,null,RA BR,null,null,null,34,220,2023-12-01 9:04,38.78,KCVG 010952Z 19006KT 5SM RA BR OVC042 06/06 A3000 RMK AO2 PK WND 22034/0904 RAB0857 SLP158 P0010 T00610056,null
CVG,2023-12-01 10:52,42,42,100,150,5,0.05,29.97,1014.9,9,null,OVC,null,null,null,5000,null,null,null,#NAME?,null,null,null,null,null,null,38.27,KCVG 011052Z 15005KT 9SM -RA OVC050 06/06 A2997 RMK AO2 SLP149 P0005 T00560056,null
CVG,2023-12-01 11:52,44,42,92.61,130,10,0.03,29.92,1013.1,10,null,BKN,OVC,null,null,4100,7000,null,null,#NAME?,null,null,null,null,null,null,38.02,KCVG 011152Z 13010KT 10SM -RA BKN041 OVC070 07/06 A2992 RMK AO2 SLP131 P0003 60018 70018 T00670056 10106 20056 58024,null
CVG,2023-12-01 12:42,43,41,92.58,140,13,T,29.9,null,3,null,OVC,null,null,null,3700,null,null,null,#NAME?,null,null,null,null,null,null,35.66,KCVG 011242Z 14013KT 3SM -RA BR OVC037 06/05 A2990 RMK AO2 RAE1158B32 P0000 T00610050,null
CVG,2023-12-01 12:52,43,42,96.23,140,12,T,29.9,1012.3,3,null,FEW,OVC,null,null,3000,3700,null,null,#NAME?,null,null,null,null,null,null,36,KCVG 011252Z 14012KT 3SM -RA BR FEW030 OVC037 06/06 A2990 RMK AO2 RAE1158B32 SLP123 P0000 T00610056,null
CVG,2023-12-01 13:08,42,42,100,140,10,0.01,29.9,null,3,null,FEW,BKN,OVC,null,1700,2900,3700,null,#NAME?,null,null,null,null,null,null,35.51,KCVG 011308Z COR 14010KT 3SM -RA BR FEW017 BKN029 OVC037 06/06 A2990 RMK VIS N21/2 AO2 P0001 T00560056,null
CVG,2023-12-01 13:21,42,42,100,140,11,0.01,29.9,null,2.5,null,FEW,BKN,OVC,null,1000,2200,2900,null,#NAME?,null,null,null,null,null,null,35.1,KCVG 011321Z 14011KT 2 1/2SM -RA BR FEW010 BKN022 OVC029 06/06 A2990 RMK AO2 TWR VIS 3 P0001 T00560056,null
CVG,2023-12-01 13:24,42,42,100,150,11,0.02,29.9,null,2,null,FEW,BKN,OVC,null,900,2200,2900,null,RA BR,null,null,null,null,null,null,35.1,KCVG 011324Z 15011KT 2SM RA BR FEW009 BKN022 OVC029 06/06 A2990 RMK AO2 P0002 T00560056,null
CVG,2023-12-01 13:48,42.8,42.8,100,150,12,0.06,29.89,null,2,null,BKN,OVC,null,null,900,1600,null,null,#NAME?,null,null,null,null,null,null,35.75,KCVG 011348Z 15012KT 2SM -RA BR BKN009 OVC016 06/06 A2989 RMK AO2 P0006,null
CVG,2023-12-01 13:52,43,43,100,150,17,0.07,29.9,1012.3,2,22,BKN,OVC,null,null,900,1700,null,null,#NAME?,null,null,null,null,null,null,34.49,KCVG 011352Z 15017G22KT 2SM -RA BR BKN009 OVC017 06/06 A2990 RMK AO2 SLP123 P0007 T00610061,null
CVG,2023-12-01 14:52,43,43,100,160,12,0.02,29.87,1011.5,2,null,OVC,null,null,null,600,null,null,null,#NAME?,null,null,null,null,null,null,36,KCVG 011452Z 16012KT 2SM -DZ BR OVC006 06/06 A2987 RMK AO2 RAE33DZB47 SLP115 P0002 60009 T00610061 56016,null
CVG,2023-12-01 15:52,44,44,100,170,11,0.01,29.87,1011.3,2,18,OVC,null,null,null,600,null,null,null,#NAME?,null,null,null,null,null,null,37.63,KCVG 011552Z 17011G18KT 2SM -DZ BR OVC006 07/07 A2987 RMK AO2 SLP113 P0001 T00670067,null
CVG,2023-12-01 16:52,46,46,100,190,11,T,29.86,1010.9,2,null,OVC,null,null,null,600,null,null,null,#NAME?,null,null,null,null,null,null,40.16,KCVG 011652Z 19011KT 2SM -DZ BR OVC006 08/08 A2986 RMK AO2 SLP109 INTMT -DZ P0000 T00780078,null
CVG,2023-12-01 17:52,47,47,100,210,9,T,29.84,1010.4,2,null,OVC,null,null,null,600,null,null,null,BR,null,null,null,null,null,null,42.17,KCVG 011752Z 21009KT 2SM BR OVC006 08/08 A2984 RMK AO2 DZE46 SLP104 P0000 60010 T00830083 10083 20056 58010,null
CVG,2023-12-01 17:54,47,47,100,210,10,0,29.84,null,3,null,OVC,null,null,null,600,null,null,null,BR,null,null,null,null,null,null,41.78,KCVG 011754Z 21010KT 3SM BR OVC006 08/08 A2984 RMK AO2 T00830083,null
CVG,2023-12-01 18:52,48,48,100,210,7,0,29.84,1010.3,5,null,OVC,null,null,null,600,null,null,null,BR,null,null,null,null,null,null,44.28,KCVG 011852Z 21007KT 5SM BR OVC006 09/09 A2984 RMK AO2 SLP103 T00890089,null
CVG,2023-12-01 19:52,49,49,100,200,6,0,29.83,1010.1,5,null,OVC,null,null,null,600,null,null,null,BR,null,null,null,null,null,null,46,KCVG 011952Z 20006KT 5SM BR OVC006 09/09 A2983 RMK AO2 SLP101 T00940094,null
CVG,2023-12-01 20:52,50,50,100,200,6,0,29.82,1009.6,2,null,OVC,null,null,null,600,null,null,null,BR,null,null,null,null,null,null,50,KCVG 012052Z 20006KT 2SM BR OVC006 10/10 A2982 RMK AO2 SFC VIS 4 SLP096 T01000100 56006,null
CVG,2023-12-01 21:20,50,50,100,190,6,0,29.82,null,2,null,OVC,null,null,null,400,null,null,null,BR,null,null,null,null,null,null,50,KCVG 012120Z 19006KT 2SM BR OVC004 10/10 A2982 RMK AO2 SFC VIS 4 T01000100,null
CVG,2023-12-01 21:52,50,50,100,190,6,0,29.83,1010.2,2,null,OVC,null,null,null,400,null,null,null,BR,null,null,null,null,null,null,50,KCVG 012152Z 19006KT 2SM BR OVC004 10/10 A2983 RMK AO2 SFC VIS 3 SLP102 T01000100,null
CVG,2023-12-01 22:52,50,50,100,190,6,0,29.84,1010.5,2,null,OVC,null,null,null,400,null,null,null,BR,null,null,null,null,null,null,50,KCVG 012252Z 19006KT 2SM BR OVC004 10/10 A2984 RMK AO2 SFC VIS 3 SLP105 T01000100,null
CVG,2023-12-01 23:13,51,51,100,190,7,T,29.85,null,1.75,null,OVC,null,null,null,400,null,null,null,#NAME?,null,null,null,null,null,null,51,KCVG 012313Z 19007KT 1 3/4SM -DZ BR OVC004 11/11 A2985 RMK AO2 TWR VIS 2 DZB2258 P0000 T01060106,null
CVG,2023-12-01 23:22,51,51,100,200,8,T,29.85,null,2,null,OVC,null,null,null,400,null,null,null,#NAME?,null,null,null,null,null,null,51,KCVG 012322Z 20008KT 2SM -DZ BR OVC004 11/11 A2985 RMK AO2 DZB2258 P0000 T01060106,null
CVG,2023-12-01 23:52,51,51,100,190,8,0.01,29.86,1011,2,null,BKN,OVC,null,null,400,700,null,null,#NAME?,null,null,null,null,null,null,51,KCVG 012352Z 19008KT 2SM -DZ BR BKN004 OVC007 11/11 A2986 RMK AO2 DZB2258 SLP110 P0001 60001 T01060106 10106 20083 53013,null
CVG,2023-12-02 0:29,51,51,100,200,8,T,29.86,null,2,null,SCT,OVC,null,null,400,4400,null,null,BR,null,null,null,null,null,null,51,KCVG 020029Z 20008KT 2SM BR SCT004 OVC044 11/11 A2986 RMK AO2 SFC VIS 6 DZE10 P0000 T01060106,null
CVG,2023-12-02 0:45,52,52,100,210,9,T,29.87,null,5,null,FEW,SCT,OVC,null,700,2800,4000,null,BR,null,null,null,null,null,null,52,KCVG 020045Z 21009KT 5SM BR FEW007 SCT028 OVC040 11/11 A2987 RMK AO2 DZE10 P0000 T01110111,null
CVG,2023-12-02 0:52,52,52,100,190,9,T,29.86,1011.2,5,null,FEW,SCT,OVC,null,700,2800,4000,null,BR,null,null,null,null,null,null,52,KCVG 020052Z 19009KT 5SM BR FEW007 SCT028 OVC040 11/11 A2986 RMK AO2 DZE10 SLP112 P0000 T01110111,null
CVG,2023-12-02 1:24,52,52,100,190,9,0,29.87,null,5,null,BKN,OVC,null,null,500,4300,null,null,BR,null,null,null,null,null,null,52,KCVG 020124Z 19009KT 5SM BR BKN005 OVC043 11/11 A2987 RMK AO2 T01110111,null
CVG,2023-12-02 1:29,52,52,100,200,9,0,29.87,null,5,null,SCT,OVC,null,null,500,4400,null,null,BR,null,null,null,null,null,null,52,KCVG 020129Z 20009KT 5SM BR SCT005 OVC044 11/11 A2987 RMK AO2 CIG 006 36R T01110111,null
CVG,2023-12-02 1:52,52,52,100,210,7,0,29.88,1011.6,6,null,SCT,OVC,null,null,700,4500,null,null,BR,null,null,null,null,null,null,52,KCVG 020152Z 21007KT 6SM BR SCT007 OVC045 11/11 A2988 RMK AO2 SLP116 T01110111,null
CVG,2023-12-02 1:54,53,53,100,210,7,0,29.88,null,8,null,BKN,OVC,null,null,700,4600,null,null,null,null,null,null,null,null,null,53,KCVG 020154Z 21007KT 8SM BKN007 OVC046 12/12 A2988 RMK AO2 T01170117,null
CVG,2023-12-02 2:24,53,53,100,210,9,0,29.88,null,9,null,FEW,BKN,OVC,null,1400,3900,4900,null,null,null,null,null,null,null,null,53,KCVG 020224Z 21009KT 9SM FEW014 BKN039 OVC049 12/12 A2988 RMK AO2 T01170117,null
CVG,2023-12-02 2:52,53,53,100,200,8,0,29.87,1011.5,8,null,FEW,FEW,OVC,null,1000,2500,4000,null,null,null,null,null,null,null,null,53,KCVG 020252Z 20008KT 8SM FEW010 FEW025 OVC040 12/12 A2987 RMK AO2 SLP115 60000 T01170117 50006,null
CVG,2023-12-02 3:52,53,53,100,220,5,0,29.88,1011.8,9,null,SCT,SCT,OVC,null,1600,2600,4800,null,null,null,null,null,null,null,null,53,KCVG 020352Z 22005KT 9SM SCT016 SCT026 OVC048 12/12 A2988 RMK AO2 SLP118 T01170117,null
CVG,2023-12-02 4:52,53,53,100,230,7,0,29.89,1011.9,10,null,SCT,SCT,OVC,null,1600,2600,3700,null,null,null,null,null,null,null,null,53,KCVG 020452Z 23007KT 10SM SCT016 SCT026 OVC037 12/12 A2989 RMK AO2 SLP119 T01170117 401220056,null
CVG,2023-12-02 5:52,52,51,96.37,220,8,0,29.9,1012.3,10,null,SCT,BKN,null,null,1400,5000,null,null,null,null,null,null,null,null,null,52,KCVG 020552Z 22008KT 10SM SCT014 BKN050 11/11 A2990 RMK AO2 SLP123 60000 T01110106 10122 20106 53008,null
CVG,2023-12-02 6:52,51,51,100,230,6,0,29.91,1012.6,10,null,SCT,null,null,null,1400,null,null,null,null,null,null,null,null,null,null,51,KCVG 020652Z 23006KT 10SM SCT014 11/11 A2991 RMK AO2 SLP126 T01060106,null
CVG,2023-12-02 7:52,49,49,100,210,5,0,29.93,1013.3,6,null,CLR,null,null,null,null,null,null,null,BR,null,null,null,null,null,null,46.58,KCVG 020752Z 21005KT 6SM BR CLR 09/09 A2993 RMK AO2 SLP133 T00940094,null
CVG,2023-12-02 8:09,47,47,100,190,5,0,29.93,null,1.75,null,CLR,null,null,null,null,null,null,null,BR,null,null,null,null,null,null,44.21,KCVG 020809Z 19005KT 1 3/4SM BR CLR 08/08 A2993 RMK AO2 T00830083,null
CVG,2023-12-02 8:28,49,49,100,210,6,0,29.94,null,4,null,BKN,null,null,null,1500,null,null,null,BR,null,null,null,null,null,null,46,KCVG 020828Z 21006KT 4SM BR BKN015 09/09 A2994 RMK AO2 T00940094,null
CVG,2023-12-02 8:52,50,50,100,220,7,0,29.94,1013.6,9,null,BKN,BKN,OVC,null,1500,2000,4000,null,null,null,null,null,null,null,null,50,KCVG 020852Z 22007KT 9SM BKN015 BKN020 OVC040 10/10 A2994 RMK AO2 SLP136 T01000100 53012,null
CVG,2023-12-02 9:52,50,50,100,210,5,0,29.95,1014,7,null,BKN,OVC,null,null,2600,3900,null,null,null,null,null,null,null,null,null,50,KCVG 020952Z 21005KT 7SM BKN026 OVC039 10/10 A2995 RMK AO2 SLP140 T01000100,null
CVG,2023-12-02 10:23,50,50,100,210,6,0,29.95,null,7,null,FEW,SCT,OVC,null,1300,2300,3800,null,null,null,null,null,null,null,null,50,KCVG 021023Z 21006KT 7SM FEW013 SCT023 OVC038 10/10 A2995 RMK AO2 CIG 024 36R T01000100,null
CVG,2023-12-02 10:52,50,50,100,200,5,0,29.96,1014.2,7,null,FEW,BKN,null,null,2600,4000,null,null,null,null,null,null,null,null,null,50,KCVG 021052Z 20005KT 7SM FEW026 BKN040 10/10 A2996 RMK AO2 SLP142 T01000100,null
CVG,2023-12-02 11:36,50,50,100,210,4,0,29.98,null,8,null,BKN,OVC,null,null,1400,3800,null,null,null,null,null,null,null,null,null,50,KCVG 021136Z 21004KT 8SM BKN014 OVC038 10/10 A2998 RMK AO2 T01000100,null
CVG,2023-12-02 11:52,50,50,100,210,4,0,29.98,1015.2,10,null,BKN,OVC,null,null,1400,3500,null,null,null,null,null,null,null,null,null,50,KCVG 021152Z 21004KT 10SM BKN014 OVC035 10/10 A2998 RMK AO2 SLP152 70011 T01000100 10111 20083 53016,null
CVG,2023-12-02 12:09,50,50,100,220,5,0,29.99,null,8,null,SCT,OVC,null,null,1400,2700,null,null,null,null,null,null,null,null,null,50,KCVG 021209Z 22005KT 8SM SCT014 OVC027 10/10 A2999 RMK AO2 T01000100,null
CVG,2023-12-02 12:52,50,49,96.34,260,5,0,30,1015.6,10,null,OVC,null,null,null,3400,null,null,null,null,null,null,null,null,null,null,50,KCVG 021252Z 26005KT 10SM OVC034 10/09 A3000 RMK AO2 SLP156 T01000094,null
CVG,2023-12-02 13:52,50,49,96.34,250,4,0,30.01,1016.1,10,null,OVC,null,null,null,3100,null,null,null,null,null,null,null,null,null,null,50,KCVG 021352Z 25004KT 10SM OVC031 10/09 A3001 RMK AO2 SLP161 T01000094,null
CVG,2023-12-02 14:52,50,47,89.37,290,8,0,30.03,1016.7,10,null,OVC,null,null,null,3100,null,null,null,null,null,null,null,null,null,null,50,KCVG 021452Z 29008KT 10SM OVC031 10/08 A3003 RMK AO2 SLP167 BINOVC T01000083 53014,null
CVG,2023-12-02 15:37,51,46,82.93,270,6,0,30.03,null,10,null,FEW,FEW,BKN,null,1700,2300,2800,null,null,null,null,null,null,null,null,51,KCVG 021537Z 27006KT 10SM FEW017 FEW023 BKN028 11/08 A3003 RMK AO2 T01060078,null
CVG,2023-12-02 15:52,51,46,82.93,260,5,0,30.02,1016.5,10,null,FEW,BKN,OVC,null,1700,2200,2800,null,null,null,null,null,null,null,null,51,KCVG 021552Z 26005KT 10SM FEW017 BKN022 OVC028 11/08 A3002 RMK AO2 SLP165 BINOVC T01060078,null
CVG,2023-12-02 16:52,53,47,80,260,5,0,29.99,1015.4,10,null,BKN,OVC,null,null,1900,2500,null,null,null,null,null,null,null,null,null,53,KCVG 021652Z 26005KT 10SM BKN019 OVC025 12/08 A2999 RMK AO2 SLP154 T01170083,null
CVG,2023-12-02 17:52,54,46,74.26,null,4,0,29.97,1014.5,10,null,BKN,BKN,OVC,null,1900,2300,15000,null,null,null,null,null,null,null,null,54,KCVG 021752Z VRB04KT 10SM BKN019 BKN023 OVC150 12/08 A2997 RMK AO2 SLP145 BINOVC T01220078 10122 20100 58020,null
CVG,2023-12-02 18:52,54,46,74.26,290,4,0,29.95,1014.1,10,null,BKN,OVC,null,null,2100,2600,null,null,null,null,null,null,null,null,null,54,KCVG 021852Z 29004KT 10SM BKN021 OVC026 12/08 A2995 RMK AO2 SLP141 T01220078,null
CVG,2023-12-02 19:52,54,46,74.26,0,0,0,29.93,1013.4,10,null,OVC,null,null,null,2300,null,null,null,null,null,null,null,null,null,null,54,KCVG 021952Z 00000KT 10SM OVC023 12/08 A2993 RMK AO2 SLP134 T01220078,null
CVG,2023-12-02 20:52,53,46,77.03,10,3,0,29.92,1013.1,10,null,BKN,OVC,null,null,2300,9500,null,null,null,null,null,null,null,null,null,53,KCVG 022052Z 01003KT 10SM BKN023 OVC095 12/08 A2992 RMK AO2 SLP131 T01170078 56015,null
CVG,2023-12-02 21:52,52,46,79.92,340,6,0,29.93,1013.2,10,null,BKN,OVC,null,null,2300,9500,null,null,null,null,null,null,null,null,null,52,KCVG 022152Z 34006KT 10SM BKN023 OVC095 11/08 A2993 RMK AO2 SLP132 T01110078,null
CVG,2023-12-02 22:52,49,45,86,10,5,0,29.91,1012.6,10,null,FEW,SCT,OVC,null,2100,9500,20000,null,null,null,null,null,null,null,null,46.58,KCVG 022252Z 01005KT 10SM FEW021 SCT095 OVC200 09/07 A2991 RMK AO2 SLP126 T00940072,null
CVG,2023-12-02 23:26,48,44,85.95,360,6,0,29.91,null,10,null,BKN,BKN,OVC,null,2000,10000,20000,null,null,null,null,null,null,null,null,44.8,KCVG 022326Z 36006KT 10SM BKN020 BKN100 OVC200 09/07 A2991 RMK AO2 T00890067,null
CVG,2023-12-02 23:50,48.2,44.6,87.28,360,6,0,29.91,null,10,null,FEW,BKN,OVC,null,2000,10000,20000,null,null,null,null,null,null,null,null,45.04,KCVG 022350Z 36006KT 10SM FEW020 BKN100 OVC200 09/07 A2991 RMK AO2,null
CVG,2023-12-02 23:52,48,44,85.95,360,6,0,29.91,1012.8,10,null,FEW,BKN,OVC,null,2000,10000,20000,null,null,null,null,null,null,null,null,44.8,KCVG 022352Z 36006KT 10SM FEW020 BKN100 OVC200 09/07 A2991 RMK AO2 SLP128 T00890067 10122 20089 50000,null
CVG,2023-12-03 0:50,48.2,44.6,87.28,10,7,0,29.9,null,10,null,OVC,null,null,null,2000,null,null,null,null,null,null,null,null,null,null,44.53,KCVG 030050Z 01007KT 10SM OVC020 09/07 A2990 RMK AO2,null
CVG,2023-12-03 0:52,48,44,85.95,10,7,0,29.9,1012.5,10,null,OVC,null,null,null,2000,null,null,null,null,null,null,null,null,null,null,44.28,KCVG 030052Z 01007KT 10SM OVC020 09/07 A2990 RMK AO2 SLP125 T00890067,null
CVG,2023-12-03 1:52,47,43,85.89,20,9,0,29.89,1012.2,10,null,BKN,OVC,null,null,1700,2500,null,null,null,null,null,null,null,null,null,42.17,KCVG 030152Z 02009KT 10SM BKN017 OVC025 08/06 A2989 RMK AO2 SLP122 T00830061,null
CVG,2023-12-03 2:52,47,43,85.89,20,8,0,29.87,1011.4,10,null,OVC,null,null,null,1700,null,null,null,null,null,null,null,null,null,null,42.59,KCVG 030252Z 02008KT 10SM OVC017 08/06 A2987 RMK AO2 SLP114 T00830061 58010,null
CVG,2023-12-03 3:52,47,43,85.89,50,7,0,29.83,1010.2,10,null,OVC,null,null,null,1500,null,null,null,null,null,null,null,null,null,null,43.06,KCVG 030352Z 05007KT 10SM OVC015 08/06 A2983 RMK AO2 PRESFR SLP102 T00830061,null
CVG,2023-12-03 4:52,47,43,85.89,30,5,0,29.8,1009,10,null,OVC,null,null,null,1600,null,null,null,null,null,null,null,null,null,null,44.21,KCVG 030452Z 03005KT 10SM OVC016 08/06 A2980 RMK AO2 SLP090 T00830061 401220083,null
CVG,2023-12-03 5:52,47,43,85.89,330,5,0,29.8,1009,10,null,OVC,null,null,null,1200,null,null,null,null,null,null,null,null,null,null,44.21,KCVG 030552Z 33005KT 10SM OVC012 08/06 A2980 RMK AO2 SLP090 T00830061 10089 20083 56022,null
CVG,2023-12-03 6:52,45,43,92.65,320,3,0,29.8,1008.8,10,null,BKN,OVC,null,null,1000,2300,null,null,null,null,null,null,null,null,null,43.55,KCVG 030652Z 32003KT 10SM BKN010 OVC023 07/06 A2980 RMK AO2 SLP088 T00720061,null
CVG,2023-12-03 7:52,45,42,89.15,320,5,0,29.8,1008.8,10,null,OVC,null,null,null,1100,null,null,null,null,null,null,null,null,null,null,41.83,KCVG 030752Z 32005KT 10SM OVC011 07/06 A2980 RMK AO2 SLP088 T00720056,null
CVG,2023-12-03 8:52,44,43,96.24,50,5,0,29.75,1007.5,7,null,BKN,OVC,null,null,1200,2100,null,null,null,null,null,null,null,null,null,40.65,KCVG 030852Z 05005KT 7SM BKN012 OVC021 07/06 A2975 RMK AO2 PRESFR SLP075 T00670061 58016,null
CVG,2023-12-03 9:52,44,42,92.61,0,0,0,29.75,1007.1,10,null,SCT,OVC,null,null,1200,1900,null,null,null,null,null,null,null,null,null,44,KCVG 030952Z 00000KT 10SM SCT012 OVC019 07/06 A2975 RMK AO2 CIG 012 36R SLP071 T00670056,null
CVG,2023-12-03 10:52,42,42,100,240,4,0,29.75,1007.6,9,null,BKN,null,null,null,800,null,null,null,null,null,null,null,null,null,null,39.1,KCVG 031052Z 24004KT 9SM BKN008 06/06 A2975 RMK AO2 SLP076 T00560056,null
CVG,2023-12-03 11:21,41,41,100,250,4,0,29.76,null,10,null,SCT,BKN,null,null,800,1800,null,null,null,null,null,null,null,null,null,37.93,KCVG 031121Z 25004KT 10SM SCT008 BKN018 05/05 A2976 RMK AO2 CIG 009 36R T00500050,null
CVG,2023-12-03 11:52,42,42,100,200,5,0,29.76,1007.8,10,null,SCT,OVC,null,null,1000,1800,null,null,null,null,null,null,null,null,null,38.27,KCVG 031152Z 20005KT 10SM SCT010 OVC018 06/06 A2976 RMK AO2 CIG 009 36R SLP078 T00560056 10083 20039 53002,null
CVG,2023-12-03 12:03,42,42,100,220,5,0,29.76,null,6,null,BKN,OVC,null,null,800,1900,null,null,BR,null,null,null,null,null,null,38.27,KCVG 031203Z 22005KT 6SM BR BKN008 OVC019 06/06 A2976 RMK AO2 T00560056,null
CVG,2023-12-03 12:52,44,43,96.24,210,5,0,29.76,1007.9,8,null,OVC,null,null,null,600,null,null,null,null,null,null,null,null,null,null,40.65,KCVG 031252Z 21005KT 8SM OVC006 07/06 A2976 RMK AO2 SLP079 T00670061,null
CVG,2023-12-03 13:20,44,44,100,210,7,0,29.77,null,2,null,OVC,null,null,null,400,null,null,null,BR,null,null,null,null,null,null,39.41,KCVG 031320Z 21007KT 2SM BR OVC004 07/07 A2977 RMK AO2 SFC VIS 6 T00670067,null
CVG,2023-12-03 13:47,44.6,44.6,100,210,7,0,29.77,null,1.5,null,OVC,null,null,null,200,null,null,null,BR,null,null,null,null,null,null,40.14,KCVG 031347Z 21007KT 1 1/2SM R36C/5500VP6000FT BR OVC002 07/07 A2977 RMK AO2 TWR VIS 2 VIS 1/2 36R,null
CVG,2023-12-03 13:50,44.6,44.6,100,200,8,0,29.76,null,0,null,OVC,null,null,null,200,null,null,null,BR,null,null,null,null,null,null,39.63,KCVG 031350Z 20008KT 0SM R36C/5000VP6000FT BR OVC002 07/07 A2976 RMK AO2 SFC VIS 1,null
CVG,2023-12-03 13:52,44,44,100,210,7,0,29.76,1007.9,0,null,OVC,null,null,null,200,null,null,null,BR,null,null,null,null,null,null,39.41,KCVG 031352Z 21007KT 0SM R36C/4000VP6000FT BR OVC002 07/07 A2976 RMK AO2 SFC VIS 3/4 SLP079 T00670067,null
CVG,2023-12-03 14:17,45,45,100,210,8,0,29.77,null,0.25,null,OVC,null,null,null,200,null,null,null,BR,null,null,null,null,null,null,40.13,KCVG 031417Z 21008KT 1/4SM R36C/4500VP6000FT BR OVC002 07/07 A2977 RMK AO2 SFC VIS 1 T00720072,null
CVG,2023-12-03 14:41,45,45,100,210,9,0,29.77,null,2,null,BKN,OVC,null,null,200,700,null,null,BR,null,null,null,null,null,null,39.68,KCVG 031441Z 21009KT 2SM BR BKN002 OVC007 07/07 A2977 RMK AO2 SFC VIS 4 T00720072,null
CVG,2023-12-03 14:49,46.4,46.4,100,220,9,0,29.77,null,2,null,BKN,OVC,null,null,500,1300,null,null,BR,null,null,null,null,null,null,41.42,KCVG 031449Z 22009KT 2SM BR BKN005 OVC013 08/08 A2977 RMK AO2 SFC VIS 5,null
CVG,2023-12-03 14:52,46,46,100,220,10,0,29.77,1008.2,2,null,BKN,OVC,null,null,500,1300,null,null,BR,null,null,null,null,null,null,40.52,KCVG 031452Z 22010KT 2SM BR BKN005 OVC013 08/08 A2977 RMK AO2 SFC VIS 5 SLP082 T00780078 53002,null
CVG,2023-12-03 15:26,47,45,92.71,210,14,0,29.77,null,10,22,SCT,OVC,null,null,700,1200,null,null,null,null,null,null,null,null,null,40.5,KCVG 031526Z 21014G22KT 10SM SCT007 OVC012 08/07 A2977 RMK AO2 T00830072,null
CVG,2023-12-03 15:52,47,45,92.71,230,12,0,29.79,1008.6,10,null,OVC,null,null,null,1100,null,null,null,null,null,null,null,null,null,null,41.09,KCVG 031552Z 23012KT 10SM OVC011 08/07 A2979 RMK AO2 SLP086 T00830072,null
CVG,2023-12-03 16:20,47,43,85.89,240,18,0,29.79,null,10,26,FEW,OVC,null,null,1000,1500,null,null,null,null,null,null,27,250,2023-12-03 16:07,39.49,KCVG 031620Z 24018G26KT 10SM FEW010 OVC015 08/06 A2979 RMK AO2 PK WND 25027/1607 T00830061,null
CVG,2023-12-03 16:31,46,43,89.2,230,15,0,29.79,null,10,28,OVC,null,null,null,1400,null,null,null,null,null,null,null,28,240,2023-12-03 16:26,38.93,KCVG 031631Z 23015G28KT 10SM OVC014 08/06 A2979 RMK AO2 PK WND 24028/1626 T00780061,null
CVG,2023-12-03 16:48,46.4,42.8,87.19,230,10,0,29.79,null,10,23,BKN,OVC,null,null,1600,2500,null,null,null,null,null,null,28,240,2023-12-03 16:26,41.03,KCVG 031648Z 23010G23KT 10SM BKN016 OVC025 08/06 A2979 RMK AO2 PK WND 24028/1626,null
CVG,2023-12-03 16:52,47,42,82.65,230,14,0,29.79,1008.6,10,23,BKN,OVC,null,null,1600,2500,null,null,null,null,null,null,28,240,2023-12-03 16:26,40.5,KCVG 031652Z 23014G23KT 10SM BKN016 OVC025 08/06 A2979 RMK AO2 PK WND 24028/1626 SLP086 T00830056,null
CVG,2023-12-03 17:49,46.4,39.2,75.84,230,16,0,29.78,null,10,24,FEW,SCT,OVC,null,2400,2800,3800,null,null,null,null,null,27,230,2023-12-03 17:27,39.19,KCVG 031749Z 23016G24KT 10SM FEW024 SCT028 OVC038 08/04 A2978 RMK AO2 PK WND 23027/1727 CIG 028 36R,null
CVG,2023-12-03 17:52,47,39,73.57,230,13,0,29.78,1008.3,10,24,FEW,SCT,OVC,null,2400,3000,3800,null,null,null,null,null,27,230,2023-12-03 17:27,40.79,KCVG 031752Z 23013G24KT 10SM FEW024 SCT030 OVC038 08/04 A2978 RMK AO2 PK WND 23027/1727 CIG 028 36R SLP083 T00830039 10083 20056 58002,null
CVG,2023-12-03 18:52,47,37,68.02,240,14,0,29.78,1008.5,10,25,FEW,BKN,OVC,null,2700,3000,4500,null,null,null,null,null,26,230,2023-12-03 18:40,40.5,KCVG 031852Z 24014G25KT 10SM FEW027 BKN030 OVC045 08/03 A2978 RMK AO2 PK WND 23026/1840 SLP085 T00830028,null
CVG,2023-12-03 19:52,48,37,65.51,240,15,0,29.79,1008.6,10,21,BKN,OVC,null,null,3500,4700,null,null,null,null,null,null,null,null,null,41.52,KCVG 031952Z 24015G21KT 10SM BKN035 OVC047 09/03 A2979 RMK AO2 SLP086 T00890028,null
CVG,2023-12-03 20:52,48,37,65.51,260,13,0,29.81,1009.6,10,19,SCT,OVC,null,null,3900,4900,null,null,null,null,null,null,26,220,2023-12-03 20:28,42.07,KCVG 032052Z 26013G19KT 10SM SCT039 OVC049 09/03 A2981 RMK AO2 PK WND 22026/2028 SLP096 T00890028 53012,null
CVG,2023-12-03 21:52,47,35,62.84,260,16,0,29.85,1010.6,10,22,BKN,OVC,null,null,4100,4800,null,null,null,null,null,null,null,null,null,39.97,KCVG 032152Z 26016G22KT 10SM BKN041 OVC048 08/02 A2985 RMK AO2 SLP106 T00830017,null
CVG,2023-12-03 22:52,46,36,67.9,270,17,0,29.85,1011,10,23,OVC,null,null,null,4300,null,null,null,null,null,null,null,28,280,2023-12-03 22:05,38.42,KCVG 032252Z 27017G23KT 10SM OVC043 08/02 A2985 RMK AO2 PK WND 28028/2205 SLP110 T00780022,null
CVG,2023-12-03 23:52,44,34,67.66,270,16,0,29.87,1011.5,10,21,SCT,null,null,null,3900,null,null,null,null,null,null,null,null,null,null,36.06,KCVG 032352Z 27016G21KT 10SM SCT039 07/01 A2987 RMK AO2 SLP115 T00670011 10094 20067 51018,null
CVG,2023-12-04 0:52,42,34,73.06,240,3,0,29.88,1011.8,10,null,CLR,null,null,null,null,null,null,null,null,null,null,null,null,null,null,40.12,KCVG 040052Z 24003KT 10SM CLR 06/01 A2988 RMK AO2 SLP118 T00560011,null
CVG,2023-12-04 1:52,42,36,79.11,250,5,0,29.9,1012.5,10,null,BKN,null,null,null,3400,null,null,null,null,null,null,null,null,null,null,38.27,KCVG 040152Z 25005KT 10SM BKN034 06/02 A2990 RMK AO2 SLP125 T00560022,null
CVG,2023-12-04 2:52,59,47,64.36,260,6,T,29.9,1013.8,10,null,BKN,null,null,null,3500,null,null,null,null,null,null,null,null,null,null,59,KCVG 040252Z 26006KT 10SM BKN035 05/02 A2990 RMK AO2 RAB40E51 SLP138 P0000 T01500083,null
CVG,2023-12-04 2:53,41,35,79.02,260,6,0,29.9,1012.6,10,null,SCT,null,null,null,3500,null,null,null,null,null,null,null,null,null,null,36.37,KCVG 040253Z COR 26006KT 10SM SCT035 05/02 A2990 RMK AO2 SLP126 T00500017 CHINO 36R $,null
CVG,2023-12-04 3:52,39,34,82.08,250,5,0,29.92,1013.4,10,null,FEW,null,null,null,3000,null,null,null,null,null,null,null,null,null,null,34.71,KCVG 040352Z 25005KT 10SM FEW030 04/01 A2992 RMK AO2 SLP134 T00390011 $,null
CVG,2023-12-04 4:52,36,34,92.35,0,0,0,29.91,1012.9,10,null,CLR,null,null,null,null,null,null,null,null,null,null,null,null,null,null,36,KCVG 040452Z 00000KT 10SM CLR 02/01 A2991 RMK AO2 SLP129 T00220011 400940022 $,null
CVG,2023-12-04 5:52,34,32,92.29,270,4,0,29.9,1012.7,10,null,CLR,null,null,null,null,null,null,null,null,null,null,null,null,null,null,29.76,KCVG 040552Z 27004KT 10SM CLR 01/00 A2990 RMK AO2 SLP127 T00110000 10067 20011 58001 $,null
CVG,2023-12-04 6:52,37,33,85.29,350,4,0,29.88,1011.9,10,null,FEW,null,null,null,25000,null,null,null,null,null,null,null,null,null,null,33.26,KCVG 040652Z 35004KT 10SM FEW250 03/01 A2988 RMK AO2 SLP119 T00280006 $,null
CVG,2023-12-04 7:52,32,31,96.04,0,0,0,29.9,1012.6,10,null,BKN,null,null,null,22000,null,null,null,null,null,null,null,null,null,null,32,KCVG 040752Z 00000KT 10SM BKN220 00/M01 A2990 RMK AO2 SLP126 T00001006 $,null
CVG,2023-12-04 8:52,32,32,100,0,0,0,29.88,1012.2,9,null,BKN,null,null,null,22000,null,null,null,null,null,null,null,null,null,null,32,KCVG 040852Z 00000KT 9SM BKN220 00/00 A2988 RMK AO2 SLP122 T00000000 56005 $,null
CVG,2023-12-04 9:52,37,33,85.29,40,4,0,29.88,1011.9,10,null,BKN,null,null,null,22000,null,null,null,null,null,null,null,null,null,null,33.26,KCVG 040952Z 04004KT 10SM BKN220 03/01 A2988 RMK AO2 SLP119 T00280006 $,null
CVG,2023-12-04 10:52,36,33,88.73,80,3,0,29.88,1012.2,10,null,BKN,null,null,null,15000,null,null,null,null,null,null,null,null,null,null,33.26,KCVG 041052Z 08003KT 10SM BKN150 02/01 A2988 RMK AO2 SLP122 T00220006 $,null
CVG,2023-12-04 11:52,35,34,96.09,100,5,0,29.88,1012.1,10,null,OVC,null,null,null,14000,null,null,null,null,null,null,null,null,null,null,29.96,KCVG 041152Z 10005KT 10SM OVC140 02/01 A2988 RMK AO2 SLP121 T00170011 10033 21006 56001 $,null
CVG,2023-12-04 12:52,35,33,92.32,90,4,0,29.87,1011.9,9,null,FEW,OVC,null,null,15000,25000,null,null,null,null,null,null,null,null,null,30.92,KCVG 041252Z 09004KT 9SM FEW150 OVC250 02/01 A2987 RMK AO2 SLP119 T00170006,null
CVG,2023-12-04 13:52,37,34,88.78,70,6,0,29.88,1012,9,null,OVC,null,null,null,10000,null,null,null,null,null,null,null,null,null,null,31.55,KCVG 041352Z 07006KT 9SM OVC100 03/01 A2988 RMK AO2 SLP120 T00280011,null
CVG,2023-12-04 14:52,38,34,85.35,90,7,0,29.88,1012.1,10,null,OVC,null,null,null,8500,null,null,null,null,null,null,null,null,null,null,32.09,KCVG 041452Z 09007KT 10SM OVC085 03/01 A2988 RMK AO2 SLP121 T00330011 55000,null
CVG,2023-12-04 15:52,40,34,78.94,170,5,0,29.92,1013.3,10,null,OVC,null,null,null,9500,null,null,null,null,null,null,null,null,null,null,35.9,KCVG 041552Z 17005KT 10SM OVC095 04/01 A2992 RMK AO2 PRESRR SLP133 T00440011,null
CVG,2023-12-04 16:52,41,34,75.94,30,3,0,29.91,1013.2,10,null,BKN,OVC,null,null,6000,8000,null,null,null,null,null,null,null,null,null,38.98,KCVG 041652Z 03003KT 10SM BKN060 OVC080 05/01 A2991 RMK AO2 SLP132 T00500011,null
CVG,2023-12-04 17:52,42,35,76.03,40,5,T,29.9,1012.9,10,null,FEW,FEW,OVC,null,4200,4900,8000,null,null,null,null,null,null,null,null,38.27,KCVG 041752Z 04005KT 10SM FEW042 FEW049 OVC080 06/02 A2990 RMK AO2 RAB11E18 SLP129 P0000 60000 T00560017 10061 20011 50006,null
CVG,2023-12-04 18:52,43,37,79.19,350,6,0,29.9,1012.8,9,null,OVC,null,null,null,7000,null,null,null,null,null,null,null,null,null,null,38.78,KCVG 041852Z 35006KT 9SM OVC070 06/03 A2990 RMK AO2 SLP128 T00610028,null
CVG,2023-12-04 19:52,43,38,82.37,300,5,0,29.93,1013.9,9,null,FEW,SCT,null,null,5500,8500,null,null,null,null,null,null,null,null,null,39.46,KCVG 041952Z 30005KT 9SM FEW055 SCT085 06/03 A2993 RMK AO2 SLP139 T00610033,null
CVG,2023-12-04 20:52,43,38,82.37,320,9,0,29.95,1014.4,9,null,FEW,FEW,null,null,1500,3000,null,null,null,null,null,null,null,null,null,37.19,KCVG 042052Z 32009KT 9SM FEW015 FEW030 06/03 A2995 RMK AO2 SLP144 T00610033 53015,null
CVG,2023-12-04 21:52,43,37,79.19,310,6,0,30,1016.1,10,null,OVC,null,null,null,3300,null,null,null,null,null,null,null,null,null,null,38.78,KCVG 042152Z 31006KT 10SM OVC033 06/03 A3000 RMK AO2 SLP161 BINOVC SE-S T00610028,null
CVG,2023-12-04 22:52,41,37,85.54,330,4,0,30.03,1017.1,10,null,FEW,BKN,null,null,2100,3200,null,null,null,null,null,null,null,null,null,37.93,KCVG 042252Z 33004KT 10SM FEW021 BKN032 05/03 A3003 RMK AO2 SLP171 T00500028,null
CVG,2023-12-04 23:06,41,37,85.54,340,6,0,30.03,null,10,null,BKN,OVC,null,null,1700,3200,null,null,null,null,null,null,null,null,null,36.37,KCVG 042306Z 34006KT 10SM BKN017 OVC032 05/03 A3003 RMK AO2 BINOVC T00500028,null
CVG,2023-12-04 23:52,40,36,85.48,350,4,0,30.05,1017.8,10,null,BKN,OVC,null,null,2100,3200,null,null,null,null,null,null,null,null,null,36.76,KCVG 042352Z 35004KT 10SM BKN021 OVC032 04/02 A3005 RMK AO2 SLP178 BKN V SCT BINOVC T00440022 10072 20044 51033,null
CVG,2023-12-05 0:12,39,36,88.87,310,5,0,30.06,null,10,null,SCT,OVC,null,null,2100,3200,null,null,null,null,null,null,null,null,null,34.71,KCVG 050012Z 31005KT 10SM SCT021 OVC032 04/02 A3006 RMK AO2 SCT V FEW T00390022,null
CVG,2023-12-05 0:39,40,36,85.48,320,5,0,30.07,null,10,null,OVC,null,null,null,2900,null,null,null,null,null,null,null,null,null,null,35.9,KCVG 050039Z 32005KT 10SM OVC029 04/02 A3007 RMK AO2 T00440022,null
CVG,2023-12-05 0:52,40,36,85.48,320,4,0,30.07,1018.7,10,null,OVC,null,null,null,2800,null,null,null,null,null,null,null,null,null,null,36.76,KCVG 050052Z 32004KT 10SM OVC028 04/02 A3007 RMK AO2 SLP187 T00440022,null
CVG,2023-12-05 1:34,38,35,88.83,280,5,0,30.1,null,10,null,OVC,null,null,null,3000,null,null,null,null,null,null,null,null,null,null,33.52,KCVG 050134Z 28005KT 10SM OVC030 03/02 A3010 RMK AO2 BINOVC OHD T00330017,null
CVG,2023-12-05 1:52,39,35,85.42,260,4,0,30.1,1019.6,10,null,OVC,null,null,null,3100,null,null,null,null,null,null,null,null,null,null,35.59,KCVG 050152Z 26004KT 10SM OVC031 04/02 A3010 RMK AO2 SLP196 T00390017,null
CVG,2023-12-05 2:42,39,35,85.42,240,3,0,30.09,null,10,null,OVC,null,null,null,2900,null,null,null,null,null,null,null,null,null,null,36.69,KCVG 050242Z 24003KT 10SM OVC029 04/02 A3009 RMK AO2 OCNL BINOVC T00390017,null
CVG,2023-12-05 2:52,39,35,85.42,240,3,0,30.1,1019.5,10,null,OVC,null,null,null,2800,null,null,null,null,null,null,null,null,null,null,36.69,KCVG 050252Z 24003KT 10SM OVC028 04/02 A3010 RMK AO2 SLP195 OCNL BINOVC T00390017 51018,null
CVG,2023-12-05 3:17,39,36,88.87,250,4,0,30.1,null,10,null,OVC,null,null,null,3000,null,null,null,null,null,null,null,null,null,null,35.59,KCVG 050317Z 25004KT 10SM OVC030 04/02 A3010 RMK AO2 T00390022,null
CVG,2023-12-05 3:52,39,35,85.42,0,0,0,30.09,1019.3,10,null,BKN,null,null,null,3000,null,null,null,null,null,null,null,null,null,null,39,KCVG 050352Z 00000KT 10SM BKN030 04/02 A3009 RMK AO2 SLP193 T00390017,null
CVG,2023-12-05 4:52,37,35,92.39,270,3,0,30.09,1019.3,10,null,OVC,null,null,null,3000,null,null,null,null,null,null,null,null,null,null,34.4,KCVG 050452Z AUTO 27003KT 10SM OVC030 03/02 A3009 RMK AO2 SLP193 T00280017 400721006,null
CVG,2023-12-05 5:52,36,35,96.11,230,4,0,30.09,1019.1,9,null,OVC,null,null,null,2800,null,null,null,null,null,null,null,null,null,null,32.09,KCVG 050552Z 23004KT 9SM OVC028 02/02 A3009 RMK AO2 SLP191 T00220017 10044 20022 57004,null
CVG,2023-12-05 6:52,37,34,88.78,0,0,0,30.07,1018.6,9,null,BKN,null,null,null,2800,null,null,null,null,null,null,null,null,null,null,37,KCVG 050652Z 00000KT 9SM BKN028 03/01 A3007 RMK AO2 SLP186 T00280011,null
CVG,2023-12-05 7:52,37,35,92.39,0,0,0,30.06,1018.3,8,null,BKN,null,null,null,2400,null,null,null,null,null,null,null,null,null,null,37,KCVG 050752Z 00000KT 8SM BKN024 03/02 A3006 RMK AO2 SLP183 T00280017,null
CVG,2023-12-05 8:33,35,34,96.09,180,3,0,30.07,null,7,null,FEW,OVC,null,null,2400,14000,null,null,null,null,null,null,null,null,null,32.12,KCVG 050833Z 18003KT 7SM FEW024 OVC140 02/01 A3007 RMK AO2 T00170011,null
CVG,2023-12-05 8:52,34,34,100,190,4,0,30.07,1018.4,7,null,FEW,OVC,null,null,2400,14000,null,null,null,null,null,null,null,null,null,29.76,KCVG 050852Z 19004KT 7SM FEW024 OVC140 01/01 A3007 RMK AO2 SLP184 T00110011 55007,null
CVG,2023-12-05 9:17,34,34,100,190,5,0,30.06,null,6,null,OVC,null,null,null,2400,null,null,null,BR,null,null,null,null,null,null,28.77,KCVG 050917Z 19005KT 6SM BR OVC024 01/01 A3006 RMK AO2 T00110011,null
CVG,2023-12-05 9:52,36,35,96.11,200,5,0,30.06,1018.2,7,null,OVC,null,null,null,2200,null,null,null,null,null,null,null,null,null,null,31.15,KCVG 050952Z 20005KT 7SM OVC022 02/02 A3006 RMK AO2 SLP182 T00220017,null
CVG,2023-12-05 10:52,37,36,96.13,210,3,T,30.06,1018.3,5,null,OVC,null,null,null,2000,null,null,null,#NAME?,null,null,null,null,null,null,34.4,KCVG 051052Z 21003KT 5SM -RA BR OVC020 03/02 A3006 RMK AO2 RAB37 SLP183 P0000 T00280022,null
CVG,2023-12-05 11:52,37,37,100,180,5,0.05,30.07,1018.4,4,null,OVC,null,null,null,1600,null,null,null,#NAME?,null,null,null,null,null,null,32.33,KCVG 051152Z 18005KT 4SM -RA BR OVC016 03/03 A3007 RMK AO2 SLP184 P0005 60005 70005 T00280028 10033 20011 53000,null
CVG,2023-12-05 12:52,37,37,100,0,0,0.04,30.05,1017.7,3,null,FEW,OVC,null,null,1100,1500,null,null,#NAME?,null,null,null,null,null,null,37,KCVG 051252Z 00000KT 3SM -RA BR FEW011 OVC015 03/03 A3005 RMK AO2 SLP177 P0004 T00280028,null
CVG,2023-12-05 13:38,38,38,100,150,5,T,30.03,null,4,null,SCT,BKN,OVC,null,1600,5000,9000,null,BR,null,null,null,null,null,null,33.52,KCVG 051338Z 15005KT 4SM BR SCT016 BKN050 OVC090 03/03 A3003 RMK AO2 RAE07 P0000 T00330033,null
CVG,2023-12-05 13:52,38,38,100,150,8,T,30.02,1016.9,4,null,FEW,SCT,OVC,null,700,5000,9000,null,BR,null,null,null,null,null,null,31.5,KCVG 051352Z 15008KT 4SM BR FEW007 SCT050 OVC090 03/03 A3002 RMK AO2 RAE07 SLP169 P0000 T00330033,null
CVG,2023-12-05 14:14,38,38,100,180,6,0,30.02,null,2,null,BKN,OVC,null,null,700,8500,null,null,BR,null,null,null,null,null,null,32.76,KCVG 051414Z 18006KT 2SM BR BKN007 OVC085 03/03 A3002 RMK AO2 BKN V SCT T00330033,null
CVG,2023-12-05 14:24,38,38,100,190,6,0,30.03,null,2,null,BKN,OVC,null,null,500,8500,null,null,BR,null,null,null,null,null,null,32.76,KCVG 051424Z 19006KT 2SM BR BKN005 OVC085 03/03 A3003 RMK AO2 T00330033,null
CVG,2023-12-05 14:52,38,38,100,180,6,0,30.02,1016.9,2,null,BKN,OVC,null,null,500,8000,null,null,BR,null,null,null,null,null,null,32.76,KCVG 051452Z 18006KT 2SM BR BKN005 OVC080 03/03 A3002 RMK AO2 SLP169 60004 T00330033 56015,null
CVG,2023-12-05 15:38,39,39,100,170,6,0,30.02,null,2,null,SCT,BKN,OVC,null,500,3300,4100,null,BR,null,null,null,null,null,null,33.96,KCVG 051538Z 17006KT 2SM BR SCT005 BKN033 OVC041 04/04 A3002 RMK AO2 SFC VIS 2 1/2 T00390039,null
CVG,2023-12-05 15:42,39,39,100,180,6,0,30.02,null,2,null,BKN,BKN,OVC,null,500,2800,4100,null,BR,null,null,null,null,null,null,33.96,KCVG 051542Z 18006KT 2SM BR BKN005 BKN028 OVC041 04/04 A3002 RMK AO2 SFC VIS 2 1/2 T00390039 $,null
CVG,2023-12-05 15:52,39,39,100,190,6,0,30.01,1016.6,2,null,SCT,BKN,OVC,null,500,2500,4300,null,BR,null,null,null,null,null,null,33.96,KCVG 051552Z 19006KT 2SM BR SCT005 BKN025 OVC043 04/04 A3001 RMK AO2 SFC VIS 2 1/2 SLP166 T00390039 $,null
CVG,2023-12-05 16:25,40,39,96.18,190,8,0,30,null,3,null,FEW,BKN,OVC,null,800,2300,3600,null,BR,null,null,null,null,null,null,33.97,KCVG 051625Z 19008KT 3SM BR FEW008 BKN023 OVC036 04/04 A3000 RMK AO2 T00440039,null
CVG,2023-12-05 16:52,40,40,100,200,7,0,29.99,1015.7,3,null,FEW,BKN,OVC,null,800,2700,4000,null,BR,null,null,null,null,null,null,34.53,KCVG 051652Z 20007KT 3SM BR FEW008 BKN027 OVC040 04/04 A2999 RMK AO2 SFC VIS 3 SLP157 T00440044,null
CVG,2023-12-05 17:16,40,40,100,200,9,0,29.97,null,3,null,FEW,BKN,OVC,null,800,4000,4900,null,BR,null,null,null,null,null,null,33.46,KCVG 051716Z 20009KT 3SM BR FEW008 BKN040 OVC049 04/04 A2997 RMK AO2 SFC VIS 4 T00440044,null
CVG,2023-12-05 17:32,41,40,96.19,200,9,0,29.96,null,5,null,FEW,SCT,OVC,null,800,4000,4900,null,BR,null,null,null,null,null,null,34.7,KCVG 051732Z 20009KT 5SM BR FEW008 SCT040 OVC049 05/04 A2996 RMK AO2 T00500044,null
CVG,2023-12-05 17:52,42,41,96.21,210,9,0,29.96,1014.7,5,null,FEW,SCT,OVC,null,800,3800,4600,null,BR,null,null,null,null,null,null,35.95,KCVG 051752Z 21009KT 5SM BR FEW008 SCT038 OVC046 06/05 A2996 RMK AO2 SLP147 60004 T00560050 10056 20028 58022,null
CVG,2023-12-05 18:07,42,40,92.55,210,10,0,29.95,null,6,null,BKN,OVC,null,null,1400,4600,null,null,BR,null,null,null,null,null,null,35.51,KCVG 051807Z 21010KT 6SM BR BKN014 OVC046 06/04 A2995 RMK AO2 T00560044,null
CVG,2023-12-05 18:32,43,41,92.58,220,9,0,29.94,null,7,null,FEW,OVC,null,null,1300,1700,null,null,null,null,null,null,null,null,null,37.19,KCVG 051832Z 22009KT 7SM FEW013 OVC017 06/05 A2994 RMK AO2 T00610050,null
CVG,2023-12-05 18:52,44,40,85.71,220,11,0,29.93,1013.9,7,null,SCT,BKN,OVC,null,1600,2100,3800,null,null,null,null,null,null,null,null,37.63,KCVG 051852Z 22011KT 7SM SCT016 BKN021 OVC038 07/04 A2993 RMK AO2 SLP139 T00670044,null
CVG,2023-12-05 19:52,44,40,85.71,null,4,0,29.93,1013.6,9,null,FEW,OVC,null,null,1600,2300,null,null,null,null,null,null,null,null,null,41.43,KCVG 051952Z VRB04KT 9SM FEW016 OVC023 07/04 A2993 RMK AO2 SLP136 T00670044,null
CVG,2023-12-05 20:52,44,40,85.71,250,4,0,29.94,1014.2,9,null,FEW,BKN,OVC,null,1900,2600,3200,null,null,null,null,null,null,null,null,41.43,KCVG 052052Z 25004KT 9SM FEW019 BKN026 OVC032 07/04 A2994 RMK AO2 SLP142 BKN V SCT T00670044 55004,null
CVG,2023-12-05 21:02,44,40,85.71,240,4,0,29.95,null,10,null,FEW,SCT,OVC,null,1900,2700,3300,null,null,null,null,null,null,null,null,41.43,KCVG 052102Z 24004KT 10SM FEW019 SCT027 OVC033 07/04 A2995 RMK AO2 T00670044,null
CVG,2023-12-05 21:52,43,40,89.06,260,4,0,29.96,1014.7,10,null,FEW,FEW,OVC,null,3600,5500,7500,null,null,null,null,null,null,null,null,40.27,KCVG 052152Z 26004KT 10SM FEW036 FEW055 OVC075 06/04 A2996 RMK AO2 SLP147 T00610044,null
CVG,2023-12-05 22:14,43,40,89.06,310,5,T,29.96,null,9,null,BKN,BKN,OVC,null,2400,3500,8000,null,#NAME?,null,null,null,null,null,null,39.46,KCVG 052214Z 31005KT 9SM -RA BKN024 BKN035 OVC080 06/04 A2996 RMK AO2 RAB13 VIS LWR NW-N P0000 T00610044,null
CVG,2023-12-05 22:22,42,40,92.55,320,6,T,29.97,null,4,null,BKN,BKN,OVC,null,2200,3500,6000,null,TSRAGR BR,null,null,null,null,null,null,37.57,KCVG 052222Z 32006KT 4SM TSRAGR BR BKN022CB BKN035 OVC060 06/04 A2997 RMK AO2 RAB13GRB21 TSB21 OCNL LTGIC OHD TS OHD MOV E GR LESS THAN 1/4 P0000 T00560044,null
CVG,2023-12-05 22:26,41,40,96.19,330,7,0.11,29.97,null,6,null,SCT,BKN,OVC,null,2000,2600,3600,null,#NAME?,null,null,null,null,null,null,35.75,KCVG 052226Z 33007KT 6SM -TSRA BR SCT020 BKN026CB OVC036 05/04 A2997 RMK AO2 RAB13GRB21E26 TSB21 OCNL LTGIC OHD-E TS OHD-E MOV E P0011 T00500044,null
CVG,2023-12-05 22:41,41,40,96.19,330,5,0.11,29.98,null,9,null,BKN,OVC,null,null,2000,2700,null,null,VCTS,null,null,null,null,null,null,37.08,KCVG 052241Z 33005KT 9SM VCTS BKN020 OVC027 05/04 A2998 RMK AO2 RAB13E36GRB21E26 TSB21E41 LTG DSNT SE TS MOV E CB DSNT E-SE P0011 T00500044,null
CVG,2023-12-05 22:52,41,40,96.19,310,5,0.11,29.98,1015.5,6,null,BKN,OVC,null,null,1900,2300,null,null,VCTS -RA BR,null,null,null,null,null,null,37.08,KCVG 052252Z 31005KT 6SM VCTS -RA BR BKN019 OVC023 05/04 A2998 RMK AO2 LTG DSNT E RAB13E36B46GRB21E26 TSB21E41 SLP155 GRDL WSHFT 2214 TS MOV E CB DSNT E-SE P0011 T00500044,null
CVG,2023-12-05 23:08,41,41,100,340,4,T,29.98,null,8,null,SCT,SCT,OVC,null,2000,3100,9500,null,null,null,null,null,null,null,null,37.93,KCVG 052308Z 34004KT 8SM SCT020 SCT031 OVC095 05/05 A2998 RMK AO2 LTG DSNT E AND SE RAE04 CB DSNT SE P0000 T00500050,null
CVG,2023-12-05 23:52,40,40,100,350,6,T,30.01,1016.3,7,null,FEW,BKN,OVC,null,2200,3500,4800,null,null,null,null,null,null,null,null,35.17,KCVG 052352Z 35006KT 7SM FEW022 BKN035 OVC048 04/04 A3001 RMK AO2 RAE04 SLP163 P0000 60011 T00440044 10067 20044 53020,null
CVG,2023-12-06 0:08,40,40,100,350,6,0,30.01,null,8,null,BKN,BKN,OVC,null,2500,3200,4900,null,null,null,null,null,null,null,null,35.17,KCVG 060008Z 35006KT 8SM BKN025 BKN032 OVC049 04/04 A3001 RMK AO2 T00440044,null
CVG,2023-12-06 0:52,40,39,96.18,330,6,T,30.02,1016.9,10,null,BKN,BKN,OVC,null,2000,2700,4900,null,#NAME?,null,null,null,null,null,null,35.17,KCVG 060052Z 33006KT 10SM -RA BKN020 BKN027 OVC049 04/04 A3002 RMK AO2 RAB50 SLP169 P0000 T00440039,null
CVG,2023-12-06 1:02,40,38,92.49,320,5,T,30.02,null,10,null,FEW,SCT,SCT,null,1700,2800,9500,null,null,null,null,null,null,null,null,35.9,KCVG 060102Z 32005KT 10SM FEW017 SCT028 SCT095 04/03 A3002 RMK AO2 RAE0059 P0000 T00440033,null
CVG,2023-12-06 1:22,39,38,96.16,350,6,T,30.03,null,9,null,BKN,BKN,BKN,null,2000,3300,7500,null,null,null,null,null,null,null,null,33.96,KCVG 060122Z 35006KT 9SM BKN020 BKN033 BKN075 04/03 A3003 RMK AO2 RAE0059 P0000 T00390033,null
CVG,2023-12-06 1:52,38,38,100,320,5,T,30.04,1017.6,8,null,BKN,OVC,null,null,1900,3500,null,null,null,null,null,null,null,null,null,33.52,KCVG 060152Z 32005KT 8SM BKN019 OVC035 03/03 A3004 RMK AO2 RAE0059 SLP176 BINOVC OHD P0000 T00330033,null
CVG,2023-12-06 2:12,40,39,96.18,330,4,0,30.04,null,8,null,BKN,BKN,OVC,null,1400,2100,2800,null,null,null,null,null,null,null,null,36.76,KCVG 060212Z 33004KT 8SM BKN014 BKN021 OVC028 04/04 A3004 RMK AO2 T00440039,null
CVG,2023-12-06 2:52,40,39,96.18,320,8,0,30.05,1017.9,8,null,BKN,BKN,OVC,null,1400,2300,3200,null,null,null,null,null,null,null,null,33.97,KCVG 060252Z 32008KT 8SM BKN014 BKN023 OVC032 04/04 A3005 RMK AO2 SLP179 CIG 011V018 BKN014 V SCT 60000 T00440039 51015,null
CVG,2023-12-06 3:52,39,38,96.16,340,10,0.01,30.07,1018.5,7,null,BKN,BKN,OVC,null,1000,1700,2500,null,null,null,null,null,null,null,null,31.75,KCVG 060352Z 34010KT 7SM BKN010 BKN017 OVC025 04/03 A3007 RMK AO2 RAB04E19 SLP185 P0001 T00390033,null
CVG,2023-12-06 4:52,38,37,96.14,340,10,0.01,30.1,1019.7,7,null,BKN,OVC,null,null,1300,2100,null,null,#NAME?,null,null,null,null,null,null,30.49,KCVG 060452Z 34010KT 7SM -RA BKN013 OVC021 03/03 A3010 RMK AO2 RAB01 SLP197 P0001 T00330028 400670011,null
CVG,2023-12-06 5:52,38,36,92.42,340,9,T,30.11,1020,7,null,BKN,OVC,null,null,1300,2000,null,null,null,null,null,null,null,null,null,30.97,KCVG 060552Z 34009KT 7SM BKN013 OVC020 03/02 A3011 RMK AO2 RAE00 SLP200 P0000 60002 T00330022 10050 20033 51021,null
CVG,2023-12-06 6:52,37,36,96.13,340,10,0,30.14,1021,8,null,BKN,OVC,null,null,1300,2300,null,null,null,null,null,null,null,null,null,29.24,KCVG 060652Z 34010KT 8SM BKN013 OVC023 03/02 A3014 RMK AO2 SLP210 T00280022,null
CVG,2023-12-06 7:52,37,36,96.13,330,9,0,30.18,1022.2,8,null,BKN,BKN,OVC,null,1300,1800,4000,null,null,null,null,null,null,null,null,29.73,KCVG 060752Z 33009KT 8SM BKN013 BKN018 OVC040 03/02 A3018 RMK AO2 SLP222 T00280022,null
CVG,2023-12-06 8:52,37,35,92.39,340,7,0,30.19,1022.7,8,null,BKN,BKN,OVC,null,1400,2100,3900,null,null,null,null,null,null,null,null,30.87,KCVG 060852Z 34007KT 8SM BKN014 BKN021 OVC039 03/02 A3019 RMK AO2 SLP227 T00280017 51026,null
CVG,2023-12-06 9:52,37,35,92.39,320,6,0,30.19,1022.8,9,null,FEW,OVC,null,null,1400,3400,null,null,null,null,null,null,null,null,null,31.55,KCVG 060952Z 32006KT 9SM FEW014 OVC034 03/02 A3019 RMK AO2 SLP228 T00280017,null
CVG,2023-12-06 10:52,37,35,92.39,310,7,0,30.23,1023.9,8,null,OVC,null,null,null,3900,null,null,null,null,null,null,null,null,null,null,30.87,KCVG 061052Z 31007KT 8SM OVC039 03/02 A3023 RMK AO2 SLP239 T00280017,null
CVG,2023-12-06 11:34,37,34,88.78,310,7,0,30.23,null,9,null,SCT,OVC,null,null,1900,2900,null,null,null,null,null,null,null,null,null,30.87,KCVG 061134Z 31007KT 9SM SCT019 OVC029 03/01 A3023 RMK AO2 T00280011,null
CVG,2023-12-06 11:52,37,32,81.93,330,13,0,30.24,1024.2,10,null,BKN,BKN,OVC,null,2100,2700,3200,null,null,null,null,null,null,null,null,27.97,KCVG 061152Z 33013KT 10SM BKN021 BKN027 OVC032 03/00 A3024 RMK AO2 SLP242 70017 T00280000 10033 20028 53015,null
CVG,2023-12-06 12:22,35,31,85.17,330,9,0,30.24,null,10,18,FEW,BKN,null,null,1700,3900,null,null,null,null,null,null,null,null,null,27.24,KCVG 061222Z 33009G18KT 10SM FEW017 BKN039 02/M01 A3024 RMK AO2 T00171006,null
CVG,2023-12-06 12:52,34,31,88.63,330,8,0,30.27,1025.3,8,null,FEW,BKN,null,null,1800,4300,null,null,null,null,null,null,null,null,null,26.58,KCVG 061252Z 33008KT 8SM FEW018 BKN043 01/M01 A3027 RMK AO2 SLP253 T00111006,null
CVG,2023-12-06 13:52,35,31,85.17,330,3,0,30.28,1025.6,9,null,BKN,null,null,null,4600,null,null,null,null,null,null,null,null,null,null,32.12,KCVG 061352Z 33003KT 9SM BKN046 02/M01 A3028 RMK AO2 SLP256 T00171006,null
CVG,2023-12-06 14:52,36,32,85.23,320,7,0,30.3,1026.4,8,null,FEW,OVC,null,null,1800,4800,null,null,null,null,null,null,null,null,null,29.65,KCVG 061452Z 32007KT 8SM FEW018 OVC048 02/00 A3030 RMK AO2 SLP264 BINOVC T00220000 51020,null
CVG,2023-12-06 15:52,38,32,78.77,300,8,0,30.31,1026.8,10,null,FEW,OVC,null,null,1900,4800,null,null,null,null,null,null,null,null,null,31.5,KCVG 061552Z 30008KT 10SM FEW019 OVC048 03/00 A3031 RMK AO2 SLP268 T00330000,null
CVG,2023-12-06 16:52,39,32,75.75,300,7,0,30.29,1026.2,10,null,BKN,OVC,null,null,2200,4900,null,null,null,null,null,null,null,null,null,33.31,KCVG 061652Z 30007KT 10SM BKN022 OVC049 04/00 A3029 RMK AO2 SLP262 T00390000,null
CVG,2023-12-06 17:52,41,32,70.08,260,6,0,30.27,1025.5,10,null,SCT,BKN,BKN,null,2500,3000,5000,null,null,null,null,null,null,null,null,36.37,KCVG 061752Z 26006KT 10SM SCT025 BKN030 BKN050 05/00 A3027 RMK AO2 SLP255 T00500000 10050 20011 58008,null
CVG,2023-12-06 18:52,41,31,67.3,260,9,0,30.26,1025.2,10,null,FEW,BKN,OVC,null,3900,4700,5500,null,null,null,null,null,null,null,null,34.7,KCVG 061852Z 26009KT 10SM FEW039 BKN047 OVC055 05/M01 A3026 RMK AO2 SLP252 BINOVC T00501006,null
CVG,2023-12-06 19:52,42,32,67.42,270,9,0,30.25,1024.8,10,null,FEW,SCT,BKN,BKN,2600,4100,5000,30000,null,null,null,null,null,null,null,35.95,KCVG 061952Z 27009KT 10SM FEW026 SCT041 BKN050 BKN300 06/00 A3025 RMK AO2 SLP248 T00560000,null
CVG,2023-12-06 20:52,41,30,64.63,280,11,0,30.25,1024.5,10,null,FEW,SCT,SCT,null,2700,4900,30000,null,null,null,null,null,null,null,null,33.84,KCVG 062052Z 28011KT 10SM FEW027 SCT049 SCT300 05/M01 A3025 RMK AO2 SLP245 T00501011 56009,null
CVG,2023-12-06 21:52,39,29,67.06,290,8,0,30.25,1024.7,10,null,BKN,BKN,BKN,null,3800,25000,30000,null,null,null,null,null,null,null,null,32.74,KCVG 062152Z 29008KT 10SM BKN038 BKN250 BKN300 04/M02 A3025 RMK AO2 SLP247 T00391017,null
CVG,2023-12-06 22:52,36,29,75.46,270,3,0,30.24,1024.5,10,null,BKN,BKN,null,null,3600,23000,null,null,null,null,null,null,null,null,null,33.26,KCVG 062252Z 27003KT 10SM BKN036 BKN230 02/M02 A3024 RMK AO2 SLP245 T00221017,null
CVG,2023-12-06 23:52,34,28,78.43,300,4,0,30.25,1024.8,10,null,FEW,SCT,null,null,3600,20000,null,null,null,null,null,null,null,null,null,29.76,KCVG 062352Z 30004KT 10SM FEW036 SCT200 01/M02 A3025 RMK AO2 SLP248 T00111022 10061 20011 53000,null
CVG,2023-12-07 0:52,33,28,81.63,0,0,0,30.24,1024.6,10,null,SCT,null,null,null,19000,null,null,null,null,null,null,null,null,null,null,33,KCVG 070052Z 00000KT 10SM SCT190 01/M02 A3024 RMK AO2 SLP246 T00061022,null
CVG,2023-12-07 1:52,31,28,88.48,0,0,0,30.23,1024.4,10,null,FEW,SCT,null,null,19000,25000,null,null,null,null,null,null,null,null,null,31,KCVG 070152Z 00000KT 10SM FEW190 SCT250 M01/M02 A3023 RMK AO2 SLP244 T10061022,null
CVG,2023-12-07 2:52,32,27,81.55,230,5,0,30.22,1023.8,10,null,FEW,SCT,null,null,19000,25000,null,null,null,null,null,null,null,null,null,26.4,KCVG 070252Z 23005KT 10SM FEW190 SCT250 00/M03 A3022 RMK AO2 SLP238 T00001028 58009,null
CVG,2023-12-07 3:52,32,27,81.55,210,4,0,30.2,1023.2,10,null,SCT,null,null,null,25000,null,null,null,null,null,null,null,null,null,null,27.42,KCVG 070352Z 21004KT 10SM SCT250 00/M03 A3020 RMK AO2 SLP232 T00001028,null
CVG,2023-12-07 4:52,31,27,84.92,230,6,0,30.19,1022.8,10,null,FEW,null,null,null,25000,null,null,null,null,null,null,null,null,null,null,24.33,KCVG 070452Z 23006KT 10SM FEW250 M01/M03 A3019 RMK AO2 SLP228 T10061028 400611017,null
CVG,2023-12-07 5:52,30,27,88.44,200,5,0,30.17,1022.2,10,null,SCT,null,null,null,25000,null,null,null,null,null,null,null,null,null,null,24.02,KCVG 070552Z 20005KT 10SM SCT250 M01/M03 A3017 RMK AO2 SLP222 T10111028 10011 21017 58015,null
CVG,2023-12-07 6:52,30,27,88.44,200,7,0,30.15,1021.3,10,null,FEW,null,null,null,25000,null,null,null,null,null,null,null,null,null,null,22.34,KCVG 070652Z 20007KT 10SM FEW250 M01/M03 A3015 RMK AO2 SLP213 T10111028,null
CVG,2023-12-07 7:52,31,28,88.48,190,9,0,30.14,1021,9,null,FEW,null,null,null,25000,null,null,null,null,null,null,null,null,null,null,22.27,KCVG 070752Z 19009KT 9SM FEW250 M01/M02 A3014 RMK AO2 SLP210 T10061022,null
CVG,2023-12-07 8:52,31,28,88.48,210,6,0,30.15,1021.6,9,null,BKN,null,null,null,9500,null,null,null,null,null,null,null,null,null,null,24.33,KCVG 070852Z 21006KT 9SM BKN095 M01/M02 A3015 RMK AO2 SLP216 T10061022 55006,null
CVG,2023-12-07 9:52,32,30,92.22,200,8,0,30.13,1020.8,9,null,OVC,null,null,null,9000,null,null,null,null,null,null,null,null,null,null,24.11,KCVG 070952Z 20008KT 9SM OVC090 00/M01 A3013 RMK AO2 SLP208 T00001011,null
CVG,2023-12-07 10:52,34,30,85.11,200,8,0,30.11,1020.2,10,null,OVC,null,null,null,9500,null,null,null,null,null,null,null,null,null,null,26.58,KCVG 071052Z 20008KT 10SM OVC095 01/M01 A3011 RMK AO2 SLP202 T00111011,null
CVG,2023-12-07 11:52,33,30,88.58,210,10,0,30.09,1019.4,10,null,FEW,null,null,null,9000,null,null,null,null,null,null,null,null,null,null,24.22,KCVG 071152Z 21010KT 10SM FEW090 01/M01 A3009 RMK AO2 SLP194 T00061011 10011 21011 58021,null
CVG,2023-12-07 12:52,34,31,88.63,210,13,0,30.07,1018.9,8,21,FEW,null,null,null,30000,null,null,null,null,null,null,null,null,null,null,24.13,KCVG 071252Z 21013G21KT 8SM FEW300 01/M01 A3007 RMK AO2 SLP189 T00111006,null
CVG,2023-12-07 13:52,35,31,85.17,210,11,0,30.07,1018.8,10,null,FEW,null,null,null,30000,null,null,null,null,null,null,null,null,null,null,26.26,KCVG 071352Z 21011KT 10SM FEW300 02/M01 A3007 RMK AO2 SLP188 T00171006,null
CVG,2023-12-07 14:52,39,32,75.75,210,13,0,30.06,1018.4,10,null,SCT,null,null,null,30000,null,null,null,null,null,null,null,null,null,null,30.54,KCVG 071452Z 21013KT 10SM SCT300 04/00 A3006 RMK AO2 SLP184 T00390000 56010,null
CVG,2023-12-07 15:52,43,32,64.88,210,12,0,30.05,1017.9,10,20,BKN,null,null,null,30000,null,null,null,null,null,null,null,null,null,null,36,KCVG 071552Z 21012G20KT 10SM BKN300 06/00 A3005 RMK AO2 SLP179 T00610000,null
CVG,2023-12-07 16:52,47,33,58.01,220,15,0,30.02,1016.8,10,21,SCT,null,null,null,30000,null,null,null,null,null,null,null,null,null,null,40.23,KCVG 071652Z 22015G21KT 10SM SCT300 08/01 A3002 RMK AO2 SLP168 T00830006,null
CVG,2023-12-07 17:52,50,34,53.97,230,11,0,29.99,1015.8,10,19,SCT,null,null,null,30000,null,null,null,null,null,null,null,null,null,null,50,KCVG 071752Z 23011G19KT 10SM SCT300 10/01 A2999 RMK AO2 SLP158 T01000011 10100 20006 58023,null
CVG,2023-12-07 18:52,53,35,50.27,220,13,0,29.95,1014.5,10,19,SCT,null,null,null,30000,null,null,null,null,null,null,null,null,null,null,53,KCVG 071852Z 22013G19KT 10SM SCT300 12/02 A2995 RMK AO2 SLP145 T01170017,null
CVG,2023-12-07 19:52,55,35,46.73,220,12,0,29.94,1014.1,10,19,FEW,null,null,null,30000,null,null,null,null,null,null,null,null,null,null,55,KCVG 071952Z 22012G19KT 10SM FEW300 13/02 A2994 RMK AO2 SLP141 T01280017,null
CVG,2023-12-07 20:52,55,36,48.62,210,11,0,29.94,1014.1,10,null,FEW,null,null,null,30000,null,null,null,null,null,null,null,null,null,null,55,KCVG 072052Z 21011KT 10SM FEW300 13/02 A2994 RMK AO2 SLP141 T01280022 56016,null
CVG,2023-12-07 21:52,53,35,50.27,200,8,0,29.95,1014.2,10,null,CLR,null,null,null,null,null,null,null,null,null,null,null,null,null,null,53,KCVG 072152Z 20008KT 10SM CLR 12/02 A2995 RMK AO2 SLP142 T01170017,null
CVG,2023-12-07 22:52,48,35,60.52,190,7,0,29.96,1014.7,10,null,CLR,null,null,null,null,null,null,null,null,null,null,null,null,null,null,44.28,KCVG 072252Z 19007KT 10SM CLR 09/02 A2996 RMK AO2 SLP147 T00890017,null
CVG,2023-12-07 23:52,47,34,60.38,200,7,0,29.96,1014.8,10,null,CLR,null,null,null,null,null,null,null,null,null,null,null,null,null,null,43.06,KCVG 072352Z 20007KT 10SM CLR 08/01 A2996 RMK AO2 SLP148 T00830011 10128 20072 52006,null
CVG,2023-12-08 0:52,46,34,62.71,190,8,0,29.96,1014.7,10,null,FEW,null,null,null,30000,null,null,null,null,null,null,null,null,null,null,41.36,KCVG 080052Z 19008KT 10SM FEW300 08/01 A2996 RMK AO2 SLP147 T00780011,null
CVG,2023-12-08 1:52,46,33,60.25,190,8,0,29.96,1014.8,10,null,BKN,null,null,null,30000,null,null,null,null,null,null,null,null,null,null,41.36,KCVG 080152Z 19008KT 10SM BKN300 08/01 A2996 RMK AO2 SLP148 T00780006,null
CVG,2023-12-08 2:52,46,33,60.25,200,8,0,29.96,1014.5,10,null,OVC,null,null,null,30000,null,null,null,null,null,null,null,null,null,null,41.36,KCVG 080252Z 20008KT 10SM OVC300 08/01 A2996 RMK AO2 SLP145 T00780006 58002,null
CVG,2023-12-08 3:52,46,33,60.25,190,8,0,29.95,1014.1,10,null,BKN,null,null,null,30000,null,null,null,null,null,null,null,null,null,null,41.36,KCVG 080352Z 19008KT 10SM BKN300 08/01 A2995 RMK AO2 SLP141 T00780006,null
CVG,2023-12-08 4:52,45,32,60.11,200,8,0,29.95,1014.3,10,null,BKN,null,null,null,30000,null,null,null,null,null,null,null,null,null,null,40.13,KCVG 080452Z 20008KT 10SM BKN300 07/00 A2995 RMK AO2 SLP143 T00720000 401281011,null
CVG,2023-12-08 5:52,47,32,55.73,200,9,0,29.95,1014.1,10,null,BKN,null,null,null,30000,null,null,null,null,null,null,null,null,null,null,42.17,KCVG 080552Z 20009KT 10SM BKN300 08/00 A2995 RMK AO2 SLP141 T00830000 10089 20061 56003,null
CVG,2023-12-08 6:52,47,31,53.52,210,11,0,29.95,1014.1,10,null,BKN,null,null,null,30000,null,null,null,null,null,null,null,null,null,null,41.42,KCVG 080652Z 21011KT 10SM BKN300 08/M01 A2995 RMK AO2 SLP141 T00831006,null
CVG,2023-12-08 7:52,48,30,49.49,200,13,0,29.96,1014.5,10,null,BKN,null,null,null,30000,null,null,null,null,null,null,null,null,null,null,42.07,KCVG 080752Z 20013KT 10SM BKN300 09/M01 A2996 RMK AO2 SLP145 T00891011,null
CVG,2023-12-08 8:52,47,30,51.39,210,12,0,29.96,1014.5,10,null,SCT,null,null,null,30000,null,null,null,null,null,null,null,null,null,null,41.09,KCVG 080852Z 21012KT 10SM SCT300 08/M01 A2996 RMK AO2 SLP145 T00831011 51005,null
CVG,2023-12-08 9:52,47,30,51.39,220,13,0,29.97,1014.5,10,18,FEW,null,null,null,30000,null,null,null,null,null,null,null,null,null,null,40.79,KCVG 080952Z 22013G18KT 10SM FEW300 08/M01 A2997 RMK AO2 SLP145 T00831011,null
CVG,2023-12-08 10:52,46,30,53.37,200,11,0,29.96,1014.4,10,null,FEW,null,null,null,30000,null,null,null,null,null,null,null,null,null,null,40.16,KCVG 081052Z 20011KT 10SM FEW300 08/M01 A2996 RMK AO2 SLP144 T00781011,null
CVG,2023-12-08 11:52,46,30,53.37,220,10,0,29.97,1014.8,10,18,FEW,FEW,null,null,4500,25000,null,null,null,null,null,null,null,null,null,40.52,KCVG 081152Z 22010G18KT 10SM FEW045 FEW250 08/M01 A2997 RMK AO2 SLP148 T00781011 10089 20072 53002,null
CVG,2023-12-08 12:52,44,31,59.97,200,11,0,29.96,1014.6,10,null,FEW,SCT,null,null,5000,30000,null,null,null,null,null,null,null,null,null,37.63,KCVG 081252Z 20011KT 10SM FEW050 SCT300 07/M01 A2996 RMK AO2 SLP146 CONTRAILS T00671006,null
CVG,2023-12-08 13:52,46,32,57.87,200,8,0,29.97,1014.9,10,null,FEW,null,null,null,5500,null,null,null,null,null,null,null,null,null,null,41.36,KCVG 081352Z 20008KT 10SM FEW055 08/00 A2997 RMK AO2 SLP149 T00780000,null
CVG,2023-12-08 14:52,49,32,51.7,210,13,0,29.98,1015.1,10,21,FEW,null,null,null,5500,null,null,null,null,null,null,null,null,null,null,43.35,KCVG 081452Z 21013G21KT 10SM FEW055 09/00 A2998 RMK AO2 SLP151 T00940000 53003,null
CVG,2023-12-08 15:52,52,33,48.15,210,13,0,29.97,1015,10,18,FEW,FEW,null,null,6000,30000,null,null,null,null,null,null,null,null,null,52,KCVG 081552Z 21013G18KT 10SM FEW060 FEW300 11/01 A2997 RMK AO2 SLP150 T01110006,null
CVG,2023-12-08 16:52,55,34,44.9,200,13,0,29.95,1013.9,10,23,SCT,SCT,BKN,null,4000,4600,30000,null,null,null,null,null,null,null,null,55,KCVG 081652Z 20013G23KT 10SM SCT040 SCT046 BKN300 13/01 A2995 RMK AO2 SLP139 T01280011,null
CVG,2023-12-08 17:52,56,36,46.88,210,9,0,29.93,1013.2,10,null,OVC,null,null,null,3400,null,null,null,null,null,null,null,null,null,null,56,KCVG 081752Z 21009KT 10SM OVC034 13/02 A2993 RMK AO2 SLP132 T01330022 10133 20067 58018,null
CVG,2023-12-08 18:52,58,37,45.38,210,15,0,29.91,1012.5,10,20,BKN,OVC,null,null,3400,5500,null,null,null,null,null,null,null,null,null,58,KCVG 081852Z 21015G20KT 10SM BKN034 OVC055 14/03 A2991 RMK AO2 SLP125 BINOVC T01440028,null
CVG,2023-12-08 19:52,59,39,47.35,210,10,0,29.89,1012,10,16,BKN,BKN,null,null,3800,6000,null,null,null,null,null,null,null,null,null,59,KCVG 081952Z 21010G16KT 10SM BKN038 BKN060 15/04 A2989 RMK AO2 SLP120 T01500039,null
CVG,2023-12-08 20:52,60,41,49.39,200,13,0,29.89,1012,10,null,BKN,BKN,BKN,null,3900,5500,30000,null,null,null,null,null,null,null,null,60,KCVG 082052Z 20013KT 10SM BKN039 BKN055 BKN300 16/05 A2989 RMK AO2 SLP120 T01560050 56010,null
CVG,2023-12-08 21:52,59,40,49.23,210,9,0,29.91,1012.5,10,null,BKN,OVC,null,null,3200,6500,null,null,null,null,null,null,null,null,null,59,KCVG 082152Z 21009KT 10SM BKN032 OVC065 15/04 A2991 RMK AO2 SLP125 T01500044,null
CVG,2023-12-08 22:52,59,39,47.35,200,12,0,29.92,1012.9,10,null,OVC,null,null,null,3000,null,null,null,null,null,null,null,null,null,null,59,KCVG 082252Z 20012KT 10SM OVC030 15/04 A2992 RMK AO2 SLP129 T01500039,null
CVG,2023-12-08 23:52,59,38,45.53,200,11,0,29.93,1013.2,10,null,OVC,null,null,null,3200,null,null,null,null,null,null,null,null,null,null,59,KCVG 082352Z 20011KT 10SM OVC032 15/03 A2993 RMK AO2 SLP132 T01500033 10161 20133 51012,null
CVG,2023-12-09 0:52,57,38,48.93,190,10,0,29.93,1013.5,10,null,OVC,null,null,null,3200,null,null,null,null,null,null,null,null,null,null,57,KCVG 090052Z 19010KT 10SM OVC032 14/03 A2993 RMK AO2 SLP135 T01390033,null
CVG,2023-12-09 1:52,56,38,50.73,190,9,0,29.93,1013.4,10,null,SCT,SCT,OVC,null,3800,5000,7000,null,null,null,null,null,null,null,null,56,KCVG 090152Z 19009KT 10SM SCT038 SCT050 OVC070 13/03 A2993 RMK AO2 SLP134 BINOVC T01330033,null
CVG,2023-12-09 2:52,57,38,48.93,180,8,0,29.93,1013.4,10,null,OVC,null,null,null,4300,null,null,null,null,null,null,null,null,null,null,57,KCVG 090252Z 18008KT 10SM OVC043 14/03 A2993 RMK AO2 SLP134 BINOVC T01390033 51002,null
CVG,2023-12-09 3:52,55,39,54.7,190,9,0,29.94,1013.4,10,17,FEW,SCT,null,null,4300,6000,null,null,null,null,null,null,null,null,null,55,KCVG 090352Z 19009G17KT 10SM FEW043 SCT060 13/04 A2994 RMK AO2 SLP134 T01280039,null
CVG,2023-12-09 4:52,53,38,56.59,190,12,0,29.94,1013.4,10,null,FEW,null,null,null,9000,null,null,null,null,null,null,null,null,null,null,53,KCVG 090452Z 19012KT 10SM FEW090 12/03 A2994 RMK AO2 SLP134 T01170033 401610067,null
CVG,2023-12-09 5:52,54,40,58.99,180,10,0,29.93,1013.2,10,null,OVC,null,null,null,6500,null,null,null,null,null,null,null,null,null,null,54,KCVG 090552Z 18010KT 10SM OVC065 12/04 A2993 RMK AO2 SLP132 T01220044 10150 20106 58002,null
CVG,2023-12-09 6:52,54,42,63.74,180,11,0,29.91,1012.6,10,null,SCT,BKN,OVC,null,5000,6500,11000,null,null,null,null,null,null,null,null,54,KCVG 090652Z 18011KT 10SM SCT050 BKN065 OVC110 12/06 A2991 RMK AO2 SLP126 T01220056,null
CVG,2023-12-09 7:52,50,48,92.8,180,11,0.01,29.92,1012.9,10,null,OVC,null,null,null,4600,null,null,null,#NAME?,null,null,null,null,null,null,50,KCVG 090752Z 18011KT 10SM -RA OVC046 10/09 A2992 RMK AO2 RAB07 SLP129 P0001 T01000089,null
CVG,2023-12-09 8:52,50,50,100,170,12,0.01,29.92,1012.8,10,null,FEW,OVC,null,null,1000,3900,null,null,null,null,null,null,null,null,null,50,KCVG 090852Z 17012KT 10SM FEW010 OVC039 10/10 A2992 RMK AO2 RAE34 SLP128 P0001 60002 T01000100 56004,null
CVG,2023-12-09 9:52,51,50,96.36,170,12,T,29.9,1012.3,10,null,SCT,OVC,null,null,2300,3300,null,null,null,null,null,null,null,null,null,51,KCVG 090952Z 17012KT 10SM SCT023 OVC033 11/10 A2990 RMK AO2 RAB06E28 SLP123 P0000 T01060100,null
CVG,2023-12-09 10:31,53,51,92.89,180,13,0,29.9,null,10,null,BKN,OVC,null,null,2500,3000,null,null,null,null,null,null,null,null,null,53,KCVG 091031Z 18013KT 10SM BKN025 OVC030 12/11 A2990 RMK AO2 T01170106,null
CVG,2023-12-09 10:52,53,51,92.89,190,11,0,29.9,1012.3,10,null,FEW,BKN,OVC,null,2000,2500,4300,null,null,null,null,null,null,null,null,53,KCVG 091052Z 19011KT 10SM FEW020 BKN025 OVC043 12/11 A2990 RMK AO2 SLP123 T01170106,null
CVG,2023-12-09 11:52,53,52,96.39,180,11,0,29.91,1012.6,10,null,BKN,BKN,OVC,null,1600,2200,3000,null,null,null,null,null,null,null,null,53,KCVG 091152Z 18011KT 10SM BKN016 BKN022 OVC030 12/11 A2991 RMK AO2 SLP126 60002 70002 T01170111 10122 20100 55001,null
CVG,2023-12-09 12:52,54,53,96.4,180,14,0,29.92,1012.9,10,null,FEW,BKN,OVC,null,1300,1600,2000,null,null,null,null,null,null,null,null,54,KCVG 091252Z 18014KT 10SM FEW013 BKN016 OVC020 12/12 A2992 RMK AO2 SLP129 T01220117,null
CVG,2023-12-09 13:15,55,53,92.95,180,16,0,29.92,null,10,22,OVC,null,null,null,1400,null,null,null,null,null,null,null,null,null,null,55,KCVG 091315Z 18016G22KT 10SM OVC014 13/12 A2992 RMK AO2 T01280117,null
CVG,2023-12-09 13:52,56,54,92.98,190,15,0,29.93,1013,10,22,BKN,OVC,null,null,1400,5000,null,null,null,null,null,null,null,null,null,56,KCVG 091352Z 19015G22KT 10SM BKN014 OVC050 13/12 A2993 RMK AO2 SLP130 T01330122,null
CVG,2023-12-09 14:52,57,55,93.01,190,13,0,29.93,1013.2,10,19,BKN,OVC,null,null,1400,3800,null,null,null,null,null,null,null,null,null,57,KCVG 091452Z 19013G19KT 10SM BKN014 OVC038 14/13 A2993 RMK AO2 SLP132 T01390128 51006,null
CVG,2023-12-09 15:52,57,56,96.45,190,11,T,29.93,1013.3,3,null,BKN,OVC,null,null,1400,3000,null,null,null,null,null,null,null,null,null,57,KCVG 091552Z 19011KT 3SM BKN014 OVC030 14/13 A2993 RMK AO2 SFC VIS 10 LTG DSNT SW RAB22E37 SLP133 P0000 T01390133,null
CVG,2023-12-09 16:39,57,57,100,180,12,0.09,29.91,null,10,null,SCT,BKN,OVC,null,1400,2700,8500,null,#NAME?,null,null,null,null,null,null,57,KCVG 091639Z 18012KT 10SM -RA SCT014 BKN027 OVC085 14/14 A2991 RMK AO2 LTG DSNT SE RAB08 BINOVC P0009 T01390139,null
CVG,2023-12-09 16:52,59,58,96.48,180,15,0.09,29.9,1012.1,10,22,SCT,SCT,BKN,null,1200,3000,8500,null,null,null,null,null,null,null,null,59,KCVG 091652Z 18015G22KT 10SM SCT012 SCT030 BKN085 15/14 A2990 RMK AO2 LTG DSNT E AND SE RAB08E52 SLP121 BINOVC P0009 T01500144,null
CVG,2023-12-09 17:04,60,58,93.1,180,14,0,29.89,null,10,20,BKN,BKN,BKN,null,1200,2000,9000,null,null,null,null,null,null,null,null,60,KCVG 091704Z 18014G20KT 10SM BKN012 BKN020 BKN090 16/14 A2989 RMK AO2 LTG DSNT E AND SE T01560144,null
CVG,2023-12-09 17:52,58,57,96.46,190,17,0,29.88,1011.4,10,23,OVC,null,null,null,1000,null,null,null,null,null,null,null,null,null,null,58,KCVG 091752Z 19017G23KT 10SM OVC010 14/14 A2988 RMK AO2 SLP114 60009 T01440139 10156 20117 56019,null
CVG,2023-12-09 18:52,59,57,93.07,200,12,0,29.86,1010.9,10,20,BKN,OVC,null,null,1600,2300,null,null,null,null,null,null,null,null,null,59,KCVG 091852Z 20012G20KT 10SM BKN016 OVC023 15/14 A2986 RMK AO2 SLP109 T01500139,null
CVG,2023-12-09 19:52,59,58,96.48,190,9,0.01,29.85,1010.4,10,null,BKN,OVC,null,null,1600,2200,null,null,null,null,null,null,null,null,null,59,KCVG 091952Z 19009KT 10SM BKN016 OVC022 15/14 A2985 RMK AO2 RAB16E37 SLP104 P0001 T01500144,null
CVG,2023-12-09 20:23,59,58,96.48,180,11,0,29.84,null,10,null,BKN,OVC,null,null,1300,2000,null,null,null,null,null,null,null,null,null,59,KCVG 092023Z 18011KT 10SM BKN013 OVC020 15/14 A2984 RMK AO2 T01500144,null
CVG,2023-12-09 20:52,59,58,96.48,180,11,T,29.83,1009.8,3,null,BKN,OVC,null,null,1300,2500,null,null,RA BR,null,null,null,null,null,null,59,KCVG 092052Z 18011KT 3SM RA BR BKN013 OVC025 15/14 A2983 RMK AO2 RAB49 SLP098 P0000 60001 T01500144 58011,null
CVG,2023-12-09 21:31,58,58,100,170,14,0.03,29.82,null,10,null,BKN,OVC,null,null,900,1300,null,null,#NAME?,null,null,null,null,null,null,58,KCVG 092131Z 17014KT 10SM -RA BKN009 OVC013 14/14 A2982 RMK AO2 LTG DSNT SE AND S P0003 T01440144,null
CVG,2023-12-09 21:52,58,58,100,180,11,0.07,29.81,1009.3,5,null,BKN,BKN,OVC,null,900,1700,2500,null,#NAME?,null,null,null,null,null,null,58,KCVG 092152Z 18011KT 5SM -RA BR BKN009 BKN017 OVC025 14/14 A2981 RMK AO2 LTG DSNT E-S SLP093 P0007 T01440144,null
CVG,2023-12-09 22:43,57,56,96.45,200,10,T,29.83,null,8,null,SCT,BKN,OVC,null,1300,5500,7500,null,null,null,null,null,null,null,null,57,KCVG 092243Z 20010KT 8SM SCT013 BKN055 OVC075 14/13 A2983 RMK AO2 LTG DSNT N AND SE RAE38 P0000 T01390133,null
CVG,2023-12-09 22:52,57,56,96.45,220,8,T,29.84,1010,8,null,FEW,BKN,OVC,null,1300,4400,7500,null,null,null,null,null,null,null,null,57,KCVG 092252Z 22008KT 8SM FEW013 BKN044 OVC075 14/13 A2984 RMK AO2 LTG DSNT N AND NE RAE38 SLP100 P0000 T01390133,null
CVG,2023-12-09 23:26,57,57,100,240,8,0.06,29.85,null,8,14,FEW,BKN,OVC,null,800,1200,3300,null,#NAME?,null,null,null,null,null,null,57,KCVG 092326Z 24008G14KT 8SM +RA FEW008 BKN012 OVC033 14/14 A2985 RMK AO2 RAB18 P0006 T01390139,null
CVG,2023-12-09 23:52,56,56,100,300,12,0.11,29.86,1011,10,null,SCT,BKN,OVC,null,700,1200,2500,null,#NAME?,null,null,null,null,null,null,56,KCVG 092352Z 30012KT 10SM -RA SCT007 BKN012 OVC025 13/13 A2986 RMK AO2 RAB18 SLP110 P0011 60019 T01330133 10156 20133 53011,null
CVG,2023-12-10 0:20,52,51,96.37,320,14,0.06,29.88,null,4,19,SCT,BKN,OVC,null,700,2100,8000,null,RA BR,null,null,null,null,null,null,52,KCVG 100020Z 32014G19KT 4SM RA BR SCT007 BKN021 OVC080 11/11 A2988 RMK AO2 LTG DSNT SE AND S CIG 007 36R P0006 T01110106,null
CVG,2023-12-10 0:29,52,50,92.86,300,12,0.07,29.89,null,8,null,FEW,BKN,OVC,null,900,3800,8000,null,#NAME?,null,null,null,null,null,null,52,KCVG 100029Z 30012KT 8SM -RA FEW009 BKN038 OVC080 11/10 A2989 RMK AO2 LTG DSNT SE AND S CIG 025 36R P0007 T01110100,null
CVG,2023-12-10 0:52,51,50,96.36,310,8,0.07,29.88,1011.6,10,null,BKN,BKN,OVC,null,5500,7000,9000,null,null,null,null,null,null,null,null,51,KCVG 100052Z 31008KT 10SM BKN055 BKN070 OVC090 11/10 A2988 RMK AO2 LTG DSNT SE RAE36 SLP116 P0007 T01060100,null
CVG,2023-12-10 1:52,50,50,100,290,8,0,29.92,1012.9,10,null,BKN,OVC,null,null,4800,9000,null,null,null,null,null,null,null,null,null,50,KCVG 100152Z 29008KT 10SM BKN048 OVC090 10/10 A2992 RMK AO2 SLP129 T01000100,null
CVG,2023-12-10 2:52,48,47,96.31,300,5,0,29.9,1012.4,10,null,FEW,SCT,BKN,null,1100,9000,11000,null,null,null,null,null,null,null,null,45.4,KCVG 100252Z 30005KT 10SM FEW011 SCT090 BKN110 09/08 A2990 RMK AO2 SLP124 60007 T00890083 50014,null
CVG,2023-12-10 3:52,45,45,100,270,7,0,29.92,1013.1,10,null,FEW,null,null,null,9500,null,null,null,null,null,null,null,null,null,null,40.63,KCVG 100352Z 27007KT 10SM FEW095 07/07 A2992 RMK AO2 SLP131 T00720072,null
CVG,2023-12-10 4:52,45,42,89.15,290,12,0,29.94,1013.7,10,null,FEW,null,null,null,10000,null,null,null,null,null,null,null,null,null,null,38.55,KCVG 100452Z 29012KT 10SM FEW100 07/06 A2994 RMK AO2 SLP137 T00720056 401560056,null
CVG,2023-12-10 5:52,44,40,85.71,300,7,0,29.93,1013.2,10,null,CLR,null,null,null,null,null,null,null,null,null,null,null,null,null,null,39.41,KCVG 100552Z 30007KT 10SM CLR 07/04 A2993 RMK AO2 SLP132 60007 T00670044 10128 20056 50007,null
CVG,2023-12-10 6:52,42,40,92.55,300,7,0,29.92,1013.1,10,null,FEW,null,null,null,3800,null,null,null,null,null,null,null,null,null,null,36.97,KCVG 100652Z 30007KT 10SM FEW038 06/04 A2992 RMK AO2 SLP131 T00560044,null
CVG,2023-12-10 7:52,41,39,92.52,290,8,0,29.95,1013.9,10,null,BKN,null,null,null,4300,null,null,null,null,null,null,null,null,null,null,35.2,KCVG 100752Z 29008KT 10SM BKN043 05/04 A2995 RMK AO2 SLP139 T00500039,null
CVG,2023-12-10 8:52,40,35,82.15,310,5,0,29.95,1014.2,10,null,FEW,BKN,null,null,4000,15000,null,null,null,null,null,null,null,null,null,35.9,KCVG 100852Z 31005KT 10SM FEW040 BKN150 04/02 A2995 RMK AO2 SLP142 T00440017 53009,null
CVG,2023-12-10 9:27,40,35,82.15,290,7,0,29.97,null,10,null,BKN,BKN,null,null,2300,15000,null,null,null,null,null,null,null,null,null,34.53,KCVG 100927Z 29007KT 10SM BKN023 BKN150 04/02 A2997 RMK AO2 T00440017,null
CVG,2023-12-10 9:52,38,35,88.83,280,6,0,29.97,1014.9,10,null,SCT,BKN,null,null,2500,3600,null,null,null,null,null,null,null,null,null,32.76,KCVG 100952Z 28006KT 10SM SCT025 BKN036 03/02 A2997 RMK AO2 SLP149 T00330017,null
CVG,2023-12-10 10:52,37,30,75.56,290,9,0,29.97,1014.8,10,null,FEW,OVC,null,null,3100,20000,null,null,null,null,null,null,null,null,null,29.73,KCVG 101052Z 29009KT 10SM FEW031 OVC200 03/M01 A2997 RMK AO2 SLP148 T00281011,null
CVG,2023-12-10 11:52,36,29,75.46,300,9,0,29.98,1015.3,10,null,FEW,SCT,OVC,null,3000,10000,20000,null,null,null,null,null,null,null,null,28.49,KCVG 101152Z 30009KT 10SM FEW030 SCT100 OVC200 02/M02 A2998 RMK AO2 SLP153 70035 T00221017 10067 20022 51009,null
CVG,2023-12-10 12:52,35,29,78.51,290,8,0,29.99,1015.8,10,null,FEW,BKN,BKN,null,4500,15000,20000,null,null,null,null,null,null,null,null,27.81,KCVG 101252Z 29008KT 10SM FEW045 BKN150 BKN200 02/M02 A2999 RMK AO2 SLP158 T00171017,null
CVG,2023-12-10 13:49,35.6,30.2,80.51,290,9,0,29.99,null,10,null,OVC,null,null,null,2800,null,null,null,null,null,null,null,null,null,null,27.99,KCVG 101349Z 29009KT 10SM OVC028 02/M01 A2999 RMK AO2 BINOVC,null
CVG,2023-12-10 13:52,36,31,81.86,290,9,0,29.99,1015.8,10,null,OVC,null,null,null,2800,null,null,null,null,null,null,null,null,null,null,28.49,KCVG 101352Z 29009KT 10SM OVC028 02/M01 A2999 RMK AO2 SLP158 BINOVC T00221006,null
CVG,2023-12-10 14:52,37,31,78.69,300,7,0,30.01,1016.3,10,null,SCT,OVC,null,null,2300,3000,null,null,null,null,null,null,null,null,null,30.87,KCVG 101452Z 30007KT 10SM SCT023 OVC030 03/M01 A3001 RMK AO2 SLP163 T00281006 53005,null
CVG,2023-12-10 15:27,36,30,78.6,300,13,0,30.01,null,10,19,OVC,null,null,null,2600,null,null,null,null,null,null,null,null,null,null,26.69,KCVG 101527Z 30013G19KT 10SM OVC026 02/M01 A3001 RMK AO2 T00221011,null
CVG,2023-12-10 15:52,37,29,72.54,300,10,0,30.01,1016.4,10,null,SCT,OVC,null,null,2800,3300,null,null,null,null,null,null,null,null,null,29.24,KCVG 101552Z 30010KT 10SM SCT028 OVC033 03/M02 A3001 RMK AO2 CIG 026 36R SLP164 T00281017,null
CVG,2023-12-10 16:52,37,29,72.54,270,9,0,29.99,1016,10,null,SCT,OVC,null,null,2800,3400,null,null,null,null,null,null,null,null,null,29.73,KCVG 101652Z 27009KT 10SM SCT028 OVC034 03/M02 A2999 RMK AO2 SLP160 T00281017,null
CVG,2023-12-10 17:38,37,29,72.54,270,7,0,29.99,null,10,null,BKN,OVC,null,null,2800,3300,null,null,null,null,null,null,null,null,null,30.87,KCVG 101738Z 27007KT 10SM BKN028 OVC033 03/M02 A2999 RMK AO2 T00281017,null
CVG,2023-12-10 17:52,37,29,72.54,260,9,0,29.99,1015.8,10,null,BKN,OVC,null,null,2800,3300,null,null,null,null,null,null,null,null,null,29.73,KCVG 101752Z 26009KT 10SM BKN028 OVC033 03/M02 A2999 RMK AO2 SLP158 T00281017 10028 20011 58006,null
CVG,2023-12-10 17:59,37,29,72.54,270,9,0,29.99,null,10,null,FEW,OVC,null,null,2600,3200,null,null,null,null,null,null,null,null,null,29.73,KCVG 101759Z 27009KT 10SM FEW026 OVC032 03/M02 A2999 RMK AO2 T00281017,null
CVG,2023-12-10 18:21,37,30,75.56,290,8,0,29.99,null,10,null,OVC,null,null,null,2900,null,null,null,null,null,null,null,null,null,null,30.27,KCVG 101821Z 29008KT 10SM OVC029 03/M01 A2999 RMK AO2 T00281011,null
CVG,2023-12-10 18:52,37,30,75.56,290,11,0,29.99,1015.7,10,null,OVC,null,null,null,2700,null,null,null,null,null,null,null,null,null,null,28.79,KCVG 101852Z 29011KT 10SM OVC027 03/M01 A2999 RMK AO2 SLP157 T00281011,null
CVG,2023-12-10 19:52,36,30,78.6,300,12,0,29.99,1015.7,10,null,OVC,null,null,null,2700,null,null,null,null,null,null,null,null,null,null,27.09,KCVG 101952Z 30012KT 10SM OVC027 02/M01 A2999 RMK AO2 SLP157 T00221011,null
CVG,2023-12-10 20:52,35,31,85.17,310,10,0,30,1016.3,10,null,BKN,OVC,null,null,2300,3000,null,null,null,null,null,null,null,null,null,26.73,KCVG 102052Z 31010KT 10SM BKN023 OVC030 02/M01 A3000 RMK AO2 SLP163 T00171006 53004,null
CVG,2023-12-10 21:33,35,32,88.68,300,11,0,30.03,null,10,null,OVC,null,null,null,3000,null,null,null,null,null,null,null,null,null,null,26.26,KCVG 102133Z 30011KT 10SM OVC030 02/00 A3003 RMK AO2 T00170000,null
CVG,2023-12-10 21:52,35,31,85.17,310,9,0,30.03,1017.4,10,null,FEW,BKN,OVC,null,1500,2400,3000,null,null,null,null,null,null,null,null,27.24,KCVG 102152Z 31009KT 10SM FEW015 BKN024 OVC030 02/M01 A3003 RMK AO2 SLP174 T00171006,null
CVG,2023-12-10 22:52,34,30,85.11,300,9,0,30.05,1017.9,10,null,OVC,null,null,null,2600,null,null,null,null,null,null,null,null,null,null,26,KCVG 102252Z 30009KT 10SM OVC026 01/M01 A3005 RMK AO2 SLP179 T00111011,null
CVG,2023-12-10 23:52,33,29,85.04,310,13,0,30.06,1018.5,10,null,OVC,null,null,null,1900,null,null,null,null,null,null,null,null,null,null,22.85,KCVG 102352Z 31013KT 10SM OVC019 01/M02 A3006 RMK AO2 SLP185 T00061017 10028 20006 51020,null
CVG,2023-12-11 0:52,33,28,81.63,320,10,0,30.06,1018.4,10,null,OVC,null,null,null,2000,null,null,null,null,null,null,null,null,null,null,24.22,KCVG 110052Z 32010KT 10SM OVC020 01/M02 A3006 RMK AO2 SLP184 T00061022,null
CVG,2023-12-11 1:52,32,27,81.55,310,8,0,30.06,1018.3,10,null,OVC,null,null,null,1700,null,null,null,null,null,null,null,null,null,null,24.11,KCVG 110152Z 31008KT 10SM OVC017 00/M03 A3006 RMK AO2 SLP183 T00001028,null
CVG,2023-12-11 2:23,32,27,81.55,290,9,0,30.06,null,10,null,SCT,OVC,null,null,1700,3200,null,null,null,null,null,null,null,null,null,23.51,KCVG 110223Z 29009KT 10SM SCT017 OVC032 00/M03 A3006 RMK AO2 T00001028,null
CVG,2023-12-11 2:52,32,27,81.55,300,10,0,30.06,1018.4,10,null,OVC,null,null,null,3300,null,null,null,null,null,null,null,null,null,null,22.97,KCVG 110252Z 30010KT 10SM OVC033 00/M03 A3006 RMK AO2 SLP184 T00001028 55001,null
CVG,2023-12-11 3:52,32,28,84.98,280,7,0,30.05,1018.2,10,null,BKN,OVC,null,null,1800,3900,null,null,null,null,null,null,null,null,null,24.78,KCVG 110352Z 28007KT 10SM BKN018 OVC039 00/M02 A3005 RMK AO2 SLP182 T00001022,null
CVG,2023-12-11 4:52,32,27,81.55,290,6,0,30.04,1017.6,10,null,OVC,null,null,null,1800,null,null,null,null,null,null,null,null,null,null,25.53,KCVG 110452Z 29006KT 10SM OVC018 00/M03 A3004 RMK AO2 SLP176 T00001028 400780000,null
CVG,2023-12-11 5:52,32,28,84.98,300,10,0,30.04,1017.6,10,null,OVC,null,null,null,1600,null,null,null,null,null,null,null,null,null,null,22.97,KCVG 110552Z 30010KT 10SM OVC016 00/M02 A3004 RMK AO2 SLP176 T00001022 10006 20000 55007,null
CVG,2023-12-11 6:52,32,27,81.55,310,7,0,30.05,1018.1,10,null,BKN,OVC,null,null,1800,2400,null,null,null,null,null,null,null,null,null,24.78,KCVG 110652Z 31007KT 10SM BKN018 OVC024 00/M03 A3005 RMK AO2 SLP181 T00001028,null
CVG,2023-12-11 7:52,31,27,84.92,300,6,0,30.08,1018.9,10,null,BKN,BKN,OVC,null,1900,2900,4700,null,null,null,null,null,null,null,null,24.33,KCVG 110752Z 30006KT 10SM BKN019 BKN029 OVC047 M01/M03 A3008 RMK AO2 SLP189 T10061028,null
CVG,2023-12-11 8:52,31,27,84.92,290,8,0,30.09,1019.7,10,null,OVC,null,null,null,1500,null,null,null,null,null,null,null,null,null,null,22.88,KCVG 110852Z 29008KT 10SM OVC015 M01/M03 A3009 RMK AO2 SLP197 T10061028 53019,null
CVG,2023-12-11 9:52,31,27,84.92,280,7,0,30.11,1020.1,10,null,OVC,null,null,null,1500,null,null,null,null,null,null,null,null,null,null,23.56,KCVG 110952Z 28007KT 10SM OVC015 M01/M03 A3011 RMK AO2 SLP201 T10061028,null
CVG,2023-12-11 10:52,32,27,81.55,300,8,0,30.13,1020.9,10,null,OVC,null,null,null,1500,null,null,null,null,null,null,null,null,null,null,24.11,KCVG 111052Z 30008KT 10SM OVC015 00/M03 A3013 RMK AO2 SLP209 T00001028,null
CVG,2023-12-11 11:52,31,26,81.48,300,6,0,30.15,1021.6,10,null,OVC,null,null,null,1500,null,null,null,null,null,null,null,null,null,null,24.33,KCVG 111152Z 30006KT 10SM OVC015 M01/M03 A3015 RMK AO2 SLP216 T10061033 10000 21006 53019,null
CVG,2023-12-11 12:52,31,27,84.92,250,5,0,30.18,1022.4,10,null,OVC,null,null,null,2000,null,null,null,null,null,null,null,null,null,null,25.21,KCVG 111252Z 25005KT 10SM OVC020 M01/M03 A3018 RMK AO2 SLP224 T10061028,null
CVG,2023-12-11 13:52,31,27,84.92,270,9,0,30.2,1023.3,10,null,OVC,null,null,null,2400,null,null,null,null,null,null,null,null,null,null,22.27,KCVG 111352Z 27009KT 10SM OVC024 M01/M03 A3020 RMK AO2 SLP233 T10061028,null
CVG,2023-12-11 14:52,32,27,81.55,250,7,0,30.22,1023.9,10,null,OVC,null,null,null,2400,null,null,null,null,null,null,null,null,null,null,24.78,KCVG 111452Z 25007KT 10SM OVC024 00/M03 A3022 RMK AO2 SLP239 T00001028 51023,null
CVG,2023-12-11 15:52,33,26,75.17,260,6,0,30.23,1024.2,10,null,OVC,null,null,null,2400,null,null,null,null,null,null,null,null,null,null,26.73,KCVG 111552Z 26006KT 10SM OVC024 01/M03 A3023 RMK AO2 SLP242 T00061033,null
CVG,2023-12-11 16:52,34,25,69.28,270,8,0,30.22,1023.8,10,null,OVC,null,null,null,2200,null,null,null,null,null,null,null,null,null,null,26.58,KCVG 111652Z 27008KT 10SM OVC022 01/M04 A3022 RMK AO2 SLP238 BINOVC T00111039,null
CVG,2023-12-11 17:44,36,26,66.69,210,8,0,30.2,null,10,null,SCT,null,null,null,2200,null,null,null,null,null,null,null,null,null,null,29.04,KCVG 111744Z 21008KT 10SM SCT022 02/M03 A3020 RMK AO2 T00221033,null
CVG,2023-12-11 17:52,37,26,64.11,290,7,0,30.2,1023,10,null,SCT,null,null,null,2400,null,null,null,null,null,null,null,null,null,null,30.87,KCVG 111752Z 29007KT 260V320 10SM SCT024 03/M03 A3020 RMK AO2 SLP230 60000 T00281033 10028 21006 58008,null
CVG,2023-12-11 18:52,38,26,61.64,240,8,0,30.19,1022.7,10,null,FEW,null,null,null,2600,null,null,null,null,null,null,null,null,null,null,31.5,KCVG 111852Z 24008KT 10SM FEW026 03/M03 A3019 RMK AO2 SLP227 T00331033,null
CVG,2023-12-11 19:52,39,26,59.27,270,6,0,30.19,1022.8,10,null,FEW,null,null,null,3000,null,null,null,null,null,null,null,null,null,null,33.96,KCVG 111952Z 27006KT 10SM FEW030 04/M03 A3019 RMK AO2 SLP228 T00391033,null
CVG,2023-12-11 20:52,39,25,56.86,220,4,0,30.19,1022.8,10,null,CLR,null,null,null,null,null,null,null,null,null,null,null,null,null,null,35.59,KCVG 112052Z 22004KT 10SM CLR 04/M04 A3019 RMK AO2 SLP228 T00391039 56002,null
CVG,2023-12-11 21:52,37,25,61.5,200,7,0,30.21,1023.5,10,null,CLR,null,null,null,null,null,null,null,null,null,null,null,null,null,null,30.87,KCVG 112152Z 20007KT 10SM CLR 03/M04 A3021 RMK AO2 SLP235 T00281039,null
CVG,2023-12-11 22:52,36,24,61.37,220,4,0,30.23,1024.3,10,null,CLR,null,null,null,null,null,null,null,null,null,null,null,null,null,null,32.09,KCVG 112252Z 22004KT 10SM CLR 02/M04 A3023 RMK AO2 SLP243 T00221044,null
CVG,2023-12-11 23:52,35,24,63.85,220,4,0,30.26,1025.2,10,null,CLR,null,null,null,null,null,null,null,null,null,null,null,null,null,null,30.92,KCVG 112352Z 22004KT 10SM CLR 02/M04 A3026 RMK AO2 SLP252 T00171044 10044 20011 53022,null
CVG,2023-12-12 0:52,32,24,72,190,3,0,30.27,1025.6,10,null,CLR,null,null,null,null,null,null,null,null,null,null,null,null,null,null,28.69,KCVG 120052Z 19003KT 10SM CLR 00/M04 A3027 RMK AO2 SLP256 T00001044,null
CVG,2023-12-12 1:52,31,24,74.97,190,5,0,30.28,1025.9,10,null,CLR,null,null,null,null,null,null,null,null,null,null,null,null,null,null,25.21,KCVG 120152Z 19005KT 10SM CLR M01/M04 A3028 RMK AO2 SLP259 T10061044,null
CVG,2023-12-12 2:52,30,24,78.07,190,6,0,30.28,1026.1,10,null,CLR,null,null,null,null,null,null,null,null,null,null,null,null,null,null,23.12,KCVG 120252Z 19006KT 10SM CLR M01/M04 A3028 RMK AO2 SLP261 T10111044 51007,null
CVG,2023-12-12 3:52,29,24,81.32,190,6,0,30.28,1026.2,10,null,CLR,null,null,null,null,null,null,null,null,null,null,null,null,null,null,21.92,KCVG 120352Z 19006KT 10SM CLR M02/M04 A3028 RMK AO2 SLP262 T10171044,null
CVG,2023-12-12 4:52,29,24,81.32,200,6,0,30.29,1026.3,10,null,CLR,null,null,null,null,null,null,null,null,null,null,null,null,null,null,21.92,KCVG 120452Z 20006KT 10SM CLR M02/M04 A3029 RMK AO2 SLP263 T10171044 400441022,null
CVG,2023-12-12 5:52,28,23,81.25,200,6,0,30.29,1026.4,10,null,CLR,null,null,null,null,null,null,null,null,null,null,null,null,null,null,20.71,KCVG 120552Z 20006KT 10SM CLR M02/M05 A3029 RMK AO2 SLP264 T10221050 10011 21022 53004,null
CVG,2023-12-12 6:52,27,23,84.66,190,7,0,30.29,1026.4,10,null,CLR,null,null,null,null,null,null,null,null,null,null,null,null,null,null,18.68,KCVG 120652Z 19007KT 10SM CLR M03/M05 A3029 RMK AO2 SLP264 T10281050,null
CVG,2023-12-12 7:52,28,23,81.25,200,9,0,30.3,1026.7,10,null,CLR,null,null,null,null,null,null,null,null,null,null,null,null,null,null,18.54,KCVG 120752Z 20009KT 10SM CLR M02/M05 A3030 RMK AO2 SLP267 T10221050,null
CVG,2023-12-12 8:52,27,23,84.66,190,8,0,30.3,1026.6,10,null,CLR,null,null,null,null,null,null,null,null,null,null,null,null,null,null,17.95,KCVG 120852Z 19008KT 10SM CLR M03/M05 A3030 RMK AO2 SLP266 T10281050 50002,null
CVG,2023-12-12 9:52,29,23,77.98,190,8,0,30.3,1026.7,10,null,CLR,null,null,null,null,null,null,null,null,null,null,null,null,null,null,20.42,KCVG 120952Z 19008KT 10SM CLR M02/M05 A3030 RMK AO2 SLP267 T10171050,null
CVG,2023-12-12 10:52,29,23,77.98,190,9,0,30.31,1026.9,10,null,CLR,null,null,null,null,null,null,null,null,null,null,null,null,null,null,19.78,KCVG 121052Z 19009KT 10SM CLR M02/M05 A3031 RMK AO2 SLP269 T10171050,null
CVG,2023-12-12 11:52,29,24,81.32,190,9,0,30.32,1027.3,10,null,CLR,null,null,null,null,null,null,null,null,null,null,null,null,null,null,19.78,KCVG 121152Z 19009KT 10SM CLR M02/M04 A3032 RMK AO2 SLP273 T10171044 11011 21028 53007,null
CVG,2023-12-12 12:52,30,23,74.87,200,8,0,30.34,1028.1,10,null,CLR,null,null,null,null,null,null,null,null,null,null,null,null,null,null,21.65,KCVG 121252Z 20008KT 10SM CLR M01/M05 A3034 RMK AO2 SLP281 T10111050,null
CVG,2023-12-12 13:52,32,24,72,200,8,0,30.35,1028.4,10,null,CLR,null,null,null,null,null,null,null,null,null,null,null,null,null,null,24.11,KCVG 121352Z 20008KT 10SM CLR 00/M04 A3035 RMK AO2 SLP284 T00001044,null
CVG,2023-12-12 14:52,36,26,66.69,220,9,0,30.38,1029.4,10,null,CLR,null,null,null,null,null,null,null,null,null,null,null,null,null,null,28.49,KCVG 121452Z 22009KT 10SM CLR 02/M03 A3038 RMK AO2 SLP294 T00221033 53020,null
CVG,2023-12-12 15:52,40,27,59.41,230,11,0,30.4,1029.8,10,19,FEW,null,null,null,25000,null,null,null,null,null,null,null,null,null,null,32.58,KCVG 121552Z 23011G19KT 10SM FEW250 04/M03 A3040 RMK AO2 SLP298 T00441028,null
CVG,2023-12-12 16:52,43,28,55.14,220,11,0,30.38,1029.3,10,null,CLR,null,null,null,null,null,null,null,null,null,null,null,null,null,null,36.37,KCVG 121652Z 22011KT 10SM CLR 06/M02 A3038 RMK AO2 SLP293 T00611022,null
CVG,2023-12-12 17:52,46,29,51.24,240,9,0,30.37,1028.9,10,null,FEW,null,null,null,30000,null,null,null,null,null,null,null,null,null,null,40.92,KCVG 121752Z 24009KT 10SM FEW300 08/M02 A3037 RMK AO2 SLP289 T00781017 10083 21017 58003,null
CVG,2023-12-12 18:52,48,28,45.61,230,10,0,30.37,1028.8,10,null,FEW,null,null,null,30000,null,null,null,null,null,null,null,null,null,null,43.03,KCVG 121852Z 23010KT 10SM FEW300 09/M02 A3037 RMK AO2 SLP288 T00891022,null
CVG,2023-12-12 19:52,49,28,43.93,250,7,0,30.37,1028.6,10,null,CLR,null,null,null,null,null,null,null,null,null,null,null,null,null,null,45.5,KCVG 121952Z 25007KT 10SM CLR 09/M02 A3037 RMK AO2 SLP286 T00941022,null
CVG,2023-12-12 20:52,50,27,40.62,230,8,0,30.38,1029,10,null,CLR,null,null,null,null,null,null,null,null,null,null,null,null,null,null,50,KCVG 122052Z 23008KT 10SM CLR 10/M03 A3038 RMK AO2 SLP290 T01001028 53002,null
CVG,2023-12-12 21:52,47,27,45.45,230,7,0,30.39,1029.6,10,null,CLR,null,null,null,null,null,null,null,null,null,null,null,null,null,null,43.06,KCVG 122152Z 23007KT 10SM CLR 08/M03 A3039 RMK AO2 SLP296 T00831028,null
CVG,2023-12-12 22:52,44,26,48.86,230,6,0,30.42,1030.5,10,null,CLR,null,null,null,null,null,null,null,null,null,null,null,null,null,null,39.98,KCVG 122252Z 23006KT 10SM CLR 07/M03 A3042 RMK AO2 SLP305 T00671033,null
CVG,2023-12-12 23:52,43,26,50.77,220,5,0,30.44,1031.4,10,null,CLR,null,null,null,null,null,null,null,null,null,null,null,null,null,null,39.46,KCVG 122352Z 22005KT 10SM CLR 06/M03 A3044 RMK AO2 SLP314 T00611033 10100 20056 53022,null
CVG,2023-12-13 0:52,40,26,57.01,220,5,0,30.45,1031.8,10,null,CLR,null,null,null,null,null,null,null,null,null,null,null,null,null,null,35.9,KCVG 130052Z 22005KT 10SM CLR 04/M03 A3045 RMK AO2 SLP318 T00441033,null
CVG,2023-12-13 1:52,41,26,54.84,240,5,0,30.47,1032.4,10,null,CLR,null,null,null,null,null,null,null,null,null,null,null,null,null,null,37.08,KCVG 130152Z 24005KT 10SM CLR 05/M03 A3047 RMK AO2 SLP324 T00501033,null
CVG,2023-12-13 2:52,37,27,66.82,280,7,0,30.49,1032.9,10,null,CLR,null,null,null,null,null,null,null,null,null,null,null,null,null,null,30.87,KCVG 130252Z 28007KT 10SM CLR 03/M03 A3049 RMK AO2 SLP329 APRNT FROPA 0213 T00281028 53016,null
CVG,2023-12-13 3:52,36,26,66.69,280,5,0,30.52,1033.8,10,null,CLR,null,null,null,null,null,null,null,null,null,null,null,null,null,null,31.15,KCVG 130352Z 28005KT 10SM CLR 02/M03 A3052 RMK AO2 SLP338 T00221033,null
CVG,2023-12-13 4:52,35,26,69.39,300,5,0,30.53,1034.2,10,null,FEW,null,null,null,30000,null,null,null,null,null,null,null,null,null,null,29.96,KCVG 130452Z 30005KT 10SM FEW300 02/M03 A3053 RMK AO2 SLP342 T00171033 401001028,null
CVG,2023-12-13 5:52,36,23,58.85,null,4,0,30.54,1034.6,10,null,CLR,null,null,null,null,null,null,null,null,null,null,null,null,null,null,32.09,KCVG 130552Z VRB04KT 10SM CLR 02/M05 A3054 RMK AO2 SLP346 T00221050 10061 20011 51017,null
CVG,2023-12-13 6:52,33,22,63.59,0,0,0,30.55,1035,10,null,CLR,null,null,null,null,null,null,null,null,null,null,null,null,null,null,33,KCVG 130652Z 00000KT 10SM CLR 01/M06 A3055 RMK AO2 SLP350 T00061056,null
CVG,2023-12-13 7:52,30,22,71.78,340,5,0,30.57,1035.6,10,null,FEW,null,null,null,30000,null,null,null,null,null,null,null,null,null,null,24.02,KCVG 130752Z 34005KT 10SM FEW300 M01/M06 A3057 RMK AO2 SLP356 T10111056,null
CVG,2023-12-13 8:52,32,21,63.45,350,5,0,30.58,1035.8,10,null,FEW,null,null,null,30000,null,null,null,null,null,null,null,null,null,null,26.4,KCVG 130852Z 35005KT 10SM FEW300 00/M06 A3058 RMK AO2 SLP358 T00001061 51012,null
CVG,2023-12-13 9:52,30,22,71.78,350,6,0,30.59,1036.3,10,null,SCT,null,null,null,30000,null,null,null,null,null,null,null,null,null,null,23.12,KCVG 130952Z 35006KT 10SM SCT300 M01/M06 A3059 RMK AO2 SLP363 T10111056,null
CVG,2023-12-13 10:52,30,23,74.87,360,4,0,30.6,1036.8,10,null,OVC,null,null,null,12000,null,null,null,null,null,null,null,null,null,null,25.08,KCVG 131052Z 36004KT 10SM OVC120 M01/M05 A3060 RMK AO2 SLP368 T10111050,null
CVG,2023-12-13 11:52,30,23,74.87,340,4,0,30.62,1037.2,10,null,SCT,BKN,null,null,11000,25000,null,null,null,null,null,null,null,null,null,25.08,KCVG 131152Z 34004KT 10SM SCT110 BKN250 M01/M05 A3062 RMK AO2 SLP372 T10111050 10028 21022 51013,null
CVG,2023-12-13 12:52,28,21,74.67,280,3,0,30.63,1037.9,10,null,BKN,BKN,null,null,8500,25000,null,null,null,null,null,null,null,null,null,24.12,KCVG 131252Z 28003KT 10SM BKN085 BKN250 M02/M06 A3063 RMK AO2 SLP379 T10221061,null
CVG,2023-12-13 13:52,31,24,74.97,330,4,0,30.66,1038.7,10,null,OVC,null,null,null,7000,null,null,null,null,null,null,null,null,null,null,26.25,KCVG 131352Z 33004KT 10SM OVC070 M01/M04 A3066 RMK AO2 SLP387 BINOVC T10061044,null
CVG,2023-12-13 14:18,32,24,72,0,0,0,30.67,null,10,null,FEW,SCT,null,null,7000,25000,null,null,null,null,null,null,null,null,null,32,KCVG 131418Z 00000KT 10SM FEW070 SCT250 00/M04 A3067 RMK AO2 T00001044,null
CVG,2023-12-13 14:52,34,24,66.45,350,4,0,30.68,1039.6,10,null,SCT,SCT,null,null,16000,25000,null,null,null,null,null,null,null,null,null,29.76,KCVG 131452Z 35004KT 10SM SCT160 SCT250 01/M04 A3068 RMK AO2 SLP396 T00111044 53022,null
CVG,2023-12-13 15:52,36,23,58.85,0,0,0,30.68,1039.6,10,null,FEW,FEW,null,null,18000,30000,null,null,null,null,null,null,null,null,null,36,KCVG 131552Z 00000KT 10SM FEW180 FEW300 02/M05 A3068 RMK AO2 SLP396 T00221050,null
CVG,2023-12-13 16:52,39,21,48.06,0,0,0,30.68,1039.3,10,null,FEW,null,null,null,30000,null,null,null,null,null,null,null,null,null,null,39,KCVG 131652Z 00000KT 10SM FEW300 04/M06 A3068 RMK AO2 SLP393 T00391061,null
CVG,2023-12-13 17:52,41,18,39.12,0,0,0,30.66,1038.5,10,null,FEW,FEW,null,null,22000,30000,null,null,null,null,null,null,null,null,null,41,KCVG 131752Z 00000KT 10SM FEW220 FEW300 05/M08 A3066 RMK AO2 SLP385 T00501078 10050 21028 58008,null
CVG,2023-12-13 18:52,44,14,29.3,0,0,0,30.65,1038.3,10,null,FEW,null,null,null,30000,null,null,null,null,null,null,null,null,null,null,44,KCVG 131852Z 00000KT 10SM FEW300 07/M10 A3065 RMK AO2 SLP383 T00671100,null
CVG,2023-12-13 19:52,45,13,26.99,0,0,0,30.65,1038.5,10,null,SCT,null,null,null,30000,null,null,null,null,null,null,null,null,null,null,45,KCVG 131952Z 00000KT 10SM SCT300 07/M11 A3065 RMK AO2 SLP385 T00721106,null
CVG,2023-12-13 20:52,44,11,25.66,0,0,0,30.66,1038.6,10,null,SCT,null,null,null,30000,null,null,null,null,null,null,null,null,null,null,44,KCVG 132052Z 00000KT 10SM SCT300 07/M12 A3066 RMK AO2 SLP386 T00671117 55000,null
CVG,2023-12-13 21:52,42,13,30.28,0,0,0,30.67,1039.1,10,null,SCT,null,null,null,30000,null,null,null,null,null,null,null,null,null,null,42,KCVG 132152Z 00000KT 10SM SCT300 06/M11 A3067 RMK AO2 SLP391 T00561106,null
CVG,2023-12-13 22:52,40,12,31.3,0,0,0,30.68,1039.4,10,null,FEW,null,null,null,30000,null,null,null,null,null,null,null,null,null,null,40,KCVG 132252Z 00000KT 10SM FEW300 04/M11 A3068 RMK AO2 SLP394 T00441111,null
CVG,2023-12-13 23:52,35,14,41.61,300,3,0,30.69,1039.9,10,null,SCT,null,null,null,30000,null,null,null,null,null,null,null,null,null,null,32.12,KCVG 132352Z 30003KT 10SM SCT300 02/M10 A3069 RMK AO2 SLP399 T00171100 10072 20011 51010,null
CVG,2023-12-14 0:52,34,17,49.34,0,0,0,30.69,1040.2,10,null,FEW,null,null,null,30000,null,null,null,null,null,null,null,null,null,null,34,KCVG 140052Z 00000KT 10SM FEW300 01/M08 A3069 RMK AO2 SLP402 T00111083,null
CVG,2023-12-14 1:52,35,17,47.41,0,0,0,30.7,1040.1,10,null,CLR,null,null,null,null,null,null,null,null,null,null,null,null,null,null,35,KCVG 140152Z 00000KT 10SM CLR 02/M08 A3070 RMK AO2 SLP401 T00171083,null
CVG,2023-12-14 2:52,31,18,58.12,0,0,0,30.69,1039.9,10,null,CLR,null,null,null,null,null,null,null,null,null,null,null,null,null,null,31,KCVG 140252Z 00000KT 10SM CLR M01/M08 A3069 RMK AO2 SLP399 T10061078 50000,null
CVG,2023-12-14 3:52,29,18,63.05,0,0,0,30.7,1040.1,10,null,CLR,null,null,null,null,null,null,null,null,null,null,null,null,null,null,29,KCVG 140352Z 00000KT 10SM CLR M02/M08 A3070 RMK AO2 SLP401 T10171078,null
CVG,2023-12-14 4:52,28,18,65.69,0,0,0,30.7,1040.1,10,null,CLR,null,null,null,null,null,null,null,null,null,null,null,null,null,null,28,KCVG 140452Z 00000KT 10SM CLR M02/M08 A3070 RMK AO2 SLP401 T10221078 400721028,null
CVG,2023-12-14 5:52,28,18,65.69,0,0,0,30.68,1039.6,10,null,CLR,null,null,null,null,null,null,null,null,null,null,null,null,null,null,28,KCVG 140552Z 00000KT 10SM CLR M02/M08 A3068 RMK AO2 SLP396 T10221078 10022 21028 58002,null
CVG,2023-12-14 6:52,27,17,65.56,0,0,0,30.69,1039.7,10,null,CLR,null,null,null,null,null,null,null,null,null,null,null,null,null,null,27,KCVG 140652Z 00000KT 10SM CLR M03/M08 A3069 RMK AO2 SLP397 T10281083,null
CVG,2023-12-14 7:52,28,18,65.69,20,3,0,30.71,1040.4,10,null,CLR,null,null,null,null,null,null,null,null,null,null,null,null,null,null,24.12,KCVG 140752Z 02003KT 10SM CLR M02/M08 A3071 RMK AO2 SLP404 T10221078,null
CVG,2023-12-14 8:52,29,18,63.05,0,0,0,30.7,1040.1,10,null,CLR,null,null,null,null,null,null,null,null,null,null,null,null,null,null,29,KCVG 140852Z 00000KT 10SM CLR M02/M08 A3070 RMK AO2 SLP401 T10171078 50005,null
CVG,2023-12-14 9:52,27,18,68.45,0,0,0,30.69,1040,10,null,CLR,null,null,null,null,null,null,null,null,null,null,null,null,null,null,27,KCVG 140952Z 00000KT 10SM CLR M03/M08 A3069 RMK AO2 SLP400 T10281078,null
CVG,2023-12-14 10:52,27,18,68.45,0,0,0,30.69,1040,10,null,CLR,null,null,null,null,null,null,null,null,null,null,null,null,null,null,27,KCVG 141052Z 00000KT 10SM CLR M03/M08 A3069 RMK AO2 SLP400 T10281078,null
CVG,2023-12-14 11:52,26,19,74.46,190,3,0,30.71,1040.8,10,null,CLR,null,null,null,null,null,null,null,null,null,null,null,null,null,null,21.83,KCVG 141152Z 19003KT 10SM CLR M03/M07 A3071 RMK AO2 SLP408 T10331072 10000 21033 53004,null
CVG,2023-12-14 12:52,24,18,77.53,210,3,0,30.72,1041.1,8,null,CLR,null,null,null,null,null,null,null,null,null,null,null,null,null,null,19.54,KCVG 141252Z 21003KT 8SM CLR M04/M08 A3072 RMK AO2 SLP411 T10441078,null
CVG,2023-12-14 13:52,30,24,78.07,0,0,0,30.73,1041.4,8,null,CLR,null,null,null,null,null,null,null,null,null,null,null,null,null,null,30,KCVG 141352Z 00000KT 8SM CLR M01/M04 A3073 RMK AO2 SLP414 T10111044,null
CVG,2023-12-14 14:52,36,24,61.37,0,0,0,30.74,1041.7,9,null,CLR,null,null,null,null,null,null,null,null,null,null,null,null,null,null,36,KCVG 141452Z 00000KT 9SM CLR 02/M04 A3074 RMK AO2 SLP417 T00221044 52011,null
CVG,2023-12-14 15:52,42,22,44.63,200,4,0,30.74,1041.7,10,null,CLR,null,null,null,null,null,null,null,null,null,null,null,null,null,null,39.1,KCVG 141552Z 20004KT 10SM CLR 06/M06 A3074 RMK AO2 SLP417 T00561056,null
CVG,2023-12-14 16:52,45,19,35.02,170,4,0,30.72,1040.9,10,null,CLR,null,null,null,null,null,null,null,null,null,null,null,null,null,null,42.6,KCVG 141652Z 17004KT 10SM CLR 07/M07 A3072 RMK AO2 SLP409 T00721072,null
CVG,2023-12-14 17:52,47,20,33.89,220,4,0,30.7,1040.1,10,null,CLR,null,null,null,null,null,null,null,null,null,null,null,null,null,null,44.94,KCVG 141752Z 22004KT 10SM CLR 08/M07 A3070 RMK AO2 SLP401 T00831067 10089 21050 58015,null
CVG,2023-12-14 18:52,49,16,26.47,180,3,0,30.68,1039.2,10,null,CLR,null,null,null,null,null,null,null,null,null,null,null,null,null,null,48.12,KCVG 141852Z 18003KT 10SM CLR 09/M09 A3068 RMK AO2 SLP392 T00941089,null
CVG,2023-12-14 19:52,51,15,23.52,0,0,0,30.65,1038.3,10,null,FEW,null,null,null,25000,null,null,null,null,null,null,null,null,null,null,51,KCVG 141952Z 00000KT 10SM FEW250 11/M09 A3065 RMK AO2 SLP383 T01061094,null
CVG,2023-12-14 20:52,51,11,19.72,0,0,0,30.64,1037.9,10,null,FEW,null,null,null,25000,null,null,null,null,null,null,null,null,null,null,51,KCVG 142052Z 00000KT 10SM FEW250 11/M12 A3064 RMK AO2 SLP379 T01061117 56020,null
CVG,2023-12-14 21:52,50,14,23.37,0,0,0,30.64,1037.8,10,null,FEW,null,null,null,25000,null,null,null,null,null,null,null,null,null,null,50,KCVG 142152Z 00000KT 10SM FEW250 10/M10 A3064 RMK AO2 SLP378 T01001100,null
CVG,2023-12-14 22:52,45,14,28.2,20,3,0,30.63,1037.8,10,null,CLR,null,null,null,null,null,null,null,null,null,null,null,null,null,null,43.55,KCVG 142252Z 02003KT 10SM CLR 07/M10 A3063 RMK AO2 SLP378 T00721100,null
CVG,2023-12-14 23:52,43,14,30.44,0,0,0,30.62,1037.6,10,null,CLR,null,null,null,null,null,null,null,null,null,null,null,null,null,null,43,KCVG 142352Z 00000KT 10SM CLR 06/M10 A3062 RMK AO2 SLP376 T00611100 10111 20050 58005,null
CVG,2023-12-15 0:52,39,16,38.78,0,0,0,30.62,1037.4,10,null,CLR,null,null,null,null,null,null,null,null,null,null,null,null,null,null,39,KCVG 150052Z 00000KT 10SM CLR 04/M09 A3062 RMK AO2 SLP374 T00391089,null
CVG,2023-12-15 1:52,36,18,47.58,0,0,0,30.61,1037.3,10,null,CLR,null,null,null,null,null,null,null,null,null,null,null,null,null,null,36,KCVG 150152Z 00000KT 10SM CLR 02/M08 A3061 RMK AO2 SLP373 T00221078,null
CVG,2023-12-15 2:52,35,17,47.41,0,0,0,30.61,1037,10,null,CLR,null,null,null,null,null,null,null,null,null,null,null,null,null,null,35,KCVG 150252Z 00000KT 10SM CLR 02/M08 A3061 RMK AO2 SLP370 T00171083 58006,null
CVG,2023-12-15 3:52,33,17,51.36,0,0,0,30.6,1036.6,10,null,CLR,null,null,null,null,null,null,null,null,null,null,null,null,null,null,33,KCVG 150352Z 00000KT 10SM CLR 01/M08 A3060 RMK AO2 SLP366 T00061083,null
CVG,2023-12-15 4:52,36,17,45.57,0,0,0,30.58,1035.9,10,null,CLR,null,null,null,null,null,null,null,null,null,null,null,null,null,null,36,KCVG 150452Z 00000KT 10SM CLR 02/M08 A3058 RMK AO2 SLP359 T00221083 401111050,null
CVG,2023-12-15 5:52,33,16,49.18,170,3,0,30.57,1035.6,10,null,CLR,null,null,null,null,null,null,null,null,null,null,null,null,null,null,29.83,KCVG 150552Z 17003KT 10SM CLR 01/M09 A3057 RMK AO2 SLP356 T00061089 10061 20000 58012,null
CVG,2023-12-15 6:52,37,16,41.95,170,3,0,30.56,1035.2,10,null,CLR,null,null,null,null,null,null,null,null,null,null,null,null,null,null,34.4,KCVG 150652Z 17003KT 10SM CLR 03/M09 A3056 RMK AO2 SLP352 T00281089,null
CVG,2023-12-15 7:52,36,15,41.78,0,0,0,30.57,1035.4,10,null,CLR,null,null,null,null,null,null,null,null,null,null,null,null,null,null,36,KCVG 150752Z 00000KT 10SM CLR 02/M09 A3057 RMK AO2 SLP354 T00221094,null
CVG,2023-12-15 8:52,32,18,55.82,0,0,0,30.57,1035.4,10,null,CLR,null,null,null,null,null,null,null,null,null,null,null,null,null,null,32,KCVG 150852Z 00000KT 10SM CLR 00/M08 A3057 RMK AO2 SLP354 T00001078 56001,null
CVG,2023-12-15 9:52,35,17,47.41,120,3,0,30.55,1034.9,10,null,CLR,null,null,null,null,null,null,null,null,null,null,null,null,null,null,32.12,KCVG 150952Z 12003KT 10SM CLR 02/M08 A3055 RMK AO2 SLP349 T00171083,null
CVG,2023-12-15 10:52,35,17,47.41,0,0,0,30.56,1035.1,10,null,CLR,null,null,null,null,null,null,null,null,null,null,null,null,null,null,35,KCVG 151052Z 00000KT 10SM CLR 02/M08 A3056 RMK AO2 SLP351 T00171083,null
CVG,2023-12-15 11:52,33,19,55.97,0,0,0,30.56,1035.4,10,null,CLR,null,null,null,null,null,null,null,null,null,null,null,null,null,null,33,KCVG 151152Z 00000KT 10SM CLR 01/M07 A3056 RMK AO2 SLP354 T00061072 10039 21011 55001,null
CVG,2023-12-15 12:52,30,20,65.94,0,0,0,30.57,1035.7,10,null,CLR,null,null,null,null,null,null,null,null,null,null,null,null,null,null,30,KCVG 151252Z 00000KT 10SM CLR M01/M07 A3057 RMK AO2 SLP357 T10111067,null
CVG,2023-12-15 13:52,34,24,66.45,0,0,0,30.57,1035.7,10,null,CLR,null,null,null,null,null,null,null,null,null,null,null,null,null,null,34,KCVG 151352Z 00000KT 10SM CLR 01/M04 A3057 RMK AO2 SLP357 T00111044,null
CVG,2023-12-15 14:52,43,25,48.7,150,3,0,30.57,1035.5,10,null,CLR,null,null,null,null,null,null,null,null,null,null,null,null,null,null,41.26,KCVG 151452Z 15003KT 10SM CLR 06/M04 A3057 RMK AO2 SLP355 T00611039 50001,null
CVG,2023-12-15 15:52,48,21,34.05,160,4,0,30.57,1035.4,10,null,FEW,null,null,null,25000,null,null,null,null,null,null,null,null,null,null,46.1,KCVG 151552Z 16004KT 10SM FEW250 09/M06 A3057 RMK AO2 SLP354 T00891061,null
CVG,2023-12-15 16:52,51,23,33.13,150,9,0,30.53,1034.1,10,null,FEW,null,null,null,25000,null,null,null,null,null,null,null,null,null,null,51,KCVG 151652Z 15009KT 10SM FEW250 11/M05 A3053 RMK AO2 SLP341 T01061050,null
CVG,2023-12-15 17:52,53,22,29.51,150,6,0,30.5,1032.9,10,null,SCT,null,null,null,25000,null,null,null,null,null,null,null,null,null,null,53,KCVG 151752Z 15006KT 10SM SCT250 12/M06 A3050 RMK AO2 SLP329 T01171056 10117 21017 58024,null
CVG,2023-12-15 18:52,54,25,32.26,160,6,0,30.46,1031.7,10,null,BKN,null,null,null,25000,null,null,null,null,null,null,null,null,null,null,54,KCVG 151852Z 16006KT 10SM BKN250 12/M04 A3046 RMK AO2 SLP317 T01221039,null
CVG,2023-12-15 19:52,54,27,35.05,130,7,0,30.44,1030.8,10,null,BKN,null,null,null,25000,null,null,null,null,null,null,null,null,null,null,54,KCVG 151952Z 13007KT 10SM BKN250 12/M03 A3044 RMK AO2 SLP308 T01221028,null
CVG,2023-12-15 20:52,54,27,35.05,130,7,0,30.42,1030.3,10,null,BKN,null,null,null,25000,null,null,null,null,null,null,null,null,null,null,54,KCVG 152052Z 13007KT 10SM BKN250 12/M03 A3042 RMK AO2 SLP303 T01221028 56025,null
CVG,2023-12-15 21:52,51,27,39.14,120,6,0,30.41,1030.2,10,null,BKN,null,null,null,25000,null,null,null,null,null,null,null,null,null,null,51,KCVG 152152Z 12006KT 10SM BKN250 11/M03 A3041 RMK AO2 SLP302 T01061028,null
CVG,2023-12-15 22:52,49,26,40.45,120,3,0,30.41,1029.9,10,null,FEW,BKN,null,null,25000,30000,null,null,null,null,null,null,null,null,null,48.12,KCVG 152252Z 12003KT 10SM FEW250 BKN300 09/M03 A3041 RMK AO2 SLP299 T00941033,null
CVG,2023-12-15 23:52,46,27,47.2,120,5,0,30.41,1030.2,10,null,FEW,BKN,null,null,25000,30000,null,null,null,null,null,null,null,null,null,43.02,KCVG 152352Z 12005KT 10SM FEW250 BKN300 08/M03 A3041 RMK AO2 SLP302 T00781028 10128 20078 55002,null
CVG,2023-12-16 0:52,45,27,49.02,120,5,0,30.4,1030,10,null,FEW,OVC,null,null,25000,30000,null,null,null,null,null,null,null,null,null,41.83,KCVG 160052Z 12005KT 10SM FEW250 OVC300 07/M03 A3040 RMK AO2 SLP300 T00721028,null
CVG,2023-12-16 1:52,42,27,54.99,0,0,0,30.4,1029.7,10,null,FEW,OVC,null,null,25000,30000,null,null,null,null,null,null,null,null,null,42,KCVG 160152Z 00000KT 10SM FEW250 OVC300 06/M03 A3040 RMK AO2 SLP297 T00561028,null
CVG,2023-12-16 2:52,41,27,57.15,130,3,0,30.39,1029.3,10,null,OVC,null,null,null,30000,null,null,null,null,null,null,null,null,null,null,38.98,KCVG 160252Z 13003KT 10SM OVC300 05/M03 A3039 RMK AO2 SLP293 T00501028 56007,null
CVG,2023-12-16 3:52,41,26,54.84,120,5,0,30.39,1029.2,10,null,FEW,null,null,null,25000,null,null,null,null,null,null,null,null,null,null,37.08,KCVG 160352Z 12005KT 10SM FEW250 05/M03 A3039 RMK AO2 SLP292 T00501033,null
CVG,2023-12-16 4:52,42,25,50.61,0,0,0,30.39,1029,10,null,BKN,null,null,null,25000,null,null,null,null,null,null,null,null,null,null,42,KCVG 160452Z 00000KT 10SM BKN250 06/M04 A3039 RMK AO2 SLP290 T00561039 401281017,null
CVG,2023-12-16 5:52,42,26,52.76,0,0,0,30.38,1028.7,10,null,BKN,null,null,null,25000,null,null,null,null,null,null,null,null,null,null,42,KCVG 160552Z 00000KT 10SM BKN250 06/M03 A3038 RMK AO2 SLP287 T00561033 10083 20039 58004,null
CVG,2023-12-16 6:52,39,27,61.78,100,4,0,30.35,1027.9,10,null,OVC,null,null,null,25000,null,null,null,null,null,null,null,null,null,null,35.59,KCVG 160652Z 10004KT 10SM OVC250 04/M03 A3035 RMK AO2 SLP279 T00391028,null
CVG,2023-12-16 7:52,41,27,57.15,120,4,0,30.34,1027.5,10,null,OVC,null,null,null,23000,null,null,null,null,null,null,null,null,null,null,37.93,KCVG 160752Z 12004KT 10SM OVC230 05/M03 A3034 RMK AO2 SLP275 T00501028,null
CVG,2023-12-16 8:52,39,27,61.78,90,4,0,30.32,1026.7,10,null,OVC,null,null,null,20000,null,null,null,null,null,null,null,null,null,null,35.59,KCVG 160852Z 09004KT 10SM OVC200 04/M03 A3032 RMK AO2 SLP267 T00391028 56020,null
CVG,2023-12-16 9:52,40,26,57.01,130,5,0,30.3,1026.3,10,null,BKN,OVC,null,null,16000,20000,null,null,null,null,null,null,null,null,null,35.9,KCVG 160952Z 13005KT 10SM BKN160 OVC200 04/M03 A3030 RMK AO2 SLP263 T00441033,null
CVG,2023-12-16 10:52,39,26,59.27,130,6,0,30.3,1026.2,10,null,OVC,null,null,null,23000,null,null,null,null,null,null,null,null,null,null,33.96,KCVG 161052Z 13006KT 10SM OVC230 04/M03 A3030 RMK AO2 SLP262 T00391033,null
CVG,2023-12-16 11:52,38,26,61.64,120,4,0,30.31,1026.5,10,null,CLR,null,null,null,null,null,null,null,null,null,null,null,null,null,null,34.43,KCVG 161152Z 12004KT 10SM CLR 03/M03 A3031 RMK AO2 SLP265 T00331033 10056 20033 55004,null
CVG,2023-12-16 12:52,37,26,64.11,140,4,0,30.31,1026.7,10,null,FEW,SCT,null,null,15000,20000,null,null,null,null,null,null,null,null,null,33.26,KCVG 161252Z 14004KT 10SM FEW150 SCT200 03/M03 A3031 RMK AO2 SLP267 T00281033,null
CVG,2023-12-16 13:52,40,28,61.91,130,7,0,30.28,1025.8,10,null,BKN,null,null,null,20000,null,null,null,null,null,null,null,null,null,null,34.53,KCVG 161352Z 13007KT 10SM BKN200 04/M02 A3028 RMK AO2 SLP258 T00441022,null
CVG,2023-12-16 14:52,41,29,62.04,140,4,0,30.28,1025.8,10,null,SCT,BKN,null,null,15000,25000,null,null,null,null,null,null,null,null,null,37.93,KCVG 161452Z 14004KT 10SM SCT150 BKN250 05/M02 A3028 RMK AO2 SLP258 T00501017 58008,null
CVG,2023-12-16 15:52,48,30,49.49,150,9,0,30.28,1025.3,10,null,BKN,OVC,null,null,15000,25000,null,null,null,null,null,null,null,null,null,43.41,KCVG 161552Z 15009KT 10SM BKN150 OVC250 09/M01 A3028 RMK AO2 SLP253 OCNL BINOVC T00891011,null
CVG,2023-12-16 16:52,51,30,44.26,170,8,0,30.24,1024,10,null,BKN,OVC,null,null,20000,25000,null,null,null,null,null,null,null,null,null,51,KCVG 161652Z 17008KT 10SM BKN200 OVC250 11/M01 A3024 RMK AO2 SLP240 T01061011,null
CVG,2023-12-16 17:52,52,30,42.65,180,9,0,30.2,1022.5,10,null,BKN,OVC,null,null,15000,25000,null,null,null,null,null,null,null,null,null,52,KCVG 161752Z 18009KT 10SM BKN150 OVC250 11/M01 A3020 RMK AO2 SLP225 BINOVC SE T01111011 10111 20022 58029,null
CVG,2023-12-16 18:52,54,32,42.98,180,6,0,30.17,1021.6,10,null,BKN,OVC,null,null,15000,25000,null,null,null,null,null,null,null,null,null,54,KCVG 161852Z 18006KT 10SM BKN150 OVC250 12/00 A3017 RMK AO2 SLP216 T01220000,null
CVG,2023-12-16 19:52,54,33,44.74,120,6,0,30.13,1020.3,10,null,BKN,OVC,null,null,16000,25000,null,null,null,null,null,null,null,null,null,54,KCVG 161952Z 12006KT 10SM BKN160 OVC250 12/01 A3013 RMK AO2 SLP203 T01220006,null
CVG,2023-12-16 20:52,54,35,48.46,120,5,0,30.13,1020.2,10,null,BKN,BKN,null,null,16000,20000,null,null,null,null,null,null,null,null,null,54,KCVG 162052Z 12005KT 10SM BKN160 BKN200 12/02 A3013 RMK AO2 SLP202 T01220017 56022,null
CVG,2023-12-16 21:52,52,36,54.26,100,6,0,30.11,1019.8,10,null,FEW,BKN,OVC,null,5000,15000,18000,null,null,null,null,null,null,null,null,52,KCVG 162152Z 10006KT 10SM FEW050 BKN150 OVC180 11/02 A3011 RMK AO2 SLP198 T01110022,null
CVG,2023-12-16 22:52,51,36,56.31,110,6,0,30.1,1019.2,10,null,BKN,BKN,OVC,null,7500,16000,18000,null,null,null,null,null,null,null,null,51,KCVG 162252Z 11006KT 10SM BKN075 BKN160 OVC180 11/02 A3010 RMK AO2 SLP192 T01060022,null
CVG,2023-12-16 23:52,53,37,54.41,130,8,0,30.08,1018.6,10,null,BKN,BKN,OVC,null,5500,7000,8500,null,null,null,null,null,null,null,null,53,KCVG 162352Z 13008KT 10SM BKN055 BKN070 OVC085 12/03 A3008 RMK AO2 SLP186 T01170028 10128 20100 57017,null
CVG,2023-12-17 0:52,53,38,56.59,130,8,0,30.07,1018.2,10,null,BKN,BKN,OVC,null,6000,7500,9500,null,null,null,null,null,null,null,null,53,KCVG 170052Z 13008KT 10SM BKN060 BKN075 OVC095 12/03 A3007 RMK AO2 SLP182 T01170033,null
CVG,2023-12-17 1:52,52,43,71.28,140,10,T,30.05,1017.7,10,null,OVC,null,null,null,6500,null,null,null,#NAME?,null,null,null,null,null,null,52,KCVG 170152Z 14010KT 10SM -RA OVC065 11/06 A3005 RMK AO2 RAB38 SLP177 P0000 T01110061,null
CVG,2023-12-17 2:52,50,45,82.86,150,12,0.01,30.03,1017,10,null,SCT,OVC,null,null,9000,11000,null,null,#NAME?,null,null,null,null,null,null,50,KCVG 170252Z 15012KT 10SM -RA SCT090 OVC110 10/07 A3003 RMK AO2 CIG 070 36R SLP170 P0001 60001 T01000072 58016,null
CVG,2023-12-17 3:52,49,45,86,150,9,0.01,30.01,1016.1,10,null,BKN,OVC,null,null,6500,9500,null,null,#NAME?,null,null,null,null,null,null,44.65,KCVG 170352Z 15009KT 10SM -RA BKN065 OVC095 09/07 A3001 RMK AO2 SLP161 P0001 T00940072,null
CVG,2023-12-17 4:52,50,43,76.76,150,9,T,29.98,1015.1,10,null,FEW,OVC,null,null,4000,6500,null,null,#NAME?,null,null,null,null,null,null,50,KCVG 170452Z 15009KT 10SM -RA FEW040 OVC065 10/06 A2998 RMK AO2 RAE06B24 SLP151 P0000 T01000061 401280022,null
CVG,2023-12-17 5:52,48,46,92.74,170,8,0.1,29.98,1014.9,6,null,FEW,BKN,OVC,null,2600,3500,4900,null,RA BR,null,null,null,null,null,null,43.82,KCVG 170552Z 17008KT 6SM RA BR FEW026 BKN035 OVC049 09/08 A2998 RMK AO2 SLP149 P0010 60012 T00890078 10122 20089 56018,null
CVG,2023-12-17 6:04,48,47,96.31,180,9,0.03,29.97,null,6,null,BKN,BKN,OVC,null,2800,3700,5000,null,RA BR,null,null,null,null,null,null,43.41,KCVG 170604Z 18009KT 6SM RA BR BKN028 BKN037 OVC050 09/08 A2997 RMK AO2 P0003 T00890083,null
CVG,2023-12-17 6:52,47,47,100,200,5,0.12,29.97,1014.7,6,null,OVC,null,null,null,2800,null,null,null,#NAME?,null,null,null,null,null,null,44.21,KCVG 170652Z 20005KT 6SM -RA BR OVC028 08/08 A2997 RMK AO2 SLP147 P0012 T00830083,null
CVG,2023-12-17 7:52,46,46,100,170,3,0.05,29.97,1014.6,6,null,FEW,BKN,OVC,null,1600,2400,3400,null,#NAME?,null,null,null,null,null,null,44.69,KCVG 170752Z 17003KT 6SM -RA BR FEW016 BKN024 OVC034 08/08 A2997 RMK AO2 SLP146 P0005 T00780078,null
CVG,2023-12-17 8:50,46.4,46.4,100,170,4,0.1,29.94,null,2,null,BKN,OVC,null,null,2300,2900,null,null,#NAME?,null,null,null,null,null,null,44.24,KCVG 170850Z 17004KT 2SM R36C/6000VP6000FT +RA BR BKN023 OVC029 08/08 A2994 RMK AO2 P0010,null
CVG,2023-12-17 8:52,47,47,100,170,5,0.1,29.94,1013.8,2,null,BKN,OVC,null,null,2300,2800,null,null,RA BR,null,null,null,null,null,null,44.21,KCVG 170852Z 17005KT 2SM R36C/6000VP6000FT RA BR BKN023 OVC028 08/08 A2994 RMK AO2 SLP138 P0010 60027 T00830083 55009,null
CVG,2023-12-17 9:05,47,47,100,160,4,0.05,29.93,null,4,null,FEW,OVC,null,null,1400,2100,null,null,#NAME?,null,null,null,null,null,null,44.94,KCVG 170905Z 16004KT 4SM -RA BR FEW014 OVC021 08/08 A2993 RMK AO2 P0005 T00830083,null
CVG,2023-12-17 9:33,47,47,100,160,7,0.07,29.92,null,5,null,FEW,BKN,OVC,null,600,1100,1700,null,RA BR,null,null,null,null,null,null,43.06,KCVG 170933Z 16007KT 5SM RA BR FEW006 BKN011 OVC017 08/08 A2992 RMK AO2 P0007 T00830083,null
CVG,2023-12-17 9:42,47,47,100,160,8,0.1,29.92,null,4,null,BKN,OVC,null,null,900,1500,null,null,RA BR,null,null,null,null,null,null,42.59,KCVG 170942Z 16008KT 4SM RA BR BKN009 OVC015 08/08 A2992 RMK AO2 P0010 T00830083,null
CVG,2023-12-17 9:52,47,47,100,160,8,0.13,29.91,1012.7,4,null,BKN,OVC,null,null,900,1300,null,null,#NAME?,null,null,null,null,null,null,42.59,KCVG 170952Z 16008KT 4SM -RA BR BKN009 OVC013 08/08 A2991 RMK AO2 SLP127 P0013 T00830083,null
CVG,2023-12-17 10:52,48,48,100,170,11,0.03,29.9,1012.4,9,null,BKN,OVC,null,null,700,1400,null,null,#NAME?,null,null,null,null,null,null,42.69,KCVG 171052Z 17011KT 9SM -RA BKN007 OVC014 09/09 A2990 RMK AO2 SLP124 P0003 T00890089,null
CVG,2023-12-17 11:52,48,48,100,180,8,0.01,29.91,1012.7,6,null,BKN,BKN,OVC,null,700,1000,1600,null,#NAME?,null,null,null,null,null,null,43.82,KCVG 171152Z 18008KT 6SM -RA BR BKN007 BKN010 OVC016 09/09 A2991 RMK AO2 RAE07B51DZB31E51 SLP127 P0001 60044 70056 T00890089 10089 20078 55010,null
CVG,2023-12-17 12:52,48,48,100,200,5,0.01,29.91,1012.5,10,null,BKN,OVC,null,null,500,1000,null,null,null,null,null,null,null,null,null,45.4,KCVG 171252Z 20005KT 10SM BKN005 OVC010 09/09 A2991 RMK AO2 RAE40 SLP125 P0001 T00890089,null
CVG,2023-12-17 13:52,48,48,100,200,6,T,29.91,1012.6,6,null,OVC,null,null,null,500,null,null,null,#NAME?,null,null,null,null,null,null,44.8,KCVG 171352Z 20006KT 6SM -RA BR OVC005 09/09 A2991 RMK AO2 RAB43 SLP126 P0000 T00890089,null
CVG,2023-12-17 14:52,49,49,100,230,5,T,29.92,1013,9,null,OVC,null,null,null,500,null,null,null,#NAME?,null,null,null,null,null,null,46.58,KCVG 171452Z 23005KT 9SM -RA OVC005 09/09 A2992 RMK AO2 SLP130 P0000 60001 T00940094 53003,null
CVG,2023-12-17 15:52,49,48,96.32,250,6,T,29.93,1013.6,10,null,SCT,BKN,OVC,null,1100,1700,3000,null,null,null,null,null,null,null,null,46,KCVG 171552Z 25006KT 10SM SCT011 BKN017 OVC030 09/09 A2993 RMK AO2 RAE01 CIG 009 36R SLP136 BINOVC P0000 T00940089,null
CVG,2023-12-17 16:33,50,46,86.06,260,10,0,29.92,null,10,17,SCT,BKN,BKN,null,1000,1400,3000,null,null,null,null,null,null,null,null,50,KCVG 171633Z 26010G17KT 10SM SCT010 BKN014 BKN030 10/08 A2992 RMK AO2 T01000078,null
CVG,2023-12-17 16:52,49,45,86,260,9,0,29.91,1012.5,10,null,FEW,BKN,BKN,null,1200,2800,3800,null,null,null,null,null,null,null,null,44.65,KCVG 171652Z 26009KT 10SM FEW012 BKN028 BKN038 09/07 A2991 RMK AO2 SLP125 T00940072,null
CVG,2023-12-17 17:47,50,46.4,87.37,270,9,0,29.88,null,10,null,SCT,BKN,BKN,null,2300,3000,3500,null,null,null,null,null,null,null,null,50,KCVG 171747Z 27009KT 10SM SCT023 BKN030 BKN035 10/08 A2988 RMK AO2,null
CVG,2023-12-17 17:52,50,46,86.06,260,6,0,29.87,1011.5,10,null,SCT,BKN,BKN,null,2300,3000,3500,null,null,null,null,null,null,null,null,50,KCVG 171752Z 26006KT 10SM SCT023 BKN030 BKN035 10/08 A2987 RMK AO2 SLP115 60001 T01000078 10117 20089 56020,null
CVG,2023-12-17 18:52,51,45,79.84,250,6,0,29.85,1010.8,10,null,SCT,BKN,BKN,null,2500,3500,4500,null,null,null,null,null,null,null,null,51,KCVG 171852Z 25006KT 10SM SCT025 BKN035 BKN045 11/07 A2985 RMK AO2 SLP108 T01060072,null
CVG,2023-12-17 19:52,51,45,79.84,280,7,0,29.83,1010.2,10,null,FEW,OVC,null,null,2500,4000,null,null,null,null,null,null,null,null,null,51,KCVG 171952Z 28007KT 10SM FEW025 OVC040 11/07 A2983 RMK AO2 SLP102 T01060072,null
CVG,2023-12-17 20:48,48.2,44.6,87.28,310,11,0,29.83,null,10,null,BKN,OVC,null,null,2000,3800,null,null,null,null,null,null,null,null,null,42.94,KCVG 172048Z 31011KT 10SM BKN020 OVC038 09/07 A2983 RMK AO2,null
CVG,2023-12-17 20:52,49,45,86,310,9,0,29.84,1010.2,10,null,FEW,BKN,BKN,null,1700,2100,3800,null,null,null,null,null,null,null,null,44.65,KCVG 172052Z 31009KT 10SM FEW017 BKN021 BKN038 09/07 A2984 RMK AO2 SLP102 T00940072 55006,null
CVG,2023-12-17 21:52,47,45,92.71,310,9,0,29.83,1010,10,null,SCT,BKN,OVC,null,1500,2100,3700,null,null,null,null,null,null,null,null,42.17,KCVG 172152Z 31009KT 10SM SCT015 BKN021 OVC037 08/07 A2983 RMK AO2 SLP100 T00830072,null
CVG,2023-12-17 22:38,46,43,89.2,310,7,0,29.83,null,10,null,SCT,OVC,null,null,1500,3900,null,null,null,null,null,null,null,null,null,41.84,KCVG 172238Z 31007KT 10SM SCT015 OVC039 08/06 A2983 RMK AO2 CIG 016 36R T00780061,null
CVG,2023-12-17 22:44,46,43,89.2,310,6,0,29.83,null,10,null,BKN,OVC,null,null,1500,3900,null,null,null,null,null,null,null,null,null,42.39,KCVG 172244Z 31006KT 10SM BKN015 OVC039 08/06 A2983 RMK AO2 T00780061,null
CVG,2023-12-17 22:49,46.4,42.8,87.19,310,5,0,29.84,null,10,null,BKN,OVC,null,null,1300,4000,null,null,null,null,null,null,null,null,null,43.5,KCVG 172249Z 31005KT 10SM BKN013 OVC040 08/06 A2984 RMK AO2,null
CVG,2023-12-17 22:52,46,43,89.2,310,5,0,29.84,1010.3,10,null,BKN,OVC,null,null,1300,4000,null,null,null,null,null,null,null,null,null,43.02,KCVG 172252Z 31005KT 10SM BKN013 OVC040 08/06 A2984 RMK AO2 SLP103 T00780061,null
CVG,2023-12-17 23:29,45,43,92.65,310,8,0,29.84,null,10,null,BKN,BKN,OVC,null,1500,2000,3600,null,null,null,null,null,null,null,null,40.13,KCVG 172329Z 31008KT 10SM BKN015 BKN020 OVC036 07/06 A2984 RMK AO2 T00720061,null
CVG,2023-12-17 23:39,45,42,89.15,290,5,0,29.84,null,10,null,SCT,SCT,OVC,null,1500,2000,3800,null,null,null,null,null,null,null,null,41.83,KCVG 172339Z 29005KT 10SM SCT015 SCT020 OVC038 07/06 A2984 RMK AO2 CIG 020 36R T00720056,null
CVG,2023-12-17 23:52,45,42,89.15,300,6,0,29.84,1010.5,10,null,SCT,OVC,null,null,1800,3900,null,null,null,null,null,null,null,null,null,41.19,KCVG 172352Z 30006KT 10SM SCT018 OVC039 07/06 A2984 RMK AO2 SLP105 T00720056 10117 20072 53004,null
CVG,2023-12-18 0:44,44,41,89.11,300,11,0,29.84,null,10,null,SCT,BKN,OVC,null,1500,2000,4000,null,null,null,null,null,null,null,null,37.63,KCVG 180044Z 30011KT 10SM SCT015 BKN020 OVC040 07/05 A2984 RMK AO2 T00670050,null
CVG,2023-12-18 0:52,44,41,89.11,300,12,0,29.84,1010.3,10,null,SCT,BKN,OVC,null,1500,2000,3900,null,null,null,null,null,null,null,null,37.27,KCVG 180052Z 30012KT 10SM SCT015 BKN020 OVC039 07/05 A2984 RMK AO2 SLP103 T00670050,null
CVG,2023-12-18 1:13,43,40,89.06,300,12,0,29.83,null,10,null,OVC,null,null,null,3900,null,null,null,null,null,null,null,null,null,null,36,KCVG 180113Z 30012KT 10SM OVC039 06/04 A2983 RMK AO2 CIG 020 36R T00610044,null
CVG,2023-12-18 1:52,43,41,92.58,290,7,0,29.82,1009.8,10,null,FEW,OVC,null,null,2000,4000,null,null,null,null,null,null,null,null,null,38.19,KCVG 180152Z 29007KT 10SM FEW020 OVC040 06/05 A2982 RMK AO2 SLP098 T00610050,null
CVG,2023-12-18 2:33,43,40,89.06,300,10,0,29.81,null,10,null,BKN,OVC,null,null,1600,3800,null,null,null,null,null,null,null,null,null,36.76,KCVG 180233Z 30010KT 10SM BKN016 OVC038 06/04 A2981 RMK AO2 T00610044,null
CVG,2023-12-18 2:52,42,40,92.55,310,13,0,29.81,1009.5,10,null,BKN,BKN,OVC,null,1500,2100,3800,null,null,null,null,null,null,null,null,34.38,KCVG 180252Z 31013KT 10SM BKN015 BKN021 OVC038 06/04 A2981 RMK AO2 SLP095 T00560044 58011,null
CVG,2023-12-18 3:52,41,38,88.97,280,8,0,29.8,1009,10,null,OVC,null,null,null,2400,null,null,null,null,null,null,null,null,null,null,35.2,KCVG 180352Z 28008KT 10SM OVC024 05/03 A2980 RMK AO2 SLP090 T00500033,null
CVG,2023-12-18 4:52,40,39,96.18,270,8,0,29.77,1008.2,10,null,OVC,null,null,null,2100,null,null,null,null,null,null,null,null,null,null,33.97,KCVG 180452Z 27008KT 10SM OVC021 04/04 A2977 RMK AO2 SLP082 T00440039 401170044,null
CVG,2023-12-18 5:52,40,39,96.18,270,9,0,29.75,1007.3,10,null,BKN,OVC,null,null,1300,2100,null,null,null,null,null,null,null,null,null,33.46,KCVG 180552Z 27009KT 10SM BKN013 OVC021 04/04 A2975 RMK AO2 SLP073 T00440039 10072 20044 58021,null
CVG,2023-12-18 6:52,40,37,88.92,280,15,0,29.73,1006.8,10,22,OVC,null,null,null,1300,null,null,null,null,null,null,null,null,null,null,31.15,KCVG 180652Z 28015G22KT 10SM OVC013 04/03 A2973 RMK AO2 SLP068 T00440028,null
CVG,2023-12-18 7:35,39,37,92.45,290,13,0,29.73,null,10,null,OVC,null,null,null,1500,null,null,null,null,null,null,null,null,null,null,30.54,KCVG 180735Z 29013KT 10SM OVC015 04/03 A2973 RMK AO2 T00390028,null
CVG,2023-12-18 7:52,39,37,92.45,300,13,0,29.74,1007,9,21,OVC,null,null,null,1300,null,null,null,null,null,null,null,null,null,null,30.54,KCVG 180752Z 30013G21KT 9SM OVC013 04/03 A2974 RMK AO2 SLP070 T00390028,null
CVG,2023-12-18 8:52,37,35,92.39,290,16,0,29.74,1007.3,10,28,OVC,null,null,null,1300,null,null,null,null,null,null,null,28,280,2023-12-18 8:47,26.94,KCVG 180852Z 29016G28KT 10SM OVC013 03/02 A2974 RMK AO2 PK WND 28028/0847 SLP073 T00280017 55001,null
CVG,2023-12-18 9:52,36,33,88.73,300,15,0,29.73,1007,10,null,BKN,OVC,null,null,1600,2400,null,null,null,null,null,null,27,280,2023-12-18 9:16,25.97,KCVG 180952Z 30015KT 10SM BKN016 OVC024 02/01 A2973 RMK AO2 PK WND 28027/0916 SLP070 T00220006,null
CVG,2023-12-18 10:52,36,33,88.73,280,11,0,29.73,1007.1,10,null,OVC,null,null,null,1600,null,null,null,null,null,null,null,null,null,null,27.52,KCVG 181052Z 28011KT 10SM OVC016 02/01 A2973 RMK AO2 SLP071 T00220006,null
CVG,2023-12-18 11:52,36,33,88.73,270,13,0,29.73,1006.8,10,null,BKN,OVC,null,null,1600,2700,null,null,null,null,null,null,null,null,null,26.69,KCVG 181152Z 27013KT 10SM BKN016 OVC027 02/01 A2973 RMK AO2 SLP068 70001 T00220006 10044 20022 56006,null
CVG,2023-12-18 12:52,36,31,81.86,280,17,0,29.74,1007.2,10,21,BKN,OVC,null,null,2000,2800,null,null,null,null,null,null,null,null,null,25.32,KCVG 181252Z 28017G21KT 10SM BKN020 OVC028 02/M01 A2974 RMK AO2 SLP072 T00221006,null
CVG,2023-12-18 13:52,36,29,75.46,280,12,0,29.73,1007,10,null,OVC,null,null,null,2700,null,null,null,null,null,null,null,null,null,null,27.09,KCVG 181352Z 28012KT 10SM OVC027 02/M02 A2973 RMK AO2 SLP070 BINOVC T00221017 $,null
CVG,2023-12-18 14:21,36,26,66.69,280,19,0,29.74,null,10,27,SCT,OVC,null,null,2500,3200,null,null,null,null,null,null,27,280,2023-12-18 14:12,24.73,KCVG 181421Z 28019G27KT 10SM SCT025 OVC032 02/M03 A2974 RMK AO2 PK WND 28027/1412 T00221033 $,null
CVG,2023-12-18 14:52,35,27,72.32,280,15,0,29.75,1007.5,10,null,SCT,BKN,OVC,null,2800,3600,5000,null,null,null,null,null,27,280,2023-12-18 14:12,24.67,KCVG 181452Z 28015KT 10SM SCT028 BKN036 OVC050 02/M03 A2975 RMK AO2 PK WND 28027/1412 SLP075 T00171028 53006 $,null
CVG,2023-12-18 15:47,33.8,30.2,86.49,270,17,T,29.75,null,2,28,FEW,BKN,OVC,null,1100,2800,7000,null,#NAME?,null,null,null,28,270,2023-12-18 15:45,22.43,KCVG 181547Z 27017G28KT 2SM R36C/2800VP6000FT -SN BR FEW011 BKN028 OVC070 01/M01 A2975 RMK AO2 PK WND 27028/1545 SNB25 P0000 $,null
CVG,2023-12-18 15:52,32,32,100,260,19,T,29.76,1007.9,0.75,28,SCT,OVC,null,null,1100,2300,null,null,SN BR,null,null,null,28,270,2023-12-18 15:45,19.44,KCVG 181552Z 26019G28KT 3/4SM R36C/2800VP6000FT SN BR SCT011 OVC023 00/00 A2976 RMK AO2 PK WND 27028/1545 SNB25 SLP079 P0000 T00000000 $,null
CVG,2023-12-18 15:55,32,31,96.04,270,20,T,29.75,null,0.75,31,BKN,BKN,OVC,null,1100,2300,7000,null,SN BR,null,null,null,31,260,2023-12-18 15:53,19.14,KCVG 181555Z 27020G31KT 3/4SM R36C/2800VP6000FT SN BR BKN011 BKN023 OVC070 00/M01 A2975 RMK AO2 PK WND 26031/1553 P0000 T00001006 $,null
CVG,2023-12-18 15:59,33,30,88.58,290,15,T,29.75,null,8,31,FEW,SCT,BKN,null,1300,1800,7000,null,#NAME?,null,null,null,31,260,2023-12-18 15:53,22.08,KCVG 181559Z 29015G31KT 8SM -SN FEW013 SCT018 BKN070 01/M01 A2975 RMK AO2 PK WND 26031/1553 P0000 T00061011 $,null
CVG,2023-12-18 16:03,34,31,88.63,280,15,T,29.75,null,8,28,FEW,FEW,BKN,null,1400,2800,6000,null,null,null,null,null,31,260,2023-12-18 15:53,23.37,KCVG 181603Z 28015G28KT 8SM FEW014 FEW028 BKN060 01/M01 A2975 RMK AO2 PK WND 26031/1553 SNE02 P0000 T00111006 $,null
CVG,2023-12-18 16:45,37,25,61.5,320,22,0.01,29.75,null,8,29,FEW,BKN,BKN,null,4200,5000,6500,null,#NAME?,null,null,null,31,260,2023-12-18 15:53,25.27,KCVG 181645Z 32022G29KT 8SM -SN FEW042 BKN050 BKN065 03/M04 A2975 RMK AO2 PK WND 26031/1553 SNE02B45 P0001 T00281039 $,null
CVG,2023-12-18 16:52,34,28,78.43,340,16,0.01,29.76,1008,7,27,SCT,BKN,OVC,null,3700,4700,6000,null,#NAME?,null,null,null,31,260,2023-12-18 15:53,23.03,KCVG 181652Z 34016G27KT 7SM -SN SCT037 BKN047 OVC060 01/M02 A2976 RMK AO2 PK WND 26031/1553 SNE02B45 SLP080 P0001 T00111022 $,null
CVG,2023-12-18 17:20,33,27,78.34,320,20,T,29.76,null,1.5,25,SCT,OVC,null,null,3900,5500,null,null,#NAME?,null,null,null,28,320,2023-12-18 17:19,20.47,KCVG 181720Z 32020G25KT 1 1/2SM -SN SCT039 OVC055 01/M03 A2976 RMK AO2 PK WND 32028/1719 P0000 T00061028 $,null
CVG,2023-12-18 17:24,32,29,88.53,300,16,T,29.76,null,1,25,FEW,OVC,null,null,2100,2800,null,null,#NAME?,null,null,null,28,320,2023-12-18 17:19,20.42,KCVG 181724Z 30016G25KT 1SM R36C/P6000FT -SN BR FEW021 OVC028 00/M02 A2976 RMK AO2 PK WND 32028/1719 OCNL SG P0000 T00001017 $,null
CVG,2023-12-18 17:30,32,30,92.22,280,15,T,29.76,null,4,null,BKN,BKN,OVC,null,2100,3800,6000,null,#NAME?,null,null,null,28,320,2023-12-18 17:19,20.78,KCVG 181730Z 28015KT 4SM R36C/3000VP6000FT -SN BR BKN021 BKN038 OVC060 00/M01 A2976 RMK AO2 PK WND 32028/1719 VIS N21/2 P0000 T00001011 $,null
CVG,2023-12-18 17:37,33,30,88.58,290,16,T,29.76,null,8,21,FEW,SCT,BKN,null,1600,2300,7000,null,#NAME?,null,null,null,28,320,2023-12-18 17:19,21.72,KCVG 181737Z 29016G21KT 8SM -SN FEW016 SCT023 BKN070 01/M01 A2976 RMK AO2 PK WND 32028/1719 P0000 T00061011 $,null
CVG,2023-12-18 17:43,33,30,88.58,290,15,T,29.75,null,10,21,FEW,SCT,BKN,null,1600,2100,7000,null,null,null,null,null,28,320,2023-12-18 17:19,22.08,KCVG 181743Z 29015G21KT 10SM FEW016 SCT021 BKN070 01/M01 A2975 RMK AO2 PK WND 32028/1719 SNE42 P0000 T00061011 $,null
CVG,2023-12-18 17:52,34,30,85.11,290,15,T,29.75,1007.7,10,21,FEW,SCT,BKN,null,1600,7000,9000,null,null,null,null,null,28,320,2023-12-18 17:19,23.37,KCVG 181752Z 29015G21KT 10SM FEW016 SCT070 BKN090 01/M01 A2975 RMK AO2 PK WND 32028/1719 SNE42 SLP077 P0000 60001 T00111011 10028 21006 50001 $,null
CVG,2023-12-18 18:14,33,29,85.04,270,22,T,29.75,null,2.5,32,FEW,BKN,BKN,null,1900,2600,3600,null,#NAME?,null,null,null,32,280,2023-12-18 18:12,19.92,KCVG 181814Z 27022G32KT 2 1/2SM R36C/5500VP6000FT -SN BR FEW019 BKN026 BKN036 01/M02 A2975 RMK AO2 PK WND 28032/1812 SNB12 P0000 T00061017 $,null
CVG,2023-12-18 18:20,33,27,78.34,300,15,T,29.75,null,7,32,FEW,BKN,BKN,null,2300,3200,8000,null,#NAME?,null,null,null,32,280,2023-12-18 18:12,22.08,KCVG 181820Z COR 30015G32KT 7SM FEW023 BKN032 BKN080 01/M03 A2975 RMK AO2 PK WND 28032/1812 SNB12 VIS LWR SE P0000 T00061028 $,null
CVG,2023-12-18 18:35,34,29,81.71,300,22,T,29.75,null,1,27,FEW,BKN,OVC,null,2300,2800,3600,null,#NAME?,null,null,null,32,280,2023-12-18 18:12,21.26,KCVG 181835Z 30022G27KT 1SM R36C/P6000FT -SN FEW023 BKN028 OVC036 01/M02 A2975 RMK AO2 PK WND 28032/1812 LTG DSNT NE SNB12 VIS LWR SE P0000 T00111017 $,null
CVG,2023-12-18 18:41,33,30,88.58,300,16,T,29.75,null,7,28,BKN,BKN,BKN,null,2500,3100,9500,null,#NAME?,null,null,null,32,280,2023-12-18 18:12,21.72,KCVG 181841Z 30016G28KT 7SM -SN BKN025 BKN031 BKN095 01/M01 A2975 RMK AO2 PK WND 28032/1812 SNB12 P0000 T00061011 $,null
CVG,2023-12-18 18:52,34,30,85.11,310,21,T,29.76,1007.9,6,27,FEW,SCT,OVC,null,2500,3400,5000,null,#NAME?,null,null,null,32,280,2023-12-18 18:12,21.52,KCVG 181852Z 31021G27KT 6SM -SN FEW025 SCT034 OVC050 01/M01 A2976 RMK AO2 PK WND 28032/1812 SNB12 SLP079 P0000 T00111011 $,null
CVG,2023-12-18 18:54,33,30,88.58,310,20,T,29.76,null,1.5,27,BKN,OVC,null,null,2300,5000,null,null,#NAME?,null,null,null,null,null,null,20.47,KCVG 181854Z 31020G27KT 1 1/2SM -SN BKN023 OVC050 01/M01 A2976 RMK AO2 P0000 T00061011 $,null
CVG,2023-12-18 19:06,32,31,96.04,310,17,T,29.77,null,1,24,FEW,OVC,null,null,800,2300,null,null,#NAME?,null,null,null,null,null,null,20.08,KCVG 181906Z 31017G24KT 1SM R36C/P6000FT -SN FEW008 OVC023 00/M01 A2977 RMK AO2 P0000 T00001006 $,null
CVG,2023-12-18 19:09,31,31,100,310,22,T,29.77,null,0.75,29,FEW,OVC,null,null,800,1900,null,null,#NAME?,null,null,null,29,310,2023-12-18 19:09,17.24,KCVG 181909Z 31022G29KT 3/4SM R36C/P6000FT -SN FEW008 OVC019 M01/M01 A2977 RMK AO2 PK WND 31029/1909 P0000 T10061006 $,null
CVG,2023-12-18 19:20,31,28,88.48,290,26,T,29.77,null,6,35,FEW,OVC,null,null,800,1900,null,null,#NAME?,null,null,null,35,300,2023-12-18 19:18,16.22,KCVG 181920Z 29026G35KT 6SM -SN BR FEW008 OVC019 M01/M02 A2977 RMK AO2 PK WND 30035/1918 P0000 T10061022 $,null
CVG,2023-12-18 19:29,31,28,88.48,300,21,T,29.78,null,2.5,28,FEW,BKN,OVC,null,900,2100,4500,null,#NAME?,null,null,null,35,300,2023-12-18 19:18,17.52,KCVG 181929Z 30021G28KT 2 1/2SM -SN BR FEW009 BKN021 OVC045 M01/M02 A2978 RMK AO2 PK WND 30035/1918 P0000 T10061022 $,null
CVG,2023-12-18 19:41,31,30,96.02,300,15,T,29.79,null,6,23,FEW,BKN,BKN,null,900,2000,4000,null,#NAME?,null,null,null,35,300,2023-12-18 19:18,19.48,KCVG 181941Z 30015G23KT 6SM -SN BR FEW009 BKN020 BKN040 M01/M01 A2979 RMK AO2 PK WND 30035/1918 P0000 T10061011 $,null
CVG,2023-12-18 19:52,31,28,88.48,310,15,0.01,29.79,1009.3,10,null,FEW,SCT,BKN,null,1200,2900,7500,null,null,null,null,null,35,300,2023-12-18 19:18,19.48,KCVG 181952Z 31015KT 10SM FEW012 SCT029 BKN075 M01/M02 A2979 RMK AO2 PK WND 30035/1918 SNE52 SLP093 P0001 T10061022 $,null
CVG,2023-12-18 20:52,32,22,66.2,300,28,0,29.84,1010.9,10,34,BKN,BKN,null,null,3800,8000,null,null,null,null,null,null,34,290,2023-12-18 20:52,17.12,KCVG 182052Z 30028G34KT 10SM BKN038 BKN080 00/M06 A2984 RMK AO2 PK WND 29034/2052 SLP109 SHSN VC NW 60001 T00001056 53029 $,null
CVG,2023-12-18 21:29,32,21,63.45,300,21,T,29.87,null,10,32,BKN,OVC,null,null,4300,7500,null,null,#NAME?,null,null,null,35,300,2023-12-18 20:54,18.85,KCVG 182129Z 30021G32KT 10SM -SN BKN043 OVC075 00/M06 A2987 RMK AO2 PK WND 30035/2054 SNB29 VIS LWR NW BINOVC P0000 T00001061 $,null
CVG,2023-12-18 21:42,30,26,84.85,310,21,T,29.89,null,4,29,FEW,OVC,null,null,2800,3900,null,null,#NAME?,null,null,null,35,300,2023-12-18 20:54,16.19,KCVG 182142Z 31021G29KT 4SM -SN BR FEW028 OVC039 M01/M03 A2989 RMK AO2 PK WND 30035/2054 SNB29 PRESRR VIS NW-N 2 1/2 P0000 T10111033 $,null
CVG,2023-12-18 21:47,30.2,26.6,86.28,310,21,T,29.9,null,0.75,28,SCT,OVC,null,null,2400,3900,null,null,#NAME?,null,null,null,35,300,2023-12-18 20:54,16.45,KCVG 182147Z 31021G28KT 3/4SM R36C/P6000FT -SN BR SCT024 OVC039 M01/M03 A2990 RMK AO2 PK WND 30035/2054 SFC VIS 2 SNB29 P0000 $,null
CVG,2023-12-18 21:52,29,27,92.12,300,19,T,29.9,1013,0.75,26,SCT,BKN,null,null,2400,3800,null,null,#NAME?,null,null,null,35,300,2023-12-18 20:54,15.47,KCVG 182152Z 30019G26KT 3/4SM R36C/P6000FT -SN BR SCT024 BKN038 M02/M03 A2990 RMK AO2 PK WND 30035/2054 SFC VIS 2 SNB29 SLP130 VIS NW 2 1/2 P0000 T10171028 $,null
CVG,2023-12-18 22:07,29,27,92.12,290,18,T,29.91,null,5,23,FEW,SCT,BKN,null,1600,2800,4200,null,#NAME?,null,null,null,null,null,null,15.8,KCVG 182207Z 29018G23KT 5SM -SN BR FEW016 SCT028 BKN042 M02/M03 A2991 RMK AO2 P0000 T10171028 $,null
CVG,2023-12-18 22:16,29,25,84.79,290,18,T,29.92,null,10,25,FEW,SCT,BKN,null,2900,4400,7000,null,null,null,null,null,null,null,null,15.8,KCVG 182216Z COR 29018G25KT 10SM FEW029 SCT044 BKN070 M02/M04 A2992 RMK AO2 SNE16 SHSN VC SE-SW P0000 T10171039 $,null
CVG,2023-12-18 22:52,28,23,81.25,290,19,T,29.95,1014.6,10,27,FEW,SCT,BKN,null,2000,2900,7000,null,null,null,null,null,29,290,2023-12-18 22:38,14.15,KCVG 182252Z 29019G27KT 10SM FEW020 SCT029 BKN070 M02/M05 A2995 RMK AO2 PK WND 29029/2238 SNE16 SLP146 SCT V BKN P0000 T10221050 $,null
CVG,2023-12-18 23:07,29,22,74.77,290,21,0,29.96,null,10,30,BKN,BKN,BKN,null,2600,4200,6000,null,null,null,null,null,30,290,2023-12-18 23:07,14.85,KCVG 182307Z 29021G30KT 10SM BKN026 BKN042 BKN060 M02/M06 A2996 RMK AO2 PK WND 29030/2307 T10171056 $,null
CVG,2023-12-18 23:44,28,21,74.67,290,18,0,29.98,null,10,null,SCT,BKN,OVC,null,2800,6500,8500,null,null,null,null,null,30,290,2023-12-18 23:07,14.48,KCVG 182344Z 29018KT 10SM SCT028 BKN065 OVC085 M02/M06 A2998 RMK AO2 PK WND 29030/2307 BINOVC T10221061 $,null
CVG,2023-12-18 23:52,28,21,74.67,290,12,0,29.99,1016,10,20,SCT,BKN,OVC,null,3000,7000,8500,null,null,null,null,null,30,290,2023-12-18 23:07,16.91,KCVG 182352Z 29012G20KT 10SM SCT030 BKN070 OVC085 M02/M06 A2999 RMK AO2 PK WND 29030/2307 SLP160 BINOVC 60001 T10221061 10017 21022 51049 $,null
CVG,2023-12-19 0:52,29,19,65.81,300,15,0,30.03,1017.4,10,25,BKN,BKN,OVC,null,3400,4300,7000,null,null,null,null,null,26,300,2023-12-19 0:42,16.89,KCVG 190052Z 30015G25KT 10SM BKN034 BKN043 OVC070 M02/M07 A3003 RMK AO2 PK WND 30026/0042 SLP174 BINOVC T10171072 $,null
CVG,2023-12-19 1:52,28,18,65.69,290,16,0,30.05,1018.3,10,null,FEW,BKN,null,null,3500,4200,null,null,null,null,null,null,null,null,null,15.2,KCVG 190152Z 29016KT 10SM FEW035 BKN042 M02/M08 A3005 RMK AO2 SLP183 T10221078 $,null
CVG,2023-12-19 2:52,27,17,65.56,290,15,0,30.08,1019.1,10,null,FEW,null,null,null,4000,null,null,null,null,null,null,null,null,null,null,14.3,KCVG 190252Z 29015KT 10SM FEW040 M03/M08 A3008 RMK AO2 SLP191 T10281083 51029 $,null
CVG,2023-12-19 3:52,26,16,65.43,300,9,0,30.1,1019.9,10,null,FEW,null,null,null,4000,null,null,null,null,null,null,null,null,null,null,16.05,KCVG 190352Z 30009KT 10SM FEW040 M03/M09 A3010 RMK AO2 SLP199 T10331089 $,null
CVG,2023-12-19 4:52,24,16,71.11,280,11,0,30.11,1020.4,10,null,CLR,null,null,null,null,null,null,null,null,null,null,null,null,null,null,12.36,KCVG 190452Z 28011KT 10SM CLR M04/M09 A3011 RMK AO2 SLP204 T10441089 400441044 $,null
CVG,2023-12-19 5:52,25,17,71.22,280,14,0,30.13,1020.8,10,null,SCT,null,null,null,6000,null,null,null,null,null,null,null,null,null,null,12.14,KCVG 190552Z 28014KT 10SM SCT060 M04/M08 A3013 RMK AO2 SLP208 T10391083 11017 21044 51016 $,null
CVG,2023-12-19 6:52,25,16,68.2,280,14,0,30.14,1021.3,10,null,BKN,BKN,null,null,4300,5000,null,null,null,null,null,null,null,null,null,12.14,KCVG 190652Z 28014KT 10SM BKN043 BKN050 M04/M09 A3014 RMK AO2 SLP213 T10391089 $,null
CVG,2023-12-19 7:52,23,15,70.99,290,12,0,30.17,1022.4,10,null,FEW,null,null,null,4000,null,null,null,null,null,null,null,null,null,null,10.55,KCVG 190752Z 29012KT 10SM FEW040 M05/M09 A3017 RMK AO2 SLP224 T10501094 $,null
CVG,2023-12-19 8:52,22,14,70.88,280,9,0,30.2,1023.5,10,null,CLR,null,null,null,null,null,null,null,null,null,null,null,null,null,null,11.08,KCVG 190852Z 28009KT 10SM CLR M06/M10 A3020 RMK AO2 SLP235 T10561100 53025 $,null
CVG,2023-12-19 9:52,19,14,80.52,280,6,0,30.22,1024.1,10,null,CLR,null,null,null,null,null,null,null,null,null,null,null,null,null,null,9.87,KCVG 190952Z 28006KT 10SM CLR M07/M10 A3022 RMK AO2 SLP241 T10721100 $,null
CVG,2023-12-19 10:52,19,14,80.52,280,8,0,30.25,1025.2,10,null,FEW,null,null,null,5000,null,null,null,null,null,null,null,null,null,null,8.1,KCVG 191052Z 28008KT 10SM FEW050 M07/M10 A3025 RMK AO2 SLP252 T10721100 $,null
CVG,2023-12-19 11:52,20,14,77.16,280,9,0,30.28,1026.2,10,null,CLR,null,null,null,null,null,null,null,null,null,null,null,null,null,null,8.59,KCVG 191152Z 28009KT 10SM CLR M07/M10 A3028 RMK AO2 SLP262 70002 T10671100 11033 21072 53025 $,null
CVG,2023-12-19 12:52,18,14,84.05,230,4,0,30.3,1026.9,10,null,CLR,null,null,null,null,null,null,null,null,null,null,null,null,null,null,11.07,KCVG 191252Z 23004KT 10SM CLR M08/M10 A3030 RMK AO2 SLP269 T10781100 $,null
CVG,2023-12-19 13:52,21,16,80.69,250,6,0,30.33,1028,10,null,CLR,null,null,null,null,null,null,null,null,null,null,null,null,null,null,12.28,KCVG 191352Z 25006KT 10SM CLR M06/M09 A3033 RMK AO2 SLP280 T10611089,null
CVG,2023-12-19 14:52,24,17,74.26,260,6,0,30.35,1028.7,10,null,CLR,null,null,null,null,null,null,null,null,null,null,null,null,null,null,15.9,KCVG 191452Z 26006KT 10SM CLR M04/M08 A3035 RMK AO2 SLP287 T10441083 51024,null
CVG,2023-12-19 15:52,27,18,68.45,230,4,0,30.37,1029.2,10,null,FEW,null,null,null,30000,null,null,null,null,null,null,null,null,null,null,21.58,KCVG 191552Z 23004KT 10SM FEW300 M03/M08 A3037 RMK AO2 SLP292 T10281078,null
CVG,2023-12-19 16:52,30,19,63.18,270,4,0,30.36,1029,10,null,FEW,null,null,null,30000,null,null,null,null,null,null,null,null,null,null,25.08,KCVG 191652Z 27004KT 10SM FEW300 M01/M07 A3036 RMK AO2 SLP290 T10111072,null
CVG,2023-12-19 17:52,32,19,58.27,null,3,0,30.35,1028.4,10,null,CLR,null,null,null,null,null,null,null,null,null,null,null,null,null,null,28.69,KCVG 191752Z VRB03KT 10SM CLR 00/M07 A3035 RMK AO2 SLP284 T00001072 10011 21083 58002,null
CVG,2023-12-19 18:52,35,20,53.93,270,5,0,30.35,1028.5,10,null,FEW,null,null,null,17000,null,null,null,null,null,null,null,null,null,null,29.96,KCVG 191852Z 27005KT 10SM FEW170 02/M07 A3035 RMK AO2 SLP285 T00171067,null
CVG,2023-12-19 19:52,35,19,51.67,230,6,0,30.33,1027.9,10,null,FEW,null,null,null,25000,null,null,null,null,null,null,null,null,null,null,29.14,KCVG 191952Z 23006KT 10SM FEW250 02/M07 A3033 RMK AO2 SLP279 T00171072,null
CVG,2023-12-19 20:52,35,20,53.93,200,7,0,30.34,1028,10,null,FEW,null,null,null,25000,null,null,null,null,null,null,null,null,null,null,28.44,KCVG 192052Z 20007KT 10SM FEW250 02/M07 A3034 RMK AO2 SLP280 T00171067 58003,null
CVG,2023-12-19 21:52,33,19,55.97,210,7,0,30.35,1028.6,10,null,FEW,SCT,SCT,null,18000,21000,25000,null,null,null,null,null,null,null,null,26,KCVG 192152Z 21007KT 10SM FEW180 SCT210 SCT250 01/M07 A3035 RMK AO2 SLP286 T00061072,null
CVG,2023-12-19 22:52,30,19,63.18,170,4,0,30.35,1028.7,10,null,FEW,SCT,null,null,21000,25000,null,null,null,null,null,null,null,null,null,25.08,KCVG 192252Z 17004KT 10SM FEW210 SCT250 M01/M07 A3035 RMK AO2 SLP287 T10111072,null
CVG,2023-12-19 23:52,29,19,65.81,180,5,0,30.37,1029.3,10,null,FEW,SCT,null,null,21000,25000,null,null,null,null,null,null,null,null,null,22.83,KCVG 192352Z 18005KT 10SM FEW210 SCT250 M02/M07 A3037 RMK AO2 SLP293 T10171072 10022 21017 53011,null
CVG,2023-12-20 0:52,30,19,63.18,200,4,0,30.39,1030,10,null,FEW,BKN,null,null,20000,25000,null,null,null,null,null,null,null,null,null,25.08,KCVG 200052Z 20004KT 10SM FEW200 BKN250 M01/M07 A3039 RMK AO2 SLP300 T10111072,null
CVG,2023-12-20 1:52,28,19,68.57,180,6,0,30.37,1029.5,10,null,BKN,null,null,null,25000,null,null,null,null,null,null,null,null,null,null,20.71,KCVG 200152Z 18006KT 10SM BKN250 M02/M07 A3037 RMK AO2 SLP295 T10221072,null
CVG,2023-12-20 2:52,28,19,68.57,180,5,0,30.37,1029.5,10,null,BKN,null,null,null,22000,null,null,null,null,null,null,null,null,null,null,21.64,KCVG 200252Z 18005KT 10SM BKN220 M02/M07 A3037 RMK AO2 SLP295 T10221072 51002,null
CVG,2023-12-20 3:52,28,18,65.69,190,5,0,30.38,1029.7,10,null,BKN,null,null,null,22000,null,null,null,null,null,null,null,null,null,null,21.64,KCVG 200352Z 19005KT 10SM BKN220 M02/M08 A3038 RMK AO2 SLP297 T10221078,null
CVG,2023-12-20 4:52,26,20,77.71,190,6,0,30.38,1029.4,10,null,SCT,null,null,null,25000,null,null,null,null,null,null,null,null,null,null,18.3,KCVG 200452Z 19006KT 10SM SCT250 M03/M07 A3038 RMK AO2 SLP294 T10331067 400221083,null
CVG,2023-12-20 5:52,25,19,77.62,180,6,0,30.38,1029.4,10,null,BKN,null,null,null,25000,null,null,null,null,null,null,null,null,null,null,17.1,KCVG 200552Z 18006KT 10SM BKN250 M04/M07 A3038 RMK AO2 SLP294 T10391072 11011 21039 51001,null
CVG,2023-12-20 6:52,27,19,71.45,180,6,0,30.38,1029.5,10,null,FEW,SCT,null,null,23000,25000,null,null,null,null,null,null,null,null,null,19.51,KCVG 200652Z 18006KT 10SM FEW230 SCT250 M03/M07 A3038 RMK AO2 SLP295 T10281072,null
CVG,2023-12-20 7:52,26,18,71.33,180,5,0,30.39,1029.9,10,null,FEW,null,null,null,25000,null,null,null,null,null,null,null,null,null,null,19.27,KCVG 200752Z 18005KT 10SM FEW250 M03/M08 A3039 RMK AO2 SLP299 T10331078,null
CVG,2023-12-20 8:52,26,18,71.33,170,6,0,30.4,1030.2,10,null,FEW,null,null,null,25000,null,null,null,null,null,null,null,null,null,null,18.3,KCVG 200852Z 17006KT 10SM FEW250 M03/M08 A3040 RMK AO2 SLP302 T10331078 53007,null
CVG,2023-12-20 9:52,25,18,74.36,160,6,0,30.4,1030.1,10,null,FEW,null,null,null,25000,null,null,null,null,null,null,null,null,null,null,17.1,KCVG 200952Z 16006KT 10SM FEW250 M04/M08 A3040 RMK AO2 SLP301 T10391078,null
CVG,2023-12-20 10:52,25,18,74.36,160,5,0,30.4,1030.3,10,null,FEW,null,null,null,25000,null,null,null,null,null,null,null,null,null,null,18.08,KCVG 201052Z 16005KT 10SM FEW250 M04/M08 A3040 RMK AO2 SLP303 T10391078,null
CVG,2023-12-20 11:52,24,18,77.53,170,5,0,30.42,1030.8,10,null,CLR,null,null,null,null,null,null,null,null,null,null,null,null,null,null,16.89,KCVG 201152Z 17005KT 10SM CLR M04/M08 A3042 RMK AO2 SLP308 T10441078 11028 21044 53005,null
CVG,2023-12-20 12:52,24,18,77.53,170,5,0,30.43,1031.2,10,null,CLR,null,null,null,null,null,null,null,null,null,null,null,null,null,null,16.89,KCVG 201252Z 17005KT 10SM CLR M04/M08 A3043 RMK AO2 SLP312 T10441078,null
CVG,2023-12-20 13:52,27,21,77.8,170,3,0,30.43,1031.3,10,null,CLR,null,null,null,null,null,null,null,null,null,null,null,null,null,null,22.97,KCVG 201352Z 17003KT 10SM CLR M03/M06 A3043 RMK AO2 SLP313 T10281061,null
CVG,2023-12-20 14:52,33,23,66.32,170,6,0,30.44,1031.6,10,null,CLR,null,null,null,null,null,null,null,null,null,null,null,null,null,null,26.73,KCVG 201452Z 17006KT 10SM CLR 01/M05 A3044 RMK AO2 SLP316 T00061050 53008,null
CVG,2023-12-20 15:52,38,21,49.98,200,7,0,30.45,1031.6,10,null,FEW,null,null,null,30000,null,null,null,null,null,null,null,null,null,null,32.09,KCVG 201552Z 20007KT 10SM FEW300 03/M06 A3045 RMK AO2 SLP316 T00331061,null
CVG,2023-12-20 16:52,41,21,44.47,180,7,0,30.43,1030.8,10,null,FEW,FEW,null,null,16000,30000,null,null,null,null,null,null,null,null,null,35.75,KCVG 201652Z 18007KT 10SM FEW160 FEW300 05/M06 A3043 RMK AO2 SLP308 T00501061,null
CVG,2023-12-20 17:52,44,22,41.34,180,8,0,30.4,1029.8,10,null,SCT,BKN,null,null,20000,30000,null,null,null,null,null,null,null,null,null,38.9,KCVG 201752Z 18008KT 10SM SCT200 BKN300 07/M06 A3040 RMK AO2 SLP298 T00671056 10067 21044 58015,null
CVG,2023-12-20 18:52,47,21,35.36,190,8,0,30.38,1029.2,10,null,FEW,SCT,null,null,20000,30000,null,null,null,null,null,null,null,null,null,42.59,KCVG 201852Z 19008KT 10SM FEW200 SCT300 08/M06 A3038 RMK AO2 SLP292 T00831061,null
CVG,2023-12-20 19:52,49,20,31.44,190,10,0,30.36,1028.7,10,null,FEW,FEW,null,null,22000,30000,null,null,null,null,null,null,null,null,null,44.29,KCVG 201952Z 19010KT 10SM FEW220 FEW300 09/M07 A3036 RMK AO2 SLP287 T00941067,null
CVG,2023-12-20 20:52,48,20,32.64,190,9,0,30.36,1028.5,10,null,FEW,FEW,null,null,24000,30000,null,null,null,null,null,null,null,null,null,43.41,KCVG 202052Z 19009KT 10SM FEW240 FEW300 09/M07 A3036 RMK AO2 SLP285 T00891067 56012,null
CVG,2023-12-20 21:52,45,20,36.55,180,7,0,30.37,1028.8,10,null,FEW,FEW,null,null,24000,30000,null,null,null,null,null,null,null,null,null,40.63,KCVG 202152Z 18007KT 10SM FEW240 FEW300 07/M07 A3037 RMK AO2 SLP288 T00721067,null
CVG,2023-12-20 22:52,41,18,39.12,170,7,0,30.38,1029.3,10,null,FEW,FEW,null,null,21000,30000,null,null,null,null,null,null,null,null,null,35.75,KCVG 202252Z 17007KT 10SM FEW210 FEW300 05/M08 A3038 RMK AO2 SLP293 T00501078,null
CVG,2023-12-20 23:52,39,24,54.54,160,6,0,30.38,1029.5,10,null,FEW,null,null,null,21000,null,null,null,null,null,null,null,null,null,null,33.96,KCVG 202352Z 16006KT 10SM FEW210 04/M04 A3038 RMK AO2 SLP295 T00391044 10094 20033 51007,null
CVG,2023-12-21 0:52,38,24,56.71,180,4,0,30.38,1029.4,10,null,FEW,FEW,null,null,20000,30000,null,null,null,null,null,null,null,null,null,34.43,KCVG 210052Z 18004KT 10SM FEW200 FEW300 03/M04 A3038 RMK AO2 SLP294 T00331044,null
CVG,2023-12-21 1:52,38,20,47.9,190,6,0,30.38,1029.4,10,null,SCT,null,null,null,30000,null,null,null,null,null,null,null,null,null,null,32.76,KCVG 210152Z 19006KT 10SM SCT300 03/M07 A3038 RMK AO2 SLP294 T00331067,null
CVG,2023-12-21 2:52,34,22,61.09,180,5,0,30.37,1029.1,10,null,FEW,BKN,null,null,9000,30000,null,null,null,null,null,null,null,null,null,28.77,KCVG 210252Z 18005KT 10SM FEW090 BKN300 01/M06 A3037 RMK AO2 SLP291 T00111056 58003,null
CVG,2023-12-21 3:52,36,20,51.83,190,5,0,30.37,1029,10,null,BKN,null,null,null,30000,null,null,null,null,null,null,null,null,null,null,31.15,KCVG 210352Z 19005KT 10SM BKN300 02/M07 A3037 RMK AO2 SLP290 T00221067,null
CVG,2023-12-21 4:52,36,20,51.83,200,4,0,30.38,1029.1,10,null,BKN,null,null,null,30000,null,null,null,null,null,null,null,null,null,null,32.09,KCVG 210452Z 20004KT 10SM BKN300 02/M07 A3038 RMK AO2 SLP291 T00221067 400941044,null
CVG,2023-12-21 5:52,34,21,58.56,190,3,0,30.38,1029.1,10,null,BKN,null,null,null,30000,null,null,null,null,null,null,null,null,null,null,30.97,KCVG 210552Z 19003KT 10SM BKN300 01/M06 A3038 RMK AO2 SLP291 T00111061 10039 20006 50002,null
CVG,2023-12-21 6:52,37,18,45.73,0,0,0,30.38,1029,10,null,BKN,null,null,null,30000,null,null,null,null,null,null,null,null,null,null,37,KCVG 210652Z 00000KT 10SM BKN300 03/M08 A3038 RMK AO2 SLP290 T00281078,null
CVG,2023-12-21 7:52,35,18,49.5,0,0,0,30.39,1029.4,10,null,BKN,null,null,null,30000,null,null,null,null,null,null,null,null,null,null,35,KCVG 210752Z 00000KT 10SM BKN300 02/M08 A3039 RMK AO2 SLP294 T00171078,null
CVG,2023-12-21 8:52,34,19,53.77,0,0,0,30.4,1029.7,10,null,BKN,null,null,null,30000,null,null,null,null,null,null,null,null,null,null,34,KCVG 210852Z 00000KT 10SM BKN300 01/M07 A3040 RMK AO2 SLP297 T00111072 53006,null
CVG,2023-12-21 9:52,30,19,63.18,170,4,0,30.39,1029.6,10,null,BKN,null,null,null,30000,null,null,null,null,null,null,null,null,null,null,25.08,KCVG 210952Z 17004KT 10SM BKN300 M01/M07 A3039 RMK AO2 SLP296 T10111072,null
CVG,2023-12-21 10:52,31,20,63.32,180,3,0,30.39,1029.6,10,null,BKN,null,null,null,30000,null,null,null,null,null,null,null,null,null,null,27.55,KCVG 211052Z 18003KT 10SM BKN300 M01/M07 A3039 RMK AO2 SLP296 T10061067,null
CVG,2023-12-21 11:52,31,20,63.32,180,5,0,30.4,1030,10,null,BKN,null,null,null,22000,null,null,null,null,null,null,null,null,null,null,25.21,KCVG 211152Z 18005KT 10SM BKN220 M01/M07 A3040 RMK AO2 SLP300 T10061067 10028 21022 53001,null
CVG,2023-12-21 12:52,33,22,63.59,170,4,0,30.41,1030.2,10,null,BKN,BKN,null,null,17000,25000,null,null,null,null,null,null,null,null,null,28.59,KCVG 211252Z 17004KT 10SM BKN170 BKN250 01/M06 A3041 RMK AO2 SLP302 T00061056,null
CVG,2023-12-21 13:52,34,23,63.72,190,4,0,30.41,1030.3,10,null,SCT,OVC,null,null,21000,30000,null,null,null,null,null,null,null,null,null,29.76,KCVG 211352Z 19004KT 10SM SCT210 OVC300 01/M05 A3041 RMK AO2 SLP303 OVC THN T00111050,null
CVG,2023-12-21 14:52,39,25,56.86,200,4,0,30.42,1030.6,10,null,FEW,BKN,null,null,16000,30000,null,null,null,null,null,null,null,null,null,35.59,KCVG 211452Z 20004KT 10SM FEW160 BKN300 04/M04 A3042 RMK AO2 SLP306 CONTRAILS T00391039 53006,null
CVG,2023-12-21 15:52,43,25,48.7,200,5,0,30.42,1030.4,10,null,FEW,BKN,null,null,17000,30000,null,null,null,null,null,null,null,null,null,39.46,KCVG 211552Z 20005KT 10SM FEW170 BKN300 06/M04 A3042 RMK AO2 SLP304 T00611039,null
CVG,2023-12-21 16:52,47,24,40.12,190,8,0,30.4,1029.7,10,null,FEW,SCT,BKN,null,16000,24000,30000,null,null,null,null,null,null,null,null,42.59,KCVG 211652Z 19008KT 10SM FEW160 SCT240 BKN300 08/M04 A3040 RMK AO2 SLP297 T00831044,null
CVG,2023-12-21 17:52,48,26,42,210,7,0,30.38,1028.9,10,null,SCT,BKN,BKN,null,13000,15000,30000,null,null,null,null,null,null,null,null,44.28,KCVG 211752Z 21007KT 10SM SCT130 BKN150 BKN300 09/M03 A3038 RMK AO2 SLP289 VIRGA W-NW T00891033 10089 21006 58015,null
CVG,2023-12-21 18:52,49,27,42.16,190,4,0,30.36,1028.2,10,null,FEW,BKN,BKN,null,11000,16000,25000,null,null,null,null,null,null,null,null,47.27,KCVG 211852Z 19004KT 10SM FEW110 BKN160 BKN250 09/M03 A3036 RMK AO2 SLP282 VIRGA SW-W T00941028,null
CVG,2023-12-21 19:52,50,25,37.39,200,7,0,30.34,1027.7,10,null,SCT,BKN,OVC,null,12000,15000,25000,null,null,null,null,null,null,null,null,50,KCVG 211952Z 20007KT 10SM SCT120 BKN150 OVC250 10/M04 A3034 RMK AO2 SLP277 VIRGA E-SE T01001039,null
CVG,2023-12-21 20:52,50,27,40.62,200,5,0,30.34,1027.7,10,null,FEW,BKN,BKN,OVC,12000,15000,20000,25000,null,null,null,null,null,null,null,50,KCVG 212052Z 20005KT 10SM FEW120 BKN150 BKN200 OVC250 10/M03 A3034 RMK AO2 SLP277 VIRGA N-NE T01001028 56011,null
CVG,2023-12-21 21:52,48,27,43.77,200,3,0,30.35,1027.9,10,null,SCT,BKN,OVC,null,15000,19000,25000,null,null,null,null,null,null,null,null,46.98,KCVG 212152Z 20003KT 10SM SCT150 BKN190 OVC250 09/M03 A3035 RMK AO2 SLP279 T00891028,null
CVG,2023-12-21 22:52,45,26,47.04,190,4,0,30.34,1027.9,10,null,SCT,SCT,OVC,null,14000,20000,25000,null,null,null,null,null,null,null,null,42.6,KCVG 212252Z 19004KT 10SM SCT140 SCT200 OVC250 07/M03 A3034 RMK AO2 SLP279 T00721033,null
CVG,2023-12-21 23:52,42,28,57.3,190,4,0,30.34,1027.9,10,null,FEW,OVC,null,null,18000,22000,null,null,null,null,null,null,null,null,null,39.1,KCVG 212352Z 19004KT 10SM FEW180 OVC220 06/M02 A3034 RMK AO2 SLP279 T00561022 10100 20056 51000,null
CVG,2023-12-22 0:52,41,28,59.55,200,5,0,30.34,1027.8,10,null,BKN,OVC,null,null,20000,25000,null,null,null,null,null,null,null,null,null,37.08,KCVG 220052Z 20005KT 10SM BKN200 OVC250 05/M02 A3034 RMK AO2 SLP278 T00501022,null
CVG,2023-12-22 1:52,41,28,59.55,190,4,0,30.33,1027.4,10,null,BKN,OVC,null,null,21000,25000,null,null,null,null,null,null,null,null,null,37.93,KCVG 220152Z 19004KT 10SM BKN210 OVC250 05/M02 A3033 RMK AO2 SLP274 T00501022,null
CVG,2023-12-22 2:52,41,28,59.55,200,4,0,30.32,1027.1,10,null,FEW,OVC,null,null,20000,25000,null,null,null,null,null,null,null,null,null,37.93,KCVG 220252Z 20004KT 10SM FEW200 OVC250 05/M02 A3032 RMK AO2 SLP271 T00501022 58006,null
CVG,2023-12-22 3:52,42,28,57.3,230,4,0,30.32,1027.1,10,null,BKN,null,null,null,20000,null,null,null,null,null,null,null,null,null,null,39.1,KCVG 220352Z 23004KT 10SM BKN200 06/M02 A3032 RMK AO2 SLP271 T00561022,null
CVG,2023-12-22 4:52,41,27,57.15,210,3,0,30.32,1026.9,10,null,BKN,null,null,null,30000,null,null,null,null,null,null,null,null,null,null,38.98,KCVG 220452Z 21003KT 10SM BKN300 05/M03 A3032 RMK AO2 SLP269 T00501028 401001022,null
CVG,2023-12-22 5:52,38,27,64.24,0,0,0,30.31,1026.7,10,null,BKN,null,null,null,30000,null,null,null,null,null,null,null,null,null,null,38,KCVG 220552Z 00000KT 10SM BKN300 03/M03 A3031 RMK AO2 SLP267 T00331028 10061 20033 58004,null
CVG,2023-12-22 6:52,36,27,69.51,190,3,0,30.3,1026.3,10,null,BKN,null,null,null,30000,null,null,null,null,null,null,null,null,null,null,33.26,KCVG 220652Z 19003KT 10SM BKN300 02/M03 A3030 RMK AO2 SLP263 T00221028,null
CVG,2023-12-22 7:52,36,27,69.51,0,0,0,30.31,1026.5,10,null,BKN,null,null,null,30000,null,null,null,null,null,null,null,null,null,null,36,KCVG 220752Z 00000KT 10SM BKN300 02/M03 A3031 RMK AO2 SLP265 T00221028,null
CVG,2023-12-22 8:52,39,27,61.78,0,0,0,30.31,1026.4,10,null,BKN,null,null,null,30000,null,null,null,null,null,null,null,null,null,null,39,KCVG 220852Z 00000KT 10SM BKN300 04/M03 A3031 RMK AO2 SLP264 T00391028 56002,null
CVG,2023-12-22 9:52,37,28,69.63,0,0,0,30.3,1026.3,10,null,OVC,null,null,null,11000,null,null,null,null,null,null,null,null,null,null,37,KCVG 220952Z 00000KT 10SM OVC110 03/M02 A3030 RMK AO2 SLP263 T00281022,null
CVG,2023-12-22 10:52,36,30,78.6,160,5,0,30.3,1026.4,10,null,OVC,null,null,null,11000,null,null,null,null,null,null,null,null,null,null,31.15,KCVG 221052Z 16005KT 10SM OVC110 02/M01 A3030 RMK AO2 SLP264 T00221011,null
CVG,2023-12-22 11:52,37,29,72.54,160,4,0,30.31,1026.7,10,null,OVC,null,null,null,11000,null,null,null,null,null,null,null,null,null,null,33.26,KCVG 221152Z 16004KT 10SM OVC110 03/M02 A3031 RMK AO2 SLP267 T00281017 10039 20006 53001,null
CVG,2023-12-22 12:52,37,30,75.56,170,5,0,30.31,1026.7,10,null,BKN,BKN,OVC,null,7000,9000,11000,null,null,null,null,null,null,null,null,32.33,KCVG 221252Z 17005KT 10SM BKN070 BKN090 OVC110 03/M01 A3031 RMK AO2 SLP267 T00281011,null
CVG,2023-12-22 13:52,39,30,69.85,180,3,0,30.32,1027,10,null,FEW,BKN,OVC,null,8000,10000,13000,null,null,null,null,null,null,null,null,36.69,KCVG 221352Z 18003KT 10SM FEW080 BKN100 OVC130 04/M01 A3032 RMK AO2 SLP270 T00391011,null
CVG,2023-12-22 14:52,42,29,59.69,170,5,0,30.32,1026.9,10,null,BKN,BKN,null,null,10000,12000,null,null,null,null,null,null,null,null,null,38.27,KCVG 221452Z 17005KT 10SM BKN100 BKN120 06/M02 A3032 RMK AO2 SLP269 T00561017 50003,null
CVG,2023-12-22 15:52,47,28,47.36,180,8,0,30.32,1026.8,10,null,SCT,BKN,BKN,null,10000,12000,15000,null,null,null,null,null,null,null,null,42.59,KCVG 221552Z 18008KT 10SM SCT100 BKN120 BKN150 08/M02 A3032 RMK AO2 SLP268 T00831022,null
CVG,2023-12-22 16:52,49,28,43.93,170,7,0,30.29,1025.8,10,null,FEW,BKN,BKN,null,11000,12000,15000,null,null,null,null,null,null,null,null,45.5,KCVG 221652Z 17007KT 10SM FEW110 BKN120 BKN150 09/M02 A3029 RMK AO2 SLP258 T00941022,null
CVG,2023-12-22 17:52,50,27,40.62,200,7,0,30.26,1024.9,10,null,FEW,BKN,OVC,null,6000,7000,12000,null,null,null,null,null,null,null,null,50,KCVG 221752Z 20007KT 10SM FEW060 BKN070 OVC120 10/M03 A3026 RMK AO2 SLP249 T01001028 10106 20028 58018,null
CVG,2023-12-22 18:52,50,29,44.1,190,7,0,30.24,1024.2,10,null,BKN,BKN,null,null,7000,13000,null,null,null,null,null,null,null,null,null,50,KCVG 221852Z 19007KT 10SM BKN070 BKN130 10/M02 A3024 RMK AO2 SLP242 T01001017,null
CVG,2023-12-22 19:52,51,30,44.26,190,8,0,30.23,1023.8,10,null,BKN,OVC,null,null,7000,12000,null,null,null,null,null,null,null,null,null,51,KCVG 221952Z 19008KT 10SM BKN070 OVC120 11/M01 A3023 RMK AO2 SLP238 T01061011,null
CVG,2023-12-22 20:52,50,29,44.1,190,7,0,30.23,1023.7,10,null,FEW,OVC,null,null,8500,13000,null,null,null,null,null,null,null,null,null,50,KCVG 222052Z 19007KT 10SM FEW085 OVC130 10/M02 A3023 RMK AO2 SLP237 T01001017 56012,null
CVG,2023-12-22 21:52,49,30,47.68,160,10,0,30.23,1023.7,10,null,FEW,OVC,null,null,9000,13000,null,null,null,null,null,null,null,null,null,44.29,KCVG 222152Z 16010KT 10SM FEW090 OVC130 09/M01 A3023 RMK AO2 SLP237 VIRGA DSNT SW-W T00941011,null
CVG,2023-12-22 22:52,46,30,53.37,150,8,0,30.22,1023.8,10,null,SCT,BKN,OVC,null,9500,12000,25000,null,null,null,null,null,null,null,null,41.36,KCVG 222252Z 15008KT 10SM SCT095 BKN120 OVC250 08/M01 A3022 RMK AO2 SLP238 T00781011,null
CVG,2023-12-22 23:52,46,31,55.58,150,4,0,30.23,1023.8,10,null,OVC,null,null,null,8500,null,null,null,null,null,null,null,null,null,null,43.77,KCVG 222352Z 15004KT 10SM OVC085 08/M01 A3023 RMK AO2 SLP238 T00781006 10106 20072 53001,null
CVG,2023-12-23 0:52,45,31,57.73,150,4,0,30.23,1024,10,null,FEW,BKN,OVC,null,9000,11000,14000,null,null,null,null,null,null,null,null,42.6,KCVG 230052Z 15004KT 10SM FEW090 BKN110 OVC140 07/M01 A3023 RMK AO2 SLP240 T00721006,null
CVG,2023-12-23 1:52,46,32,57.87,170,4,0,30.23,1023.8,10,null,BKN,OVC,null,null,8000,10000,null,null,null,null,null,null,null,null,null,43.77,KCVG 230152Z 17004KT 10SM BKN080 OVC100 08/00 A3023 RMK AO2 SLP238 T00780000,null
CVG,2023-12-23 2:52,45,31,57.73,160,4,0,30.22,1023.4,10,null,BKN,OVC,null,null,8000,9500,null,null,null,null,null,null,null,null,null,42.6,KCVG 230252Z 16004KT 10SM BKN080 OVC095 07/M01 A3022 RMK AO2 SLP234 T00721006 58003,null
CVG,2023-12-23 3:52,45,31,57.73,190,6,0,30.22,1023.4,10,null,SCT,BKN,OVC,null,7500,8500,11000,null,null,null,null,null,null,null,null,41.19,KCVG 230352Z 19006KT 10SM SCT075 BKN085 OVC110 07/M01 A3022 RMK AO2 SLP234 T00721006,null
CVG,2023-12-23 4:52,46,29,51.24,200,5,0,30.22,1023.3,10,null,OVC,null,null,null,7000,null,null,null,null,null,null,null,null,null,null,43.02,KCVG 230452Z 20005KT 10SM OVC070 08/M02 A3022 RMK AO2 SLP233 T00781017 401060006,null
CVG,2023-12-23 5:52,46,29,51.24,0,0,T,30.21,1022.9,10,null,BKN,OVC,null,null,6500,7500,null,null,null,null,null,null,null,null,null,46,KCVG 230552Z 00000KT 10SM BKN065 OVC075 08/M02 A3021 RMK AO2 RAB0456E13B31E48 SLP229 P0000 60000 T00781017 10078 20072 58003,null
CVG,2023-12-23 6:52,45,32,60.11,180,5,0,30.2,1022.7,10,null,OVC,null,null,null,7000,null,null,null,null,null,null,null,null,null,null,41.83,KCVG 230652Z 18005KT 10SM OVC070 07/00 A3020 RMK AO2 SLP227 T00720000,null
CVG,2023-12-23 7:52,45,31,57.73,180,6,0,30.21,1022.9,10,null,BKN,OVC,null,null,7500,8500,null,null,null,null,null,null,null,null,null,41.19,KCVG 230752Z 18006KT 10SM BKN075 OVC085 07/M01 A3021 RMK AO2 SLP229 T00721006,null
CVG,2023-12-23 8:52,46,30,53.37,190,8,0,30.2,1022.7,10,null,SCT,BKN,OVC,null,7500,9000,13000,null,null,null,null,null,null,null,null,41.36,KCVG 230852Z 19008KT 10SM SCT075 BKN090 OVC130 08/M01 A3020 RMK AO2 SLP227 T00781011 56002,null
CVG,2023-12-23 9:52,44,35,70.42,190,8,0.02,30.2,1022.5,10,null,SCT,BKN,OVC,null,7500,9500,11000,null,null,null,null,null,null,null,null,38.9,KCVG 230952Z 19008KT 10SM SCT075 BKN095 OVC110 07/02 A3020 RMK AO2 RAB0858E31 SLP225 P0002 T00670017,null
CVG,2023-12-23 10:52,44,35,70.42,190,7,0,30.2,1022.7,10,null,BKN,BKN,OVC,null,3500,10000,14000,null,null,null,null,null,null,null,null,39.41,KCVG 231052Z 19007KT 10SM BKN035 BKN100 OVC140 07/02 A3020 RMK AO2 SLP227 T00670017,null
CVG,2023-12-23 11:52,46,34,62.71,200,8,0,30.21,1023,10,null,BKN,BKN,null,null,3100,10000,null,null,null,null,null,null,null,null,null,41.36,KCVG 231152Z 20008KT 10SM BKN031 BKN100 08/01 A3021 RMK AO2 SLP230 60002 70002 T00780011 10083 20056 53002,null
CVG,2023-12-23 12:52,45,35,67.78,200,7,0,30.21,1023.2,10,null,SCT,BKN,OVC,null,2800,3600,4500,null,null,null,null,null,null,null,null,40.63,KCVG 231252Z 20007KT 10SM SCT028 BKN036 OVC045 07/02 A3021 RMK AO2 SLP232 T00720017,null
CVG,2023-12-23 13:29,46,35,65.26,190,8,0,30.22,null,10,null,BKN,OVC,null,null,2500,3200,null,null,null,null,null,null,null,null,null,41.36,KCVG 231329Z 19008KT 10SM BKN025 OVC032 08/02 A3022 RMK AO2 T00780017,null
CVG,2023-12-23 13:52,47,35,62.84,190,9,0,30.22,1023.2,10,null,BKN,OVC,null,null,2500,3400,null,null,null,null,null,null,null,null,null,42.17,KCVG 231352Z 19009KT 10SM BKN025 OVC034 08/02 A3022 RMK AO2 SLP232 T00830017,null
CVG,2023-12-23 14:52,48,36,62.97,210,6,0,30.24,1023.8,10,null,BKN,OVC,null,null,2200,3000,null,null,null,null,null,null,null,null,null,44.8,KCVG 231452Z 21006KT 10SM BKN022 OVC030 09/02 A3024 RMK AO2 SLP238 T00890022 53009,null
CVG,2023-12-23 15:52,47,42,82.65,200,6,T,30.24,1024.1,10,null,BKN,OVC,null,null,1700,2300,null,null,null,null,null,null,null,null,null,43.6,KCVG 231552Z 20006KT 10SM BKN017 OVC023 08/06 A3024 RMK AO2 RAB23E38 SLP241 P0000 T00830056,null
CVG,2023-12-23 16:52,48,42,79.6,210,8,0,30.23,1023.8,10,null,FEW,BKN,OVC,null,1700,2000,2200,null,null,null,null,null,null,null,null,43.82,KCVG 231652Z 21008KT 10SM FEW017 BKN020 OVC022 09/06 A3023 RMK AO2 SLP238 T00890056,null
CVG,2023-12-23 17:52,48,43,82.72,210,10,T,30.22,1023.3,10,null,BKN,OVC,null,null,1300,1500,null,null,null,null,null,null,null,null,null,43.03,KCVG 231752Z 21010KT 10SM BKN013 OVC015 09/06 A3022 RMK AO2 RAB13E40 SLP233 P0000 60000 T00890061 10094 20072 58005,null
CVG,2023-12-23 18:43,47,46,96.29,210,8,0.01,30.21,null,3,null,SCT,BKN,OVC,null,1300,2000,4800,null,#NAME?,null,null,null,null,null,null,42.59,KCVG 231843Z 21008KT 3SM -RA BR SCT013 BKN020 OVC048 08/08 A3021 RMK AO2 RAB22 CIG 012 36R P0001 T00830078,null
CVG,2023-12-23 18:52,47,47,100,200,8,0.01,30.2,1022.9,3,null,FEW,BKN,OVC,null,1200,1900,5500,null,#NAME?,null,null,null,null,null,null,42.59,KCVG 231852Z 20008KT 3SM -RA BR FEW012 BKN019 OVC055 08/08 A3020 RMK AO2 RAB22 SLP229 P0001 T00830083,null
CVG,2023-12-23 19:18,47,47,100,200,8,T,30.21,null,8,null,BKN,OVC,null,null,1300,1700,null,null,#NAME?,null,null,null,null,null,null,42.59,KCVG 231918Z 20008KT 8SM -RA BKN013 OVC017 08/08 A3021 RMK AO2 P0000 T00830083,null
CVG,2023-12-23 19:49,46.4,46.4,100,200,8,0.01,30.21,null,2.5,null,BKN,OVC,null,null,900,1200,null,null,#NAME?,null,null,null,null,null,null,41.85,KCVG 231949Z 20008KT 2 1/2SM -RA BR BKN009 OVC012 08/08 A3021 RMK AO2 SFC VIS 3 P0001,null
CVG,2023-12-23 19:52,46,46,100,200,8,0.01,30.21,1023,2.5,null,BKN,OVC,null,null,900,1200,null,null,#NAME?,null,null,null,null,null,null,41.36,KCVG 231952Z 20008KT 2 1/2SM -RA BR BKN009 OVC012 08/08 A3021 RMK AO2 SFC VIS 4 SLP230 P0001 T00780078,null
CVG,2023-12-23 20:52,46,46,100,200,8,0.01,30.2,1022.9,6,null,OVC,null,null,null,700,null,null,null,BR,null,null,null,null,null,null,41.36,KCVG 232052Z 20008KT 6SM BR OVC007 08/08 A3020 RMK AO2 RAE26 SLP229 P0001 60003 T00780078 50000,null
CVG,2023-12-23 21:52,46,46,100,200,7,0,30.22,1023.5,5,null,OVC,null,null,null,500,null,null,null,BR,null,null,null,null,null,null,41.84,KCVG 232152Z 20007KT 5SM BR OVC005 08/08 A3022 RMK AO2 SLP235 T00780078,null
CVG,2023-12-23 22:43,46,46,100,180,6,0,30.23,null,5,null,OVC,null,null,null,300,null,null,null,BR,null,null,null,null,null,null,42.39,KCVG 232243Z 18006KT 5SM BR OVC003 08/08 A3023 RMK AO2 T00780078,null
CVG,2023-12-23 22:52,46,46,100,170,6,0,30.23,1023.7,5,null,OVC,null,null,null,300,null,null,null,BR,null,null,null,null,null,null,42.39,KCVG 232252Z 17006KT 5SM BR OVC003 08/08 A3023 RMK AO2 SLP237 T00780078,null
CVG,2023-12-23 23:52,47,47,100,190,4,0,30.24,1023.9,4,null,OVC,null,null,null,300,null,null,null,BR,null,null,null,null,null,null,44.94,KCVG 232352Z 19004KT 4SM BR OVC003 08/08 A3024 RMK AO2 SLP239 60003 T00830083 10089 20078 51011,null
CVG,2023-12-23 23:59,47,47,100,190,5,0,30.24,null,5,null,OVC,null,null,null,500,null,null,null,BR,null,null,null,null,null,null,44.21,KCVG 232359Z 19005KT 5SM BR OVC005 08/08 A3024 RMK AO2 T00830083,null
CVG,2023-12-24 0:52,47,47,100,200,5,0,30.25,1024.4,6,null,FEW,OVC,null,null,700,1100,null,null,BR,null,null,null,null,null,null,44.21,KCVG 240052Z 20005KT 6SM BR FEW007 OVC011 08/08 A3025 RMK AO2 SLP244 T00830083,null
CVG,2023-12-24 1:33,47,47,100,190,5,0,30.25,null,7,null,OVC,null,null,null,900,null,null,null,null,null,null,null,null,null,null,44.21,KCVG 240133Z 19005KT 7SM OVC009 08/08 A3025 RMK AO2 T00830083,null
CVG,2023-12-24 1:52,47,47,100,200,5,0,30.25,1024.4,6,null,OVC,null,null,null,900,null,null,null,BR,null,null,null,null,null,null,44.21,KCVG 240152Z 20005KT 6SM BR OVC009 08/08 A3025 RMK AO2 SLP244 T00830083,null
CVG,2023-12-24 2:27,48,48,100,200,6,0,30.25,null,7,null,OVC,null,null,null,1100,null,null,null,null,null,null,null,null,null,null,44.8,KCVG 240227Z 20006KT 7SM OVC011 09/09 A3025 RMK AO2 T00890089,null
CVG,2023-12-24 2:52,48,48,100,200,5,0,30.25,1024.4,7,null,BKN,OVC,null,null,700,1200,null,null,null,null,null,null,null,null,null,45.4,KCVG 240252Z 20005KT 7SM BKN007 OVC012 09/09 A3025 RMK AO2 SLP244 T00890089 51005,null
CVG,2023-12-24 3:52,48,48,100,210,6,0,30.26,1024.5,7,null,OVC,null,null,null,500,null,null,null,null,null,null,null,null,null,null,44.8,KCVG 240352Z 21006KT 7SM OVC005 09/09 A3026 RMK AO2 SLP245 T00890089,null
CVG,2023-12-24 4:52,48,48,100,220,5,0,30.25,1024.5,10,null,OVC,null,null,null,500,null,null,null,null,null,null,null,null,null,null,45.4,KCVG 240452Z 22005KT 10SM OVC005 09/09 A3025 RMK AO2 SLP245 T00890089 400940056,null
CVG,2023-12-24 4:57,48,48,100,220,4,0,30.25,null,2,null,OVC,null,null,null,500,null,null,null,BR,null,null,null,null,null,null,46.1,KCVG 240457Z 22004KT 2SM BR OVC005 09/09 A3025 RMK AO2 SFC VIS 5 T00890089,null
CVG,2023-12-24 5:08,48,48,100,0,0,0,30.25,null,2,null,OVC,null,null,null,300,null,null,null,BR,null,null,null,null,null,null,48,KCVG 240508Z 00000KT 2SM BR OVC003 09/09 A3025 RMK AO2 SFC VIS 4 T00890089,null
CVG,2023-12-24 5:52,48,48,100,230,3,0,30.25,1024.4,1.5,null,OVC,null,null,null,300,null,null,null,BR,null,null,null,null,null,null,46.98,KCVG 240552Z 23003KT 1 1/2SM BR OVC003 09/09 A3025 RMK AO2 SFC VIS 5 SLP244 T00890089 10089 20083 50000,null
CVG,2023-12-24 6:45,48,48,100,190,3,0,30.26,null,2,null,SCT,BKN,OVC,null,300,700,1200,null,BR,null,null,null,null,null,null,46.98,KCVG 240645Z 19003KT 2SM BR SCT003 BKN007 OVC012 09/09 A3026 RMK AO2 SFC VIS 2 1/2 T00890089,null
CVG,2023-12-24 6:52,48,48,100,180,3,0,30.26,1024.6,2,null,FEW,SCT,OVC,null,300,700,1300,null,BR,null,null,null,null,null,null,46.98,KCVG 240652Z 18003KT 2SM BR FEW003 SCT007 OVC013 09/09 A3026 RMK AO2 SFC VIS 4 CIG 008 36R SLP246 T00890089,null
CVG,2023-12-24 7:15,48,48,100,160,4,0,30.26,null,2,null,OVC,null,null,null,1600,null,null,null,BR,null,null,null,null,null,null,46.1,KCVG 240715Z 16004KT 2SM BR OVC016 09/09 A3026 RMK AO2 SFC VIS 4 T00890089,null
CVG,2023-12-24 7:33,48,48,100,160,4,0,30.26,null,2,null,OVC,null,null,null,1400,null,null,null,BR,null,null,null,null,null,null,46.1,KCVG 240733Z 16004KT 2SM BR OVC014 09/09 A3026 RMK AO2 SFC VIS 4 T00890089,null
CVG,2023-12-24 7:52,48,48,100,170,5,0,30.26,1024.5,6,null,OVC,null,null,null,1200,null,null,null,BR,null,null,null,null,null,null,45.4,KCVG 240752Z 17005KT 6SM BR OVC012 09/09 A3026 RMK AO2 SLP245 T00890089,null
CVG,2023-12-24 8:52,48,48,100,160,3,0,30.25,1024.3,6,null,OVC,null,null,null,1400,null,null,null,BR,null,null,null,null,null,null,46.98,KCVG 240852Z 16003KT 6SM BR OVC014 09/09 A3025 RMK AO2 SLP243 T00890089 58001,null
CVG,2023-12-24 9:17,48,48,100,170,4,0,30.25,null,6,null,OVC,null,null,null,1600,null,null,null,BR,null,null,null,null,null,null,46.1,KCVG 240917Z 17004KT 6SM BR OVC016 09/09 A3025 RMK AO2 T00890089,null
CVG,2023-12-24 9:52,48,48,100,150,3,0,30.25,1024.2,7,null,OVC,null,null,null,1400,null,null,null,null,null,null,null,null,null,null,46.98,KCVG 240952Z 15003KT 7SM OVC014 09/09 A3025 RMK AO2 SLP242 T00890089,null
CVG,2023-12-24 10:45,48,48,100,160,4,0,30.25,null,9,null,BKN,OVC,null,null,1600,4900,null,null,null,null,null,null,null,null,null,46.1,KCVG 241045Z 16004KT 9SM BKN016 OVC049 09/09 A3025 RMK AO2 T00890089,null
CVG,2023-12-24 10:52,48,48,100,140,4,0,30.25,1024.4,8,null,OVC,null,null,null,1600,null,null,null,null,null,null,null,null,null,null,46.1,KCVG 241052Z 14004KT 8SM OVC016 09/09 A3025 RMK AO2 SLP244 T00890089,null
CVG,2023-12-24 11:52,49,49,100,150,3,0,30.26,1024.7,9,null,OVC,null,null,null,1600,null,null,null,null,null,null,null,null,null,null,48.12,KCVG 241152Z 15003KT 9SM OVC016 09/09 A3026 RMK AO2 SLP247 70003 T00940094 10094 20083 53004,null
CVG,2023-12-24 12:52,49,49,100,150,6,0,30.27,1024.9,9,null,BKN,OVC,null,null,1800,2900,null,null,null,null,null,null,null,null,null,46,KCVG 241252Z 15006KT 9SM BKN018 OVC029 09/09 A3027 RMK AO2 SLP249 T00940094,null
CVG,2023-12-24 13:06,50,49,96.34,140,6,0,30.27,null,10,null,BKN,OVC,null,null,3000,4600,null,null,null,null,null,null,null,null,null,50,KCVG 241306Z 14006KT 10SM BKN030 OVC046 10/09 A3027 RMK AO2 T01000094,null
CVG,2023-12-24 13:52,49,49,100,160,4,T,30.28,1025.3,8,null,BKN,OVC,null,null,1700,2000,null,null,null,null,null,null,null,null,null,47.27,KCVG 241352Z 16004KT 8SM BKN017 OVC020 09/09 A3028 RMK AO2 RAB34E50 SLP253 P0000 T00940094,null
CVG,2023-12-24 14:52,50,50,100,200,5,T,30.3,1026,6,null,BKN,OVC,null,null,1700,2000,null,null,#NAME?,null,null,null,null,null,null,50,KCVG 241452Z 20005KT 6SM -RA BR BKN017 OVC020 10/10 A3030 RMK AO2 RAB20 SLP260 P0000 60000 T01000100 53013,null
CVG,2023-12-24 15:09,50,50,100,190,7,0.01,30.3,null,2.5,null,BKN,OVC,null,null,1900,2200,null,null,#NAME?,null,null,null,null,null,null,50,KCVG 241509Z 19007KT 2 1/2SM -RA BR BKN019 OVC022 10/10 A3030 RMK AO2 P0001 T01000100,null
CVG,2023-12-24 15:28,49,49,100,180,6,0.03,30.31,null,5,null,BKN,OVC,null,null,1700,2400,null,null,#NAME?,null,null,null,null,null,null,46,KCVG 241528Z 18006KT 5SM R36C/6000VP6000FT -RA BR BKN017 OVC024 09/09 A3031 RMK AO2 P0003 T00940094,null
CVG,2023-12-24 15:52,50,50,100,170,6,0.03,30.3,1026.1,4,null,BKN,OVC,null,null,1500,2200,null,null,#NAME?,null,null,null,null,null,null,50,KCVG 241552Z 17006KT 4SM -RA BR BKN015 OVC022 10/10 A3030 RMK AO2 SLP261 P0003 T01000100,null
CVG,2023-12-24 16:52,53,51,92.89,180,5,T,30.27,1025.1,10,null,SCT,BKN,null,null,1700,2500,null,null,null,null,null,null,null,null,null,53,KCVG 241652Z 18005KT 10SM SCT017 BKN025 12/11 A3027 RMK AO2 RAE01 SLP251 P0000 T01170106,null
CVG,2023-12-24 17:15,55,51,86.34,190,7,0,30.26,null,10,null,SCT,BKN,BKN,null,2600,3500,7000,null,null,null,null,null,null,null,null,55,KCVG 241715Z 19007KT 10SM SCT026 BKN035 BKN070 13/11 A3026 RMK AO2 T01280106,null
CVG,2023-12-24 17:52,56,51,83.26,180,5,0,30.25,1024.3,10,null,SCT,BKN,null,null,5000,6500,null,null,null,null,null,null,null,null,null,56,KCVG 241752Z 18005KT 10SM SCT050 BKN065 13/11 A3025 RMK AO2 SLP243 60003 T01330106 10139 20089 58016,null
CVG,2023-12-24 18:52,58,51,77.47,0,0,0,30.22,1023.1,10,null,SCT,BKN,null,null,4500,8500,null,null,null,null,null,null,null,null,null,58,KCVG 241852Z 00000KT 10SM SCT045 BKN085 14/11 A3022 RMK AO2 SLP231 T01440106,null
CVG,2023-12-24 19:52,61,51,69.6,170,6,0,30.2,1022.6,10,null,FEW,SCT,null,null,5000,11000,null,null,null,null,null,null,null,null,null,61,KCVG 241952Z 17006KT 10SM FEW050 SCT110 16/11 A3020 RMK AO2 SLP226 T01610106,null
CVG,2023-12-24 20:52,59,51,74.74,170,7,0,30.19,1022.2,10,null,SCT,SCT,null,null,14000,25000,null,null,null,null,null,null,null,null,null,59,KCVG 242052Z 17007KT 10SM SCT140 SCT250 15/11 A3019 RMK AO2 SLP222 T01500106 56019,null
CVG,2023-12-24 21:52,57,52,83.33,130,7,0,30.19,1022.2,10,null,SCT,SCT,null,null,12000,25000,null,null,null,null,null,null,null,null,null,57,KCVG 242152Z 13007KT 10SM SCT120 SCT250 14/11 A3019 RMK AO2 SLP222 T01390111,null
CVG,2023-12-24 22:52,54,51,89.55,100,7,0,30.19,1022.2,10,null,FEW,SCT,null,null,11000,20000,null,null,null,null,null,null,null,null,null,54,KCVG 242252Z 10007KT 10SM FEW110 SCT200 12/11 A3019 RMK AO2 SLP222 T01220106,null
CVG,2023-12-24 23:52,54,50,86.29,120,9,0,30.19,1022.1,10,null,SCT,null,null,null,20000,null,null,null,null,null,null,null,null,null,null,54,KCVG 242352Z 12009KT 10SM SCT200 12/10 A3019 RMK AO2 SLP221 T01220100 10161 20117 58002,null
CVG,2023-12-25 0:52,53,50,89.51,110,7,0,30.19,1022.1,10,null,OVC,null,null,null,11000,null,null,null,null,null,null,null,null,null,null,53,KCVG 250052Z 11007KT 10SM OVC110 12/10 A3019 RMK AO2 SLP221 T01170100,null
CVG,2023-12-25 1:52,53,49,86.23,120,7,0,30.18,1021.9,10,null,OVC,null,null,null,11000,null,null,null,null,null,null,null,null,null,null,53,KCVG 250152Z 12007KT 10SM OVC110 12/09 A3018 RMK AO2 SLP219 T01170094,null
CVG,2023-12-25 2:52,52,48,86.17,120,7,0,30.16,1021.3,10,null,FEW,null,null,null,11000,null,null,null,null,null,null,null,null,null,null,52,KCVG 250252Z 12007KT 10SM FEW110 11/09 A3016 RMK AO2 SLP213 T01110089 58007,null
CVG,2023-12-25 3:52,51,48,89.42,110,8,0,30.16,1021.2,10,null,FEW,null,null,null,11000,null,null,null,null,null,null,null,null,null,null,51,KCVG 250352Z 11008KT 10SM FEW110 11/09 A3016 RMK AO2 SLP212 T01060089,null
CVG,2023-12-25 4:52,51,47,86.12,110,8,0,30.15,1020.7,10,null,BKN,null,null,null,25000,null,null,null,null,null,null,null,null,null,null,51,KCVG 250452Z 11008KT 10SM BKN250 11/08 A3015 RMK AO2 SLP207 T01060083 401610083,null
CVG,2023-12-25 5:52,49,46,89.33,90,4,0,30.12,1019.9,10,null,BKN,null,null,null,25000,null,null,null,null,null,null,null,null,null,null,47.27,KCVG 250552Z 09004KT 10SM BKN250 09/08 A3012 RMK AO2 SLP199 T00940078 10122 20094 58013,null
CVG,2023-12-25 6:52,49,45,86,130,4,0,30.11,1019.5,10,null,BKN,null,null,null,25000,null,null,null,null,null,null,null,null,null,null,47.27,KCVG 250652Z 13004KT 10SM BKN250 09/07 A3011 RMK AO2 SLP195 T00940072,null
CVG,2023-12-25 7:52,48,44,85.95,0,0,0,30.11,1019.5,10,null,BKN,null,null,null,25000,null,null,null,null,null,null,null,null,null,null,48,KCVG 250752Z 00000KT 10SM BKN250 09/07 A3011 RMK AO2 SLP195 T00890067,null
CVG,2023-12-25 8:52,48,44,85.95,100,6,0,30.1,1019.1,10,null,BKN,null,null,null,25000,null,null,null,null,null,null,null,null,null,null,44.8,KCVG 250852Z 10006KT 10SM BKN250 09/07 A3010 RMK AO2 SLP191 T00890067 58007,null
CVG,2023-12-25 9:52,48,43,82.72,110,5,0,30.08,1018.4,10,null,BKN,null,null,null,25000,null,null,null,null,null,null,null,null,null,null,45.4,KCVG 250952Z 11005KT 10SM BKN250 09/06 A3008 RMK AO2 SLP184 T00890061,null
CVG,2023-12-25 10:52,49,43,79.68,110,7,0,30.08,1018.4,10,null,BKN,null,null,null,25000,null,null,null,null,null,null,null,null,null,null,45.5,KCVG 251052Z 11007KT 10SM BKN250 09/06 A3008 RMK AO2 SLP184 T00940061,null
CVG,2023-12-25 11:52,49,43,79.68,120,7,0,30.08,1018.4,10,null,FEW,BKN,OVC,null,8000,20000,25000,null,null,null,null,null,null,null,null,45.5,KCVG 251152Z 12007KT 10SM FEW080 BKN200 OVC250 09/06 A3008 RMK AO2 SLP184 70003 T00940061 10100 20083 55008,null
CVG,2023-12-25 12:52,50,44,79.76,120,10,T,30.08,1018.4,10,null,SCT,OVC,null,null,8000,9500,null,null,null,null,null,null,null,null,null,50,KCVG 251252Z 12010KT 10SM SCT080 OVC095 10/07 A3008 RMK AO2 RAB07E36 SLP184 P0000 T01000067,null
CVG,2023-12-25 13:52,51,44,76.85,120,9,0,30.07,1018.2,10,null,BKN,OVC,null,null,8500,10000,null,null,null,null,null,null,null,null,null,51,KCVG 251352Z 12009KT 10SM BKN085 OVC100 11/07 A3007 RMK AO2 SLP182 T01060067,null
CVG,2023-12-25 14:52,52,45,76.94,120,12,T,30.08,1018.4,10,null,SCT,BKN,OVC,null,9000,11000,20000,null,null,null,null,null,null,null,null,52,KCVG 251452Z 12012KT 10SM SCT090 BKN110 OVC200 11/07 A3008 RMK AO2 RAB24E38 SLP184 P0000 60000 T01110072 55001,null
CVG,2023-12-25 15:52,55,46,71.6,130,12,0,30.07,1018,10,null,SCT,OVC,null,null,10000,17000,null,null,null,null,null,null,null,null,null,55,KCVG 251552Z 13012KT 10SM SCT100 OVC170 13/08 A3007 RMK AO2 SLP180 T01280078,null
CVG,2023-12-25 16:52,57,48,71.81,130,17,0,30.05,1017.4,10,null,BKN,OVC,null,null,11000,16000,null,null,null,null,null,null,null,null,null,57,KCVG 251652Z 13017KT 10SM BKN110 OVC160 14/09 A3005 RMK AO2 SLP174 T01390089,null
CVG,2023-12-25 17:52,57,51,80.31,150,14,T,30.03,1016.7,10,null,BKN,OVC,null,null,7500,10000,null,null,#NAME?,null,null,null,null,null,null,57,KCVG 251752Z 15014KT 10SM -RA BKN075 OVC100 14/11 A3003 RMK AO2 RAB36 SLP167 P0000 60000 T01390106 10150 20094 58015,null
CVG,2023-12-25 18:52,55,52,89.59,140,17,0.02,30,1015.7,5,22,BKN,OVC,null,null,7500,9000,null,null,#NAME?,null,null,null,null,null,null,55,KCVG 251852Z 14017G22KT 5SM -RA BR BKN075 OVC090 13/11 A3000 RMK AO2 SLP157 P0002 T01280111,null
CVG,2023-12-25 19:52,53,53,100,130,18,0.1,29.98,1015.1,4,null,OVC,null,null,null,6000,null,null,null,RA BR,null,null,null,null,null,null,53,KCVG 251952Z 13018KT 4SM RA BR OVC060 12/12 A2998 RMK AO2 SLP151 P0010 T01170117,null
CVG,2023-12-25 20:23,53,53,100,120,17,0.08,29.96,null,2.5,25,BKN,OVC,null,null,6500,8000,null,null,RA BR,null,null,null,26,130,2023-12-25 20:09,53,KCVG 252023Z 12017G25KT 2 1/2SM RA BR BKN065 OVC080 12/12 A2996 RMK AO2 PK WND 13026/2009 P0008 T01170117,null
CVG,2023-12-25 20:30,53,53,100,110,15,0.09,29.96,null,4,23,BKN,OVC,null,null,6500,8000,null,null,RA BR,null,null,null,26,130,2023-12-25 20:09,53,KCVG 252030Z 11015G23KT 4SM RA BR BKN065 OVC080 12/12 A2996 RMK AO2 PK WND 13026/2009 P0009 T01170117,null
CVG,2023-12-25 20:52,53,53,100,120,18,0.13,29.95,1014.1,5,24,OVC,null,null,null,6500,null,null,null,RA BR,null,null,null,26,130,2023-12-25 20:09,53,KCVG 252052Z 12018G24KT 5SM RA BR OVC065 12/12 A2995 RMK AO2 PK WND 13026/2009 SLP141 P0013 60025 T01170117 56027,null
CVG,2023-12-25 21:20,54,53,96.4,110,16,0.02,29.94,null,6,26,FEW,BKN,OVC,null,500,6500,8000,null,#NAME?,null,null,null,26,110,2023-12-25 21:13,54,KCVG 252120Z 11016G26KT 6SM -RA BR FEW005 BKN065 OVC080 12/12 A2994 RMK AO2 PK WND 11026/2113 P0002 T01220117,null
CVG,2023-12-25 21:52,54,53,96.4,120,23,0.04,29.93,1013.4,10,32,FEW,SCT,OVC,null,900,1400,8000,null,#NAME?,null,null,null,32,120,2023-12-25 21:51,54,KCVG 252152Z 12023G32KT 10SM -RA FEW009 SCT014 OVC080 12/12 A2993 RMK AO2 PK WND 12032/2151 SLP134 P0004 T01220117,null
CVG,2023-12-25 22:52,54,52,92.92,120,17,0.01,29.93,1013.4,10,32,FEW,BKN,OVC,null,1400,6000,8500,null,null,null,null,null,34,130,2023-12-25 22:18,54,KCVG 252252Z 12017G32KT 10SM FEW014 BKN060 OVC085 12/11 A2993 RMK AO2 PK WND 13034/2218 RAE32 SLP134 P0001 T01220111,null
CVG,2023-12-25 23:52,53,52,96.39,120,15,0.02,29.94,1013.8,8,23,FEW,SCT,OVC,null,1600,4700,7000,null,#NAME?,null,null,null,30,130,2023-12-25 23:14,53,KCVG 252352Z 12015G23KT 8SM -RA FEW016 SCT047 OVC070 12/11 A2994 RMK AO2 PK WND 13030/2314 RAB2259E13B35 SLP138 P0002 60032 T01170111 10139 20117 55002,null
CVG,2023-12-26 0:52,53,53,100,130,18,0.01,29.95,1014.1,10,27,FEW,BKN,OVC,null,1200,4100,6000,null,null,null,null,null,27,120,2023-12-26 0:49,53,KCVG 260052Z 13018G27KT 10SM FEW012 BKN041 OVC060 12/12 A2995 RMK AO2 PK WND 12027/0049 RAE44 SLP141 P0001 T01170117,null
CVG,2023-12-26 1:52,53,53,100,130,13,T,29.96,1014.3,10,null,FEW,FEW,OVC,null,1200,3300,5000,null,null,null,null,null,null,null,null,53,KCVG 260152Z 13013KT 10SM FEW012 FEW033 OVC050 12/12 A2996 RMK AO2 RAB0054E09 SLP143 BINOVC OHD P0000 T01170117,null
CVG,2023-12-26 2:31,53,53,100,130,14,0,29.96,null,10,null,BKN,BKN,OVC,null,1200,3200,6000,null,null,null,null,null,null,null,null,53,KCVG 260231Z 13014KT 10SM BKN012 BKN032 OVC060 12/12 A2996 RMK AO2 T01170117,null
CVG,2023-12-26 2:45,53,53,100,130,16,T,29.96,null,7,null,FEW,BKN,OVC,null,800,1200,3100,null,#NAME?,null,null,null,null,null,null,53,KCVG 260245Z 13016KT 7SM -DZ FEW008 BKN012 OVC031 12/12 A2996 RMK AO2 DZB45 P0000 T01170117,null
CVG,2023-12-26 2:52,53,53,100,130,16,T,29.95,1014.1,9,null,FEW,SCT,OVC,null,800,1200,3100,null,null,null,null,null,null,null,null,53,KCVG 260252Z 13016KT 9SM FEW008 SCT012 OVC031 12/12 A2995 RMK AO2 DZB45E51 SLP141 BINOVC OHD P0000 60001 T01170117 50003,null
CVG,2023-12-26 3:07,53,53,100,130,16,0,29.95,null,10,null,SCT,BKN,OVC,null,800,1100,3600,null,null,null,null,null,null,null,null,53,KCVG 260307Z 13016KT 10SM SCT008 BKN011 OVC036 12/12 A2995 RMK AO2 T01170117,null
CVG,2023-12-26 3:52,53,53,100,130,14,0.01,29.95,1014.1,10,null,BKN,BKN,OVC,null,800,2200,3800,null,null,null,null,null,null,null,null,53,KCVG 260352Z 13014KT 10SM BKN008 BKN022 OVC038 12/12 A2995 RMK AO2 RAB16E38 SLP141 P0001 T01170117,null
CVG,2023-12-26 4:52,53,53,100,140,13,T,29.96,1014.2,10,21,BKN,OVC,null,null,800,3200,null,null,null,null,null,null,null,null,null,53,KCVG 260452Z 14013G21KT 10SM BKN008 OVC032 12/12 A2996 RMK AO2 RAB04E12 SLP142 P0000 T01170117 401500083,null
CVG,2023-12-26 5:52,53,53,100,150,14,0,29.95,1014.1,9,null,OVC,null,null,null,800,null,null,null,null,null,null,null,null,null,null,53,KCVG 260552Z 15014KT 9SM OVC008 12/12 A2995 RMK AO2 SLP141 60002 T01170117 10117 20117 50000,null
CVG,2023-12-26 6:52,53,53,100,150,9,0.02,29.96,1014.4,6,null,OVC,null,null,null,600,null,null,null,BR,null,null,null,null,null,null,53,KCVG 260652Z 15009KT 6SM BR OVC006 12/12 A2996 RMK AO2 RAB0554E45 SLP144 P0002 T01170117,null
CVG,2023-12-26 7:52,53,53,100,160,9,0,29.97,1014.5,7,null,OVC,null,null,null,700,null,null,null,BR,null,null,null,null,null,null,53,KCVG 260752Z 16009KT 7SM BR OVC007 12/12 A2997 RMK AO2 SLP145 T01170117,null
CVG,2023-12-26 8:52,53,53,100,170,6,0,29.97,1014.6,10,null,OVC,null,null,null,500,null,null,null,null,null,null,null,null,null,null,53,KCVG 260852Z 17006KT 10SM OVC005 12/12 A2997 RMK AO2 SLP146 60002 T01170117 51005,null
CVG,2023-12-26 9:52,53,53,100,180,6,0,29.97,1014.5,10,null,OVC,null,null,null,500,null,null,null,null,null,null,null,null,null,null,53,KCVG 260952Z 18006KT 10SM OVC005 12/12 A2997 RMK AO2 SLP145 T01170117,null
CVG,2023-12-26 10:31,53,53,100,170,7,0,29.97,null,2,null,OVC,null,null,null,300,null,null,null,BR,null,null,null,null,null,null,53,KCVG 261031Z 17007KT 2SM BR OVC003 12/12 A2997 RMK AO2 SFC VIS 6 T01170117,null
CVG,2023-12-26 10:44,53,53,100,160,6,0,29.97,null,0.5,null,OVC,null,null,null,300,null,null,null,BR,null,null,null,null,null,null,53,KCVG 261044Z 16006KT 1/2SM R36C/P6000FT BR OVC003 12/12 A2997 RMK AO2 SFC VIS 4 T01170117,null
CVG,2023-12-26 10:52,53,53,100,160,5,0,29.97,1014.5,0.5,null,OVC,null,null,null,300,null,null,null,BR,null,null,null,null,null,null,53,KCVG 261052Z 16005KT 1/2SM R36C/P6000FT BR OVC003 12/12 A2997 RMK AO2 SFC VIS 4 SLP145 T01170117,null
CVG,2023-12-26 11:52,52,52,100,170,6,0,29.96,1014.4,0.5,null,OVC,null,null,null,300,null,null,null,BR,null,null,null,null,null,null,52,KCVG 261152Z 17006KT 1/2SM R36C/P6000FT BR OVC003 11/11 A2996 RMK AO2 SFC VIS 2 1/2 SLP144 60002 70036 T01110111 10117 20111 56002,null
CVG,2023-12-26 12:52,52,52,100,180,6,0,29.98,1014.9,0.5,null,OVC,null,null,null,300,null,null,null,BR,null,null,null,null,null,null,52,KCVG 261252Z 18006KT 1/2SM R36C/P6000FT BR OVC003 11/11 A2998 RMK AO2 SFC VIS 2 SLP149 T01110111,null
CVG,2023-12-26 13:52,52,52,100,190,3,0,29.99,1015.1,0.5,null,VV ,null,null,null,300,null,null,null,BR,null,null,null,null,null,null,52,KCVG 261352Z 19003KT 1/2SM R36C/3500V5000FT BR VV003 11/11 A2999 RMK AO2 SFC VIS 1 SLP151 T01110111,null
CVG,2023-12-26 14:52,53,53,100,180,3,0,29.99,1015.3,0.75,null,BKN,OVC,null,null,300,500,null,null,BR,null,null,null,null,null,null,53,KCVG 261452Z 18003KT 3/4SM R36C/P6000FT BR BKN003 OVC005 12/12 A2999 RMK AO2 SFC VIS 1 1/2 SLP153 T01170117 51009,null
CVG,2023-12-26 15:03,53,53,100,130,6,0,29.99,null,2,null,BKN,OVC,null,null,300,700,null,null,BR,null,null,null,null,null,null,53,KCVG 261503Z 13006KT 2SM BR BKN003 OVC007 12/12 A2999 RMK AO2 SFC VIS 3 T01170117,null
CVG,2023-12-26 15:17,53,53,100,170,4,0,29.99,null,3,null,BKN,OVC,null,null,500,900,null,null,BR,null,null,null,null,null,null,53,KCVG 261517Z 17004KT 3SM BR BKN005 OVC009 12/12 A2999 RMK AO2 SFC VIS 4 T01170117,null
CVG,2023-12-26 15:41,53,53,100,160,6,0,29.99,null,6,null,SCT,OVC,null,null,500,1100,null,null,BR,null,null,null,null,null,null,53,KCVG 261541Z 16006KT 6SM BR SCT005 OVC011 12/12 A2999 RMK AO2 T01170117,null
CVG,2023-12-26 15:52,53,53,100,170,4,0,29.99,1015.4,6,null,FEW,OVC,null,null,500,900,null,null,BR,null,null,null,null,null,null,53,KCVG 261552Z 17004KT 6SM BR FEW005 OVC009 12/12 A2999 RMK AO2 SLP154 T01170117,null
CVG,2023-12-26 16:52,54,54,100,230,3,T,29.98,1014.9,6,null,SCT,OVC,null,null,700,1100,null,null,BR,null,null,null,null,null,null,54,KCVG 261652Z 23003KT 6SM BR SCT007 OVC011 12/12 A2998 RMK AO2 DZB09E39 CIG 005 36R SLP149 P0000 T01220122,null
CVG,2023-12-26 17:37,54,54,100,280,7,0,29.96,null,6,null,SCT,BKN,OVC,null,400,800,1500,null,BR,null,null,null,null,null,null,54,KCVG 261737Z 28007KT 6SM BR SCT004 BKN008 OVC015 12/12 A2996 RMK AO2 T01220122,null
CVG,2023-12-26 17:52,53,53,100,260,6,0,29.95,1014,1,null,BKN,OVC,null,null,300,1300,null,null,BR,null,null,null,null,null,null,53,KCVG 261752Z 26006KT 1SM R36C/P6000FT BR BKN003 OVC013 12/12 A2995 RMK AO2 SFC VIS 3 SLP140 60000 T01170117 10128 20106 58013,null
CVG,2023-12-26 18:41,53,52,96.39,280,8,0,29.94,null,1,null,OVC,null,null,null,600,null,null,null,BR,null,null,null,null,null,null,53,KCVG 261841Z 28008KT 1SM R36C/P6000FT BR OVC006 12/11 A2994 RMK AO2 SFC VIS 5 T01170111,null
CVG,2023-12-26 18:47,53.6,53.6,100,260,6,0,29.94,null,5,null,OVC,null,null,null,600,null,null,null,BR,null,null,null,null,null,null,53.6,KCVG 261847Z 26006KT 5SM BR OVC006 12/12 A2994 RMK AO2,null
CVG,2023-12-26 18:52,53,52,96.39,270,7,0,29.94,1013.5,6,null,OVC,null,null,null,600,null,null,null,BR,null,null,null,null,null,null,53,KCVG 261852Z 27007KT 6SM BR OVC006 12/11 A2994 RMK AO2 SLP135 T01170111,null
CVG,2023-12-26 19:38,53,51,92.89,270,6,0,29.94,null,10,null,OVC,null,null,null,1000,null,null,null,null,null,null,null,null,null,null,53,KCVG 261938Z 27006KT 10SM OVC010 12/11 A2994 RMK AO2 CIG 008V014 T01170106,null
CVG,2023-12-26 19:52,52,51,96.37,270,10,0,29.95,1013.8,10,null,OVC,null,null,null,1100,null,null,null,null,null,null,null,null,null,null,52,KCVG 261952Z 27010KT 10SM OVC011 11/11 A2995 RMK AO2 SLP138 CIG 009V014 T01110106,null
CVG,2023-12-26 20:41,52,49,89.46,280,11,0,29.96,null,10,null,OVC,null,null,null,1500,null,null,null,null,null,null,null,null,null,null,52,KCVG 262041Z 28011KT 10SM OVC015 11/09 A2996 RMK AO2 T01110094,null
CVG,2023-12-26 20:52,52,49,89.46,280,10,0,29.95,1013.9,10,null,SCT,BKN,OVC,null,1500,2000,5000,null,null,null,null,null,null,null,null,52,KCVG 262052Z 28010KT 10SM SCT015 BKN020 OVC050 11/09 A2995 RMK AO2 SLP139 BKN V SCT BINOVC T01110094 53004,null
CVG,2023-12-26 21:00,52,49,89.46,270,10,0,29.96,null,10,null,FEW,SCT,BKN,null,1400,1900,5000,null,null,null,null,null,null,null,null,52,KCVG 262100Z 27010KT 10SM FEW014 SCT019 BKN050 11/09 A2996 RMK AO2 T01110094,null
CVG,2023-12-26 21:52,50,47,89.37,240,3,0,29.97,1014.5,10,null,FEW,FEW,SCT,BKN,1500,2300,4800,15000,null,null,null,null,null,null,null,50,KCVG 262152Z 24003KT 10SM FEW015 FEW023 SCT048 BKN150 10/08 A2997 RMK AO2 SLP145 FEW023 V SCT T01000083,null
CVG,2023-12-26 22:03,50,47,89.37,250,3,0,29.96,null,10,null,BKN,BKN,BKN,null,2200,4800,15000,null,null,null,null,null,null,null,null,50,KCVG 262203Z 25003KT 10SM BKN022 BKN048 BKN150 10/08 A2996 RMK AO2 T01000083,null
CVG,2023-12-26 22:15,49,47,92.77,270,3,0,29.96,null,10,null,SCT,SCT,BKN,null,2200,4800,15000,null,null,null,null,null,null,null,null,48.12,KCVG 262215Z 27003KT 10SM SCT022 SCT048 BKN150 09/08 A2996 RMK AO2 SCT022 V FEW T00940083,null
CVG,2023-12-26 22:52,48,46,92.74,0,0,0,29.97,1014.5,10,null,FEW,OVC,null,null,2100,15000,null,null,null,null,null,null,null,null,null,48,KCVG 262252Z 00000KT 10SM FEW021 OVC150 09/08 A2997 RMK AO2 SLP145 BINOVC T00890078,null
CVG,2023-12-26 23:52,47,46,96.29,0,0,0,29.97,1014.8,10,null,FEW,FEW,BKN,null,2200,8000,16000,null,null,null,null,null,null,null,null,47,KCVG 262352Z 00000KT 10SM FEW022 FEW080 BKN160 08/08 A2997 RMK AO2 SLP148 T00830078 10117 20083 51007 $,null
CVG,2023-12-27 0:52,44,43,96.24,0,0,0,29.98,1015.2,10,null,FEW,FEW,null,null,8000,16000,null,null,null,null,null,null,null,null,null,44,KCVG 270052Z 00000KT 10SM FEW080 FEW160 07/06 A2998 RMK AO2 SLP152 T00670061 $,null
CVG,2023-12-27 1:52,41,41,100,290,6,0,29.98,1015.1,10,null,SCT,null,null,null,7500,null,null,null,null,null,null,null,null,null,null,36.37,KCVG 270152Z 29006KT 10SM SCT075 05/05 A2998 RMK AO2 SLP151 T00500050 $,null
CVG,2023-12-27 2:12,43,43,100,270,5,0,29.99,null,10,null,BKN,OVC,null,null,2000,8000,null,null,null,null,null,null,null,null,null,39.46,KCVG 270212Z 27005KT 10SM BKN020 OVC080 06/06 A2999 RMK AO2 T00610061 $,null
CVG,2023-12-27 2:40,43,42,96.23,320,4,0,29.99,null,10,null,SCT,BKN,null,null,1900,8500,null,null,null,null,null,null,null,null,null,40.27,KCVG 270240Z 32004KT 10SM SCT019 BKN085 06/06 A2999 RMK AO2 T00610056 $,null
CVG,2023-12-27 2:52,42,42,100,310,6,0,29.98,1015.3,10,null,FEW,SCT,null,null,2000,8000,null,null,null,null,null,null,null,null,null,37.57,KCVG 270252Z 31006KT 10SM FEW020 SCT080 06/06 A2998 RMK AO2 SLP153 T00560056 51004 $,null
CVG,2023-12-27 3:52,41,40,96.19,310,8,0,29.98,1015.3,10,null,FEW,null,null,null,8500,null,null,null,null,null,null,null,null,null,null,35.2,KCVG 270352Z 31008KT 10SM FEW085 05/04 A2998 RMK AO2 SLP153 T00500044 $,null
CVG,2023-12-27 4:52,40,39,96.18,300,6,0,29.99,1015.5,10,null,FEW,null,null,null,25000,null,null,null,null,null,null,null,null,null,null,35.17,KCVG 270452Z 30006KT 10SM FEW250 04/04 A2999 RMK AO2 SLP155 T00440039 401280039 VISNO 36R $,null
CVG,2023-12-27 5:52,37,37,100,310,5,0,29.98,1015.1,10,null,SCT,null,null,null,25000,null,null,null,null,null,null,null,null,null,null,32.33,KCVG 270552Z 31005KT 10SM SCT250 03/03 A2998 RMK AO2 SLP151 T00280028 10078 20028 58002 $,null
CVG,2023-12-27 6:52,37,37,100,340,3,0,29.97,1015.1,10,null,SCT,null,null,null,15000,null,null,null,null,null,null,null,null,null,null,34.4,KCVG 270652Z 34003KT 10SM SCT150 03/03 A2997 RMK AO2 SLP151 T00280028 $,null
CVG,2023-12-27 7:52,36,36,100,340,4,0,29.98,1015.3,10,null,BKN,null,null,null,15000,null,null,null,null,null,null,null,null,null,null,32.09,KCVG 270752Z 34004KT 10SM BKN150 02/02 A2998 RMK AO2 SLP153 T00220022 $,null
CVG,2023-12-27 8:52,36,36,100,0,0,0,29.98,1015.2,10,null,BKN,null,null,null,20000,null,null,null,null,null,null,null,null,null,null,36,KCVG 270852Z 00000KT 10SM BKN200 02/02 A2998 RMK AO2 SLP152 T00220022 50000 $,null
CVG,2023-12-27 9:52,36,36,100,10,4,0,29.96,1014.6,10,null,BKN,null,null,null,20000,null,null,null,null,null,null,null,null,null,null,32.09,KCVG 270952Z 01004KT 10SM BKN200 02/02 A2996 RMK AO2 SLP146 T00220022 $,null
CVG,2023-12-27 10:52,37,37,100,340,5,0,29.98,1015.2,10,null,BKN,BKN,null,null,13000,20000,null,null,null,null,null,null,null,null,null,32.33,KCVG 271052Z 34005KT 10SM BKN130 BKN200 03/03 A2998 RMK AO2 SLP152 T00280028 $,null
CVG,2023-12-27 11:52,37,37,100,340,5,0,29.97,1014.9,10,null,FEW,OVC,null,null,11000,15000,null,null,null,null,null,null,null,null,null,32.33,KCVG 271152Z 34005KT 10SM FEW110 OVC150 03/03 A2997 RMK AO2 SLP149 T00280028 10039 20011 56003 $,null
CVG,2023-12-27 12:52,36,36,100,0,0,0,29.97,1015,10,null,FEW,FEW,BKN,null,12000,16000,20000,null,null,null,null,null,null,null,null,36,KCVG 271252Z 00000KT 10SM FEW120 FEW160 BKN200 02/02 A2997 RMK AO2 SLP150 T00220022 $,null
CVG,2023-12-27 13:52,35,35,100,340,6,0,29.95,1014.4,7,null,FEW,null,null,null,16000,null,null,null,null,null,null,null,null,null,null,29.14,KCVG 271352Z 34006KT 7SM FEW160 02/02 A2995 RMK AO2 SLP144 T00170017 $,null
CVG,2023-12-27 14:52,40,37,88.92,30,7,0,29.94,1014.2,10,null,CLR,null,null,null,null,null,null,null,null,null,null,null,null,null,null,34.53,KCVG 271452Z 03007KT 10SM CLR 04/03 A2994 RMK AO2 SLP142 T00440028 58008 $,null
CVG,2023-12-27 15:52,43,37,79.19,70,4,0,29.95,1014.3,10,null,CLR,null,null,null,null,null,null,null,null,null,null,null,null,null,null,40.27,KCVG 271552Z 07004KT 10SM CLR 06/03 A2995 RMK AO2 SLP143 T00610028 $,null
CVG,2023-12-27 16:52,44,36,73.27,0,0,0,29.92,1013.5,10,null,CLR,null,null,null,null,null,null,null,null,null,null,null,null,null,null,44,KCVG 271652Z 00000KT 10SM CLR 07/02 A2992 RMK AO2 SLP135 T00670022 $,null
CVG,2023-12-27 17:52,47,36,65.38,0,0,0,29.9,1012.6,10,null,FEW,null,null,null,15000,null,null,null,null,null,null,null,null,null,null,47,KCVG 271752Z 00000KT 10SM FEW150 08/02 A2990 RMK AO2 SLP126 T00830022 10083 20011 58015 $,null
CVG,2023-12-27 18:52,49,36,60.66,340,5,0,29.87,1011.5,10,null,FEW,null,null,null,10000,null,null,null,null,null,null,null,null,null,null,46.58,KCVG 271852Z 34005KT 10SM FEW100 09/02 A2987 RMK AO2 SLP115 T00940022 $,null
CVG,2023-12-27 19:52,50,36,58.44,10,4,0,29.85,1010.9,10,null,CLR,null,null,null,null,null,null,null,null,null,null,null,null,null,null,50,KCVG 271952Z 01004KT 10SM CLR 10/02 A2985 RMK AO2 SLP109 T01000022 $,null
CVG,2023-12-27 20:52,51,36,56.31,null,3,0,29.83,1010.3,10,null,FEW,null,null,null,20000,null,null,null,null,null,null,null,null,null,null,51,KCVG 272052Z VRB03KT 10SM FEW200 11/02 A2983 RMK AO2 SLP103 T01060022 56021 $,null
CVG,2023-12-27 21:52,49,33,53.82,40,3,0,29.85,1010.8,10,null,BKN,null,null,null,19000,null,null,null,null,null,null,null,null,null,null,48.12,KCVG 272152Z 04003KT 10SM BKN190 09/01 A2985 RMK AO2 SLP108 T00940006 $,null
CVG,2023-12-27 22:52,46,34,62.71,0,0,0,29.84,1010.6,10,null,OVC,null,null,null,16000,null,null,null,null,null,null,null,null,null,null,46,KCVG 272252Z 00000KT 10SM OVC160 08/01 A2984 RMK AO2 SLP106 T00780011 $,null
CVG,2023-12-27 23:52,45,35,67.78,0,0,0,29.85,1010.9,10,null,OVC,null,null,null,14000,null,null,null,null,null,null,null,null,null,null,45,KCVG 272352Z 00000KT 10SM OVC140 07/02 A2985 RMK AO2 SLP109 T00720017 10106 20072 51004 $,null
CVG,2023-12-28 0:52,44,35,70.42,320,3,0,29.84,1010.8,10,null,SCT,BKN,OVC,null,13000,16000,21000,null,null,null,null,null,null,null,null,42.41,KCVG 280052Z 32003KT 10SM SCT130 BKN160 OVC210 07/02 A2984 RMK AO2 SLP108 T00670017 $,null
CVG,2023-12-28 1:52,43,35,73.16,360,5,0,29.84,1010.5,10,null,OVC,null,null,null,12000,null,null,null,null,null,null,null,null,null,null,39.46,KCVG 280152Z 36005KT 10SM OVC120 06/02 A2984 RMK AO2 SLP105 T00610017 $,null
CVG,2023-12-28 2:52,43,35,73.16,360,7,0,29.83,1010.3,10,null,BKN,OVC,null,null,10000,13000,null,null,null,null,null,null,null,null,null,38.19,KCVG 280252Z 36007KT 10SM BKN100 OVC130 06/02 A2983 RMK AO2 SLP103 T00610017 58005 $,null
CVG,2023-12-28 3:52,41,36,82.22,360,7,0,29.82,1009.8,10,null,BKN,OVC,null,null,9500,12000,null,null,null,null,null,null,null,null,null,35.75,KCVG 280352Z 36007KT 10SM BKN095 OVC120 05/02 A2982 RMK AO2 SLP098 T00500022 $,null
CVG,2023-12-28 4:52,41,35,79.02,110,3,0,29.8,1009.4,10,null,SCT,BKN,null,null,9500,12000,null,null,null,null,null,null,null,null,null,38.98,KCVG 280452Z 11003KT 10SM SCT095 BKN120 05/02 A2980 RMK AO2 SLP094 T00500017 401060011 $,null
CVG,2023-12-28 5:52,41,36,82.22,0,0,0,29.79,1008.8,10,null,BKN,null,null,null,11000,null,null,null,null,null,null,null,null,null,null,41,KCVG 280552Z 00000KT 10SM BKN110 05/02 A2979 RMK AO2 SLP088 T00500022 10072 20044 58014 $,null
CVG,2023-12-28 6:52,40,36,85.48,null,4,0,29.78,1008.3,10,null,SCT,null,null,null,12000,null,null,null,null,null,null,null,null,null,null,36.76,KCVG 280652Z VRB04KT 10SM SCT120 04/02 A2978 RMK AO2 SLP083 T00440022 $,null
CVG,2023-12-28 7:52,37,36,96.13,200,3,0,29.79,1008.6,10,null,OVC,null,null,null,9000,null,null,null,null,null,null,null,null,null,null,34.4,KCVG 280752Z 20003KT 10SM OVC090 03/02 A2979 RMK AO2 SLP086 T00280022 $,null
CVG,2023-12-28 8:52,40,36,85.48,0,0,0,29.77,1008.2,10,null,OVC,null,null,null,8500,null,null,null,null,null,null,null,null,null,null,40,KCVG 280852Z 00000KT 10SM OVC085 04/02 A2977 RMK AO2 SLP082 T00440022 57005 $,null
CVG,2023-12-28 9:52,38,37,96.14,0,0,0,29.77,1008.1,10,null,OVC,null,null,null,8000,null,null,null,null,null,null,null,null,null,null,38,KCVG 280952Z 00000KT 10SM OVC080 03/03 A2977 RMK AO2 SLP081 T00330028 $,null
CVG,2023-12-28 10:52,38,37,96.14,190,6,0,29.78,1008.4,10,null,FEW,BKN,null,null,12000,25000,null,null,null,null,null,null,null,null,null,32.76,KCVG 281052Z 19006KT 10SM FEW120 BKN250 03/03 A2978 RMK AO2 SLP084 T00330028 $,null
CVG,2023-12-28 11:52,38,37,96.14,230,8,0,29.79,1009,10,null,BKN,OVC,null,null,8000,13000,null,null,null,null,null,null,null,null,null,31.5,KCVG 281152Z 23008KT 10SM BKN080 OVC130 03/03 A2979 RMK AO2 SLP090 T00330028 10061 20028 53006 $,null
CVG,2023-12-28 12:01,38,37,96.14,230,8,0,29.79,null,10,null,BKN,OVC,null,null,2400,8000,null,null,null,null,null,null,null,null,null,31.5,KCVG 281201Z 23008KT 10SM BKN024 OVC080 03/03 A2979 RMK AO2 T00330028 $,null
CVG,2023-12-28 12:52,39,38,96.16,220,9,0,29.79,1009,10,null,SCT,BKN,OVC,null,1100,3100,7000,null,null,null,null,null,null,null,null,32.22,KCVG 281252Z 22009KT 10SM SCT011 BKN031 OVC070 04/03 A2979 RMK AO2 CIG 010 36R SLP090 T00390033,null
CVG,2023-12-28 13:22,39,38,96.16,220,8,0,29.79,null,10,null,FEW,OVC,null,null,900,7000,null,null,null,null,null,null,null,null,null,32.74,KCVG 281322Z 22008KT 10SM FEW009 OVC070 04/03 A2979 RMK AO2 T00390033,null
CVG,2023-12-28 13:36,38,37,96.14,220,9,0,29.79,null,10,null,BKN,OVC,null,null,1100,7000,null,null,null,null,null,null,null,null,null,30.97,KCVG 281336Z 22009KT 10SM BKN011 OVC070 03/03 A2979 RMK AO2 T00330028,null
CVG,2023-12-28 13:52,38,37,96.14,220,8,0,29.79,1009,10,null,BKN,OVC,null,null,800,1100,null,null,null,null,null,null,null,null,null,31.5,KCVG 281352Z 22008KT 10SM BKN008 OVC011 03/03 A2979 RMK AO2 SLP090 T00330028,null
CVG,2023-12-28 14:52,39,37,92.45,230,12,0,29.8,1009.2,10,17,BKN,OVC,null,null,1000,1500,null,null,null,null,null,null,null,null,null,30.91,KCVG 281452Z 23012G17KT 10SM BKN010 OVC015 04/03 A2980 RMK AO2 SLP092 T00390028 53001,null
CVG,2023-12-28 15:52,37,35,92.39,240,10,0,29.81,1009.5,10,17,FEW,OVC,null,null,800,1000,null,null,null,null,null,null,null,null,null,29.24,KCVG 281552Z 24010G17KT 10SM FEW008 OVC010 03/02 A2981 RMK AO2 SLP095 T00280017,null
CVG,2023-12-28 16:52,37,34,88.78,240,7,0,29.8,1009.3,10,null,OVC,null,null,null,1000,null,null,null,null,null,null,null,null,null,null,30.87,KCVG 281652Z 24007KT 10SM OVC010 03/01 A2980 RMK AO2 SLP093 T00280011,null
CVG,2023-12-28 17:52,37,34,88.78,230,9,0,29.79,1009,10,null,OVC,null,null,null,1200,null,null,null,null,null,null,null,null,null,null,29.73,KCVG 281752Z 23009KT 10SM OVC012 03/01 A2979 RMK AO2 SLP090 T00280011 10039 20028 58002,null
CVG,2023-12-28 18:52,36,33,88.73,200,11,0,29.8,1009.3,10,null,OVC,null,null,null,1200,null,null,null,null,null,null,null,null,null,null,27.52,KCVG 281852Z 20011KT 10SM OVC012 02/01 A2980 RMK AO2 SLP093 T00220006,null
CVG,2023-12-28 19:14,36,32,85.23,210,9,0,29.8,null,10,null,OVC,null,null,null,1600,null,null,null,null,null,null,null,null,null,null,28.49,KCVG 281914Z 21009KT 10SM OVC016 02/00 A2980 RMK AO2 T00220000,null
CVG,2023-12-28 19:52,37,31,78.69,240,6,0,29.79,1009.2,10,null,FEW,OVC,null,null,1700,2500,null,null,null,null,null,null,null,null,null,31.55,KCVG 281952Z 24006KT 10SM FEW017 OVC025 03/M01 A2979 RMK AO2 SLP092 T00281006,null
CVG,2023-12-28 20:11,37,30,75.56,230,5,0,29.8,null,10,null,FEW,SCT,OVC,null,1700,2700,3100,null,null,null,null,null,null,null,null,32.33,KCVG 282011Z 23005KT 10SM FEW017 SCT027 OVC031 03/M01 A2980 RMK AO2 T00281011,null
CVG,2023-12-28 20:52,38,30,72.64,230,5,0,29.8,1009.4,10,null,FEW,OVC,null,null,2600,3400,null,null,null,null,null,null,null,null,null,33.52,KCVG 282052Z 23005KT 10SM FEW026 OVC034 03/M01 A2980 RMK AO2 SLP094 T00331011 53004,null
CVG,2023-12-28 21:52,37,31,78.69,210,6,0,29.81,1009.7,10,null,FEW,OVC,null,null,2800,3800,null,null,null,null,null,null,null,null,null,31.55,KCVG 282152Z 21006KT 10SM FEW028 OVC038 03/M01 A2981 RMK AO2 SLP097 T00281006,null
CVG,2023-12-28 22:52,37,29,72.54,200,8,0,29.82,1010,10,null,BKN,OVC,null,null,3500,4500,null,null,null,null,null,null,null,null,null,30.27,KCVG 282252Z 20008KT 10SM BKN035 OVC045 03/M02 A2982 RMK AO2 SLP100 T00281017,null
CVG,2023-12-28 23:52,37,28,69.63,210,8,0,29.82,1010.3,10,null,BKN,OVC,null,null,3300,4800,null,null,null,null,null,null,null,null,null,30.27,KCVG 282352Z 21008KT 10SM BKN033 OVC048 03/M02 A2982 RMK AO2 SLP103 T00281022 10033 20022 53007,null
CVG,2023-12-29 0:52,37,28,69.63,210,7,0,29.82,1010.2,10,null,BKN,OVC,null,null,3200,5000,null,null,null,null,null,null,null,null,null,30.87,KCVG 290052Z 21007KT 10SM BKN032 OVC050 03/M02 A2982 RMK AO2 SLP102 BINOVC OHD T00281022,null
CVG,2023-12-29 1:52,36,28,72.43,210,7,0,29.81,1009.8,10,null,SCT,BKN,OVC,null,3200,4800,6000,null,null,null,null,null,null,null,null,29.65,KCVG 290152Z 21007KT 10SM SCT032 BKN048 OVC060 02/M02 A2981 RMK AO2 SLP098 T00221022,null
CVG,2023-12-29 2:10,36,29,75.46,230,7,0,29.81,null,10,null,BKN,OVC,null,null,2800,3700,null,null,null,null,null,null,null,null,null,29.65,KCVG 290210Z 23007KT 10SM BKN028 OVC037 02/M02 A2981 RMK AO2 T00221017,null
CVG,2023-12-29 2:34,35,32,88.68,220,7,T,29.81,null,8,null,BKN,OVC,null,null,2400,3100,null,null,#NAME?,null,null,null,null,null,null,28.44,KCVG 290234Z 22007KT 8SM -SN BKN024 OVC031 02/00 A2981 RMK AO2 SNB29 P0000 T00170000,null
CVG,2023-12-29 2:44,36,32,85.23,210,8,T,29.81,null,10,null,OVC,null,null,null,2400,null,null,null,null,null,null,null,null,null,null,29.04,KCVG 290244Z 21008KT 10SM OVC024 02/00 A2981 RMK AO2 SNB29E43 P0000 T00220000,null
CVG,2023-12-29 2:52,36,32,85.23,220,6,T,29.81,1009.8,10,null,OVC,null,null,null,2200,null,null,null,null,null,null,null,null,null,null,30.35,KCVG 290252Z 22006KT 10SM OVC022 02/00 A2981 RMK AO2 SLP098 SNB29E43 P0000 60000 T00220000 56005,null
CVG,2023-12-29 3:52,36,32,85.23,210,8,0,29.81,1009.6,10,null,OVC,null,null,null,2000,null,null,null,null,null,null,null,null,null,null,29.04,KCVG 290352Z 21008KT 10SM OVC020 02/00 A2981 RMK AO2 SLP096 T00220000,null
CVG,2023-12-29 4:35,35,33,92.32,210,6,T,29.8,null,5,null,OVC,null,null,null,1600,null,null,null,#NAME?,null,null,null,null,null,null,29.14,KCVG 290435Z 21006KT 5SM -SN BR OVC016 02/01 A2980 RMK AO2 SNB29 P0000 T00170006,null
CVG,2023-12-29 4:52,34,33,96.08,210,8,T,29.8,1009.6,5,null,OVC,null,null,null,1600,null,null,null,#NAME?,null,null,null,null,null,null,26.58,KCVG 290452Z 21008KT 5SM -SN BR OVC016 01/01 A2980 RMK AO2 SLP096 SNB29 P0000 T00110006 400610011,null
CVG,2023-12-29 5:29,34,34,100,200,5,0.01,29.8,null,5,null,OVC,null,null,null,1000,null,null,null,#NAME?,null,null,null,null,null,null,28.77,KCVG 290529Z 20005KT 5SM -SN BR OVC010 01/01 A2980 RMK AO2 P0001 T00110011,null
CVG,2023-12-29 5:52,34,34,100,210,6,0.01,29.79,1009.2,5,null,OVC,null,null,null,800,null,null,null,#NAME?,null,null,null,null,null,null,27.94,KCVG 290552Z 21006KT 5SM -SN BR OVC008 01/01 A2979 RMK AO2 SLP092 P0001 60001 T00110011 10028 20011 58007,null
CVG,2023-12-29 6:52,35,35,100,210,5,T,29.78,1008.9,8,null,OVC,null,null,null,600,null,null,null,null,null,null,null,null,null,null,29.96,KCVG 290652Z 21005KT 8SM OVC006 02/02 A2978 RMK AO2 SNE09 SLP089 P0000 T00170017,null
CVG,2023-12-29 7:52,35,35,100,200,4,0,29.78,1008.8,8,null,OVC,null,null,null,700,null,null,null,null,null,null,null,null,null,null,30.92,KCVG 290752Z 20004KT 8SM OVC007 02/02 A2978 RMK AO2 SLP088 T00170017,null
CVG,2023-12-29 8:29,35,35,100,190,5,0,29.78,null,9,null,OVC,null,null,null,1400,null,null,null,null,null,null,null,null,null,null,29.96,KCVG 290829Z 19005KT 9SM OVC014 02/02 A2978 RMK AO2 T00170017,null
CVG,2023-12-29 8:52,35,35,100,200,4,0,29.77,1008.5,10,null,OVC,null,null,null,1400,null,null,null,null,null,null,null,null,null,null,30.92,KCVG 290852Z 20004KT 10SM OVC014 02/02 A2977 RMK AO2 SLP085 60000 T00170017 58006,null
CVG,2023-12-29 9:52,36,35,96.11,210,6,0,29.77,1008.3,10,null,OVC,null,null,null,1400,null,null,null,null,null,null,null,null,null,null,30.35,KCVG 290952Z 21006KT 10SM OVC014 02/02 A2977 RMK AO2 SLP083 T00220017,null
CVG,2023-12-29 10:52,35,34,96.09,230,7,0,29.77,1008.4,10,null,OVC,null,null,null,2500,null,null,null,null,null,null,null,null,null,null,28.44,KCVG 291052Z 23007KT 10SM OVC025 02/01 A2977 RMK AO2 SLP084 T00170011,null
CVG,2023-12-29 11:36,35,34,96.09,200,6,0,29.78,null,10,null,BKN,OVC,null,null,1300,2400,null,null,null,null,null,null,null,null,null,29.14,KCVG 291136Z 20006KT 10SM BKN013 OVC024 02/01 A2978 RMK AO2 T00170011,null
CVG,2023-12-29 11:52,35,34,96.09,210,4,T,29.78,1008.9,10,null,BKN,OVC,null,null,1300,2300,null,null,#NAME?,null,null,null,null,null,null,30.92,KCVG 291152Z 21004KT 10SM -RA BKN013 OVC023 02/01 A2978 RMK AO2 RAB40 SLP089 P0000 60000 70001 T00170011 10022 20011 53004,null
CVG,2023-12-29 12:52,35,34,96.09,220,6,T,29.79,1009.2,10,null,OVC,null,null,null,1000,null,null,null,null,null,null,null,null,null,null,29.14,KCVG 291252Z 22006KT 10SM OVC010 02/01 A2979 RMK AO2 RAE17 SLP092 P0000 T00170011,null
CVG,2023-12-29 13:06,35,34,96.09,220,4,0,29.79,null,8,null,OVC,null,null,null,800,null,null,null,null,null,null,null,null,null,null,30.92,KCVG 291306Z 22004KT 8SM OVC008 02/01 A2979 RMK AO2 T00170011,null
CVG,2023-12-29 13:24,33,33,100,260,5,T,29.8,null,2,null,OVC,null,null,null,800,null,null,null,#NAME?,null,null,null,null,null,null,27.58,KCVG 291324Z 26005KT 2SM -SN BR OVC008 01/01 A2980 RMK AO2 SFC VIS 4 P0000 T00060006,null
CVG,2023-12-29 13:50,33.8,33.8,100,240,4,0.02,29.8,null,7,null,FEW,BKN,OVC,null,800,1800,2300,null,#NAME?,null,null,null,null,null,null,29.52,KCVG 291350Z 24004KT 7SM -SN FEW008 BKN018 OVC023 01/01 A2980 RMK AO2 SNB22 P0002,null
CVG,2023-12-29 13:52,34,34,100,230,5,0.02,29.8,1009.5,8,null,FEW,BKN,OVC,null,800,1400,2100,null,null,null,null,null,null,null,null,28.77,KCVG 291352Z 23005KT 8SM FEW008 BKN014 OVC021 01/01 A2980 RMK AO2 SLP095 SNB22E51 P0002 T00110011,null
CVG,2023-12-29 14:11,34,34,100,230,6,0,29.8,null,8,null,FEW,BKN,BKN,null,1300,2100,3200,null,null,null,null,null,null,null,null,27.94,KCVG 291411Z 23006KT 8SM FEW013 BKN021 BKN032 01/01 A2980 RMK AO2 T00110011,null
CVG,2023-12-29 14:52,35,35,100,240,4,0,29.81,1009.8,10,null,FEW,BKN,OVC,null,900,1400,3300,null,null,null,null,null,null,null,null,30.92,KCVG 291452Z 24004KT 10SM FEW009 BKN014 OVC033 02/02 A2981 RMK AO2 SLP098 BINOVC 60002 T00170017 52008,null
CVG,2023-12-29 14:58,35,35,100,230,5,0,29.81,null,10,null,FEW,BKN,OVC,null,700,2100,3800,null,null,null,null,null,null,null,null,29.96,KCVG 291458Z 23005KT 10SM FEW007 BKN021 OVC038 02/02 A2981 RMK AO2 T00170017,null
CVG,2023-12-29 15:00,35,35,100,230,6,0,29.81,null,10,null,FEW,BKN,OVC,null,1200,3000,3700,null,null,null,null,null,null,null,null,29.14,KCVG 291500Z 23006KT 10SM FEW012 BKN030 OVC037 02/02 A2981 RMK AO2 T00170017,null
CVG,2023-12-29 15:37,36,35,96.11,0,0,0,29.82,null,10,null,SCT,BKN,OVC,null,1200,1800,3600,null,null,null,null,null,null,null,null,36,KCVG 291537Z 00000KT 10SM SCT012 BKN018 OVC036 02/02 A2982 RMK AO2 T00220017,null
CVG,2023-12-29 15:52,36,34,92.35,240,7,0,29.82,1010.3,10,null,SCT,OVC,null,null,1200,1900,null,null,null,null,null,null,null,null,null,29.65,KCVG 291552Z 24007KT 10SM SCT012 OVC019 02/01 A2982 RMK AO2 SLP103 T00220011,null
CVG,2023-12-29 16:41,34,34,100,270,10,T,29.83,null,5,null,BKN,OVC,null,null,1500,2600,null,null,#NAME?,null,null,null,null,null,null,25.48,KCVG 291641Z 27010KT 5SM -SN BR BKN015 OVC026 01/01 A2983 RMK AO2 SNB40 P0000 T00110011,null
CVG,2023-12-29 16:52,34,34,100,260,7,T,29.82,1010.3,2,null,FEW,BKN,OVC,null,1300,1500,2600,null,#NAME?,null,null,null,null,null,null,27.22,KCVG 291652Z 26007KT 2SM -SN BR FEW013 BKN015 OVC026 01/01 A2982 RMK AO2 SFC VIS 3 SNB40 SLP103 P0000 T00110011,null
CVG,2023-12-29 17:36,35,34,96.09,260,6,T,29.81,null,6,null,FEW,BKN,OVC,null,700,2200,2900,null,#NAME?,null,null,null,null,null,null,29.14,KCVG 291736Z 26006KT 6SM -SN BR FEW007 BKN022 OVC029 02/01 A2981 RMK AO2 CIG 016 36R P0000 T00170011,null
CVG,2023-12-29 17:52,36,35,96.11,220,7,T,29.8,1009.7,6,null,BKN,BKN,OVC,null,1000,2400,3100,null,#NAME?,null,null,null,null,null,null,29.65,KCVG 291752Z 22007KT 6SM -SN BR BKN010 BKN024 OVC031 02/02 A2980 RMK AO2 SLP097 P0000 60002 T00220017 10028 20006 58001,null
CVG,2023-12-29 18:04,36,36,100,200,6,T,29.8,null,8,null,FEW,BKN,OVC,null,900,2400,3200,null,#NAME?,null,null,null,null,null,null,30.35,KCVG 291804Z 20006KT 8SM -RA FEW009 BKN024 OVC032 02/02 A2980 RMK AO2 RAB00SNE03 P0000 T00220022,null
CVG,2023-12-29 18:44,36,35,96.11,210,7,T,29.79,null,10,null,SCT,BKN,OVC,null,900,1400,6500,null,null,null,null,null,null,null,null,29.65,KCVG 291844Z 21007KT 10SM SCT009 BKN014 OVC065 02/02 A2979 RMK AO2 RAB00E25SNE03 P0000 T00220017,null
CVG,2023-12-29 18:52,36,35,96.11,220,10,T,29.79,1009.1,10,null,SCT,BKN,OVC,null,900,1500,2000,null,null,null,null,null,null,null,null,27.98,KCVG 291852Z 22010KT 10SM SCT009 BKN015 OVC020 02/02 A2979 RMK AO2 RAB00E25SNE03 SLP091 P0000 T00220017,null
CVG,2023-12-29 19:43,36,35,96.11,220,7,0,29.79,null,10,null,FEW,BKN,OVC,null,900,1400,2700,null,null,null,null,null,null,null,null,29.65,KCVG 291943Z 22007KT 10SM FEW009 BKN014 OVC027 02/02 A2979 RMK AO2 T00220017,null
CVG,2023-12-29 19:52,36,34,92.35,240,7,0,29.8,1009.4,10,null,FEW,BKN,OVC,null,900,1400,2800,null,null,null,null,null,null,null,null,29.65,KCVG 291952Z 24007KT 10SM FEW009 BKN014 OVC028 02/01 A2980 RMK AO2 SLP094 T00220011,null
CVG,2023-12-29 20:09,36,33,88.73,250,9,0,29.8,null,10,null,SCT,OVC,null,null,1500,2200,null,null,null,null,null,null,null,null,null,28.49,KCVG 292009Z 25009KT 10SM SCT015 OVC022 02/01 A2980 RMK AO2 T00220006,null
CVG,2023-12-29 20:52,36,33,88.73,260,8,0,29.81,1009.9,10,null,FEW,OVC,null,null,1300,2400,null,null,null,null,null,null,null,null,null,29.04,KCVG 292052Z 26008KT 10SM FEW013 OVC024 02/01 A2981 RMK AO2 SLP099 CIG 019V028 60000 T00220006 53002,null
CVG,2023-12-29 21:04,35,33,92.32,230,7,T,29.81,null,9,null,FEW,BKN,OVC,null,1200,2200,2700,null,#NAME?,null,null,null,null,null,null,28.44,KCVG 292104Z 23007KT 9SM -SNDZ FEW012 BKN022 OVC027 02/01 A2981 RMK AO2 DZB01SNB04 P0000 T00170006,null
CVG,2023-12-29 21:08,35,33,92.32,230,6,T,29.81,null,10,null,FEW,BKN,OVC,null,1200,2200,2700,null,null,null,null,null,null,null,null,29.14,KCVG 292108Z 23006KT 10SM FEW012 BKN022 OVC027 02/01 A2981 RMK AO2 DZB01E08SNB04E08 P0000 T00170006,null
CVG,2023-12-29 21:45,35,33,92.32,260,8,T,29.83,null,9,null,OVC,null,null,null,1700,null,null,null,#NAME?,null,null,null,null,null,null,27.81,KCVG 292145Z 26008KT 9SM -SNDZ OVC017 02/01 A2983 RMK AO2 DZB01E08B44SNB04E08B45 P0000 T00170006,null
CVG,2023-12-29 21:52,34,33,96.08,250,6,T,29.83,1010.5,8,null,OVC,null,null,null,1600,null,null,null,#NAME?,null,null,null,null,null,null,27.94,KCVG 292152Z 25006KT 8SM -DZ OVC016 01/01 A2983 RMK AO2 DZB01E08B44SNB04E08B45E51 SLP105 CIG 012V020 P0000 T00110006,null
CVG,2023-12-29 22:44,35,34,96.09,240,7,T,29.84,null,10,null,OVC,null,null,null,1400,null,null,null,null,null,null,null,null,null,null,28.44,KCVG 292244Z 24007KT 10SM OVC014 02/01 A2984 RMK AO2 DZE2157 P0000 T00170011,null
CVG,2023-12-29 22:52,35,34,96.09,230,5,T,29.84,1010.9,10,null,FEW,OVC,null,null,900,1300,null,null,null,null,null,null,null,null,null,29.96,KCVG 292252Z 23005KT 10SM FEW009 OVC013 02/01 A2984 RMK AO2 DZE2157 SLP109 P0000 T00170011,null
CVG,2023-12-29 23:52,35,34,96.09,250,5,0,29.85,1011.3,10,null,FEW,OVC,null,null,800,1400,null,null,null,null,null,null,null,null,null,29.96,KCVG 292352Z 25005KT 10SM FEW008 OVC014 02/01 A2985 RMK AO2 SLP113 60000 T00170011 10028 20011 51014,null
CVG,2023-12-30 0:52,35,34,96.09,270,6,T,29.86,1011.6,9,null,FEW,OVC,null,null,900,1200,null,null,#NAME?,null,null,null,null,null,null,29.14,KCVG 300052Z 27006KT 9SM -DZ FEW009 OVC012 02/01 A2986 RMK AO2 DZB45 SLP116 PCPN VRY LGT P0000 T00170011,null
CVG,2023-12-30 1:23,34,34,100,240,4,T,29.85,null,9,null,FEW,BKN,OVC,null,800,1700,2900,null,null,null,null,null,null,null,null,29.76,KCVG 300123Z 24004KT 9SM FEW008 BKN017 OVC029 01/01 A2985 RMK AO2 DZE17 BKN V SCT P0000 T00110011,null
CVG,2023-12-30 1:52,34,34,100,230,5,T,29.85,1011.3,10,null,FEW,BKN,OVC,null,800,1600,2700,null,null,null,null,null,null,null,null,28.77,KCVG 300152Z 23005KT 10SM FEW008 BKN016 OVC027 01/01 A2985 RMK AO2 DZE17B32E40 SLP113 P0000 T00110011,null
CVG,2023-12-30 2:06,34,34,100,230,4,0,29.85,null,10,null,SCT,OVC,null,null,800,1200,null,null,null,null,null,null,null,null,null,29.76,KCVG 300206Z 23004KT 10SM SCT008 OVC012 01/01 A2985 RMK AO2 T00110011,null
CVG,2023-12-30 2:52,34,34,100,250,5,0,29.85,1011.3,10,null,SCT,BKN,OVC,null,800,1300,2800,null,null,null,null,null,null,null,null,28.77,KCVG 300252Z 25005KT 10SM SCT008 BKN013 OVC028 01/01 A2985 RMK AO2 SLP113 60000 T00110011 58001,null
CVG,2023-12-30 3:52,34,34,100,250,6,0,29.86,1011.5,10,null,BKN,OVC,null,null,800,2900,null,null,null,null,null,null,null,null,null,27.94,KCVG 300352Z 25006KT 10SM BKN008 OVC029 01/01 A2986 RMK AO2 SLP115 T00110011,null
CVG,2023-12-30 4:52,34,34,100,250,8,0,29.86,1011.6,8,null,BKN,BKN,OVC,null,800,3000,5500,null,null,null,null,null,null,null,null,26.58,KCVG 300452Z 25008KT 8SM BKN008 BKN030 OVC055 01/01 A2986 RMK AO2 SLP116 T00110011 400280006,null
CVG,2023-12-30 5:39,34,34,100,240,6,T,29.86,null,8,null,BKN,OVC,null,null,800,1500,null,null,#NAME?,null,null,null,null,null,null,27.94,KCVG 300539Z 24006KT 8SM -SN BKN008 OVC015 01/01 A2986 RMK AO2 SNB37 P0000 T00110011,null
CVG,2023-12-30 5:52,34,34,100,230,5,T,29.86,1011.4,9,null,BKN,OVC,null,null,900,1500,null,null,null,null,null,null,null,null,null,28.77,KCVG 300552Z 23005KT 9SM BKN009 OVC015 01/01 A2986 RMK AO2 SNB37E49 SLP114 P0000 60000 T00110011 10017 20011 50001,null
CVG,2023-12-30 6:04,34,34,100,240,6,T,29.86,null,9,null,OVC,null,null,null,900,null,null,null,#NAME?,null,null,null,null,null,null,27.94,KCVG 300604Z 24006KT 9SM -SN OVC009 01/01 A2986 RMK AO2 SNB03 P0000 T00110011,null
CVG,2023-12-30 6:19,34,34,100,240,6,T,29.86,null,8,null,OVC,null,null,null,900,null,null,null,null,null,null,null,null,null,null,27.94,KCVG 300619Z 24006KT 8SM OVC009 01/01 A2986 RMK AO2 SNB03E12 P0000 T00110011,null
CVG,2023-12-30 6:30,34,34,100,240,5,T,29.86,null,8,null,BKN,OVC,null,null,900,1400,null,null,#NAME?,null,null,null,null,null,null,28.77,KCVG 300630Z 24005KT 8SM -SN BKN009 OVC014 01/01 A2986 RMK AO2 SNB03E12B24 P0000 T00110011,null
CVG,2023-12-30 6:52,34,34,100,250,6,T,29.86,1011.6,8,null,BKN,BKN,OVC,null,700,1300,3600,null,null,null,null,null,null,null,null,27.94,KCVG 300652Z 25006KT 8SM BKN007 BKN013 OVC036 01/01 A2986 RMK AO2 SNB03E12B24E41 SLP116 P0000 T00110011,null
CVG,2023-12-30 7:04,34,34,100,250,6,T,29.86,null,7,null,BKN,BKN,OVC,null,700,1100,3300,null,#NAME?,null,null,null,null,null,null,27.94,KCVG 300704Z 25006KT 7SM -SN BKN007 BKN011 OVC033 01/01 A2986 RMK AO2 SNB03 P0000 T00110011,null
CVG,2023-12-30 7:38,33,33,100,240,8,0.01,29.86,null,8,null,BKN,OVC,null,null,500,1000,null,null,null,null,null,null,null,null,null,25.34,KCVG 300738Z 24008KT 8SM BKN005 OVC010 01/01 A2986 RMK AO2 SNB03E37 P0001 T00060006,null
CVG,2023-12-30 7:52,33,33,100,230,7,0.01,29.86,1011.7,8,null,BKN,OVC,null,null,500,3100,null,null,null,null,null,null,null,null,null,26,KCVG 300752Z 23007KT 8SM BKN005 OVC031 01/01 A2986 RMK AO2 SNB03E37 SLP117 P0001 T00060006,null
CVG,2023-12-30 7:56,33,33,100,230,8,T,29.86,null,7,null,BKN,OVC,null,null,500,3100,null,null,#NAME?,null,null,null,null,null,null,25.34,KCVG 300756Z 23008KT 7SM -SN BKN005 OVC031 01/01 A2986 RMK AO2 SNB53 P0000 T00060006,null
CVG,2023-12-30 8:10,33,33,100,230,6,T,29.86,null,5,null,BKN,OVC,null,null,500,1900,null,null,BR,null,null,null,null,null,null,26.73,KCVG 300810Z 23006KT 5SM BR BKN005 OVC019 01/01 A2986 RMK AO2 SNB0753E06 P0000 T00060006,null
CVG,2023-12-30 8:52,33,33,100,240,7,T,29.86,1011.6,5,null,BKN,OVC,null,null,700,1100,null,null,BR,null,null,null,null,null,null,26,KCVG 300852Z 24007KT 5SM BR BKN007 OVC011 01/01 A2986 RMK AO2 SNB0753E06 SLP116 P0000 60001 T00060006 50001,null
CVG,2023-12-30 9:01,33,33,100,240,7,T,29.86,null,6,null,OVC,null,null,null,500,null,null,null,#NAME?,null,null,null,null,null,null,26,KCVG 300901Z 24007KT 6SM -SN BR OVC005 01/01 A2986 RMK AO2 UPB0855E00SNB01 P0000 T00060006,null
CVG,2023-12-30 9:08,34,34,100,250,7,T,29.86,null,8,null,OVC,null,null,null,500,null,null,null,null,null,null,null,null,null,null,27.22,KCVG 300908Z 25007KT 8SM OVC005 01/01 A2986 RMK AO2 UPB0855E00SNB01E08 P0000 T00110011,null
CVG,2023-12-30 9:52,34,34,100,250,7,0.01,29.86,1011.7,7,null,OVC,null,null,null,500,null,null,null,null,null,null,null,null,null,null,27.22,KCVG 300952Z 25007KT 7SM OVC005 01/01 A2986 RMK AO2 UPB0855E00B32E33RAB13E43SNB01E08 SLP117 P0001 T00110011,null
CVG,2023-12-30 10:45,34,34,100,250,8,T,29.87,null,2,null,OVC,null,null,null,500,null,null,null,#NAME?,null,null,null,null,null,null,26.58,KCVG 301045Z 25008KT 2SM -RA BR OVC005 01/01 A2987 RMK AO2 SFC VIS 6 RAB42 P0000 T00110011,null
CVG,2023-12-30 10:52,34,34,100,260,7,T,29.87,1011.9,2,null,OVC,null,null,null,500,null,null,null,#NAME?,null,null,null,null,null,null,27.22,KCVG 301052Z 26007KT 2SM -RA BR OVC005 01/01 A2987 RMK AO2 SFC VIS 3 RAB42 SLP119 P0000 T00110011,null
CVG,2023-12-30 11:15,35,35,100,260,4,T,29.87,null,2,null,OVC,null,null,null,300,null,null,null,BR,null,null,null,null,null,null,30.92,KCVG 301115Z 26004KT 2SM BR OVC003 02/02 A2987 RMK AO2 SFC VIS 3 RAE07UPB03E04 P0000 T00170017,null
CVG,2023-12-30 11:52,35,35,100,250,5,0.01,29.88,1012.3,1.5,null,OVC,null,null,null,300,null,null,null,#NAME?,null,null,null,null,null,null,29.96,KCVG 301152Z 25005KT 1 1/2SM -RA BR OVC003 02/02 A2988 RMK AO2 SFC VIS 5 SLP123 RAE07B26 P0001 60003 70005 T00170017 10017 20006 53008,null
CVG,2023-12-30 12:52,35,35,100,250,6,T,29.89,1012.7,1.5,null,OVC,null,null,null,400,null,null,null,#NAME?,null,null,null,null,null,null,29.14,KCVG 301252Z 25006KT 1 1/2SM -RA BR OVC004 02/02 A2989 RMK AO2 SFC VIS 6 SLP127 P0000 T00170017,null
CVG,2023-12-30 13:18,36,36,100,260,6,T,29.9,null,1.5,null,FEW,SCT,OVC,null,300,700,1500,null,null,null,null,null,null,null,null,30.35,KCVG 301318Z 26006KT 1 1/2SM FEW003 SCT007 OVC015 02/02 A2990 RMK AO2 SFC VIS 10 RAE1259 P0000 T00220022,null
CVG,2023-12-30 13:27,36,36,100,250,6,T,29.9,null,10,null,FEW,OVC,null,null,700,1600,null,null,null,null,null,null,null,null,null,30.35,KCVG 301327Z 25006KT 10SM FEW007 OVC016 02/02 A2990 RMK AO2 RAE1259 P0000 T00220022,null
CVG,2023-12-30 13:52,36,36,100,280,9,T,29.9,1013.1,6,null,FEW,BKN,OVC,null,700,1500,3200,null,#NAME?,null,null,null,null,null,null,28.49,KCVG 301352Z 28009KT 6SM -RA BR FEW007 BKN015 OVC032 02/02 A2990 RMK AO2 RAE1259B49 SLP131 P0000 T00220022,null
CVG,2023-12-30 14:31,37,37,100,270,6,T,29.91,null,10,null,BKN,BKN,OVC,null,800,1400,1900,null,null,null,null,null,null,null,null,31.55,KCVG 301431Z 27006KT 10SM BKN008 BKN014 OVC019 03/03 A2991 RMK AO2 RAE00 P0000 T00280028,null
CVG,2023-12-30 14:52,38,37,96.14,280,8,T,29.92,1013.6,10,null,SCT,BKN,OVC,null,800,2400,3600,null,null,null,null,null,null,null,null,31.5,KCVG 301452Z 28008KT 10SM SCT008 BKN024 OVC036 03/03 A2992 RMK AO2 RAE00B36E45 CIG 008 36R SLP136 P0000 60000 T00330028 53012,null
CVG,2023-12-30 15:52,38,37,96.14,270,11,T,29.94,1014.3,10,16,SCT,BKN,BKN,null,1200,2400,3600,null,null,null,null,null,null,null,null,30.05,KCVG 301552Z 27011G16KT 10SM SCT012 BKN024 BKN036 03/03 A2994 RMK AO2 RAB33E45 SLP143 P0000 T00330028,null
CVG,2023-12-30 16:52,38,36,92.42,290,12,T,29.93,1014,10,null,FEW,BKN,OVC,null,1200,1800,3100,null,#NAME?,null,null,null,null,null,null,29.64,KCVG 301652Z 29012KT 10SM -RA FEW012 BKN018 OVC031 03/02 A2993 RMK AO2 RAB47 SLP140 OCNL BINOVC P0000 T00330022,null
CVG,2023-12-30 17:52,38,36,92.42,270,11,T,29.92,1013.5,9,null,SCT,BKN,OVC,null,1300,2300,3100,null,null,null,null,null,null,null,null,30.05,KCVG 301752Z 27011KT 9SM SCT013 BKN023 OVC031 03/02 A2992 RMK AO2 RAE33 SLP135 OCNL BINOVC P0000 60000 T00330022 10044 20017 58000,null
CVG,2023-12-30 18:52,38,35,88.83,240,7,T,29.91,1013.2,10,null,FEW,BKN,BKN,null,1900,2500,3100,null,null,null,null,null,null,null,null,32.09,KCVG 301852Z 24007KT 10SM FEW019 BKN025 BKN031 03/02 A2991 RMK AO2 RAB01E12 SLP132 P0000 T00330017,null
CVG,2023-12-30 19:09,38,35,88.83,250,11,0,29.91,null,10,null,BKN,OVC,null,null,1300,2300,null,null,null,null,null,null,null,null,null,30.05,KCVG 301909Z 25011KT 10SM BKN013 OVC023 03/02 A2991 RMK AO2 T00330017,null
CVG,2023-12-30 19:42,38,34,85.35,250,10,0,29.91,null,10,null,BKN,BKN,OVC,null,1600,2000,2600,null,null,null,null,null,null,null,null,30.49,KCVG 301942Z 25010KT 10SM BKN016 BKN020 OVC026 03/01 A2991 RMK AO2 T00330011,null
CVG,2023-12-30 19:52,37,35,92.39,250,7,T,29.91,1013.3,8,null,BKN,BKN,OVC,null,1600,2000,2600,null,#NAME?,null,null,null,null,null,null,30.87,KCVG 301952Z 25007KT 8SM -RA BKN016 BKN020 OVC026 03/02 A2991 RMK AO2 RAB50 SLP133 P0000 T00280017,null
CVG,2023-12-30 20:52,37,33,85.29,250,5,T,29.91,1013.4,10,null,BKN,OVC,null,null,1600,2000,null,null,null,null,null,null,null,null,null,32.33,KCVG 302052Z 25005KT 10SM BKN016 OVC020 03/01 A2991 RMK AO2 RAE04 SLP134 P0000 60000 T00280006 55001,null
CVG,2023-12-30 21:23,37,33,85.29,250,7,0,29.93,null,10,null,OVC,null,null,null,1400,null,null,null,null,null,null,null,null,null,null,30.87,KCVG 302123Z 25007KT 10SM OVC014 03/01 A2993 RMK AO2 T00280006,null
CVG,2023-12-30 21:52,36,32,85.23,230,8,0,29.94,1014.2,10,null,OVC,null,null,null,1400,null,null,null,null,null,null,null,null,null,null,29.04,KCVG 302152Z 23008KT 10SM OVC014 02/00 A2994 RMK AO2 SLP142 T00220000,null
CVG,2023-12-30 21:57,36,32,85.23,240,7,0,29.94,null,10,null,OVC,null,null,null,1600,null,null,null,null,null,null,null,null,null,null,29.65,KCVG 302157Z 24007KT 10SM OVC016 02/00 A2994 RMK AO2 T00220000,null
CVG,2023-12-30 22:52,36,32,85.23,230,9,0,29.95,1014.6,10,null,OVC,null,null,null,1600,null,null,null,null,null,null,null,null,null,null,28.49,KCVG 302252Z 23009KT 10SM OVC016 02/00 A2995 RMK AO2 SLP146 T00220000,null
CVG,2023-12-30 23:52,36,31,81.86,230,6,0,29.96,1015.1,10,null,BKN,OVC,null,null,1800,2000,null,null,null,null,null,null,null,null,null,30.35,KCVG 302352Z 23006KT 10SM BKN018 OVC020 02/M01 A2996 RMK AO2 SLP151 60000 T00221006 10044 20022 51016,null
CVG,2023-12-31 0:52,36,31,81.86,220,6,0,29.97,1015.3,10,null,OVC,null,null,null,2200,null,null,null,null,null,null,null,null,null,null,30.35,KCVG 310052Z 22006KT 10SM OVC022 02/M01 A2997 RMK AO2 SLP153 T00221006,null
CVG,2023-12-31 1:52,36,31,81.86,220,4,0,29.97,1015.3,10,null,OVC,null,null,null,2400,null,null,null,null,null,null,null,null,null,null,32.09,KCVG 310152Z 22004KT 10SM OVC024 02/M01 A2997 RMK AO2 SLP153 T00221006,null
CVG,2023-12-31 2:52,36,32,85.23,200,5,0,29.97,1015.3,10,null,OVC,null,null,null,2400,null,null,null,null,null,null,null,null,null,null,31.15,KCVG 310252Z 20005KT 10SM OVC024 02/00 A2997 RMK AO2 SLP153 T00220000 51003,null
CVG,2023-12-31 3:52,36,33,88.73,200,6,0,29.98,1015.5,10,null,OVC,null,null,null,2400,null,null,null,null,null,null,null,null,null,null,30.35,KCVG 310352Z 20006KT 10SM OVC024 02/01 A2998 RMK AO2 SLP155 T00220006,null
CVG,2023-12-31 4:52,36,32,85.23,200,8,0,29.98,1015.6,10,null,OVC,null,null,null,1700,null,null,null,null,null,null,null,null,null,null,29.04,KCVG 310452Z 20008KT 10SM OVC017 02/00 A2998 RMK AO2 SLP156 T00220000 400440006,null
CVG,2023-12-31 5:52,35,33,92.32,200,9,0,29.97,1015.2,10,null,OVC,null,null,null,1700,null,null,null,null,null,null,null,null,null,null,27.24,KCVG 310552Z 20009KT 10SM OVC017 02/01 A2997 RMK AO2 SLP152 T00170006 10028 20017 58001,null
CVG,2023-12-31 6:52,36,33,88.73,210,11,0,29.97,1015,10,18,OVC,null,null,null,1500,null,null,null,null,null,null,null,null,null,null,27.52,KCVG 310652Z 21011G18KT 10SM OVC015 02/01 A2997 RMK AO2 SLP150 T00220006,null
CVG,2023-12-31 7:52,36,34,92.35,200,9,0,29.97,1015.1,10,null,OVC,null,null,null,1500,null,null,null,null,null,null,null,null,null,null,28.49,KCVG 310752Z 20009KT 10SM OVC015 02/01 A2997 RMK AO2 SLP151 T00220011,null
CVG,2023-12-31 8:09,36,34,92.35,200,10,0,29.96,null,10,null,OVC,null,null,null,1300,null,null,null,null,null,null,null,null,null,null,27.98,KCVG 310809Z 20010KT 10SM OVC013 02/01 A2996 RMK AO2 T00220011,null
CVG,2023-12-31 8:52,36,34,92.35,200,11,0,29.95,1014.6,10,null,OVC,null,null,null,1300,null,null,null,null,null,null,null,null,null,null,27.52,KCVG 310852Z 20011KT 10SM OVC013 02/01 A2995 RMK AO2 SLP146 T00220011 58006,null
CVG,2023-12-31 9:52,36,34,92.35,210,9,0,29.94,1014.4,10,null,OVC,null,null,null,1300,null,null,null,null,null,null,null,null,null,null,28.49,KCVG 310952Z 21009KT 10SM OVC013 02/01 A2994 RMK AO2 SLP144 T00220011,null
CVG,2023-12-31 10:48,35.6,33.8,93.08,210,8,0,29.93,null,10,null,OVC,null,null,null,1500,null,null,null,null,null,null,null,null,null,null,28.55,KCVG 311048Z 21008KT 10SM OVC015 02/01 A2993 RMK AO2,null
CVG,2023-12-31 10:52,36,34,92.35,200,8,0,29.93,1013.8,10,null,OVC,null,null,null,1500,null,null,null,null,null,null,null,null,null,null,29.04,KCVG 311052Z 20008KT 10SM OVC015 02/01 A2993 RMK AO2 SLP138 T00220011,null
CVG,2023-12-31 11:13,36,34,92.35,190,8,0,29.93,null,10,null,OVC,null,null,null,1300,null,null,null,null,null,null,null,null,null,null,29.04,KCVG 311113Z 19008KT 10SM OVC013 02/01 A2993 RMK AO2 T00220011,null
CVG,2023-12-31 11:52,36,34,92.35,190,8,0,29.93,1014,10,null,OVC,null,null,null,1300,null,null,null,null,null,null,null,null,null,null,29.04,KCVG 311152Z 19008KT 10SM OVC013 02/01 A2993 RMK AO2 SLP140 T00220011 10028 20017 55003,null
CVG,2023-12-31 12:52,36,34,92.35,200,8,0,29.93,1014.1,10,null,SCT,OVC,null,null,1100,1300,null,null,null,null,null,null,null,null,null,29.04,KCVG 311252Z 20008KT 10SM SCT011 OVC013 02/01 A2993 RMK AO2 SLP141 T00220011,null
CVG,2023-12-31 13:28,36,34,92.35,200,10,0,29.93,null,10,null,SCT,BKN,BKN,null,1100,9000,13000,null,null,null,null,null,null,null,null,27.98,KCVG 311328Z 20010KT 10SM SCT011 BKN090 BKN130 02/01 A2993 RMK AO2 T00220011,null
CVG,2023-12-31 13:52,36,34,92.35,200,9,0,29.92,1013.6,10,null,BKN,OVC,null,null,1100,10000,null,null,null,null,null,null,null,null,null,28.49,KCVG 311352Z 20009KT 10SM BKN011 OVC100 02/01 A2992 RMK AO2 SLP136 T00220011,null
CVG,2023-12-31 14:52,37,35,92.39,210,10,0,29.93,1013.8,10,null,SCT,OVC,null,null,1000,1200,null,null,null,null,null,null,null,null,null,29.24,KCVG 311452Z 21010KT 10SM SCT010 OVC012 03/02 A2993 RMK AO2 SLP138 T00280017 55001,null
CVG,2023-12-31 15:52,38,35,88.83,210,7,0,29.94,1014,10,null,BKN,OVC,null,null,1100,1200,null,null,null,null,null,null,null,null,null,32.09,KCVG 311552Z 21007KT 10SM BKN011 OVC012 03/02 A2994 RMK AO2 SLP140 T00330017,null
CVG,2023-12-31 16:52,39,35,85.42,210,9,0,29.92,1013.6,10,null,BKN,OVC,null,null,1200,1400,null,null,null,null,null,null,null,null,null,32.22,KCVG 311652Z 21009KT 10SM BKN012 OVC014 04/02 A2992 RMK AO2 SLP136 T00390017,null
CVG,2023-12-31 17:52,39,35,85.42,210,9,0,29.91,1013.1,10,null,BKN,OVC,null,null,1400,1600,null,null,null,null,null,null,null,null,null,32.22,KCVG 311752Z 21009KT 10SM BKN014 OVC016 04/02 A2991 RMK AO2 SLP131 T00390017 10039 20017 58007,null
CVG,2023-12-31 18:52,40,35,82.15,220,12,0,29.89,1012.6,10,null,BKN,OVC,null,null,1500,1800,null,null,null,null,null,null,null,null,null,32.18,KCVG 311852Z 22012KT 10SM BKN015 OVC018 04/02 A2989 RMK AO2 SLP126 T00440017,null
CVG,2023-12-31 19:52,40,36,85.48,250,11,0,29.9,1012.7,10,19,BKN,OVC,null,null,1700,1900,null,null,null,null,null,null,null,null,null,32.58,KCVG 311952Z 25011G19KT 10SM BKN017 OVC019 04/02 A2990 RMK AO2 SLP127 T00440022,null
CVG,2023-12-31 20:29,38,36,92.42,260,20,T,29.92,null,8,23,OVC,null,null,null,1300,null,null,null,null,null,null,null,null,null,null,27.11,KCVG 312029Z 26020G23KT 8SM OVC013 03/02 A2992 RMK AO2 RAB00E23 P0000 T00330022,null
CVG,2023-12-31 20:52,36,36,100,280,14,T,29.94,1014.1,4,null,OVC,null,null,null,1100,null,null,null,#NAME?,null,null,null,null,null,null,26.32,KCVG 312052Z 28014KT 4SM -RA BR OVC011 02/02 A2994 RMK AO2 RAB00E23B45 SLP141 P0000 60000 T00220022 53009,null
CVG,2023-12-31 21:18,35,34,96.09,280,15,T,29.95,null,10,null,BKN,OVC,null,null,900,1400,null,null,null,null,null,null,null,null,null,24.67,KCVG 312118Z 28015KT 10SM BKN009 OVC014 02/01 A2995 RMK AO2 RAE2055 P0000 T00170011,null
CVG,2023-12-31 21:30,35,34,96.09,270,11,T,29.95,null,10,null,FEW,BKN,OVC,null,900,1200,2000,null,null,null,null,null,null,null,null,26.26,KCVG 312130Z 27011KT 10SM FEW009 BKN012 OVC020 02/01 A2995 RMK AO2 RAE2055 P0000 T00170011,null
CVG,2023-12-31 21:33,35,34,96.09,260,12,T,29.96,null,10,null,SCT,BKN,OVC,null,1100,1600,3800,null,null,null,null,null,null,null,null,25.82,KCVG 312133Z 26012KT 10SM SCT011 BKN016 OVC038 02/01 A2996 RMK AO2 RAE2055 P0000 T00170011,null
CVG,2023-12-31 21:52,35,31,85.17,270,12,T,29.97,1015.3,10,21,SCT,BKN,OVC,null,1100,1600,3800,null,null,null,null,null,null,null,null,25.82,KCVG 312152Z 27012G21KT 10SM SCT011 BKN016 OVC038 02/M01 A2997 RMK AO2 RAE2055 SLP153 P0000 T00171006,null
CVG,2023-12-31 22:26,33,30,88.58,290,15,T,29.99,null,10,null,BKN,OVC,null,null,1700,2500,null,null,GS,null,null,null,null,null,null,22.08,KCVG 312226Z 29015KT 10SM GS BKN017 OVC025 01/M01 A2999 RMK AO2 RAB21E25GSB25 GS LTG P0000 T00061011,null
CVG,2023-12-31 22:47,32,28.4,86.39,290,13,T,30.01,null,6,null,BKN,OVC,null,null,1700,2500,null,null,#NAME?,null,null,null,null,null,null,21.57,KCVG 312247Z 29013KT 6SM -SN BR BKN017 OVC025 00/M02 A3001 RMK AO2 RAB21E25GSB25E46SNB46 P0000,null
CVG,2023-12-31 22:52,32,28,84.98,280,13,T,30.01,1016.6,6,null,BKN,OVC,null,null,1900,2500,null,null,#NAME?,null,null,null,null,null,null,21.57,KCVG 312252Z 28013KT 6SM -SN BR BKN019 OVC025 00/M02 A3001 RMK AO2 RAB21E25GSB25E46SNB46 SLP166 P0000 T00001022,null
CVG,2023-12-31 23:52,32,26,78.25,290,17,T,30.03,1017.5,9,null,BKN,OVC,null,null,2100,2400,null,null,#NAME?,null,null,null,null,null,null,20.08,KCVG 312352Z 29017KT 9SM -SN BKN021 OVC024 00/M03 A3003 RMK AO2 SLP175 P0000 60000 T00001033 10044 20000 51022,null
CVG,2024-12-01 0:06,30,25,81.4,240,8,T,30.16,null,6,null,OVC,null,null,null,4800,null,null,null,BR,null,null,null,null,null,null,21.65,KCVG 010006Z 24008KT 6SM BR OVC048 M01/M04 A3016 RMK AO2 SNE03 P0000 T10111039,null
CVG,2024-12-01 0:09,30,25,81.4,240,9,T,30.16,null,6,null,OVC,null,null,null,4800,null,null,null,#NAME?,null,null,null,null,null,null,21.03,KCVG 010009Z 24009KT 6SM -SN BR OVC048 M01/M04 A3016 RMK AO2 SNE03B07 P0000 T10111039,null
CVG,2024-12-01 0:37,29,26,88.38,230,8,T,30.16,null,2.5,null,FEW,OVC,null,null,1000,4200,null,null,#NAME?,null,null,null,null,null,null,20.42,KCVG 010037Z 23008KT 2 1/2SM -SN BR FEW010 OVC042 M02/M03 A3016 RMK AO2 SFC VIS 3 SNE03B07 P0000 T10171033,null
CVG,2024-12-01 0:52,29,27,92.12,230,7,T,30.16,1022.2,2.5,null,FEW,OVC,null,null,900,3800,null,null,#NAME?,null,null,null,null,null,null,21.12,KCVG 010052Z 23007KT 2 1/2SM -SN BR FEW009 OVC038 M02/M03 A3016 RMK AO2 SNE03B07 SLP222 P0000 T10171028,null
CVG,2024-12-01 1:20,29,27,92.12,230,9,T,30.16,null,2,null,BKN,OVC,null,null,900,3100,null,null,#NAME?,null,null,null,null,null,null,19.78,KCVG 010120Z 23009KT 2SM -SN BR BKN009 OVC031 M02/M03 A3016 RMK AO2 TWR VIS 2 1/2 P0000 T10171028,null
CVG,2024-12-01 1:52,29,27,92.12,230,9,0.01,30.16,1022.3,2,null,SCT,OVC,null,null,1000,3100,null,null,#NAME?,null,null,null,null,null,null,19.78,KCVG 010152Z 23009KT 2SM -SN BR SCT010 OVC031 M02/M03 A3016 RMK AO2 TWR VIS 2 1/2 SLP223 P0001 T10171028,null
CVG,2024-12-01 2:15,29,27,92.12,220,10,T,30.16,null,2.5,null,BKN,BKN,OVC,null,900,1300,3200,null,#NAME?,null,null,null,null,null,null,19.21,KCVG 010215Z 22010KT 2 1/2SM -SN BR BKN009 BKN013 OVC032 M02/M03 A3016 RMK AO2 P0000 T10171028,null
CVG,2024-12-01 2:22,29,27,92.12,220,9,T,30.16,null,2.5,null,BKN,OVC,null,null,1100,3100,null,null,#NAME?,null,null,null,null,null,null,19.78,KCVG 010222Z 22009KT 2 1/2SM -SN BR BKN011 OVC031 M02/M03 A3016 RMK AO2 P0000 T10171028,null
CVG,2024-12-01 2:42,29,27,92.12,230,9,T,30.16,null,3,null,BKN,OVC,null,null,900,3300,null,null,#NAME?,null,null,null,null,null,null,19.78,KCVG 010242Z 23009KT 3SM -SN BR BKN009 OVC033 M02/M03 A3016 RMK AO2 P0000 T10171028,null
CVG,2024-12-01 2:52,29,27,92.12,220,9,T,30.16,1022.1,3,null,BKN,OVC,null,null,1000,3700,null,null,#NAME?,null,null,null,null,null,null,19.78,KCVG 010252Z 22009KT 3SM -SN BR BKN010 OVC037 M02/M03 A3016 RMK AO2 SLP221 P0000 60001 T10171028 58001,null
CVG,2024-12-01 3:37,29,27,92.12,240,7,T,30.16,null,7,null,OVC,null,null,null,900,null,null,null,null,null,null,null,null,null,null,21.12,KCVG 010337Z 24007KT 7SM OVC009 M02/M03 A3016 RMK AO2 SNE31 P0000 T10171028,null
CVG,2024-12-01 3:42,29,27,92.12,240,9,T,30.16,null,9,null,OVC,null,null,null,1000,null,null,null,null,null,null,null,null,null,null,19.78,KCVG 010342Z 24009KT 9SM OVC010 M02/M03 A3016 RMK AO2 SNE31 P0000 T10171028,null
CVG,2024-12-01 3:52,30,27,88.44,240,7,T,30.16,1022.1,9,null,BKN,OVC,null,null,1000,1300,null,null,null,null,null,null,null,null,null,22.34,KCVG 010352Z 24007KT 9SM BKN010 OVC013 M01/M03 A3016 RMK AO2 SNE31 SLP221 P0000 T10111028,null
CVG,2024-12-01 4:52,30,27,88.44,250,6,0,30.16,1022,10,null,BKN,OVC,null,null,1000,1400,null,null,null,null,null,null,null,null,null,23.12,KCVG 010452Z 25006KT 10SM BKN010 OVC014 M01/M03 A3016 RMK AO2 SLP220 T10111028 400111089,null
CVG,2024-12-01 5:52,30,27,88.44,240,7,0,30.15,1021.8,10,null,BKN,OVC,null,null,1000,1300,null,null,null,null,null,null,null,null,null,22.34,KCVG 010552Z 24007KT 10SM BKN010 OVC013 M01/M03 A3015 RMK AO2 SLP218 60001 T10111028 11011 21017 58001,null
CVG,2024-12-01 6:52,30,27,88.44,250,5,0,30.14,1021.3,10,null,BKN,BKN,OVC,null,1200,1900,2500,null,null,null,null,null,null,null,null,24.02,KCVG 010652Z 25005KT 10SM BKN012 BKN019 OVC025 M01/M03 A3014 RMK AO2 SLP213 T10111028,null
CVG,2024-12-01 7:34,30,27,88.44,270,9,0,30.15,null,10,null,BKN,OVC,null,null,1600,2300,null,null,null,null,null,null,null,null,null,21.03,KCVG 010734Z 27009KT 10SM BKN016 OVC023 M01/M03 A3015 RMK AO2 T10111028,null
CVG,2024-12-01 7:49,30.2,26.6,86.28,270,7,0,30.15,null,10,null,SCT,SCT,OVC,null,1400,2000,8500,null,null,null,null,null,null,null,null,22.59,KCVG 010749Z 27007KT 10SM SCT014 SCT020 OVC085 M01/M03 A3015 RMK AO2,null
CVG,2024-12-01 7:52,30,27,88.44,270,10,0,30.15,1021.6,10,null,SCT,OVC,null,null,1600,8000,null,null,null,null,null,null,null,null,null,20.46,KCVG 010752Z 27010KT 10SM SCT016 OVC080 M01/M03 A3015 RMK AO2 SLP216 T10111028,null
CVG,2024-12-01 8:43,29,26,88.38,280,7,0,30.15,null,10,null,BKN,OVC,null,null,1900,8000,null,null,null,null,null,null,null,null,null,21.12,KCVG 010843Z 28007KT 10SM BKN019 OVC080 M02/M03 A3015 RMK AO2 T10171033,null
CVG,2024-12-01 8:52,29,25,84.79,280,6,0,30.15,1021.7,10,null,BKN,OVC,null,null,1900,7000,null,null,null,null,null,null,null,null,null,21.92,KCVG 010852Z 28006KT 10SM BKN019 OVC070 M02/M04 A3015 RMK AO2 SLP217 T10171039 51005,null
CVG,2024-12-01 9:27,28,24,84.72,300,6,0,30.14,null,10,null,SCT,BKN,BKN,null,1700,6500,8000,null,null,null,null,null,null,null,null,20.71,KCVG 010927Z 30006KT 10SM SCT017 BKN065 BKN080 M02/M04 A3014 RMK AO2 T10221044,null
CVG,2024-12-01 9:52,28,24,84.72,280,6,0,30.14,1021.4,10,null,SCT,OVC,null,null,1600,8500,null,null,null,null,null,null,null,null,null,20.71,KCVG 010952Z 28006KT 10SM SCT016 OVC085 M02/M04 A3014 RMK AO2 CIG 022 36R SLP214 T10221044,null
CVG,2024-12-01 9:59,28,24,84.72,280,5,0,30.15,null,10,null,BKN,OVC,null,null,1600,8500,null,null,null,null,null,null,null,null,null,21.64,KCVG 010959Z 28005KT 10SM BKN016 OVC085 M02/M04 A3015 RMK AO2 T10221044,null
CVG,2024-12-01 10:38,27,22,81.17,310,9,0,30.15,null,10,null,SCT,BKN,BKN,null,1900,7000,8500,null,null,null,null,null,null,null,null,17.3,KCVG 011038Z 31009KT 10SM SCT019 BKN070 BKN085 M03/M06 A3015 RMK AO2 CIG 018 36R T10281056,null
CVG,2024-12-01 10:52,26,20,77.71,300,8,0,30.15,1021.7,10,null,FEW,FEW,BKN,null,2000,7000,8500,null,null,null,null,null,null,null,null,16.72,KCVG 011052Z 30008KT 10SM FEW020 FEW070 BKN085 M03/M07 A3015 RMK AO2 CIG 019 36R SLP217 T10331067,null
CVG,2024-12-01 11:52,25,18,74.36,290,8,0,30.16,1022,10,null,SCT,null,null,null,9000,null,null,null,null,null,null,null,null,null,null,15.49,KCVG 011152Z 29008KT 10SM SCT090 M04/M08 A3016 RMK AO2 SLP220 70001 T10391078 11011 21044 53002,null
CVG,2024-12-01 12:52,24,16,71.11,300,9,0,30.17,1022.5,10,null,BKN,null,null,null,12000,null,null,null,null,null,null,null,null,null,null,13.57,KCVG 011252Z 30009KT 10SM BKN120 M04/M09 A3017 RMK AO2 SLP225 T10441089,null
CVG,2024-12-01 13:52,24,14,65.17,300,11,0,30.19,1023.1,10,null,FEW,null,null,null,1900,null,null,null,null,null,null,null,null,null,null,12.36,KCVG 011352Z 30011KT 10SM FEW019 M04/M10 A3019 RMK AO2 SLP231 T10441100,null
CVG,2024-12-01 14:52,25,13,59.82,280,8,0,30.2,1023.5,10,null,SCT,null,null,null,8500,null,null,null,null,null,null,null,null,null,null,15.49,KCVG 011452Z 28008KT 10SM SCT085 M04/M11 A3020 RMK AO2 SLP235 T10391106 51014,null
CVG,2024-12-01 15:52,28,13,52.84,290,12,0,30.21,1023.9,10,null,CLR,null,null,null,null,null,null,null,null,null,null,null,null,null,null,16.91,KCVG 011552Z 29012KT 10SM CLR M02/M11 A3021 RMK AO2 SLP239 T10221106,null
CVG,2024-12-01 16:52,30,14,50.88,300,11,0,30.21,1023.7,10,null,CLR,null,null,null,null,null,null,null,null,null,null,null,null,null,null,19.94,KCVG 011652Z 30011KT 10SM CLR M01/M10 A3021 RMK AO2 SLP237 T10111100,null
CVG,2024-12-01 17:52,31,13,46.75,290,8,0,30.2,1023.4,10,16,CLR,null,null,null,null,null,null,null,null,null,null,null,null,null,null,22.88,KCVG 011752Z 29008G16KT 10SM CLR M01/M11 A3020 RMK AO2 SLP234 T10061106 11006 21050 58000,null
CVG,2024-12-01 18:52,32,13,44.9,290,10,0,30.19,1023.1,10,null,CLR,null,null,null,null,null,null,null,null,null,null,null,null,null,null,22.97,KCVG 011852Z 29010KT 10SM CLR 00/M11 A3019 RMK AO2 SLP231 T00001106,null
CVG,2024-12-01 19:52,33,13,43.13,310,10,0,30.2,1023.3,10,null,CLR,null,null,null,null,null,null,null,null,null,null,null,null,null,null,24.22,KCVG 011952Z 31010KT 10SM CLR 01/M11 A3020 RMK AO2 SLP233 T00061106,null
CVG,2024-12-01 20:52,31,12,44.73,310,8,0,30.21,1023.6,10,null,FEW,null,null,null,11000,null,null,null,null,null,null,null,null,null,null,22.88,KCVG 012052Z 31008KT 10SM FEW110 M01/M11 A3021 RMK AO2 SLP236 T10061111 53002,null
CVG,2024-12-01 21:52,29,13,50.72,280,10,0,30.22,1024.1,10,null,SCT,null,null,null,9500,null,null,null,null,null,null,null,null,null,null,19.21,KCVG 012152Z 28010KT 10SM SCT095 M02/M11 A3022 RMK AO2 SLP241 T10171106 $,null
CVG,2024-12-01 22:52,29,12,48.53,300,5,0,30.23,1024.4,10,null,BKN,null,null,null,8500,null,null,null,null,null,null,null,null,null,null,22.83,KCVG 012252Z 30005KT 10SM BKN085 M02/M11 A3023 RMK AO2 SLP244 T10171111 $,null
CVG,2024-12-01 23:52,27,12,52.68,330,6,0,30.24,1024.9,10,null,SCT,null,null,null,8500,null,null,null,null,null,null,null,null,null,null,19.51,KCVG 012352Z 33006KT 10SM SCT085 M03/M11 A3024 RMK AO2 SLP249 T10281111 10006 21028 51010 $,null
CVG,2024-12-02 0:52,27,12,52.68,320,7,0,30.25,1025.2,10,null,BKN,null,null,null,6000,null,null,null,null,null,null,null,null,null,null,18.68,KCVG 020052Z 32007KT 10SM BKN060 M03/M11 A3025 RMK AO2 SLP252 T10281111 $,null
CVG,2024-12-02 1:52,25,12,57.23,310,6,0,30.26,1025.6,10,null,SCT,null,null,null,6000,null,null,null,null,null,null,null,null,null,null,17.1,KCVG 020152Z 31006KT 10SM SCT060 M04/M11 A3026 RMK AO2 SLP256 T10391111 $,null
CVG,2024-12-02 2:52,23,13,65.03,290,4,0,30.28,1026.2,10,null,SCT,BKN,null,null,6000,15000,null,null,null,null,null,null,null,null,null,16.91,KCVG 020252Z 29004KT 10SM SCT060 BKN150 M05/M11 A3028 RMK AO2 SLP262 T10501106 53013 $,null
CVG,2024-12-02 3:52,20,13,73.84,290,5,0,30.29,1026.8,10,null,FEW,null,null,null,15000,null,null,null,null,null,null,null,null,null,null,12.14,KCVG 020352Z 29005KT 10SM FEW150 M07/M11 A3029 RMK AO2 SLP268 T10671106 $,null
CVG,2024-12-02 4:52,21,12,67.71,270,7,0,30.3,1027,10,null,FEW,null,null,null,9000,null,null,null,null,null,null,null,null,null,null,11.37,KCVG 020452Z 27007KT 10SM FEW090 M06/M11 A3030 RMK AO2 SLP270 T10611111 400061067 $,null
CVG,2024-12-02 5:52,20,12,70.65,260,6,0,30.29,1026.8,10,null,FEW,null,null,null,8500,null,null,null,null,null,null,null,null,null,null,11.08,KCVG 020552Z 26006KT 10SM FEW085 M07/M11 A3029 RMK AO2 SLP268 T10671111 11028 21067 50005 $,null
CVG,2024-12-02 6:52,19,12,73.73,260,5,0,30.29,1026.5,10,null,FEW,null,null,null,8500,null,null,null,null,null,null,null,null,null,null,10.96,KCVG 020652Z 26005KT 10SM FEW085 M07/M11 A3029 RMK AO2 SLP265 T10721111 $,null
CVG,2024-12-02 7:52,19,13,77.06,250,4,0,30.29,1026.8,10,null,FEW,null,null,null,7000,null,null,null,null,null,null,null,null,null,null,12.24,KCVG 020752Z 25004KT 10SM FEW070 M07/M11 A3029 RMK AO2 SLP268 T10721106 $,null
CVG,2024-12-02 8:52,19,12,73.73,250,5,0,30.29,1026.7,10,null,CLR,null,null,null,null,null,null,null,null,null,null,null,null,null,null,10.96,KCVG 020852Z 25005KT 10SM CLR M07/M11 A3029 RMK AO2 SLP267 T10721111 55000 $,null
CVG,2024-12-02 9:52,18,12,76.97,230,5,0,30.3,1027.1,10,null,CLR,null,null,null,null,null,null,null,null,null,null,null,null,null,null,9.77,KCVG 020952Z 23005KT 10SM CLR M08/M11 A3030 RMK AO2 SLP271 T10781111 $,null
CVG,2024-12-02 10:52,17,12,80.36,260,5,0,30.31,1027.5,10,null,CLR,null,null,null,null,null,null,null,null,null,null,null,null,null,null,8.58,KCVG 021052Z 26005KT 10SM CLR M08/M11 A3031 RMK AO2 SLP275 T10831111 $,null
CVG,2024-12-02 11:52,16,12,83.91,270,5,0,30.32,1027.6,10,null,CLR,null,null,null,null,null,null,null,null,null,null,null,null,null,null,7.39,KCVG 021152Z 27005KT 10SM CLR M09/M11 A3032 RMK AO2 SLP276 T10891111 11067 21089 51007 $,null
CVG,2024-12-02 12:52,17,13,83.98,0,0,0,30.33,1028.2,10,null,CLR,null,null,null,null,null,null,null,null,null,null,null,null,null,null,17,KCVG 021252Z 00000KT 10SM CLR M08/M11 A3033 RMK AO2 SLP282 T10831106,null
CVG,2024-12-02 13:52,21,14,73.94,270,4,0,30.34,1028.6,10,null,CLR,null,null,null,null,null,null,null,null,null,null,null,null,null,null,14.57,KCVG 021352Z 27004KT 10SM CLR M06/M10 A3034 RMK AO2 SLP286 T10611100,null
CVG,2024-12-02 14:52,24,15,68.08,280,4,0,30.36,1028.9,10,null,CLR,null,null,null,null,null,null,null,null,null,null,null,null,null,null,18.08,KCVG 021452Z 28004KT 10SM CLR M04/M09 A3036 RMK AO2 SLP289 T10441094 51013,null
CVG,2024-12-02 15:52,26,14,59.96,270,7,0,30.36,1028.9,10,null,CLR,null,null,null,null,null,null,null,null,null,null,null,null,null,null,17.47,KCVG 021552Z 27007KT 10SM CLR M03/M10 A3036 RMK AO2 SLP289 T10331100,null
CVG,2024-12-02 16:52,29,13,50.72,290,6,0,30.34,1028.3,10,null,CLR,null,null,null,null,null,null,null,null,null,null,null,null,null,null,21.92,KCVG 021652Z 29006KT 10SM CLR M02/M11 A3034 RMK AO2 SLP283 T10171106,null
CVG,2024-12-02 17:52,31,14,48.85,290,7,0,30.32,1027.5,10,null,CLR,null,null,null,null,null,null,null,null,null,null,null,null,null,null,23.56,KCVG 021752Z 29007KT 10SM CLR M01/M10 A3032 RMK AO2 SLP275 T10061100 11006 21089 58013,null
CVG,2024-12-02 18:52,32,15,49.02,280,6,0,30.3,1026.8,10,null,FEW,null,null,null,11000,null,null,null,null,null,null,null,null,null,null,25.53,KCVG 021852Z 28006KT 10SM FEW110 00/M09 A3030 RMK AO2 SLP268 T00001094,null
CVG,2024-12-02 19:52,31,15,51.04,290,7,0,30.29,1026.7,10,null,FEW,null,null,null,10000,null,null,null,null,null,null,null,null,null,null,23.56,KCVG 021952Z 29007KT 10SM FEW100 M01/M09 A3029 RMK AO2 SLP267 T10061094,null
CVG,2024-12-02 20:52,31,15,51.04,290,6,0,30.3,1027,10,null,BKN,OVC,null,null,10000,12000,null,null,null,null,null,null,null,null,null,24.33,KCVG 022052Z 29006KT 10SM BKN100 OVC120 M01/M09 A3030 RMK AO2 SLP270 T10061094 55005,null
CVG,2024-12-02 21:52,30,15,53.15,270,8,0,30.32,1027.8,10,null,FEW,BKN,OVC,null,5000,7000,8000,null,null,null,null,null,null,null,null,21.65,KCVG 022152Z 27008KT 10SM FEW050 BKN070 OVC080 M01/M09 A3032 RMK AO2 SLP278 T10111094,null
CVG,2024-12-02 22:21,28,18,65.69,300,9,T,30.34,null,3,null,OVC,null,null,null,3800,null,null,null,#NAME?,null,null,null,null,null,null,18.54,KCVG 022221Z 30009KT 3SM -SN OVC038 M02/M08 A3034 RMK AO2 SFC VIS 4 SNB20 P0000 T10221078,null
CVG,2024-12-02 22:30,27,19,71.45,300,10,T,30.34,null,2,null,OVC,null,null,null,3400,null,null,null,#NAME?,null,null,null,null,null,null,16.7,KCVG 022230Z 30010KT 2SM -SN OVC034 M03/M07 A3034 RMK AO2 SFC VIS 4 SNB20 P0000 T10281072,null
CVG,2024-12-02 22:52,26,20,77.71,310,9,T,30.35,1028.7,2,null,BKN,OVC,null,null,3000,4000,null,null,#NAME?,null,null,null,null,null,null,16.05,KCVG 022252Z 31009KT 2SM -SN BKN030 OVC040 M03/M07 A3035 RMK AO2 SFC VIS 2 1/2 SNB20 SLP287 P0000 T10331067,null
CVG,2024-12-02 23:52,25,22,88.18,310,7,0.01,30.36,1029.3,2,null,FEW,BKN,OVC,null,3000,4200,6000,null,#NAME?,null,null,null,null,null,null,16.25,KCVG 022352Z 31007KT 2SM -SN BR FEW030 BKN042 OVC060 M04/M06 A3036 RMK AO2 SFC VIS 4 SLP293 P0001 60001 T10391056 10000 21039 51020,null
CVG,2024-12-03 0:22,25,22,88.18,300,7,T,30.37,null,2,null,FEW,OVC,null,null,900,4900,null,null,#NAME?,null,null,null,null,null,null,16.25,KCVG 030022Z 30007KT 2SM -SN BR FEW009 OVC049 M04/M06 A3037 RMK AO2 SFC VIS 2 1/2 P0000 T10391056,null
CVG,2024-12-03 0:52,25,21,84.53,300,6,T,30.37,1029.7,2,null,FEW,BKN,OVC,null,900,3000,5000,null,#NAME?,null,null,null,null,null,null,17.1,KCVG 030052Z 30006KT 2SM -SN FEW009 BKN030 OVC050 M04/M06 A3037 RMK AO2 SFC VIS 7 SLP297 P0000 T10391061,null
CVG,2024-12-03 1:01,24,21,88.13,320,6,T,30.38,null,8,null,OVC,null,null,null,4100,null,null,null,null,null,null,null,null,null,null,15.9,KCVG 030101Z 32006KT 8SM OVC041 M04/M06 A3038 RMK AO2 SNE0055 P0000 T10441061,null
CVG,2024-12-03 1:52,23,21,91.9,300,7,0.01,30.39,1030,8,null,FEW,SCT,SCT,null,2500,3700,14000,null,null,null,null,null,null,null,null,13.81,KCVG 030152Z 30007KT 8SM FEW025 SCT037 SCT140 M05/M06 A3039 RMK AO2 SNE0055 SLP300 P0001 T10501061,null
CVG,2024-12-03 2:52,22,20,91.87,310,7,0,30.4,1030.4,10,null,SCT,null,null,null,3000,null,null,null,null,null,null,null,null,null,null,12.59,KCVG 030252Z 31007KT 10SM SCT030 M06/M07 A3040 RMK AO2 SLP304 60001 T10561067 51012,null
CVG,2024-12-03 3:24,23,20,88.08,320,8,0,30.4,null,10,null,BKN,null,null,null,1600,null,null,null,null,null,null,null,null,null,null,13.03,KCVG 030324Z 32008KT 10SM BKN016 M05/M07 A3040 RMK AO2 BKN V OVC T10501067,null
CVG,2024-12-03 3:52,24,20,84.46,300,9,0,30.41,1030.8,10,null,FEW,OVC,null,null,1200,1900,null,null,null,null,null,null,null,null,null,13.57,KCVG 030352Z 30009KT 10SM FEW012 OVC019 M04/M07 A3041 RMK AO2 SLP308 BINOVC OHD T10441067,null
CVG,2024-12-03 4:52,24,21,88.13,300,8,0,30.42,1031.1,10,null,FEW,OVC,null,null,1300,1800,null,null,null,null,null,null,null,null,null,14.26,KCVG 030452Z 30008KT 10SM FEW013 OVC018 M04/M06 A3042 RMK AO2 SLP311 T10441061 400001089,null
CVG,2024-12-03 5:52,24,19,80.93,300,10,0,30.43,1031.5,10,null,OVC,null,null,null,1600,null,null,null,null,null,null,null,null,null,null,12.94,KCVG 030552Z 30010KT 10SM OVC016 M04/M07 A3043 RMK AO2 SLP315 60001 T10441072 11039 21056 51012,null
CVG,2024-12-03 6:52,23,19,84.39,320,8,0,30.45,1032.1,10,null,BKN,OVC,null,null,1700,2100,null,null,null,null,null,null,null,null,null,13.03,KCVG 030652Z 32008KT 10SM BKN017 OVC021 M05/M07 A3045 RMK AO2 SLP321 T10501072,null
CVG,2024-12-03 7:45,23,18,80.85,300,8,T,30.46,null,10,null,BKN,null,null,null,1600,null,null,null,#NAME?,null,null,null,null,null,null,13.03,KCVG 030745Z 30008KT 10SM -SN BKN016 M05/M08 A3046 RMK AO2 SNB45 P0000 T10501078,null
CVG,2024-12-03 7:52,22,17,80.77,290,9,T,30.46,1032.2,9,null,BKN,null,null,null,1500,null,null,null,#NAME?,null,null,null,null,null,null,11.08,KCVG 030752Z 29009KT 9SM -SN BKN015 M06/M08 A3046 RMK AO2 SNB45 SLP322 P0000 T10561083,null
CVG,2024-12-03 8:28,21,17,84.26,300,8,T,30.46,null,10,null,BKN,null,null,null,1500,null,null,null,null,null,null,null,null,null,null,10.56,KCVG 030828Z 30008KT 10SM BKN015 M06/M08 A3046 RMK AO2 SNE28 P0000 T10611083,null
CVG,2024-12-03 8:52,22,17,80.77,300,7,T,30.47,1032.6,10,null,OVC,null,null,null,1500,null,null,null,null,null,null,null,null,null,null,12.59,KCVG 030852Z 30007KT 10SM OVC015 M06/M08 A3047 RMK AO2 SNE28 SLP326 P0000 60000 T10561083 51011,null
CVG,2024-12-03 9:02,22,17,80.77,300,7,0,30.47,null,10,null,OVC,null,null,null,1400,null,null,null,null,null,null,null,null,null,null,12.59,KCVG 030902Z 30007KT 10SM OVC014 M06/M08 A3047 RMK AO2 T10561083,null
CVG,2024-12-03 9:52,22,17,80.77,280,9,0,30.48,1033.1,10,null,OVC,null,null,null,1300,null,null,null,null,null,null,null,null,null,null,11.08,KCVG 030952Z 28009KT 10SM OVC013 M06/M08 A3048 RMK AO2 SLP331 T10561083,null
CVG,2024-12-03 10:18,21,17,84.26,280,8,0,30.48,null,9,null,SCT,null,null,null,1300,null,null,null,null,null,null,null,null,null,null,10.56,KCVG 031018Z 28008KT 9SM SCT013 M06/M08 A3048 RMK AO2 T10611083,null
CVG,2024-12-03 10:32,20,16,84.19,270,7,0,30.49,null,9,null,BKN,null,null,null,1300,null,null,null,null,null,null,null,null,null,null,10.15,KCVG 031032Z 27007KT 9SM BKN013 M07/M09 A3049 RMK AO2 BKN V OVC T10671089,null
CVG,2024-12-03 10:52,20,17,87.92,270,7,0,30.49,1033.5,9,null,OVC,null,null,null,1300,null,null,null,null,null,null,null,null,null,null,10.15,KCVG 031052Z 27007KT 9SM OVC013 M07/M08 A3049 RMK AO2 SLP335 BINOVC OHD T10671083,null
CVG,2024-12-03 11:52,21,18,87.97,280,6,0,30.5,1034,9,null,OVC,null,null,null,1200,null,null,null,null,null,null,null,null,null,null,12.28,KCVG 031152Z 28006KT 9SM OVC012 M06/M08 A3050 RMK AO2 SLP340 60000 70002 T10611078 11044 21067 53011,null
CVG,2024-12-03 12:44,22,18,84.33,290,9,T,30.52,null,7,null,OVC,null,null,null,1100,null,null,null,#NAME?,null,null,null,null,null,null,11.08,KCVG 031244Z 29009KT 7SM -SN OVC011 M06/M08 A3052 RMK AO2 SNB43 P0000 T10561078,null
CVG,2024-12-03 12:52,22,18,84.33,260,6,T,30.52,1034.3,5,null,OVC,null,null,null,1100,null,null,null,#NAME?,null,null,null,null,null,null,13.49,KCVG 031252Z 26006KT 5SM -SN BR OVC011 M06/M08 A3052 RMK AO2 SNB43 SLP343 P0000 T10561078,null
CVG,2024-12-03 13:43,22,18,84.33,260,6,T,30.53,null,7,null,OVC,null,null,null,1100,null,null,null,null,null,null,null,null,null,null,13.49,KCVG 031343Z 26006KT 7SM OVC011 M06/M08 A3053 RMK AO2 SNE43 P0000 T10561078,null
CVG,2024-12-03 13:52,22,18,84.33,260,5,T,30.53,1034.9,7,null,OVC,null,null,null,1100,null,null,null,null,null,null,null,null,null,null,14.52,KCVG 031352Z 26005KT 7SM OVC011 M06/M08 A3053 RMK AO2 SNE43 SLP349 P0000 T10561078,null
CVG,2024-12-03 14:52,23,18,80.85,270,7,0,30.55,1035.5,8,null,OVC,null,null,null,1100,null,null,null,null,null,null,null,null,null,null,13.81,KCVG 031452Z 27007KT 8SM OVC011 M05/M08 A3055 RMK AO2 SLP355 60000 T10501078 53015,null
CVG,2024-12-03 15:52,23,19,84.39,260,7,0,30.55,1035.5,8,null,OVC,null,null,null,1200,null,null,null,null,null,null,null,null,null,null,13.81,KCVG 031552Z 26007KT 8SM OVC012 M05/M07 A3055 RMK AO2 SLP355 T10501072,null
CVG,2024-12-03 16:52,24,19,80.93,260,6,0,30.53,1034.9,10,null,OVC,null,null,null,1300,null,null,null,null,null,null,null,null,null,null,15.9,KCVG 031652Z 26006KT 10SM OVC013 M04/M07 A3053 RMK AO2 SLP349 T10441072,null
CVG,2024-12-03 17:33,24,18,77.53,260,8,0,30.52,null,10,null,OVC,null,null,null,1500,null,null,null,null,null,null,null,null,null,null,14.26,KCVG 031733Z 26008KT 10SM OVC015 M04/M08 A3052 RMK AO2 T10441078,null
CVG,2024-12-03 17:52,25,18,74.36,250,7,0,30.51,1034.3,10,null,OVC,null,null,null,1500,null,null,null,null,null,null,null,null,null,null,16.25,KCVG 031752Z 25007KT 10SM OVC015 M04/M08 A3051 RMK AO2 SLP343 BINOVC 60000 T10391078 11039 21061 58011,null
CVG,2024-12-03 18:52,27,19,71.45,230,5,0,30.49,1033.4,10,null,BKN,null,null,null,1700,null,null,null,null,null,null,null,null,null,null,20.46,KCVG 031852Z 23005KT 10SM BKN017 M03/M07 A3049 RMK AO2 SLP334 T10281072,null
CVG,2024-12-03 19:52,29,19,65.81,260,8,0,30.48,1033.2,10,null,BKN,null,null,null,2100,null,null,null,null,null,null,null,null,null,null,20.42,KCVG 031952Z 26008KT 10SM BKN021 M02/M07 A3048 RMK AO2 SLP332 T10171072,null
CVG,2024-12-03 20:52,27,18,68.45,260,7,0,30.47,1032.8,10,null,BKN,null,null,null,2300,null,null,null,null,null,null,null,null,null,null,18.68,KCVG 032052Z 26007KT 10SM BKN023 M03/M08 A3047 RMK AO2 SLP328 T10281078 56014,null
CVG,2024-12-03 21:52,27,19,71.45,230,5,0,30.46,1032.3,10,null,FEW,FEW,null,null,2300,25000,null,null,null,null,null,null,null,null,null,20.46,KCVG 032152Z 23005KT 10SM FEW023 FEW250 M03/M07 A3046 RMK AO2 SLP323 T10281072,null
CVG,2024-12-03 22:52,25,18,74.36,230,6,0,30.45,1032.2,10,null,FEW,null,null,null,2500,null,null,null,null,null,null,null,null,null,null,17.1,KCVG 032252Z 23006KT 10SM FEW025 M04/M08 A3045 RMK AO2 SLP322 T10391078,null
CVG,2024-12-03 23:52,24,18,77.53,230,3,0,30.43,1031.5,10,null,FEW,null,null,null,25000,null,null,null,null,null,null,null,null,null,null,19.54,KCVG 032352Z 23003KT 10SM FEW250 M04/M08 A3043 RMK AO2 SLP315 T10441078 11011 21044 58013,null
CVG,2024-12-04 0:52,22,17,80.77,200,3,0,30.41,1030.9,10,null,FEW,null,null,null,25000,null,null,null,null,null,null,null,null,null,null,17.26,KCVG 040052Z 20003KT 10SM FEW250 M06/M08 A3041 RMK AO2 SLP309 T10561083,null
CVG,2024-12-04 1:52,21,18,87.97,200,4,0,30.39,1030.1,9,null,FEW,null,null,null,25000,null,null,null,null,null,null,null,null,null,null,14.57,KCVG 040152Z 20004KT 9SM FEW250 M06/M08 A3039 RMK AO2 SLP301 T10611078,null
CVG,2024-12-04 2:52,20,18,91.79,190,5,0,30.37,1029.5,9,null,FEW,null,null,null,25000,null,null,null,null,null,null,null,null,null,null,12.14,KCVG 040252Z 19005KT 9SM FEW250 M07/M08 A3037 RMK AO2 SLP295 T10671078 56019,null
CVG,2024-12-04 3:52,23,18,80.85,190,7,0,30.36,1029,10,null,BKN,null,null,null,20000,null,null,null,null,null,null,null,null,null,null,13.81,KCVG 040352Z 19007KT 10SM BKN200 M05/M08 A3036 RMK AO2 SLP290 T10501078,null
CVG,2024-12-04 4:52,22,17,80.77,200,8,0,30.33,1028.2,10,null,FEW,null,null,null,20000,null,null,null,null,null,null,null,null,null,null,11.79,KCVG 040452Z 20008KT 10SM FEW200 M06/M08 A3033 RMK AO2 SLP282 T10561083 410111072,null
CVG,2024-12-04 5:52,22,17,80.77,200,8,0,30.32,1027.7,10,null,SCT,null,null,null,1500,null,null,null,null,null,null,null,null,null,null,11.79,KCVG 040552Z 20008KT 10SM SCT015 M06/M08 A3032 RMK AO2 SLP277 SCT V BKN T10561083 11050 21072 56016,null
CVG,2024-12-04 6:10,22,17,80.77,200,7,0,30.32,null,10,null,BKN,null,null,null,1700,null,null,null,null,null,null,null,null,null,null,12.59,KCVG 040610Z 20007KT 10SM BKN017 M06/M08 A3032 RMK AO2 T10561083,null
CVG,2024-12-04 6:17,22,17,80.77,200,8,0,30.31,null,10,null,SCT,null,null,null,1700,null,null,null,null,null,null,null,null,null,null,11.79,KCVG 040617Z 20008KT 10SM SCT017 M06/M08 A3031 RMK AO2 SCT V FEW T10561083,null
CVG,2024-12-04 6:52,21,17,84.26,200,7,0,30.29,1026.5,10,null,FEW,null,null,null,1600,null,null,null,null,null,null,null,null,null,null,11.37,KCVG 040652Z 20007KT 10SM FEW016 M06/M08 A3029 RMK AO2 SLP265 T10611083,null
CVG,2024-12-04 7:52,21,17,84.26,190,9,0,30.26,1025.5,10,null,CLR,null,null,null,null,null,null,null,null,null,null,null,null,null,null,9.84,KCVG 040752Z 19009KT 10SM CLR M06/M08 A3026 RMK AO2 SLP255 T10611083,null
CVG,2024-12-04 8:52,20,17,87.92,180,9,0,30.22,1024.4,10,null,CLR,null,null,null,null,null,null,null,null,null,null,null,null,null,null,8.59,KCVG 040852Z 18009KT 10SM CLR M07/M08 A3022 RMK AO2 SLP244 T10671083 56033,null
CVG,2024-12-04 9:52,22,18,84.33,180,11,0,30.18,1023,10,null,OVC,null,null,null,5500,null,null,null,null,null,null,null,null,null,null,9.83,KCVG 040952Z 18011KT 10SM OVC055 M06/M08 A3018 RMK AO2 SLP230 T10561078,null
CVG,2024-12-04 10:52,23,19,84.39,180,13,0,30.15,1021.8,10,null,OVC,null,null,null,4000,null,null,null,null,null,null,null,null,null,null,10.04,KCVG 041052Z 18013KT 10SM OVC040 M05/M07 A3015 RMK AO2 SLP218 T10501072,null
CVG,2024-12-04 11:52,24,20,84.46,190,11,0,30.1,1020.3,10,null,OVC,null,null,null,4600,null,null,null,null,null,null,null,null,null,null,12.36,KCVG 041152Z 19011KT 10SM OVC046 M04/M07 A3010 RMK AO2 SLP203 T10441067 11044 21067 58040,null
CVG,2024-12-04 12:52,26,20,77.71,200,13,0,30.05,1018.6,10,20,OVC,null,null,null,4300,null,null,null,null,null,null,null,null,null,null,13.88,KCVG 041252Z 20013G20KT 10SM OVC043 M03/M07 A3005 RMK AO2 SLP186 T10331067,null
CVG,2024-12-04 13:52,28,20,71.56,200,14,0,30.03,1017.6,10,21,BKN,BKN,null,null,4500,5500,null,null,null,null,null,null,null,null,null,16.01,KCVG 041352Z 20014G21KT 10SM BKN045 BKN055 M02/M07 A3003 RMK AO2 SLP176 T10221067,null
CVG,2024-12-04 14:52,34,21,58.56,210,11,0,30,1016.6,10,22,BKN,null,null,null,5500,null,null,null,null,null,null,null,26,210,2024-12-04 14:16,24.99,KCVG 041452Z 21011G22KT 10SM BKN055 01/M06 A3000 RMK AO2 PK WND 21026/1416 SLP166 T00111061 56035,null
CVG,2024-12-04 15:52,36,22,56.42,210,14,0,29.97,1015.4,10,25,BKN,BKN,null,null,6000,25000,null,null,null,null,null,null,26,190,2024-12-04 14:55,26.32,KCVG 041552Z 21014G25KT 10SM BKN060 BKN250 02/M06 A2997 RMK AO2 PK WND 19026/1455 SLP154 T00221056,null
CVG,2024-12-04 16:52,39,24,54.54,210,14,0,29.91,1013.6,10,22,SCT,SCT,BKN,null,3900,4600,25000,null,null,null,null,null,27,200,2024-12-04 16:18,30.19,KCVG 041652Z 21014G22KT 10SM SCT039 SCT046 BKN250 04/M04 A2991 RMK AO2 PK WND 20027/1618 PRESFR SLP136 T00391044,null
CVG,2024-12-04 17:52,45,27,49.02,220,17,0,29.87,1011.9,10,30,FEW,BKN,BKN,null,4200,6000,25000,null,null,null,null,null,30,210,2024-12-04 17:45,37.11,KCVG 041752Z 22017G30KT 10SM FEW042 BKN060 BKN250 07/M03 A2987 RMK AO2 PK WND 21030/1745 SLP119 T00721028 10072 21039 58043,null
CVG,2024-12-04 18:52,45,29,53.22,230,14,0,29.82,1010.3,10,32,FEW,SCT,BKN,null,4800,7500,25000,null,null,null,null,null,34,230,2024-12-04 18:26,37.92,KCVG 041852Z 23014G32KT 10SM FEW048 SCT075 BKN250 07/M02 A2982 RMK AO2 PK WND 23034/1826 SLP103 T00721017,null
CVG,2024-12-04 19:52,46,30,53.37,230,15,0,29.79,1009.2,10,25,BKN,null,null,null,7000,null,null,null,null,null,null,null,36,230,2024-12-04 19:15,38.93,KCVG 041952Z 23015G25KT 10SM BKN070 08/M01 A2979 RMK AO2 PK WND 23036/1915 SLP092 T00781011,null
CVG,2024-12-04 20:52,47,31,53.52,240,13,0,29.77,1008.4,10,27,BKN,null,null,null,10000,null,null,null,null,null,null,null,33,230,2024-12-04 20:13,40.79,KCVG 042052Z 24013G27KT 10SM BKN100 08/M01 A2977 RMK AO2 PK WND 23033/2013 SLP084 T00831006 56034,null
CVG,2024-12-04 21:52,47,31,53.52,240,15,0,29.77,1008.3,10,26,SCT,BKN,null,null,4000,9000,null,null,null,null,null,null,26,230,2024-12-04 21:49,40.23,KCVG 042152Z 24015G26KT 10SM SCT040 BKN090 08/M01 A2977 RMK AO2 PK WND 23026/2149 SLP083 T00831006,null
CVG,2024-12-04 22:52,46,32,57.87,230,13,0,29.76,1008.2,10,23,OVC,null,null,null,4100,null,null,null,null,null,null,null,31,230,2024-12-04 22:14,39.5,KCVG 042252Z 23013G23KT 10SM OVC041 08/00 A2976 RMK AO2 PK WND 23031/2214 SLP082 T00780000,null
CVG,2024-12-04 23:52,46,31,55.58,230,14,0,29.75,1007.8,10,27,OVC,null,null,null,4200,null,null,null,null,null,null,null,27,230,2024-12-04 23:43,39.21,KCVG 042352Z 23014G27KT 10SM OVC042 08/M01 A2975 RMK AO2 PK WND 23027/2343 SLP078 T00781006 10083 20067 58006,null
CVG,2024-12-05 0:52,47,32,55.73,230,12,0,29.74,1007.3,10,26,OVC,null,null,null,3800,null,null,null,null,null,null,null,29,230,2024-12-05 0:16,41.09,KCVG 050052Z 23012G26KT 10SM OVC038 08/00 A2974 RMK AO2 PK WND 23029/0016 SLP073 T00830000,null
CVG,2024-12-05 1:52,47,33,58.01,230,17,0,29.72,1006.6,10,27,BKN,OVC,null,null,5000,6000,null,null,null,null,null,null,32,220,2024-12-05 1:41,39.73,KCVG 050152Z 23017G27KT 10SM BKN050 OVC060 08/01 A2972 RMK AO2 PK WND 22032/0141 SLP066 T00830006,null
CVG,2024-12-05 2:52,43,37,79.19,280,11,0.02,29.72,1006.6,7,27,BKN,OVC,null,null,3200,4000,null,null,#NAME?,null,null,null,29,230,2024-12-05 1:59,36.37,KCVG 050252Z 28011G27KT 7SM -RA BKN032 OVC040 06/03 A2972 RMK AO2 PK WND 23029/0159 RAB22 SLP066 P0002 60002 T00610028 55009,null
CVG,2024-12-05 3:31,42,38,85.6,300,16,0.02,29.73,null,10,24,OVC,null,null,null,2800,null,null,null,#NAME?,null,null,null,null,null,null,33.45,KCVG 050331Z 30016G24KT 10SM -RA OVC028 06/03 A2973 RMK AO2 P0002 T00560033,null
CVG,2024-12-05 3:52,40,36,85.48,280,19,0.02,29.73,1007.2,10,30,FEW,BKN,OVC,null,1500,2700,3400,null,#NAME?,null,null,null,30,280,2024-12-05 3:47,30.02,KCVG 050352Z 28019G30KT 10SM -RA FEW015 BKN027 OVC034 04/02 A2973 RMK AO2 PK WND 28030/0347 SLP072 BKN V SCT P0002 T00440022,null
CVG,2024-12-05 4:01,41,35,79.02,270,16,T,29.73,null,10,27,SCT,BKN,OVC,null,2800,4200,6000,null,null,null,null,null,26,270,2024-12-05 3:53,32.15,KCVG 050401Z 27016G27KT 10SM SCT028 BKN042 OVC060 05/02 A2973 RMK AO2 PK WND 27026/0353 RAE0359 P0000 T00500017,null
CVG,2024-12-05 4:52,42,31,64.75,270,16,T,29.72,1006.5,10,30,OVC,null,null,null,8500,null,null,null,null,null,null,null,30,250,2024-12-05 4:44,33.45,KCVG 050452Z 27016G30KT 10SM OVC085 06/M01 A2972 RMK AO2 PK WND 25030/0444 RAE0359 SLP065 BINOVC E-SE P0000 T00561006 400831067,null
CVG,2024-12-05 5:33,36,29,75.46,320,31,T,29.75,null,3,51,FEW,BKN,OVC,null,2900,4400,5500,null,#NAME?,null,null,null,51,310,2024-12-05 5:30,22.01,KCVG 050533Z COR 32031G51KT 3SM -SN FEW029 BKN044 OVC055 02/M02 A2975 RMK AO2 PK WND 31051/0530 RAB29E32SNB32 PRESRR WSHFT 0527 FROPA P0000 T00221017,null
CVG,2024-12-05 5:46,32,26.6,80.22,320,25,T,29.77,null,2.5,41,SCT,OVC,null,null,2900,4500,null,null,#NAME?,null,null,null,51,310,2024-12-05 5:30,17.81,KCVG 050546Z 32025G41KT 2 1/2SM -SN SCT029 OVC045 00/M03 A2977 RMK AO2 TWR VIS 3 RAB29E32SNB32 CIG 032 36R PRESRR PK WND 31051/0530 WSHFT 0527 FROPA P0000,null
CVG,2024-12-05 5:52,32,26,78.25,310,28,T,29.78,1008.8,2,41,FEW,SCT,OVC,null,1800,2400,4000,null,#NAME?,null,null,null,51,310,2024-12-05 5:30,17.12,KCVG 050552Z 31028G41KT 2SM -SN FEW018 SCT024 OVC040 00/M03 A2978 RMK AO2 TWR VIS 3 RAB29E32SNB32 SLP088 PK WND 31051/0530 WSHFT 0527 FROPA P0000 60004 T00001033 10083 20000 53021,null
CVG,2024-12-05 6:07,31,26,81.48,300,19,T,29.81,null,1.5,40,FEW,BKN,OVC,null,1800,2400,3600,null,#NAME?,null,null,null,40,300,2024-12-05 6:00,18.11,KCVG 050607Z 30019G40KT 1 1/2SM -SN FEW018 BKN024 OVC036 M01/M03 A2981 RMK AO2 PK WND 30040/0600 TWR VIS 3 P0000 T10061033,null
CVG,2024-12-05 6:16,30,26,84.85,300,15,0.01,29.8,null,3,25,FEW,BKN,OVC,null,1700,2400,5500,null,#NAME?,null,null,null,40,300,2024-12-05 6:00,18.19,KCVG 050616Z 30015G25KT 3SM -SN BR FEW017 BKN024 OVC055 M01/M03 A2980 RMK AO2 PK WND 30040/0600 P0001 T10111033,null
CVG,2024-12-05 6:22,31,26,81.48,300,16,0.01,29.8,null,8,24,SCT,BKN,OVC,null,2300,3800,8000,null,#NAME?,null,null,null,40,300,2024-12-05 6:00,19.11,KCVG 050622Z 30016G24KT 8SM -SN SCT023 BKN038 OVC080 M01/M03 A2980 RMK AO2 PK WND 30040/0600 BINOVC OHD P0001 T10061033 $,null
CVG,2024-12-05 6:52,30,18,60.53,300,26,0.01,29.82,1010,10,40,SCT,SCT,null,null,4500,7500,null,null,null,null,null,null,40,300,2024-12-05 6:00,14.86,KCVG 050652Z 30026G40KT 10SM SCT045 SCT075 M01/M08 A2982 RMK AO2 PK WND 30040/0600 SNE51 SLP100 P0001 T10111078 $,null
CVG,2024-12-05 7:52,27,17,65.56,300,20,0,29.88,1012.1,10,32,FEW,FEW,null,null,4500,7000,null,null,null,null,null,null,36,330,2024-12-05 7:30,12.5,KCVG 050752Z 30020G32KT 10SM FEW045 FEW070 M03/M08 A2988 RMK AO2 PK WND 33036/0730 PRESRR SLP121 T10281083 $,null
CVG,2024-12-05 8:52,23,8,52.04,280,24,0,29.94,1014.2,10,34,FEW,FEW,null,null,3800,25000,null,null,null,null,null,null,40,300,2024-12-05 8:00,5.92,KCVG 050852Z 28024G34KT 10SM FEW038 FEW250 M05/M13 A2994 RMK AO2 PK WND 30040/0800 SLP142 60001 T10501133 53050 $,null
CVG,2024-12-05 9:52,21,11,64.77,290,20,T,29.99,1016.1,10,27,SCT,BKN,BKN,null,3300,4200,25000,null,#NAME?,null,null,null,34,300,2024-12-05 9:03,4.53,KCVG 050952Z 29020G27KT 10SM -SN SCT033 BKN042 BKN250 M06/M12 A2999 RMK AO2 PK WND 30034/0903 SNB51 SLP161 P0000 T10611117 $,null
CVG,2024-12-05 10:03,20,10,64.64,290,21,T,30,null,10,32,FEW,SCT,SCT,null,3300,4100,25000,null,null,null,null,null,32,290,2024-12-05 10:02,2.85,KCVG 051003Z 29021G32KT 10SM FEW033 SCT041 SCT250 M07/M12 A3000 RMK AO2 PK WND 29032/1002 SNE03 P0000 T10671122 $,null
CVG,2024-12-05 10:52,18,8,64.37,300,17,T,30.04,1017.9,10,27,FEW,FEW,null,null,2600,3100,null,null,null,null,null,null,32,290,2024-12-05 10:02,1.73,KCVG 051052Z 30017G27KT 10SM FEW026 FEW031 M08/M13 A3004 RMK AO2 PK WND 29032/1002 SNE03 SLP179 P0000 T10781133 $,null
CVG,2024-12-05 11:52,17,8,67.2,310,19,0,30.1,1020,10,28,OVC,null,null,null,3000,null,null,null,null,null,null,null,31,320,2024-12-05 10:58,-0.4,KCVG 051152Z 31019G28KT 10SM OVC030 M08/M13 A3010 RMK AO2 PK WND 32031/1058 SLP200 60001 70005 T10831133 10000 21083 53055 $,null
CVG,2024-12-05 12:44,16,6,64.09,300,20,0,30.14,null,10,27,BKN,null,null,null,2900,null,null,null,null,null,null,null,29,300,2024-12-05 12:23,-2.11,KCVG 051244Z 30020G27KT 10SM BKN029 M09/M14 A3014 RMK AO2 PK WND 30029/1223 T10891144 $,null
CVG,2024-12-05 12:52,16,7,67.07,300,13,0,30.15,1021.5,10,28,BKN,null,null,null,2900,null,null,null,null,null,null,null,29,300,2024-12-05 12:23,1.07,KCVG 051252Z 30013G28KT 10SM BKN029 M09/M14 A3015 RMK AO2 PK WND 30029/1223 SLP215 T10891139,null
CVG,2024-12-05 13:52,16,6,64.09,290,15,0,30.19,1023,10,22,SCT,null,null,null,2800,null,null,null,null,null,null,null,28,300,2024-12-05 13:27,0.04,KCVG 051352Z 29015G22KT 10SM SCT028 M09/M14 A3019 RMK AO2 PK WND 30028/1327 SLP230 T10891144,null
CVG,2024-12-05 14:52,18,6,58.79,310,17,0,30.23,1024.4,10,22,FEW,null,null,null,2500,null,null,null,null,null,null,null,null,null,null,1.73,KCVG 051452Z 31017G22KT 10SM FEW025 M08/M14 A3023 RMK AO2 SLP244 T10781144 51042,null
CVG,2024-12-05 15:52,19,7,58.94,280,15,0,30.26,1025.6,10,22,FEW,null,null,null,2800,null,null,null,null,null,null,null,null,null,null,3.93,KCVG 051552Z 28015G22KT 10SM FEW028 M07/M14 A3026 RMK AO2 SLP256 T10721139,null
CVG,2024-12-05 16:52,21,7,54.12,280,15,0,30.28,1025.8,10,null,FEW,null,null,null,3000,null,null,null,null,null,null,null,null,null,null,6.52,KCVG 051652Z 28015KT 10SM FEW030 M06/M14 A3028 RMK AO2 SLP258 T10611139,null
CVG,2024-12-05 17:52,22,7,51.88,290,16,0,30.27,1026,10,21,FEW,null,null,null,3400,null,null,null,null,null,null,null,null,null,null,7.38,KCVG 051752Z 29016G21KT 10SM FEW034 M06/M14 A3027 RMK AO2 SLP260 T10561139 11056 21089 50015,null
CVG,2024-12-05 18:52,23,7,49.74,280,11,0,30.28,1026.3,10,20,CLR,null,null,null,null,null,null,null,null,null,null,null,null,null,null,11.09,KCVG 051852Z 28011G20KT 10SM CLR M05/M14 A3028 RMK AO2 SLP263 T10501139,null
CVG,2024-12-05 19:52,24,7,47.7,320,16,0,30.29,1026.7,10,null,CLR,null,null,null,null,null,null,null,null,null,null,null,null,null,null,9.99,KCVG 051952Z 32016KT 10SM CLR M04/M14 A3029 RMK AO2 SLP267 T10441139,null
CVG,2024-12-05 20:52,24,7,47.7,300,13,0,30.3,1027.1,10,null,CLR,null,null,null,null,null,null,null,null,null,null,null,null,null,null,11.32,KCVG 052052Z 30013KT 10SM CLR M04/M14 A3030 RMK AO2 SLP271 T10441139 53010,null
CVG,2024-12-05 21:52,22,8,54.28,280,12,0,30.33,1028,10,null,CLR,null,null,null,null,null,null,null,null,null,null,null,null,null,null,9.27,KCVG 052152Z 28012KT 10SM CLR M06/M13 A3033 RMK AO2 SLP280 T10561133,null
CVG,2024-12-05 22:52,20,9,61.8,290,10,0,30.35,1029.1,10,null,CLR,null,null,null,null,null,null,null,null,null,null,null,null,null,null,7.92,KCVG 052252Z 29010KT 10SM CLR M07/M13 A3035 RMK AO2 SLP291 T10671128,null
CVG,2024-12-05 23:52,21,9,59.23,290,11,0,30.37,1029.7,10,null,OVC,null,null,null,3100,null,null,null,null,null,null,null,null,null,null,8.57,KCVG 052352Z 29011KT 10SM OVC031 M06/M13 A3037 RMK AO2 SLP297 T10611128 11044 21072 51022,null
CVG,2024-12-06 0:52,18,9,67.33,260,5,0,30.37,1029.9,10,null,CLR,null,null,null,null,null,null,null,null,null,null,null,null,null,null,9.77,KCVG 060052Z 26005KT 10SM CLR M08/M13 A3037 RMK AO2 SLP299 T10781128,null
CVG,2024-12-06 1:52,17,9,70.3,270,7,0,30.39,1030.3,10,null,CLR,null,null,null,null,null,null,null,null,null,null,null,null,null,null,6.5,KCVG 060152Z 27007KT 10SM CLR M08/M13 A3039 RMK AO2 SLP303 T10831128,null
CVG,2024-12-06 2:52,17,9,70.3,250,3,0,30.37,1029.8,10,null,CLR,null,null,null,null,null,null,null,null,null,null,null,null,null,null,11.54,KCVG 060252Z 25003KT 10SM CLR M08/M13 A3037 RMK AO2 SLP298 T10831128 50001,null
CVG,2024-12-06 3:52,17,9,70.3,240,4,0,30.37,1029.5,10,null,FEW,null,null,null,4900,null,null,null,null,null,null,null,null,null,null,9.9,KCVG 060352Z 24004KT 10SM FEW049 M08/M13 A3037 RMK AO2 SLP295 T10831128,null
CVG,2024-12-06 4:52,16,9,73.41,250,3,0,30.38,1029.9,10,null,SCT,null,null,null,3500,null,null,null,null,null,null,null,null,null,null,10.4,KCVG 060452Z 25003KT 10SM SCT035 M09/M13 A3038 RMK AO2 SLP299 T10891128 400611089,null
CVG,2024-12-06 5:52,16,9,73.41,250,5,0,30.37,1029.8,10,null,FEW,FEW,null,null,2600,3700,null,null,null,null,null,null,null,null,null,7.39,KCVG 060552Z 25005KT 10SM FEW026 FEW037 M09/M13 A3037 RMK AO2 SLP298 T10891128 11061 21094 53000,null
CVG,2024-12-06 6:52,15,9,76.68,240,4,0,30.37,1029.8,10,null,CLR,null,null,null,null,null,null,null,null,null,null,null,null,null,null,7.57,KCVG 060652Z 24004KT 10SM CLR M09/M13 A3037 RMK AO2 SLP298 T10941128,null
CVG,2024-12-06 7:52,14,8,76.58,240,5,0,30.37,1029.8,10,null,CLR,null,null,null,null,null,null,null,null,null,null,null,null,null,null,5.02,KCVG 060752Z 24005KT 10SM CLR M10/M13 A3037 RMK AO2 SLP298 T11001133,null
CVG,2024-12-06 8:52,14,9,80.1,260,4,0,30.38,1030.1,10,null,CLR,null,null,null,null,null,null,null,null,null,null,null,null,null,null,6.4,KCVG 060852Z 26004KT 10SM CLR M10/M13 A3038 RMK AO2 SLP301 T11001128 53003,null
CVG,2024-12-06 9:52,14,9,80.1,0,0,0,30.41,1030.9,10,null,FEW,null,null,null,6000,null,null,null,null,null,null,null,null,null,null,14,KCVG 060952Z 00000KT 10SM FEW060 M10/M13 A3041 RMK AO2 SLP309 T11001128,null
CVG,2024-12-06 10:52,14,9,80.1,250,4,0,30.4,1030.6,10,null,CLR,null,null,null,null,null,null,null,null,null,null,null,null,null,null,6.4,KCVG 061052Z 25004KT 10SM CLR M10/M13 A3040 RMK AO2 SLP306 T11001128,null
CVG,2024-12-06 11:52,13,9,83.7,240,3,0,30.41,1031.1,10,null,FEW,null,null,null,15000,null,null,null,null,null,null,null,null,null,null,6.97,KCVG 061152Z 24003KT 10SM FEW150 M11/M13 A3041 RMK AO2 SLP311 T11061128 11089 21117 51008,null
CVG,2024-12-06 12:52,12,9,87.48,220,3,0,30.42,1031.4,10,null,SCT,null,null,null,16000,null,null,null,null,null,null,null,null,null,null,5.82,KCVG 061252Z 22003KT 10SM SCT160 M11/M13 A3042 RMK AO2 SLP314 T11111128,null
CVG,2024-12-06 13:52,16,11,80.27,230,5,0,30.42,1031.5,10,null,FEW,null,null,null,14000,null,null,null,null,null,null,null,null,null,null,7.39,KCVG 061352Z 23005KT 10SM FEW140 M09/M12 A3042 RMK AO2 SLP315 T10891117,null
CVG,2024-12-06 14:52,20,13,73.84,230,5,0,30.42,1031.5,10,null,CLR,null,null,null,null,null,null,null,null,null,null,null,null,null,null,12.14,KCVG 061452Z 23005KT 10SM CLR M07/M11 A3042 RMK AO2 SLP315 T10671106 51004,null
CVG,2024-12-06 15:52,25,15,65.3,240,4,0,30.42,1031.4,10,null,CLR,null,null,null,null,null,null,null,null,null,null,null,null,null,null,19.25,KCVG 061552Z 24004KT 10SM CLR M04/M09 A3042 RMK AO2 SLP314 T10391094,null
CVG,2024-12-06 16:52,29,14,53,260,5,0,30.4,1030.6,10,null,CLR,null,null,null,null,null,null,null,null,null,null,null,null,null,null,22.83,KCVG 061652Z 26005KT 10SM CLR M02/M10 A3040 RMK AO2 SLP306 T10171100,null
CVG,2024-12-06 17:52,31,15,51.04,250,11,0,30.36,1029.1,10,17,CLR,null,null,null,null,null,null,null,null,null,null,null,null,null,null,21.2,KCVG 061752Z 25011G17KT 10SM CLR M01/M09 A3036 RMK AO2 SLP291 T10061094 11006 21111 58020,null
CVG,2024-12-06 18:52,33,15,47.08,230,13,0,30.34,1028.2,10,18,CLR,null,null,null,null,null,null,null,null,null,null,null,null,null,null,22.85,KCVG 061852Z 23013G18KT 10SM CLR 01/M09 A3034 RMK AO2 SLP282 T00061094,null
CVG,2024-12-06 19:52,32,13,44.9,250,8,0,30.32,1027.8,10,null,CLR,null,null,null,null,null,null,null,null,null,null,null,null,null,null,24.11,KCVG 061952Z 25008KT 10SM CLR 00/M11 A3032 RMK AO2 SLP278 T00001106,null
CVG,2024-12-06 20:52,32,11,41.1,240,8,0,30.3,1027.2,10,null,CLR,null,null,null,null,null,null,null,null,null,null,null,null,null,null,24.11,KCVG 062052Z 24008KT 10SM CLR 00/M12 A3030 RMK AO2 SLP272 T00001117 56019,null
CVG,2024-12-06 21:52,30,11,44.57,240,6,0,30.3,1027.1,10,null,CLR,null,null,null,null,null,null,null,null,null,null,null,null,null,null,23.12,KCVG 062152Z 24006KT 10SM CLR M01/M12 A3030 RMK AO2 SLP271 T10111117,null
CVG,2024-12-06 22:52,29,11,46.42,230,7,0,30.3,1027,10,null,CLR,null,null,null,null,null,null,null,null,null,null,null,null,null,null,21.12,KCVG 062252Z 23007KT 10SM CLR M02/M12 A3030 RMK AO2 SLP270 T10171117,null
CVG,2024-12-06 23:52,27,11,50.39,220,6,0,30.3,1027.2,10,null,CLR,null,null,null,null,null,null,null,null,null,null,null,null,null,null,19.51,KCVG 062352Z 22006KT 10SM CLR M03/M12 A3030 RMK AO2 SLP272 T10281117 10006 21028 55001,null
CVG,2024-12-07 0:52,27,12,52.68,230,7,0,30.3,1027.1,10,null,CLR,null,null,null,null,null,null,null,null,null,null,null,null,null,null,18.68,KCVG 070052Z 23007KT 10SM CLR M03/M11 A3030 RMK AO2 SLP271 T10281111,null
CVG,2024-12-07 1:52,26,12,54.9,240,6,0,30.3,1027,10,null,CLR,null,null,null,null,null,null,null,null,null,null,null,null,null,null,18.3,KCVG 070152Z 24006KT 10SM CLR M03/M11 A3030 RMK AO2 SLP270 T10331111,null
CVG,2024-12-07 2:52,25,11,54.75,230,8,0,30.29,1026.7,10,null,CLR,null,null,null,null,null,null,null,null,null,null,null,null,null,null,15.49,KCVG 070252Z 23008KT 10SM CLR M04/M12 A3029 RMK AO2 SLP267 T10391117 58004,null
CVG,2024-12-07 3:52,25,11,54.75,230,9,0,30.28,1026.2,10,null,CLR,null,null,null,null,null,null,null,null,null,null,null,null,null,null,14.81,KCVG 070352Z 23009KT 10SM CLR M04/M12 A3028 RMK AO2 SLP262 T10391117,null
CVG,2024-12-07 4:52,24,12,59.67,240,6,0,30.3,1026.8,10,null,CLR,null,null,null,null,null,null,null,null,null,null,null,null,null,null,15.9,KCVG 070452Z 24006KT 10SM CLR M04/M11 A3030 RMK AO2 SLP268 T10441111 400061117,null
CVG,2024-12-07 5:52,24,12,59.67,240,6,0,30.3,1026.7,10,null,CLR,null,null,null,null,null,null,null,null,null,null,null,null,null,null,15.9,KCVG 070552Z 24006KT 10SM CLR M04/M11 A3030 RMK AO2 SLP267 T10441111 11028 21050 53003,null
CVG,2024-12-07 6:52,23,12,62.23,220,5,0,30.28,1026.3,10,null,CLR,null,null,null,null,null,null,null,null,null,null,null,null,null,null,15.71,KCVG 070652Z 22005KT 10SM CLR M05/M11 A3028 RMK AO2 SLP263 T10501111,null
CVG,2024-12-07 7:52,23,13,65.03,210,8,0,30.28,1026.2,10,null,CLR,null,null,null,null,null,null,null,null,null,null,null,null,null,null,13.03,KCVG 070752Z 21008KT 10SM CLR M05/M11 A3028 RMK AO2 SLP262 T10501106,null
CVG,2024-12-07 8:52,22,13,67.83,210,6,0,30.28,1026.2,10,null,CLR,null,null,null,null,null,null,null,null,null,null,null,null,null,null,13.49,KCVG 070852Z 21006KT 10SM CLR M06/M11 A3028 RMK AO2 SLP262 T10561106 56005,null
CVG,2024-12-07 9:52,22,13,67.83,210,6,0,30.27,1025.8,10,null,CLR,null,null,null,null,null,null,null,null,null,null,null,null,null,null,13.49,KCVG 070952Z 21006KT 10SM CLR M06/M11 A3027 RMK AO2 SLP258 T10561106,null
CVG,2024-12-07 10:52,23,13,65.03,210,6,0,30.26,1025.7,10,null,CLR,null,null,null,null,null,null,null,null,null,null,null,null,null,null,14.69,KCVG 071052Z 21006KT 10SM CLR M05/M11 A3026 RMK AO2 SLP257 T10501106,null
CVG,2024-12-07 11:52,21,13,70.76,200,6,0,30.26,1025.7,10,null,CLR,null,null,null,null,null,null,null,null,null,null,null,null,null,null,12.28,KCVG 071152Z 20006KT 10SM CLR M06/M11 A3026 RMK AO2 SLP257 T10611106 11044 21061 56006,null
CVG,2024-12-07 12:52,21,13,70.76,190,8,0,30.25,1025.4,10,null,CLR,null,null,null,null,null,null,null,null,null,null,null,null,null,null,10.56,KCVG 071252Z 19008KT 10SM CLR M06/M11 A3025 RMK AO2 SLP254 T10611106,null
CVG,2024-12-07 13:52,24,14,65.17,200,10,0,30.25,1025.2,10,null,CLR,null,null,null,null,null,null,null,null,null,null,null,null,null,null,12.94,KCVG 071352Z 20010KT 10SM CLR M04/M10 A3025 RMK AO2 SLP252 T10441100,null
CVG,2024-12-07 14:52,28,16,60.25,210,10,0,30.25,1025.3,10,null,FEW,null,null,null,23000,null,null,null,null,null,null,null,null,null,null,17.95,KCVG 071452Z 21010KT 10SM FEW230 M02/M09 A3025 RMK AO2 SLP253 T10221089 55003,null
CVG,2024-12-07 15:52,33,17,51.36,220,11,0,30.24,1024.9,10,null,SCT,null,null,null,25000,null,null,null,null,null,null,null,null,null,null,23.73,KCVG 071552Z 22011KT 10SM SCT250 01/M08 A3024 RMK AO2 SLP249 T00061083,null
CVG,2024-12-07 16:52,37,18,45.73,190,11,0,30.2,1023.4,10,null,BKN,null,null,null,30000,null,null,null,null,null,null,null,null,null,null,28.79,KCVG 071652Z 19011KT 10SM BKN300 03/M08 A3020 RMK AO2 SLP234 T00281078,null
CVG,2024-12-07 17:52,39,18,42.28,210,10,0,30.17,1022.2,10,18,BKN,null,null,null,30000,null,null,null,null,null,null,null,null,null,null,31.75,KCVG 071752Z 21010G18KT 10SM BKN300 04/M08 A3017 RMK AO2 SLP222 T00391078 10039 21067 58028,null
CVG,2024-12-07 18:52,44,17,33.39,210,10,0,30.14,1020.9,10,null,SCT,null,null,null,30000,null,null,null,null,null,null,null,null,null,null,38.02,KCVG 071852Z 21010KT 10SM SCT300 07/M08 A3014 RMK AO2 SLP209 T00671083,null
CVG,2024-12-07 19:52,45,18,33.55,210,12,0,30.1,1019.8,10,22,SCT,null,null,null,30000,null,null,null,null,null,null,null,null,null,null,38.55,KCVG 071952Z 21012G22KT 10SM SCT300 07/M08 A3010 RMK AO2 SLP198 T00721078,null
CVG,2024-12-07 20:52,45,19,35.02,220,14,0,30.07,1018.8,10,18,FEW,null,null,null,30000,null,null,null,null,null,null,null,null,null,null,37.92,KCVG 072052Z 22014G18KT 10SM FEW300 07/M07 A3007 RMK AO2 SLP188 T00721072 56031,null
CVG,2024-12-07 21:52,44,19,36.39,210,10,0,30.07,1018.7,10,17,FEW,null,null,null,25000,null,null,null,null,null,null,null,null,null,null,38.02,KCVG 072152Z 21010G17KT 10SM FEW250 07/M07 A3007 RMK AO2 SLP187 T00671072,null
CVG,2024-12-07 22:52,40,20,44.3,200,10,0,30.04,1017.9,10,null,CLR,null,null,null,null,null,null,null,null,null,null,null,null,null,null,33,KCVG 072252Z 20010KT 10SM CLR 04/M07 A3004 RMK AO2 SLP179 T00441067,null
CVG,2024-12-07 23:52,40,19,42.45,200,10,0,30.03,1017.5,10,null,CLR,null,null,null,null,null,null,null,null,null,null,null,null,null,null,33,KCVG 072352Z 20010KT 10SM CLR 04/M07 A3003 RMK AO2 SLP175 T00441072 10078 20033 58015,null
CVG,2024-12-08 0:52,39,19,44.14,210,11,0,30.01,1016.8,10,null,FEW,null,null,null,15000,null,null,null,null,null,null,null,null,null,null,31.31,KCVG 080052Z 21011KT 10SM FEW150 04/M07 A3001 RMK AO2 SLP168 T00391072,null
CVG,2024-12-08 1:52,40,20,44.3,220,11,0,30.01,1016.7,10,20,FEW,null,null,null,15000,null,null,null,null,null,null,null,null,null,null,32.58,KCVG 080152Z 22011G20KT 10SM FEW150 04/M07 A3001 RMK AO2 SLP167 T00441067,null
CVG,2024-12-08 2:52,41,21,44.47,210,13,0,29.99,1016.1,10,19,SCT,null,null,null,25000,null,null,null,null,null,null,null,null,null,null,33.1,KCVG 080252Z 21013G19KT 10SM SCT250 05/M06 A2999 RMK AO2 SLP161 T00501061 56012,null
CVG,2024-12-08 3:52,41,21,44.47,220,13,0,29.97,1015.3,10,null,CLR,null,null,null,null,null,null,null,null,null,null,null,null,null,null,33.1,KCVG 080352Z 22013KT 10SM CLR 05/M06 A2997 RMK AO2 SLP153 T00501061,null
CVG,2024-12-08 4:52,41,22,46.39,220,14,0,29.96,1014.8,10,20,CLR,null,null,null,null,null,null,null,null,null,null,null,null,null,null,32.76,KCVG 080452Z 22014G20KT 10SM CLR 05/M06 A2996 RMK AO2 SLP148 T00501056 400781067,null
CVG,2024-12-08 5:52,41,23,48.39,220,11,0,29.95,1014.3,10,null,CLR,null,null,null,null,null,null,null,null,null,null,null,null,null,null,33.84,KCVG 080552Z 22011KT 10SM CLR 05/M05 A2995 RMK AO2 SLP143 T00501050 10050 20039 56016,null
CVG,2024-12-08 6:52,41,24,50.46,220,9,0,29.94,1014.1,10,null,CLR,null,null,null,null,null,null,null,null,null,null,null,null,null,null,34.7,KCVG 080652Z 22009KT 10SM CLR 05/M04 A2994 RMK AO2 SLP141 T00501044,null
CVG,2024-12-08 7:52,40,24,52.45,210,9,0,29.95,1014.5,10,null,CLR,null,null,null,null,null,null,null,null,null,null,null,null,null,null,33.46,KCVG 080752Z 21009KT 10SM CLR 04/M04 A2995 RMK AO2 SLP145 T00441044,null
CVG,2024-12-08 8:52,41,25,52.61,220,8,0,29.96,1014.8,10,null,CLR,null,null,null,null,null,null,null,null,null,null,null,null,null,null,35.2,KCVG 080852Z 22008KT 10SM CLR 05/M04 A2996 RMK AO2 SLP148 T00501039 53006,null
CVG,2024-12-08 9:52,42,26,52.76,210,11,0,29.96,1014.6,10,null,CLR,null,null,null,null,null,null,null,null,null,null,null,null,null,null,35.1,KCVG 080952Z 21011KT 10SM CLR 06/M03 A2996 RMK AO2 SLP146 T00561033,null
CVG,2024-12-08 10:52,40,26,57.01,210,8,0,29.96,1014.7,10,null,CLR,null,null,null,null,null,null,null,null,null,null,null,null,null,null,33.97,KCVG 081052Z 21008KT 10SM CLR 04/M03 A2996 RMK AO2 SLP147 T00441033,null
CVG,2024-12-08 11:52,41,27,57.15,210,11,0,29.96,1014.8,10,null,CLR,null,null,null,null,null,null,null,null,null,null,null,null,null,null,33.84,KCVG 081152Z 21011KT 10SM CLR 05/M03 A2996 RMK AO2 SLP148 T00501028 10056 20044 55000,null
CVG,2024-12-08 12:52,40,27,59.41,210,10,0,29.97,1015.2,10,null,FEW,null,null,null,12000,null,null,null,null,null,null,null,null,null,null,33,KCVG 081252Z 21010KT 10SM FEW120 04/M03 A2997 RMK AO2 SLP152 T00441028,null
CVG,2024-12-08 13:52,43,28,55.14,220,11,0,29.99,1015.7,10,21,FEW,null,null,null,14000,null,null,null,null,null,null,null,null,null,null,36.37,KCVG 081352Z 22011G21KT 10SM FEW140 06/M02 A2999 RMK AO2 SLP157 T00611022,null
CVG,2024-12-08 14:52,47,29,49.34,220,11,0,30,1015.9,10,null,CLR,null,null,null,null,null,null,null,null,null,null,null,null,null,null,41.42,KCVG 081452Z 22011KT 10SM CLR 08/M02 A3000 RMK AO2 SLP159 T00831017 51012,null
CVG,2024-12-08 15:52,50,31,47.83,220,11,0,30,1016,10,20,CLR,null,null,null,null,null,null,null,null,null,null,null,null,null,null,50,KCVG 081552Z 22011G20KT 10SM CLR 10/M01 A3000 RMK AO2 SLP160 T01001006,null
CVG,2024-12-08 16:52,53,33,46.41,240,14,0,29.99,1015.6,10,23,FEW,null,null,null,30000,null,null,null,null,null,null,null,null,null,null,53,KCVG 081652Z 24014G23KT 10SM FEW300 12/01 A2999 RMK AO2 SLP156 T01170006,null
CVG,2024-12-08 17:52,56,35,45.06,230,11,0,29.97,1014.7,10,null,FEW,null,null,null,30000,null,null,null,null,null,null,null,null,null,null,56,KCVG 081752Z 23011KT 10SM FEW300 13/02 A2997 RMK AO2 SLP147 T01330017 10139 20044 58010,null
CVG,2024-12-08 18:52,58,36,43.62,230,10,0,29.95,1014,10,19,FEW,FEW,null,null,8000,30000,null,null,null,null,null,null,null,null,null,58,KCVG 081852Z 23010G19KT 10SM FEW080 FEW300 14/02 A2995 RMK AO2 SLP140 T01440022,null
CVG,2024-12-08 19:52,56,37,48.77,210,10,0,29.93,1013.3,10,null,BKN,BKN,null,null,3500,25000,null,null,null,null,null,null,null,null,null,56,KCVG 081952Z 21010KT 10SM BKN035 BKN250 13/03 A2993 RMK AO2 SLP133 T01330028,null
CVG,2024-12-08 20:52,56,38,50.73,210,10,0,29.92,1013.1,10,null,SCT,null,null,null,3900,null,null,null,null,null,null,null,null,null,null,56,KCVG 082052Z 21010KT 10SM SCT039 13/03 A2992 RMK AO2 SLP131 T01330033 56016,null
CVG,2024-12-08 21:15,55,38,52.6,200,10,0,29.92,null,10,null,BKN,OVC,null,null,2500,4100,null,null,null,null,null,null,null,null,null,55,KCVG 082115Z 20010KT 10SM BKN025 OVC041 13/03 A2992 RMK AO2 T01280033,null
CVG,2024-12-08 21:52,54,38,54.56,200,11,0,29.92,1013.2,10,21,OVC,null,null,null,2300,null,null,null,null,null,null,null,null,null,null,54,KCVG 082152Z 20011G21KT 10SM OVC023 12/03 A2992 RMK AO2 SLP132 T01220033,null
CVG,2024-12-08 22:52,53,38,56.59,200,8,0,29.93,1013.3,10,null,BKN,OVC,null,null,2500,8500,null,null,null,null,null,null,null,null,null,53,KCVG 082252Z 20008KT 10SM BKN025 OVC085 12/03 A2993 RMK AO2 SLP133 T01170033,null
CVG,2024-12-08 23:25,53,38,56.59,210,12,0,29.93,null,10,20,SCT,OVC,null,null,2500,9000,null,null,null,null,null,null,null,null,null,53,KCVG 082325Z 21012G20KT 10SM SCT025 OVC090 12/03 A2993 RMK AO2 T01170033,null
CVG,2024-12-08 23:52,52,38,58.71,200,12,0,29.93,1013.3,10,21,BKN,OVC,null,null,2500,9000,null,null,null,null,null,null,null,null,null,52,KCVG 082352Z 20012G21KT 10SM BKN025 OVC090 11/03 A2993 RMK AO2 SLP133 T01110033 10144 20111 51002,null
CVG,2024-12-09 0:52,52,37,56.45,200,8,0,29.9,1012.6,10,null,BKN,OVC,null,null,2300,8000,null,null,null,null,null,null,null,null,null,52,KCVG 090052Z 20008KT 10SM BKN023 OVC080 11/03 A2990 RMK AO2 SLP126 T01110028,null
CVG,2024-12-09 1:33,53,38,56.59,200,12,0,29.89,null,10,21,SCT,OVC,null,null,5500,7000,null,null,null,null,null,null,null,null,null,53,KCVG 090133Z 20012G21KT 10SM SCT055 OVC070 12/03 A2989 RMK AO2 T01170033,null
CVG,2024-12-09 1:52,53,39,58.85,200,11,0,29.88,1011.6,10,19,FEW,FEW,OVC,null,2200,5500,7000,null,null,null,null,null,null,null,null,53,KCVG 090152Z 20011G19KT 10SM FEW022 FEW055 OVC070 12/04 A2988 RMK AO2 SLP116 T01170039,null
CVG,2024-12-09 2:10,53,40,61.19,200,11,0,29.88,null,10,null,BKN,OVC,null,null,1700,7000,null,null,null,null,null,null,null,null,null,53,KCVG 090210Z 20011KT 10SM BKN017 OVC070 12/04 A2988 RMK AO2 T01170044,null
CVG,2024-12-09 2:52,53,42,66.12,190,12,0,29.87,1011.1,10,null,OVC,null,null,null,1800,null,null,null,null,null,null,null,null,null,null,53,KCVG 090252Z 19012KT 10SM OVC018 12/06 A2987 RMK AO2 SLP111 T01170056 56021,null
CVG,2024-12-09 3:52,52,45,76.94,190,12,0,29.84,1010.4,10,20,OVC,null,null,null,1700,null,null,null,null,null,null,null,null,null,null,52,KCVG 090352Z 19012G20KT 10SM OVC017 11/07 A2984 RMK AO2 SLP104 T01110072,null
CVG,2024-12-09 4:52,50,47,89.37,190,8,0.04,29.83,1009.9,4,null,OVC,null,null,null,1600,null,null,null,RA BR,null,null,null,null,null,null,50,KCVG 090452Z 19008KT 4SM RA BR OVC016 10/08 A2983 RMK AO2 RAB23 SLP099 P0004 T01000083 401440044,null
CVG,2024-12-09 5:01,49,47,92.77,190,9,0.03,29.83,null,2.5,null,SCT,OVC,null,null,1300,2000,null,null,#NAME?,null,null,null,null,null,null,44.65,KCVG 090501Z 19009KT 2 1/2SM +RA BR SCT013 OVC020 09/08 A2983 RMK AO2 P0003 T00940083,null
CVG,2024-12-09 5:23,49,48,96.32,190,10,0.14,29.82,null,5,null,FEW,BKN,OVC,null,700,1200,2000,null,RA BR,null,null,null,null,null,null,44.29,KCVG 090523Z 19010KT 5SM RA BR FEW007 BKN012 OVC020 09/09 A2982 RMK AO2 P0014 T00940089,null
CVG,2024-12-09 5:52,49,49,100,190,12,0.24,29.81,1009.1,3,null,OVC,null,null,null,800,null,null,null,RA BR,null,null,null,null,null,null,43.64,KCVG 090552Z 19012KT 3SM RA BR OVC008 09/09 A2981 RMK AO2 SLP091 P0024 60028 T00940094 10117 20094 58019,null
CVG,2024-12-09 6:52,50,49,96.34,190,15,0.1,29.78,1008.2,10,23,OVC,null,null,null,700,null,null,null,#NAME?,null,null,null,null,null,null,50,KCVG 090652Z 19015G23KT 10SM -RA OVC007 10/09 A2978 RMK AO2 SLP082 P0010 T01000094,null
CVG,2024-12-09 7:52,51,50,96.36,200,15,0.02,29.77,1007.7,10,23,OVC,null,null,null,800,null,null,null,#NAME?,null,null,null,null,null,null,51,KCVG 090752Z 20015G23KT 10SM -RA OVC008 11/10 A2977 RMK AO2 SLP077 P0002 T01060100,null
CVG,2024-12-09 8:52,51,50,96.36,210,12,0.03,29.76,1007.5,7,21,OVC,null,null,null,800,null,null,null,#NAME?,null,null,null,null,null,null,51,KCVG 090852Z 21012G21KT 7SM -RA OVC008 11/10 A2976 RMK AO2 SLP075 P0003 60015 T01060100 56016,null
CVG,2024-12-09 9:19,51,50,96.36,200,13,0.04,29.76,null,3,21,BKN,OVC,null,null,800,1600,null,null,#NAME?,null,null,null,null,null,null,51,KCVG 090919Z 20013G21KT 3SM -RA BR BKN008 OVC016 11/10 A2976 RMK AO2 VIS 2 1/2 36R P0004 T01060100,null
CVG,2024-12-09 9:52,51,50,96.36,210,13,0.05,29.75,1007.2,8,21,OVC,null,null,null,600,null,null,null,null,null,null,null,null,null,null,51,KCVG 090952Z 21013G21KT 8SM OVC006 11/10 A2975 RMK AO2 RAE51 SLP072 P0005 T01060100,null
CVG,2024-12-09 10:52,52,51,96.37,210,12,0,29.75,1006.9,10,null,OVC,null,null,null,600,null,null,null,null,null,null,null,null,null,null,52,KCVG 091052Z 21012KT 10SM OVC006 11/11 A2975 RMK AO2 SLP069 T01110106,null
CVG,2024-12-09 11:52,53,52,96.39,220,10,T,29.76,1007.5,7,null,OVC,null,null,null,600,null,null,null,#NAME?,null,null,null,null,null,null,53,KCVG 091152Z 22010KT 7SM -DZ OVC006 12/11 A2976 RMK AO2 DZB49 SLP075 P0000 60020 70048 T01170111 10117 20094 53001,null
CVG,2024-12-09 12:52,53,52,96.39,210,9,T,29.77,1007.9,5,null,OVC,null,null,null,600,null,null,null,#NAME?,null,null,null,null,null,null,53,KCVG 091252Z 21009KT 5SM -RA BR OVC006 12/11 A2977 RMK AO2 DZE24RAB50 SLP079 P0000 T01170111,null
CVG,2024-12-09 13:52,53,52,96.39,240,12,0.01,29.8,1009,6,20,SCT,BKN,OVC,null,900,1300,2600,null,#NAME?,null,null,null,null,null,null,53,KCVG 091352Z 24012G20KT 6SM -RA BR SCT009 BKN013 OVC026 12/11 A2980 RMK AO2 RAE29B46 SLP090 P0001 T01170111,null
CVG,2024-12-09 14:12,53,51,92.89,230,11,T,29.81,null,10,null,SCT,BKN,OVC,null,1000,1600,3200,null,null,null,null,null,null,null,null,53,KCVG 091412Z 23011KT 10SM SCT010 BKN016 OVC032 12/11 A2981 RMK AO2 RAE12 P0000 T01170106,null
CVG,2024-12-09 14:19,53,51,92.89,240,12,T,29.82,null,8,21,BKN,BKN,OVC,null,900,1300,2700,null,null,null,null,null,null,null,null,53,KCVG 091419Z 24012G21KT 8SM BKN009 BKN013 OVC027 12/11 A2982 RMK AO2 RAE12 P0000 T01170106,null
CVG,2024-12-09 14:22,53,51,92.89,240,15,T,29.82,null,6,24,SCT,BKN,OVC,null,1000,1500,2700,null,#NAME?,null,null,null,null,null,null,53,KCVG 091422Z 24015G24KT 6SM -RA BR SCT010 BKN015 OVC027 12/11 A2982 RMK AO2 RAE12B21 P0000 T01170106,null
CVG,2024-12-09 14:52,53,50,89.51,240,10,T,29.83,1010,10,20,FEW,BKN,OVC,null,1400,2300,3000,null,null,null,null,null,null,null,null,53,KCVG 091452Z 24010G20KT 10SM FEW014 BKN023 OVC030 12/10 A2983 RMK AO2 RAE12B21E31 SLP100 P0000 60001 T01170100 53024,null
CVG,2024-12-09 15:52,53,49,86.23,240,9,0,29.85,1010.4,10,16,FEW,OVC,null,null,2400,3300,null,null,null,null,null,null,27,230,2024-12-09 15:33,53,KCVG 091552Z 24009G16KT 10SM FEW024 OVC033 12/09 A2985 RMK AO2 PK WND 23027/1533 SLP104 T01170094,null
CVG,2024-12-09 16:52,54,48,80.07,230,10,0,29.84,1010.4,10,22,FEW,OVC,null,null,1900,3300,null,null,null,null,null,null,null,null,null,54,KCVG 091652Z 23010G22KT 10SM FEW019 OVC033 12/09 A2984 RMK AO2 SLP104 T01220089,null
CVG,2024-12-09 17:13,54,48,80.07,230,9,0,29.84,null,10,17,SCT,BKN,OVC,null,1900,2800,3300,null,null,null,null,null,null,null,null,54,KCVG 091713Z 23009G17KT 10SM SCT019 BKN028 OVC033 12/09 A2984 RMK AO2 T01220089,null
CVG,2024-12-09 17:52,53,49,86.23,250,8,0,29.83,1010.1,10,null,BKN,OVC,null,null,1700,2500,null,null,null,null,null,null,null,null,null,53,KCVG 091752Z 25008KT 10SM BKN017 OVC025 12/09 A2983 RMK AO2 SLP101 60001 T01170094 10122 20111 50000,null
CVG,2024-12-09 18:52,54,48,80.07,230,9,0,29.84,1010.2,10,null,SCT,BKN,OVC,null,2100,2700,3300,null,null,null,null,null,null,null,null,54,KCVG 091852Z 23009KT 10SM SCT021 BKN027 OVC033 12/09 A2984 RMK AO2 SLP102 T01220089,null
CVG,2024-12-09 19:52,53,48,83.06,260,10,0,29.85,1010.7,10,null,OVC,null,null,null,2100,null,null,null,null,null,null,null,null,null,null,53,KCVG 091952Z 26010KT 10SM OVC021 12/09 A2985 RMK AO2 SLP107 T01170089,null
CVG,2024-12-09 20:52,52,47,82.99,280,5,0,29.87,1011.3,10,null,OVC,null,null,null,2100,null,null,null,null,null,null,null,null,null,null,52,KCVG 092052Z 28005KT 10SM OVC021 11/08 A2987 RMK AO2 SLP113 T01110083 53012,null
CVG,2024-12-09 21:52,52,48,86.17,250,4,0,29.89,1012,10,null,OVC,null,null,null,1900,null,null,null,null,null,null,null,null,null,null,52,KCVG 092152Z 25004KT 10SM OVC019 11/09 A2989 RMK AO2 SLP120 T01110089,null
CVG,2024-12-09 22:52,51,47,86.12,280,7,0,29.91,1012.7,10,null,OVC,null,null,null,2500,null,null,null,null,null,null,null,null,null,null,51,KCVG 092252Z 28007KT 10SM OVC025 11/08 A2991 RMK AO2 SLP127 T01060083,null
CVG,2024-12-09 23:52,51,46,82.93,270,5,0,29.92,1013,10,null,OVC,null,null,null,2600,null,null,null,null,null,null,null,null,null,null,51,KCVG 092352Z 27005KT 10SM OVC026 11/08 A2992 RMK AO2 SLP130 T01060078 10122 20106 51017,null
CVG,2024-12-10 0:52,50,46,86.06,230,3,0,29.93,1013.4,10,null,OVC,null,null,null,2500,null,null,null,null,null,null,null,null,null,null,50,KCVG 100052Z 23003KT 10SM OVC025 10/08 A2993 RMK AO2 SLP134 T01000078,null
CVG,2024-12-10 1:52,48,45,89.29,170,6,0,29.92,1013,10,null,BKN,OVC,null,null,2800,25000,null,null,null,null,null,null,null,null,null,44.8,KCVG 100152Z 17006KT 10SM BKN028 OVC250 09/07 A2992 RMK AO2 SLP130 T00890072,null
CVG,2024-12-10 2:22,48,45,89.29,160,4,0,29.91,null,10,null,FEW,OVC,null,null,2800,25000,null,null,null,null,null,null,null,null,null,46.1,KCVG 100222Z 16004KT 10SM FEW028 OVC250 09/07 A2991 RMK AO2 T00890072,null
CVG,2024-12-10 2:52,47,45,92.71,160,4,0,29.89,1012.2,10,null,OVC,null,null,null,25000,null,null,null,null,null,null,null,null,null,null,44.94,KCVG 100252Z 16004KT 10SM OVC250 08/07 A2989 RMK AO2 SLP122 T00830072 58008,null
CVG,2024-12-10 3:52,44,43,96.24,210,4,0,29.91,1012.8,10,null,OVC,null,null,null,25000,null,null,null,null,null,null,null,null,null,null,41.43,KCVG 100352Z 21004KT 10SM OVC250 07/06 A2991 RMK AO2 SLP128 T00670061,null
CVG,2024-12-10 4:52,46,45,96.28,190,4,0,29.91,1012.8,10,null,OVC,null,null,null,3000,null,null,null,null,null,null,null,null,null,null,43.77,KCVG 100452Z 19004KT 10SM OVC030 08/07 A2991 RMK AO2 SLP128 T00780072 401220056,null
CVG,2024-12-10 5:18,47,45,92.71,0,0,0,29.92,null,10,null,BKN,OVC,null,null,2000,2800,null,null,null,null,null,null,null,null,null,47,KCVG 100518Z 00000KT 10SM BKN020 OVC028 08/07 A2992 RMK AO2 T00830072,null
CVG,2024-12-10 5:52,47,46,96.29,260,3,0,29.92,1013,10,null,OVC,null,null,null,2600,null,null,null,null,null,null,null,null,null,null,45.84,KCVG 100552Z 26003KT 10SM OVC026 08/08 A2992 RMK AO2 SLP130 T00830078 10106 20056 51008,null
CVG,2024-12-10 6:52,47,46,96.29,0,0,0,29.91,1012.7,10,null,OVC,null,null,null,1800,null,null,null,null,null,null,null,null,null,null,47,KCVG 100652Z 00000KT 10SM OVC018 08/08 A2991 RMK AO2 SLP127 T00830078,null
CVG,2024-12-10 7:52,48,46,92.74,0,0,0,29.91,1012.6,8,null,OVC,null,null,null,1900,null,null,null,null,null,null,null,null,null,null,48,KCVG 100752Z 00000KT 8SM OVC019 09/08 A2991 RMK AO2 SLP126 T00890078,null
CVG,2024-12-10 8:52,48,46,92.74,0,0,0,29.9,1012.2,9,null,OVC,null,null,null,1900,null,null,null,null,null,null,null,null,null,null,48,KCVG 100852Z 00000KT 9SM OVC019 09/08 A2990 RMK AO2 SLP122 T00890078 58007,null
CVG,2024-12-10 9:52,48,46,92.74,0,0,0,29.88,1011.6,10,null,OVC,null,null,null,2500,null,null,null,null,null,null,null,null,null,null,48,KCVG 100952Z 00000KT 10SM OVC025 09/08 A2988 RMK AO2 SLP116 T00890078,null
CVG,2024-12-10 10:52,48,46,92.74,100,4,0,29.85,1010.6,10,null,OVC,null,null,null,4100,null,null,null,null,null,null,null,null,null,null,46.1,KCVG 101052Z 10004KT 10SM OVC041 09/08 A2985 RMK AO2 SLP106 T00890078,null
CVG,2024-12-10 11:52,49,46,89.33,0,0,0,29.85,1010.7,9,null,FEW,BKN,OVC,null,5000,9500,18000,null,null,null,null,null,null,null,null,49,KCVG 101152Z 00000KT 9SM FEW050 BKN095 OVC180 09/08 A2985 RMK AO2 SLP107 70001 T00940078 10094 20078 55015,null
CVG,2024-12-10 12:52,47,46,96.29,210,5,0.01,29.87,1011.4,5,null,FEW,OVC,null,null,1900,3400,null,null,#NAME?,null,null,null,null,null,null,44.21,KCVG 101252Z 21005KT 5SM -RA BR FEW019 OVC034 08/08 A2987 RMK AO2 RAB29 SLP114 P0001 T00830078,null
CVG,2024-12-10 13:37,48,47,96.31,0,0,T,29.85,null,4,null,BKN,OVC,null,null,2300,4400,null,null,BR,null,null,null,null,null,null,48,KCVG 101337Z 00000KT 4SM BR BKN023 OVC044 09/08 A2985 RMK AO2 RAE1256 P0000 T00890083,null
CVG,2024-12-10 13:52,48,47,96.31,0,0,T,29.85,1010.7,4,null,OVC,null,null,null,2000,null,null,null,BR,null,null,null,null,null,null,48,KCVG 101352Z 00000KT 4SM BR OVC020 09/08 A2985 RMK AO2 RAE1256 SLP107 VCSH N P0000 T00890083,null
CVG,2024-12-10 14:10,48,47,96.31,0,0,0,29.86,null,3,null,BKN,OVC,null,null,1400,2000,null,null,BR,null,null,null,null,null,null,48,KCVG 101410Z 00000KT 3SM BR BKN014 OVC020 09/08 A2986 RMK AO2 CIG 010 36R T00890083,null
CVG,2024-12-10 14:15,48,47,96.31,0,0,0,29.86,null,4,null,BKN,OVC,null,null,1300,2000,null,null,BR,null,null,null,null,null,null,48,KCVG 101415Z 00000KT 4SM BR BKN013 OVC020 09/08 A2986 RMK AO2 T00890083,null
CVG,2024-12-10 14:29,48,47,96.31,0,0,0,29.85,null,3,null,OVC,null,null,null,1300,null,null,null,BR,null,null,null,null,null,null,48,KCVG 101429Z 00000KT 3SM BR OVC013 09/08 A2985 RMK AO2 CIG 008 36R T00890083,null
CVG,2024-12-10 14:52,49,48,96.32,10,3,0,29.85,1010.7,3,null,OVC,null,null,null,1100,null,null,null,BR,null,null,null,null,null,null,48.12,KCVG 101452Z 01003KT 3SM BR OVC011 09/09 A2985 RMK AO2 CIG 007 36R SLP107 60001 T00940089 58001,null
CVG,2024-12-10 15:08,49,48,96.32,20,3,0,29.85,null,3,null,BKN,OVC,null,null,700,1100,null,null,BR,null,null,null,null,null,null,48.12,KCVG 101508Z 02003KT 3SM BR BKN007 OVC011 09/09 A2985 RMK AO2 T00940089,null
CVG,2024-12-10 15:43,49,48,96.32,0,0,T,29.85,null,2,null,OVC,null,null,null,500,null,null,null,#NAME?,null,null,null,null,null,null,49,KCVG 101543Z 00000KT 2SM -RA BR OVC005 09/09 A2985 RMK AO2 RAB18 P0000 T00940089,null
CVG,2024-12-10 15:52,49,48,96.32,100,3,T,29.83,1010.2,2,null,OVC,null,null,null,500,null,null,null,#NAME?,null,null,null,null,null,null,48.12,KCVG 101552Z 10003KT 2SM -RA BR OVC005 09/09 A2983 RMK AO2 RAB18 SLP102 P0000 T00940089,null
CVG,2024-12-10 16:09,49,48,96.32,10,4,T,29.83,null,2,null,OVC,null,null,null,400,null,null,null,#NAME?,null,null,null,null,null,null,47.27,KCVG 101609Z 01004KT 2SM -RA BR OVC004 09/09 A2983 RMK AO2 P0000 T00940089,null
CVG,2024-12-10 16:32,49,48,96.32,330,7,0.01,29.82,null,0.5,null,BKN,BKN,OVC,null,300,1000,3400,null,BR,null,null,null,null,null,null,45.5,KCVG 101632Z 33007KT 1/2SM R36C/P6000FT BR BKN003 BKN010 OVC034 09/09 A2982 RMK AO2 SFC VIS 1 1/2 RAE27 P0001 T00940089,null
CVG,2024-12-10 16:52,49,48,96.32,320,7,0.02,29.82,1009.7,0.5,null,BKN,OVC,null,null,300,1000,null,null,#NAME?,null,null,null,null,null,null,45.5,KCVG 101652Z 32007KT 1/2SM R36C/P6000FT -RA BR BKN003 OVC010 09/09 A2982 RMK AO2 SFC VIS 1 1/2 RAE27B45 SLP097 P0002 T00940089,null
CVG,2024-12-10 17:09,49,48,96.32,320,6,T,29.81,null,1.5,null,BKN,OVC,null,null,300,800,null,null,#NAME?,null,null,null,null,null,null,46,KCVG 101709Z 32006KT 1 1/2SM -RA BR BKN003 OVC008 09/09 A2981 RMK AO2 SFC VIS 2 1/2 P0000 T00940089,null
CVG,2024-12-10 17:34,48,47,96.31,300,8,T,29.81,null,1.5,null,SCT,OVC,null,null,400,1000,null,null,#NAME?,null,null,null,null,null,null,43.82,KCVG 101734Z 30008KT 1 1/2SM -RA BR SCT004 OVC010 09/08 A2981 RMK AO2 SFC VIS 2 1/2 RAE13B34 P0000 T00890083,null
CVG,2024-12-10 17:52,48,48,100,310,7,0.01,29.81,1009.5,1.5,null,SCT,OVC,null,null,400,1100,null,null,#NAME?,null,null,null,null,null,null,44.28,KCVG 101752Z 31007KT 1 1/2SM -RA BR SCT004 OVC011 09/09 A2981 RMK AO2 SFC VIS 2 RAE13B34 SLP095 P0001 60004 T00890089 10094 20078 56012,null
CVG,2024-12-10 17:58,48,48,100,300,7,T,29.81,null,1.5,null,BKN,OVC,null,null,500,1000,null,null,#NAME?,null,null,null,null,null,null,44.28,KCVG 101758Z 30007KT 1 1/2SM -RA BR BKN005 OVC010 09/09 A2981 RMK AO2 SFC VIS 2 1/2 P0000 T00890089,null
CVG,2024-12-10 18:08,48,48,100,300,10,T,29.81,null,1.5,null,BKN,OVC,null,null,400,1100,null,null,#NAME?,null,null,null,null,null,null,43.03,KCVG 101808Z 30010KT 1 1/2SM -RA BR BKN004 OVC011 09/09 A2981 RMK AO2 SFC VIS 2 1/2 P0000 T00890089,null
CVG,2024-12-10 18:50,48.2,48.2,100,300,7,0.01,29.81,null,5,null,BKN,BKN,OVC,null,700,1500,2000,null,BR,null,null,null,null,null,null,44.53,KCVG 101850Z 30007KT 5SM BR BKN007 BKN015 OVC020 09/09 A2981 RMK AO2 RAE38 P0001,null
CVG,2024-12-10 18:52,49,48,96.32,300,8,0.01,29.81,1009.3,5,null,BKN,BKN,OVC,null,700,1500,2000,null,#NAME?,null,null,null,null,null,null,45.05,KCVG 101852Z 30008KT 5SM -RA BR BKN007 BKN015 OVC020 09/09 A2981 RMK AO2 RAE38B52 SLP093 P0001 T00940089,null
CVG,2024-12-10 19:52,50,47,89.37,290,6,0.01,29.79,1008.6,10,null,BKN,BKN,OVC,null,800,1200,7000,null,null,null,null,null,null,null,null,50,KCVG 101952Z 29006KT 10SM BKN008 BKN012 OVC070 10/08 A2979 RMK AO2 RAE19 SLP086 BKN008 V SCT P0001 T01000083,null
CVG,2024-12-10 20:16,49,47,92.77,270,6,0,29.8,null,10,null,SCT,BKN,OVC,null,800,1500,2300,null,null,null,null,null,null,null,null,46,KCVG 102016Z 27006KT 10SM SCT008 BKN015 OVC023 09/08 A2980 RMK AO2 CIG 011V019 T00940083,null
CVG,2024-12-10 20:40,49,47,92.77,280,7,0,29.81,null,10,null,BKN,OVC,null,null,800,1400,null,null,null,null,null,null,null,null,null,45.5,KCVG 102040Z 28007KT 10SM BKN008 OVC014 09/08 A2981 RMK AO2 T00940083,null
CVG,2024-12-10 20:52,49,47,92.77,280,5,0,29.81,1009.5,9,null,BKN,BKN,OVC,null,700,1100,1900,null,null,null,null,null,null,null,null,46.58,KCVG 102052Z 28005KT 9SM BKN007 BKN011 OVC019 09/08 A2981 RMK AO2 SLP095 60002 T00940083 55000,null
CVG,2024-12-10 21:18,48,47,96.31,280,8,0,29.82,null,10,null,SCT,BKN,OVC,null,800,1200,1700,null,null,null,null,null,null,null,null,43.82,KCVG 102118Z 28008KT 10SM SCT008 BKN012 OVC017 09/08 A2982 RMK AO2 T00890083,null
CVG,2024-12-10 21:33,48,47,96.31,270,8,0,29.83,null,10,null,FEW,OVC,null,null,800,1600,null,null,null,null,null,null,null,null,null,43.82,KCVG 102133Z 27008KT 10SM FEW008 OVC016 09/08 A2983 RMK AO2 T00890083,null
CVG,2024-12-10 21:52,48,46,92.74,260,4,0,29.83,1010.1,9,null,SCT,BKN,OVC,null,1600,2500,7000,null,null,null,null,null,null,null,null,46.1,KCVG 102152Z 26004KT 9SM SCT016 BKN025 OVC070 09/08 A2983 RMK AO2 SLP101 BINOVC T00890078,null
CVG,2024-12-10 22:07,47,46,96.29,280,4,0,29.83,null,8,null,SCT,BKN,OVC,null,2600,4500,7000,null,null,null,null,null,null,null,null,44.94,KCVG 102207Z 28004KT 8SM SCT026 BKN045 OVC070 08/08 A2983 RMK AO2 BINOVC T00830078,null
CVG,2024-12-10 22:27,47,46,96.29,280,7,0,29.84,null,8,null,SCT,BKN,OVC,null,1300,2300,4600,null,null,null,null,null,null,null,null,43.06,KCVG 102227Z 28007KT 8SM SCT013 BKN023 OVC046 08/08 A2984 RMK AO2 SCT V BKN T00830078,null
CVG,2024-12-10 22:36,47,46,96.29,300,12,0,29.84,null,8,null,FEW,BKN,OVC,null,800,1500,2500,null,null,null,null,null,null,null,null,41.09,KCVG 102236Z 30012KT 8SM FEW008 BKN015 OVC025 08/08 A2984 RMK AO2 CIG 011V018 T00830078,null
CVG,2024-12-10 22:52,47,44,89.24,300,10,0,29.84,1010.5,7,null,FEW,OVC,null,null,700,1700,null,null,null,null,null,null,null,null,null,41.78,KCVG 102252Z 30010KT 7SM FEW007 OVC017 08/07 A2984 RMK AO2 SLP105 T00830067,null
CVG,2024-12-10 23:36,45,43,92.65,320,8,0,29.85,null,8,null,FEW,SCT,SCT,OVC,900,1800,4700,25000,null,null,null,null,null,null,null,40.13,KCVG 102336Z 32008KT 8SM FEW009 SCT018 SCT047 OVC250 07/06 A2985 RMK AO2 T00720061,null
CVG,2024-12-10 23:52,44,42,92.61,290,5,0,29.85,1010.8,8,null,FEW,FEW,OVC,null,1600,5000,25000,null,null,null,null,null,null,null,null,40.65,KCVG 102352Z 29005KT 8SM FEW016 FEW050 OVC250 07/06 A2985 RMK AO2 SLP108 60002 T00670056 10100 20067 51013,null
CVG,2024-12-11 0:52,42,39,89.01,300,11,0,29.88,1012,10,null,FEW,OVC,null,null,2000,25000,null,null,null,null,null,null,null,null,null,35.1,KCVG 110052Z 30011KT 10SM FEW020 OVC250 06/04 A2988 RMK AO2 SLP120 T00560039,null
CVG,2024-12-11 1:52,40,37,88.92,300,9,0,29.89,1012,10,null,FEW,SCT,OVC,null,1100,14000,25000,null,null,null,null,null,null,null,null,33.46,KCVG 110152Z 30009KT 10SM FEW011 SCT140 OVC250 04/03 A2989 RMK AO2 SLP120 T00440028,null
CVG,2024-12-11 2:52,37,33,85.29,320,6,0,29.9,1012.7,10,null,FEW,BKN,OVC,null,1500,14000,25000,null,null,null,null,null,null,null,null,31.55,KCVG 110252Z 32006KT 10SM FEW015 BKN140 OVC250 03/01 A2990 RMK AO2 SLP127 T00280006 51017,null
CVG,2024-12-11 3:11,37,33,85.29,320,6,0,29.9,null,10,null,BKN,BKN,OVC,null,1300,14000,25000,null,null,null,null,null,null,null,null,31.55,KCVG 110311Z 32006KT 10SM BKN013 BKN140 OVC250 03/01 A2990 RMK AO2 T00280006,null
CVG,2024-12-11 3:52,34,31,88.63,310,13,0,29.9,1012.7,10,null,BKN,null,null,null,1100,null,null,null,null,null,null,null,null,null,null,24.13,KCVG 110352Z 31013KT 10SM BKN011 01/M01 A2990 RMK AO2 SLP127 T00111006,null
CVG,2024-12-11 4:52,33,29,85.04,310,14,0,29.9,1012.9,10,null,OVC,null,null,null,1100,null,null,null,null,null,null,null,null,null,null,22.45,KCVG 110452Z 31014KT 10SM OVC011 01/M02 A2990 RMK AO2 SLP129 T00061017 401000006,null
CVG,2024-12-11 5:52,32,28,84.98,320,12,0,29.91,1013.1,10,null,OVC,null,null,null,1100,null,null,null,null,null,null,null,null,null,null,22,KCVG 110552Z 32012KT 10SM OVC011 00/M02 A2991 RMK AO2 SLP131 T00001022 10061 20000 53003,null
CVG,2024-12-11 6:52,31,28,88.48,300,12,0,29.9,1012.7,10,null,OVC,null,null,null,1200,null,null,null,null,null,null,null,null,null,null,20.73,KCVG 110652Z 30012KT 10SM OVC012 M01/M02 A2990 RMK AO2 SLP127 T10061022,null
CVG,2024-12-11 7:52,31,27,84.92,300,8,0,29.91,1012.9,10,null,OVC,null,null,null,1200,null,null,null,null,null,null,null,null,null,null,22.88,KCVG 110752Z 30008KT 10SM OVC012 M01/M03 A2991 RMK AO2 SLP129 T10061028,null
CVG,2024-12-11 8:52,31,28,88.48,300,6,0,29.9,1012.7,10,null,OVC,null,null,null,1200,null,null,null,null,null,null,null,null,null,null,24.33,KCVG 110852Z 30006KT 10SM OVC012 M01/M02 A2990 RMK AO2 SLP127 T10061022 56004,null
CVG,2024-12-11 9:34,30,27,88.44,300,8,T,29.89,null,2.5,null,BKN,OVC,null,null,1500,2100,null,null,#NAME?,null,null,null,null,null,null,21.65,KCVG 110934Z 30008KT 2 1/2SM -SN BR BKN015 OVC021 M01/M03 A2989 RMK AO2 SNB23 P0000 T10111028,null
CVG,2024-12-11 9:52,30,28,92.15,290,7,0.01,29.89,1012.5,1,null,BKN,OVC,null,null,1000,1500,null,null,#NAME?,null,null,null,null,null,null,22.34,KCVG 110952Z 29007KT 1SM R36C/5500VP6000FT -SN BR BKN010 OVC015 M01/M02 A2989 RMK AO2 SNB23 SLP125 P0001 T10111022,null
CVG,2024-12-11 10:52,30,29,96,290,6,0.03,29.9,1012.6,1,null,SCT,BKN,OVC,null,500,1000,1400,null,#NAME?,null,null,null,null,null,null,23.12,KCVG 111052Z COR 29006KT 1SM R36C/P6000FT -SN BR SCT005 BKN010 OVC014 M01/M02 A2990 RMK AO2 CIG 006 36R SLP126 P0003 T10111017,null
CVG,2024-12-11 11:30,29,27,92.12,290,9,0.02,29.91,null,1,null,SCT,BKN,OVC,null,700,1200,2200,null,#NAME?,null,null,null,null,null,null,19.78,KCVG 111130Z 29009KT 1SM R36C/P6000FT -SN BR SCT007 BKN012 OVC022 M02/M03 A2991 RMK AO2 P0002 T10171028,null
CVG,2024-12-11 11:41,29,27,92.12,280,9,0.03,29.91,null,2,null,FEW,BKN,OVC,null,700,1300,2200,null,#NAME?,null,null,null,null,null,null,19.78,KCVG 111141Z 28009KT 2SM -SN BR FEW007 BKN013 OVC022 M02/M03 A2991 RMK AO2 VIS 1 1/4 36R P0003 T10171028,null
CVG,2024-12-11 11:44,29,27,92.12,280,9,0.03,29.91,null,1.5,null,SCT,OVC,null,null,600,2000,null,null,#NAME?,null,null,null,null,null,null,19.78,KCVG 111144Z 28009KT 1 1/2SM -SN BR SCT006 OVC020 M02/M03 A2991 RMK AO2 P0003 T10171028,null
CVG,2024-12-11 11:52,29,27,92.12,270,8,0.03,29.92,1013.4,3,null,FEW,OVC,null,null,700,2200,null,null,#NAME?,null,null,null,null,null,null,20.42,KCVG 111152Z 27008KT 3SM -SN BR FEW007 OVC022 M02/M03 A2992 RMK AO2 SLP134 4/001 SNINCR 1/1 P0003 60007 70013 T10171028 10000 21017 53005,1
CVG,2024-12-11 12:05,29,27,92.12,260,6,T,29.92,null,7,null,OVC,null,null,null,2300,null,null,null,null,null,null,null,null,null,null,21.92,KCVG 111205Z 26006KT 7SM OVC023 M02/M03 A2992 RMK AO2 SNE1155 P0000 T10171028,null
CVG,2024-12-11 12:52,29,25,84.79,270,9,T,29.92,1013.7,10,null,BKN,OVC,null,null,2500,11000,null,null,null,null,null,null,null,null,null,19.78,KCVG 111252Z 27009KT 10SM BKN025 OVC110 M02/M04 A2992 RMK AO2 SNE1155 SLP137 P0000 T10171039,null
CVG,2024-12-11 13:52,30,25,81.4,270,8,0,29.93,1014.1,10,null,OVC,null,null,null,2300,null,null,null,null,null,null,null,null,null,null,21.65,KCVG 111352Z COR 27008KT 10SM OVC023 M01/M04 A2993 RMK AO2 SLP141 T10111039,null
CVG,2024-12-11 14:52,30,23,74.87,290,13,0,29.96,1014.8,10,null,OVC,null,null,null,2800,null,null,null,null,null,null,null,26,320,2024-12-11 14:39,19.01,KCVG 111452Z 29013KT 10SM OVC028 M01/M05 A2996 RMK AO2 PK WND 32026/1439 SLP148 OVC V BKN 60000 T10111050 53013,null
CVG,2024-12-11 15:32,30,22,71.78,300,12,0,29.96,null,10,25,OVC,null,null,null,3000,null,null,null,null,null,null,null,null,null,null,19.46,KCVG 111532Z 30012G25KT 10SM OVC030 M01/M06 A2996 RMK AO2 T10111056,null
CVG,2024-12-11 15:52,31,22,68.92,290,15,0,29.96,1015.1,10,23,OVC,null,null,null,2900,null,null,null,null,null,null,null,null,null,null,19.48,KCVG 111552Z 29015G23KT 10SM OVC029 M01/M06 A2996 RMK AO2 SLP151 BINOVC T10061056,null
CVG,2024-12-11 16:52,31,22,68.92,300,16,0,29.95,1014.9,10,null,OVC,null,null,null,2900,null,null,null,null,null,null,null,null,null,null,19.11,KCVG 111652Z 30016KT 10SM OVC029 M01/M06 A2995 RMK AO2 SLP149 T10061056,null
CVG,2024-12-11 17:10,32,22,66.2,290,15,0,29.95,null,10,null,OVC,null,null,null,3200,null,null,null,null,null,null,null,null,null,null,20.78,KCVG 111710Z 29015KT 10SM OVC032 00/M06 A2995 RMK AO2 T00001056,null
CVG,2024-12-11 17:52,33,23,66.32,270,13,0,29.94,1014.5,10,null,OVC,null,null,null,3400,null,null,null,null,null,null,null,null,null,null,22.85,KCVG 111752Z 27013KT 10SM OVC034 01/M05 A2994 RMK AO2 SLP145 60000 T00061050 10006 21017 58003,null
CVG,2024-12-11 18:52,34,25,69.28,270,7,0,29.94,1014.2,10,null,OVC,null,null,null,3600,null,null,null,null,null,null,null,null,null,null,27.22,KCVG 111852Z 27007KT 10SM OVC036 01/M04 A2994 RMK AO2 SLP142 BINOVC T00111039,null
CVG,2024-12-11 19:52,35,24,63.85,260,10,0,29.94,1014.3,10,null,SCT,BKN,OVC,null,3700,4600,6000,null,null,null,null,null,null,null,null,26.73,KCVG 111952Z 26010KT 10SM SCT037 BKN046 OVC060 02/M04 A2994 RMK AO2 SLP143 T00171044,null
CVG,2024-12-11 20:52,35,25,66.57,260,11,T,29.95,1014.8,10,17,BKN,BKN,OVC,null,3700,4800,6000,null,#NAME?,null,null,null,null,null,null,26.26,KCVG 112052Z 26011G17KT 10SM -SN BKN037 BKN048 OVC060 02/M04 A2995 RMK AO2 SNB51 SLP148 P0000 60000 T00171039 53002,null
CVG,2024-12-11 21:00,35,25,66.57,250,7,T,29.96,null,10,16,FEW,SCT,OVC,null,3800,4800,6000,null,null,null,null,null,null,null,null,28.44,KCVG 112100Z 25007G16KT 10SM FEW038 SCT048 OVC060 02/M04 A2996 RMK AO2 SNE00 BINOVC OHD P0000 T00171039,null
CVG,2024-12-11 21:45,35,24,63.85,250,12,T,29.97,null,10,19,FEW,OVC,null,null,3900,5500,null,null,#NAME?,null,null,null,null,null,null,25.82,KCVG 112145Z 25012G19KT 10SM -SN FEW039 OVC055 02/M04 A2997 RMK AO2 SNE00B45 P0000 T00171044,null
CVG,2024-12-11 21:52,35,24,63.85,240,9,T,29.97,1015.5,9,19,FEW,OVC,null,null,3600,5000,null,null,#NAME?,null,null,null,null,null,null,27.24,KCVG 112152Z 24009G19KT 9SM -SN FEW036 OVC050 02/M04 A2997 RMK AO2 SNE00B45 SLP155 P0000 T00171044,null
CVG,2024-12-11 22:06,35,25,66.57,240,8,T,29.98,null,10,null,OVC,null,null,null,5000,null,null,null,null,null,null,null,null,null,null,27.81,KCVG 112206Z 24008KT 10SM OVC050 02/M04 A2998 RMK AO2 SNE06 P0000 T00171039,null
CVG,2024-12-11 22:30,35,25,66.57,240,9,T,29.98,null,10,18,FEW,OVC,null,null,3400,5500,null,null,#NAME?,null,null,null,null,null,null,27.24,KCVG 112230Z 24009G18KT 10SM -SN FEW034 OVC055 02/M04 A2998 RMK AO2 SNE06B30 P0000 T00171039,null
CVG,2024-12-11 22:44,35,24,63.85,240,11,T,29.98,null,10,17,FEW,BKN,OVC,null,3500,5500,7000,null,null,null,null,null,null,null,null,26.26,KCVG 112244Z 24011G17KT 10SM FEW035 BKN055 OVC070 02/M04 A2998 RMK AO2 SNE06B30E44 BINOVC OHD P0000 T00171044,null
CVG,2024-12-11 22:52,35,24,63.85,240,9,T,29.98,1015.8,10,17,FEW,SCT,OVC,null,3500,5500,7000,null,null,null,null,null,null,null,null,27.24,KCVG 112252Z 24009G17KT 10SM FEW035 SCT055 OVC070 02/M04 A2998 RMK AO2 SNE06B30E44 SLP158 BINOVC OHD P0000 T00171044,null
CVG,2024-12-11 23:52,34,25,69.28,260,14,0,30.01,1016.8,10,20,SCT,BKN,OVC,null,3000,4200,8000,null,null,null,null,null,null,null,null,23.74,KCVG 112352Z 26014G20KT 10SM SCT030 BKN042 OVC080 01/M04 A3001 RMK AO2 SLP168 BINOVC OHD 60000 T00111039 10022 20006 53019,null
CVG,2024-12-12 0:12,34,26,72.22,270,16,T,30.02,null,6,27,BKN,BKN,OVC,null,2500,3200,3900,null,#NAME?,null,null,null,27,270,2024-12-12 0:11,23.03,KCVG 120012Z 27016G27KT 6SM -SN BKN025 BKN032 OVC039 01/M03 A3002 RMK AO2 PK WND 27027/0011 SNB12 P0000 T00111033,null
CVG,2024-12-12 0:16,33,27,78.34,290,19,T,30.03,null,1.5,27,FEW,BKN,OVC,null,1500,2500,3800,null,#NAME?,null,null,null,27,270,2024-12-12 0:14,20.76,KCVG 120016Z 29019G27KT 1 1/2SM -SN FEW015 BKN025 OVC038 01/M03 A3003 RMK AO2 PK WND 27027/0014 SNB12 P0000 T00061028,null
CVG,2024-12-12 0:27,31,28,88.48,280,14,T,30.03,null,7,26,FEW,SCT,SCT,null,1200,2400,7000,null,#NAME?,null,null,null,27,270,2024-12-12 0:14,19.87,KCVG 120027Z 28014G26KT 7SM -SN FEW012 SCT024 SCT070 M01/M02 A3003 RMK AO2 PK WND 27027/0014 SNB12 P0000 T10061022,null
CVG,2024-12-12 0:32,30,28,92.15,280,14,T,30.03,null,10,null,FEW,SCT,null,null,1000,7000,null,null,null,null,null,null,27,270,2024-12-12 0:14,18.58,KCVG 120032Z 28014KT 10SM FEW010 SCT070 M01/M02 A3003 RMK AO2 PK WND 27027/0014 SNB12E32 P0000 T10111022,null
CVG,2024-12-12 0:52,30,28,92.15,270,9,0.01,30.03,1017.7,10,null,FEW,FEW,null,null,1500,7000,null,null,null,null,null,null,27,270,2024-12-12 0:14,21.03,KCVG 120052Z 27009KT 10SM FEW015 FEW070 M01/M02 A3003 RMK AO2 PK WND 27027/0014 SNB12E32 SLP177 P0001 T10111022,null
CVG,2024-12-12 1:52,32,25,75.07,250,13,0,30.05,1018.2,10,21,FEW,SCT,BKN,null,2700,3600,5500,null,null,null,null,null,26,290,2024-12-12 1:38,21.57,KCVG 120152Z 25013G21KT 10SM FEW027 SCT036 BKN055 00/M04 A3005 RMK AO2 PK WND 29026/0138 SLP182 T00001039,null
CVG,2024-12-12 2:17,32,25,75.07,260,14,T,30.06,null,10,25,BKN,OVC,null,null,2500,3300,null,null,#NAME?,null,null,null,null,null,null,21.16,KCVG 120217Z 26014G25KT 10SM -SN BKN025 OVC033 00/M04 A3006 RMK AO2 SNB17 BINOVC P0000 T00001039,null
CVG,2024-12-12 2:52,32,26,78.25,280,13,T,30.08,1019.2,10,20,SCT,BKN,OVC,null,2100,2600,3900,null,#NAME?,null,null,null,null,null,null,21.57,KCVG 120252Z 28013G20KT 10SM -SN SCT021 BKN026 OVC039 00/M03 A3008 RMK AO2 SNB17 SLP192 BINOVC OHD P0000 60001 T00001033 53023,null
CVG,2024-12-12 3:06,30,22,71.78,290,19,T,30.09,null,9,28,SCT,BKN,null,null,2200,3300,null,null,#NAME?,null,null,null,28,300,2024-12-12 2:55,16.79,KCVG 120306Z 29019G28KT 9SM -SN SCT022 BKN033 M01/M06 A3009 RMK AO2 PK WND 30028/0255 P0000 T10111056,null
CVG,2024-12-12 3:14,29,20,68.69,300,23,T,30.09,null,10,32,FEW,BKN,BKN,null,2100,3400,4200,null,null,null,null,null,32,310,2024-12-12 3:10,14.28,KCVG 120314Z 30023G32KT 10SM FEW021 BKN034 BKN042 M02/M07 A3009 RMK AO2 PK WND 31032/0310 SNE14 P0000 T10171067,null
CVG,2024-12-12 3:52,27,17,65.56,290,17,T,30.12,1020.6,10,26,FEW,null,null,null,4200,null,null,null,null,null,null,null,32,310,2024-12-12 3:10,13.52,KCVG 120352Z 29017G26KT 10SM FEW042 M03/M08 A3012 RMK AO2 PK WND 31032/0310 SNE14 SLP206 P0000 T10281083,null
CVG,2024-12-12 4:52,26,15,62.64,270,13,0,30.13,1020.9,10,20,CLR,null,null,null,null,null,null,null,null,null,null,null,27,280,2024-12-12 4:01,13.88,KCVG 120452Z 27013G20KT 10SM CLR M03/M09 A3013 RMK AO2 PK WND 28027/0401 SLP209 T10331094 400221033,null
CVG,2024-12-12 5:52,26,12,54.9,260,12,0,30.13,1021,10,19,CLR,null,null,null,null,null,null,null,null,null,null,null,null,null,null,14.37,KCVG 120552Z 26012G19KT 10SM CLR M03/M11 A3013 RMK AO2 SLP210 60001 T10331111 10011 21033 51018,null
CVG,2024-12-12 6:52,26,13,57.38,260,10,0,30.14,1021.3,10,19,CLR,null,null,null,null,null,null,null,null,null,null,null,null,null,null,15.44,KCVG 120652Z 26010G19KT 10SM CLR M03/M11 A3014 RMK AO2 SLP213 T10331106,null
CVG,2024-12-12 7:52,25,13,59.82,270,15,0,30.18,1022.6,10,23,CLR,null,null,null,null,null,null,null,null,null,null,null,null,null,null,11.71,KCVG 120752Z 27015G23KT 10SM CLR M04/M11 A3018 RMK AO2 SLP226 T10391106,null
CVG,2024-12-12 8:52,23,13,65.03,270,8,0,30.21,1023.5,10,null,CLR,null,null,null,null,null,null,null,null,null,null,null,null,null,null,13.03,KCVG 120852Z 27008KT 10SM CLR M05/M11 A3021 RMK AO2 SLP235 T10501106 53024,null
CVG,2024-12-12 9:52,23,8,52.04,260,10,0,30.23,1024.5,10,null,CLR,null,null,null,null,null,null,null,null,null,null,null,null,null,null,11.68,KCVG 120952Z 26010KT 10SM CLR M05/M13 A3023 RMK AO2 SLP245 T10501133,null
CVG,2024-12-12 10:52,21,5,49.41,270,12,0,30.28,1026.1,10,22,CLR,null,null,null,null,null,null,null,null,null,null,null,null,null,null,8,KCVG 121052Z 27012G22KT 10SM CLR M06/M15 A3028 RMK AO2 SLP261 T10611150,null
CVG,2024-12-12 11:52,20,2,44.89,270,14,0,30.32,1027.7,10,null,CLR,null,null,null,null,null,null,null,null,null,null,null,null,null,null,5.69,KCVG 121152Z 27014KT 10SM CLR M07/M17 A3032 RMK AO2 PRESRR SLP277 70001 T10671167 11033 21067 53039,null
CVG,2024-12-12 12:52,19,2,46.85,260,10,0,30.34,1028.5,10,null,CLR,null,null,null,null,null,null,null,null,null,null,null,null,null,null,6.67,KCVG 121252Z 26010KT 10SM CLR M07/M17 A3034 RMK AO2 SLP285 T10721167,null
CVG,2024-12-12 13:52,21,4,47.19,250,9,0,30.38,1029.5,10,null,FEW,null,null,null,7000,null,null,null,null,null,null,null,null,null,null,9.84,KCVG 121352Z 25009KT 10SM FEW070 M06/M16 A3038 RMK AO2 SLP295 T10611156,null
CVG,2024-12-12 14:52,22,2,41.24,260,10,0,30.41,1030.6,10,null,FEW,null,null,null,8000,null,null,null,null,null,null,null,null,null,null,10.43,KCVG 121452Z 26010KT 10SM FEW080 M06/M17 A3041 RMK AO2 SLP306 T10561167 53028,null
CVG,2024-12-12 15:52,24,5,43.54,270,8,0,30.43,1031.5,10,null,SCT,null,null,null,7000,null,null,null,null,null,null,null,null,null,null,14.26,KCVG 121552Z 27008KT 10SM SCT070 M04/M15 A3043 RMK AO2 SLP315 T10441150,null
CVG,2024-12-12 16:52,25,6,43.71,270,9,0,30.43,1031.4,10,null,OVC,null,null,null,6000,null,null,null,null,null,null,null,null,null,null,14.81,KCVG 121652Z 27009KT 10SM OVC060 M04/M14 A3043 RMK AO2 SLP314 T10391144,null
CVG,2024-12-12 17:52,27,4,36.72,230,13,0,30.41,1030.6,10,17,BKN,BKN,null,null,9000,12000,null,null,null,null,null,null,null,null,null,15.16,KCVG 121752Z 23013G17KT 10SM BKN090 BKN120 M03/M16 A3041 RMK AO2 SLP306 T10281156 11028 21072 50000,null
CVG,2024-12-12 18:52,29,5,35.41,240,7,0,30.39,1030,10,14,SCT,SCT,null,null,7500,25000,null,null,null,null,null,null,null,null,null,21.12,KCVG 121852Z 24007G14KT 10SM SCT075 SCT250 M02/M15 A3039 RMK AO2 SLP300 T10171150,null
CVG,2024-12-12 19:52,30,5,33.99,250,4,0,30.37,1029.3,10,null,BKN,BKN,BKN,null,6000,10000,25000,null,null,null,null,null,null,null,null,25.08,KCVG 121952Z 25004KT 10SM BKN060 BKN100 BKN250 M01/M15 A3037 RMK AO2 SLP293 T10111150,null
CVG,2024-12-12 20:52,30,7,37.24,230,4,0,30.37,1029.3,10,null,FEW,BKN,null,null,6000,7500,null,null,null,null,null,null,null,null,null,25.08,KCVG 122052Z 23004KT 10SM FEW060 BKN075 M01/M14 A3037 RMK AO2 SLP293 T10111139 55012,null
CVG,2024-12-12 21:52,30,7,37.24,270,3,0,30.38,1029.5,10,null,FEW,SCT,null,null,12000,14000,null,null,null,null,null,null,null,null,null,26.4,KCVG 122152Z 27003KT 10SM FEW120 SCT140 M01/M14 A3038 RMK AO2 SLP295 T10111139,null
CVG,2024-12-12 22:52,27,11,50.39,360,6,0,30.39,1030.1,10,null,BKN,null,null,null,15000,null,null,null,null,null,null,null,null,null,null,19.51,KCVG 122252Z 36006KT 10SM BKN150 M03/M12 A3039 RMK AO2 SLP301 T10281117,null
CVG,2024-12-12 23:52,27,10,48.2,10,7,0,30.4,1030.3,10,null,FEW,BKN,null,null,12000,15000,null,null,null,null,null,null,null,null,null,18.68,KCVG 122352Z 01007KT 10SM FEW120 BKN150 M03/M12 A3040 RMK AO2 SLP303 T10281122 11006 21033 53008,null
CVG,2024-12-13 0:52,27,10,48.2,20,6,0,30.4,1030.5,10,null,OVC,null,null,null,16000,null,null,null,null,null,null,null,null,null,null,19.51,KCVG 130052Z 02006KT 10SM OVC160 M03/M12 A3040 RMK AO2 SLP305 BINOVC T10281122,null
CVG,2024-12-13 1:52,25,10,52.36,30,6,0,30.41,1030.7,10,null,FEW,null,null,null,15000,null,null,null,null,null,null,null,null,null,null,17.1,KCVG 130152Z 03006KT 10SM FEW150 M04/M12 A3041 RMK AO2 SLP307 T10391122,null
CVG,2024-12-13 2:52,25,10,52.36,30,7,0,30.42,1031,10,null,FEW,null,null,null,7000,null,null,null,null,null,null,null,null,null,null,16.25,KCVG 130252Z 03007KT 10SM FEW070 M04/M12 A3042 RMK AO2 SLP310 T10391122 53007,null
CVG,2024-12-13 3:52,24,12,59.67,60,7,0,30.43,1031.3,10,null,FEW,null,null,null,7000,null,null,null,null,null,null,null,null,null,null,15.03,KCVG 130352Z 06007KT 10SM FEW070 M04/M11 A3043 RMK AO2 SLP313 T10441111,null
CVG,2024-12-13 4:52,23,13,65.03,40,6,0,30.45,1031.9,10,null,CLR,null,null,null,null,null,null,null,null,null,null,null,null,null,null,14.69,KCVG 130452Z 04006KT 10SM CLR M05/M11 A3045 RMK AO2 SLP319 T10501106 410061072,null
CVG,2024-12-13 5:52,23,15,70.99,40,6,0,30.45,1032.2,10,null,CLR,null,null,null,null,null,null,null,null,null,null,null,null,null,null,14.69,KCVG 130552Z 04006KT 10SM CLR M05/M09 A3045 RMK AO2 SLP322 T10501094 11028 21050 51012,null
CVG,2024-12-13 6:52,23,16,74.15,50,6,0,30.46,1032.5,10,null,CLR,null,null,null,null,null,null,null,null,null,null,null,null,null,null,14.69,KCVG 130652Z 05006KT 10SM CLR M05/M09 A3046 RMK AO2 SLP325 T10501089,null
CVG,2024-12-13 7:52,22,16,77.34,70,5,0,30.47,1032.9,10,null,CLR,null,null,null,null,null,null,null,null,null,null,null,null,null,null,14.52,KCVG 130752Z 07005KT 10SM CLR M06/M09 A3047 RMK AO2 SLP329 T10561089,null
CVG,2024-12-13 8:52,23,16,74.15,60,6,0,30.49,1033.2,10,null,BKN,null,null,null,25000,null,null,null,null,null,null,null,null,null,null,14.69,KCVG 130852Z 06006KT 10SM BKN250 M05/M09 A3049 RMK AO2 SLP332 T10501089 53011,null
CVG,2024-12-13 9:52,23,17,77.44,60,8,0,30.5,1033.6,10,null,CLR,null,null,null,null,null,null,null,null,null,null,null,null,null,null,13.03,KCVG 130952Z 06008KT 10SM CLR M05/M08 A3050 RMK AO2 SLP336 T10501083,null
CVG,2024-12-13 10:52,23,17,77.44,50,9,0,30.51,1034.2,10,null,BKN,null,null,null,12000,null,null,null,null,null,null,null,null,null,null,12.32,KCVG 131052Z 05009KT 10SM BKN120 M05/M08 A3051 RMK AO2 SLP342 T10501083,null
CVG,2024-12-13 11:52,23,18,80.85,50,9,0,30.53,1034.9,10,null,BKN,null,null,null,20000,null,null,null,null,null,null,null,null,null,null,12.32,KCVG 131152Z 05009KT 10SM BKN200 M05/M08 A3053 RMK AO2 SLP349 T10501078 11044 21056 53015,null
CVG,2024-12-13 12:52,23,18,80.85,70,9,0,30.56,1035.7,10,null,SCT,null,null,null,20000,null,null,null,null,null,null,null,null,null,null,12.32,KCVG 131252Z 07009KT 10SM SCT200 M05/M08 A3056 RMK AO2 SLP357 T10501078,null
CVG,2024-12-13 13:52,24,18,77.53,70,11,0,30.57,1036.2,10,null,FEW,OVC,null,null,15000,25000,null,null,null,null,null,null,null,null,null,12.36,KCVG 131352Z 07011KT 10SM FEW150 OVC250 M04/M08 A3057 RMK AO2 SLP362 T10441078,null
CVG,2024-12-13 14:52,26,19,74.46,60,9,0,30.59,1036.9,10,null,OVC,null,null,null,25000,null,null,null,null,null,null,null,null,null,null,16.05,KCVG 131452Z 06009KT 10SM OVC250 M03/M07 A3059 RMK AO2 SLP369 T10331072 51020,null
CVG,2024-12-13 15:52,29,19,65.81,80,8,0,30.6,1037.2,10,null,BKN,null,null,null,25000,null,null,null,null,null,null,null,null,null,null,20.42,KCVG 131552Z 08008KT 10SM BKN250 M02/M07 A3060 RMK AO2 SLP372 T10171072,null
CVG,2024-12-13 16:52,32,20,60.81,70,6,0,30.59,1036.9,10,null,FEW,SCT,null,null,18000,25000,null,null,null,null,null,null,null,null,null,25.53,KCVG 131652Z 07006KT 10SM FEW180 SCT250 00/M07 A3059 RMK AO2 SLP369 T00001067,null
CVG,2024-12-13 17:52,34,21,58.56,100,5,0,30.58,1036.3,10,null,FEW,SCT,null,null,15000,25000,null,null,null,null,null,null,null,null,null,28.77,KCVG 131752Z 10005KT 10SM FEW150 SCT250 01/M06 A3058 RMK AO2 SLP363 T00111061 10011 21050 58004,null
CVG,2024-12-13 18:52,36,22,56.42,60,6,0,30.56,1035.8,10,null,SCT,null,null,null,25000,null,null,null,null,null,null,null,null,null,null,30.35,KCVG 131852Z 06006KT 10SM SCT250 02/M06 A3056 RMK AO2 SLP358 T00221056,null
CVG,2024-12-13 19:52,36,22,56.42,40,8,0,30.56,1035.6,10,null,FEW,FEW,OVC,null,16000,21000,25000,null,null,null,null,null,null,null,null,29.04,KCVG 131952Z 04008KT 10SM FEW160 FEW210 OVC250 02/M06 A3056 RMK AO2 SLP356 T00221056,null
CVG,2024-12-13 20:52,37,22,54.23,60,9,0,30.57,1036,10,null,FEW,OVC,null,null,21000,25000,null,null,null,null,null,null,null,null,null,29.73,KCVG 132052Z 06009KT 10SM FEW210 OVC250 03/M06 A3057 RMK AO2 SLP360 T00281056 55003,null
CVG,2024-12-13 21:52,35,23,61.23,80,7,0,30.58,1036.2,10,null,FEW,OVC,null,null,21000,25000,null,null,null,null,null,null,null,null,null,28.44,KCVG 132152Z 08007KT 10SM FEW210 OVC250 02/M05 A3058 RMK AO2 SLP362 T00171050,null
CVG,2024-12-13 22:52,34,23,63.72,70,10,0,30.59,1036.8,10,null,BKN,OVC,null,null,20000,25000,null,null,null,null,null,null,null,null,null,25.48,KCVG 132252Z 07010KT 10SM BKN200 OVC250 01/M05 A3059 RMK AO2 SLP368 T00111050,null
CVG,2024-12-13 23:52,33,24,69.16,80,8,0,30.6,1037.2,10,null,BKN,BKN,null,null,18000,25000,null,null,null,null,null,null,null,null,null,25.34,KCVG 132352Z 08008KT 10SM BKN180 BKN250 01/M04 A3060 RMK AO2 SLP372 T00061044 10028 20006 52010,null
CVG,2024-12-14 0:52,32,24,72,70,9,0,30.62,1037.7,10,null,FEW,SCT,null,null,20000,25000,null,null,null,null,null,null,null,null,null,23.51,KCVG 140052Z 07009KT 10SM FEW200 SCT250 00/M04 A3062 RMK AO2 SLP377 T00001044,null
CVG,2024-12-14 1:52,31,23,71.89,70,10,0,30.61,1037.4,10,null,BKN,null,null,null,25000,null,null,null,null,null,null,null,null,null,null,21.71,KCVG 140152Z 07010KT 10SM BKN250 M01/M05 A3061 RMK AO2 SLP374 T10061050,null
CVG,2024-12-14 2:52,30,23,74.87,70,7,0,30.61,1037.4,10,null,SCT,null,null,null,23000,null,null,null,null,null,null,null,null,null,null,22.34,KCVG 140252Z 07007KT 10SM SCT230 M01/M05 A3061 RMK AO2 SLP374 T10111050 51003,null
CVG,2024-12-14 3:52,29,23,77.98,70,10,0,30.62,1037.5,10,null,SCT,null,null,null,23000,null,null,null,null,null,null,null,null,null,null,19.21,KCVG 140352Z 07010KT 10SM SCT230 M02/M05 A3062 RMK AO2 SLP375 T10171050,null
CVG,2024-12-14 4:52,29,23,77.98,70,8,0,30.62,1037.5,10,null,FEW,null,null,null,25000,null,null,null,null,null,null,null,null,null,null,20.42,KCVG 140452Z 07008KT 10SM FEW250 M02/M05 A3062 RMK AO2 SLP375 T10171050 400281056,null
CVG,2024-12-14 5:52,28,22,77.89,70,8,0,30.6,1037.1,10,null,SCT,null,null,null,25000,null,null,null,null,null,null,null,null,null,null,19.19,KCVG 140552Z 07008KT 10SM SCT250 M02/M06 A3060 RMK AO2 SLP371 T10221056 10006 21022 58003,null
CVG,2024-12-14 6:52,28,22,77.89,80,6,0,30.6,1036.8,10,null,SCT,null,null,null,25000,null,null,null,null,null,null,null,null,null,null,20.71,KCVG 140652Z 08006KT 10SM SCT250 M02/M06 A3060 RMK AO2 SLP368 T10221056,null
CVG,2024-12-14 7:52,27,22,81.17,70,6,0,30.61,1037.2,10,null,FEW,null,null,null,25000,null,null,null,null,null,null,null,null,null,null,19.51,KCVG 140752Z 07006KT 10SM FEW250 M03/M06 A3061 RMK AO2 SLP372 T10281056,null
CVG,2024-12-14 8:52,27,22,81.17,80,5,0,30.61,1037.1,10,null,FEW,null,null,null,25000,null,null,null,null,null,null,null,null,null,null,20.46,KCVG 140852Z 08005KT 10SM FEW250 M03/M06 A3061 RMK AO2 SLP371 T10281056 53001,null
CVG,2024-12-14 9:52,27,22,81.17,80,6,0,30.6,1036.9,10,null,SCT,null,null,null,25000,null,null,null,null,null,null,null,null,null,null,19.51,KCVG 140952Z 08006KT 10SM SCT250 M03/M06 A3060 RMK AO2 SLP369 T10281056,null
CVG,2024-12-14 10:52,26,22,84.59,90,5,0,30.59,1036.5,10,null,BKN,null,null,null,25000,null,null,null,null,null,null,null,null,null,null,19.27,KCVG 141052Z 09005KT 10SM BKN250 M03/M06 A3059 RMK AO2 SLP365 T10331056,null
CVG,2024-12-14 11:52,28,22,77.89,90,7,0,30.59,1036.7,10,null,BKN,null,null,null,25000,null,null,null,null,null,null,null,null,null,null,19.9,KCVG 141152Z 09007KT 10SM BKN250 M02/M06 A3059 RMK AO2 SLP367 T10221056 11017 21033 55005,null
CVG,2024-12-14 12:52,27,22,81.17,100,5,0,30.6,1036.8,10,null,BKN,null,null,null,22000,null,null,null,null,null,null,null,null,null,null,20.46,KCVG 141252Z 10005KT 10SM BKN220 M03/M06 A3060 RMK AO2 SLP368 T10281056,null
CVG,2024-12-14 13:52,29,23,77.98,90,7,0,30.6,1036.9,10,null,BKN,null,null,null,25000,null,null,null,null,null,null,null,null,null,null,21.12,KCVG 141352Z 09007KT 10SM BKN250 M02/M05 A3060 RMK AO2 SLP369 T10171050,null
CVG,2024-12-14 14:52,33,24,69.16,100,8,0,30.6,1037,10,null,BKN,null,null,null,25000,null,null,null,null,null,null,null,null,null,null,25.34,KCVG 141452Z 10008KT 10SM BKN250 01/M04 A3060 RMK AO2 SLP370 T00061044 53004,null
CVG,2024-12-14 15:52,37,26,64.11,110,7,0,30.58,1036.4,10,null,SCT,BKN,null,null,4600,25000,null,null,null,null,null,null,null,null,null,30.87,KCVG 141552Z 11007KT 10SM SCT046 BKN250 03/M03 A3058 RMK AO2 SLP364 T00281033,null
CVG,2024-12-14 16:52,40,28,61.91,100,7,0,30.56,1035.5,10,null,FEW,BKN,null,null,4500,25000,null,null,null,null,null,null,null,null,null,34.53,KCVG 141652Z 10007KT 10SM FEW045 BKN250 04/M02 A3056 RMK AO2 SLP355 T00441022,null
CVG,2024-12-14 17:52,46,29,51.24,110,7,0,30.52,1034.1,10,null,FEW,SCT,null,null,5000,10000,null,null,null,null,null,null,null,null,null,41.84,KCVG 141752Z 11007KT 10SM FEW050 SCT100 08/M02 A3052 RMK AO2 SLP341 T00781017 10078 21028 58026,null
CVG,2024-12-14 18:52,48,28,45.61,120,7,0,30.5,1033.3,10,null,BKN,null,null,null,6000,null,null,null,null,null,null,null,null,null,null,44.28,KCVG 141852Z 12007KT 10SM BKN060 09/M02 A3050 RMK AO2 SLP333 T00891022,null
CVG,2024-12-14 19:52,50,29,44.1,100,6,0,30.48,1032.5,10,null,OVC,null,null,null,7000,null,null,null,null,null,null,null,null,null,null,50,KCVG 141952Z 10006KT 10SM OVC070 10/M02 A3048 RMK AO2 SLP325 T01001017,null
CVG,2024-12-14 20:52,48,29,47.52,90,8,0,30.46,1031.9,10,null,BKN,null,null,null,7000,null,null,null,null,null,null,null,null,null,null,43.82,KCVG 142052Z 09008KT 10SM BKN070 09/M02 A3046 RMK AO2 SLP319 T00891017 56022,null
CVG,2024-12-14 21:52,48,29,47.52,90,7,0,30.45,1031.4,10,null,BKN,null,null,null,6000,null,null,null,null,null,null,null,null,null,null,44.28,KCVG 142152Z 09007KT 10SM BKN060 09/M02 A3045 RMK AO2 SLP314 T00891017,null
CVG,2024-12-14 22:52,47,32,55.73,100,11,T,30.42,1030.7,10,null,BKN,OVC,null,null,5500,7000,null,null,null,null,null,null,null,null,null,41.42,KCVG 142252Z 10011KT 10SM BKN055 OVC070 08/00 A3042 RMK AO2 RAB28E41 SLP307 P0000 T00830000,null
CVG,2024-12-14 23:52,46,32,57.87,120,9,T,30.42,1030.5,10,null,OVC,null,null,null,6000,null,null,null,null,null,null,null,null,null,null,40.92,KCVG 142352Z 12009KT 10SM OVC060 08/00 A3042 RMK AO2 RAB42E52 SLP305 P0000 60000 T00780000 10100 20078 56014,null
CVG,2024-12-15 0:52,43,36,76.12,110,12,0.01,30.4,1029.9,10,null,SCT,BKN,OVC,null,5000,6500,8000,null,#NAME?,null,null,null,null,null,null,36,KCVG 150052Z 11012KT 10SM -RA SCT050 BKN065 OVC080 06/02 A3040 RMK AO2 RAB2356 SLP299 P0001 T00610022,null
CVG,2024-12-15 1:52,43,36,76.12,100,10,0.01,30.39,1029.7,10,null,FEW,BKN,OVC,null,4900,6000,7500,null,#NAME?,null,null,null,null,null,null,36.76,KCVG 150152Z 10010KT 10SM -RA FEW049 BKN060 OVC075 06/02 A3039 RMK AO2 SLP297 P0001 T00610022,null
CVG,2024-12-15 2:52,44,37,76.22,140,9,0.01,30.39,1029.3,8,null,OVC,null,null,null,6000,null,null,null,#NAME?,null,null,null,null,null,null,38.44,KCVG 150252Z 14009KT 8SM -RA OVC060 07/03 A3039 RMK AO2 RAE00B28 SLP293 P0001 60003 T00670028 56010,null
CVG,2024-12-15 3:52,43,38,82.37,120,10,0.08,30.37,1028.9,5,null,OVC,null,null,null,5500,null,null,null,RA,null,null,null,null,null,null,36.76,KCVG 150352Z 12010KT 5SM RA OVC055 06/03 A3037 RMK AO2 SLP289 P0008 T00610033,null
CVG,2024-12-15 4:52,43,39,85.66,120,12,0.09,30.34,1027.6,6,21,BKN,OVC,null,null,4800,6000,null,null,RA BR,null,null,null,26,110,2024-12-15 4:42,36,KCVG 150452Z 12012G21KT 6SM RA BR BKN048 OVC060 06/04 A3034 RMK AO2 PK WND 11026/0442 SLP276 P0009 T00610039 401001033,null
CVG,2024-12-15 5:52,43,40,89.06,130,14,0.05,30.31,1026.5,10,22,BKN,OVC,null,null,4900,6000,null,null,#NAME?,null,null,null,null,null,null,35.34,KCVG 150552Z 13014G22KT 10SM -RA BKN049 OVC060 06/04 A3031 RMK AO2 SLP265 P0005 60025 T00610044 10078 20056 58025,null
CVG,2024-12-15 6:52,44,40,85.71,150,10,T,30.28,1025.4,10,22,OVC,null,null,null,5500,null,null,null,#NAME?,null,null,null,28,120,2024-12-15 6:22,38.02,KCVG 150652Z 15010G22KT 10SM -RA OVC055 07/04 A3028 RMK AO2 PK WND 12028/0622 SLP254 P0000 T00670044,null
CVG,2024-12-15 7:52,45,40,82.51,150,15,0.05,30.27,1025.2,8,24,FEW,BKN,OVC,null,3400,6000,7000,null,RA,null,null,null,null,null,null,37.63,KCVG 150752Z 15015G24KT 8SM RA FEW034 BKN060 OVC070 07/04 A3027 RMK AO2 SLP252 P0005 T00720044,null
CVG,2024-12-15 8:52,44,41,89.11,160,13,0.07,30.29,1025.8,9,null,OVC,null,null,null,3400,null,null,null,#NAME?,null,null,null,null,null,null,36.94,KCVG 150852Z 16013KT 9SM -RA OVC034 07/05 A3029 RMK AO2 SLP258 P0007 60012 T00670050 55007,null
CVG,2024-12-15 9:52,43,41,92.58,160,12,0.07,30.29,1025.6,10,null,BKN,BKN,OVC,null,3500,4400,6000,null,#NAME?,null,null,null,null,null,null,36,KCVG 150952Z 16012KT 10SM -RA BKN035 BKN044 OVC060 06/05 A3029 RMK AO2 SLP256 P0007 T00610050,null
CVG,2024-12-15 10:27,43,41,92.58,160,11,0.07,30.31,null,6,16,BKN,OVC,null,null,2900,3600,null,null,#NAME?,null,null,null,null,null,null,36.37,KCVG 151027Z 16011G16KT 6SM -RA BR BKN029 OVC036 06/05 A3031 RMK AO2 P0007 T00610050,null
CVG,2024-12-15 10:52,43,41,92.58,150,12,0.08,30.3,1026,10,null,BKN,OVC,null,null,2900,3800,null,null,#NAME?,null,null,null,null,null,null,36,KCVG 151052Z 15012KT 10SM -RA BKN029 OVC038 06/05 A3030 RMK AO2 SLP260 P0008 T00610050,null
CVG,2024-12-15 11:05,43,41,92.58,150,14,T,30.29,null,10,null,SCT,BKN,OVC,null,2700,3600,6000,null,#NAME?,null,null,null,null,null,null,35.34,KCVG 151105Z 15014KT 10SM -RA SCT027 BKN036 OVC060 06/05 A3029 RMK AO2 CIG 026 36R P0000 T00610050,null
CVG,2024-12-15 11:40,43,41,92.58,150,13,0.03,30.29,null,8,null,BKN,BKN,OVC,null,2000,2500,4700,null,#NAME?,null,null,null,null,null,null,35.66,KCVG 151140Z 15013KT 8SM -RA BKN020 BKN025 OVC047 06/05 A3029 RMK AO2 P0003 T00610050,null
CVG,2024-12-15 11:52,43,41,92.58,150,11,0.03,30.29,1025.9,7,null,BKN,OVC,null,null,2200,2700,null,null,#NAME?,null,null,null,null,null,null,36.37,KCVG 151152Z 15011KT 7SM -RA BKN022 OVC027 06/05 A3029 RMK AO2 SLP259 P0003 60030 70055 T00610050 10072 20061 53001,null
CVG,2024-12-15 12:52,43,41,92.58,160,10,0.02,30.3,1026.2,10,null,BKN,OVC,null,null,1800,2600,null,null,null,null,null,null,null,null,null,36.76,KCVG 151252Z 16010KT 10SM BKN018 OVC026 06/05 A3030 RMK AO2 RAE34 SLP262 P0002 T00610050,null
CVG,2024-12-15 13:52,43,42,96.23,180,10,T,30.3,1026.1,9,null,OVC,null,null,null,1500,null,null,null,#NAME?,null,null,null,null,null,null,36.76,KCVG 151352Z 18010KT 9SM -RA OVC015 06/06 A3030 RMK AO2 RAB05E25B51 SLP261 P0000 T00610056,null
CVG,2024-12-15 14:43,44,43,96.24,160,12,0.01,30.3,null,10,null,OVC,null,null,null,1100,null,null,null,null,null,null,null,null,null,null,37.27,KCVG 151443Z 16012KT 10SM OVC011 07/06 A3030 RMK AO2 RAE41 P0001 T00670061,null
CVG,2024-12-15 14:52,44,43,96.24,160,11,0.01,30.3,1026.2,10,null,OVC,null,null,null,1100,null,null,null,null,null,null,null,null,null,null,37.63,KCVG 151452Z 16011KT 10SM OVC011 07/06 A3030 RMK AO2 RAE41 SLP262 P0001 60003 T00670061 53003,null
CVG,2024-12-15 15:29,45,44,96.26,170,12,0,30.31,null,10,null,OVC,null,null,null,800,null,null,null,null,null,null,null,null,null,null,38.55,KCVG 151529Z 17012KT 10SM OVC008 07/07 A3031 RMK AO2 T00720067,null
CVG,2024-12-15 15:52,45,44,96.26,180,11,0,30.31,1026.5,10,null,OVC,null,null,null,600,null,null,null,null,null,null,null,null,null,null,38.89,KCVG 151552Z 18011KT 10SM OVC006 07/07 A3031 RMK AO2 SLP265 T00720067,null
CVG,2024-12-15 16:52,48,46,92.74,180,10,0,30.28,1025.5,10,null,OVC,null,null,null,700,null,null,null,null,null,null,null,null,null,null,43.03,KCVG 151652Z 18010KT 10SM OVC007 09/08 A3028 RMK AO2 SLP255 T00890078,null
CVG,2024-12-15 17:52,49,47,92.77,190,11,0,30.26,1024.8,10,null,OVC,null,null,null,700,null,null,null,null,null,null,null,null,null,null,43.95,KCVG 151752Z 19011KT 10SM OVC007 09/08 A3026 RMK AO2 SLP248 60003 T00940083 10094 20061 58014,null
CVG,2024-12-15 18:52,50,48,92.8,190,6,0,30.24,1023.9,10,null,BKN,OVC,null,null,800,1200,null,null,null,null,null,null,null,null,null,50,KCVG 151852Z 19006KT 10SM BKN008 OVC012 10/09 A3024 RMK AO2 SLP239 T01000089,null
CVG,2024-12-15 19:16,51,49,92.83,190,7,0,30.23,null,10,null,BKN,OVC,null,null,1000,1600,null,null,null,null,null,null,null,null,null,51,KCVG 151916Z 19007KT 10SM BKN010 OVC016 11/09 A3023 RMK AO2 T01060094,null
CVG,2024-12-15 19:52,51,49,92.83,190,7,0,30.22,1023.3,10,null,BKN,OVC,null,null,900,2800,null,null,null,null,null,null,null,null,null,51,KCVG 151952Z 19007KT 10SM BKN009 OVC028 11/09 A3022 RMK AO2 SLP233 T01060094,null
CVG,2024-12-15 20:36,52,49,89.46,180,7,0,30.22,null,10,null,BKN,BKN,OVC,null,1200,2900,3800,null,null,null,null,null,null,null,null,52,KCVG 152036Z 18007KT 10SM BKN012 BKN029 OVC038 11/09 A3022 RMK AO2 T01110094,null
CVG,2024-12-15 20:52,52,49,89.46,190,7,0,30.22,1023.2,10,null,FEW,BKN,null,null,1300,3800,null,null,null,null,null,null,null,null,null,52,KCVG 152052Z 19007KT 10SM FEW013 BKN038 11/09 A3022 RMK AO2 SLP232 T01110094 56014,null
CVG,2024-12-15 21:52,51,49,92.83,180,5,0,30.22,1023.5,10,null,FEW,SCT,BKN,null,1200,2000,2700,null,null,null,null,null,null,null,null,51,KCVG 152152Z 18005KT 10SM FEW012 SCT020 BKN027 11/09 A3022 RMK AO2 SLP235 T01060094,null
CVG,2024-12-15 22:03,50,48,92.8,170,6,0,30.22,null,10,null,FEW,SCT,BKN,null,1400,2100,3600,null,null,null,null,null,null,null,null,50,KCVG 152203Z 17006KT 10SM FEW014 SCT021 BKN036 10/09 A3022 RMK AO2 T01000089,null
CVG,2024-12-15 22:52,50,48,92.8,170,6,0,30.23,1023.8,10,null,FEW,OVC,null,null,1400,3400,null,null,null,null,null,null,null,null,null,50,KCVG 152252Z 17006KT 10SM FEW014 OVC034 10/09 A3023 RMK AO2 CIG 014 36R SLP238 T01000089,null
CVG,2024-12-15 23:52,49,48,96.32,170,3,0,30.24,1024.1,10,null,OVC,null,null,null,3500,null,null,null,null,null,null,null,null,null,null,48.12,KCVG 152352Z 17003KT 10SM OVC035 09/09 A3024 RMK AO2 SLP241 T00940089 10117 20094 52008,null
CVG,2024-12-16 0:52,49,48,96.32,170,5,0,30.24,1024.2,9,null,BKN,null,null,null,3400,null,null,null,null,null,null,null,null,null,null,46.58,KCVG 160052Z 17005KT 9SM BKN034 09/09 A3024 RMK AO2 SLP242 T00940089,null
CVG,2024-12-16 1:52,47,47,100,170,7,0,30.24,1024.2,8,null,BKN,null,null,null,3500,null,null,null,null,null,null,null,null,null,null,43.06,KCVG 160152Z 17007KT 8SM BKN035 08/08 A3024 RMK AO2 SLP242 T00830083,null
CVG,2024-12-16 2:52,49,48,96.32,170,6,0,30.24,1024,10,null,FEW,FEW,OVC,null,900,2700,3200,null,null,null,null,null,null,null,null,46,KCVG 160252Z 17006KT 10SM FEW009 FEW027 OVC032 09/09 A3024 RMK AO2 SLP240 T00940089 58000,null
CVG,2024-12-16 3:04,49,49,100,180,4,0,30.24,null,10,null,BKN,OVC,null,null,900,3000,null,null,null,null,null,null,null,null,null,47.27,KCVG 160304Z 18004KT 10SM BKN009 OVC030 09/09 A3024 RMK AO2 T00940094,null
CVG,2024-12-16 3:52,50,49,96.34,180,8,0,30.24,1024.1,10,null,BKN,OVC,null,null,700,2900,null,null,null,null,null,null,null,null,null,50,KCVG 160352Z 18008KT 10SM BKN007 OVC029 10/09 A3024 RMK AO2 SLP241 T01000094,null
CVG,2024-12-16 4:52,50,50,100,200,6,0,30.24,1024.1,10,null,OVC,null,null,null,600,null,null,null,null,null,null,null,null,null,null,50,KCVG 160452Z 20006KT 10SM OVC006 10/10 A3024 RMK AO2 SLP241 T01000100 401170061,null
CVG,2024-12-16 5:52,50,50,100,190,5,0,30.22,1023.4,10,null,OVC,null,null,null,600,null,null,null,null,null,null,null,null,null,null,50,KCVG 160552Z 19005KT 10SM OVC006 10/10 A3022 RMK AO2 SLP234 T01000100 10100 20083 58005,null
CVG,2024-12-16 7:48,50,48.2,93.5,160,6,0,30.19,null,10,null,OVC,null,null,null,1000,null,null,null,null,null,null,null,null,null,null,50,KCVG 160748Z 16006KT 10SM OVC010 10/09 A3019 RMK AO2,null
CVG,2024-12-16 7:52,50,49,96.34,160,6,0,30.2,1022.4,10,null,BKN,OVC,null,null,900,1300,null,null,null,null,null,null,null,null,null,50,KCVG 160752Z 16006KT 10SM BKN009 OVC013 10/09 A3020 RMK AO2 SLP224 T01000094,null
CVG,2024-12-16 8:52,50,50,100,160,9,0,30.17,1021.6,2.5,null,OVC,null,null,null,400,null,null,null,BR,null,null,null,null,null,null,50,KCVG 160852Z 16009KT 2 1/2SM BR OVC004 10/10 A3017 RMK AO2 SLP216 T01000100 58007,null
CVG,2024-12-16 9:52,50,50,100,160,9,0,30.15,1021,2.5,null,OVC,null,null,null,300,null,null,null,BR,null,null,null,null,null,null,50,KCVG 160952Z 16009KT 2 1/2SM BR OVC003 10/10 A3015 RMK AO2 SLP210 T01000100,null
CVG,2024-12-16 10:52,50,50,100,150,8,0,30.13,1020.2,0.75,null,OVC,null,null,null,200,null,null,null,BR,null,null,null,null,null,null,50,KCVG 161052Z 15008KT 3/4SM R36C/P6000FT BR OVC002 10/10 A3013 RMK AO2 SFC VIS 3 SLP202 T01000100,null
CVG,2024-12-16 11:18,50,50,100,160,10,0,30.13,null,0.25,null,OVC,null,null,null,200,null,null,null,FG,null,null,null,null,null,null,50,KCVG 161118Z COR 16010KT 1/4SM R36C/P6000FT FG OVC002 10/10 A3013 RMK AO2 SFC VIS 1 1/2 T01000100,null
CVG,2024-12-16 11:48,51.8,51.8,100,170,11,T,30.13,null,0.5,null,OVC,null,null,null,200,null,null,null,#NAME?,null,null,null,null,null,null,51.8,KCVG 161148Z 17011KT 1/2SM R36C/P6000FT -DZ OVC002 11/11 A3013 RMK AO2 SFC VIS 3 DZB37 P0000,null
CVG,2024-12-16 11:52,51,51,100,170,11,T,30.12,1019.9,0.5,null,OVC,null,null,null,200,null,null,null,#NAME?,null,null,null,null,null,null,51,KCVG 161152Z 17011KT 1/2SM R36C/P6000FT -DZ BR OVC002 11/11 A3012 RMK AO2 SFC VIS 2 1/2 DZB37 SLP199 P0000 60000 70003 T01060106 10106 20100 56017,null
CVG,2024-12-16 12:39,52,51,96.37,180,12,0.01,30.12,null,2,null,OVC,null,null,null,300,null,null,null,null,null,null,null,null,null,null,52,KCVG 161239Z 18012KT 2SM OVC003 11/11 A3012 RMK AO2 SFC VIS 7 DZE03RAB03E35 P0001 T01110106,null
CVG,2024-12-16 12:52,52,51,96.37,170,15,0.01,30.11,1019.3,2,null,OVC,null,null,null,400,null,null,null,#NAME?,null,null,null,null,null,null,52,KCVG 161252Z 17015KT 2SM -RA OVC004 11/11 A3011 RMK AO2 SFC VIS 8 DZE03RAB03E35B50 SLP193 P0001 T01110106 $,null
CVG,2024-12-16 13:04,52,52,100,170,11,T,30.1,null,3,20,OVC,null,null,null,500,null,null,null,#NAME?,null,null,null,null,null,null,52,KCVG 161304Z 17011G20KT 3SM -RA OVC005 11/11 A3010 RMK AO2 SFC VIS 10 P0000 T01110111,null
CVG,2024-12-16 13:52,52,52,100,190,8,0.04,30.1,1019.2,3,null,OVC,null,null,null,700,null,null,null,#NAME?,null,null,null,null,null,null,52,KCVG 161352Z 19008KT 3SM -RA OVC007 11/11 A3010 RMK AO2 SFC VIS 9 SLP192 P0004 T01110111,null
CVG,2024-12-16 14:52,53,52,96.39,190,10,0.13,30.11,1019.5,3,null,BKN,OVC,null,null,600,4000,null,null,RA BR,null,null,null,null,null,null,53,KCVG 161452Z 19010KT 3SM RA BR BKN006 OVC040 12/11 A3011 RMK AO2 SLP195 P0013 60018 T01170111 55004,null
CVG,2024-12-16 15:00,53,52,96.39,200,11,0.04,30.12,null,2.5,null,BKN,BKN,OVC,null,600,4600,7500,null,RA BR,null,null,null,null,null,null,53,KCVG 161500Z 20011KT 2 1/2SM RA BR BKN006 BKN046 OVC075 12/11 A3012 RMK AO2 P0004 T01170111,null
CVG,2024-12-16 15:11,53,52,96.39,180,13,0.1,30.1,null,2.5,null,SCT,BKN,OVC,null,500,4100,7500,null,RA BR,null,null,null,null,null,null,53,KCVG 161511Z 18013KT 2 1/2SM RA BR SCT005 BKN041 OVC075 12/11 A3010 RMK AO2 CIG 006 36R P0010 T01170111,null
CVG,2024-12-16 15:14,53,52,96.39,170,13,0.11,30.09,null,3,null,SCT,BKN,OVC,null,500,4200,7500,null,RA BR,null,null,null,null,null,null,53,KCVG 161514Z 17013KT 3SM RA BR SCT005 BKN042 OVC075 12/11 A3009 RMK AO2 VIS 2 36R CIG 006 36R PRESFR P0011 T01170111,null
CVG,2024-12-16 15:33,53,53,100,180,12,0.13,30.08,null,10,null,BKN,BKN,OVC,null,600,3800,9500,null,#NAME?,null,null,null,null,null,null,53,KCVG 161533Z 18012KT 10SM -RA BKN006 BKN038 OVC095 12/12 A3008 RMK AO2 P0013 T01170117,null
CVG,2024-12-16 15:52,54,53,96.4,180,15,0.13,30.08,1018.3,10,23,OVC,null,null,null,600,null,null,null,#NAME?,null,null,null,null,null,null,54,KCVG 161552Z 18015G23KT 10SM -RA OVC006 12/12 A3008 RMK AO2 SLP183 P0013 T01220117,null
CVG,2024-12-16 16:50,53.6,53.6,100,180,13,0.03,30.05,null,2,22,BKN,OVC,null,null,700,2400,null,null,#NAME?,null,null,null,null,null,null,53.6,KCVG 161650Z 18013G22KT 2SM -RA BR BKN007 OVC024 12/12 A3005 RMK AO2 SFC VIS 3 P0003,null
CVG,2024-12-16 16:52,54,53,96.4,190,15,0.03,30.05,1017.4,2,20,BKN,BKN,OVC,null,700,2100,2700,null,#NAME?,null,null,null,null,null,null,54,KCVG 161652Z 19015G20KT 2SM -RA BR BKN007 BKN021 OVC027 12/12 A3005 RMK AO2 SFC VIS 4 LTG DSNT W SLP174 P0003 T01220117,null
CVG,2024-12-16 17:21,54,53,96.4,200,11,0.01,30.04,null,2,21,OVC,null,null,null,600,null,null,null,VCTS +RA BR,null,null,null,null,null,null,54,KCVG 161721Z 20011G21KT 2SM R36C/5000VP6000FT VCTS +RA BR OVC006 12/12 A3004 RMK AO2 LTG DSNT ALQDS P0001 T01220117,null
CVG,2024-12-16 17:27,54,54,100,210,11,0.06,30.04,null,2,null,BKN,BKN,OVC,null,600,1100,2500,null,#NAME?,null,null,null,null,null,null,54,KCVG 161727Z 21011KT 2SM R36C/5000VP6000FT -TSRA BR BKN006 BKN011CB OVC025 12/12 A3004 RMK AO2 VIS 3/4V5 LTG DSNT W-NE TSB25 OCNL LTGICCC NE NW TS NE NW MOV NE P0006 T01220122,null
CVG,2024-12-16 17:52,54,54,100,190,10,0.11,30.03,1016.7,2,17,OVC,null,null,null,600,null,null,null,#NAME?,null,null,null,null,null,null,54,KCVG 161752Z 19010G17KT 2SM -RA BR OVC006 12/12 A3003 RMK AO2 SFC VIS 3 LTG DSNT NE AND E TSB25E44 SLP167 TS MOV NE P0011 60045 T01220122 10122 20106 56027,null
CVG,2024-12-16 18:52,56,55,96.43,200,13,0.11,30.01,1016,2,18,BKN,OVC,null,null,700,1900,null,null,RA BR,null,null,null,null,null,null,56,KCVG 161852Z 20013G18KT 2SM RA BR BKN007 OVC019 13/13 A3001 RMK AO2 SFC VIS 4 SLP160 P0011 T01330128,null
CVG,2024-12-16 19:52,57,55,93.01,200,14,0.07,29.93,1013.4,9,31,BKN,BKN,OVC,null,800,1200,3500,null,#NAME?,null,null,null,32,180,2024-12-16 19:40,57,KCVG 161952Z 20014G31KT 9SM -RA BKN008 BKN012 OVC035 14/13 A2993 RMK AO2 PK WND 18032/1940 SLP134 BKN008 V SCT P0007 T01390128,null
CVG,2024-12-16 20:36,57,55,93.01,210,16,T,29.96,null,10,30,SCT,OVC,null,null,800,1200,null,null,null,null,null,null,30,200,2024-12-16 20:33,57,KCVG 162036Z 21016G30KT 10SM SCT008 OVC012 14/13 A2996 RMK AO2 PK WND 20030/2033 RAE16 P0000 T01390128,null
CVG,2024-12-16 20:52,57,55,93.01,200,18,T,29.96,1014.3,10,28,SCT,OVC,null,null,800,1200,null,null,null,null,null,null,30,200,2024-12-16 20:33,57,KCVG 162052Z 20018G28KT 10SM SCT008 OVC012 14/13 A2996 RMK AO2 PK WND 20030/2033 RAE16 SLP143 P0000 60018 T01390128 55022,null
CVG,2024-12-16 21:52,57,55,93.01,210,13,0,29.99,1015.2,10,22,FEW,BKN,OVC,null,900,1400,3800,null,null,null,null,null,29,220,2024-12-16 20:53,57,KCVG 162152Z 21013G22KT 10SM FEW009 BKN014 OVC038 14/13 A2999 RMK AO2 PK WND 22029/2053 SLP152 CIG 011V018 T01390128,null
CVG,2024-12-16 22:52,57,55,93.01,220,11,T,30,1015.5,10,19,OVC,null,null,null,1500,null,null,null,null,null,null,null,26,230,2024-12-16 22:02,57,KCVG 162252Z COR 22011G19KT 10SM OVC015 14/13 A3000 RMK AO2 PK WND 23026/2202 RAB07E25 SLP155 CIG 012V019 P0000 T01390128,null
CVG,2024-12-16 23:52,58,55,89.72,220,13,0,30.01,1016.1,10,24,OVC,null,null,null,1500,null,null,null,null,null,null,null,null,null,null,58,KCVG 162352Z 22013G24KT 10SM OVC015 14/13 A3001 RMK AO2 SLP161 CIG 012V019 BINOVC OHD 60018 T01440128 10144 20122 51017,null
CVG,2024-12-17 0:35,58,56,93.04,220,11,0,30.03,null,10,19,FEW,BKN,OVC,null,900,1300,2000,null,null,null,null,null,null,null,null,58,KCVG 170035Z 22011G19KT 10SM FEW009 BKN013 OVC020 14/13 A3003 RMK AO2 T01440133,null
CVG,2024-12-17 0:52,58,56,93.04,210,13,0,30.03,1016.7,10,22,FEW,BKN,OVC,null,800,1300,2200,null,null,null,null,null,null,null,null,58,KCVG 170052Z 21013G22KT 10SM FEW008 BKN013 OVC022 14/13 A3003 RMK AO2 SLP167 T01440133,null
CVG,2024-12-17 1:12,58,56,93.04,220,11,0,30.04,null,10,19,FEW,SCT,OVC,null,800,1200,2400,null,null,null,null,null,null,null,null,58,KCVG 170112Z 22011G19KT 10SM FEW008 SCT012 OVC024 14/13 A3004 RMK AO2 BINOVC T01440133,null
CVG,2024-12-17 1:52,58,55,89.72,240,11,0,30.07,1017.8,10,20,SCT,BKN,OVC,null,1400,2300,25000,null,null,null,null,null,null,null,null,58,KCVG 170152Z 24011G20KT 10SM SCT014 BKN023 OVC250 14/13 A3007 RMK AO2 SLP178 T01440128,null
CVG,2024-12-17 2:22,57,55,93.01,250,9,0,30.07,null,10,19,FEW,SCT,SCT,OVC,1400,2400,4800,25000,null,null,null,null,null,null,null,57,KCVG 170222Z 25009G19KT 10SM FEW014 SCT024 SCT048 OVC250 14/13 A3007 RMK AO2 T01390128,null
CVG,2024-12-17 2:52,57,54,89.68,240,9,0,30.07,1018.1,10,null,FEW,FEW,OVC,null,2500,3600,25000,null,null,null,null,null,null,null,null,57,KCVG 170252Z 24009KT 10SM FEW025 FEW036 OVC250 14/12 A3007 RMK AO2 SLP181 T01390122 51019,null
CVG,2024-12-17 3:43,51,46,82.93,310,18,T,30.1,null,8,31,FEW,BKN,OVC,null,1300,2100,4700,null,#NAME?,null,null,null,31,310,2024-12-17 3:38,51,KCVG 170343Z 31018G31KT 8SM -RA FEW013 BKN021 OVC047 11/08 A3010 RMK AO2 PK WND 31031/0338 RAB39 P0000 T01060078,null
CVG,2024-12-17 3:49,51.8,46.4,81.74,300,11,T,30.1,null,9,24,FEW,BKN,OVC,null,1300,3000,4800,null,#NAME?,null,null,null,31,310,2024-12-17 3:38,51.8,KCVG 170349Z 30011G24KT 9SM -RA FEW013 BKN030 OVC048 11/08 A3010 RMK AO2 PK WND 31031/0338 WSHFT 0335 RAB39 P0000,null
CVG,2024-12-17 3:52,51,46,82.93,290,11,T,30.11,1019.3,10,null,SCT,BKN,OVC,null,1700,3200,5500,null,null,null,null,null,31,310,2024-12-17 3:38,51,KCVG 170352Z 29011KT 10SM SCT017 BKN032 OVC055 11/08 A3011 RMK AO2 PK WND 31031/0338 WSHFT 0335 RAB39E52 SLP193 P0000 T01060078,null
CVG,2024-12-17 4:52,48,40,73.67,290,11,0,30.14,1020.6,10,20,SCT,null,null,null,5000,null,null,null,null,null,null,null,null,null,null,42.69,KCVG 170452Z 29011G20KT 10SM SCT050 09/04 A3014 RMK AO2 SLP206 T00890044 401440089,null
CVG,2024-12-17 5:52,46,39,76.4,290,11,0,30.16,1021.2,10,19,SCT,null,null,null,25000,null,null,null,null,null,null,null,null,null,null,40.16,KCVG 170552Z 29011G19KT 10SM SCT250 08/04 A3016 RMK AO2 SLP212 60000 T00780039 10144 20078 51029,null
CVG,2024-12-17 6:52,44,37,76.22,290,6,0,30.17,1021.6,10,null,BKN,null,null,null,25000,null,null,null,null,null,null,null,null,null,null,39.98,KCVG 170652Z 29006KT 10SM BKN250 07/03 A3017 RMK AO2 SLP216 T00670028,null
CVG,2024-12-17 7:52,40,35,82.15,280,4,0,30.18,1021.9,10,null,BKN,null,null,null,25000,null,null,null,null,null,null,null,null,null,null,36.76,KCVG 170752Z 28004KT 10SM BKN250 04/02 A3018 RMK AO2 SLP219 T00440017,null
CVG,2024-12-17 8:52,40,35,82.15,240,3,0,30.19,1022.2,10,null,SCT,null,null,null,25000,null,null,null,null,null,null,null,null,null,null,37.83,KCVG 170852Z 24003KT 10SM SCT250 04/02 A3019 RMK AO2 SLP222 T00440017 51008,null
CVG,2024-12-17 9:52,40,36,85.48,240,4,0,30.2,1022.6,10,null,SCT,null,null,null,25000,null,null,null,null,null,null,null,null,null,null,36.76,KCVG 170952Z 24004KT 10SM SCT250 04/02 A3020 RMK AO2 SLP226 T00440022,null
CVG,2024-12-17 10:52,40,35,82.15,240,4,0,30.21,1023.1,10,null,BKN,null,null,null,25000,null,null,null,null,null,null,null,null,null,null,36.76,KCVG 171052Z 24004KT 10SM BKN250 04/02 A3021 RMK AO2 SLP231 T00440017,null
CVG,2024-12-17 11:52,38,35,88.83,230,4,0,30.23,1023.7,10,null,CLR,null,null,null,null,null,null,null,null,null,null,null,null,null,null,34.43,KCVG 171152Z 23004KT 10SM CLR 03/02 A3023 RMK AO2 SLP237 70063 T00330017 10078 20028 53015,null
CVG,2024-12-17 12:52,38,34,85.35,230,5,0,30.25,1024.2,10,null,CLR,null,null,null,null,null,null,null,null,null,null,null,null,null,null,33.52,KCVG 171252Z 23005KT 10SM CLR 03/01 A3025 RMK AO2 SLP242 T00330011,null
CVG,2024-12-17 13:52,39,35,85.42,230,6,0,30.26,1024.9,10,null,CLR,null,null,null,null,null,null,null,null,null,null,null,null,null,null,33.96,KCVG 171352Z 23006KT 10SM CLR 04/02 A3026 RMK AO2 SLP249 T00390017,null
CVG,2024-12-17 14:52,44,37,76.22,240,5,0,30.28,1025.3,10,null,CLR,null,null,null,null,null,null,null,null,null,null,null,null,null,null,40.65,KCVG 171452Z 24005KT 10SM CLR 07/03 A3028 RMK AO2 SLP253 T00670028 53017,null
CVG,2024-12-17 15:52,48,36,62.97,270,5,0,30.3,1025.9,10,null,CLR,null,null,null,null,null,null,null,null,null,null,null,null,null,null,45.4,KCVG 171552Z 27005KT 10SM CLR 09/02 A3030 RMK AO2 SLP259 T00890022,null
CVG,2024-12-17 16:52,50,35,56.16,230,9,0,30.29,1025.7,10,null,CLR,null,null,null,null,null,null,null,null,null,null,null,null,null,null,50,KCVG 171652Z 23009KT 10SM CLR 10/02 A3029 RMK AO2 SLP257 T01000017,null
CVG,2024-12-17 17:52,51,32,47.99,260,8,0,30.27,1025,10,null,CLR,null,null,null,null,null,null,null,null,null,null,null,null,null,null,51,KCVG 171752Z 26008KT 10SM CLR 11/00 A3027 RMK AO2 SLP250 T01060000 10106 20017 58005,null
CVG,2024-12-17 18:52,53,32,44.58,250,8,0,30.27,1024.9,10,null,CLR,null,null,null,null,null,null,null,null,null,null,null,null,null,null,53,KCVG 171852Z 25008KT 10SM CLR 12/00 A3027 RMK AO2 SLP249 T01170000,null
CVG,2024-12-17 19:52,54,32,42.98,260,6,0,30.26,1024.8,10,null,FEW,null,null,null,25000,null,null,null,null,null,null,null,null,null,null,54,KCVG 171952Z 26006KT 10SM FEW250 12/00 A3026 RMK AO2 SLP248 T01220000,null
CVG,2024-12-17 20:52,53,30,41.11,290,7,0,30.27,1024.9,10,null,FEW,null,null,null,25000,null,null,null,null,null,null,null,null,null,null,53,KCVG 172052Z 29007KT 10SM FEW250 12/M01 A3027 RMK AO2 SLP249 T01171011 55001,null
CVG,2024-12-17 21:52,50,30,45.93,300,6,0,30.27,1025,10,null,FEW,null,null,null,25000,null,null,null,null,null,null,null,null,null,null,50,KCVG 172152Z 30006KT 10SM FEW250 10/M01 A3027 RMK AO2 SLP250 T01001011,null
CVG,2024-12-17 22:52,48,26,42,0,0,0,30.27,1025,10,null,FEW,null,null,null,25000,null,null,null,null,null,null,null,null,null,null,48,KCVG 172252Z 00000KT 10SM FEW250 09/M03 A3027 RMK AO2 SLP250 T00891033,null
CVG,2024-12-17 23:52,42,29,59.69,0,0,0,30.28,1025.5,10,null,SCT,null,null,null,25000,null,null,null,null,null,null,null,null,null,null,42,KCVG 172352Z 00000KT 10SM SCT250 06/M02 A3028 RMK AO2 SLP255 T00561017 10122 20056 53003,null
CVG,2024-12-18 0:52,42,29,59.69,0,0,0,30.28,1025.5,10,null,BKN,null,null,null,25000,null,null,null,null,null,null,null,null,null,null,42,KCVG 180052Z 00000KT 10SM BKN250 06/M02 A3028 RMK AO2 SLP255 T00561017,null
CVG,2024-12-18 1:52,41,29,62.04,0,0,0,30.26,1025.1,10,null,BKN,null,null,null,25000,null,null,null,null,null,null,null,null,null,null,41,KCVG 180152Z 00000KT 10SM BKN250 05/M02 A3026 RMK AO2 SLP251 T00501017,null
CVG,2024-12-18 2:52,38,30,72.64,0,0,0,30.24,1024.4,10,null,BKN,null,null,null,25000,null,null,null,null,null,null,null,null,null,null,38,KCVG 180252Z 00000KT 10SM BKN250 03/M01 A3024 RMK AO2 SLP244 T00331011 58011,null
CVG,2024-12-18 3:52,40,29,64.5,160,3,0,30.25,1024.3,10,null,SCT,null,null,null,25000,null,null,null,null,null,null,null,null,null,null,37.83,KCVG 180352Z 16003KT 10SM SCT250 04/M02 A3025 RMK AO2 SLP243 T00441017,null
CVG,2024-12-18 4:52,37,30,75.56,30,3,0,30.23,1023.9,10,null,SCT,null,null,null,25000,null,null,null,null,null,null,null,null,null,null,34.4,KCVG 180452Z 03003KT 10SM SCT250 03/M01 A3023 RMK AO2 SLP239 T00281011 401220017,null
CVG,2024-12-18 5:52,37,30,75.56,130,3,0,30.2,1022.6,10,null,OVC,null,null,null,11000,null,null,null,null,null,null,null,null,null,null,34.4,KCVG 180552Z 13003KT 10SM OVC110 03/M01 A3020 RMK AO2 SLP226 T00281011 10072 20022 58015,null
CVG,2024-12-18 6:52,37,32,81.93,170,4,0,30.22,1023.4,10,null,SCT,BKN,null,null,8500,11000,null,null,null,null,null,null,null,null,null,33.26,KCVG 180652Z 17004KT 10SM SCT085 BKN110 03/00 A3022 RMK AO2 SLP234 T00280000,null
CVG,2024-12-18 7:52,43,35,73.16,80,7,T,30.14,1020.6,10,null,BKN,OVC,null,null,7500,9000,null,null,#NAME?,null,null,null,null,null,null,38.19,KCVG 180752Z 08007KT 10SM -RA BKN075 OVC090 06/02 A3014 RMK AO2 RAB25 SLP206 P0000 T00610017,null
CVG,2024-12-18 8:52,41,36,82.22,30,3,T,30.15,1020.9,10,null,SCT,BKN,OVC,null,3500,4200,6000,null,#NAME?,null,null,null,null,null,null,38.98,KCVG 180852Z 03003KT 10SM -RA SCT035 BKN042 OVC060 05/02 A3015 RMK AO2 SLP209 P0000 60000 T00500022 58016,null
CVG,2024-12-18 9:25,39,38,96.16,360,6,0.05,30.15,null,2,null,SCT,OVC,null,null,2600,3300,null,null,#NAME?,null,null,null,null,null,null,33.96,KCVG 180925Z 36006KT 2SM +RA BR SCT026 OVC033 04/03 A3015 RMK AO2 CIG 024 36R P0005 T00390033,null
CVG,2024-12-18 9:52,38,37,96.14,20,7,0.13,30.13,1020.2,3,null,OVC,null,null,null,3400,null,null,null,RA BR,null,null,null,null,null,null,32.09,KCVG 180952Z 02007KT 3SM RA BR OVC034 03/03 A3013 RMK AO2 VIS 2 36R SLP202 P0013 T00330028,null
CVG,2024-12-18 10:52,39,39,100,60,11,0.08,30.09,1019.1,5,null,OVC,null,null,null,3800,null,null,null,#NAME?,null,null,null,null,null,null,31.31,KCVG 181052Z 06011KT 5SM -RA BR OVC038 04/04 A3009 RMK AO2 SLP191 P0008 T00390039,null
CVG,2024-12-18 11:46,39.2,39.2,100,40,7,0.09,30.1,null,3,null,OVC,null,null,null,2900,null,null,null,#NAME?,null,null,null,null,null,null,33.56,KCVG 181146Z 04007KT 3SM -RA BR OVC029 04/04 A3010 RMK AO2 VIS 2 36R P0009,null
CVG,2024-12-18 11:52,40,39,96.18,70,8,0.11,30.09,1019.2,3,null,OVC,null,null,null,3000,null,null,null,#NAME?,null,null,null,null,null,null,33.97,KCVG 181152Z 07008KT 3SM -RA BR OVC030 04/04 A3009 RMK AO2 SLP192 P0011 60032 70032 T00440039 10061 20022 56019,null
CVG,2024-12-18 11:59,40,39,96.18,10,8,0.03,30.1,null,3,null,FEW,BKN,OVC,null,500,2700,4000,null,#NAME?,null,null,null,null,null,null,33.97,KCVG 181159Z 01008KT 3SM -RA BR FEW005 BKN027 OVC040 04/04 A3010 RMK AO2 P0003 T00440039,null
CVG,2024-12-18 12:41,40,39,96.18,10,10,0.13,30.1,null,4,19,BKN,OVC,null,null,400,2300,null,null,#NAME?,null,null,null,null,null,null,33,KCVG 181241Z 01010G19KT 4SM -RA BR BKN004 OVC023 04/04 A3010 RMK AO2 WSHFT 1229 P0013 T00440039,null
CVG,2024-12-18 12:52,40,39,96.18,30,8,0.15,30.1,1019.4,3,null,BKN,OVC,null,null,400,2600,null,null,#NAME?,null,null,null,null,null,null,33.97,KCVG 181252Z 03008KT 3SM -RA BR BKN004 OVC026 04/04 A3010 RMK AO2 SLP194 WSHFT 1229 P0015 T00440039,null
CVG,2024-12-18 13:07,40,39,96.18,30,9,0.03,30.09,null,4,null,BKN,OVC,null,null,500,1000,null,null,#NAME?,null,null,null,null,null,null,33.46,KCVG 181307Z 03009KT 4SM -RA BR BKN005 OVC010 04/04 A3009 RMK AO2 P0003 T00440039,null
CVG,2024-12-18 13:52,40,39,96.18,20,11,0.1,30.08,1018.8,5,null,OVC,null,null,null,500,null,null,null,#NAME?,null,null,null,null,null,null,32.58,KCVG 181352Z 02011KT 5SM -RA BR OVC005 04/04 A3008 RMK AO2 SLP188 P0010 T00440039,null
CVG,2024-12-18 14:52,40,38,92.49,30,13,0.01,30.09,1019.1,4,null,OVC,null,null,null,600,null,null,null,#NAME?,null,null,null,null,null,null,31.82,KCVG 181452Z 03013KT 4SM -RA BR OVC006 04/03 A3009 RMK AO2 RAE12B33 SLP191 P0001 60026 T00440033 55001,null
CVG,2024-12-18 15:10,39,38,96.16,30,12,T,30.09,null,2,null,BKN,OVC,null,null,600,2000,null,null,#NAME?,null,null,null,null,null,null,30.91,KCVG 181510Z 03012KT 2SM -RA BR BKN006 OVC020 04/03 A3009 RMK AO2 P0000 T00390033,null
CVG,2024-12-18 15:52,39,38,96.16,350,10,0.03,30.12,1020.2,2,null,OVC,null,null,null,600,null,null,null,#NAME?,null,null,null,null,null,null,31.75,KCVG 181552Z 35010KT 2SM -RA BR OVC006 04/03 A3012 RMK AO2 SFC VIS 2 1/2 SLP202 P0003 T00390033,null
CVG,2024-12-18 16:52,40,39,96.18,10,11,0.03,30.13,1020.5,2,null,BKN,OVC,null,null,700,2200,null,null,#NAME?,null,null,null,null,null,null,32.58,KCVG 181652Z 01011KT 2SM -RA BR BKN007 OVC022 04/04 A3013 RMK AO2 SFC VIS 2 1/2 SLP205 PCPN LGT P0003 T00440039,null
CVG,2024-12-18 17:06,40,39,96.18,350,11,T,30.13,null,10,null,SCT,BKN,OVC,null,700,2300,3700,null,null,null,null,null,null,null,null,32.58,KCVG 181706Z 35011KT 10SM SCT007 BKN023 OVC037 04/04 A3013 RMK AO2 RAE1655 CIG 007 36R P0000 T00440039,null
CVG,2024-12-18 17:40,41,39,92.52,20,6,T,30.13,null,10,null,SCT,BKN,OVC,null,800,3100,4000,null,null,null,null,null,null,null,null,36.37,KCVG 181740Z 02006KT 10SM SCT008 BKN031 OVC040 05/04 A3013 RMK AO2 RAE1655 P0000 T00500039,null
CVG,2024-12-18 17:52,41,39,92.52,360,9,T,30.12,1020.2,10,null,FEW,BKN,OVC,null,800,3300,4000,null,null,null,null,null,null,null,null,34.7,KCVG 181752Z 36009KT 10SM FEW008 BKN033 OVC040 05/04 A3012 RMK AO2 RAE1655 SLP202 P0000 60032 T00500039 10050 20039 50010,null
CVG,2024-12-18 18:22,41,40,96.19,350,8,0,30.11,null,10,null,BKN,OVC,null,null,700,4100,null,null,null,null,null,null,null,null,null,35.2,KCVG 181822Z 35008KT 10SM BKN007 OVC041 05/04 A3011 RMK AO2 T00500044,null
CVG,2024-12-18 18:52,42,40,92.55,340,11,0,30.12,1020.1,10,null,SCT,OVC,null,null,700,4300,null,null,null,null,null,null,null,null,null,35.1,KCVG 181852Z 34011KT 10SM SCT007 OVC043 06/04 A3012 RMK AO2 SLP201 T00560044,null
CVG,2024-12-18 19:26,42,39,89.01,340,11,0,30.12,null,10,null,SCT,BKN,OVC,null,800,1400,4800,null,null,null,null,null,null,null,null,35.1,KCVG 181926Z 34011KT 10SM SCT008 BKN014 OVC048 06/04 A3012 RMK AO2 T00560039,null
CVG,2024-12-18 19:52,42,39,89.01,330,8,0,30.13,1020.5,10,null,SCT,OVC,null,null,900,1400,null,null,null,null,null,null,null,null,null,36.43,KCVG 181952Z 33008KT 10SM SCT009 OVC014 06/04 A3013 RMK AO2 SLP205 CIG 011V017 T00560039,null
CVG,2024-12-18 20:19,42,39,89.01,330,8,0,30.14,null,10,17,FEW,BKN,OVC,null,900,1600,6000,null,null,null,null,null,null,null,null,36.43,KCVG 182019Z 33008G17KT 10SM FEW009 BKN016 OVC060 06/04 A3014 RMK AO2 BKN V SCT BINOVC NW T00560039,null
CVG,2024-12-18 20:40,42,38,85.6,310,8,0,30.15,null,10,null,FEW,SCT,BKN,OVC,900,1400,6000,25000,null,null,null,null,null,null,null,36.43,KCVG 182040Z 31008KT 10SM FEW009 SCT014 BKN060 OVC250 06/03 A3015 RMK AO2 T00560033,null
CVG,2024-12-18 20:52,42,38,85.6,330,10,0,30.15,1021.3,10,18,BKN,BKN,OVC,null,1300,6000,23000,null,null,null,null,null,null,null,null,35.51,KCVG 182052Z 33010G18KT 10SM BKN013 BKN060 OVC230 06/03 A3015 RMK AO2 SLP213 T00560033 53012,null
CVG,2024-12-18 21:31,42,38,85.6,320,8,0,30.18,null,10,null,BKN,BKN,OVC,null,1500,2200,23000,null,null,null,null,null,null,null,null,36.43,KCVG 182131Z 32008KT 10SM BKN015 BKN022 OVC230 06/03 A3018 RMK AO2 T00560033,null
CVG,2024-12-18 21:52,42,38,85.6,310,8,0,30.2,1022.8,10,null,BKN,OVC,null,null,1500,2300,null,null,null,null,null,null,null,null,null,36.43,KCVG 182152Z 31008KT 10SM BKN015 OVC023 06/03 A3020 RMK AO2 SLP228 BINOVC OHD T00560033,null
CVG,2024-12-18 22:52,41,35,79.02,320,9,0,30.23,1024,10,19,OVC,null,null,null,2000,null,null,null,null,null,null,null,null,null,null,34.7,KCVG 182252Z 32009G19KT 10SM OVC020 05/02 A3023 RMK AO2 SLP240 T00500017,null
CVG,2024-12-18 23:52,40,34,78.94,340,12,0,30.26,1024.9,10,25,OVC,null,null,null,2000,null,null,null,null,null,null,null,null,null,null,32.18,KCVG 182352Z 34012G25KT 10SM OVC020 04/01 A3026 RMK AO2 SLP249 T00440011 10056 20044 51034,null
CVG,2024-12-19 0:52,38,32,78.77,330,13,0,30.28,1025.8,10,null,OVC,null,null,null,1800,null,null,null,null,null,null,null,null,null,null,29.26,KCVG 190052Z 33013KT 10SM OVC018 03/00 A3028 RMK AO2 SLP258 T00330000,null
CVG,2024-12-19 1:52,38,33,82,310,7,0,30.29,1026,10,null,OVC,null,null,null,1800,null,null,null,null,null,null,null,null,null,null,32.09,KCVG 190152Z 31007KT 10SM OVC018 03/01 A3029 RMK AO2 SLP260 T00330006,null
CVG,2024-12-19 2:52,37,31,78.69,340,8,0,30.29,1026.2,10,null,OVC,null,null,null,2100,null,null,null,null,null,null,null,null,null,null,30.27,KCVG 190252Z 34008KT 10SM OVC021 03/M01 A3029 RMK AO2 SLP262 T00281006 51012,null
CVG,2024-12-19 3:52,36,29,75.46,310,12,0,30.32,1027,10,null,OVC,null,null,null,2200,null,null,null,null,null,null,null,null,null,null,27.09,KCVG 190352Z 31012KT 10SM OVC022 02/M02 A3032 RMK AO2 SLP270 T00221017,null
CVG,2024-12-19 4:52,36,28,72.43,350,6,0,30.32,1027.2,10,null,OVC,null,null,null,2200,null,null,null,null,null,null,null,null,null,null,30.35,KCVG 190452Z 35006KT 10SM OVC022 02/M02 A3032 RMK AO2 SLP272 T00221022 400610022,null
CVG,2024-12-19 5:52,36,28,72.43,40,4,0,30.31,1026.6,10,null,OVC,null,null,null,2700,null,null,null,null,null,null,null,null,null,null,32.09,KCVG 190552Z 04004KT 10SM OVC027 02/M02 A3031 RMK AO2 SLP266 T00221022 10044 20017 50004,null
CVG,2024-12-19 6:52,36,27,69.51,0,0,0,30.3,1026.2,10,null,OVC,null,null,null,2600,null,null,null,null,null,null,null,null,null,null,36,KCVG 190652Z 00000KT 10SM OVC026 02/M03 A3030 RMK AO2 SLP262 T00221028,null
CVG,2024-12-19 7:52,35,30,81.78,0,0,0,30.3,1026.4,10,null,OVC,null,null,null,2400,null,null,null,null,null,null,null,null,null,null,35,KCVG 190752Z 00000KT 10SM OVC024 02/M01 A3030 RMK AO2 SLP264 T00171011,null
CVG,2024-12-19 8:52,34,31,88.63,310,5,0,30.31,1026.9,9,null,OVC,null,null,null,2600,null,null,null,null,null,null,null,null,null,null,28.77,KCVG 190852Z 31005KT 9SM OVC026 01/M01 A3031 RMK AO2 SLP269 T00111006 53002,null
CVG,2024-12-19 9:34,34,31,88.63,320,8,0,30.32,null,8,null,BKN,OVC,null,null,1100,2600,null,null,null,null,null,null,null,null,null,26.58,KCVG 190934Z 32008KT 8SM BKN011 OVC026 01/M01 A3032 RMK AO2 T00111006,null
CVG,2024-12-19 9:52,34,30,85.11,330,7,0,30.32,1027.3,8,null,OVC,null,null,null,1000,null,null,null,null,null,null,null,null,null,null,27.22,KCVG 190952Z 33007KT 8SM OVC010 01/M01 A3032 RMK AO2 SLP273 T00111011,null
CVG,2024-12-19 10:52,33,30,88.58,340,6,0,30.32,1027.3,8,null,BKN,OVC,null,null,1200,2500,null,null,null,null,null,null,null,null,null,26.73,KCVG 191052Z 34006KT 8SM BKN012 OVC025 01/M01 A3032 RMK AO2 SLP273 T00061011,null
CVG,2024-12-19 11:23,33,29,85.04,350,6,0,30.32,null,9,null,SCT,OVC,null,null,1100,2500,null,null,null,null,null,null,null,null,null,26.73,KCVG 191123Z 35006KT 9SM SCT011 OVC025 01/M02 A3032 RMK AO2 T00061017,null
CVG,2024-12-19 11:52,33,29,85.04,340,4,0,30.33,1027.4,8,null,SCT,OVC,null,null,1800,2700,null,null,null,null,null,null,null,null,null,28.59,KCVG 191152Z 34004KT 8SM SCT018 OVC027 01/M02 A3033 RMK AO2 SLP274 70032 T00061017 10022 20006 51004,null
CVG,2024-12-19 12:21,33,29,85.04,340,4,0,30.34,null,8,null,BKN,OVC,null,null,1200,1900,null,null,null,null,null,null,null,null,null,28.59,KCVG 191221Z 34004KT 8SM BKN012 OVC019 01/M02 A3034 RMK AO2 T00061017,null
CVG,2024-12-19 12:52,33,29,85.04,350,3,0,30.33,1027.7,7,null,FEW,OVC,null,null,1200,2900,null,null,null,null,null,null,null,null,null,29.83,KCVG 191252Z 35003KT 7SM FEW012 OVC029 01/M02 A3033 RMK AO2 SLP277 T00061017,null
CVG,2024-12-19 13:52,33,30,88.58,10,4,0,30.33,1027.7,7,null,FEW,FEW,OVC,null,1200,1700,2900,null,null,null,null,null,null,null,null,28.59,KCVG 191352Z 01004KT 7SM FEW012 FEW017 OVC029 01/M01 A3033 RMK AO2 SLP277 T00061011,null
CVG,2024-12-19 14:14,34,30,85.11,10,5,0,30.34,null,7,null,OVC,null,null,null,3000,null,null,null,null,null,null,null,null,null,null,28.77,KCVG 191414Z 01005KT 7SM OVC030 01/M01 A3034 RMK AO2 T00111011,null
CVG,2024-12-19 14:52,34,29,81.71,0,0,0,30.32,1027.3,6,null,FEW,OVC,null,null,1700,3000,null,null,HZ,null,null,null,null,null,null,34,KCVG 191452Z 00000KT 6SM HZ FEW017 OVC030 01/M02 A3032 RMK AO2 SLP273 T00111017 58004,null
CVG,2024-12-19 15:52,35,30,81.78,0,0,0,30.32,1027.4,6,null,FEW,OVC,null,null,1400,3100,null,null,HZ,null,null,null,null,null,null,35,KCVG 191552Z 00000KT 6SM HZ FEW014 OVC031 02/M01 A3032 RMK AO2 SLP274 T00171011,null
CVG,2024-12-19 16:52,37,30,75.56,190,4,0,30.29,1026,7,null,FEW,OVC,null,null,2200,3000,null,null,null,null,null,null,null,null,null,33.26,KCVG 191652Z 19004KT 7SM FEW022 OVC030 03/M01 A3029 RMK AO2 SLP260 T00281011,null
CVG,2024-12-19 17:05,37,28,69.63,180,6,0,30.27,null,8,null,OVC,null,null,null,2900,null,null,null,null,null,null,null,null,null,null,31.55,KCVG 191705Z 18006KT 8SM OVC029 03/M02 A3027 RMK AO2 CIG 024 36R T00281022,null
CVG,2024-12-19 17:52,38,29,69.74,190,6,0,30.25,1024.8,9,null,OVC,null,null,null,2700,null,null,null,null,null,null,null,null,null,null,32.76,KCVG 191752Z 19006KT 9SM OVC027 03/M02 A3025 RMK AO2 SLP248 T00331017 10033 20006 58024,null
CVG,2024-12-19 18:52,38,29,69.74,200,3,0,30.23,1024.1,10,null,OVC,null,null,null,2600,null,null,null,null,null,null,null,null,null,null,35.55,KCVG 191852Z 20003KT 10SM OVC026 03/M02 A3023 RMK AO2 SLP241 T00331017,null
CVG,2024-12-19 19:52,38,29,69.74,160,6,0,30.2,1023,10,null,OVC,null,null,null,2900,null,null,null,null,null,null,null,null,null,null,32.76,KCVG 191952Z 16006KT 10SM OVC029 03/M02 A3020 RMK AO2 PRESFR SLP230 BINOVC T00331017,null
CVG,2024-12-19 20:09,38,29,69.74,160,11,0,30.17,null,10,null,SCT,BKN,null,null,2900,25000,null,null,null,null,null,null,null,null,null,30.05,KCVG 192009Z 16011KT 10SM SCT029 BKN250 03/M02 A3017 RMK AO2 PRESFR T00331017,null
CVG,2024-12-19 20:35,39,29,67.06,180,6,0,30.17,null,10,null,BKN,BKN,BKN,null,2800,14000,25000,null,null,null,null,null,null,null,null,33.96,KCVG 192035Z 18006KT 10SM BKN028 BKN140 BKN250 04/M02 A3017 RMK AO2 T00391017,null
CVG,2024-12-19 20:52,39,28,64.37,190,5,0,30.19,1022.7,10,null,OVC,null,null,null,2800,null,null,null,null,null,null,null,null,null,null,34.71,KCVG 192052Z 19005KT 10SM OVC028 04/M02 A3019 RMK AO2 SLP227 BINOVC OHD T00391022 56020,null
CVG,2024-12-19 21:52,38,29,69.74,170,7,0,30.17,1022.1,10,null,BKN,OVC,null,null,2800,25000,null,null,null,null,null,null,null,null,null,32.09,KCVG 192152Z 17007KT 10SM BKN028 OVC250 03/M02 A3017 RMK AO2 SLP221 T00331017,null
CVG,2024-12-19 22:36,36,29,75.46,170,6,0,30.16,null,10,null,SCT,BKN,BKN,null,2800,13000,25000,null,null,null,null,null,null,null,null,30.35,KCVG 192236Z 17006KT 10SM SCT028 BKN130 BKN250 02/M02 A3016 RMK AO2 T00221017,null
CVG,2024-12-19 22:52,34,28,78.43,180,6,0,30.15,1021.5,10,null,SCT,SCT,BKN,null,2800,13000,25000,null,null,null,null,null,null,null,null,27.94,KCVG 192252Z 18006KT 10SM SCT028 SCT130 BKN250 01/M02 A3015 RMK AO2 SLP215 T00111022,null
CVG,2024-12-19 23:25,35,28,75.36,170,4,0,30.16,null,10,null,BKN,BKN,BKN,null,2700,14000,25000,null,null,null,null,null,null,null,null,30.92,KCVG 192325Z 17004KT 10SM BKN027 BKN140 BKN250 02/M02 A3016 RMK AO2 T00171022,null
CVG,2024-12-19 23:43,34,28,78.43,160,6,0,30.16,null,10,null,SCT,SCT,BKN,null,2700,14000,25000,null,null,null,null,null,null,null,null,27.94,KCVG 192343Z 16006KT 10SM SCT027 SCT140 BKN250 01/M02 A3016 RMK AO2 T00111022,null
CVG,2024-12-19 23:52,34,28,78.43,190,5,0,30.16,1021.8,10,null,SCT,BKN,BKN,null,2700,14000,25000,null,null,null,null,null,null,null,null,28.77,KCVG 192352Z 19005KT 10SM SCT027 BKN140 BKN250 01/M02 A3016 RMK AO2 SLP218 SCT V BKN T00111022 10039 20011 55010,null
CVG,2024-12-20 0:03,34,28,78.43,180,3,0,30.16,null,10,null,BKN,BKN,BKN,null,2800,14000,25000,null,null,null,null,null,null,null,null,30.97,KCVG 200003Z 18003KT 10SM BKN028 BKN140 BKN250 01/M02 A3016 RMK AO2 T00111022,null
CVG,2024-12-20 0:52,35,29,78.51,170,4,0,30.15,1021.5,10,null,OVC,null,null,null,2800,null,null,null,null,null,null,null,null,null,null,30.92,KCVG 200052Z 17004KT 10SM OVC028 02/M02 A3015 RMK AO2 SLP215 BINOVC T00171017,null
CVG,2024-12-20 1:00,34,29,81.71,170,6,0,30.14,null,10,null,SCT,OVC,null,null,2700,19000,null,null,null,null,null,null,null,null,null,27.94,KCVG 200100Z 17006KT 10SM SCT027 OVC190 01/M02 A3014 RMK AO2 SCT V FEW T00111017,null
CVG,2024-12-20 1:52,35,30,81.78,180,5,0,30.12,1020.5,10,null,FEW,OVC,null,null,2900,17000,null,null,null,null,null,null,null,null,null,29.96,KCVG 200152Z 18005KT 10SM FEW029 OVC170 02/M01 A3012 RMK AO2 SLP205 T00171011,null
CVG,2024-12-20 2:52,36,30,78.6,160,6,0,30.09,1019.4,10,null,OVC,null,null,null,18000,null,null,null,null,null,null,null,null,null,null,30.35,KCVG 200252Z 16006KT 10SM OVC180 02/M01 A3009 RMK AO2 SLP194 T00221011 58023,null
CVG,2024-12-20 3:52,36,30,78.6,200,5,0,30.08,1019.2,10,null,OVC,null,null,null,10000,null,null,null,null,null,null,null,null,null,null,31.15,KCVG 200352Z 20005KT 10SM OVC100 02/M01 A3008 RMK AO2 SLP192 T00221011,null
CVG,2024-12-20 4:52,35,31,85.17,190,4,0,30.06,1018.3,10,null,FEW,OVC,null,null,12000,25000,null,null,null,null,null,null,null,null,null,30.92,KCVG 200452Z 19004KT 10SM FEW120 OVC250 02/M01 A3006 RMK AO2 SLP183 T00171006 400390006,null
CVG,2024-12-20 5:52,36,31,81.86,200,6,0,30.04,1017.7,10,null,FEW,null,null,null,12000,null,null,null,null,null,null,null,null,null,null,30.35,KCVG 200552Z 20006KT 10SM FEW120 02/M01 A3004 RMK AO2 SLP177 T00221006 10022 20011 58016,null
CVG,2024-12-20 6:52,36,31,81.86,180,8,0,30,1016.1,10,null,BKN,OVC,null,null,7000,11000,null,null,null,null,null,null,null,null,null,29.04,KCVG 200652Z 18008KT 10SM BKN070 OVC110 02/M01 A3000 RMK AO2 SLP161 T00221006,null
CVG,2024-12-20 7:52,36,32,85.23,180,8,0,29.98,1015.6,10,null,OVC,null,null,null,3400,null,null,null,null,null,null,null,null,null,null,29.04,KCVG 200752Z 18008KT 10SM OVC034 02/00 A2998 RMK AO2 SLP156 T00220000,null
CVG,2024-12-20 8:52,36,32,85.23,190,8,0,29.95,1014.6,10,null,BKN,OVC,null,null,3700,4500,null,null,null,null,null,null,null,null,null,29.04,KCVG 200852Z 19008KT 10SM BKN037 OVC045 02/00 A2995 RMK AO2 SLP146 T00220000 56030,null
CVG,2024-12-20 9:52,37,32,81.93,200,9,0,29.94,1014,10,null,OVC,null,null,null,4700,null,null,null,null,null,null,null,null,null,null,29.73,KCVG 200952Z 20009KT 10SM OVC047 03/00 A2994 RMK AO2 SLP140 T00280000,null
CVG,2024-12-20 10:52,37,33,85.29,210,7,0,29.92,1013.7,10,null,SCT,OVC,null,null,4800,6000,null,null,null,null,null,null,null,null,null,30.87,KCVG 201052Z 21007KT 10SM SCT048 OVC060 03/01 A2992 RMK AO2 SLP137 T00280006,null
CVG,2024-12-20 11:52,37,33,85.29,200,7,0,29.91,1013.3,8,null,SCT,BKN,OVC,null,2000,4500,5500,null,null,null,null,null,null,null,null,30.87,KCVG 201152Z 20007KT 8SM SCT020 BKN045 OVC055 03/01 A2991 RMK AO2 CIG 017 36R SLP133 T00280006 10028 20017 56014,null
CVG,2024-12-20 12:03,37,33,85.29,190,6,T,29.91,null,8,null,BKN,BKN,OVC,null,1600,4600,6500,null,#NAME?,null,null,null,null,null,null,31.55,KCVG 201203Z 19006KT 8SM -RA BKN016 BKN046 OVC065 03/01 A2991 RMK AO2 RAB00 P0000 T00280006,null
CVG,2024-12-20 12:52,36,34,92.35,210,5,0.01,29.9,1012.8,5,null,OVC,null,null,null,1300,null,null,null,#NAME?,null,null,null,null,null,null,31.15,KCVG 201252Z 21005KT 5SM -RA BR OVC013 02/01 A2990 RMK AO2 SLP128 RAB00 P0001 T00220011,null
CVG,2024-12-20 13:11,36,34,92.35,210,7,0.01,29.9,null,5,null,SCT,OVC,null,null,700,1100,null,null,#NAME?,null,null,null,null,null,null,29.65,KCVG 201311Z 21007KT 5SM -RA BR SCT007 OVC011 02/01 A2990 RMK AO2 P0001 T00220011,null
CVG,2024-12-20 13:44,35,34,96.09,220,5,0.03,29.9,null,3,null,OVC,null,null,null,600,null,null,null,#NAME?,null,null,null,null,null,null,29.96,KCVG 201344Z 22005KT 3SM -RA BR OVC006 02/01 A2990 RMK AO2 P0003 T00170011,null
CVG,2024-12-20 13:52,34,34,100,220,4,0.03,29.9,1013.1,3,null,OVC,null,null,null,500,null,null,null,#NAME?,null,null,null,null,null,null,29.76,KCVG 201352Z 22004KT 3SM -RASN BR OVC005 01/01 A2990 RMK AO2 SNB50 SLP131 P0003 T00110011,null
CVG,2024-12-20 14:21,34,33,96.08,250,6,0.02,29.92,null,1.5,null,OVC,null,null,null,600,null,null,null,#NAME?,null,null,null,null,null,null,27.94,KCVG 201421Z 25006KT 1 1/2SM -RASN BR OVC006 01/01 A2992 RMK AO2 SFC VIS 2 P0002 T00110006,null
CVG,2024-12-20 14:52,33,32,96.06,260,9,0.04,29.93,1013.8,1.5,null,BKN,OVC,null,null,700,1100,null,null,#NAME?,null,null,null,null,null,null,24.76,KCVG 201452Z 26009KT 1 1/2SM R36C/5500VP6000FT -SN BR BKN007 OVC011 01/00 A2993 RMK AO2 RAE27 SLP138 P0004 60008 T00060000 53005,null
CVG,2024-12-20 15:05,33,33,100,260,7,0.01,29.93,null,1,null,BKN,OVC,null,null,700,1300,null,null,#NAME?,null,null,null,null,null,null,26,KCVG 201505Z 26007KT 1SM R36C/5000VP6000FT -SN BR BKN007 OVC013 01/01 A2993 RMK AO2 TWR VIS 1 1/2 P0001 T00060006,null
CVG,2024-12-20 15:52,33,32,96.06,290,13,0.04,29.96,1014.8,1.5,null,BKN,OVC,null,null,700,2600,null,null,#NAME?,null,null,null,26,290,2024-12-20 15:42,22.85,KCVG 201552Z 29013KT 1 1/2SM -SN BR BKN007 OVC026 01/00 A2996 RMK AO2 PK WND 29026/1542 SFC VIS 2 SLP148 WSHFT 1540 FROPA P0004 T00060000,null
CVG,2024-12-20 16:23,33,32,96.06,280,15,0.01,29.97,null,1,24,BKN,OVC,null,null,700,1200,null,null,#NAME?,null,null,null,null,null,null,22.08,KCVG 201623Z 28015G24KT 1SM R36C/4000VP6000FT -SN BR BKN007 OVC012 01/00 A2997 RMK AO2 P0001 T00060000,null
CVG,2024-12-20 16:52,32,31,96.04,280,15,0.02,29.97,1015.4,1,null,BKN,OVC,null,null,700,1200,null,null,#NAME?,null,null,null,null,null,null,20.78,KCVG 201652Z 28015KT 1SM R36C/4500VP6000FT -SN BR BKN007 OVC012 00/M01 A2997 RMK AO2 SLP154 VIS 3/4 N SNINCR 1/1 P0002 T00001006,null
CVG,2024-12-20 17:42,32,31,96.04,290,13,T,29.98,null,3,null,BKN,OVC,null,null,900,1400,null,null,#NAME?,null,null,null,null,null,null,21.57,KCVG 201742Z 29013KT 3SM -SN BR BKN009 OVC014 00/M01 A2998 RMK AO2 SFC VIS 4 P0000 T00001006,null
CVG,2024-12-20 17:46,32,30.2,92.97,290,13,T,29.98,null,3,null,BKN,OVC,null,null,1000,1400,null,null,#NAME?,null,null,null,null,null,null,21.57,KCVG 201746Z 29013KT 3SM -SN BR BKN010 OVC014 00/M01 A2998 RMK AO2 SFC VIS 4 P0000,null
CVG,2024-12-20 17:52,32,30,92.22,280,16,T,29.98,1015.6,3,22,OVC,null,null,null,900,null,null,null,#NAME?,null,null,null,null,null,null,20.42,KCVG 201752Z 28016G22KT 3SM -SN BR OVC009 00/M01 A2998 RMK AO2 SFC VIS 4 SLP156 P0000 60014 T00001011 10028 20000 51007,null
CVG,2024-12-20 18:00,32,30,92.22,280,15,T,29.98,null,3,null,OVC,null,null,null,1000,null,null,null,#NAME?,null,null,null,null,null,null,20.78,KCVG 201800Z 28015KT 3SM -SN BR OVC010 00/M01 A2998 RMK AO2 SFC VIS 5 P0000 T00001011,null
CVG,2024-12-20 18:52,32,30,92.22,290,17,T,29.99,1016,5,null,OVC,null,null,null,1500,null,null,null,#NAME?,null,null,null,null,null,null,20.08,KCVG 201852Z 29017KT 5SM -SN BR OVC015 00/M01 A2999 RMK AO2 SLP160 P0000 T00001011,null
CVG,2024-12-20 19:12,32,30,92.22,280,16,T,30,null,7,null,OVC,null,null,null,1300,null,null,null,#NAME?,null,null,null,null,null,null,20.42,KCVG 201912Z 28016KT 7SM -SN OVC013 00/M01 A3000 RMK AO2 P0000 T00001011,null
CVG,2024-12-20 19:40,32,30,92.22,280,13,T,30.01,null,10,23,OVC,null,null,null,1100,null,null,null,null,null,null,null,null,null,null,21.57,KCVG 201940Z 28013G23KT 10SM OVC011 00/M01 A3001 RMK AO2 SNE40 P0000 T00001011,null
CVG,2024-12-20 19:52,32,30,92.22,290,12,T,30.02,1016.9,10,null,OVC,null,null,null,1000,null,null,null,null,null,null,null,null,null,null,22,KCVG 201952Z 29012KT 10SM OVC010 00/M01 A3002 RMK AO2 SNE40 SLP169 P0000 T00001011,null
CVG,2024-12-20 20:23,33,31,92.25,270,9,0,30.03,null,10,null,OVC,null,null,null,900,null,null,null,null,null,null,null,null,null,null,24.76,KCVG 202023Z 27009KT 10SM OVC009 01/M01 A3003 RMK AO2 T00061006 $,null
CVG,2024-12-20 20:52,33,31,92.25,280,10,0,30.05,1018.2,10,null,OVC,null,null,null,800,null,null,null,null,null,null,null,null,null,null,24.22,KCVG 202052Z 28010KT 10SM OVC008 01/M01 A3005 RMK AO2 SLP182 60000 T00061006 53025 $,null
CVG,2024-12-20 21:52,34,32,92.29,310,10,0,30.09,1019.3,8,null,OVC,null,null,null,800,null,null,null,null,null,null,null,null,null,null,25.48,KCVG 202152Z 31010KT 8SM OVC008 01/00 A3009 RMK AO2 SLP193 T00110000 $,null
CVG,2024-12-20 22:16,34,33,96.08,310,11,0,30.1,null,5,null,SCT,OVC,null,null,800,1100,null,null,BR,null,null,null,null,null,null,24.99,KCVG 202216Z 31011KT 5SM BR SCT008 OVC011 01/01 A3010 RMK AO2 T00110006 $,null
CVG,2024-12-20 22:35,35,32,88.68,320,14,0,30.12,null,9,22,FEW,OVC,null,null,900,1300,null,null,null,null,null,null,null,null,null,25.03,KCVG 202235Z 32014G22KT 9SM FEW009 OVC013 02/00 A3012 RMK AO2 T00170000 $,null
CVG,2024-12-20 22:52,35,32,88.68,320,13,0,30.13,1020.7,8,22,FEW,OVC,null,null,900,1300,null,null,null,null,null,null,null,null,null,25.41,KCVG 202252Z 32013G22KT 8SM FEW009 OVC013 02/00 A3013 RMK AO2 SLP207 T00170000 $,null
CVG,2024-12-20 23:36,34,32,92.29,330,18,T,30.16,null,7,23,OVC,null,null,null,1100,null,null,null,#NAME?,null,null,null,null,null,null,22.38,KCVG 202336Z 33018G23KT 7SM -SN OVC011 01/00 A3016 RMK AO2 SNB36 P0000 T00110000 $,null
CVG,2024-12-20 23:52,34,32,92.29,330,17,T,30.17,1022.2,7,null,OVC,null,null,null,1000,null,null,null,#NAME?,null,null,null,null,null,null,22.7,KCVG 202352Z 33017KT 7SM -SN OVC010 01/00 A3017 RMK AO2 SNB36 SLP222 PCPN VRY LGT P0000 60000 T00110000 10017 20000 53039 $,null
CVG,2024-12-21 0:07,34,32,92.29,320,17,T,30.18,null,6,22,OVC,null,null,null,900,null,null,null,#NAME?,null,null,null,null,null,null,22.7,KCVG 210007Z 32017G22KT 6SM -SN BR OVC009 01/00 A3018 RMK AO2 PCPN VRY LGT P0000 T00110000 $,null
CVG,2024-12-21 0:52,34,31,88.63,330,13,T,30.2,1023.3,6,null,OVC,null,null,null,900,null,null,null,#NAME?,null,null,null,null,null,null,24.13,KCVG 210052Z 33013KT 6SM -SN BR OVC009 01/M01 A3020 RMK AO2 SLP233 PCPN VRY LGT P0000 T00111006 $,null
CVG,2024-12-21 1:01,33,31,92.25,330,13,T,30.21,null,3,21,OVC,null,null,null,900,null,null,null,#NAME?,null,null,null,null,null,null,22.85,KCVG 210101Z 33013G21KT 3SM -DZ BR OVC009 01/M01 A3021 RMK AO2 TWR VIS 4 DZB01SNE01 P0000 T00061006 $,null
CVG,2024-12-21 1:20,33,31,92.25,340,14,T,30.21,null,6,null,SCT,OVC,null,null,900,1200,null,null,BR,null,null,null,null,null,null,22.45,KCVG 210120Z 34014KT 6SM BR SCT009 OVC012 01/M01 A3021 RMK AO2 DZB01E15SNE01 P0000 T00061006 $,null
CVG,2024-12-21 1:52,33,30,88.58,340,16,T,30.22,1023.8,7,24,FEW,OVC,null,null,900,1200,null,null,#NAME?,null,null,null,null,null,null,21.72,KCVG 210152Z 34016G24KT 7SM -DZ FEW009 OVC012 01/M01 A3022 RMK AO2 DZB01E15B49SNE01 SLP238 P0000 T00061011 $,null
CVG,2024-12-21 2:10,33,30,88.58,330,16,T,30.23,null,8,null,OVC,null,null,null,1300,null,null,null,#NAME?,null,null,null,null,null,null,21.72,KCVG 210210Z 33016KT 8SM -SN OVC013 01/M01 A3023 RMK AO2 DZE10SNB10 P0000 T00061011 $,null
CVG,2024-12-21 2:44,32,29,88.53,340,16,T,30.24,null,9,24,OVC,null,null,null,1500,null,null,null,#NAME?,null,null,null,null,null,null,20.42,KCVG 210244Z 34016G24KT 9SM -SN OVC015 00/M02 A3024 RMK AO2 DZE10SNB10 P0000 T00001017 $,null
CVG,2024-12-21 2:52,32,28,84.98,340,14,T,30.24,1024.6,9,26,OVC,null,null,null,1500,null,null,null,#NAME?,null,null,null,26,330,2024-12-21 2:48,21.16,KCVG 210252Z 34014G26KT 9SM -SN OVC015 00/M02 A3024 RMK AO2 PK WND 33026/0248 DZE10SNB10 SLP246 P0000 60000 T00001022 51022 $,null
CVG,2024-12-21 3:04,32,27,81.55,340,13,T,30.24,null,9,null,BKN,OVC,null,null,1700,2200,null,null,null,null,null,null,null,null,null,21.57,KCVG 210304Z 34013KT 9SM BKN017 OVC022 00/M03 A3024 RMK AO2 SNE04 P0000 T00001028 $,null
CVG,2024-12-21 3:52,32,27,81.55,330,10,T,30.24,1024.7,10,null,BKN,OVC,null,null,2900,4100,null,null,null,null,null,null,null,null,null,22.97,KCVG 210352Z 33010KT 10SM BKN029 OVC041 00/M03 A3024 RMK AO2 SNE04 SLP247 P0000 T00001028 $,null
CVG,2024-12-21 3:59,32,27,81.55,330,11,0,30.24,null,10,null,SCT,OVC,null,null,3000,4100,null,null,null,null,null,null,null,null,null,22.47,KCVG 210359Z 33011KT 10SM SCT030 OVC041 00/M03 A3024 RMK AO2 T00001028 $,null
CVG,2024-12-21 4:52,32,26,78.25,330,10,0,30.25,1024.8,10,null,SCT,BKN,OVC,null,2100,3000,4600,null,null,null,null,null,null,null,null,22.97,KCVG 210452Z 33010KT 10SM SCT021 BKN030 OVC046 00/M03 A3025 RMK AO2 SLP248 T00001033 400280000 $,null
CVG,2024-12-21 4:59,32,26,78.25,330,11,0,30.25,null,10,null,SCT,BKN,OVC,null,2000,2900,4500,null,null,null,null,null,null,null,null,22.47,KCVG 210459Z 33011KT 10SM SCT020 BKN029 OVC045 00/M03 A3025 RMK AO2 T00001033 $,null
CVG,2024-12-21 5:52,31,26,81.48,330,12,0,30.24,1024.8,10,null,BKN,OVC,null,null,2000,2700,null,null,null,null,null,null,null,null,null,20.73,KCVG 210552Z 33012KT 10SM BKN020 OVC027 M01/M03 A3024 RMK AO2 SLP248 60000 T10061033 10011 21006 50002 $,null
CVG,2024-12-21 6:52,31,27,84.92,340,10,0,30.25,1024.9,10,null,OVC,null,null,null,1600,null,null,null,null,null,null,null,null,null,null,21.71,KCVG 210652Z 34010KT 10SM OVC016 M01/M03 A3025 RMK AO2 SLP249 T10061028 $,null
CVG,2024-12-21 7:52,31,25,78.16,350,16,0,30.28,1025.9,10,null,OVC,null,null,null,1900,null,null,null,null,null,null,null,null,null,null,19.11,KCVG 210752Z 35016KT 10SM OVC019 M01/M04 A3028 RMK AO2 SLP259 T10061039 $,null
CVG,2024-12-21 8:52,30,23,74.87,350,13,0,30.31,1026.9,10,null,OVC,null,null,null,2300,null,null,null,null,null,null,null,null,null,null,19.01,KCVG 210852Z 35013KT 10SM OVC023 M01/M05 A3031 RMK AO2 SLP269 T10111050 53021 $,null
CVG,2024-12-21 9:34,29,22,74.77,340,9,0,30.32,null,10,null,FEW,null,null,null,2400,null,null,null,null,null,null,null,null,null,null,19.78,KCVG 210934Z 34009KT 10SM FEW024 M02/M06 A3032 RMK AO2 T10171056 $,null
CVG,2024-12-21 9:52,28,22,77.89,350,13,0,30.32,1027.5,10,null,FEW,null,null,null,2500,null,null,null,null,null,null,null,null,null,null,16.44,KCVG 210952Z 35013KT 10SM FEW025 M02/M06 A3032 RMK AO2 SLP275 T10221056 $,null
CVG,2024-12-21 10:52,26,21,81.09,350,13,0,30.34,1028,10,null,CLR,null,null,null,null,null,null,null,null,null,null,null,null,null,null,13.88,KCVG 211052Z 35013KT 10SM CLR M03/M06 A3034 RMK AO2 SLP280 T10331061 $,null
CVG,2024-12-21 11:52,25,21,84.53,340,7,0,30.37,1029.1,10,null,CLR,null,null,null,null,null,null,null,null,null,null,null,null,null,null,16.25,KCVG 211152Z 34007KT 10SM CLR M04/M06 A3037 RMK AO2 SLP291 70014 T10391061 11006 21039 53021 $,null
CVG,2024-12-21 12:52,24,20,84.46,340,7,0,30.4,1030.2,10,null,CLR,null,null,null,null,null,null,null,null,null,null,null,null,null,null,15.03,KCVG 211252Z 34007KT 10SM CLR M04/M07 A3040 RMK AO2 SLP302 T10441067 $,null
CVG,2024-12-21 13:52,26,20,77.71,350,6,0,30.41,1030.7,10,null,CLR,null,null,null,null,null,null,null,null,null,null,null,null,null,null,18.3,KCVG 211352Z 35006KT 10SM CLR M03/M07 A3041 RMK AO2 SLP307 T10331067 $,null
CVG,2024-12-21 14:52,27,20,74.57,10,8,0,30.42,1031,10,null,CLR,null,null,null,null,null,null,null,null,null,null,null,null,null,null,17.95,KCVG 211452Z 01008KT 10SM CLR M03/M07 A3042 RMK AO2 SLP310 T10281067 51018 $,null
CVG,2024-12-21 15:52,29,17,60.39,350,8,0,30.44,1031.6,10,null,CLR,null,null,null,null,null,null,null,null,null,null,null,null,null,null,20.42,KCVG 211552Z 35008KT 10SM CLR M02/M08 A3044 RMK AO2 SLP316 T10171083 $,null
CVG,2024-12-21 16:52,30,17,57.98,340,7,0,30.43,1031.1,10,null,SCT,null,null,null,3500,null,null,null,null,null,null,null,null,null,null,22.34,KCVG 211652Z 34007KT 10SM SCT035 M01/M08 A3043 RMK AO2 SLP311 T10111083 $,null
CVG,2024-12-21 17:52,31,16,53.31,330,11,0,30.4,1030.2,10,null,SCT,null,null,null,3900,null,null,null,null,null,null,null,null,null,null,21.2,KCVG 211752Z 33011KT 10SM SCT039 M01/M09 A3040 RMK AO2 SLP302 T10061089 10000 21044 58008 $,null
CVG,2024-12-21 18:52,32,16,51.2,340,9,0,30.39,1029.6,10,19,SCT,null,null,null,4000,null,null,null,null,null,null,null,null,null,null,23.51,KCVG 211852Z 34009G19KT 10SM SCT040 00/M09 A3039 RMK AO2 SLP296 T00001089 $,null
CVG,2024-12-21 19:52,32,15,49.02,360,10,0,30.38,1029.4,10,18,BKN,BKN,null,null,4000,25000,null,null,null,null,null,null,null,null,null,22.97,KCVG 211952Z 36010G18KT 10SM BKN040 BKN250 00/M09 A3038 RMK AO2 SLP294 T00001094 $,null
CVG,2024-12-21 20:52,31,16,53.31,350,8,0,30.39,1029.9,10,null,SCT,SCT,null,null,4000,25000,null,null,null,null,null,null,null,null,null,22.88,KCVG 212052Z 35008KT 10SM SCT040 SCT250 M01/M09 A3039 RMK AO2 SLP299 T10061089 55003 $,null
CVG,2024-12-21 21:52,29,16,57.83,10,6,0,30.4,1030.2,10,null,BKN,BKN,null,null,3900,25000,null,null,null,null,null,null,null,null,null,21.92,KCVG 212152Z 01006KT 10SM BKN039 BKN250 M02/M09 A3040 RMK AO2 SLP302 T10171089 $,null
CVG,2024-12-21 22:52,28,15,57.68,10,10,0,30.4,1030.2,10,null,BKN,BKN,null,null,4100,25000,null,null,null,null,null,null,null,null,null,17.95,KCVG 212252Z 01010KT 10SM BKN041 BKN250 M02/M09 A3040 RMK AO2 SLP302 T10221094 $,null
CVG,2024-12-21 23:52,26,16,65.43,10,6,0,30.41,1030.6,10,null,BKN,null,null,null,4100,null,null,null,null,null,null,null,null,null,null,18.3,KCVG 212352Z 01006KT 10SM BKN041 M03/M09 A3041 RMK AO2 SLP306 T10331089 10006 21033 51004 $,null
CVG,2024-12-22 0:52,26,16,65.43,10,5,0,30.41,1030.6,10,null,BKN,BKN,null,null,4000,19000,null,null,null,null,null,null,null,null,null,19.27,KCVG 220052Z 01005KT 10SM BKN040 BKN190 M03/M09 A3041 RMK AO2 SLP306 T10331089 $,null
CVG,2024-12-22 1:52,26,16,65.43,20,4,0,30.41,1030.7,10,null,SCT,BKN,null,null,4000,18000,null,null,null,null,null,null,null,null,null,20.41,KCVG 220152Z 02004KT 10SM SCT040 BKN180 M03/M09 A3041 RMK AO2 SLP307 T10331089 $,null
CVG,2024-12-22 2:52,26,14,59.96,70,4,0,30.41,1030.5,10,null,FEW,OVC,null,null,4000,17000,null,null,null,null,null,null,null,null,null,20.41,KCVG 220252Z 07004KT 10SM FEW040 OVC170 M03/M10 A3041 RMK AO2 SLP305 T10331100 50000 $,null
CVG,2024-12-22 3:52,25,15,65.3,0,0,0,30.41,1030.6,10,null,FEW,null,null,null,4000,null,null,null,null,null,null,null,null,null,null,25,KCVG 220352Z 00000KT 10SM FEW040 M04/M09 A3041 RMK AO2 SLP306 T10391094 $,null
CVG,2024-12-22 4:52,24,15,68.08,30,3,0,30.4,1030.2,10,null,FEW,null,null,null,3800,null,null,null,null,null,null,null,null,null,null,19.54,KCVG 220452Z 03003KT 10SM FEW038 M04/M09 A3040 RMK AO2 SLP302 T10441094 400061044 $,null
CVG,2024-12-22 5:52,22,15,74.05,0,0,0,30.4,1030.1,10,null,FEW,null,null,null,4000,null,null,null,null,null,null,null,null,null,null,22,KCVG 220552Z 00000KT 10SM FEW040 M06/M09 A3040 RMK AO2 SLP301 T10561094 11028 21061 58003 $,null
CVG,2024-12-22 6:52,20,14,77.16,0,0,0,30.4,1030.3,10,null,FEW,null,null,null,4000,null,null,null,null,null,null,null,null,null,null,20,KCVG 220652Z 00000KT 10SM FEW040 M07/M10 A3040 RMK AO2 SLP303 T10671100 $,null
CVG,2024-12-22 7:52,21,16,80.69,0,0,0,30.42,1030.8,10,null,CLR,null,null,null,null,null,null,null,null,null,null,null,null,null,null,21,KCVG 220752Z 00000KT 10SM CLR M06/M09 A3042 RMK AO2 SLP308 T10611089 $,null
CVG,2024-12-22 8:52,20,15,80.6,0,0,0,30.42,1031.1,10,null,CLR,null,null,null,null,null,null,null,null,null,null,null,null,null,null,20,KCVG 220852Z 00000KT 10SM CLR M07/M09 A3042 RMK AO2 SLP311 T10671094 53008 $,null
CVG,2024-12-22 9:52,20,15,80.6,0,0,0,30.43,1031.3,10,null,CLR,null,null,null,null,null,null,null,null,null,null,null,null,null,null,20,KCVG 220952Z 00000KT 10SM CLR M07/M09 A3043 RMK AO2 SLP313 T10671094 $,null
CVG,2024-12-22 10:52,19,15,84.12,0,0,0,30.44,1031.9,10,null,CLR,null,null,null,null,null,null,null,null,null,null,null,null,null,null,19,KCVG 221052Z 00000KT 10SM CLR M07/M09 A3044 RMK AO2 SLP319 T10721094 $,null
CVG,2024-12-22 11:52,18,15,87.81,0,0,0,30.46,1032.5,10,null,CLR,null,null,null,null,null,null,null,null,null,null,null,null,null,null,18,KCVG 221152Z 00000KT 10SM CLR M08/M09 A3046 RMK AO2 SLP325 T10781094 11050 21078 53012 $,null
CVG,2024-12-22 12:52,19,15,84.12,0,0,0,30.47,1033,10,null,CLR,null,null,null,null,null,null,null,null,null,null,null,null,null,null,19,KCVG 221252Z 00000KT 10SM CLR M07/M09 A3047 RMK AO2 SLP330 T10721094 $,null
CVG,2024-12-22 13:52,24,18,77.53,0,0,0,30.49,1033.4,10,null,CLR,null,null,null,null,null,null,null,null,null,null,null,null,null,null,24,KCVG 221352Z 00000KT 10SM CLR M04/M08 A3049 RMK AO2 SLP334 T10441078 $,null
CVG,2024-12-22 14:52,26,19,74.46,0,0,0,30.5,1033.7,10,null,CLR,null,null,null,null,null,null,null,null,null,null,null,null,null,null,26,KCVG 221452Z 00000KT 10SM CLR M03/M07 A3050 RMK AO2 SLP337 T10331072 51013 $,null
CVG,2024-12-22 15:52,28,17,62.91,130,7,0,30.49,1033.4,10,null,CLR,null,null,null,null,null,null,null,null,null,null,null,null,null,null,19.9,KCVG 221552Z 13007KT 10SM CLR M02/M08 A3049 RMK AO2 SLP334 T10221083 $,null
CVG,2024-12-22 16:52,29,16,57.83,0,0,0,30.47,1032.7,10,null,CLR,null,null,null,null,null,null,null,null,null,null,null,null,null,null,29,KCVG 221652Z 00000KT 10SM CLR M02/M09 A3047 RMK AO2 SLP327 T10171089 $,null
CVG,2024-12-22 17:52,31,16,53.31,190,3,0,30.44,1031.7,10,null,CLR,null,null,null,null,null,null,null,null,null,null,null,null,null,null,27.55,KCVG 221752Z 19003KT 10SM CLR M01/M09 A3044 RMK AO2 SLP317 T10061089 11006 21078 58019 $,null
CVG,2024-12-22 18:52,31,16,53.31,null,3,0,30.42,1030.9,10,null,CLR,null,null,null,null,null,null,null,null,null,null,null,null,null,null,27.55,KCVG 221852Z VRB03KT 10SM CLR M01/M09 A3042 RMK AO2 SLP309 T10061089 $,null
CVG,2024-12-22 19:52,32,16,51.2,130,4,0,30.39,1030.1,10,null,FEW,SCT,BKN,null,9000,20000,23000,null,null,null,null,null,null,null,null,27.42,KCVG 221952Z 13004KT 10SM FEW090 SCT200 BKN230 00/M09 A3039 RMK AO2 SLP301 T00001089 $,null
CVG,2024-12-22 20:52,33,16,49.18,160,5,0,30.4,1030.1,10,null,FEW,FEW,BKN,null,9000,20000,23000,null,null,null,null,null,null,null,null,27.58,KCVG 222052Z 16005KT 10SM FEW090 FEW200 BKN230 01/M09 A3040 RMK AO2 SLP301 T00061089 55015 $,null
CVG,2024-12-22 21:52,31,18,58.12,170,8,0,30.4,1030.3,10,null,FEW,SCT,null,null,9000,25000,null,null,null,null,null,null,null,null,null,22.88,KCVG 222152Z 17008KT 10SM FEW090 SCT250 M01/M08 A3040 RMK AO2 SLP303 T10061078 $,null
CVG,2024-12-22 22:52,29,17,60.39,150,7,0,30.41,1030.8,10,null,BKN,BKN,null,null,8000,25000,null,null,null,null,null,null,null,null,null,21.12,KCVG 222252Z 15007KT 10SM BKN080 BKN250 M02/M08 A3041 RMK AO2 SLP308 T10171083 $,null
CVG,2024-12-22 23:52,29,17,60.39,120,6,0,30.43,1031.3,10,null,SCT,null,null,null,8000,null,null,null,null,null,null,null,null,null,null,21.92,KCVG 222352Z 12006KT 10SM SCT080 M02/M08 A3043 RMK AO2 SLP313 T10171083 10011 21022 53010 $,null
CVG,2024-12-23 0:52,28,16,60.25,120,6,0,30.43,1031.5,10,null,SCT,null,null,null,19000,null,null,null,null,null,null,null,null,null,null,20.71,KCVG 230052Z 12006KT 10SM SCT190 M02/M09 A3043 RMK AO2 SLP315 T10221089 $,null
CVG,2024-12-23 1:52,28,17,62.91,150,8,0,30.42,1030.9,10,null,OVC,null,null,null,17000,null,null,null,null,null,null,null,null,null,null,19.19,KCVG 230152Z 15008KT 10SM OVC170 M02/M08 A3042 RMK AO2 SLP309 T10221083 $,null
CVG,2024-12-23 2:52,28,16,60.25,150,9,0,30.41,1030.7,10,null,OVC,null,null,null,16000,null,null,null,null,null,null,null,null,null,null,18.54,KCVG 230252Z 15009KT 10SM OVC160 M02/M09 A3041 RMK AO2 SLP307 T10221089 58004 $,null
CVG,2024-12-23 3:52,27,16,62.78,130,8,0,30.41,1030.5,10,null,FEW,null,null,null,15000,null,null,null,null,null,null,null,null,null,null,17.95,KCVG 230352Z 13008KT 10SM FEW150 M03/M09 A3041 RMK AO2 SLP305 T10281089 $,null
CVG,2024-12-23 4:52,27,16,62.78,150,11,0,30.38,1029.6,10,null,FEW,null,null,null,15000,null,null,null,null,null,null,null,null,null,null,16.15,KCVG 230452Z 15011KT 10SM FEW150 M03/M09 A3038 RMK AO2 SLP296 T10281089 400111078 $,null
CVG,2024-12-23 5:52,26,16,65.43,160,9,0,30.37,1029,10,null,CLR,null,null,null,null,null,null,null,null,null,null,null,null,null,null,16.05,KCVG 230552Z 16009KT 10SM CLR M03/M09 A3037 RMK AO2 SLP290 T10331089 11017 21033 58015 $,null
CVG,2024-12-23 6:52,26,16,65.43,160,8,0,30.36,1029,10,null,CLR,null,null,null,null,null,null,null,null,null,null,null,null,null,null,16.72,KCVG 230652Z 16008KT 10SM CLR M03/M09 A3036 RMK AO2 SLP290 T10331089 $,null
CVG,2024-12-23 7:52,25,16,68.2,160,8,0,30.36,1028.9,10,null,CLR,null,null,null,null,null,null,null,null,null,null,null,null,null,null,15.49,KCVG 230752Z 16008KT 10SM CLR M04/M09 A3036 RMK AO2 SLP289 T10391089 $,null
CVG,2024-12-23 8:52,23,16,74.15,160,7,0,30.36,1028.9,10,null,CLR,null,null,null,null,null,null,null,null,null,null,null,null,null,null,13.81,KCVG 230852Z 16007KT 10SM CLR M05/M09 A3036 RMK AO2 SLP289 T10501089 58003 $,null
CVG,2024-12-23 9:52,24,17,74.26,170,6,0,30.34,1028.4,10,null,CLR,null,null,null,null,null,null,null,null,null,null,null,null,null,null,15.9,KCVG 230952Z 17006KT 10SM CLR M04/M08 A3034 RMK AO2 SLP284 T10441083 $,null
CVG,2024-12-23 10:52,24,17,74.26,170,8,0,30.33,1028,10,null,FEW,null,null,null,25000,null,null,null,null,null,null,null,null,null,null,14.26,KCVG 231052Z 17008KT 10SM FEW250 M04/M08 A3033 RMK AO2 SLP280 T10441083 $,null
CVG,2024-12-23 11:52,23,17,77.44,170,7,0,30.34,1028.2,10,null,CLR,null,null,null,null,null,null,null,null,null,null,null,null,null,null,13.81,KCVG 231152Z 17007KT 10SM CLR M05/M08 A3034 RMK AO2 SLP282 T10501083 11028 21050 55008 $,null
CVG,2024-12-23 12:52,24,18,77.53,170,7,0,30.33,1028,10,null,CLR,null,null,null,null,null,null,null,null,null,null,null,null,null,null,15.03,KCVG 231252Z 17007KT 10SM CLR M04/M08 A3033 RMK AO2 SLP280 T10441078 $,null
CVG,2024-12-23 13:52,29,19,65.81,180,7,0,30.34,1028,10,null,CLR,null,null,null,null,null,null,null,null,null,null,null,null,null,null,21.12,KCVG 231352Z 18007KT 10SM CLR M02/M07 A3034 RMK AO2 SLP280 T10171072,null
CVG,2024-12-23 14:52,35,21,56.27,190,10,0,30.32,1027.5,10,18,CLR,null,null,null,null,null,null,null,null,null,null,null,null,null,null,26.73,KCVG 231452Z 19010G18KT 10SM CLR 02/M06 A3032 RMK AO2 SLP275 T00171061 58004,null
CVG,2024-12-23 15:52,38,23,54.39,210,7,0,30.33,1027.8,10,null,CLR,null,null,null,null,null,null,null,null,null,null,null,null,null,null,32.09,KCVG 231552Z 21007KT 10SM CLR 03/M05 A3033 RMK AO2 SLP278 T00331050,null
CVG,2024-12-23 16:52,42,24,48.55,220,8,0,30.3,1026.6,10,null,CLR,null,null,null,null,null,null,null,null,null,null,null,null,null,null,36.43,KCVG 231652Z 22008KT 10SM CLR 06/M04 A3030 RMK AO2 SLP266 T00561044,null
CVG,2024-12-23 17:52,44,25,46.88,200,10,0,30.26,1025,10,null,OVC,null,null,null,6000,null,null,null,null,null,null,null,null,null,null,38.02,KCVG 231752Z 20010KT 10SM OVC060 07/M04 A3026 RMK AO2 SLP250 T00671039 10067 21050 58023,null
CVG,2024-12-23 18:52,46,25,43.44,200,13,0,30.22,1023.9,10,null,BKN,OVC,null,null,5500,7000,null,null,null,null,null,null,null,null,null,39.5,KCVG 231852Z 20013KT 10SM BKN055 OVC070 08/M04 A3022 RMK AO2 SLP239 T00781039,null
CVG,2024-12-23 19:52,49,26,40.45,190,14,0,30.2,1022.9,10,22,FEW,SCT,null,null,5500,25000,null,null,null,null,null,null,null,null,null,43.08,KCVG 231952Z 19014G22KT 10SM FEW055 SCT250 09/M03 A3020 RMK AO2 SLP229 T00941033,null
CVG,2024-12-23 20:52,49,26,40.45,190,10,0,30.21,1023.3,10,null,SCT,BKN,OVC,null,5000,6500,8500,null,null,null,null,null,null,null,null,44.29,KCVG 232052Z 19010KT 10SM SCT050 BKN065 OVC085 09/M03 A3021 RMK AO2 SLP233 BINOVC T00941033 55017,null
CVG,2024-12-23 21:52,48,26,42,200,8,0,30.22,1023.7,10,null,BKN,OVC,null,null,5000,6500,null,null,null,null,null,null,null,null,null,43.82,KCVG 232152Z 20008KT 10SM BKN050 OVC065 09/M03 A3022 RMK AO2 SLP237 T00891033,null
CVG,2024-12-23 22:52,47,28,47.36,190,9,T,30.2,1023.2,10,null,BKN,OVC,null,null,4700,6000,null,null,null,null,null,null,null,null,null,42.17,KCVG 232252Z 19009KT 10SM BKN047 OVC060 08/M02 A3020 RMK AO2 RAB22E35 SLP232 P0000 T00831022,null
CVG,2024-12-23 23:52,46,29,51.24,190,11,T,30.2,1023.1,10,null,BKN,OVC,null,null,4500,7000,null,null,null,null,null,null,null,null,null,40.16,KCVG 232352Z 19011KT 10SM BKN045 OVC070 08/M02 A3020 RMK AO2 RAB28E48 SLP231 P0000 60000 T00781017 10100 20067 58002,null
CVG,2024-12-24 0:52,47,29,49.34,200,11,0,30.19,1022.9,10,null,OVC,null,null,null,4300,null,null,null,null,null,null,null,null,null,null,41.42,KCVG 240052Z 20011KT 10SM OVC043 08/M02 A3019 RMK AO2 SLP229 T00831017,null
CVG,2024-12-24 1:52,47,29,49.34,200,10,0,30.2,1022.9,10,null,OVC,null,null,null,4100,null,null,null,null,null,null,null,null,null,null,41.78,KCVG 240152Z 20010KT 10SM OVC041 08/M02 A3020 RMK AO2 SLP229 T00831017,null
CVG,2024-12-24 2:52,47,31,53.52,220,7,T,30.22,1023.5,10,null,OVC,null,null,null,4000,null,null,null,null,null,null,null,null,null,null,43.06,KCVG 240252Z 22007KT 10SM OVC040 08/M01 A3022 RMK AO2 RAB40E49 SLP235 P0000 60000 T00831006 53005,null
CVG,2024-12-24 3:52,47,31,53.52,210,7,T,30.23,1023.7,10,null,OVC,null,null,null,4700,null,null,null,null,null,null,null,null,null,null,43.06,KCVG 240352Z 21007KT 10SM OVC047 08/M01 A3023 RMK AO2 RAB06E16 SLP237 P0000 T00831006,null
CVG,2024-12-24 4:52,46,31,55.58,230,5,0,30.23,1023.8,10,null,OVC,null,null,null,4400,null,null,null,null,null,null,null,null,null,null,43.02,KCVG 240452Z 23005KT 10SM OVC044 08/M01 A3023 RMK AO2 SLP238 T00781006 401001050,null
CVG,2024-12-24 5:52,47,32,55.73,230,15,0,30.22,1023.5,10,22,OVC,null,null,null,4000,null,null,null,null,null,null,null,null,null,null,40.23,KCVG 240552Z 23015G22KT 10SM OVC040 08/00 A3022 RMK AO2 SLP235 60000 T00830000 10083 20078 50002,null
CVG,2024-12-24 6:52,46,34,62.71,240,13,0,30.22,1023.6,10,null,OVC,null,null,null,3600,null,null,null,null,null,null,null,null,null,null,39.5,KCVG 240652Z 24013KT 10SM OVC036 08/01 A3022 RMK AO2 SLP236 T00780011,null
CVG,2024-12-24 7:33,45,35,67.78,240,7,T,30.24,null,10,19,OVC,null,null,null,2800,null,null,null,#NAME?,null,null,null,null,null,null,40.63,KCVG 240733Z 24007G19KT 10SM -RA OVC028 07/02 A3024 RMK AO2 RAB21 P0000 T00720017,null
CVG,2024-12-24 7:52,44,36,73.27,240,8,T,30.24,1024.2,10,null,OVC,null,null,null,2700,null,null,null,#NAME?,null,null,null,null,null,null,38.9,KCVG 240752Z 24008KT 10SM -RA OVC027 07/02 A3024 RMK AO2 RAB21 SLP242 P0000 T00670022,null
CVG,2024-12-24 8:27,43,37,79.19,240,6,0.01,30.25,null,10,null,SCT,OVC,null,null,2600,3300,null,null,#NAME?,null,null,null,null,null,null,38.78,KCVG 240827Z 24006KT 10SM -RA SCT026 OVC033 06/03 A3025 RMK AO2 CIG 026 36R P0001 T00610028,null
CVG,2024-12-24 8:52,42,38,85.6,230,6,0.02,30.25,1024.4,10,null,FEW,OVC,null,null,2600,3300,null,null,#NAME?,null,null,null,null,null,null,37.57,KCVG 240852Z 23006KT 10SM -RA FEW026 OVC033 06/03 A3025 RMK AO2 CIG 027 36R SLP244 P0002 60002 T00560033 53008,null
CVG,2024-12-24 9:52,43,38,82.37,230,6,T,30.26,1024.7,10,null,SCT,OVC,null,null,2700,3200,null,null,null,null,null,null,null,null,null,38.78,KCVG 240952Z 23006KT 10SM SCT027 OVC032 06/03 A3026 RMK AO2 RAE13 SLP247 P0000 T00610033,null
CVG,2024-12-24 10:29,43,38,82.37,230,5,T,30.26,null,10,null,FEW,OVC,null,null,1900,2800,null,null,null,null,null,null,null,null,null,39.46,KCVG 241029Z 23005KT 10SM FEW019 OVC028 06/03 A3026 RMK AO2 RAB0956E06 P0000 T00610033,null
CVG,2024-12-24 10:52,42,38,85.6,230,3,T,30.27,1025.2,10,null,FEW,OVC,null,null,2000,2800,null,null,null,null,null,null,null,null,null,40.12,KCVG 241052Z 23003KT 10SM FEW020 OVC028 06/03 A3027 RMK AO2 RAB0956E06 SLP252 P0000 T00560033,null
CVG,2024-12-24 11:36,42,38,85.6,210,4,0,30.28,null,10,null,OVC,null,null,null,3000,null,null,null,null,null,null,null,null,null,null,39.1,KCVG 241136Z 21004KT 10SM OVC030 06/03 A3028 RMK AO2 T00560033,null
CVG,2024-12-24 11:52,42,38,85.6,230,4,0,30.28,1025.4,10,null,OVC,null,null,null,3100,null,null,null,null,null,null,null,null,null,null,39.1,KCVG 241152Z 23004KT 10SM OVC031 06/03 A3028 RMK AO2 SLP254 60002 70002 T00560033 10083 20056 51010,null
CVG,2024-12-24 12:52,42,38,85.6,210,4,0,30.29,1025.7,10,null,FEW,OVC,null,null,2500,3200,null,null,null,null,null,null,null,null,null,39.1,KCVG 241252Z 21004KT 10SM FEW025 OVC032 06/03 A3029 RMK AO2 SLP257 T00560033,null
CVG,2024-12-24 13:52,42,38,85.6,220,4,0,30.3,1026,10,null,FEW,OVC,null,null,2200,3100,null,null,null,null,null,null,null,null,null,39.1,KCVG 241352Z 22004KT 10SM FEW022 OVC031 06/03 A3030 RMK AO2 SLP260 T00560033,null
CVG,2024-12-24 14:26,42,39,89.01,210,4,0,30.31,null,10,null,BKN,OVC,null,null,2100,3000,null,null,null,null,null,null,null,null,null,39.1,KCVG 241426Z 21004KT 10SM BKN021 OVC030 06/04 A3031 RMK AO2 T00560039,null
CVG,2024-12-24 14:52,43,39,85.66,220,5,0,30.31,1026.6,10,null,BKN,OVC,null,null,2000,3000,null,null,null,null,null,null,null,null,null,39.46,KCVG 241452Z 22005KT 10SM BKN020 OVC030 06/04 A3031 RMK AO2 SLP266 T00610039 53012,null
CVG,2024-12-24 15:40,44,40,85.71,200,4,0,30.32,null,10,null,SCT,OVC,null,null,2000,3500,null,null,null,null,null,null,null,null,null,41.43,KCVG 241540Z 20004KT 10SM SCT020 OVC035 07/04 A3032 RMK AO2 CIG 030 36R T00670044,null
CVG,2024-12-24 15:52,44,39,82.44,230,5,0,30.32,1026.8,10,null,OVC,null,null,null,3600,null,null,null,null,null,null,null,null,null,null,40.65,KCVG 241552Z 23005KT 10SM OVC036 07/04 A3032 RMK AO2 SLP268 T00670039,null
CVG,2024-12-24 16:52,45,39,79.36,null,3,0,30.3,1026.1,10,null,FEW,OVC,null,null,1500,3400,null,null,null,null,null,null,null,null,null,43.55,KCVG 241652Z VRB03KT 10SM FEW015 OVC034 07/04 A3030 RMK AO2 SLP261 T00720039,null
CVG,2024-12-24 17:14,46,39,76.4,260,4,0,30.29,null,10,null,BKN,OVC,null,null,1800,3300,null,null,null,null,null,null,null,null,null,43.77,KCVG 241714Z 26004KT 10SM BKN018 OVC033 08/04 A3029 RMK AO2 T00780039,null
CVG,2024-12-24 17:52,47,39,73.57,290,3,0,30.27,1025,10,null,OVC,null,null,null,1800,null,null,null,null,null,null,null,null,null,null,45.84,KCVG 241752Z 29003KT 10SM OVC018 08/04 A3027 RMK AO2 SLP250 BINOVC T00830039 10083 20056 58015,null
CVG,2024-12-24 18:52,48,39,70.85,350,3,0,30.25,1024.4,10,null,OVC,null,null,null,2000,null,null,null,null,null,null,null,null,null,null,46.98,KCVG 241852Z 35003KT 10SM OVC020 09/04 A3025 RMK AO2 SLP244 T00890039,null
CVG,2024-12-24 19:52,47,39,73.57,50,4,0,30.25,1024.3,10,null,OVC,null,null,null,2200,null,null,null,null,null,null,null,null,null,null,44.94,KCVG 241952Z 05004KT 10SM OVC022 08/04 A3025 RMK AO2 SLP243 T00830039,null
CVG,2024-12-24 20:52,47,39,73.57,50,4,0,30.25,1024.5,10,null,OVC,null,null,null,2400,null,null,null,null,null,null,null,null,null,null,44.94,KCVG 242052Z 05004KT 10SM OVC024 08/04 A3025 RMK AO2 SLP245 T00830039 55006,null
CVG,2024-12-24 21:52,46,39,76.4,40,4,0,30.26,1024.7,10,null,OVC,null,null,null,2600,null,null,null,null,null,null,null,null,null,null,43.77,KCVG 242152Z 04004KT 10SM OVC026 08/04 A3026 RMK AO2 SLP247 THN SPTS INOVC T00780039,null
CVG,2024-12-24 22:52,46,39,76.4,70,4,0,30.26,1024.9,10,null,OVC,null,null,null,2600,null,null,null,null,null,null,null,null,null,null,43.77,KCVG 242252Z 07004KT 10SM OVC026 08/04 A3026 RMK AO2 SLP249 T00780039,null
CVG,2024-12-24 23:52,45,39,79.36,60,5,0,30.27,1025.3,10,null,OVC,null,null,null,2600,null,null,null,null,null,null,null,null,null,null,41.83,KCVG 242352Z 06005KT 10SM OVC026 07/04 A3027 RMK AO2 SLP253 T00720039 10089 20072 53008,null
CVG,2024-12-25 0:52,45,39,79.36,40,5,0,30.29,1025.7,10,null,OVC,null,null,null,2700,null,null,null,null,null,null,null,null,null,null,41.83,KCVG 250052Z 04005KT 10SM OVC027 07/04 A3029 RMK AO2 SLP257 T00720039,null
CVG,2024-12-25 1:52,44,39,82.44,60,5,0,30.29,1025.8,9,null,OVC,null,null,null,2700,null,null,null,null,null,null,null,null,null,null,40.65,KCVG 250152Z 06005KT 9SM OVC027 07/04 A3029 RMK AO2 SLP258 T00670039,null
CVG,2024-12-25 2:52,43,39,85.66,90,3,0,30.28,1025.5,9,null,SCT,OVC,null,null,2000,2700,null,null,null,null,null,null,null,null,null,41.26,KCVG 250252Z 09003KT 9SM SCT020 OVC027 06/04 A3028 RMK AO2 SLP255 T00610039 50002,null
CVG,2024-12-25 3:52,44,39,82.44,110,4,0,30.28,1025.3,9,null,OVC,null,null,null,2800,null,null,null,null,null,null,null,null,null,null,41.43,KCVG 250352Z 11004KT 9SM OVC028 07/04 A3028 RMK AO2 SLP253 T00670039,null
CVG,2024-12-25 4:52,44,39,82.44,110,5,0,30.27,1025.1,10,null,OVC,null,null,null,2800,null,null,null,null,null,null,null,null,null,null,40.65,KCVG 250452Z 11005KT 10SM OVC028 07/04 A3027 RMK AO2 SLP251 T00670039 400890056,null
CVG,2024-12-25 5:52,43,39,85.66,150,4,0,30.26,1024.9,10,null,OVC,null,null,null,2800,null,null,null,null,null,null,null,null,null,null,40.27,KCVG 250552Z 15004KT 10SM OVC028 06/04 A3026 RMK AO2 SLP249 T00610039 10072 20061 58005,null
CVG,2024-12-25 6:52,43,38,82.37,140,5,0,30.26,1024.7,10,null,OVC,null,null,null,2600,null,null,null,null,null,null,null,null,null,null,39.46,KCVG 250652Z 14005KT 10SM OVC026 06/03 A3026 RMK AO2 SLP247 T00610033,null
CVG,2024-12-25 7:52,43,38,82.37,130,4,T,30.27,1025.2,10,null,BKN,OVC,null,null,2600,6000,null,null,null,null,null,null,null,null,null,40.27,KCVG 250752Z 13004KT 10SM BKN026 OVC060 06/03 A3027 RMK AO2 RAB31E48 SLP252 P0000 T00610033,null
CVG,2024-12-25 8:24,43,38,82.37,150,4,0,30.28,null,10,null,FEW,BKN,OVC,null,2800,3500,8000,null,null,null,null,null,null,null,null,40.27,KCVG 250824Z 15004KT 10SM FEW028 BKN035 OVC080 06/03 A3028 RMK AO2 T00610033,null
CVG,2024-12-25 8:52,42,38,85.6,150,5,0,30.28,1025.4,10,null,BKN,OVC,null,null,2700,3300,null,null,null,null,null,null,null,null,null,38.27,KCVG 250852Z 15005KT 10SM BKN027 OVC033 06/03 A3028 RMK AO2 SLP254 60000 T00560033 53004,null
CVG,2024-12-25 9:52,43,38,82.37,120,5,0,30.27,1025.1,10,null,OVC,null,null,null,2500,null,null,null,null,null,null,null,null,null,null,39.46,KCVG 250952Z 12005KT 10SM OVC025 06/03 A3027 RMK AO2 SLP251 T00610033,null
CVG,2024-12-25 10:52,42,39,89.01,160,4,T,30.28,1025.3,10,null,OVC,null,null,null,1900,null,null,null,#NAME?,null,null,null,null,null,null,39.1,KCVG 251052Z 16004KT 10SM -RA OVC019 06/04 A3028 RMK AO2 RAB06 SLP253 P0000 T00560039,null
CVG,2024-12-25 11:52,42,38,85.6,140,5,0.01,30.28,1025.6,10,null,FEW,OVC,null,null,1700,2800,null,null,#NAME?,null,null,null,null,null,null,38.27,KCVG 251152Z 14005KT 10SM -RA FEW017 OVC028 06/03 A3028 RMK AO2 SLP256 P0001 60001 70001 T00560033 10061 20056 53002,null
CVG,2024-12-25 12:16,42,39,89.01,100,3,T,30.28,null,10,null,OVC,null,null,null,3100,null,null,null,null,null,null,null,null,null,null,40.12,KCVG 251216Z 10003KT 10SM OVC031 06/04 A3028 RMK AO2 RAE09 P0000 T00560039,null
CVG,2024-12-25 12:52,42,39,89.01,0,0,T,30.28,1025.4,10,null,BKN,OVC,null,null,3200,4500,null,null,#NAME?,null,null,null,null,null,null,42,KCVG 251252Z 00000KT 10SM -RA BKN032 OVC045 06/04 A3028 RMK AO2 RAE09B27 SLP254 P0000 T00560039,null
CVG,2024-12-25 13:52,42,38,85.6,120,4,T,30.28,1025.7,10,null,SCT,OVC,null,null,3100,6500,null,null,null,null,null,null,null,null,null,39.1,KCVG 251352Z 12004KT 10SM SCT031 OVC065 06/03 A3028 RMK AO2 RAE34 SLP257 P0000 T00560033,null
CVG,2024-12-25 14:52,43,38,82.37,130,4,0,30.3,1026.1,10,null,BKN,OVC,null,null,2900,6000,null,null,null,null,null,null,null,null,null,40.27,KCVG 251452Z 13004KT 10SM BKN029 OVC060 06/03 A3030 RMK AO2 SLP261 60000 T00610033 53004,null
CVG,2024-12-25 15:52,44,39,82.44,150,5,0,30.3,1026.2,10,null,OVC,null,null,null,2800,null,null,null,null,null,null,null,null,null,null,40.65,KCVG 251552Z 15005KT 10SM OVC028 07/04 A3030 RMK AO2 SLP262 T00670039,null
CVG,2024-12-25 16:41,45,39,79.36,140,7,0,30.29,null,10,null,SCT,OVC,null,null,2700,6000,null,null,null,null,null,null,null,null,null,40.63,KCVG 251641Z 14007KT 10SM SCT027 OVC060 07/04 A3029 RMK AO2 T00720039,null
CVG,2024-12-25 16:52,46,39,76.4,130,7,0,30.28,1025.5,10,null,FEW,OVC,null,null,2700,6000,null,null,null,null,null,null,null,null,null,41.84,KCVG 251652Z 13007KT 10SM FEW027 OVC060 08/04 A3028 RMK AO2 SLP255 T00780039,null
CVG,2024-12-25 17:52,47,39,73.57,120,4,T,30.26,1024.6,10,null,OVC,null,null,null,6500,null,null,null,#NAME?,null,null,null,null,null,null,44.94,KCVG 251752Z 12004KT 10SM -RA OVC065 08/04 A3026 RMK AO2 RAB37 SLP246 P0000 60000 T00830039 10083 20050 58013,null
CVG,2024-12-25 18:52,47,40,76.49,150,5,T,30.25,1024.3,10,null,FEW,OVC,null,null,5500,7500,null,null,null,null,null,null,null,null,null,44.21,KCVG 251852Z 15005KT 10SM FEW055 OVC075 08/04 A3025 RMK AO2 RAE1753B20E49 SLP243 P0000 T00830044,null
CVG,2024-12-25 19:52,46,42,85.83,100,5,0.01,30.24,1024,10,null,BKN,OVC,null,null,7000,8500,null,null,#NAME?,null,null,null,null,null,null,43.02,KCVG 251952Z 10005KT 10SM -RA BKN070 OVC085 08/06 A3024 RMK AO2 RAB1859 SLP240 P0001 T00780056,null
CVG,2024-12-25 20:52,46,43,89.2,80,6,T,30.24,1024.2,10,null,BKN,OVC,null,null,8000,9500,null,null,null,null,null,null,null,null,null,42.39,KCVG 252052Z 08006KT 10SM BKN080 OVC095 08/06 A3024 RMK AO2 RAE46 SLP242 P0000 60001 T00780061 55004,null
CVG,2024-12-25 21:52,45,42,89.15,100,5,0,30.24,1024.2,10,null,BKN,OVC,null,null,8000,9500,null,null,null,null,null,null,null,null,null,41.83,KCVG 252152Z 10005KT 10SM BKN080 OVC095 07/06 A3024 RMK AO2 SLP242 T00720056,null
CVG,2024-12-25 22:52,44,41,89.11,90,5,T,30.24,1024.3,10,null,OVC,null,null,null,9000,null,null,null,#NAME?,null,null,null,null,null,null,40.65,KCVG 252252Z 09005KT 10SM -RA OVC090 07/05 A3024 RMK AO2 RAB2159E17B49 SLP243 P0000 T00670050,null
CVG,2024-12-25 23:52,44,42,92.61,90,6,0.01,30.24,1024.1,10,null,OVC,null,null,null,8500,null,null,null,#NAME?,null,null,null,null,null,null,39.98,KCVG 252352Z 09006KT 10SM -RA OVC085 07/06 A3024 RMK AO2 SLP241 P0001 60002 T00670056 10089 20067 58002,null
CVG,2024-12-26 0:52,44,42,92.61,90,6,T,30.23,1023.9,10,null,BKN,OVC,null,null,8500,11000,null,null,#NAME?,null,null,null,null,null,null,39.98,KCVG 260052Z 09006KT 10SM -RA BKN085 OVC110 07/06 A3023 RMK AO2 SLP239 P0000 T00670056,null
CVG,2024-12-26 1:52,44,42,92.61,100,7,0.02,30.23,1023.9,9,null,BKN,OVC,null,null,8000,10000,null,null,#NAME?,null,null,null,null,null,null,39.41,KCVG 260152Z 10007KT 9SM -RA BKN080 OVC100 07/06 A3023 RMK AO2 SLP239 P0002 T00670056,null
CVG,2024-12-26 2:52,44,41,89.11,90,5,T,30.23,1023.8,10,null,OVC,null,null,null,9500,null,null,null,#NAME?,null,null,null,null,null,null,40.65,KCVG 260252Z 09005KT 10SM -RA OVC095 07/05 A3023 RMK AO2 RAE06B29 SLP238 P0000 60002 T00670050 55001,null
CVG,2024-12-26 3:52,43,41,92.58,90,5,T,30.23,1023.8,9,null,BKN,OVC,null,null,7000,8000,null,null,#NAME?,null,null,null,null,null,null,39.46,KCVG 260352Z 09005KT 9SM -RA BKN070 OVC080 06/05 A3023 RMK AO2 SLP238 P0000 T00610050,null
CVG,2024-12-26 4:52,43,41,92.58,80,5,0.01,30.24,1024.2,9,null,SCT,OVC,null,null,7000,8500,null,null,#NAME?,null,null,null,null,null,null,39.46,KCVG 260452Z 08005KT 9SM -RA SCT070 OVC085 06/05 A3024 RMK AO2 CIG 065 36R SLP242 P0001 T00610050 400890050,null
CVG,2024-12-26 5:52,43,41,92.58,80,3,T,30.24,1024.1,9,null,BKN,OVC,null,null,7000,9000,null,null,#NAME?,null,null,null,null,null,null,41.26,KCVG 260552Z 08003KT 9SM -RA BKN070 OVC090 06/05 A3024 RMK AO2 SLP241 P0000 60003 T00610050 10067 20061 50003,null
CVG,2024-12-26 6:52,43,41,92.58,80,4,0.02,30.24,1024,7,null,OVC,null,null,null,5500,null,null,null,#NAME?,null,null,null,null,null,null,40.27,KCVG 260652Z 08004KT 7SM -RA OVC055 06/05 A3024 RMK AO2 SLP240 P0002 T00610050,null
CVG,2024-12-26 7:52,43,41,92.58,80,5,0.04,30.24,1024.3,7,null,BKN,OVC,null,null,5500,7000,null,null,#NAME?,null,null,null,null,null,null,39.46,KCVG 260752Z 08005KT 7SM -RA BKN055 OVC070 06/05 A3024 RMK AO2 SLP243 P0004 T00610050,null
CVG,2024-12-26 8:52,43,41,92.58,100,6,0.01,30.26,1024.7,7,null,SCT,OVC,null,null,4400,5000,null,null,#NAME?,null,null,null,null,null,null,38.78,KCVG 260852Z 10006KT 7SM -RA SCT044 OVC050 06/05 A3026 RMK AO2 CIG 042 36R SLP247 P0001 60007 T00610050 53006,null
CVG,2024-12-26 9:52,42,41,96.21,110,4,0.01,30.25,1024.6,9,null,BKN,OVC,null,null,6000,11000,null,null,null,null,null,null,null,null,null,39.1,KCVG 260952Z 11004KT 9SM BKN060 OVC110 06/05 A3025 RMK AO2 RAE32 SLP246 P0001 T00560050,null
CVG,2024-12-26 10:52,41,40,96.19,100,4,0,30.26,1024.9,8,null,FEW,SCT,BKN,null,4900,6500,10000,null,null,null,null,null,null,null,null,37.93,KCVG 261052Z 10004KT 8SM FEW049 SCT065 BKN100 05/04 A3026 RMK AO2 CIG 060 36R SLP249 T00500044,null
CVG,2024-12-26 11:52,42,40,92.55,110,4,0,30.27,1025.1,8,null,FEW,OVC,null,null,6000,8000,null,null,null,null,null,null,null,null,null,39.1,KCVG 261152Z 11004KT 8SM FEW060 OVC080 06/04 A3027 RMK AO2 SLP251 60008 70013 T00560044 10061 20050 53003,null
CVG,2024-12-26 12:52,42,40,92.55,140,5,0,30.28,1025.5,9,null,BKN,OVC,null,null,6500,8000,null,null,null,null,null,null,null,null,null,38.27,KCVG 261252Z 14005KT 9SM BKN065 OVC080 06/04 A3028 RMK AO2 SLP255 T00560044,null
CVG,2024-12-26 13:52,42,40,92.55,130,6,0,30.29,1025.8,8,null,OVC,null,null,null,6500,null,null,null,null,null,null,null,null,null,null,37.57,KCVG 261352Z 13006KT 8SM OVC065 06/04 A3029 RMK AO2 SLP258 BINOVC T00560044,null
CVG,2024-12-26 14:52,43,40,89.06,130,7,0,30.29,1025.9,7,null,OVC,null,null,null,8000,null,null,null,null,null,null,null,null,null,null,38.19,KCVG 261452Z 13007KT 7SM OVC080 06/04 A3029 RMK AO2 SLP259 BINOVC T00610044 51009,null
CVG,2024-12-26 15:52,46,42,85.83,120,6,0,30.3,1026.1,9,null,BKN,BKN,null,null,7500,11000,null,null,null,null,null,null,null,null,null,42.39,KCVG 261552Z 12006KT 9SM BKN075 BKN110 08/06 A3030 RMK AO2 SLP261 T00780056,null
CVG,2024-12-26 16:52,48,43,82.72,150,6,0,30.27,1025.3,10,null,BKN,BKN,null,null,5000,12000,null,null,null,null,null,null,null,null,null,44.8,KCVG 261652Z COR 15006KT 10SM BKN050 BKN120 09/06 A3027 RMK AO2 SLP253 T00890061,null
CVG,2024-12-26 17:52,51,43,73.97,0,0,0,30.24,1023.8,10,null,FEW,BKN,null,null,5500,12000,null,null,null,null,null,null,null,null,null,51,KCVG 261752Z 00000KT 10SM FEW055 BKN120 11/06 A3024 RMK AO2 SLP238 T01060061 10106 20050 58019,null
CVG,2024-12-26 18:52,53,42,66.12,170,4,0,30.22,1023.2,10,null,BKN,null,null,null,12000,null,null,null,null,null,null,null,null,null,null,53,KCVG 261852Z 17004KT 10SM BKN120 12/06 A3022 RMK AO2 SLP232 T01170056,null
CVG,2024-12-26 19:52,55,42,61.46,160,6,0,30.2,1022.7,10,null,SCT,BKN,BKN,null,4900,12000,25000,null,null,null,null,null,null,null,null,55,KCVG 261952Z 16006KT 10SM SCT049 BKN120 BKN250 13/06 A3020 RMK AO2 SLP227 T01280056,null
CVG,2024-12-26 20:52,52,43,71.28,170,6,0,30.2,1022.7,10,null,SCT,SCT,BKN,null,4500,13000,25000,null,null,null,null,null,null,null,null,52,KCVG 262052Z 17006KT 10SM SCT045 SCT130 BKN250 11/06 A3020 RMK AO2 SLP227 VIRGA DSNT S T01110061 56011,null
CVG,2024-12-26 21:52,51,42,71.18,130,6,0,30.2,1022.5,10,null,FEW,BKN,OVC,null,4700,12000,25000,null,null,null,null,null,null,null,null,51,KCVG 262152Z 13006KT 10SM FEW047 BKN120 OVC250 11/06 A3020 RMK AO2 SLP225 T01060056,null
CVG,2024-12-26 22:52,49,41,73.77,110,5,0,30.18,1022.2,10,null,BKN,BKN,null,null,13000,25000,null,null,null,null,null,null,null,null,null,46.58,KCVG 262252Z 11005KT 10SM BKN130 BKN250 09/05 A3018 RMK AO2 SLP222 T00940050,null
CVG,2024-12-26 23:52,48,41,76.58,110,4,0,30.18,1022.2,10,null,FEW,BKN,null,null,14000,25000,null,null,null,null,null,null,null,null,null,46.1,KCVG 262352Z 11004KT 10SM FEW140 BKN250 09/05 A3018 RMK AO2 SLP222 T00890050 10128 20083 55006,null
CVG,2024-12-27 0:52,45,40,82.51,100,7,0,30.17,1021.8,10,null,FEW,SCT,null,null,14000,25000,null,null,null,null,null,null,null,null,null,40.63,KCVG 270052Z 10007KT 10SM FEW140 SCT250 07/04 A3017 RMK AO2 SLP218 T00720044,null
CVG,2024-12-27 1:52,47,41,79.52,110,6,0,30.16,1021.5,10,null,SCT,null,null,null,12000,null,null,null,null,null,null,null,null,null,null,43.6,KCVG 270152Z 11006KT 10SM SCT120 08/05 A3016 RMK AO2 SLP215 T00830050,null
CVG,2024-12-27 2:52,46,41,82.58,110,6,0,30.16,1021.4,10,null,SCT,null,null,null,13000,null,null,null,null,null,null,null,null,null,null,42.39,KCVG 270252Z 11006KT 10SM SCT130 08/05 A3016 RMK AO2 SLP214 T00780050 56008,null
CVG,2024-12-27 3:52,47,41,79.52,110,4,0,30.18,1021.8,10,null,SCT,null,null,null,13000,null,null,null,null,null,null,null,null,null,null,44.94,KCVG 270352Z 11004KT 10SM SCT130 08/05 A3018 RMK AO2 SLP218 T00830050,null
CVG,2024-12-27 4:52,47,40,76.49,110,7,0,30.17,1021.5,10,null,SCT,null,null,null,25000,null,null,null,null,null,null,null,null,null,null,43.06,KCVG 270452Z 11007KT 10SM SCT250 08/04 A3017 RMK AO2 SLP215 T00830044 401280050,null
CVG,2024-12-27 5:52,46,40,79.44,120,7,0,30.15,1021,10,null,FEW,null,null,null,25000,null,null,null,null,null,null,null,null,null,null,41.84,KCVG 270552Z 12007KT 10SM FEW250 08/04 A3015 RMK AO2 SLP210 T00780044 10089 20072 58003,null
CVG,2024-12-27 6:52,45,40,82.51,110,7,0,30.14,1020.5,10,null,SCT,null,null,null,25000,null,null,null,null,null,null,null,null,null,null,40.63,KCVG 270652Z 11007KT 10SM SCT250 07/04 A3014 RMK AO2 SLP205 T00720044,null
CVG,2024-12-27 7:52,45,40,82.51,130,10,0,30.13,1020.2,10,null,BKN,null,null,null,25000,null,null,null,null,null,null,null,null,null,null,39.27,KCVG 270752Z 13010KT 10SM BKN250 07/04 A3013 RMK AO2 SLP202 T00720044,null
CVG,2024-12-27 8:52,45,40,82.51,130,10,0,30.12,1020,10,null,BKN,OVC,null,null,13000,25000,null,null,null,null,null,null,null,null,null,39.27,KCVG 270852Z 13010KT 10SM BKN130 OVC250 07/04 A3012 RMK AO2 SLP200 T00720044 56009,null
CVG,2024-12-27 9:39,46,41,82.58,130,7,0,30.11,null,10,null,BKN,OVC,null,null,2700,7500,null,null,null,null,null,null,null,null,null,41.84,KCVG 270939Z 13007KT 10SM BKN027 OVC075 08/05 A3011 RMK AO2 T00780050,null
CVG,2024-12-27 9:52,46,41,82.58,130,6,0,30.1,1019.3,10,null,BKN,OVC,null,null,2700,8500,null,null,null,null,null,null,null,null,null,42.39,KCVG 270952Z 13006KT 10SM BKN027 OVC085 08/05 A3010 RMK AO2 SLP193 T00780050,null
CVG,2024-12-27 10:52,47,41,79.52,140,6,0,30.1,1019.3,10,null,BKN,BKN,OVC,null,2100,3400,9000,null,null,null,null,null,null,null,null,43.6,KCVG 271052Z 14006KT 10SM BKN021 BKN034 OVC090 08/05 A3010 RMK AO2 SLP193 T00830050,null
CVG,2024-12-27 11:52,47,41,79.52,150,9,0,30.09,1018.9,10,null,SCT,BKN,OVC,null,2000,2600,3400,null,null,null,null,null,null,null,null,42.17,KCVG 271152Z 15009KT 10SM SCT020 BKN026 OVC034 08/05 A3009 RMK AO2 SLP189 T00830050 10083 20072 56010,null
CVG,2024-12-27 12:52,48,41,76.58,130,8,0,30.07,1018.2,10,null,OVC,null,null,null,2800,null,null,null,null,null,null,null,null,null,null,43.82,KCVG 271252Z COR 13008KT 10SM OVC028 09/05 A3007 RMK AO2 SLP182 T00890050,null
CVG,2024-12-27 13:06,48,41,76.58,140,8,0,30.07,null,10,null,OVC,null,null,null,3000,null,null,null,null,null,null,null,null,null,null,43.82,KCVG 271306Z 14008KT 10SM OVC030 09/05 A3007 RMK AO2 T00890050,null
CVG,2024-12-27 13:52,48,41,76.58,130,9,0,30.05,1017.7,10,null,FEW,SCT,OVC,null,3400,6000,13000,null,null,null,null,null,null,null,null,43.41,KCVG 271352Z 13009KT 10SM FEW034 SCT060 OVC130 09/05 A3005 RMK AO2 SLP177 T00890050,null
CVG,2024-12-27 14:52,50,41,71.07,140,12,0,30.05,1017.7,10,null,FEW,OVC,null,null,5500,11000,null,null,null,null,null,null,null,null,null,50,KCVG 271452Z 14012KT 10SM FEW055 OVC110 10/05 A3005 RMK AO2 SLP177 T01000050 56012,null
CVG,2024-12-27 15:52,48,42,79.6,140,10,0.01,30.04,1017.2,7,null,FEW,BKN,OVC,null,4600,6000,7000,null,#NAME?,null,null,null,null,null,null,43.03,KCVG 271552Z 14010KT 7SM -RA FEW046 BKN060 OVC070 09/06 A3004 RMK AO2 RAB11 SLP172 P0001 T00890056,null
CVG,2024-12-27 16:52,48,44,85.95,150,12,0.05,30.02,1016.5,6,null,FEW,BKN,OVC,null,3100,7500,9000,null,#NAME?,null,null,null,null,null,null,42.37,KCVG 271652Z 15012KT 6SM -RA BR FEW031 BKN075 OVC090 09/07 A3002 RMK AO2 SLP165 P0005 T00890067,null
CVG,2024-12-27 17:14,49,45,86,160,13,0.01,30,null,6,null,BKN,BKN,OVC,null,2200,7500,9000,null,#NAME?,null,null,null,null,null,null,43.35,KCVG 271714Z 16013KT 6SM -RA BR BKN022 BKN075 OVC090 09/07 A3000 RMK AO2 P0001 T00940072,null
CVG,2024-12-27 17:40,49,45,86,140,16,0.03,29.97,null,5,23,SCT,BKN,OVC,null,2300,5500,7500,null,#NAME?,null,null,null,null,null,null,42.58,KCVG 271740Z 14016G23KT 5SM -RA BR SCT023 BKN055 OVC075 09/07 A2997 RMK AO2 P0003 T00940072,null
CVG,2024-12-27 17:52,48,45,89.29,130,19,0.05,29.95,1014,8,25,SCT,BKN,null,null,5000,8000,null,null,#NAME?,null,null,null,null,null,null,40.6,KCVG 271752Z 13019G25KT 8SM -RA SCT050 BKN080 09/07 A2995 RMK AO2 SLP140 P0005 60011 T00890072 10100 20083 58035,null
CVG,2024-12-27 18:52,50,48,92.8,140,15,T,29.92,1013.2,8,23,SCT,BKN,OVC,null,3000,5500,8500,null,#NAME?,null,null,null,28,140,2024-12-27 18:02,50,KCVG 271852Z 14015G23KT 8SM -RA SCT030 BKN055 OVC085 10/09 A2992 RMK AO2 PK WND 14028/1802 RAE1753B33 SLP132 P0000 T01000089,null
CVG,2024-12-27 19:10,50,49,96.34,150,16,T,29.92,null,10,null,FEW,BKN,OVC,null,900,4400,5000,null,null,null,null,null,null,null,null,50,KCVG 271910Z 15016KT 10SM FEW009 BKN044 OVC050 10/09 A2992 RMK AO2 RAE04 P0000 T01000094,null
CVG,2024-12-27 19:52,53,50,89.51,160,18,T,29.91,1012.8,10,27,FEW,FEW,BKN,null,1000,1600,4500,null,null,null,null,null,27,160,2024-12-27 19:45,53,KCVG 271952Z 16018G27KT 10SM FEW010 FEW016 BKN045 12/10 A2991 RMK AO2 PK WND 16027/1945 RAE04 SLP128 FEW016 V SCT P0000 T01170100,null
CVG,2024-12-27 20:04,52,49,89.46,160,14,0,29.91,null,10,25,SCT,BKN,OVC,null,1200,1800,4200,null,null,null,null,null,null,null,null,52,KCVG 272004Z 16014G25KT 10SM SCT012 BKN018 OVC042 11/09 A2991 RMK AO2 T01110094,null
CVG,2024-12-27 20:28,51,49,92.83,170,14,0,29.92,null,10,null,BKN,OVC,null,null,1400,3500,null,null,null,null,null,null,null,null,null,51,KCVG 272028Z 17014KT 10SM BKN014 OVC035 11/09 A2992 RMK AO2 CIG 011V018 T01060094,null
CVG,2024-12-27 20:44,51,49,92.83,160,14,0,29.93,null,10,23,SCT,OVC,null,null,1400,3300,null,null,null,null,null,null,null,null,null,51,KCVG 272044Z 16014G23KT 10SM SCT014 OVC033 11/09 A2993 RMK AO2 OCNL BINOVC T01060094,null
CVG,2024-12-27 20:52,52,49,89.46,160,13,0,29.93,1013.4,10,23,SCT,OVC,null,null,1300,3300,null,null,null,null,null,null,null,null,null,52,KCVG 272052Z 16013G23KT 10SM SCT013 OVC033 11/09 A2993 RMK AO2 SLP134 OCNL BINOVC 60000 T01110094 55007,null
CVG,2024-12-27 21:23,52,49,89.46,150,17,0,29.92,null,10,25,FEW,BKN,OVC,null,1300,2800,5000,null,null,null,null,null,null,null,null,52,KCVG 272123Z 15017G25KT 10SM FEW013 BKN028 OVC050 11/09 A2992 RMK AO2 T01110094,null
CVG,2024-12-27 21:52,51,49,92.83,140,15,T,29.92,1013.3,10,20,FEW,OVC,null,null,1500,2400,null,null,#NAME?,null,null,null,null,null,null,51,KCVG 272152Z 14015G20KT 10SM -RA FEW015 OVC024 11/09 A2992 RMK AO2 RAB52 SLP133 P0000 T01060094,null
CVG,2024-12-27 22:52,51,49,92.83,150,16,T,29.92,1013.2,9,25,FEW,BKN,OVC,null,1200,1900,2500,null,#NAME?,null,null,null,null,null,null,51,KCVG 272252Z 15016G25KT 9SM -DZ FEW012 BKN019 OVC025 11/09 A2992 RMK AO2 RAE2158DZB20 SLP132 P0000 T01060094,null
CVG,2024-12-27 23:40,51,50,96.36,160,10,T,29.92,null,10,null,FEW,SCT,OVC,null,1300,2200,5500,null,null,null,null,null,null,null,null,51,KCVG 272340Z 16010KT 10SM FEW013 SCT022 OVC055 11/10 A2992 RMK AO2 DZE00B33E39 P0000 T01060100,null
CVG,2024-12-27 23:52,51,49,92.83,160,11,T,29.91,1012.9,10,null,FEW,SCT,BKN,null,1300,2000,5500,null,null,null,null,null,null,null,null,51,KCVG 272352Z 16011KT 10SM FEW013 SCT020 BKN055 11/09 A2991 RMK AO2 DZE00B33E39 SLP129 P0000 60000 T01060094 10117 20089 58004,null
CVG,2024-12-28 0:52,52,50,92.86,170,16,0,29.9,1012.5,10,null,FEW,SCT,OVC,null,1300,2000,4300,null,null,null,null,null,null,null,null,52,KCVG 280052Z 17016KT 10SM FEW013 SCT020 OVC043 11/10 A2990 RMK AO2 SLP125 BINOVC OHD T01110100,null
CVG,2024-12-28 1:43,53,50,89.51,170,14,0,29.92,null,10,22,FEW,BKN,OVC,null,1100,1600,4300,null,null,null,null,null,null,null,null,53,KCVG 280143Z 17014G22KT 10SM FEW011 BKN016 OVC043 12/10 A2992 RMK AO2 T01170100,null
CVG,2024-12-28 1:52,52,50,92.86,180,11,T,29.92,1013,10,null,FEW,BKN,OVC,null,1100,1600,4100,null,#NAME?,null,null,null,null,null,null,52,KCVG 280152Z 18011KT 10SM -DZ FEW011 BKN016 OVC041 11/10 A2992 RMK AO2 DZB51 SLP130 P0000 T01110100,null
CVG,2024-12-28 2:12,52,50,92.86,180,12,T,29.93,null,10,null,BKN,OVC,null,null,1400,3900,null,null,#NAME?,null,null,null,null,null,null,52,KCVG 280212Z 18012KT 10SM -DZ BKN014 OVC039 11/10 A2993 RMK AO2 VIS LWR SE-SW CIG 011V017 P0000 T01110100,null
CVG,2024-12-28 2:23,52,51,96.37,170,12,T,29.93,null,5,null,FEW,BKN,OVC,null,800,1300,3600,null,#NAME?,null,null,null,null,null,null,52,KCVG 280223Z 17012KT 5SM -DZ BR FEW008 BKN013 OVC036 11/11 A2993 RMK AO2 CIG 012V017 P0000 T01110106,null
CVG,2024-12-28 2:41,52,51,96.37,170,12,T,29.92,null,9,null,BKN,BKN,OVC,null,800,1200,3500,null,null,null,null,null,null,null,null,52,KCVG 280241Z 17012KT 9SM BKN008 BKN012 OVC035 11/11 A2992 RMK AO2 DZE38 P0000 T01110106,null
CVG,2024-12-28 2:52,52,51,96.37,180,10,T,29.93,1013.2,10,null,BKN,BKN,OVC,null,800,1200,2000,null,null,null,null,null,null,null,null,52,KCVG 280252Z 18010KT 10SM BKN008 BKN012 OVC020 11/11 A2993 RMK AO2 DZE38 SLP132 P0000 60000 T01110106 53004,null
CVG,2024-12-28 3:18,52,51,96.37,180,11,0,29.93,null,10,null,OVC,null,null,null,1000,null,null,null,null,null,null,null,null,null,null,52,KCVG 280318Z 18011KT 10SM OVC010 11/11 A2993 RMK AO2 T01110106,null
CVG,2024-12-28 3:52,53,51,92.89,180,12,0,29.93,1013.3,10,null,BKN,OVC,null,null,900,1400,null,null,null,null,null,null,null,null,null,53,KCVG 280352Z 18012KT 10SM BKN009 OVC014 12/11 A2993 RMK AO2 SLP133 T01170106,null
CVG,2024-12-28 4:34,53,51,92.89,180,12,0,29.92,null,10,21,BKN,OVC,null,null,1100,5500,null,null,null,null,null,null,null,null,null,53,KCVG 280434Z 18012G21KT 10SM BKN011 OVC055 12/11 A2992 RMK AO2 T01170106,null
CVG,2024-12-28 4:52,53,51,92.89,190,10,0,29.92,1013.2,10,null,FEW,OVC,null,null,1000,5500,null,null,null,null,null,null,null,null,null,53,KCVG 280452Z 19010KT 10SM FEW010 OVC055 12/11 A2992 RMK AO2 SLP132 T01170106 401170072,null
CVG,2024-12-28 5:37,53,51,92.89,190,8,0,29.94,null,10,null,BKN,BKN,OVC,null,1400,4600,5500,null,null,null,null,null,null,null,null,53,KCVG 280537Z 19008KT 10SM BKN014 BKN046 OVC055 12/11 A2994 RMK AO2 T01170106,null
CVG,2024-12-28 5:52,54,51,89.55,200,11,0,29.94,1013.5,10,null,BKN,OVC,null,null,1400,5500,null,null,null,null,null,null,null,null,null,54,KCVG 280552Z 20011KT 10SM BKN014 OVC055 12/11 A2994 RMK AO2 SLP135 60000 T01220106 10122 20106 53003,null
CVG,2024-12-28 6:52,54,51,89.55,210,12,0,29.95,1013.9,10,18,OVC,null,null,null,1300,null,null,null,null,null,null,null,null,null,null,54,KCVG 280652Z 21012G18KT 10SM OVC013 12/11 A2995 RMK AO2 SLP139 T01220106,null
CVG,2024-12-28 7:52,54,51,89.55,200,10,0,29.96,1014.4,10,17,OVC,null,null,null,1200,null,null,null,null,null,null,null,null,null,null,54,KCVG 280752Z 20010G17KT 10SM OVC012 12/11 A2996 RMK AO2 SLP144 T01220106,null
CVG,2024-12-28 8:52,54,51,89.55,210,9,0,29.98,1015,10,null,OVC,null,null,null,1200,null,null,null,null,null,null,null,null,null,null,54,KCVG 280852Z 21009KT 10SM OVC012 12/11 A2998 RMK AO2 SLP150 T01220106 53015,null
CVG,2024-12-28 9:52,54,51,89.55,210,7,0,29.99,1015.4,10,null,OVC,null,null,null,1300,null,null,null,null,null,null,null,null,null,null,54,KCVG 280952Z 21007KT 10SM OVC013 12/11 A2999 RMK AO2 SLP154 T01220106,null
CVG,2024-12-28 10:21,53,51,92.89,190,6,0,30,null,10,null,OVC,null,null,null,1600,null,null,null,null,null,null,null,null,null,null,53,KCVG 281021Z 19006KT 10SM OVC016 12/11 A3000 RMK AO2 T01170106,null
CVG,2024-12-28 10:52,53,51,92.89,190,5,0,30,1015.9,10,null,OVC,null,null,null,1800,null,null,null,null,null,null,null,null,null,null,53,KCVG 281052Z 19005KT 10SM OVC018 12/11 A3000 RMK AO2 SLP159 T01170106,null
CVG,2024-12-28 11:52,54,51,89.55,190,8,0,30.02,1016.5,10,null,FEW,SCT,OVC,null,1900,2800,3300,null,null,null,null,null,null,null,null,54,KCVG 281152Z 19008KT 10SM FEW019 SCT028 OVC033 12/11 A3002 RMK AO2 SLP165 70011 T01220106 10122 20117 53014,null
CVG,2024-12-28 12:52,52,50,92.86,200,8,0,30.05,1017.3,10,null,SCT,BKN,null,null,3500,5000,null,null,null,null,null,null,null,null,null,52,KCVG 281252Z 20008KT 10SM SCT035 BKN050 11/10 A3005 RMK AO2 SLP173 T01110100,null
CVG,2024-12-28 13:52,52,51,96.37,180,6,0,30.06,1017.8,10,null,FEW,BKN,null,null,5000,20000,null,null,null,null,null,null,null,null,null,52,KCVG 281352Z 18006KT 10SM FEW050 BKN200 11/11 A3006 RMK AO2 SLP178 T01110106,null
CVG,2024-12-28 14:52,55,52,89.59,190,11,0,30.07,1018.1,10,null,SCT,BKN,null,null,6500,20000,null,null,null,null,null,null,null,null,null,55,KCVG 281452Z 19011KT 10SM SCT065 BKN200 13/11 A3007 RMK AO2 SLP181 T01280111 51016,null
CVG,2024-12-28 15:42,57,52,83.33,200,11,0,30.09,null,10,null,BKN,BKN,BKN,null,1300,6500,20000,null,null,null,null,null,null,null,null,57,KCVG 281542Z 20011KT 10SM BKN013 BKN065 BKN200 14/11 A3009 RMK AO2 T01390111,null
CVG,2024-12-28 15:52,57,52,83.33,200,9,0,30.09,1018.6,10,null,BKN,BKN,BKN,null,1300,6500,20000,null,null,null,null,null,null,null,null,57,KCVG 281552Z 20009KT 10SM BKN013 BKN065 BKN200 14/11 A3009 RMK AO2 SLP186 T01390111,null
CVG,2024-12-28 16:34,59,52,77.55,200,9,0,30.08,null,10,null,FEW,SCT,BKN,null,1800,3000,7000,null,null,null,null,null,null,null,null,59,KCVG 281634Z 20009KT 10SM FEW018 SCT030 BKN070 15/11 A3008 RMK AO2 T01500111,null
CVG,2024-12-28 16:52,58,51,77.47,220,11,0,30.07,1017.9,10,18,SCT,SCT,BKN,null,1800,5500,7000,null,null,null,null,null,null,null,null,58,KCVG 281652Z 22011G18KT 10SM SCT018 SCT055 BKN070 14/11 A3007 RMK AO2 CIG 019 36R SLP179 T01440106,null
CVG,2024-12-28 17:14,59,52,77.55,210,8,0,30.06,null,10,null,FEW,BKN,OVC,null,2000,2800,5000,null,null,null,null,null,null,null,null,59,KCVG 281714Z 21008KT 10SM FEW020 BKN028 OVC050 15/11 A3006 RMK AO2 T01500111,null
CVG,2024-12-28 17:52,60,52,74.83,200,7,0,30.04,1017,10,null,SCT,BKN,BKN,null,2000,3300,5000,null,null,null,null,null,null,null,null,60,KCVG 281752Z 20007KT 10SM SCT020 BKN033 BKN050 16/11 A3004 RMK AO2 SLP170 T01560111 10156 20106 58010,null
CVG,2024-12-28 18:52,60,52,74.83,200,7,0,30.02,1016.3,10,null,BKN,BKN,null,null,3300,16000,null,null,null,null,null,null,null,null,null,60,KCVG 281852Z 20007KT 10SM BKN033 BKN160 16/11 A3002 RMK AO2 SLP163 T01560111,null
CVG,2024-12-28 19:21,59,52,77.55,180,5,0,30.02,null,10,null,BKN,BKN,OVC,null,2300,2800,4200,null,null,null,null,null,null,null,null,59,KCVG 281921Z 18005KT 10SM BKN023 BKN028 OVC042 15/11 A3002 RMK AO2 T01500111,null
CVG,2024-12-28 19:52,59,53,80.46,170,10,0,30.03,1016.6,10,null,BKN,BKN,OVC,null,2300,2800,4200,null,null,null,null,null,null,null,null,59,KCVG 281952Z 17010KT 10SM BKN023 BKN028 OVC042 15/12 A3003 RMK AO2 SLP166 T01500117,null
CVG,2024-12-28 20:16,59,53,80.46,180,10,0,30.03,null,10,null,SCT,SCT,OVC,null,2100,2500,5500,null,null,null,null,null,null,null,null,59,KCVG 282016Z 18010KT 10SM SCT021 SCT025 OVC055 15/12 A3003 RMK AO2 T01500117,null
CVG,2024-12-28 20:52,59,53,80.46,170,10,0,30.03,1016.5,10,null,BKN,BKN,BKN,null,1700,2400,5500,null,null,null,null,null,null,null,null,59,KCVG 282052Z 17010KT 10SM BKN017 BKN024 BKN055 15/12 A3003 RMK AO2 SLP165 T01500117 51002,null
CVG,2024-12-28 21:03,59,53,80.46,170,9,0,30.03,null,10,null,SCT,SCT,BKN,null,1700,2800,3400,null,null,null,null,null,null,null,null,59,KCVG 282103Z 17009KT 10SM SCT017 SCT028 BKN034 15/12 A3003 RMK AO2 T01500117,null
CVG,2024-12-28 21:31,58,53,83.39,170,13,0,30.03,null,10,null,BKN,BKN,null,null,1900,5000,null,null,null,null,null,null,null,null,null,58,KCVG 282131Z 17013KT 10SM BKN019 BKN050 14/12 A3003 RMK AO2 T01440117,null
CVG,2024-12-28 21:52,58,53,83.39,170,8,0,30.03,1016.6,10,null,OVC,null,null,null,1700,null,null,null,null,null,null,null,null,null,null,58,KCVG 282152Z 17008KT 10SM OVC017 14/12 A3003 RMK AO2 SLP166 T01440117,null
CVG,2024-12-28 22:52,57,53,86.45,0,0,0,30.02,1016.2,10,null,OVC,null,null,null,1900,null,null,null,null,null,null,null,null,null,null,57,KCVG 282252Z 00000KT 10SM OVC019 14/12 A3002 RMK AO2 SLP162 T01390117,null
CVG,2024-12-28 23:52,57,53,86.45,130,6,0,30.02,1016.1,10,null,BKN,OVC,null,null,1900,2800,null,null,null,null,null,null,null,null,null,57,KCVG 282352Z 13006KT 10SM BKN019 OVC028 14/12 A3002 RMK AO2 SLP161 T01390117 10161 20133 58004,null
CVG,2024-12-29 0:23,56,53,89.64,110,5,0,30,null,10,null,SCT,BKN,BKN,null,2100,3100,4200,null,null,null,null,null,null,null,null,56,KCVG 290023Z 11005KT 10SM SCT021 BKN031 BKN042 13/12 A3000 RMK AO2 T01330117,null
CVG,2024-12-29 0:52,56,53,89.64,120,4,0,30,1015.5,10,null,BKN,OVC,null,null,2500,3100,null,null,null,null,null,null,null,null,null,56,KCVG 290052Z 12004KT 10SM BKN025 OVC031 13/12 A3000 RMK AO2 SLP155 T01330117,null
CVG,2024-12-29 1:52,57,53,86.45,120,5,0,29.99,1015.1,10,null,OVC,null,null,null,2300,null,null,null,null,null,null,null,null,null,null,57,KCVG 290152Z 12005KT 10SM OVC023 14/12 A2999 RMK AO2 SLP151 T01390117,null
CVG,2024-12-29 2:19,56,53,89.64,70,6,0,29.96,null,10,null,SCT,OVC,null,null,2500,3100,null,null,null,null,null,null,null,null,null,56,KCVG 290219Z 07006KT 10SM SCT025 OVC031 13/12 A2996 RMK AO2 T01330117,null
CVG,2024-12-29 2:52,55,53,92.95,90,6,0,29.96,1014.3,10,null,BKN,null,null,null,3900,null,null,null,null,null,null,null,null,null,null,55,KCVG 290252Z 09006KT 10SM BKN039 13/12 A2996 RMK AO2 SLP143 T01280117 58010,null
CVG,2024-12-29 3:52,55,53,92.95,100,7,T,29.94,1013.4,8,null,SCT,BKN,OVC,null,2600,3500,5000,null,#NAME?,null,null,null,null,null,null,55,KCVG 290352Z 10007KT 8SM -RA SCT026 BKN035 OVC050 13/12 A2994 RMK AO2 RAB48 SLP134 P0000 T01280117,null
CVG,2024-12-29 4:52,55,55,100,100,9,0.26,29.9,1012,5,null,FEW,BKN,OVC,null,1800,4900,7500,null,#NAME?,null,null,null,null,null,null,55,KCVG 290452Z 10009KT 5SM -RA BR FEW018 BKN049 OVC075 13/13 A2990 RMK AO2 LTG DSNT E SLP120 P0026 T01280128 401610106,null
CVG,2024-12-29 5:19,55,55,100,90,6,0.1,29.87,null,2.5,null,FEW,BKN,OVC,null,400,3000,3500,null,#NAME?,null,null,null,null,null,null,55,KCVG 290519Z 09006KT 2 1/2SM +RA BR FEW004 BKN030 OVC035 13/13 A2987 RMK AO2 VIS 1 3/4 36R P0010 T01280128,null
CVG,2024-12-29 5:27,55,55,100,100,8,0.15,29.87,null,3,null,FEW,BKN,OVC,null,400,2600,3300,null,RA BR,null,null,null,null,null,null,55,KCVG 290527Z 10008KT 3SM RA BR FEW004 BKN026 OVC033 13/13 A2987 RMK AO2 P0015 T01280128,null
CVG,2024-12-29 5:52,55,55,100,0,0,0.31,29.86,1010.5,2.5,null,SCT,BKN,OVC,null,400,1600,2300,null,#NAME?,null,null,null,null,null,null,55,KCVG 290552Z 00000KT 2 1/2SM +RA BR SCT004 BKN016 OVC023 13/13 A2986 RMK AO2 VIS 1 1/2V4 CIG 003 36R SLP105 P0031 60057 T01280128 10139 20128 58035,null
CVG,2024-12-29 5:59,55,55,100,300,5,0.05,29.85,null,1.75,null,BKN,BKN,OVC,null,400,1600,2300,null,#NAME?,null,null,null,null,null,null,55,KCVG 290559Z 30005KT 1 3/4SM +RA BR BKN004 BKN016 OVC023 13/13 A2985 RMK AO2 P0005 T01280128,null
CVG,2024-12-29 6:15,55,55,100,0,0,0.17,29.84,null,3,null,BKN,OVC,null,null,400,2800,null,null,#NAME?,null,null,null,null,null,null,55,KCVG 290615Z 00000KT 3SM +RA BR BKN004 OVC028 13/13 A2984 RMK AO2 VIS 2 36R P0017 T01280128,null
CVG,2024-12-29 6:20,55,55,100,70,3,0.2,29.84,null,2.5,null,BKN,BKN,OVC,null,600,1000,1500,null,#NAME?,null,null,null,null,null,null,55,KCVG 290620Z 07003KT 2 1/2SM +RA BR BKN006 BKN010 OVC015 13/13 A2984 RMK AO2 VIS 1 3/4 36R P0020 T01280128,null
CVG,2024-12-29 6:30,55,55,100,90,10,0.26,29.82,null,3,null,SCT,BKN,OVC,null,600,2500,3300,null,#NAME?,null,null,null,null,null,null,55,KCVG 290630Z 09010KT 3SM +RA BR SCT006 BKN025 OVC033 13/13 A2982 RMK AO2 VIS 1 3/4 36R CIG 006 36R PRESFR P0026 T01280128,null
CVG,2024-12-29 6:52,55,55,100,90,9,0.39,29.8,1008.7,3,null,FEW,BKN,OVC,null,800,3400,4300,null,#NAME?,null,null,null,null,null,null,55,KCVG 290652Z 09009KT 3SM +RA BR FEW008 BKN034 OVC043 13/13 A2980 RMK AO2 VIS 2 36R CIG 008 36R SLP087 P0039 T01280128,null
CVG,2024-12-29 7:09,55,55,100,90,11,0.05,29.78,null,6,null,FEW,BKN,OVC,null,1100,1800,3400,null,#NAME?,null,null,null,null,null,null,55,KCVG 290709Z 09011KT 6SM -RA BR FEW011 BKN018 OVC034 13/13 A2978 RMK AO2 PRESFR P0005 T01280128,null
CVG,2024-12-29 7:29,55,55,100,90,11,0.14,29.75,null,3,null,FEW,BKN,OVC,null,400,2700,3600,null,RA BR,null,null,null,null,null,null,55,KCVG 290729Z 09011KT 3SM RA BR FEW004 BKN027 OVC036 13/13 A2975 RMK AO2 VIS 2 1/2 36R CIG 012 36R PRESFR P0014 T01280128,null
CVG,2024-12-29 7:52,55,55,100,110,11,0.2,29.74,1006.8,6,null,SCT,BKN,OVC,null,600,1500,2100,null,#NAME?,null,null,null,null,null,null,55,KCVG 290752Z 11011KT 6SM -RA BR SCT006 BKN015 OVC021 13/13 A2974 RMK AO2 CIG 010 36R SLP068 P0020 T01280128,null
CVG,2024-12-29 7:57,56,55,96.43,110,9,0.02,29.75,null,3,null,FEW,BKN,OVC,null,400,900,1400,null,#NAME?,null,null,null,null,null,null,56,KCVG 290757Z 11009KT 3SM +RA BR FEW004 BKN009 OVC014 13/13 A2975 RMK AO2 P0002 T01330128,null
CVG,2024-12-29 7:59,55,55,100,110,9,0.04,29.75,null,2.5,null,SCT,BKN,OVC,null,400,1000,1500,null,#NAME?,null,null,null,null,null,null,55,KCVG 290759Z 11009KT 2 1/2SM +RA BR SCT004 BKN010 OVC015 13/13 A2975 RMK AO2 CIG 006 36R P0004 T01280128,null
CVG,2024-12-29 8:04,56,55,96.43,110,11,0.08,29.74,null,3,null,FEW,BKN,OVC,null,600,900,1500,null,#NAME?,null,null,null,null,null,null,56,KCVG 290804Z 11011KT 3SM -RA BR FEW006 BKN009 OVC015 13/13 A2974 RMK AO2 P0008 T01330128,null
CVG,2024-12-29 8:08,56,55,96.43,100,11,0.08,29.73,null,7,null,FEW,BKN,OVC,null,400,1600,3400,null,#NAME?,null,null,null,null,null,null,56,KCVG 290808Z 10011KT 7SM -RA FEW004 BKN016 OVC034 13/13 A2973 RMK AO2 CIG 006 36R P0008 T01330128,null
CVG,2024-12-29 8:15,56,55,96.43,100,9,0.09,29.72,null,8,null,FEW,BKN,OVC,null,400,800,3400,null,#NAME?,null,null,null,null,null,null,56,KCVG 290815Z 10009KT 8SM -RA FEW004 BKN008 OVC034 13/13 A2972 RMK AO2 P0009 T01330128,null
CVG,2024-12-29 8:52,56,55,96.43,120,12,0.12,29.69,1004.8,10,null,BKN,OVC,null,null,600,3200,null,null,null,null,null,null,null,null,null,56,KCVG 290852Z 12012KT 10SM BKN006 OVC032 13/13 A2969 RMK AO2 RAE37 SLP048 P0012 60071 T01330128 57055,null
CVG,2024-12-29 9:18,56,56,100,140,9,0.01,29.68,null,10,null,FEW,BKN,OVC,null,600,1000,4200,null,null,null,null,null,null,null,null,56,KCVG 290918Z 14009KT 10SM FEW006 BKN010 OVC042 13/13 A2968 RMK AO2 RAB0858E10 P0001 T01330133,null
CVG,2024-12-29 9:28,57,56,96.45,140,12,0.01,29.66,null,10,null,FEW,SCT,OVC,null,600,1100,3600,null,null,null,null,null,null,null,null,57,KCVG 290928Z 14012KT 10SM FEW006 SCT011 OVC036 14/13 A2966 RMK AO2 RAB0858E10 P0001 T01390133,null
CVG,2024-12-29 9:52,57,56,96.45,140,14,0.01,29.64,1003.1,10,null,FEW,BKN,OVC,null,3200,3900,12000,null,null,null,null,null,null,null,null,57,KCVG 290952Z 14014KT 10SM FEW032 BKN039 OVC120 14/13 A2964 RMK AO2 RAB0858E10 SLP031 P0001 T01390133,null
CVG,2024-12-29 10:48,57.2,55.4,93.69,150,15,T,29.59,null,10,24,BKN,OVC,null,null,1300,9500,null,null,null,null,null,null,26,150,2024-12-29 10:21,57.2,KCVG 291048Z 15015G24KT 10SM BKN013 OVC095 14/13 A2959 RMK AO2 PK WND 15026/1021 RAB10E20 PRESFR P0000,null
CVG,2024-12-29 10:52,58,56,93.04,160,17,T,29.6,1001.7,10,24,FEW,SCT,OVC,null,1000,1500,9500,null,null,null,null,null,26,150,2024-12-29 10:21,58,KCVG 291052Z 16017G24KT 10SM FEW010 SCT015 OVC095 14/13 A2960 RMK AO2 PK WND 15026/1021 RAB10E20 SLP017 P0000 T01440133,null
CVG,2024-12-29 11:38,59,57,93.07,160,15,0,29.59,null,10,23,SCT,BKN,OVC,null,1300,2200,10000,null,null,null,null,null,null,null,null,59,KCVG 291138Z 16015G23KT 10SM SCT013 BKN022 OVC100 15/14 A2959 RMK AO2 T01500139,null
CVG,2024-12-29 11:52,59,57,93.07,160,14,T,29.58,1001,10,null,SCT,BKN,OVC,null,1300,10000,12000,null,#NAME?,null,null,null,null,null,null,59,KCVG 291152Z 16014KT 10SM -RA SCT013 BKN100 OVC120 15/14 A2958 RMK AO2 RAB49 SLP010 P0000 60072 70129 T01500139 10150 20128 56020,null
CVG,2024-12-29 12:52,59,57,93.07,150,15,0.02,29.56,1000.3,10,null,OVC,null,null,null,8500,null,null,null,#NAME?,null,null,null,null,null,null,59,KCVG 291252Z 15015KT 10SM -RA OVC085 15/14 A2956 RMK AO2 SLP003 P0002 T01500139,null
CVG,2024-12-29 13:52,58,57,96.46,180,11,0.06,29.55,1000.2,7,null,FEW,OVC,null,null,5500,8000,null,null,#NAME?,null,null,null,27,160,2024-12-29 13:20,58,KCVG 291352Z 18011KT 7SM -RA FEW055 OVC080 14/14 A2955 RMK AO2 PK WND 16027/1320 SLP002 P0006 T01440139,null
CVG,2024-12-29 14:52,59,57,93.07,160,8,0.01,29.52,999,10,null,SCT,BKN,OVC,null,4100,5000,8000,null,null,null,null,null,null,null,null,59,KCVG 291452Z 16008KT 10SM SCT041 BKN050 OVC080 15/14 A2952 RMK AO2 RAE02 SLP990 P0001 60009 T01500139 58020,null
CVG,2024-12-29 15:52,59,55,86.56,180,16,0,29.49,998.1,10,24,SCT,BKN,OVC,null,2900,3400,5500,null,null,null,null,null,null,null,null,59,KCVG 291552Z 18016G24KT 10SM SCT029 BKN034 OVC055 15/13 A2949 RMK AO2 SLP981 T01500128,null
CVG,2024-12-29 16:01,60,55,83.53,170,17,0,29.48,null,10,24,FEW,BKN,OVC,null,1700,2700,4300,null,null,null,null,null,null,null,null,60,KCVG 291601Z 17017G24KT 10SM FEW017 BKN027 OVC043 16/13 A2948 RMK AO2 T01560128,null
CVG,2024-12-29 16:52,59,54,83.46,180,14,0,29.43,996.3,10,null,FEW,BKN,OVC,null,1700,2700,4200,null,null,null,null,null,29,170,2024-12-29 16:13,59,KCVG 291652Z 18014KT 10SM FEW017 BKN027 OVC042 15/12 A2943 RMK AO2 PK WND 17029/1613 PRESFR SLP963 T01500122,null
CVG,2024-12-29 17:52,60,52,74.83,190,16,0,29.37,994.1,10,32,BKN,BKN,null,null,2900,3500,null,null,null,null,null,null,32,180,2024-12-29 17:49,60,KCVG 291752Z 19016G32KT 10SM BKN029 BKN035 16/11 A2937 RMK AO2 PK WND 18032/1749 SLP941 60009 T01560111 10156 20144 58047,null
CVG,2024-12-29 18:52,56,51,83.26,210,19,T,29.36,993.6,2,35,FEW,BKN,OVC,null,2100,2900,7500,null,RA BR,null,null,null,35,200,2024-12-29 17:55,56,KCVG 291852Z 21019G35KT 2SM R36C/4000VP6000FT RA BR FEW021 BKN029 OVC075 13/11 A2936 RMK AO2 PK WND 20035/1755 RAB20E31B49 SLP936 P0000 T01330106,null
CVG,2024-12-29 18:57,55,52,89.59,200,16,0.02,29.35,null,5,35,SCT,BKN,OVC,null,2200,2900,7500,null,#NAME?,null,null,null,28,200,2024-12-29 18:56,55,KCVG 291857Z 20016G35KT 5SM R36C/4000VP6000FT -RA BR SCT022 BKN029 OVC075 13/11 A2935 RMK AO2 PK WND 20028/1856 P0002 T01280111,null
CVG,2024-12-29 19:24,56,52,86.4,200,15,0.03,29.34,null,10,26,FEW,BKN,OVC,null,1700,4400,7500,null,null,null,null,null,29,220,2024-12-29 19:06,56,KCVG 291924Z 20015G26KT 10SM FEW017 BKN044 OVC075 13/11 A2934 RMK AO2 PK WND 22029/1906 RAE18 P0003 T01330111,null
CVG,2024-12-29 19:49,55.4,51.8,87.65,200,17,0.03,29.33,null,10,26,BKN,BKN,OVC,null,2300,3100,6000,null,null,null,null,null,31,210,2024-12-29 19:27,55.4,KCVG 291949Z 20017G26KT 10SM BKN023 BKN031 OVC060 13/11 A2933 RMK AO2 PK WND 21031/1927 RAE18 P0003,null
CVG,2024-12-29 19:52,56,51,83.26,200,17,0.03,29.33,992.7,10,26,SCT,BKN,OVC,null,2300,2700,6000,null,null,null,null,null,31,210,2024-12-29 19:27,56,KCVG 291952Z 20017G26KT 10SM SCT023 BKN027 OVC060 13/11 A2933 RMK AO2 PK WND 21031/1927 RAE18 SLP927 P0003 T01330106,null
CVG,2024-12-29 20:34,53,51,92.89,220,20,T,29.35,null,1.75,33,SCT,BKN,OVC,null,1300,1700,2300,null,#NAME?,null,null,null,34,190,2024-12-29 19:56,53,KCVG 292034Z 22020G33KT 1 3/4SM R36C/4500VP6000FT -RA BR SCT013 BKN017 OVC023 12/11 A2935 RMK AO2 PK WND 19034/1956 TWR VIS 4 VIS 1 1/4V5 RAB11 P0000 T01170106,null
CVG,2024-12-29 20:48,50,48.2,93.5,230,21,0.02,29.38,null,3,35,FEW,BKN,OVC,null,1000,1600,2400,null,#NAME?,null,null,null,35,220,2024-12-29 20:42,50,KCVG 292048Z 23021G35KT 3SM -RA BR FEW010 BKN016 OVC024 10/09 A2938 RMK AO2 PK WND 22035/2042 TWR VIS 4 RAB11 PRESRR P0002,null
CVG,2024-12-29 20:52,49,47,92.77,240,21,0.02,29.38,994.6,4,35,BKN,OVC,null,null,1000,1600,null,null,#NAME?,null,null,null,35,240,2024-12-29 20:50,41.53,KCVG 292052Z 24021G35KT 4SM -RA BR BKN010 OVC016 09/08 A2938 RMK AO2 PK WND 24035/2050 RAB11 PRESRR SLP946 P0002 60005 T00940083 53008,null
CVG,2024-12-29 21:05,48,46,92.74,240,21,T,29.4,null,2,36,BKN,OVC,null,null,1000,1500,null,null,#NAME?,null,null,null,41,230,2024-12-29 20:53,40.19,KCVG 292105Z 24021G36KT 2SM -RA BR BKN010 OVC015 09/08 A2940 RMK AO2 PK WND 23041/2053 TWR VIS 4 VIS 1 1/2V3 PRESRR P0000 T00890078,null
CVG,2024-12-29 21:19,48,46,92.74,250,17,T,29.43,null,3,34,BKN,OVC,null,null,1000,1700,null,null,#NAME?,null,null,null,41,230,2024-12-29 20:53,41.04,KCVG 292119Z 25017G34KT 3SM -RA BR BKN010 OVC017 09/08 A2943 RMK AO2 PK WND 23041/2053 TWR VIS 4 PRESRR P0000 T00890078,null
CVG,2024-12-29 21:49,46.4,44.6,93.4,270,23,T,29.47,null,10,40,SCT,BKN,OVC,null,1400,2000,2600,null,#NAME?,null,null,null,41,230,2024-12-29 20:53,37.67,KCVG 292149Z 27023G40KT 10SM -RA SCT014 BKN020 OVC026 08/07 A2947 RMK AO2 PK WND 23041/2053 CIG 014 36R P0000,null
CVG,2024-12-29 21:52,48,44,85.95,260,21,T,29.47,997.6,10,40,FEW,BKN,OVC,null,1200,1900,2600,null,#NAME?,null,null,null,41,230,2024-12-29 20:53,40.19,KCVG 292152Z 26021G40KT 10SM -RA FEW012 BKN019 OVC026 09/07 A2947 RMK AO2 PK WND 23041/2053 SLP976 P0000 T00890067,null
CVG,2024-12-29 22:52,47,43,85.89,250,16,T,29.54,1000.1,10,29,BKN,BKN,OVC,null,1800,2400,3000,null,#NAME?,null,null,null,37,260,2024-12-29 22:30,39.97,KCVG 292252Z 25016G29KT 10SM -RA BKN018 BKN024 OVC030 08/06 A2954 RMK AO2 PK WND 26037/2230 RAE2156B19E30B52 SLP001 P0000 T00830061,null
CVG,2024-12-29 23:41,45,42,89.15,260,18,T,29.6,null,10,30,BKN,BKN,OVC,null,1300,1800,2600,null,#NAME?,null,null,null,38,270,2024-12-29 23:19,36.86,KCVG 292341Z 26018G30KT 10SM -RA BKN013 BKN018 OVC026 07/06 A2960 RMK AO2 PK WND 27038/2319 PRESRR P0000 T00720056,null
CVG,2024-12-29 23:52,45,40,82.51,260,26,0.01,29.61,1002.6,10,38,SCT,BKN,OVC,null,1300,1800,3500,null,null,null,null,null,38,270,2024-12-29 23:47,35.24,KCVG 292352Z 26026G38KT 10SM SCT013 BKN018 OVC035 07/04 A2961 RMK AO2 PK WND 27038/2347 RAE45 PRESRR SLP026 P0001 60006 T00720044 10156 20072 53049,null
CVG,2024-12-30 0:52,44,39,82.44,260,16,0,29.66,1004.3,10,34,OVC,null,null,null,2100,null,null,null,null,null,null,null,38,260,2024-12-30 0:19,36.06,KCVG 300052Z 26016G34KT 10SM OVC021 07/04 A2966 RMK AO2 PK WND 26038/0019 SLP043 T00670039,null
CVG,2024-12-30 1:52,44,40,85.71,260,14,0,29.69,1005.3,10,23,BKN,OVC,null,null,1900,2600,null,null,null,null,null,null,27,250,2024-12-30 0:55,36.63,KCVG 300152Z 26014G23KT 10SM BKN019 OVC026 07/04 A2969 RMK AO2 PK WND 25027/0055 SLP053 T00670044,null
CVG,2024-12-30 2:52,44,39,82.44,260,9,0,29.71,1005.8,10,20,BKN,OVC,null,null,2300,7000,null,null,null,null,null,null,null,null,null,38.44,KCVG 300252Z 26009G20KT 10SM BKN023 OVC070 07/04 A2971 RMK AO2 SLP058 T00670039 51031,null
CVG,2024-12-30 3:24,43,38,82.37,270,11,0,29.73,null,10,null,BKN,null,null,null,7000,null,null,null,null,null,null,null,null,null,null,36.37,KCVG 300324Z 27011KT 10SM BKN070 06/03 A2973 RMK AO2 T00610033,null
CVG,2024-12-30 3:52,42,38,85.6,250,6,0,29.73,1006.4,10,null,FEW,FEW,null,null,6500,11000,null,null,null,null,null,null,null,null,null,37.57,KCVG 300352Z 25006KT 10SM FEW065 FEW110 06/03 A2973 RMK AO2 SLP064 T00560033,null
CVG,2024-12-30 4:52,41,37,85.54,250,5,0,29.74,1006.8,10,null,SCT,null,null,null,11000,null,null,null,null,null,null,null,null,null,null,37.08,KCVG 300452Z 25005KT 10SM SCT110 05/03 A2974 RMK AO2 SLP068 T00500028 401560050,null
CVG,2024-12-30 5:22,41,38,88.97,230,5,0,29.74,null,10,null,BKN,null,null,null,2700,null,null,null,null,null,null,null,null,null,null,37.08,KCVG 300522Z 23005KT 10SM BKN027 05/03 A2974 RMK AO2 T00500033,null
CVG,2024-12-30 5:52,42,39,89.01,210,6,0,29.73,1006.6,10,null,OVC,null,null,null,2300,null,null,null,null,null,null,null,null,null,null,37.57,KCVG 300552Z 21006KT 10SM OVC023 06/04 A2973 RMK AO2 SLP066 T00560039 10072 20050 50008,null
CVG,2024-12-30 6:52,42,39,89.01,210,8,0,29.73,1006.6,10,null,BKN,OVC,null,null,2800,3700,null,null,null,null,null,null,null,null,null,36.43,KCVG 300652Z 21008KT 10SM BKN028 OVC037 06/04 A2973 RMK AO2 SLP066 T00560039,null
CVG,2024-12-30 7:52,43,40,89.06,220,7,0,29.74,1006.9,10,null,SCT,SCT,OVC,null,1900,2600,3800,null,null,null,null,null,null,null,null,38.19,KCVG 300752Z 22007KT 10SM SCT019 SCT026 OVC038 06/04 A2974 RMK AO2 CIG 018 36R SLP069 T00610044,null
CVG,2024-12-30 8:52,44,41,89.11,250,8,0,29.76,1007.5,10,null,SCT,SCT,OVC,null,1900,2600,3800,null,null,null,null,null,null,null,null,38.9,KCVG 300852Z 25008KT 10SM SCT019 SCT026 OVC038 07/05 A2976 RMK AO2 SLP075 T00670050 53008,null
CVG,2024-12-30 9:52,42,40,92.55,240,4,0,29.75,1007.6,10,null,SCT,null,null,null,3000,null,null,null,null,null,null,null,null,null,null,39.1,KCVG 300952Z 24004KT 10SM SCT030 06/04 A2975 RMK AO2 SLP076 T00560044,null
CVG,2024-12-30 10:30,42,40,92.55,250,5,0,29.77,null,10,null,BKN,null,null,null,2300,null,null,null,null,null,null,null,null,null,null,38.27,KCVG 301030Z 25005KT 10SM BKN023 06/04 A2977 RMK AO2 T00560044,null
CVG,2024-12-30 10:52,42,40,92.55,240,4,0,29.77,1008,10,null,BKN,null,null,null,2300,null,null,null,null,null,null,null,null,null,null,39.1,KCVG 301052Z 24004KT 10SM BKN023 06/04 A2977 RMK AO2 SLP080 T00560044,null
CVG,2024-12-30 11:52,43,40,89.06,250,8,0,29.8,1009,10,null,OVC,null,null,null,2100,null,null,null,null,null,null,null,null,null,null,37.66,KCVG 301152Z 25008KT 10SM OVC021 06/04 A2980 RMK AO2 SLP090 BINOVC OHD 70015 T00610044 10067 20050 53013,null
CVG,2024-12-30 12:33,42,39,89.01,230,6,0,29.81,null,10,null,SCT,null,null,null,2100,null,null,null,null,null,null,null,null,null,null,37.57,KCVG 301233Z 23006KT 10SM SCT021 06/04 A2981 RMK AO2 T00560039,null
CVG,2024-12-30 12:52,42,40,92.55,220,6,0,29.81,1009.7,8,null,SCT,null,null,null,2100,null,null,null,null,null,null,null,null,null,null,37.57,KCVG 301252Z 22006KT 8SM SCT021 06/04 A2981 RMK AO2 SLP097 T00560044,null
CVG,2024-12-30 13:36,43,38,82.37,250,7,0,29.83,null,10,null,BKN,null,null,null,2000,null,null,null,null,null,null,null,null,null,null,38.19,KCVG 301336Z 25007KT 10SM BKN020 06/03 A2983 RMK AO2 T00610033,null
CVG,2024-12-30 13:52,43,38,82.37,250,5,0,29.83,1010,10,null,BKN,null,null,null,2000,null,null,null,null,null,null,null,null,null,null,39.46,KCVG 301352Z 25005KT 10SM BKN020 06/03 A2983 RMK AO2 SLP100 BKN V SCT T00610033,null
CVG,2024-12-30 14:52,47,40,76.49,250,8,0,29.85,1010.9,10,null,BKN,null,null,null,2000,null,null,null,null,null,null,null,null,null,null,42.59,KCVG 301452Z 25008KT 10SM BKN020 08/04 A2985 RMK AO2 SLP109 T00830044 53019,null
CVG,2024-12-30 15:30,47,40,76.49,270,9,0,29.86,null,10,null,SCT,null,null,null,1800,null,null,null,null,null,null,null,null,null,null,42.17,KCVG 301530Z 27009KT 10SM SCT018 08/04 A2986 RMK AO2 T00830044,null
CVG,2024-12-30 15:52,48,40,73.67,290,10,0,29.87,1011.5,10,null,SCT,null,null,null,1800,null,null,null,null,null,null,null,null,null,null,43.03,KCVG 301552Z 29010KT 10SM SCT018 09/04 A2987 RMK AO2 SLP115 T00890044,null
CVG,2024-12-30 16:52,48,39,70.85,270,7,0,29.86,1011.3,10,null,FEW,SCT,null,null,2100,25000,null,null,null,null,null,null,null,null,null,44.28,KCVG 301652Z 27007KT 10SM FEW021 SCT250 09/04 A2986 RMK AO2 SLP113 T00890039,null
CVG,2024-12-30 17:52,49,39,68.25,250,4,0,29.85,1010.9,10,null,FEW,SCT,null,null,2400,25000,null,null,null,null,null,null,null,null,null,47.27,KCVG 301752Z 25004KT 10SM FEW024 SCT250 09/04 A2985 RMK AO2 SLP109 T00940039 10100 20050 58000,null
CVG,2024-12-30 18:52,51,38,60.92,230,9,0,29.83,1010.1,10,null,FEW,BKN,null,null,2600,25000,null,null,null,null,null,null,null,null,null,51,KCVG 301852Z 23009KT 10SM FEW026 BKN250 11/03 A2983 RMK AO2 SLP101 T01060033,null
CVG,2024-12-30 19:52,52,37,56.45,240,4,0,29.82,1009.5,10,null,FEW,FEW,BKN,null,2500,16000,25000,null,null,null,null,null,null,null,null,52,KCVG 301952Z 24004KT 10SM FEW025 FEW160 BKN250 11/03 A2982 RMK AO2 SLP095 T01110028,null
CVG,2024-12-30 20:52,50,39,65.75,190,7,0,29.83,1009.9,10,null,BKN,BKN,null,null,18000,25000,null,null,null,null,null,null,null,null,null,50,KCVG 302052Z 19007KT 10SM BKN180 BKN250 10/04 A2983 RMK AO2 SLP099 T01000039 55008,null
CVG,2024-12-30 21:52,48,39,70.85,180,5,0,29.81,1009.5,10,null,BKN,BKN,null,null,20000,25000,null,null,null,null,null,null,null,null,null,45.4,KCVG 302152Z 18005KT 10SM BKN200 BKN250 09/04 A2981 RMK AO2 SLP095 T00890039,null
CVG,2024-12-30 22:52,47,37,68.02,100,5,0,29.8,1009.1,10,null,SCT,BKN,null,null,20000,25000,null,null,null,null,null,null,null,null,null,44.21,KCVG 302252Z 10005KT 10SM SCT200 BKN250 08/03 A2980 RMK AO2 SLP091 T00830028,null
CVG,2024-12-30 23:52,46,37,70.64,110,6,0,29.81,1009.4,10,null,BKN,BKN,null,null,14000,16000,null,null,null,null,null,null,null,null,null,42.39,KCVG 302352Z 11006KT 10SM BKN140 BKN160 08/03 A2981 RMK AO2 SLP094 T00780028 10117 20072 55006,null
CVG,2024-12-31 0:52,47,38,70.74,110,7,0,29.78,1008.5,10,null,BKN,null,null,null,11000,null,null,null,null,null,null,null,null,null,null,43.06,KCVG 310052Z 11007KT 10SM BKN110 08/03 A2978 RMK AO2 SLP085 T00830033,null
CVG,2024-12-31 1:52,46,38,73.47,130,8,0,29.78,1008.3,10,null,SCT,BKN,null,null,14000,21000,null,null,null,null,null,null,null,null,null,41.36,KCVG 310152Z 13008KT 10SM SCT140 BKN210 08/03 A2978 RMK AO2 SLP083 T00780033,null
CVG,2024-12-31 2:52,45,39,79.36,90,7,0,29.76,1007.7,10,null,BKN,OVC,null,null,12000,14000,null,null,null,null,null,null,null,null,null,40.63,KCVG 310252Z 09007KT 10SM BKN120 OVC140 07/04 A2976 RMK AO2 SLP077 T00720039 56016,null
CVG,2024-12-31 3:52,47,40,76.49,100,8,T,29.74,1007.1,10,null,FEW,BKN,OVC,null,5000,8000,10000,null,#NAME?,null,null,null,null,null,null,42.59,KCVG 310352Z 10008KT 10SM -RA FEW050 BKN080 OVC100 08/04 A2974 RMK AO2 RAB48 SLP071 P0000 T00830044,null
CVG,2024-12-31 4:52,47,40,76.49,120,5,T,29.73,1006.5,10,null,OVC,null,null,null,10000,null,null,null,null,null,null,null,null,null,null,44.21,KCVG 310452Z 12005KT 10SM OVC100 08/04 A2973 RMK AO2 RAE0357 SLP065 P0000 T00830044 401170050,null
CVG,2024-12-31 5:52,48,40,73.67,120,12,0,29.66,1004.1,10,null,BKN,OVC,null,null,10000,12000,null,null,null,null,null,null,null,null,null,42.37,KCVG 310552Z 12012KT 10SM BKN100 OVC120 09/04 A2966 RMK AO2 PRESFR SLP041 60000 T00890044 10089 20072 58034,null
CVG,2024-12-31 6:52,47,40,76.49,130,16,0,29.61,1002.6,10,23,SCT,null,null,null,11000,null,null,null,null,null,null,null,null,null,null,39.97,KCVG 310652Z 13016G23KT 10SM SCT110 08/04 A2961 RMK AO2 SLP026 T00830044,null
CVG,2024-12-31 7:52,48,41,76.58,130,14,0,29.57,1001.1,10,null,FEW,SCT,OVC,null,4000,5000,11000,null,null,null,null,null,null,null,null,41.79,KCVG 310752Z 13014KT 10SM FEW040 SCT050 OVC110 09/05 A2957 RMK AO2 CIG 050 36R SLP011 T00890050,null
CVG,2024-12-31 8:52,47,43,85.89,120,16,0.08,29.52,999.4,10,null,BKN,OVC,null,null,4100,4700,null,null,null,null,null,null,29,130,2024-12-31 8:20,39.97,KCVG 310852Z 12016KT 10SM BKN041 OVC047 08/06 A2952 RMK AO2 PK WND 13029/0820 RAB05E40 PRESFR SLP994 P0008 60008 T00830061 58045,null
CVG,2024-12-31 9:52,48,43,82.72,140,15,0,29.45,997.2,10,22,BKN,OVC,null,null,3600,4700,null,null,null,null,null,null,null,null,null,41.52,KCVG 310952Z 14015G22KT 10SM BKN036 OVC047 09/06 A2945 RMK AO2 LTG DSNT W SLP972 T00890061,null
CVG,2024-12-31 10:52,48,46,92.74,170,10,0.1,29.43,996.4,4,null,FEW,BKN,OVC,null,1800,4800,5500,null,RA BR,null,null,null,27,170,2024-12-31 10:21,43.03,KCVG 311052Z 17010KT 4SM RA BR FEW018 BKN048 OVC055 09/08 A2943 RMK AO2 PK WND 17027/1021 LTG DSNT ALQDS SLP964 P0010 T00890078,null
CVG,2024-12-31 10:57,48,46,92.74,160,10,0.02,29.42,null,5,null,FEW,BKN,OVC,null,1600,4600,6000,null,VCTS,null,null,null,null,null,null,43.03,KCVG 311057Z 16010KT 5SM VCTS FEW016 BKN046 OVC060 09/08 A2942 RMK AO2 LTG DSNT E AND SE AND W RAE56 OCNL LTGCC NE P0002 T00890078,null
CVG,2024-12-31 11:29,48,47,96.31,150,14,0.06,29.41,null,10,20,BKN,BKN,OVC,null,3100,3600,5000,null,null,null,null,null,null,null,null,41.79,KCVG 311129Z 15014G20KT 10SM BKN031 BKN036 OVC050 09/08 A2941 RMK AO2 RAE1056B1058E23 OCNL LTGCC NE P0006 T00890083,null
CVG,2024-12-31 11:40,48,46,92.74,150,12,0.06,29.4,null,8,null,BKN,OVC,null,null,2900,3600,null,null,#NAME?,null,null,null,null,null,null,42.37,KCVG 311140Z 15012KT 8SM -RA BKN029 OVC036 09/08 A2940 RMK AO2 LTG DSNT E RAE1056B1058 OCNL LTGCC NE P0006 T00890078,null
CVG,2024-12-31 11:52,48,46,92.74,150,10,0.08,29.4,995.3,10,null,BKN,OVC,null,null,2700,3400,null,null,#NAME?,null,null,null,null,null,null,43.03,KCVG 311152Z 15010KT 10SM -RA BKN027 OVC034 09/08 A2940 RMK AO2 RAE1056B1058 SLP953 OCNL LTGCC NE P0008 60026 70026 T00890078 10089 20083 56040,null
CVG,2024-12-31 12:37,48,46,92.74,170,10,T,29.39,null,10,null,SCT,BKN,OVC,null,2700,3300,7500,null,null,null,null,null,null,null,null,43.03,KCVG 311237Z 17010KT 10SM SCT027 BKN033 OVC075 09/08 A2939 RMK AO2 RAE1158 P0000 T00890078,null
CVG,2024-12-31 12:52,49,47,92.77,170,11,T,29.39,995,10,null,SCT,BKN,OVC,null,3300,4000,7500,null,null,null,null,null,null,null,null,43.95,KCVG 311252Z 17011KT 10SM SCT033 BKN040 OVC075 09/08 A2939 RMK AO2 RAE1158 SLP950 P0000 T00940083,null
CVG,2024-12-31 13:52,51,47,86.12,230,25,T,29.41,995.6,10,39,SCT,BKN,OVC,null,2000,3600,4400,null,#NAME?,null,null,null,39,250,2024-12-31 13:50,51,KCVG 311352Z 23025G39KT 10SM -RA SCT020 BKN036 OVC044 11/08 A2941 RMK AO2 PK WND 25039/1350 LTG DSNT N RAB50 PRESRR SLP956 P0000 T01060083,null
CVG,2024-12-31 14:52,50,45,82.86,230,11,0.02,29.41,995.8,8,29,FEW,BKN,OVC,null,2700,3500,6000,null,#NAME?,null,null,null,37,240,2024-12-31 13:53,50,KCVG 311452Z 23011G29KT 8SM -RA FEW027 BKN035 OVC060 10/07 A2941 RMK AO2 PK WND 24037/1353 RAE16B46 SLP958 P0002 60002 T01000072 53005,null
CVG,2024-12-31 15:52,50,44,79.76,230,14,T,29.43,996.4,10,26,FEW,OVC,null,null,2300,4000,null,null,null,null,null,null,28,220,2024-12-31 15:07,50,KCVG 311552Z 23014G26KT 10SM FEW023 OVC040 10/07 A2943 RMK AO2 PK WND 22028/1507 RAE23 SLP964 P0000 T01000067,null
CVG,2024-12-31 16:11,50,44,79.76,230,10,0,29.43,null,10,20,BKN,BKN,OVC,null,2400,3000,3700,null,null,null,null,null,null,null,null,50,KCVG 311611Z 23010G20KT 10SM BKN024 BKN030 OVC037 10/07 A2943 RMK AO2 T01000067,null
CVG,2024-12-31 16:52,49,44,82.79,230,11,T,29.43,996.5,10,21,OVC,null,null,null,2000,null,null,null,null,null,null,null,29,220,2024-12-31 16:26,43.95,KCVG 311652Z 23011G21KT 10SM OVC020 09/07 A2943 RMK AO2 PK WND 22029/1626 RAB18E42 SLP965 P0000 T00940067,null
CVG,2024-12-31 17:52,49,43,79.68,230,15,0,29.42,996,10,26,BKN,BKN,OVC,null,2000,2700,3200,null,null,null,null,null,26,220,2024-12-31 17:47,42.82,KCVG 311752Z 23015G26KT 10SM BKN020 BKN027 OVC032 09/06 A2942 RMK AO2 PK WND 22026/1747 SLP960 60002 T00940061 10106 20089 50002,null
CVG,2024-12-31 18:52,49,43,79.68,220,12,0,29.42,996.2,10,24,OVC,null,null,null,2200,null,null,null,null,null,null,null,26,230,2024-12-31 18:25,43.64,KCVG 311852Z 22012G24KT 10SM OVC022 09/06 A2942 RMK AO2 PK WND 23026/1825 SLP962 T00940061,null
CVG,2024-12-31 19:52,47,43,85.89,220,14,0,29.45,996.9,10,25,BKN,OVC,null,null,1500,1800,null,null,null,null,null,null,29,200,2024-12-31 19:27,40.5,KCVG 311952Z 22014G25KT 10SM BKN015 OVC018 08/06 A2945 RMK AO2 PK WND 20029/1927 SLP969 T00830061,null
CVG,2024-12-31 20:12,47,43,85.89,230,12,0,29.46,null,10,25,BKN,OVC,null,null,1300,1600,null,null,null,null,null,null,null,null,null,41.09,KCVG 312012Z 23012G25KT 10SM BKN013 OVC016 08/06 A2946 RMK AO2 T00830061,null
CVG,2024-12-31 20:52,46,44,92.68,230,10,T,29.48,998.2,4,22,OVC,null,null,null,1300,null,null,null,#NAME?,null,null,null,null,null,null,40.52,KCVG 312052Z 23010G22KT 4SM -RA BR OVC013 08/07 A2948 RMK AO2 RAB44 SLP982 P0000 60000 T00780067 53021,null
CVG,2024-12-31 21:52,44,42,92.61,240,14,0.01,29.53,999.9,7,25,BKN,OVC,null,null,1000,1400,null,null,#NAME?,null,null,null,28,220,2024-12-31 21:27,36.63,KCVG 312152Z 24014G25KT 7SM -RA BKN010 OVC014 07/06 A2953 RMK AO2 PK WND 22028/2127 SLP999 P0001 T00670056,null
CVG,2024-12-31 22:31,42,40,92.55,290,21,0.01,29.57,null,10,29,FEW,BKN,OVC,null,800,1800,4000,null,null,null,null,null,31,290,2024-12-31 22:21,32.19,KCVG 312231Z 29021G29KT 10SM FEW008 BKN018 OVC040 06/04 A2957 RMK AO2 PK WND 29031/2221 RAE31 CIG 013 36R PRESRR P0001 T00560044,null
CVG,2024-12-31 22:46,42.8,39.2,86.99,290,16,0.02,29.59,null,10,25,BKN,BKN,OVC,null,1400,2100,4100,null,#NAME?,null,null,null,31,290,2024-12-31 22:21,34.5,KCVG 312246Z 29016G25KT 10SM -RA BKN014 BKN021 OVC041 06/04 A2959 RMK AO2 PK WND 29031/2221 RAE31B46 PRESRR P0002,null
CVG,2024-12-31 22:52,42,40,92.55,290,19,0.02,29.6,1002.4,10,27,SCT,BKN,OVC,null,1000,1400,4100,null,#NAME?,null,null,null,31,290,2024-12-31 22:21,32.66,KCVG 312252Z 29019G27KT 10SM -RA SCT010 BKN014 OVC041 06/04 A2960 RMK AO2 PK WND 29031/2221 RAE31B46 PRESRR SLP024 P0002 T00560044,null
CVG,2024-12-31 23:20,40,38,92.49,280,16,T,29.64,null,10,30,SCT,BKN,OVC,null,1200,1600,2200,null,#NAME?,null,null,null,30,300,2024-12-31 22:53,30.85,KCVG 312320Z 28016G30KT 10SM -RA SCT012 BKN016 OVC022 04/03 A2964 RMK AO2 PK WND 30030/2253 PRESRR P0000 T00440033,null
CVG,2024-12-31 23:25,39,38,96.16,300,20,T,29.65,null,10,29,BKN,BKN,OVC,null,1200,1900,2400,null,#NAME?,null,null,null,30,300,2024-12-31 22:53,28.44,KCVG 312325Z 30020G29KT 10SM -RA BKN012 BKN019 OVC024 04/03 A2965 RMK AO2 PK WND 30030/2253 PRESRR P0000 T00390033,null
CVG,2024-12-31 23:52,39,38,96.16,290,16,T,29.67,1004.8,6,25,BKN,OVC,null,null,1000,1700,null,null,#NAME?,null,null,null,31,300,2024-12-31 23:32,29.54,KCVG 312352Z 29016G25KT 6SM -RA BR BKN010 OVC017 04/03 A2967 RMK AO2 PK WND 30031/2332 PRESRR SLP048 P0000 60003 T00390033 10094 20039 53047,null