station,valid,tmpf,dwpf,relh,drct,sknt,p01i,alti,mslp,vsby,gust,skyc1,skyc2,skyc3,skyc4,skyl1,skyl2,skyl3,skyl4,wxcodes,ice_accretion_1hr,ice_accretion_3hr,ice_accretion_6hr,peak_wind_gust,peak_wind_drct,peak_wind_time,feel,metar,snowdepth
SAV,2023-12-01 0:53,54,40,58.99,40,3,0,30.21,1022.9,10,null,FEW,SCT,BKN,null,3000,16000,25000,null,null,null,null,null,null,null,null,54,KSAV 010053Z 04003KT 10SM FEW030 SCT160 BKN250 12/04 A3021 RMK AO2 SLP229 T01220044,null
SAV,2023-12-01 1:53,51,41,68.48,0,0,0,30.21,1022.9,10,null,SCT,SCT,null,null,16000,25000,null,null,null,null,null,null,null,null,null,51,KSAV 010153Z 00000KT 10SM SCT160 SCT250 11/05 A3021 RMK AO2 SLP229 T01060050,null
SAV,2023-12-01 2:53,53,43,68.71,80,4,0,30.2,1022.6,10,null,SCT,BKN,null,null,15000,25000,null,null,null,null,null,null,null,null,null,53,KSAV 010253Z 08004KT 10SM SCT150 BKN250 12/06 A3020 RMK AO2 SLP226 T01170061 58000,null
SAV,2023-12-01 3:53,52,44,74.07,70,4,0,30.19,1022.2,10,null,BKN,null,null,null,25000,null,null,null,null,null,null,null,null,null,null,52,KSAV 010353Z 07004KT 10SM BKN250 11/07 A3019 RMK AO2 SLP222 T01110067,null
SAV,2023-12-01 4:53,51,45,79.84,80,5,0,30.17,1021.6,10,null,BKN,null,null,null,25000,null,null,null,null,null,null,null,null,null,null,51,KSAV 010453Z 08005KT 10SM BKN250 11/07 A3017 RMK AO2 SLP216 LAST T01060072 401721006,null
SAV,2023-12-01 5:53,51,46,82.93,90,4,0,30.16,1021.2,10,null,CLR,null,null,null,null,null,null,null,null,null,null,null,null,null,null,51,KSAV 010553Z AUTO 09004KT 10SM CLR 11/08 A3016 RMK AO2 SLP212 T01060078 10128 20100 58014,null
SAV,2023-12-01 6:53,46,44,92.68,60,3,0,30.15,1020.9,10,null,CLR,null,null,null,null,null,null,null,null,null,null,null,null,null,null,44.69,KSAV 010653Z AUTO 06003KT 10SM CLR 08/07 A3015 RMK AO2 SLP209 T00780067,null
SAV,2023-12-01 7:53,46,44,92.68,340,3,0,30.15,1020.8,10,null,CLR,null,null,null,null,null,null,null,null,null,null,null,null,null,null,44.69,KSAV 010753Z AUTO 34003KT 10SM CLR 08/07 A3015 RMK AO2 SLP208 T00780067,null
SAV,2023-12-01 8:53,46,43,89.2,360,3,0,30.15,1020.7,10,null,CLR,null,null,null,null,null,null,null,null,null,null,null,null,null,null,44.69,KSAV 010853Z AUTO 36003KT 10SM CLR 08/06 A3015 RMK AO2 SLP207 T00780061 56004,null
SAV,2023-12-01 9:53,46,44,92.68,10,3,0,30.15,1020.8,10,null,CLR,null,null,null,null,null,null,null,null,null,null,null,null,null,null,44.69,KSAV 010953Z AUTO 01003KT 10SM CLR 08/07 A3015 RMK AO2 SLP208 T00780067,null
SAV,2023-12-01 10:53,49,46,89.33,110,3,0,30.14,1020.5,10,null,FEW,BKN,null,null,12000,22000,null,null,null,null,null,null,null,null,null,48.12,KSAV 011053Z 11003KT 10SM FEW120 BKN220 09/08 A3014 RMK AO2 SLP205 T00940078,null
SAV,2023-12-01 11:53,50,47,89.37,140,3,0,30.13,1020.3,10,null,FEW,SCT,BKN,null,3000,19000,24000,null,null,null,null,null,null,null,null,50,KSAV 011153Z 14003KT 10SM FEW030 SCT190 BKN240 10/08 A3013 RMK AO2 SLP203 T01000083 10106 20072 58004,null
SAV,2023-12-01 12:53,53,50,89.51,0,0,0,30.13,1020.3,10,null,FEW,BKN,OVC,null,3000,18000,22000,null,null,null,null,null,null,null,null,53,KSAV 011253Z 00000KT 10SM FEW030 BKN180 OVC220 12/10 A3013 RMK AO2 SLP203 T01170100,null
SAV,2023-12-01 13:53,64,56,75.2,60,3,0,30.16,1021,10,null,FEW,SCT,OVC,null,4000,11000,21000,null,null,null,null,null,null,null,null,64,KSAV 011353Z 06003KT 10SM FEW040 SCT110 OVC210 18/13 A3016 RMK AO2 SLP210 T01780133,null
SAV,2023-12-01 14:53,65,57,75.3,110,5,0,30.16,1021.3,10,null,FEW,BKN,BKN,null,4000,11000,25000,null,null,null,null,null,null,null,null,65,KSAV 011453Z 11005KT 10SM FEW040 BKN110 BKN250 18/14 A3016 RMK AO2 SLP213 T01830139 53010,null
SAV,2023-12-01 15:53,71,61,70.66,110,6,0,30.15,1020.9,10,null,FEW,FEW,BKN,BKN,2500,4200,10000,23000,null,null,null,null,null,null,null,71,KSAV 011553Z 11006KT 10SM FEW025 FEW042 BKN100 BKN230 22/16 A3015 RMK AO2 SLP209 T02170161,null
SAV,2023-12-01 16:53,75,64,68.64,170,7,0,30.14,1020.5,10,null,SCT,SCT,BKN,BKN,2000,3100,9500,23000,null,null,null,null,null,null,null,75,KSAV 011653Z 17007KT 10SM SCT020 SCT031 BKN095 BKN230 24/18 A3014 RMK AO2 SLP205 T02390178,null
SAV,2023-12-01 17:53,77,63,62,140,11,0,30.09,1018.9,10,null,SCT,SCT,BKN,BKN,2500,3300,10000,25000,null,null,null,null,null,null,null,77,KSAV 011753Z 14011KT 10SM SCT025 SCT033 BKN100 BKN250 25/17 A3009 RMK AO2 SLP189 T02500172 10256 20100 58023,null
SAV,2023-12-01 18:53,76,62,61.87,170,12,0,30.08,1018.5,10,null,FEW,FEW,BKN,BKN,2800,10000,17000,25000,null,null,null,null,null,null,null,76,KSAV 011853Z 17012KT 10SM FEW028 FEW100 BKN170 BKN250 24/17 A3008 RMK AO2 SLP185 T02440167,null
SAV,2023-12-01 19:53,75,63,66.27,170,13,0,30.06,1018,10,null,FEW,SCT,BKN,BKN,3000,11000,18000,25000,null,null,null,null,null,null,null,75,KSAV 011953Z 17013KT 10SM FEW030 SCT110 BKN180 BKN250 24/17 A3006 RMK AO2 SLP180 T02390172,null
SAV,2023-12-01 20:53,74,64,70.97,170,12,0,30.07,1018.2,10,null,FEW,SCT,BKN,BKN,2000,11000,18000,25000,null,null,null,null,null,null,null,74,KSAV 012053Z 17012KT 10SM FEW020 SCT110 BKN180 BKN250 23/18 A3007 RMK AO2 SLP182 T02330178 55007,null
SAV,2023-12-01 21:53,72,64,75.92,170,7,0,30.07,1018,10,null,FEW,FEW,BKN,OVC,2000,11000,18000,25000,null,null,null,null,null,null,null,72,KSAV 012153Z 17007KT 10SM FEW020 FEW110 BKN180 OVC250 22/18 A3007 RMK AO2 SLP180 T02220178,null
SAV,2023-12-01 22:53,70,64,81.27,170,5,0,30.07,1018.2,10,null,FEW,FEW,BKN,OVC,2000,11000,18000,25000,null,null,null,null,null,null,null,70,KSAV 012253Z 17005KT 10SM FEW020 FEW110 BKN180 OVC250 21/18 A3007 RMK AO2 SLP182 T02110178,null
SAV,2023-12-01 23:53,69,64,84.09,150,4,0,30.08,1018.6,10,null,FEW,OVC,null,null,12000,20000,null,null,null,null,null,null,null,null,null,69,KSAV 012353Z 15004KT 10SM FEW120 OVC200 21/18 A3008 RMK AO2 SLP186 T02060178 10256 20200 53004,null
SAV,2023-12-02 0:53,67,64,90.09,0,0,0,30.1,1019.1,10,null,BKN,OVC,null,null,14000,20000,null,null,null,null,null,null,null,null,null,67,KSAV 020053Z 00000KT 10SM BKN140 OVC200 19/18 A3010 RMK AO2 SLP191 T01940178,null
SAV,2023-12-02 1:53,65,63,93.24,0,0,0,30.1,1019.2,10,null,BKN,OVC,null,null,14000,20000,null,null,null,null,null,null,null,null,null,65,KSAV 020153Z 00000KT 10SM BKN140 OVC200 18/17 A3010 RMK AO2 SLP192 T01830172,null
SAV,2023-12-02 2:53,68,65,90.13,180,4,0,30.1,1019.2,10,null,FEW,BKN,OVC,null,5000,15000,20000,null,null,null,null,null,null,null,null,68,KSAV 020253Z 18004KT 10SM FEW050 BKN150 OVC200 20/18 A3010 RMK AO2 SLP192 T02000183 50006,null
SAV,2023-12-02 3:53,66,64,93.26,110,3,0,30.1,1019.2,10,null,SCT,BKN,OVC,null,11000,15000,20000,null,null,null,null,null,null,null,null,66,KSAV 020353Z 11003KT 10SM SCT110 BKN150 OVC200 19/18 A3010 RMK AO2 SLP192 T01890178,null
SAV,2023-12-02 4:53,67,65,93.29,160,7,T,30.09,1018.8,8,null,SCT,BKN,OVC,null,11000,15000,20000,null,#NAME?,null,null,null,null,null,null,67,KSAV 020453Z 16007KT 8SM -RA SCT110 BKN150 OVC200 19/18 A3009 RMK AO2 RAB30 SLP188 LAST P0000 T01940183 402560072,null
SAV,2023-12-02 5:53,67,65,93.29,200,3,T,30.08,1018.4,6,null,FEW,null,null,null,11000,null,null,null,BR,null,null,null,null,null,null,67,KSAV 020553Z AUTO 20003KT 6SM BR FEW110 19/18 A3008 RMK AO2 RAE42 SLP184 P0000 60000 T01940183 10206 20178 58008,null
SAV,2023-12-02 6:53,67,65,93.29,0,0,0,30.07,1018.2,9,null,BKN,null,null,null,10000,null,null,null,null,null,null,null,null,null,null,67,KSAV 020653Z AUTO 00000KT 9SM BKN100 19/18 A3007 RMK AO2 SLP182 T01940183,null
SAV,2023-12-02 7:53,66,65,96.58,190,5,0,30.06,1017.7,6,null,CLR,null,null,null,null,null,null,null,BR,null,null,null,null,null,null,66,KSAV 020753Z AUTO 19005KT 6SM BR CLR 19/18 A3006 RMK AO2 SLP177 T01890183,null
SAV,2023-12-02 8:38,65,64,96.57,0,0,0,30.05,null,1.5,null,CLR,null,null,null,null,null,null,null,BR,null,null,null,null,null,null,65,KSAV 020838Z AUTO 00000KT 1 1/2SM BR CLR 18/18 A3005 RMK AO2 T01830178,null
SAV,2023-12-02 8:41,65,64,96.57,0,0,0,30.05,null,0.75,null,CLR,null,null,null,null,null,null,null,BR,null,null,null,null,null,null,65,KSAV 020841Z AUTO 00000KT 3/4SM R10/P6000FT BR CLR 18/18 A3005 RMK AO2 T01830178,null
SAV,2023-12-02 8:53,66,64,93.26,0,0,0,30.04,1017.2,0.75,null,CLR,null,null,null,null,null,null,null,BR,null,null,null,null,null,null,66,KSAV 020853Z AUTO 00000KT 3/4SM R10/3500VP6000FT BR CLR 19/18 A3004 RMK AO2 SLP172 T01890178 58012,null
SAV,2023-12-02 8:57,65,64,96.57,150,4,0,30.04,null,1.5,null,CLR,null,null,null,null,null,null,null,BR,null,null,null,null,null,null,65,KSAV 020857Z AUTO 15004KT 1 1/2SM R10/3000VP6000FT BR CLR 18/18 A3004 RMK AO2 VIS 3/4V4 T01830178,null
SAV,2023-12-02 9:04,65,63,93.24,150,4,0,30.04,null,2.5,null,CLR,null,null,null,null,null,null,null,BR,null,null,null,null,null,null,65,KSAV 020904Z AUTO 15004KT 2 1/2SM R10/5000VP6000FT BR CLR 18/17 A3004 RMK AO2 VIS 1 3/4V4 T01830172,null
SAV,2023-12-02 9:11,65,63,93.24,170,4,0,30.04,null,4,null,CLR,null,null,null,null,null,null,null,BR,null,null,null,null,null,null,65,KSAV 020911Z AUTO 17004KT 4SM BR CLR 18/17 A3004 RMK AO2 T01830172,null
SAV,2023-12-02 9:32,64,63,96.55,350,4,0,30.05,null,1.75,null,CLR,null,null,null,null,null,null,null,BR,null,null,null,null,null,null,64,KSAV 020932Z AUTO 35004KT 1 3/4SM BR CLR 18/17 A3005 RMK AO2 VIS 3/4V3 T01780172,null
SAV,2023-12-02 9:36,64,62,93.21,350,6,0,30.05,null,1,null,VV ,null,null,null,300,null,null,null,BR,null,null,null,null,null,null,64,KSAV 020936Z AUTO 35006KT 1SM R10/P6000FT BR VV003 18/17 A3005 RMK AO2 VIS 3/4V3 T01780167,null
SAV,2023-12-02 9:44,64,62,93.21,360,4,0,30.05,null,1.5,null,FEW,null,null,null,300,null,null,null,BR,null,null,null,null,null,null,64,KSAV 020944Z AUTO 36004KT 1 1/2SM BR FEW003 18/17 A3005 RMK AO2 T01780167,null
SAV,2023-12-02 9:48,64.4,62.6,93.88,340,4,0,30.05,null,3,null,FEW,null,null,null,300,null,null,null,BR,null,null,null,null,null,null,64.4,KSAV 020948Z AUTO 34004KT 3SM BR FEW003 18/17 A3005 RMK AO2,null
SAV,2023-12-02 9:53,64,63,96.55,350,3,0,30.05,1017.4,3,null,FEW,null,null,null,300,null,null,null,BR,null,null,null,null,null,null,64,KSAV 020953Z AUTO 35003KT 3SM BR FEW003 18/17 A3005 RMK AO2 SLP174 T01780172,null
SAV,2023-12-02 10:00,64,63,96.55,0,0,0,30.04,null,2,null,FEW,null,null,null,300,null,null,null,BR,null,null,null,null,null,null,64,KSAV 021000Z AUTO 00000KT 2SM BR FEW003 18/17 A3004 RMK AO2 T01780172,null
SAV,2023-12-02 10:09,65,63,93.24,0,0,0,30.05,null,1.75,null,FEW,null,null,null,11000,null,null,null,BR,null,null,null,null,null,null,65,KSAV 021009Z AUTO 00000KT 1 3/4SM BR FEW110 18/17 A3005 RMK AO2 T01830172,null
SAV,2023-12-02 10:18,64,63,96.55,0,0,0,30.05,null,0.75,null,FEW,SCT,null,null,400,11000,null,null,BR,null,null,null,null,null,null,64,KSAV 021018Z AUTO 00000KT 3/4SM R10/P6000FT BR FEW004 SCT110 18/17 A3005 RMK AO2 T01780172,null
SAV,2023-12-02 10:35,64,62,93.21,360,3,0,30.06,null,0.25,null,SCT,SCT,SCT,null,400,10000,12000,null,FG,null,null,null,null,null,null,64,KSAV 021035Z 36003KT 1/4SM R10/1600VP6000FT FG SCT004 SCT100 SCT120 18/17 A3006 RMK AO2 T01780167,null
SAV,2023-12-02 10:51,64.4,62.6,93.88,120,4,0,30.05,null,0.5,null,BKN,BKN,OVC,null,300,10000,16000,null,FG,null,null,null,null,null,null,64.4,KSAV 021051Z 12004KT 1/2SM R10/6000VP6000FT FG BKN003 BKN100 OVC160 18/17 A3005 RMK AO2,null
SAV,2023-12-02 10:53,64,62,93.21,110,5,0,30.05,1017.4,0.5,null,BKN,BKN,OVC,null,300,10000,16000,null,FG,null,null,null,null,null,null,64,KSAV 021053Z 11005KT 1/2SM R10/6000VP6000FT FG BKN003 BKN100 OVC160 18/17 A3005 RMK AO2 SLP174 T01780167,null
SAV,2023-12-02 11:07,64,63,96.55,100,4,0,30.05,null,1.25,null,FEW,BKN,BKN,null,200,10000,16000,null,BR,null,null,null,null,null,null,64,KSAV 021107Z 10004KT 1 1/4SM R10/2600VP6000FT BR FEW002 BKN100 BKN160 18/17 A3005 RMK AO2 T01780172,null
SAV,2023-12-02 11:29,64,63,96.55,150,6,0,30.06,null,3,null,FEW,BKN,null,null,11000,15000,null,null,BR,null,null,null,null,null,null,64,KSAV 021129Z 15006KT 3SM BR FEW110 BKN150 18/17 A3006 RMK AO2 VIS SW 2 T01780172,null
SAV,2023-12-02 11:53,64,63,96.55,160,3,0,30.07,1018.2,7,null,FEW,OVC,null,null,11000,16000,null,null,null,null,null,null,null,null,null,64,KSAV 021153Z 16003KT 7SM FEW110 OVC160 18/17 A3007 RMK AO2 SLP182 BCFG T01780172 10194 20172 53010 $,null
SAV,2023-12-02 12:38,64,63,96.55,10,5,0,30.08,null,0.75,null,SCT,BKN,OVC,null,200,11000,15000,null,BR,null,null,null,null,null,null,64,KSAV 021238Z 01005KT 3/4SM R10/P6000FT BR SCT002 BKN110 OVC150 18/17 A3008 RMK AO2 T01780172 $,null
SAV,2023-12-02 12:53,65,64,96.57,10,3,0,30.08,1018.6,0.5,null,BKN,OVC,null,null,200,11000,null,null,FG,null,null,null,null,null,null,65,KSAV 021253Z 01003KT 1/2SM R10/P6000FT FG BKN002 OVC110 18/18 A3008 RMK AO2 SLP186 T01830178 $,null
SAV,2023-12-02 13:39,66,65,96.58,0,0,0,30.1,null,3,null,FEW,SCT,OVC,null,200,11000,16000,null,BR,null,null,null,null,null,null,66,KSAV 021339Z 00000KT 3SM BR FEW002 SCT110 OVC160 19/18 A3010 RMK AO2 VIS SE 1 T01890183 $,null
SAV,2023-12-02 13:53,66,65,96.58,0,0,0,30.11,1019.5,3,null,FEW,SCT,OVC,null,10000,14000,16000,null,BR,null,null,null,null,null,null,66,KSAV 021353Z 00000KT 3SM BR FEW100 SCT140 OVC160 19/18 A3011 RMK AO2 SLP195 T01890183 $,null
SAV,2023-12-02 14:53,67,66,96.59,100,4,0,30.12,1019.7,5,null,BKN,OVC,null,null,11000,13000,null,null,BR,null,null,null,null,null,null,67,KSAV 021453Z 10004KT 5SM BR BKN110 OVC130 19/19 A3012 RMK AO2 SLP197 T01940189 51015 $,null
SAV,2023-12-02 15:53,68,65,90.13,300,3,T,30.13,1020.1,6,null,BKN,OVC,null,null,2000,11000,null,null,#NAME?,null,null,null,null,null,null,68,KSAV 021553Z 30003KT 6SM -RA BR BKN020 OVC110 20/18 A3013 RMK AO2 RAB30 SLP201 P0000 T02000183 $,null
SAV,2023-12-02 16:53,69,65,87.08,0,0,T,30.08,1018.6,5,null,FEW,SCT,OVC,null,2100,3800,12000,null,BR,null,null,null,null,null,null,69,KSAV 021653Z 00000KT 5SM BR FEW021 SCT038 OVC120 21/18 A3008 RMK AO2 RAE1555B11E50 PRESFR SLP186 P0000 T02060183 $,null
SAV,2023-12-02 17:53,69,66,90.17,110,5,T,30.03,1016.9,5,null,FEW,FEW,SCT,OVC,3600,7500,9000,13000,BR,null,null,null,null,null,null,69,KSAV 021753Z 11005KT 5SM BR FEW036 FEW075 SCT090 OVC130 21/19 A3003 RMK AO2 RAB14E28 SLP169 P0000 60000 T02060189 10206 20172 58028,null
SAV,2023-12-02 18:53,70,66,87.14,100,4,T,30.02,1016.4,5,null,FEW,BKN,OVC,null,6500,10000,12000,null,#NAME?,null,null,null,null,null,null,70,KSAV 021853Z 10004KT 5SM -RA BR FEW065 BKN100 OVC120 21/19 A3002 RMK AO2 RAB11 SLP164 P0000 T02110189,null
SAV,2023-12-02 19:53,69,66,90.17,100,4,T,30.01,1016,7,null,FEW,BKN,OVC,null,6500,10000,12000,null,#NAME?,null,null,null,null,null,null,69,KSAV 021953Z 10004KT 7SM -RA FEW065 BKN100 OVC120 21/19 A3001 RMK AO2 RAE01B26E36B53 SLP160 P0000 T02060189,null
SAV,2023-12-02 20:36,69,66,90.17,150,5,T,30,null,5,null,BKN,OVC,null,null,1900,11000,null,null,#NAME?,null,null,null,null,null,null,69,KSAV 022036Z 15005KT 5SM -RA BR BKN019 OVC110 21/19 A3000 RMK AO2 RAE17B36 P0000 T02060189,null
SAV,2023-12-02 20:53,69,66,90.17,150,5,T,30,1015.8,6,null,BKN,BKN,null,null,1900,11000,null,null,BR,null,null,null,null,null,null,69,KSAV 022053Z 15005KT 6SM BR BKN019 BKN110 21/19 A3000 RMK AO2 RAE17B36E53 SLP158 BKN019 V SCT P0000 60000 T02060189 56012,null
SAV,2023-12-02 21:53,68,65,90.13,170,7,T,29.99,1015.4,6,null,FEW,BKN,OVC,null,400,1500,12000,null,BR,null,null,null,null,null,null,68,KSAV 022153Z COR 17007KT 6SM BR FEW004 BKN015 OVC120 20/18 A2999 RMK AO2 RAB31E53 SLP154 P0000 T02000183,null
SAV,2023-12-02 22:53,67,66,96.59,180,10,0,29.95,1014.3,7,null,FEW,SCT,OVC,null,400,1500,12000,null,null,null,null,null,null,null,null,67,KSAV 022253Z 18010KT 7SM FEW004 SCT015 OVC120 19/19 A2995 RMK AO2 SLP143 FEW004 V SCT T01940189,null
SAV,2023-12-02 23:53,68,66,93.32,210,10,0,29.97,1014.7,9,null,SCT,OVC,null,null,400,10000,null,null,null,null,null,null,null,null,null,68,KSAV 022353Z 21010KT 9SM SCT004 OVC100 20/19 A2997 RMK AO2 SLP147 60000 T02000189 10211 20194 55010,null
SAV,2023-12-03 0:53,69,66,90.17,190,9,0.01,29.97,1014.9,10,null,FEW,BKN,null,null,400,12000,null,null,#NAME?,null,null,null,null,null,null,69,KSAV 030053Z 19009KT 10SM -RA FEW004 BKN120 21/19 A2997 RMK AO2 RAB16 SLP149 P0001 T02060189,null
SAV,2023-12-03 1:53,68,65,90.13,200,7,T,29.97,1014.8,10,null,SCT,SCT,BKN,null,400,8000,12000,null,null,null,null,null,null,null,null,68,KSAV 030153Z 20007KT 10SM SCT004 SCT080 BKN120 20/18 A2997 RMK AO2 RAE35 SLP148 P0000 T02000183,null
SAV,2023-12-03 2:53,67,65,93.29,200,5,0,29.95,1014.2,10,null,SCT,BKN,BKN,null,8000,12000,16000,null,null,null,null,null,null,null,null,67,KSAV 030253Z 20005KT 10SM SCT080 BKN120 BKN160 19/18 A2995 RMK AO2 SLP142 60001 T01940183 58005,null
SAV,2023-12-03 3:53,70,66,87.14,190,11,0,29.93,1013.6,10,null,FEW,BKN,BKN,null,400,8000,9500,null,null,null,null,null,null,null,null,70,KSAV 030353Z 19011KT 10SM FEW004 BKN080 BKN095 21/19 A2993 RMK AO2 SLP136 T02110189,null
SAV,2023-12-03 4:53,70,67,90.21,220,5,0,29.95,1014.2,10,null,FEW,BKN,BKN,null,400,8000,9500,null,null,null,null,null,null,null,null,70,KSAV 030453Z 22005KT 10SM FEW004 BKN080 BKN095 21/19 A2995 RMK AO2 SLP142 LAST T02110194 402110172,null
SAV,2023-12-03 5:53,69,67,93.35,220,8,0,29.93,1013.4,10,null,SCT,BKN,null,null,8500,12000,null,null,null,null,null,null,null,null,null,69,KSAV 030553Z AUTO 22008KT 10SM SCT085 BKN120 21/19 A2993 RMK AO2 SLP134 60001 T02060194 10211 20194 58008,null
SAV,2023-12-03 6:53,69,66,90.17,240,9,0,29.92,1013.1,10,null,OVC,null,null,null,11000,null,null,null,null,null,null,null,null,null,null,69,KSAV 030653Z AUTO 24009KT 10SM OVC110 21/19 A2992 RMK AO2 SLP131 T02060189,null
SAV,2023-12-03 7:53,69,66,90.17,250,13,T,29.94,1013.8,7,null,BKN,OVC,null,null,8500,11000,null,null,#NAME?,null,null,null,null,null,null,69,KSAV 030753Z AUTO 25013KT 7SM -RA BKN085 OVC110 21/19 A2994 RMK AO2 RAB37 SLP138 P0000 T02060189,null
SAV,2023-12-03 8:53,68,64,87.03,230,10,0.02,29.94,1013.7,10,null,OVC,null,null,null,9000,null,null,null,null,null,null,null,null,null,null,68,KSAV 030853Z AUTO 23010KT 10SM OVC090 20/18 A2994 RMK AO2 RAE53 SLP137 P0002 60002 T02000178 53003,null
SAV,2023-12-03 9:53,67,63,86.98,190,5,0,29.89,1012.1,10,null,BKN,OVC,null,null,8000,10000,null,null,null,null,null,null,null,null,null,67,KSAV 030953Z AUTO 19005KT 10SM BKN080 OVC100 19/17 A2989 RMK AO2 SLP121 T01940172,null
SAV,2023-12-03 10:53,67,62,83.97,180,9,0,29.89,1012.1,10,null,BKN,OVC,null,null,10000,14000,null,null,null,null,null,null,null,null,null,67,KSAV 031053Z 18009KT 10SM BKN100 OVC140 19/17 A2989 RMK AO2 SLP121 T01940167,null
SAV,2023-12-03 11:53,67,62,83.97,210,10,0,29.92,1013,10,null,BKN,OVC,null,null,10000,18000,null,null,null,null,null,null,null,null,null,67,KSAV 031153Z 21010KT 10SM BKN100 OVC180 19/17 A2992 RMK AO2 SLP130 60002 70003 T01940167 10211 20194 55006,null
SAV,2023-12-03 12:53,68,62,81.12,220,6,0,29.92,1013.2,10,null,BKN,BKN,null,null,10000,18000,null,null,null,null,null,null,null,null,null,68,KSAV 031253Z 22006KT 10SM BKN100 BKN180 20/17 A2992 RMK AO2 SLP132 T02000167,null
SAV,2023-12-03 13:53,70,64,81.27,200,11,0,29.92,1013.1,10,null,FEW,BKN,OVC,null,8000,10000,20000,null,null,null,null,null,null,null,null,70,KSAV 031353Z 20011KT 10SM FEW080 BKN100 OVC200 21/18 A2992 RMK AO2 SLP131 T02110178,null
SAV,2023-12-03 14:53,71,64,78.54,230,10,T,29.95,1014,10,null,FEW,BKN,OVC,null,8000,11000,20000,null,#NAME?,null,null,null,null,null,null,71,KSAV 031453Z 23010KT 10SM -RA FEW080 BKN110 OVC200 22/18 A2995 RMK AO2 RAB49 SLP140 P0000 60000 T02170178 53009,null
SAV,2023-12-03 15:53,72,64,75.92,240,9,T,29.95,1013.9,10,null,FEW,FEW,BKN,OVC,4000,6000,11000,14000,null,null,null,null,null,null,null,72,KSAV 031553Z 24009KT 10SM FEW040 FEW060 BKN110 OVC140 22/18 A2995 RMK AO2 RAE1454 SLP139 P0000 T02220178,null
SAV,2023-12-03 16:53,73,63,70.87,240,10,0,29.94,1013.8,10,null,FEW,BKN,OVC,null,7500,10000,14000,null,null,null,null,null,null,null,null,73,KSAV 031653Z 24010KT 10SM FEW075 BKN100 OVC140 23/17 A2994 RMK AO2 SLP138 T02280172,null
SAV,2023-12-03 17:53,73,64,73.4,270,11,T,29.92,1013.2,10,null,FEW,BKN,OVC,null,7500,11000,14000,null,#NAME?,null,null,null,null,null,null,73,KSAV 031753Z 27011KT 10SM -RA FEW075 BKN110 OVC140 23/18 A2992 RMK AO2 RAB15E24B49 SLP132 P0000 60000 T02280178 10233 20194 58008,null
SAV,2023-12-03 18:53,72,65,78.62,250,10,T,29.9,1012.5,10,null,FEW,BKN,OVC,null,7000,10000,14000,null,null,null,null,null,null,null,null,72,KSAV 031853Z 25010KT 10SM FEW070 BKN100 OVC140 22/18 A2990 RMK AO2 RAE27 SLP125 P0000 T02220183,null
SAV,2023-12-03 19:53,73,64,73.4,240,11,0,29.91,1012.7,10,null,FEW,BKN,OVC,null,4500,10000,14000,null,null,null,null,null,null,null,null,73,KSAV 031953Z 24011KT 10SM FEW045 BKN100 OVC140 23/18 A2991 RMK AO2 SLP127 T02280178,null
SAV,2023-12-03 20:24,73,64,73.4,270,9,0,29.9,null,10,null,BKN,BKN,OVC,null,2200,9000,14000,null,null,null,null,null,null,null,null,73,KSAV 032024Z 27009KT 10SM BKN022 BKN090 OVC140 23/18 A2990 RMK AO2 T02280178,null
SAV,2023-12-03 20:53,72,64,75.92,240,9,0,29.9,1012.4,10,null,BKN,OVC,null,null,2000,9000,null,null,null,null,null,null,null,null,null,72,KSAV 032053Z 24009KT 10SM BKN020 OVC090 22/18 A2990 RMK AO2 SLP124 60000 T02220178 56008,null
SAV,2023-12-03 21:53,71,65,81.34,270,5,0,29.89,1012.2,10,null,BKN,BKN,OVC,null,1900,9000,14000,null,null,null,null,null,null,null,null,71,KSAV 032153Z 27005KT 10SM BKN019 BKN090 OVC140 22/18 A2989 RMK AO2 SLP122 T02170183,null
SAV,2023-12-03 22:53,70,65,84.16,210,4,0,29.9,1012.6,10,null,SCT,BKN,OVC,null,1600,2400,9000,null,null,null,null,null,null,null,null,70,KSAV 032253Z 21004KT 10SM SCT016 BKN024 OVC090 21/18 A2990 RMK AO2 SLP126 T02110183,null
SAV,2023-12-03 23:07,69,64,84.09,230,4,0,29.91,null,10,null,SCT,SCT,OVC,null,2400,9000,15000,null,null,null,null,null,null,null,null,69,KSAV 032307Z 23004KT 10SM SCT024 SCT090 OVC150 21/18 A2991 RMK AO2 T02060178,null
SAV,2023-12-03 23:53,69,64,84.09,230,5,0,29.92,1013.2,10,null,SCT,SCT,OVC,null,2400,9000,15000,null,null,null,null,null,null,null,null,69,KSAV 032353Z 23005KT 10SM SCT024 SCT090 OVC150 21/18 A2992 RMK AO2 SLP132 60000 T02060178 10228 20206 53008,null
SAV,2023-12-04 0:53,68,64,87.03,250,6,0,29.93,1013.6,10,null,FEW,SCT,BKN,null,2400,12000,20000,null,null,null,null,null,null,null,null,68,KSAV 040053Z 25006KT 10SM FEW024 SCT120 BKN200 20/18 A2993 RMK AO2 SLP136 T02000178,null
SAV,2023-12-04 1:53,67,64,90.09,270,4,0,29.94,1013.7,10,null,FEW,SCT,BKN,null,2000,16000,22000,null,null,null,null,null,null,null,null,67,KSAV 040153Z 27004KT 10SM FEW020 SCT160 BKN220 19/18 A2994 RMK AO2 SLP137 T01940178,null
SAV,2023-12-04 2:53,66,63,90.05,250,4,0,29.94,1013.8,10,null,SCT,BKN,null,null,17000,22000,null,null,null,null,null,null,null,null,null,66,KSAV 040253Z 25004KT 10SM SCT170 BKN220 19/17 A2994 RMK AO2 SLP138 T01890172 51006,null
SAV,2023-12-04 3:53,66,63,90.05,240,5,0,29.94,1013.8,10,null,SCT,BKN,null,null,17000,22000,null,null,null,null,null,null,null,null,null,66,KSAV 040353Z 24005KT 10SM SCT170 BKN220 19/17 A2994 RMK AO2 SLP138 T01890172,null
SAV,2023-12-04 4:53,66,64,93.26,200,3,0,29.94,1013.6,10,null,SCT,SCT,BKN,null,900,17000,22000,null,null,null,null,null,null,null,null,66,KSAV 040453Z COR 20003KT 10SM SCT009 SCT170 BKN220 19/18 A2994 RMK AO2 SLP136 LAST T01890178 402330183,null
SAV,2023-12-04 5:00,66,63,90.05,250,3,0,29.95,null,10,null,OVC,null,null,null,900,null,null,null,null,null,null,null,null,null,null,66,KSAV 040500Z AUTO 25003KT 10SM OVC009 19/17 A2995 RMK AO2 T01890172,null
SAV,2023-12-04 5:38,66,63,90.05,260,5,0,29.94,null,10,null,SCT,null,null,null,800,null,null,null,null,null,null,null,null,null,null,66,KSAV 040538Z AUTO 26005KT 10SM SCT008 19/17 A2994 RMK AO2 T01890172,null
SAV,2023-12-04 5:53,65,63,93.24,220,4,0,29.93,1013.5,10,null,CLR,null,null,null,null,null,null,null,null,null,null,null,null,null,null,65,KSAV 040553Z AUTO 22004KT 10SM CLR 18/17 A2993 RMK AO2 SLP135 T01830172 10206 20183 58003,null
SAV,2023-12-04 6:50,62.6,60.8,93.83,290,4,0,29.94,null,1.25,null,CLR,null,null,null,null,null,null,null,BR,null,null,null,null,null,null,62.6,KSAV 040650Z AUTO 29004KT 1 1/4SM BR CLR 17/16 A2994 RMK AO2,null
SAV,2023-12-04 6:53,63,62,96.54,290,5,0,29.94,1013.6,1.25,null,CLR,null,null,null,null,null,null,null,BR,null,null,null,null,null,null,63,KSAV 040653Z AUTO 29005KT 1 1/4SM BR CLR 17/17 A2994 RMK AO2 SLP136 T01720167,null
SAV,2023-12-04 6:58,63,62,96.54,290,5,0,29.94,null,2.5,null,CLR,null,null,null,null,null,null,null,BR,null,null,null,null,null,null,63,KSAV 040658Z AUTO 29005KT 2 1/2SM BR CLR 17/17 A2994 RMK AO2 T01720167,null
SAV,2023-12-04 7:05,64,62,93.21,280,4,0,29.94,null,7,null,CLR,null,null,null,null,null,null,null,null,null,null,null,null,null,null,64,KSAV 040705Z AUTO 28004KT 7SM CLR 18/17 A2994 RMK AO2 T01780167,null
SAV,2023-12-04 7:24,63,61,93.18,270,4,0,29.95,null,1.75,null,CLR,null,null,null,null,null,null,null,BR,null,null,null,null,null,null,63,KSAV 040724Z AUTO 27004KT 1 3/4SM R10/5000VP6000FT BR CLR 17/16 A2995 RMK AO2 T01720161,null
SAV,2023-12-04 7:28,63,61,93.18,290,4,0,29.94,null,0.75,null,CLR,null,null,null,null,null,null,null,BR,null,null,null,null,null,null,63,KSAV 040728Z AUTO 29004KT 3/4SM R10/5000VP6000FT BR CLR 17/16 A2994 RMK AO2 T01720161,null
SAV,2023-12-04 7:41,63,62,96.54,300,5,0,29.95,null,1.5,null,CLR,null,null,null,null,null,null,null,BR,null,null,null,null,null,null,63,KSAV 040741Z AUTO 30005KT 1 1/2SM BR CLR 17/17 A2995 RMK AO2 T01720167,null
SAV,2023-12-04 7:44,63,62,96.54,310,6,0,29.94,null,2.5,null,FEW,null,null,null,300,null,null,null,BR,null,null,null,null,null,null,63,KSAV 040744Z AUTO 31006KT 2 1/2SM BR FEW003 17/17 A2994 RMK AO2 T01720167,null
SAV,2023-12-04 7:51,64.4,62.6,93.88,320,5,0,29.94,null,8,null,SCT,null,null,null,300,null,null,null,null,null,null,null,null,null,null,64.4,KSAV 040751Z AUTO 32005KT 8SM SCT003 18/17 A2994 RMK AO2,null
SAV,2023-12-04 7:53,64,63,96.55,330,6,0,29.94,1013.8,7,null,BKN,null,null,null,300,null,null,null,null,null,null,null,null,null,null,64,KSAV 040753Z AUTO 33006KT 7SM BKN003 18/17 A2994 RMK AO2 SLP138 T01780172,null
SAV,2023-12-04 8:19,64,63,96.55,300,5,0,29.95,null,2.5,null,OVC,null,null,null,200,null,null,null,BR,null,null,null,null,null,null,64,KSAV 040819Z AUTO 30005KT 2 1/2SM BR OVC002 18/17 A2995 RMK AO2 T01780172,null
SAV,2023-12-04 8:30,64,62,93.21,300,5,0,29.94,null,6,null,BKN,null,null,null,200,null,null,null,BR,null,null,null,null,null,null,64,KSAV 040830Z AUTO 30005KT 6SM BR BKN002 18/17 A2994 RMK AO2 T01780167,null
SAV,2023-12-04 8:43,63,62,96.54,310,5,0,29.94,null,9,null,SCT,null,null,null,200,null,null,null,null,null,null,null,null,null,null,63,KSAV 040843Z AUTO 31005KT 9SM SCT002 17/17 A2994 RMK AO2 T01720167,null
SAV,2023-12-04 8:53,62,61,96.52,300,4,0,29.94,1013.7,9,null,CLR,null,null,null,null,null,null,null,null,null,null,null,null,null,null,62,KSAV 040853Z AUTO 30004KT 9SM CLR 17/16 A2994 RMK AO2 SLP137 T01670161 50000,null
SAV,2023-12-04 9:53,63,61,93.18,310,4,0,29.93,1013.5,9,null,CLR,null,null,null,null,null,null,null,null,null,null,null,null,null,null,63,KSAV 040953Z AUTO 31004KT 9SM CLR 17/16 A2993 RMK AO2 SLP135 T01720161,null
SAV,2023-12-04 10:05,62,61,96.52,270,4,0,29.94,null,8,null,FEW,null,null,null,300,null,null,null,null,null,null,null,null,null,null,62,KSAV 041005Z AUTO 27004KT 8SM FEW003 17/16 A2994 RMK AO2 T01670161,null
SAV,2023-12-04 10:53,61,60,96.51,290,4,0,29.94,1013.9,9,null,FEW,BKN,OVC,null,300,19000,23000,null,null,null,null,null,null,null,null,61,KSAV 041053Z 29004KT 9SM FEW003 BKN190 OVC230 16/16 A2994 RMK AO2 SLP139 T01610156,null
SAV,2023-12-04 11:53,60,59,96.49,0,0,0,29.95,1014.2,8,null,FEW,BKN,OVC,null,400,20000,23000,null,MIFG,null,null,null,null,null,null,60,KSAV 041153Z 00000KT 8SM MIFG FEW004 BKN200 OVC230 16/15 A2995 RMK AO2 SLP142 T01560150 10183 20156 53005,null
SAV,2023-12-04 12:53,60,59,96.49,0,0,0,29.97,1014.9,8,null,FEW,BKN,BKN,null,500,23000,25000,null,null,null,null,null,null,null,null,60,KSAV 041253Z 00000KT 8SM FEW005 BKN230 BKN250 16/15 A2997 RMK AO2 SLP149 T01560150,null
SAV,2023-12-04 13:53,61,59,93.12,220,4,0,29.99,1015.4,8,null,SCT,SCT,BKN,null,300,23000,25000,null,null,null,null,null,null,null,null,61,KSAV 041353Z 22004KT 8SM SCT003 SCT230 BKN250 16/15 A2999 RMK AO2 SLP154 T01610150,null
SAV,2023-12-04 14:53,65,56,72.62,null,3,0,29.99,1015.6,10,null,FEW,FEW,BKN,null,700,21000,23000,null,null,null,null,null,null,null,null,65,KSAV 041453Z VRB03KT 10SM FEW007 FEW210 BKN230 18/13 A2999 RMK AO2 SLP156 T01830133 51015,null
SAV,2023-12-04 15:53,66,53,62.87,270,6,0,30,1015.6,10,null,BKN,BKN,null,null,23000,25000,null,null,null,null,null,null,null,null,null,66,KSAV 041553Z 27006KT 10SM BKN230 BKN250 19/12 A3000 RMK AO2 SLP156 T01890117,null
SAV,2023-12-04 16:53,67,53,60.73,280,10,0,29.97,1014.9,10,null,FEW,BKN,null,null,23000,25000,null,null,null,null,null,null,null,null,null,67,KSAV 041653Z 28010KT 10SM FEW230 BKN250 19/12 A2997 RMK AO2 SLP149 T01940117,null
SAV,2023-12-04 17:53,67,52,58.53,270,10,0,29.94,1013.8,10,null,FEW,BKN,null,null,2500,25000,null,null,null,null,null,null,null,null,null,67,KSAV 041753Z 27010KT 10SM FEW025 BKN250 19/11 A2994 RMK AO2 SLP138 T01940111 10200 20150 58018,null
SAV,2023-12-04 18:53,69,50,50.74,260,9,0,29.92,1013.1,10,null,FEW,BKN,null,null,2500,25000,null,null,null,null,null,null,null,null,null,69,KSAV 041853Z 26009KT 10SM FEW025 BKN250 21/10 A2992 RMK AO2 SLP131 T02060100,null
SAV,2023-12-04 19:53,68,47,46.93,260,15,0,29.92,1013.1,10,null,FEW,BKN,null,null,2500,25000,null,null,null,null,null,null,null,null,null,68,KSAV 041953Z 26015KT 10SM FEW025 BKN250 20/08 A2992 RMK AO2 SLP131 T02000083,null
SAV,2023-12-04 20:53,67,49,52.37,250,9,0,29.92,1013.2,10,null,SCT,BKN,null,null,17000,25000,null,null,null,null,null,null,null,null,null,67,KSAV 042053Z 25009KT 10SM SCT170 BKN250 19/09 A2992 RMK AO2 SLP132 T01940094 55006,null
SAV,2023-12-04 21:53,65,49,56.13,240,6,0,29.94,1013.8,10,null,SCT,BKN,null,null,17000,21000,null,null,null,null,null,null,null,null,null,65,KSAV 042153Z 24006KT 10SM SCT170 BKN210 18/09 A2994 RMK AO2 SLP138 T01830094,null
SAV,2023-12-04 22:53,63,49,60.2,240,7,0,29.96,1014.3,10,null,SCT,BKN,null,null,17000,21000,null,null,null,null,null,null,null,null,null,63,KSAV 042253Z 24007KT 10SM SCT170 BKN210 17/09 A2996 RMK AO2 SLP143 T01720094,null
SAV,2023-12-04 23:53,60,49,66.95,210,6,0,29.98,1014.9,10,null,SCT,BKN,null,null,17000,22000,null,null,null,null,null,null,null,null,null,60,KSAV 042353Z 21006KT 10SM SCT170 BKN220 16/09 A2998 RMK AO2 SLP149 T01560094 10206 20156 53017,null
SAV,2023-12-05 0:53,60,48,64.49,230,7,0,30,1015.7,10,null,SCT,null,null,null,22000,null,null,null,null,null,null,null,null,null,null,60,KSAV 050053Z 23007KT 10SM SCT220 16/09 A3000 RMK AO2 SLP157 T01560089,null
SAV,2023-12-05 1:53,59,48,66.83,250,9,0,30.02,1016.4,10,null,SCT,null,null,null,22000,null,null,null,null,null,null,null,null,null,null,59,KSAV 050153Z 25009KT 10SM SCT220 15/09 A3002 RMK AO2 SLP164 T01500089,null
SAV,2023-12-05 2:53,60,48,64.49,260,9,0,30.03,1016.8,10,null,SCT,null,null,null,22000,null,null,null,null,null,null,null,null,null,null,60,KSAV 050253Z 26009KT 10SM SCT220 16/09 A3003 RMK AO2 SLP168 T01560089 51019,null
SAV,2023-12-05 3:53,57,48,71.81,270,7,0,30.04,1017.2,10,null,SCT,null,null,null,22000,null,null,null,null,null,null,null,null,null,null,57,KSAV 050353Z 27007KT 10SM SCT220 14/09 A3004 RMK AO2 SLP172 T01390089,null
SAV,2023-12-05 4:53,56,48,74.45,270,6,0,30.05,1017.6,10,null,SCT,null,null,null,22000,null,null,null,null,null,null,null,null,null,null,56,KSAV 050453Z 27006KT 10SM SCT220 13/09 A3005 RMK AO2 SLP176 LAST T01330089 402060128,null
SAV,2023-12-05 5:53,54,46,74.26,280,7,0,30.05,1017.6,10,null,CLR,null,null,null,null,null,null,null,null,null,null,null,null,null,null,54,KSAV 050553Z AUTO 28007KT 10SM CLR 12/08 A3005 RMK AO2 SLP176 T01220078 10161 20122 50007,null
SAV,2023-12-05 6:53,53,45,74.16,290,7,0,30.06,1017.8,10,null,CLR,null,null,null,null,null,null,null,null,null,null,null,null,null,null,53,KSAV 050653Z AUTO 29007KT 10SM CLR 12/07 A3006 RMK AO2 SLP178 T01170072,null
SAV,2023-12-05 7:53,50,44,79.76,300,4,0,30.06,1017.7,10,null,CLR,null,null,null,null,null,null,null,null,null,null,null,null,null,null,50,KSAV 050753Z AUTO 30004KT 10SM CLR 10/07 A3006 RMK AO2 SLP177 T01000067,null
SAV,2023-12-05 8:53,50,42,73.87,320,4,0,30.05,1017.6,10,null,CLR,null,null,null,null,null,null,null,null,null,null,null,null,null,null,50,KSAV 050853Z AUTO 32004KT 10SM CLR 10/06 A3005 RMK AO2 SLP176 T01000056 50000,null
SAV,2023-12-05 9:53,49,40,70.96,320,4,0,30.05,1017.4,10,null,CLR,null,null,null,null,null,null,null,null,null,null,null,null,null,null,47.27,KSAV 050953Z AUTO 32004KT 10SM CLR 09/04 A3005 RMK AO2 SLP174 T00940044,null
SAV,2023-12-05 10:53,47,39,73.57,310,4,0,30.07,1018.3,10,null,SCT,null,null,null,25000,null,null,null,null,null,null,null,null,null,null,44.94,KSAV 051053Z 31004KT 10SM SCT250 08/04 A3007 RMK AO2 SLP183 T00830039,null
SAV,2023-12-05 11:53,46,39,76.4,280,4,0,30.08,1018.6,10,null,SCT,null,null,null,25000,null,null,null,null,null,null,null,null,null,null,43.77,KSAV 051153Z 28004KT 10SM SCT250 08/04 A3008 RMK AO2 SLP186 T00780039 10122 20072 53010,null
SAV,2023-12-05 12:53,45,39,79.36,310,3,0,30.1,1019.3,10,null,BKN,null,null,null,25000,null,null,null,null,null,null,null,null,null,null,43.55,KSAV 051253Z 31003KT 10SM BKN250 07/04 A3010 RMK AO2 SLP193 T00720039,null
SAV,2023-12-05 13:53,52,39,61.06,330,5,0,30.11,1019.7,10,null,BKN,null,null,null,25000,null,null,null,null,null,null,null,null,null,null,52,KSAV 051353Z 33005KT 10SM BKN250 11/04 A3011 RMK AO2 SLP197 THIN CI LYR T01110039,null
SAV,2023-12-05 14:53,57,38,48.93,330,5,0,30.11,1019.7,10,null,SCT,null,null,null,25000,null,null,null,null,null,null,null,null,null,null,57,KSAV 051453Z 33005KT 10SM SCT250 14/03 A3011 RMK AO2 SLP197 THIN CI LYR T01390033 51011,null
SAV,2023-12-05 15:53,61,38,42.4,300,4,0,30.09,1018.9,10,null,SCT,null,null,null,25000,null,null,null,null,null,null,null,null,null,null,61,KSAV 051553Z 30004KT 10SM SCT250 16/03 A3009 RMK AO2 SLP189 T01610033,null
SAV,2023-12-05 16:53,62,38,40.93,280,4,0,30.08,1018.5,10,null,SCT,null,null,null,25000,null,null,null,null,null,null,null,null,null,null,62,KSAV 051653Z 28004KT 10SM SCT250 17/03 A3008 RMK AO2 SLP185 T01670033,null
SAV,2023-12-05 17:53,64,38,38.15,290,6,0,30.04,1017.1,10,null,BKN,null,null,null,25000,null,null,null,null,null,null,null,null,null,null,64,KSAV 051753Z 29006KT 10SM BKN250 18/03 A3004 RMK AO2 SLP171 T01780033 10178 20067 58025,null
SAV,2023-12-05 18:53,65,38,36.84,260,9,0,30.01,1016,10,null,BKN,null,null,null,25000,null,null,null,null,null,null,null,null,null,null,65,KSAV 051853Z 26009KT 10SM BKN250 18/03 A3001 RMK AO2 SLP160 T01830033,null
SAV,2023-12-05 19:53,66,37,34.21,270,9,0,29.99,1015.6,10,null,BKN,null,null,null,25000,null,null,null,null,null,null,null,null,null,null,66,KSAV 051953Z 27009KT 10SM BKN250 19/03 A2999 RMK AO2 SLP156 T01890028,null
SAV,2023-12-05 20:53,64,36,35.26,290,11,0,29.99,1015.5,10,null,BKN,null,null,null,25000,null,null,null,null,null,null,null,null,null,null,64,KSAV 052053Z 29011KT 10SM BKN250 18/02 A2999 RMK AO2 SLP155 T01780022 56016,null
SAV,2023-12-05 21:53,62,36,37.83,270,8,0,30,1015.7,10,null,BKN,null,null,null,25000,null,null,null,null,null,null,null,null,null,null,62,KSAV 052153Z 27008KT 10SM BKN250 17/02 A3000 RMK AO2 SLP157 T01670022,null
SAV,2023-12-05 22:53,56,38,50.73,260,5,0,30.01,1016.2,10,null,BKN,null,null,null,25000,null,null,null,null,null,null,null,null,null,null,56,KSAV 052253Z 26005KT 10SM BKN250 13/03 A3001 RMK AO2 SLP162 T01330033,null
SAV,2023-12-05 23:53,53,39,58.85,240,3,0,30.02,1016.6,10,null,BKN,null,null,null,25000,null,null,null,null,null,null,null,null,null,null,53,KSAV 052353Z 24003KT 10SM BKN250 12/04 A3002 RMK AO2 SLP166 T01170039 10194 20117 53011,null
SAV,2023-12-06 0:53,52,40,63.48,260,5,0,30.04,1017.2,10,null,SCT,null,null,null,25000,null,null,null,null,null,null,null,null,null,null,52,KSAV 060053Z 26005KT 10SM SCT250 11/04 A3004 RMK AO2 SLP172 T01110044,null
SAV,2023-12-06 1:53,53,39,58.85,260,8,0,30.04,1017.3,10,null,SCT,null,null,null,25000,null,null,null,null,null,null,null,null,null,null,53,KSAV 060153Z 26008KT 10SM SCT250 12/04 A3004 RMK AO2 SLP173 T01170039,null
SAV,2023-12-06 2:53,51,39,63.36,260,7,0,30.04,1017,10,null,SCT,null,null,null,25000,null,null,null,null,null,null,null,null,null,null,51,KSAV 060253Z 26007KT 10SM SCT250 11/04 A3004 RMK AO2 SLP170 T01060039 50004,null
SAV,2023-12-06 3:53,51,39,63.36,280,7,0,30.04,1017,10,null,SCT,null,null,null,25000,null,null,null,null,null,null,null,null,null,null,51,KSAV 060353Z 28007KT 10SM SCT250 11/04 A3004 RMK AO2 SLP170 T01060039,null
SAV,2023-12-06 4:53,51,39,63.36,280,8,0,30.02,1016.5,10,null,SCT,null,null,null,25000,null,null,null,null,null,null,null,null,null,null,51,KSAV 060453Z 28008KT 10SM SCT250 11/04 A3002 RMK AO2 SLP165 LAST T01060039 401940067,null
SAV,2023-12-06 5:53,50,38,63.23,290,10,0,30.02,1016.4,10,null,CLR,null,null,null,null,null,null,null,null,null,null,null,null,null,null,50,KSAV 060553Z AUTO 29010KT 10SM CLR 10/03 A3002 RMK AO2 SLP164 T01000033 10128 20100 57005,null
SAV,2023-12-06 6:53,48,38,68.13,280,9,0,30.01,1016.2,10,null,CLR,null,null,null,null,null,null,null,null,null,null,null,null,null,null,43.41,KSAV 060653Z AUTO 28009KT 10SM CLR 09/03 A3001 RMK AO2 SLP162 T00890033,null
SAV,2023-12-06 7:53,46,38,73.47,280,7,0,30.02,1016.4,10,null,CLR,null,null,null,null,null,null,null,null,null,null,null,null,null,null,41.84,KSAV 060753Z AUTO 28007KT 10SM CLR 08/03 A3002 RMK AO2 SLP164 T00780033,null
SAV,2023-12-06 8:53,44,38,79.27,270,7,0,30.02,1016.4,10,null,CLR,null,null,null,null,null,null,null,null,null,null,null,null,null,null,39.41,KSAV 060853Z AUTO 27007KT 10SM CLR 07/03 A3002 RMK AO2 SLP164 T00670033 55000,null
SAV,2023-12-06 9:53,45,38,76.31,280,7,0,30.02,1016.3,10,null,CLR,null,null,null,null,null,null,null,null,null,null,null,null,null,null,40.63,KSAV 060953Z AUTO 28007KT 10SM CLR 07/03 A3002 RMK AO2 SLP163 T00720033,null
SAV,2023-12-06 10:53,44,37,76.22,280,6,0,30.04,1017,10,null,CLR,null,null,null,null,null,null,null,null,null,null,null,null,null,null,39.98,KSAV 061053Z 28006KT 10SM CLR 07/03 A3004 RMK AO2 SLP170 T00670028,null
SAV,2023-12-06 11:53,46,37,70.64,300,8,0,30.08,1018.5,10,null,CLR,null,null,null,null,null,null,null,null,null,null,null,null,null,null,41.36,KSAV 061153Z 30008KT 10SM CLR 08/03 A3008 RMK AO2 SLP185 T00780028 10106 20061 53020,null
SAV,2023-12-06 12:53,46,37,70.64,320,9,0,30.1,1019,10,null,CLR,null,null,null,null,null,null,null,null,null,null,null,null,null,null,40.92,KSAV 061253Z 32009KT 10SM CLR 08/03 A3010 RMK AO2 SLP190 T00780028,null
SAV,2023-12-06 13:53,49,37,63.1,320,10,0,30.13,1020,10,null,CLR,null,null,null,null,null,null,null,null,null,null,null,null,null,null,44.29,KSAV 061353Z 32010KT 10SM CLR 09/03 A3013 RMK AO2 SLP200 T00940028,null
SAV,2023-12-06 14:53,54,37,52.45,320,10,0,30.16,1021.2,10,null,CLR,null,null,null,null,null,null,null,null,null,null,null,null,null,null,54,KSAV 061453Z 32010KT 10SM CLR 12/03 A3016 RMK AO2 SLP212 T01220028 53027,null
SAV,2023-12-06 15:53,57,36,45.22,330,11,0,30.15,1020.8,10,null,CLR,null,null,null,null,null,null,null,null,null,null,null,null,null,null,57,KSAV 061553Z 33011KT 10SM CLR 14/02 A3015 RMK AO2 SLP208 T01390022,null
SAV,2023-12-06 16:53,59,34,38.87,340,11,0,30.13,1020.2,10,21,CLR,null,null,null,null,null,null,null,null,null,null,null,null,null,null,59,KSAV 061653Z 34011G21KT 10SM CLR 15/01 A3013 RMK AO2 SLP202 T01500011,null
SAV,2023-12-06 17:53,61,34,36.19,330,12,0,30.13,1020.2,10,21,FEW,null,null,null,6000,null,null,null,null,null,null,null,null,null,null,61,KSAV 061753Z 33012G21KT 10SM FEW060 16/01 A3013 RMK AO2 SLP202 T01610011 10161 20072 55010,null
SAV,2023-12-06 18:53,62,28,27.4,340,16,0,30.11,1019.6,10,null,FEW,null,null,null,6000,null,null,null,null,null,null,null,null,null,null,62,KSAV 061853Z 34016KT 10SM FEW060 17/M02 A3011 RMK AO2 SLP196 T01671022,null
SAV,2023-12-06 19:53,62,30,29.73,340,12,0,30.13,1020.3,10,null,FEW,null,null,null,6500,null,null,null,null,null,null,null,null,null,null,62,KSAV 061953Z 34012KT 10SM FEW065 17/M01 A3013 RMK AO2 SLP203 T01671011,null
SAV,2023-12-06 20:53,61,29,29.57,340,12,0,30.15,1020.8,10,null,FEW,null,null,null,6500,null,null,null,null,null,null,null,null,null,null,61,KSAV 062053Z 34012KT 10SM FEW065 16/M02 A3015 RMK AO2 SLP208 T01611017 53006,null
SAV,2023-12-06 21:53,58,30,34.28,310,9,0,30.17,1021.5,10,null,FEW,null,null,null,6500,null,null,null,null,null,null,null,null,null,null,58,KSAV 062153Z 31009KT 10SM FEW065 14/M01 A3017 RMK AO2 SLP215 T01441011,null
SAV,2023-12-06 22:53,53,33,46.41,340,5,0,30.19,1022.1,10,null,CLR,null,null,null,null,null,null,null,null,null,null,null,null,null,null,53,KSAV 062253Z 34005KT 10SM CLR 12/01 A3019 RMK AO2 SLP221 T01170006,null
SAV,2023-12-06 23:53,47,35,62.84,280,4,0,30.2,1022.6,10,null,CLR,null,null,null,null,null,null,null,null,null,null,null,null,null,null,44.94,KSAV 062353Z 28004KT 10SM CLR 08/02 A3020 RMK AO2 SLP226 T00830017 10167 20083 51018,null
SAV,2023-12-07 0:53,46,35,65.26,0,0,0,30.22,1023.4,10,null,CLR,null,null,null,null,null,null,null,null,null,null,null,null,null,null,46,KSAV 070053Z 00000KT 10SM CLR 08/02 A3022 RMK AO2 SLP234 T00780017,null
SAV,2023-12-07 1:53,45,35,67.78,280,3,0,30.23,1023.6,10,null,CLR,null,null,null,null,null,null,null,null,null,null,null,null,null,null,43.55,KSAV 070153Z 28003KT 10SM CLR 07/02 A3023 RMK AO2 SLP236 T00720017,null
SAV,2023-12-07 2:53,45,35,67.78,0,0,0,30.25,1024.3,10,null,CLR,null,null,null,null,null,null,null,null,null,null,null,null,null,null,45,KSAV 070253Z 00000KT 10SM CLR 07/02 A3025 RMK AO2 SLP243 T00720017 53017,null
SAV,2023-12-07 3:53,41,35,79.02,0,0,0,30.26,1024.4,10,null,CLR,null,null,null,null,null,null,null,null,null,null,null,null,null,null,41,KSAV 070353Z 00000KT 10SM CLR 05/02 A3026 RMK AO2 SLP244 T00500017,null
SAV,2023-12-07 4:53,40,34,78.94,270,3,0,30.26,1024.5,10,null,CLR,null,null,null,null,null,null,null,null,null,null,null,null,null,null,37.83,KSAV 070453Z 27003KT 10SM CLR 04/01 A3026 RMK AO2 SLP245 LAST T00440011 401670039,null
SAV,2023-12-07 5:53,40,34,78.94,340,3,0,30.25,1024.2,10,null,CLR,null,null,null,null,null,null,null,null,null,null,null,null,null,null,37.83,KSAV 070553Z AUTO 34003KT 10SM CLR 04/01 A3025 RMK AO2 SLP242 T00440011 10094 20033 58002,null
SAV,2023-12-07 6:53,40,33,75.84,0,0,0,30.25,1024.2,10,null,CLR,null,null,null,null,null,null,null,null,null,null,null,null,null,null,40,KSAV 070653Z AUTO 00000KT 10SM CLR 04/01 A3025 RMK AO2 SLP242 T00440006,null
SAV,2023-12-07 7:53,38,32,78.77,340,3,0,30.25,1024.4,10,null,CLR,null,null,null,null,null,null,null,null,null,null,null,null,null,null,35.55,KSAV 070753Z AUTO 34003KT 10SM CLR 03/00 A3025 RMK AO2 SLP244 T00330000,null
SAV,2023-12-07 8:53,37,32,81.93,10,3,0,30.26,1024.7,10,null,CLR,null,null,null,null,null,null,null,null,null,null,null,null,null,null,34.4,KSAV 070853Z AUTO 01003KT 10SM CLR 03/00 A3026 RMK AO2 SLP247 T00280000 53006,null
SAV,2023-12-07 9:53,37,30,75.56,10,3,0,30.27,1024.8,10,null,CLR,null,null,null,null,null,null,null,null,null,null,null,null,null,null,34.4,KSAV 070953Z AUTO 01003KT 10SM CLR 03/M01 A3027 RMK AO2 SLP248 T00281011,null
SAV,2023-12-07 10:53,36,30,78.6,20,3,0,30.28,1025.3,10,null,CLR,null,null,null,null,null,null,null,null,null,null,null,null,null,null,33.26,KSAV 071053Z 02003KT 10SM CLR 02/M01 A3028 RMK AO2 SLP253 T00221011,null
SAV,2023-12-07 11:53,37,31,78.69,0,0,0,30.29,1025.8,10,null,CLR,null,null,null,null,null,null,null,null,null,null,null,null,null,null,37,KSAV 071153Z 00000KT 10SM CLR 03/M01 A3029 RMK AO2 SLP258 T00281006 10050 20017 53009,null
SAV,2023-12-07 12:53,36,31,81.86,350,4,0,30.3,1026.2,10,null,CLR,null,null,null,null,null,null,null,null,null,null,null,null,null,null,32.09,KSAV 071253Z 35004KT 10SM CLR 02/M01 A3030 RMK AO2 SLP262 T00221006,null
SAV,2023-12-07 13:53,45,35,67.78,0,0,0,30.31,1026.3,10,null,CLR,null,null,null,null,null,null,null,null,null,null,null,null,null,null,45,KSAV 071353Z 00000KT 10SM CLR 07/02 A3031 RMK AO2 SLP263 T00720017,null
SAV,2023-12-07 14:53,50,33,51.85,110,4,0,30.31,1026.3,10,null,CLR,null,null,null,null,null,null,null,null,null,null,null,null,null,null,50,KSAV 071453Z 11004KT 10SM CLR 10/01 A3031 RMK AO2 SLP263 T01000006 51006,null
SAV,2023-12-07 15:53,54,35,48.46,0,0,0,30.31,1026.2,10,null,CLR,null,null,null,null,null,null,null,null,null,null,null,null,null,null,54,KSAV 071553Z 00000KT 10SM CLR 12/02 A3031 RMK AO2 SLP262 T01220017,null
SAV,2023-12-07 16:53,59,33,37.34,240,7,0,30.28,1025.3,10,null,CLR,null,null,null,null,null,null,null,null,null,null,null,null,null,null,59,KSAV 071653Z 24007KT 210V270 10SM CLR 15/01 A3028 RMK AO2 SLP253 T01500006,null
SAV,2023-12-07 17:53,61,32,33.4,260,8,0,30.25,1024.1,10,null,CLR,null,null,null,null,null,null,null,null,null,null,null,null,null,null,61,KSAV 071753Z 26008KT 10SM CLR 16/00 A3025 RMK AO2 SLP241 T01610000 10161 20011 58022,null
SAV,2023-12-07 18:53,62,32,32.24,250,10,0,30.22,1023.2,10,null,FEW,null,null,null,25000,null,null,null,null,null,null,null,null,null,null,62,KSAV 071853Z 25010KT 10SM FEW250 17/00 A3022 RMK AO2 SLP232 T01670000,null
SAV,2023-12-07 19:53,62,30,29.73,270,9,0,30.2,1022.6,10,null,FEW,null,null,null,25000,null,null,null,null,null,null,null,null,null,null,62,KSAV 071953Z 27009KT 10SM FEW250 17/M01 A3020 RMK AO2 SLP226 T01671011,null
SAV,2023-12-07 20:53,62,30,29.73,230,7,0,30.2,1022.6,10,null,FEW,null,null,null,25000,null,null,null,null,null,null,null,null,null,null,62,KSAV 072053Z 23007KT 10SM FEW250 17/M01 A3020 RMK AO2 SLP226 T01671011 56015,null
SAV,2023-12-07 21:53,58,33,38.7,260,5,0,30.21,1022.8,10,null,FEW,null,null,null,25000,null,null,null,null,null,null,null,null,null,null,58,KSAV 072153Z 26005KT 10SM FEW250 14/01 A3021 RMK AO2 SLP228 T01440006,null
SAV,2023-12-07 22:53,53,33,46.41,0,0,0,30.21,1022.9,10,null,FEW,null,null,null,25000,null,null,null,null,null,null,null,null,null,null,53,KSAV 072253Z 00000KT 10SM FEW250 12/01 A3021 RMK AO2 SLP229 T01170006,null
SAV,2023-12-07 23:53,49,35,58.3,0,0,0,30.21,1023.1,10,null,CLR,null,null,null,null,null,null,null,null,null,null,null,null,null,null,49,KSAV 072353Z 00000KT 10SM CLR 09/02 A3021 RMK AO2 SLP231 T00940017 10172 20094 51004,null
SAV,2023-12-08 0:53,48,35,60.52,0,0,0,30.22,1023.2,10,null,CLR,null,null,null,null,null,null,null,null,null,null,null,null,null,null,48,KSAV 080053Z 00000KT 10SM CLR 09/02 A3022 RMK AO2 SLP232 T00890017,null
SAV,2023-12-08 1:53,46,36,67.9,0,0,0,30.22,1023.4,10,null,CLR,null,null,null,null,null,null,null,null,null,null,null,null,null,null,46,KSAV 080153Z 00000KT 10SM CLR 08/02 A3022 RMK AO2 SLP234 T00780022,null
SAV,2023-12-08 2:53,45,37,73.37,0,0,0,30.23,1023.4,10,null,CLR,null,null,null,null,null,null,null,null,null,null,null,null,null,null,45,KSAV 080253Z 00000KT 10SM CLR 07/03 A3023 RMK AO2 SLP234 T00720028 51005,null
SAV,2023-12-08 3:53,43,36,76.12,0,0,0,30.23,1023.6,10,null,CLR,null,null,null,null,null,null,null,null,null,null,null,null,null,null,43,KSAV 080353Z 00000KT 10SM CLR 06/02 A3023 RMK AO2 SLP236 T00610022,null
SAV,2023-12-08 4:53,43,37,79.19,170,3,0,30.23,1023.4,10,null,FEW,null,null,null,25000,null,null,null,null,null,null,null,null,null,null,41.26,KSAV 080453Z 17003KT 10SM FEW250 06/03 A3023 RMK AO2 SLP234 LAST T00610028 401720011,null
SAV,2023-12-08 5:53,43,36,76.12,0,0,0,30.21,1022.8,10,null,CLR,null,null,null,null,null,null,null,null,null,null,null,null,null,null,43,KSAV 080553Z AUTO 00000KT 10SM CLR 06/02 A3021 RMK AO2 SLP228 T00610022 10106 20056 58006,null
SAV,2023-12-08 6:53,40,36,85.48,0,0,0,30.21,1022.8,10,null,CLR,null,null,null,null,null,null,null,null,null,null,null,null,null,null,40,KSAV 080653Z AUTO 00000KT 10SM CLR 04/02 A3021 RMK AO2 SLP228 T00440022,null
SAV,2023-12-08 7:53,41,36,82.22,170,3,0,30.21,1022.8,10,null,CLR,null,null,null,null,null,null,null,null,null,null,null,null,null,null,38.98,KSAV 080753Z AUTO 17003KT 10SM CLR 05/02 A3021 RMK AO2 SLP228 T00500022,null
SAV,2023-12-08 8:53,43,37,79.19,0,0,0,30.2,1022.5,10,null,CLR,null,null,null,null,null,null,null,null,null,null,null,null,null,null,43,KSAV 080853Z AUTO 00000KT 10SM CLR 06/03 A3020 RMK AO2 SLP225 T00610028 58004,null
SAV,2023-12-08 9:53,41,37,85.54,0,0,0,30.21,1022.8,10,null,CLR,null,null,null,null,null,null,null,null,null,null,null,null,null,null,41,KSAV 080953Z AUTO 00000KT 10SM CLR 05/03 A3021 RMK AO2 SLP228 T00500028,null
SAV,2023-12-08 10:53,42,37,82.3,0,0,0,30.22,1023.2,10,null,BKN,null,null,null,25000,null,null,null,null,null,null,null,null,null,null,42,KSAV 081053Z 00000KT 10SM BKN250 06/03 A3022 RMK AO2 SLP232 T00560028,null
SAV,2023-12-08 11:53,43,40,89.06,0,0,0,30.23,1023.7,10,null,BKN,OVC,null,null,19000,23000,null,null,null,null,null,null,null,null,null,43,KSAV 081153Z 00000KT 10SM BKN190 OVC230 06/04 A3023 RMK AO2 SLP237 T00610044 10067 20039 53012,null
SAV,2023-12-08 12:53,45,41,85.77,0,0,0,30.25,1024.2,10,null,SCT,BKN,OVC,null,18000,20000,25000,null,null,null,null,null,null,null,null,45,KSAV 081253Z 00000KT 10SM SCT180 BKN200 OVC250 07/05 A3025 RMK AO2 SLP242 T00720050,null
SAV,2023-12-08 13:53,50,43,76.76,0,0,0,30.26,1024.4,10,null,SCT,BKN,OVC,null,17000,19000,25000,null,null,null,null,null,null,null,null,50,KSAV 081353Z 00000KT 10SM SCT170 BKN190 OVC250 10/06 A3026 RMK AO2 SLP244 T01000061,null
SAV,2023-12-08 14:53,54,45,71.5,0,0,0,30.27,1025,10,null,SCT,BKN,null,null,17000,25000,null,null,null,null,null,null,null,null,null,54,KSAV 081453Z 00000KT 10SM SCT170 BKN250 12/07 A3027 RMK AO2 SLP250 T01220072 53014,null
SAV,2023-12-08 15:53,59,44,57.44,0,0,0,30.26,1024.8,10,null,SCT,BKN,null,null,20000,25000,null,null,null,null,null,null,null,null,null,59,KSAV 081553Z 00000KT 10SM SCT200 BKN250 15/07 A3026 RMK AO2 SLP248 T01500067,null
SAV,2023-12-08 16:53,64,45,49.99,null,3,0,30.24,1024,10,null,FEW,SCT,BKN,null,4400,20000,25000,null,null,null,null,null,null,null,null,64,KSAV 081653Z VRB03KT 10SM FEW044 SCT200 BKN250 18/07 A3024 RMK AO2 SLP240 T01780072,null
SAV,2023-12-08 17:53,68,47,46.93,170,9,0,30.21,1023,10,null,SCT,BKN,BKN,null,4700,20000,25000,null,null,null,null,null,null,null,null,68,KSAV 081753Z 17009KT 10SM SCT047 BKN200 BKN250 20/08 A3021 RMK AO2 SLP230 T02000083 10206 20061 58020,null
SAV,2023-12-08 18:53,67,48,50.44,150,8,0,30.18,1022,10,null,FEW,BKN,OVC,null,4700,20000,25000,null,null,null,null,null,null,null,null,67,KSAV 081853Z 15008KT 10SM FEW047 BKN200 OVC250 19/09 A3018 RMK AO2 SLP220 T01940089,null
SAV,2023-12-08 19:53,67,49,52.37,150,7,0,30.16,1021.4,10,null,FEW,BKN,OVC,null,4700,20000,25000,null,null,null,null,null,null,null,null,67,KSAV 081953Z 15007KT 10SM FEW047 BKN200 OVC250 19/09 A3016 RMK AO2 SLP214 T01940094,null
SAV,2023-12-08 20:53,68,50,52.51,170,8,0,30.17,1021.5,10,null,SCT,BKN,null,null,18000,23000,null,null,null,null,null,null,null,null,null,68,KSAV 082053Z 17008KT 10SM SCT180 BKN230 20/10 A3017 RMK AO2 SLP215 T02000100 55015,null
SAV,2023-12-08 21:53,65,48,54.07,190,8,0,30.18,1021.9,10,null,SCT,BKN,null,null,21000,25000,null,null,null,null,null,null,null,null,null,65,KSAV 082153Z 19008KT 10SM SCT210 BKN250 18/09 A3018 RMK AO2 SLP219 T01830089,null
SAV,2023-12-08 22:53,61,49,64.61,150,4,0,30.19,1022.3,10,null,BKN,BKN,null,null,21000,25000,null,null,null,null,null,null,null,null,null,61,KSAV 082253Z 15004KT 10SM BKN210 BKN250 16/09 A3019 RMK AO2 SLP223 T01610094,null
SAV,2023-12-08 23:53,60,50,69.49,150,3,0,30.21,1022.8,10,null,SCT,BKN,null,null,20000,23000,null,null,null,null,null,null,null,null,null,60,KSAV 082353Z 15003KT 10SM SCT200 BKN230 16/10 A3021 RMK AO2 SLP228 T01560100 10206 20156 53013,null
SAV,2023-12-09 0:53,59,51,74.74,130,5,0,30.2,1022.6,10,null,FEW,SCT,OVC,null,6000,17000,20000,null,null,null,null,null,null,null,null,59,KSAV 090053Z 13005KT 10SM FEW060 SCT170 OVC200 15/11 A3020 RMK AO2 SLP226 T01500106,null
SAV,2023-12-09 1:53,60,52,74.83,0,0,0,30.21,1022.9,10,null,FEW,SCT,BKN,null,6000,17000,20000,null,null,null,null,null,null,null,null,60,KSAV 090153Z 00000KT 10SM FEW060 SCT170 BKN200 16/11 A3021 RMK AO2 SLP229 T01560111,null
SAV,2023-12-09 2:53,59,52,77.55,0,0,0,30.21,1022.8,10,null,SCT,BKN,null,null,18000,20000,null,null,null,null,null,null,null,null,null,59,KSAV 090253Z 00000KT 10SM SCT180 BKN200 15/11 A3021 RMK AO2 SLP228 T01500111 53001,null
SAV,2023-12-09 3:53,57,52,83.33,0,0,0,30.21,1022.9,10,null,BKN,null,null,null,17000,null,null,null,null,null,null,null,null,null,null,57,KSAV 090353Z 00000KT 10SM BKN170 14/11 A3021 RMK AO2 SLP229 T01390111,null
SAV,2023-12-09 4:53,58,53,83.39,110,3,0,30.2,1022.7,10,null,BKN,OVC,null,null,16000,19000,null,null,null,null,null,null,null,null,null,58,KSAV 090453Z 11003KT 10SM BKN160 OVC190 14/12 A3020 RMK AO2 SLP227 LAST T01440117 402060039,null
SAV,2023-12-09 5:53,56,52,86.4,0,0,0,30.2,1022.5,10,null,CLR,null,null,null,null,null,null,null,null,null,null,null,null,null,null,56,KSAV 090553Z AUTO 00000KT 10SM CLR 13/11 A3020 RMK AO2 SLP225 T01330111 10156 20133 58004,null
SAV,2023-12-09 6:53,54,51,89.55,0,0,0,30.19,1022.3,10,null,CLR,null,null,null,null,null,null,null,null,null,null,null,null,null,null,54,KSAV 090653Z AUTO 00000KT 10SM CLR 12/11 A3019 RMK AO2 SLP223 T01220106,null
SAV,2023-12-09 7:53,53,51,92.89,0,0,0,30.19,1022.1,6,null,CLR,null,null,null,null,null,null,null,BR,null,null,null,null,null,null,53,KSAV 090753Z AUTO 00000KT 6SM BR CLR 12/11 A3019 RMK AO2 SLP221 T01170106,null
SAV,2023-12-09 8:32,52,50,92.86,0,0,0,30.19,null,1.75,null,CLR,null,null,null,null,null,null,null,BR,null,null,null,null,null,null,52,KSAV 090832Z AUTO 00000KT 1 3/4SM BR CLR 11/10 A3019 RMK AO2 VIS 1V5 T01110100,null
SAV,2023-12-09 8:45,52,50,92.86,0,0,0,30.19,null,3,null,FEW,null,null,null,8000,null,null,null,BR,null,null,null,null,null,null,52,KSAV 090845Z AUTO 00000KT 3SM BR FEW080 11/10 A3019 RMK AO2 T01110100,null
SAV,2023-12-09 8:53,53,51,92.89,0,0,0,30.19,1022.1,3,null,SCT,null,null,null,8000,null,null,null,BR,null,null,null,null,null,null,53,KSAV 090853Z AUTO 00000KT 3SM BR SCT080 12/11 A3019 RMK AO2 SLP221 T01170106 56004,null
SAV,2023-12-09 9:53,53,51,92.89,0,0,0,30.19,1022,10,null,CLR,null,null,null,null,null,null,null,null,null,null,null,null,null,null,53,KSAV 090953Z AUTO 00000KT 10SM CLR 12/11 A3019 RMK AO2 SLP220 T01170106,null
SAV,2023-12-09 10:53,51,49,92.83,0,0,0,30.2,1022.4,10,null,FEW,SCT,null,null,2500,7500,null,null,null,null,null,null,null,null,null,51,KSAV 091053Z 00000KT 10SM FEW025 SCT075 11/09 A3020 RMK AO2 SLP224 T01060094,null
SAV,2023-12-09 11:53,51,49,92.83,0,0,0,30.2,1022.7,10,null,FEW,BKN,BKN,null,2500,7500,25000,null,null,null,null,null,null,null,null,51,KSAV 091153Z 00000KT 10SM FEW025 BKN075 BKN250 11/09 A3020 RMK AO2 SLP227 T01060094 10133 20106 53006,null
SAV,2023-12-09 12:53,52,51,96.37,0,0,0,30.2,1022.6,10,null,FEW,SCT,BKN,null,2500,7500,25000,null,null,null,null,null,null,null,null,52,KSAV 091253Z 00000KT 10SM FEW025 SCT075 BKN250 11/11 A3020 RMK AO2 SLP226 T01110106,null
SAV,2023-12-09 13:53,62,57,83.65,0,0,0,30.22,1023.2,10,null,FEW,SCT,SCT,null,2500,7500,25000,null,null,null,null,null,null,null,null,62,KSAV 091353Z 00000KT 10SM FEW025 SCT075 SCT250 17/14 A3022 RMK AO2 SLP232 T01670139,null
SAV,2023-12-09 14:53,70,60,70.56,170,3,0,30.24,1023.8,10,null,FEW,FEW,SCT,null,2500,7500,25000,null,null,null,null,null,null,null,null,70,KSAV 091453Z 17003KT 10SM FEW025 FEW075 SCT250 21/16 A3024 RMK AO2 SLP238 T02110156 53011,null
SAV,2023-12-09 15:53,75,60,59.59,180,6,0,30.24,1023.8,10,null,FEW,FEW,SCT,null,2500,7500,25000,null,null,null,null,null,null,null,null,75,KSAV 091553Z 18006KT 10SM FEW025 FEW075 SCT250 24/16 A3024 RMK AO2 SLP238 T02390156,null
SAV,2023-12-09 16:53,78,57,48.44,180,10,0,30.2,1022.7,10,null,FEW,FEW,null,null,3000,25000,null,null,null,null,null,null,null,null,null,78,KSAV 091653Z 18010KT 10SM FEW030 FEW250 26/14 A3020 RMK AO2 SLP227 T02560139,null
SAV,2023-12-09 17:53,76,56,49.92,250,4,0,30.17,1021.6,10,null,FEW,SCT,null,null,3500,25000,null,null,null,null,null,null,null,null,null,76,KSAV 091753Z 25004KT 10SM FEW035 SCT250 24/13 A3017 RMK AO2 SLP216 T02440133 10261 20100 58022,null
SAV,2023-12-09 18:53,79,57,46.87,170,6,0,30.15,1020.7,10,null,FEW,SCT,null,null,4500,10000,null,null,null,null,null,null,null,null,null,79,KSAV 091853Z 17006KT 10SM FEW045 SCT100 26/14 A3015 RMK AO2 SLP207 T02610139,null
SAV,2023-12-09 19:53,78,62,57.9,80,9,0,30.13,1020.3,10,null,FEW,FEW,SCT,null,4500,10000,25000,null,null,null,null,null,null,null,null,78,KSAV 091953Z 08009KT 10SM FEW045 FEW100 SCT250 26/17 A3013 RMK AO2 SLP203 T02560167,null
SAV,2023-12-09 20:53,75,62,63.97,100,11,0,30.14,1020.4,10,null,FEW,SCT,SCT,null,3800,4500,25000,null,null,null,null,null,null,null,null,75,KSAV 092053Z 10011KT 10SM FEW038 SCT045 SCT250 24/17 A3014 RMK AO2 SLP204 FU FEW038 T02390167 55012,null
SAV,2023-12-09 21:53,70,62,75.75,100,9,0,30.15,1020.8,10,null,SCT,SCT,null,null,4000,5500,null,null,null,null,null,null,null,null,null,70,KSAV 092153Z COR 10009KT 10SM SCT040 SCT055 21/17 A3015 RMK AO2 SLP208 FU SCT040 T02110167,null
SAV,2023-12-09 22:53,66,61,83.91,100,4,0,30.16,1021.2,10,null,SCT,SCT,null,null,4000,11000,null,null,null,null,null,null,null,null,null,66,KSAV 092253Z 10004KT 10SM SCT040 SCT110 19/16 A3016 RMK AO2 SLP212 FU SCT040 T01890161,null
SAV,2023-12-09 23:53,64,60,86.83,100,4,0,30.17,1021.6,10,null,FEW,SCT,SCT,null,4000,6000,11000,null,null,null,null,null,null,null,null,64,KSAV 092353Z 10004KT 10SM FEW040 SCT060 SCT110 18/16 A3017 RMK AO2 SLP216 FU FEW040 T01780156 10267 20172 53013,null
SAV,2023-12-10 0:53,62,59,89.89,110,5,0,30.16,1021.3,10,null,FEW,SCT,SCT,null,4000,6000,11000,null,null,null,null,null,null,null,null,62,KSAV 100053Z 11005KT 10SM FEW040 SCT060 SCT110 17/15 A3016 RMK AO2 SLP213 FU FEW040 T01670150,null
SAV,2023-12-10 1:53,63,61,93.18,120,4,0,30.16,1021.1,10,null,FEW,null,null,null,6000,null,null,null,MIFG,null,null,null,null,null,null,63,KSAV 100153Z 12004KT 10SM MIFG FEW060 17/16 A3016 RMK AO2 SLP211 T01720161,null
SAV,2023-12-10 2:53,64,62,93.21,140,4,0,30.14,1020.6,10,null,FEW,null,null,null,6000,null,null,null,null,null,null,null,null,null,null,64,KSAV 100253Z 14004KT 10SM FEW060 18/17 A3014 RMK AO2 SLP206 T01780167 58010 $,null
SAV,2023-12-10 3:53,64,61,89.97,150,4,0,30.13,1020.2,10,null,CLR,null,null,null,null,null,null,null,MIFG,null,null,null,null,null,null,64,KSAV 100353Z 15004KT 10SM MIFG CLR 18/16 A3013 RMK AO2 SLP202 T01780161 $,null
SAV,2023-12-10 4:53,64,62,93.21,160,4,0,30.11,1019.5,10,null,CLR,null,null,null,null,null,null,null,MIFG,null,null,null,null,null,null,64,KSAV 100453Z 16004KT 10SM MIFG CLR 18/17 A3011 RMK AO2 SLP195 LAST T01780167 402670100,null
SAV,2023-12-10 5:53,63,62,96.54,170,4,0,30.08,1018.7,10,null,BKN,null,null,null,12000,null,null,null,MIFG,null,null,null,null,null,null,63,KSAV 100553Z AUTO 17004KT 10SM MIFG BKN120 17/17 A3008 RMK AO2 SLP187 T01720167 10183 20167 58020,null
SAV,2023-12-10 6:53,64,62,93.21,170,7,0,30.06,1017.7,10,null,CLR,null,null,null,null,null,null,null,MIFG,null,null,null,null,null,null,64,KSAV 100653Z AUTO 17007KT 10SM MIFG CLR 18/17 A3006 RMK AO2 SLP177 T01780167,null
SAV,2023-12-10 7:53,66,64,93.26,170,9,0,30.04,1017.2,10,null,CLR,null,null,null,null,null,null,null,MIFG,null,null,null,null,null,null,66,KSAV 100753Z AUTO 17009KT 10SM MIFG CLR 19/18 A3004 RMK AO2 SLP172 T01890178,null
SAV,2023-12-10 8:53,67,64,90.09,170,8,0,30.03,1016.7,10,null,BKN,null,null,null,4700,null,null,null,MIFG,null,null,null,null,null,null,67,KSAV 100853Z AUTO 17008KT 10SM MIFG BKN047 19/18 A3003 RMK AO2 SLP167 T01940178 56020,null
SAV,2023-12-10 9:53,66,64,93.26,180,9,0,30.01,1016.2,10,null,CLR,null,null,null,null,null,null,null,MIFG,null,null,null,null,null,null,66,KSAV 100953Z AUTO 18009KT 10SM MIFG CLR 19/18 A3001 RMK AO2 SLP162 T01890178,null
SAV,2023-12-10 10:53,66,63,90.05,190,8,0,30.01,1016,10,null,FEW,SCT,null,null,1500,10000,null,null,MIFG,null,null,null,null,null,null,66,KSAV 101053Z COR 19008KT 10SM MIFG FEW015 SCT100 19/17 A3001 RMK AO2 SLP160 T01890172,null
SAV,2023-12-10 11:53,65,62,90.01,180,8,0,29.99,1015.5,10,null,FEW,SCT,null,null,1500,10000,null,null,null,null,null,null,null,null,null,65,KSAV 101153Z 18008KT 10SM FEW015 SCT100 18/17 A2999 RMK AO2 SLP155 T01830167 10194 20172 58012,null
SAV,2023-12-10 12:53,66,63,90.05,190,8,0,29.99,1015.4,10,null,FEW,SCT,SCT,BKN,2500,7000,12000,25000,null,null,null,null,null,null,null,66,KSAV 101253Z 19008KT 10SM FEW025 SCT070 SCT120 BKN250 19/17 A2999 RMK AO2 SLP154 T01890172,null
SAV,2023-12-10 13:53,69,63,81.19,200,10,0,29.97,1014.8,10,17,FEW,SCT,SCT,null,3500,12000,25000,null,null,null,null,null,null,null,null,69,KSAV 101353Z 20010G17KT 10SM FEW035 SCT120 SCT250 21/17 A2997 RMK AO2 SLP148 T02060172,null
SAV,2023-12-10 14:53,72,63,73.31,200,11,0,29.96,1014.4,10,null,FEW,SCT,BKN,null,3500,12000,25000,null,null,null,null,null,null,null,null,72,KSAV 101453Z 20011KT 10SM FEW035 SCT120 BKN250 22/17 A2996 RMK AO2 SLP144 T02220172 58011,null
SAV,2023-12-10 15:53,73,63,70.87,210,10,0,29.95,1014.2,10,null,FEW,BKN,OVC,null,3500,14000,21000,null,null,null,null,null,null,null,null,73,KSAV 101553Z 21010KT 10SM FEW035 BKN140 OVC210 23/17 A2995 RMK AO2 SLP142 T02280172,null
SAV,2023-12-10 16:53,74,62,66.15,220,11,0,29.94,1013.8,10,18,FEW,BKN,OVC,null,3500,12000,21000,null,null,null,null,null,null,null,null,74,KSAV 101653Z 22011G18KT 10SM FEW035 BKN120 OVC210 23/17 A2994 RMK AO2 SLP138 T02330167,null
SAV,2023-12-10 17:53,73,63,70.87,210,8,T,29.89,1012.1,10,null,FEW,BKN,OVC,null,2500,6500,11000,null,null,null,null,null,null,null,null,73,KSAV 101753Z 21008KT 10SM FEW025 BKN065 OVC110 23/17 A2989 RMK AO2 RAB01E11B33E44 SLP121 P0000 60000 T02280172 10239 20183 58023,null
SAV,2023-12-10 18:53,73,63,70.87,230,7,T,29.85,1010.6,10,null,FEW,SCT,BKN,OVC,2000,6500,9000,15000,#NAME?,null,null,null,null,null,null,73,KSAV 101853Z 23007KT 10SM -RA FEW020 SCT065 BKN090 OVC150 23/17 A2985 RMK AO2 RAB02E11B17E27B43 SLP106 P0000 T02280172,null
SAV,2023-12-10 19:53,72,63,73.31,240,8,T,29.83,1009.9,10,null,FEW,SCT,BKN,BKN,2000,4300,5500,13000,null,null,null,null,null,null,null,72,KSAV 101953Z 24008KT 10SM FEW020 SCT043 BKN055 BKN130 22/17 A2983 RMK AO2 RAE02 SLP099 CB DSNT SW P0000 T02220172,null
SAV,2023-12-10 20:51,69.8,60.8,73.09,270,11,T,29.82,null,10,null,SCT,BKN,BKN,OVC,2600,3700,5500,13000,#NAME?,null,null,null,null,null,null,69.8,KSAV 102051Z 27011KT 10SM -TSRA SCT026 BKN037CB BKN055 OVC130 21/16 A2982 RMK AO2 LTG DSNT S AND SW RAB41 TSB50 TS OHD AND DSNT S-SW MOV E OCNL LTGICCCCG OHD AND S-SW P0000,null
SAV,2023-12-10 20:53,68,61,78.3,260,9,T,29.83,1009.9,10,null,SCT,BKN,BKN,OVC,2600,3700,5500,13000,TS,null,null,null,null,null,null,68,KSAV 102053Z 26009KT 10SM TS SCT026 BKN037CB BKN055 OVC130 20/16 A2983 RMK AO2 LTG DSNT S AND SW RAB41E52 TSB50 SLP099 TS W MOV E CB DSNT S-SW MOV E OCNL LTGICCCCG OHD AND S-SW P0000 60000 T02000161 55008,null
SAV,2023-12-10 21:11,65,61,86.88,270,15,0.02,29.83,null,1,null,SCT,BKN,BKN,OVC,2600,3700,5500,13000,TSRA BR,null,null,null,null,null,null,65,KSAV 102111Z 27015KT 1SM R10/P6000FT TSRA BR SCT026 BKN037CB BKN055 OVC130 18/16 A2983 RMK AO2 LTG DSNT S RAB2054 TS OHD MOV E CB DSNT S-SW MOV E OCNL LTGICCCCG OHD AND S-SW P0002 T01830161,null
SAV,2023-12-10 21:25,64,61,89.97,290,5,0.09,29.8,null,2.5,null,SCT,BKN,BKN,OVC,2600,3000,5500,13000,#NAME?,null,null,null,null,null,null,64,KSAV 102125Z 29005KT 2 1/2SM -TSRA SCT026 BKN030CB BKN055 OVC130 18/16 A2980 RMK AO2 SFC VIS 3 LTG DSNT SE AND S RAB2054 TS E AND S MOV E OCNL LTGICCCCG OHD AND SE-S P0009 T01780161,null
SAV,2023-12-10 21:34,64,61,89.97,220,4,0.1,29.81,null,9,null,SCT,BKN,BKN,OVC,2600,3000,5500,13000,VCTS -RA,null,null,null,null,null,null,64,KSAV 102134Z 22004KT 9SM VCTS -RA SCT026 BKN030CB BKN055 OVC130 18/16 A2981 RMK AO2 LTG DSNT E AND SE RAB2054 TSE33 TS E AND S MOV E OCNL LTGICCCCG E-S P0010 T01780161,null
SAV,2023-12-10 21:53,64,61,89.97,0,0,0.1,29.8,1008.9,10,null,SCT,BKN,OVC,null,3500,6000,9000,null,null,null,null,null,null,null,null,64,KSAV 102153Z 00000KT 10SM SCT035 BKN060 OVC090 18/16 A2980 RMK AO2 LTG DSNT E RAB2054E51 TSE33 SLP089 CB DSNT E MOV E P0010 T01780161,null
SAV,2023-12-10 22:53,64,61,89.97,210,6,0.01,29.78,1008.5,9,null,FEW,BKN,OVC,null,3000,9000,11000,null,#NAME?,null,null,null,null,null,null,64,KSAV 102253Z 21006KT 9SM -RA FEW030 BKN090 OVC110 18/16 A2978 RMK AO2 RAB17 SLP085 P0001 T01780161,null
SAV,2023-12-10 23:53,63,61,93.18,170,14,0.01,29.75,1007.4,10,null,BKN,BKN,OVC,null,500,7000,11000,null,null,null,null,null,null,null,null,63,KSAV 102353Z 17014KT 10SM BKN005 BKN070 OVC110 17/16 A2975 RMK AO2 RAE45 SLP074 BKN005 V SCT P0001 60012 T01720161 10228 20172 58025,null
SAV,2023-12-11 0:53,63,61,93.18,190,10,0,29.75,1007.3,10,null,SCT,BKN,null,null,500,11000,null,null,null,null,null,null,null,null,null,63,KSAV 110053Z 19010KT 10SM SCT005 BKN110 17/16 A2975 RMK AO2 SLP073 SCT005 V BKN T01720161,null
SAV,2023-12-11 1:53,63,60,89.93,210,8,0,29.74,1006.8,10,null,FEW,SCT,BKN,OVC,500,2700,3300,13000,null,null,null,null,null,null,null,63,KSAV 110153Z 21008KT 10SM FEW005 SCT027 BKN033 OVC130 17/16 A2974 RMK AO2 SLP068 T01720156,null
SAV,2023-12-11 2:17,63,60,89.93,220,8,0,29.74,null,10,null,FEW,BKN,BKN,OVC,500,2500,7000,13000,null,null,null,null,null,null,null,63,KSAV 110217Z 22008KT 10SM FEW005 BKN025 BKN070 OVC130 17/16 A2974 RMK AO2 T01720156,null
SAV,2023-12-11 2:53,64,61,89.97,250,10,T,29.74,1007.1,5,null,FEW,BKN,BKN,OVC,700,1000,1800,13000,#NAME?,null,null,null,null,null,null,64,KSAV 110253Z 25010KT 5SM -RA BR FEW007 BKN010 BKN018 OVC130 18/16 A2974 RMK AO2 RAB38 SLP071 P0000 60000 T01780161 55003,null
SAV,2023-12-11 3:02,62,59,89.89,300,30,0.01,29.78,null,1.75,37,FEW,BKN,BKN,OVC,700,1000,1800,13000,#NAME?,null,null,null,37,310,2023-12-11 3:01,62,KSAV 110302Z 30030G37KT 1 3/4SM R10/6000VP6000FT +RA BR FEW007 BKN010 BKN018 OVC130 17/15 A2978 RMK AO2 PK WND 31037/0301 P0001 T01670150,null
SAV,2023-12-11 3:04,59,57,93.07,310,27,0.02,29.79,null,1.25,37,BKN,OVC,null,null,700,1200,null,null,#NAME?,null,null,null,37,310,2023-12-11 3:01,59,KSAV 110304Z 31027G37KT 1 1/4SM R10/6000VP6000FT +RA BR SQ BKN007 OVC012 15/14 A2979 RMK AO2 PK WND 31037/0301 TWR VIS 3 PRESRR P0002 T01500139,null
SAV,2023-12-11 3:10,56,53,89.64,320,26,0.07,29.78,null,1.5,37,BKN,OVC,null,null,700,1200,null,null,RA BR,null,null,null,37,310,2023-12-11 3:01,56,KSAV 110310Z 32026G37KT 1 1/2SM RA BR BKN007 OVC012 13/12 A2978 RMK AO2 PK WND 31037/0301 WSHFT 0253 TWR VIS 3 P0007 T01330117,null
SAV,2023-12-11 3:20,53,50,89.51,300,27,0.08,29.82,null,4,40,SCT,BKN,null,null,700,1400,null,null,#NAME?,null,null,null,40,310,2023-12-11 3:17,53,KSAV 110320Z 30027G40KT 4SM -RA BR SCT007 BKN014 12/10 A2982 RMK AO2 PK WND 31040/0317 WSHFT 0253 SCT007 V BKN P0008 T01170100,null
SAV,2023-12-11 3:53,51,48,89.42,310,16,0.1,29.86,1011,4,24,FEW,SCT,BKN,null,700,1600,2600,null,RA BR,null,null,null,40,310,2023-12-11 3:17,51,KSAV 110353Z 31016G24KT 4SM RA BR FEW007 SCT016 BKN026 11/09 A2986 RMK AO2 PK WND 31040/0317 WSHFT 0253 SLP110 SCT016 V BKN P0010 T01060089,null
SAV,2023-12-11 4:53,51,48,89.42,350,9,0.08,29.83,1010.2,10,null,FEW,FEW,BKN,null,700,1600,6500,null,#NAME?,null,null,null,null,null,null,51,KSAV 110453Z 35009KT 10SM -RA FEW007 FEW016 BKN065 11/09 A2983 RMK AO2 SLP102 LAST P0008 T01060089 402390106,null
SAV,2023-12-11 5:53,51,48,89.42,280,10,0.01,29.86,1011,10,null,FEW,BKN,OVC,null,5500,7500,10000,null,#NAME?,null,null,null,null,null,null,51,KSAV 110553Z AUTO 28010KT 10SM -RA FEW055 BKN075 OVC100 11/09 A2986 RMK AO2 SLP110 P0001 60019 T01060089 10178 20106 51040,null
SAV,2023-12-11 6:06,50,48,92.8,280,10,T,29.87,null,10,null,FEW,BKN,OVC,null,700,1300,7500,null,null,null,null,null,null,null,null,50,KSAV 110606Z AUTO 28010KT 10SM FEW007 BKN013 OVC075 10/09 A2987 RMK AO2 RAE06 P0000 T01000089,null
SAV,2023-12-11 6:22,50,48,92.8,280,11,T,29.87,null,10,null,BKN,OVC,null,null,700,1300,null,null,null,null,null,null,null,null,null,50,KSAV 110622Z AUTO 28011KT 10SM BKN007 OVC013 10/09 A2987 RMK AO2 RAE06 CIG 006V011 P0000 T01000089,null
SAV,2023-12-11 6:39,50,48,92.8,300,11,T,29.88,null,10,null,SCT,OVC,null,null,800,1600,null,null,null,null,null,null,null,null,null,50,KSAV 110639Z AUTO 30011KT 10SM SCT008 OVC016 10/09 A2988 RMK AO2 RAE06 P0000 T01000089,null
SAV,2023-12-11 6:53,50,47,89.37,300,9,T,29.89,1012,10,null,FEW,OVC,null,null,1100,1800,null,null,null,null,null,null,null,null,null,50,KSAV 110653Z AUTO 30009KT 10SM FEW011 OVC018 10/08 A2989 RMK AO2 RAE06 SLP120 P0000 T01000083,null
SAV,2023-12-11 7:13,50,47,89.37,290,10,0,29.91,null,10,null,FEW,OVC,null,null,900,2100,null,null,null,null,null,null,null,null,null,50,KSAV 110713Z AUTO 29010KT 10SM FEW009 OVC021 10/08 A2991 RMK AO2 T01000083,null
SAV,2023-12-11 7:53,50,46,86.06,290,15,0,29.93,1013.3,10,20,FEW,BKN,OVC,null,1100,1600,2500,null,null,null,null,null,null,null,null,50,KSAV 110753Z AUTO 29015G20KT 10SM FEW011 BKN016 OVC025 10/08 A2993 RMK AO2 SLP133 T01000078,null
SAV,2023-12-11 8:26,48,45,89.29,300,11,0,29.94,null,10,null,SCT,SCT,OVC,null,900,1400,2400,null,null,null,null,null,null,null,null,42.69,KSAV 110826Z AUTO 30011KT 10SM SCT009 SCT014 OVC024 09/07 A2994 RMK AO2 T00890072,null
SAV,2023-12-11 8:39,48,44,85.95,290,13,0,29.94,null,10,null,BKN,OVC,null,null,1000,2500,null,null,null,null,null,null,null,null,null,42.07,KSAV 110839Z AUTO 29013KT 10SM BKN010 OVC025 09/07 A2994 RMK AO2 T00890067,null
SAV,2023-12-11 8:53,48,45,89.29,290,12,0,29.95,1014,10,null,SCT,OVC,null,null,1200,2600,null,null,null,null,null,null,null,null,null,42.37,KSAV 110853Z AUTO 29012KT 10SM SCT012 OVC026 09/07 A2995 RMK AO2 SLP140 60000 T00890072 51030,null
SAV,2023-12-11 9:06,48,44,85.95,290,11,0,29.95,null,10,null,BKN,OVC,null,null,1300,2700,null,null,null,null,null,null,null,null,null,42.69,KSAV 110906Z AUTO 29011KT 10SM BKN013 OVC027 09/07 A2995 RMK AO2 T00890067,null
SAV,2023-12-11 9:32,47,42,82.65,300,14,0,29.97,null,10,null,SCT,OVC,null,null,1500,3100,null,null,null,null,null,null,null,null,null,40.5,KSAV 110932Z AUTO 30014KT 10SM SCT015 OVC031 08/06 A2997 RMK AO2 T00830056,null
SAV,2023-12-11 9:41,47,41,79.52,300,14,0,29.97,null,10,21,BKN,OVC,null,null,1700,3100,null,null,null,null,null,null,null,null,null,40.5,KSAV 110941Z AUTO 30014G21KT 10SM BKN017 OVC031 08/05 A2997 RMK AO2 T00830050,null
SAV,2023-12-11 9:53,46,41,82.58,290,11,0,29.98,1015.1,10,null,BKN,BKN,null,null,1700,3100,null,null,null,null,null,null,null,null,null,40.16,KSAV 110953Z AUTO 29011KT 10SM BKN017 BKN031 08/05 A2998 RMK AO2 SLP151 T00780050,null
SAV,2023-12-11 10:03,45,40,82.51,300,11,0,29.99,null,10,20,SCT,BKN,null,null,1600,3100,null,null,null,null,null,null,null,null,null,38.89,KSAV 111003Z AUTO 30011G20KT 10SM SCT016 BKN031 07/04 A2999 RMK AO2 T00720044,null
SAV,2023-12-11 10:53,44,39,82.44,310,12,0,30.02,1016.6,10,null,BKN,BKN,null,null,2000,3500,null,null,null,null,null,null,null,null,null,37.27,KSAV 111053Z 31012KT 10SM BKN020 BKN035 07/04 A3002 RMK AO2 SLP166 T00670039,null
SAV,2023-12-11 11:53,42,37,82.3,310,8,0,30.06,1017.7,10,16,SCT,null,null,null,1600,null,null,null,null,null,null,null,null,null,null,36.43,KSAV 111153Z 31008G16KT 10SM SCT016 06/03 A3006 RMK AO2 SLP177 60000 70031 T00560028 10100 20056 53037,null
SAV,2023-12-11 12:53,41,37,85.54,310,9,0,30.1,1019.1,10,null,FEW,null,null,null,1600,null,null,null,null,null,null,null,null,null,null,34.7,KSAV 111253Z 31009KT 10SM FEW016 05/03 A3010 RMK AO2 SLP191 T00500028,null
SAV,2023-12-11 13:53,43,37,79.19,310,9,0,30.13,1020.2,10,null,FEW,null,null,null,1600,null,null,null,null,null,null,null,null,null,null,37.19,KSAV 111353Z 31009KT 10SM FEW016 06/03 A3013 RMK AO2 SLP202 T00610028,null
SAV,2023-12-11 14:53,46,37,70.64,330,8,0,30.15,1021,10,null,FEW,null,null,null,1600,null,null,null,null,null,null,null,null,null,null,41.36,KSAV 111453Z 33008KT 10SM FEW016 08/03 A3015 RMK AO2 SLP210 T00780028 51033,null
SAV,2023-12-11 15:53,50,36,58.44,null,5,0,30.16,1021.3,10,null,FEW,null,null,null,1600,null,null,null,null,null,null,null,null,null,null,50,KSAV 111553Z VRB05KT 10SM FEW016 10/02 A3016 RMK AO2 SLP213 T01000022,null
SAV,2023-12-11 16:53,53,36,52.3,330,8,0,30.15,1021,10,null,FEW,null,null,null,2500,null,null,null,null,null,null,null,null,null,null,53,KSAV 111653Z 33008KT 10SM FEW025 12/02 A3015 RMK AO2 SLP210 T01170022,null
SAV,2023-12-11 17:53,54,36,50.42,320,7,0,30.15,1020.7,10,null,FEW,null,null,null,2500,null,null,null,null,null,null,null,null,null,null,54,KSAV 111753Z 32007KT 10SM FEW025 12/02 A3015 RMK AO2 SLP207 T01220022 10128 20050 58003,null
SAV,2023-12-11 18:53,56,34,43.3,310,5,0,30.14,1020.6,10,null,FEW,null,null,null,2500,null,null,null,null,null,null,null,null,null,null,56,KSAV 111853Z 31005KT 10SM FEW025 13/01 A3014 RMK AO2 SLP206 T01330011,null
SAV,2023-12-11 19:53,57,33,40.12,320,7,0,30.15,1020.8,10,null,CLR,null,null,null,null,null,null,null,null,null,null,null,null,null,null,57,KSAV 111953Z 32007KT 10SM CLR 14/01 A3015 RMK AO2 SLP208 T01390006,null
SAV,2023-12-11 20:53,56,34,43.3,270,4,0,30.16,1021.3,10,null,CLR,null,null,null,null,null,null,null,null,null,null,null,null,null,null,56,KSAV 112053Z 27004KT 10SM CLR 13/01 A3016 RMK AO2 SLP213 T01330011 53006,null
SAV,2023-12-11 21:53,54,35,48.46,310,5,0,30.19,1022.2,10,null,FEW,null,null,null,25000,null,null,null,null,null,null,null,null,null,null,54,KSAV 112153Z 31005KT 10SM FEW250 12/02 A3019 RMK AO2 SLP222 T01220017,null
SAV,2023-12-11 22:53,50,37,60.79,340,3,0,30.22,1023.1,10,null,FEW,null,null,null,25000,null,null,null,null,null,null,null,null,null,null,50,KSAV 112253Z 34003KT 10SM FEW250 10/03 A3022 RMK AO2 SLP231 T01000028,null
SAV,2023-12-11 23:53,46,37,70.64,0,0,0,30.25,1024.5,10,null,CLR,null,null,null,null,null,null,null,null,null,null,null,null,null,null,46,KSAV 112353Z 00000KT 10SM CLR 08/03 A3025 RMK AO2 SLP245 T00780028 10139 20078 53031,null
SAV,2023-12-12 0:53,44,38,79.27,0,0,0,30.29,1025.6,10,null,CLR,null,null,null,null,null,null,null,null,null,null,null,null,null,null,44,KSAV 120053Z 00000KT 10SM CLR 07/03 A3029 RMK AO2 SLP256 T00670033,null
SAV,2023-12-12 1:53,42,38,85.6,0,0,0,30.3,1025.9,10,null,CLR,null,null,null,null,null,null,null,null,null,null,null,null,null,null,42,KSAV 120153Z 00000KT 10SM CLR 06/03 A3030 RMK AO2 SLP259 T00560033,null
SAV,2023-12-12 2:53,42,38,85.6,0,0,0,30.3,1026.1,10,null,CLR,null,null,null,null,null,null,null,null,null,null,null,null,null,null,42,KSAV 120253Z 00000KT 10SM CLR 06/03 A3030 RMK AO2 SLP261 T00560033 51016,null
SAV,2023-12-12 3:53,40,37,88.92,0,0,0,30.31,1026.5,10,null,CLR,null,null,null,null,null,null,null,null,null,null,null,null,null,null,40,KSAV 120353Z 00000KT 10SM CLR 04/03 A3031 RMK AO2 SLP265 T00440028,null
SAV,2023-12-12 4:53,39,36,88.87,0,0,0,30.33,1027,10,null,CLR,null,null,null,null,null,null,null,null,null,null,null,null,null,null,39,KSAV 120453Z 00000KT 10SM CLR 04/02 A3033 RMK AO2 SLP270 LAST T00390022 401390033,null
SAV,2023-12-12 5:53,39,36,88.87,0,0,0,30.34,1027.1,10,null,CLR,null,null,null,null,null,null,null,null,null,null,null,null,null,null,39,KSAV 120553Z AUTO 00000KT 10SM CLR 04/02 A3034 RMK AO2 SLP271 T00390022 10078 20033 51012,null
SAV,2023-12-12 6:53,37,35,92.39,50,4,0,30.35,1027.6,10,null,CLR,null,null,null,null,null,null,null,null,null,null,null,null,null,null,33.26,KSAV 120653Z AUTO 05004KT 10SM CLR 03/02 A3035 RMK AO2 SLP276 T00280017,null
SAV,2023-12-12 7:53,37,34,88.78,30,4,0,30.37,1028.4,10,null,CLR,null,null,null,null,null,null,null,null,null,null,null,null,null,null,33.26,KSAV 120753Z AUTO 03004KT 10SM CLR 03/01 A3037 RMK AO2 SLP284 T00280011,null
SAV,2023-12-12 8:53,36,34,92.35,20,5,0,30.38,1028.7,10,null,CLR,null,null,null,null,null,null,null,null,null,null,null,null,null,null,31.15,KSAV 120853Z AUTO 02005KT 10SM CLR 02/01 A3038 RMK AO2 SLP287 T00220011 51015,null
SAV,2023-12-12 9:53,37,34,88.78,30,5,0,30.39,1029,10,null,CLR,null,null,null,null,null,null,null,null,null,null,null,null,null,null,32.33,KSAV 120953Z AUTO 03005KT 10SM CLR 03/01 A3039 RMK AO2 SLP290 T00280011,null
SAV,2023-12-12 10:53,37,34,88.78,20,4,0,30.41,1029.7,10,null,SCT,null,null,null,25000,null,null,null,null,null,null,null,null,null,null,33.26,KSAV 121053Z 02004KT 10SM SCT250 03/01 A3041 RMK AO2 SLP297 T00280011,null
SAV,2023-12-12 11:53,34,32,92.29,360,3,0,30.42,1030.2,10,null,FEW,null,null,null,25000,null,null,null,null,null,null,null,null,null,null,30.97,KSAV 121153Z 36003KT 10SM FEW250 01/00 A3042 RMK AO2 SLP302 T00110000 10033 20011 53015,null
SAV,2023-12-12 12:53,36,34,92.35,10,3,0,30.44,1030.7,10,null,FEW,null,null,null,25000,null,null,null,null,null,null,null,null,null,null,33.26,KSAV 121253Z 01003KT 10SM FEW250 02/01 A3044 RMK AO2 SLP307 T00220011,null
SAV,2023-12-12 13:53,45,36,70.53,30,6,0,30.46,1031.6,10,null,SCT,null,null,null,25000,null,null,null,null,null,null,null,null,null,null,41.19,KSAV 121353Z 03006KT 10SM SCT250 07/02 A3046 RMK AO2 SLP316 T00720022,null
SAV,2023-12-12 14:53,48,33,55.87,40,10,0,30.49,1032.3,10,null,SCT,null,null,null,25000,null,null,null,null,null,null,null,null,null,null,43.03,KSAV 121453Z 04010KT 10SM SCT250 09/01 A3049 RMK AO2 SLP323 T00890006 53021,null
SAV,2023-12-12 15:53,51,34,52,50,7,0,30.5,1032.7,10,null,BKN,null,null,null,25000,null,null,null,null,null,null,null,null,null,null,51,KSAV 121553Z 05007KT 10SM BKN250 11/01 A3050 RMK AO2 SLP327 T01060011,null
SAV,2023-12-12 16:53,55,36,48.62,10,5,0,30.48,1032.2,10,null,SCT,null,null,null,25000,null,null,null,null,null,null,null,null,null,null,55,KSAV 121653Z 01005KT 10SM SCT250 13/02 A3048 RMK AO2 SLP322 T01280022,null
SAV,2023-12-12 17:53,57,35,43.46,null,4,0,30.47,1031.7,10,null,BKN,null,null,null,25000,null,null,null,null,null,null,null,null,null,null,57,KSAV 121753Z VRB04KT 10SM BKN250 14/02 A3047 RMK AO2 SLP317 T01390017 10139 20011 58005,null
SAV,2023-12-12 18:53,58,33,38.7,20,9,0,30.45,1030.9,10,null,BKN,null,null,null,25000,null,null,null,null,null,null,null,null,null,null,58,KSAV 121853Z 02009KT 10SM BKN250 14/01 A3045 RMK AO2 SLP309 T01440006,null
SAV,2023-12-12 19:53,59,32,35.87,70,6,0,30.44,1030.7,10,null,BKN,null,null,null,25000,null,null,null,null,null,null,null,null,null,null,59,KSAV 121953Z 07006KT 10SM BKN250 15/00 A3044 RMK AO2 SLP307 T01500000,null
SAV,2023-12-12 20:53,58,34,40.28,30,4,0,30.46,1031.4,10,null,BKN,null,null,null,25000,null,null,null,null,null,null,null,null,null,null,58,KSAV 122053Z 03004KT 10SM BKN250 14/01 A3046 RMK AO2 SLP314 T01440011 55003,null
SAV,2023-12-12 21:53,55,36,48.62,60,6,0,30.47,1031.9,10,null,BKN,null,null,null,25000,null,null,null,null,null,null,null,null,null,null,55,KSAV 122153Z 06006KT 10SM BKN250 13/02 A3047 RMK AO2 SLP319 T01280022,null
SAV,2023-12-12 22:53,50,37,60.79,40,5,0,30.49,1032.4,10,null,SCT,null,null,null,25000,null,null,null,null,null,null,null,null,null,null,50,KSAV 122253Z 04005KT 10SM SCT250 10/03 A3049 RMK AO2 SLP324 T01000028,null
SAV,2023-12-12 23:53,45,36,70.53,360,5,0,30.51,1033.3,10,null,FEW,null,null,null,25000,null,null,null,null,null,null,null,null,null,null,41.83,KSAV 122353Z 36005KT 10SM FEW250 07/02 A3051 RMK AO2 SLP333 T00720022 10156 20072 53018,null
SAV,2023-12-13 0:53,45,36,70.53,10,7,0,30.52,1033.6,10,null,FEW,null,null,null,25000,null,null,null,null,null,null,null,null,null,null,40.63,KSAV 130053Z 01007KT 10SM FEW250 07/02 A3052 RMK AO2 SLP336 T00720022,null
SAV,2023-12-13 1:53,46,35,65.26,30,7,0,30.53,1033.7,10,null,SCT,null,null,null,25000,null,null,null,null,null,null,null,null,null,null,41.84,KSAV 130153Z 03007KT 10SM SCT250 08/02 A3053 RMK AO2 SLP337 T00780017,null
SAV,2023-12-13 2:53,46,34,62.71,40,8,0,30.53,1033.8,10,null,FEW,null,null,null,25000,null,null,null,null,null,null,null,null,null,null,41.36,KSAV 130253Z 04008KT 10SM FEW250 08/01 A3053 RMK AO2 SLP338 T00780011 51006,null
SAV,2023-12-13 3:53,44,33,65.01,20,5,0,30.54,1034,10,null,SCT,null,null,null,25000,null,null,null,null,null,null,null,null,null,null,40.65,KSAV 130353Z 02005KT 10SM SCT250 07/01 A3054 RMK AO2 SLP340 T00670006,null
SAV,2023-12-13 4:53,43,33,67.54,30,5,0,30.53,1033.6,10,null,SCT,null,null,null,25000,null,null,null,null,null,null,null,null,null,null,39.46,KSAV 130453Z 03005KT 10SM SCT250 06/01 A3053 RMK AO2 SLP336 LAST T00610006 401560011,null
SAV,2023-12-13 5:53,42,34,73.06,30,5,0,30.51,1033,10,null,CLR,null,null,null,null,null,null,null,null,null,null,null,null,null,null,38.27,KSAV 130553Z AUTO 03005KT 10SM CLR 06/01 A3051 RMK AO2 SLP330 T00560011 10083 20050 58007,null
SAV,2023-12-13 6:53,40,33,75.84,360,3,0,30.51,1033,10,null,CLR,null,null,null,null,null,null,null,null,null,null,null,null,null,null,37.83,KSAV 130653Z AUTO 36003KT 10SM CLR 04/01 A3051 RMK AO2 SLP330 T00440006,null
SAV,2023-12-13 7:53,41,32,70.08,20,5,0,30.51,1032.9,10,null,CLR,null,null,null,null,null,null,null,null,null,null,null,null,null,null,37.08,KSAV 130753Z AUTO 02005KT 10SM CLR 05/00 A3051 RMK AO2 SLP329 T00500000,null
SAV,2023-12-13 8:53,41,32,70.08,30,6,0,30.5,1032.8,10,null,CLR,null,null,null,null,null,null,null,null,null,null,null,null,null,null,36.37,KSAV 130853Z AUTO 03006KT 10SM CLR 05/00 A3050 RMK AO2 SLP328 T00500000 58002,null
SAV,2023-12-13 9:53,42,32,67.42,30,8,0,30.49,1032.4,10,null,CLR,null,null,null,null,null,null,null,null,null,null,null,null,null,null,36.43,KSAV 130953Z AUTO 03008KT 10SM CLR 06/00 A3049 RMK AO2 SLP324 T00560000,null
SAV,2023-12-13 10:53,43,32,64.88,30,7,0,30.5,1032.6,10,null,OVC,null,null,null,24000,null,null,null,null,null,null,null,null,null,null,38.19,KSAV 131053Z 03007KT 10SM OVC240 06/00 A3050 RMK AO2 SLP326 T00610000,null
SAV,2023-12-13 11:53,42,32,67.42,30,8,0,30.51,1033.3,10,null,OVC,null,null,null,24000,null,null,null,null,null,null,null,null,null,null,36.43,KSAV 131153Z 03008KT 10SM OVC240 06/00 A3051 RMK AO2 SLP333 T00560000 10061 20044 53004,null
SAV,2023-12-13 12:53,42,32,67.42,20,6,0,30.53,1034,10,null,BKN,null,null,null,24000,null,null,null,null,null,null,null,null,null,null,37.57,KSAV 131253Z 02006KT 10SM BKN240 06/00 A3053 RMK AO2 SLP340 T00560000,null
SAV,2023-12-13 13:53,45,33,62.58,30,7,0,30.55,1034.4,10,null,OVC,null,null,null,24000,null,null,null,null,null,null,null,null,null,null,40.63,KSAV 131353Z 03007KT 10SM OVC240 07/01 A3055 RMK AO2 SLP344 T00720006,null
SAV,2023-12-13 14:53,50,30,45.93,40,13,0,30.56,1034.9,10,null,SCT,BKN,null,null,22000,25000,null,null,null,null,null,null,null,null,null,50,KSAV 131453Z 04013KT 10SM SCT220 BKN250 10/M01 A3056 RMK AO2 SLP349 T01001011 51017,null
SAV,2023-12-13 15:53,57,28,32.75,30,12,0,30.56,1034.7,10,17,BKN,null,null,null,25000,null,null,null,null,null,null,null,null,null,null,57,KSAV 131553Z 03012G17KT 10SM BKN250 14/M02 A3056 RMK AO2 SLP347 T01391022,null
SAV,2023-12-13 16:53,57,26,30.16,40,10,0,30.55,1034.2,10,null,BKN,null,null,null,25000,null,null,null,null,null,null,null,null,null,null,57,KSAV 131653Z 04010KT 10SM BKN250 14/M03 A3055 RMK AO2 SLP342 T01391033,null
SAV,2023-12-13 17:53,61,22,22.11,30,12,0,30.52,1033.3,10,null,SCT,null,null,null,25000,null,null,null,null,null,null,null,null,null,null,61,KSAV 131753Z 03012KT 10SM SCT250 16/M06 A3052 RMK AO2 SLP333 T01611056 10161 20050 58016,null
SAV,2023-12-13 18:53,63,19,18.14,40,12,0,30.5,1032.8,10,null,BKN,null,null,null,25000,null,null,null,null,null,null,null,null,null,null,63,KSAV 131853Z 04012KT 10SM BKN250 17/M07 A3050 RMK AO2 SLP328 T01721072,null
SAV,2023-12-13 19:53,64,20,18.27,40,6,0,30.5,1032.9,10,null,BKN,null,null,null,25000,null,null,null,null,null,null,null,null,null,null,64,KSAV 131953Z 04006KT 10SM BKN250 18/M07 A3050 RMK AO2 SLP329 T01781067,null
SAV,2023-12-13 20:53,61,22,22.11,20,8,0,30.51,1033,10,null,BKN,null,null,null,25000,null,null,null,null,null,null,null,null,null,null,61,KSAV 132053Z 02008KT 10SM BKN250 16/M06 A3051 RMK AO2 SLP330 T01611056 55003,null
SAV,2023-12-13 21:53,57,25,28.93,20,6,0,30.51,1033.1,10,null,BKN,null,null,null,25000,null,null,null,null,null,null,null,null,null,null,57,KSAV 132153Z 02006KT 10SM BKN250 14/M04 A3051 RMK AO2 SLP331 T01391039,null
SAV,2023-12-13 22:53,53,27,36.36,40,4,0,30.52,1033.5,10,null,BKN,null,null,null,25000,null,null,null,null,null,null,null,null,null,null,53,KSAV 132253Z 04004KT 10SM BKN250 12/M03 A3052 RMK AO2 SLP335 T01171028,null
SAV,2023-12-13 23:53,48,32,53.67,360,4,0,30.54,1034.1,10,null,BKN,null,null,null,25000,null,null,null,null,null,null,null,null,null,null,46.1,KSAV 132353Z 36004KT 10SM BKN250 09/00 A3054 RMK AO2 SLP341 T00890000 10178 20089 53010,null
SAV,2023-12-14 0:53,48,32,53.67,20,6,0,30.54,1034,10,null,SCT,null,null,null,25000,null,null,null,null,null,null,null,null,null,null,44.8,KSAV 140053Z 02006KT 10SM SCT250 09/00 A3054 RMK AO2 SLP340 T00890000,null
SAV,2023-12-14 1:53,47,31,53.52,30,4,0,30.53,1034,10,null,FEW,null,null,null,25000,null,null,null,null,null,null,null,null,null,null,44.94,KSAV 140153Z 03004KT 10SM FEW250 08/M01 A3053 RMK AO2 SLP340 T00831006,null
SAV,2023-12-14 2:53,47,32,55.73,10,7,0,30.54,1034,10,null,FEW,null,null,null,25000,null,null,null,null,null,null,null,null,null,null,43.06,KSAV 140253Z 01007KT 10SM FEW250 08/00 A3054 RMK AO2 SLP340 T00830000 53000,null
SAV,2023-12-14 3:53,51,31,46.09,30,11,0,30.53,1033.7,10,null,FEW,null,null,null,25000,null,null,null,null,null,null,null,null,null,null,51,KSAV 140353Z 03011KT 10SM FEW250 11/M01 A3053 RMK AO2 SLP337 T01061006,null
SAV,2023-12-14 4:53,50,32,49.81,30,10,0,30.53,1033.7,10,null,FEW,null,null,null,25000,null,null,null,null,null,null,null,null,null,null,50,KSAV 140453Z 03010KT 10SM FEW250 10/00 A3053 RMK AO2 SLP337 LAST T01000000 401780044,null
SAV,2023-12-14 5:53,49,31,49.65,30,9,0,30.54,1034,10,null,CLR,null,null,null,null,null,null,null,null,null,null,null,null,null,null,44.65,KSAV 140553Z AUTO 03009KT 10SM CLR 09/M01 A3054 RMK AO2 SLP340 T00941006 10106 20067 55000,null
SAV,2023-12-14 6:53,48,31,51.54,40,8,0,30.54,1034.1,10,null,CLR,null,null,null,null,null,null,null,null,null,null,null,null,null,null,43.82,KSAV 140653Z AUTO 04008KT 10SM CLR 09/M01 A3054 RMK AO2 SLP341 T00891006,null
SAV,2023-12-14 7:53,48,32,53.67,40,10,0,30.54,1034.2,10,null,CLR,null,null,null,null,null,null,null,null,null,null,null,null,null,null,43.03,KSAV 140753Z AUTO 04010KT 10SM CLR 09/00 A3054 RMK AO2 SLP342 T00890000,null
SAV,2023-12-14 8:53,47,33,58.01,40,9,0,30.55,1034.5,10,null,CLR,null,null,null,null,null,null,null,null,null,null,null,null,null,null,42.17,KSAV 140853Z AUTO 04009KT 10SM CLR 08/01 A3055 RMK AO2 SLP345 T00830006 53005,null
SAV,2023-12-14 9:53,45,33,62.58,40,7,0,30.55,1034.5,10,null,CLR,null,null,null,null,null,null,null,null,null,null,null,null,null,null,40.63,KSAV 140953Z AUTO 04007KT 10SM CLR 07/01 A3055 RMK AO2 SLP345 T00720006,null
SAV,2023-12-14 10:53,46,33,60.25,20,8,0,30.56,1034.8,10,null,BKN,null,null,null,25000,null,null,null,null,null,null,null,null,null,null,41.36,KSAV 141053Z 02008KT 10SM BKN250 08/01 A3056 RMK AO2 SLP348 T00780006,null
SAV,2023-12-14 11:53,46,32,57.87,30,8,0,30.57,1035.2,10,null,BKN,null,null,null,25000,null,null,null,null,null,null,null,null,null,null,41.36,KSAV 141153Z 03008KT 10SM BKN250 08/00 A3057 RMK AO2 SLP352 T00780000 10094 20072 53007,null
SAV,2023-12-14 12:53,47,33,58.01,30,9,0,30.59,1035.6,10,null,BKN,null,null,null,25000,null,null,null,null,null,null,null,null,null,null,42.17,KSAV 141253Z 03009KT 10SM BKN250 08/01 A3059 RMK AO2 SLP356 T00830006,null
SAV,2023-12-14 13:53,49,33,53.82,40,12,0,30.6,1036.2,10,null,BKN,null,null,null,25000,null,null,null,null,null,null,null,null,null,null,43.64,KSAV 141353Z 04012KT 10SM BKN250 09/01 A3060 RMK AO2 SLP362 T00940006,null
SAV,2023-12-14 14:53,53,34,48.3,40,10,0,30.63,1037.2,10,null,BKN,null,null,null,25000,null,null,null,null,null,null,null,null,null,null,53,KSAV 141453Z 04010KT 10SM BKN250 12/01 A3063 RMK AO2 SLP372 T01170011 53020,null
SAV,2023-12-14 15:53,57,31,37.01,50,10,0,30.63,1037.1,10,18,BKN,null,null,null,25000,null,null,null,null,null,null,null,null,null,null,57,KSAV 141553Z 05010G18KT 10SM BKN250 14/M01 A3063 RMK AO2 SLP371 T01391006,null
SAV,2023-12-14 16:53,59,29,31.76,60,15,0,30.61,1036.4,10,23,BKN,null,null,null,25000,null,null,null,null,null,null,null,null,null,null,59,KSAV 141653Z 06015G23KT 10SM BKN250 15/M02 A3061 RMK AO2 SLP364 T01501017,null
SAV,2023-12-14 17:53,59,28,30.48,60,16,0,30.59,1035.6,10,24,BKN,null,null,null,25000,null,null,null,null,null,null,null,null,null,null,59,KSAV 141753Z 06016G24KT 10SM BKN250 15/M02 A3059 RMK AO2 SLP356 T01501022 10156 20072 58016,null
SAV,2023-12-14 18:53,60,27,28.23,50,12,0,30.57,1035.2,10,18,BKN,null,null,null,25000,null,null,null,null,null,null,null,null,null,null,60,KSAV 141853Z 05012G18KT 10SM BKN250 16/M03 A3057 RMK AO2 SLP352 T01561028,null
SAV,2023-12-14 19:53,61,26,26.14,40,13,0,30.57,1035.1,10,19,BKN,null,null,null,25000,null,null,null,null,null,null,null,26,50,2023-12-14 19:10,61,KSAV 141953Z 04013G19KT 10SM BKN250 16/M03 A3057 RMK AO2 PK WND 05026/1910 SLP351 T01611033,null
SAV,2023-12-14 20:53,59,26,28.07,60,14,0,30.57,1035,10,null,FEW,BKN,null,null,3500,25000,null,null,null,null,null,null,null,null,null,59,KSAV 142053Z 06014KT 10SM FEW035 BKN250 15/M03 A3057 RMK AO2 SLP350 T01501033 56006,null
SAV,2023-12-14 21:53,56,28,33.96,40,9,0,30.57,1035.1,10,null,FEW,BKN,null,null,3500,25000,null,null,null,null,null,null,null,null,null,56,KSAV 142153Z 04009KT 10SM FEW035 BKN250 13/M02 A3057 RMK AO2 SLP351 T01331022,null
SAV,2023-12-14 22:53,52,29,40.95,60,7,0,30.57,1034.9,10,null,BKN,null,null,null,25000,null,null,null,null,null,null,null,null,null,null,52,KSAV 142253Z 06007KT 10SM BKN250 11/M02 A3057 RMK AO2 SLP349 T01111017,null
SAV,2023-12-14 23:53,50,35,56.16,60,8,0,30.56,1034.9,10,null,BKN,null,null,null,25000,null,null,null,null,null,null,null,null,null,null,50,KSAV 142353Z 06008KT 10SM BKN250 10/02 A3056 RMK AO2 SLP349 T01000017 10161 20100 58001,null
SAV,2023-12-15 0:53,48,36,62.97,50,6,0,30.57,1035,10,null,BKN,null,null,null,25000,null,null,null,null,null,null,null,null,null,null,44.8,KSAV 150053Z 05006KT 10SM BKN250 09/02 A3057 RMK AO2 SLP350 T00890022,null
SAV,2023-12-15 1:53,47,34,60.38,40,8,0,30.56,1034.7,10,null,SCT,null,null,null,25000,null,null,null,null,null,null,null,null,null,null,42.59,KSAV 150153Z 04008KT 10SM SCT250 08/01 A3056 RMK AO2 SLP347 T00830011,null
SAV,2023-12-15 2:53,46,33,60.25,40,7,0,30.57,1035,10,null,SCT,null,null,null,25000,null,null,null,null,null,null,null,null,null,null,41.84,KSAV 150253Z 04007KT 10SM SCT250 08/01 A3057 RMK AO2 SLP350 T00780006 53001,null
SAV,2023-12-15 3:53,43,33,67.54,30,7,0,30.56,1034.9,10,null,SCT,null,null,null,25000,null,null,null,null,null,null,null,null,null,null,38.19,KSAV 150353Z 03007KT 10SM SCT250 06/01 A3056 RMK AO2 SLP349 T00610006,null
SAV,2023-12-15 4:53,44,31,59.97,30,7,0,30.55,1034.5,10,null,SCT,null,null,null,25000,null,null,null,null,null,null,null,null,null,null,39.41,KSAV 150453Z 03007KT 10SM SCT250 07/M01 A3055 RMK AO2 SLP345 LAST T00671006 401610050,null
SAV,2023-12-15 5:53,43,28,55.14,30,9,0,30.54,1034.1,10,null,CLR,null,null,null,null,null,null,null,null,null,null,null,null,null,null,37.19,KSAV 150553Z AUTO 03009KT 10SM CLR 06/M02 A3054 RMK AO2 SLP341 T00611022 10100 20050 58009,null
SAV,2023-12-15 6:53,43,26,50.77,30,8,0,30.53,1033.6,10,null,CLR,null,null,null,null,null,null,null,null,null,null,null,null,null,null,37.66,KSAV 150653Z AUTO 03008KT 10SM CLR 06/M03 A3053 RMK AO2 SLP336 T00611033,null
SAV,2023-12-15 7:53,44,25,46.88,30,9,0,30.52,1033.5,10,null,CLR,null,null,null,null,null,null,null,null,null,null,null,null,null,null,38.44,KSAV 150753Z AUTO 03009KT 10SM CLR 07/M04 A3052 RMK AO2 SLP335 T00671039,null
SAV,2023-12-15 8:53,42,26,52.76,30,11,0,30.51,1033.1,10,null,CLR,null,null,null,null,null,null,null,null,null,null,null,null,null,null,35.1,KSAV 150853Z AUTO 03011KT 10SM CLR 06/M03 A3051 RMK AO2 SLP331 T00561033 56010,null
SAV,2023-12-15 9:53,42,26,52.76,30,11,0,30.49,1032.5,10,null,CLR,null,null,null,null,null,null,null,null,null,null,null,null,null,null,35.1,KSAV 150953Z AUTO 03011KT 10SM CLR 06/M03 A3049 RMK AO2 SLP325 T00561033,null
SAV,2023-12-15 10:53,42,26,52.76,30,12,0,30.5,1032.6,10,null,CLR,null,null,null,null,null,null,null,null,null,null,null,null,null,null,34.73,KSAV 151053Z 03012KT 10SM CLR 06/M03 A3050 RMK AO2 SLP326 T00561033,null
SAV,2023-12-15 11:53,41,25,52.61,30,12,0,30.52,1033.3,10,null,FEW,null,null,null,25000,null,null,null,null,null,null,null,null,null,null,33.46,KSAV 151153Z 03012KT 10SM FEW250 05/M04 A3052 RMK AO2 SLP333 T00501039 10067 20050 53001,null
SAV,2023-12-15 12:53,42,25,50.61,40,13,0,30.52,1033.5,10,null,FEW,null,null,null,25000,null,null,null,null,null,null,null,null,null,null,34.38,KSAV 151253Z 04013KT 10SM FEW250 06/M04 A3052 RMK AO2 SLP335 T00561039,null
SAV,2023-12-15 13:53,46,27,47.2,50,10,0,30.52,1033.4,10,null,FEW,null,null,null,25000,null,null,null,null,null,null,null,null,null,null,40.52,KSAV 151353Z 05010KT 10SM FEW250 08/M03 A3052 RMK AO2 SLP334 T00781028,null
SAV,2023-12-15 14:53,51,31,46.09,50,10,0,30.53,1033.6,10,null,FEW,null,null,null,25000,null,null,null,null,null,null,null,null,null,null,51,KSAV 151453Z 05010KT 10SM FEW250 11/M01 A3053 RMK AO2 SLP336 T01061006 53004,null
SAV,2023-12-15 15:53,57,37,47.04,50,11,0,30.51,1033.2,10,null,FEW,null,null,null,25000,null,null,null,null,null,null,null,null,null,null,57,KSAV 151553Z 05011KT 10SM FEW250 14/03 A3051 RMK AO2 SLP332 T01390028,null
SAV,2023-12-15 16:53,61,40,45.85,70,10,0,30.49,1032.3,10,null,FEW,null,null,null,25000,null,null,null,null,null,null,null,null,null,null,61,KSAV 151653Z 07010KT 10SM FEW250 16/04 A3049 RMK AO2 SLP323 T01610044,null
SAV,2023-12-15 17:53,62,40,44.25,50,6,0,30.46,1031.2,10,null,FEW,null,null,null,25000,null,null,null,null,null,null,null,null,null,null,62,KSAV 151753Z 05006KT 10SM FEW250 17/04 A3046 RMK AO2 SLP312 T01670044 10172 20050 58024,null
SAV,2023-12-15 18:53,64,41,42.88,70,9,0,30.42,1030.1,10,null,FEW,null,null,null,25000,null,null,null,null,null,null,null,null,null,null,64,KSAV 151853Z 07009KT 10SM FEW250 18/05 A3042 RMK AO2 SLP301 T01780050,null
SAV,2023-12-15 19:53,63,41,44.41,50,10,0,30.4,1029.4,10,null,FEW,null,null,null,25000,null,null,null,null,null,null,null,null,null,null,63,KSAV 151953Z 05010KT 10SM FEW250 17/05 A3040 RMK AO2 SLP294 T01720050,null
SAV,2023-12-15 20:53,63,39,41.09,50,11,0,30.39,1028.9,10,null,FEW,SCT,null,null,5000,25000,null,null,null,null,null,null,null,null,null,63,KSAV 152053Z 05011KT 10SM FEW050 SCT250 17/04 A3039 RMK AO2 SLP289 T01720039 56023,null
SAV,2023-12-15 21:53,59,37,43.78,40,7,0,30.4,1029.4,10,null,FEW,FEW,BKN,null,3000,5000,25000,null,null,null,null,null,null,null,null,59,KSAV 152153Z 04007KT 10SM FEW030 FEW050 BKN250 15/03 A3040 RMK AO2 SLP294 T01500028,null
SAV,2023-12-15 22:53,56,37,48.77,50,5,0,30.41,1029.6,10,null,FEW,FEW,BKN,null,3000,5000,25000,null,null,null,null,null,null,null,null,56,KSAV 152253Z 05005KT 10SM FEW030 FEW050 BKN250 13/03 A3041 RMK AO2 SLP296 T01330028,null
SAV,2023-12-15 23:53,53,36,52.3,30,5,0,30.41,1029.6,10,null,FEW,SCT,null,null,6000,25000,null,null,null,null,null,null,null,null,null,53,KSAV 152353Z 03005KT 10SM FEW060 SCT250 12/02 A3041 RMK AO2 SLP296 T01170022 10178 20106 51007,null
SAV,2023-12-16 0:53,54,32,42.98,40,8,0,30.41,1029.7,10,null,FEW,SCT,null,null,5000,25000,null,null,null,null,null,null,null,null,null,54,KSAV 160053Z 04008KT 10SM FEW050 SCT250 12/00 A3041 RMK AO2 SLP297 T01220000,null
SAV,2023-12-16 1:53,53,29,39.47,40,7,0,30.4,1029.4,10,null,SCT,SCT,null,null,6500,25000,null,null,null,null,null,null,null,null,null,53,KSAV 160153Z 04007KT 10SM SCT065 SCT250 12/M02 A3040 RMK AO2 SLP294 T01171017,null
SAV,2023-12-16 2:53,52,29,40.95,30,8,0,30.4,1029.3,10,null,BKN,null,null,null,6500,null,null,null,null,null,null,null,null,null,null,52,KSAV 160253Z 03008KT 10SM BKN065 11/M02 A3040 RMK AO2 SLP293 T01111017 58003,null
SAV,2023-12-16 3:53,51,28,40.78,40,7,0,30.38,1028.7,10,null,FEW,null,null,null,6000,null,null,null,null,null,null,null,null,null,null,51,KSAV 160353Z 04007KT 10SM FEW060 11/M02 A3038 RMK AO2 SLP287 T01061022,null
SAV,2023-12-16 4:53,50,28,42.33,50,7,0,30.37,1028.2,10,null,FEW,null,null,null,6000,null,null,null,null,null,null,null,null,null,null,50,KSAV 160453Z 05007KT 10SM FEW060 10/M02 A3037 RMK AO2 SLP282 LAST T01001022 401780050,null
SAV,2023-12-16 5:53,50,30,45.93,30,5,0,30.35,1027.7,10,null,SCT,null,null,null,6000,null,null,null,null,null,null,null,null,null,null,50,KSAV 160553Z AUTO 03005KT 10SM SCT060 10/M01 A3035 RMK AO2 SLP277 T01001011 10122 20094 56016,null
SAV,2023-12-16 6:53,50,31,47.83,30,6,0,30.34,1027.3,10,null,BKN,null,null,null,6500,null,null,null,null,null,null,null,null,null,null,50,KSAV 160653Z AUTO 03006KT 10SM BKN065 10/M01 A3034 RMK AO2 SLP273 T01001006,null
SAV,2023-12-16 7:53,52,33,48.15,60,7,0,30.32,1026.8,10,null,OVC,null,null,null,6000,null,null,null,null,null,null,null,null,null,null,52,KSAV 160753Z AUTO 06007KT 10SM OVC060 11/01 A3032 RMK AO2 SLP268 T01110006,null
SAV,2023-12-16 8:53,53,37,54.41,50,6,0,30.32,1026.5,10,null,FEW,OVC,null,null,4200,5500,null,null,null,null,null,null,null,null,null,53,KSAV 160853Z AUTO 05006KT 10SM FEW042 OVC055 12/03 A3032 RMK AO2 SLP265 T01170028 56012,null
SAV,2023-12-16 9:53,54,38,54.56,60,8,0,30.32,1026.5,10,null,SCT,OVC,null,null,4300,6000,null,null,null,null,null,null,null,null,null,54,KSAV 160953Z AUTO 06008KT 10SM SCT043 OVC060 12/03 A3032 RMK AO2 SLP265 T01220033,null
SAV,2023-12-16 10:53,52,37,56.45,30,6,0,30.31,1026.3,10,null,FEW,SCT,SCT,null,5000,6500,25000,null,null,null,null,null,null,null,null,52,KSAV 161053Z 03006KT 10SM FEW050 SCT065 SCT250 11/03 A3031 RMK AO2 SLP263 T01110028,null
SAV,2023-12-16 11:53,51,35,54.12,50,8,0,30.32,1026.6,10,null,FEW,BKN,BKN,null,3800,6000,25000,null,null,null,null,null,null,null,null,51,KSAV 161153Z 05008KT 10SM FEW038 BKN060 BKN250 11/02 A3032 RMK AO2 SLP266 T01060017 10122 20094 53001,null
SAV,2023-12-16 12:53,51,36,56.31,50,8,0,30.31,1026.1,10,null,FEW,BKN,BKN,null,5000,7000,25000,null,null,null,null,null,null,null,null,51,KSAV 161253Z 05008KT 10SM FEW050 BKN070 BKN250 11/02 A3031 RMK AO2 SLP261 T01060022,null
SAV,2023-12-16 13:53,53,39,58.85,40,7,0,30.32,1026.7,10,null,FEW,BKN,OVC,null,3000,4100,25000,null,null,null,null,null,null,null,null,53,KSAV 161353Z 04007KT 10SM FEW030 BKN041 OVC250 12/04 A3032 RMK AO2 SLP267 T01170039,null
SAV,2023-12-16 14:53,57,44,61.72,60,6,0,30.32,1026.5,10,null,SCT,BKN,OVC,null,2200,3500,4200,null,null,null,null,null,null,null,null,57,KSAV 161453Z 06006KT 10SM SCT022 BKN035 OVC042 14/07 A3032 RMK AO2 SLP265 T01390067 56000,null
SAV,2023-12-16 15:53,62,48,60.07,60,11,0,30.3,1025.9,10,null,SCT,BKN,BKN,null,2800,3500,5000,null,null,null,null,null,null,null,null,62,KSAV 161553Z 06011KT 10SM SCT028 BKN035 BKN050 17/09 A3030 RMK AO2 SLP259 T01670089,null
SAV,2023-12-16 16:23,60,52,74.83,80,9,0,30.29,null,5,20,BKN,BKN,OVC,null,1500,2300,3100,null,BR,null,null,null,null,null,null,60,KSAV 161623Z 08009G20KT 5SM BR BKN015 BKN023 OVC031 16/11 A3029 RMK AO2 T01560111,null
SAV,2023-12-16 16:53,61,56,83.59,60,12,T,30.27,1024.8,2.5,null,BKN,BKN,OVC,null,1300,1900,3300,null,#NAME?,null,null,null,null,null,null,61,KSAV 161653Z 06012KT 2 1/2SM -RA BKN013 BKN019 OVC033 16/13 A3027 RMK AO2 RAB43 SLP248 P0000 T01610133,null
SAV,2023-12-16 16:58,61,56,83.59,80,10,T,30.26,null,5,null,BKN,BKN,OVC,null,1300,1900,3300,null,#NAME?,null,null,null,null,null,null,61,KSAV 161658Z 08010KT 5SM -RA BKN013 BKN019 OVC033 16/13 A3026 RMK AO2 P0000 T01610133,null
SAV,2023-12-16 17:11,61,56,83.59,70,13,T,30.25,null,1.5,null,BKN,BKN,OVC,null,1300,1900,3300,null,#NAME?,null,null,null,null,null,null,61,KSAV 161711Z 07013KT 1 1/2SM R10/6000VP6000FT -RA BKN013 BKN019 OVC033 16/13 A3025 RMK AO2 P0000 T01610133,null
SAV,2023-12-16 17:53,60,57,89.8,60,13,T,30.22,1023.3,1.5,19,FEW,BKN,OVC,null,700,1000,1800,null,#NAME?,null,null,null,null,null,null,60,KSAV 161753Z 06013G19KT 1 1/2SM R10/5500VP6000FT -RA BR FEW007 BKN010 OVC018 16/14 A3022 RMK AO2 SLP233 P0000 60000 T01560139 10167 20106 58032 $,null
SAV,2023-12-16 18:20,61,58,89.84,60,13,0.01,30.21,null,1.5,null,BKN,BKN,OVC,null,500,1200,1800,null,#NAME?,null,null,null,null,null,null,61,KSAV 161820Z 06013KT 1 1/2SM -RA BR BKN005 BKN012 OVC018 16/14 A3021 RMK AO2 P0001 T01610144 $,null
SAV,2023-12-16 18:53,61,58,89.84,70,11,0.04,30.2,1022.5,1.5,null,BKN,BKN,OVC,null,500,1700,2500,null,#NAME?,null,null,null,null,null,null,61,KSAV 161853Z 07011KT 1 1/2SM -RA BR BKN005 BKN017 OVC025 16/14 A3020 RMK AO2 SLP225 P0004 T01610144 $,null
SAV,2023-12-16 19:20,62,59,89.89,70,9,T,30.19,null,4,18,BKN,BKN,OVC,null,600,1700,2500,null,BR,null,null,null,null,null,null,62,KSAV 161920Z 07009G18KT 4SM BR BKN006 BKN017 OVC025 17/15 A3019 RMK AO2 RAE04 P0000 T01670150 $,null
SAV,2023-12-16 19:53,62,59,89.89,70,11,T,30.19,1022.1,10,null,BKN,OVC,null,null,700,1400,null,null,null,null,null,null,null,null,null,62,KSAV 161953Z 07011KT 10SM BKN007 OVC014 17/15 A3019 RMK AO2 RAE04 SLP221 P0000 T01670150 $,null
SAV,2023-12-16 20:53,61,58,89.84,60,9,0,30.17,1021.6,10,null,BKN,BKN,OVC,null,700,2500,6000,null,null,null,null,null,null,null,null,61,KSAV 162053Z 06009KT 10SM BKN007 BKN025 OVC060 16/14 A3017 RMK AO2 SLP216 60004 T01610144 56017 $,null
SAV,2023-12-16 21:53,61,58,89.84,70,10,T,30.16,1021.1,10,null,OVC,null,null,null,700,null,null,null,null,null,null,null,null,null,null,61,KSAV 162153Z 07010KT 10SM OVC007 16/14 A3016 RMK AO2 RAB31E43 SLP211 P0000 T01610144 $,null
SAV,2023-12-16 22:53,60,58,93.1,60,9,0,30.15,1020.7,10,null,BKN,OVC,null,null,700,2500,null,null,null,null,null,null,null,null,null,60,KSAV 162253Z 06009KT 10SM BKN007 OVC025 16/14 A3015 RMK AO2 SLP207 T01560144 $,null
SAV,2023-12-16 23:44,60,57,89.8,70,12,0,30.13,null,10,null,SCT,SCT,BKN,null,800,2900,3900,null,null,null,null,null,null,null,null,60,KSAV 162344Z 07012KT 10SM SCT008 SCT029 BKN039 16/14 A3013 RMK AO2 T01560139 $,null
SAV,2023-12-16 23:53,60,57,89.8,60,10,0,30.13,1020.2,10,null,SCT,BKN,OVC,null,800,3200,13000,null,null,null,null,null,null,null,null,60,KSAV 162353Z 06010KT 10SM SCT008 BKN032 OVC130 16/14 A3013 RMK AO2 SLP202 60004 T01560139 10167 20156 58013 $,null
SAV,2023-12-17 0:43,60,57,89.8,50,6,0,30.12,null,10,null,FEW,BKN,OVC,null,800,2900,13000,null,null,null,null,null,null,null,null,60,KSAV 170043Z 05006KT 10SM FEW008 BKN029 OVC130 16/14 A3012 RMK AO2 T01560139 $,null
SAV,2023-12-17 0:53,60,57,89.8,60,7,0,30.11,1019.7,10,null,SCT,BKN,OVC,null,800,2900,10000,null,null,null,null,null,null,null,null,60,KSAV 170053Z 06007KT 10SM SCT008 BKN029 OVC100 16/14 A3011 RMK AO2 SLP197 T01560139 $,null
SAV,2023-12-17 1:31,60,57,89.8,50,7,T,30.12,null,10,null,FEW,SCT,OVC,null,800,4000,9000,null,#NAME?,null,null,null,null,null,null,60,KSAV 170131Z 05007KT 10SM -RA FEW008 SCT040 OVC090 16/14 A3012 RMK AO2 RAB31 P0000 T01560139 $,null
SAV,2023-12-17 1:53,60,57,89.8,60,7,T,30.11,1019.6,10,null,FEW,SCT,OVC,null,800,4000,9000,null,#NAME?,null,null,null,null,null,null,60,KSAV 170153Z 06007KT 10SM -RA FEW008 SCT040 OVC090 16/14 A3011 RMK AO2 RAB31 SLP196 P0000 T01560139 $,null
SAV,2023-12-17 2:53,60,58,93.1,40,6,0.06,30.11,1019.4,7,null,FEW,SCT,OVC,null,2100,3700,9000,null,#NAME?,null,null,null,null,null,null,60,KSAV 170253Z 04006KT 7SM -RA FEW021 SCT037 OVC090 16/14 A3011 RMK AO2 SLP194 P0006 60006 T01560144 56008,null
SAV,2023-12-17 3:25,60,58,93.1,40,9,0.05,30.09,null,4,null,FEW,SCT,OVC,null,500,2900,7000,null,#NAME?,null,null,null,null,null,null,60,KSAV 170325Z 04009KT 4SM -RA BR FEW005 SCT029 OVC070 16/14 A3009 RMK AO2 P0005 T01560144,null
SAV,2023-12-17 3:48,60.8,57.2,87.92,40,10,0.06,30.08,null,10,null,BKN,BKN,OVC,null,700,2300,6500,null,#NAME?,null,null,null,null,null,null,60.8,KSAV 170348Z 04010KT 10SM -RA BKN007 BKN023 OVC065 16/14 A3008 RMK AO2 P0006,null
SAV,2023-12-17 3:53,60,58,93.1,40,10,0.06,30.07,1018.3,5,null,BKN,BKN,OVC,null,700,2300,6500,null,#NAME?,null,null,null,null,null,null,60,KSAV 170353Z 04010KT 5SM -RA BR BKN007 BKN023 OVC065 16/14 A3007 RMK AO2 SLP183 P0006 T01560144,null
SAV,2023-12-17 4:53,60,58,93.1,30,8,0.11,30.05,1017.4,4,null,BKN,OVC,null,null,700,3100,null,null,RA BR,null,null,null,null,null,null,60,KSAV 170453Z 03008KT 4SM RA BR BKN007 OVC031 16/14 A3005 RMK AO2 SLP174 LAST P0011 T01560144 401670094,null
SAV,2023-12-17 5:03,60,58,93.1,30,9,0.03,30.04,null,6,null,SCT,BKN,OVC,null,400,3200,6500,null,#NAME?,null,null,null,null,null,null,60,KSAV 170503Z AUTO 03009KT 6SM -RA BR SCT004 BKN032 OVC065 16/14 A3004 RMK AO2 P0003 T01560144,null
SAV,2023-12-17 5:14,60,58,93.1,40,12,0.07,30.02,null,4,18,BKN,BKN,OVC,null,600,2600,3600,null,#NAME?,null,null,null,null,null,null,60,KSAV 170514Z AUTO 04012G18KT 4SM +RA BR BKN006 BKN026 OVC036 16/14 A3002 RMK AO2 P0007 T01560144,null
SAV,2023-12-17 5:48,60.8,57.2,87.92,40,12,0.17,29.99,null,8,null,SCT,BKN,OVC,null,600,4800,7500,null,#NAME?,null,null,null,null,null,null,60.8,KSAV 170548Z AUTO 04012KT 8SM -RA SCT006 BKN048 OVC075 16/14 A2999 RMK AO2 P0017,null
SAV,2023-12-17 5:53,60,58,93.1,40,11,0.17,29.98,1015.3,7,null,BKN,BKN,OVC,null,600,2000,4500,null,#NAME?,null,null,null,null,null,null,60,KSAV 170553Z AUTO 04011KT 7SM -RA BKN006 BKN020 OVC045 16/14 A2998 RMK AO2 SLP153 P0017 60040 T01560144 10156 20156 58042,null
SAV,2023-12-17 6:00,60,58,93.1,40,10,0.02,29.98,null,6,null,SCT,BKN,OVC,null,600,1800,4100,null,#NAME?,null,null,null,null,null,null,60,KSAV 170600Z AUTO 04010KT 6SM -RA BR SCT006 BKN018 OVC041 16/14 A2998 RMK AO2 P0002 T01560144,null
SAV,2023-12-17 6:14,60,58,93.1,30,9,0.05,29.97,null,4,null,SCT,BKN,OVC,null,500,3200,4400,null,#NAME?,null,null,null,null,null,null,60,KSAV 170614Z AUTO 03009KT 4SM +RA BR SCT005 BKN032 OVC044 16/14 A2997 RMK AO2 P0005 T01560144,null
SAV,2023-12-17 6:22,60,58,93.1,50,9,0.08,29.98,null,4,null,SCT,BKN,OVC,null,500,1900,3000,null,RA BR,null,null,null,null,null,null,60,KSAV 170622Z AUTO 05009KT 4SM RA BR SCT005 BKN019 OVC030 16/14 A2998 RMK AO2 P0008 T01560144,null
SAV,2023-12-17 6:31,60,58,93.1,30,8,0.11,29.97,null,5,null,BKN,BKN,OVC,null,500,1500,3100,null,#NAME?,null,null,null,null,null,null,60,KSAV 170631Z AUTO 03008KT 5SM -RA BR BKN005 BKN015 OVC031 16/14 A2997 RMK AO2 P0011 T01560144,null
SAV,2023-12-17 6:38,60,58,93.1,40,10,0.12,29.96,null,5,null,SCT,BKN,OVC,null,500,1700,4100,null,RA BR,null,null,null,null,null,null,60,KSAV 170638Z AUTO 04010KT 5SM RA BR SCT005 BKN017 OVC041 16/14 A2996 RMK AO2 P0012 T01560144,null
SAV,2023-12-17 6:53,60,58,93.1,50,9,0.16,29.95,1014.2,5,null,BKN,BKN,OVC,null,700,1500,3900,null,#NAME?,null,null,null,null,null,null,60,KSAV 170653Z AUTO 05009KT 5SM -RA BR BKN007 BKN015 OVC039 16/14 A2995 RMK AO2 SLP142 P0016 T01560144,null
SAV,2023-12-17 7:04,60,58,93.1,40,13,0.02,29.94,null,7,null,SCT,BKN,OVC,null,600,1100,7500,null,#NAME?,null,null,null,null,null,null,60,KSAV 170704Z AUTO 04013KT 7SM -RA SCT006 BKN011 OVC075 16/14 A2994 RMK AO2 P0002 T01560144,null
SAV,2023-12-17 7:15,60,58,93.1,30,12,0.04,29.93,null,5,null,SCT,BKN,OVC,null,700,1500,4300,null,#NAME?,null,null,null,null,null,null,60,KSAV 170715Z AUTO 03012KT 5SM -RA BR SCT007 BKN015 OVC043 16/14 A2993 RMK AO2 PRESFR P0004 T01560144,null
SAV,2023-12-17 7:29,60,58,93.1,40,10,0.05,29.92,null,10,null,FEW,BKN,OVC,null,1200,7000,11000,null,#NAME?,null,null,null,null,null,null,60,KSAV 170729Z AUTO 04010KT 10SM -RA FEW012 BKN070 OVC110 16/14 A2992 RMK AO2 P0005 T01560144,null
SAV,2023-12-17 7:53,60,58,93.1,40,11,0.05,29.9,1012.5,10,null,BKN,BKN,OVC,null,600,1600,11000,null,#NAME?,null,null,null,null,null,null,60,KSAV 170753Z AUTO 04011KT 10SM -RA BKN006 BKN016 OVC110 16/14 A2990 RMK AO2 SLP125 P0005 T01560144,null
SAV,2023-12-17 8:23,60,58,93.1,30,8,0.02,29.89,null,8,null,SCT,OVC,null,null,600,9500,null,null,#NAME?,null,null,null,null,null,null,60,KSAV 170823Z AUTO 03008KT 8SM -RA SCT006 OVC095 16/14 A2989 RMK AO2 P0002 T01560144,null
SAV,2023-12-17 8:53,60,58,93.1,30,10,0.06,29.86,1011.1,6,null,BKN,OVC,null,null,900,8500,null,null,#NAME?,null,null,null,null,null,null,60,KSAV 170853Z AUTO 03010KT 6SM -RA BR BKN009 OVC085 16/14 A2986 RMK AO2 SLP111 P0006 60027 T01560144 58042,null
SAV,2023-12-17 9:05,60,58,93.1,30,10,0.02,29.85,null,7,null,SCT,BKN,OVC,null,600,1000,8500,null,#NAME?,null,null,null,null,null,null,60,KSAV 170905Z AUTO 03010KT 7SM -RA SCT006 BKN010 OVC085 16/14 A2985 RMK AO2 P0002 T01560144,null
SAV,2023-12-17 9:16,60,58,93.1,30,13,0.04,29.84,null,7,20,BKN,BKN,OVC,null,800,5000,9000,null,#NAME?,null,null,null,null,null,null,60,KSAV 170916Z AUTO 03013G20KT 7SM -RA BKN008 BKN050 OVC090 16/14 A2984 RMK AO2 P0004 T01560144,null
SAV,2023-12-17 9:27,60,58,93.1,30,12,0.06,29.83,null,5,null,SCT,OVC,null,null,700,5000,null,null,#NAME?,null,null,null,null,null,null,60,KSAV 170927Z AUTO 03012KT 5SM -RA BR SCT007 OVC050 16/14 A2983 RMK AO2 P0006 T01560144,null
SAV,2023-12-17 9:37,60,58,93.1,20,15,0.08,29.81,null,5,20,BKN,OVC,null,null,700,5500,null,null,RA BR,null,null,null,null,null,null,60,KSAV 170937Z AUTO 02015G20KT 5SM RA BR BKN007 OVC055 16/14 A2981 RMK AO2 PRESFR P0008 T01560144,null
SAV,2023-12-17 9:53,60,58,93.1,30,11,0.12,29.8,1009.1,4,20,BKN,BKN,OVC,null,700,1100,4300,null,RA BR,null,null,null,null,null,null,60,KSAV 170953Z AUTO 03011G20KT 4SM RA BR BKN007 BKN011 OVC043 16/14 A2980 RMK AO2 SLP091 P0012 T01560144,null
SAV,2023-12-17 10:04,61,58,89.84,50,12,0.04,29.79,null,4,25,SCT,BKN,OVC,null,700,1500,3700,null,RA BR,null,null,null,null,null,null,61,KSAV 171004Z AUTO 05012G25KT 4SM RA BR SCT007 BKN015 OVC037 16/14 A2979 RMK AO2 P0004 T01610144,null
SAV,2023-12-17 10:31,61,58,89.84,30,15,0.15,29.77,null,4,null,FEW,BKN,OVC,null,800,4000,7000,null,RA BR,null,null,null,null,null,null,61,KSAV 171031Z AUTO 03015KT 4SM RA BR FEW008 BKN040 OVC070 16/14 A2977 RMK AO2 P0015 T01610144,null
SAV,2023-12-17 10:45,61,58,89.84,40,14,0.22,29.76,null,3,22,SCT,BKN,OVC,null,1000,1800,3400,null,RA BR,null,null,null,null,null,null,61,KSAV 171045Z AUTO 04014G22KT 3SM RA BR SCT010 BKN018 OVC034 16/14 A2976 RMK AO2 P0022 T01610144,null
SAV,2023-12-17 10:53,60,58,93.1,30,14,0.27,29.76,1007.5,7,null,SCT,BKN,OVC,null,1000,1800,3600,null,#NAME?,null,null,null,null,null,null,60,KSAV 171053Z 03014KT 7SM -RA SCT010 BKN018 OVC036 16/14 A2976 RMK AO2 SLP075 P0027 T01560144,null
SAV,2023-12-17 11:14,60,58,93.1,20,15,0.08,29.73,null,7,null,SCT,BKN,OVC,null,600,1300,3600,null,#NAME?,null,null,null,null,null,null,60,KSAV 171114Z 02015KT 7SM -RA SCT006 BKN013 OVC036 16/14 A2973 RMK AO2 P0008 T01560144,null
SAV,2023-12-17 11:53,60,58,93.1,20,12,0.28,29.71,1005.9,4,null,BKN,BKN,OVC,null,800,1600,4500,null,RA BR,null,null,null,null,null,null,60,KSAV 171153Z 02012KT 4SM RA BR BKN008 BKN016 OVC045 16/14 A2971 RMK AO2 SLP059 P0028 60094 70138 T01560144 10161 20156 56052,null
SAV,2023-12-17 12:26,59,57,93.07,10,15,0.3,29.69,null,2,20,BKN,OVC,null,null,800,1300,null,null,RA BR,null,null,null,null,null,null,59,KSAV 171226Z 01015G20KT 2SM RA BR BKN008 OVC013 15/14 A2969 RMK AO2 TWR VIS 3 PRESFR P0030 T01500139,null
SAV,2023-12-17 12:53,59,57,93.07,10,18,0.59,29.67,1004.4,2,24,BKN,OVC,null,null,800,1300,null,null,#NAME?,null,null,null,null,null,null,59,KSAV 171253Z 01018G24KT 2SM +RA BR BKN008 OVC013 15/14 A2967 RMK AO2 TWR VIS 3 SLP044 P0059 T01500139,null
SAV,2023-12-17 13:53,58,56,93.04,350,17,0.59,29.6,1002.4,1.5,26,OVC,null,null,null,800,null,null,null,#NAME?,null,null,null,29,10,2023-12-17 13:10,58,KSAV 171353Z 35017G26KT 1 1/2SM R10/6000VP6000FT +RA BR OVC008 14/13 A2960 RMK AO2 PK WND 01029/1310 TWR VIS 2 SLP024 VIS 1V2 P0059 T01440133,null
SAV,2023-12-17 14:30,57,55,93.01,360,23,0.33,29.58,null,1.5,36,SCT,BKN,OVC,null,800,1300,1900,null,#NAME?,null,null,null,36,10,2023-12-17 14:30,57,KSAV 171430Z 36023G36KT 1 1/2SM R10/6000VP6000FT +RA BR SCT008 BKN013 OVC019 14/13 A2958 RMK AO2 PK WND 01036/1430 TWR VIS 2 VIS 1V2 P0033 T01390128,null
SAV,2023-12-17 14:53,58,56,93.04,350,16,0.46,29.57,1001.3,2,27,FEW,SCT,BKN,null,400,900,1300,null,RA BR,null,null,null,36,10,2023-12-17 14:30,58,KSAV 171453Z 35016G27KT 2SM RA BR FEW004 SCT009 BKN013 14/13 A2957 RMK AO2 PK WND 01036/1430 SLP013 P0046 60164 T01440133 56046,null
SAV,2023-12-17 14:54,58,56,93.04,350,17,T,29.57,null,1.5,27,FEW,SCT,BKN,null,400,900,1300,null,RA BR,null,null,null,null,null,null,58,KSAV 171454Z 35017G27KT 1 1/2SM RA BR FEW004 SCT009 BKN013 14/13 A2957 RMK AO2 SFC VIS 2 P0000 T01440133,null
SAV,2023-12-17 15:53,59,56,89.76,10,33,0.09,29.49,998.5,2.5,41,SCT,BKN,OVC,null,900,1300,3600,null,#NAME?,null,null,null,41,10,2023-12-17 15:52,59,KSAV 171553Z 01033G41KT 2 1/2SM R10/5000VP6000FT -RA BR SCT009 BKN013 OVC036 15/13 A2949 RMK AO2 PK WND 01041/1552 PRESFR SLP985 P0009 T01500133,null
SAV,2023-12-17 16:53,59,56,89.76,360,21,0.04,29.46,997.5,10,30,SCT,BKN,OVC,null,900,1300,3600,null,#NAME?,null,null,null,42,10,2023-12-17 15:54,59,KSAV 171653Z 36021G30KT 10SM -RA SCT009 BKN013 OVC036 15/13 A2946 RMK AO2 PK WND 01042/1554 SLP975 P0004 T01500133,null
SAV,2023-12-17 17:44,59,56,89.76,350,18,0.02,29.44,null,2,28,BKN,BKN,OVC,null,900,1300,3600,null,#NAME?,null,null,null,32,350,2023-12-17 17:08,59,KSAV 171744Z 35018G28KT 2SM -RA BR BKN009 BKN013 OVC036 15/13 A2944 RMK AO2 PK WND 35032/1708 P0002 T01500133,null
SAV,2023-12-17 17:53,59,56,89.76,350,18,0.04,29.44,996.7,2,28,BKN,BKN,OVC,null,900,1100,3600,null,#NAME?,null,null,null,32,350,2023-12-17 17:08,59,KSAV 171753Z 35018G28KT 2SM -RA BR BKN009 BKN011 OVC036 15/13 A2944 RMK AO2 PK WND 35032/1708 SLP967 P0004 60181 T01500133 10156 20139 56046,null
SAV,2023-12-17 18:53,58,56,93.04,340,20,0.03,29.41,995.8,2,28,BKN,BKN,OVC,null,900,1100,3600,null,#NAME?,null,null,null,31,350,2023-12-17 18:29,58,KSAV 171853Z 34020G28KT 2SM R10/6000VP6000FT -RA BR BKN009 BKN011 OVC036 14/13 A2941 RMK AO2 PK WND 35031/1829 SLP958 P0003 T01440133,null
SAV,2023-12-17 19:36,57,55,93.01,330,18,0.05,29.44,null,1.5,25,BKN,BKN,OVC,null,900,1100,1400,null,RA BR,null,null,null,30,330,2023-12-17 19:24,57,KSAV 171936Z 33018G25KT 1 1/2SM R10/5000VP6000FT RA BR BKN009 BKN011 OVC014 14/13 A2944 RMK AO2 PK WND 33030/1924 P0005 T01390128,null
SAV,2023-12-17 19:53,57,54,89.68,320,18,0.11,29.44,997,1.5,30,BKN,BKN,OVC,null,900,1100,1400,null,#NAME?,null,null,null,30,320,2023-12-17 19:44,57,KSAV 171953Z 32018G30KT 1 1/2SM R10/5000VP6000FT -RA BR BKN009 BKN011 OVC014 14/12 A2944 RMK AO2 PK WND 32030/1944 SLP970 P0011 T01390122,null
SAV,2023-12-17 20:19,57,54,89.68,320,13,0.03,29.46,null,2,22,BKN,BKN,OVC,null,900,2300,3400,null,#NAME?,null,null,null,26,330,2023-12-17 19:57,57,KSAV 172019Z 32013G22KT 2SM -RA BR BKN009 BKN023 OVC034 14/12 A2946 RMK AO2 PK WND 33026/1957 P0003 T01390122,null
SAV,2023-12-17 20:47,55.4,53.6,93.65,320,14,0.08,29.46,null,4,null,BKN,BKN,OVC,null,900,2300,3400,null,#NAME?,null,null,null,26,330,2023-12-17 19:57,55.4,KSAV 172047Z 32014KT 4SM -RA BR BKN009 BKN023 OVC034 13/12 A2946 RMK AO2 PK WND 33026/1957 P0008,null
SAV,2023-12-17 20:53,56,54,92.98,330,17,0.08,29.45,997.3,4,24,BKN,BKN,OVC,null,900,2300,3400,null,#NAME?,null,null,null,26,330,2023-12-17 19:57,56,KSAV 172053Z 33017G24KT 4SM -RA BR BKN009 BKN023 OVC034 13/12 A2945 RMK AO2 PK WND 33026/1957 SLP973 P0008 60022 T01330122 50014,null
SAV,2023-12-17 21:00,56,54,92.98,320,16,0.01,29.45,null,6,24,SCT,BKN,OVC,null,800,1200,1700,null,#NAME?,null,null,null,null,null,null,56,KSAV 172100Z 32016G24KT 6SM -RA BR SCT008 BKN012 OVC017 13/12 A2945 RMK AO2 P0001 T01330122,null
SAV,2023-12-17 21:44,56,54,92.98,310,16,0.04,29.46,null,9,24,BKN,OVC,null,null,800,1200,null,null,#NAME?,null,null,null,null,null,null,56,KSAV 172144Z 31016G24KT 9SM -RA BKN008 OVC012 13/12 A2946 RMK AO2 P0004 T01330122,null
SAV,2023-12-17 21:53,56,53,89.64,310,17,0.04,29.47,997.8,10,25,BKN,OVC,null,null,800,1200,null,null,#NAME?,null,null,null,null,null,null,56,KSAV 172153Z 31017G25KT 10SM -RA BKN008 OVC012 13/12 A2947 RMK AO2 SLP978 P0004 T01330117,null
SAV,2023-12-17 22:53,54,51,89.55,300,17,T,29.51,999.3,10,null,BKN,OVC,null,null,800,1200,null,null,#NAME?,null,null,null,29,300,2023-12-17 22:32,54,KSAV 172253Z 30017KT 10SM -RA BKN008 OVC012 12/11 A2951 RMK AO2 PK WND 30029/2232 SLP993 P0000 T01220106,null
SAV,2023-12-17 23:53,53,50,89.51,300,18,T,29.54,1000.1,10,23,SCT,OVC,null,null,800,1200,null,null,null,null,null,null,26,310,2023-12-17 23:13,53,KSAV 172353Z 30018G23KT 10SM SCT008 OVC012 12/10 A2954 RMK AO2 PK WND 31026/2313 RAE46 SLP001 P0000 60026 T01170100 10150 20117 53028,null
SAV,2023-12-18 0:53,54,51,89.55,290,17,T,29.55,1000.7,10,23,FEW,OVC,null,null,800,1200,null,null,#NAME?,null,null,null,27,300,2023-12-17 23:56,54,KSAV 180053Z 29017G23KT 10SM -RA FEW008 OVC012 12/11 A2955 RMK AO2 PK WND 30027/2356 RAB49 SLP007 P0000 T01220106,null
SAV,2023-12-18 1:53,55,51,86.34,290,16,T,29.56,1001,10,23,OVC,null,null,null,1200,null,null,null,null,null,null,null,null,null,null,55,KSAV 180153Z 29016G23KT 10SM OVC012 13/11 A2956 RMK AO2 RAE02 SLP010 P0000 T01280106,null
SAV,2023-12-18 2:44,56,51,83.26,290,13,0,29.59,null,10,23,OVC,null,null,null,1600,null,null,null,null,null,null,null,null,null,null,56,KSAV 180244Z 29013G23KT 10SM OVC016 13/11 A2959 RMK AO2 T01330106,null
SAV,2023-12-18 2:53,56,52,86.4,290,12,0,29.59,1002,10,24,OVC,null,null,null,1600,null,null,null,null,null,null,null,null,null,null,56,KSAV 180253Z 29012G24KT 10SM OVC016 13/11 A2959 RMK AO2 SLP020 60000 T01330111 53019,null
SAV,2023-12-18 3:48,55.4,51.8,87.65,280,13,0,29.61,null,10,null,SCT,SCT,BKN,null,1800,2300,3800,null,null,null,null,null,null,null,null,55.4,KSAV 180348Z 28013KT 10SM SCT018 SCT023 BKN038 13/11 A2961 RMK AO2,null
SAV,2023-12-18 3:53,56,51,83.26,280,12,0,29.61,1002.5,10,null,FEW,SCT,BKN,null,1800,2300,3800,null,null,null,null,null,null,null,null,56,KSAV 180353Z 28012KT 10SM FEW018 SCT023 BKN038 13/11 A2961 RMK AO2 SLP025 T01330106,null
SAV,2023-12-18 4:15,56,51,83.26,280,12,0,29.61,null,10,null,BKN,OVC,null,null,1600,4800,null,null,null,null,null,null,null,null,null,56,KSAV 180415Z 28012KT 10SM BKN016 OVC048 13/11 A2961 RMK AO2 LAST T01330106,null
SAV,2023-12-18 4:32,56,51,83.26,270,13,0,29.62,null,10,21,OVC,null,null,null,1400,null,null,null,null,null,null,null,null,null,null,56,KSAV 180432Z COR 27013G21KT 10SM OVC014 13/11 A2962 RMK AO2 T01330106,null
SAV,2023-12-18 4:53,56,51,83.26,270,14,0,29.62,1002.9,10,null,OVC,null,null,null,1400,null,null,null,null,null,null,null,null,null,null,56,KSAV 180453Z 27014KT 10SM OVC014 13/11 A2962 RMK AO2 SLP029 LAST T01330106 401610117,null
SAV,2023-12-18 5:20,56,51,83.26,280,18,0,29.62,null,10,25,OVC,null,null,null,1500,null,null,null,null,null,null,null,27,270,2023-12-18 5:07,56,KSAV 180520Z AUTO 28018G25KT 10SM OVC015 13/11 A2962 RMK AO2 PK WND 27027/0507 T01330106,null
SAV,2023-12-18 5:53,56,50,80.23,270,17,0,29.63,1003.3,10,null,OVC,null,null,null,1900,null,null,null,null,null,null,null,27,280,2023-12-18 5:31,56,KSAV 180553Z AUTO 27017KT 10SM OVC019 13/10 A2963 RMK AO2 PK WND 28027/0531 SLP033 60000 T01330100 10133 20117 53008,null
SAV,2023-12-18 6:18,55,49,80.15,270,18,0,29.64,null,10,25,SCT,null,null,null,1900,null,null,null,null,null,null,null,27,270,2023-12-18 5:59,55,KSAV 180618Z AUTO 27018G25KT 10SM SCT019 13/09 A2964 RMK AO2 PK WND 27027/0559 T01280094,null
SAV,2023-12-18 6:53,54,49,83.13,280,15,0,29.65,1003.9,10,21,FEW,null,null,null,2000,null,null,null,null,null,null,null,27,270,2023-12-18 5:59,54,KSAV 180653Z AUTO 28015G21KT 10SM FEW020 12/09 A2965 RMK AO2 PK WND 27027/0559 SLP039 T01220094,null
SAV,2023-12-18 7:53,53,48,83.06,270,14,0,29.67,1004.5,10,null,CLR,null,null,null,null,null,null,null,null,null,null,null,null,null,null,53,KSAV 180753Z AUTO 27014KT 10SM CLR 12/09 A2967 RMK AO2 SLP045 T01170089,null
SAV,2023-12-18 8:53,52,47,82.99,270,12,0,29.68,1005,10,null,CLR,null,null,null,null,null,null,null,null,null,null,null,null,null,null,52,KSAV 180853Z AUTO 27012KT 10SM CLR 11/08 A2968 RMK AO2 SLP050 T01110083 51018,null
SAV,2023-12-18 9:53,51,46,82.93,270,9,0,29.71,1006,10,null,FEW,null,null,null,2200,null,null,null,null,null,null,null,null,null,null,51,KSAV 180953Z AUTO 27009KT 10SM FEW022 11/08 A2971 RMK AO2 SLP060 T01060078,null
SAV,2023-12-18 10:53,50,45,82.86,260,10,0,29.74,1006.8,10,null,BKN,null,null,null,2100,null,null,null,null,null,null,null,null,null,null,50,KSAV 181053Z 26010KT 10SM BKN021 10/07 A2974 RMK AO2 SLP068 T01000072,null
SAV,2023-12-18 11:44,50,44,79.76,270,12,0,29.75,null,10,null,SCT,null,null,null,2100,null,null,null,null,null,null,null,null,null,null,50,KSAV 181144Z 27012KT 10SM SCT021 10/07 A2975 RMK AO2 T01000067,null
SAV,2023-12-18 11:53,49,44,82.79,270,13,0,29.75,1007.5,10,null,SCT,null,null,null,1900,null,null,null,null,null,null,null,null,null,null,43.35,KSAV 181153Z 27013KT 10SM SCT019 09/07 A2975 RMK AO2 SLP075 70207 T00940067 10133 20094 51024,null
SAV,2023-12-18 12:53,48,42,79.6,280,13,0,29.78,1008.2,10,null,FEW,null,null,null,1900,null,null,null,null,null,null,null,null,null,null,42.07,KSAV 181253Z 28013KT 10SM FEW019 09/06 A2978 RMK AO2 SLP082 T00890056,null
SAV,2023-12-18 13:53,50,41,71.07,280,11,0,29.79,1008.8,10,19,FEW,null,null,null,1900,null,null,null,null,null,null,null,null,null,null,50,KSAV 181353Z 28011G19KT 10SM FEW019 10/05 A2979 RMK AO2 SLP088 T01000050,null
SAV,2023-12-18 14:53,52,41,66,290,13,0,29.81,1009.4,10,null,FEW,null,null,null,2000,null,null,null,null,null,null,null,null,null,null,52,KSAV 181453Z 29013KT 10SM FEW020 11/05 A2981 RMK AO2 SLP094 T01110050 51020,null
SAV,2023-12-18 15:53,54,41,61.32,280,16,0,29.81,1009.4,10,null,CLR,null,null,null,null,null,null,null,null,null,null,null,null,null,null,54,KSAV 181553Z 28016KT 10SM CLR 12/05 A2981 RMK AO2 SLP094 T01220050,null
SAV,2023-12-18 16:53,57,41,54.99,290,15,0,29.8,1009.1,10,20,CLR,null,null,null,null,null,null,null,null,null,null,null,null,null,null,57,KSAV 181653Z 29015G20KT 10SM CLR 14/05 A2980 RMK AO2 SLP091 T01390050,null
SAV,2023-12-18 17:53,59,41,51.18,270,15,0,29.78,1008.4,10,22,CLR,null,null,null,null,null,null,null,null,null,null,null,null,null,null,59,KSAV 181753Z 27015G22KT 10SM CLR 15/05 A2978 RMK AO2 SLP084 T01500050 10150 20089 58010,null
SAV,2023-12-18 18:53,60,40,47.51,280,13,0,29.78,1008.3,10,20,CLR,null,null,null,null,null,null,null,null,null,null,null,null,null,null,60,KSAV 181853Z 28013G20KT 10SM CLR 16/04 A2978 RMK AO2 SLP083 T01560044,null
SAV,2023-12-18 19:53,61,40,45.85,260,13,0,29.77,1008.1,10,null,CLR,null,null,null,null,null,null,null,null,null,null,null,null,null,null,61,KSAV 181953Z 26013KT 10SM CLR 16/04 A2977 RMK AO2 SLP081 T01610044,null
SAV,2023-12-18 20:53,61,39,44.1,280,11,0,29.79,1008.8,10,21,CLR,null,null,null,null,null,null,null,null,null,null,null,null,null,null,61,KSAV 182053Z 28011G21KT 10SM CLR 16/04 A2979 RMK AO2 SLP088 T01610039 53004,null
SAV,2023-12-18 21:53,60,39,45.69,280,9,0,29.81,1009.4,10,null,CLR,null,null,null,null,null,null,null,null,null,null,null,null,null,null,60,KSAV 182153Z 28009KT 10SM CLR 16/04 A2981 RMK AO2 SLP094 T01560039,null
SAV,2023-12-18 22:53,55,38,52.6,270,9,0,29.83,1010.2,10,null,CLR,null,null,null,null,null,null,null,null,null,null,null,null,null,null,55,KSAV 182253Z 27009KT 10SM CLR 13/03 A2983 RMK AO2 SLP102 T01280033,null
SAV,2023-12-18 23:53,51,39,63.36,270,8,0,29.86,1011.1,10,null,CLR,null,null,null,null,null,null,null,null,null,null,null,null,null,null,51,KSAV 182353Z 27008KT 10SM CLR 11/04 A2986 RMK AO2 SLP111 T01060039 10167 20106 53023,null
SAV,2023-12-19 0:53,51,39,63.36,270,7,0,29.89,1012.1,10,null,CLR,null,null,null,null,null,null,null,null,null,null,null,null,null,null,51,KSAV 190053Z 27007KT 10SM CLR 11/04 A2989 RMK AO2 SLP121 T01060039,null
SAV,2023-12-19 1:53,48,38,68.13,260,7,0,29.92,1012.9,10,null,CLR,null,null,null,null,null,null,null,null,null,null,null,null,null,null,44.28,KSAV 190153Z 26007KT 10SM CLR 09/03 A2992 RMK AO2 SLP129 T00890033,null
SAV,2023-12-19 2:53,51,37,58.58,280,13,0,29.95,1014,10,null,CLR,null,null,null,null,null,null,null,null,null,null,null,null,null,null,51,KSAV 190253Z 28013KT 10SM CLR 11/03 A2995 RMK AO2 SLP140 T01060028 53029,null
SAV,2023-12-19 3:53,47,36,65.38,270,7,0,29.98,1014.9,10,null,CLR,null,null,null,null,null,null,null,null,null,null,null,null,null,null,43.06,KSAV 190353Z 27007KT 10SM CLR 08/02 A2998 RMK AO2 SLP149 T00830022,null
SAV,2023-12-19 4:53,48,35,60.52,290,9,0,29.99,1015.3,10,null,CLR,null,null,null,null,null,null,null,null,null,null,null,null,null,null,43.41,KSAV 190453Z 29009KT 10SM CLR 09/02 A2999 RMK AO2 SLP153 LAST T00890017 401670078,null
SAV,2023-12-19 5:53,47,33,58.01,310,10,0,30.01,1016,10,null,CLR,null,null,null,null,null,null,null,null,null,null,null,null,null,null,41.78,KSAV 190553Z AUTO 31010KT 10SM CLR 08/01 A3001 RMK AO2 SLP160 T00830006 10111 20078 51020,null
SAV,2023-12-19 6:53,47,27,45.45,330,9,0,30.04,1017,10,null,CLR,null,null,null,null,null,null,null,null,null,null,null,null,null,null,42.17,KSAV 190653Z AUTO 33009KT 10SM CLR 08/M03 A3004 RMK AO2 SLP170 T00831028,null
SAV,2023-12-19 7:53,45,23,41.5,320,12,0,30.07,1018.2,10,19,CLR,null,null,null,null,null,null,null,null,null,null,null,null,null,null,38.55,KSAV 190753Z AUTO 32012G19KT 10SM CLR 07/M05 A3007 RMK AO2 SLP182 T00721050,null
SAV,2023-12-19 8:53,43,21,41.17,330,7,0,30.1,1019,10,null,CLR,null,null,null,null,null,null,null,null,null,null,null,null,null,null,38.19,KSAV 190853Z AUTO 33007KT 10SM CLR 06/M06 A3010 RMK AO2 SLP190 T00611061 51030,null
SAV,2023-12-19 9:53,41,21,44.47,330,10,0,30.13,1020.2,10,null,CLR,null,null,null,null,null,null,null,null,null,null,null,null,null,null,34.25,KSAV 190953Z AUTO 33010KT 10SM CLR 05/M06 A3013 RMK AO2 SLP202 T00501061,null
SAV,2023-12-19 10:53,40,18,40.67,330,9,0,30.18,1021.9,10,null,CLR,null,null,null,null,null,null,null,null,null,null,null,null,null,null,33.46,KSAV 191053Z 33009KT 10SM CLR 04/M08 A3018 RMK AO2 SLP219 T00441078,null
SAV,2023-12-19 11:53,38,19,45.9,340,9,0,30.22,1023.2,10,null,CLR,null,null,null,null,null,null,null,null,null,null,null,null,null,null,30.97,KSAV 191153Z 34009KT 10SM CLR 03/M07 A3022 RMK AO2 SLP232 T00331072 10089 20033 53041,null
SAV,2023-12-19 12:53,37,21,51.99,350,7,0,30.25,1024.3,10,null,CLR,null,null,null,null,null,null,null,null,null,null,null,null,null,null,30.87,KSAV 191253Z 35007KT 10SM CLR 03/M06 A3025 RMK AO2 SLP243 T00281061,null
SAV,2023-12-19 13:53,39,20,46.06,10,12,0,30.27,1024.9,10,18,CLR,null,null,null,null,null,null,null,null,null,null,null,null,null,null,30.91,KSAV 191353Z 01012G18KT 10SM CLR 04/M07 A3027 RMK AO2 SLP249 T00391067,null
SAV,2023-12-19 14:53,42,18,37.64,30,13,0,30.3,1025.9,10,null,CLR,null,null,null,null,null,null,null,null,null,null,null,null,null,null,34.38,KSAV 191453Z 03013KT 10SM CLR 06/M08 A3030 RMK AO2 SLP259 T00561078 53028,null
SAV,2023-12-19 15:53,45,18,33.55,50,8,0,30.3,1026.1,10,null,CLR,null,null,null,null,null,null,null,null,null,null,null,null,null,null,40.13,KSAV 191553Z 05008KT 10SM CLR 07/M08 A3030 RMK AO2 SLP261 T00721078,null
SAV,2023-12-19 16:53,46,18,32.3,350,8,0,30.3,1026,10,null,CLR,null,null,null,null,null,null,null,null,null,null,null,null,null,null,41.36,KSAV 191653Z 35008KT 320V020 10SM CLR 08/M08 A3030 RMK AO2 SLP260 T00781078,null
SAV,2023-12-19 17:53,49,18,28.86,350,9,0,30.28,1025.4,10,null,FEW,null,null,null,25000,null,null,null,null,null,null,null,null,null,null,44.65,KSAV 191753Z 35009KT 10SM FEW250 09/M08 A3028 RMK AO2 SLP254 T00941078 10094 20022 58005,null
SAV,2023-12-19 18:53,49,18,28.86,340,11,0,30.27,1025,10,null,FEW,null,null,null,25000,null,null,null,null,null,null,null,null,null,null,43.95,KSAV 191853Z 34011KT 10SM FEW250 09/M08 A3027 RMK AO2 SLP250 T00941078,null
SAV,2023-12-19 19:53,50,16,25.5,350,8,0,30.29,1025.4,10,null,FEW,null,null,null,25000,null,null,null,null,null,null,null,null,null,null,50,KSAV 191953Z 35008KT 10SM FEW250 10/M09 A3029 RMK AO2 SLP254 T01001089,null
SAV,2023-12-19 20:53,49,17,27.64,10,10,0,30.29,1025.7,10,null,FEW,null,null,null,25000,null,null,null,null,null,null,null,null,null,null,44.29,KSAV 192053Z 01010KT 10SM FEW250 09/M08 A3029 RMK AO2 SLP257 T00941083 53002,null
SAV,2023-12-19 21:53,47,17,29.79,350,8,0,30.31,1026.4,10,null,FEW,null,null,null,25000,null,null,null,null,null,null,null,null,null,null,42.59,KSAV 192153Z 35008KT 10SM FEW250 08/M08 A3031 RMK AO2 SLP264 T00831083,null
SAV,2023-12-19 22:53,42,20,41,10,3,0,30.33,1027.2,10,null,FEW,null,null,null,25000,null,null,null,null,null,null,null,null,null,null,40.12,KSAV 192253Z 01003KT 10SM FEW250 06/M07 A3033 RMK AO2 SLP272 T00561067,null
SAV,2023-12-19 23:53,36,25,63.98,20,4,0,30.36,1028.1,10,null,CLR,null,null,null,null,null,null,null,null,null,null,null,null,null,null,32.09,KSAV 192353Z 02004KT 10SM CLR 02/M04 A3036 RMK AO2 SLP281 T00221039 10100 20022 53023,null
SAV,2023-12-20 0:53,36,25,63.98,0,0,0,30.37,1028.4,10,null,CLR,null,null,null,null,null,null,null,null,null,null,null,null,null,null,36,KSAV 200053Z 00000KT 10SM CLR 02/M04 A3037 RMK AO2 SLP284 T00221039,null
SAV,2023-12-20 1:53,35,25,66.57,0,0,0,30.38,1028.9,10,null,CLR,null,null,null,null,null,null,null,null,null,null,null,null,null,null,35,KSAV 200153Z 00000KT 10SM CLR 02/M04 A3038 RMK AO2 SLP289 T00171039,null
SAV,2023-12-20 2:53,33,25,72.11,0,0,0,30.4,1029.3,10,null,CLR,null,null,null,null,null,null,null,null,null,null,null,null,null,null,33,KSAV 200253Z 00000KT 10SM CLR 01/M04 A3040 RMK AO2 SLP293 T00061039 53012,null
SAV,2023-12-20 3:53,33,26,75.17,0,0,0,30.41,1029.9,10,null,CLR,null,null,null,null,null,null,null,null,null,null,null,null,null,null,33,KSAV 200353Z 00000KT 10SM CLR 01/M03 A3041 RMK AO2 SLP299 T00061033,null
SAV,2023-12-20 4:53,31,26,81.48,0,0,0,30.42,1030.1,10,null,CLR,null,null,null,null,null,null,null,null,null,null,null,null,null,null,31,KSAV 200453Z 00000KT 10SM CLR M01/M03 A3042 RMK AO2 SLP301 LAST T10061033 401001006,null
SAV,2023-12-20 5:53,30,27,88.44,350,3,0,30.41,1029.8,10,null,CLR,null,null,null,null,null,null,null,null,null,null,null,null,null,null,26.4,KSAV 200553Z AUTO 35003KT 10SM CLR M01/M03 A3041 RMK AO2 SLP298 T10111028 10033 21011 50005,null
SAV,2023-12-20 6:53,30,26,84.85,360,3,0,30.42,1030.3,10,null,CLR,null,null,null,null,null,null,null,null,null,null,null,null,null,null,26.4,KSAV 200653Z AUTO 36003KT 10SM CLR M01/M03 A3042 RMK AO2 SLP303 T10111033,null
SAV,2023-12-20 7:53,30,26,84.85,20,4,0,30.43,1030.3,10,null,CLR,null,null,null,null,null,null,null,null,null,null,null,null,null,null,25.08,KSAV 200753Z AUTO 02004KT 10SM CLR M01/M03 A3043 RMK AO2 SLP303 T10111033,null
SAV,2023-12-20 8:53,29,24,81.32,0,0,0,30.43,1030.4,10,null,CLR,null,null,null,null,null,null,null,null,null,null,null,null,null,null,29,KSAV 200853Z AUTO 00000KT 10SM CLR M02/M04 A3043 RMK AO2 SLP304 T10171044 51006,null
SAV,2023-12-20 9:53,29,25,84.79,340,3,0,30.43,1030.3,10,null,CLR,null,null,null,null,null,null,null,null,null,null,null,null,null,null,25.26,KSAV 200953Z AUTO 34003KT 10SM CLR M02/M04 A3043 RMK AO2 SLP303 T10171039,null
SAV,2023-12-20 10:53,31,25,78.16,0,0,0,30.45,1031.2,10,null,SCT,null,null,null,25000,null,null,null,null,null,null,null,null,null,null,31,KSAV 201053Z 00000KT 10SM SCT250 M01/M04 A3045 RMK AO2 SLP312 T10061039,null
SAV,2023-12-20 11:53,28,24,84.72,20,3,0,30.46,1031.5,10,null,FEW,null,null,null,25000,null,null,null,null,null,null,null,null,null,null,24.12,KSAV 201153Z 02003KT 10SM FEW250 M02/M04 A3046 RMK AO2 SLP315 T10221044 10000 21022 53011,null
SAV,2023-12-20 12:53,30,26,84.85,20,6,0,30.48,1032.1,10,null,BKN,null,null,null,25000,null,null,null,null,null,null,null,null,null,null,23.12,KSAV 201253Z 02006KT 10SM BKN250 M01/M03 A3048 RMK AO2 SLP321 T10111033,null
SAV,2023-12-20 13:53,39,28,64.37,30,7,0,30.49,1032.6,10,null,BKN,null,null,null,25000,null,null,null,null,null,null,null,null,null,null,33.31,KSAV 201353Z 03007KT 10SM BKN250 04/M02 A3049 RMK AO2 SLP326 T00391022,null
SAV,2023-12-20 14:53,44,26,48.86,20,5,0,30.52,1033.3,10,null,BKN,null,null,null,25000,null,null,null,null,null,null,null,null,null,null,40.65,KSAV 201453Z 02005KT 10SM BKN250 07/M03 A3052 RMK AO2 SLP333 T00671033 53018,null
SAV,2023-12-20 15:53,48,23,37.06,20,7,0,30.52,1033.4,10,null,BKN,null,null,null,25000,null,null,null,null,null,null,null,null,null,null,44.28,KSAV 201553Z 02007KT 10SM BKN250 09/M05 A3052 RMK AO2 SLP334 T00891050,null
SAV,2023-12-20 16:53,51,21,30.45,60,6,0,30.49,1032.5,10,null,BKN,null,null,null,25000,null,null,null,null,null,null,null,null,null,null,51,KSAV 201653Z 06006KT 10SM BKN250 11/M06 A3049 RMK AO2 SLP325 T01061061,null
SAV,2023-12-20 17:53,54,21,27.27,50,9,0,30.45,1031.3,10,null,OVC,null,null,null,25000,null,null,null,null,null,null,null,null,null,null,54,KSAV 201753Z 05009KT 10SM OVC250 12/M06 A3045 RMK AO2 SLP313 T01221061 10122 21028 58020,null
SAV,2023-12-20 18:53,53,21,28.29,10,8,0,30.44,1030.8,10,null,FEW,OVC,null,null,23000,25000,null,null,null,null,null,null,null,null,null,53,KSAV 201853Z 01008KT 10SM FEW230 OVC250 12/M06 A3044 RMK AO2 SLP308 T01171061,null
SAV,2023-12-20 19:53,55,19,24.14,20,5,0,30.43,1030.5,10,null,BKN,BKN,null,null,23000,25000,null,null,null,null,null,null,null,null,null,55,KSAV 201953Z 02005KT 10SM BKN230 BKN250 13/M07 A3043 RMK AO2 SLP305 T01281072,null
SAV,2023-12-20 20:53,53,21,28.29,340,5,0,30.43,1030.4,10,null,SCT,BKN,null,null,23000,25000,null,null,null,null,null,null,null,null,null,53,KSAV 202053Z 34005KT 10SM SCT230 BKN250 12/M06 A3043 RMK AO2 SLP304 T01171061 56009,null
SAV,2023-12-20 21:53,51,26,37.55,360,4,0,30.43,1030.6,10,null,BKN,BKN,null,null,22000,25000,null,null,null,null,null,null,null,null,null,51,KSAV 202153Z 36004KT 10SM BKN220 BKN250 11/M03 A3043 RMK AO2 SLP306 T01061033,null
SAV,2023-12-20 22:53,46,26,45.29,360,4,0,30.44,1030.9,10,null,SCT,null,null,null,22000,null,null,null,null,null,null,null,null,null,null,43.77,KSAV 202253Z 36004KT 10SM SCT220 08/M03 A3044 RMK AO2 SLP309 T00781033,null
SAV,2023-12-20 23:53,44,27,50.93,360,3,0,30.45,1031.3,10,null,FEW,SCT,null,null,22000,25000,null,null,null,null,null,null,null,null,null,42.41,KSAV 202353Z 36003KT 10SM FEW220 SCT250 07/M03 A3045 RMK AO2 SLP313 T00671028 10128 20061 53009,null
SAV,2023-12-21 0:53,42,27,54.99,30,4,0,30.46,1031.4,10,null,FEW,FEW,null,null,23000,25000,null,null,null,null,null,null,null,null,null,39.1,KSAV 210053Z 03004KT 10SM FEW230 FEW250 06/M03 A3046 RMK AO2 SLP314 T00561028,null
SAV,2023-12-21 1:53,39,26,59.27,30,4,0,30.46,1031.4,10,null,FEW,null,null,null,25000,null,null,null,null,null,null,null,null,null,null,35.59,KSAV 210153Z 03004KT 10SM FEW250 04/M03 A3046 RMK AO2 SLP314 T00391033,null
SAV,2023-12-21 2:53,36,27,69.51,30,4,0,30.46,1031.6,10,null,FEW,null,null,null,25000,null,null,null,null,null,null,null,null,null,null,32.09,KSAV 210253Z 03004KT 10SM FEW250 02/M03 A3046 RMK AO2 SLP316 T00221028 51003,null
SAV,2023-12-21 3:53,37,27,66.82,0,0,0,30.46,1031.5,10,null,CLR,null,null,null,null,null,null,null,null,null,null,null,null,null,null,37,KSAV 210353Z 00000KT 10SM CLR 03/M03 A3046 RMK AO2 SLP315 T00281028,null
SAV,2023-12-21 4:53,35,27,72.32,0,0,0,30.45,1031,10,null,FEW,null,null,null,25000,null,null,null,null,null,null,null,null,null,null,35,KSAV 210453Z 00000KT 10SM FEW250 02/M03 A3045 RMK AO2 SLP310 LAST T00171028 401281028,null
SAV,2023-12-21 5:53,33,29,85.04,10,3,0,30.44,1030.9,10,null,CLR,null,null,null,null,null,null,null,null,null,null,null,null,null,null,29.83,KSAV 210553Z AUTO 01003KT 10SM CLR 01/M02 A3044 RMK AO2 SLP309 T00061017 10067 20006 58007,null
SAV,2023-12-21 6:53,32,28,84.98,290,3,0,30.45,1031.2,10,null,CLR,null,null,null,null,null,null,null,null,null,null,null,null,null,null,28.69,KSAV 210653Z AUTO 29003KT 10SM CLR 00/M02 A3045 RMK AO2 SLP312 T00001022,null
SAV,2023-12-21 7:53,32,27,81.55,0,0,0,30.46,1031.4,10,null,CLR,null,null,null,null,null,null,null,null,null,null,null,null,null,null,32,KSAV 210753Z AUTO 00000KT 10SM CLR 00/M03 A3046 RMK AO2 SLP314 T00001028,null
SAV,2023-12-21 8:53,31,28,88.48,10,5,0,30.44,1030.8,10,null,CLR,null,null,null,null,null,null,null,null,null,null,null,null,null,null,25.21,KSAV 210853Z AUTO 01005KT 10SM CLR M01/M02 A3044 RMK AO2 SLP308 T10061022 58001,null
SAV,2023-12-21 9:53,31,27,84.92,0,0,0,30.43,1030.4,10,null,CLR,null,null,null,null,null,null,null,null,null,null,null,null,null,null,31,KSAV 210953Z AUTO 00000KT 10SM CLR M01/M03 A3043 RMK AO2 SLP304 T10061028,null
SAV,2023-12-21 10:53,31,27,84.92,360,3,0,30.44,1030.7,10,null,FEW,null,null,null,25000,null,null,null,null,null,null,null,null,null,null,27.55,KSAV 211053Z 36003KT 10SM FEW250 M01/M03 A3044 RMK AO2 SLP307 T10061028,null
SAV,2023-12-21 11:53,33,27,78.34,0,0,0,30.46,1031.3,10,null,FEW,null,null,null,25000,null,null,null,null,null,null,null,null,null,null,33,KSAV 211153Z 00000KT 10SM FEW250 01/M03 A3046 RMK AO2 SLP313 T00061028 10006 21011 53005,null
SAV,2023-12-21 12:53,31,26,81.48,360,3,0,30.47,1031.7,10,null,FEW,null,null,null,25000,null,null,null,null,null,null,null,null,null,null,27.55,KSAV 211253Z 36003KT 10SM FEW250 M01/M03 A3047 RMK AO2 SLP317 T10061033,null
SAV,2023-12-21 13:53,38,30,72.64,10,5,0,30.48,1032.1,10,null,FEW,null,null,null,25000,null,null,null,null,null,null,null,null,null,null,33.52,KSAV 211353Z 01005KT 10SM FEW250 03/M01 A3048 RMK AO2 SLP321 T00331011,null
SAV,2023-12-21 14:53,47,30,51.39,60,5,0,30.49,1032.4,10,null,FEW,null,null,null,25000,null,null,null,null,null,null,null,null,null,null,44.21,KSAV 211453Z 06005KT 10SM FEW250 08/M01 A3049 RMK AO2 SLP324 T00831011 51011,null
SAV,2023-12-21 15:53,50,29,44.1,50,5,0,30.47,1032,10,null,SCT,null,null,null,25000,null,null,null,null,null,null,null,null,null,null,50,KSAV 211553Z 05005KT 10SM SCT250 10/M02 A3047 RMK AO2 SLP320 T01001017,null
SAV,2023-12-21 16:53,53,30,41.11,0,0,0,30.45,1031.2,10,null,BKN,null,null,null,25000,null,null,null,null,null,null,null,null,null,null,53,KSAV 211653Z 00000KT 10SM BKN250 12/M01 A3045 RMK AO2 SLP312 T01171011,null
SAV,2023-12-21 17:53,58,35,41.92,0,0,0,30.41,1029.9,10,null,BKN,null,null,null,25000,null,null,null,null,null,null,null,null,null,null,58,KSAV 211753Z 00000KT 10SM BKN250 14/02 A3041 RMK AO2 SLP299 T01440017 10144 21006 58025,null
SAV,2023-12-21 18:53,60,37,42.24,null,3,0,30.39,1029,10,null,BKN,null,null,null,25000,null,null,null,null,null,null,null,null,null,null,60,KSAV 211853Z VRB03KT 10SM BKN250 16/03 A3039 RMK AO2 SLP290 T01560028,null
SAV,2023-12-21 19:53,62,38,40.93,0,0,0,30.38,1028.8,10,null,BKN,null,null,null,25000,null,null,null,null,null,null,null,null,null,null,62,KSAV 211953Z 00000KT 10SM BKN250 17/03 A3038 RMK AO2 SLP288 T01670033,null
SAV,2023-12-21 20:53,61,34,36.19,30,5,0,30.38,1028.7,10,null,BKN,null,null,null,25000,null,null,null,null,null,null,null,null,null,null,61,KSAV 212053Z 03005KT 10SM BKN250 16/01 A3038 RMK AO2 SLP287 T01610011 56012,null
SAV,2023-12-21 21:53,59,30,33.08,30,4,0,30.39,1029,10,null,SCT,null,null,null,25000,null,null,null,null,null,null,null,null,null,null,59,KSAV 212153Z 03004KT 10SM SCT250 15/M01 A3039 RMK AO2 SLP290 T01501011,null
SAV,2023-12-21 22:53,54,27,35.05,70,5,0,30.39,1028.9,10,null,FEW,null,null,null,25000,null,null,null,null,null,null,null,null,null,null,54,KSAV 212253Z 07005KT 10SM FEW250 12/M03 A3039 RMK AO2 SLP289 T01221028,null
SAV,2023-12-21 23:53,50,27,40.62,80,5,0,30.4,1029.3,10,null,FEW,null,null,null,25000,null,null,null,null,null,null,null,null,null,null,50,KSAV 212353Z 08005KT 10SM FEW250 10/M03 A3040 RMK AO2 SLP293 T01001028 10172 20083 53006,null
SAV,2023-12-22 0:53,44,31,59.97,80,3,0,30.4,1029.3,10,null,FEW,null,null,null,25000,null,null,null,null,null,null,null,null,null,null,42.41,KSAV 220053Z 08003KT 10SM FEW250 07/M01 A3040 RMK AO2 SLP293 T00671006,null
SAV,2023-12-22 1:53,43,34,70.3,0,0,0,30.4,1029.5,10,null,CLR,null,null,null,null,null,null,null,null,null,null,null,null,null,null,43,KSAV 220153Z 00000KT 10SM CLR 06/01 A3040 RMK AO2 SLP295 T00610011,null
SAV,2023-12-22 2:53,41,33,72.96,10,3,0,30.4,1029.3,10,null,CLR,null,null,null,null,null,null,null,null,null,null,null,null,null,null,38.98,KSAV 220253Z 01003KT 10SM CLR 05/01 A3040 RMK AO2 SLP293 T00500006 50000,null
SAV,2023-12-22 3:53,40,34,78.94,0,0,0,30.39,1029.2,10,null,CLR,null,null,null,null,null,null,null,null,null,null,null,null,null,null,40,KSAV 220353Z 00000KT 10SM CLR 04/01 A3039 RMK AO2 SLP292 T00440011,null
SAV,2023-12-22 4:53,38,33,82,0,0,0,30.39,1029.1,10,null,CLR,null,null,null,null,null,null,null,null,null,null,null,null,null,null,38,KSAV 220453Z 00000KT 10SM CLR 03/01 A3039 RMK AO2 SLP291 LAST T00330006 401721011,null
SAV,2023-12-22 5:53,38,34,85.35,10,3,0,30.37,1028.2,10,null,CLR,null,null,null,null,null,null,null,null,null,null,null,null,null,null,35.55,KSAV 220553Z AUTO 01003KT 10SM CLR 03/01 A3037 RMK AO2 SLP282 T00330011 10100 20033 58010,null
SAV,2023-12-22 6:53,38,33,82,0,0,0,30.36,1028,10,null,CLR,null,null,null,null,null,null,null,null,null,null,null,null,null,null,38,KSAV 220653Z AUTO 00000KT 10SM CLR 03/01 A3036 RMK AO2 SLP280 T00330006,null
SAV,2023-12-22 7:53,37,33,85.29,360,3,0,30.35,1027.7,10,null,CLR,null,null,null,null,null,null,null,null,null,null,null,null,null,null,34.4,KSAV 220753Z AUTO 36003KT 10SM CLR 03/01 A3035 RMK AO2 SLP277 T00280006,null
SAV,2023-12-22 8:53,38,34,85.35,10,3,0,30.34,1027.3,10,null,CLR,null,null,null,null,null,null,null,null,null,null,null,null,null,null,35.55,KSAV 220853Z AUTO 01003KT 10SM CLR 03/01 A3034 RMK AO2 SLP273 T00330011 58009,null
SAV,2023-12-22 9:53,40,36,85.48,0,0,0,30.34,1027.4,10,null,CLR,null,null,null,null,null,null,null,null,null,null,null,null,null,null,40,KSAV 220953Z AUTO 00000KT 10SM CLR 04/02 A3034 RMK AO2 SLP274 T00440022,null
SAV,2023-12-22 10:53,42,38,85.6,360,3,0,30.35,1027.6,10,null,BKN,BKN,null,null,16000,25000,null,null,null,null,null,null,null,null,null,40.12,KSAV 221053Z 36003KT 10SM BKN160 BKN250 06/03 A3035 RMK AO2 SLP276 T00560033,null
SAV,2023-12-22 11:53,44,38,79.27,0,0,0,30.36,1027.8,10,null,BKN,BKN,null,null,16000,20000,null,null,null,null,null,null,null,null,null,44,KSAV 221153Z 00000KT 10SM BKN160 BKN200 07/03 A3036 RMK AO2 SLP278 T00670033 10067 20022 53005,null
SAV,2023-12-22 12:53,43,37,79.19,0,0,0,30.37,1028.5,10,null,BKN,BKN,null,null,16000,20000,null,null,null,null,null,null,null,null,null,43,KSAV 221253Z 00000KT 10SM BKN160 BKN200 06/03 A3037 RMK AO2 SLP285 T00610028,null
SAV,2023-12-22 13:53,47,39,73.57,350,3,0,30.39,1029,10,null,BKN,BKN,null,null,16000,20000,null,null,null,null,null,null,null,null,null,45.84,KSAV 221353Z 35003KT 10SM BKN160 BKN200 08/04 A3039 RMK AO2 SLP290 T00830039,null
SAV,2023-12-22 14:53,52,40,63.48,70,4,0,30.4,1029.5,10,null,BKN,BKN,null,null,16000,20000,null,null,null,null,null,null,null,null,null,52,KSAV 221453Z 07004KT 10SM BKN160 BKN200 11/04 A3040 RMK AO2 SLP295 T01110044 51017,null
SAV,2023-12-22 15:53,56,41,57.02,50,6,0,30.39,1029.1,10,null,BKN,BKN,null,null,16000,20000,null,null,null,null,null,null,null,null,null,56,KSAV 221553Z 05006KT 10SM BKN160 BKN200 13/05 A3039 RMK AO2 SLP291 T01330050,null
SAV,2023-12-22 16:53,58,43,57.3,70,3,0,30.37,1028.5,10,null,SCT,BKN,null,null,16000,20000,null,null,null,null,null,null,null,null,null,58,KSAV 221653Z 07003KT 10SM SCT160 BKN200 14/06 A3037 RMK AO2 SLP285 T01440061,null
SAV,2023-12-22 17:53,61,45,55.57,70,4,0,30.33,1027.1,10,null,SCT,BKN,null,null,16000,20000,null,null,null,null,null,null,null,null,null,61,KSAV 221753Z 07004KT 10SM SCT160 BKN200 16/07 A3033 RMK AO2 SLP271 T01610072 10161 20061 58024,null
SAV,2023-12-22 18:53,63,46,53.78,50,3,0,30.31,1026.4,10,null,SCT,BKN,null,null,16000,20000,null,null,null,null,null,null,null,null,null,63,KSAV 221853Z 05003KT 10SM SCT160 BKN200 17/08 A3031 RMK AO2 SLP264 T01720078,null
SAV,2023-12-22 19:53,63,44,49.84,40,4,0,30.31,1026.3,10,null,BKN,BKN,null,null,16000,21000,null,null,null,null,null,null,null,null,null,63,KSAV 221953Z 04004KT 10SM BKN160 BKN210 17/07 A3031 RMK AO2 SLP263 T01720067,null
SAV,2023-12-22 20:53,65,41,41.41,80,6,0,30.31,1026.3,10,null,SCT,BKN,null,null,15000,21000,null,null,null,null,null,null,null,null,null,65,KSAV 222053Z 08006KT 10SM SCT150 BKN210 18/05 A3031 RMK AO2 SLP263 T01830050 55007,null
SAV,2023-12-22 21:53,62,43,49.69,80,4,0,30.32,1026.6,10,null,BKN,BKN,null,null,15000,25000,null,null,null,null,null,null,null,null,null,62,KSAV 222153Z 08004KT 10SM BKN150 BKN250 17/06 A3032 RMK AO2 SLP266 T01670061,null
SAV,2023-12-22 22:53,58,44,59.54,50,5,0,30.33,1026.8,10,null,SCT,OVC,null,null,17000,25000,null,null,null,null,null,null,null,null,null,58,KSAV 222253Z 05005KT 10SM SCT170 OVC250 14/07 A3033 RMK AO2 SLP268 T01440067,null
SAV,2023-12-22 23:53,57,44,61.72,70,4,0,30.34,1027.2,10,null,BKN,BKN,null,null,17000,25000,null,null,null,null,null,null,null,null,null,57,KSAV 222353Z 07004KT 10SM BKN170 BKN250 14/07 A3034 RMK AO2 SLP272 T01390067 10183 20139 53008,null
SAV,2023-12-23 0:53,56,45,66.48,70,7,0,30.33,1027,10,null,FEW,SCT,null,null,15000,25000,null,null,null,null,null,null,null,null,null,56,KSAV 230053Z 07007KT 10SM FEW150 SCT250 13/07 A3033 RMK AO2 SLP270 T01330072,null
SAV,2023-12-23 1:53,55,45,68.93,60,8,0,30.35,1027.5,10,null,FEW,SCT,null,null,15000,25000,null,null,null,null,null,null,null,null,null,55,KSAV 230153Z 06008KT 10SM FEW150 SCT250 13/07 A3035 RMK AO2 SLP275 T01280072,null
SAV,2023-12-23 2:53,52,44,74.07,20,3,0,30.36,1028,10,null,BKN,null,null,null,16000,null,null,null,null,null,null,null,null,null,null,52,KSAV 230253Z 02003KT 10SM BKN160 11/07 A3036 RMK AO2 SLP280 T01110067 53008,null
SAV,2023-12-23 3:53,53,46,77.03,40,6,0,30.36,1027.9,10,null,BKN,null,null,null,16000,null,null,null,null,null,null,null,null,null,null,53,KSAV 230353Z 04006KT 10SM BKN160 12/08 A3036 RMK AO2 SLP279 T01170078,null
SAV,2023-12-23 4:53,53,47,80,70,6,0,30.35,1027.7,10,null,OVC,null,null,null,16000,null,null,null,null,null,null,null,null,null,null,53,KSAV 230453Z 07006KT 10SM OVC160 12/08 A3035 RMK AO2 SLP277 LAST T01170083 401830022,null
SAV,2023-12-23 5:53,53,47,80,70,4,0,30.34,1027.2,10,null,CLR,null,null,null,null,null,null,null,null,null,null,null,null,null,null,53,KSAV 230553Z AUTO 07004KT 10SM CLR 12/08 A3034 RMK AO2 SLP272 T01170083 10144 20106 58009,null
SAV,2023-12-23 6:53,53,47,80,50,6,0,30.33,1026.8,10,null,CLR,null,null,null,null,null,null,null,null,null,null,null,null,null,null,53,KSAV 230653Z AUTO 05006KT 10SM CLR 12/08 A3033 RMK AO2 SLP268 T01170083,null
SAV,2023-12-23 7:53,51,47,86.12,20,3,0,30.32,1026.8,10,null,CLR,null,null,null,null,null,null,null,null,null,null,null,null,null,null,51,KSAV 230753Z AUTO 02003KT 10SM CLR 11/08 A3032 RMK AO2 SLP268 T01060083,null
SAV,2023-12-23 8:53,51,47,86.12,360,3,0,30.32,1026.6,10,null,CLR,null,null,null,null,null,null,null,null,null,null,null,null,null,null,51,KSAV 230853Z AUTO 36003KT 10SM CLR 11/08 A3032 RMK AO2 SLP266 T01060083 56005,null
SAV,2023-12-23 9:53,50,47,89.37,0,0,0,30.32,1026.6,10,null,CLR,null,null,null,null,null,null,null,null,null,null,null,null,null,null,50,KSAV 230953Z AUTO 00000KT 10SM CLR 10/08 A3032 RMK AO2 SLP266 T01000083,null
SAV,2023-12-23 10:53,50,47,89.37,30,3,0,30.33,1027,10,null,FEW,BKN,null,null,5500,16000,null,null,null,null,null,null,null,null,null,50,KSAV 231053Z 03003KT 10SM FEW055 BKN160 10/08 A3033 RMK AO2 SLP270 T01000083,null
SAV,2023-12-23 11:53,51,47,86.12,40,4,0,30.34,1027.3,10,null,FEW,BKN,null,null,3500,16000,null,null,null,null,null,null,null,null,null,51,KSAV 231153Z 04004KT 10SM FEW035 BKN160 11/08 A3034 RMK AO2 SLP273 T01060083 10117 20100 53006,null
SAV,2023-12-23 12:53,51,47,86.12,0,0,0,30.35,1027.7,10,null,FEW,BKN,null,null,3500,16000,null,null,null,null,null,null,null,null,null,51,KSAV 231253Z 00000KT 10SM FEW035 BKN160 11/08 A3035 RMK AO2 SLP277 T01060083,null
SAV,2023-12-23 13:53,55,49,80.15,40,3,0,30.37,1028.3,10,null,FEW,BKN,null,null,4500,16000,null,null,null,null,null,null,null,null,null,55,KSAV 231353Z 04003KT 10SM FEW045 BKN160 13/09 A3037 RMK AO2 SLP283 T01280094,null
SAV,2023-12-23 14:53,62,49,62.36,80,6,0,30.38,1028.6,10,null,FEW,SCT,SCT,null,4000,7500,16000,null,null,null,null,null,null,null,null,62,KSAV 231453Z 08006KT 10SM FEW040 SCT075 SCT160 17/09 A3038 RMK AO2 SLP286 T01670094 51014,null
SAV,2023-12-23 15:53,67,48,50.44,null,4,0,30.37,1028.4,10,null,FEW,FEW,SCT,null,4000,7500,16000,null,null,null,null,null,null,null,null,67,KSAV 231553Z VRB04KT 10SM FEW040 FEW075 SCT160 19/09 A3037 RMK AO2 SLP284 T01940089,null
SAV,2023-12-23 16:53,70,49,47.24,100,7,0,30.36,1027.9,10,null,FEW,FEW,FEW,null,4000,7500,20000,null,null,null,null,null,null,null,null,70,KSAV 231653Z 10007KT 10SM FEW040 FEW075 FEW200 21/09 A3036 RMK AO2 SLP279 T02110094,null
SAV,2023-12-23 17:53,72,49,44.13,110,7,0,30.33,1027,10,null,FEW,FEW,null,null,4000,20000,null,null,null,null,null,null,null,null,null,72,KSAV 231753Z 11007KT 10SM FEW040 FEW200 22/09 A3033 RMK AO2 SLP270 T02220094 10228 20094 58016,null
SAV,2023-12-23 18:53,72,49,44.13,120,8,0,30.3,1026.1,10,15,FEW,FEW,null,null,4000,20000,null,null,null,null,null,null,null,null,null,72,KSAV 231853Z 12008G15KT 10SM FEW040 FEW200 22/09 A3030 RMK AO2 SLP261 T02220094,null
SAV,2023-12-23 19:53,71,50,47.39,90,9,0,30.29,1025.7,10,null,FEW,null,null,null,4500,null,null,null,null,null,null,null,null,null,null,71,KSAV 231953Z 09009KT 10SM FEW045 22/10 A3029 RMK AO2 SLP257 T02170100,null
SAV,2023-12-23 20:53,69,50,50.74,130,11,0,30.29,1025.7,10,null,FEW,null,null,null,4500,null,null,null,null,null,null,null,null,null,null,69,KSAV 232053Z 13011KT 10SM FEW045 21/10 A3029 RMK AO2 SLP257 T02060100 56013,null
SAV,2023-12-23 21:53,66,51,58.4,120,8,0,30.3,1026.1,10,null,FEW,null,null,null,4500,null,null,null,null,null,null,null,null,null,null,66,KSAV 232153Z 12008KT 10SM FEW045 19/11 A3030 RMK AO2 SLP261 T01890106,null
SAV,2023-12-23 22:53,61,52,72.22,110,7,0,30.32,1026.5,10,null,CLR,null,null,null,null,null,null,null,null,null,null,null,null,null,null,61,KSAV 232253Z 11007KT 10SM CLR 16/11 A3032 RMK AO2 SLP265 T01610111,null
SAV,2023-12-23 23:53,58,50,74.64,80,7,0,30.32,1026.7,10,null,CLR,null,null,null,null,null,null,null,null,null,null,null,null,null,null,58,KSAV 232353Z 08007KT 10SM CLR 14/10 A3032 RMK AO2 SLP267 T01440100 10228 20144 51010,null
SAV,2023-12-24 0:53,57,50,77.38,70,6,0,30.33,1026.9,10,null,CLR,null,null,null,null,null,null,null,null,null,null,null,null,null,null,57,KSAV 240053Z 07006KT 10SM CLR 14/10 A3033 RMK AO2 SLP269 T01390100,null
SAV,2023-12-24 1:53,56,50,80.23,60,4,0,30.34,1027.2,10,null,CLR,null,null,null,null,null,null,null,null,null,null,null,null,null,null,56,KSAV 240153Z 06004KT 10SM CLR 13/10 A3034 RMK AO2 SLP272 T01330100,null
SAV,2023-12-24 2:53,54,50,86.29,50,3,0,30.35,1027.7,10,null,FEW,null,null,null,7500,null,null,null,null,null,null,null,null,null,null,54,KSAV 240253Z 05003KT 10SM FEW075 12/10 A3035 RMK AO2 SLP277 T01220100 53009,null
SAV,2023-12-24 3:53,52,49,89.46,40,6,0,30.34,1027.2,10,null,FEW,null,null,null,8000,null,null,null,null,null,null,null,null,null,null,52,KSAV 240353Z 04006KT 10SM FEW080 11/09 A3034 RMK AO2 SLP272 T01110094,null
SAV,2023-12-24 4:53,54,51,89.55,50,6,0,30.31,1026.4,10,null,CLR,null,null,null,null,null,null,null,null,null,null,null,null,null,null,54,KSAV 240453Z 05006KT 10SM CLR 12/11 A3031 RMK AO2 SLP264 LAST T01220106 402280094,null
SAV,2023-12-24 5:53,51,49,92.83,360,3,0,30.31,1026.4,10,null,CLR,null,null,null,null,null,null,null,null,null,null,null,null,null,null,51,KSAV 240553Z AUTO 36003KT 10SM CLR 11/09 A3031 RMK AO2 SLP264 T01060094 10150 20106 56013,null
SAV,2023-12-24 6:53,50,48,92.8,0,0,0,30.3,1026,10,null,CLR,null,null,null,null,null,null,null,null,null,null,null,null,null,null,50,KSAV 240653Z AUTO 00000KT 10SM CLR 10/09 A3030 RMK AO2 SLP260 T01000089,null
SAV,2023-12-24 7:53,48,46,92.74,340,3,0,30.3,1025.9,10,null,CLR,null,null,null,null,null,null,null,null,null,null,null,null,null,null,46.98,KSAV 240753Z AUTO 34003KT 10SM CLR 09/08 A3030 RMK AO2 SLP259 T00890078,null
SAV,2023-12-24 8:53,53,50,89.51,50,4,0,30.28,1025.3,10,null,CLR,null,null,null,null,null,null,null,null,null,null,null,null,null,null,53,KSAV 240853Z AUTO 05004KT 10SM CLR 12/10 A3028 RMK AO2 SLP253 T01170100 58010,null
SAV,2023-12-24 9:53,50,47,89.37,350,3,0,30.29,1025.5,10,null,CLR,null,null,null,null,null,null,null,null,null,null,null,null,null,null,50,KSAV 240953Z AUTO 35003KT 10SM CLR 10/08 A3029 RMK AO2 SLP255 T01000083,null
SAV,2023-12-24 10:53,51,49,92.83,0,0,0,30.3,1026,10,null,BKN,BKN,null,null,4500,12000,null,null,null,null,null,null,null,null,null,51,KSAV 241053Z 00000KT 10SM BKN045 BKN120 11/09 A3030 RMK AO2 SLP260 T01060094,null
SAV,2023-12-24 11:53,52,49,89.46,30,3,0,30.3,1026,10,null,SCT,BKN,BKN,null,4300,6500,15000,null,null,null,null,null,null,null,null,52,KSAV 241153Z 03003KT 10SM SCT043 BKN065 BKN150 11/09 A3030 RMK AO2 SLP260 T01110094 10117 20083 51007,null
SAV,2023-12-24 12:53,53,51,92.89,50,4,T,30.32,1026.5,10,null,SCT,BKN,BKN,null,4200,5500,15000,null,null,null,null,null,null,null,null,53,KSAV 241253Z 05004KT 10SM SCT042 BKN055 BKN150 12/11 A3032 RMK AO2 RAB29E40 SLP265 P0000 T01170106,null
SAV,2023-12-24 13:53,57,53,86.45,0,0,0,30.32,1026.5,10,null,SCT,OVC,null,null,4200,6000,null,null,null,null,null,null,null,null,null,57,KSAV 241353Z 00000KT 10SM SCT042 OVC060 14/12 A3032 RMK AO2 SLP265 T01390117,null
SAV,2023-12-24 14:53,61,56,83.59,70,6,0,30.33,1027,10,null,FEW,OVC,null,null,4200,7000,null,null,null,null,null,null,null,null,null,61,KSAV 241453Z 07006KT 10SM FEW042 OVC070 16/13 A3033 RMK AO2 SLP270 60000 T01610133 53009,null
SAV,2023-12-24 15:53,65,57,75.3,80,7,0,30.33,1027.1,10,null,FEW,SCT,BKN,BKN,4200,7000,12000,20000,null,null,null,null,null,null,null,65,KSAV 241553Z 08007KT 10SM FEW042 SCT070 BKN120 BKN200 18/14 A3033 RMK AO2 SLP271 T01830139,null
SAV,2023-12-24 16:53,68,56,65.45,100,9,0,30.31,1026.2,10,null,FEW,BKN,OVC,null,4200,9500,20000,null,null,null,null,null,null,null,null,68,KSAV 241653Z 10009KT 10SM FEW042 BKN095 OVC200 20/13 A3031 RMK AO2 SLP262 T02000133,null
SAV,2023-12-24 17:53,68,55,63.12,100,10,0,30.28,1025.2,10,null,BKN,OVC,null,null,4500,9000,null,null,null,null,null,null,null,null,null,68,KSAV 241753Z 10010KT 10SM BKN045 OVC090 20/13 A3028 RMK AO2 SLP252 60000 T02000128 10211 20111 58018,null
SAV,2023-12-24 18:53,69,56,63.24,100,7,0,30.25,1024.3,10,null,SCT,BKN,OVC,null,3900,6000,11000,null,null,null,null,null,null,null,null,69,KSAV 241853Z 10007KT 10SM SCT039 BKN060 OVC110 21/13 A3025 RMK AO2 SLP243 T02060133,null
SAV,2023-12-24 19:53,70,54,56.82,110,12,0,30.24,1023.8,10,null,FEW,BKN,OVC,null,3500,10000,20000,null,null,null,null,null,null,null,null,70,KSAV 241953Z 11012KT 10SM FEW035 BKN100 OVC200 21/12 A3024 RMK AO2 SLP238 T02110122,null
SAV,2023-12-24 20:53,68,54,60.86,100,10,0,30.23,1023.6,10,null,FEW,FEW,OVC,null,3500,10000,25000,null,null,null,null,null,null,null,null,68,KSAV 242053Z 10010KT 10SM FEW035 FEW100 OVC250 20/12 A3023 RMK AO2 SLP236 T02000122 56016,null
SAV,2023-12-24 21:53,67,54,62.99,80,8,0,30.22,1023.3,10,null,FEW,OVC,null,null,5000,25000,null,null,null,null,null,null,null,null,null,67,KSAV 242153Z 08008KT 10SM FEW050 OVC250 19/12 A3022 RMK AO2 SLP233 T01940122,null
SAV,2023-12-24 22:53,64,54,69.92,90,7,0,30.22,1023.3,10,null,BKN,OVC,null,null,21000,25000,null,null,null,null,null,null,null,null,null,64,KSAV 242253Z 09007KT 10SM BKN210 OVC250 18/12 A3022 RMK AO2 SLP233 T01780122,null
SAV,2023-12-24 23:53,63,54,72.42,70,4,0,30.23,1023.5,10,null,SCT,BKN,BKN,null,3900,22000,25000,null,null,null,null,null,null,null,null,63,KSAV 242353Z 07004KT 10SM SCT039 BKN220 BKN250 17/12 A3023 RMK AO2 SLP235 T01720122 10211 20167 55001,null
SAV,2023-12-25 0:53,61,54,77.72,50,4,0,30.24,1024,10,null,FEW,OVC,null,null,4500,24000,null,null,null,null,null,null,null,null,null,61,KSAV 250053Z 05004KT 10SM FEW045 OVC240 16/12 A3024 RMK AO2 SLP240 T01610122,null
SAV,2023-12-25 1:53,61,54,77.72,60,4,0,30.24,1023.8,10,null,FEW,OVC,null,null,5500,23000,null,null,null,null,null,null,null,null,null,61,KSAV 250153Z 06004KT 10SM FEW055 OVC230 16/12 A3024 RMK AO2 SLP238 T01610122,null
SAV,2023-12-25 2:53,61,54,77.72,70,6,0,30.23,1023.4,10,null,SCT,OVC,null,null,4500,23000,null,null,null,null,null,null,null,null,null,61,KSAV 250253Z 07006KT 10SM SCT045 OVC230 16/12 A3023 RMK AO2 SLP234 T01610122 58001,null
SAV,2023-12-25 3:53,60,55,83.53,60,5,0,30.23,1023.4,10,null,BKN,OVC,null,null,4500,23000,null,null,null,null,null,null,null,null,null,60,KSAV 250353Z 06005KT 10SM BKN045 OVC230 16/13 A3023 RMK AO2 SLP234 T01560128,null
SAV,2023-12-25 4:53,60,56,86.61,70,5,T,30.21,1022.7,10,null,BKN,OVC,null,null,6000,21000,null,null,null,null,null,null,null,null,null,60,KSAV 250453Z 07005KT 10SM BKN060 OVC210 16/13 A3021 RMK AO2 RAB0357E07 SLP227 LAST P0000 T01560133 402110083,null
SAV,2023-12-25 5:53,60,56,86.61,60,5,0,30.18,1022,10,null,CLR,null,null,null,null,null,null,null,null,null,null,null,null,null,null,60,KSAV 250553Z AUTO 06005KT 10SM CLR 16/13 A3018 RMK AO2 SLP220 60000 T01560133 10172 20150 58014,null
SAV,2023-12-25 6:53,59,55,86.56,50,7,0,30.17,1021.5,10,null,CLR,null,null,null,null,null,null,null,null,null,null,null,null,null,null,59,KSAV 250653Z AUTO 05007KT 10SM CLR 15/13 A3017 RMK AO2 SLP215 T01500128,null
SAV,2023-12-25 7:53,58,55,89.72,70,5,0,30.15,1020.7,10,null,FEW,BKN,null,null,3900,5000,null,null,null,null,null,null,null,null,null,58,KSAV 250753Z AUTO 07005KT 10SM FEW039 BKN050 14/13 A3015 RMK AO2 SLP207 T01440128,null
SAV,2023-12-25 8:53,60,56,86.61,70,6,0,30.11,1019.6,10,null,OVC,null,null,null,11000,null,null,null,null,null,null,null,null,null,null,60,KSAV 250853Z AUTO 07006KT 10SM OVC110 16/13 A3011 RMK AO2 SLP196 T01560133 58024,null
SAV,2023-12-25 9:53,59,55,86.56,70,4,0,30.12,1019.7,10,null,SCT,SCT,BKN,null,4000,5000,11000,null,null,null,null,null,null,null,null,59,KSAV 250953Z AUTO 07004KT 10SM SCT040 SCT050 BKN110 15/13 A3012 RMK AO2 SLP197 T01500128,null
SAV,2023-12-25 10:53,62,57,83.65,80,7,0,30.12,1019.7,10,null,SCT,BKN,OVC,null,4000,11000,20000,null,null,null,null,null,null,null,null,62,KSAV 251053Z 08007KT 10SM SCT040 BKN110 OVC200 17/14 A3012 RMK AO2 SLP197 T01670139,null
SAV,2023-12-25 11:53,63,59,86.77,90,7,T,30.12,1019.9,10,null,SCT,BKN,OVC,null,3600,10000,16000,null,#NAME?,null,null,null,null,null,null,63,KSAV 251153Z 09007KT 10SM -RA SCT036 BKN100 OVC160 17/15 A3012 RMK AO2 RAB51 SLP199 P0000 60000 T01720150 10172 20139 53003,null
SAV,2023-12-25 12:53,64,60,86.83,90,7,T,30.12,1019.7,10,null,SCT,BKN,OVC,null,3600,9000,16000,null,null,null,null,null,null,null,null,64,KSAV 251253Z 09007KT 10SM SCT036 BKN090 OVC160 18/16 A3012 RMK AO2 RAE50 SLP197 P0000 T01780156,null
SAV,2023-12-25 13:53,65,60,83.84,90,8,T,30.12,1019.9,8,null,SCT,BKN,OVC,null,4300,5500,9000,null,#NAME?,null,null,null,null,null,null,65,KSAV 251353Z 09008KT 8SM -RA SCT043 BKN055 OVC090 18/16 A3012 RMK AO2 RAB38 SLP199 P0000 T01830156,null
SAV,2023-12-25 14:28,65,60,83.84,140,11,0.01,30.15,null,1.5,null,SCT,BKN,OVC,null,2500,4400,7500,null,RA BR,null,null,null,null,null,null,65,KSAV 251428Z COR 14011KT 1 1/2SM R10/2600VP6000FT RA BR SCT025 BKN044 OVC075 18/16 A3015 RMK AO2 PRESRR P0001 T01830156,null
SAV,2023-12-25 14:37,64,61,89.97,120,11,0.17,30.14,null,5,18,SCT,BKN,OVC,null,2600,3700,6000,null,#NAME?,null,null,null,null,null,null,64,KSAV 251437Z 12011G18KT 5SM R10/2600VP6000FT -RA BR SCT026 BKN037 OVC060 18/16 A3014 RMK AO2 P0017 T01780161,null
SAV,2023-12-25 14:53,65,61,86.88,150,6,0.17,30.15,1020.8,10,null,FEW,BKN,OVC,null,3700,4600,6500,null,null,null,null,null,null,null,null,65,KSAV 251453Z 15006KT 10SM FEW037 BKN046 OVC065 18/16 A3015 RMK AO2 RAE41 SLP208 P0017 60017 T01830161 53008,null
SAV,2023-12-25 15:15,65,62,90.01,130,8,0.02,30.15,null,1.5,null,BKN,OVC,null,null,2700,4800,null,null,RA BR,null,null,null,null,null,null,65,KSAV 251515Z 13008KT 1 1/2SM R10/5500VP6000FT RA BR BKN027 OVC048 18/17 A3015 RMK AO2 RAB1458 P0002 T01830167,null
SAV,2023-12-25 15:21,65,61,86.88,130,16,0.06,30.15,null,1.25,21,BKN,OVC,null,null,2700,4800,null,null,RA BR,null,null,null,null,null,null,65,KSAV 251521Z 13016G21KT 1 1/4SM R10/4500VP6000FT RA BR BKN027 OVC048 18/16 A3015 RMK AO2 RAB1458 P0006 T01830161,null
SAV,2023-12-25 15:27,64,61,89.97,130,11,0.07,30.15,null,4,21,BKN,BKN,OVC,null,1700,3500,4500,null,RA BR,null,null,null,null,null,null,64,KSAV 251527Z 13011G21KT 4SM RA BR BKN017 BKN035 OVC045 18/16 A3015 RMK AO2 RAB1458 P0007 T01780161,null
SAV,2023-12-25 15:53,64,61,89.97,160,11,0.12,30.15,1021,4,null,BKN,BKN,OVC,null,2000,3500,7000,null,RA BR,null,null,null,null,null,null,64,KSAV 251553Z 16011KT 4SM RA BR BKN020 BKN035 OVC070 18/16 A3015 RMK AO2 RAB1458 SLP210 P0012 T01780161,null
SAV,2023-12-25 16:00,64,61,89.97,150,10,0.01,30.15,null,4,null,SCT,BKN,OVC,null,700,2200,4000,null,#NAME?,null,null,null,null,null,null,64,KSAV 251600Z 15010KT 4SM -RA BR SCT007 BKN022 OVC040 18/16 A3015 RMK AO2 P0001 T01780161,null
SAV,2023-12-25 16:50,64.4,60.8,88.09,120,8,0.04,30.13,null,7,null,BKN,OVC,null,null,900,2200,null,null,#NAME?,null,null,null,null,null,null,64.4,KSAV 251650Z 12008KT 7SM -RA BKN009 OVC022 18/16 A3013 RMK AO2 P0004,null
SAV,2023-12-25 16:53,64,61,89.97,110,6,0.04,30.13,1020,7,null,BKN,OVC,null,null,900,2200,null,null,#NAME?,null,null,null,null,null,null,64,KSAV 251653Z 11006KT 7SM -RA BKN009 OVC022 18/16 A3013 RMK AO2 SLP200 P0004 T01780161,null
SAV,2023-12-25 17:34,63,60,89.93,100,8,0.04,30.11,null,1.25,null,BKN,BKN,OVC,null,500,3400,9000,null,RA BR,null,null,null,null,null,null,63,KSAV 251734Z 10008KT 1 1/4SM R10/4500VP6000FT RA BR BKN005 BKN034 OVC090 17/16 A3011 RMK AO2 P0004 T01720156,null
SAV,2023-12-25 17:47,62.6,60.8,93.83,110,7,0.11,30.11,null,4,null,BKN,BKN,OVC,null,500,3400,9000,null,#NAME?,null,null,null,null,null,null,62.6,KSAV 251747Z 11007KT 4SM R10/5500VP6000FT -RA BR BKN005 BKN034 OVC090 17/16 A3011 RMK AO2 P0011,null
SAV,2023-12-25 17:53,63,60,89.93,130,5,0.12,30.1,1019.3,3,null,BKN,BKN,OVC,null,500,2800,6000,null,RA BR,null,null,null,null,null,null,63,KSAV 251753Z 13005KT 3SM RA BR BKN005 BKN028 OVC060 17/16 A3010 RMK AO2 SLP193 P0012 60045 T01720156 10183 20167 56017,null
SAV,2023-12-25 18:00,63,61,93.18,130,4,0.02,30.1,null,1.5,null,BKN,BKN,OVC,null,500,1900,2800,null,RA BR,null,null,null,null,null,null,63,KSAV 251800Z 13004KT 1 1/2SM R10/4500VP6000FT RA BR BKN005 BKN019 OVC028 17/16 A3010 RMK AO2 P0002 T01720161,null
SAV,2023-12-25 18:18,63,61,93.18,100,8,0.12,30.08,null,3,null,BKN,OVC,null,null,500,1900,null,null,#NAME?,null,null,null,null,null,null,63,KSAV 251818Z 10008KT 3SM -RA BR BKN005 OVC019 17/16 A3008 RMK AO2 P0012 T01720161,null
SAV,2023-12-25 18:53,63,61,93.18,110,11,0.16,30.05,1017.5,4,null,BKN,OVC,null,null,600,1000,null,null,RA BR,null,null,null,null,null,null,63,KSAV 251853Z 11011KT 4SM RA BR BKN006 OVC010 17/16 A3005 RMK AO2 SLP175 P0016 T01720161,null
SAV,2023-12-25 19:53,64,62,93.21,120,12,0.07,30.04,1017.1,8,null,SCT,BKN,OVC,null,800,1100,2700,null,#NAME?,null,null,null,null,null,null,64,KSAV 251953Z 12012KT 8SM -RA SCT008 BKN011 OVC027 18/17 A3004 RMK AO2 SLP171 P0007 T01780167,null
SAV,2023-12-25 20:12,64,62,93.21,130,13,0.01,30.04,null,10,null,BKN,OVC,null,null,800,2200,null,null,#NAME?,null,null,null,null,null,null,64,KSAV 252012Z 13013KT 10SM -RA BKN008 OVC022 18/17 A3004 RMK AO2 P0001 T01780167,null
SAV,2023-12-25 20:32,64,62,93.21,130,12,0.01,30.04,null,10,null,FEW,BKN,OVC,null,800,2200,7000,null,null,null,null,null,null,null,null,64,KSAV 252032Z 13012KT 10SM FEW008 BKN022 OVC070 18/17 A3004 RMK AO2 RAE16 P0001 T01780167,null
SAV,2023-12-25 20:53,65,62,90.01,140,11,0.01,30.04,1017,10,null,FEW,BKN,OVC,null,800,1500,7000,null,null,null,null,null,null,null,null,65,KSAV 252053Z 14011KT 10SM FEW008 BKN015 OVC070 18/17 A3004 RMK AO2 RAE16 SLP170 P0001 60024 T01830167 56023,null
SAV,2023-12-25 21:15,64,62,93.21,140,9,0.02,30.04,null,2,null,FEW,BKN,OVC,null,600,2100,4500,null,#NAME?,null,null,null,null,null,null,64,KSAV 252115Z 14009KT 2SM -RA BR FEW006 BKN021 OVC045 18/17 A3004 RMK AO2 RAB2058 P0002 T01780167,null
SAV,2023-12-25 21:17,64,62,93.21,140,8,0.02,30.04,null,2.5,null,SCT,BKN,OVC,null,800,1300,2200,null,#NAME?,null,null,null,null,null,null,64,KSAV 252117Z 14008KT 2 1/2SM -RA BR SCT008 BKN013 OVC022 18/17 A3004 RMK AO2 RAB2058 P0002 T01780167,null
SAV,2023-12-25 21:24,64,62,93.21,140,11,0.02,30.04,null,5,null,BKN,BKN,OVC,null,800,1300,2200,null,#NAME?,null,null,null,null,null,null,64,KSAV 252124Z 14011KT 5SM -RA BR BKN008 BKN013 OVC022 18/17 A3004 RMK AO2 RAB2058 P0002 T01780167,null
SAV,2023-12-25 21:53,65,62,90.01,150,6,0.02,30.05,1017.3,10,null,BKN,OVC,null,null,900,9500,null,null,null,null,null,null,null,null,null,65,KSAV 252153Z 15006KT 10SM BKN009 OVC095 18/17 A3005 RMK AO2 RAB2058E41 SLP173 P0002 T01830167,null
SAV,2023-12-25 22:53,64,62,93.21,130,9,0.01,30.05,1017.5,10,null,BKN,BKN,OVC,null,600,5500,10000,null,null,null,null,null,null,null,null,64,KSAV 252253Z 13009KT 10SM BKN006 BKN055 OVC100 18/17 A3005 RMK AO2 SLP175 P0001 T01780167,null
SAV,2023-12-25 23:53,65,62,90.01,130,11,T,30.06,1017.8,10,null,OVC,null,null,null,500,null,null,null,#NAME?,null,null,null,null,null,null,65,KSAV 252353Z 13011KT 10SM -RA OVC005 18/17 A3006 RMK AO2 RAB45 SLP178 P0000 60027 T01830167 10183 20172 53008,null
SAV,2023-12-26 0:53,64,63,96.55,130,6,0.01,30.07,1018,10,null,OVC,null,null,null,500,null,null,null,null,null,null,null,null,null,null,64,KSAV 260053Z 13006KT 10SM OVC005 18/17 A3007 RMK AO2 RAE51 SLP180 P0001 T01780172,null
SAV,2023-12-26 1:53,64,62,93.21,130,9,0,30.06,1017.8,10,null,BKN,OVC,null,null,700,3500,null,null,null,null,null,null,null,null,null,64,KSAV 260153Z 13009KT 10SM BKN007 OVC035 18/17 A3006 RMK AO2 SLP178 T01780167,null
SAV,2023-12-26 2:53,64,62,93.21,130,8,0,30.05,1017.4,10,null,BKN,OVC,null,null,600,3300,null,null,null,null,null,null,null,null,null,64,KSAV 260253Z 13008KT 10SM BKN006 OVC033 18/17 A3005 RMK AO2 SLP174 60001 T01780167 58004,null
SAV,2023-12-26 3:16,63,62,96.54,110,11,0,30.04,null,10,null,SCT,BKN,BKN,null,600,3300,6000,null,null,null,null,null,null,null,null,63,KSAV 260316Z 11011KT 10SM SCT006 BKN033 BKN060 17/17 A3004 RMK AO2 T01720167,null
SAV,2023-12-26 3:46,63,61,93.18,80,4,0,30.05,null,9,null,BKN,OVC,null,null,500,7000,null,null,null,null,null,null,null,null,null,63,KSAV 260346Z 08004KT 9SM BKN005 OVC070 17/16 A3005 RMK AO2 T01720161,null
SAV,2023-12-26 3:53,63,61,93.18,80,4,0,30.05,1017.4,9,null,BKN,OVC,null,null,500,7000,null,null,null,null,null,null,null,null,null,63,KSAV 260353Z 08004KT 9SM BKN005 OVC070 17/16 A3005 RMK AO2 SLP174 T01720161,null
SAV,2023-12-26 4:33,61,60,96.51,90,6,0,30.04,null,9,null,FEW,SCT,BKN,null,400,2600,7000,null,null,null,null,null,null,null,null,61,KSAV 260433Z 09006KT 9SM FEW004 SCT026 BKN070 16/16 A3004 RMK AO2 T01610156,null
SAV,2023-12-26 4:53,61,60,96.51,110,7,0,30.05,1017.3,4,null,SCT,BKN,OVC,null,300,4500,7000,null,BR,null,null,null,null,null,null,61,KSAV 260453Z 11007KT 4SM BR SCT003 BKN045 OVC070 16/16 A3005 RMK AO2 SLP173 LAST T01610156 401830139,null
SAV,2023-12-26 4:56,61,60,96.51,110,6,0,30.05,null,2.5,null,BKN,BKN,OVC,null,300,2700,4500,null,BR,null,null,null,null,null,null,61,KSAV 260456Z AUTO 11006KT 2 1/2SM BR BKN003 BKN027 OVC045 16/16 A3005 RMK AO2 T01610156,null
SAV,2023-12-26 5:00,61,60,96.51,110,5,0,30.05,null,1.25,null,BKN,OVC,null,null,300,4500,null,null,BR,null,null,null,null,null,null,61,KSAV 260500Z AUTO 11005KT 1 1/4SM BR BKN003 OVC045 16/16 A3005 RMK AO2 T01610156,null
SAV,2023-12-26 5:39,62,61,96.52,120,6,0,30.03,null,0.5,null,VV ,null,null,null,200,null,null,null,FG,null,null,null,null,null,null,62,KSAV 260539Z AUTO 12006KT 1/2SM R10/4000VP6000FT FG VV002 17/16 A3003 RMK AO2 T01670161,null
SAV,2023-12-26 5:53,62,61,96.52,90,8,T,30.03,1016.7,0.5,null,VV ,null,null,null,200,null,null,null,#NAME?,null,null,null,null,null,null,62,KSAV 260553Z AUTO 09008KT 1/2SM R10/4500V5500FT -RA FG VV002 17/16 A3003 RMK AO2 RAB53 SLP167 P0000 60001 T01670161 10183 20161 58007,null
SAV,2023-12-26 6:17,62,62,100,90,6,0.01,30.02,null,1.5,null,OVC,null,null,null,200,null,null,null,BR,null,null,null,null,null,null,62,KSAV 260617Z AUTO 09006KT 1 1/2SM R10/4500VP6000FT BR OVC002 17/17 A3002 RMK AO2 RAE12 P0001 T01670167,null
SAV,2023-12-26 6:23,62,62,100,90,7,0.01,30.02,null,3,null,OVC,null,null,null,200,null,null,null,BR,null,null,null,null,null,null,62,KSAV 260623Z AUTO 09007KT 3SM R10/5000VP6000FT BR OVC002 17/17 A3002 RMK AO2 RAE12 P0001 T01670167,null
SAV,2023-12-26 6:53,63,62,96.54,90,8,0.01,30.01,1016,10,null,OVC,null,null,null,300,null,null,null,null,null,null,null,null,null,null,63,KSAV 260653Z AUTO 09008KT 10SM OVC003 17/17 A3001 RMK AO2 RAE12 SLP160 P0001 T01720167,null
SAV,2023-12-26 7:53,63,62,96.54,110,10,T,30.01,1016,7,null,OVC,null,null,null,500,null,null,null,null,null,null,null,null,null,null,63,KSAV 260753Z AUTO 11010KT 7SM OVC005 17/17 A3001 RMK AO2 RAB34E51 SLP160 P0000 T01720167,null
SAV,2023-12-26 8:26,62,62,100,100,7,0,30,null,5,null,OVC,null,null,null,400,null,null,null,BR,null,null,null,null,null,null,62,KSAV 260826Z AUTO 10007KT 5SM BR OVC004 17/17 A3000 RMK AO2 T01670167,null
SAV,2023-12-26 8:53,62,62,100,100,5,0,30,1015.7,5,null,OVC,null,null,null,400,null,null,null,BR,null,null,null,null,null,null,62,KSAV 260853Z AUTO 10005KT 5SM BR OVC004 17/17 A3000 RMK AO2 CIG 003V008 SLP157 60001 T01670167 56011,null
SAV,2023-12-26 9:05,62,62,100,100,6,0,29.99,null,6,null,BKN,OVC,null,null,600,1100,null,null,BR,null,null,null,null,null,null,62,KSAV 260905Z AUTO 10006KT 6SM BR BKN006 OVC011 17/17 A2999 RMK AO2 CIG 003V009 T01670167,null
SAV,2023-12-26 9:53,63,62,96.54,130,9,T,29.98,1015,8,null,OVC,null,null,null,600,null,null,null,#NAME?,null,null,null,null,null,null,63,KSAV 260953Z AUTO 13009KT 8SM -RA OVC006 17/17 A2998 RMK AO2 RAB45 SLP150 P0000 T01720167,null
SAV,2023-12-26 10:15,63,63,100,130,9,T,29.97,null,8,null,OVC,null,null,null,400,null,null,null,null,null,null,null,null,null,null,63,KSAV 261015Z AUTO 13009KT 8SM OVC004 17/17 A2997 RMK AO2 RAE10 P0000 T01720172,null
SAV,2023-12-26 10:53,63,62,96.54,100,7,T,29.97,1014.8,6,null,OVC,null,null,null,300,null,null,null,BR,null,null,null,null,null,null,63,KSAV 261053Z 10007KT 6SM BR OVC003 17/17 A2997 RMK AO2 RAE10 SLP148 P0000 T01720167,null
SAV,2023-12-26 11:15,63,63,100,120,7,0,29.98,null,2,null,OVC,null,null,null,300,null,null,null,BR,null,null,null,null,null,null,63,KSAV 261115Z 12007KT 2SM BR OVC003 17/17 A2998 RMK AO2 T01720172,null
SAV,2023-12-26 11:26,63,63,100,130,7,0,29.98,null,5,null,OVC,null,null,null,200,null,null,null,BR,null,null,null,null,null,null,63,KSAV 261126Z 13007KT 5SM BR OVC002 17/17 A2998 RMK AO2 T01720172,null
SAV,2023-12-26 11:50,62.6,62.6,100,120,7,0,29.98,null,0.75,null,BKN,OVC,null,null,300,800,null,null,BR,null,null,null,null,null,null,62.6,KSAV 261150Z 12007KT 3/4SM R10/4000VP6000FT BR BKN003 OVC008 17/17 A2998 RMK AO2,null
SAV,2023-12-26 11:53,63,63,100,120,7,0,29.98,1014.9,0.75,null,BKN,OVC,null,null,300,800,null,null,BR,null,null,null,null,null,null,63,KSAV 261153Z 12007KT 3/4SM R10/3500V6000FT BR BKN003 OVC008 17/17 A2998 RMK AO2 SLP149 60001 70074 T01720172 10172 20167 55007,null
SAV,2023-12-26 12:26,63,62,96.54,140,9,0,29.99,null,4,null,OVC,null,null,null,200,null,null,null,BR,null,null,null,null,null,null,63,KSAV 261226Z 14009KT 4SM R10/5500VP6000FT BR OVC002 17/17 A2999 RMK AO2 T01720167 $,null
SAV,2023-12-26 12:53,62,62,100,130,6,0,29.99,1015.3,0.75,null,BKN,OVC,null,null,300,2800,null,null,BR,null,null,null,null,null,null,62,KSAV 261253Z 13006KT 3/4SM R10/P6000FT BR BKN003 OVC028 17/17 A2999 RMK AO2 SLP153 T01670167 $,null
SAV,2023-12-26 13:11,63,62,96.54,120,6,0,29.99,null,3,null,OVC,null,null,null,500,null,null,null,BR,null,null,null,null,null,null,63,KSAV 261311Z 12006KT 3SM BR OVC005 17/17 A2999 RMK AO2 CIG 002V009 T01720167 $,null
SAV,2023-12-26 13:53,63,63,100,130,6,0,29.99,1015.4,3,null,OVC,null,null,null,400,null,null,null,BR,null,null,null,null,null,null,63,KSAV 261353Z 13006KT 3SM BR OVC004 17/17 A2999 RMK AO2 SLP154 T01720172 $,null
SAV,2023-12-26 14:31,64,63,96.55,130,6,0,30,null,10,null,BKN,BKN,OVC,null,600,1300,4100,null,null,null,null,null,null,null,null,64,KSAV 261431Z 13006KT 10SM BKN006 BKN013 OVC041 18/17 A3000 RMK AO2 T01780172 $,null
SAV,2023-12-26 14:49,64.4,62.6,93.88,140,5,T,30.01,null,2,null,SCT,BKN,OVC,null,600,1800,3400,null,#NAME?,null,null,null,null,null,null,64.4,KSAV 261449Z 14005KT 2SM -RA BR SCT006 BKN018 OVC034 18/17 A3001 RMK AO2 RAB46 P0000 $,null
SAV,2023-12-26 14:53,64,63,96.55,130,5,T,30.01,1016.1,2,null,SCT,BKN,OVC,null,600,1800,3400,null,#NAME?,null,null,null,null,null,null,64,KSAV 261453Z 13005KT 2SM R10/6000VP6000FT -RA BR SCT006 BKN018 OVC034 18/17 A3001 RMK AO2 RAB46 SLP161 P0000 60000 T01780172 53012 $,null
SAV,2023-12-26 15:53,65,64,96.57,150,7,0.01,30,1015.8,10,null,BKN,BKN,OVC,null,800,1500,3400,null,null,null,null,null,null,null,null,65,KSAV 261553Z 15007KT 10SM BKN008 BKN015 OVC034 18/18 A3000 RMK AO2 RAE34 SLP158 P0001 T01830178,null
SAV,2023-12-26 16:53,66,64,93.26,140,6,0,29.97,1014.8,3,null,FEW,BKN,OVC,null,1000,1500,3100,null,null,null,null,null,null,null,null,66,KSAV 261653Z COR 14006KT 3SM FEW010 BKN015 OVC031 19/18 A2997 RMK AO2 SLP148 T01890178,null
SAV,2023-12-26 17:32,66,64,93.26,120,7,T,29.93,null,3,null,BKN,BKN,OVC,null,800,1300,3100,null,BR,null,null,null,null,null,null,66,KSAV 261732Z 12007KT 3SM BR BKN008 BKN013 OVC031 19/18 A2993 RMK AO2 RAB06E18 P0000 T01890178,null
SAV,2023-12-26 17:53,66,65,96.58,100,8,T,29.92,1013.1,8,null,OVC,null,null,null,800,null,null,null,null,null,null,null,null,null,null,66,KSAV 261753Z 10008KT 8SM OVC008 19/18 A2992 RMK AO2 RAB06E18 SLP131 P0000 60001 T01890183 10194 20167 58030,null
SAV,2023-12-26 18:53,66,65,96.58,90,3,0,29.9,1012.5,10,null,BKN,OVC,null,null,500,1100,null,null,null,null,null,null,null,null,null,66,KSAV 261853Z 09003KT 10SM BKN005 OVC011 19/18 A2990 RMK AO2 SLP125 T01890183,null
SAV,2023-12-26 19:14,66,65,96.58,90,4,T,29.89,null,1.75,null,BKN,OVC,null,null,500,1100,null,null,#NAME?,null,null,null,null,null,null,66,KSAV 261914Z 09004KT 1 3/4SM -RA BR BKN005 OVC011 19/18 A2989 RMK AO2 RAB14 P0000 T01890183,null
SAV,2023-12-26 19:17,66,65,96.58,110,4,T,29.89,null,1,null,BKN,OVC,null,null,500,1100,null,null,#NAME?,null,null,null,null,null,null,66,KSAV 261917Z 11004KT 1SM R10/5000VP6000FT -RA BR BKN005 OVC011 19/18 A2989 RMK AO2 RAB14 P0000 T01890183,null
SAV,2023-12-26 19:53,66,65,96.58,0,0,0.03,29.88,1011.7,1,null,OVC,null,null,null,500,null,null,null,#NAME?,null,null,null,null,null,null,66,KSAV 261953Z 00000KT 1SM R10/6000VP6000FT -RA BR OVC005 19/18 A2988 RMK AO2 RAB14 SLP117 P0003 T01890183,null
SAV,2023-12-26 20:53,66,65,96.58,150,4,0.02,29.88,1011.7,1,null,SCT,OVC,null,null,200,400,null,null,BR,null,null,null,null,null,null,66,KSAV 262053Z 15004KT 1SM R10/P6000FT BR SCT002 OVC004 19/18 A2988 RMK AO2 RAE08 SLP117 P0002 60005 T01890183 56014,null
SAV,2023-12-26 21:53,65,65,100,110,4,0,29.88,1011.6,0.5,null,OVC,null,null,null,400,null,null,null,FG,null,null,null,null,null,null,65,KSAV 262153Z 11004KT 1/2SM R10/P6000FT FG OVC004 18/18 A2988 RMK AO2 SLP116 T01830183,null
SAV,2023-12-26 22:53,65,65,100,0,0,T,29.88,1011.8,0.5,null,BKN,OVC,null,null,200,400,null,null,BR,null,null,null,null,null,null,65,KSAV 262253Z 00000KT 1/2SM R10/P6000FT BR BKN002 OVC004 18/18 A2988 RMK AO2 SFC VIS 1 DZB22E53 SLP118 P0000 T01830183,null
SAV,2023-12-26 23:40,63,63,100,140,3,0,29.89,null,0.25,null,BKN,OVC,null,null,200,1400,null,null,FG,null,null,null,null,null,null,63,KSAV 262340Z 14003KT 1/4SM R10/P6000FT FG BKN002 OVC014 17/17 A2989 RMK AO2 T01720172,null
SAV,2023-12-26 23:53,64,64,100,110,3,0,29.89,1012.1,0.12,null,VV ,null,null,null,100,null,null,null,FG,null,null,null,null,null,null,64,KSAV 262353Z 11003KT 1/8SM R10/1600V4500FT FG VV001 18/18 A2989 RMK AO2 TWR VIS 1/4 SLP121 60005 T01780178 10194 20172 53004,null
SAV,2023-12-27 0:15,64,64,100,100,4,0,29.9,null,0.25,null,OVC,null,null,null,200,null,null,null,FG,null,null,null,null,null,null,64,KSAV 270015Z 10004KT 1/4SM R10/0800V1800FT FG OVC002 18/18 A2990 RMK AO2 T01780178,null
SAV,2023-12-27 0:53,63,63,100,0,0,0,29.9,1012.4,0.25,null,VV ,null,null,null,200,null,null,null,FG,null,null,null,null,null,null,63,KSAV 270053Z 00000KT 1/4SM R10/1400V1600FT FG VV002 17/17 A2990 RMK AO2 SLP124 T01720172,null
SAV,2023-12-27 1:53,63,63,100,20,3,0,29.9,1012.5,0.12,null,BKN,null,null,null,100,null,null,null,FG,null,null,null,null,null,null,63,KSAV 270153Z COR 02003KT 1/8SM R10/1000V1400FT FG BKN001 17/17 A2990 RMK AO2 TWR VIS 1/4 SLP125 T01720172,null
SAV,2023-12-27 2:53,62,62,100,170,3,0,29.91,1012.6,0.12,null,BKN,OVC,null,null,100,300,null,null,FG,null,null,null,null,null,null,62,KSAV 270253Z 17003KT 1/8SM R10/1400V1600FT FG BKN001 OVC003 17/17 A2991 RMK AO2 TWR VIS 1/4 SLP126 T01670167 51005,null
SAV,2023-12-27 3:53,62,62,100,260,3,0,29.9,1012.5,0.12,null,BKN,BKN,null,null,200,600,null,null,FG,null,null,null,null,null,null,62,KSAV 270353Z COR 26003KT 1/8SM R10/1600V3000FT FG BKN002 BKN006 17/17 A2990 RMK AO2 TWR VIS 1/4 SLP125 T01670167,null
SAV,2023-12-27 4:53,61,61,100,0,0,0,29.88,1011.8,0.25,null,VV ,null,null,null,200,null,null,null,FG,null,null,null,null,null,null,61,KSAV 270453Z 00000KT 1/4SM R10/1600V2200FT FG VV002 16/16 A2988 RMK AO2 SLP118 LAST T01610161 401940161,null
SAV,2023-12-27 5:02,61,61,100,250,3,0,29.88,null,0.25,null,VV ,null,null,null,100,null,null,null,FG,null,null,null,null,null,null,61,KSAV 270502Z AUTO 25003KT 1/4SM R10/1400V1600FT FG VV001 16/16 A2988 RMK AO2 T01610161,null
SAV,2023-12-27 5:24,60,60,100,0,0,0,29.88,null,0.25,null,VV ,null,null,null,200,null,null,null,FG,null,null,null,null,null,null,60,KSAV 270524Z AUTO 00000KT 1/4SM R10/2000V3000FT FG VV002 16/16 A2988 RMK AO2 T01560156,null
SAV,2023-12-27 5:31,61,61,100,0,0,0,29.88,null,0.5,null,VV ,null,null,null,200,null,null,null,FG,null,null,null,null,null,null,61,KSAV 270531Z AUTO 00000KT 1/2SM R10/1800V2200FT FG VV002 16/16 A2988 RMK AO2 T01610161,null
SAV,2023-12-27 5:40,61,61,100,0,0,0,29.87,null,0.25,null,VV ,null,null,null,200,null,null,null,FG,null,null,null,null,null,null,61,KSAV 270540Z AUTO 00000KT 1/4SM R10/2200V3000FT FG VV002 16/16 A2987 RMK AO2 T01610161,null
SAV,2023-12-27 5:53,61,61,100,0,0,0,29.87,1011.3,0.5,null,VV ,null,null,null,300,null,null,null,FG,null,null,null,null,null,null,61,KSAV 270553Z AUTO 00000KT 1/2SM R10/3500V5500FT FG VV003 16/16 A2987 RMK AO2 SLP113 T01610161 10178 20156 58014,null
SAV,2023-12-27 6:11,61,61,100,300,5,0,29.87,null,1.25,null,OVC,null,null,null,300,null,null,null,BR,null,null,null,null,null,null,61,KSAV 270611Z AUTO 30005KT 1 1/4SM BR OVC003 16/16 A2987 RMK AO2 T01610161,null
SAV,2023-12-27 6:15,62,61,96.52,310,5,0,29.87,null,2,null,BKN,OVC,null,null,300,700,null,null,BR,null,null,null,null,null,null,62,KSAV 270615Z AUTO 31005KT 2SM BR BKN003 OVC007 17/16 A2987 RMK AO2 T01670161,null
SAV,2023-12-27 6:23,62,62,100,310,6,0,29.87,null,10,null,OVC,null,null,null,300,null,null,null,null,null,null,null,null,null,null,62,KSAV 270623Z AUTO 31006KT 10SM OVC003 17/17 A2987 RMK AO2 T01670167,null
SAV,2023-12-27 6:30,61,61,100,310,6,0,29.87,null,10,null,OVC,null,null,null,500,null,null,null,null,null,null,null,null,null,null,61,KSAV 270630Z AUTO 31006KT 10SM OVC005 16/16 A2987 RMK AO2 T01610161,null
SAV,2023-12-27 6:53,61,61,100,300,6,0,29.87,1011.5,10,null,OVC,null,null,null,500,null,null,null,null,null,null,null,null,null,null,61,KSAV 270653Z AUTO 30006KT 10SM OVC005 16/16 A2987 RMK AO2 SLP115 T01610161,null
SAV,2023-12-27 7:53,62,61,96.52,300,8,0,29.88,1011.9,10,null,OVC,null,null,null,700,null,null,null,null,null,null,null,null,null,null,62,KSAV 270753Z AUTO 30008KT 10SM OVC007 17/16 A2988 RMK AO2 SLP119 T01670161,null
SAV,2023-12-27 8:29,61,60,96.51,270,9,0,29.89,null,10,null,OVC,null,null,null,1000,null,null,null,null,null,null,null,null,null,null,61,KSAV 270829Z AUTO 27009KT 10SM OVC010 16/16 A2989 RMK AO2 CIG 005V013 T01610156,null
SAV,2023-12-27 8:53,61,60,96.51,270,5,0,29.88,1011.7,10,null,OVC,null,null,null,1000,null,null,null,null,null,null,null,null,null,null,61,KSAV 270853Z AUTO 27005KT 10SM OVC010 16/16 A2988 RMK AO2 CIG 008V013 SLP117 T01610156 50005,null
SAV,2023-12-27 9:20,61,60,96.51,280,4,0,29.87,null,10,null,OVC,null,null,null,900,null,null,null,null,null,null,null,null,null,null,61,KSAV 270920Z AUTO 28004KT 10SM OVC009 16/16 A2987 RMK AO2 T01610156,null
SAV,2023-12-27 9:41,60,59,96.49,280,6,0,29.87,null,10,null,OVC,null,null,null,1200,null,null,null,null,null,null,null,null,null,null,60,KSAV 270941Z AUTO 28006KT 10SM OVC012 16/15 A2987 RMK AO2 T01560150,null
SAV,2023-12-27 9:53,60,59,96.49,300,5,0,29.86,1011.2,10,null,BKN,BKN,null,null,1200,1800,null,null,null,null,null,null,null,null,null,60,KSAV 270953Z AUTO 30005KT 10SM BKN012 BKN018 16/15 A2986 RMK AO2 SLP112 T01560150,null
SAV,2023-12-27 10:13,60,59,96.49,270,4,0,29.87,null,10,null,BKN,OVC,null,null,1500,2000,null,null,null,null,null,null,null,null,null,60,KSAV 271013Z AUTO 27004KT 10SM BKN015 OVC020 16/15 A2987 RMK AO2 T01560150,null
SAV,2023-12-27 10:53,60,59,96.49,280,5,0,29.89,1011.9,10,null,SCT,BKN,null,null,1400,2400,null,null,null,null,null,null,null,null,null,60,KSAV 271053Z 28005KT 10SM SCT014 BKN024 16/15 A2989 RMK AO2 SLP119 T01560150,null
SAV,2023-12-27 11:24,60,59,96.49,260,6,0,29.88,null,10,null,SCT,OVC,null,null,500,2300,null,null,null,null,null,null,null,null,null,60,KSAV 271124Z 26006KT 10SM SCT005 OVC023 16/15 A2988 RMK AO2 T01560150,null
SAV,2023-12-27 11:53,60,59,96.49,270,9,0,29.89,1012,10,null,BKN,OVC,null,null,700,1800,null,null,null,null,null,null,null,null,null,60,KSAV 271153Z 27009KT 10SM BKN007 OVC018 16/15 A2989 RMK AO2 SLP120 70006 T01560150 10167 20156 53002,null
SAV,2023-12-27 12:12,61,58,89.84,270,8,0,29.89,null,10,null,SCT,OVC,null,null,700,1600,null,null,null,null,null,null,null,null,null,61,KSAV 271212Z 27008KT 10SM SCT007 OVC016 16/14 A2989 RMK AO2 T01610144,null
SAV,2023-12-27 12:53,60,57,89.8,270,9,0,29.89,1012.2,10,null,FEW,OVC,null,null,700,1700,null,null,null,null,null,null,null,null,null,60,KSAV 271253Z 27009KT 10SM FEW007 OVC017 16/14 A2989 RMK AO2 SLP122 T01560139,null
SAV,2023-12-27 13:37,60,56,86.61,270,10,0,29.89,null,10,null,FEW,OVC,null,null,700,1200,null,null,null,null,null,null,null,null,null,60,KSAV 271337Z 27010KT 10SM FEW007 OVC012 16/13 A2989 RMK AO2 T01560133,null
SAV,2023-12-27 13:53,60,55,83.53,280,12,0,29.9,1012.3,10,null,FEW,OVC,null,null,700,1200,null,null,null,null,null,null,null,null,null,60,KSAV 271353Z 28012KT 10SM FEW007 OVC012 16/13 A2990 RMK AO2 SLP123 T01560128,null
SAV,2023-12-27 14:53,61,55,80.61,280,10,0,29.92,1013,10,null,OVC,null,null,null,1400,null,null,null,null,null,null,null,null,null,null,61,KSAV 271453Z 28010KT 10SM OVC014 16/13 A2992 RMK AO2 SLP130 T01610128 53010,null
SAV,2023-12-27 15:34,60,55,83.53,280,11,0,29.93,null,10,null,OVC,null,null,null,1600,null,null,null,null,null,null,null,null,null,null,60,KSAV 271534Z 28011KT 10SM OVC016 16/13 A2993 RMK AO2 T01560128,null
SAV,2023-12-27 15:53,60,54,80.53,280,10,0,29.93,1013.3,10,null,BKN,OVC,null,null,1600,25000,null,null,null,null,null,null,null,null,null,60,KSAV 271553Z 28010KT 10SM BKN016 OVC250 16/12 A2993 RMK AO2 SLP133 T01560122,null
SAV,2023-12-27 16:16,63,53,69.82,300,10,0,29.91,null,10,null,SCT,BKN,null,null,1600,25000,null,null,null,null,null,null,null,null,null,63,KSAV 271616Z 30010KT 10SM SCT016 BKN250 17/12 A2991 RMK AO2 T01720117,null
SAV,2023-12-27 16:53,64,53,67.41,300,7,0,29.88,1011.7,10,null,FEW,BKN,null,null,1600,25000,null,null,null,null,null,null,null,null,null,64,KSAV 271653Z 30007KT 10SM FEW016 BKN250 18/12 A2988 RMK AO2 SLP117 T01780117,null
SAV,2023-12-27 17:53,66,53,62.87,300,11,0,29.87,1011.4,10,null,FEW,BKN,null,null,2500,25000,null,null,null,null,null,null,null,null,null,66,KSAV 271753Z 30011KT 10SM FEW025 BKN250 19/12 A2987 RMK AO2 SLP114 T01890117 10194 20156 58016,null
SAV,2023-12-27 18:53,67,51,56.41,270,10,0,29.85,1010.5,10,null,FEW,BKN,null,null,3000,25000,null,null,null,null,null,null,null,null,null,67,KSAV 271853Z 27010KT 10SM FEW030 BKN250 19/11 A2985 RMK AO2 SLP105 T01940106,null
SAV,2023-12-27 19:53,67,49,52.37,290,9,0,29.84,1010.3,10,null,FEW,BKN,null,null,3000,23000,null,null,null,null,null,null,null,null,null,67,KSAV 271953Z 29009KT 10SM FEW030 BKN230 19/09 A2984 RMK AO2 SLP103 T01940094,null
SAV,2023-12-27 20:53,66,49,54.21,280,8,0,29.85,1010.9,10,null,OVC,null,null,null,22000,null,null,null,null,null,null,null,null,null,null,66,KSAV 272053Z 28008KT 10SM OVC220 19/09 A2985 RMK AO2 SLP109 T01890094 55005,null
SAV,2023-12-27 21:53,64,50,60.34,260,5,0,29.86,1010.9,10,null,BKN,OVC,null,null,19000,22000,null,null,null,null,null,null,null,null,null,64,KSAV 272153Z 26005KT 10SM BKN190 OVC220 18/10 A2986 RMK AO2 SLP109 T01780100,null
SAV,2023-12-27 22:53,61,50,67.06,250,5,0,29.88,1011.6,10,null,BKN,OVC,null,null,19000,22000,null,null,null,null,null,null,null,null,null,61,KSAV 272253Z 25005KT 10SM BKN190 OVC220 16/10 A2988 RMK AO2 SLP116 T01610100,null
SAV,2023-12-27 23:53,62,48,60.07,240,9,0,29.89,1011.9,10,null,BKN,null,null,null,19000,null,null,null,null,null,null,null,null,null,null,62,KSAV 272353Z 24009KT 10SM BKN190 17/09 A2989 RMK AO2 SLP119 T01670089 10200 20156 53010,null
SAV,2023-12-28 0:53,60,47,62.11,260,7,0,29.89,1012.2,10,null,BKN,OVC,null,null,17000,19000,null,null,null,null,null,null,null,null,null,60,KSAV 280053Z 26007KT 10SM BKN170 OVC190 16/08 A2989 RMK AO2 SLP122 T01560083,null
SAV,2023-12-28 1:53,60,46,59.8,250,9,0,29.9,1012.6,10,null,BKN,OVC,null,null,17000,19000,null,null,null,null,null,null,null,null,null,60,KSAV 280153Z 25009KT 10SM BKN170 OVC190 16/08 A2990 RMK AO2 SLP126 T01560078,null
SAV,2023-12-28 2:53,58,45,61.85,260,7,0,29.9,1012.5,10,null,BKN,BKN,null,null,17000,19000,null,null,null,null,null,null,null,null,null,58,KSAV 280253Z 26007KT 10SM BKN170 BKN190 14/07 A2990 RMK AO2 SLP125 T01440072 50006,null
SAV,2023-12-28 3:53,58,45,61.85,260,8,0,29.91,1012.8,10,null,FEW,BKN,null,null,12000,17000,null,null,null,null,null,null,null,null,null,58,KSAV 280353Z 26008KT 10SM FEW120 BKN170 14/07 A2991 RMK AO2 SLP128 T01440072,null
SAV,2023-12-28 4:53,57,45,64.12,270,7,0,29.92,1013,10,null,SCT,BKN,null,null,12000,17000,null,null,null,null,null,null,null,null,null,57,KSAV 280453Z 27007KT 10SM SCT120 BKN170 14/07 A2992 RMK AO2 SLP130 LAST T01390072 402000139,null
SAV,2023-12-28 5:53,57,43,59.4,280,7,0,29.89,1012.1,10,null,OVC,null,null,null,12000,null,null,null,null,null,null,null,null,null,null,57,KSAV 280553Z AUTO 28007KT 10SM OVC120 14/06 A2989 RMK AO2 SLP121 T01390061 10167 20139 58004,null
SAV,2023-12-28 6:53,56,43,61.59,240,6,0,29.9,1012.6,10,null,FEW,null,null,null,10000,null,null,null,null,null,null,null,null,null,null,56,KSAV 280653Z AUTO 24006KT 10SM FEW100 13/06 A2990 RMK AO2 SLP126 T01330061,null
SAV,2023-12-28 7:53,55,44,66.36,270,6,0,29.91,1012.7,10,null,BKN,null,null,null,10000,null,null,null,null,null,null,null,null,null,null,55,KSAV 280753Z AUTO 27006KT 10SM BKN100 13/07 A2991 RMK AO2 SLP127 T01280067,null
SAV,2023-12-28 8:53,54,43,66.24,250,6,0,29.91,1012.9,10,null,FEW,null,null,null,10000,null,null,null,null,null,null,null,null,null,null,54,KSAV 280853Z AUTO 25006KT 10SM FEW100 12/06 A2991 RMK AO2 SLP129 T01220061 51008,null
SAV,2023-12-28 9:53,53,43,68.71,260,4,0,29.9,1012.2,10,null,CLR,null,null,null,null,null,null,null,null,null,null,null,null,null,null,53,KSAV 280953Z AUTO 26004KT 10SM CLR 12/06 A2990 RMK AO2 SLP122 T01170061,null
SAV,2023-12-28 10:53,53,43,68.71,260,5,0,29.92,1013.1,10,null,OVC,null,null,null,20000,null,null,null,null,null,null,null,null,null,null,53,KSAV 281053Z 26005KT 10SM OVC200 12/06 A2992 RMK AO2 SLP131 T01170061,null
SAV,2023-12-28 11:53,52,43,71.28,250,5,0,29.93,1013.3,10,null,OVC,null,null,null,19000,null,null,null,null,null,null,null,null,null,null,52,KSAV 281153Z 25005KT 10SM OVC190 11/06 A2993 RMK AO2 SLP133 T01110061 10139 20111 53004,null
SAV,2023-12-28 12:53,51,44,76.85,250,4,0,29.93,1013.3,10,null,OVC,null,null,null,18000,null,null,null,null,null,null,null,null,null,null,51,KSAV 281253Z 25004KT 10SM OVC180 11/07 A2993 RMK AO2 SLP133 T01060067,null
SAV,2023-12-28 13:53,53,44,71.39,240,4,0,29.94,1013.6,10,null,FEW,OVC,null,null,8000,17000,null,null,null,null,null,null,null,null,null,53,KSAV 281353Z 24004KT 10SM FEW080 OVC170 12/07 A2994 RMK AO2 SLP136 T01170067,null
SAV,2023-12-28 14:53,53,43,68.71,230,3,0,29.95,1014.1,10,null,SCT,OVC,null,null,11000,19000,null,null,null,null,null,null,null,null,null,53,KSAV 281453Z 23003KT 10SM SCT110 OVC190 12/06 A2995 RMK AO2 SLP141 T01170061 53008,null
SAV,2023-12-28 15:53,54,43,66.24,240,4,0,29.95,1014.1,10,null,BKN,OVC,null,null,11000,13000,null,null,null,null,null,null,null,null,null,54,KSAV 281553Z 24004KT 10SM BKN110 OVC130 12/06 A2995 RMK AO2 SLP141 T01220061,null
SAV,2023-12-28 16:53,56,43,61.59,280,4,0,29.91,1012.8,10,null,FEW,BKN,OVC,null,10000,20000,24000,null,null,null,null,null,null,null,null,56,KSAV 281653Z 28004KT 10SM FEW100 BKN200 OVC240 13/06 A2991 RMK AO2 SLP128 T01330061,null
SAV,2023-12-28 17:53,57,43,59.4,300,5,0,29.88,1011.9,10,null,FEW,BKN,null,null,18000,22000,null,null,null,null,null,null,null,null,null,57,KSAV 281753Z 30005KT 10SM FEW180 BKN220 14/06 A2988 RMK AO2 SLP119 T01390061 10144 20106 58022,null
SAV,2023-12-28 18:53,62,42,47.82,270,4,0,29.86,1011,10,null,SCT,null,null,null,22000,null,null,null,null,null,null,null,null,null,null,62,KSAV 281853Z 27004KT 10SM SCT220 17/06 A2986 RMK AO2 SLP110 T01670056,null
SAV,2023-12-28 19:53,62,42,47.82,240,5,0,29.84,1010.5,10,null,FEW,FEW,null,null,9000,22000,null,null,null,null,null,null,null,null,null,62,KSAV 281953Z 24005KT 10SM FEW090 FEW220 17/06 A2984 RMK AO2 SLP105 T01670056,null
SAV,2023-12-28 20:53,63,41,44.41,220,8,0,29.85,1010.6,10,null,FEW,FEW,null,null,9000,22000,null,null,null,null,null,null,null,null,null,63,KSAV 282053Z 22008KT 10SM FEW090 FEW220 17/05 A2985 RMK AO2 SLP106 T01720050 55013,null
SAV,2023-12-28 21:53,62,43,49.69,230,5,0,29.85,1010.8,10,null,FEW,FEW,null,null,9000,22000,null,null,null,null,null,null,null,null,null,62,KSAV 282153Z 23005KT 10SM FEW090 FEW220 17/06 A2985 RMK AO2 SLP108 T01670061,null
SAV,2023-12-28 22:53,56,46,69.05,180,8,0,29.87,1011.2,10,null,FEW,null,null,null,10000,null,null,null,null,null,null,null,null,null,null,56,KSAV 282253Z 18008KT 10SM FEW100 13/08 A2987 RMK AO2 SLP112 T01330078 $,null
SAV,2023-12-28 23:53,54,45,71.5,180,8,0,29.88,1011.7,10,null,CLR,null,null,null,null,null,null,null,null,null,null,null,null,null,null,54,KSAV 282353Z 18008KT 10SM CLR 12/07 A2988 RMK AO2 SLP117 T01220072 10178 20122 53011 $,null
SAV,2023-12-29 0:53,52,46,79.92,180,7,0,29.88,1011.8,10,null,CLR,null,null,null,null,null,null,null,null,null,null,null,null,null,null,52,KSAV 290053Z 18007KT 10SM CLR 11/08 A2988 RMK AO2 SLP118 T01110078 $,null
SAV,2023-12-29 1:53,51,46,82.93,180,6,0,29.88,1011.7,10,null,CLR,null,null,null,null,null,null,null,null,null,null,null,null,null,null,51,KSAV 290153Z 18006KT 10SM CLR 11/08 A2988 RMK AO2 SLP117 T01060078 $,null
SAV,2023-12-29 2:53,52,47,82.99,190,7,0,29.88,1011.9,10,null,CLR,null,null,null,null,null,null,null,null,null,null,null,null,null,null,52,KSAV 290253Z 19007KT 10SM CLR 11/08 A2988 RMK AO2 SLP119 T01110083 53002 $,null
SAV,2023-12-29 3:53,52,46,79.92,200,7,0,29.88,1011.7,10,null,FEW,FEW,null,null,4800,6000,null,null,null,null,null,null,null,null,null,52,KSAV 290353Z 20007KT 10SM FEW048 FEW060 11/08 A2988 RMK AO2 SLP117 T01110078 $,null
SAV,2023-12-29 4:53,52,46,79.92,200,7,0,29.86,1011.2,10,null,CLR,null,null,null,null,null,null,null,null,null,null,null,null,null,null,52,KSAV 290453Z 20007KT 10SM CLR 11/08 A2986 RMK AO2 SLP112 LAST T01110078 401780100 $,null
SAV,2023-12-29 5:53,53,47,80,220,10,0,29.85,1010.7,10,null,BKN,null,null,null,6000,null,null,null,null,null,null,null,null,null,null,53,KSAV 290553Z AUTO 22010KT 10SM BKN060 12/08 A2985 RMK AO2 SLP107 T01170083 10122 20100 58012 $,null
SAV,2023-12-29 6:53,51,46,82.93,230,9,0,29.84,1010.4,10,null,FEW,null,null,null,5500,null,null,null,null,null,null,null,null,null,null,51,KSAV 290653Z AUTO 23009KT 10SM FEW055 11/08 A2984 RMK AO2 SLP104 T01060078 $,null
SAV,2023-12-29 7:53,49,45,86,250,7,0,29.85,1010.8,10,null,CLR,null,null,null,null,null,null,null,null,null,null,null,null,null,null,45.5,KSAV 290753Z AUTO 25007KT 10SM CLR 09/07 A2985 RMK AO2 SLP108 T00940072 $,null
SAV,2023-12-29 8:53,47,41,79.52,280,9,0,29.87,1011.3,10,null,CLR,null,null,null,null,null,null,null,null,null,null,null,null,null,null,42.17,KSAV 290853Z AUTO 28009KT 10SM CLR 08/05 A2987 RMK AO2 SLP113 T00830050 53006 $,null
SAV,2023-12-29 9:53,45,38,76.31,270,8,0,29.88,1011.6,10,null,CLR,null,null,null,null,null,null,null,null,null,null,null,null,null,null,40.13,KSAV 290953Z AUTO 27008KT 10SM CLR 07/03 A2988 RMK AO2 SLP116 T00720033 $,null
SAV,2023-12-29 10:53,44,37,76.22,270,8,0,29.91,1012.7,10,null,CLR,null,null,null,null,null,null,null,null,null,null,null,null,null,null,38.9,KSAV 291053Z 27008KT 10SM CLR 07/03 A2991 RMK AO2 SLP127 T00670028 $,null
SAV,2023-12-29 11:53,42,36,79.11,260,10,0,29.94,1013.7,10,null,FEW,null,null,null,5000,null,null,null,null,null,null,null,null,null,null,35.51,KSAV 291153Z 26010KT 10SM FEW050 06/02 A2994 RMK AO2 SLP137 T00560022 10117 20056 53024,null
SAV,2023-12-29 12:53,42,35,76.03,270,10,0,29.95,1014.2,10,null,FEW,null,null,null,25000,null,null,null,null,null,null,null,null,null,null,35.51,KSAV 291253Z 27010KT 10SM FEW250 06/02 A2995 RMK AO2 SLP142 T00560017,null
SAV,2023-12-29 13:53,44,33,65.01,280,11,0,29.99,1015.3,10,null,FEW,null,null,null,25000,null,null,null,null,null,null,null,null,null,null,37.63,KSAV 291353Z 28011KT 10SM FEW250 07/01 A2999 RMK AO2 SLP153 T00670006,null
SAV,2023-12-29 14:53,46,32,57.87,280,13,0,29.99,1015.5,10,20,FEW,null,null,null,25000,null,null,null,null,null,null,null,null,null,null,39.5,KSAV 291453Z 28013G20KT 10SM FEW250 08/00 A2999 RMK AO2 SLP155 T00780000 51019,null
SAV,2023-12-29 15:53,49,31,49.65,270,14,0,29.99,1015.3,10,23,FEW,FEW,null,null,3600,25000,null,null,null,null,null,null,null,null,null,43.08,KSAV 291553Z 27014G23KT 10SM FEW036 FEW250 09/M01 A2999 RMK AO2 SLP153 T00941006,null
SAV,2023-12-29 16:53,50,28,42.33,290,14,0,29.97,1014.6,10,26,FEW,SCT,null,null,4000,25000,null,null,null,null,null,null,26,260,2023-12-29 16:48,50,KSAV 291653Z 29014G26KT 10SM FEW040 SCT250 10/M02 A2997 RMK AO2 PK WND 26026/1648 SLP146 T01001022,null
SAV,2023-12-29 17:53,51,28,40.78,300,17,0,29.94,1013.7,10,22,SCT,SCT,null,null,5000,25000,null,null,null,null,null,null,27,270,2023-12-29 17:18,51,KSAV 291753Z 30017G22KT 10SM SCT050 SCT250 11/M02 A2994 RMK AO2 PK WND 27027/1718 SLP137 T01061022 10111 20050 58018,null
SAV,2023-12-29 18:53,53,28,37.88,300,15,0,29.93,1013.5,10,26,SCT,SCT,null,null,5500,25000,null,null,null,null,null,null,28,310,2023-12-29 18:36,53,KSAV 291853Z 30015G26KT 10SM SCT055 SCT250 12/M02 A2993 RMK AO2 PK WND 31028/1836 SLP135 T01171022,null
SAV,2023-12-29 19:53,53,27,36.36,290,16,0,29.94,1013.8,10,null,BKN,BKN,null,null,5500,25000,null,null,null,null,null,null,27,290,2023-12-29 19:03,53,KSAV 291953Z 29016KT 10SM BKN055 BKN250 12/M03 A2994 RMK AO2 PK WND 29027/1903 SLP138 T01171028,null
SAV,2023-12-29 20:53,51,27,39.14,300,14,0,29.95,1014.2,10,null,SCT,SCT,null,null,6000,25000,null,null,null,null,null,null,null,null,null,51,KSAV 292053Z 30014KT 10SM SCT060 SCT250 11/M03 A2995 RMK AO2 SLP142 T01061028 53005,null
SAV,2023-12-29 21:53,50,28,42.33,270,10,0,29.96,1014.4,10,null,FEW,FEW,null,null,6000,25000,null,null,null,null,null,null,null,null,null,50,KSAV 292153Z 27010KT 10SM FEW060 FEW250 10/M02 A2996 RMK AO2 SLP144 T01001022,null
SAV,2023-12-29 22:53,46,29,51.24,260,4,0,29.97,1014.9,10,null,FEW,FEW,null,null,6000,25000,null,null,null,null,null,null,null,null,null,43.77,KSAV 292253Z 26004KT 10SM FEW060 FEW250 08/M02 A2997 RMK AO2 SLP149 T00781017,null
SAV,2023-12-29 23:53,44,30,57.59,260,6,0,30,1015.8,10,null,CLR,null,null,null,null,null,null,null,null,null,null,null,null,null,null,39.98,KSAV 292353Z 26006KT 10SM CLR 07/M01 A3000 RMK AO2 SLP158 T00671011 10117 20067 53014,null
SAV,2023-12-30 0:53,44,31,59.97,250,6,0,30.02,1016.5,10,null,CLR,null,null,null,null,null,null,null,null,null,null,null,null,null,null,39.98,KSAV 300053Z 25006KT 10SM CLR 07/M01 A3002 RMK AO2 SLP165 T00671006,null
SAV,2023-12-30 1:53,41,31,67.3,270,6,0,30.04,1017.4,10,null,CLR,null,null,null,null,null,null,null,null,null,null,null,null,null,null,36.37,KSAV 300153Z 27006KT 10SM CLR 05/M01 A3004 RMK AO2 SLP174 T00501006,null
SAV,2023-12-30 2:53,40,32,72.85,260,4,0,30.07,1018.2,10,null,CLR,null,null,null,null,null,null,null,null,null,null,null,null,null,null,36.76,KSAV 300253Z 26004KT 10SM CLR 04/00 A3007 RMK AO2 SLP182 T00440000 53024,null
SAV,2023-12-30 3:53,41,31,67.3,220,4,0,30.06,1018,10,null,CLR,null,null,null,null,null,null,null,null,null,null,null,null,null,null,37.93,KSAV 300353Z 22004KT 10SM CLR 05/M01 A3006 RMK AO2 SLP180 T00501006,null
SAV,2023-12-30 4:53,39,31,72.75,240,4,0,30.07,1018.3,10,null,CLR,null,null,null,null,null,null,null,null,null,null,null,null,null,null,35.59,KSAV 300453Z 24004KT 10SM CLR 04/M01 A3007 RMK AO2 SLP183 LAST T00391006 401170033,null
SAV,2023-12-30 5:53,39,31,72.75,210,5,0,30.07,1018.3,10,null,CLR,null,null,null,null,null,null,null,null,null,null,null,null,null,null,34.71,KSAV 300553Z AUTO 21005KT 10SM CLR 04/M01 A3007 RMK AO2 SLP183 T00391006 10067 20033 53001,null
SAV,2023-12-30 6:53,37,31,78.69,260,4,0,30.06,1017.9,10,null,CLR,null,null,null,null,null,null,null,null,null,null,null,null,null,null,33.26,KSAV 300653Z AUTO 26004KT 10SM CLR 03/M01 A3006 RMK AO2 SLP179 T00281006,null
SAV,2023-12-30 7:53,36,31,81.86,250,4,0,30.08,1018.5,10,null,CLR,null,null,null,null,null,null,null,null,null,null,null,null,null,null,32.09,KSAV 300753Z AUTO 25004KT 10SM CLR 02/M01 A3008 RMK AO2 SLP185 T00221006,null
SAV,2023-12-30 8:53,37,31,78.69,210,3,0,30.07,1018.3,10,null,FEW,null,null,null,6000,null,null,null,null,null,null,null,null,null,null,34.4,KSAV 300853Z AUTO 21003KT 10SM FEW060 03/M01 A3007 RMK AO2 SLP183 T00281006 56001,null
SAV,2023-12-30 9:53,36,31,81.86,240,3,0,30.07,1018.3,10,null,CLR,null,null,null,null,null,null,null,null,null,null,null,null,null,null,33.26,KSAV 300953Z AUTO 24003KT 10SM CLR 02/M01 A3007 RMK AO2 SLP183 T00221006,null
SAV,2023-12-30 10:53,37,32,81.93,230,3,0,30.07,1018.3,10,null,BKN,null,null,null,7500,null,null,null,null,null,null,null,null,null,null,34.4,KSAV 301053Z 23003KT 10SM BKN075 03/00 A3007 RMK AO2 SLP183 T00280000,null
SAV,2023-12-30 11:53,36,31,81.86,230,4,0,30.08,1018.6,10,null,FEW,null,null,null,25000,null,null,null,null,null,null,null,null,null,null,32.09,KSAV 301153Z 23004KT 10SM FEW250 02/M01 A3008 RMK AO2 SLP186 T00221006 10039 20022 53003,null
SAV,2023-12-30 12:53,36,32,85.23,250,4,0,30.09,1019,10,null,FEW,FEW,null,null,7500,25000,null,null,null,null,null,null,null,null,null,32.09,KSAV 301253Z 25004KT 10SM FEW075 FEW250 02/00 A3009 RMK AO2 SLP190 T00220000,null
SAV,2023-12-30 13:53,42,34,73.06,230,6,0,30.1,1019.2,10,null,FEW,BKN,BKN,null,11000,13000,25000,null,null,null,null,null,null,null,null,37.57,KSAV 301353Z 23006KT 10SM FEW110 BKN130 BKN250 06/01 A3010 RMK AO2 SLP192 T00560011,null
SAV,2023-12-30 14:53,46,33,60.25,260,11,0,30.1,1019.4,10,null,SCT,SCT,null,null,11000,14000,null,null,null,null,null,null,null,null,null,40.16,KSAV 301453Z 26011KT 10SM SCT110 SCT140 08/01 A3010 RMK AO2 SLP194 T00780006 51008,null
SAV,2023-12-30 15:53,50,32,49.81,270,11,0,30.09,1018.9,10,null,FEW,null,null,null,11000,null,null,null,null,null,null,null,null,null,null,50,KSAV 301553Z 27011KT 10SM FEW110 10/00 A3009 RMK AO2 SLP189 T01000000,null
SAV,2023-12-30 16:53,53,32,44.58,280,16,0,30.06,1018,10,21,FEW,null,null,null,4700,null,null,null,null,null,null,null,null,null,null,53,KSAV 301653Z 28016G21KT 10SM FEW047 12/00 A3006 RMK AO2 SLP180 T01170000,null
SAV,2023-12-30 17:53,53,31,42.81,290,13,0,30.04,1017.4,10,null,BKN,BKN,null,null,4700,5500,null,null,null,null,null,null,null,null,null,53,KSAV 301753Z 29013KT 10SM BKN047 BKN055 12/M01 A3004 RMK AO2 SLP174 T01171006 10133 20017 58020,null
SAV,2023-12-30 18:53,55,31,39.8,280,15,0,30.03,1016.8,10,23,BKN,null,null,null,5500,null,null,null,null,null,null,null,null,null,null,55,KSAV 301853Z 28015G23KT 10SM BKN055 13/M01 A3003 RMK AO2 SLP168 T01281006,null
SAV,2023-12-30 19:53,56,32,39.96,290,13,0,30.03,1016.8,10,null,SCT,null,null,null,5000,null,null,null,null,null,null,null,null,null,null,56,KSAV 301953Z 29013KT 10SM SCT050 13/00 A3003 RMK AO2 SLP168 T01330000,null
SAV,2023-12-30 20:53,54,31,41.27,300,13,0,30.04,1017.3,10,19,FEW,null,null,null,5000,null,null,null,null,null,null,null,null,null,null,54,KSAV 302053Z 30013G19KT 10SM FEW050 12/M01 A3004 RMK AO2 SLP173 T01221006 55001,null
SAV,2023-12-30 21:53,53,32,44.58,280,11,0,30.06,1018,10,null,FEW,null,null,null,5000,null,null,null,null,null,null,null,null,null,null,53,KSAV 302153Z 28011KT 10SM FEW050 12/00 A3006 RMK AO2 SLP180 T01170000,null
SAV,2023-12-30 22:53,49,32,51.7,290,5,0,30.09,1018.8,10,null,FEW,null,null,null,2500,null,null,null,null,null,null,null,null,null,null,46.58,KSAV 302253Z 29005KT 10SM FEW025 09/00 A3009 RMK AO2 SLP188 T00940000,null
SAV,2023-12-30 23:53,46,34,62.71,290,3,0,30.12,1019.8,10,null,CLR,null,null,null,null,null,null,null,null,null,null,null,null,null,null,44.69,KSAV 302353Z 29003KT 10SM CLR 08/01 A3012 RMK AO2 SLP198 T00780011 10133 20078 53025,null
SAV,2023-12-31 0:53,44,33,65.01,260,4,0,30.13,1020.4,10,null,CLR,null,null,null,null,null,null,null,null,null,null,null,null,null,null,41.43,KSAV 310053Z 26004KT 10SM CLR 07/01 A3013 RMK AO2 SLP204 T00670006,null
SAV,2023-12-31 1:53,41,33,72.96,270,4,0,30.15,1020.8,10,null,CLR,null,null,null,null,null,null,null,null,null,null,null,null,null,null,37.93,KSAV 310153Z 27004KT 10SM CLR 05/01 A3015 RMK AO2 SLP208 T00500006,null
SAV,2023-12-31 2:53,42,33,70.19,270,5,0,30.15,1021.1,10,null,CLR,null,null,null,null,null,null,null,null,null,null,null,null,null,null,38.27,KSAV 310253Z 27005KT 10SM CLR 06/01 A3015 RMK AO2 SLP211 T00560006 51013,null
SAV,2023-12-31 3:53,41,32,70.08,270,3,0,30.15,1021.1,10,null,CLR,null,null,null,null,null,null,null,null,null,null,null,null,null,null,38.98,KSAV 310353Z 27003KT 10SM CLR 05/00 A3015 RMK AO2 SLP211 T00500000,null
SAV,2023-12-31 4:53,41,32,70.08,240,4,0,30.16,1021.1,10,null,CLR,null,null,null,null,null,null,null,null,null,null,null,null,null,null,37.93,KSAV 310453Z 24004KT 10SM CLR 05/00 A3016 RMK AO2 SLP211 LAST T00500000 401330017,null
SAV,2023-12-31 5:53,37,32,81.93,0,0,0,30.16,1021.2,10,null,CLR,null,null,null,null,null,null,null,null,null,null,null,null,null,null,37,KSAV 310553Z AUTO 00000KT 10SM CLR 03/00 A3016 RMK AO2 SLP212 T00280000 10078 20028 51002,null
SAV,2023-12-31 6:53,37,32,81.93,0,0,0,30.17,1021.7,10,null,CLR,null,null,null,null,null,null,null,null,null,null,null,null,null,null,37,KSAV 310653Z AUTO 00000KT 10SM CLR 03/00 A3017 RMK AO2 SLP217 T00280000,null
SAV,2023-12-31 7:53,36,31,81.86,0,0,0,30.16,1021.3,10,null,CLR,null,null,null,null,null,null,null,null,null,null,null,null,null,null,36,KSAV 310753Z AUTO 00000KT 10SM CLR 02/M01 A3016 RMK AO2 SLP213 T00221006,null
SAV,2023-12-31 8:53,34,30,85.11,260,4,0,30.16,1021.4,10,null,CLR,null,null,null,null,null,null,null,null,null,null,null,null,null,null,29.76,KSAV 310853Z AUTO 26004KT 10SM CLR 01/M01 A3016 RMK AO2 SLP214 T00111011 51002,null
SAV,2023-12-31 9:53,36,31,81.86,270,4,0,30.16,1021.3,10,null,CLR,null,null,null,null,null,null,null,null,null,null,null,null,null,null,32.09,KSAV 310953Z AUTO 27004KT 10SM CLR 02/M01 A3016 RMK AO2 SLP213 T00221006,null
SAV,2023-12-31 10:53,36,31,81.86,260,3,0,30.18,1021.8,10,null,CLR,null,null,null,null,null,null,null,null,null,null,null,null,null,null,33.26,KSAV 311053Z 26003KT 10SM CLR 02/M01 A3018 RMK AO2 SLP218 T00221006,null
SAV,2023-12-31 11:53,35,30,81.78,220,3,0,30.19,1022.5,10,null,CLR,null,null,null,null,null,null,null,null,null,null,null,null,null,null,32.12,KSAV 311153Z 22003KT 10SM CLR 02/M01 A3019 RMK AO2 SLP225 T00171011 10033 20011 53010,null
SAV,2023-12-31 12:53,34,31,88.63,240,4,0,30.21,1023,10,null,CLR,null,null,null,null,null,null,null,null,null,null,null,null,null,null,29.76,KSAV 311253Z 24004KT 10SM CLR 01/M01 A3021 RMK AO2 SLP230 T00111006,null
SAV,2023-12-31 13:53,39,33,78.86,260,4,0,30.22,1023.3,10,null,CLR,null,null,null,null,null,null,null,null,null,null,null,null,null,null,35.59,KSAV 311353Z 26004KT 10SM CLR 04/01 A3022 RMK AO2 SLP233 T00390006,null
SAV,2023-12-31 14:53,45,34,65.13,270,8,0,30.23,1023.8,10,null,CLR,null,null,null,null,null,null,null,null,null,null,null,null,null,null,40.13,KSAV 311453Z 27008KT 10SM CLR 07/01 A3023 RMK AO2 SLP238 T00720011 51013,null
SAV,2023-12-31 15:53,49,35,58.3,280,10,0,30.24,1024.2,10,null,CLR,null,null,null,null,null,null,null,null,null,null,null,null,null,null,44.29,KSAV 311553Z 28010KT 10SM CLR 09/02 A3024 RMK AO2 SLP242 T00940017,null
SAV,2023-12-31 16:53,53,35,50.27,260,8,0,30.22,1023.2,10,null,CLR,null,null,null,null,null,null,null,null,null,null,null,null,null,null,53,KSAV 311653Z 26008KT 10SM CLR 12/02 A3022 RMK AO2 SLP232 T01170017,null
SAV,2023-12-31 17:53,56,34,43.3,260,12,0,30.18,1022,10,null,CLR,null,null,null,null,null,null,null,null,null,null,null,null,null,null,56,KSAV 311753Z 26012KT 10SM CLR 13/01 A3018 RMK AO2 SLP220 T01330011 10133 20006 58017,null
SAV,2023-12-31 18:53,57,33,40.12,280,9,0,30.15,1020.7,10,null,CLR,null,null,null,null,null,null,null,null,null,null,null,null,null,null,57,KSAV 311853Z 28009KT 10SM CLR 14/01 A3015 RMK AO2 SLP207 T01390006,null
SAV,2023-12-31 19:53,58,33,38.7,260,11,0,30.14,1020.4,10,null,CLR,null,null,null,null,null,null,null,null,null,null,null,null,null,null,58,KSAV 311953Z 26011KT 10SM CLR 14/01 A3014 RMK AO2 SLP204 T01440006,null
SAV,2023-12-31 20:53,58,33,38.7,260,9,0,30.14,1020.7,10,null,CLR,null,null,null,null,null,null,null,null,null,null,null,null,null,null,58,KSAV 312053Z 26009KT 10SM CLR 14/01 A3014 RMK AO2 SLP207 T01440006 55014,null
SAV,2023-12-31 21:53,56,35,45.06,260,7,0,30.16,1021.2,10,null,FEW,FEW,null,null,0,25000,null,null,null,null,null,null,null,null,null,56,KSAV 312153Z COR 26007KT 10SM FEW000 FEW250 13/02 A3016 RMK AO2 SLP212 FU FEW000 T01330017,null
SAV,2023-12-31 22:53,53,34,48.3,210,4,0,30.17,1021.6,10,null,FEW,null,null,null,0,null,null,null,null,null,null,null,null,null,null,53,KSAV 312253Z 21004KT 10SM FEW000 12/01 A3017 RMK AO2 SLP216 FU FEW000 T01170011,null
SAV,2023-12-31 23:53,47,35,62.84,210,5,0,30.17,1021.8,10,null,FEW,null,null,null,0,null,null,null,null,null,null,null,null,null,null,44.21,KSAV 312353Z COR 21005KT 10SM FEW000 08/02 A3017 RMK AO2 SLP218 FU FEW000 T00830017 10150 20083 51010,null
SAV,2024-12-01 0:53,40,31,69.97,0,0,0,30.26,1024.7,10,null,CLR,null,null,null,null,null,null,null,null,null,null,null,null,null,null,40,KSAV 010053Z 00000KT 10SM CLR 04/M01 A3026 RMK AO2 SLP247 T00441006,null
SAV,2024-12-01 1:53,39,31,72.75,0,0,0,30.27,1024.9,10,null,CLR,null,null,null,null,null,null,null,null,null,null,null,null,null,null,39,KSAV 010153Z 00000KT 10SM CLR 04/M01 A3027 RMK AO2 SLP249 T00391006,null
SAV,2024-12-01 2:53,36,31,81.86,0,0,0,30.27,1025.1,10,null,CLR,null,null,null,null,null,null,null,null,null,null,null,null,null,null,36,KSAV 010253Z 00000KT 10SM CLR 02/M01 A3027 RMK AO2 SLP251 T00221006 51008,null
SAV,2024-12-01 3:53,36,32,85.23,0,0,0,30.27,1024.9,10,null,CLR,null,null,null,null,null,null,null,null,null,null,null,null,null,null,36,KSAV 010353Z 00000KT 10SM CLR 02/00 A3027 RMK AO2 SLP249 T00220000,null
SAV,2024-12-01 4:53,36,31,81.86,0,0,0,30.26,1024.6,10,null,CLR,null,null,null,null,null,null,null,null,null,null,null,null,null,null,36,KSAV 010453Z 00000KT 10SM CLR 02/M01 A3026 RMK AO2 SLP246 LAST T00221006 401281006,null
SAV,2024-12-01 5:53,33,29,85.04,280,3,0,30.27,1025,10,null,CLR,null,null,null,null,null,null,null,null,null,null,null,null,null,null,29.83,KSAV 010553Z AUTO 28003KT 10SM CLR 01/M02 A3027 RMK AO2 SLP250 T00061017 10061 20006 55002,null
SAV,2024-12-01 6:53,33,30,88.58,250,3,0,30.26,1024.7,4,null,CLR,null,null,null,null,null,null,null,BR,null,null,null,null,null,null,29.83,KSAV 010653Z AUTO 25003KT 4SM BR CLR 01/M01 A3026 RMK AO2 SLP247 T00061011,null
SAV,2024-12-01 7:53,32,29,88.53,0,0,0,30.26,1024.7,3,null,CLR,null,null,null,null,null,null,null,BR,null,null,null,null,null,null,32,KSAV 010753Z AUTO 00000KT 3SM BR CLR 00/M02 A3026 RMK AO2 SLP247 T00001017,null
SAV,2024-12-01 8:53,32,29,88.53,0,0,0,30.25,1024.4,3,null,CLR,null,null,null,null,null,null,null,BR,null,null,null,null,null,null,32,KSAV 010853Z AUTO 00000KT 3SM R10/5000VP6000FT BR CLR 00/M02 A3025 RMK AO2 SLP244 T00001017 57006,null
SAV,2024-12-01 9:37,32,28,84.98,0,0,0,30.24,null,2.5,null,CLR,null,null,null,null,null,null,null,BR,null,null,null,null,null,null,32,KSAV 010937Z AUTO 00000KT 2 1/2SM BR CLR 00/M02 A3024 RMK AO2 T00001022,null
SAV,2024-12-01 9:45,32,29,88.53,0,0,0,30.24,null,3,null,CLR,null,null,null,null,null,null,null,BR,null,null,null,null,null,null,32,KSAV 010945Z AUTO 00000KT 3SM BR CLR 00/M02 A3024 RMK AO2 T00001017,null
SAV,2024-12-01 9:53,32,29,88.53,0,0,0,30.24,1024.2,3,null,CLR,null,null,null,null,null,null,null,BR,null,null,null,null,null,null,32,KSAV 010953Z AUTO 00000KT 3SM BR CLR 00/M02 A3024 RMK AO2 SLP242 T00001017,null
SAV,2024-12-01 10:53,31,28,88.48,0,0,0,30.25,1024.5,10,null,CLR,null,null,null,null,null,null,null,MIFG,null,null,null,null,null,null,31,KSAV 011053Z 00000KT 10SM MIFG CLR M01/M02 A3025 RMK AO2 SLP245 T10061022,null
SAV,2024-12-01 11:53,32,28,84.98,0,0,0,30.27,1024.9,10,null,CLR,null,null,null,null,null,null,null,MIFG,null,null,null,null,null,null,32,KSAV 011153Z 00000KT 10SM MIFG CLR 00/M02 A3027 RMK AO2 SLP249 T00001022 10011 21006 53005,null
SAV,2024-12-01 12:53,33,30,88.58,0,0,0,30.28,1025.3,8,null,CLR,null,null,null,null,null,null,null,null,null,null,null,null,null,null,33,KSAV 011253Z 00000KT 8SM CLR 01/M01 A3028 RMK AO2 SLP253 T00061011,null
SAV,2024-12-01 13:53,41,34,75.94,0,0,0,30.29,1025.6,10,null,FEW,null,null,null,200,null,null,null,null,null,null,null,null,null,null,41,KSAV 011353Z 00000KT 10SM FEW002 05/01 A3029 RMK AO2 SLP256 FU FEW002 T00500011,null
SAV,2024-12-01 14:53,48,33,55.87,340,4,0,30.29,1025.6,10,null,FEW,null,null,null,200,null,null,null,null,null,null,null,null,null,null,46.1,KSAV 011453Z 34004KT 10SM FEW002 09/01 A3029 RMK AO2 SLP256 FU FEW002 T00890006 51007,null
SAV,2024-12-01 15:53,53,26,34.88,null,4,0,30.27,1025.2,10,null,FEW,FEW,null,null,200,25000,null,null,null,null,null,null,null,null,null,53,KSAV 011553Z VRB04KT 10SM FEW002 FEW250 12/M03 A3027 RMK AO2 SLP252 FU FEW002 T01171033,null
SAV,2024-12-01 16:53,56,26,31.27,310,6,0,30.25,1024.4,10,null,FEW,null,null,null,25000,null,null,null,null,null,null,null,null,null,null,56,KSAV 011653Z 31006KT 10SM FEW250 13/M03 A3025 RMK AO2 SLP244 T01331033,null
SAV,2024-12-01 17:53,58,26,29.09,320,8,0,30.22,1023.3,10,null,FEW,null,null,null,25000,null,null,null,null,null,null,null,null,null,null,58,KSAV 011753Z 32008KT 10SM FEW250 14/M03 A3022 RMK AO2 SLP233 T01441033 10144 21006 58023,null
SAV,2024-12-01 18:53,59,26,28.07,320,3,0,30.19,1022.4,10,null,FEW,null,null,null,25000,null,null,null,null,null,null,null,null,null,null,59,KSAV 011853Z 32003KT 10SM FEW250 15/M03 A3019 RMK AO2 SLP224 T01501033,null
SAV,2024-12-01 19:53,60,27,28.23,null,4,0,30.18,1021.9,10,null,FEW,null,null,null,25000,null,null,null,null,null,null,null,null,null,null,60,KSAV 011953Z VRB04KT 10SM FEW250 16/M03 A3018 RMK AO2 SLP219 T01561028,null
SAV,2024-12-01 20:53,59,27,29.25,280,4,0,30.17,1021.7,10,null,FEW,null,null,null,25000,null,null,null,null,null,null,null,null,null,null,59,KSAV 012053Z 28004KT 10SM FEW250 15/M03 A3017 RMK AO2 SLP217 T01501028 56016,null
SAV,2024-12-01 21:53,56,29,35.38,260,5,0,30.18,1021.9,10,null,FEW,null,null,null,25000,null,null,null,null,null,null,null,null,null,null,56,KSAV 012153Z 26005KT 10SM FEW250 13/M02 A3018 RMK AO2 SLP219 T01331017,null
SAV,2024-12-01 22:53,49,34,56.02,0,0,0,30.19,1022.4,10,null,FEW,null,null,null,25000,null,null,null,null,null,null,null,null,null,null,49,KSAV 012253Z 00000KT 10SM FEW250 09/01 A3019 RMK AO2 SLP224 T00940011,null
SAV,2024-12-01 23:53,46,35,65.26,0,0,0,30.2,1022.8,10,null,CLR,null,null,null,null,null,null,null,null,null,null,null,null,null,null,46,KSAV 012353Z 00000KT 10SM CLR 08/02 A3020 RMK AO2 SLP228 T00780017 10156 20078 53010,null
SAV,2024-12-02 0:53,44,35,70.42,0,0,0,30.21,1023.1,10,null,CLR,null,null,null,null,null,null,null,null,null,null,null,null,null,null,44,KSAV 020053Z 00000KT 10SM CLR 07/02 A3021 RMK AO2 SLP231 T00670017,null
SAV,2024-12-02 1:53,42,35,76.03,280,3,0,30.23,1023.5,10,null,CLR,null,null,null,null,null,null,null,null,null,null,null,null,null,null,40.12,KSAV 020153Z 28003KT 10SM CLR 06/02 A3023 RMK AO2 SLP235 T00560017,null
SAV,2024-12-02 2:53,43,34,70.3,260,3,0,30.23,1023.6,10,null,CLR,null,null,null,null,null,null,null,null,null,null,null,null,null,null,41.26,KSAV 020253Z 26003KT 10SM CLR 06/01 A3023 RMK AO2 SLP236 T00610011 51008,null
SAV,2024-12-02 3:53,40,33,75.84,0,0,0,30.24,1023.8,10,null,CLR,null,null,null,null,null,null,null,null,null,null,null,null,null,null,40,KSAV 020353Z 00000KT 10SM CLR 04/01 A3024 RMK AO2 SLP238 T00440006,null
SAV,2024-12-02 4:53,39,34,82.08,280,4,0,30.23,1023.7,10,null,CLR,null,null,null,null,null,null,null,null,null,null,null,null,null,null,35.59,KSAV 020453Z 28004KT 10SM CLR 04/01 A3023 RMK AO2 SLP237 LAST T00390011 401561006,null
SAV,2024-12-02 5:53,41,32,70.08,0,0,0,30.23,1023.6,10,null,CLR,null,null,null,null,null,null,null,null,null,null,null,null,null,null,41,KSAV 020553Z AUTO 00000KT 10SM CLR 05/00 A3023 RMK AO2 SLP236 T00500000 10078 20033 50001,null
SAV,2024-12-02 6:53,38,31,75.65,250,3,0,30.23,1023.5,10,null,CLR,null,null,null,null,null,null,null,null,null,null,null,null,null,null,35.55,KSAV 020653Z AUTO 25003KT 10SM CLR 03/M01 A3023 RMK AO2 SLP235 T00331006,null
SAV,2024-12-02 7:53,38,31,75.65,0,0,0,30.23,1023.6,10,null,CLR,null,null,null,null,null,null,null,null,null,null,null,null,null,null,38,KSAV 020753Z AUTO 00000KT 10SM CLR 03/M01 A3023 RMK AO2 SLP236 T00331006,null
SAV,2024-12-02 8:53,35,32,88.68,0,0,0,30.23,1023.7,10,null,CLR,null,null,null,null,null,null,null,null,null,null,null,null,null,null,35,KSAV 020853Z AUTO 00000KT 10SM CLR 02/00 A3023 RMK AO2 SLP237 T00170000 53002,null
SAV,2024-12-02 9:53,35,31,85.17,280,3,0,30.24,1024.1,10,null,CLR,null,null,null,null,null,null,null,null,null,null,null,null,null,null,32.12,KSAV 020953Z AUTO 28003KT 10SM CLR 02/M01 A3024 RMK AO2 SLP241 T00171006,null
SAV,2024-12-02 10:53,37,29,72.54,0,0,0,30.26,1024.8,10,null,CLR,null,null,null,null,null,null,null,null,null,null,null,null,null,null,37,KSAV 021053Z 00000KT 10SM CLR 03/M02 A3026 RMK AO2 SLP248 T00281017,null
SAV,2024-12-02 11:53,35,29,78.51,0,0,0,30.29,1025.7,10,null,CLR,null,null,null,null,null,null,null,null,null,null,null,null,null,null,35,KSAV 021153Z 00000KT 10SM CLR 02/M02 A3029 RMK AO2 SLP257 T00171017 10050 20011 53019,null
SAV,2024-12-02 12:53,38,30,72.64,330,4,0,30.32,1026.6,10,null,CLR,null,null,null,null,null,null,null,null,null,null,null,null,null,null,34.43,KSAV 021253Z 33004KT 10SM CLR 03/M01 A3032 RMK AO2 SLP266 T00331011,null
SAV,2024-12-02 13:53,42,32,67.42,350,5,0,30.33,1027.2,10,null,CLR,null,null,null,null,null,null,null,null,null,null,null,null,null,null,38.27,KSAV 021353Z 35005KT 10SM CLR 06/00 A3033 RMK AO2 SLP272 T00560000,null
SAV,2024-12-02 14:53,47,32,55.73,0,0,0,30.34,1027.2,10,null,CLR,null,null,null,null,null,null,null,null,null,null,null,null,null,null,47,KSAV 021453Z 00000KT 10SM CLR 08/00 A3034 RMK AO2 SLP272 T00830000 51015,null
SAV,2024-12-02 15:53,50,30,45.93,290,4,0,30.34,1027.4,10,null,CLR,null,null,null,null,null,null,null,null,null,null,null,null,null,null,50,KSAV 021553Z 29004KT 10SM CLR 10/M01 A3034 RMK AO2 SLP274 T01001011,null
SAV,2024-12-02 16:53,53,29,39.47,null,5,0,30.32,1026.9,10,null,CLR,null,null,null,null,null,null,null,null,null,null,null,null,null,null,53,KSAV 021653Z VRB05KT 10SM CLR 12/M02 A3032 RMK AO2 SLP269 T01171017,null
SAV,2024-12-02 17:53,55,27,33.79,300,8,0,30.29,1025.6,10,null,CLR,null,null,null,null,null,null,null,null,null,null,null,null,null,null,55,KSAV 021753Z 30008KT 10SM CLR 13/M03 A3029 RMK AO2 SLP256 T01281028 10128 20011 58015,null
SAV,2024-12-02 18:53,56,26,31.27,300,10,0,30.27,1025,10,15,CLR,null,null,null,null,null,null,null,null,null,null,null,null,null,null,56,KSAV 021853Z 30010G15KT 10SM CLR 13/M03 A3027 RMK AO2 SLP250 T01331033,null
SAV,2024-12-02 19:53,56,26,31.27,290,9,0,30.26,1024.7,10,null,CLR,null,null,null,null,null,null,null,null,null,null,null,null,null,null,56,KSAV 021953Z 29009KT 10SM CLR 13/M03 A3026 RMK AO2 SLP247 T01331033,null
SAV,2024-12-02 20:53,56,24,28.77,310,9,0,30.26,1024.7,10,null,CLR,null,null,null,null,null,null,null,null,null,null,null,null,null,null,56,KSAV 022053Z 31009KT 10SM CLR 13/M04 A3026 RMK AO2 SLP247 T01331044 56010,null
SAV,2024-12-02 21:53,54,25,32.26,310,6,0,30.27,1025,10,null,FEW,null,null,null,1000,null,null,null,null,null,null,null,null,null,null,54,KSAV 022153Z 31006KT 10SM FEW010 12/M04 A3027 RMK AO2 SLP250 FU FEW010 T01221039,null
SAV,2024-12-02 22:53,47,29,49.34,280,3,0,30.28,1025.3,10,null,CLR,null,null,null,null,null,null,null,null,null,null,null,null,null,null,45.84,KSAV 022253Z 28003KT 10SM CLR 08/M02 A3028 RMK AO2 SLP253 T00831017,null
SAV,2024-12-02 23:53,43,32,64.88,0,0,0,30.3,1025.9,10,null,CLR,null,null,null,null,null,null,null,null,null,null,null,null,null,null,43,KSAV 022353Z 00000KT 10SM CLR 06/00 A3030 RMK AO2 SLP259 T00610000 10139 20061 53012,null
SAV,2024-12-03 0:53,41,31,67.3,0,0,0,30.31,1026.3,10,null,CLR,null,null,null,null,null,null,null,null,null,null,null,null,null,null,41,KSAV 030053Z 00000KT 10SM CLR 05/M01 A3031 RMK AO2 SLP263 T00501006,null
SAV,2024-12-03 1:53,39,31,72.75,0,0,0,30.31,1026.4,10,null,CLR,null,null,null,null,null,null,null,null,null,null,null,null,null,null,39,KSAV 030153Z 00000KT 10SM CLR 04/M01 A3031 RMK AO2 SLP264 T00391006,null
SAV,2024-12-03 2:53,36,31,81.86,250,3,0,30.32,1026.8,10,null,CLR,null,null,null,null,null,null,null,null,null,null,null,null,null,null,33.26,KSAV 030253Z 25003KT 10SM CLR 02/M01 A3032 RMK AO2 SLP268 T00221006 53009,null
SAV,2024-12-03 3:53,37,31,78.69,180,4,0,30.32,1026.7,10,null,CLR,null,null,null,null,null,null,null,null,null,null,null,null,null,null,33.26,KSAV 030353Z 18004KT 10SM CLR 03/M01 A3032 RMK AO2 SLP267 T00281006,null
SAV,2024-12-03 4:53,36,30,78.6,0,0,0,30.33,1027,10,null,CLR,null,null,null,null,null,null,null,null,null,null,null,null,null,null,36,KSAV 030453Z 00000KT 10SM CLR 02/M01 A3033 RMK AO2 SLP270 LAST T00221011 401390011,null
SAV,2024-12-03 5:53,37,30,75.56,0,0,0,30.33,1026.9,10,null,CLR,null,null,null,null,null,null,null,null,null,null,null,null,null,null,37,KSAV 030553Z AUTO 00000KT 10SM CLR 03/M01 A3033 RMK AO2 SLP269 T00281011 10061 20017 53001,null
SAV,2024-12-03 6:53,36,30,78.6,290,3,0,30.33,1027.1,10,null,CLR,null,null,null,null,null,null,null,null,null,null,null,null,null,null,33.26,KSAV 030653Z AUTO 29003KT 10SM CLR 02/M01 A3033 RMK AO2 SLP271 T00221011,null
SAV,2024-12-03 7:53,35,29,78.51,270,5,0,30.34,1027.3,10,null,CLR,null,null,null,null,null,null,null,null,null,null,null,null,null,null,29.96,KSAV 030753Z AUTO 27005KT 10SM CLR 02/M02 A3034 RMK AO2 SLP273 T00171017,null
SAV,2024-12-03 8:53,35,28,75.36,270,6,0,30.34,1027.5,10,null,CLR,null,null,null,null,null,null,null,null,null,null,null,null,null,null,29.14,KSAV 030853Z AUTO 27006KT 10SM CLR 02/M02 A3034 RMK AO2 SLP275 T00171022 53006,null
SAV,2024-12-03 9:53,34,28,78.43,270,5,0,30.34,1027.4,10,null,CLR,null,null,null,null,null,null,null,null,null,null,null,null,null,null,28.77,KSAV 030953Z AUTO 27005KT 10SM CLR 01/M02 A3034 RMK AO2 SLP274 T00111022,null
SAV,2024-12-03 10:53,35,27,72.32,290,6,0,30.35,1027.6,10,null,CLR,null,null,null,null,null,null,null,null,null,null,null,null,null,null,29.14,KSAV 031053Z 29006KT 10SM CLR 02/M03 A3035 RMK AO2 SLP276 T00171028,null
SAV,2024-12-03 11:53,35,27,72.32,300,6,0,30.37,1028.3,10,null,CLR,null,null,null,null,null,null,null,null,null,null,null,null,null,null,29.14,KSAV 031153Z 30006KT 10SM CLR 02/M03 A3037 RMK AO2 SLP283 T00171028 10028 20011 53007,null
SAV,2024-12-03 12:53,37,26,64.11,330,8,0,30.39,1029.3,10,null,CLR,null,null,null,null,null,null,null,null,null,null,null,null,null,null,30.27,KSAV 031253Z 33008KT 10SM CLR 03/M03 A3039 RMK AO2 SLP293 T00281033,null
SAV,2024-12-03 13:53,39,27,61.78,10,10,0,30.43,1030.3,10,null,CLR,null,null,null,null,null,null,null,null,null,null,null,null,null,null,31.75,KSAV 031353Z 01010KT 10SM CLR 04/M03 A3043 RMK AO2 SLP303 T00391028,null
SAV,2024-12-03 14:53,42,26,52.76,10,8,0,30.44,1030.8,10,null,CLR,null,null,null,null,null,null,null,null,null,null,null,null,null,null,36.43,KSAV 031453Z 01008KT 10SM CLR 06/M03 A3044 RMK AO2 SLP308 T00561033 51025,null
SAV,2024-12-03 15:53,45,24,43.28,360,8,0,30.45,1031.1,10,null,SCT,null,null,null,6000,null,null,null,null,null,null,null,null,null,null,40.13,KSAV 031553Z 36008KT 10SM SCT060 07/M04 A3045 RMK AO2 SLP311 T00721044,null
SAV,2024-12-03 16:53,47,22,36.89,350,11,0,30.44,1030.7,10,null,FEW,null,null,null,6000,null,null,null,null,null,null,null,null,null,null,41.42,KSAV 031653Z 35011KT 10SM FEW060 08/M06 A3044 RMK AO2 SLP307 T00831056,null
SAV,2024-12-03 17:53,49,23,35.69,330,11,0,30.42,1030,10,17,FEW,null,null,null,6000,null,null,null,null,null,null,null,null,null,null,43.95,KSAV 031753Z 33011G17KT 10SM FEW060 09/M05 A3042 RMK AO2 SLP300 T00941050 10094 20017 58008,null
SAV,2024-12-03 18:53,48,23,37.06,360,9,0,30.4,1029.6,10,null,FEW,null,null,null,5000,null,null,null,null,null,null,null,null,null,null,43.41,KSAV 031853Z 36009KT 10SM FEW050 09/M05 A3040 RMK AO2 SLP296 T00891050,null
SAV,2024-12-03 19:53,50,23,34.39,360,7,0,30.41,1029.8,10,null,FEW,null,null,null,5000,null,null,null,null,null,null,null,null,null,null,50,KSAV 031953Z 36007KT 10SM FEW050 10/M05 A3041 RMK AO2 SLP298 T01001050,null
SAV,2024-12-03 20:53,48,22,35.53,320,8,0,30.41,1029.8,10,null,FEW,null,null,null,5000,null,null,null,null,null,null,null,null,null,null,43.82,KSAV 032053Z 32008KT 10SM FEW050 09/M06 A3041 RMK AO2 SLP298 T00891056 55002,null
SAV,2024-12-03 21:53,47,22,36.89,350,6,0,30.42,1030.1,10,null,CLR,null,null,null,null,null,null,null,null,null,null,null,null,null,null,43.6,KSAV 032153Z 35006KT 10SM CLR 08/M06 A3042 RMK AO2 SLP301 T00831056,null
SAV,2024-12-03 22:53,43,24,46.71,340,6,0,30.44,1030.6,10,null,CLR,null,null,null,null,null,null,null,null,null,null,null,null,null,null,38.78,KSAV 032253Z 34006KT 10SM CLR 06/M04 A3044 RMK AO2 SLP306 T00611044,null
SAV,2024-12-03 23:53,38,25,59.13,10,3,0,30.45,1031,10,null,CLR,null,null,null,null,null,null,null,null,null,null,null,null,null,null,35.55,KSAV 032353Z 01003KT 10SM CLR 03/M04 A3045 RMK AO2 SLP310 T00331039 10100 20033 53013,null
SAV,2024-12-04 0:53,37,26,64.11,350,4,0,30.46,1031.4,10,null,CLR,null,null,null,null,null,null,null,null,null,null,null,null,null,null,33.26,KSAV 040053Z 35004KT 10SM CLR 03/M03 A3046 RMK AO2 SLP314 T00281033,null
SAV,2024-12-04 1:53,35,27,72.32,0,0,0,30.47,1031.8,10,null,CLR,null,null,null,null,null,null,null,null,null,null,null,null,null,null,35,KSAV 040153Z 00000KT 10SM CLR 02/M03 A3047 RMK AO2 SLP318 T00171028,null
SAV,2024-12-04 2:53,34,26,72.22,0,0,0,30.48,1032.2,10,null,CLR,null,null,null,null,null,null,null,null,null,null,null,null,null,null,34,KSAV 040253Z 00000KT 10SM CLR 01/M03 A3048 RMK AO2 SLP322 T00111033 53011,null
SAV,2024-12-04 3:53,33,26,75.17,0,0,0,30.48,1032.1,10,null,CLR,null,null,null,null,null,null,null,null,null,null,null,null,null,null,33,KSAV 040353Z 00000KT 10SM CLR 01/M03 A3048 RMK AO2 SLP321 T00061033,null
SAV,2024-12-04 4:53,32,26,78.25,0,0,0,30.47,1031.8,10,null,CLR,null,null,null,null,null,null,null,null,null,null,null,null,null,null,32,KSAV 040453Z 00000KT 10SM CLR 00/M03 A3047 RMK AO2 SLP318 LAST T00001033 401001011,null
SAV,2024-12-04 5:53,30,25,81.4,260,3,0,30.46,1031.6,10,null,CLR,null,null,null,null,null,null,null,null,null,null,null,null,null,null,26.4,KSAV 040553Z AUTO 26003KT 10SM CLR M01/M04 A3046 RMK AO2 SLP316 T10111039 10033 21017 58005,null
SAV,2024-12-04 6:53,30,26,84.85,0,0,0,30.45,1031.1,10,null,CLR,null,null,null,null,null,null,null,null,null,null,null,null,null,null,30,KSAV 040653Z AUTO 00000KT 10SM CLR M01/M03 A3045 RMK AO2 SLP311 T10111033,null
SAV,2024-12-04 7:53,29,24,81.32,0,0,0,30.45,1031.2,10,null,CLR,null,null,null,null,null,null,null,null,null,null,null,null,null,null,29,KSAV 040753Z AUTO 00000KT 10SM CLR M02/M04 A3045 RMK AO2 SLP312 T10171044,null
SAV,2024-12-04 8:53,29,25,84.79,0,0,0,30.44,1030.9,10,null,CLR,null,null,null,null,null,null,null,null,null,null,null,null,null,null,29,KSAV 040853Z AUTO 00000KT 10SM CLR M02/M04 A3044 RMK AO2 SLP309 T10171039 56007,null
SAV,2024-12-04 9:53,29,25,84.79,0,0,0,30.44,1030.8,10,null,CLR,null,null,null,null,null,null,null,null,null,null,null,null,null,null,29,KSAV 040953Z AUTO 00000KT 10SM CLR M02/M04 A3044 RMK AO2 SLP308 T10171039,null
SAV,2024-12-04 10:53,29,25,84.79,0,0,0,30.44,1031,10,null,CLR,null,null,null,null,null,null,null,null,null,null,null,null,null,null,29,KSAV 041053Z 00000KT 10SM CLR M02/M04 A3044 RMK AO2 SLP310 T10171039,null
SAV,2024-12-04 11:53,28,24,84.72,0,0,0,30.45,1031.2,10,null,FEW,null,null,null,25000,null,null,null,null,null,null,null,null,null,null,28,KSAV 041153Z 00000KT 10SM FEW250 M02/M04 A3045 RMK AO2 SLP312 T10221044 10000 21028 53003,null
SAV,2024-12-04 12:53,30,28,92.15,0,0,0,30.46,1031.3,10,null,CLR,null,null,null,null,null,null,null,null,null,null,null,null,null,null,30,KSAV 041253Z 00000KT 10SM CLR M01/M02 A3046 RMK AO2 SLP313 T10111022,null
SAV,2024-12-04 13:53,37,32,81.93,0,0,0,30.46,1031.5,10,null,CLR,null,null,null,null,null,null,null,null,null,null,null,null,null,null,37,KSAV 041353Z 00000KT 10SM CLR 03/00 A3046 RMK AO2 SLP315 T00280000,null
SAV,2024-12-04 14:53,45,29,53.22,0,0,0,30.46,1031.4,10,null,CLR,null,null,null,null,null,null,null,null,null,null,null,null,null,null,45,KSAV 041453Z 00000KT 10SM CLR 07/M02 A3046 RMK AO2 SLP314 T00721017 50002,null
SAV,2024-12-04 15:53,48,25,40.29,0,0,0,30.45,1031,10,null,CLR,null,null,null,null,null,null,null,null,null,null,null,null,null,null,48,KSAV 041553Z 00000KT 10SM CLR 09/M04 A3045 RMK AO2 SLP310 T00891039,null
SAV,2024-12-04 16:53,51,23,33.13,340,3,0,30.43,1030.4,10,null,FEW,null,null,null,25000,null,null,null,null,null,null,null,null,null,null,51,KSAV 041653Z 34003KT 10SM FEW250 11/M05 A3043 RMK AO2 SLP304 T01061050,null
SAV,2024-12-04 17:53,52,23,31.93,230,6,0,30.38,1028.7,10,null,FEW,null,null,null,25000,null,null,null,null,null,null,null,null,null,null,52,KSAV 041753Z 23006KT 10SM FEW250 11/M05 A3038 RMK AO2 SLP287 T01111050 10111 21022 58026,null
SAV,2024-12-04 18:53,54,22,28.45,null,4,0,30.35,1027.8,10,null,FEW,null,null,null,25000,null,null,null,null,null,null,null,null,null,null,54,KSAV 041853Z VRB04KT 10SM FEW250 12/M06 A3035 RMK AO2 SLP278 T01221056,null
SAV,2024-12-04 19:53,55,21,26.29,240,4,0,30.32,1026.8,10,null,SCT,null,null,null,25000,null,null,null,null,null,null,null,null,null,null,55,KSAV 041953Z 24004KT 10SM SCT250 13/M06 A3032 RMK AO2 SLP268 T01281061,null
SAV,2024-12-04 20:53,55,20,25.2,250,5,0,30.29,1025.6,10,null,BKN,null,null,null,25000,null,null,null,null,null,null,null,null,null,null,55,KSAV 042053Z 25005KT 10SM BKN250 13/M07 A3029 RMK AO2 SLP256 T01281067 58031,null
SAV,2024-12-04 21:53,54,23,29.67,210,7,0,30.28,1025.5,10,null,FEW,null,null,null,25000,null,null,null,null,null,null,null,null,null,null,54,KSAV 042153Z 21007KT 10SM FEW250 12/M05 A3028 RMK AO2 SLP255 T01221050,null
SAV,2024-12-04 22:53,48,25,40.29,null,5,0,30.27,1025.1,10,null,FEW,null,null,null,25000,null,null,null,null,null,null,null,null,null,null,45.4,KSAV 042253Z VRB05KT 10SM FEW250 09/M04 A3027 RMK AO2 SLP251 T00891039,null
SAV,2024-12-04 23:53,45,32,60.11,200,5,0,30.29,1025.6,10,null,CLR,null,null,null,null,null,null,null,null,null,null,null,null,null,null,41.83,KSAV 042353Z 20005KT 10SM CLR 07/00 A3029 RMK AO2 SLP256 T00720000 10133 20072 55000,null
SAV,2024-12-05 0:53,45,34,65.13,190,7,0,30.26,1024.8,10,null,CLR,null,null,null,null,null,null,null,null,null,null,null,null,null,null,40.63,KSAV 050053Z 19007KT 10SM CLR 07/01 A3026 RMK AO2 SLP248 T00720011,null
SAV,2024-12-05 1:53,45,34,65.13,200,7,0,30.26,1024.7,10,null,CLR,null,null,null,null,null,null,null,null,null,null,null,null,null,null,40.63,KSAV 050153Z 20007KT 10SM CLR 07/01 A3026 RMK AO2 SLP247 T00720011,null
SAV,2024-12-05 2:53,45,34,65.13,220,6,0,30.25,1024.5,10,null,FEW,null,null,null,25000,null,null,null,null,null,null,null,null,null,null,41.19,KSAV 050253Z 22006KT 10SM FEW250 07/01 A3025 RMK AO2 SLP245 T00720011 56012,null
SAV,2024-12-05 3:53,44,35,70.42,210,6,0,30.24,1024,10,null,CLR,null,null,null,null,null,null,null,null,null,null,null,null,null,null,39.98,KSAV 050353Z 21006KT 10SM CLR 07/02 A3024 RMK AO2 SLP240 T00670017,null
SAV,2024-12-05 4:53,44,35,70.42,210,5,0,30.23,1023.4,10,null,FEW,null,null,null,10000,null,null,null,null,null,null,null,null,null,null,40.65,KSAV 050453Z 21005KT 10SM FEW100 07/02 A3023 RMK AO2 SLP234 LAST T00670017 401331028,null
SAV,2024-12-05 5:53,44,35,70.42,210,7,0,30.19,1022.4,10,null,OVC,null,null,null,9500,null,null,null,null,null,null,null,null,null,null,39.41,KSAV 050553Z AUTO 21007KT 10SM OVC095 07/02 A3019 RMK AO2 SLP224 T00670017 10078 20061 58020,null
SAV,2024-12-05 6:53,46,33,60.25,210,9,0,30.17,1021.4,10,null,OVC,null,null,null,9500,null,null,null,null,null,null,null,null,null,null,40.92,KSAV 050653Z AUTO 21009KT 10SM OVC095 08/01 A3017 RMK AO2 SLP214 T00780006,null
SAV,2024-12-05 7:53,47,31,53.52,220,9,0,30.14,1020.7,10,null,OVC,null,null,null,9500,null,null,null,null,null,null,null,null,null,null,42.17,KSAV 050753Z AUTO 22009KT 10SM OVC095 08/M01 A3014 RMK AO2 SLP207 T00831006,null
SAV,2024-12-05 8:53,46,31,55.58,220,7,0,30.14,1020.4,10,null,BKN,OVC,null,null,8000,11000,null,null,null,null,null,null,null,null,null,41.84,KSAV 050853Z AUTO 22007KT 10SM BKN080 OVC110 08/M01 A3014 RMK AO2 SLP204 T00781006 56020,null
SAV,2024-12-05 9:53,47,31,53.52,220,7,0,30.12,1019.9,10,null,OVC,null,null,null,6500,null,null,null,null,null,null,null,null,null,null,43.06,KSAV 050953Z AUTO 22007KT 10SM OVC065 08/M01 A3012 RMK AO2 SLP199 T00831006,null
SAV,2024-12-05 10:53,49,28,43.93,220,10,0,30.12,1019.7,10,null,OVC,null,null,null,5000,null,null,null,null,null,null,null,null,null,null,44.29,KSAV 051053Z 22010KT 10SM OVC050 09/M02 A3012 RMK AO2 SLP197 T00941022,null
SAV,2024-12-05 11:53,50,26,38.97,220,13,0,30.11,1019.4,10,null,OVC,null,null,null,4700,null,null,null,null,null,null,null,null,null,null,50,KSAV 051153Z 22013KT 10SM OVC047 10/M03 A3011 RMK AO2 SLP194 T01001033 10100 20072 56010,null
SAV,2024-12-05 12:53,51,25,36.03,230,9,0,30.11,1019.7,10,19,OVC,null,null,null,4300,null,null,null,null,null,null,null,null,null,null,51,KSAV 051253Z 23009G19KT 10SM OVC043 11/M04 A3011 RMK AO2 SLP197 T01061039,null
SAV,2024-12-05 13:53,52,28,39.3,220,8,0,30.11,1019.5,10,null,SCT,OVC,null,null,3200,3900,null,null,null,null,null,null,null,null,null,52,KSAV 051353Z 22008KT 10SM SCT032 OVC039 11/M02 A3011 RMK AO2 SLP195 T01111022,null
SAV,2024-12-05 14:53,56,34,43.3,240,11,0,30.11,1019.5,10,19,BKN,OVC,null,null,3000,7500,null,null,null,null,null,null,null,null,null,56,KSAV 051453Z 24011G19KT 10SM BKN030 OVC075 13/01 A3011 RMK AO2 SLP195 T01330011 51002,null
SAV,2024-12-05 15:53,60,45,57.58,230,14,0,30.08,1018.6,10,23,FEW,BKN,BKN,null,3700,6000,25000,null,null,null,null,null,null,null,null,60,KSAV 051553Z 23014G23KT 10SM FEW037 BKN060 BKN250 16/07 A3008 RMK AO2 SLP186 T01560072,null
SAV,2024-12-05 16:53,64,46,51.93,240,12,0,30.06,1017.7,10,22,FEW,SCT,BKN,null,6000,22000,25000,null,null,null,null,null,null,null,null,64,KSAV 051653Z 24012G22KT 10SM FEW060 SCT220 BKN250 18/08 A3006 RMK AO2 SLP177 T01780078,null
SAV,2024-12-05 17:53,65,50,58.26,260,16,0,30.02,1016.5,10,23,OVC,null,null,null,3000,null,null,null,null,null,null,null,null,null,null,65,KSAV 051753Z 26016G23KT 10SM OVC030 18/10 A3002 RMK AO2 SLP165 T01830100 10189 20100 58030,null
SAV,2024-12-05 18:53,66,52,60.6,260,15,0,29.99,1015.4,10,26,SCT,BKN,null,null,3000,25000,null,null,null,null,null,null,28,260,2024-12-05 18:29,66,KSAV 051853Z 26015G26KT 10SM SCT030 BKN250 19/11 A2999 RMK AO2 PK WND 26028/1829 SLP154 T01890111,null
SAV,2024-12-05 19:53,67,50,54.35,270,19,0,29.98,1015.3,10,27,FEW,SCT,null,null,3000,25000,null,null,null,null,null,null,30,240,2024-12-05 19:34,67,KSAV 051953Z 27019G27KT 10SM FEW030 SCT250 19/10 A2998 RMK AO2 PK WND 24030/1934 SLP153 T01940100,null
SAV,2024-12-05 20:53,66,50,56.27,260,15,0,29.99,1015.5,10,20,FEW,BKN,null,null,3300,25000,null,null,null,null,null,null,26,290,2024-12-05 20:03,66,KSAV 052053Z 26015G20KT 10SM FEW033 BKN250 19/10 A2999 RMK AO2 PK WND 29026/2003 SLP155 T01890100 55010,null
SAV,2024-12-05 21:53,65,49,56.13,260,9,0,30.01,1016.1,10,20,FEW,SCT,null,null,3000,25000,null,null,null,null,null,null,null,null,null,65,KSAV 052153Z 26009G20KT 10SM FEW030 SCT250 18/09 A3001 RMK AO2 SLP161 T01830094,null
SAV,2024-12-05 22:53,59,48,66.83,250,6,0,30.04,1017.2,10,null,FEW,null,null,null,25000,null,null,null,null,null,null,null,null,null,null,59,KSAV 052253Z 25006KT 10SM FEW250 15/09 A3004 RMK AO2 SLP172 T01500089,null
SAV,2024-12-05 23:53,58,48,69.27,250,5,0,30.06,1017.7,10,null,CLR,null,null,null,null,null,null,null,null,null,null,null,null,null,null,58,KSAV 052353Z 25005KT 10SM CLR 14/09 A3006 RMK AO2 SLP177 T01440089 10200 20139 51022,null
SAV,2024-12-06 0:53,54,47,77.12,280,3,0,30.08,1018.6,10,null,FEW,null,null,null,5500,null,null,null,null,null,null,null,null,null,null,54,KSAV 060053Z 28003KT 10SM FEW055 12/08 A3008 RMK AO2 SLP186 T01220083,null
SAV,2024-12-06 1:53,52,46,79.92,330,4,0,30.1,1019.2,10,null,FEW,FEW,null,null,8500,25000,null,null,null,null,null,null,null,null,null,52,KSAV 060153Z 33004KT 10SM FEW085 FEW250 11/08 A3010 RMK AO2 SLP192 T01110078,null
SAV,2024-12-06 2:53,52,46,79.92,0,0,0,30.12,1019.9,10,null,BKN,null,null,null,9000,null,null,null,null,null,null,null,null,null,null,52,KSAV 060253Z 00000KT 10SM BKN090 11/08 A3012 RMK AO2 SLP199 T01110078 51022,null
SAV,2024-12-06 3:53,54,38,54.56,320,7,0,30.14,1020.6,10,null,OVC,null,null,null,8500,null,null,null,null,null,null,null,null,null,null,54,KSAV 060353Z 32007KT 10SM OVC085 12/03 A3014 RMK AO2 SLP206 T01220033,null
SAV,2024-12-06 4:53,52,31,44.42,320,10,0,30.15,1021,10,null,BKN,null,null,null,8500,null,null,null,null,null,null,null,null,null,null,52,KSAV 060453Z 32010KT 10SM BKN085 11/M01 A3015 RMK AO2 SLP210 LAST T01111006 402000061,null
SAV,2024-12-06 5:53,49,27,42.16,320,6,0,30.16,1021.3,10,null,CLR,null,null,null,null,null,null,null,null,null,null,null,null,null,null,46,KSAV 060553Z AUTO 32006KT 10SM CLR 09/M03 A3016 RMK AO2 SLP213 T00941028 10144 20089 51014,null
SAV,2024-12-06 6:53,46,28,49.18,320,7,0,30.18,1021.9,10,null,CLR,null,null,null,null,null,null,null,null,null,null,null,null,null,null,41.84,KSAV 060653Z AUTO 32007KT 10SM CLR 08/M02 A3018 RMK AO2 SLP219 T00781022,null
SAV,2024-12-06 7:53,42,27,54.99,340,6,0,30.19,1022.2,10,null,CLR,null,null,null,null,null,null,null,null,null,null,null,null,null,null,37.57,KSAV 060753Z AUTO 34006KT 10SM CLR 06/M03 A3019 RMK AO2 SLP222 T00561028,null
SAV,2024-12-06 8:53,41,26,54.84,350,6,0,30.2,1022.5,10,null,CLR,null,null,null,null,null,null,null,null,null,null,null,null,null,null,36.37,KSAV 060853Z AUTO 35006KT 10SM CLR 05/M03 A3020 RMK AO2 SLP225 T00501033 51012,null
SAV,2024-12-06 9:53,40,20,44.3,30,9,0,30.22,1023.1,10,17,CLR,null,null,null,null,null,null,null,null,null,null,null,null,null,null,33.46,KSAV 060953Z AUTO 03009G17KT 10SM CLR 04/M07 A3022 RMK AO2 SLP231 T00441067,null
SAV,2024-12-06 10:53,38,17,42.11,30,14,0,30.24,1023.9,10,null,CLR,null,null,null,null,null,null,null,null,null,null,null,null,null,null,28.9,KSAV 061053Z 03014KT 10SM CLR 03/M08 A3024 RMK AO2 SLP239 T00331083,null
SAV,2024-12-06 11:53,36,14,39.99,30,8,0,30.27,1024.9,10,null,FEW,null,null,null,5000,null,null,null,null,null,null,null,null,null,null,29.04,KSAV 061153Z 03008KT 10SM FEW050 02/M10 A3027 RMK AO2 SLP249 T00221100 10094 20022 53024,null
SAV,2024-12-06 12:53,35,15,43.47,20,9,0,30.29,1025.7,10,null,FEW,null,null,null,5000,null,null,null,null,null,null,null,null,null,null,27.24,KSAV 061253Z 02009KT 10SM FEW050 02/M09 A3029 RMK AO2 SLP257 T00171094,null
SAV,2024-12-06 13:53,37,14,38.44,30,11,0,30.32,1026.6,10,null,FEW,null,null,null,25000,null,null,null,null,null,null,null,null,null,null,28.79,KSAV 061353Z 03011KT 10SM FEW250 03/M10 A3032 RMK AO2 SLP266 T00281100,null
SAV,2024-12-06 14:53,40,14,34.18,30,9,0,30.34,1027.5,10,null,SCT,null,null,null,25000,null,null,null,null,null,null,null,null,null,null,33.46,KSAV 061453Z 03009KT 10SM SCT250 04/M10 A3034 RMK AO2 SLP275 T00441100 53024,null
SAV,2024-12-06 15:53,42,15,33.05,10,9,0,30.34,1027.4,10,null,SCT,null,null,null,25000,null,null,null,null,null,null,null,null,null,null,35.95,KSAV 061553Z 01009KT 10SM SCT250 06/M09 A3034 RMK AO2 SLP274 T00561094,null
SAV,2024-12-06 16:53,44,16,31.97,10,7,0,30.33,1027.1,10,null,FEW,null,null,null,25000,null,null,null,null,null,null,null,null,null,null,39.41,KSAV 061653Z 01007KT 10SM FEW250 07/M09 A3033 RMK AO2 SLP271 T00671089,null
SAV,2024-12-06 17:53,46,15,28.37,360,7,0,30.31,1026.3,10,null,FEW,null,null,null,25000,null,null,null,null,null,null,null,null,null,null,41.84,KSAV 061753Z 36007KT 10SM FEW250 08/M09 A3031 RMK AO2 SLP263 T00781094 10078 20017 58011,null
SAV,2024-12-06 18:53,47,16,28.53,310,9,0,30.29,1025.7,10,null,FEW,null,null,null,25000,null,null,null,null,null,null,null,null,null,null,42.17,KSAV 061853Z 31009KT 10SM FEW250 08/M09 A3029 RMK AO2 SLP257 T00831089,null
SAV,2024-12-06 19:53,49,16,26.47,10,10,0,30.28,1025.4,10,null,FEW,null,null,null,25000,null,null,null,null,null,null,null,null,null,null,44.29,KSAV 061953Z COR 01010KT 10SM FEW250 09/M09 A3028 RMK AO2 SLP254 T00941089,null
SAV,2024-12-06 20:53,48,16,27.48,10,6,0,30.27,1025.1,10,null,CLR,null,null,null,null,null,null,null,null,null,null,null,null,null,null,44.8,KSAV 062053Z 01006KT 10SM CLR 09/M09 A3027 RMK AO2 SLP251 T00891089 56012,null
SAV,2024-12-06 21:53,46,17,30.94,360,6,0,30.29,1025.7,10,null,FEW,null,null,null,1000,null,null,null,null,null,null,null,null,null,null,42.39,KSAV 062153Z 36006KT 10SM FEW010 08/M08 A3029 RMK AO2 SLP257 FU FEW010 T00781083,null
SAV,2024-12-06 22:53,40,20,44.3,350,4,0,30.3,1026.2,10,null,FEW,null,null,null,1000,null,null,null,null,null,null,null,null,null,null,36.76,KSAV 062253Z 35004KT 10SM FEW010 04/M07 A3030 RMK AO2 SLP262 FU FEW010 T00441067,null
SAV,2024-12-06 23:53,36,22,56.42,360,3,0,30.32,1026.8,10,null,CLR,null,null,null,null,null,null,null,null,null,null,null,null,null,null,33.26,KSAV 062353Z 36003KT 10SM CLR 02/M06 A3032 RMK AO2 SLP268 T00221056 10094 20022 53017,null
SAV,2024-12-07 0:53,36,24,61.37,0,0,0,30.34,1027.2,10,null,CLR,null,null,null,null,null,null,null,null,null,null,null,null,null,null,36,KSAV 070053Z 00000KT 10SM CLR 02/M04 A3034 RMK AO2 SLP272 T00221044,null
SAV,2024-12-07 1:53,34,23,63.72,0,0,0,30.35,1027.8,10,null,CLR,null,null,null,null,null,null,null,null,null,null,null,null,null,null,34,KSAV 070153Z 00000KT 10SM CLR 01/M05 A3035 RMK AO2 SLP278 T00111050,null
SAV,2024-12-07 2:53,32,23,69.04,0,0,0,30.35,1027.8,10,null,CLR,null,null,null,null,null,null,null,null,null,null,null,null,null,null,32,KSAV 070253Z 00000KT 10SM CLR 00/M05 A3035 RMK AO2 SLP278 T00001050 50010,null
SAV,2024-12-07 3:53,33,24,69.16,0,0,0,30.35,1027.7,10,null,CLR,null,null,null,null,null,null,null,null,null,null,null,null,null,null,33,KSAV 070353Z 00000KT 10SM CLR 01/M04 A3035 RMK AO2 SLP277 T00061044,null
SAV,2024-12-07 4:53,30,22,71.78,0,0,0,30.34,1027.6,10,null,CLR,null,null,null,null,null,null,null,null,null,null,null,null,null,null,30,KSAV 070453Z 00000KT 10SM CLR M01/M06 A3034 RMK AO2 SLP276 LAST T10111056 401061011,null
SAV,2024-12-07 5:53,29,22,74.77,260,3,0,30.35,1027.7,10,null,CLR,null,null,null,null,null,null,null,null,null,null,null,null,null,null,25.26,KSAV 070553Z AUTO 26003KT 10SM CLR M02/M06 A3035 RMK AO2 SLP277 T10171056 10022 21017 55001,null
SAV,2024-12-07 6:53,29,24,81.32,0,0,0,30.36,1027.9,10,null,CLR,null,null,null,null,null,null,null,null,null,null,null,null,null,null,29,KSAV 070653Z AUTO 00000KT 10SM CLR M02/M04 A3036 RMK AO2 SLP279 T10171044,null
SAV,2024-12-07 7:53,29,24,81.32,0,0,0,30.36,1028,10,null,CLR,null,null,null,null,null,null,null,null,null,null,null,null,null,null,29,KSAV 070753Z AUTO 00000KT 10SM CLR M02/M04 A3036 RMK AO2 SLP280 T10171044,null
SAV,2024-12-07 8:53,27,22,81.17,360,3,0,30.36,1028,10,null,CLR,null,null,null,null,null,null,null,null,null,null,null,null,null,null,22.97,KSAV 070853Z AUTO 36003KT 10SM CLR M03/M06 A3036 RMK AO2 SLP280 T10281056 50003,null
SAV,2024-12-07 9:53,29,24,81.32,0,0,0,30.36,1028,10,null,CLR,null,null,null,null,null,null,null,null,null,null,null,null,null,null,29,KSAV 070953Z AUTO 00000KT 10SM CLR M02/M04 A3036 RMK AO2 SLP280 T10171044,null
SAV,2024-12-07 10:53,27,22,81.17,0,0,0,30.37,1028.5,10,null,CLR,null,null,null,null,null,null,null,null,null,null,null,null,null,null,27,KSAV 071053Z 00000KT 10SM CLR M03/M06 A3037 RMK AO2 SLP285 T10281056,null
SAV,2024-12-07 11:53,27,22,81.17,0,0,0,30.4,1029.4,10,null,CLR,null,null,null,null,null,null,null,null,null,null,null,null,null,null,27,KSAV 071153Z 00000KT 10SM CLR M03/M06 A3040 RMK AO2 SLP294 T10281056 11011 21039 53014,null
SAV,2024-12-07 12:53,29,25,84.79,0,0,0,30.41,1029.8,10,null,FEW,null,null,null,25000,null,null,null,null,null,null,null,null,null,null,29,KSAV 071253Z 00000KT 10SM FEW250 M02/M04 A3041 RMK AO2 SLP298 T10171039,null
SAV,2024-12-07 13:53,35,29,78.51,0,0,0,30.42,1030,10,null,FEW,null,null,null,25000,null,null,null,null,null,null,null,null,null,null,35,KSAV 071353Z 00000KT 10SM FEW250 02/M02 A3042 RMK AO2 SLP300 T00171017,null
SAV,2024-12-07 14:53,44,26,48.86,0,0,0,30.43,1030.3,10,null,FEW,null,null,null,25000,null,null,null,null,null,null,null,null,null,null,44,KSAV 071453Z 00000KT 10SM FEW250 07/M03 A3043 RMK AO2 SLP303 T00671033 51010,null
SAV,2024-12-07 15:53,48,19,31.27,0,0,0,30.43,1030.4,10,null,FEW,null,null,null,25000,null,null,null,null,null,null,null,null,null,null,48,KSAV 071553Z 00000KT 10SM FEW250 09/M07 A3043 RMK AO2 SLP304 T00891072,null
SAV,2024-12-07 16:53,50,15,24.41,null,3,0,30.41,1029.8,10,null,FEW,null,null,null,25000,null,null,null,null,null,null,null,null,null,null,50,KSAV 071653Z VRB03KT 10SM FEW250 10/M09 A3041 RMK AO2 SLP298 T01001094,null
SAV,2024-12-07 17:53,52,16,23.68,0,0,0,30.38,1028.6,10,null,FEW,null,null,null,25000,null,null,null,null,null,null,null,null,null,null,52,KSAV 071753Z 00000KT 10SM FEW250 11/M09 A3038 RMK AO2 SLP286 T01111089 10117 21033 58017,null
SAV,2024-12-07 18:53,55,15,20.31,0,0,0,30.34,1027.4,10,null,FEW,null,null,null,25000,null,null,null,null,null,null,null,null,null,null,55,KSAV 071853Z 00000KT 10SM FEW250 13/M09 A3034 RMK AO2 SLP274 T01281094,null
SAV,2024-12-07 19:53,56,16,20.46,160,4,0,30.3,1025.9,10,null,FEW,null,null,null,25000,null,null,null,null,null,null,null,null,null,null,56,KSAV 071953Z 16004KT 10SM FEW250 13/M09 A3030 RMK AO2 SLP259 T01331089,null
SAV,2024-12-07 20:53,55,16,21.21,220,4,0,30.29,1025.8,10,null,CLR,null,null,null,null,null,null,null,null,null,null,null,null,null,null,55,KSAV 072053Z 22004KT 10SM CLR 13/M09 A3029 RMK AO2 SLP258 T01281089 56027,null
SAV,2024-12-07 21:53,53,19,25.98,240,4,0,30.3,1026.1,10,null,CLR,null,null,null,null,null,null,null,null,null,null,null,null,null,null,53,KSAV 072153Z 24004KT 10SM CLR 12/M07 A3030 RMK AO2 SLP261 T01171072,null
SAV,2024-12-07 22:53,46,27,47.2,170,6,0,30.3,1026.2,10,null,CLR,null,null,null,null,null,null,null,null,null,null,null,null,null,null,42.39,KSAV 072253Z 17006KT 10SM CLR 08/M03 A3030 RMK AO2 SLP262 T00781028,null
SAV,2024-12-07 23:53,44,28,53.07,160,4,0,30.31,1026.3,10,null,CLR,null,null,null,null,null,null,null,null,null,null,null,null,null,null,41.43,KSAV 072353Z 16004KT 10SM CLR 07/M02 A3031 RMK AO2 SLP263 T00671022 10133 20067 51004,null
SAV,2024-12-08 0:53,42,30,62.18,180,5,0,30.31,1026.3,10,null,CLR,null,null,null,null,null,null,null,null,null,null,null,null,null,null,38.27,KSAV 080053Z 18005KT 10SM CLR 06/M01 A3031 RMK AO2 SLP263 T00561011,null
SAV,2024-12-08 1:53,42,31,64.75,220,4,0,30.31,1026.5,10,null,CLR,null,null,null,null,null,null,null,null,null,null,null,null,null,null,39.1,KSAV 080153Z 22004KT 10SM CLR 06/M01 A3031 RMK AO2 SLP265 T00561006,null
SAV,2024-12-08 2:53,41,32,70.08,0,0,0,30.31,1026.4,10,null,CLR,null,null,null,null,null,null,null,null,null,null,null,null,null,null,41,KSAV 080253Z 00000KT 10SM CLR 05/00 A3031 RMK AO2 SLP264 T00500000 50001,null
SAV,2024-12-08 3:53,41,33,72.96,0,0,0,30.3,1026.2,10,null,CLR,null,null,null,null,null,null,null,null,null,null,null,null,null,null,41,KSAV 080353Z 00000KT 10SM CLR 05/01 A3030 RMK AO2 SLP262 T00500006,null
SAV,2024-12-08 4:53,41,33,72.96,0,0,0,30.3,1026,10,null,CLR,null,null,null,null,null,null,null,null,null,null,null,null,null,null,41,KSAV 080453Z 00000KT 10SM CLR 05/01 A3030 RMK AO2 SLP260 LAST T00500006 401331039,null
SAV,2024-12-08 5:53,41,33,72.96,200,3,0,30.29,1025.5,10,null,CLR,null,null,null,null,null,null,null,null,null,null,null,null,null,null,38.98,KSAV 080553Z AUTO 20003KT 10SM CLR 05/01 A3029 RMK AO2 SLP255 T00500006 10067 20044 58007,null
SAV,2024-12-08 6:53,39,33,78.86,210,4,0,30.28,1025.2,10,null,CLR,null,null,null,null,null,null,null,null,null,null,null,null,null,null,35.59,KSAV 080653Z AUTO 21004KT 10SM CLR 04/01 A3028 RMK AO2 SLP252 T00390006,null
SAV,2024-12-08 7:53,41,32,70.08,220,3,0,30.27,1025.1,10,null,CLR,null,null,null,null,null,null,null,null,null,null,null,null,null,null,38.98,KSAV 080753Z AUTO 22003KT 10SM CLR 05/00 A3027 RMK AO2 SLP251 T00500000,null
SAV,2024-12-08 8:53,40,32,72.85,210,3,0,30.28,1025.2,10,null,CLR,null,null,null,null,null,null,null,null,null,null,null,null,null,null,37.83,KSAV 080853Z AUTO 21003KT 10SM CLR 04/00 A3028 RMK AO2 SLP252 T00440000 55003,null
SAV,2024-12-08 9:53,40,32,72.85,220,4,0,30.27,1025.1,10,null,CLR,null,null,null,null,null,null,null,null,null,null,null,null,null,null,36.76,KSAV 080953Z AUTO 22004KT 10SM CLR 04/00 A3027 RMK AO2 SLP251 T00440000,null
SAV,2024-12-08 10:53,39,31,72.75,230,3,0,30.28,1025.3,10,null,CLR,null,null,null,null,null,null,null,null,null,null,null,null,null,null,36.69,KSAV 081053Z 23003KT 10SM CLR 04/M01 A3028 RMK AO2 SLP253 T00391006,null
SAV,2024-12-08 11:53,40,31,69.97,200,3,0,30.28,1025.4,10,null,CLR,null,null,null,null,null,null,null,null,null,null,null,null,null,null,37.83,KSAV 081153Z 20003KT 10SM CLR 04/M01 A3028 RMK AO2 SLP254 T00441006 10056 20039 53001,null
SAV,2024-12-08 12:53,41,33,72.96,0,0,0,30.29,1025.6,10,null,BKN,null,null,null,22000,null,null,null,null,null,null,null,null,null,null,41,KSAV 081253Z 00000KT 10SM BKN220 05/01 A3029 RMK AO2 SLP256 T00500006,null
SAV,2024-12-08 13:53,46,33,60.25,260,5,0,30.3,1025.9,10,null,BKN,null,null,null,22000,null,null,null,null,null,null,null,null,null,null,43.02,KSAV 081353Z 26005KT 10SM BKN220 08/01 A3030 RMK AO2 SLP259 T00780006,null
SAV,2024-12-08 14:53,54,31,41.27,290,6,0,30.31,1026.2,10,null,BKN,null,null,null,22000,null,null,null,null,null,null,null,null,null,null,54,KSAV 081453Z 29006KT 10SM BKN220 12/M01 A3031 RMK AO2 SLP262 T01221006 53009,null
SAV,2024-12-08 15:53,60,28,29.41,290,6,0,30.29,1025.6,10,null,SCT,null,null,null,24000,null,null,null,null,null,null,null,null,null,null,60,KSAV 081553Z 29006KT 10SM SCT240 16/M02 A3029 RMK AO2 SLP256 T01561022,null
SAV,2024-12-08 16:53,63,29,27.56,310,5,0,30.27,1024.8,10,null,SCT,null,null,null,25000,null,null,null,null,null,null,null,null,null,null,63,KSAV 081653Z 31005KT 10SM SCT250 17/M02 A3027 RMK AO2 SLP248 T01721017,null
SAV,2024-12-08 17:53,66,32,28.03,260,6,0,30.24,1023.8,10,null,SCT,null,null,null,25000,null,null,null,null,null,null,null,null,null,null,66,KSAV 081753Z 26006KT 10SM SCT250 19/00 A3024 RMK AO2 SLP238 T01890000 10194 20033 58024,null
SAV,2024-12-08 18:53,66,33,29.18,250,7,0,30.2,1022.7,10,null,BKN,BKN,null,null,12000,24000,null,null,null,null,null,null,null,null,null,66,KSAV 081853Z 25007KT 10SM BKN120 BKN240 19/01 A3020 RMK AO2 SLP227 T01890006,null
SAV,2024-12-08 19:53,65,34,31.44,260,7,0,30.2,1022.7,10,null,OVC,null,null,null,12000,null,null,null,null,null,null,null,null,null,null,65,KSAV 081953Z 26007KT 10SM OVC120 18/01 A3020 RMK AO2 SLP227 T01830011,null
SAV,2024-12-08 20:53,65,35,32.72,270,5,0,30.19,1022.3,10,null,OVC,null,null,null,12000,null,null,null,null,null,null,null,null,null,null,65,KSAV 082053Z 27005KT 10SM OVC120 18/02 A3019 RMK AO2 SLP223 T01830017 56015,null
SAV,2024-12-08 21:53,63,36,36.52,210,4,0,30.19,1022.1,10,null,BKN,OVC,null,null,11000,20000,null,null,null,null,null,null,null,null,null,63,KSAV 082153Z 21004KT 10SM BKN110 OVC200 17/02 A3019 RMK AO2 SLP221 T01720022,null
SAV,2024-12-08 22:53,57,41,54.99,0,0,0,30.2,1022.6,10,null,BKN,BKN,null,null,17000,24000,null,null,null,null,null,null,null,null,null,57,KSAV 082253Z 00000KT 10SM BKN170 BKN240 14/05 A3020 RMK AO2 SLP226 T01390050,null
SAV,2024-12-08 23:53,53,41,63.61,160,5,0,30.21,1022.8,10,null,SCT,BKN,null,null,17000,24000,null,null,null,null,null,null,null,null,null,53,KSAV 082353Z 16005KT 10SM SCT170 BKN240 12/05 A3021 RMK AO2 SLP228 T01170050 10194 20117 53005,null
SAV,2024-12-09 0:53,52,41,66,0,0,0,30.21,1022.8,10,null,SCT,null,null,null,20000,null,null,null,null,null,null,null,null,null,null,52,KSAV 090053Z 00000KT 10SM SCT200 11/05 A3021 RMK AO2 SLP228 T01110050,null
SAV,2024-12-09 1:53,49,41,73.77,0,0,0,30.2,1022.5,10,null,FEW,null,null,null,20000,null,null,null,null,null,null,null,null,null,null,49,KSAV 090153Z 00000KT 10SM FEW200 09/05 A3020 RMK AO2 SLP225 T00940050,null
SAV,2024-12-09 2:53,52,43,71.28,170,5,0,30.19,1022.1,10,null,FEW,null,null,null,20000,null,null,null,null,null,null,null,null,null,null,52,KSAV 090253Z 17005KT 10SM FEW200 11/06 A3019 RMK AO2 SLP221 T01110061 58006,null
SAV,2024-12-09 3:53,51,43,73.97,170,3,0,30.19,1022.2,10,null,BKN,null,null,null,18000,null,null,null,null,null,null,null,null,null,null,51,KSAV 090353Z 17003KT 10SM BKN180 11/06 A3019 RMK AO2 SLP222 T01060061,null
SAV,2024-12-09 4:53,53,43,68.71,0,0,0,30.19,1022.1,10,null,BKN,null,null,null,18000,null,null,null,null,null,null,null,null,null,null,53,KSAV 090453Z 00000KT 10SM BKN180 12/06 A3019 RMK AO2 SLP221 LAST T01170061 401940033,null
SAV,2024-12-09 5:53,53,43,68.71,160,5,0,30.14,1020.6,10,null,SCT,null,null,null,11000,null,null,null,null,null,null,null,null,null,null,53,KSAV 090553Z AUTO 16005KT 10SM SCT110 12/06 A3014 RMK AO2 SLP206 T01170061 10128 20094 58016,null
SAV,2024-12-09 6:53,52,42,68.59,190,3,0,30.14,1020.5,10,null,CLR,null,null,null,null,null,null,null,null,null,null,null,null,null,null,52,KSAV 090653Z AUTO 19003KT 10SM CLR 11/06 A3014 RMK AO2 SLP205 T01110056,null
SAV,2024-12-09 7:53,53,42,66.12,200,4,0,30.14,1020.4,10,null,FEW,null,null,null,12000,null,null,null,null,null,null,null,null,null,null,53,KSAV 090753Z AUTO 20004KT 10SM FEW120 12/06 A3014 RMK AO2 SLP204 T01170056,null
SAV,2024-12-09 8:53,53,42,66.12,0,0,0,30.13,1020.1,10,null,CLR,null,null,null,null,null,null,null,null,null,null,null,null,null,null,53,KSAV 090853Z AUTO 00000KT 10SM CLR 12/06 A3013 RMK AO2 SLP201 T01170056 58005,null
SAV,2024-12-09 9:53,53,43,68.71,0,0,0,30.15,1020.8,10,null,CLR,null,null,null,null,null,null,null,null,null,null,null,null,null,null,53,KSAV 090953Z AUTO 00000KT 10SM CLR 12/06 A3015 RMK AO2 SLP208 T01170061,null
SAV,2024-12-09 10:53,52,43,71.28,230,3,0,30.18,1021.9,10,null,OVC,null,null,null,13000,null,null,null,null,null,null,null,null,null,null,52,KSAV 091053Z 23003KT 10SM OVC130 11/06 A3018 RMK AO2 SLP219 T01110061,null
SAV,2024-12-09 11:53,52,43,71.28,360,3,0,30.21,1022.7,10,null,BKN,OVC,null,null,16000,20000,null,null,null,null,null,null,null,null,null,52,KSAV 091153Z 36003KT 10SM BKN160 OVC200 11/06 A3021 RMK AO2 SLP227 T01110061 10122 20111 53026,null
SAV,2024-12-09 12:53,53,43,68.71,110,4,0,30.2,1022.4,10,null,FEW,BKN,OVC,null,13000,16000,21000,null,null,null,null,null,null,null,null,53,KSAV 091253Z 11004KT 10SM FEW130 BKN160 OVC210 12/06 A3020 RMK AO2 SLP224 T01170061,null
SAV,2024-12-09 13:53,55,44,66.36,150,4,0,30.18,1022,10,null,BKN,OVC,null,null,10000,13000,null,null,null,null,null,null,null,null,null,55,KSAV 091353Z 15004KT 10SM BKN100 OVC130 13/07 A3018 RMK AO2 SLP220 T01280067,null
SAV,2024-12-09 14:53,57,46,66.59,180,6,0,30.19,1022.1,10,null,BKN,OVC,null,null,11000,16000,null,null,null,null,null,null,null,null,null,57,KSAV 091453Z 18006KT 10SM BKN110 OVC160 14/08 A3019 RMK AO2 SLP221 T01390078 55006,null
SAV,2024-12-09 15:53,64,52,64.97,190,8,0,30.16,1021.3,10,null,BKN,OVC,null,null,11000,15000,null,null,null,null,null,null,null,null,null,64,KSAV 091553Z 19008KT 10SM BKN110 OVC150 18/11 A3016 RMK AO2 SLP213 T01780111,null
SAV,2024-12-09 16:53,65,53,65.09,200,12,0,30.14,1020.5,10,null,SCT,OVC,null,null,12000,15000,null,null,null,null,null,null,null,null,null,65,KSAV 091653Z 20012KT 10SM SCT120 OVC150 18/12 A3014 RMK AO2 SLP205 T01830117,null
SAV,2024-12-09 17:53,67,55,65.33,null,5,0,30.12,1019.8,10,null,FEW,OVC,null,null,8000,14000,null,null,null,null,null,null,null,null,null,67,KSAV 091753Z VRB05KT 10SM FEW080 OVC140 19/13 A3012 RMK AO2 SLP198 T01940128 10194 20106 56022,null
SAV,2024-12-09 18:53,69,56,63.24,180,9,0,30.08,1018.6,10,null,FEW,BKN,OVC,null,12000,14000,18000,null,null,null,null,null,null,null,null,69,KSAV 091853Z 18009KT 10SM FEW120 BKN140 OVC180 21/13 A3008 RMK AO2 SLP186 T02060133,null
SAV,2024-12-09 19:53,70,56,61.11,180,11,0,30.06,1017.9,10,null,FEW,SCT,BKN,null,12000,14000,18000,null,null,null,null,null,null,null,null,70,KSAV 091953Z 18011KT 10SM FEW120 SCT140 BKN180 21/13 A3006 RMK AO2 SLP179 T02110133,null
SAV,2024-12-09 20:53,69,56,63.24,190,7,0,30.08,1018.4,10,null,BKN,BKN,null,null,12000,15000,null,null,null,null,null,null,null,null,null,69,KSAV 092053Z 19007KT 10SM BKN120 BKN150 21/13 A3008 RMK AO2 SLP184 T02060133 55015,null
SAV,2024-12-09 21:53,66,56,70.14,170,6,0,30.1,1019.1,10,null,BKN,OVC,null,null,11000,13000,null,null,null,null,null,null,null,null,null,66,KSAV 092153Z 17006KT 10SM BKN110 OVC130 19/13 A3010 RMK AO2 SLP191 T01890133,null
SAV,2024-12-09 22:53,64,57,77.97,160,6,0,30.1,1019.3,10,null,SCT,BKN,OVC,null,8000,9500,15000,null,null,null,null,null,null,null,null,64,KSAV 092253Z 16006KT 10SM SCT080 BKN095 OVC150 18/14 A3010 RMK AO2 SLP193 T01780139,null
SAV,2024-12-09 23:53,63,57,80.76,190,5,T,30.12,1019.8,10,null,BKN,OVC,null,null,11000,13000,null,null,#NAME?,null,null,null,null,null,null,63,KSAV 092353Z 19005KT 10SM -RA BKN110 OVC130 17/14 A3012 RMK AO2 RAB10 SLP198 P0000 60000 T01720139 10211 20167 51015,null
SAV,2024-12-10 0:53,62,58,86.72,170,7,0.01,30.11,1019.6,10,null,FEW,BKN,OVC,null,7000,11000,13000,null,null,null,null,null,null,null,null,62,KSAV 100053Z 17007KT 10SM FEW070 BKN110 OVC130 17/14 A3011 RMK AO2 RAE36 SLP196 P0001 T01670144,null
SAV,2024-12-10 1:53,62,58,86.72,180,9,0,30.12,1019.7,10,null,FEW,BKN,OVC,null,4100,11000,14000,null,null,null,null,null,null,null,null,62,KSAV 100153Z 18009KT 10SM FEW041 BKN110 OVC140 17/14 A3012 RMK AO2 SLP197 T01670144,null
SAV,2024-12-10 2:53,63,57,80.76,190,9,0,30.11,1019.7,10,null,OVC,null,null,null,13000,null,null,null,null,null,null,null,null,null,null,63,KSAV 100253Z 19009KT 10SM OVC130 17/14 A3011 RMK AO2 SLP197 60001 T01720139 56002,null
SAV,2024-12-10 3:53,62,58,86.72,190,7,T,30.1,1019.2,10,null,FEW,OVC,null,null,11000,14000,null,null,null,null,null,null,null,null,null,62,KSAV 100353Z 19007KT 10SM FEW110 OVC140 17/14 A3010 RMK AO2 RAB20E40 SLP192 P0000 T01670144,null
SAV,2024-12-10 4:53,63,58,83.72,190,8,0,30.08,1018.6,10,null,BKN,OVC,null,null,15000,20000,null,null,null,null,null,null,null,null,null,63,KSAV 100453Z 19008KT 10SM BKN150 OVC200 17/14 A3008 RMK AO2 SLP186 LAST T01720144 402110106,null
SAV,2024-12-10 5:53,62,57,83.65,190,4,0,30.08,1018.5,10,null,CLR,null,null,null,null,null,null,null,null,null,null,null,null,null,null,62,KSAV 100553Z AUTO 19004KT 10SM CLR 17/14 A3008 RMK AO2 SLP185 60001 T01670139 10172 20161 56012,null
SAV,2024-12-10 6:53,62,57,83.65,190,6,0,30.07,1018,10,null,CLR,null,null,null,null,null,null,null,null,null,null,null,null,null,null,62,KSAV 100653Z AUTO 19006KT 10SM CLR 17/14 A3007 RMK AO2 SLP180 T01670139,null
SAV,2024-12-10 7:53,63,58,83.72,190,6,0,30.07,1018.3,10,null,CLR,null,null,null,null,null,null,null,null,null,null,null,null,null,null,63,KSAV 100753Z AUTO 19006KT 10SM CLR 17/14 A3007 RMK AO2 SLP183 T01720144,null
SAV,2024-12-10 8:53,63,58,83.72,200,4,0,30.08,1018.4,10,null,CLR,null,null,null,null,null,null,null,null,null,null,null,null,null,null,63,KSAV 100853Z AUTO 20004KT 10SM CLR 17/14 A3008 RMK AO2 SLP184 T01720144 55000,null
SAV,2024-12-10 9:53,63,57,80.76,210,5,T,30.07,1018.1,10,null,FEW,null,null,null,10000,null,null,null,null,null,null,null,null,null,null,63,KSAV 100953Z AUTO 21005KT 10SM FEW100 17/14 A3007 RMK AO2 RAB04E14 SLP181 P0000 T01720139,null
SAV,2024-12-10 10:53,63,57,80.76,220,3,0,30.08,1018.3,10,null,BKN,OVC,null,null,15000,18000,null,null,null,null,null,null,null,null,null,63,KSAV 101053Z 22003KT 10SM BKN150 OVC180 17/14 A3008 RMK AO2 SLP183 T01720139,null
SAV,2024-12-10 11:53,62,57,83.65,0,0,0,30.09,1018.7,10,null,BKN,OVC,null,null,14000,17000,null,null,null,null,null,null,null,null,null,62,KSAV 101153Z 00000KT 10SM BKN140 OVC170 17/14 A3009 RMK AO2 SLP187 60000 70001 T01670139 10178 20161 53003,null
SAV,2024-12-10 12:53,60,56,86.61,160,5,0,30.09,1018.9,10,null,BKN,BKN,null,null,14000,25000,null,null,null,null,null,null,null,null,null,60,KSAV 101253Z 16005KT 10SM BKN140 BKN250 16/13 A3009 RMK AO2 SLP189 T01560133,null
SAV,2024-12-10 13:53,66,58,75.39,210,7,0,30.1,1019.2,10,null,FEW,SCT,BKN,null,15000,18000,25000,null,null,null,null,null,null,null,null,66,KSAV 101353Z 21007KT 10SM FEW150 SCT180 BKN250 19/14 A3010 RMK AO2 SLP192 T01890144,null
SAV,2024-12-10 14:53,71,58,63.49,200,11,0,30.1,1019.1,10,17,BKN,BKN,null,null,14000,25000,null,null,null,null,null,null,null,null,null,71,KSAV 101453Z 20011G17KT 10SM BKN140 BKN250 22/14 A3010 RMK AO2 SLP191 T02170144 50004,null
SAV,2024-12-10 15:53,72,59,63.61,200,13,0,30.09,1018.8,10,18,BKN,BKN,null,null,15000,18000,null,null,null,null,null,null,null,null,null,72,KSAV 101553Z 20013G18KT 10SM BKN150 BKN180 22/15 A3009 RMK AO2 SLP188 T02220150,null
SAV,2024-12-10 16:53,77,60,55.75,200,12,0,30.05,1017.6,10,20,BKN,null,null,null,16000,null,null,null,null,null,null,null,null,null,null,77,KSAV 101653Z 20012G20KT 10SM BKN160 25/16 A3005 RMK AO2 SLP176 T02500156,null
SAV,2024-12-10 17:53,78,59,52.05,190,14,0,30.02,1016.5,10,22,FEW,BKN,null,null,3500,16000,null,null,null,null,null,null,null,null,null,78,KSAV 101753Z 19014G22KT 10SM FEW035 BKN160 26/15 A3002 RMK AO2 SLP165 T02560150 10261 20156 58026,null
SAV,2024-12-10 18:53,78,60,53.94,190,10,0,29.98,1015.2,10,null,FEW,SCT,BKN,null,3500,16000,22000,null,null,null,null,null,null,null,null,78,KSAV 101853Z 19010KT 10SM FEW035 SCT160 BKN220 26/16 A2998 RMK AO2 SLP152 T02560156,null
SAV,2024-12-10 19:53,75,60,59.59,170,13,0,29.97,1014.7,10,null,FEW,SCT,BKN,null,3000,17000,22000,null,null,null,null,null,null,null,null,75,KSAV 101953Z 17013KT 10SM FEW030 SCT170 BKN220 24/16 A2997 RMK AO2 SLP147 T02390156,null
SAV,2024-12-10 20:53,72,60,65.92,170,8,0,29.96,1014.6,10,null,BKN,BKN,null,null,17000,22000,null,null,null,null,null,null,null,null,null,72,KSAV 102053Z 17008KT 10SM BKN170 BKN220 22/16 A2996 RMK AO2 SLP146 T02220156 56019,null
SAV,2024-12-10 21:53,69,59,70.46,170,11,0,29.96,1014.5,10,null,FEW,BKN,BKN,null,19000,21000,25000,null,null,null,null,null,null,null,null,69,KSAV 102153Z 17011KT 10SM FEW190 BKN210 BKN250 21/15 A2996 RMK AO2 SLP145 T02060150,null
SAV,2024-12-10 22:53,68,59,72.92,170,9,0,29.96,1014.6,10,null,SCT,BKN,OVC,null,17000,19000,23000,null,null,null,null,null,null,null,null,68,KSAV 102253Z 17009KT 10SM SCT170 BKN190 OVC230 20/15 A2996 RMK AO2 SLP146 T02000150,null
SAV,2024-12-10 23:53,67,59,75.48,180,9,0,29.98,1015.1,10,null,BKN,OVC,null,null,18000,25000,null,null,null,null,null,null,null,null,null,67,KSAV 102353Z 18009KT 10SM BKN180 OVC250 19/15 A2998 RMK AO2 SLP151 T01940150 10267 20194 53005,null
SAV,2024-12-11 0:53,67,60,78.22,180,7,0,29.99,1015.3,10,null,BKN,BKN,OVC,null,4200,16000,25000,null,null,null,null,null,null,null,null,67,KSAV 110053Z 18007KT 10SM BKN042 BKN160 OVC250 19/16 A2999 RMK AO2 SLP153 T01940156,null
SAV,2024-12-11 1:53,67,61,81.05,170,7,0,29.98,1015.1,10,null,SCT,BKN,OVC,null,3800,5000,18000,null,null,null,null,null,null,null,null,67,KSAV 110153Z 17007KT 10SM SCT038 BKN050 OVC180 19/16 A2998 RMK AO2 SLP151 T01940161,null
SAV,2024-12-11 2:53,66,61,83.91,170,8,0,29.98,1015.1,10,null,SCT,BKN,null,null,5500,18000,null,null,null,null,null,null,null,null,null,66,KSAV 110253Z 17008KT 10SM SCT055 BKN180 19/16 A2998 RMK AO2 SLP151 T01890161 58000,null
SAV,2024-12-11 3:53,67,61,81.05,170,9,0,29.96,1014.4,10,null,FEW,OVC,null,null,15000,18000,null,null,null,null,null,null,null,null,null,67,KSAV 110353Z 17009KT 10SM FEW150 OVC180 19/16 A2996 RMK AO2 SLP144 T01940161,null
SAV,2024-12-11 4:53,66,61,83.91,170,10,0,29.94,1013.8,10,null,FEW,BKN,null,null,18000,20000,null,null,null,null,null,null,null,null,null,66,KSAV 110453Z 17010KT 10SM FEW180 BKN200 19/16 A2994 RMK AO2 SLP138 LAST T01890161 402670156,null
SAV,2024-12-11 5:53,66,61,83.91,180,9,0,29.92,1013.1,10,null,CLR,null,null,null,null,null,null,null,null,null,null,null,null,null,null,66,KSAV 110553Z AUTO 18009KT 10SM CLR 19/16 A2992 RMK AO2 SLP131 T01890161 10194 20189 58020,null
SAV,2024-12-11 6:53,66,60,80.98,180,11,0,29.9,1012.5,10,null,FEW,null,null,null,7000,null,null,null,null,null,null,null,null,null,null,66,KSAV 110653Z AUTO 18011KT 10SM FEW070 19/16 A2990 RMK AO2 SLP125 T01890156,null
SAV,2024-12-11 7:53,66,60,80.98,180,8,0,29.89,1012,10,null,BKN,BKN,BKN,null,4300,6000,8000,null,null,null,null,null,null,null,null,66,KSAV 110753Z AUTO 18008KT 10SM BKN043 BKN060 BKN080 19/16 A2989 RMK AO2 SLP120 T01890156,null
SAV,2024-12-11 8:53,67,60,78.22,200,9,T,29.89,1012,7,null,SCT,BKN,OVC,null,3400,4400,7000,null,#NAME?,null,null,null,null,null,null,67,KSAV 110853Z AUTO 20009KT 7SM -RA SCT034 BKN044 OVC070 19/16 A2989 RMK AO2 RAB51 SLP120 P0000 60000 T01940156 55010,null
SAV,2024-12-11 9:17,66,62,86.93,190,9,T,29.89,null,4,null,FEW,BKN,OVC,null,1100,2600,3400,null,#NAME?,null,null,null,null,null,null,66,KSAV 110917Z AUTO 19009KT 4SM -RA BR FEW011 BKN026 OVC034 19/17 A2989 RMK AO2 P0000 T01890167,null
SAV,2024-12-11 9:27,65,62,90.01,190,12,T,29.88,null,4,null,SCT,BKN,OVC,null,700,1400,2400,null,#NAME?,null,null,null,null,null,null,65,KSAV 110927Z AUTO 19012KT 4SM -RA BR SCT007 BKN014 OVC024 18/17 A2988 RMK AO2 P0000 T01830167,null
SAV,2024-12-11 9:36,65,62,90.01,180,12,0.01,29.88,null,4,19,BKN,BKN,OVC,null,700,1500,2400,null,#NAME?,null,null,null,null,null,null,65,KSAV 110936Z AUTO 18012G19KT 4SM -RA BR BKN007 BKN015 OVC024 18/17 A2988 RMK AO2 P0001 T01830167,null
SAV,2024-12-11 9:53,66,62,86.93,180,12,0.01,29.87,1011.3,9,null,BKN,OVC,null,null,700,4300,null,null,null,null,null,null,null,null,null,66,KSAV 110953Z AUTO 18012KT 9SM BKN007 OVC043 19/17 A2987 RMK AO2 RAE49 SLP113 P0001 T01890167,null
SAV,2024-12-11 10:02,65,62,90.01,180,13,T,29.86,null,6,21,SCT,OVC,null,null,700,4500,null,null,#NAME?,null,null,null,null,null,null,65,KSAV 111002Z AUTO 18013G21KT 6SM -RA BR SCT007 OVC045 18/17 A2986 RMK AO2 RAB0957 P0000 T01830167,null
SAV,2024-12-11 10:48,64.4,62.6,93.88,200,13,T,29.86,null,10,21,BKN,OVC,null,null,600,6000,null,null,null,null,null,null,null,null,null,64.4,KSAV 111048Z AUTO 20013G21KT 10SM BKN006 OVC060 18/17 A2986 RMK AO2 RAB0957E27 PRESRR P0000,null
SAV,2024-12-11 10:53,65,63,93.24,190,13,T,29.87,1011.3,10,21,BKN,OVC,null,null,700,6000,null,null,null,null,null,null,null,null,null,65,KSAV 111053Z 19013G21KT 10SM BKN007 OVC060 18/17 A2987 RMK AO2 RAB0957E27 SLP113 P0000 T01830172,null
SAV,2024-12-11 11:53,65,63,93.24,190,10,T,29.86,1011.2,10,null,OVC,null,null,null,700,null,null,null,#NAME?,null,null,null,null,null,null,65,KSAV 111153Z 19010KT 10SM -RA OVC007 18/17 A2986 RMK AO2 RAB38 SLP112 P0000 60001 70001 T01830172 10194 20183 57001,null
SAV,2024-12-11 12:53,66,63,90.05,190,11,0.01,29.86,1010.9,10,null,OVC,null,null,null,800,null,null,null,null,null,null,null,null,null,null,66,KSAV 111253Z 19011KT 10SM OVC008 19/17 A2986 RMK AO2 RAE19 SLP109 P0001 T01890172,null
SAV,2024-12-11 13:49,66.2,64.4,93.92,190,11,T,29.84,null,10,null,SCT,BKN,BKN,OVC,800,2100,6500,13000,null,null,null,null,null,null,null,66.2,KSAV 111349Z 19011KT 10SM SCT008 BKN021 BKN065 OVC130 19/18 A2984 RMK AO2 RAB1256E07B39E48 P0000,null
SAV,2024-12-11 13:53,67,64,90.09,180,11,T,29.85,1010.6,10,null,SCT,BKN,BKN,OVC,800,2100,6500,13000,null,null,null,null,null,null,null,67,KSAV 111353Z 18011KT 10SM SCT008 BKN021 BKN065 OVC130 19/18 A2985 RMK AO2 RAB1256E07B39E48 SLP106 P0000 T01940178,null
SAV,2024-12-11 14:13,67,64,90.09,190,11,0,29.86,null,10,null,BKN,OVC,null,null,800,5000,null,null,null,null,null,null,null,null,null,67,KSAV 111413Z 19011KT 10SM BKN008 OVC050 19/18 A2986 RMK AO2 T01940178,null
SAV,2024-12-11 14:46,68,64,87.03,200,13,0,29.86,null,10,null,SCT,BKN,OVC,null,800,1200,2000,null,null,null,null,null,null,null,null,68,KSAV 111446Z 20013KT 10SM SCT008 BKN012 OVC020 20/18 A2986 RMK AO2 T02000178,null
SAV,2024-12-11 14:53,68,64,87.03,190,11,0,29.85,1010.6,10,21,SCT,BKN,OVC,null,800,1200,2000,null,null,null,null,null,null,null,null,68,KSAV 111453Z 19011G21KT 10SM SCT008 BKN012 OVC020 20/18 A2985 RMK AO2 SLP106 60001 T02000178 55006,null
SAV,2024-12-11 15:53,68,65,90.13,190,12,0.07,29.84,1010.2,5,null,BKN,OVC,null,null,1100,5000,null,null,RA BR,null,null,null,null,null,null,68,KSAV 111553Z 19012KT 5SM RA BR BKN011 OVC050 20/18 A2984 RMK AO2 RAB11 SLP102 P0007 T02000183,null
SAV,2024-12-11 16:10,69,65,87.08,250,10,0.02,29.8,null,8,null,SCT,BKN,OVC,null,900,1600,10000,null,#NAME?,null,null,null,null,null,null,69,KSAV 111610Z 25010KT 8SM -RA SCT009 BKN016 OVC100 21/18 A2980 RMK AO2 P0002 T02060183,null
SAV,2024-12-11 16:41,69,65,87.08,210,11,0.05,29.82,null,10,null,SCT,BKN,OVC,null,800,1100,5000,null,#NAME?,null,null,null,null,null,null,69,KSAV 111641Z 21011KT 10SM -RA SCT008 BKN011 OVC050 21/18 A2982 RMK AO2 P0005 T02060183,null
SAV,2024-12-11 16:53,68,65,90.13,200,11,0.05,29.8,1009.1,7,null,SCT,BKN,OVC,null,800,1100,5000,null,#NAME?,null,null,null,null,null,null,68,KSAV 111653Z 20011KT 7SM -RA SCT008 BKN011 OVC050 20/18 A2980 RMK AO2 SLP091 P0005 T02000183,null
SAV,2024-12-11 17:27,68,64,87.03,230,10,0.02,29.8,null,9,23,SCT,BKN,OVC,null,1100,2300,9000,null,#NAME?,null,null,null,null,null,null,68,KSAV 111727Z 23010G23KT 9SM -RA SCT011 BKN023 OVC090 20/18 A2980 RMK AO2 P0002 T02000178,null
SAV,2024-12-11 17:53,61,56,83.59,270,20,0.06,29.84,1010.5,10,34,FEW,SCT,OVC,null,1100,1600,2800,null,#NAME?,null,null,null,38,270,2024-12-11 17:43,61,KSAV 111753Z 27020G34KT 10SM -RA FEW011 SCT016 OVC028 16/13 A2984 RMK AO2 PK WND 27038/1743 SLP105 P0006 60019 T01610133 10206 20161 55001,null
SAV,2024-12-11 18:53,59,53,80.46,280,12,0.01,29.88,1011.8,10,26,FEW,BKN,BKN,null,1300,2600,4400,null,null,null,null,null,37,280,2024-12-11 17:58,59,KSAV 111853Z 28012G26KT 10SM FEW013 BKN026 BKN044 15/12 A2988 RMK AO2 PK WND 28037/1758 RAE28 SLP118 P0001 T01500117,null
SAV,2024-12-11 19:27,59,48,66.83,290,20,0,29.9,null,10,33,FEW,SCT,BKN,null,1700,2600,6500,null,null,null,null,null,33,310,2024-12-11 19:25,59,KSAV 111927Z 29020G33KT 10SM FEW017 SCT026 BKN065 15/09 A2990 RMK AO2 PK WND 31033/1925 T01500089,null
SAV,2024-12-11 19:53,60,44,55.42,290,21,0,29.91,1012.9,10,34,FEW,null,null,null,3000,null,null,null,null,null,null,null,35,290,2024-12-11 19:39,60,KSAV 111953Z 29021G34KT 10SM FEW030 16/07 A2991 RMK AO2 PK WND 29035/1939 SLP129 T01560067,null
SAV,2024-12-11 20:53,59,37,43.78,290,21,0,29.97,1014.7,10,34,FEW,null,null,null,4500,null,null,null,null,null,null,null,35,310,2024-12-11 20:14,59,KSAV 112053Z 29021G34KT 10SM FEW045 15/03 A2997 RMK AO2 PK WND 31035/2014 SLP147 60001 T01500028 53042,null
SAV,2024-12-11 21:53,56,33,41.6,300,20,0,30.01,1016.1,10,30,CLR,null,null,null,null,null,null,null,null,null,null,null,36,300,2024-12-11 20:56,56,KSAV 112153Z 30020G30KT 10SM CLR 13/01 A3001 RMK AO2 PK WND 30036/2056 SLP161 T01330006,null
SAV,2024-12-11 22:53,53,32,44.58,290,11,0,30.07,1018.2,10,23,CLR,null,null,null,null,null,null,null,null,null,null,null,30,290,2024-12-11 22:12,53,KSAV 112253Z 29011G23KT 10SM CLR 12/00 A3007 RMK AO2 PK WND 29030/2212 PRESRR SLP182 T01170000,null
SAV,2024-12-11 23:53,50,30,45.93,300,9,0,30.14,1020.5,10,21,CLR,null,null,null,null,null,null,null,null,null,null,null,null,null,null,50,KSAV 112353Z 30009G21KT 10SM CLR 10/M01 A3014 RMK AO2 PRESRR SLP205 60001 T01001011 10161 20100 53058,null
SAV,2024-12-12 0:53,49,27,42.16,300,11,0,30.17,1021.7,10,19,CLR,null,null,null,null,null,null,null,null,null,null,null,null,null,null,43.95,KSAV 120053Z 30011G19KT 10SM CLR 09/M03 A3017 RMK AO2 SLP217 T00941028,null
SAV,2024-12-12 1:53,47,27,45.45,300,9,0,30.21,1022.9,10,null,CLR,null,null,null,null,null,null,null,null,null,null,null,null,null,null,42.17,KSAV 120153Z 30009KT 10SM CLR 08/M03 A3021 RMK AO2 SLP229 T00831028,null
SAV,2024-12-12 2:53,45,27,49.02,300,8,0,30.24,1024,10,null,CLR,null,null,null,null,null,null,null,null,null,null,null,null,null,null,40.13,KSAV 120253Z 30008KT 10SM CLR 07/M03 A3024 RMK AO2 SLP240 T00721028 51034,null
SAV,2024-12-12 3:53,43,28,55.14,310,7,0,30.26,1024.7,10,null,CLR,null,null,null,null,null,null,null,null,null,null,null,null,null,null,38.19,KSAV 120353Z 31007KT 10SM CLR 06/M02 A3026 RMK AO2 SLP247 T00611022,null
SAV,2024-12-12 4:53,41,29,62.04,290,7,0,30.28,1025.2,10,null,CLR,null,null,null,null,null,null,null,null,null,null,null,null,null,null,35.75,KSAV 120453Z 29007KT 10SM CLR 05/M02 A3028 RMK AO2 SLP252 LAST T00501017 402060050,null
SAV,2024-12-12 5:53,39,29,67.06,270,5,0,30.28,1025.4,10,null,CLR,null,null,null,null,null,null,null,null,null,null,null,null,null,null,34.71,KSAV 120553Z AUTO 27005KT 10SM CLR 04/M02 A3028 RMK AO2 SLP254 T00391017 10100 20039 51015,null
SAV,2024-12-12 6:53,38,29,69.74,240,4,0,30.29,1025.6,10,null,CLR,null,null,null,null,null,null,null,null,null,null,null,null,null,null,34.43,KSAV 120653Z AUTO 24004KT 10SM CLR 03/M02 A3029 RMK AO2 SLP256 T00331017,null
SAV,2024-12-12 7:53,35,29,78.51,250,4,0,30.31,1026.4,10,null,CLR,null,null,null,null,null,null,null,null,null,null,null,null,null,null,30.92,KSAV 120753Z AUTO 25004KT 10SM CLR 02/M02 A3031 RMK AO2 SLP264 T00171017,null
SAV,2024-12-12 8:53,35,29,78.51,280,5,0,30.32,1026.5,10,null,CLR,null,null,null,null,null,null,null,null,null,null,null,null,null,null,29.96,KSAV 120853Z AUTO 28005KT 10SM CLR 02/M02 A3032 RMK AO2 SLP265 T00171017 51012,null
SAV,2024-12-12 9:53,35,29,78.51,270,4,0,30.33,1027,10,null,CLR,null,null,null,null,null,null,null,null,null,null,null,null,null,null,30.92,KSAV 120953Z AUTO 27004KT 10SM CLR 02/M02 A3033 RMK AO2 SLP270 T00171017,null
SAV,2024-12-12 10:53,35,29,78.51,290,5,0,30.34,1027.4,10,null,CLR,null,null,null,null,null,null,null,null,null,null,null,null,null,null,29.96,KSAV 121053Z 29005KT 10SM CLR 02/M02 A3034 RMK AO2 SLP274 T00171017,null
SAV,2024-12-12 11:53,34,29,81.71,270,4,0,30.38,1028.6,10,null,CLR,null,null,null,null,null,null,null,null,null,null,null,null,null,null,29.76,KSAV 121153Z 27004KT 10SM CLR 01/M02 A3038 RMK AO2 SLP286 70020 T00111017 10039 20011 53020,null
SAV,2024-12-12 12:53,35,30,81.78,240,3,0,30.41,1029.7,10,null,CLR,null,null,null,null,null,null,null,null,null,null,null,null,null,null,32.12,KSAV 121253Z 24003KT 10SM CLR 02/M01 A3041 RMK AO2 SLP297 T00171011,null
SAV,2024-12-12 13:53,41,29,62.04,320,6,0,30.43,1030.5,10,null,CLR,null,null,null,null,null,null,null,null,null,null,null,null,null,null,36.37,KSAV 121353Z 32006KT 10SM CLR 05/M02 A3043 RMK AO2 SLP305 T00501017,null
SAV,2024-12-12 14:53,45,30,55.43,340,8,0,30.45,1031.1,10,null,CLR,null,null,null,null,null,null,null,null,null,null,null,null,null,null,40.13,KSAV 121453Z 34008KT 10SM CLR 07/M01 A3045 RMK AO2 SLP311 T00721011 51025,null
SAV,2024-12-12 15:53,49,28,43.93,350,10,0,30.46,1031.6,10,null,CLR,null,null,null,null,null,null,null,null,null,null,null,null,null,null,44.29,KSAV 121553Z 35010KT 10SM CLR 09/M02 A3046 RMK AO2 SLP316 T00941022,null
SAV,2024-12-12 16:53,52,28,39.3,360,8,0,30.45,1031.1,10,null,CLR,null,null,null,null,null,null,null,null,null,null,null,null,null,null,52,KSAV 121653Z 36008KT 10SM CLR 11/M02 A3045 RMK AO2 SLP311 T01111022,null
SAV,2024-12-12 17:53,53,26,34.88,20,8,0,30.43,1030.4,10,null,CLR,null,null,null,null,null,null,null,null,null,null,null,null,null,null,53,KSAV 121753Z 02008KT 10SM CLR 12/M03 A3043 RMK AO2 SLP304 T01171033 10122 20011 58007,null
SAV,2024-12-12 18:53,55,26,32.42,10,6,0,30.41,1029.8,10,null,CLR,null,null,null,null,null,null,null,null,null,null,null,null,null,null,55,KSAV 121853Z COR 01006KT 10SM CLR 13/M03 A3041 RMK AO2 SLP298 T01281033,null
SAV,2024-12-12 19:53,57,26,30.16,10,6,0,30.41,1029.7,10,null,FEW,null,null,null,25000,null,null,null,null,null,null,null,null,null,null,57,KSAV 121953Z 01006KT 10SM FEW250 14/M03 A3041 RMK AO2 SLP297 T01391033,null
SAV,2024-12-12 20:53,57,26,30.16,20,3,0,30.41,1029.7,10,null,FEW,null,null,null,25000,null,null,null,null,null,null,null,null,null,null,57,KSAV 122053Z 02003KT 10SM FEW250 14/M03 A3041 RMK AO2 SLP297 T01391033 55007,null
SAV,2024-12-12 21:53,54,28,36.52,30,5,0,30.43,1030.4,10,null,FEW,null,null,null,25000,null,null,null,null,null,null,null,null,null,null,54,KSAV 122153Z 03005KT 10SM FEW250 12/M02 A3043 RMK AO2 SLP304 T01221022,null
SAV,2024-12-12 22:53,48,32,53.67,360,3,0,30.44,1030.9,10,null,FEW,null,null,null,25000,null,null,null,null,null,null,null,null,null,null,46.98,KSAV 122253Z 36003KT 10SM FEW250 09/00 A3044 RMK AO2 SLP309 T00890000,null
SAV,2024-12-12 23:53,44,33,65.01,0,0,0,30.46,1031.3,10,null,CLR,null,null,null,null,null,null,null,null,null,null,null,null,null,null,44,KSAV 122353Z 00000KT 10SM CLR 07/01 A3046 RMK AO2 SLP313 T00670006 10144 20061 51016,null
SAV,2024-12-13 0:53,42,34,73.06,0,0,0,30.47,1031.9,10,null,CLR,null,null,null,null,null,null,null,null,null,null,null,null,null,null,42,KSAV 130053Z 00000KT 10SM CLR 06/01 A3047 RMK AO2 SLP319 T00560011,null
SAV,2024-12-13 1:53,40,34,78.94,0,0,0,30.48,1032,10,null,FEW,null,null,null,25000,null,null,null,null,null,null,null,null,null,null,40,KSAV 130153Z 00000KT 10SM FEW250 04/01 A3048 RMK AO2 SLP320 T00440011,null
SAV,2024-12-13 2:53,41,35,79.02,0,0,0,30.49,1032.4,10,null,SCT,null,null,null,25000,null,null,null,null,null,null,null,null,null,null,41,KSAV 130253Z 00000KT 10SM SCT250 05/02 A3049 RMK AO2 SLP324 T00500017 51011,null
SAV,2024-12-13 3:53,38,33,82,0,0,0,30.5,1032.7,10,null,SCT,null,null,null,25000,null,null,null,null,null,null,null,null,null,null,38,KSAV 130353Z 00000KT 10SM SCT250 03/01 A3050 RMK AO2 SLP327 T00330006,null
SAV,2024-12-13 4:53,37,33,85.29,340,3,0,30.49,1032.6,10,null,FEW,null,null,null,25000,null,null,null,null,null,null,null,null,null,null,34.4,KSAV 130453Z 34003KT 10SM FEW250 03/01 A3049 RMK AO2 SLP326 LAST T00280006 401440011,null
SAV,2024-12-13 5:53,35,33,92.32,0,0,0,30.5,1032.7,10,null,CLR,null,null,null,null,null,null,null,null,null,null,null,null,null,null,35,KSAV 130553Z AUTO 00000KT 10SM CLR 02/01 A3050 RMK AO2 SLP327 T00170006 10067 20017 51003,null
SAV,2024-12-13 6:53,35,32,88.68,0,0,0,30.49,1032.5,10,null,CLR,null,null,null,null,null,null,null,null,null,null,null,null,null,null,35,KSAV 130653Z AUTO 00000KT 10SM CLR 02/00 A3049 RMK AO2 SLP325 T00170000,null
SAV,2024-12-13 7:53,34,31,88.63,0,0,0,30.5,1032.9,10,null,CLR,null,null,null,null,null,null,null,null,null,null,null,null,null,null,34,KSAV 130753Z AUTO 00000KT 10SM CLR 01/M01 A3050 RMK AO2 SLP329 T00111006,null
SAV,2024-12-13 8:53,35,32,88.68,0,0,0,30.5,1032.9,10,null,CLR,null,null,null,null,null,null,null,null,null,null,null,null,null,null,35,KSAV 130853Z AUTO 00000KT 10SM CLR 02/00 A3050 RMK AO2 SLP329 T00170000 53002,null
SAV,2024-12-13 9:53,36,32,85.23,0,0,0,30.51,1033.1,10,null,CLR,null,null,null,null,null,null,null,null,null,null,null,null,null,null,36,KSAV 130953Z AUTO 00000KT 10SM CLR 02/00 A3051 RMK AO2 SLP331 T00220000,null
SAV,2024-12-13 10:53,36,29,75.46,0,0,0,30.52,1033.6,10,null,FEW,null,null,null,25000,null,null,null,null,null,null,null,null,null,null,36,KSAV 131053Z 00000KT 10SM FEW250 02/M02 A3052 RMK AO2 SLP336 T00221017,null
SAV,2024-12-13 11:53,36,29,75.46,10,3,0,30.54,1034.2,10,null,FEW,null,null,null,25000,null,null,null,null,null,null,null,null,null,null,33.26,KSAV 131153Z 01003KT 10SM FEW250 02/M02 A3054 RMK AO2 SLP342 T00221017 10028 20006 53013,null
SAV,2024-12-13 12:53,37,30,75.56,30,3,0,30.56,1034.8,10,null,FEW,null,null,null,25000,null,null,null,null,null,null,null,null,null,null,34.4,KSAV 131253Z 03003KT 10SM FEW250 03/M01 A3056 RMK AO2 SLP348 T00281011,null
SAV,2024-12-13 13:53,47,33,58.01,30,5,0,30.57,1035.3,10,null,FEW,null,null,null,25000,null,null,null,null,null,null,null,null,null,null,44.21,KSAV 131353Z 03005KT 10SM FEW250 08/01 A3057 RMK AO2 SLP353 T00830006,null
SAV,2024-12-13 14:53,52,28,39.3,60,11,0,30.6,1036,10,null,SCT,null,null,null,25000,null,null,null,null,null,null,null,null,null,null,52,KSAV 131453Z 06011KT 10SM SCT250 11/M02 A3060 RMK AO2 SLP360 T01111022 53019,null
SAV,2024-12-13 15:53,56,28,33.96,60,9,0,30.6,1036.2,10,16,SCT,null,null,null,25000,null,null,null,null,null,null,null,null,null,null,56,KSAV 131553Z 06009G16KT 10SM SCT250 13/M02 A3060 RMK AO2 SLP362 T01331022,null
SAV,2024-12-13 16:53,59,30,33.08,60,10,0,30.58,1035.4,10,null,SCT,null,null,null,25000,null,null,null,null,null,null,null,null,null,null,59,KSAV 131653Z 06010KT 10SM SCT250 15/M01 A3058 RMK AO2 SLP354 T01501011,null
SAV,2024-12-13 17:53,62,36,37.83,60,9,0,30.55,1034.5,10,17,BKN,null,null,null,25000,null,null,null,null,null,null,null,null,null,null,62,KSAV 131753Z 06009G17KT 10SM BKN250 17/02 A3055 RMK AO2 SLP345 T01670022 10167 20017 58015,null
SAV,2024-12-13 18:53,62,37,39.35,40,12,0,30.53,1033.7,10,null,OVC,null,null,null,25000,null,null,null,null,null,null,null,null,null,null,62,KSAV 131853Z 04012KT 10SM OVC250 17/03 A3053 RMK AO2 SLP337 T01670028,null
SAV,2024-12-13 19:53,62,37,39.35,50,12,0,30.51,1033.2,10,20,OVC,null,null,null,25000,null,null,null,null,null,null,null,null,null,null,62,KSAV 131953Z 05012G20KT 10SM OVC250 17/03 A3051 RMK AO2 SLP332 T01670028,null
SAV,2024-12-13 20:53,60,33,36.03,70,11,0,30.52,1033.5,10,null,FEW,BKN,null,null,6000,25000,null,null,null,null,null,null,null,null,null,60,KSAV 132053Z 07011KT 10SM FEW060 BKN250 16/01 A3052 RMK AO2 SLP335 T01560006 55010,null
SAV,2024-12-13 21:53,57,28,32.75,60,7,0,30.54,1033.9,10,null,FEW,BKN,null,null,6000,25000,null,null,null,null,null,null,null,null,null,57,KSAV 132153Z 06007KT 10SM FEW060 BKN250 14/M02 A3054 RMK AO2 SLP339 T01391022,null
SAV,2024-12-13 22:53,53,31,42.81,30,6,0,30.54,1034.2,10,null,FEW,BKN,null,null,6000,25000,null,null,null,null,null,null,null,null,null,53,KSAV 132253Z 03006KT 10SM FEW060 BKN250 12/M01 A3054 RMK AO2 SLP342 T01171006,null
SAV,2024-12-13 23:53,51,31,46.09,30,6,0,30.55,1034.4,10,null,FEW,BKN,null,null,6000,25000,null,null,null,null,null,null,null,null,null,51,KSAV 132353Z 03006KT 10SM FEW060 BKN250 11/M01 A3055 RMK AO2 SLP344 T01061006 10172 20106 51008,null
SAV,2024-12-14 0:53,51,31,46.09,50,7,0,30.55,1034.4,10,null,FEW,SCT,null,null,6000,25000,null,null,null,null,null,null,null,null,null,51,KSAV 140053Z 05007KT 10SM FEW060 SCT250 11/M01 A3055 RMK AO2 SLP344 T01061006,null
SAV,2024-12-14 1:53,50,33,51.85,50,7,0,30.54,1034.1,10,null,FEW,SCT,null,null,6000,25000,null,null,null,null,null,null,null,null,null,50,KSAV 140153Z 05007KT 10SM FEW060 SCT250 10/01 A3054 RMK AO2 SLP341 T01000006,null
SAV,2024-12-14 2:53,50,34,53.97,20,5,0,30.58,1035.4,10,null,FEW,SCT,BKN,null,7000,9000,23000,null,null,null,null,null,null,null,null,50,KSAV 140253Z 02005KT 10SM FEW070 SCT090 BKN230 10/01 A3058 RMK AO2 SLP354 T01000011 53010,null
SAV,2024-12-14 3:53,51,34,52,20,7,0,30.57,1035,10,null,SCT,BKN,BKN,null,9000,20000,25000,null,null,null,null,null,null,null,null,51,KSAV 140353Z 02007KT 10SM SCT090 BKN200 BKN250 11/01 A3057 RMK AO2 SLP350 T01060011,null
SAV,2024-12-14 4:53,50,34,53.97,50,8,0,30.55,1034.5,10,null,SCT,SCT,null,null,9000,20000,null,null,null,null,null,null,null,null,null,50,KSAV 140453Z 05008KT 10SM SCT090 SCT200 10/01 A3055 RMK AO2 SLP345 LAST T01000011 401720006,null
SAV,2024-12-14 5:53,50,36,58.44,20,5,0,30.54,1034.1,10,null,SCT,null,null,null,9000,null,null,null,null,null,null,null,null,null,null,50,KSAV 140553Z AUTO 02005KT 10SM SCT090 10/02 A3054 RMK AO2 SLP341 T01000022 10111 20100 58012,null
SAV,2024-12-14 6:53,51,39,63.36,30,7,0,30.54,1034.2,10,null,SCT,null,null,null,8000,null,null,null,null,null,null,null,null,null,null,51,KSAV 140653Z AUTO 03007KT 10SM SCT080 11/04 A3054 RMK AO2 SLP342 T01060039,null
SAV,2024-12-14 7:53,50,39,65.75,30,6,0,30.54,1034,10,null,FEW,null,null,null,6500,null,null,null,null,null,null,null,null,null,null,50,KSAV 140753Z AUTO 03006KT 10SM FEW065 10/04 A3054 RMK AO2 SLP340 T01000039,null
SAV,2024-12-14 8:53,51,40,65.87,20,6,0,30.53,1033.7,10,null,OVC,null,null,null,7000,null,null,null,null,null,null,null,null,null,null,51,KSAV 140853Z AUTO 02006KT 10SM OVC070 11/04 A3053 RMK AO2 SLP337 T01060044 58005,null
SAV,2024-12-14 9:53,51,41,68.48,20,5,0,30.53,1033.8,10,null,OVC,null,null,null,6000,null,null,null,null,null,null,null,null,null,null,51,KSAV 140953Z AUTO 02005KT 10SM OVC060 11/05 A3053 RMK AO2 SLP338 T01060050,null
SAV,2024-12-14 10:53,51,41,68.48,20,5,0,30.54,1034.2,10,null,OVC,null,null,null,7000,null,null,null,null,null,null,null,null,null,null,51,KSAV 141053Z 02005KT 10SM OVC070 11/05 A3054 RMK AO2 SLP342 T01060050,null
SAV,2024-12-14 11:53,51,41,68.48,20,6,0,30.56,1034.6,10,null,OVC,null,null,null,7000,null,null,null,null,null,null,null,null,null,null,51,KSAV 141153Z 02006KT 10SM OVC070 11/05 A3056 RMK AO2 SLP346 T01060050 10111 20100 53009,null
SAV,2024-12-14 12:53,51,39,63.36,30,7,0,30.56,1034.8,10,null,BKN,OVC,null,null,8000,20000,null,null,null,null,null,null,null,null,null,51,KSAV 141253Z 03007KT 10SM BKN080 OVC200 11/04 A3056 RMK AO2 SLP348 T01060039,null
SAV,2024-12-14 13:53,53,40,61.19,30,7,0,30.56,1034.9,10,null,BKN,OVC,null,null,9000,20000,null,null,null,null,null,null,null,null,null,53,KSAV 141353Z 03007KT 10SM BKN090 OVC200 12/04 A3056 RMK AO2 SLP349 T01170044,null
SAV,2024-12-14 14:53,60,43,53.34,50,11,0,30.57,1035.2,10,null,BKN,BKN,null,null,9000,20000,null,null,null,null,null,null,null,null,null,60,KSAV 141453Z 05011KT 10SM BKN090 BKN200 16/06 A3057 RMK AO2 SLP352 T01560061 53006,null
SAV,2024-12-14 15:53,63,46,53.78,50,11,0,30.57,1035.1,10,null,SCT,null,null,null,9000,null,null,null,null,null,null,null,null,null,null,63,KSAV 141553Z 05011KT 10SM SCT090 17/08 A3057 RMK AO2 SLP351 T01720078,null
SAV,2024-12-14 16:53,66,48,52.22,50,13,0,30.54,1034.1,10,null,SCT,null,null,null,9000,null,null,null,null,null,null,null,null,null,null,66,KSAV 141653Z 05013KT 10SM SCT090 19/09 A3054 RMK AO2 SLP341 T01890089,null
SAV,2024-12-14 17:53,67,49,52.37,70,13,0,30.52,1033.3,10,21,FEW,SCT,null,null,3500,9000,null,null,null,null,null,null,null,null,null,67,KSAV 141753Z 07013G21KT 10SM FEW035 SCT090 19/09 A3052 RMK AO2 SLP333 T01940094 10200 20106 58019,null
SAV,2024-12-14 18:53,68,50,52.51,70,17,0,30.49,1032.5,10,23,FEW,SCT,null,null,5000,20000,null,null,null,null,null,null,28,80,2024-12-14 18:39,68,KSAV 141853Z 07017G23KT 10SM FEW050 SCT200 20/10 A3049 RMK AO2 PK WND 08028/1839 SLP325 T02000100,null
SAV,2024-12-14 19:53,68,50,52.51,60,11,0,30.48,1031.9,10,21,FEW,SCT,null,null,5000,20000,null,null,null,null,null,null,26,40,2024-12-14 19:04,68,KSAV 141953Z 06011G21KT 10SM FEW050 SCT200 20/10 A3048 RMK AO2 PK WND 04026/1904 SLP319 T02000100,null
SAV,2024-12-14 20:53,67,49,52.37,60,15,0,30.48,1031.9,10,23,FEW,FEW,null,null,5000,20000,null,null,null,null,null,null,null,null,null,67,KSAV 142053Z 06015G23KT 10SM FEW050 FEW200 19/09 A3048 RMK AO2 SLP319 T01940094 56014,null
SAV,2024-12-14 21:53,65,50,58.26,60,9,0,30.49,1032.4,10,21,FEW,SCT,BKN,null,3600,4700,20000,null,null,null,null,null,null,null,null,65,KSAV 142153Z 06009G21KT 10SM FEW036 SCT047 BKN200 18/10 A3049 RMK AO2 SLP324 T01830100,null
SAV,2024-12-14 22:53,62,50,64.73,70,12,0,30.49,1032.4,10,null,FEW,BKN,BKN,null,4500,7500,20000,null,null,null,null,null,null,null,null,62,KSAV 142253Z 07012KT 10SM FEW045 BKN075 BKN200 17/10 A3049 RMK AO2 SLP324 T01670100,null
SAV,2024-12-14 23:53,61,50,67.06,60,8,0,30.5,1032.7,10,null,SCT,OVC,null,null,5500,7000,null,null,null,null,null,null,26,80,2024-12-14 23:29,61,KSAV 142353Z 06008KT 10SM SCT055 OVC070 16/10 A3050 RMK AO2 PK WND 08026/2329 SLP327 T01610100 10211 20161 51008,null
SAV,2024-12-15 0:53,60,50,69.49,60,10,0,30.51,1032.9,10,null,BKN,BKN,BKN,null,5000,7000,20000,null,null,null,null,null,null,null,null,60,KSAV 150053Z 06010KT 10SM BKN050 BKN070 BKN200 16/10 A3051 RMK AO2 SLP329 T01560100,null
SAV,2024-12-15 1:53,58,50,74.64,70,10,0,30.5,1032.6,10,20,FEW,BKN,null,null,1200,7000,null,null,null,null,null,null,null,null,null,58,KSAV 150153Z 07010G20KT 10SM FEW012 BKN070 14/10 A3050 RMK AO2 SLP326 T01440100,null
SAV,2024-12-15 2:53,58,50,74.64,60,10,T,30.51,1032.9,10,null,FEW,SCT,BKN,null,1800,4000,6500,null,#NAME?,null,null,null,null,null,null,58,KSAV 150253Z 06010KT 10SM -RA FEW018 SCT040 BKN065 14/10 A3051 RMK AO2 RAB52 SLP329 P0000 60000 T01440100 53002,null
SAV,2024-12-15 3:53,57,49,74.55,50,10,T,30.5,1032.7,10,21,SCT,BKN,OVC,null,1900,3000,7000,null,null,null,null,null,null,null,null,57,KSAV 150353Z 05010G21KT 10SM SCT019 BKN030 OVC070 14/09 A3050 RMK AO2 RAE19 SLP327 P0000 T01390094,null
SAV,2024-12-15 4:53,56,49,77.29,50,10,T,30.49,1032.4,10,null,FEW,SCT,OVC,null,1600,4300,5500,null,null,null,null,null,null,null,null,56,KSAV 150453Z 05010KT 10SM FEW016 SCT043 OVC055 13/09 A3049 RMK AO2 RAB20E29 SLP324 LAST P0000 T01330094 402110100,null
SAV,2024-12-15 5:53,56,48,74.45,50,8,0,30.49,1032.3,10,17,FEW,BKN,OVC,null,4000,5500,7000,null,null,null,null,null,null,null,null,56,KSAV 150553Z AUTO 05008G17KT 10SM FEW040 BKN055 OVC070 13/09 A3049 RMK AO2 SLP323 60000 T01330089 10161 20133 56006,null
SAV,2024-12-15 6:53,55,48,77.21,50,9,0,30.46,1031.2,10,18,SCT,OVC,null,null,4300,7000,null,null,null,null,null,null,null,null,null,55,KSAV 150653Z AUTO 05009G18KT 10SM SCT043 OVC070 13/09 A3046 RMK AO2 SLP312 T01280089,null
SAV,2024-12-15 7:53,54,47,77.12,50,9,0,30.45,1031,10,null,FEW,null,null,null,4200,null,null,null,null,null,null,null,null,null,null,54,KSAV 150753Z AUTO 05009KT 10SM FEW042 12/08 A3045 RMK AO2 SLP310 T01220083,null
SAV,2024-12-15 8:53,53,46,77.03,20,9,0,30.46,1031.5,10,null,BKN,OVC,null,null,4100,6000,null,null,null,null,null,null,null,null,null,53,KSAV 150853Z AUTO 02009KT 10SM BKN041 OVC060 12/08 A3046 RMK AO2 SLP315 T01170078 55008,null
SAV,2024-12-15 9:53,53,45,74.16,30,9,0,30.45,1031,10,null,OVC,null,null,null,6000,null,null,null,null,null,null,null,null,null,null,53,KSAV 150953Z AUTO 03009KT 10SM OVC060 12/07 A3045 RMK AO2 SLP310 T01170072,null
SAV,2024-12-15 10:53,53,45,74.16,60,12,0,30.44,1030.6,10,null,FEW,OVC,null,null,1600,6500,null,null,null,null,null,null,null,null,null,53,KSAV 151053Z 06012KT 10SM FEW016 OVC065 12/07 A3044 RMK AO2 SLP306 T01170072,null
SAV,2024-12-15 11:53,53,45,74.16,30,8,0,30.46,1031.2,10,null,OVC,null,null,null,7500,null,null,null,null,null,null,null,null,null,null,53,KSAV 151153Z 03008KT 10SM OVC075 12/07 A3046 RMK AO2 SLP312 T01170072 10133 20117 55003,null
SAV,2024-12-15 12:53,53,46,77.03,20,8,0,30.46,1031.5,10,null,OVC,null,null,null,4000,null,null,null,null,null,null,null,null,null,null,53,KSAV 151253Z 02008KT 10SM OVC040 12/08 A3046 RMK AO2 SLP315 T01170078,null
SAV,2024-12-15 13:53,54,46,74.26,40,7,0,30.47,1031.8,10,null,OVC,null,null,null,4600,null,null,null,null,null,null,null,null,null,null,54,KSAV 151353Z 04007KT 10SM OVC046 12/08 A3047 RMK AO2 SLP318 T01220078,null
SAV,2024-12-15 14:53,56,46,69.05,40,9,0,30.48,1032,10,null,OVC,null,null,null,8000,null,null,null,null,null,null,null,null,null,null,56,KSAV 151453Z 04009KT 10SM OVC080 13/08 A3048 RMK AO2 SLP320 T01330078 51008,null
SAV,2024-12-15 15:53,59,48,66.83,20,11,0,30.48,1032,10,null,OVC,null,null,null,8000,null,null,null,null,null,null,null,null,null,null,59,KSAV 151553Z 02011KT 10SM OVC080 15/09 A3048 RMK AO2 SLP320 T01500089,null
SAV,2024-12-15 16:53,62,49,62.36,40,8,0,30.45,1031,10,null,SCT,BKN,null,null,4000,9000,null,null,null,null,null,null,null,null,null,62,KSAV 151653Z 04008KT 10SM SCT040 BKN090 17/09 A3045 RMK AO2 SLP310 T01670094,null
SAV,2024-12-15 17:53,65,51,60.47,60,6,0,30.41,1029.8,10,null,SCT,BKN,null,null,1500,4500,null,null,null,null,null,null,null,null,null,65,KSAV 151753Z 06006KT 10SM SCT015 BKN045 18/11 A3041 RMK AO2 SLP298 T01830106 10189 20117 58022,null
SAV,2024-12-15 18:53,67,53,60.73,60,8,0,30.39,1029,10,null,BKN,null,null,null,5000,null,null,null,null,null,null,null,null,null,null,67,KSAV 151853Z 06008KT 10SM BKN050 19/12 A3039 RMK AO2 SLP290 T01940117,null
SAV,2024-12-15 19:53,68,54,60.86,50,9,0,30.37,1028.5,10,null,FEW,BKN,null,null,5000,8000,null,null,null,null,null,null,null,null,null,68,KSAV 151953Z 05009KT 10SM FEW050 BKN080 20/12 A3037 RMK AO2 SLP285 T02000122,null
SAV,2024-12-15 20:53,68,54,60.86,60,7,0,30.37,1028.4,10,null,FEW,BKN,null,null,4700,7000,null,null,null,null,null,null,null,null,null,68,KSAV 152053Z 06007KT 10SM FEW047 BKN070 20/12 A3037 RMK AO2 SLP284 T02000122 56014,null
SAV,2024-12-15 21:53,65,56,72.62,70,7,0,30.38,1028.6,10,null,FEW,BKN,BKN,null,2200,4700,7000,null,null,null,null,null,null,null,null,65,KSAV 152153Z 07007KT 10SM FEW022 BKN047 BKN070 18/13 A3038 RMK AO2 SLP286 T01830133,null
SAV,2024-12-15 22:53,63,57,80.76,60,10,0,30.38,1028.7,10,16,FEW,BKN,BKN,null,1800,4900,7000,null,null,null,null,null,null,null,null,63,KSAV 152253Z 06010G16KT 10SM FEW018 BKN049 BKN070 17/14 A3038 RMK AO2 SLP287 T01720139,null
SAV,2024-12-15 23:53,62,56,80.68,60,4,0,30.39,1029,10,null,FEW,BKN,null,null,5000,8000,null,null,null,null,null,null,null,null,null,62,KSAV 152353Z 06004KT 10SM FEW050 BKN080 17/13 A3039 RMK AO2 SLP290 T01670133 10200 20167 53006,null
SAV,2024-12-16 0:53,61,56,83.59,40,5,0,30.4,1029.2,10,null,FEW,BKN,null,null,4000,7500,null,null,null,null,null,null,null,null,null,61,KSAV 160053Z 04005KT 10SM FEW040 BKN075 16/13 A3040 RMK AO2 SLP292 T01610133,null
SAV,2024-12-16 1:53,60,55,83.53,40,5,0,30.39,1028.9,10,null,FEW,FEW,BKN,null,1800,5000,7500,null,null,null,null,null,null,null,null,60,KSAV 160153Z 04005KT 10SM FEW018 FEW050 BKN075 16/13 A3039 RMK AO2 SLP289 T01560128,null
SAV,2024-12-16 2:53,58,52,80.38,30,3,0,30.39,1028.9,10,null,FEW,null,null,null,5000,null,null,null,null,null,null,null,null,null,null,58,KSAV 160253Z 03003KT 10SM FEW050 14/11 A3039 RMK AO2 SLP289 T01440111 58001,null
SAV,2024-12-16 3:53,55,51,86.34,10,4,0,30.38,1028.7,10,null,CLR,null,null,null,null,null,null,null,null,null,null,null,null,null,null,55,KSAV 160353Z 01004KT 10SM CLR 13/11 A3038 RMK AO2 SLP287 T01280106,null
SAV,2024-12-16 4:53,54,50,86.29,10,4,0,30.37,1028.2,10,null,CLR,null,null,null,null,null,null,null,null,null,null,null,null,null,null,54,KSAV 160453Z 01004KT 10SM CLR 12/10 A3037 RMK AO2 SLP282 LAST T01220100 402000117,null
SAV,2024-12-16 5:53,53,50,89.51,360,4,0,30.35,1027.6,10,null,CLR,null,null,null,null,null,null,null,null,null,null,null,null,null,null,53,KSAV 160553Z AUTO 36004KT 10SM CLR 12/10 A3035 RMK AO2 SLP276 T01170100 10167 20117 58012,null
SAV,2024-12-16 6:53,51,49,92.83,0,0,0,30.34,1027.2,10,null,CLR,null,null,null,null,null,null,null,null,null,null,null,null,null,null,51,KSAV 160653Z AUTO 00000KT 10SM CLR 11/09 A3034 RMK AO2 SLP272 T01060094,null
SAV,2024-12-16 7:21,50,47,89.37,340,5,0,30.34,null,10,null,SCT,null,null,null,500,null,null,null,null,null,null,null,null,null,null,50,KSAV 160721Z AUTO 34005KT 10SM SCT005 10/08 A3034 RMK AO2 T01000083,null
SAV,2024-12-16 7:29,52,48,86.17,350,4,0,30.33,null,10,null,BKN,null,null,null,500,null,null,null,null,null,null,null,null,null,null,52,KSAV 160729Z AUTO 35004KT 10SM BKN005 11/09 A3033 RMK AO2 T01110089,null
SAV,2024-12-16 7:53,52,49,89.46,10,5,0,30.34,1027.1,10,null,OVC,null,null,null,500,null,null,null,null,null,null,null,null,null,null,52,KSAV 160753Z AUTO 01005KT 10SM OVC005 11/09 A3034 RMK AO2 SLP271 T01110094,null
SAV,2024-12-16 8:15,52,49,89.46,360,4,0,30.33,null,10,null,OVC,null,null,null,400,null,null,null,null,null,null,null,null,null,null,52,KSAV 160815Z AUTO 36004KT 10SM OVC004 11/09 A3033 RMK AO2 T01110094,null
SAV,2024-12-16 8:53,52,50,92.86,10,5,0,30.33,1027.1,2,null,OVC,null,null,null,200,null,null,null,BR,null,null,null,null,null,null,52,KSAV 160853Z AUTO 01005KT 2SM BR OVC002 11/10 A3033 RMK AO2 SLP271 T01110100 56006,null
SAV,2024-12-16 9:03,52,50,92.86,360,5,0,30.33,null,1.5,null,OVC,null,null,null,200,null,null,null,BR,null,null,null,null,null,null,52,KSAV 160903Z AUTO 36005KT 1 1/2SM BR OVC002 11/10 A3033 RMK AO2 T01110100,null
SAV,2024-12-16 9:12,52,50,92.86,360,4,0,30.33,null,1,null,OVC,null,null,null,200,null,null,null,BR,null,null,null,null,null,null,52,KSAV 160912Z AUTO 36004KT 1SM R10/5500VP6000FT BR OVC002 11/10 A3033 RMK AO2 T01110100,null
SAV,2024-12-16 9:31,52,50,92.86,360,5,0,30.33,null,0.75,null,VV ,null,null,null,200,null,null,null,BR,null,null,null,null,null,null,52,KSAV 160931Z AUTO 36005KT 3/4SM R10/5000V6000FT BR VV002 11/10 A3033 RMK AO2 T01110100,null
SAV,2024-12-16 9:53,52,50,92.86,10,4,0,30.33,1026.9,0.5,null,VV ,null,null,null,200,null,null,null,FG,null,null,null,null,null,null,52,KSAV 160953Z AUTO 01004KT 1/2SM R10/3000V5000FT FG VV002 11/10 A3033 RMK AO2 SLP269 T01110100,null
SAV,2024-12-16 10:53,52,50,92.86,360,4,0,30.33,1027,0.25,null,VV ,null,null,null,200,null,null,null,FG,null,null,null,null,null,null,52,KSAV 161053Z 36004KT 1/4SM R10/2800V3000FT FG VV002 11/10 A3033 RMK AO2 SLP270 T01110100,null
SAV,2024-12-16 11:53,52,51,96.37,10,3,0,30.34,1027.3,0.25,null,VV ,null,null,null,200,null,null,null,FG,null,null,null,null,null,null,52,KSAV 161153Z 01003KT 1/4SM R10/2000V3500FT FG VV002 11/11 A3034 RMK AO2 SLP273 T01110106 10117 20100 53002,null
SAV,2024-12-16 12:33,52,51,96.37,10,5,0,30.35,null,0.5,null,VV ,null,null,null,200,null,null,null,FG,null,null,null,null,null,null,52,KSAV 161233Z 01005KT 1/2SM R10/4000VP6000FT FG VV002 11/11 A3035 RMK AO2 VIS W-N 1 1/4 T01110106,null
SAV,2024-12-16 12:53,52,51,96.37,360,5,0,30.35,1027.7,2.5,null,BKN,null,null,null,300,null,null,null,BR,null,null,null,null,null,null,52,KSAV 161253Z 36005KT 2 1/2SM BR BKN003 11/11 A3035 RMK AO2 SLP277 VIS W-N 7 T01110106,null
SAV,2024-12-16 13:53,53,51,92.89,10,4,0,30.35,1027.7,2.5,null,BKN,null,null,null,400,null,null,null,BR,null,null,null,null,null,null,53,KSAV 161353Z 01004KT 2 1/2SM BR BKN004 12/11 A3035 RMK AO2 SLP277 VIS W-N 7 T01170106,null
SAV,2024-12-16 14:28,55,52,89.59,10,5,0,30.36,null,9,null,FEW,null,null,null,300,null,null,null,null,null,null,null,null,null,null,55,KSAV 161428Z 01005KT 9SM FEW003 13/11 A3036 RMK AO2 VIS LWR NE-E T01280111,null
SAV,2024-12-16 14:53,59,52,77.55,40,3,0,30.36,1028,9,null,FEW,null,null,null,400,null,null,null,null,null,null,null,null,null,null,59,KSAV 161453Z 04003KT 9SM FEW004 15/11 A3036 RMK AO2 SLP280 VIS LWR NE-E T01500111 52007,null
SAV,2024-12-16 15:53,66,54,65.21,null,4,0,30.35,1027.6,10,null,FEW,FEW,FEW,null,400,6000,25000,null,null,null,null,null,null,null,null,66,KSAV 161553Z VRB04KT 10SM FEW004 FEW060 FEW250 19/12 A3035 RMK AO2 SLP276 T01890122,null
SAV,2024-12-16 16:53,70,56,61.11,70,6,0,30.32,1026.6,10,null,FEW,null,null,null,25000,null,null,null,null,null,null,null,null,null,null,70,KSAV 161653Z 07006KT 10SM FEW250 21/13 A3032 RMK AO2 SLP266 T02110133,null
SAV,2024-12-16 17:53,72,58,61.37,null,5,0,30.29,1025.6,10,null,FEW,FEW,null,null,2000,25000,null,null,null,null,null,null,null,null,null,72,KSAV 161753Z VRB05KT 10SM FEW020 FEW250 22/14 A3029 RMK AO2 SLP256 T02220144 10222 20111 58024,null
SAV,2024-12-16 18:53,72,57,59.2,70,6,0,30.27,1024.8,10,null,SCT,SCT,null,null,3000,25000,null,null,null,null,null,null,null,null,null,72,KSAV 161853Z 07006KT 10SM SCT030 SCT250 22/14 A3027 RMK AO2 SLP248 T02220139,null
SAV,2024-12-16 19:53,75,58,55.48,110,11,0,30.26,1024.6,10,null,SCT,SCT,null,null,3200,25000,null,null,null,null,null,null,null,null,null,75,KSAV 161953Z 11011KT 10SM SCT032 SCT250 24/14 A3026 RMK AO2 SLP246 T02390144,null
SAV,2024-12-16 20:53,73,58,59.33,120,8,0,30.26,1024.7,10,null,SCT,SCT,null,null,3000,25000,null,null,null,null,null,null,null,null,null,73,KSAV 162053Z 12008KT 10SM SCT030 SCT250 23/14 A3026 RMK AO2 SLP247 T02280144 55009,null
SAV,2024-12-16 21:53,70,59,68.09,100,6,0,30.28,1025.2,10,null,SCT,SCT,SCT,null,3200,4000,25000,null,null,null,null,null,null,null,null,70,KSAV 162153Z 10006KT 10SM SCT032 SCT040 SCT250 21/15 A3028 RMK AO2 SLP252 T02110150,null
SAV,2024-12-16 22:53,66,57,72.72,0,0,0,30.3,1025.9,10,null,FEW,null,null,null,4000,null,null,null,null,null,null,null,null,null,null,66,KSAV 162253Z 00000KT 10SM FEW040 19/14 A3030 RMK AO2 SLP259 T01890139,null
SAV,2024-12-16 23:53,63,57,80.76,40,4,0,30.31,1026.2,10,null,FEW,null,null,null,5000,null,null,null,null,null,null,null,null,null,null,63,KSAV 162353Z 04004KT 10SM FEW050 17/14 A3031 RMK AO2 SLP262 T01720139 10239 20172 51015,null
SAV,2024-12-17 0:53,60,55,83.53,50,3,0,30.32,1026.6,10,null,FEW,null,null,null,5500,null,null,null,null,null,null,null,null,null,null,60,KSAV 170053Z 05003KT 10SM FEW055 16/13 A3032 RMK AO2 SLP266 T01560128,null
SAV,2024-12-17 1:53,62,55,77.81,80,4,0,30.31,1026.3,10,null,CLR,null,null,null,null,null,null,null,null,null,null,null,null,null,null,62,KSAV 170153Z 08004KT 10SM CLR 17/13 A3031 RMK AO2 SLP263 T01670128,null
SAV,2024-12-17 2:53,61,55,80.61,100,4,0,30.31,1026.3,10,null,FEW,null,null,null,4500,null,null,null,null,null,null,null,null,null,null,61,KSAV 170253Z 10004KT 10SM FEW045 16/13 A3031 RMK AO2 SLP263 T01610128 51001,null
SAV,2024-12-17 3:53,61,57,86.67,70,4,0,30.31,1026.3,10,null,FEW,null,null,null,4000,null,null,null,null,null,null,null,null,null,null,61,KSAV 170353Z 07004KT 10SM FEW040 16/14 A3031 RMK AO2 SLP263 T01610139,null
SAV,2024-12-17 4:53,59,56,89.76,90,3,0,30.29,1025.5,10,null,FEW,null,null,null,3800,null,null,null,null,null,null,null,null,null,null,59,KSAV 170453Z 09003KT 10SM FEW038 15/13 A3029 RMK AO2 SLP255 LAST T01500133 402390100,null
SAV,2024-12-17 5:53,57,55,93.01,110,3,0,30.28,1025.3,7,null,FEW,null,null,null,3100,null,null,null,null,null,null,null,null,null,null,57,KSAV 170553Z AUTO 11003KT 7SM FEW031 14/13 A3028 RMK AO2 SLP253 T01390128 10183 20133 58009,null
SAV,2024-12-17 6:34,56,53,89.64,10,4,0,30.28,null,1.75,null,CLR,null,null,null,null,null,null,null,BR,null,null,null,null,null,null,56,KSAV 170634Z AUTO 01004KT 1 3/4SM BR CLR 13/12 A3028 RMK AO2 T01330117,null
SAV,2024-12-17 6:45,55,53,92.95,350,4,0,30.28,null,3,null,FEW,null,null,null,3000,null,null,null,BR,null,null,null,null,null,null,55,KSAV 170645Z AUTO 35004KT 3SM BR FEW030 13/12 A3028 RMK AO2 T01280117,null
SAV,2024-12-17 6:53,56,53,89.64,350,3,0,30.28,1025.3,9,null,FEW,null,null,null,3000,null,null,null,null,null,null,null,null,null,null,56,KSAV 170653Z AUTO 35003KT 9SM FEW030 13/12 A3028 RMK AO2 SLP253 T01330117,null
SAV,2024-12-17 7:07,56,54,92.98,0,0,0,30.28,null,1.75,null,CLR,null,null,null,null,null,null,null,BR,null,null,null,null,null,null,56,KSAV 170707Z AUTO 00000KT 1 3/4SM BR CLR 13/12 A3028 RMK AO2 T01330122,null
SAV,2024-12-17 7:13,57,55,93.01,0,0,0,30.29,null,0.75,null,FEW,null,null,null,3400,null,null,null,BR,null,null,null,null,null,null,57,KSAV 170713Z AUTO 00000KT 3/4SM R10/P6000FT BR FEW034 14/13 A3029 RMK AO2 T01390128,null
SAV,2024-12-17 7:28,57,55,93.01,0,0,0,30.29,null,1.25,null,SCT,BKN,null,null,3400,5500,null,null,BR,null,null,null,null,null,null,57,KSAV 170728Z AUTO 00000KT 1 1/4SM BR SCT034 BKN055 14/13 A3029 RMK AO2 VIS 1/2V4 T01390128,null
SAV,2024-12-17 7:34,56,55,96.43,360,3,0,30.29,null,2,null,SCT,SCT,null,null,3400,5500,null,null,BR,null,null,null,null,null,null,56,KSAV 170734Z AUTO 36003KT 2SM BR SCT034 SCT055 13/13 A3029 RMK AO2 T01330128,null
SAV,2024-12-17 7:41,55,54,96.42,0,0,0,30.29,null,6,null,SCT,BKN,null,null,3400,5500,null,null,BR,null,null,null,null,null,null,55,KSAV 170741Z AUTO 00000KT 6SM BR SCT034 BKN055 13/12 A3029 RMK AO2 T01280122,null
SAV,2024-12-17 7:45,56,54,92.98,0,0,0,30.29,null,2.5,null,FEW,SCT,BKN,null,500,3400,5500,null,BR,null,null,null,null,null,null,56,KSAV 170745Z AUTO 00000KT 2 1/2SM BR FEW005 SCT034 BKN055 13/12 A3029 RMK AO2 VIS 1V5 T01330122,null
SAV,2024-12-17 7:53,55,53,92.95,10,4,0,30.28,1025.4,2.5,null,SCT,BKN,null,null,500,5500,null,null,BR,null,null,null,null,null,null,55,KSAV 170753Z AUTO 01004KT 2 1/2SM BR SCT005 BKN055 13/12 A3028 RMK AO2 SLP254 T01280117,null
SAV,2024-12-17 8:05,56,54,92.98,10,5,0,30.28,null,3,null,BKN,BKN,BKN,null,400,3400,5000,null,BR,null,null,null,null,null,null,56,KSAV 170805Z AUTO 01005KT 3SM BR BKN004 BKN034 BKN050 13/12 A3028 RMK AO2 T01330122,null
SAV,2024-12-17 8:53,57,55,93.01,360,3,0,30.28,1025.3,8,null,OVC,null,null,null,300,null,null,null,null,null,null,null,null,null,null,57,KSAV 170853Z AUTO 36003KT 8SM OVC003 14/13 A3028 RMK AO2 SLP253 T01390128 58000,null
SAV,2024-12-17 9:53,59,57,93.07,340,4,0,30.28,1025.2,7,null,OVC,null,null,null,300,null,null,null,null,null,null,null,null,null,null,59,KSAV 170953Z AUTO 34004KT 7SM OVC003 15/14 A3028 RMK AO2 SLP252 T01500139,null
SAV,2024-12-17 10:53,59,57,93.07,330,5,T,30.29,1025.5,2,null,OVC,null,null,null,200,null,null,null,#NAME?,null,null,null,null,null,null,59,KSAV 171053Z 33005KT 2SM -RA BR OVC002 15/14 A3029 RMK AO2 RAB49 SLP255 P0000 T01500139,null
SAV,2024-12-17 11:12,59,57,93.07,10,4,0.02,30.29,null,4,null,OVC,null,null,null,200,null,null,null,BR,null,null,null,null,null,null,59,KSAV 171112Z 01004KT 4SM BR OVC002 15/14 A3029 RMK AO2 RAE10 P0002 T01500139,null
SAV,2024-12-17 11:53,59,57,93.07,340,4,0.02,30.29,1025.7,8,null,BKN,OVC,null,null,300,1600,null,null,null,null,null,null,null,null,null,59,KSAV 171153Z 34004KT 8SM BKN003 OVC016 15/14 A3029 RMK AO2 RAE10 SLP257 P0002 60002 70002 T01500139 10150 20128 53004,null
SAV,2024-12-17 12:36,60,58,93.1,0,0,0.01,30.3,null,3,null,FEW,BKN,OVC,null,300,1200,2600,null,#NAME?,null,null,null,null,null,null,60,KSAV 171236Z 00000KT 3SM -RA BR FEW003 BKN012 OVC026 16/14 A3030 RMK AO2 RAB03 P0001 T01560144,null
SAV,2024-12-17 12:53,60,58,93.1,30,4,0.03,30.31,1026.1,0.75,null,SCT,BKN,OVC,null,400,1300,2600,null,RA BR,null,null,null,null,null,null,60,KSAV 171253Z 03004KT 3/4SM R10/5000VP6000FT RA BR SCT004 BKN013 OVC026 16/14 A3031 RMK AO2 RAB03 SLP261 P0003 T01560144,null
SAV,2024-12-17 13:09,61,58,89.84,30,3,0.02,30.31,null,3,null,FEW,BKN,OVC,null,400,1300,6000,null,#NAME?,null,null,null,null,null,null,61,KSAV 171309Z 03003KT 3SM -RA BR FEW004 BKN013 OVC060 16/14 A3031 RMK AO2 BINOVC P0002 T01610144,null
SAV,2024-12-17 13:40,62,59,89.89,20,3,0.02,30.32,null,10,null,FEW,SCT,OVC,null,300,2300,3700,null,null,null,null,null,null,null,null,62,KSAV 171340Z 02003KT 10SM FEW003 SCT023 OVC037 17/15 A3032 RMK AO2 RAE11 P0002 T01670150,null
SAV,2024-12-17 13:53,62,59,89.89,40,3,0.02,30.32,1026.7,2,null,BKN,OVC,null,null,300,3700,null,null,null,null,null,null,null,null,null,62,KSAV 171353Z 04003KT 2SM BKN003 OVC037 17/15 A3032 RMK AO2 SFC VIS 8 RAE11 SLP267 P0002 T01670150,null
SAV,2024-12-17 14:22,64,62,93.21,0,0,0,30.33,null,2,null,SCT,BKN,OVC,null,400,1300,1800,null,null,null,null,null,null,null,null,64,KSAV 171422Z 00000KT 2SM R10/3500VP6000FT SCT004 BKN013 OVC018 18/17 A3033 RMK AO2 SFC VIS 7 T01780167,null
SAV,2024-12-17 14:40,64,61,89.97,0,0,0.01,30.33,null,2,null,BKN,OVC,null,null,400,1700,null,null,null,null,null,null,null,null,null,64,KSAV 171440Z 00000KT 2SM BKN004 OVC017 18/16 A3033 RMK AO2 SFC VIS 7 RAB25E40 P0001 T01780161,null
SAV,2024-12-17 14:53,64,61,89.97,0,0,0.01,30.33,1027,2,null,BKN,OVC,null,null,400,1700,null,null,BR,null,null,null,null,null,null,64,KSAV 171453Z 00000KT 2SM BR BKN004 OVC017 18/16 A3033 RMK AO2 SFC VIS 5 RAB25E40 SLP270 P0001 60006 T01780161 51013,null
SAV,2024-12-17 15:28,67,63,86.98,40,3,T,30.32,null,2,null,SCT,BKN,BKN,null,400,1700,3300,null,null,null,null,null,null,null,null,67,KSAV 171528Z 04003KT 2SM SCT004 BKN017 BKN033 19/17 A3032 RMK AO2 SFC VIS 7 RAB1458E19 P0000 T01940172,null
SAV,2024-12-17 15:49,69.8,64.4,82.98,0,0,0.01,30.31,null,10,null,SCT,BKN,BKN,null,400,1700,6000,null,null,null,null,null,null,null,null,69.8,KSAV 171549Z 00000KT 10SM SCT004 BKN017 BKN060 21/18 A3031 RMK AO2 RAB1458E19 P0001,null
SAV,2024-12-17 15:53,70,64,81.27,0,0,0.01,30.31,1026.4,10,null,SCT,BKN,BKN,null,400,1700,6000,null,null,null,null,null,null,null,null,70,KSAV 171553Z 00000KT 10SM SCT004 BKN017 BKN060 21/18 A3031 RMK AO2 RAB1458E19 SLP264 P0001 T02110178,null
SAV,2024-12-17 16:17,71,65,81.34,null,3,0,30.31,null,10,null,BKN,BKN,null,null,900,1700,null,null,null,null,null,null,null,null,null,71,KSAV 171617Z VRB03KT 10SM BKN009 BKN017 22/18 A3031 RMK AO2 T02170183,null
SAV,2024-12-17 16:53,71,64,78.54,0,0,0,30.29,1025.7,10,null,OVC,null,null,null,900,null,null,null,null,null,null,null,null,null,null,71,KSAV 171653Z 00000KT 10SM OVC009 22/18 A3029 RMK AO2 SLP257 T02170178,null
SAV,2024-12-17 17:18,71,64,78.54,0,0,0,30.28,null,10,null,BKN,null,null,null,1100,null,null,null,null,null,null,null,null,null,null,71,KSAV 171718Z 00000KT 10SM BKN011 22/18 A3028 RMK AO2 T02170178,null
SAV,2024-12-17 17:53,72,64,75.92,0,0,0,30.26,1024.7,10,null,BKN,null,null,null,1200,null,null,null,null,null,null,null,null,null,null,72,KSAV 171753Z 00000KT 10SM BKN012 22/18 A3026 RMK AO2 SLP247 60007 T02220178 10228 20150 58023,null
SAV,2024-12-17 18:53,72,64,75.92,270,5,0,30.24,1024.1,10,null,SCT,BKN,OVC,null,1400,1700,2900,null,null,null,null,null,null,null,null,72,KSAV 171853Z 27005KT 10SM SCT014 BKN017 OVC029 22/18 A3024 RMK AO2 SLP241 T02220178,null
SAV,2024-12-17 19:53,73,65,76.01,null,3,T,30.24,1023.8,10,null,FEW,SCT,BKN,null,3100,4300,5500,null,null,null,null,null,null,null,null,73,KSAV 171953Z VRB03KT 10SM FEW031 SCT043 BKN055 23/18 A3024 RMK AO2 RAB1858E19 SLP238 P0000 T02280183,null
SAV,2024-12-17 20:53,73,65,76.01,0,0,0,30.24,1023.8,10,null,FEW,SCT,BKN,null,1100,1700,4700,null,null,null,null,null,null,null,null,73,KSAV 172053Z 00000KT 10SM FEW011 SCT017 BKN047 23/18 A3024 RMK AO2 SLP238 60000 T02280183 56008,null
SAV,2024-12-17 21:53,72,65,78.62,0,0,0,30.25,1024.2,10,null,SCT,BKN,BKN,null,1700,2400,5000,null,null,null,null,null,null,null,null,72,KSAV 172153Z 00000KT 10SM SCT017 BKN024 BKN050 22/18 A3025 RMK AO2 SLP242 T02220183,null
SAV,2024-12-17 22:53,69,64,84.09,100,5,0,30.26,1024.6,10,null,SCT,BKN,OVC,null,1500,4200,5500,null,null,null,null,null,null,null,null,69,KSAV 172253Z 10005KT 10SM SCT015 BKN042 OVC055 21/18 A3026 RMK AO2 SLP246 BINOVC T02060178,null
SAV,2024-12-17 23:53,68,64,87.03,130,5,0,30.26,1024.7,9,null,BKN,BKN,null,null,3800,6000,null,null,null,null,null,null,null,null,null,68,KSAV 172353Z 13005KT 9SM BKN038 BKN060 20/18 A3026 RMK AO2 SLP247 60000 T02000178 10233 20200 51008,null
SAV,2024-12-18 0:53,66,63,90.05,0,0,0,30.27,1025,8,null,SCT,BKN,null,null,4800,7000,null,null,null,null,null,null,null,null,null,66,KSAV 180053Z 00000KT 8SM SCT048 BKN070 19/17 A3027 RMK AO2 SLP250 T01890172,null
SAV,2024-12-18 1:53,66,62,86.93,120,5,0,30.28,1025.2,10,null,BKN,BKN,null,null,4200,7000,null,null,null,null,null,null,null,null,null,66,KSAV 180153Z 12005KT 10SM BKN042 BKN070 19/17 A3028 RMK AO2 SLP252 T01890167,null
SAV,2024-12-18 2:53,66,63,90.05,140,4,0,30.28,1025.3,10,null,BKN,BKN,null,null,4800,7000,null,null,null,null,null,null,null,null,null,66,KSAV 180253Z 14004KT 10SM BKN048 BKN070 19/17 A3028 RMK AO2 SLP253 T01890172 51006,null
SAV,2024-12-18 3:53,65,63,93.24,0,0,0,30.29,1025.5,9,null,SCT,BKN,null,null,4600,7000,null,null,null,null,null,null,null,null,null,65,KSAV 180353Z 00000KT 9SM SCT046 BKN070 18/17 A3029 RMK AO2 SLP255 T01830172,null
SAV,2024-12-18 4:53,64,61,89.97,0,0,0,30.27,1024.9,6,null,FEW,SCT,null,null,7500,12000,null,null,BR,null,null,null,null,null,null,64,KSAV 180453Z 00000KT 6SM BR FEW075 SCT120 18/16 A3027 RMK AO2 SLP249 LAST T01780161 402330128,null
SAV,2024-12-18 5:15,63,61,93.18,0,0,0,30.27,null,1.25,null,FEW,null,null,null,500,null,null,null,BR,null,null,null,null,null,null,63,KSAV 180515Z AUTO 00000KT 1 1/4SM BR FEW005 17/16 A3027 RMK AO2 T01720161,null
SAV,2024-12-18 5:18,63,60,89.93,0,0,0,30.27,null,0.75,null,VV ,null,null,null,400,null,null,null,BR,null,null,null,null,null,null,63,KSAV 180518Z AUTO 00000KT 3/4SM R10/P6000FT BR VV004 17/16 A3027 RMK AO2 T01720156,null
SAV,2024-12-18 5:27,61,59,93.12,0,0,0,30.27,null,1,null,VV ,null,null,null,500,null,null,null,BR,null,null,null,null,null,null,61,KSAV 180527Z AUTO 00000KT 1SM R10/5000VP6000FT BR VV005 16/15 A3027 RMK AO2 T01610150,null
SAV,2024-12-18 5:37,62,60,93.15,0,0,0,30.26,null,0.5,null,VV ,null,null,null,500,null,null,null,FG,null,null,null,null,null,null,62,KSAV 180537Z AUTO 00000KT 1/2SM R10/2000VP6000FT FG VV005 17/16 A3026 RMK AO2 T01670156,null
SAV,2024-12-18 5:53,60,59,96.49,0,0,0,30.27,1024.8,0.5,null,VV ,null,null,null,600,null,null,null,FG,null,null,null,null,null,null,60,KSAV 180553Z AUTO 00000KT 1/2SM R10/1400V1800FT FG VV006 16/15 A3027 RMK AO2 SLP248 T01560150 10200 20156 58005,null
SAV,2024-12-18 6:13,61,59,93.12,0,0,0,30.26,null,0.25,null,VV ,null,null,null,400,null,null,null,FG,null,null,null,null,null,null,61,KSAV 180613Z AUTO 00000KT 1/4SM R10/1600V2800FT FG VV004 16/15 A3026 RMK AO2 T01610150,null
SAV,2024-12-18 6:29,59,58,96.48,0,0,0,30.26,null,0.5,null,VV ,null,null,null,300,null,null,null,FG,null,null,null,null,null,null,59,KSAV 180629Z AUTO 00000KT 1/2SM R10/2200VP6000FT FG VV003 15/14 A3026 RMK AO2 T01500144,null
SAV,2024-12-18 6:53,59,57,93.07,350,3,0,30.25,1024.4,0.5,null,VV ,null,null,null,300,null,null,null,FG,null,null,null,null,null,null,59,KSAV 180653Z AUTO 35003KT 1/2SM R10/1600V3000FT FG VV003 15/14 A3025 RMK AO2 SLP244 T01500139,null
SAV,2024-12-18 7:13,59,58,96.48,0,0,0,30.25,null,0.25,null,VV ,null,null,null,200,null,null,null,FG,null,null,null,null,null,null,59,KSAV 180713Z AUTO 00000KT 1/4SM R10/2800V4000FT FG VV002 15/14 A3025 RMK AO2 T01500144,null
SAV,2024-12-18 7:27,60,58,93.1,0,0,0,30.25,null,0.5,null,VV ,null,null,null,300,null,null,null,FG,null,null,null,null,null,null,60,KSAV 180727Z AUTO 00000KT 1/2SM R10/2000V3500FT FG VV003 16/14 A3025 RMK AO2 T01560144,null
SAV,2024-12-18 7:53,58,56,93.04,0,0,0,30.25,1024.3,0.5,null,VV ,null,null,null,200,null,null,null,FG,null,null,null,null,null,null,58,KSAV 180753Z AUTO 00000KT 1/2SM R10/1400V4000FT FG VV002 14/13 A3025 RMK AO2 SLP243 T01440133,null
SAV,2024-12-18 8:09,59,57,93.07,0,0,0,30.25,null,0.25,null,VV ,null,null,null,100,null,null,null,FG,null,null,null,null,null,null,59,KSAV 180809Z AUTO 00000KT 1/4SM R10/1400V2000FT FG VV001 15/14 A3025 RMK AO2 T01500139,null
SAV,2024-12-18 8:40,59,58,96.48,0,0,0,30.24,null,0.5,null,VV ,null,null,null,100,null,null,null,FG,null,null,null,null,null,null,59,KSAV 180840Z AUTO 00000KT 1/2SM R10/1200V2000FT FG VV001 15/14 A3024 RMK AO2 T01500144,null
SAV,2024-12-18 8:53,59,58,96.48,0,0,0,30.24,1024,0.5,null,VV ,null,null,null,100,null,null,null,FG,null,null,null,null,null,null,59,KSAV 180853Z AUTO 00000KT 1/2SM R10/1200V1400FT FG VV001 15/14 A3024 RMK AO2 SLP240 T01500144 56008,null
SAV,2024-12-18 9:06,58,56,93.04,0,0,0,30.25,null,0.25,null,VV ,null,null,null,100,null,null,null,FG,null,null,null,null,null,null,58,KSAV 180906Z AUTO 00000KT 1/4SM R10/1000V2000FT FG VV001 14/13 A3025 RMK AO2 T01440133,null
SAV,2024-12-18 9:21,59,57,93.07,0,0,0,30.24,null,0.25,null,VV ,null,null,null,200,null,null,null,FG,null,null,null,null,null,null,59,KSAV 180921Z AUTO 00000KT 1/4SM R10/1200V2200FT FG VV002 15/14 A3024 RMK AO2 T01500139,null
SAV,2024-12-18 9:32,59,57,93.07,0,0,0,30.24,null,0.25,null,VV ,null,null,null,100,null,null,null,FG,null,null,null,null,null,null,59,KSAV 180932Z AUTO 00000KT 1/4SM R10/1400V1800FT FG VV001 15/14 A3024 RMK AO2 T01500139,null
SAV,2024-12-18 9:45,59,57,93.07,0,0,0,30.24,null,0.25,null,VV ,null,null,null,200,null,null,null,FG,null,null,null,null,null,null,59,KSAV 180945Z AUTO 00000KT 1/4SM R10/1400V2000FT FG VV002 15/14 A3024 RMK AO2 T01500139,null
SAV,2024-12-18 9:53,59,57,93.07,350,3,0,30.24,1023.9,0.25,null,VV ,null,null,null,200,null,null,null,FG,null,null,null,null,null,null,59,KSAV 180953Z AUTO 35003KT 1/4SM R10/1800V3500FT FG VV002 15/14 A3024 RMK AO2 SLP239 T01500139,null
SAV,2024-12-18 10:10,59,57,93.07,340,3,0,30.23,null,0.25,null,VV ,null,null,null,100,null,null,null,FG,null,null,null,null,null,null,59,KSAV 181010Z AUTO 34003KT 1/4SM R10/1600V2400FT FG VV001 15/14 A3023 RMK AO2 T01500139,null
SAV,2024-12-18 10:17,59,57,93.07,0,0,0,30.23,null,0.5,null,VV ,null,null,null,100,null,null,null,FG,null,null,null,null,null,null,59,KSAV 181017Z AUTO 00000KT 1/2SM R10/1800V2800FT FG VV001 15/14 A3023 RMK AO2 T01500139,null
SAV,2024-12-18 10:30,59,57,93.07,10,4,0,30.23,null,0.25,null,VV ,null,null,null,100,null,null,null,FG,null,null,null,null,null,null,59,KSAV 181030Z AUTO 01004KT 1/4SM R10/2600V4500FT FG VV001 15/14 A3023 RMK AO2 T01500139,null
SAV,2024-12-18 10:39,59,57,93.07,0,0,0,30.24,null,0.5,null,VV ,null,null,null,100,null,null,null,FG,null,null,null,null,null,null,59,KSAV 181039Z AUTO 00000KT 1/2SM R10/2800V4000FT FG VV001 15/14 A3024 RMK AO2 T01500139,null
SAV,2024-12-18 10:46,59,57,93.07,0,0,0,30.24,null,0.25,null,VV ,null,null,null,100,null,null,null,FG,null,null,null,null,null,null,59,KSAV 181046Z AUTO 00000KT 1/4SM R10/2400V4000FT FG VV001 15/14 A3024 RMK AO2 T01500139,null
SAV,2024-12-18 10:53,59,58,96.48,0,0,0,30.24,1024,0,null,VV ,null,null,null,100,null,null,null,FG,null,null,null,null,null,null,59,KSAV 181053Z 00000KT 0SM R10/1600V3000FT FG VV001 15/14 A3024 RMK AO2 SLP240 T01500144,null
SAV,2024-12-18 11:34,58,56,93.04,350,4,0,30.24,null,0.25,null,VV ,null,null,null,200,null,null,null,FG,null,null,null,null,null,null,58,KSAV 181134Z 35004KT 1/4SM R10/1600V2200FT FG VV002 14/13 A3024 RMK AO2 T01440133,null
SAV,2024-12-18 11:53,58,56,93.04,0,0,0,30.24,1023.8,0.25,null,VV ,null,null,null,200,null,null,null,FG,null,null,null,null,null,null,58,KSAV 181153Z 00000KT 1/4SM R10/2000V3000FT FG VV002 14/13 A3024 RMK AO2 SLP238 70007 T01440133 10161 20139 58002,null
SAV,2024-12-18 12:37,60,58,93.1,0,0,0,30.24,null,0,null,VV ,null,null,null,100,null,null,null,FG,null,null,null,null,null,null,60,KSAV 181237Z 00000KT 0SM R10/1000V2000FT FG VV001 16/14 A3024 RMK AO2 T01560144,null
SAV,2024-12-18 12:53,59,57,93.07,0,0,0,30.24,1023.9,0,null,VV ,null,null,null,100,null,null,null,FG,null,null,null,null,null,null,59,KSAV 181253Z 00000KT 0SM R10/0600V1000FT FG VV001 15/14 A3024 RMK AO2 SLP239 T01500139,null
SAV,2024-12-18 13:41,61,61,100,0,0,0,30.25,null,0.25,null,VV ,null,null,null,100,null,null,null,FG,null,null,null,null,null,null,61,KSAV 181341Z 00000KT 1/4SM R10/2000V2800FT FG VV001 16/16 A3025 RMK AO2 T01610161,null
SAV,2024-12-18 13:53,62,60,93.15,0,0,0,30.25,1024.2,0.25,null,BKN,null,null,null,100,null,null,null,FG,null,null,null,null,null,null,62,KSAV 181353Z 00000KT 1/4SM R10/2200VP6000FT FG BKN001 17/16 A3025 RMK AO2 SLP242 FG BKN001 T01670156,null
SAV,2024-12-18 14:28,65,63,93.24,0,0,0,30.25,null,0.75,null,BKN,BKN,null,null,300,2300,null,null,BR,null,null,null,null,null,null,65,KSAV 181428Z 00000KT 3/4SM R10/P6000FT BR BKN003 BKN023 18/17 A3025 RMK AO2 T01830172,null
SAV,2024-12-18 14:41,66,65,96.58,0,0,0,30.25,null,8,null,FEW,FEW,null,null,300,2300,null,null,null,null,null,null,null,null,null,66,KSAV 181441Z 00000KT 8SM FEW003 FEW023 19/18 A3025 RMK AO2 T01890183,null
SAV,2024-12-18 14:53,70,65,84.16,0,0,0,30.24,1023.9,10,null,FEW,FEW,null,null,300,2300,null,null,null,null,null,null,null,null,null,70,KSAV 181453Z 00000KT 10SM FEW003 FEW023 21/18 A3024 RMK AO2 SLP239 T02110183 50001,null
SAV,2024-12-18 15:53,75,65,71.08,0,0,0,30.22,1023.2,10,null,FEW,FEW,null,null,1200,2700,null,null,null,null,null,null,null,null,null,75,KSAV 181553Z 00000KT 10SM FEW012 FEW027 24/18 A3022 RMK AO2 SLP232 T02390183,null
SAV,2024-12-18 16:53,77,65,66.5,130,8,0,30.19,1022.2,10,null,BKN,null,null,null,2000,null,null,null,null,null,null,null,null,null,null,77,KSAV 181653Z 13008KT 10SM BKN020 25/18 A3019 RMK AO2 SLP222 T02500183,null
SAV,2024-12-18 17:53,76,65,68.74,160,5,T,30.15,1020.9,10,null,BKN,null,null,null,2200,null,null,null,null,null,null,null,null,null,null,76,KSAV 181753Z 16005KT 10SM BKN022 24/18 A3015 RMK AO2 RAB05E15 SLP209 P0000 60000 T02440183 10256 20144 58030,null
SAV,2024-12-18 18:53,80,65,60.24,200,10,0,30.13,1020.1,10,null,BKN,BKN,null,null,2400,6000,null,null,null,null,null,null,null,null,null,81.84,KSAV 181853Z 20010KT 10SM BKN024 BKN060 27/18 A3013 RMK AO2 SLP201 T02670183,null
SAV,2024-12-18 19:27,78,64,62.12,180,9,0,30.12,null,10,null,SCT,SCT,BKN,null,2100,6000,10000,null,null,null,null,null,null,null,null,78,KSAV 181927Z 18009KT 10SM SCT021 SCT060 BKN100 26/18 A3012 RMK AO2 T02560178,null
SAV,2024-12-18 19:53,78,63,59.98,190,12,0,30.11,1019.6,10,null,SCT,SCT,null,null,2500,6000,null,null,null,null,null,null,null,null,null,78,KSAV 181953Z 19012KT 10SM SCT025 SCT060 26/17 A3011 RMK AO2 SLP196 CB DSNT N MOV NE T02560172,null
SAV,2024-12-18 20:53,78,61,55.89,180,12,0,30.11,1019.5,10,19,SCT,SCT,null,null,2500,6000,null,null,null,null,null,null,null,null,null,78,KSAV 182053Z 18012G19KT 10SM SCT025 SCT060 26/16 A3011 RMK AO2 SLP195 CB DSNT N-NE AND NW MOV NE T02560161 56014,null
SAV,2024-12-18 21:53,75,62,63.97,200,8,0,30.12,1019.8,10,null,FEW,FEW,null,null,2500,3500,null,null,null,null,null,null,null,null,null,75,KSAV 182153Z 20008KT 10SM FEW025 FEW035 24/17 A3012 RMK AO2 SLP198 CB DSNT N T02390167,null
SAV,2024-12-18 22:53,71,61,70.66,180,4,0,30.11,1019.6,10,null,FEW,null,null,null,3800,null,null,null,null,null,null,null,null,null,null,71,KSAV 182253Z 18004KT 10SM FEW038 22/16 A3011 RMK AO2 SLP196 T02170161,null
SAV,2024-12-18 23:53,68,61,78.3,180,3,0,30.12,1019.7,10,null,FEW,null,null,null,20000,null,null,null,null,null,null,null,null,null,null,68,KSAV 182353Z 18003KT 10SM FEW200 20/16 A3012 RMK AO2 SLP197 T02000161 10267 20200 51002,null
SAV,2024-12-19 0:53,67,61,81.05,170,4,0,30.11,1019.6,10,null,FEW,null,null,null,8000,null,null,null,null,null,null,null,null,null,null,67,KSAV 190053Z 17004KT 10SM FEW080 19/16 A3011 RMK AO2 SLP196 T01940161,null
SAV,2024-12-19 1:53,65,60,83.84,160,3,0,30.12,1019.7,10,null,SCT,null,null,null,12000,null,null,null,null,null,null,null,null,null,null,65,KSAV 190153Z 16003KT 10SM SCT120 18/16 A3012 RMK AO2 SLP197 T01830156,null
SAV,2024-12-19 2:53,64,60,86.83,180,6,0,30.1,1019.1,10,null,FEW,null,null,null,7500,null,null,null,null,null,null,null,null,null,null,64,KSAV 190253Z 18006KT 10SM FEW075 18/16 A3010 RMK AO2 SLP191 CB DSNT NW T01780156 58006,null
SAV,2024-12-19 3:53,63,60,89.93,100,3,0,30.1,1019.2,10,null,SCT,null,null,null,9000,null,null,null,null,null,null,null,null,null,null,63,KSAV 190353Z 10003KT 10SM SCT090 17/16 A3010 RMK AO2 SLP192 CB DSNT NW-N MOV E T01720156,null
SAV,2024-12-19 4:53,63,61,93.18,0,0,0,30.1,1019.1,10,null,SCT,null,null,null,21000,null,null,null,null,null,null,null,null,null,null,63,KSAV 190453Z 00000KT 10SM R10/3500VP6000FT SCT210 17/16 A3010 RMK AO2 SLP191 LAST T01720161 402670139,null
SAV,2024-12-19 5:50,60.8,59,93.79,0,0,0,30.09,null,1.75,null,FEW,null,null,null,700,null,null,null,BR,null,null,null,null,null,null,60.8,KSAV 190550Z AUTO 00000KT 1 3/4SM R10/1600V3000FT BR FEW007 16/15 A3009 RMK AO2 VIS 1/2V5,null
SAV,2024-12-19 5:53,61,59,93.12,0,0,0,30.09,1018.9,0.75,null,VV ,null,null,null,700,null,null,null,BR,null,null,null,null,null,null,61,KSAV 190553Z AUTO 00000KT 3/4SM R10/1600V3500FT BR VV007 16/15 A3009 RMK AO2 SLP189 T01610150 10206 20156 58003,null
SAV,2024-12-19 6:08,59,58,96.48,330,4,0,30.09,null,0.5,null,SCT,BKN,null,null,600,2600,null,null,FG,null,null,null,null,null,null,59,KSAV 190608Z AUTO 33004KT 1/2SM R10/3000VP6000FT FG SCT006 BKN026 15/14 A3009 RMK AO2 T01500144,null
SAV,2024-12-19 6:14,61,59,93.12,320,5,0,30.09,null,1,null,BKN,BKN,null,null,600,2600,null,null,BR,null,null,null,null,null,null,61,KSAV 190614Z AUTO 32005KT 1SM R10/P6000FT BR BKN006 BKN026 16/15 A3009 RMK AO2 T01610150,null
SAV,2024-12-19 6:16,62,60,93.15,310,4,0,30.09,null,2,null,BKN,OVC,null,null,600,2600,null,null,BR,null,null,null,null,null,null,62,KSAV 190616Z AUTO 31004KT 2SM BR BKN006 OVC026 17/16 A3009 RMK AO2 T01670156,null
SAV,2024-12-19 6:23,63,61,93.18,300,3,0,30.09,null,10,null,BKN,OVC,null,null,600,2400,null,null,null,null,null,null,null,null,null,63,KSAV 190623Z AUTO 30003KT 10SM BKN006 OVC024 17/16 A3009 RMK AO2 T01720161,null
SAV,2024-12-19 6:31,63,61,93.18,0,0,0,30.09,null,10,null,FEW,OVC,null,null,700,2400,null,null,null,null,null,null,null,null,null,63,KSAV 190631Z AUTO 00000KT 10SM FEW007 OVC024 17/16 A3009 RMK AO2 T01720161,null
SAV,2024-12-19 6:53,63,60,89.93,260,3,0,30.08,1018.7,10,null,BKN,BKN,null,null,2200,2900,null,null,null,null,null,null,null,null,null,63,KSAV 190653Z AUTO 26003KT 10SM BKN022 BKN029 17/16 A3008 RMK AO2 SLP187 T01720156,null
SAV,2024-12-19 7:14,63,61,93.18,0,0,0,30.09,null,9,null,FEW,SCT,null,null,2900,11000,null,null,null,null,null,null,null,null,null,63,KSAV 190714Z AUTO 00000KT 9SM FEW029 SCT110 17/16 A3009 RMK AO2 T01720161,null
SAV,2024-12-19 7:53,60,59,96.49,0,0,0,30.09,1018.7,7,null,FEW,null,null,null,11000,null,null,null,null,null,null,null,null,null,null,60,KSAV 190753Z AUTO 00000KT 7SM FEW110 16/15 A3009 RMK AO2 SLP187 T01560150,null
SAV,2024-12-19 8:53,63,61,93.18,340,3,0.02,30.09,1018.8,9,null,FEW,SCT,BKN,null,3000,4600,8000,null,#NAME?,null,null,null,null,null,null,63,KSAV 190853Z AUTO 34003KT 9SM -RA FEW030 SCT046 BKN080 17/16 A3009 RMK AO2 RAB31 SLP188 P0002 60002 T01720161 55000,null
SAV,2024-12-19 9:53,63,61,93.18,280,3,0.06,30.1,1019,3,null,FEW,BKN,OVC,null,3400,5500,9000,null,RA BR,null,null,null,null,null,null,63,KSAV 190953Z AUTO 28003KT 3SM RA BR FEW034 BKN055 OVC090 17/16 A3010 RMK AO2 SLP190 P0006 T01720161,null
SAV,2024-12-19 10:53,61,59,93.12,200,3,0.02,30.09,1018.7,9,null,FEW,null,null,null,5500,null,null,null,MIFG,null,null,null,null,null,null,61,KSAV 191053Z 20003KT 9SM R10/1800V5000FT MIFG FEW055 16/15 A3009 RMK AO2 RAE24 SLP187 P0002 T01610150,null
SAV,2024-12-19 11:53,59,57,93.07,340,4,0,30.1,1019.2,8,null,FEW,null,null,null,5500,null,null,null,BCFG,null,null,null,null,null,null,59,KSAV 191153Z 34004KT 8SM R10/2800VP6000FT BCFG FEW055 15/14 A3010 RMK AO2 SLP192 60010 70010 T01500139 10172 20150 53004,null
SAV,2024-12-19 12:53,61,59,93.12,330,6,0,30.12,1019.7,10,null,FEW,null,null,null,5500,null,null,null,null,null,null,null,null,null,null,61,KSAV 191253Z 33006KT 10SM FEW055 16/15 A3012 RMK AO2 SLP197 T01610150,null
SAV,2024-12-19 13:53,63,58,83.72,320,6,0,30.13,1020.3,10,null,FEW,null,null,null,8000,null,null,null,null,null,null,null,null,null,null,63,KSAV 191353Z 32006KT 10SM FEW080 17/14 A3013 RMK AO2 SLP203 T01720144,null
SAV,2024-12-19 14:53,65,56,72.62,360,8,0,30.15,1020.8,10,null,FEW,null,null,null,6000,null,null,null,null,null,null,null,null,null,null,65,KSAV 191453Z 36008KT 10SM FEW060 18/13 A3015 RMK AO2 SLP208 T01830133 51016,null
SAV,2024-12-19 15:53,69,56,63.24,360,6,0,30.13,1020.1,10,null,FEW,FEW,null,null,1000,6000,null,null,null,null,null,null,null,null,null,69,KSAV 191553Z 36006KT 10SM FEW010 FEW060 21/13 A3013 RMK AO2 SLP201 T02060133,null
SAV,2024-12-19 16:53,71,55,56.96,300,5,0,30.11,1019.6,10,null,FEW,null,null,null,6000,null,null,null,null,null,null,null,null,null,null,71,KSAV 191653Z 30005KT 10SM FEW060 22/13 A3011 RMK AO2 SLP196 T02170128,null
SAV,2024-12-19 17:53,73.4,55.4,53.29,null,6,0,30.1,1019.2,10,null,FEW,FEW,null,null,1500,6000,null,null,null,null,null,null,null,null,null,73.4,KSAV 191753Z COR VRB06KT 10SM FEW015 FEW060 23/13 A3010 RMK SLP192 T022800128 10233 20144 56017,null
SAV,2024-12-19 18:53,74,55,51.47,0,0,0,30.08,1018.6,10,null,FEW,FEW,null,null,1500,5000,null,null,null,null,null,null,null,null,null,74,KSAV 191853Z 00000KT 10SM FEW015 FEW050 23/13 A3008 RMK SLP186 T02330128,null
SAV,2024-12-19 19:53,74,55,51.47,null,3,0,30.08,1018.5,10,null,FEW,null,null,null,4200,null,null,null,null,null,null,null,null,null,null,74,KSAV 191953Z VRB03KT 10SM FEW042 23/13 A3008 RMK SLP185 T02330128,null
SAV,2024-12-19 20:53,73,54,51.33,0,0,0,30.09,1018.7,10,null,FEW,FEW,null,null,4300,25000,null,null,null,null,null,null,null,null,null,73,KSAV 192053Z 00000KT 10SM FEW043 FEW250 23/12 A3009 RMK SLP187 T02280122 55004,null
SAV,2024-12-19 21:53,72,54,53.09,null,3,0,30.09,1019,10,null,FEW,SCT,null,null,4100,6000,null,null,null,null,null,null,null,null,null,72,KSAV 192153Z VRB03KT 10SM FEW041 SCT060 22/12 A3009 RMK SLP190 T02220122,null
SAV,2024-12-19 22:53,65,58,78.06,130,10,0,30.1,1019.1,10,null,SCT,BKN,null,null,6000,20000,null,null,null,null,null,null,null,null,null,65,KSAV 192253Z 13010KT 10SM SCT060 BKN200 18/14 A3010 RMK SLP191 T01830144,null
SAV,2024-12-19 23:45,62,58,86.72,110,7,0,30.1,null,9,null,BKN,null,null,null,800,null,null,null,null,null,null,null,null,null,null,62,KSAV 192345Z 11007KT 9SM BKN008 17/14 A3010 RMK AO2 T01670144 $,null
SAV,2024-12-19 23:53,62,58,86.72,120,5,0,30.11,1019.4,9,null,BKN,null,null,null,700,null,null,null,null,null,null,null,null,null,null,62,KSAV 192353Z 12005KT 9SM BKN007 17/14 A3011 RMK AO2 SLP194 T01670144 10239 20167 53007 $,null
SAV,2024-12-20 0:44,59,56,89.76,110,8,0,30.12,null,4,null,OVC,null,null,null,400,null,null,null,BR,null,null,null,null,null,null,59,KSAV 200044Z 11008KT 4SM BR OVC004 15/13 A3012 RMK AO2 T01500133 $,null
SAV,2024-12-20 0:53,59,57,93.07,120,7,0,30.12,1019.9,1.5,null,OVC,null,null,null,200,null,null,null,BR,null,null,null,null,null,null,59,KSAV 200053Z 12007KT 1 1/2SM BR OVC002 15/14 A3012 RMK AO2 SLP199 T01500139 $,null
SAV,2024-12-20 1:53,58,56,93.04,100,7,0,30.12,1019.8,1,null,BKN,OVC,null,null,200,700,null,null,BR,null,null,null,null,null,null,58,KSAV 200153Z 10007KT 1SM R10/5000VP6000FT BR BKN002 OVC007 14/13 A3012 RMK AO2 SLP198 T01440133 $,null
SAV,2024-12-20 2:53,58,56,93.04,100,7,0,30.12,1019.9,1.5,null,OVC,null,null,null,200,null,null,null,BR,null,null,null,null,null,null,58,KSAV 200253Z 10007KT 1 1/2SM BR OVC002 14/13 A3012 RMK AO2 SLP199 T01440133 51004 $,null
SAV,2024-12-20 3:53,58,56,93.04,100,5,0,30.13,1020.1,1.5,null,OVC,null,null,null,200,null,null,null,BR,null,null,null,null,null,null,58,KSAV 200353Z 10005KT 1 1/2SM BR OVC002 14/13 A3013 RMK AO2 SLP201 T01440133 $,null
SAV,2024-12-20 4:53,57,56,96.45,70,3,0,30.1,1019.2,3,null,OVC,null,null,null,300,null,null,null,BR,null,null,null,null,null,null,57,KSAV 200453Z 07003KT 3SM BR OVC003 14/13 A3010 RMK AO2 SLP192 LAST T01390133 402390139 $,null
SAV,2024-12-20 5:53,58,55,89.72,100,4,0,30.07,1018.2,4,null,OVC,null,null,null,300,null,null,null,BR,null,null,null,null,null,null,58,KSAV 200553Z AUTO 10004KT 4SM BR OVC003 14/13 A3007 RMK AO2 SLP182 T01440128 10167 20139 58017 $,null
SAV,2024-12-20 6:53,58,56,93.04,90,5,0,30.07,1018,3,null,BKN,OVC,null,null,400,1200,null,null,BR,null,null,null,null,null,null,58,KSAV 200653Z AUTO 09005KT 3SM BR BKN004 OVC012 14/13 A3007 RMK AO2 SLP180 T01440133 $,null
SAV,2024-12-20 7:53,58,56,93.04,140,4,0,30.06,1017.7,4,null,BKN,OVC,null,null,300,900,null,null,BR,null,null,null,null,null,null,58,KSAV 200753Z AUTO 14004KT 4SM BR BKN003 OVC009 14/13 A3006 RMK AO2 SLP177 T01440133 $,null
SAV,2024-12-20 8:53,58,56,93.04,180,3,0,30.04,1017.2,6,null,OVC,null,null,null,300,null,null,null,BR,null,null,null,null,null,null,58,KSAV 200853Z AUTO 18003KT 6SM BR OVC003 14/13 A3004 RMK AO2 SLP172 T01440133 58008 $,null
SAV,2024-12-20 9:53,58,56,93.04,260,5,0,30.03,1016.9,4,null,OVC,null,null,null,300,null,null,null,BR,null,null,null,null,null,null,58,KSAV 200953Z AUTO 26005KT 4SM BR OVC003 14/13 A3003 RMK AO2 CIG 002V007 SLP169 T01440133 $,null
SAV,2024-12-20 10:18,58,55,89.72,260,9,0,30.04,null,10,null,SCT,BKN,OVC,null,500,800,1700,null,null,null,null,null,null,null,null,58,KSAV 201018Z AUTO 26009KT 10SM SCT005 BKN008 OVC017 14/13 A3004 RMK AO2 T01440128 $,null
SAV,2024-12-20 10:53,55,52,89.59,270,12,0,30.05,1017.4,10,null,BKN,OVC,null,null,600,3000,null,null,null,null,null,null,null,null,null,55,KSAV 201053Z 27012KT 10SM BKN006 OVC030 13/11 A3005 RMK AO2 SLP174 T01280111 $,null
SAV,2024-12-20 11:53,54,50,86.29,280,11,0,30.05,1017.5,10,18,SCT,OVC,null,null,900,1300,null,null,null,null,null,null,null,null,null,54,KSAV 201153Z 28011G18KT 10SM SCT009 OVC013 12/10 A3005 RMK AO2 SLP175 T01220100 10150 20122 53003 $,null
SAV,2024-12-20 12:47,51.8,48.2,87.47,280,7,0,30.04,null,9,null,SCT,null,null,null,1300,null,null,null,null,null,null,null,null,null,null,51.8,KSAV 201247Z 28007KT 9SM SCT013 11/09 A3004 RMK AO2 $,null
SAV,2024-12-20 12:53,52,48,86.17,260,5,0,30.04,1017.2,9,null,SCT,null,null,null,1300,null,null,null,null,null,null,null,null,null,null,52,KSAV 201253Z 26005KT 9SM SCT013 11/09 A3004 RMK AO2 SLP172 T01110089 $,null
SAV,2024-12-20 13:37,54,49,83.13,270,10,0,30.06,null,10,null,OVC,null,null,null,1000,null,null,null,null,null,null,null,null,null,null,54,KSAV 201337Z 27010KT 10SM OVC010 12/09 A3006 RMK AO2 BINOVC T01220094 $,null
SAV,2024-12-20 13:53,54,49,83.13,290,12,0,30.08,1018.4,10,null,BKN,null,null,null,1000,null,null,null,null,null,null,null,null,null,null,54,KSAV 201353Z 29012KT 10SM BKN010 12/09 A3008 RMK AO2 SLP184 T01220094,null
SAV,2024-12-20 14:46,55,46,71.6,290,12,0,30.06,null,10,null,FEW,null,null,null,1000,null,null,null,null,null,null,null,null,null,null,55,KSAV 201446Z 29012KT 10SM FEW010 13/08 A3006 RMK AO2 T01280078,null
SAV,2024-12-20 14:53,55,45,68.93,310,9,0,30.05,1017.6,10,null,FEW,null,null,null,1000,null,null,null,null,null,null,null,null,null,null,55,KSAV 201453Z 31009KT 10SM FEW010 13/07 A3005 RMK AO2 SLP176 T01280072,null
SAV,2024-12-20 15:53,58,43,57.3,290,11,0,30.03,1016.6,10,null,CLR,null,null,null,null,null,null,null,null,null,null,null,null,null,null,58,KSAV 201553Z AUTO 29011KT 10SM CLR 14/06 A3003 RMK AO2 SLP166 T01440061,null
SAV,2024-12-20 16:53,61,41,47.66,270,11,0,29.99,1015.5,10,21,CLR,null,null,null,null,null,null,null,null,null,null,null,null,null,null,61,KSAV 201653Z 27011G21KT 10SM CLR 16/05 A2999 RMK AO2 SLP155 T01610050,null
SAV,2024-12-20 17:53,63,35,35.1,280,14,0,29.96,1014.3,10,null,CLR,null,null,null,null,null,null,null,null,null,null,null,null,null,null,63,KSAV 201753Z 28014KT 10SM CLR 17/02 A2996 RMK AO2 SLP143 T01720017 10172 20111 58033,null
SAV,2024-12-20 18:53,65,31,27.87,290,11,0,29.94,1013.7,10,20,CLR,null,null,null,null,null,null,null,null,null,null,null,null,null,null,65,KSAV 201853Z 29011G20KT 10SM CLR 18/M01 A2994 RMK AO2 SLP137 T01831006,null
SAV,2024-12-20 19:53,64,31,28.86,280,14,0,29.93,1013.4,10,21,CLR,null,null,null,null,null,null,null,null,null,null,null,null,null,null,64,KSAV 201953Z 28014G21KT 10SM CLR 18/M01 A2993 RMK AO2 SLP134 T01781006,null
SAV,2024-12-20 20:53,63,32,31.12,280,13,0,29.93,1013.3,10,18,CLR,null,null,null,null,null,null,null,null,null,null,null,null,null,null,63,KSAV 202053Z 28013G18KT 10SM CLR 17/00 A2993 RMK AO2 SLP133 T01720000 56010,null
SAV,2024-12-20 21:53,61,31,32.08,280,11,0,29.95,1014.1,10,19,CLR,null,null,null,null,null,null,null,null,null,null,null,null,null,null,61,KSAV 202153Z 28011G19KT 10SM CLR 16/M01 A2995 RMK AO2 SLP141 T01611006,null
SAV,2024-12-20 22:53,55,34,44.9,260,5,0,29.98,1015,10,null,CLR,null,null,null,null,null,null,null,null,null,null,null,null,null,null,55,KSAV 202253Z 26005KT 10SM CLR 13/01 A2998 RMK AO2 SLP150 T01280011,null
SAV,2024-12-20 23:53,53,35,50.27,280,5,0,30,1015.8,10,null,CLR,null,null,null,null,null,null,null,null,null,null,null,null,null,null,53,KSAV 202353Z 28005KT 10SM CLR 12/02 A3000 RMK AO2 SLP158 T01170017 10183 20111 51025,null
SAV,2024-12-21 0:53,52,35,52.15,240,4,0,30.01,1016,10,null,CLR,null,null,null,null,null,null,null,null,null,null,null,null,null,null,52,KSAV 210053Z 24004KT 10SM CLR 11/02 A3001 RMK AO2 SLP160 T01110017,null
SAV,2024-12-21 1:53,50,36,58.44,290,7,0,30.02,1016.4,10,null,CLR,null,null,null,null,null,null,null,null,null,null,null,null,null,null,50,KSAV 210153Z 29007KT 10SM CLR 10/02 A3002 RMK AO2 SLP164 T01000022,null
SAV,2024-12-21 2:53,51,35,54.12,330,10,0,30.04,1017.3,10,null,CLR,null,null,null,null,null,null,null,null,null,null,null,null,null,null,51,KSAV 210253Z 33010KT 10SM CLR 11/02 A3004 RMK AO2 SLP173 T01060017 53015,null
SAV,2024-12-21 3:53,50,33,51.85,320,11,0,30.07,1018,10,null,CLR,null,null,null,null,null,null,null,null,null,null,null,null,null,null,50,KSAV 210353Z 32011KT 10SM CLR 10/01 A3007 RMK AO2 SLP180 T01000006,null
SAV,2024-12-21 4:53,49,32,51.7,320,9,0,30.08,1018.4,10,null,CLR,null,null,null,null,null,null,null,null,null,null,null,null,null,null,44.65,KSAV 210453Z 32009KT 10SM CLR 09/00 A3008 RMK AO2 SLP184 LAST T00940000 401830089,null
SAV,2024-12-21 5:53,47,32,55.73,310,9,0,30.08,1018.4,10,null,CLR,null,null,null,null,null,null,null,null,null,null,null,null,null,null,42.17,KSAV 210553Z AUTO 31009KT 10SM CLR 08/00 A3008 RMK AO2 SLP184 T00830000 10122 20083 50011,null
SAV,2024-12-21 6:53,45,31,57.73,320,10,0,30.09,1018.7,10,null,CLR,null,null,null,null,null,null,null,null,null,null,null,null,null,null,39.27,KSAV 210653Z AUTO 32010KT 10SM CLR 07/M01 A3009 RMK AO2 SLP187 T00721006,null
SAV,2024-12-21 7:53,43,30,59.83,310,9,0,30.1,1019.2,10,null,CLR,null,null,null,null,null,null,null,null,null,null,null,null,null,null,37.19,KSAV 210753Z AUTO 31009KT 10SM CLR 06/M01 A3010 RMK AO2 SLP192 T00611011,null
SAV,2024-12-21 8:53,42,29,59.69,320,10,0,30.12,1019.7,10,null,CLR,null,null,null,null,null,null,null,null,null,null,null,null,null,null,35.51,KSAV 210853Z AUTO 32010KT 10SM CLR 06/M02 A3012 RMK AO2 SLP197 T00561017 53013,null
SAV,2024-12-21 9:53,40,29,64.5,320,8,0,30.13,1020.2,10,null,CLR,null,null,null,null,null,null,null,null,null,null,null,null,null,null,33.97,KSAV 210953Z AUTO 32008KT 10SM CLR 04/M02 A3013 RMK AO2 SLP202 T00441017,null
SAV,2024-12-21 10:53,39,29,67.06,320,6,0,30.15,1021,10,null,CLR,null,null,null,null,null,null,null,null,null,null,null,null,null,null,33.96,KSAV 211053Z 32006KT 10SM CLR 04/M02 A3015 RMK AO2 SLP210 T00391017,null
SAV,2024-12-21 11:53,38,29,69.74,350,9,0,30.16,1021.4,10,null,CLR,null,null,null,null,null,null,null,null,null,null,null,null,null,null,30.97,KSAV 211153Z 35009KT 10SM CLR 03/M02 A3016 RMK AO2 SLP214 T00331017 10083 20033 51016,null
SAV,2024-12-21 12:53,38,29,69.74,340,7,0,30.2,1022.7,10,null,CLR,null,null,null,null,null,null,null,null,null,null,null,null,null,null,32.09,KSAV 211253Z 34007KT 10SM CLR 03/M02 A3020 RMK AO2 SLP227 T00331017,null
SAV,2024-12-21 13:53,42,29,59.69,350,10,0,30.23,1023.6,10,null,CLR,null,null,null,null,null,null,null,null,null,null,null,null,null,null,35.51,KSAV 211353Z 35010KT 10SM CLR 06/M02 A3023 RMK AO2 SLP236 T00561017,null
SAV,2024-12-21 14:53,46,29,51.24,10,10,0,30.23,1023.7,10,null,FEW,null,null,null,20000,null,null,null,null,null,null,null,null,null,null,40.52,KSAV 211453Z 01010KT 10SM FEW200 08/M02 A3023 RMK AO2 SLP237 T00781017 51024,null
SAV,2024-12-21 15:53,50,28,42.33,20,10,0,30.23,1023.6,10,null,FEW,null,null,null,20000,null,null,null,null,null,null,null,null,null,null,50,KSAV 211553Z 02010KT 10SM FEW200 10/M02 A3023 RMK AO2 SLP236 T01001022,null
SAV,2024-12-21 16:53,51,28,40.78,10,7,0,30.21,1022.8,10,null,FEW,null,null,null,20000,null,null,null,null,null,null,null,null,null,null,51,KSAV 211653Z 01007KT 10SM FEW200 11/M02 A3021 RMK AO2 SLP228 T01061022,null
SAV,2024-12-21 17:53,53,29,39.47,340,6,0,30.18,1021.9,10,null,FEW,null,null,null,20000,null,null,null,null,null,null,null,null,null,null,53,KSAV 211753Z 34006KT 10SM FEW200 12/M02 A3018 RMK AO2 SLP219 T01171017 10122 20028 58018,null
SAV,2024-12-21 18:53,55,29,36.69,10,6,0,30.16,1021.3,10,null,CLR,null,null,null,null,null,null,null,null,null,null,null,null,null,null,55,KSAV 211853Z 01006KT 10SM CLR 13/M02 A3016 RMK AO2 SLP213 T01281017,null
SAV,2024-12-21 19:53,55,29,36.69,null,5,0,30.16,1021.2,10,null,CLR,null,null,null,null,null,null,null,null,null,null,null,null,null,null,55,KSAV 211953Z VRB05KT 10SM CLR 13/M02 A3016 RMK AO2 SLP212 T01281017,null
SAV,2024-12-21 20:53,54,29,38.05,350,7,0,30.18,1021.8,10,null,CLR,null,null,null,null,null,null,null,null,null,null,null,null,null,null,54,KSAV 212053Z 35007KT 10SM CLR 12/M02 A3018 RMK AO2 SLP218 T01221017 55001,null
SAV,2024-12-21 21:53,53,29,39.47,320,6,0,30.19,1022.2,10,null,CLR,null,null,null,null,null,null,null,null,null,null,null,null,null,null,53,KSAV 212153Z 32006KT 10SM CLR 12/M02 A3019 RMK AO2 SLP222 T01171017,null
SAV,2024-12-21 22:53,47,32,55.73,340,4,0,30.22,1023.4,10,null,CLR,null,null,null,null,null,null,null,null,null,null,null,null,null,null,44.94,KSAV 212253Z 34004KT 10SM CLR 08/00 A3022 RMK AO2 SLP234 T00830000,null
SAV,2024-12-21 23:53,45,33,62.58,350,3,0,30.23,1023.8,10,null,CLR,null,null,null,null,null,null,null,null,null,null,null,null,null,null,43.55,KSAV 212353Z 35003KT 10SM CLR 07/01 A3023 RMK AO2 SLP238 T00720006 10133 20072 53019,null
SAV,2024-12-22 0:53,41,34,75.94,0,0,0,30.24,1024.1,10,null,CLR,null,null,null,null,null,null,null,null,null,null,null,null,null,null,41,KSAV 220053Z COR 00000KT 10SM CLR 05/01 A3024 RMK AO2 SLP241 T00500011,null
SAV,2024-12-22 1:53,40,33,75.84,0,0,0,30.25,1024.5,10,null,CLR,null,null,null,null,null,null,null,null,null,null,null,null,null,null,40,KSAV 220153Z 00000KT 10SM CLR 04/01 A3025 RMK AO2 SLP245 T00440006,null
SAV,2024-12-22 2:53,39,35,85.42,0,0,0,30.26,1024.9,10,null,CLR,null,null,null,null,null,null,null,null,null,null,null,null,null,null,39,KSAV 220253Z 00000KT 10SM CLR 04/02 A3026 RMK AO2 SLP249 T00390017 53010,null
SAV,2024-12-22 3:53,39,34,82.08,0,0,0,30.27,1025.1,10,null,CLR,null,null,null,null,null,null,null,null,null,null,null,null,null,null,39,KSAV 220353Z 00000KT 10SM CLR 04/01 A3027 RMK AO2 SLP251 T00390011,null
SAV,2024-12-22 4:53,37,33,85.29,0,0,0,30.26,1024.8,10,null,CLR,null,null,null,null,null,null,null,null,null,null,null,null,null,null,37,KSAV 220453Z 00000KT 10SM CLR 03/01 A3026 RMK AO2 SLP248 LAST T00280006 401330028,null
SAV,2024-12-22 5:53,36,32,85.23,0,0,0,30.26,1024.8,10,null,CLR,null,null,null,null,null,null,null,null,null,null,null,null,null,null,36,KSAV 220553Z AUTO 00000KT 10SM CLR 02/00 A3026 RMK AO2 SLP248 T00220000 10072 20022 58000,null
SAV,2024-12-22 6:53,35,31,85.17,10,5,0,30.27,1025,10,null,CLR,null,null,null,null,null,null,null,null,null,null,null,null,null,null,29.96,KSAV 220653Z AUTO 01005KT 10SM CLR 02/M01 A3027 RMK AO2 SLP250 T00171006,null
SAV,2024-12-22 7:53,34,31,88.63,10,5,0,30.28,1025.2,10,null,CLR,null,null,null,null,null,null,null,null,null,null,null,null,null,null,28.77,KSAV 220753Z AUTO 01005KT 10SM CLR 01/M01 A3028 RMK AO2 SLP252 T00111006,null
SAV,2024-12-22 8:53,38,30,72.64,20,8,0,30.29,1025.6,10,null,CLR,null,null,null,null,null,null,null,null,null,null,null,null,null,null,31.5,KSAV 220853Z AUTO 02008KT 10SM CLR 03/M01 A3029 RMK AO2 SLP256 T00331011 53007,null
SAV,2024-12-22 9:53,37,29,72.54,30,8,0,30.29,1025.7,10,null,CLR,null,null,null,null,null,null,null,null,null,null,null,null,null,null,30.27,KSAV 220953Z AUTO 03008KT 10SM CLR 03/M02 A3029 RMK AO2 SLP257 T00281017,null
SAV,2024-12-22 10:53,36,28,72.43,20,9,0,30.31,1026.3,10,null,CLR,null,null,null,null,null,null,null,null,null,null,null,null,null,null,28.49,KSAV 221053Z 02009KT 10SM CLR 02/M02 A3031 RMK AO2 SLP263 T00221022,null
SAV,2024-12-22 11:53,35,26,69.39,20,9,0,30.33,1027.1,10,null,CLR,null,null,null,null,null,null,null,null,null,null,null,null,null,null,27.24,KSAV 221153Z 02009KT 10SM CLR 02/M03 A3033 RMK AO2 SLP271 T00171033 10033 20011 53016,null
SAV,2024-12-22 12:53,36,25,63.98,20,9,0,30.36,1028.2,10,null,CLR,null,null,null,null,null,null,null,null,null,null,null,null,null,null,28.49,KSAV 221253Z 02009KT 10SM CLR 02/M04 A3036 RMK AO2 SLP282 T00221039,null
SAV,2024-12-22 13:53,39,26,59.27,30,9,0,30.4,1029.3,10,null,CLR,null,null,null,null,null,null,null,null,null,null,null,null,null,null,32.22,KSAV 221353Z 03009KT 10SM CLR 04/M03 A3040 RMK AO2 SLP293 T00391033,null
SAV,2024-12-22 14:53,43,26,50.77,20,9,0,30.42,1030.1,10,null,CLR,null,null,null,null,null,null,null,null,null,null,null,null,null,null,37.19,KSAV 221453Z 02009KT 10SM CLR 06/M03 A3042 RMK AO2 SLP301 T00611033 51029,null
SAV,2024-12-22 15:53,46,27,47.2,30,8,0,30.42,1030,10,null,CLR,null,null,null,null,null,null,null,null,null,null,null,null,null,null,41.36,KSAV 221553Z 03008KT 10SM CLR 08/M03 A3042 RMK AO2 SLP300 T00781028,null
SAV,2024-12-22 16:53,50,27,40.62,40,7,0,30.4,1029.3,10,null,CLR,null,null,null,null,null,null,null,null,null,null,null,null,null,null,50,KSAV 221653Z 04007KT 10SM CLR 10/M03 A3040 RMK AO2 SLP293 T01001028,null
SAV,2024-12-22 17:53,53,27,36.36,10,8,0,30.37,1028.4,10,15,CLR,null,null,null,null,null,null,null,null,null,null,null,null,null,null,53,KSAV 221753Z 01008G15KT 10SM CLR 12/M03 A3037 RMK AO2 SLP284 T01171028 10117 20017 58017,null
SAV,2024-12-22 18:53,54,27,35.05,30,10,0,30.34,1027.5,10,null,CLR,null,null,null,null,null,null,null,null,null,null,null,null,null,null,54,KSAV 221853Z 03010KT 10SM CLR 12/M03 A3034 RMK AO2 SLP275 T01221028,null
SAV,2024-12-22 19:53,54,27,35.05,10,9,0,30.34,1027.5,10,null,CLR,null,null,null,null,null,null,null,null,null,null,null,null,null,null,54,KSAV 221953Z 01009KT 10SM CLR 12/M03 A3034 RMK AO2 SLP275 T01221028,null
SAV,2024-12-22 20:53,54,27,35.05,70,8,0,30.35,1027.8,10,null,CLR,null,null,null,null,null,null,null,null,null,null,null,null,null,null,54,KSAV 222053Z 07008KT 10SM CLR 12/M03 A3035 RMK AO2 SLP278 T01221028 55005,null
SAV,2024-12-22 21:53,51,27,39.14,30,8,0,30.36,1028.2,10,null,CLR,null,null,null,null,null,null,null,null,null,null,null,null,null,null,51,KSAV 222153Z 03008KT 10SM CLR 11/M03 A3036 RMK AO2 SLP282 T01061028,null
SAV,2024-12-22 22:53,47,28,47.36,40,6,0,30.39,1028.9,10,null,CLR,null,null,null,null,null,null,null,null,null,null,null,null,null,null,43.6,KSAV 222253Z 04006KT 10SM CLR 08/M02 A3039 RMK AO2 SLP289 T00831022,null
SAV,2024-12-22 23:53,44,28,53.07,30,6,0,30.41,1029.8,10,null,CLR,null,null,null,null,null,null,null,null,null,null,null,null,null,null,39.98,KSAV 222353Z 03006KT 10SM CLR 07/M02 A3041 RMK AO2 SLP298 T00671022 10128 20061 53020,null
SAV,2024-12-23 0:53,44,27,50.93,30,9,0,30.42,1030.2,10,null,CLR,null,null,null,null,null,null,null,null,null,null,null,null,null,null,38.44,KSAV 230053Z 03009KT 10SM CLR 07/M03 A3042 RMK AO2 SLP302 T00671028,null
SAV,2024-12-23 1:53,43,26,50.77,50,8,0,30.43,1030.3,10,null,CLR,null,null,null,null,null,null,null,null,null,null,null,null,null,null,37.66,KSAV 230153Z 05008KT 10SM CLR 06/M03 A3043 RMK AO2 SLP303 T00611033,null
SAV,2024-12-23 2:53,40,27,59.41,30,7,0,30.44,1030.8,10,null,CLR,null,null,null,null,null,null,null,null,null,null,null,null,null,null,34.53,KSAV 230253Z 03007KT 10SM CLR 04/M03 A3044 RMK AO2 SLP308 T00441028 53009,null
SAV,2024-12-23 3:53,40,26,57.01,30,7,0,30.45,1031,10,null,CLR,null,null,null,null,null,null,null,null,null,null,null,null,null,null,34.53,KSAV 230353Z 03007KT 10SM CLR 04/M03 A3045 RMK AO2 SLP310 T00441033,null
SAV,2024-12-23 4:53,39,27,61.78,40,8,0,30.44,1030.7,10,null,CLR,null,null,null,null,null,null,null,null,null,null,null,null,null,null,32.74,KSAV 230453Z 04008KT 10SM CLR 04/M03 A3044 RMK AO2 SLP307 LAST T00391028 401280011,null
SAV,2024-12-23 5:53,37,25,61.5,20,7,0,30.43,1030.5,10,null,CLR,null,null,null,null,null,null,null,null,null,null,null,null,null,null,30.87,KSAV 230553Z AUTO 02007KT 10SM CLR 03/M04 A3043 RMK AO2 SLP305 T00281039 10067 20028 58003,null
SAV,2024-12-23 6:53,37,24,58.99,30,10,0,30.42,1030.2,10,null,CLR,null,null,null,null,null,null,null,null,null,null,null,null,null,null,29.24,KSAV 230653Z AUTO 03010KT 10SM CLR 03/M04 A3042 RMK AO2 SLP302 T00281044,null
SAV,2024-12-23 7:53,37,24,58.99,20,11,0,30.42,1030.1,10,null,SCT,null,null,null,5000,null,null,null,null,null,null,null,null,null,null,28.79,KSAV 230753Z AUTO 02011KT 10SM SCT050 03/M04 A3042 RMK AO2 SLP301 T00281044,null
SAV,2024-12-23 8:53,37,24,58.99,20,9,0,30.42,1030.3,10,null,BKN,BKN,null,null,4400,6000,null,null,null,null,null,null,null,null,null,29.73,KSAV 230853Z AUTO 02009KT 10SM BKN044 BKN060 03/M04 A3042 RMK AO2 SLP303 T00281044 55002,null
SAV,2024-12-23 9:53,38,26,61.64,30,8,0,30.43,1030.4,10,null,OVC,null,null,null,4200,null,null,null,null,null,null,null,null,null,null,31.5,KSAV 230953Z AUTO 03008KT 10SM OVC042 03/M03 A3043 RMK AO2 SLP304 T00331033,null
SAV,2024-12-23 10:53,38,27,64.24,20,8,0,30.44,1030.7,10,null,OVC,null,null,null,3900,null,null,null,null,null,null,null,null,null,null,31.5,KSAV 231053Z 02008KT 10SM OVC039 03/M03 A3044 RMK AO2 SLP307 T00331028,null
SAV,2024-12-23 11:53,39,27,61.78,20,8,0,30.44,1030.7,10,null,OVC,null,null,null,3600,null,null,null,null,null,null,null,null,null,null,32.74,KSAV 231153Z 02008KT 10SM OVC036 04/M03 A3044 RMK AO2 SLP307 T00391028 10039 20022 51004,null
SAV,2024-12-23 12:53,39,27,61.78,30,5,0,30.45,1031.1,10,null,OVC,null,null,null,3600,null,null,null,null,null,null,null,null,null,null,34.71,KSAV 231253Z 03005KT 10SM OVC036 04/M03 A3045 RMK AO2 SLP311 T00391028,null
SAV,2024-12-23 13:53,41,28,59.55,20,11,0,30.46,1031.4,10,null,OVC,null,null,null,3500,null,null,null,null,null,null,null,null,null,null,33.84,KSAV 231353Z 02011KT 10SM OVC035 05/M02 A3046 RMK AO2 SLP314 T00501022,null
SAV,2024-12-23 14:53,43,30,59.83,20,8,0,30.48,1032.1,10,null,OVC,null,null,null,3700,null,null,null,null,null,null,null,null,null,null,37.66,KSAV 231453Z 02008KT 10SM OVC037 06/M01 A3048 RMK AO2 SLP321 T00611011 53014,null
SAV,2024-12-23 15:53,45,32,60.11,40,8,0,30.47,1031.9,10,null,OVC,null,null,null,3700,null,null,null,null,null,null,null,null,null,null,40.13,KSAV 231553Z 04008KT 10SM OVC037 07/00 A3047 RMK AO2 SLP319 T00720000,null
SAV,2024-12-23 16:53,48,32,53.67,40,7,0,30.46,1031.3,10,null,BKN,OVC,null,null,3800,7000,null,null,null,null,null,null,null,null,null,44.28,KSAV 231653Z 04007KT 10SM BKN038 OVC070 09/00 A3046 RMK AO2 SLP313 T00890000,null
SAV,2024-12-23 17:53,50,33,51.85,40,9,0,30.42,1030.1,10,null,OVC,null,null,null,3700,null,null,null,null,null,null,null,null,null,null,50,KSAV 231753Z 04009KT 10SM OVC037 10/01 A3042 RMK AO2 SLP301 T01000006 10100 20039 58020,null
SAV,2024-12-23 18:53,50,33,51.85,50,8,0,30.41,1029.8,10,null,OVC,null,null,null,3700,null,null,null,null,null,null,null,null,null,null,50,KSAV 231853Z 05008KT 10SM OVC037 10/01 A3041 RMK AO2 SLP298 T01000006,null
SAV,2024-12-23 19:53,50,32,49.81,40,9,0,30.4,1029.3,10,null,BKN,OVC,null,null,3500,5500,null,null,null,null,null,null,null,null,null,50,KSAV 231953Z 04009KT 10SM BKN035 OVC055 10/00 A3040 RMK AO2 SLP293 T01000000,null
SAV,2024-12-23 20:53,50,32,49.81,50,8,0,30.4,1029.5,10,null,FEW,BKN,OVC,null,3500,6000,7000,null,null,null,null,null,null,null,null,50,KSAV 232053Z 05008KT 10SM FEW035 BKN060 OVC070 10/00 A3040 RMK AO2 SLP295 T01000000 55006,null
SAV,2024-12-23 21:53,49,31,49.65,30,5,0,30.41,1029.7,10,null,OVC,null,null,null,3000,null,null,null,null,null,null,null,null,null,null,46.58,KSAV 232153Z 03005KT 10SM OVC030 09/M01 A3041 RMK AO2 SLP297 T00941006,null
SAV,2024-12-23 22:53,47,33,58.01,60,12,0,30.41,1029.7,10,null,OVC,null,null,null,2500,null,null,null,null,null,null,null,null,null,null,41.09,KSAV 232253Z 06012KT 10SM OVC025 08/01 A3041 RMK AO2 SLP297 T00830006,null
SAV,2024-12-23 23:31,46,35,65.26,70,8,0,30.41,null,10,null,SCT,BKN,OVC,null,2500,4200,5000,null,null,null,null,null,null,null,null,41.36,KSAV 232331Z 07008KT 10SM SCT025 BKN042 OVC050 08/02 A3041 RMK AO2 T00780017,null
SAV,2024-12-23 23:53,44,37,76.22,90,7,T,30.42,1030,6,null,FEW,BKN,OVC,null,2500,4200,5500,null,#NAME?,null,null,null,null,null,null,39.41,KSAV 232353Z 09007KT 6SM -RA FEW025 BKN042 OVC055 07/03 A3042 RMK AO2 RAB45 SLP300 P0000 60000 T00670028 10106 20067 53005,null
SAV,2024-12-24 0:17,43,39,85.66,60,9,T,30.42,null,6,null,BKN,OVC,null,null,2000,4200,null,null,#NAME?,null,null,null,null,null,null,37.19,KSAV 240017Z 06009KT 6SM -RA BR BKN020 OVC042 06/04 A3042 RMK AO2 P0000 T00610039,null
SAV,2024-12-24 0:53,42,38,85.6,40,7,T,30.42,1030.2,5,null,FEW,OVC,null,null,1700,2000,null,null,BR,null,null,null,null,null,null,36.97,KSAV 240053Z 04007KT 5SM BR FEW017 OVC020 06/03 A3042 RMK AO2 RAE30 SLP302 P0000 T00560033,null
SAV,2024-12-24 1:26,42,38,85.6,30,7,T,30.43,null,4,null,SCT,BKN,OVC,null,600,1300,2000,null,#NAME?,null,null,null,null,null,null,36.97,KSAV 240126Z 03007KT 4SM -RA BR SCT006 BKN013 OVC020 06/03 A3043 RMK AO2 RAB13 P0000 T00560033,null
SAV,2024-12-24 1:53,41,38,88.97,30,10,0.01,30.43,1030.4,3,null,SCT,BKN,OVC,null,600,1300,4200,null,#NAME?,null,null,null,null,null,null,34.25,KSAV 240153Z 03010KT 3SM -RA BR SCT006 BKN013 OVC042 05/03 A3043 RMK AO2 RAB13 SLP304 P0001 T00500033,null
SAV,2024-12-24 2:53,41,38,88.97,10,7,0.01,30.42,1030.2,4,null,SCT,BKN,OVC,null,600,900,1400,null,BR,null,null,null,null,null,null,35.75,KSAV 240253Z 01007KT 4SM BR SCT006 BKN009 OVC014 05/03 A3042 RMK AO2 RAE29 SLP302 P0001 60002 T00500033 50001,null
SAV,2024-12-24 3:53,41,38,88.97,360,6,0.02,30.41,1029.7,4,null,BKN,OVC,null,null,600,2200,null,null,#NAME?,null,null,null,null,null,null,36.37,KSAV 240353Z 36006KT 4SM -RA BR BKN006 OVC022 05/03 A3041 RMK AO2 RAB42 SLP297 P0002 T00500033,null
SAV,2024-12-24 4:19,40,38,92.49,330,7,0.01,30.41,null,3,null,OVC,null,null,null,400,null,null,null,#NAME?,null,null,null,null,null,null,34.53,KSAV 240419Z 33007KT 3SM -RA BR OVC004 04/03 A3041 RMK AO2 P0001 T00440033,null
SAV,2024-12-24 4:53,41,38,88.97,330,8,0.01,30.39,1029.2,8,null,BKN,OVC,null,null,400,800,null,null,null,null,null,null,null,null,null,35.2,KSAV 240453Z 33008KT 8SM BKN004 OVC008 05/03 A3039 RMK AO2 RAE29 SLP292 LAST P0001 T00500033 401060022,null
SAV,2024-12-24 5:53,41,39,92.52,350,7,0,30.37,1028.4,10,null,OVC,null,null,null,400,null,null,null,null,null,null,null,null,null,null,35.75,KSAV 240553Z AUTO 35007KT 10SM OVC004 05/04 A3037 RMK AO2 SLP284 60005 T00500039 10061 20044 58018,null
SAV,2024-12-24 6:53,41,39,92.52,350,7,0,30.35,1027.7,10,null,OVC,null,null,null,400,null,null,null,null,null,null,null,null,null,null,35.75,KSAV 240653Z AUTO 35007KT 10SM OVC004 05/04 A3035 RMK AO2 SLP277 T00500039,null
SAV,2024-12-24 7:37,42,40,92.55,350,5,0,30.34,null,10,null,OVC,null,null,null,500,null,null,null,null,null,null,null,null,null,null,38.27,KSAV 240737Z AUTO 35005KT 10SM OVC005 06/04 A3034 RMK AO2 T00560044,null
SAV,2024-12-24 7:53,42,39,89.01,360,5,0,30.34,1027.3,10,null,OVC,null,null,null,400,null,null,null,null,null,null,null,null,null,null,38.27,KSAV 240753Z AUTO 36005KT 10SM OVC004 06/04 A3034 RMK AO2 SLP273 T00560039,null
SAV,2024-12-24 8:53,42,40,92.55,350,6,0,30.32,1026.8,10,null,OVC,null,null,null,400,null,null,null,null,null,null,null,null,null,null,37.57,KSAV 240853Z AUTO 35006KT 10SM OVC004 06/04 A3032 RMK AO2 SLP268 T00560044 56016,null
SAV,2024-12-24 9:32,42,39,89.01,350,5,0,30.31,null,10,null,OVC,null,null,null,500,null,null,null,null,null,null,null,null,null,null,38.27,KSAV 240932Z AUTO 35005KT 10SM OVC005 06/04 A3031 RMK AO2 T00560039,null
SAV,2024-12-24 9:50,42.8,39.2,86.99,340,6,0,30.31,null,10,null,OVC,null,null,null,400,null,null,null,null,null,null,null,null,null,null,38.54,KSAV 240950Z AUTO 34006KT 10SM OVC004 06/04 A3031 RMK AO2 $,null
SAV,2024-12-24 9:53,42,40,92.55,330,6,0,30.31,1026.4,10,null,OVC,null,null,null,400,null,null,null,null,null,null,null,null,null,null,37.57,KSAV 240953Z AUTO 33006KT 10SM OVC004 06/04 A3031 RMK AO2 SLP264 T00560044 $,null
SAV,2024-12-24 10:53,42,39,89.01,340,7,0,30.31,1026.5,10,null,OVC,null,null,null,400,null,null,null,null,null,null,null,null,null,null,36.97,KSAV 241053Z 34007KT 10SM OVC004 06/04 A3031 RMK AO2 SLP265 T00560039 $,null
SAV,2024-12-24 11:53,42,39,89.01,350,7,0,30.32,1026.7,10,null,OVC,null,null,null,400,null,null,null,null,null,null,null,null,null,null,36.97,KSAV 241153Z 35007KT 10SM OVC004 06/04 A3032 RMK AO2 SLP267 70005 T00560039 10056 20050 53004 $,null
SAV,2024-12-24 12:26,42,39,89.01,330,7,0,30.33,null,10,null,OVC,null,null,null,500,null,null,null,null,null,null,null,null,null,null,36.97,KSAV 241226Z 33007KT 10SM OVC005 06/04 A3033 RMK AO2 T00560039 $,null
SAV,2024-12-24 12:45,42,39,89.01,340,6,0,30.34,null,2,null,OVC,null,null,null,500,null,null,null,BR,null,null,null,null,null,null,37.57,KSAV 241245Z 34006KT 2SM BR OVC005 06/04 A3034 RMK AO2 SFC VIS 3 T00560039 $,null
SAV,2024-12-24 12:53,42,39,89.01,350,7,0,30.34,1027.3,2,null,OVC,null,null,null,500,null,null,null,BR,null,null,null,null,null,null,36.97,KSAV 241253Z 35007KT 2SM BR OVC005 06/04 A3034 RMK AO2 SFC VIS 3 SLP273 T00560039 $,null
SAV,2024-12-24 13:53,43,40,89.06,350,6,0,30.34,1027.4,2,null,OVC,null,null,null,400,null,null,null,BR,null,null,null,null,null,null,38.78,KSAV 241353Z 35006KT 2SM BR OVC004 06/04 A3034 RMK AO2 SFC VIS 2 1/2 SLP274 T00610044,null
SAV,2024-12-24 14:42,45,43,92.65,340,7,0,30.33,null,8,null,OVC,null,null,null,400,null,null,null,null,null,null,null,null,null,null,40.63,KSAV 241442Z 34007KT 8SM OVC004 07/06 A3033 RMK AO2 T00720061,null
SAV,2024-12-24 14:53,46,44,92.68,330,6,0,30.33,1027.1,9,null,BKN,OVC,null,null,500,3600,null,null,null,null,null,null,null,null,null,42.39,KSAV 241453Z 33006KT 9SM BKN005 OVC036 08/07 A3033 RMK AO2 SLP271 T00780067 50004,null
SAV,2024-12-24 15:53,49,44,82.79,340,5,0,30.33,1027,10,null,BKN,OVC,null,null,800,3100,null,null,null,null,null,null,null,null,null,46.58,KSAV 241553Z 34005KT 10SM BKN008 OVC031 09/07 A3033 RMK AO2 SLP270 T00940067,null
SAV,2024-12-24 16:03,49,43,79.68,350,4,0,30.33,null,10,null,SCT,OVC,null,null,800,3000,null,null,null,null,null,null,null,null,null,47.27,KSAV 241603Z 35004KT 10SM SCT008 OVC030 09/06 A3033 RMK AO2 T00940061,null
SAV,2024-12-24 16:53,53,42,66.12,10,8,0,30.3,1026,10,null,FEW,OVC,null,null,800,3100,null,null,null,null,null,null,null,null,null,53,KSAV 241653Z 01008KT 10SM FEW008 OVC031 12/06 A3030 RMK AO2 SLP260 T01170056,null
SAV,2024-12-24 17:53,59,42,53.2,null,5,0,30.26,1024.5,10,null,FEW,null,null,null,3300,null,null,null,null,null,null,null,null,null,null,59,KSAV 241753Z VRB05KT 10SM FEW033 15/06 A3026 RMK AO2 SLP245 T01500056 10150 20056 58025,null
SAV,2024-12-24 18:53,61,40,45.85,10,6,0,30.24,1023.8,10,null,FEW,null,null,null,3300,null,null,null,null,null,null,null,null,null,null,61,KSAV 241853Z 01006KT 10SM FEW033 16/04 A3024 RMK AO2 SLP238 T01610044,null
SAV,2024-12-24 19:53,62,41,46,340,6,0,30.21,1023,10,null,FEW,null,null,null,3300,null,null,null,null,null,null,null,null,null,null,62,KSAV 241953Z 34006KT 10SM FEW033 17/05 A3021 RMK AO2 SLP230 T01670050,null
SAV,2024-12-24 20:53,62,42,47.82,320,6,0,30.21,1022.8,10,null,CLR,null,null,null,null,null,null,null,null,null,null,null,null,null,null,62,KSAV 242053Z 32006KT 10SM CLR 17/06 A3021 RMK AO2 SLP228 T01670056 56018,null
SAV,2024-12-24 21:53,60,42,51.33,340,6,0,30.2,1022.6,10,null,CLR,null,null,null,null,null,null,null,null,null,null,null,null,null,null,60,KSAV 242153Z 34006KT 10SM CLR 16/06 A3020 RMK AO2 SLP226 T01560056,null
SAV,2024-12-24 22:53,53,41,63.61,340,4,0,30.2,1022.7,10,null,CLR,null,null,null,null,null,null,null,null,null,null,null,null,null,null,53,KSAV 242253Z 34004KT 10SM CLR 12/05 A3020 RMK AO2 SLP227 T01170050,null
SAV,2024-12-24 23:53,49,42,76.67,20,3,0,30.22,1023.5,10,null,CLR,null,null,null,null,null,null,null,null,null,null,null,null,null,null,48.12,KSAV 242353Z 02003KT 10SM CLR 09/06 A3022 RMK AO2 SLP235 T00940056 10172 20094 53006,null
SAV,2024-12-25 0:53,47,41,79.52,0,0,0,30.24,1024.2,10,null,CLR,null,null,null,null,null,null,null,null,null,null,null,null,null,null,47,KSAV 250053Z 00000KT 10SM CLR 08/05 A3024 RMK AO2 SLP242 T00830050,null
SAV,2024-12-25 1:53,43,40,89.06,0,0,0,30.25,1024.3,10,null,CLR,null,null,null,null,null,null,null,null,null,null,null,null,null,null,43,KSAV 250153Z 00000KT 10SM CLR 06/04 A3025 RMK AO2 SLP243 T00610044,null
SAV,2024-12-25 2:53,42,39,89.01,0,0,0,30.25,1024.4,10,null,CLR,null,null,null,null,null,null,null,null,null,null,null,null,null,null,42,KSAV 250253Z 00000KT 10SM CLR 06/04 A3025 RMK AO2 SLP244 T00560039 51009,null
SAV,2024-12-25 3:53,41,38,88.97,0,0,0,30.26,1024.7,10,null,CLR,null,null,null,null,null,null,null,null,null,null,null,null,null,null,41,KSAV 250353Z AUTO 00000KT 10SM CLR 05/03 A3026 RMK AO2 SLP247 T00500033,null
SAV,2024-12-25 4:39,39,37,92.45,0,0,0,30.26,null,1.75,null,CLR,null,null,null,null,null,null,null,BR,null,null,null,null,null,null,39,KSAV 250439Z 00000KT 1 3/4SM BR CLR 04/03 A3026 RMK AO2 T00390028,null
SAV,2024-12-25 4:47,37.4,35.6,93.14,360,4,0,30.25,null,3,null,CLR,null,null,null,null,null,null,null,BR,null,null,null,null,null,null,33.73,KSAV 250447Z 36004KT 3SM BR CLR 03/02 A3025 RMK AO2,null
SAV,2024-12-25 4:53,39,36,88.87,10,3,0,30.25,1024.4,7,null,CLR,null,null,null,null,null,null,null,null,null,null,null,null,null,null,36.69,KSAV 250453Z 01003KT 7SM CLR 04/02 A3025 RMK AO2 SLP244 LAST T00390022 401720033,null
SAV,2024-12-25 5:53,39,37,92.45,0,0,0,30.25,1024.3,9,null,CLR,null,null,null,null,null,null,null,null,null,null,null,null,null,null,39,KSAV 250553Z AUTO 00000KT 9SM R10/3000VP6000FT CLR 04/03 A3025 RMK AO2 SLP243 T00390028 10094 20033 56004,null
SAV,2024-12-25 6:07,37,36,96.13,0,0,0,30.25,null,1.75,null,CLR,null,null,null,null,null,null,null,BR,null,null,null,null,null,null,37,KSAV 250607Z AUTO 00000KT 1 3/4SM BR CLR 03/02 A3025 RMK AO2 T00280022,null
SAV,2024-12-25 6:23,38,35,88.83,0,0,0,30.25,null,1,null,CLR,null,null,null,null,null,null,null,BR,null,null,null,null,null,null,38,KSAV 250623Z AUTO 00000KT 1SM R10/P6000FT BR CLR 03/02 A3025 RMK AO2 T00330017,null
SAV,2024-12-25 6:27,38,36,92.42,340,3,0,30.25,null,3,null,CLR,null,null,null,null,null,null,null,BR,null,null,null,null,null,null,35.55,KSAV 250627Z AUTO 34003KT 3SM BR CLR 03/02 A3025 RMK AO2 T00330022,null
SAV,2024-12-25 6:53,37,35,92.39,0,0,0,30.25,1024.2,10,null,CLR,null,null,null,null,null,null,null,null,null,null,null,null,null,null,37,KSAV 250653Z AUTO 00000KT 10SM R10/3500VP6000FT CLR 03/02 A3025 RMK AO2 SLP242 T00280017,null
SAV,2024-12-25 7:47,37.4,35.6,93.14,10,5,0,30.25,null,1.75,null,CLR,null,null,null,null,null,null,null,BR,null,null,null,null,null,null,32.81,KSAV 250747Z AUTO 01005KT 1 3/4SM BR CLR 03/02 A3025 RMK AO2,null
SAV,2024-12-25 7:53,37,34,88.78,10,5,0,30.25,1024.2,1.25,null,CLR,null,null,null,null,null,null,null,BR,null,null,null,null,null,null,32.33,KSAV 250753Z AUTO 01005KT 1 1/4SM BR CLR 03/01 A3025 RMK AO2 SLP242 T00280011,null
SAV,2024-12-25 7:57,37,34,88.78,10,5,0,30.25,null,2,null,CLR,null,null,null,null,null,null,null,BR,null,null,null,null,null,null,32.33,KSAV 250757Z AUTO 01005KT 2SM BR CLR 03/01 A3025 RMK AO2 T00280011,null
SAV,2024-12-25 8:04,37,34,88.78,10,6,0,30.24,null,9,null,CLR,null,null,null,null,null,null,null,null,null,null,null,null,null,null,31.55,KSAV 250804Z AUTO 01006KT 9SM CLR 03/01 A3024 RMK AO2 T00280011,null
SAV,2024-12-25 8:53,37,35,92.39,0,0,0,30.24,1024,10,null,CLR,null,null,null,null,null,null,null,null,null,null,null,null,null,null,37,KSAV 250853Z AUTO 00000KT 10SM CLR 03/02 A3024 RMK AO2 SLP240 T00280017 58003,null
SAV,2024-12-25 9:53,36,34,92.35,360,3,0,30.25,1024.1,8,null,CLR,null,null,null,null,null,null,null,null,null,null,null,null,null,null,33.26,KSAV 250953Z AUTO 36003KT 8SM CLR 02/01 A3025 RMK AO2 SLP241 T00220011,null
SAV,2024-12-25 10:53,38,34,85.35,40,4,0,30.25,1024.4,10,null,SCT,null,null,null,25000,null,null,null,null,null,null,null,null,null,null,34.43,KSAV 251053Z 04004KT 10SM SCT250 03/01 A3025 RMK AO2 SLP244 T00330011,null
SAV,2024-12-25 11:53,39,33,78.86,30,6,0,30.26,1024.8,10,null,BKN,null,null,null,25000,null,null,null,null,null,null,null,null,null,null,33.96,KSAV 251153Z 03006KT 10SM BKN250 04/01 A3026 RMK AO2 SLP248 T00390006 10044 20017 53007,null
SAV,2024-12-25 12:53,41,34,75.94,20,8,0,30.28,1025.4,10,null,OVC,null,null,null,25000,null,null,null,null,null,null,null,null,null,null,35.2,KSAV 251253Z 02008KT 10SM OVC250 05/01 A3028 RMK AO2 SLP254 T00500011,null
SAV,2024-12-25 13:53,45,36,70.53,30,8,0,30.29,1025.8,10,null,FEW,OVC,null,null,21000,25000,null,null,null,null,null,null,null,null,null,40.13,KSAV 251353Z 03008KT 10SM FEW210 OVC250 07/02 A3029 RMK AO2 SLP258 T00720022,null
SAV,2024-12-25 14:53,49,36,60.66,50,7,0,30.31,1026.5,10,null,FEW,OVC,null,null,21000,25000,null,null,null,null,null,null,null,null,null,45.5,KSAV 251453Z 05007KT 10SM FEW210 OVC250 09/02 A3031 RMK AO2 SLP265 T00940022 53017,null
SAV,2024-12-25 15:53,50,38,63.23,40,5,0,30.3,1026.1,10,null,OVC,null,null,null,24000,null,null,null,null,null,null,null,null,null,null,50,KSAV 251553Z 04005KT 10SM OVC240 10/03 A3030 RMK AO2 SLP261 T01000033,null
SAV,2024-12-25 16:53,54,39,56.74,null,6,0,30.29,1025.5,10,null,FEW,OVC,null,null,2500,25000,null,null,null,null,null,null,null,null,null,54,KSAV 251653Z VRB06KT 10SM FEW025 OVC250 12/04 A3029 RMK AO2 SLP255 T01220039,null
SAV,2024-12-25 17:53,55,42,61.46,60,8,0,30.26,1024.5,10,null,FEW,BKN,BKN,null,2000,23000,25000,null,null,null,null,null,null,null,null,55,KSAV 251753Z 06008KT 10SM FEW020 BKN230 BKN250 13/06 A3026 RMK AO2 SLP245 T01280056 10133 20039 58020,null
SAV,2024-12-25 18:53,56,44,63.99,50,6,0,30.25,1024.3,10,null,FEW,BKN,BKN,null,2000,23000,25000,null,null,null,null,null,null,null,null,56,KSAV 251853Z 05006KT 10SM FEW020 BKN230 BKN250 13/07 A3025 RMK AO2 SLP243 T01330067,null
SAV,2024-12-25 19:53,57,45,64.12,70,8,0,30.23,1023.6,10,null,SCT,BKN,BKN,null,2000,23000,25000,null,null,null,null,null,null,null,null,57,KSAV 251953Z 07008KT 10SM SCT020 BKN230 BKN250 14/07 A3023 RMK AO2 SLP236 T01390072,null
SAV,2024-12-25 20:53,58,45,61.85,60,6,0,30.24,1023.9,10,null,SCT,BKN,BKN,null,2000,23000,25000,null,null,null,null,null,null,null,null,58,KSAV 252053Z 06006KT 10SM SCT020 BKN230 BKN250 14/07 A3024 RMK AO2 SLP239 T01440072 55005,null
SAV,2024-12-25 21:53,56,44,63.99,40,7,0,30.24,1023.8,10,null,BKN,BKN,null,null,23000,25000,null,null,null,null,null,null,null,null,null,56,KSAV 252153Z 04007KT 10SM BKN230 BKN250 13/07 A3024 RMK AO2 SLP238 T01330067,null
SAV,2024-12-25 22:53,53,42,66.12,30,6,0,30.24,1023.9,10,null,BKN,BKN,null,null,20000,25000,null,null,null,null,null,null,null,null,null,53,KSAV 252253Z 03006KT 10SM BKN200 BKN250 12/06 A3024 RMK AO2 SLP239 T01170056,null
SAV,2024-12-25 23:53,50,40,68.37,40,6,0,30.24,1024.1,10,null,SCT,null,null,null,20000,null,null,null,null,null,null,null,null,null,null,50,KSAV 252353Z 04006KT 10SM SCT200 10/04 A3024 RMK AO2 SLP241 T01000044 10150 20100 53001,null
SAV,2024-12-26 0:53,49,40,70.96,30,4,0,30.26,1024.7,10,null,BKN,null,null,null,20000,null,null,null,null,null,null,null,null,null,null,47.27,KSAV 260053Z 03004KT 10SM BKN200 09/04 A3026 RMK AO2 SLP247 T00940044,null
SAV,2024-12-26 1:53,47,40,76.49,40,5,0,30.25,1024.3,10,null,FEW,null,null,null,20000,null,null,null,null,null,null,null,null,null,null,44.21,KSAV 260153Z 04005KT 10SM FEW200 08/04 A3025 RMK AO2 SLP243 T00830044,null
SAV,2024-12-26 2:53,47,39,73.57,40,5,0,30.26,1024.6,10,null,CLR,null,null,null,null,null,null,null,null,null,null,null,null,null,null,44.21,KSAV 260253Z 04005KT 10SM CLR 08/04 A3026 RMK AO2 SLP246 T00830039 51006,null
SAV,2024-12-26 3:53,46,40,79.44,40,4,0,30.26,1024.7,10,null,FEW,null,null,null,4500,null,null,null,null,null,null,null,null,null,null,43.77,KSAV 260353Z 04004KT 10SM FEW045 08/04 A3026 RMK AO2 SLP247 T00780044,null
SAV,2024-12-26 4:53,47,41,79.52,10,4,0,30.27,1025,10,null,BKN,null,null,null,3400,null,null,null,null,null,null,null,null,null,null,44.94,KSAV 260453Z 01004KT 10SM BKN034 08/05 A3027 RMK AO2 SLP250 LAST T00830050 401500017 $,null
SAV,2024-12-26 5:53,48,40,73.67,40,9,0,30.25,1024.3,10,null,OVC,null,null,null,3200,null,null,null,null,null,null,null,null,null,null,43.41,KSAV 260553Z AUTO 04009KT 10SM OVC032 09/04 A3025 RMK AO2 SLP243 T00890044 10100 20067 58003 $,null
SAV,2024-12-26 6:53,48,40,73.67,30,7,0,30.24,1024.1,10,null,OVC,null,null,null,3400,null,null,null,null,null,null,null,null,null,null,44.28,KSAV 260653Z AUTO 03007KT 10SM OVC034 09/04 A3024 RMK AO2 SLP241 T00890044 $,null
SAV,2024-12-26 7:53,47,40,76.49,50,6,0,30.24,1023.9,10,null,BKN,BKN,BKN,null,3900,4600,5500,null,null,null,null,null,null,null,null,43.6,KSAV 260753Z AUTO 05006KT 10SM BKN039 BKN046 BKN055 08/04 A3024 RMK AO2 SLP239 T00830044 $,null
SAV,2024-12-26 8:40,48,40,73.67,30,7,0,30.23,null,10,null,BKN,BKN,OVC,null,2800,4000,6000,null,null,null,null,null,null,null,null,44.28,KSAV 260840Z AUTO 03007KT 10SM BKN028 BKN040 OVC060 09/04 A3023 RMK AO2 T00890044 $,null
SAV,2024-12-26 8:53,48,40,73.67,40,5,0,30.25,1024.1,10,null,OVC,null,null,null,2700,null,null,null,null,null,null,null,null,null,null,45.4,KSAV 260853Z AUTO 04005KT 10SM OVC027 09/04 A3025 RMK AO2 SLP241 T00890044 55002 $,null
SAV,2024-12-26 9:36,47,40,76.49,30,8,0,30.24,null,10,null,BKN,null,null,null,3100,null,null,null,null,null,null,null,null,null,null,42.59,KSAV 260936Z AUTO 03008KT 10SM BKN031 08/04 A3024 RMK AO2 T00830044 $,null
SAV,2024-12-26 9:53,47,40,76.49,20,10,0,30.24,1023.9,10,null,OVC,null,null,null,3300,null,null,null,null,null,null,null,null,null,null,41.78,KSAV 260953Z AUTO 02010KT 10SM OVC033 08/04 A3024 RMK AO2 SLP239 T00830044 $,null
SAV,2024-12-26 10:38,47,40,76.49,40,7,0,30.26,null,10,null,BKN,BKN,null,null,2800,3500,null,null,null,null,null,null,null,null,null,43.06,KSAV 261038Z AUTO 04007KT 10SM BKN028 BKN035 08/04 A3026 RMK AO2 T00830044 $,null
SAV,2024-12-26 10:53,47,40,76.49,40,7,0,30.26,1024.7,10,null,BKN,BKN,OVC,null,2700,3900,21000,null,null,null,null,null,null,null,null,43.06,KSAV 261053Z 04007KT 10SM BKN027 BKN039 OVC210 08/04 A3026 RMK AO2 SLP247 T00830044 $,null
SAV,2024-12-26 11:53,48,41,76.58,40,7,0,30.28,1025.4,10,null,BKN,OVC,null,null,2800,21000,null,null,null,null,null,null,null,null,null,44.28,KSAV 261153Z 04007KT 10SM BKN028 OVC210 09/05 A3028 RMK AO2 SLP254 T00890050 10089 20083 53013 $,null
SAV,2024-12-26 12:09,47,40,76.49,30,8,0,30.28,null,10,null,FEW,BKN,OVC,null,2800,4300,24000,null,null,null,null,null,null,null,null,42.59,KSAV 261209Z 03008KT 10SM FEW028 BKN043 OVC240 08/04 A3028 RMK AO2 T00830044 $,null
SAV,2024-12-26 12:53,47,41,79.52,30,7,0,30.29,1025.7,10,null,FEW,BKN,BKN,null,4300,14000,24000,null,null,null,null,null,null,null,null,43.06,KSAV 261253Z 03007KT 10SM FEW043 BKN140 BKN240 08/05 A3029 RMK AO2 SLP257 T00830050,null
SAV,2024-12-26 13:53,49,40,70.96,30,6,0,30.31,1026.2,10,null,BKN,OVC,null,null,3200,14000,null,null,null,null,null,null,null,null,null,46,KSAV 261353Z 03006KT 10SM BKN032 OVC140 09/04 A3031 RMK AO2 SLP262 T00940044,null
SAV,2024-12-26 14:53,50,38,63.23,50,7,0,30.33,1026.9,10,null,BKN,OVC,null,null,3200,7000,null,null,null,null,null,null,null,null,null,50,KSAV 261453Z 05007KT 10SM BKN032 OVC070 10/03 A3033 RMK AO2 SLP269 T01000033 53015,null
SAV,2024-12-26 15:53,50,37,60.79,60,9,0,30.31,1026.2,10,null,SCT,OVC,null,null,2400,5500,null,null,null,null,null,null,null,null,null,50,KSAV 261553Z 06009KT 10SM SCT024 OVC055 10/03 A3031 RMK AO2 SLP262 T01000028,null
SAV,2024-12-26 16:28,50,37,60.79,50,10,0,30.31,null,10,null,BKN,OVC,null,null,1600,5500,null,null,null,null,null,null,null,null,null,50,KSAV 261628Z 05010KT 10SM BKN016 OVC055 10/03 A3031 RMK AO2 T01000028,null
SAV,2024-12-26 16:53,48,40,73.67,60,8,0,30.3,1025.8,10,18,OVC,null,null,null,1300,null,null,null,null,null,null,null,null,null,null,43.82,KSAV 261653Z 06008G18KT 10SM OVC013 09/04 A3030 RMK AO2 SLP258 T00890044,null
SAV,2024-12-26 17:39,48,42,79.6,40,8,T,30.28,null,8,null,BKN,OVC,null,null,900,1300,null,null,null,null,null,null,null,null,null,43.82,KSAV 261739Z 04008KT 8SM BKN009 OVC013 09/06 A3028 RMK AO2 RAB1659E14 P0000 T00890056,null
SAV,2024-12-26 17:53,48,43,82.72,40,8,T,30.27,1025,3,null,OVC,null,null,null,700,null,null,null,BR,null,null,null,null,null,null,43.82,KSAV 261753Z 04008KT 3SM BR OVC007 09/06 A3027 RMK AO2 RAB1659E14 SLP250 P0000 60000 T00890061 10106 20083 58019,null
SAV,2024-12-26 18:20,47,44,89.24,40,8,0,30.27,null,2.5,null,OVC,null,null,null,600,null,null,null,BR,null,null,null,null,null,null,42.59,KSAV 261820Z 04008KT 2 1/2SM BR OVC006 08/07 A3027 RMK AO2 T00830067,null
SAV,2024-12-26 18:53,47,44,89.24,30,6,T,30.26,1024.6,2.5,null,OVC,null,null,null,500,null,null,null,BR,null,null,null,null,null,null,43.6,KSAV 261853Z 03006KT 2 1/2SM BR OVC005 08/07 A3026 RMK AO2 RAB33E52 SLP246 P0000 T00830067,null
SAV,2024-12-26 19:25,48,44,85.95,30,8,0.01,30.25,null,7,null,OVC,null,null,null,700,null,null,null,null,null,null,null,null,null,null,43.82,KSAV 261925Z 03008KT 7SM OVC007 09/07 A3025 RMK AO2 P0001 T00890067,null
SAV,2024-12-26 19:53,48,44,85.95,20,6,0.01,30.25,1024.4,4,null,OVC,null,null,null,600,null,null,null,BR,null,null,null,null,null,null,44.8,KSAV 261953Z 02006KT 4SM BR OVC006 09/07 A3025 RMK AO2 SLP244 P0001 T00890067,null
SAV,2024-12-26 20:53,49,45,86,20,7,T,30.24,1024,10,null,BKN,OVC,null,null,600,1800,null,null,null,null,null,null,null,null,null,45.5,KSAV 262053Z 02007KT 10SM BKN006 OVC018 09/07 A3024 RMK AO2 RAB03E21 SLP240 P0000 60001 T00940072 56010,null
SAV,2024-12-26 21:53,48,45,89.29,10,8,0,30.24,1024,10,null,OVC,null,null,null,500,null,null,null,null,null,null,null,null,null,null,43.82,KSAV 262153Z 01008KT 10SM OVC005 09/07 A3024 RMK AO2 SLP240 T00890072,null
SAV,2024-12-26 22:53,48,44,85.95,30,8,0,30.25,1024.1,10,null,BKN,OVC,null,null,600,1000,null,null,null,null,null,null,null,null,null,43.82,KSAV 262253Z 03008KT 10SM BKN006 OVC010 09/07 A3025 RMK AO2 SLP241 T00890067,null
SAV,2024-12-26 23:53,47,44,89.24,20,7,0,30.26,1024.5,10,null,BKN,OVC,null,null,700,1000,null,null,null,null,null,null,null,null,null,43.06,KSAV 262353Z 02007KT 10SM BKN007 OVC010 08/07 A3026 RMK AO2 SLP245 60001 T00830067 10094 20083 53005,null
SAV,2024-12-27 0:53,47,44,89.24,20,8,0,30.27,1024.8,10,null,BKN,OVC,null,null,700,1200,null,null,null,null,null,null,null,null,null,42.59,KSAV 270053Z 02008KT 10SM BKN007 OVC012 08/07 A3027 RMK AO2 SLP248 T00830067,null
SAV,2024-12-27 1:53,48,44,85.95,10,9,0,30.26,1024.7,10,null,BKN,OVC,null,null,700,2600,null,null,null,null,null,null,null,null,null,43.41,KSAV 270153Z 01009KT 10SM BKN007 OVC026 09/07 A3026 RMK AO2 SLP247 T00890067,null
SAV,2024-12-27 2:53,48,44,85.95,30,6,0,30.26,1024.6,10,null,BKN,OVC,null,null,700,2100,null,null,null,null,null,null,null,null,null,44.8,KSAV 270253Z 03006KT 10SM BKN007 OVC021 09/07 A3026 RMK AO2 SLP246 T00890067 50001,null
SAV,2024-12-27 3:53,48,44,85.95,30,6,0,30.25,1024.3,10,null,BKN,BKN,OVC,null,800,2100,9000,null,null,null,null,null,null,null,null,44.8,KSAV 270353Z 03006KT 10SM BKN008 BKN021 OVC090 09/07 A3025 RMK AO2 SLP243 T00890067,null
SAV,2024-12-27 4:26,48,44,85.95,40,8,0,30.25,null,10,null,SCT,BKN,OVC,null,800,1900,9000,null,null,null,null,null,null,null,null,43.82,KSAV 270426Z 04008KT 10SM SCT008 BKN019 OVC090 09/07 A3025 RMK AO2 T00890067,null
SAV,2024-12-27 4:53,48,44,85.95,50,8,T,30.24,1023.9,10,null,BKN,BKN,OVC,null,800,1600,9000,null,#NAME?,null,null,null,null,null,null,43.82,KSAV 270453Z 05008KT 10SM -RA BKN008 BKN016 OVC090 09/07 A3024 RMK AO2 RAB52 SLP239 LAST P0000 T00890067 401060083,null
SAV,2024-12-27 5:53,49,45,86,50,7,T,30.22,1023.3,10,null,OVC,null,null,null,800,null,null,null,null,null,null,null,null,null,null,45.5,KSAV 270553Z AUTO 05007KT 10SM OVC008 09/07 A3022 RMK AO2 RAE01 SLP233 P0000 60000 T00940072 10094 20083 58013,null
SAV,2024-12-27 6:53,49,45,86,360,4,0,30.23,1023.7,10,null,OVC,null,null,null,600,null,null,null,null,null,null,null,null,null,null,47.27,KSAV 270653Z AUTO 36004KT 10SM OVC006 09/07 A3023 RMK AO2 SLP237 T00940072,null
SAV,2024-12-27 7:53,49,45,86,20,6,0,30.23,1023.6,10,null,OVC,null,null,null,600,null,null,null,null,null,null,null,null,null,null,46,KSAV 270753Z AUTO 02006KT 10SM OVC006 09/07 A3023 RMK AO2 SLP236 T00940072,null
SAV,2024-12-27 8:53,49,46,89.33,20,7,0,30.22,1023.3,10,null,OVC,null,null,null,500,null,null,null,null,null,null,null,null,null,null,45.5,KSAV 270853Z AUTO 02007KT 10SM OVC005 09/08 A3022 RMK AO2 SLP233 T00940078 50000,null
SAV,2024-12-27 9:53,50,46,86.06,40,7,0,30.22,1023.2,10,null,OVC,null,null,null,500,null,null,null,null,null,null,null,null,null,null,50,KSAV 270953Z AUTO 04007KT 10SM OVC005 10/08 A3022 RMK AO2 SLP232 T01000078,null
SAV,2024-12-27 10:53,50,47,89.37,50,6,0,30.23,1023.5,7,null,OVC,null,null,null,500,null,null,null,null,null,null,null,null,null,null,50,KSAV 271053Z 05006KT 7SM OVC005 10/08 A3023 RMK AO2 SLP235 T01000083,null
SAV,2024-12-27 11:53,50,47,89.37,30,7,0,30.24,1024.1,8,null,OVC,null,null,null,500,null,null,null,null,null,null,null,null,null,null,50,KSAV 271153Z 03007KT 8SM OVC005 10/08 A3024 RMK AO2 SLP241 70001 T01000083 10100 20094 53008,null
SAV,2024-12-27 12:53,50,47,89.37,50,6,0,30.25,1024.2,10,null,OVC,null,null,null,500,null,null,null,null,null,null,null,null,null,null,50,KSAV 271253Z 05006KT 10SM OVC005 10/08 A3025 RMK AO2 SLP242 T01000083,null
SAV,2024-12-27 13:25,50,47,89.37,60,7,0,30.25,null,10,null,OVC,null,null,null,400,null,null,null,null,null,null,null,null,null,null,50,KSAV 271325Z 06007KT 10SM OVC004 10/08 A3025 RMK AO2 T01000083,null
SAV,2024-12-27 13:53,51,47,86.12,60,11,0,30.26,1024.5,10,null,OVC,null,null,null,400,null,null,null,null,null,null,null,null,null,null,51,KSAV 271353Z 06011KT 10SM OVC004 11/08 A3026 RMK AO2 SLP245 T01060083,null
SAV,2024-12-27 14:12,51,47,86.12,70,9,0,30.26,null,10,null,OVC,null,null,null,500,null,null,null,null,null,null,null,null,null,null,51,KSAV 271412Z 07009KT 10SM OVC005 11/08 A3026 RMK AO2 T01060083,null
SAV,2024-12-27 14:53,52,48,86.17,50,7,0,30.28,1025.1,10,null,OVC,null,null,null,500,null,null,null,null,null,null,null,null,null,null,52,KSAV 271453Z 05007KT 10SM OVC005 11/09 A3028 RMK AO2 SLP251 T01110089 53010,null
SAV,2024-12-27 15:13,52,49,89.46,40,6,T,30.28,null,1,null,OVC,null,null,null,400,null,null,null,#NAME?,null,null,null,null,null,null,52,KSAV 271513Z 04006KT 1SM R10/5000VP6000FT -RA BR OVC004 11/09 A3028 RMK AO2 RAB12 P0000 T01110094,null
SAV,2024-12-27 15:36,52,49,89.46,40,7,T,30.28,null,3,null,OVC,null,null,null,500,null,null,null,BR,null,null,null,null,null,null,52,KSAV 271536Z 04007KT 3SM BR OVC005 11/09 A3028 RMK AO2 RAB12E14DZB14E35 P0000 T01110094,null
SAV,2024-12-27 15:53,53,50,89.51,40,10,T,30.27,1025,4,null,OVC,null,null,null,400,null,null,null,BR,null,null,null,null,null,null,53,KSAV 271553Z 04010KT 4SM BR OVC004 12/10 A3027 RMK AO2 RAB12E14DZB14E35 SLP250 P0000 T01170100,null
SAV,2024-12-27 16:15,53,51,92.89,60,8,0.01,30.26,null,10,null,OVC,null,null,null,500,null,null,null,null,null,null,null,null,null,null,53,KSAV 271615Z 06008KT 10SM OVC005 12/11 A3026 RMK AO2 P0001 T01170106,null
SAV,2024-12-27 16:53,54,51,89.55,70,7,0.01,30.25,1024.1,10,null,OVC,null,null,null,500,null,null,null,null,null,null,null,null,null,null,54,KSAV 271653Z 07007KT 10SM OVC005 12/11 A3025 RMK AO2 SLP241 P0001 T01220106,null
SAV,2024-12-27 17:53,57,52,83.33,40,6,0,30.23,1023.5,10,null,OVC,null,null,null,600,null,null,null,null,null,null,null,null,null,null,57,KSAV 271753Z 04006KT 10SM OVC006 14/11 A3023 RMK AO2 SLP235 60001 T01390111 10139 20100 58017,null
SAV,2024-12-27 18:53,58,52,80.38,40,9,0,30.2,1022.5,10,null,OVC,null,null,null,700,null,null,null,null,null,null,null,null,null,null,58,KSAV 271853Z 04009KT 10SM OVC007 14/11 A3020 RMK AO2 SLP225 T01440111,null
SAV,2024-12-27 19:53,60,53,77.64,50,7,0,30.18,1022,10,null,OVC,null,null,null,900,null,null,null,null,null,null,null,null,null,null,60,KSAV 271953Z 05007KT 10SM OVC009 16/12 A3018 RMK AO2 SLP220 BINOVC T01560117,null
SAV,2024-12-27 20:19,62,53,72.32,50,7,0,30.18,null,10,null,SCT,null,null,null,1100,null,null,null,null,null,null,null,null,null,null,62,KSAV 272019Z 05007KT 10SM SCT011 17/12 A3018 RMK AO2 T01670117,null
SAV,2024-12-27 20:53,62,54,75.02,80,7,0,30.17,1021.6,10,null,FEW,FEW,null,null,1100,4500,null,null,null,null,null,null,null,null,null,62,KSAV 272053Z 08007KT 10SM FEW011 FEW045 17/12 A3017 RMK AO2 SLP216 T01670122 56019,null
SAV,2024-12-27 21:53,61,53,74.93,60,5,0,30.18,1022,10,null,BKN,null,null,null,3300,null,null,null,null,null,null,null,null,null,null,61,KSAV 272153Z 06005KT 10SM BKN033 16/12 A3018 RMK AO2 SLP220 T01610117,null
SAV,2024-12-27 22:53,58,53,83.39,30,5,0,30.2,1022.6,10,null,FEW,SCT,BKN,null,3000,4100,5000,null,null,null,null,null,null,null,null,58,KSAV 272253Z 03005KT 10SM FEW030 SCT041 BKN050 14/12 A3020 RMK AO2 SLP226 T01440117,null
SAV,2024-12-27 23:53,55,52,89.59,20,5,0,30.21,1023,9,null,FEW,SCT,BKN,null,1100,3400,4600,null,null,null,null,null,null,null,null,55,KSAV 272353Z 02005KT 9SM FEW011 SCT034 BKN046 13/11 A3021 RMK AO2 SLP230 T01280111 10172 20128 51014,null
SAV,2024-12-28 0:53,55,53,92.95,50,4,0,30.21,1022.8,3,null,BKN,OVC,null,null,400,3600,null,null,BR,null,null,null,null,null,null,55,KSAV 280053Z 05004KT 3SM BR BKN004 OVC036 13/12 A3021 RMK AO2 SLP228 T01280117,null
SAV,2024-12-28 1:20,55,53,92.95,50,4,0,30.21,null,1,null,OVC,null,null,null,200,null,null,null,BR,null,null,null,null,null,null,55,KSAV 280120Z 05004KT 1SM R10/P6000FT BR OVC002 13/12 A3021 RMK AO2 T01280117,null
SAV,2024-12-28 1:53,55,53,92.95,40,4,0,30.2,1022.7,0.5,null,BKN,OVC,null,null,200,700,null,null,FG,null,null,null,null,null,null,55,KSAV 280153Z 04004KT 1/2SM R10/P6000FT FG BKN002 OVC007 13/12 A3020 RMK AO2 SLP227 T01280117,null
SAV,2024-12-28 2:53,55,53,92.95,30,5,0,30.2,1022.7,0.5,null,OVC,null,null,null,200,null,null,null,FG,null,null,null,null,null,null,55,KSAV 280253Z 03005KT 1/2SM R10/3500V4500FT FG OVC002 13/12 A3020 RMK AO2 SLP227 T01280117 56003,null
SAV,2024-12-28 3:53,54,53,96.4,30,7,0,30.2,1022.5,0.5,null,OVC,null,null,null,200,null,null,null,FG,null,null,null,null,null,null,54,KSAV 280353Z 03007KT 1/2SM R10/4500V5000FT FG OVC002 12/12 A3020 RMK AO2 SLP225 T01220117,null
SAV,2024-12-28 4:53,54,52,92.92,40,7,0,30.19,1022.1,0.5,null,OVC,null,null,null,200,null,null,null,FG,null,null,null,null,null,null,54,KSAV 280453Z 04007KT 1/2SM R10/3500V4000FT FG OVC002 12/11 A3019 RMK AO2 SLP221 LAST T01220111 401720089,null
SAV,2024-12-28 5:53,54,52,92.92,40,4,0,30.17,1021.4,0.5,null,VV ,null,null,null,200,null,null,null,FG,null,null,null,null,null,null,54,KSAV 280553Z AUTO 04004KT 1/2SM R10/2400V3000FT FG VV002 12/11 A3017 RMK AO2 SLP214 T01220111 10133 20122 58013,null
SAV,2024-12-28 6:53,54,52,92.92,20,4,0,30.16,1021.2,0.5,null,VV ,null,null,null,200,null,null,null,FG,null,null,null,null,null,null,54,KSAV 280653Z AUTO 02004KT 1/2SM R10/4500VP6000FT FG VV002 12/11 A3016 RMK AO2 SLP212 T01220111,null
SAV,2024-12-28 7:06,54,52,92.92,40,4,0,30.16,null,1.25,null,OVC,null,null,null,200,null,null,null,BR,null,null,null,null,null,null,54,KSAV 280706Z AUTO 04004KT 1 1/4SM BR OVC002 12/11 A3016 RMK AO2 T01220111,null
SAV,2024-12-28 7:11,54,52,92.92,40,5,0,30.15,null,2,null,OVC,null,null,null,200,null,null,null,BR,null,null,null,null,null,null,54,KSAV 280711Z AUTO 04005KT 2SM BR OVC002 12/11 A3015 RMK AO2 T01220111,null
SAV,2024-12-28 7:20,54,52,92.92,50,3,0,30.15,null,5,null,OVC,null,null,null,200,null,null,null,BR,null,null,null,null,null,null,54,KSAV 280720Z AUTO 05003KT 5SM BR OVC002 12/11 A3015 RMK AO2 T01220111,null
SAV,2024-12-28 7:53,54,53,96.4,0,0,T,30.15,1020.9,4,null,BKN,BKN,OVC,null,200,2200,2700,null,#NAME?,null,null,null,null,null,null,54,KSAV 280753Z AUTO 00000KT 4SM -RA BR BKN002 BKN022 OVC027 12/12 A3015 RMK AO2 RAB50 SLP209 P0000 T01220117,null
SAV,2024-12-28 8:16,55,53,92.95,0,0,T,30.15,null,5,null,SCT,BKN,OVC,null,300,2200,3000,null,BR,null,null,null,null,null,null,55,KSAV 280816Z AUTO 00000KT 5SM BR SCT003 BKN022 OVC030 13/12 A3015 RMK AO2 RAE01 P0000 T01280117,null
SAV,2024-12-28 8:50,55.4,53.6,93.65,0,0,0.03,30.15,null,2.5,null,FEW,BKN,OVC,null,1600,2800,3500,null,RA BR,null,null,null,null,null,null,55.4,KSAV 280850Z AUTO 00000KT 2 1/2SM RA BR FEW016 BKN028 OVC035 13/12 A3015 RMK AO2 RAE01B19 P0003,null
SAV,2024-12-28 8:53,55,54,96.42,0,0,0.04,30.15,1020.8,2,null,FEW,BKN,OVC,null,1700,2600,3500,null,RA BR,null,null,null,null,null,null,55,KSAV 280853Z AUTO 00000KT 2SM RA BR FEW017 BKN026 OVC035 13/12 A3015 RMK AO2 RAE01B19 SLP208 P0004 60004 T01280122 56004,null
SAV,2024-12-28 9:24,55,53,92.95,340,3,0.06,30.15,null,2,null,FEW,BKN,OVC,null,300,1300,2000,null,RA BR,null,null,null,null,null,null,55,KSAV 280924Z AUTO 34003KT 2SM RA BR FEW003 BKN013 OVC020 13/12 A3015 RMK AO2 P0006 T01280117,null
SAV,2024-12-28 9:37,55,53,92.95,50,3,0.1,30.15,null,2.5,null,FEW,SCT,OVC,null,300,1000,2200,null,#NAME?,null,null,null,null,null,null,55,KSAV 280937Z AUTO 05003KT 2 1/2SM -RA BR FEW003 SCT010 OVC022 13/12 A3015 RMK AO2 VIS 1 1/2V4 P0010 T01280117,null
SAV,2024-12-28 9:48,55.4,53.6,93.65,null,3,0.13,30.15,null,3,null,SCT,SCT,OVC,null,300,1200,2800,null,#NAME?,null,null,null,null,null,null,55.4,KSAV 280948Z AUTO VRB03KT 3SM -RA BR SCT003 SCT012 OVC028 13/12 A3015 RMK AO2 P0013,null
SAV,2024-12-28 9:53,56,54,92.98,0,0,0.13,30.15,1020.8,3,null,FEW,SCT,OVC,null,300,1000,3200,null,#NAME?,null,null,null,null,null,null,56,KSAV 280953Z AUTO 00000KT 3SM -RA BR FEW003 SCT010 OVC032 13/12 A3015 RMK AO2 SLP208 P0013 T01330122,null
SAV,2024-12-28 10:04,56,54,92.98,80,7,0.04,30.14,null,2,null,FEW,OVC,null,null,300,3200,null,null,RA BR,null,null,null,null,null,null,56,KSAV 281004Z AUTO 08007KT 2SM RA BR FEW003 OVC032 13/12 A3014 RMK AO2 P0004 T01330122,null
SAV,2024-12-28 10:16,56,55,96.43,0,0,0.05,30.14,null,4,null,FEW,BKN,OVC,null,300,3000,3600,null,#NAME?,null,null,null,null,null,null,56,KSAV 281016Z AUTO 00000KT 4SM -RA BR FEW003 BKN030 OVC036 13/13 A3014 RMK AO2 P0005 T01330128,null
SAV,2024-12-28 10:26,57,56,96.45,90,3,0.07,30.15,null,2,null,FEW,OVC,null,null,1400,3200,null,null,#NAME?,null,null,null,null,null,null,57,KSAV 281026Z AUTO 09003KT 2SM -RA BR FEW014 OVC032 14/13 A3015 RMK AO2 P0007 T01390133,null
SAV,2024-12-28 10:33,58,56,93.04,80,4,0.09,30.15,null,1.75,null,FEW,BKN,OVC,null,1500,2800,3600,null,#NAME?,null,null,null,null,null,null,58,KSAV 281033Z AUTO 08004KT 1 3/4SM +RA BR FEW015 BKN028 OVC036 14/13 A3015 RMK AO2 P0009 T01440133,null
SAV,2024-12-28 10:42,59,58,96.48,50,3,0.14,30.15,null,2,null,BKN,OVC,null,null,3000,3900,null,null,RA BR,null,null,null,null,null,null,59,KSAV 281042Z 05003KT 2SM RA BR BKN030 OVC039 15/14 A3015 RMK AO2 P0014 T01500144,null
SAV,2024-12-28 10:48,57.2,57.2,100,0,0,0.17,30.15,null,1.75,null,SCT,BKN,OVC,null,1200,2800,3900,null,RA BR,null,null,null,null,null,null,57.2,KSAV 281048Z 00000KT 1 3/4SM RA BR SCT012 BKN028 OVC039 14/14 A3015 RMK AO2 P0017,null
SAV,2024-12-28 10:49,58,56,93.04,0,0,0.17,30.15,1020.9,1.75,null,SCT,BKN,OVC,null,1200,2800,3900,null,RA BR,null,null,null,null,null,null,58,KSAV 281049Z 00000KT 1 3/4SM RA BR SCT012 BKN028 OVC039 14/13 A3015 RMK AO2 SLP209 P0017 T01440133,null
SAV,2024-12-28 11:00,58,57,96.46,0,0,0.08,30.15,null,1.25,null,SCT,BKN,OVC,null,200,1300,3300,null,#NAME?,null,null,null,null,null,null,58,KSAV 281100Z 00000KT 1 1/4SM +RA BR SCT002 BKN013 OVC033 14/14 A3015 RMK AO2 P0008 T01440139,null
SAV,2024-12-28 11:08,59,57,93.07,20,3,0.15,30.15,null,1.25,null,SCT,OVC,null,null,200,900,null,null,RA BR,null,null,null,null,null,null,59,KSAV 281108Z 02003KT 1 1/4SM RA BR SCT002 OVC009 15/14 A3015 RMK AO2 P0015 T01500139,null
SAV,2024-12-28 11:12,59,56,89.76,20,4,0.16,30.15,null,1.25,null,OVC,null,null,null,200,null,null,null,#NAME?,null,null,null,null,null,null,59,KSAV 281112Z 02004KT 1 1/4SM -RA BR OVC002 15/13 A3015 RMK AO2 P0016 T01500133,null
SAV,2024-12-28 11:34,59,57,93.07,70,3,0.19,30.16,null,1.5,null,BKN,OVC,null,null,200,1000,null,null,#NAME?,null,null,null,null,null,null,59,KSAV 281134Z 07003KT 1 1/2SM -RA BR BKN002 OVC010 15/14 A3016 RMK AO2 P0019 T01500139,null
SAV,2024-12-28 11:53,60,58,93.1,0,0,0.2,30.17,1021.5,1.75,null,BKN,BKN,OVC,null,200,1000,1500,null,#NAME?,null,null,null,null,null,null,60,KSAV 281153Z 00000KT 1 3/4SM -RA BR BKN002 BKN010 OVC015 16/14 A3017 RMK AO2 SLP215 P0020 60054 70055 T01560144 10156 20122 53007,null
SAV,2024-12-28 12:12,60,58,93.1,0,0,T,30.17,null,1.75,null,SCT,BKN,OVC,null,200,700,1500,null,BR,null,null,null,null,null,null,60,KSAV 281212Z 00000KT 1 3/4SM BR SCT002 BKN007 OVC015 16/14 A3017 RMK AO2 RAE04 P0000 T01560144,null
SAV,2024-12-28 12:26,61,59,93.12,80,4,0.03,30.18,null,1.5,null,BKN,BKN,OVC,null,300,700,1500,null,RA BR,null,null,null,null,null,null,61,KSAV 281226Z 08004KT 1 1/2SM RA BR BKN003 BKN007 OVC015 16/15 A3018 RMK AO2 RAE04B16 P0003 T01610150,null
SAV,2024-12-28 12:53,61,59,93.12,0,0,0.07,30.19,1022.1,1.5,null,BKN,BKN,OVC,null,300,700,1500,null,#NAME?,null,null,null,null,null,null,61,KSAV 281253Z 00000KT 1 1/2SM -RA BR BKN003 BKN007 OVC015 16/15 A3019 RMK AO2 RAE04B16 SLP221 P0007 T01610150,null
SAV,2024-12-28 13:09,62,60,93.15,150,3,0.01,30.19,null,1.75,null,SCT,OVC,null,null,300,500,null,null,#NAME?,null,null,null,null,null,null,62,KSAV 281309Z 15003KT 1 3/4SM -RA BR SCT003 OVC005 17/16 A3019 RMK AO2 P0001 T01670156,null
SAV,2024-12-28 13:35,61,59,93.12,0,0,0.1,30.2,null,1.25,null,SCT,OVC,null,null,300,500,null,null,#NAME?,null,null,null,null,null,null,61,KSAV 281335Z 00000KT 1 1/4SM R10/6000VP6000FT -RA BR SCT003 OVC005 16/15 A3020 RMK AO2 P0010 T01610150,null
SAV,2024-12-28 13:53,63,61,93.18,0,0,0.16,30.2,1022.7,1.25,null,SCT,BKN,OVC,null,300,500,1200,null,#NAME?,null,null,null,null,null,null,63,KSAV 281353Z 00000KT 1 1/4SM R10/2600VP6000FT -RA BR SCT003 BKN005 OVC012 17/16 A3020 RMK AO2 SLP227 P0016 T01720161,null
SAV,2024-12-28 14:20,64,61,89.97,0,0,0.05,30.21,null,1.5,null,OVC,null,null,null,300,null,null,null,BR,null,null,null,null,null,null,64,KSAV 281420Z 00000KT 1 1/2SM BR OVC003 18/16 A3021 RMK AO2 RAE15 P0005 T01780161,null
SAV,2024-12-28 14:45,63,60,89.93,0,0,0.05,30.22,null,1.25,null,OVC,null,null,null,300,null,null,null,RA BR,null,null,null,null,null,null,63,KSAV 281445Z 00000KT 1 1/4SM R10/3000VP6000FT RA BR OVC003 17/16 A3022 RMK AO2 RAE15B38 P0005 T01720156,null
SAV,2024-12-28 14:53,62,60,93.15,0,0,0.1,30.22,1023.3,1.25,null,BKN,OVC,null,null,300,800,null,null,RA BR,null,null,null,null,null,null,62,KSAV 281453Z 00000KT 1 1/4SM RA BR BKN003 OVC008 17/16 A3022 RMK AO2 RAE15B38 SLP233 P0010 60033 T01670156 51018,null
SAV,2024-12-28 14:58,62,60,93.15,0,0,0.01,30.22,null,2,null,BKN,OVC,null,null,400,800,null,null,#NAME?,null,null,null,null,null,null,62,KSAV 281458Z 00000KT 2SM -RA BR BKN004 OVC008 17/16 A3022 RMK AO2 P0001 T01670156,null
SAV,2024-12-28 15:09,65,62,90.01,120,4,0.01,30.22,null,2,null,SCT,OVC,null,null,400,800,null,null,BR,null,null,null,null,null,null,65,KSAV 281509Z 12004KT 2SM BR SCT004 OVC008 18/17 A3022 RMK AO2 RAE09 P0001 T01830167,null
SAV,2024-12-28 15:43,68,65,90.13,130,4,0.02,30.22,null,3,null,OVC,null,null,null,500,null,null,null,BR,null,null,null,null,null,null,68,KSAV 281543Z 13004KT 3SM BR OVC005 20/18 A3022 RMK AO2 RAE09B21E30 CIG 004V010 P0002 T02000183,null
SAV,2024-12-28 15:53,68,65,90.13,130,4,0.02,30.22,1023.2,3,null,OVC,null,null,null,500,null,null,null,BR,null,null,null,null,null,null,68,KSAV 281553Z 13004KT 3SM BR OVC005 20/18 A3022 RMK AO2 RAE09B21E30 CIG 004V009 SLP232 P0002 T02000183,null
SAV,2024-12-28 16:53,69,65,87.08,140,8,0.01,30.19,1022.3,7,null,BKN,BKN,OVC,null,800,1300,2800,null,null,null,null,null,null,null,null,69,KSAV 281653Z 14008KT 7SM BKN008 BKN013 OVC028 21/18 A3019 RMK AO2 RAB1559E13 SLP223 P0001 T02060183,null
SAV,2024-12-28 17:47,69.8,64.4,82.98,150,8,0,30.17,null,10,null,SCT,BKN,OVC,null,800,1200,2600,null,null,null,null,null,null,null,null,69.8,KSAV 281747Z 15008KT 10SM SCT008 BKN012 OVC026 21/18 A3017 RMK AO2,null
SAV,2024-12-28 17:53,70,65,84.16,150,10,0,30.16,1021.3,10,null,SCT,BKN,OVC,null,800,1200,2600,null,null,null,null,null,null,null,null,70,KSAV 281753Z 15010KT 10SM SCT008 BKN012 OVC026 21/18 A3016 RMK AO2 SLP213 60036 T02110183 10211 20150 56019,null
SAV,2024-12-28 18:12,72,65,78.62,160,11,0,30.15,null,10,null,SCT,BKN,OVC,null,1200,2800,4000,null,null,null,null,null,null,null,null,72,KSAV 281812Z 16011KT 10SM SCT012 BKN028 OVC040 22/18 A3015 RMK AO2 T02220183,null
SAV,2024-12-28 18:31,72,64,75.92,150,10,0,30.14,null,10,null,SCT,BKN,BKN,null,1200,3500,4200,null,null,null,null,null,null,null,null,72,KSAV 281831Z 15010KT 10SM SCT012 BKN035 BKN042 22/18 A3014 RMK AO2 T02220178,null
SAV,2024-12-28 18:53,73,64,73.4,140,11,0,30.13,1020.3,10,null,FEW,BKN,BKN,null,1200,3500,4200,null,null,null,null,null,null,null,null,73,KSAV 281853Z 14011KT 10SM FEW012 BKN035 BKN042 23/18 A3013 RMK AO2 SLP203 T02280178,null
SAV,2024-12-28 19:53,72,63,73.31,130,8,0,30.12,1020,10,null,FEW,BKN,BKN,null,1600,3800,20000,null,null,null,null,null,null,null,null,72,KSAV 281953Z 13008KT 10SM FEW016 BKN038 BKN200 22/17 A3012 RMK AO2 SLP200 T02220172,null
SAV,2024-12-28 20:53,72,63,73.31,150,13,0,30.13,1020.1,10,17,FEW,BKN,BKN,null,2000,3800,20000,null,null,null,null,null,null,null,null,72,KSAV 282053Z 15013G17KT 10SM FEW020 BKN038 BKN200 22/17 A3013 RMK AO2 SLP201 T02220172 55013,null
SAV,2024-12-28 21:53,71,62,73.21,140,7,0,30.13,1020.2,10,null,BKN,BKN,null,null,4000,20000,null,null,null,null,null,null,null,null,null,71,KSAV 282153Z 14007KT 10SM BKN040 BKN200 22/17 A3013 RMK AO2 SLP202 T02170167,null
SAV,2024-12-28 22:53,69,62,78.38,140,9,0,30.13,1020.2,10,null,SCT,BKN,BKN,null,3000,4000,20000,null,null,null,null,null,null,null,null,69,KSAV 282253Z 14009KT 10SM SCT030 BKN040 BKN200 21/17 A3013 RMK AO2 SLP202 T02060167,null
SAV,2024-12-28 23:53,68,62,81.12,150,5,0,30.14,1020.5,9,null,SCT,BKN,OVC,null,3500,6000,20000,null,null,null,null,null,null,null,null,68,KSAV 282353Z 15005KT 9SM SCT035 BKN060 OVC200 20/17 A3014 RMK AO2 SLP205 T02000167 10233 20200 53004,null
SAV,2024-12-29 0:53,68,63,84.03,150,9,T,30.13,1020.2,6,null,SCT,BKN,OVC,null,3500,4000,6000,null,#NAME?,null,null,null,null,null,null,68,KSAV 290053Z 15009KT 6SM -RA SCT035 BKN040 OVC060 20/17 A3013 RMK AO2 RAB09E20B42 SLP202 P0000 T02000172,null
SAV,2024-12-29 1:53,67,62,83.97,160,9,T,30.13,1020.2,10,null,SCT,BKN,OVC,null,3500,4000,6000,null,null,null,null,null,null,null,null,67,KSAV 290153Z 16009KT 10SM SCT035 BKN040 OVC060 19/17 A3013 RMK AO2 RAE19 SLP202 P0000 T01940167,null
SAV,2024-12-29 2:53,67,62,83.97,140,8,0,30.11,1019.6,10,null,BKN,BKN,null,null,4000,6000,null,null,null,null,null,null,null,null,null,67,KSAV 290253Z 14008KT 10SM BKN040 BKN060 19/17 A3011 RMK AO2 SLP196 60000 T01940167 58009,null
SAV,2024-12-29 3:53,67,61,81.05,140,8,0,30.11,1019.5,10,null,FEW,null,null,null,5500,null,null,null,null,null,null,null,null,null,null,67,KSAV 290353Z 14008KT 10SM FEW055 19/16 A3011 RMK AO2 SLP195 T01940161,null
SAV,2024-12-29 4:53,66,61,83.91,140,5,0,30.11,1019.4,10,null,CLR,null,null,null,null,null,null,null,null,null,null,null,null,null,null,66,KSAV 290453Z 14005KT 10SM CLR 19/16 A3011 RMK AO2 SLP194 LAST T01890161 402330122,null
SAV,2024-12-29 5:53,66,62,86.93,130,9,0,30.08,1018.7,10,null,CLR,null,null,null,null,null,null,null,null,null,null,null,null,null,null,66,KSAV 290553Z AUTO 13009KT 10SM CLR 19/17 A3008 RMK AO2 SLP187 60000 T01890167 10200 20183 58009,null
SAV,2024-12-29 6:53,66,62,86.93,130,8,0,30.06,1017.9,10,null,CLR,null,null,null,null,null,null,null,null,null,null,null,null,null,null,66,KSAV 290653Z AUTO 13008KT 10SM CLR 19/17 A3006 RMK AO2 SLP179 T01890167 $,null
SAV,2024-12-29 7:53,66,63,90.05,130,7,0,30.05,1017.5,10,null,CLR,null,null,null,null,null,null,null,null,null,null,null,null,null,null,66,KSAV 290753Z AUTO 13007KT 10SM CLR 19/17 A3005 RMK AO2 SLP175 T01890172 $,null
SAV,2024-12-29 8:53,67,63,86.98,140,7,0,30.03,1016.9,10,null,OVC,null,null,null,4900,null,null,null,null,null,null,null,null,null,null,67,KSAV 290853Z AUTO 14007KT 10SM OVC049 19/17 A3003 RMK AO2 SLP169 T01940172 56018 $,null
SAV,2024-12-29 9:53,68,63,84.03,150,11,0,30.01,1016.1,10,null,FEW,FEW,OVC,null,2600,3900,4900,null,null,null,null,null,null,null,null,68,KSAV 290953Z AUTO 15011KT 10SM FEW026 FEW039 OVC049 20/17 A3001 RMK AO2 SLP161 T02000172 $,null
SAV,2024-12-29 10:43,68,63,84.03,180,14,T,30.01,null,10,null,BKN,BKN,OVC,null,2400,2900,4800,null,#NAME?,null,null,null,null,null,null,68,KSAV 291043Z AUTO 18014KT 10SM -RA BKN024 BKN029 OVC048 20/17 A3001 RMK AO2 RAB40 P0000 T02000172 $,null
SAV,2024-12-29 10:53,68,63,84.03,170,12,T,30,1015.7,10,null,SCT,BKN,OVC,null,2600,3500,6000,null,null,null,null,null,null,null,null,68,KSAV 291053Z 17012KT 10SM SCT026 BKN035 OVC060 20/17 A3000 RMK AO2 RAB40E53 SLP157 P0000 T02000172 $,null
SAV,2024-12-29 11:53,67,63,86.98,190,10,T,30.01,1016.1,5,18,SCT,BKN,OVC,null,2400,3500,5000,null,#NAME?,null,null,null,null,null,null,67,KSAV 291153Z 19010G18KT 5SM -RA BR SCT024 BKN035 OVC050 19/17 A3001 RMK AO2 RAB50 SLP161 P0000 60000 70036 T01940172 10206 20183 55007,null
SAV,2024-12-29 12:03,66,62,86.93,170,10,T,30.01,null,4,20,SCT,BKN,OVC,null,1600,2700,5000,null,RA BR,null,null,null,null,null,null,66,KSAV 291203Z 17010G20KT 4SM RA BR SCT016 BKN027 OVC050 19/17 A3001 RMK AO2 P0000 T01890167,null
SAV,2024-12-29 12:24,66,63,90.05,180,9,0.03,30.02,null,10,null,BKN,BKN,OVC,null,800,2400,4500,null,null,null,null,null,null,null,null,66,KSAV 291224Z 18009KT 10SM BKN008 BKN024 OVC045 19/17 A3002 RMK AO2 RAE19 P0003 T01890172,null
SAV,2024-12-29 12:53,66,63,90.05,190,10,0.03,30.03,1016.8,10,null,BKN,OVC,null,null,600,2400,null,null,null,null,null,null,null,null,null,66,KSAV 291253Z 19010KT 10SM BKN006 OVC024 19/17 A3003 RMK AO2 RAE19B35E44 SLP168 P0003 T01890172,null
SAV,2024-12-29 13:53,67,64,90.09,200,9,0,30.04,1017.1,10,null,BKN,OVC,null,null,600,11000,null,null,null,null,null,null,null,null,null,67,KSAV 291353Z 20009KT 10SM BKN006 OVC110 19/18 A3004 RMK AO2 SLP171 T01940178,null
SAV,2024-12-29 14:10,67,64,90.09,190,9,0,30.05,null,10,null,SCT,OVC,null,null,600,10000,null,null,null,null,null,null,null,null,null,67,KSAV 291410Z COR 19009KT 10SM SCT006 OVC100 19/18 A3005 RMK AO2 OCNL LTG DSNT NW CB DSNT NW MOV NE T01940178,null
SAV,2024-12-29 14:48,68,64.4,88.26,280,16,T,30.11,null,3,25,FEW,SCT,OVC,null,700,1200,9000,null,#NAME?,null,null,null,null,null,null,68,KSAV 291448Z 28016G25KT 3SM R10/5500VP6000FT -TSRA BR FEW007 SCT012CB OVC090 20/18 A3011 RMK AO2 RAB48 TSB48 PRESRR OCNL LTGICCA OHD-NW-N TS OHD-NW-N MOV NE CB DSNT SW MOV NE P0000,null
SAV,2024-12-29 14:49,66.2,62.6,88.18,280,18,T,30.11,null,1.5,29,SCT,BKN,OVC,null,700,1200,9000,null,#NAME?,null,null,null,29,260,2024-12-29 14:49,66.2,KSAV 291449Z 28018G29KT 1 1/2SM R10/5500VP6000FT +TSRA BR SCT007 BKN012CB OVC090 19/17 A3011 RMK AO2 PK WND 26029/1449 RAB48 TSB48 PRESRR FQT LTGICCA OHD-NW-N TS OHD-NW-N MOV NE CB DSNT SW MOV NE P0000,null
SAV,2024-12-29 14:53,64,60,86.83,280,19,0.07,30.12,1019.8,1.25,35,BKN,BKN,OVC,null,700,1200,9000,null,#NAME?,null,null,null,35,270,2024-12-29 14:50,64,KSAV 291453Z 28019G35KT 1 1/4SM R10/2200VP6000FT +TSRA BR BKN007 BKN012CB OVC090 18/16 A3012 RMK AO2 PK WND 27035/1450 RAB48 TSB48 PRESRR SLP198 FQT LTGICCCCA ALQDS TS ALQDS MOV NE P0007 60010 T01780156 53037,null
SAV,2024-12-29 14:55,63,58,83.72,280,14,0.04,30.11,null,0.5,35,BKN,BKN,OVC,null,700,1200,4300,null,#NAME?,null,null,null,null,null,null,63,KSAV 291455Z 28014G35KT 1/2SM R10/2200VP6000FT +TSRA BKN007 BKN012CB OVC043 17/14 A3011 RMK AO2 FQT LTGICCCCA ALQDS TS ALQDS MOV NE P0004 T01720144,null
SAV,2024-12-29 15:13,61,59,93.12,280,6,0.39,30.08,null,3,null,SCT,BKN,OVC,null,700,1200,4300,null,TSRA BR,null,null,null,null,null,null,61,KSAV 291513Z 28006KT 3SM R10/5500VP6000FT TSRA BR SCT007 BKN012CB OVC043 16/15 A3008 RMK AO2 OCNL LTGICCCCA ALQDS TS ALQDS MOV NE P0039 T01610150,null
SAV,2024-12-29 15:25,61,59,93.12,150,3,0.43,30.07,null,2.5,null,SCT,BKN,OVC,null,700,1500,4300,null,#NAME?,null,null,null,null,null,null,61,KSAV 291525Z 15003KT 2 1/2SM -TSRA BR SCT007 BKN015CB OVC043 16/15 A3007 RMK AO2 OCNL LTGICCCCA E-S TS E-S MOV E OCNL LTG DSNT NE CB DSNT NE MOV E P0043 T01610150,null
SAV,2024-12-29 15:37,61,59,93.12,0,0,0.46,30.06,null,2.5,null,SCT,BKN,OVC,null,800,2000,4500,null,#NAME?,null,null,null,null,null,null,61,KSAV 291537Z 00000KT 2 1/2SM -RA BR SCT008 BKN020 OVC045 16/15 A3006 RMK AO2 TSE34 TS DSPT OCNL LTGIC DSNT SE-S CB DSNT SE-S MOV E P0046 T01610150,null
SAV,2024-12-29 15:50,60.8,57.2,87.92,170,6,0.48,30.07,null,2.5,null,SCT,BKN,OVC,null,800,2000,4500,null,#NAME?,null,null,null,null,null,null,60.8,KSAV 291550Z 17006KT 2 1/2SM -TSRA BR SCT008CB BKN020 OVC045 16/14 A3007 RMK AO2 TSE34E44B50 OCNL LTGIC S TS S MOV SE OCNL LTG DSNT SE CB DSNT SE MOV SE P0048,null
SAV,2024-12-29 15:53,61,58,89.84,160,5,0.49,30.07,1018,4,null,FEW,SCT,BKN,OVC,800,2000,4500,13000,#NAME?,null,null,null,null,null,null,61,KSAV 291553Z COR 16005KT 4SM -TSRA BR FEW008 SCT020CB BKN045 OVC130 16/14 A3007 RMK AO2 TSE34E44B50 SLP180 OCNL LTGIC SE-S TS SE-S MOV SE P0049 T01610144,null
SAV,2024-12-29 16:21,62,59,89.89,200,5,0.04,30.04,null,5,null,FEW,SCT,BKN,OVC,1000,2500,4500,13000,#NAME?,null,null,null,null,null,null,62,KSAV 291621Z 20005KT 5SM -RA BR FEW010 SCT025 BKN045 OVC130 17/15 A3004 RMK AO2 TSE19 TS DSPT CB DSNT NW-N MOV NE P0004 T01670150,null
SAV,2024-12-29 16:53,62,59,89.89,160,10,0.05,30.01,1016.2,5,null,BKN,BKN,OVC,null,400,8000,10000,null,#NAME?,null,null,null,null,null,null,62,KSAV 291653Z 16010KT 5SM -RA BR BKN004 BKN080 OVC100 17/15 A3001 RMK AO2 TSE19 SLP162 P0005 T01670150,null
SAV,2024-12-29 17:45,63,60,89.93,140,10,T,29.9,null,10,null,BKN,OVC,null,null,500,11000,null,null,#NAME?,null,null,null,null,null,null,63,KSAV 291745Z 14010KT 10SM -RA BKN005 OVC110 17/16 A2990 RMK AO2 RAE1657B31 PRESFR P0000 T01720156,null
SAV,2024-12-29 17:53,64,61,89.97,160,11,T,29.88,1011.8,10,null,BKN,OVC,null,null,500,11000,null,null,#NAME?,null,null,null,null,null,null,64,KSAV 291753Z 16011KT 10SM -RA BKN005 OVC110 18/16 A2988 RMK AO2 RAE1657B31 PRESFR SLP118 P0000 60064 T01780161 10200 20161 58063,null
SAV,2024-12-29 18:34,65,60,83.84,160,11,T,29.82,null,10,20,SCT,BKN,null,null,600,12000,null,null,null,null,null,null,null,null,null,65,KSAV 291834Z 16011G20KT 10SM SCT006 BKN120 18/16 A2982 RMK AO2 RAE1754 PRESFR P0000 T01830156,null
SAV,2024-12-29 18:53,65,61,86.88,180,12,T,29.85,1010.6,10,null,SCT,BKN,OVC,null,800,12000,20000,null,null,null,null,null,null,null,null,65,KSAV 291853Z 18012KT 10SM SCT008 BKN120 OVC200 18/16 A2985 RMK AO2 RAE1754 SLP106 P0000 T01830161,null
SAV,2024-12-29 19:06,65,60,83.84,180,10,0,29.85,null,10,null,BKN,BKN,OVC,null,800,11000,13000,null,null,null,null,null,null,null,null,65,KSAV 291906Z 18010KT 10SM BKN008 BKN110 OVC130 18/16 A2985 RMK AO2 T01830156,null
SAV,2024-12-29 19:53,64,60,86.83,160,8,0,29.87,1011.3,10,null,BKN,BKN,OVC,null,800,1500,2500,null,null,null,null,null,null,null,null,64,KSAV 291953Z 16008KT 10SM BKN008 BKN015 OVC025 18/16 A2987 RMK AO2 SLP113 T01780156,null
SAV,2024-12-29 20:53,64,60,86.83,140,6,0,29.88,1011.8,10,null,BKN,BKN,OVC,null,900,1200,4000,null,null,null,null,null,null,null,null,64,KSAV 292053Z 14006KT 10SM BKN009 BKN012 OVC040 18/16 A2988 RMK AO2 SLP118 60000 T01780156 55000,null
SAV,2024-12-29 21:01,64,60,86.83,130,8,0,29.88,null,10,null,BKN,OVC,null,null,2000,4000,null,null,null,null,null,null,null,null,null,64,KSAV 292101Z 13008KT 10SM BKN020 OVC040 18/16 A2988 RMK AO2 T01780156,null
SAV,2024-12-29 21:53,63,59,86.77,150,5,0,29.88,1011.7,10,null,SCT,BKN,BKN,null,600,2000,25000,null,null,null,null,null,null,null,null,63,KSAV 292153Z 15005KT 10SM SCT006 BKN020 BKN250 17/15 A2988 RMK AO2 SLP117 T01720150,null
SAV,2024-12-29 22:09,63,59,86.77,150,5,0,29.88,null,10,null,SCT,BKN,BKN,null,600,3000,25000,null,null,null,null,null,null,null,null,63,KSAV 292209Z 15005KT 10SM SCT006 BKN030 BKN250 17/15 A2988 RMK AO2 T01720150,null
SAV,2024-12-29 22:31,63,59,86.77,180,4,0,29.89,null,10,null,BKN,OVC,null,null,600,2000,null,null,null,null,null,null,null,null,null,63,KSAV 292231Z 18004KT 10SM BKN006 OVC020 17/15 A2989 RMK AO2 T01720150,null
SAV,2024-12-29 22:53,62,59,89.89,150,4,0,29.89,1012,10,null,BKN,BKN,null,null,1500,3000,null,null,null,null,null,null,null,null,null,62,KSAV 292253Z 15004KT 10SM BKN015 BKN030 17/15 A2989 RMK AO2 SLP120 T01670150,null
SAV,2024-12-29 23:13,61,58,89.84,150,5,0,29.89,null,10,null,BKN,null,null,null,3000,null,null,null,null,null,null,null,null,null,null,61,KSAV 292313Z 15005KT 10SM BKN030 16/14 A2989 RMK AO2 T01610144,null
SAV,2024-12-29 23:53,60,57,89.8,160,6,0,29.9,1012.4,10,null,BKN,null,null,null,3000,null,null,null,null,null,null,null,null,null,null,60,KSAV 292353Z 16006KT 10SM BKN030 16/14 A2990 RMK AO2 SLP124 60000 T01560139 10183 20156 53006,null
SAV,2024-12-30 0:18,59,57,93.07,0,0,0,29.9,null,10,null,BKN,null,null,null,300,null,null,null,null,null,null,null,null,null,null,59,KSAV 300018Z 00000KT 10SM BKN003 15/14 A2990 RMK AO2 T01500139,null
SAV,2024-12-30 0:41,59,57,93.07,160,4,0,29.9,null,1,null,BKN,null,null,null,300,null,null,null,null,null,null,null,null,null,null,59,KSAV 300041Z 16004KT 1SM R10/P6000FT BKN003 15/14 A2990 RMK AO2 SFC VIS 10 T01500139,null
SAV,2024-12-30 0:53,59,57,93.07,160,3,0,29.91,1012.6,0.5,null,OVC,null,null,null,200,null,null,null,BR,null,null,null,null,null,null,59,KSAV 300053Z 16003KT 1/2SM R10/3000VP6000FT BR OVC002 15/14 A2991 RMK AO2 SFC VIS 2 1/2 SLP126 T01500139,null
SAV,2024-12-30 1:08,59,57,93.07,150,4,0,29.91,null,0.25,null,BKN,OVC,null,null,200,600,null,null,FG,null,null,null,null,null,null,59,KSAV 300108Z 15004KT 1/4SM R10/2000V3500FT FG BKN002 OVC006 15/14 A2991 RMK AO2 T01500139,null
SAV,2024-12-30 1:16,58,56,93.04,160,4,0,29.91,null,0.25,null,BKN,OVC,null,null,100,500,null,null,FG,null,null,null,null,null,null,58,KSAV 300116Z 16004KT 1/4SM R10/1800V2200FT FG BKN001 OVC005 14/13 A2991 RMK AO2 T01440133,null
SAV,2024-12-30 1:31,58,57,96.46,160,4,0,29.91,null,0.12,null,BKN,OVC,null,null,100,500,null,null,FG,null,null,null,null,null,null,58,KSAV 300131Z 16004KT 1/8SM R10/2800VP6000FT FG BKN001 OVC005 14/14 A2991 RMK AO2 SFC VIS 1/4 T01440139,null
SAV,2024-12-30 1:53,58,56,93.04,180,5,0,29.91,1012.8,0.12,null,BKN,OVC,null,null,100,600,null,null,FG,null,null,null,null,null,null,58,KSAV 300153Z 18005KT 1/8SM R10/3500VP6000FT FG BKN001 OVC006 14/13 A2991 RMK AO2 SFC VIS 1/2 SLP128 T01440133,null
SAV,2024-12-30 2:22,58,56,93.04,180,5,0,29.92,null,0.12,null,BKN,OVC,null,null,200,600,null,null,FG,null,null,null,null,null,null,58,KSAV 300222Z 18005KT 1/8SM R10/2400V3000FT FG BKN002 OVC006 14/13 A2992 RMK AO2 SFC VIS 1/2 T01440133,null
SAV,2024-12-30 2:53,58,57,96.46,200,4,0,29.92,1013,0.12,null,BKN,OVC,null,null,200,600,null,null,BR,null,null,null,null,null,null,58,KSAV 300253Z 20004KT 1/8SM R10/2600V4500FT BR BKN002 OVC006 14/14 A2992 RMK AO2 SFC VIS 3/4 SLP130 T01440139 53005,null
SAV,2024-12-30 3:53,58,56,93.04,210,5,0,29.93,1013.4,0.12,null,BKN,OVC,null,null,200,600,null,null,BR,null,null,null,null,null,null,58,KSAV 300353Z 21005KT 1/8SM R10/5000V5500FT BR BKN002 OVC006 14/13 A2993 RMK AO2 SFC VIS 3/4 SLP134 T01440133,null
SAV,2024-12-30 4:24,59,57,93.07,230,5,0,29.93,null,1.5,null,BKN,BKN,OVC,null,200,600,4000,null,BR,null,null,null,null,null,null,59,KSAV 300424Z 23005KT 1 1/2SM BR BKN002 BKN006 OVC040 15/14 A2993 RMK AO2 SFC VIS 5 T01500139,null
SAV,2024-12-30 4:50,57.2,55.4,93.69,240,5,0,29.92,null,10,null,BKN,null,null,null,24000,null,null,null,null,null,null,null,null,null,null,57.2,KSAV 300450Z 24005KT 10SM BKN240 14/13 A2992 RMK AO2 LAST,null
SAV,2024-12-30 4:53,58,56,93.04,230,5,0,29.92,1013,10,null,BKN,null,null,null,24000,null,null,null,null,null,null,null,null,null,null,58,KSAV 300453Z 23005KT 10SM BKN240 14/13 A2992 RMK AO2 SLP130 LAST T01440133 402060144,null
SAV,2024-12-30 5:03,58,56,93.04,240,4,0,29.91,null,10,null,SCT,null,null,null,300,null,null,null,null,null,null,null,null,null,null,58,KSAV 300503Z 24004KT 10SM SCT003 14/13 A2991 RMK AO2 T01440133,null
SAV,2024-12-30 5:19,59,57,93.07,250,4,0,29.91,null,1.75,null,SCT,null,null,null,300,null,null,null,BR,null,null,null,null,null,null,59,KSAV 300519Z AUTO 25004KT 1 3/4SM R10/2800VP6000FT BR SCT003 15/14 A2991 RMK AO2 T01500139,null
SAV,2024-12-30 5:24,59,57,93.07,260,4,0,29.91,null,0.75,null,SCT,null,null,null,300,null,null,null,BR,null,null,null,null,null,null,59,KSAV 300524Z AUTO 26004KT 3/4SM R10/2800V3500FT BR SCT003 15/14 A2991 RMK AO2 T01500139,null
SAV,2024-12-30 5:44,59,57,93.07,270,4,0,29.91,null,0.25,null,SCT,null,null,null,300,null,null,null,FG,null,null,null,null,null,null,59,KSAV 300544Z AUTO 27004KT 1/4SM R10/1600V1800FT FG SCT003 15/14 A2991 RMK AO2 T01500139,null
SAV,2024-12-30 5:53,58,57,96.46,250,3,0,29.9,1012.5,0.25,null,SCT,null,null,null,300,null,null,null,FG,null,null,null,null,null,null,58,KSAV 300553Z AUTO 25003KT 1/4SM R10/1600V2000FT FG SCT003 14/14 A2990 RMK AO2 SLP125 T01440139 10156 20144 58005,null
SAV,2024-12-30 6:00,58,57,96.46,240,4,0,29.9,null,0.25,null,VV ,null,null,null,100,null,null,null,FG,null,null,null,null,null,null,58,KSAV 300600Z AUTO 24004KT 1/4SM R10/1600V2800FT FG VV001 14/14 A2990 RMK AO2 T01440139,null
SAV,2024-12-30 6:11,57,56,96.45,210,3,0,29.9,null,0.5,null,VV ,null,null,null,100,null,null,null,FG,null,null,null,null,null,null,57,KSAV 300611Z AUTO 21003KT 1/2SM R10/2200V4000FT FG VV001 14/13 A2990 RMK AO2 T01390133,null
SAV,2024-12-30 6:51,57.2,55.4,93.69,220,4,0,29.91,null,0.25,null,VV ,null,null,null,100,null,null,null,FG,null,null,null,null,null,null,57.2,KSAV 300651Z AUTO 22004KT 1/4SM R10/2000V3000FT FG VV001 14/13 A2991 RMK AO2,null
SAV,2024-12-30 6:53,57,56,96.45,220,4,0,29.91,1012.7,0.25,null,VV ,null,null,null,100,null,null,null,FG,null,null,null,null,null,null,57,KSAV 300653Z AUTO 22004KT 1/4SM R10/2000V3000FT FG VV001 14/13 A2991 RMK AO2 SLP127 T01390133,null
SAV,2024-12-30 7:12,57,55,93.01,230,3,0,29.92,null,0.5,null,VV ,null,null,null,100,null,null,null,FG,null,null,null,null,null,null,57,KSAV 300712Z AUTO 23003KT 1/2SM R10/2400V4500FT FG VV001 14/13 A2992 RMK AO2 T01390128,null
SAV,2024-12-30 7:29,56,54,92.98,260,3,0,29.92,null,0.25,null,VV ,null,null,null,100,null,null,null,FG,null,null,null,null,null,null,56,KSAV 300729Z AUTO 26003KT 1/4SM R10/2000V2800FT FG VV001 13/12 A2992 RMK AO2 T01330122,null
SAV,2024-12-30 7:53,54,53,96.4,220,3,0,29.93,1013.4,0.25,null,VV ,null,null,null,100,null,null,null,FG,null,null,null,null,null,null,54,KSAV 300753Z AUTO 22003KT 1/4SM R10/2000VP6000FT FG VV001 12/12 A2993 RMK AO2 SLP134 T01220117,null
SAV,2024-12-30 8:00,55,53,92.95,240,4,0,29.93,null,1,null,VV ,null,null,null,100,null,null,null,BR,null,null,null,null,null,null,55,KSAV 300800Z AUTO 24004KT 1SM R10/P6000FT BR VV001 13/12 A2993 RMK AO2 T01280117,null
SAV,2024-12-30 8:02,55,53,92.95,240,4,0,29.93,null,1.75,null,SCT,null,null,null,100,null,null,null,BR,null,null,null,null,null,null,55,KSAV 300802Z AUTO 24004KT 1 3/4SM BR SCT001 13/12 A2993 RMK AO2 T01280117,null
SAV,2024-12-30 8:04,55,53,92.95,250,4,0,29.93,null,3,null,SCT,null,null,null,100,null,null,null,BR,null,null,null,null,null,null,55,KSAV 300804Z AUTO 25004KT 3SM BR SCT001 13/12 A2993 RMK AO2 T01280117,null
SAV,2024-12-30 8:08,55,53,92.95,260,4,0,29.94,null,1.5,null,SCT,null,null,null,100,null,null,null,BR,null,null,null,null,null,null,55,KSAV 300808Z AUTO 26004KT 1 1/2SM BR SCT001 13/12 A2994 RMK AO2 T01280117,null
SAV,2024-12-30 8:10,54,53,96.4,270,4,0,29.94,null,1,null,VV ,null,null,null,100,null,null,null,BR,null,null,null,null,null,null,54,KSAV 300810Z AUTO 27004KT 1SM R10/P6000FT BR VV001 12/12 A2994 RMK AO2 T01220117,null
SAV,2024-12-30 8:12,54,53,96.4,270,4,0,29.94,null,0.75,null,VV ,null,null,null,200,null,null,null,BR,null,null,null,null,null,null,54,KSAV 300812Z AUTO 27004KT 3/4SM R10/P6000FT BR VV002 12/12 A2994 RMK AO2 T01220117,null
SAV,2024-12-30 8:31,54,52,92.92,280,6,0,29.95,null,1.5,null,FEW,null,null,null,200,null,null,null,BR,null,null,null,null,null,null,54,KSAV 300831Z AUTO 28006KT 1 1/2SM BR FEW002 12/11 A2995 RMK AO2 T01220111,null
SAV,2024-12-30 8:34,54,52,92.92,280,5,0,29.95,null,4,null,FEW,null,null,null,200,null,null,null,BR,null,null,null,null,null,null,54,KSAV 300834Z AUTO 28005KT 4SM BR FEW002 12/11 A2995 RMK AO2 T01220111,null
SAV,2024-12-30 8:47,53.6,51.8,93.6,270,5,0,29.95,null,1.75,null,CLR,null,null,null,null,null,null,null,BR,null,null,null,null,null,null,53.6,KSAV 300847Z AUTO 27005KT 1 3/4SM BR CLR 12/11 A2995 RMK AO2,null
SAV,2024-12-30 8:53,54,52,92.92,270,4,0,29.95,1014,0.75,null,CLR,null,null,null,null,null,null,null,BR,null,null,null,null,null,null,54,KSAV 300853Z AUTO 27004KT 3/4SM R10/P6000FT BR CLR 12/11 A2995 RMK AO2 SLP140 T01220111 53013,null
SAV,2024-12-30 9:40,53,51,92.89,310,5,0,29.94,null,1.5,null,CLR,null,null,null,null,null,null,null,BR,null,null,null,null,null,null,53,KSAV 300940Z AUTO 31005KT 1 1/2SM BR CLR 12/11 A2994 RMK AO2 T01170106,null
SAV,2024-12-30 9:42,53,51,92.89,310,4,0,29.94,null,4,null,CLR,null,null,null,null,null,null,null,BR,null,null,null,null,null,null,53,KSAV 300942Z AUTO 31004KT 4SM BR CLR 12/11 A2994 RMK AO2 T01170106,null
SAV,2024-12-30 9:53,52,52,100,0,0,0,29.93,1013.5,5,null,CLR,null,null,null,null,null,null,null,BR,null,null,null,null,null,null,52,KSAV 300953Z AUTO 00000KT 5SM BR CLR 11/11 A2993 RMK AO2 SLP135 T01110111,null
SAV,2024-12-30 9:57,52,51,96.37,0,0,0,29.94,null,1.75,null,FEW,null,null,null,100,null,null,null,BR,null,null,null,null,null,null,52,KSAV 300957Z AUTO 00000KT 1 3/4SM R10/2600VP6000FT BR FEW001 11/11 A2994 RMK AO2 VIS 1/2V5 T01110106,null
SAV,2024-12-30 9:59,52,51,96.37,0,0,0,29.94,null,1,null,VV ,null,null,null,100,null,null,null,BR,null,null,null,null,null,null,52,KSAV 300959Z AUTO 00000KT 1SM R10/1800VP6000FT BR VV001 11/11 A2994 RMK AO2 VIS 1/2V5 T01110106,null
SAV,2024-12-30 10:02,52,51,96.37,0,0,0,29.94,null,0.5,null,VV ,null,null,null,200,null,null,null,FG,null,null,null,null,null,null,52,KSAV 301002Z AUTO 00000KT 1/2SM R10/1600VP6000FT FG VV002 11/11 A2994 RMK AO2 T01110106,null
SAV,2024-12-30 10:07,52,51,96.37,290,3,0,29.94,null,0.25,null,VV ,null,null,null,200,null,null,null,FG,null,null,null,null,null,null,52,KSAV 301007Z AUTO 29003KT 1/4SM R10/1200V2000FT FG VV002 11/11 A2994 RMK AO2 T01110106,null
SAV,2024-12-30 10:21,52,50,92.86,0,0,0,29.95,null,0.5,null,VV ,null,null,null,200,null,null,null,FG,null,null,null,null,null,null,52,KSAV 301021Z AUTO 00000KT 1/2SM R10/1200V3000FT FG VV002 11/10 A2995 RMK AO2 T01110100,null
SAV,2024-12-30 10:37,52,50,92.86,220,3,0,29.96,null,1.25,null,FEW,null,null,null,200,null,null,null,BR,null,null,null,null,null,null,52,KSAV 301037Z AUTO 22003KT 1 1/4SM R10/2400V5000FT BR FEW002 11/10 A2996 RMK AO2 T01110100,null
SAV,2024-12-30 10:43,52,51,96.37,0,0,0,29.96,null,2.5,null,FEW,null,null,null,200,null,null,null,BR,null,null,null,null,null,null,52,KSAV 301043Z AUTO 00000KT 2 1/2SM R10/2800VP6000FT BR FEW002 11/11 A2996 RMK AO2 VIS 1V5 T01110106,null
SAV,2024-12-30 10:50,51.8,50,93.55,0,0,0,29.96,null,6,null,CLR,null,null,null,null,null,null,null,BR,null,null,null,null,null,null,51.8,KSAV 301050Z 00000KT 6SM R10/2400VP6000FT BR CLR 11/10 A2996 RMK AO2,null
SAV,2024-12-30 10:53,52,50,92.86,0,0,0,29.96,1014.4,8,null,FEW,null,null,null,100,null,null,null,BCFG,null,null,null,null,null,null,52,KSAV 301053Z 00000KT 8SM R10/1800VP6000FT BCFG FEW001 11/10 A2996 RMK AO2 SLP144 T01110100,null
SAV,2024-12-30 11:53,51,49,92.83,0,0,0,29.96,1014.5,8,null,FEW,SCT,null,null,100,25000,null,null,BCFG,null,null,null,null,null,null,51,KSAV 301153Z 00000KT 8SM R10/2200VP6000FT BCFG FEW001 SCT250 11/09 A2996 RMK AO2 SLP145 70064 T01060094 10144 20100 51010,null
SAV,2024-12-30 12:20,49,48,96.32,170,5,0,29.97,null,0.5,null,SCT,SCT,null,null,0,25000,null,null,FG,null,null,null,null,null,null,46.58,KSAV 301220Z 17005KT 1/2SM R10/2600VP6000FT FG SCT000 SCT250 09/09 A2997 RMK AO2 FG SCT000 T00940089,null
SAV,2024-12-30 12:47,48.2,48.2,100,190,4,0,29.98,null,10,null,FEW,FEW,null,null,0,25000,null,null,null,null,null,null,null,null,null,46.34,KSAV 301247Z 19004KT 10SM R10/1600VP6000FT FEW000 FEW250 09/09 A2998 RMK AO2 BR FEW000,null
SAV,2024-12-30 12:53,49,48,96.32,200,3,0,29.99,1015.4,10,null,FEW,FEW,null,null,0,25000,null,null,null,null,null,null,null,null,null,48.12,KSAV 301253Z 20003KT 10SM FEW000 FEW250 09/09 A2999 RMK AO2 SLP154 BR FEW000 T00940089,null
SAV,2024-12-30 13:15,51,50,96.36,180,4,0,29.99,null,1.5,null,SCT,SCT,null,null,0,25000,null,null,BR,null,null,null,null,null,null,51,KSAV 301315Z 18004KT 1 1/2SM BR SCT000 SCT250 11/10 A2999 RMK AO2 SFC VIS 3 VIS E-SE 1/2 FG SCT000 T01060100,null
SAV,2024-12-30 13:29,53,51,92.89,180,4,0,29.99,null,0.5,null,BKN,BKN,null,null,100,25000,null,null,FG,null,null,null,null,null,null,53,KSAV 301329Z 18004KT 1/2SM R10/4500VP6000FT FG BKN001 BKN250 12/11 A2999 RMK AO2 TWR VIS 1 1/2 VIS NW-N 3 FG BKN001 T01170106,null
SAV,2024-12-30 13:47,53.6,53.6,100,180,4,0,29.99,null,10,null,FEW,BKN,null,null,100,25000,null,null,null,null,null,null,null,null,null,53.6,KSAV 301347Z 18004KT 10SM FEW001 BKN250 12/12 A2999 RMK AO2,null
SAV,2024-12-30 13:53,54,54,100,200,3,0,29.99,1015.4,10,null,FEW,BKN,null,null,100,25000,null,null,null,null,null,null,null,null,null,54,KSAV 301353Z 20003KT 10SM FEW001 BKN250 12/12 A2999 RMK AO2 SLP154 T01220122,null
SAV,2024-12-30 14:53,60,55,83.53,210,3,0,30.01,1016.1,10,null,BKN,null,null,null,25000,null,null,null,null,null,null,null,null,null,null,60,KSAV 301453Z 21003KT 10SM BKN250 16/13 A3001 RMK AO2 SLP161 T01560128 51016,null
SAV,2024-12-30 15:53,64,54,69.92,240,5,0,30.01,1016,10,null,BKN,null,null,null,25000,null,null,null,null,null,null,null,null,null,null,64,KSAV 301553Z 24005KT 10SM BKN250 18/12 A3001 RMK AO2 SLP160 T01780122,null
SAV,2024-12-30 16:53,67,51,56.41,250,6,0,29.98,1015.2,10,null,SCT,null,null,null,25000,null,null,null,null,null,null,null,null,null,null,67,KSAV 301653Z 25006KT 10SM SCT250 19/11 A2998 RMK AO2 SLP152 T01940106,null
SAV,2024-12-30 17:53,69,49,48.88,280,7,0,29.94,1013.9,10,null,SCT,null,null,null,25000,null,null,null,null,null,null,null,null,null,null,69,KSAV 301753Z 28007KT 10SM SCT250 21/09 A2994 RMK AO2 SLP139 T02060094 10206 20083 58022,null
SAV,2024-12-30 18:53,71,47,42.35,260,8,0,29.91,1012.8,10,null,FEW,null,null,null,25000,null,null,null,null,null,null,null,null,null,null,71,KSAV 301853Z 26008KT 10SM FEW250 22/08 A2991 RMK AO2 SLP128 T02170083,null
SAV,2024-12-30 19:53,71,46,40.78,260,4,0,29.91,1012.6,10,null,FEW,null,null,null,25000,null,null,null,null,null,null,null,null,null,null,71,KSAV 301953Z 26004KT 10SM FEW250 22/08 A2991 RMK AO2 SLP126 T02170078,null
SAV,2024-12-30 20:53,71,46,40.78,0,0,0,29.91,1012.6,10,null,FEW,null,null,null,25000,null,null,null,null,null,null,null,null,null,null,71,KSAV 302053Z 00000KT 10SM FEW250 22/08 A2991 RMK AO2 SLP126 T02170078 55013,null
SAV,2024-12-30 21:53,69,46,43.67,200,4,0,29.91,1012.8,10,null,FEW,null,null,null,25000,null,null,null,null,null,null,null,null,null,null,69,KSAV 302153Z 20004KT 10SM FEW250 21/08 A2991 RMK AO2 SLP128 T02060078,null
SAV,2024-12-30 22:53,62,50,64.73,170,8,0,29.92,1013.2,10,null,CLR,null,null,null,null,null,null,null,null,null,null,null,null,null,null,62,KSAV 302253Z 17008KT 10SM CLR 17/10 A2992 RMK AO2 SLP132 T01670100,null
SAV,2024-12-30 23:53,58,49,71.91,180,8,0,29.94,1013.7,10,null,CLR,null,null,null,null,null,null,null,null,null,null,null,null,null,null,58,KSAV 302353Z 18008KT 10SM CLR 14/09 A2994 RMK AO2 SLP137 T01440094 10222 20144 53012,null
SAV,2024-12-31 0:53,56,48,74.45,180,7,0,29.95,1014.1,10,null,CLR,null,null,null,null,null,null,null,null,null,null,null,null,null,null,56,KSAV 310053Z 18007KT 10SM CLR 13/09 A2995 RMK AO2 SLP141 T01330089,null
SAV,2024-12-31 1:53,55,48,77.21,180,3,0,29.96,1014.4,10,null,CLR,null,null,null,null,null,null,null,null,null,null,null,null,null,null,55,KSAV 310153Z 18003KT 10SM CLR 13/09 A2996 RMK AO2 SLP144 T01280089,null
SAV,2024-12-31 2:53,54,48,80.07,0,0,0,29.96,1014.3,10,null,CLR,null,null,null,null,null,null,null,null,null,null,null,null,null,null,54,KSAV 310253Z 00000KT 10SM CLR 12/09 A2996 RMK AO2 SLP143 T01220089 50006,null
SAV,2024-12-31 3:53,52,47,82.99,0,0,0,29.95,1014,10,null,CLR,null,null,null,null,null,null,null,null,null,null,null,null,null,null,52,KSAV 310353Z 00000KT 10SM CLR 11/08 A2995 RMK AO2 SLP140 T01110083,null
SAV,2024-12-31 4:53,51,47,86.12,0,0,0,29.93,1013.5,10,null,CLR,null,null,null,null,null,null,null,null,null,null,null,null,null,null,51,KSAV 310453Z 00000KT 10SM CLR 11/08 A2993 RMK AO2 SLP135 LAST T01060083 402220083,null
SAV,2024-12-31 5:53,50,47,89.37,0,0,0,29.91,1012.8,10,null,CLR,null,null,null,null,null,null,null,null,null,null,null,null,null,null,50,KSAV 310553Z AUTO 00000KT 10SM CLR 10/08 A2991 RMK AO2 SLP128 T01000083 10144 20100 58015,null
SAV,2024-12-31 6:53,48,46,92.74,0,0,0,29.9,1012.6,10,null,CLR,null,null,null,null,null,null,null,null,null,null,null,null,null,null,48,KSAV 310653Z AUTO 00000KT 10SM CLR 09/08 A2990 RMK AO2 SLP126 T00890078,null
SAV,2024-12-31 7:16,48,46,92.74,0,0,0,29.91,null,1.5,null,CLR,null,null,null,null,null,null,null,BR,null,null,null,null,null,null,48,KSAV 310716Z AUTO 00000KT 1 1/2SM R10/5500VP6000FT BR CLR 09/08 A2991 RMK AO2 T00890078,null
SAV,2024-12-31 7:20,48,46,92.74,0,0,0,29.91,null,0.75,null,CLR,null,null,null,null,null,null,null,BR,null,null,null,null,null,null,48,KSAV 310720Z AUTO 00000KT 3/4SM R10/5500VP6000FT BR CLR 09/08 A2991 RMK AO2 T00890078,null
SAV,2024-12-31 7:27,48,46,92.74,0,0,0,29.91,null,1,null,VV ,null,null,null,2000,null,null,null,BR,null,null,null,null,null,null,48,KSAV 310727Z AUTO 00000KT 1SM R10/P6000FT BR VV020 09/08 A2991 RMK AO2 T00890078,null
SAV,2024-12-31 7:30,48,46,92.74,0,0,0,29.91,null,1.5,null,SCT,null,null,null,2100,null,null,null,BR,null,null,null,null,null,null,48,KSAV 310730Z AUTO 00000KT 1 1/2SM BR SCT021 09/08 A2991 RMK AO2 T00890078,null
SAV,2024-12-31 7:34,49,47,92.77,0,0,0,29.91,null,3,null,SCT,null,null,null,2100,null,null,null,BR,null,null,null,null,null,null,49,KSAV 310734Z AUTO 00000KT 3SM BR SCT021 09/08 A2991 RMK AO2 T00940083,null
SAV,2024-12-31 7:53,49,47,92.77,0,0,0,29.91,1012.7,10,null,SCT,null,null,null,2100,null,null,null,null,null,null,null,null,null,null,49,KSAV 310753Z AUTO 00000KT 10SM SCT021 09/08 A2991 RMK AO2 SLP127 T00940083,null
SAV,2024-12-31 8:03,49,47,92.77,0,0,0,29.91,null,10,null,BKN,null,null,null,1800,null,null,null,null,null,null,null,null,null,null,49,KSAV 310803Z AUTO 00000KT 10SM BKN018 09/08 A2991 RMK AO2 T00940083,null
SAV,2024-12-31 8:26,52,50,92.86,0,0,0,29.9,null,10,null,OVC,null,null,null,1300,null,null,null,null,null,null,null,null,null,null,52,KSAV 310826Z AUTO 00000KT 10SM OVC013 11/10 A2990 RMK AO2 T01110100,null
SAV,2024-12-31 8:53,53,51,92.89,0,0,0,29.89,1012.2,10,null,OVC,null,null,null,1100,null,null,null,null,null,null,null,null,null,null,53,KSAV 310853Z AUTO 00000KT 10SM OVC011 12/11 A2989 RMK AO2 CIG 007V013 SLP122 T01170106 58007,null
SAV,2024-12-31 9:03,53,51,92.89,0,0,0,29.89,null,10,null,OVC,null,null,null,900,null,null,null,null,null,null,null,null,null,null,53,KSAV 310903Z AUTO 00000KT 10SM OVC009 12/11 A2989 RMK AO2 CIG 006V011 T01170106,null
SAV,2024-12-31 9:39,55,53,92.95,180,3,0,29.88,null,2.5,null,OVC,null,null,null,300,null,null,null,BR,null,null,null,null,null,null,55,KSAV 310939Z AUTO 18003KT 2 1/2SM BR OVC003 13/12 A2988 RMK AO2 T01280117,null
SAV,2024-12-31 9:42,56,54,92.98,180,5,0,29.88,null,1.25,null,OVC,null,null,null,300,null,null,null,BR,null,null,null,null,null,null,56,KSAV 310942Z AUTO 18005KT 1 1/4SM BR OVC003 13/12 A2988 RMK AO2 T01330122,null
SAV,2024-12-31 9:50,55.4,53.6,93.65,180,5,0,29.88,null,0.5,null,VV ,null,null,null,200,null,null,null,FG,null,null,null,null,null,null,55.4,KSAV 310950Z AUTO 18005KT 1/2SM R10/2400VP6000FT FG VV002 13/12 A2988 RMK AO2,null
SAV,2024-12-31 9:53,56,54,92.98,190,6,0,29.88,1011.7,0.5,null,VV ,null,null,null,200,null,null,null,FG,null,null,null,null,null,null,56,KSAV 310953Z AUTO 19006KT 1/2SM R10/2400VP6000FT FG VV002 13/12 A2988 RMK AO2 SLP117 T01330122,null
SAV,2024-12-31 10:04,56,55,96.43,190,6,0,29.88,null,0.25,null,VV ,null,null,null,200,null,null,null,FG,null,null,null,null,null,null,56,KSAV 311004Z AUTO 19006KT 1/4SM R10/2200V3500FT FG VV002 13/13 A2988 RMK AO2 T01330128,null
SAV,2024-12-31 10:15,57,55,93.01,200,7,0,29.87,null,0.75,null,VV ,null,null,null,200,null,null,null,BR,null,null,null,null,null,null,57,KSAV 311015Z AUTO 20007KT 3/4SM R10/4000V5000FT BR VV002 14/13 A2987 RMK AO2 T01390128,null
SAV,2024-12-31 10:24,57,55,93.01,210,6,0,29.88,null,1.5,null,OVC,null,null,null,200,null,null,null,BR,null,null,null,null,null,null,57,KSAV 311024Z AUTO 21006KT 1 1/2SM R10/4500VP6000FT BR OVC002 14/13 A2988 RMK AO2 T01390128,null
SAV,2024-12-31 10:53,56,54,92.98,230,6,0,29.88,1011.9,0.5,null,OVC,null,null,null,200,null,null,null,BR,null,null,null,null,null,null,56,KSAV 311053Z 23006KT 1/2SM R10/6000VP6000FT BR OVC002 13/12 A2988 RMK AO2 SFC VIS 1 SLP119 T01330122,null
SAV,2024-12-31 11:53,53,52,96.39,230,3,0,29.89,1012.1,3,null,FEW,FEW,null,null,300,1500,null,null,BR,null,null,null,null,null,null,53,KSAV 311153Z 23003KT 3SM BR FEW003 FEW015 12/11 A2989 RMK AO2 SFC VIS 4 SLP121 T01170111 10139 20089 53004,null
SAV,2024-12-31 12:15,52,50,92.86,240,4,0,29.89,null,0.5,null,BKN,BKN,null,null,200,1500,null,null,BR,null,null,null,null,null,null,52,KSAV 311215Z 24004KT 1/2SM R10/P6000FT BR BKN002 BKN015 11/10 A2989 RMK AO2 SFC VIS 1 T01110100,null
SAV,2024-12-31 12:53,53,51,92.89,260,4,0,29.89,1012.1,0.5,null,OVC,null,null,null,200,null,null,null,FG,null,null,null,null,null,null,53,KSAV 311253Z 26004KT 1/2SM R10/2400VP6000FT FG OVC002 12/11 A2989 RMK AO2 SLP121 T01170106,null
SAV,2024-12-31 13:27,53,52,96.39,260,4,0,29.89,null,2,null,SCT,null,null,null,200,null,null,null,BR,null,null,null,null,null,null,53,KSAV 311327Z 26004KT 2SM R10/5000VP6000FT BR SCT002 12/11 A2989 RMK AO2 SFC VIS 3 T01170111,null
SAV,2024-12-31 13:53,54,53,96.4,250,3,0,29.89,1012.1,8,null,FEW,null,null,null,200,null,null,null,null,null,null,null,null,null,null,54,KSAV 311353Z 25003KT 8SM FEW002 12/12 A2989 RMK AO2 SLP121 T01220117,null
SAV,2024-12-31 14:53,59,53,80.46,200,4,0,29.89,1012.1,10,null,FEW,null,null,null,4500,null,null,null,null,null,null,null,null,null,null,59,KSAV 311453Z 20004KT 10SM FEW045 15/12 A2989 RMK AO2 SLP121 T01500117 53001,null
SAV,2024-12-31 15:53,65,52,62.74,250,7,0,29.87,1011.5,10,null,CLR,null,null,null,null,null,null,null,null,null,null,null,null,null,null,65,KSAV 311553Z 25007KT 10SM CLR 18/11 A2987 RMK AO2 SLP115 T01830111,null
SAV,2024-12-31 16:53,71,54,54.92,200,9,0,29.84,1010.4,10,null,CLR,null,null,null,null,null,null,null,null,null,null,null,null,null,null,71,KSAV 311653Z 20009KT 10SM CLR 22/12 A2984 RMK AO2 SLP104 T02170122,null
SAV,2024-12-31 17:53,74,55,51.47,220,14,0,29.79,1008.8,10,null,FEW,null,null,null,3000,null,null,null,null,null,null,null,null,null,null,74,KSAV 311753Z 22014KT 10SM FEW030 23/13 A2979 RMK AO2 SLP088 T02330128 10233 20106 58034,null
SAV,2024-12-31 18:53,75,55,49.78,240,14,0,29.76,1007.6,10,null,FEW,null,null,null,4500,null,null,null,null,null,null,null,null,null,null,75,KSAV 311853Z 24014KT 10SM FEW045 24/13 A2976 RMK AO2 SLP076 T02390128,null
SAV,2024-12-31 19:53,76,54,46.42,230,14,0,29.75,1007.4,10,26,SCT,null,null,null,4700,null,null,null,null,null,null,null,26,250,2024-12-31 19:44,76,KSAV 311953Z 23014G26KT 10SM SCT047 24/12 A2975 RMK AO2 PK WND 25026/1944 SLP074 T02440122,null
SAV,2024-12-31 20:53,76,54,46.42,250,13,0,29.75,1007.3,10,26,FEW,null,null,null,4700,null,null,null,null,null,null,null,27,220,2024-12-31 19:58,76,KSAV 312053Z 25013G26KT 10SM FEW047 24/12 A2975 RMK AO2 PK WND 22027/1958 SLP073 T02440122 56015,null
SAV,2024-12-31 21:53,74,55,51.47,230,14,0,29.75,1007.3,10,20,FEW,null,null,null,4800,null,null,null,null,null,null,null,null,null,null,74,KSAV 312153Z 23014G20KT 10SM FEW048 23/13 A2975 RMK AO2 SLP073 T02330128,null
SAV,2024-12-31 22:53,71,56,59.07,220,7,0,29.78,1008.2,10,null,FEW,null,null,null,4500,null,null,null,null,null,null,null,null,null,null,71,KSAV 312253Z 22007KT 10SM FEW045 22/13 A2978 RMK AO2 SLP082 T02170133,null
SAV,2024-12-31 23:53,68,58,70.35,200,7,0,29.79,1008.7,10,null,CLR,null,null,null,null,null,null,null,null,null,null,null,null,null,null,68,KSAV 312353Z 20007KT 10SM CLR 20/14 A2979 RMK AO2 SLP087 T02000144 10250 20200 53014,null
