station,valid,tmpf,dwpf,relh,drct,sknt,p01i,alti,mslp,vsby,gust,skyc1,skyc2,skyc3,skyc4,skyl1,skyl2,skyl3,skyl4,wxcodes,ice_accretion_1hr,ice_accretion_3hr,ice_accretion_6hr,peak_wind_gust,peak_wind_drct,peak_wind_time,feel,metar,snowdepth
IND,2023-12-01 0:54,51,33,49.96,210,10,T,29.93,1013.9,10,null,OVC,null,null,null,4600,null,null,null,null,null,null,null,null,null,null,51,KIND 010054Z 21010KT 10SM OVC046 11/01 A2993 RMK AO2 RAB24E53 SLP139 P0000 T01060006,null
IND,2023-12-01 1:54,51,32,47.99,210,7,0,29.95,1014.3,10,null,OVC,null,null,null,4600,null,null,null,null,null,null,null,null,null,null,51,KIND 010154Z 21007KT 10SM OVC046 11/00 A2995 RMK AO2 SLP143 T01060000,null
IND,2023-12-01 2:54,49,33,53.82,230,5,0,29.95,1014.2,10,null,OVC,null,null,null,4600,null,null,null,null,null,null,null,null,null,null,46.58,KIND 010254Z 23005KT 10SM OVC046 09/01 A2995 RMK AO2 SLP142 60000 T00940006 50005,null
IND,2023-12-01 3:54,50,32,49.81,170,5,0,29.93,1013.8,10,null,OVC,null,null,null,5000,null,null,null,null,null,null,null,null,null,null,50,KIND 010354Z 17005KT 10SM OVC050 10/00 A2993 RMK AO2 SLP138 T01000000,null
IND,2023-12-01 4:54,50,32,49.81,170,6,0,29.93,1013.5,10,null,OVC,null,null,null,6000,null,null,null,null,null,null,null,null,null,null,50,KIND 010454Z 17006KT 10SM OVC060 10/00 A2993 RMK AO2 SLP135 T01000000 401440011,null
IND,2023-12-01 5:54,50,32,49.81,160,8,0,29.93,1013.5,10,null,OVC,null,null,null,6000,null,null,null,null,null,null,null,null,null,null,50,KIND 010554Z 16008KT 10SM OVC060 10/00 A2993 RMK AO2 SLP135 60000 T01000000 10111 20094 56005,null
IND,2023-12-01 6:54,50,32,49.81,140,8,0,29.9,1012.4,10,null,OVC,null,null,null,7000,null,null,null,null,null,null,null,null,null,null,50,KIND 010654Z 14008KT 10SM OVC070 10/00 A2990 RMK AO2 SLP124 T01000000,null
IND,2023-12-01 7:54,50,31,47.83,150,8,0,29.89,1012,10,null,BKN,OVC,null,null,5500,7000,null,null,null,null,null,null,null,null,null,50,KIND 010754Z 15008KT 10SM BKN055 OVC070 10/M01 A2989 RMK AO2 SLP120 T01001006,null
IND,2023-12-01 8:54,48,34,58.16,200,16,T,29.93,1013.4,10,22,SCT,OVC,null,null,6000,7500,null,null,#NAME?,null,null,null,null,null,null,41.27,KIND 010854Z 20016G22KT 10SM -RA SCT060 OVC075 09/01 A2993 RMK AO2 RAB08 SLP134 P0000 60000 T00890011 55001,null
IND,2023-12-01 9:54,44,39,82.44,170,10,0.05,29.91,1013,9,null,BKN,OVC,null,null,4300,5500,null,null,#NAME?,null,null,null,30,190,2023-12-01 9:14,38.02,KIND 010954Z 17010KT 9SM -RA BKN043 OVC055 07/04 A2991 RMK AO2 PK WND 19030/0914 SLP130 P0005 T00670039,null
IND,2023-12-01 10:36,42,40,92.55,130,8,0.06,29.87,null,8,null,BKN,BKN,OVC,null,2800,4100,5500,null,#NAME?,null,null,null,null,null,null,36.43,KIND 011036Z 13008KT 8SM -RA BKN028 BKN041 OVC055 06/04 A2987 RMK AO2 P0006 T00560044,null
IND,2023-12-01 10:54,42,41,96.21,130,9,0.08,29.86,1011.3,8,null,FEW,OVC,null,null,2000,2700,null,null,RA,null,null,null,null,null,null,35.95,KIND 011054Z 13009KT 8SM RA FEW020 OVC027 06/05 A2986 RMK AO2 SLP113 P0008 T00560050,null
IND,2023-12-01 11:11,42,41,96.21,120,9,0.02,29.85,null,7,null,FEW,OVC,null,null,800,2800,null,null,#NAME?,null,null,null,null,null,null,35.95,KIND 011111Z 12009KT 7SM -RA FEW008 OVC028 06/05 A2985 RMK AO2 P0002 T00560050,null
IND,2023-12-01 11:30,42,41,96.21,130,9,0.03,29.85,null,8,null,BKN,OVC,null,null,800,2800,null,null,#NAME?,null,null,null,null,null,null,35.95,KIND 011130Z 13009KT 8SM -RA BKN008 OVC028 06/05 A2985 RMK AO2 CIG 005V009 P0003 T00560050,null
IND,2023-12-01 11:54,42,41,96.21,140,11,0.04,29.84,1010.6,8,null,BKN,OVC,null,null,700,1100,null,null,#NAME?,null,null,null,null,null,null,35.1,KIND 011154Z 14011KT 8SM -RA BKN007 OVC011 06/05 A2984 RMK AO2 CIG 005V010 SLP106 P0004 60017 70017 T00560050 10100 20056 58029,null
IND,2023-12-01 12:54,42,41,96.21,140,10,0.07,29.84,1010.7,4,null,BKN,OVC,null,null,800,1200,null,null,#NAME?,null,null,null,null,null,null,35.51,KIND 011254Z 14010KT 4SM -RA BR BKN008 OVC012 06/05 A2984 RMK AO2 SLP107 CIG 006V010 P0007 T00560050,null
IND,2023-12-01 13:39,42,41,96.21,150,9,0.01,29.84,null,2.5,null,BKN,OVC,null,null,800,1200,null,null,#NAME?,null,null,null,null,null,null,35.95,KIND 011339Z 15009KT 2 1/2SM -RA BR BKN008 OVC012 06/05 A2984 RMK AO2 CIG 005V010 P0001 T00560050 $,null
IND,2023-12-01 13:54,42,41,96.21,160,8,0.02,29.83,1010.4,2,null,OVC,null,null,null,800,null,null,null,#NAME?,null,null,null,null,null,null,36.43,KIND 011354Z 16008KT 2SM -RA BR OVC008 06/05 A2983 RMK AO2 CIG 005V013 SLP104 P0002 T00560050 $,null
IND,2023-12-01 14:52,42.8,42.8,100,150,7,null,29.82,null,3,null,OVC,null,null,null,600,null,null,null,DZ -DZ BR,null,null,null,null,null,null,37.94,SPECI KIND 011452Z 15007KT 3SM -DZ BR OVC006 06/06 A2982 RMK AO2 RAE22DZB25 CIG 004V010 P0001 FIBI (MAB),null
IND,2023-12-01 14:54,42,42,100,150,9,0.01,29.82,1010.1,3,null,OVC,null,null,null,600,null,null,null,#NAME?,null,null,null,null,null,null,35.95,KIND 011454Z 15009KT 3SM -DZ BR OVC006 06/06 A2982 RMK AO2 RAE22DZB25 CIG 004V010 SLP101 P0001 60010 T00560056 58005,null
IND,2023-12-01 15:23,43,42,96.23,160,7,T,29.82,null,1,null,OVC,null,null,null,600,null,null,null,#NAME?,null,null,null,null,null,null,38.19,KIND 011523Z 16007KT 1SM R05L/P6000FT -DZ BR OVC006 06/06 A2982 RMK AO2 SFC VIS 2 CIG 004V008 P0000 T00610056,null
IND,2023-12-01 15:54,43,42,96.23,160,7,T,29.82,1010.1,1,null,OVC,null,null,null,500,null,null,null,BR,null,null,null,null,null,null,38.19,KIND 011554Z 16007KT 1SM R05L/P6000FT BR OVC005 06/06 A2982 RMK AO2 SFC VIS 4 DZE53 SLP101 P0000 T00610056,null
IND,2023-12-01 16:14,43,43,100,170,7,0,29.82,null,2,null,OVC,null,null,null,500,null,null,null,BR,null,null,null,null,null,null,38.19,KIND 011614Z 17007KT 2SM BR OVC005 06/06 A2982 RMK AO2 SFC VIS 2 1/2 T00610061,null
IND,2023-12-01 16:54,44,43,96.24,180,9,T,29.82,1009.8,2,null,OVC,null,null,null,500,null,null,null,#NAME?,null,null,null,null,null,null,38.44,KIND 011654Z 18009KT 2SM -DZ BR OVC005 07/06 A2982 RMK AO2 SFC VIS 3 DZB52 SLP098 P0000 T00670061,null
IND,2023-12-01 17:54,45,44,96.26,200,8,T,29.8,1009.1,2,null,OVC,null,null,null,500,null,null,null,BR,null,null,null,null,null,null,40.13,KIND 011754Z 20008KT 2SM BR OVC005 07/07 A2980 RMK AO2 SFC VIS 5 DZE49 SLP091 P0000 60010 T00720067 10072 20056 58008,null
IND,2023-12-01 18:23,45,45,100,210,9,0,29.8,null,2,null,OVC,null,null,null,400,null,null,null,BR,null,null,null,null,null,null,39.68,KIND 011823Z 21009KT 2SM BR OVC004 07/07 A2980 RMK AO2 SFC VIS 4 T00720072,null
IND,2023-12-01 18:54,45,45,100,200,9,0,29.79,1008.9,2,null,OVC,null,null,null,300,null,null,null,BR,null,null,null,null,null,null,39.68,KIND 011854Z 20009KT 2SM BR OVC003 07/07 A2979 RMK AO2 SFC VIS 3 SLP089 T00720072,null
IND,2023-12-01 19:03,46,45,96.28,200,6,0,29.78,null,0.5,null,OVC,null,null,null,300,null,null,null,BR,null,null,null,null,null,null,42.39,KIND 011903Z 20006KT 1/2SM R05L/P6000FT BR OVC003 08/07 A2978 RMK AO2 SFC VIS 3 T00780072,null
IND,2023-12-01 19:54,46,46,100,190,7,0,29.78,1008.5,0.5,null,OVC,null,null,null,300,null,null,null,BR,null,null,null,null,null,null,41.84,KIND 011954Z 19007KT 1/2SM R05L/P6000FT BR OVC003 08/08 A2978 RMK AO2 SFC VIS 3 SLP085 T00780078,null
IND,2023-12-01 20:54,47,46,96.29,160,4,0,29.78,1008.5,0.5,null,OVC,null,null,null,400,null,null,null,BR,null,null,null,null,null,null,44.94,KIND 012054Z 16004KT 1/2SM R05L/P6000FT BR OVC004 08/08 A2978 RMK AO2 SFC VIS 3 SLP085 T00830078 56006,null
IND,2023-12-01 21:54,47,46,96.29,150,4,T,29.79,1008.9,0.5,null,OVC,null,null,null,300,null,null,null,#NAME?,null,null,null,null,null,null,44.94,KIND 012154Z 15004KT 1/2SM R05L/6000VP6000FT -DZ BR OVC003 08/08 A2979 RMK AO2 SFC VIS 3/4 DZB19 SLP089 P0000 T00830078,null
IND,2023-12-01 22:54,47,47,100,160,6,T,29.81,1009.6,0.5,null,OVC,null,null,null,200,null,null,null,#NAME?,null,null,null,null,null,null,43.6,KIND 012254Z 16006KT 1/2SM R05L/P6000FT -DZ BR OVC002 08/08 A2981 RMK AO2 SFC VIS 1 1/2 SLP096 P0000 T00830083,null
IND,2023-12-01 23:54,48,48,100,190,7,0.01,29.81,1009.8,0.5,null,OVC,null,null,null,300,null,null,null,#NAME?,null,null,null,null,null,null,44.28,KIND 012354Z 19007KT 1/2SM R05L/P6000FT -DZ BR OVC003 09/09 A2981 RMK AO2 SFC VIS 2 SLP098 P0001 60001 T00890089 10089 20072 51012,null
IND,2023-12-02 0:54,48,48,100,180,7,T,29.82,1010.1,0.5,null,OVC,null,null,null,400,null,null,null,#NAME?,null,null,null,null,null,null,44.28,KIND 020054Z 18007KT 1/2SM R05L/P6000FT -DZ BR OVC004 09/09 A2982 RMK AO2 SFC VIS 4 SLP101 P0000 T00890089,null
IND,2023-12-02 1:37,49,48,96.32,190,9,0.01,29.83,null,0.5,null,OVC,null,null,null,500,null,null,null,#NAME?,null,null,null,null,null,null,44.65,KIND 020137Z 19009KT 1/2SM R05L/P6000FT -DZ BR OVC005 09/09 A2983 RMK AO2 SFC VIS 5 P0001 T00940089,null
IND,2023-12-02 1:54,49,48,96.32,200,10,0.01,29.84,1010.6,0.5,null,OVC,null,null,null,500,null,null,null,#NAME?,null,null,null,null,null,null,44.29,KIND 020154Z 20010KT 1/2SM R05L/P6000FT -DZ BR OVC005 09/09 A2984 RMK AO2 SFC VIS 4 SLP106 P0001 T00940089,null
IND,2023-12-02 2:54,49,49,100,210,9,0.01,29.84,1010.6,0.5,null,OVC,null,null,null,800,null,null,null,#NAME?,null,null,null,null,null,null,44.65,KIND 020254Z 21009KT 1/2SM R05L/P6000FT -DZ BR OVC008 09/09 A2984 RMK AO2 SFC VIS 6 CIG 005V014 SLP106 P0001 60002 T00940094 51008,null
IND,2023-12-02 3:23,50,49,96.34,200,8,T,29.84,null,2.5,null,BKN,OVC,null,null,900,4200,null,null,#NAME?,null,null,null,null,null,null,50,KIND 020323Z 20008KT 2 1/2SM -DZ BR BKN009 OVC042 10/09 A2984 RMK AO2 SFC VIS 6 P0000 T01000094,null
IND,2023-12-02 3:42,50,49,96.34,210,9,T,29.84,null,9,null,BKN,OVC,null,null,900,4200,null,null,null,null,null,null,null,null,null,50,KIND 020342Z 21009KT 9SM BKN009 OVC042 10/09 A2984 RMK AO2 DZE42 P0000 T01000094,null
IND,2023-12-02 3:54,50,48,92.8,210,9,T,29.84,1010.8,10,null,OVC,null,null,null,1100,null,null,null,null,null,null,null,null,null,null,50,KIND 020354Z 21009KT 10SM OVC011 10/09 A2984 RMK AO2 DZE42 SLP108 P0000 T01000089,null
IND,2023-12-02 4:54,50,48,92.8,220,10,0,29.86,1011.2,10,null,OVC,null,null,null,1300,null,null,null,null,null,null,null,null,null,null,50,KIND 020454Z 22010KT 10SM OVC013 10/09 A2986 RMK AO2 SLP112 T01000089 401000056,null
IND,2023-12-02 5:54,50,48,92.8,230,12,0,29.87,1011.6,10,null,BKN,BKN,OVC,null,1300,2200,6000,null,null,null,null,null,null,null,null,50,KIND 020554Z 23012KT 10SM BKN013 BKN022 OVC060 10/09 A2987 RMK AO2 SLP116 60002 T01000089 10100 20089 53010,null
IND,2023-12-02 6:21,50,48,92.8,230,12,0,29.87,null,10,null,SCT,BKN,OVC,null,1100,3800,6000,null,null,null,null,null,null,null,null,50,KIND 020621Z 23012KT 10SM SCT011 BKN038 OVC060 10/09 A2987 RMK AO2 T01000089,null
IND,2023-12-02 6:54,49,47,92.77,230,10,0,29.88,1011.9,10,null,SCT,OVC,null,null,1100,5500,null,null,null,null,null,null,null,null,null,44.29,KIND 020654Z 23010KT 10SM SCT011 OVC055 09/08 A2988 RMK AO2 SLP119 T00940083,null
IND,2023-12-02 7:47,49,46,89.33,240,11,0,29.9,null,10,null,BKN,BKN,BKN,null,1400,1900,5000,null,null,null,null,null,null,null,null,43.95,KIND 020747Z 24011KT 10SM BKN014 BKN019 BKN050 09/08 A2990 RMK AO2 T00940078,null
IND,2023-12-02 7:54,49,46,89.33,240,11,0,29.9,1012.5,10,null,BKN,null,null,null,1400,null,null,null,null,null,null,null,null,null,null,43.95,KIND 020754Z 24011KT 10SM BKN014 09/08 A2990 RMK AO2 SLP125 T00940078,null
IND,2023-12-02 8:54,48,45,89.29,250,14,0,29.92,1013.2,10,null,BKN,OVC,null,null,1400,3400,null,null,null,null,null,null,null,null,null,41.79,KIND 020854Z 25014KT 10SM BKN014 OVC034 09/07 A2992 RMK AO2 SLP132 T00890072 53016,null
IND,2023-12-02 9:20,46,43,89.2,250,12,0,29.92,null,10,null,BKN,OVC,null,null,1600,4100,null,null,null,null,null,null,null,null,null,39.82,KIND 020920Z 25012KT 10SM BKN016 OVC041 08/06 A2992 RMK AO2 T00780061,null
IND,2023-12-02 9:27,46,43,89.2,260,10,0,29.92,null,10,null,SCT,OVC,null,null,1600,4100,null,null,null,null,null,null,null,null,null,40.52,KIND 020927Z 26010KT 10SM SCT016 OVC041 08/06 A2992 RMK AO2 T00780061,null
IND,2023-12-02 9:52,46.4,42.8,87.19,260,9.91,null,29.93,null,10,null,BKN,null,null,null,1899,null,null,null,null,null,null,null,null,null,null,41.06,SPECI KIND 020952Z 26010KT 10SM BKN019 08/06 A2993 RMK AO2 FIBI (GM),null
IND,2023-12-02 9:54,46,43,89.2,260,10,0,29.93,1013.8,10,null,BKN,null,null,null,1900,null,null,null,null,null,null,null,null,null,null,40.52,KIND 020954Z 26010KT 10SM BKN019 08/06 A2993 RMK AO2 SLP138 T00780061,null
IND,2023-12-02 10:54,46,42,85.83,270,10,0,29.96,1014.9,10,null,OVC,null,null,null,1500,null,null,null,null,null,null,null,null,null,null,40.52,KIND 021054Z 27010KT 10SM OVC015 08/06 A2996 RMK AO2 SLP149 T00780056,null
IND,2023-12-02 11:23,45,42,89.15,280,9,0,29.97,null,10,null,OVC,null,null,null,1400,null,null,null,null,null,null,null,null,null,null,39.68,KIND 021123Z 28009KT 10SM OVC014 07/06 A2997 RMK AO2 T00720056,null
IND,2023-12-02 11:54,45,41,85.77,300,8,0,29.98,1015.4,10,null,OVC,null,null,null,1300,null,null,null,null,null,null,null,null,null,null,40.13,KIND 021154Z 30008KT 10SM OVC013 07/05 A2998 RMK AO2 SLP154 70013 T00720050 10100 20072 53021,null
IND,2023-12-02 12:54,44,41,89.11,290,6,0,30,1016.2,10,null,OVC,null,null,null,1300,null,null,null,null,null,null,null,null,null,null,39.98,KIND 021254Z 29006KT 10SM OVC013 07/05 A3000 RMK AO2 SLP162 T00670050,null
IND,2023-12-02 13:43,45,41,85.77,300,5,0,30.01,null,10,null,OVC,null,null,null,1500,null,null,null,null,null,null,null,null,null,null,41.83,KIND 021343Z 30005KT 10SM OVC015 07/05 A3001 RMK AO2 T00720050,null
IND,2023-12-02 13:54,45,41,85.77,280,5,0,30.02,1016.6,10,null,OVC,null,null,null,1500,null,null,null,null,null,null,null,null,null,null,41.83,KIND 021354Z 28005KT 10SM OVC015 07/05 A3002 RMK AO2 SLP166 T00720050,null
IND,2023-12-02 14:54,45,41,85.77,210,5,0,30.02,1016.9,10,null,OVC,null,null,null,2000,null,null,null,null,null,null,null,null,null,null,41.83,KIND 021454Z 21005KT 10SM OVC020 07/05 A3002 RMK AO2 SLP169 T00720050 51014,null
IND,2023-12-02 15:54,45,39,79.36,210,3,0,30.03,1017,10,null,OVC,null,null,null,2000,null,null,null,null,null,null,null,null,null,null,43.55,KIND 021554Z 21003KT 10SM OVC020 07/04 A3003 RMK AO2 SLP170 T00720039,null
IND,2023-12-02 16:54,46,40,79.44,240,3,0,30,1016.1,10,null,OVC,null,null,null,1900,null,null,null,null,null,null,null,null,null,null,44.69,KIND 021654Z 24003KT 10SM OVC019 08/04 A3000 RMK AO2 SLP161 T00780044,null
IND,2023-12-02 17:54,47,39,73.57,0,0,0,29.99,1015.6,10,null,OVC,null,null,null,1900,null,null,null,null,null,null,null,null,null,null,47,KIND 021754Z 00000KT 10SM OVC019 08/04 A2999 RMK AO2 SLP156 T00830039 10083 20067 58011,null
IND,2023-12-02 18:54,48,39,70.85,0,0,0,29.96,1014.7,10,null,OVC,null,null,null,1900,null,null,null,null,null,null,null,null,null,null,48,KIND 021854Z 00000KT 10SM OVC019 09/04 A2996 RMK AO2 SLP147 T00890039,null
IND,2023-12-02 19:54,47,39,73.57,0,0,0,29.95,1014.3,10,null,OVC,null,null,null,2000,null,null,null,null,null,null,null,null,null,null,47,KIND 021954Z 00000KT 10SM OVC020 08/04 A2995 RMK AO2 SLP143 T00830039,null
IND,2023-12-02 20:54,47,39,73.57,150,3,0,29.94,1013.9,10,null,OVC,null,null,null,2100,null,null,null,null,null,null,null,null,null,null,45.84,KIND 022054Z 15003KT 10SM OVC021 08/04 A2994 RMK AO2 SLP139 T00830039 56017,null
IND,2023-12-02 21:54,46,39,76.4,130,5,0,29.94,1014.1,10,null,OVC,null,null,null,2200,null,null,null,null,null,null,null,null,null,null,43.02,KIND 022154Z 13005KT 10SM OVC022 08/04 A2994 RMK AO2 SLP141 T00780039,null
IND,2023-12-02 22:54,47,39,73.57,0,0,0,29.94,1014.1,10,null,OVC,null,null,null,2100,null,null,null,null,null,null,null,null,null,null,47,KIND 022254Z 00000KT 10SM OVC021 08/04 A2994 RMK AO2 SLP141 T00830039,null
IND,2023-12-02 23:54,46,39,76.4,0,0,0,29.93,1013.7,10,null,OVC,null,null,null,2100,null,null,null,null,null,null,null,null,null,null,46,KIND 022354Z 00000KT 10SM OVC021 08/04 A2993 RMK AO2 SLP137 T00780039 10089 20078 58002,null
IND,2023-12-03 0:54,45,40,82.51,120,4,0,29.92,1013.3,10,null,OVC,null,null,null,2100,null,null,null,null,null,null,null,null,null,null,42.6,KIND 030054Z 12004KT 10SM OVC021 07/04 A2992 RMK AO2 SLP133 T00720044,null
IND,2023-12-03 1:54,46,40,79.44,60,5,0,29.89,1012.5,10,null,OVC,null,null,null,2200,null,null,null,null,null,null,null,null,null,null,43.02,KIND 030154Z 06005KT 10SM OVC022 08/04 A2989 RMK AO2 SLP125 T00780044,null
IND,2023-12-03 2:54,45,40,82.51,90,4,0,29.88,1012.2,10,null,OVC,null,null,null,2000,null,null,null,null,null,null,null,null,null,null,42.6,KIND 030254Z 09004KT 10SM OVC020 07/04 A2988 RMK AO2 SLP122 T00720044 56015,null
IND,2023-12-03 3:22,45,40,82.51,80,6,0,29.85,null,10,null,SCT,OVC,null,null,2000,14000,null,null,null,null,null,null,null,null,null,41.19,KIND 030322Z 08006KT 10SM SCT020 OVC140 07/04 A2985 RMK AO2 PRESFR T00720044,null
IND,2023-12-03 3:54,44,39,82.44,80,3,0,29.85,1010.9,10,null,SCT,OVC,null,null,2000,14000,null,null,null,null,null,null,null,null,null,42.41,KIND 030354Z 08003KT 10SM SCT020 OVC140 07/04 A2985 RMK AO2 SLP109 T00670039,null
IND,2023-12-03 4:16,44,39,82.44,130,3,0,29.85,null,10,null,BKN,null,null,null,2100,null,null,null,null,null,null,null,null,null,null,42.41,KIND 030416Z 13003KT 10SM BKN021 07/04 A2985 RMK AO2 T00670039,null
IND,2023-12-03 4:54,43,40,89.06,300,4,0,29.85,1011.1,10,null,OVC,null,null,null,1900,null,null,null,null,null,null,null,null,null,null,40.27,KIND 030454Z 30004KT 10SM OVC019 06/04 A2985 RMK AO2 SLP111 T00610044 401000061,null
IND,2023-12-03 5:54,43,40,89.06,0,0,0,29.85,1010.9,10,null,OVC,null,null,null,2400,null,null,null,null,null,null,null,null,null,null,43,KIND 030554Z 00000KT 10SM OVC024 06/04 A2985 RMK AO2 SLP109 T00610044 10083 20061 56012,null
IND,2023-12-03 6:25,41,38,88.97,100,3,0,29.81,null,10,null,SCT,BKN,OVC,null,2600,12000,13000,null,null,null,null,null,null,null,null,38.98,KIND 030625Z 10003KT 10SM SCT026 BKN120 OVC130 05/03 A2981 RMK AO2 PRESFR T00500033,null
IND,2023-12-03 6:54,40,38,92.49,120,5,0,29.79,1009.1,10,null,SCT,BKN,BKN,null,2000,11000,14000,null,null,null,null,null,null,null,null,35.9,KIND 030654Z 12005KT 10SM SCT020 BKN110 BKN140 04/03 A2979 RMK AO2 SLP091 T00440033,null
IND,2023-12-03 7:54,39,37,92.45,110,6,0,29.76,1007.9,10,null,SCT,null,null,null,10000,null,null,null,null,null,null,null,null,null,null,33.96,KIND 030754Z 11006KT 10SM SCT100 04/03 A2976 RMK AO2 SLP079 T00390028,null
IND,2023-12-03 8:54,38,37,96.14,280,3,0,29.76,1008.1,10,null,BKN,null,null,null,11000,null,null,null,null,null,null,null,null,null,null,35.55,KIND 030854Z 28003KT 10SM BKN110 03/03 A2976 RMK AO2 SLP081 T00330028 55029,null
IND,2023-12-03 9:54,40,38,92.49,260,6,T,29.78,1008.6,9,null,SCT,BKN,OVC,null,3600,8500,10000,null,#NAME?,null,null,null,null,null,null,35.17,KIND 030954Z 26006KT 9SM -RA SCT036 BKN085 OVC100 04/03 A2978 RMK AO2 RAB41 SLP086 P0000 T00440033,null
IND,2023-12-03 10:04,39,39,100,270,4,T,29.77,null,7,null,BKN,BKN,OVC,null,2100,3900,6000,null,null,null,null,null,null,null,null,35.59,KIND 031004Z 27004KT 7SM BKN021 BKN039 OVC060 04/04 A2977 RMK AO2 RAE04 P0000 T00390039,null
IND,2023-12-03 10:54,40,39,96.18,190,3,T,29.76,1008,10,null,BKN,OVC,null,null,1900,6500,null,null,null,null,null,null,null,null,null,37.83,KIND 031054Z 19003KT 10SM BKN019 OVC065 04/04 A2976 RMK AO2 RAE04 SLP080 P0000 T00440039,null
IND,2023-12-03 11:54,41,40,96.19,170,6,0,29.74,1007.4,10,null,BKN,OVC,null,null,1800,6500,null,null,null,null,null,null,null,null,null,36.37,KIND 031154Z 17006KT 10SM BKN018 OVC065 05/04 A2974 RMK AO2 SLP074 60000 T00500044 10061 20033 58007,null
IND,2023-12-03 12:54,42,40,92.55,210,6,0,29.74,1007.5,10,null,BKN,OVC,null,null,1800,6000,null,null,null,null,null,null,null,null,null,37.57,KIND 031254Z 21006KT 10SM BKN018 OVC060 06/04 A2974 RMK AO2 SLP075 T00560044,null
IND,2023-12-03 13:51,42.8,39.2,86.99,220,8,0,29.74,null,10,null,BKN,OVC,null,null,1000,1300,null,null,null,null,null,null,null,null,null,37.42,KIND 031351Z 22008KT 10SM BKN010 OVC013 06/04 A2974 RMK AO2 CIG 007V012,null
IND,2023-12-03 13:54,42,40,92.55,220,9,0,29.74,1007.3,10,null,BKN,OVC,null,null,1000,1300,null,null,null,null,null,null,null,null,null,35.95,KIND 031354Z 22009KT 10SM BKN010 OVC013 06/04 A2974 RMK AO2 CIG 007V013 SLP073 T00560044,null
IND,2023-12-03 14:02,42,40,92.55,220,9,0,29.74,null,10,null,BKN,OVC,null,null,700,1300,null,null,null,null,null,null,null,null,null,35.95,KIND 031402Z 22009KT 10SM BKN007 OVC013 06/04 A2974 RMK AO2 T00560044,null
IND,2023-12-03 14:54,42,41,96.21,230,14,0,29.76,1008,7,22,OVC,null,null,null,500,null,null,null,null,null,null,null,null,null,null,34.05,KIND 031454Z 23014G22KT 7SM OVC005 06/05 A2976 RMK AO2 SLP080 T00560050 53005,null
IND,2023-12-03 15:16,42,41,96.21,230,12,T,29.76,null,2.5,20,OVC,null,null,null,600,null,null,null,#NAME?,null,null,null,null,null,null,34.73,KIND 031516Z 23012G20KT 2 1/2SM -DZ BR OVC006 06/05 A2976 RMK AO2 DZB09 P0000 T00560050,null
IND,2023-12-03 15:25,42,41,96.21,220,13,T,29.76,null,1.5,21,OVC,null,null,null,500,null,null,null,#NAME?,null,null,null,null,null,null,34.38,KIND 031525Z 22013G21KT 1 1/2SM R05L/6000VP6000FT -DZ BR OVC005 06/05 A2976 RMK AO2 SFC VIS 2 DZB09 P0000 T00560050,null
IND,2023-12-03 15:54,42,41,96.21,220,12,T,29.76,1008.1,1.5,null,BKN,OVC,null,null,500,900,null,null,#NAME?,null,null,null,null,null,null,34.73,KIND 031554Z 22012KT 1 1/2SM -DZ BR BKN005 OVC009 06/05 A2976 RMK AO2 SFC VIS 2 DZB09 CIG 003V007 SLP081 P0000 T00560050,null
IND,2023-12-03 16:32,42,40,92.55,220,14,T,29.76,null,5,22,OVC,null,null,null,700,null,null,null,#NAME?,null,null,null,null,null,null,34.05,KIND 031632Z 22014G22KT 5SM -DZ BR OVC007 06/04 A2976 RMK AO2 CIG 006V011 P0000 T00560044,null
IND,2023-12-03 16:54,42,41,96.21,230,15,T,29.75,1007.7,7,21,OVC,null,null,null,800,null,null,null,null,null,null,null,null,null,null,33.74,KIND 031654Z 23015G21KT 7SM OVC008 06/05 A2975 RMK AO2 DZE46RAB46E51 SLP077 P0000 T00560050,null
IND,2023-12-03 17:11,43,41,92.58,230,13,0,29.75,null,10,null,OVC,null,null,null,1000,null,null,null,null,null,null,null,null,null,null,35.66,KIND 031711Z 23013KT 10SM OVC010 06/05 A2975 RMK AO2 CIG 007V014 T00610050,null
IND,2023-12-03 17:19,43,41,92.58,240,12,T,29.75,null,2.5,20,OVC,null,null,null,1000,null,null,null,#NAME?,null,null,null,null,null,null,36,KIND 031719Z 24012G20KT 2 1/2SM -RA BR OVC010 06/05 A2975 RMK AO2 DZB17E19RAB19 CIG 008V014 P0000 T00610050,null
IND,2023-12-03 17:52,42.8,41,93.3,250,14,null,29.75,null,2.5,null,BKN,OVC,null,null,898,1499,null,null,#NAME?,null,null,null,null,null,null,35.08,SPECI KIND 031752Z 25014KT 2 1/2SM RA BR BKN009 OVC015 06/05 A2975 RMK AO2 DZB17E19RAB19 CIG 007V011 P0003 FIBI (SKL),null
IND,2023-12-03 17:54,43,41,92.58,240,13,0.03,29.75,1007.7,2.5,null,BKN,OVC,null,null,900,1500,null,null,#NAME?,null,null,null,null,null,null,35.66,KIND 031754Z 24013KT 2 1/2SM -RA BR BKN009 OVC015 06/05 A2975 RMK AO2 DZB17E19RAB19 CIG 006V011 SLP077 P0003 60003 T00610050 10061 20050 58003,null
IND,2023-12-03 18:05,43,41,92.58,240,15,0.01,29.75,null,6,26,BKN,OVC,null,null,1100,1800,null,null,#NAME?,null,null,null,26,240,2023-12-03 18:02,35.04,KIND 031805Z 24015G26KT 6SM -RA BR BKN011 OVC018 06/05 A2975 RMK AO2 PK WND 24026/1802 P0001 T00610050,null
IND,2023-12-03 18:45,43,40,89.06,250,17,0.01,29.76,null,10,24,OVC,null,null,null,1500,null,null,null,null,null,null,null,27,260,2023-12-03 18:15,34.49,KIND 031845Z 25017G24KT 10SM OVC015 06/04 A2976 RMK AO2 PK WND 26027/1815 RAE08 P0001 T00610044,null
IND,2023-12-03 18:54,43,40,89.06,250,15,0.01,29.76,1008.1,10,24,OVC,null,null,null,1500,null,null,null,null,null,null,null,27,260,2023-12-03 18:15,35.04,KIND 031854Z 25015G24KT 10SM OVC015 06/04 A2976 RMK AO2 PK WND 26027/1815 RAE08 SLP081 P0001 T00610044,null
IND,2023-12-03 19:03,42,40,92.55,250,21,T,29.77,null,6,27,OVC,null,null,null,1300,null,null,null,#NAME?,null,null,null,27,240,2023-12-03 19:01,32.19,KIND 031903Z 25021G27KT 6SM -RA BR OVC013 06/04 A2977 RMK AO2 PK WND 24027/1901 RAB02 P0000 T00560044,null
IND,2023-12-03 19:43,42,39,89.01,260,16,0.01,29.79,null,10,28,BKN,OVC,null,null,1500,2200,null,null,null,null,null,null,30,260,2023-12-03 19:19,33.45,KIND 031943Z 26016G28KT 10SM BKN015 OVC022 06/04 A2979 RMK AO2 PK WND 26030/1919 RAB02E22 P0001 T00560039,null
IND,2023-12-03 19:54,42,39,89.01,260,18,0.01,29.8,1009.4,10,26,SCT,BKN,OVC,null,1600,2500,3900,null,#NAME?,null,null,null,30,260,2023-12-03 19:19,32.91,KIND 031954Z 26018G26KT 10SM -RA SCT016 BKN025 OVC039 06/04 A2980 RMK AO2 PK WND 26030/1919 RAB02E22B54 SLP094 P0001 T00560039,null
IND,2023-12-03 20:52,42.8,37.4,81.07,250,13.02,null,29.82,null,10,22.94,BKN,OVC,null,null,3300,3900,null,null,null,null,null,null,29,250,2023-12-03 20:03,35.4,SPECI KIND 032052Z 25013G23KT 10SM BKN033 OVC039 06/03 A2982 RMK AO2 PK WND 25029/2003 RAE14 P0000 FIBI (LD),null
IND,2023-12-03 20:54,42,38,85.6,250,14,T,29.82,1010.2,10,null,BKN,OVC,null,null,3300,4800,null,null,null,null,null,null,29,250,2023-12-03 20:03,34.05,KIND 032054Z 25014KT 10SM BKN033 OVC048 06/03 A2982 RMK AO2 PK WND 25029/2003 RAE14 SLP102 P0000 60002 T00560033 53023,null
IND,2023-12-03 21:49,41,37.4,86.89,270,15,T,29.85,null,10,null,BKN,BKN,OVC,null,1800,2300,4700,null,null,null,null,null,null,null,null,32.45,KIND 032149Z 27015KT 10SM BKN018 BKN023 OVC047 05/03 A2985 RMK AO2 RAB14E24 P0000,null
IND,2023-12-03 21:54,41,37,85.54,270,13,T,29.85,1011.1,10,null,BKN,BKN,OVC,null,1800,2700,4700,null,null,null,null,null,null,null,null,33.1,KIND 032154Z 27013KT 10SM BKN018 BKN027 OVC047 05/03 A2985 RMK AO2 RAB14E24 SLP111 P0000 T00500028,null
IND,2023-12-03 22:54,40,37,88.92,260,13,T,29.86,1011.5,10,null,BKN,BKN,null,null,2800,3400,null,null,null,null,null,null,null,null,null,31.82,KIND 032254Z 26013KT 10SM BKN028 BKN034 04/03 A2986 RMK AO2 RAB04E14 SLP115 P0000 T00440028,null
IND,2023-12-03 23:24,40,36,85.48,260,11,0,29.87,null,10,null,FEW,OVC,null,null,1600,3300,null,null,null,null,null,null,null,null,null,32.58,KIND 032324Z 26011KT 10SM FEW016 OVC033 04/02 A2987 RMK AO2 T00440022,null
IND,2023-12-03 23:54,38,35,88.83,270,10,0,29.87,1011.8,10,null,BKN,null,null,null,3400,null,null,null,null,null,null,null,null,null,null,30.49,KIND 032354Z 27010KT 10SM BKN034 03/02 A2987 RMK AO2 SLP118 60002 T00330017 10061 20033 53007,null
IND,2023-12-04 0:54,35,33,92.32,260,6,0,29.88,1012.4,10,null,FEW,null,null,null,3200,null,null,null,null,null,null,null,null,null,null,29.14,KIND 040054Z 26006KT 10SM FEW032 02/01 A2988 RMK AO2 SLP124 T00170006,null
IND,2023-12-04 1:54,34,32,92.29,240,6,0,29.9,1013,10,null,BKN,null,null,null,3000,null,null,null,null,null,null,null,null,null,null,27.94,KIND 040154Z 24006KT 10SM BKN030 01/00 A2990 RMK AO2 SLP130 T00110000,null
IND,2023-12-04 2:54,34,32,92.29,250,4,0,29.9,1013.1,10,null,BKN,null,null,null,3000,null,null,null,null,null,null,null,null,null,null,29.76,KIND 040254Z 25004KT 10SM BKN030 01/00 A2990 RMK AO2 SLP131 T00110000 51011,null
IND,2023-12-04 3:52,35.6,32,86.59,210,2.92,null,29.91,null,10,null,OVC,null,null,null,2500,null,null,null,null,null,null,null,null,null,null,32.92,SPECI KIND 040352Z 21003KT 10SM OVC025 02/00 A2991 RMK AO2 FIBI (ML),null
IND,2023-12-04 3:54,35,32,88.68,0,0,0,29.91,1013.3,10,null,OVC,null,null,null,2500,null,null,null,null,null,null,null,null,null,null,35,KIND 040354Z 00000KT 10SM OVC025 02/00 A2991 RMK AO2 SLP133 T00170000,null
IND,2023-12-04 4:54,36,33,88.73,240,3,0,29.91,1013.3,10,null,OVC,null,null,null,2500,null,null,null,null,null,null,null,null,null,null,33.26,KIND 040454Z 24003KT 10SM OVC025 02/01 A2991 RMK AO2 SLP133 T00220006 400610006,null
IND,2023-12-04 5:26,36,32,85.23,0,0,0,29.9,null,10,null,FEW,null,null,null,2700,null,null,null,null,null,null,null,null,null,null,36,KIND 040526Z 00000KT 10SM FEW027 02/00 A2990 RMK AO2 T00220000,null
IND,2023-12-04 5:54,35,31,85.17,0,0,0,29.89,1012.5,10,null,FEW,null,null,null,2700,null,null,null,null,null,null,null,null,null,null,35,KIND 040554Z 00000KT 10SM FEW027 02/M01 A2989 RMK AO2 SLP125 T00171006 10033 20006 58005,null
IND,2023-12-04 6:54,34,32,92.29,20,4,0,29.88,1012.2,10,null,SCT,null,null,null,25000,null,null,null,null,null,null,null,null,null,null,29.76,KIND 040654Z 02004KT 10SM SCT250 01/00 A2988 RMK AO2 SLP122 T00110000,null
IND,2023-12-04 7:35,32,30,92.22,0,0,0,29.89,null,10,null,BKN,null,null,null,1800,null,null,null,null,null,null,null,null,null,null,32,KIND 040735Z 00000KT 10SM BKN018 00/M01 A2989 RMK AO2 T00001011,null
IND,2023-12-04 7:54,32,30,92.22,0,0,0,29.89,1012.5,10,null,BKN,null,null,null,1800,null,null,null,null,null,null,null,null,null,null,32,KIND 040754Z 00000KT 10SM BKN018 00/M01 A2989 RMK AO2 SLP125 T00001011,null
IND,2023-12-04 8:11,32,29,88.53,20,3,0,29.88,null,10,null,SCT,null,null,null,1700,null,null,null,null,null,null,null,null,null,null,28.69,KIND 040811Z 02003KT 10SM SCT017 00/M02 A2988 RMK AO2 T00001017,null
IND,2023-12-04 8:54,33,30,88.58,0,0,0,29.88,1012.3,10,null,SCT,null,null,null,2000,null,null,null,null,null,null,null,null,null,null,33,KIND 040854Z 00000KT 10SM SCT020 01/M01 A2988 RMK AO2 SLP123 T00061011 56002,null
IND,2023-12-04 9:54,33,31,92.25,0,0,0,29.88,1012.3,10,null,BKN,BKN,null,null,4100,15000,null,null,null,null,null,null,null,null,null,33,KIND 040954Z 00000KT 10SM BKN041 BKN150 01/M01 A2988 RMK AO2 SLP123 T00061006,null
IND,2023-12-04 10:54,34,31,88.63,70,4,0,29.88,1012.2,10,null,SCT,BKN,null,null,4200,11000,null,null,null,null,null,null,null,null,null,29.76,KIND 041054Z 07004KT 10SM SCT042 BKN110 01/M01 A2988 RMK AO2 SLP122 T00111006,null
IND,2023-12-04 11:54,34,31,88.63,70,4,0,29.88,1012.3,10,null,FEW,BKN,null,null,4000,11000,null,null,null,null,null,null,null,null,null,29.76,KIND 041154Z 07004KT 10SM FEW040 BKN110 01/M01 A2988 RMK AO2 SLP123 70005 T00111006 10022 20000 58001,null
IND,2023-12-04 12:54,34,31,88.63,50,6,0,29.88,1012.3,10,null,FEW,SCT,OVC,null,4000,11000,13000,null,null,null,null,null,null,null,null,27.94,KIND 041254Z 05006KT 10SM FEW040 SCT110 OVC130 01/M01 A2988 RMK AO2 SLP123 T00111006,null
IND,2023-12-04 13:54,35,31,85.17,50,5,0,29.88,1012.4,10,null,BKN,OVC,null,null,10000,13000,null,null,null,null,null,null,null,null,null,29.96,KIND 041354Z 05005KT 10SM BKN100 OVC130 02/M01 A2988 RMK AO2 SLP124 T00171006,null
IND,2023-12-04 14:54,36,31,81.86,30,6,0,29.92,1013.7,10,null,OVC,null,null,null,10000,null,null,null,null,null,null,null,null,null,null,30.35,KIND 041454Z 03006KT 10SM OVC100 02/M01 A2992 RMK AO2 SLP137 T00221006 53014,null
IND,2023-12-04 15:54,37,31,78.69,50,5,0,29.94,1014.4,10,null,FEW,BKN,null,null,3100,8000,null,null,null,null,null,null,null,null,null,32.33,KIND 041554Z 05005KT 10SM FEW031 BKN080 03/M01 A2994 RMK AO2 SLP144 T00281006,null
IND,2023-12-04 16:54,39,32,75.75,0,0,0,29.95,1014.7,10,null,FEW,FEW,SCT,BKN,3100,6500,8000,25000,null,null,null,null,null,null,null,39,KIND 041654Z 00000KT 10SM FEW031 FEW065 SCT080 BKN250 04/00 A2995 RMK AO2 SLP147 T00390000,null
IND,2023-12-04 17:16,39,31,72.75,0,0,0,29.95,null,10,null,BKN,BKN,null,null,2300,6500,null,null,null,null,null,null,null,null,null,39,KIND 041716Z 00000KT 10SM BKN023 BKN065 04/M01 A2995 RMK AO2 T00391006,null
IND,2023-12-04 17:54,41,32,70.08,0,0,0,29.94,1014.3,10,null,BKN,BKN,null,null,2500,6500,null,null,null,null,null,null,null,null,null,41,KIND 041754Z 00000KT 10SM BKN025 BKN065 05/00 A2994 RMK AO2 SLP143 T00500000 10050 20011 50006,null
IND,2023-12-04 18:54,43,32,64.88,330,3,0,29.95,1014.8,10,null,BKN,BKN,null,null,2800,3700,null,null,null,null,null,null,null,null,null,41.26,KIND 041854Z 33003KT 10SM BKN028 BKN037 06/00 A2995 RMK AO2 SLP148 T00610000,null
IND,2023-12-04 19:01,43,33,67.54,280,4,0,29.95,null,10,null,SCT,SCT,null,null,2800,3700,null,null,null,null,null,null,null,null,null,40.27,KIND 041901Z 28004KT 10SM SCT028 SCT037 06/01 A2995 RMK AO2 T00610006,null
IND,2023-12-04 19:54,44,33,65.01,220,5,0,29.97,1015.5,10,null,SCT,null,null,null,3100,null,null,null,null,null,null,null,null,null,null,40.65,KIND 041954Z 22005KT 10SM SCT031 07/01 A2997 RMK AO2 SLP155 T00670006,null
IND,2023-12-04 20:54,43,32,64.88,290,9,0,30,1016.5,10,null,BKN,null,null,null,3100,null,null,null,null,null,null,null,null,null,null,37.19,KIND 042054Z 29009KT 10SM BKN031 06/00 A3000 RMK AO2 SLP165 T00610000 53022,null
IND,2023-12-04 21:54,41,33,72.96,290,7,0,30.03,1017.4,10,null,BKN,null,null,null,3100,null,null,null,null,null,null,null,null,null,null,35.75,KIND 042154Z 29007KT 10SM BKN031 05/01 A3003 RMK AO2 SLP174 T00500006,null
IND,2023-12-04 22:54,40,32,72.85,290,7,0,30.05,1018.1,10,null,BKN,null,null,null,3100,null,null,null,null,null,null,null,null,null,null,34.53,KIND 042254Z 29007KT 10SM BKN031 04/00 A3005 RMK AO2 SLP181 T00440000,null
IND,2023-12-04 23:54,40,32,72.85,280,8,0,30.07,1018.7,10,null,OVC,null,null,null,3100,null,null,null,null,null,null,null,null,null,null,33.97,KIND 042354Z 28008KT 10SM OVC031 04/00 A3007 RMK AO2 SLP187 T00440000 10067 20044 51021,null
IND,2023-12-05 0:54,38,32,78.77,280,4,0,30.08,1019.2,10,null,OVC,null,null,null,3000,null,null,null,null,null,null,null,null,null,null,34.43,KIND 050054Z 28004KT 10SM OVC030 03/00 A3008 RMK AO2 SLP192 T00330000,null
IND,2023-12-05 1:27,38,32,78.77,270,5,0,30.08,null,10,null,OVC,null,null,null,2800,null,null,null,null,null,null,null,null,null,null,33.52,KIND 050127Z 27005KT 10SM OVC028 03/00 A3008 RMK AO2 T00330000,null
IND,2023-12-05 1:51,35.6,30.2,80.51,270,7,0,30.08,null,10,null,SCT,null,null,null,2700,null,null,null,null,null,null,null,null,null,null,29.17,KIND 050151Z 27007KT 10SM SCT027 02/M01 A3008 RMK AO2,null
IND,2023-12-05 1:54,35,31,85.17,270,6,0,30.08,1019.4,10,null,SCT,null,null,null,2700,null,null,null,null,null,null,null,null,null,null,29.14,KIND 050154Z 27006KT 10SM SCT027 02/M01 A3008 RMK AO2 SLP194 T00171006,null
IND,2023-12-05 2:54,34,31,88.63,240,7,0,30.09,1019.7,10,null,SCT,BKN,null,null,2700,21000,null,null,null,null,null,null,null,null,null,27.22,KIND 050254Z 24007KT 10SM SCT027 BKN210 01/M01 A3009 RMK AO2 SLP197 T00111006 53009,null
IND,2023-12-05 3:12,35,31,85.17,240,6,0,30.1,null,10,null,BKN,BKN,null,null,2700,21000,null,null,null,null,null,null,null,null,null,29.14,KIND 050312Z 24006KT 10SM BKN027 BKN210 02/M01 A3010 RMK AO2 T00171006 $,null
IND,2023-12-05 3:54,35,31,85.17,250,6,0,30.09,1019.7,10,null,BKN,OVC,null,null,2400,21000,null,null,null,null,null,null,null,null,null,29.14,KIND 050354Z 25006KT 10SM BKN024 OVC210 02/M01 A3009 RMK AO2 SLP197 T00171006 $,null
IND,2023-12-05 4:54,35,31,85.17,270,3,0,30.1,1019.7,10,null,OVC,null,null,null,2100,null,null,null,null,null,null,null,null,null,null,32.12,KIND 050454Z 27003KT 10SM OVC021 02/M01 A3010 RMK AO2 SLP197 T00171006 400670000 $,null
IND,2023-12-05 5:54,35,30,81.78,230,4,0,30.07,1018.7,10,null,OVC,null,null,null,2000,null,null,null,null,null,null,null,null,null,null,30.92,KIND 050554Z 23004KT 10SM OVC020 02/M01 A3007 RMK AO2 SLP187 T00171011 10044 20011 58009 $,null
IND,2023-12-05 6:54,36,31,81.86,0,0,0,30.06,1018.5,10,null,OVC,null,null,null,2000,null,null,null,null,null,null,null,null,null,null,36,KIND 050654Z 00000KT 10SM OVC020 02/M01 A3006 RMK AO2 SLP185 T00221006 $,null
IND,2023-12-05 7:54,36,30,78.6,0,0,0,30.06,1018.5,10,null,OVC,null,null,null,2100,null,null,null,null,null,null,null,null,null,null,36,KIND 050754Z 00000KT 10SM OVC021 02/M01 A3006 RMK AO2 SLP185 T00221011 $,null
IND,2023-12-05 8:54,36,31,81.86,140,4,0,30.06,1018.2,10,null,OVC,null,null,null,2300,null,null,null,null,null,null,null,null,null,null,32.09,KIND 050854Z 14004KT 10SM OVC023 02/M01 A3006 RMK AO2 SLP182 T00221006 58004 $,null
IND,2023-12-05 9:52,37.4,30.2,74.98,160,5.05,null,30.05,null,10,null,FEW,BKN,OVC,null,2099,3599,4599,null,#NAME?,null,null,null,null,null,null,32.76,SPECI KIND 050952Z 16005KT 10SM -RA FEW021 BKN036 OVC046 03/M01 A3005 RMK AO2 RAB43 P0000 $ FIBI (GM),null
IND,2023-12-05 9:54,37,31,78.69,150,5,T,30.05,1018.2,10,null,SCT,BKN,OVC,null,2300,3600,4900,null,#NAME?,null,null,null,null,null,null,32.33,KIND 050954Z 15005KT 10SM -RA SCT023 BKN036 OVC049 03/M01 A3005 RMK AO2 RAB43 SLP182 P0000 T00281006 $,null
IND,2023-12-05 10:14,37,31,78.69,160,8,T,30.04,null,10,null,BKN,BKN,OVC,null,1800,3700,6000,null,#NAME?,null,null,null,null,null,null,30.27,KIND 051014Z 16008KT 10SM -RA BKN018 BKN037 OVC060 03/M01 A3004 RMK AO2 P0000 T00281006 $,null
IND,2023-12-05 10:54,36,33,88.73,160,8,T,30.02,1017.1,9,null,OVC,null,null,null,1600,null,null,null,#NAME?,null,null,null,null,null,null,29.04,KIND 051054Z 16008KT 9SM -RA OVC016 02/01 A3002 RMK AO2 SLP171 P0000 T00220006 $,null
IND,2023-12-05 11:07,37,34,88.78,160,9,0.01,30.01,null,9,null,OVC,null,null,null,1300,null,null,null,#NAME?,null,null,null,null,null,null,29.73,KIND 051107Z 16009KT 9SM -RA OVC013 03/01 A3001 RMK AO2 P0001 T00280011 $,null
IND,2023-12-05 11:38,37,34,88.78,170,7,0.01,30.01,null,8,null,SCT,OVC,null,null,1400,4400,null,null,#NAME?,null,null,null,null,null,null,30.87,KIND 051138Z 17007KT 8SM -RA SCT014 OVC044 03/01 A3001 RMK AO2 P0001 T00280011 $,null
IND,2023-12-05 11:54,37,35,92.39,180,9,0.01,30.01,1016.6,9,null,BKN,OVC,null,null,3100,4200,null,null,#NAME?,null,null,null,null,null,null,29.73,KIND 051154Z 18009KT 9SM -RA BKN031 OVC042 03/02 A3001 RMK AO2 SLP166 P0001 60001 70001 T00280017 10028 20017 58016 $,null
IND,2023-12-05 12:20,37,35,92.39,180,9,T,30,null,7,null,OVC,null,null,null,2800,null,null,null,#NAME?,null,null,null,null,null,null,29.73,KIND 051220Z 18009KT 7SM -RA OVC028 03/02 A3000 RMK AO2 P0000 T00280017 $,null
IND,2023-12-05 12:54,37,36,96.13,160,6,T,29.98,1015.9,7,null,SCT,BKN,OVC,null,2100,2600,3200,null,#NAME?,null,null,null,null,null,null,31.55,KIND 051254Z 16006KT 7SM -RA SCT021 BKN026 OVC032 03/02 A2998 RMK AO2 SLP159 P0000 T00280022 $,null
IND,2023-12-05 13:54,38,36,92.42,160,7,0.01,29.98,1015.7,5,null,OVC,null,null,null,1800,null,null,null,#NAME?,null,null,null,null,null,null,32.09,KIND 051354Z 16007KT 5SM -RA BR OVC018 03/02 A2998 RMK AO2 SLP157 P0001 T00330022 $,null
IND,2023-12-05 14:18,38,37,96.14,180,6,T,29.97,null,4,null,BKN,OVC,null,null,800,1600,null,null,#NAME?,null,null,null,null,null,null,32.76,KIND 051418Z 18006KT 4SM -DZ BR BKN008 OVC016 03/03 A2997 RMK AO2 RAE07DZB07 P0000 T00330028 $,null
IND,2023-12-05 14:54,39,37,92.45,180,8,T,29.97,1015.5,6,null,OVC,null,null,null,700,null,null,null,BR,null,null,null,null,null,null,32.74,KIND 051454Z 18008KT 6SM BR OVC007 04/03 A2997 RMK AO2 RAE07DZB07E52 CIG 006V011 SLP155 P0000 60001 T00390028 56011 $,null
IND,2023-12-05 15:54,40,38,92.49,220,9,0,29.98,1015.7,6,null,OVC,null,null,null,800,null,null,null,BR,null,null,null,null,null,null,33.46,KIND 051554Z 22009KT 6SM BR OVC008 04/03 A2998 RMK AO2 SLP157 T00440033,null
IND,2023-12-05 16:37,42,39,89.01,240,9,0,29.96,null,8,null,OVC,null,null,null,1100,null,null,null,null,null,null,null,null,null,null,35.95,KIND 051637Z 24009KT 8SM OVC011 06/04 A2996 RMK AO2 T00560039,null
IND,2023-12-05 16:54,42,39,89.01,240,10,0,29.96,1015,9,null,OVC,null,null,null,1300,null,null,null,null,null,null,null,null,null,null,35.51,KIND 051654Z 24010KT 9SM OVC013 06/04 A2996 RMK AO2 SLP150 T00560039,null
IND,2023-12-05 17:41,41,38,88.97,250,6,T,29.95,null,10,null,BKN,OVC,null,null,1500,3600,null,null,#NAME?,null,null,null,null,null,null,36.37,KIND 051741Z 25006KT 10SM -RA BKN015 OVC036 05/03 A2995 RMK AO2 RAB09 P0000 T00500033,null
IND,2023-12-05 17:54,42,39,89.01,240,8,T,29.94,1014.5,9,null,BKN,BKN,OVC,null,1500,2900,9000,null,null,null,null,null,null,null,null,36.43,KIND 051754Z 24008KT 9SM BKN015 BKN029 OVC090 06/04 A2994 RMK AO2 RAB09E47 SLP145 P0000 60001 T00560039 10056 20028 58010,null
IND,2023-12-05 18:52,42.8,37.4,81.07,250,5,0,29.93,null,10,null,FEW,BKN,OVC,null,1000,1300,1800,null,null,null,null,null,null,null,null,39.22,KIND 051852Z 25005KT 10SM FEW010 BKN013 OVC018 06/03 A2993 RMK AO2,null
IND,2023-12-05 18:54,43,38,82.37,260,5,0,29.93,1013.8,10,null,FEW,BKN,OVC,null,1000,1300,1800,null,null,null,null,null,null,null,null,39.46,KIND 051854Z 26005KT 10SM FEW010 BKN013 OVC018 06/03 A2993 RMK AO2 SLP138 T00610033,null
IND,2023-12-05 19:13,43,38,82.37,270,6,0,29.93,null,10,null,OVC,null,null,null,1600,null,null,null,null,null,null,null,null,null,null,38.78,KIND 051913Z 27006KT 10SM OVC016 06/03 A2993 RMK AO2 T00610033,null
IND,2023-12-05 19:52,42.8,37.4,81.07,300,4.08,null,29.93,null,10,null,OVC,null,null,null,1400,null,null,null,null,null,null,null,null,null,null,39.96,SPECI KIND 051952Z 30004KT 10SM OVC014 06/03 A2993 RMK AO2 FIBI (SKL),null
IND,2023-12-05 19:54,43,38,82.37,310,5,0,29.93,1014.1,10,null,BKN,OVC,null,null,1400,2000,null,null,null,null,null,null,null,null,null,39.46,KIND 051954Z 31005KT 10SM BKN014 OVC020 06/03 A2993 RMK AO2 SLP141 T00610033,null
IND,2023-12-05 20:52,42.8,37.4,81.07,280,6.03,null,29.97,null,10,null,OVC,null,null,null,1499,null,null,null,null,null,null,null,null,null,null,38.52,SPECI KIND 052052Z 28006KT 10SM OVC015 06/03 A2997 RMK AO2 FIBI (CF),null
IND,2023-12-05 20:54,43,38,82.37,290,6,0,29.97,1015.2,10,null,OVC,null,null,null,1500,null,null,null,null,null,null,null,null,null,null,38.78,KIND 052054Z 29006KT 10SM OVC015 06/03 A2997 RMK AO2 SLP152 T00610033 53014,null
IND,2023-12-05 21:54,42,38,85.6,290,8,0.01,30,1016.2,8,null,SCT,OVC,null,null,1500,2500,null,null,null,null,null,null,null,null,null,36.43,KIND 052154Z 29008KT 8SM SCT015 OVC025 06/03 A3000 RMK AO2 RAB39E54 SLP162 P0001 T00560033,null
IND,2023-12-05 22:42,41,38,88.97,310,8,T,30.02,null,9,null,SCT,OVC,null,null,2300,3100,null,null,null,null,null,null,null,null,null,35.2,KIND 052242Z 31008KT 9SM SCT023 OVC031 05/03 A3002 RMK AO2 RAB07E27 P0000 T00500033,null
IND,2023-12-05 22:54,41,38,88.97,290,8,T,30.02,1017.2,10,null,SCT,OVC,null,null,2600,3500,null,null,null,null,null,null,null,null,null,35.2,KIND 052254Z 29008KT 10SM SCT026 OVC035 05/03 A3002 RMK AO2 RAB07E27 SLP172 P0000 T00500033,null
IND,2023-12-05 23:54,41,38,88.97,300,10,0,30.05,1018,10,null,FEW,BKN,OVC,null,4100,4800,12000,null,null,null,null,null,null,null,null,34.25,KIND 052354Z 30010KT 10SM FEW041 BKN048 OVC120 05/03 A3005 RMK AO2 SLP180 60001 T00500033 10061 20050 51026,null
IND,2023-12-06 0:28,40,37,88.92,340,16,T,30.06,null,10,21,BKN,BKN,OVC,null,1500,2100,3400,null,null,null,null,null,null,null,null,30.85,KIND 060028Z 34016G21KT 10SM BKN015 BKN021 OVC034 04/03 A3006 RMK AO2 RAB10E21 P0000 T00440028,null
IND,2023-12-06 0:54,39,36,88.87,340,13,T,30.08,1019.1,10,null,SCT,OVC,null,null,1000,1500,null,null,null,null,null,null,null,null,null,30.54,KIND 060054Z 34013KT 10SM SCT010 OVC015 04/02 A3008 RMK AO2 RAB10E21 SLP191 P0000 T00390022,null
IND,2023-12-06 1:17,38,36,92.42,340,12,T,30.1,null,10,null,BKN,OVC,null,null,1000,1500,null,null,#NAME?,null,null,null,null,null,null,29.64,KIND 060117Z 34012KT 10SM -RA BKN010 OVC015 03/02 A3010 RMK AO2 RAB11 P0000 T00330022,null
IND,2023-12-06 1:54,37,35,92.39,330,11,T,30.11,1020.3,10,null,BKN,OVC,null,null,1000,1500,null,null,null,null,null,null,null,null,null,28.79,KIND 060154Z 33011KT 10SM BKN010 OVC015 03/02 A3011 RMK AO2 RAB11E27 SLP203 P0000 T00280017,null
IND,2023-12-06 2:02,37,35,92.39,340,14,0,30.12,null,10,null,BKN,OVC,null,null,800,1500,null,null,null,null,null,null,null,null,null,27.61,KIND 060202Z 34014KT 10SM BKN008 OVC015 03/02 A3012 RMK AO2 T00280017,null
IND,2023-12-06 2:54,37,35,92.39,350,14,0,30.14,1021.1,9,null,BKN,OVC,null,null,800,1500,null,null,null,null,null,null,null,null,null,27.61,KIND 060254Z 35014KT 9SM BKN008 OVC015 03/02 A3014 RMK AO2 SLP211 60000 T00280017 51031,null
IND,2023-12-06 3:38,38,35,88.83,360,10,0,30.16,null,10,null,OVC,null,null,null,1000,null,null,null,null,null,null,null,null,null,null,30.49,KIND 060338Z 36010KT 10SM OVC010 03/02 A3016 RMK AO2 T00330017,null
IND,2023-12-06 3:54,38,35,88.83,350,12,0,30.17,1022.2,10,null,OVC,null,null,null,1200,null,null,null,null,null,null,null,null,null,null,29.64,KIND 060354Z 35012KT 10SM OVC012 03/02 A3017 RMK AO2 SLP222 T00330017,null
IND,2023-12-06 4:54,36,33,88.73,340,8,0,30.16,1022,10,null,BKN,null,null,null,1200,null,null,null,null,null,null,null,null,null,null,29.04,KIND 060454Z 34008KT 10SM BKN012 02/01 A3016 RMK AO2 SLP220 T00220006 400610017,null
IND,2023-12-06 5:16,35,33,92.32,330,8,0,30.17,null,10,null,SCT,null,null,null,1200,null,null,null,null,null,null,null,null,null,null,27.81,KIND 060516Z 33008KT 10SM SCT012 02/01 A3017 RMK AO2 T00170006,null
IND,2023-12-06 5:54,35,33,92.32,320,6,0,30.19,1023,7,null,SCT,OVC,null,null,1800,4800,null,null,null,null,null,null,null,null,null,29.14,KIND 060554Z 32006KT 7SM SCT018 OVC048 02/01 A3019 RMK AO2 SLP230 60000 T00170006 10050 20011 51018,null
IND,2023-12-06 6:22,36,34,92.35,320,8,0,30.21,null,8,null,BKN,OVC,null,null,1800,4500,null,null,null,null,null,null,null,null,null,29.04,KIND 060622Z 32008KT 8SM BKN018 OVC045 02/01 A3021 RMK AO2 T00220011,null
IND,2023-12-06 6:54,36,33,88.73,330,8,0,30.21,1023.6,9,null,SCT,BKN,OVC,null,1400,1900,4900,null,null,null,null,null,null,null,null,29.04,KIND 060654Z 33008KT 9SM SCT014 BKN019 OVC049 02/01 A3021 RMK AO2 SLP236 T00220006,null
IND,2023-12-06 7:07,36,33,88.73,320,9,0,30.22,null,9,null,SCT,OVC,null,null,1900,4900,null,null,null,null,null,null,null,null,null,28.49,KIND 060707Z 32009KT 9SM SCT019 OVC049 02/01 A3022 RMK AO2 T00220006,null
IND,2023-12-06 7:34,36,34,92.35,330,9,0,30.23,null,7,null,FEW,OVC,null,null,900,4600,null,null,null,null,null,null,null,null,null,28.49,KIND 060734Z 33009KT 7SM FEW009 OVC046 02/01 A3023 RMK AO2 T00220011,null
IND,2023-12-06 7:54,36,34,92.35,320,10,0,30.24,1024.5,7,null,OVC,null,null,null,4200,null,null,null,null,null,null,null,null,null,null,27.98,KIND 060754Z 32010KT 7SM OVC042 02/01 A3024 RMK AO2 SLP245 T00220011,null
IND,2023-12-06 8:54,36,34,92.35,300,6,0,30.24,1024.4,8,null,SCT,OVC,null,null,1400,4200,null,null,null,null,null,null,null,null,null,30.35,KIND 060854Z 30006KT 8SM SCT014 OVC042 02/01 A3024 RMK AO2 SLP244 T00220011 50015,null
IND,2023-12-06 9:39,36,34,92.35,310,7,0,30.25,null,10,null,BKN,OVC,null,null,1200,4200,null,null,null,null,null,null,null,null,null,29.65,KIND 060939Z 31007KT 10SM BKN012 OVC042 02/01 A3025 RMK AO2 T00220011,null
IND,2023-12-06 9:54,36,33,88.73,300,8,0,30.26,1025.2,10,null,BKN,OVC,null,null,1200,4200,null,null,null,null,null,null,null,null,null,29.04,KIND 060954Z 30008KT 10SM BKN012 OVC042 02/01 A3026 RMK AO2 SLP252 T00220006,null
IND,2023-12-06 10:17,36,33,88.73,310,6,0,30.26,null,10,null,SCT,OVC,null,null,1200,4400,null,null,null,null,null,null,null,null,null,30.35,KIND 061017Z 31006KT 10SM SCT012 OVC044 02/01 A3026 RMK AO2 T00220006,null
IND,2023-12-06 10:43,36,33,88.73,310,8,0,30.27,null,8,null,BKN,OVC,null,null,1100,4200,null,null,null,null,null,null,null,null,null,29.04,KIND 061043Z 31008KT 8SM BKN011 OVC042 02/01 A3027 RMK AO2 T00220006,null
IND,2023-12-06 10:54,36,33,88.73,310,7,0,30.27,1025.6,8,null,BKN,OVC,null,null,1100,4200,null,null,null,null,null,null,null,null,null,29.65,KIND 061054Z 31007KT 8SM BKN011 OVC042 02/01 A3027 RMK AO2 SLP256 T00220006,null
IND,2023-12-06 11:27,35,31,85.17,320,9,0,30.27,null,10,null,SCT,OVC,null,null,1400,2000,null,null,null,null,null,null,null,null,null,27.24,KIND 061127Z 32009KT 10SM SCT014 OVC020 02/M01 A3027 RMK AO2 T00171006,null
IND,2023-12-06 11:54,35,30,81.78,310,9,0,30.27,1025.8,10,null,FEW,OVC,null,null,1400,2100,null,null,null,null,null,null,null,null,null,27.24,KIND 061154Z 31009KT 10SM FEW014 OVC021 02/M01 A3027 RMK AO2 SLP258 70002 T00171011 10022 20017 51013,null
IND,2023-12-06 12:54,34,29,81.71,310,8,0,30.29,1026.5,10,null,SCT,BKN,null,null,2200,4100,null,null,null,null,null,null,null,null,null,26.58,KIND 061254Z COR 31008KT 10SM SCT022 BKN041 01/M02 A3029 RMK AO2 SLP265 T00111017,null
IND,2023-12-06 12:57,34,29,81.71,300,9,0,30.29,null,10,null,SCT,BKN,null,null,2200,4100,null,null,null,null,null,null,null,null,null,26,KIND 061257Z 30009KT 10SM SCT022 BKN041 01/M02 A3029 RMK AO2 T00111017,null
IND,2023-12-06 13:54,34,29,81.71,300,8,0,30.32,1027.4,10,null,BKN,null,null,null,3900,null,null,null,null,null,null,null,null,null,null,26.58,KIND 061354Z 30008KT 10SM BKN039 01/M02 A3032 RMK AO2 SLP274 T00111017,null
IND,2023-12-06 14:54,34,28,78.43,290,8,0,30.32,1027.6,10,null,SCT,null,null,null,3900,null,null,null,null,null,null,null,null,null,null,26.58,KIND 061454Z 29008KT 10SM SCT039 01/M02 A3032 RMK AO2 SLP276 T00111022 51017,null
IND,2023-12-06 15:54,36,28,72.43,300,8,0,30.34,1028.1,10,null,FEW,BKN,null,null,1800,3500,null,null,null,null,null,null,null,null,null,29.04,KIND 061554Z 30008KT 10SM FEW018 BKN035 02/M02 A3034 RMK AO2 SLP281 T00221022,null
IND,2023-12-06 16:47,37,28,69.63,280,9,0,30.34,null,10,null,BKN,OVC,null,null,2400,3100,null,null,null,null,null,null,null,null,null,29.73,KIND 061647Z 28009KT 10SM BKN024 OVC031 03/M02 A3034 RMK AO2 T00281022,null
IND,2023-12-06 16:54,36,28,72.43,290,10,0,30.34,1027.9,10,null,BKN,OVC,null,null,2400,3100,null,null,null,null,null,null,null,null,null,27.98,KIND 061654Z 29010KT 10SM BKN024 OVC031 02/M02 A3034 RMK AO2 SLP279 T00221022,null
IND,2023-12-06 17:54,36,27,69.51,270,11,0,30.32,1027.3,10,null,OVC,null,null,null,2700,null,null,null,null,null,null,null,null,null,null,27.52,KIND 061754Z 27011KT 10SM OVC027 02/M03 A3032 RMK AO2 SLP273 T00221028 10033 20011 58003,null
IND,2023-12-06 18:54,37,27,66.82,260,8,0,30.3,1026.5,10,null,OVC,null,null,null,2700,null,null,null,null,null,null,null,null,null,null,30.27,KIND 061854Z 26008KT 10SM OVC027 03/M03 A3030 RMK AO2 SLP265 T00281028,null
IND,2023-12-06 19:54,38,27,64.24,260,10,0,30.28,1026.1,10,null,BKN,null,null,null,2800,null,null,null,null,null,null,null,null,null,null,30.49,KIND 061954Z 26010KT 10SM BKN028 03/M03 A3028 RMK AO2 SLP261 T00331028,null
IND,2023-12-06 20:54,37,27,66.82,270,9,0,30.27,1025.6,10,null,BKN,null,null,null,2800,null,null,null,null,null,null,null,null,null,null,29.73,KIND 062054Z 27009KT 10SM BKN028 03/M03 A3027 RMK AO2 SLP256 T00281028 56016,null
IND,2023-12-06 21:54,36,28,72.43,240,5,0,30.25,1025,10,null,BKN,OVC,null,null,2800,22000,null,null,null,null,null,null,null,null,null,31.15,KIND 062154Z 24005KT 10SM BKN028 OVC220 02/M02 A3025 RMK AO2 SLP250 T00221022,null
IND,2023-12-06 22:26,34,27,75.26,230,6,0,30.26,null,10,null,SCT,BKN,null,null,2800,20000,null,null,null,null,null,null,null,null,null,27.94,KIND 062226Z 23006KT 10SM SCT028 BKN200 01/M03 A3026 RMK AO2 T00111028,null
IND,2023-12-06 22:54,33,27,78.34,210,6,0,30.26,1025.2,10,null,FEW,BKN,null,null,2800,20000,null,null,null,null,null,null,null,null,null,26.73,KIND 062254Z 21006KT 10SM FEW028 BKN200 01/M03 A3026 RMK AO2 SLP252 T00061028,null
IND,2023-12-06 23:54,32,26,78.25,200,6,0,30.25,1024.9,10,null,BKN,null,null,null,20000,null,null,null,null,null,null,null,null,null,null,25.53,KIND 062354Z 20006KT 10SM BKN200 00/M03 A3025 RMK AO2 SLP249 T00001033 10033 20000 56008,null
IND,2023-12-07 0:54,32,26,78.25,210,6,0,30.24,1024.7,10,null,BKN,null,null,null,20000,null,null,null,null,null,null,null,null,null,null,25.53,KIND 070054Z 21006KT 10SM BKN200 00/M03 A3024 RMK AO2 SLP247 T00001033,null
IND,2023-12-07 1:54,32,27,81.55,190,8,0,30.21,1023.7,10,null,BKN,null,null,null,25000,null,null,null,null,null,null,null,null,null,null,24.11,KIND 070154Z 19008KT 10SM BKN250 00/M03 A3021 RMK AO2 SLP237 T00001028,null
IND,2023-12-07 2:54,30,26,84.85,190,6,0,30.18,1022.9,10,null,FEW,null,null,null,25000,null,null,null,null,null,null,null,null,null,null,23.12,KIND 070254Z 19006KT 10SM FEW250 M01/M03 A3018 RMK AO2 SLP229 T10111033 58020,null
IND,2023-12-07 3:54,31,27,84.92,200,8,0,30.16,1022.1,10,null,SCT,null,null,null,25000,null,null,null,null,null,null,null,null,null,null,22.88,KIND 070354Z 20008KT 10SM SCT250 M01/M03 A3016 RMK AO2 SLP221 T10061028,null
IND,2023-12-07 4:54,32,27,81.55,200,9,0,30.15,1021.5,10,null,SCT,null,null,null,25000,null,null,null,null,null,null,null,null,null,null,23.51,KIND 070454Z 20009KT 10SM SCT250 00/M03 A3015 RMK AO2 SLP215 T00001028 400331011,null
IND,2023-12-07 5:54,33,28,81.63,190,10,0,30.12,1020.7,10,null,BKN,null,null,null,9500,null,null,null,null,null,null,null,null,null,null,24.22,KIND 070554Z 19010KT 10SM BKN095 01/M02 A3012 RMK AO2 SLP207 T00061022 10006 21011 58020,null
IND,2023-12-07 6:54,34,29,81.71,210,9,0,30.11,1020.3,10,null,OVC,null,null,null,9000,null,null,null,null,null,null,null,null,null,null,26,KIND 070654Z 21009KT 10SM OVC090 01/M02 A3011 RMK AO2 SLP203 T00111017,null
IND,2023-12-07 7:54,34,28,78.43,200,10,0,30.11,1020.3,10,null,BKN,BKN,null,null,9500,25000,null,null,null,null,null,null,null,null,null,25.48,KIND 070754Z 20010KT 10SM BKN095 BKN250 01/M02 A3011 RMK AO2 SLP203 T00111022,null
IND,2023-12-07 8:54,33,28,81.63,200,9,0,30.09,1019.7,10,null,FEW,FEW,null,null,11000,25000,null,null,null,null,null,null,null,null,null,24.76,KIND 070854Z 20009KT 10SM FEW110 FEW250 01/M02 A3009 RMK AO2 SLP197 T00061022 58010,null
IND,2023-12-07 9:54,34,29,81.71,200,10,0,30.07,1018.9,10,null,CLR,null,null,null,null,null,null,null,null,null,null,null,null,null,null,25.48,KIND 070954Z 20010KT 10SM CLR 01/M02 A3007 RMK AO2 SLP189 T00111017,null
IND,2023-12-07 10:54,34,29,81.71,210,11,0,30.05,1018.1,10,null,FEW,null,null,null,25000,null,null,null,null,null,null,null,null,null,null,24.99,KIND 071054Z 21011KT 10SM FEW250 01/M02 A3005 RMK AO2 SLP181 T00111017,null
IND,2023-12-07 11:54,34,29,81.71,210,10,0,30.03,1017.5,10,null,CLR,null,null,null,null,null,null,null,null,null,null,null,null,null,null,25.48,KIND 071154Z 21010KT 10SM CLR 01/M02 A3003 RMK AO2 SLP175 T00111017 10017 20006 56022,null
IND,2023-12-07 12:54,34,29,81.71,210,8,0,30.02,1017.3,10,null,SCT,null,null,null,25000,null,null,null,null,null,null,null,null,null,null,26.58,KIND 071254Z 21008KT 10SM SCT250 01/M02 A3002 RMK AO2 SLP173 T00111017,null
IND,2023-12-07 13:54,37,31,78.69,220,9,0,30.02,1017.2,10,null,BKN,null,null,null,25000,null,null,null,null,null,null,null,null,null,null,29.73,KIND 071354Z 22009KT 10SM BKN250 03/M01 A3002 RMK AO2 SLP172 T00281006,null
IND,2023-12-07 14:54,41,32,70.08,230,10,0,30.02,1017,10,null,BKN,null,null,null,25000,null,null,null,null,null,null,null,null,null,null,34.25,KIND 071454Z 23010KT 10SM BKN250 05/00 A3002 RMK AO2 SLP170 T00500000 57003,null
IND,2023-12-07 15:54,45,33,62.58,230,16,0,30,1016.5,10,null,BKN,null,null,null,25000,null,null,null,null,null,null,null,null,null,null,37.36,KIND 071554Z 23016KT 10SM BKN250 07/01 A3000 RMK AO2 SLP165 T00720006,null
IND,2023-12-07 16:54,47,33,58.01,230,16,0,29.98,1015.7,10,null,BKN,null,null,null,25000,null,null,null,null,null,null,null,null,null,null,39.97,KIND 071654Z 23016KT 10SM BKN250 08/01 A2998 RMK AO2 SLP157 T00830006,null
IND,2023-12-07 17:54,51,35,54.12,230,14,0,29.95,1014.5,10,null,BKN,null,null,null,25000,null,null,null,null,null,null,null,null,null,null,51,KIND 071754Z 23014KT 10SM BKN250 11/02 A2995 RMK AO2 SLP145 T01060017 10106 20011 58022,null
IND,2023-12-07 18:54,53,36,52.3,230,15,0,29.92,1013.6,10,20,SCT,null,null,null,25000,null,null,null,null,null,null,null,null,null,null,53,KIND 071854Z 23015G20KT 10SM SCT250 12/02 A2992 RMK AO2 SLP136 T01170022,null
IND,2023-12-07 19:54,55,37,50.58,230,11,0,29.91,1013,10,null,SCT,null,null,null,25000,null,null,null,null,null,null,null,null,null,null,55,KIND 071954Z 23011KT 10SM SCT250 13/03 A2991 RMK AO2 SLP130 T01280028,null
IND,2023-12-07 20:54,55,38,52.6,220,10,0,29.9,1012.8,10,null,FEW,null,null,null,25000,null,null,null,null,null,null,null,null,null,null,55,KIND 072054Z 22010KT 10SM FEW250 13/03 A2990 RMK AO2 SLP128 T01280033 56016,null
IND,2023-12-07 21:54,52,38,58.71,210,8,0,29.9,1012.7,10,null,FEW,null,null,null,25000,null,null,null,null,null,null,null,null,null,null,52,KIND 072154Z 21008KT 10SM FEW250 11/03 A2990 RMK AO2 SLP127 T01110033,null
IND,2023-12-07 22:54,49,38,65.63,200,8,0,29.9,1012.9,10,null,SCT,null,null,null,25000,null,null,null,null,null,null,null,null,null,null,45.05,KIND 072254Z 20008KT 10SM SCT250 09/03 A2990 RMK AO2 SLP129 T00940033,null
IND,2023-12-07 23:54,48,38,68.13,180,8,0,29.9,1012.9,10,null,SCT,null,null,null,25000,null,null,null,null,null,null,null,null,null,null,43.82,KIND 072354Z 18008KT 10SM SCT250 09/03 A2990 RMK AO2 SLP129 T00890033 10128 20083 56000,null
IND,2023-12-08 0:54,49,37,63.1,190,9,0,29.89,1012.4,10,null,SCT,null,null,null,25000,null,null,null,null,null,null,null,null,null,null,44.65,KIND 080054Z 19009KT 10SM SCT250 09/03 A2989 RMK AO2 SLP124 T00940028,null
IND,2023-12-08 1:54,48,36,62.97,190,10,0,29.88,1012.2,10,null,FEW,null,null,null,25000,null,null,null,null,null,null,null,null,null,null,43.03,KIND 080154Z 19010KT 10SM FEW250 09/02 A2988 RMK AO2 SLP122 T00890022,null
IND,2023-12-08 2:54,49,35,58.3,200,11,0,29.87,1011.8,10,null,SCT,null,null,null,25000,null,null,null,null,null,null,null,null,null,null,43.95,KIND 080254Z 20011KT 10SM SCT250 09/02 A2987 RMK AO2 SLP118 T00940017 56009,null
IND,2023-12-08 3:54,49,34,56.02,180,10,0,29.87,1011.6,10,null,OVC,null,null,null,25000,null,null,null,null,null,null,null,null,null,null,44.29,KIND 080354Z 18010KT 10SM OVC250 09/01 A2987 RMK AO2 SLP116 T00940011,null
IND,2023-12-08 4:54,49,33,53.82,190,8,0,29.86,1011.4,10,null,OVC,null,null,null,25000,null,null,null,null,null,null,null,null,null,null,45.05,KIND 080454Z 19008KT 10SM OVC250 09/01 A2986 RMK AO2 SLP114 T00940006 401280000,null
IND,2023-12-08 5:54,50,31,47.83,210,14,0,29.87,1011.4,10,null,FEW,null,null,null,25000,null,null,null,null,null,null,null,null,null,null,50,KIND 080554Z COR 21014KT 10SM FEW250 10/M01 A2987 RMK AO2 SLP114 T01001006 10106 20083 55001,null
IND,2023-12-08 6:54,50,30,45.93,210,15,0,29.88,1011.7,10,null,CLR,null,null,null,null,null,null,null,null,null,null,null,null,null,null,50,KIND 080654Z 21015KT 10SM CLR 10/M01 A2988 RMK AO2 SLP117 T01001011,null
IND,2023-12-08 7:54,51,30,44.26,220,15,0,29.88,1011.9,10,26,FEW,SCT,null,null,20000,25000,null,null,null,null,null,null,26,210,2023-12-08 7:50,51,KIND 080754Z 22015G26KT 10SM FEW200 SCT250 11/M01 A2988 RMK AO2 PK WND 21026/0750 SLP119 T01061011,null
IND,2023-12-08 8:54,51,30,44.26,220,13,0,29.89,1012,10,25,BKN,BKN,null,null,4700,5500,null,null,null,null,null,null,28,210,2023-12-08 8:43,51,KIND 080854Z 22013G25KT 10SM BKN047 BKN055 11/M01 A2989 RMK AO2 PK WND 21028/0843 SLP120 T01061011 51006,null
IND,2023-12-08 9:54,50,30,45.93,210,13,0,29.88,1011.8,10,22,BKN,null,null,null,4200,null,null,null,null,null,null,null,null,null,null,50,KIND 080954Z 21013G22KT 10SM BKN042 10/M01 A2988 RMK AO2 SLP118 T01001011,null
IND,2023-12-08 10:54,50,30,45.93,210,14,0,29.87,1011.7,10,null,OVC,null,null,null,4800,null,null,null,null,null,null,null,null,null,null,50,KIND 081054Z 21014KT 10SM OVC048 10/M01 A2987 RMK AO2 SLP117 T01001011,null
IND,2023-12-08 11:54,50,30,45.93,210,13,0,29.88,1011.9,10,23,OVC,null,null,null,3700,null,null,null,null,null,null,null,null,null,null,50,KIND 081154Z 21013G23KT 10SM OVC037 10/M01 A2988 RMK AO2 SLP119 T01001011 10111 20094 55002,null
IND,2023-12-08 12:54,49,31,49.65,190,11,0,29.88,1011.9,10,null,OVC,null,null,null,3500,null,null,null,null,null,null,null,null,null,null,43.95,KIND 081254Z 19011KT 10SM OVC035 09/M01 A2988 RMK AO2 SLP119 T00941006,null
IND,2023-12-08 13:54,50,32,49.81,200,13,0,29.88,1012.1,10,null,OVC,null,null,null,3600,null,null,null,null,null,null,null,null,null,null,50,KIND 081354Z 20013KT 10SM OVC036 10/00 A2988 RMK AO2 SLP121 T01000000,null
IND,2023-12-08 14:54,51,34,52,200,13,0,29.89,1012.4,10,null,BKN,BKN,null,null,4000,6000,null,null,null,null,null,null,null,null,null,51,KIND 081454Z 20013KT 10SM BKN040 BKN060 11/01 A2989 RMK AO2 SLP124 T01060011 53005,null
IND,2023-12-08 15:54,53,35,50.27,200,15,0,29.89,1012.1,10,null,SCT,SCT,BKN,null,3600,6000,25000,null,null,null,null,null,null,null,null,53,KIND 081554Z 20015KT 10SM SCT036 SCT060 BKN250 12/02 A2989 RMK AO2 SLP121 T01170017,null
IND,2023-12-08 16:54,54,36,50.42,210,14,0,29.88,1011.7,10,22,BKN,OVC,null,null,4300,25000,null,null,null,null,null,null,null,null,null,54,KIND 081654Z 21014G22KT 10SM BKN043 OVC250 12/02 A2988 RMK AO2 SLP117 T01220022,null
IND,2023-12-08 17:54,54,38,54.56,220,15,0,29.86,1011,10,26,SCT,BKN,BKN,null,3600,4700,25000,null,null,null,null,null,26,210,2023-12-08 17:46,54,KIND 081754Z 22015G26KT 10SM SCT036 BKN047 BKN250 12/03 A2986 RMK AO2 PK WND 21026/1746 SLP110 T01220033 10139 20094 58012,null
IND,2023-12-08 18:54,55,39,54.7,200,18,0,29.84,1010.3,10,23,BKN,null,null,null,4100,null,null,null,null,null,null,null,null,null,null,55,KIND 081854Z 20018G23KT 10SM BKN041 13/04 A2984 RMK AO2 SLP103 T01280039,null
IND,2023-12-08 19:54,54,40,58.99,200,16,0,29.83,1010.2,10,null,SCT,BKN,BKN,null,3600,5500,25000,null,null,null,null,null,null,null,null,54,KIND 081954Z 20016KT 10SM SCT036 BKN055 BKN250 12/04 A2983 RMK AO2 SLP102 T01220044,null
IND,2023-12-08 20:54,56,42,59.26,200,12,0,29.83,1010.1,10,null,BKN,BKN,BKN,null,3900,5500,25000,null,null,null,null,null,null,null,null,56,KIND 082054Z 20012KT 10SM BKN039 BKN055 BKN250 13/06 A2983 RMK AO2 SLP101 T01330056 55008,null
IND,2023-12-08 21:54,56,44,63.99,180,14,0,29.83,1010.2,10,null,BKN,BKN,BKN,null,3200,6000,25000,null,null,null,null,null,null,null,null,56,KIND 082154Z 18014KT 10SM BKN032 BKN060 BKN250 13/07 A2983 RMK AO2 SLP102 T01330067,null
IND,2023-12-08 22:17,56,45,66.48,190,14,0,29.84,null,10,23,BKN,OVC,null,null,2900,3400,null,null,null,null,null,null,null,null,null,56,KIND 082217Z 19014G23KT 10SM BKN029 OVC034 13/07 A2984 RMK AO2 T01330072,null
IND,2023-12-08 22:54,56,45,66.48,190,12,0,29.84,1010.6,10,null,OVC,null,null,null,2400,null,null,null,null,null,null,null,null,null,null,56,KIND 082254Z 19012KT 10SM OVC024 13/07 A2984 RMK AO2 SLP106 T01330072,null
IND,2023-12-08 23:54,55,46,71.6,190,17,0,29.85,1011,10,null,OVC,null,null,null,2300,null,null,null,null,null,null,null,null,null,null,55,KIND 082354Z 19017KT 10SM OVC023 13/08 A2985 RMK AO2 SLP110 T01280078 10139 20122 53007,null
IND,2023-12-09 0:54,56,45,66.48,190,16,0,29.86,1011.1,10,null,OVC,null,null,null,2400,null,null,null,null,null,null,null,null,null,null,56,KIND 090054Z 19016KT 10SM OVC024 13/07 A2986 RMK AO2 SLP111 T01330072,null
IND,2023-12-09 1:44,56,43,61.59,200,11,0,29.86,null,10,null,OVC,null,null,null,3100,null,null,null,null,null,null,null,null,null,null,56,KIND 090144Z 20011KT 10SM OVC031 13/06 A2986 RMK AO2 T01330061,null
IND,2023-12-09 1:54,56,43,61.59,190,11,0,29.86,1011.1,10,null,OVC,null,null,null,3100,null,null,null,null,null,null,null,null,null,null,56,KIND 090154Z 19011KT 10SM OVC031 13/06 A2986 RMK AO2 SLP111 T01330061,null
IND,2023-12-09 2:20,56,42,59.26,190,13,0,29.86,null,10,null,OVC,null,null,null,2900,null,null,null,null,null,null,null,null,null,null,56,KIND 090220Z 19013KT 10SM OVC029 13/06 A2986 RMK AO2 T01330056,null
IND,2023-12-09 2:44,57,41,54.99,190,12,0,29.86,null,10,null,OVC,null,null,null,3100,null,null,null,null,null,null,null,null,null,null,57,KIND 090244Z 19012KT 10SM OVC031 14/05 A2986 RMK AO2 T01390050,null
IND,2023-12-09 2:54,57,41,54.99,190,12,0,29.86,1010.9,10,null,OVC,null,null,null,3100,null,null,null,null,null,null,null,null,null,null,57,KIND 090254Z 19012KT 10SM OVC031 14/05 A2986 RMK AO2 SLP109 T01390050 50000,null
IND,2023-12-09 3:54,56,40,54.85,180,10,0,29.86,1010.9,10,null,OVC,null,null,null,3200,null,null,null,null,null,null,null,null,null,null,56,KIND 090354Z 18010KT 10SM OVC032 13/04 A2986 RMK AO2 SLP109 T01330044,null
IND,2023-12-09 4:32,57,40,52.9,190,14,0,29.85,null,10,null,OVC,null,null,null,2900,null,null,null,null,null,null,null,null,null,null,57,KIND 090432Z 19014KT 10SM OVC029 14/04 A2985 RMK AO2 T01390044,null
IND,2023-12-09 4:54,57,41,54.99,190,13,0,29.84,1010.5,10,null,OVC,null,null,null,2900,null,null,null,null,null,null,null,null,null,null,57,KIND 090454Z 19013KT 10SM OVC029 14/05 A2984 RMK AO2 SLP105 T01390050 401390094,null
IND,2023-12-09 5:54,56,45,66.48,190,14,0,29.83,1010.1,10,null,OVC,null,null,null,2600,null,null,null,null,null,null,null,null,null,null,56,KIND 090554Z 19014KT 10SM OVC026 13/07 A2983 RMK AO2 SLP101 T01330072 10139 20128 58008,null
IND,2023-12-09 6:54,55,48,77.21,190,14,T,29.82,1009.6,10,23,OVC,null,null,null,2700,null,null,null,null,null,null,null,null,null,null,55,KIND 090654Z 19014G23KT 10SM OVC027 13/09 A2982 RMK AO2 RAB14E36 SLP096 P0000 T01280089,null
IND,2023-12-09 7:54,54,48,80.07,170,11,T,29.81,1009.3,10,null,OVC,null,null,null,2800,null,null,null,#NAME?,null,null,null,null,null,null,54,KIND 090754Z 17011KT 10SM -RA OVC028 12/09 A2981 RMK AO2 RAB43 SLP093 P0000 T01220089,null
IND,2023-12-09 8:54,54,49,83.13,160,12,T,29.79,1008.7,10,null,OVC,null,null,null,2400,null,null,null,null,null,null,null,null,null,null,54,KIND 090854Z 16012KT 10SM OVC024 12/09 A2979 RMK AO2 RAE01 SLP087 P0000 60000 T01220094 58014,null
IND,2023-12-09 9:54,55,49,80.15,160,11,0,29.78,1008.2,10,null,OVC,null,null,null,2200,null,null,null,null,null,null,null,null,null,null,55,KIND 090954Z 16011KT 10SM OVC022 13/09 A2978 RMK AO2 SLP082 T01280094,null
IND,2023-12-09 10:54,56,50,80.23,170,13,T,29.78,1008.4,10,null,OVC,null,null,null,2300,null,null,null,#NAME?,null,null,null,null,null,null,56,KIND 091054Z 17013KT 10SM -RA OVC023 13/10 A2978 RMK AO2 RAB47 SLP084 P0000 T01330100,null
IND,2023-12-09 11:54,55,51,86.34,160,10,0.02,29.78,1008.4,10,null,OVC,null,null,null,2000,null,null,null,null,null,null,null,null,null,null,55,KIND 091154Z 16010KT 10SM OVC020 13/11 A2978 RMK AO2 RAE32 SLP084 P0002 60002 70002 T01280106 10133 20117 56003,null
IND,2023-12-09 12:54,56,51,83.26,160,10,0,29.79,1008.8,10,null,BKN,OVC,null,null,2200,3000,null,null,null,null,null,null,null,null,null,56,KIND 091254Z 16010KT 10SM BKN022 OVC030 13/11 A2979 RMK AO2 SLP088 T01330106,null
IND,2023-12-09 13:54,56,52,86.4,170,12,0,29.82,1009.7,10,null,OVC,null,null,null,2200,null,null,null,null,null,null,null,null,null,null,56,KIND 091354Z 17012KT 10SM OVC022 13/11 A2982 RMK AO2 SLP097 T01330111,null
IND,2023-12-09 14:52,57.2,53.6,87.74,170,11.08,null,29.83,null,10,null,SCT,BKN,BKN,null,2500,3398,6499,null,null,null,null,null,null,null,null,57.2,SPECI KIND 091452Z 17011KT 10SM SCT025 BKN034 BKN065 14/12 A2983 RMK AO2 RAB30E39 P0000 FIBI (SKL),null
IND,2023-12-09 14:54,58,53,83.39,170,10,T,29.83,1010.1,10,null,SCT,BKN,BKN,null,2500,3400,6500,null,null,null,null,null,null,null,null,58,KIND 091454Z 17010KT 10SM SCT025 BKN034 BKN065 14/12 A2983 RMK AO2 RAB30E39 SLP101 P0000 60000 T01440117 50013,null
IND,2023-12-09 15:46,63,55,75.11,200,12,0,29.83,null,10,null,BKN,BKN,null,null,2600,6500,null,null,null,null,null,null,null,null,null,63,KIND 091546Z 20012KT 10SM BKN026 BKN065 17/13 A2983 RMK AO2 T01720128,null
IND,2023-12-09 15:54,62,55,77.81,210,15,0,29.83,1010,10,22,BKN,null,null,null,2600,null,null,null,null,null,null,null,null,null,null,62,KIND 091554Z 21015G22KT 10SM BKN026 17/13 A2983 RMK AO2 SLP100 T01670128,null
IND,2023-12-09 16:54,63,54,72.42,210,19,0,29.81,1009.3,10,26,BKN,OVC,null,null,2800,3600,null,null,null,null,null,null,26,210,2023-12-09 16:54,63,KIND 091654Z 21019G26KT 10SM BKN028 OVC036 17/12 A2981 RMK AO2 PK WND 21026/1654 SLP093 OCNL LTGIC DSNT W CB DSNT W MOV E T01720122,null
IND,2023-12-09 17:03,58,52,80.38,290,17,T,29.83,null,7,28,BKN,BKN,OVC,null,2800,3300,4400,null,#NAME?,null,null,null,28,230,2023-12-09 16:58,58,KIND 091703Z 29017G28KT 7SM -TSRA BKN028CB BKN033 OVC044 14/11 A2983 RMK AO2 PK WND 23028/1658 RAB1659 TSB03 OCNL LTGICCG OHD TS OHD MOV E P0000 T01440111,null
IND,2023-12-09 17:11,54,52,92.92,290,15,T,29.84,null,4,null,FEW,BKN,OVC,null,1900,2600,4000,null,#NAME?,null,null,null,28,230,2023-12-09 16:58,54,KIND 091711Z 29015KT 4SM R05L/6000VP6000FT -TSRA BR FEW019 BKN026CB OVC040 12/11 A2984 RMK AO2 PK WND 23028/1658 WSHFT 1651 RAB1659 TSB03 OCNL LTGICCG OHD TS OHD MOV E P0000 T01220111,null
IND,2023-12-09 17:54,54,49,83.13,270,9,0.04,29.84,1010.3,10,null,BKN,BKN,null,null,2500,3300,null,null,TS,null,null,null,28,230,2023-12-09 16:58,54,KIND 091754Z 27009KT 10SM TS BKN025CB BKN033 12/09 A2984 RMK AO2 PK WND 23028/1658 WSHFT 1651 RAB1659E45 TSB03 SLP103 OCNL LTGICCG E TS E MOV E P0004 60004 T01220094 10183 20117 53001 $,null
IND,2023-12-09 18:09,54,48,80.07,270,12,0,29.83,null,10,null,FEW,SCT,BKN,null,3300,4300,5500,null,null,null,null,null,null,null,null,54,KIND 091809Z COR 27012KT 10SM FEW033 SCT043 BKN055 12/09 A2983 RMK AO2 TSE08 T01220089 $,null
IND,2023-12-09 18:54,55,46,71.6,300,10,0,29.81,1009.5,10,null,FEW,BKN,BKN,null,3500,6000,10000,null,null,null,null,null,null,null,null,55,KIND 091854Z 30010KT 10SM FEW035 BKN060 BKN100 13/08 A2981 RMK AO2 SLP095 TSE08 T01280078 $,null
IND,2023-12-09 19:54,52,43,71.28,330,11,T,29.83,1010.2,10,null,OVC,null,null,null,3200,null,null,null,null,null,null,null,null,null,null,52,KIND 091954Z 33011KT 10SM OVC032 11/06 A2983 RMK AO2 LTG DSNT SE RAB20E36 SLP102 P0000 T01110061 $,null
IND,2023-12-09 20:54,51,42,71.18,290,7,0,29.84,1010.4,10,null,BKN,null,null,null,3900,null,null,null,null,null,null,null,null,null,null,51,KIND 092054Z 29007KT 10SM BKN039 11/06 A2984 RMK AO2 SLP104 60000 T01060056 53000 $,null
IND,2023-12-09 21:54,51,42,71.18,310,8,0,29.85,1010.8,10,null,SCT,BKN,BKN,null,4500,6000,7500,null,null,null,null,null,null,null,null,51,KIND 092154Z 31008KT 10SM SCT045 BKN060 BKN075 11/06 A2985 RMK AO2 SLP108 T01060056 $,null
IND,2023-12-09 22:54,49,40,70.96,260,4,0,29.88,1011.7,10,null,SCT,BKN,null,null,7500,11000,null,null,null,null,null,null,null,null,null,47.27,KIND 092254Z 26004KT 10SM SCT075 BKN110 09/04 A2988 RMK AO2 SLP117 T00940044 $,null
IND,2023-12-09 23:54,45,40,82.51,260,5,0,29.89,1012.2,10,null,BKN,null,null,null,11000,null,null,null,null,null,null,null,null,null,null,41.83,KIND 092354Z 26005KT 10SM BKN110 07/04 A2989 RMK AO2 SLP122 60000 T00720044 10133 20072 52016 $,null
IND,2023-12-10 0:54,44,39,82.44,250,8,0,29.92,1013.2,10,null,SCT,null,null,null,3400,null,null,null,null,null,null,null,null,null,null,38.9,KIND 100054Z 25008KT 10SM SCT034 07/04 A2992 RMK AO2 SLP132 T00670039 $,null
IND,2023-12-10 1:54,46,38,73.47,280,14,0,29.93,1013.5,10,null,SCT,null,null,null,4300,null,null,null,null,null,null,null,null,null,null,39.21,KIND 100154Z 28014KT 10SM SCT043 08/03 A2993 RMK AO2 SLP135 T00780033 $,null
IND,2023-12-10 2:54,43,36,76.12,300,8,0,29.94,1013.7,10,null,BKN,null,null,null,4100,null,null,null,null,null,null,null,null,null,null,37.66,KIND 100254Z 30008KT 10SM BKN041 06/02 A2994 RMK AO2 SLP137 T00610022 51016 $,null
IND,2023-12-10 3:54,42,35,76.03,280,13,0,29.96,1014.5,10,null,SCT,null,null,null,4300,null,null,null,null,null,null,null,null,null,null,34.38,KIND 100354Z 28013KT 10SM SCT043 06/02 A2996 RMK AO2 SLP145 T00560017 $,null
IND,2023-12-10 4:54,40,32,72.85,280,9,0,29.97,1015,10,null,SCT,null,null,null,4000,null,null,null,null,null,null,null,null,null,null,33.46,KIND 100454Z 28009KT 10SM SCT040 04/00 A2997 RMK AO2 SLP150 T00440000 401830039 $,null
IND,2023-12-10 5:54,39,28,64.37,290,11,0,29.97,1015,10,null,BKN,null,null,null,4200,null,null,null,null,null,null,null,null,null,null,31.31,KIND 100554Z 29011KT 10SM BKN042 04/M02 A2997 RMK AO2 SLP150 T00391022 10078 20039 50011 $,null
IND,2023-12-10 6:54,39,26,59.27,280,18,0,29.95,1014.5,10,28,OVC,null,null,null,3900,null,null,null,null,null,null,null,28,280,2023-12-10 6:50,28.96,KIND 100654Z 28018G28KT 10SM OVC039 04/M03 A2995 RMK AO2 PK WND 28028/0650 SLP145 T00391033 $,null
IND,2023-12-10 7:54,38,27,64.24,280,14,0,29.97,1015,10,19,OVC,null,null,null,3200,null,null,null,null,null,null,null,27,290,2023-12-10 7:06,28.9,KIND 100754Z 28014G19KT 10SM OVC032 03/M03 A2997 RMK AO2 PK WND 29027/0706 SLP150 T00331028 $,null
IND,2023-12-10 8:17,38,28,66.94,300,13,0,29.97,null,10,22,OVC,null,null,null,2900,null,null,null,null,null,null,null,null,null,null,29.26,KIND 100817Z 30013G22KT 10SM OVC029 03/M02 A2997 RMK AO2 T00331022 $,null
IND,2023-12-10 8:54,37,27,66.82,300,14,0,29.97,1015.3,10,null,OVC,null,null,null,2700,null,null,null,null,null,null,null,null,null,null,27.61,KIND 100854Z 30014KT 10SM OVC027 03/M03 A2997 RMK AO2 SLP153 T00281028 53002 $,null
IND,2023-12-10 9:54,36,26,66.69,280,11,0,29.98,1015.5,10,null,OVC,null,null,null,2800,null,null,null,null,null,null,null,null,null,null,27.52,KIND 100954Z 28011KT 10SM OVC028 02/M03 A2998 RMK AO2 SLP155 T00221033 $,null
IND,2023-12-10 10:54,36,26,66.69,280,13,0,30,1016.2,10,null,OVC,null,null,null,2700,null,null,null,null,null,null,null,null,null,null,26.69,KIND 101054Z 28013KT 10SM OVC027 02/M03 A3000 RMK AO2 SLP162 T00221033 $,null
IND,2023-12-10 11:54,36,27,69.51,270,8,0,30.01,1016.7,10,null,OVC,null,null,null,2800,null,null,null,null,null,null,null,null,null,null,29.04,KIND 101154Z 27008KT 10SM OVC028 02/M03 A3001 RMK AO2 SLP167 70004 T00221028 10039 20022 53012 $,null
IND,2023-12-10 12:54,35,29,78.51,270,11,0,30.02,1016.9,10,null,OVC,null,null,null,1900,null,null,null,null,null,null,null,null,null,null,26.26,KIND 101254Z 27011KT 10SM OVC019 02/M02 A3002 RMK AO2 SLP169 T00171017 $,null
IND,2023-12-10 13:54,35,29,78.51,270,10,0,30.02,1016.9,10,null,SCT,OVC,null,null,2200,3000,null,null,null,null,null,null,null,null,null,26.73,KIND 101354Z 27010KT 10SM SCT022 OVC030 02/M02 A3002 RMK AO2 SLP169 T00171017 $,null
IND,2023-12-10 14:42,34,28,78.43,320,11,T,30.02,null,10,null,OVC,null,null,null,1800,null,null,null,#NAME?,null,null,null,null,null,null,24.99,KIND 101442Z 32011KT 10SM -SN OVC018 01/M02 A3002 RMK AO2 SNB40 P0000 T00111022 $,null
IND,2023-12-10 14:54,34,28,78.43,310,9,T,30.03,1017.4,9,null,OVC,null,null,null,1600,null,null,null,null,null,null,null,null,null,null,26,KIND 101454Z 31009KT 9SM OVC016 01/M02 A3003 RMK AO2 SNB40E54 SLP174 P0000 60000 T00111022 53006 $,null
IND,2023-12-10 15:54,34,28,78.43,320,11,0,30.04,1017.9,10,null,OVC,null,null,null,1400,null,null,null,null,null,null,null,null,null,null,24.99,KIND 101554Z 32011KT 10SM OVC014 01/M02 A3004 RMK AO2 SLP179 T00111022 $,null
IND,2023-12-10 16:33,33,27,78.34,310,10,0,30.04,null,10,null,OVC,null,null,null,1500,null,null,null,null,null,null,null,null,null,null,24.22,KIND 101633Z 31010KT 10SM OVC015 01/M03 A3004 RMK AO2 T00061028 $,null
IND,2023-12-10 16:54,33,27,78.34,310,13,0,30.03,1017.4,10,null,OVC,null,null,null,1600,null,null,null,null,null,null,null,null,null,null,22.85,KIND 101654Z 31013KT 10SM OVC016 01/M03 A3003 RMK AO2 SLP174 T00061028 $,null
IND,2023-12-10 17:54,33,26,75.17,300,11,0,30.03,1017.5,10,null,OVC,null,null,null,1700,null,null,null,null,null,null,null,null,null,null,23.73,KIND 101754Z 30011KT 10SM OVC017 01/M03 A3003 RMK AO2 SLP175 60000 T00061033 10017 20006 51000 $,null
IND,2023-12-10 18:54,33,27,78.34,300,9,0,30.03,1017.6,10,null,OVC,null,null,null,1500,null,null,null,null,null,null,null,null,null,null,24.76,KIND 101854Z 30009KT 10SM OVC015 01/M03 A3003 RMK AO2 SLP176 T00061028 $,null
IND,2023-12-10 19:02,33,27,78.34,310,11,0,30.03,null,10,null,OVC,null,null,null,1400,null,null,null,null,null,null,null,null,null,null,23.73,KIND 101902Z 31011KT 10SM OVC014 01/M03 A3003 RMK AO2 T00061028 $,null
IND,2023-12-10 19:52,33.8,26.6,74.63,290,12.05,null,30.03,null,10,null,OVC,null,null,null,1601,null,null,null,null,null,null,null,null,null,null,24.27,SPECI KIND 101952Z 29012KT 10SM OVC016 01/M03 A3003 RMK AO2 $ FIBI (LD),null
IND,2023-12-10 19:54,33,27,78.34,300,11,0,30.03,1017.6,10,null,OVC,null,null,null,1600,null,null,null,null,null,null,null,null,null,null,23.73,KIND 101954Z 30011KT 10SM OVC016 01/M03 A3003 RMK AO2 SLP176 T00061028 $,null
IND,2023-12-10 20:54,33,26,75.17,300,9,0,30.06,1018.4,10,null,OVC,null,null,null,1800,null,null,null,null,null,null,null,null,null,null,24.76,KIND 102054Z 30009KT 10SM OVC018 01/M03 A3006 RMK AO2 SLP184 T00061033 53009 $,null
IND,2023-12-10 21:54,32,26,78.25,290,11,0,30.07,1018.8,10,19,OVC,null,null,null,1700,null,null,null,null,null,null,null,null,null,null,22.47,KIND 102154Z 29011G19KT 10SM OVC017 00/M03 A3007 RMK AO2 SLP188 T00001033 $,null
IND,2023-12-10 22:54,32,28,84.98,280,8,T,30.09,1019.4,9,null,OVC,null,null,null,1500,null,null,null,#NAME?,null,null,null,null,null,null,24.11,KIND 102254Z 28008KT 9SM -RA OVC015 00/M02 A3009 RMK AO2 SLP194 RAB50 P0000 T00001022 $,null
IND,2023-12-10 23:26,32,28,84.98,300,7,T,30.09,null,10,null,BKN,OVC,null,null,1600,2200,null,null,#NAME?,T,null,null,null,null,null,24.78,KIND 102326Z 30007KT 10SM -FZDZ BKN016 OVC022 00/M02 A3009 RMK AO2 RAE04FZDZB25 P0000 I1000 T00001022 $,null
IND,2023-12-10 23:41,32,27,81.55,310,7,T,30.09,null,10,null,OVC,null,null,null,2000,null,null,null,null,T,null,null,null,null,null,24.78,KIND 102341Z 31007KT 10SM OVC020 00/M03 A3009 RMK AO2 RAE04FZDZB25E41 P0000 I1000 T00001028 $,null
IND,2023-12-10 23:54,32,28,84.98,310,8,T,30.09,1019.6,10,null,BKN,OVC,null,null,1600,2100,null,null,null,T,null,T,null,null,null,24.11,KIND 102354Z 31008KT 10SM BKN016 OVC021 00/M02 A3009 RMK AO2 RAE04FZDZB25E41 SLP196 P0000 60000 I1000 I6000 T00001022 10006 21006 51012 $,null
IND,2023-12-11 0:45,31,28,88.48,290,7,T,30.1,null,9,null,OVC,null,null,null,1400,null,null,null,#NAME?,null,null,null,null,null,null,23.56,KIND 110045Z 29007KT 9SM -SN OVC014 M01/M02 A3010 RMK AO2 SNB39 P0000 T10061022 $,null
IND,2023-12-11 0:54,31,28,88.48,290,8,T,30.1,1019.9,8,null,BKN,OVC,null,null,1200,1900,null,null,#NAME?,null,null,null,null,null,null,22.88,KIND 110054Z 29008KT 8SM -SN BKN012 OVC019 M01/M02 A3010 RMK AO2 SLP199 SNB39 P0000 T10061022 $,null
IND,2023-12-11 1:20,31,28,88.48,270,9,T,30.1,null,6,null,BKN,OVC,null,null,900,2000,null,null,#NAME?,null,null,null,null,null,null,22.27,KIND 110120Z 27009KT 6SM -SN BR BKN009 OVC020 M01/M02 A3010 RMK AO2 CIG 007V014 P0000 T10061022 $,null
IND,2023-12-11 1:32,30,28,92.15,270,8,T,30.1,null,9,null,FEW,BKN,OVC,null,900,1100,2200,null,#NAME?,null,null,null,null,null,null,21.65,KIND 110132Z 27008KT 9SM -SN FEW009 BKN011 OVC022 M01/M02 A3010 RMK AO2 P0000 T10111022 $,null
IND,2023-12-11 1:43,30,28,92.15,270,9,T,30.09,null,7,null,BKN,BKN,OVC,null,900,1500,2200,null,#NAME?,null,null,null,null,null,null,21.03,KIND 110143Z 27009KT 7SM -SN BKN009 BKN015 OVC022 M01/M02 A3009 RMK AO2 CIG 006V012 P0000 T10111022 $,null
IND,2023-12-11 1:54,30,28,92.15,280,8,0.01,30.09,1019.7,7,null,BKN,BKN,OVC,null,900,1300,2200,null,#NAME?,T,null,null,null,null,null,21.65,KIND 110154Z 28008KT 7SM -FZDZ BKN009 BKN013 OVC022 M01/M02 A3009 RMK AO2 FZDZB54SNE54 CIG 006V011 SLP197 P0001 I1000 T10111022 $,null
IND,2023-12-11 2:01,30,28,92.15,280,8,T,30.09,null,6,null,BKN,OVC,null,null,800,1300,null,null,#NAME?,T,null,null,null,null,null,21.65,KIND 110201Z 28008KT 6SM -FZDZSN BKN008 OVC013 M01/M02 A3009 RMK AO2 SNB00 CIG 006V011 P0000 I1000 T10111022 $,null
IND,2023-12-11 2:13,30,28,92.15,260,6,T,30.1,null,9,null,SCT,SCT,OVC,null,800,1300,2200,null,#NAME?,T,null,null,null,null,null,23.12,KIND 110213Z 26006KT 9SM -FZDZSN SCT008 SCT013 OVC022 M01/M02 A3010 RMK AO2 SNB00 P0000 I1000 T10111022 $,null
IND,2023-12-11 2:31,30,28,92.15,250,6,T,30.1,null,9,null,BKN,OVC,null,null,1800,2300,null,null,#NAME?,T,null,null,null,null,null,23.12,KIND 110231Z 25006KT 9SM -SN BKN018 OVC023 M01/M02 A3010 RMK AO2 FZDZE30SNB00 P0000 I1000 T10111022 $,null
IND,2023-12-11 2:49,30.2,28.4,92.92,280,7,T,30.09,null,9,null,SCT,OVC,null,null,2000,2700,null,null,null,T,null,null,null,null,null,22.59,KIND 110249Z 28007KT 9SM SCT020 OVC027 M01/M02 A3009 RMK AO2 FZDZE30SNB00E49 P0000 I1000 $,null
IND,2023-12-11 2:54,30,27,88.44,280,7,T,30.09,1019.8,9,null,BKN,OVC,null,null,2300,3100,null,null,null,T,T,null,null,null,null,22.34,KIND 110254Z 28007KT 9SM BKN023 OVC031 M01/M03 A3009 RMK AO2 FZDZE30SNB00E49 SLP198 P0000 60001 I1000 I3000 T10111028 51000 $,null
IND,2023-12-11 3:03,30,27,88.44,280,8,0,30.09,null,10,null,SCT,BKN,OVC,null,2500,3300,4300,null,null,null,null,null,null,null,null,21.65,KIND 110303Z 28008KT 10SM SCT025 BKN033 OVC043 M01/M03 A3009 RMK AO2 T10111028 $,null
IND,2023-12-11 3:24,30,27,88.44,280,9,0,30.09,null,10,null,BKN,BKN,OVC,null,1300,3400,4300,null,null,null,null,null,null,null,null,21.03,KIND 110324Z 28009KT 10SM BKN013 BKN034 OVC043 M01/M03 A3009 RMK AO2 T10111028 $,null
IND,2023-12-11 3:50,28.4,26.6,92.86,280,9,0,30.09,null,10,null,SCT,SCT,BKN,null,1200,1700,4500,null,null,null,null,null,null,null,null,19.04,KIND 110350Z 28009KT 10SM SCT012 SCT017 BKN045 M02/M03 A3009 RMK AO2 $,null
IND,2023-12-11 3:54,29,26,88.38,280,8,0,30.09,1019.8,10,null,SCT,SCT,BKN,null,1200,1700,3100,null,null,null,null,null,null,null,null,20.42,KIND 110354Z 28008KT 10SM SCT012 SCT017 BKN031 M02/M03 A3009 RMK AO2 SLP198 T10171033 $,null
IND,2023-12-11 4:27,30,27,88.44,280,6,0,30.09,null,10,null,BKN,OVC,null,null,2000,4500,null,null,null,null,null,null,null,null,null,23.12,KIND 110427Z 28006KT 10SM BKN020 OVC045 M01/M03 A3009 RMK AO2 T10111028 $,null
IND,2023-12-11 4:54,30,27,88.44,280,7,0,30.09,1019.6,10,null,FEW,OVC,null,null,1500,2000,null,null,null,null,null,null,null,null,null,22.34,KIND 110454Z 28007KT 10SM FEW015 OVC020 M01/M03 A3009 RMK AO2 SLP196 T10111028 400441017 $,null
IND,2023-12-11 5:06,30,27,88.44,300,8,0,30.08,null,10,null,BKN,OVC,null,null,1300,2000,null,null,null,null,null,null,null,null,null,21.65,KIND 110506Z 30008KT 10SM BKN013 OVC020 M01/M03 A3008 RMK AO2 T10111028 $,null
IND,2023-12-11 5:54,29,25,84.79,310,9,0,30.09,1019.6,10,null,SCT,OVC,null,null,1300,2100,null,null,null,null,null,T,null,null,null,19.78,KIND 110554Z 31009KT 10SM SCT013 OVC021 M02/M04 A3009 RMK AO2 SLP196 60001 I6000 T10171039 10000 21017 58001 $,null
IND,2023-12-11 6:54,30,24,78.07,330,9,0,30.08,1019.3,10,null,OVC,null,null,null,1700,null,null,null,null,null,null,null,null,null,null,21.03,KIND 110654Z 33009KT 10SM OVC017 M01/M04 A3008 RMK AO2 SLP193 T10111044 $,null
IND,2023-12-11 7:54,30,24,78.07,340,7,0,30.1,1019.9,10,null,OVC,null,null,null,1600,null,null,null,null,null,null,null,null,null,null,22.34,KIND 110754Z 34007KT 10SM OVC016 M01/M04 A3010 RMK AO2 SLP199 T10111044 $,null
IND,2023-12-11 8:54,30,24,78.07,340,6,0,30.12,1020.6,10,null,OVC,null,null,null,1600,null,null,null,null,null,null,null,null,null,null,23.12,KIND 110854Z 34006KT 10SM OVC016 M01/M04 A3012 RMK AO2 SLP206 T10111044 53010 $,null
IND,2023-12-11 9:54,30,24,78.07,360,3,0,30.14,1021.3,10,null,OVC,null,null,null,1700,null,null,null,null,null,null,null,null,null,null,26.4,KIND 110954Z 36003KT 10SM OVC017 M01/M04 A3014 RMK AO2 SLP213 T10111044 $,null
IND,2023-12-11 10:54,30,24,78.07,330,4,0,30.15,1021.8,10,null,OVC,null,null,null,1700,null,null,null,null,null,null,null,null,null,null,25.08,KIND 111054Z 33004KT 10SM OVC017 M01/M04 A3015 RMK AO2 SLP218 T10111044 $,null
IND,2023-12-11 11:54,30,23,74.87,270,6,0,30.18,1022.7,10,null,OVC,null,null,null,1700,null,null,null,null,null,null,null,null,null,null,23.12,KIND 111154Z 27006KT 10SM OVC017 M01/M05 A3018 RMK AO2 SLP227 70001 T10111050 11011 21017 53020 $,null
IND,2023-12-11 12:54,29,23,77.98,220,4,0,30.2,1023.4,10,null,OVC,null,null,null,1900,null,null,null,null,null,null,null,null,null,null,23.92,KIND 111254Z 22004KT 10SM OVC019 M02/M05 A3020 RMK AO2 SLP234 T10171050 $,null
IND,2023-12-11 13:54,30,23,74.87,250,7,0,30.21,1023.8,10,null,BKN,null,null,null,1900,null,null,null,null,null,null,null,null,null,null,22.34,KIND 111354Z 25007KT 10SM BKN019 M01/M05 A3021 RMK AO2 SLP238 T10111050 $,null
IND,2023-12-11 14:54,30,22,71.78,240,7,0,30.23,1024.5,10,null,BKN,null,null,null,2100,null,null,null,null,null,null,null,null,null,null,22.34,KIND 111454Z 24007KT 10SM BKN021 M01/M06 A3023 RMK AO2 SLP245 T10111056 53017 $,null
IND,2023-12-11 15:54,31,23,71.89,260,9,0,30.24,1024.7,10,null,BKN,null,null,null,1900,null,null,null,null,null,null,null,null,null,null,22.27,KIND 111554Z 26009KT 10SM BKN019 M01/M05 A3024 RMK AO2 SLP247 T10061050 $,null
IND,2023-12-11 16:54,31,24,74.97,260,11,0,30.22,1024.1,10,null,BKN,null,null,null,1800,null,null,null,null,null,null,null,null,null,null,21.2,KIND 111654Z 26011KT 10SM BKN018 M01/M04 A3022 RMK AO2 SLP241 T10061044,null
IND,2023-12-11 17:50,33.8,24.8,69.25,270,9,0,30.2,null,10,null,SCT,null,null,null,1800,null,null,null,null,null,null,null,null,null,null,25.75,KIND 111750Z 27009KT 10SM SCT018 01/M04 A3020 RMK AO2,null
IND,2023-12-11 17:54,34,24,66.45,260,7,0,30.2,1023.4,10,null,SCT,null,null,null,1800,null,null,null,null,null,null,null,null,null,null,27.22,KIND 111754Z 26007KT 10SM SCT018 01/M04 A3020 RMK AO2 SLP234 T00111044 10011 21017 58010,null
IND,2023-12-11 18:54,37,25,61.5,260,8,0,30.19,1022.9,10,null,FEW,null,null,null,2000,null,null,null,null,null,null,null,null,null,null,30.27,KIND 111854Z 26008KT 10SM FEW020 03/M04 A3019 RMK AO2 SLP229 T00281039,null
IND,2023-12-11 19:54,38,23,54.39,250,6,0,30.19,1022.8,10,null,CLR,null,null,null,null,null,null,null,null,null,null,null,null,null,null,32.76,KIND 111954Z 25006KT 10SM CLR 03/M05 A3019 RMK AO2 SLP228 T00331050,null
IND,2023-12-11 20:54,38,23,54.39,230,4,0,30.19,1023,10,null,CLR,null,null,null,null,null,null,null,null,null,null,null,null,null,null,34.43,KIND 112054Z 23004KT 10SM CLR 03/M05 A3019 RMK AO2 SLP230 T00331050 55003,null
IND,2023-12-11 21:54,36,24,61.37,230,7,0,30.21,1023.7,10,null,CLR,null,null,null,null,null,null,null,null,null,null,null,null,null,null,29.65,KIND 112154Z 23007KT 10SM CLR 02/M04 A3021 RMK AO2 SLP237 T00221044,null
IND,2023-12-11 22:54,34,23,63.72,210,4,0,30.22,1024.1,10,null,CLR,null,null,null,null,null,null,null,null,null,null,null,null,null,null,29.76,KIND 112254Z 21004KT 10SM CLR 01/M05 A3022 RMK AO2 SLP241 T00111050,null
IND,2023-12-11 23:54,32,23,69.04,200,6,0,30.23,1024.6,10,null,CLR,null,null,null,null,null,null,null,null,null,null,null,null,null,null,25.53,KIND 112354Z 20006KT 10SM CLR 00/M05 A3023 RMK AO2 SLP246 T00001050 10039 20000 51015,null
IND,2023-12-12 0:54,31,23,71.89,210,6,0,30.24,1024.9,10,null,CLR,null,null,null,null,null,null,null,null,null,null,null,null,null,null,24.33,KIND 120054Z 21006KT 10SM CLR M01/M05 A3024 RMK AO2 SLP249 T10061050 $,null
IND,2023-12-12 1:54,30,23,74.87,200,6,0,30.25,1025.2,10,null,CLR,null,null,null,null,null,null,null,null,null,null,null,null,null,null,23.12,KIND 120154Z 20006KT 10SM CLR M01/M05 A3025 RMK AO2 SLP252 T10111050 $,null
IND,2023-12-12 2:54,31,23,71.89,190,6,0,30.26,1025.3,10,null,CLR,null,null,null,null,null,null,null,null,null,null,null,null,null,null,24.33,KIND 120254Z 19006KT 10SM CLR M01/M05 A3026 RMK AO2 SLP253 T10061050 52007 $,null
IND,2023-12-12 3:54,29,22,74.77,200,7,0,30.26,1025.4,10,null,CLR,null,null,null,null,null,null,null,null,null,null,null,null,null,null,21.12,KIND 120354Z 20007KT 10SM CLR M02/M06 A3026 RMK AO2 SLP254 T10171056 $,null
IND,2023-12-12 4:54,30,24,78.07,190,8,0,30.26,1025.4,10,null,CLR,null,null,null,null,null,null,null,null,null,null,null,null,null,null,21.65,KIND 120454Z 19008KT 10SM CLR M01/M04 A3026 RMK AO2 SLP254 T10111044 400391017 $,null
IND,2023-12-12 5:54,30,24,78.07,170,7,0,30.25,1025.1,10,null,CLR,null,null,null,null,null,null,null,null,null,null,null,null,null,null,22.34,KIND 120554Z 17007KT 10SM CLR M01/M04 A3025 RMK AO2 SLP251 T10111044 10000 21017 58002 $,null
IND,2023-12-12 6:54,30,24,78.07,180,8,0,30.24,1024.8,10,null,CLR,null,null,null,null,null,null,null,null,null,null,null,null,null,null,21.65,KIND 120654Z 18008KT 10SM CLR M01/M04 A3024 RMK AO2 SLP248 T10111044 $,null
IND,2023-12-12 7:54,31,25,78.16,190,8,0,30.25,1024.9,10,null,CLR,null,null,null,null,null,null,null,null,null,null,null,null,null,null,22.88,KIND 120754Z 19008KT 10SM CLR M01/M04 A3025 RMK AO2 SLP249 T10061039 $,null
IND,2023-12-12 8:54,32,25,75.07,200,9,0,30.24,1024.8,10,null,CLR,null,null,null,null,null,null,null,null,null,null,null,null,null,null,23.51,KIND 120854Z 20009KT 10SM CLR 00/M04 A3024 RMK AO2 SLP248 T00001039 56001 $,null
IND,2023-12-12 9:54,32,25,75.07,210,8,0,30.25,1025,10,null,CLR,null,null,null,null,null,null,null,null,null,null,null,null,null,null,24.11,KIND 120954Z 21008KT 10SM CLR 00/M04 A3025 RMK AO2 SLP250 T00001039 $,null
IND,2023-12-12 10:54,29,24,81.32,210,6,0,30.27,1025.7,10,null,CLR,null,null,null,null,null,null,null,null,null,null,null,null,null,null,21.92,KIND 121054Z 21006KT 10SM CLR M02/M04 A3027 RMK AO2 SLP257 T10171044 $,null
IND,2023-12-12 11:54,31,25,78.16,230,8,0,30.28,1026.2,10,null,CLR,null,null,null,null,null,null,null,null,null,null,null,null,null,null,22.88,KIND 121154Z 23008KT 10SM CLR M01/M04 A3028 RMK AO2 SLP262 T10061039 10000 21017 53012 $,null
IND,2023-12-12 12:54,31,25,78.16,220,9,0,30.31,1027,10,null,FEW,null,null,null,10000,null,null,null,null,null,null,null,null,null,null,22.27,KIND 121254Z 22009KT 10SM FEW100 M01/M04 A3031 RMK AO2 SLP270 T10061039 $,null
IND,2023-12-12 13:54,33,26,75.17,220,9,0,30.33,1027.8,10,null,FEW,FEW,null,null,10000,25000,null,null,null,null,null,null,null,null,null,24.76,KIND 121354Z 22009KT 10SM FEW100 FEW250 01/M03 A3033 RMK AO2 SLP278 T00061033 $,null
IND,2023-12-12 14:54,37,28,69.63,230,10,0,30.35,1028.5,10,null,FEW,null,null,null,25000,null,null,null,null,null,null,null,null,null,null,29.24,KIND 121454Z 23010KT 10SM FEW250 03/M02 A3035 RMK AO2 SLP285 T00281022 51023 $,null
IND,2023-12-12 15:54,40,28,61.91,240,10,0,30.36,1028.8,10,null,SCT,null,null,null,25000,null,null,null,null,null,null,null,null,null,null,33,KIND 121554Z 24010KT 10SM SCT250 04/M02 A3036 RMK AO2 SLP288 T00441022 $,null
IND,2023-12-12 16:54,44,30,57.59,240,11,0,30.36,1028.6,10,null,SCT,null,null,null,25000,null,null,null,null,null,null,null,null,null,null,37.63,KIND 121654Z 24011KT 10SM SCT250 07/M01 A3036 RMK AO2 SLP286 T00671011 $,null
IND,2023-12-12 17:54,48,29,47.52,230,12,0,30.35,1028.4,10,null,FEW,null,null,null,25000,null,null,null,null,null,null,null,null,null,null,42.37,KIND 121754Z 23012KT 10SM FEW250 09/M02 A3035 RMK AO2 SLP284 T00891017 10089 21011 50001 $,null
IND,2023-12-12 18:54,50,28,42.33,250,15,0,30.35,1028.3,10,19,FEW,null,null,null,10000,null,null,null,null,null,null,null,null,null,null,50,KIND 121854Z 25015G19KT 10SM FEW100 10/M02 A3035 RMK AO2 SLP283 T01001022 $,null
IND,2023-12-12 19:54,50,29,44.1,260,13,0,30.36,1028.6,10,null,CLR,null,null,null,null,null,null,null,null,null,null,null,null,null,null,50,KIND 121954Z 26013KT 10SM CLR 10/M02 A3036 RMK AO2 SLP286 T01001017,null
IND,2023-12-12 20:54,49,29,45.77,290,11,0,30.38,1029.3,10,null,CLR,null,null,null,null,null,null,null,null,null,null,null,null,null,null,43.95,KIND 122054Z 29011KT 10SM CLR 09/M02 A3038 RMK AO2 SLP293 T00941017 53010,null
IND,2023-12-12 21:54,45,28,51.08,280,10,0,30.41,1030.3,10,null,CLR,null,null,null,null,null,null,null,null,null,null,null,null,null,null,39.27,KIND 122154Z 28010KT 10SM CLR 07/M02 A3041 RMK AO2 SLP303 T00721022,null
IND,2023-12-12 22:54,41,22,46.39,290,8,0,30.43,1031.2,10,null,FEW,null,null,null,25000,null,null,null,null,null,null,null,null,null,null,35.2,KIND 122254Z 29008KT 10SM FEW250 05/M06 A3043 RMK AO2 SLP312 T00501056,null
IND,2023-12-12 23:54,37,22,54.23,290,7,0,30.46,1032.2,10,null,FEW,null,null,null,25000,null,null,null,null,null,null,null,null,null,null,30.87,KIND 122354Z 29007KT 10SM FEW250 03/M06 A3046 RMK AO2 SLP322 T00281056 10106 20028 53026,null
IND,2023-12-13 0:54,35,21,56.27,310,7,0,30.49,1033.2,10,null,CLR,null,null,null,null,null,null,null,null,null,null,null,null,null,null,28.44,KIND 130054Z 31007KT 10SM CLR 02/M06 A3049 RMK AO2 SLP332 T00171061,null
IND,2023-12-13 1:54,33,21,60.95,300,6,0,30.51,1033.9,10,null,CLR,null,null,null,null,null,null,null,null,null,null,null,null,null,null,26.73,KIND 130154Z 30006KT 10SM CLR 01/M06 A3051 RMK AO2 SLP339 T00061061,null
IND,2023-12-13 2:54,31,19,60.67,310,6,0,30.51,1034,10,null,CLR,null,null,null,null,null,null,null,null,null,null,null,null,null,null,24.33,KIND 130254Z 31006KT 10SM CLR M01/M07 A3051 RMK AO2 SLP340 T10061072 51018,null
IND,2023-12-13 3:54,31,19,60.67,330,9,0,30.54,1034.9,10,null,CLR,null,null,null,null,null,null,null,null,null,null,null,null,null,null,22.27,KIND 130354Z 33009KT 10SM CLR M01/M07 A3054 RMK AO2 SLP349 T10061072,null
IND,2023-12-13 4:54,29,20,68.69,320,6,0,30.55,1035.2,10,null,CLR,null,null,null,null,null,null,null,null,null,null,null,null,null,null,21.92,KIND 130454Z 32006KT 10SM CLR M02/M07 A3055 RMK AO2 SLP352 T10171067 401061017,null
IND,2023-12-13 5:54,30,20,65.94,330,4,0,30.56,1035.6,10,null,CLR,null,null,null,null,null,null,null,null,null,null,null,null,null,null,25.08,KIND 130554Z 33004KT 10SM CLR M01/M07 A3056 RMK AO2 SLP356 T10111067 10028 21017 51016,null
IND,2023-12-13 6:54,28,20,71.56,340,5,0,30.57,1035.8,10,null,SCT,null,null,null,25000,null,null,null,null,null,null,null,null,null,null,21.64,KIND 130654Z 34005KT 10SM SCT250 M02/M07 A3057 RMK AO2 SLP358 T10221067,null
IND,2023-12-13 7:54,29,21,71.67,320,5,0,30.6,1036.6,10,null,OVC,null,null,null,9000,null,null,null,null,null,null,null,null,null,null,22.83,KIND 130754Z 32005KT 10SM OVC090 M02/M06 A3060 RMK AO2 SLP366 T10171061,null
IND,2023-12-13 8:54,29,20,68.69,300,3,0,30.61,1037.1,10,null,FEW,null,null,null,7000,null,null,null,null,null,null,null,null,null,null,25.26,KIND 130854Z 30003KT 10SM FEW070 M02/M07 A3061 RMK AO2 SLP371 T10171067 53015,null
IND,2023-12-13 9:54,29,21,71.67,310,3,0,30.62,1037.4,10,null,BKN,null,null,null,9500,null,null,null,null,null,null,null,null,null,null,25.26,KIND 130954Z 31003KT 10SM BKN095 M02/M06 A3062 RMK AO2 SLP374 T10171061,null
IND,2023-12-13 10:54,30,22,71.78,330,4,0,30.62,1037.5,10,null,OVC,null,null,null,8000,null,null,null,null,null,null,null,null,null,null,25.08,KIND 131054Z 33004KT 10SM OVC080 M01/M06 A3062 RMK AO2 SLP375 T10111056,null
IND,2023-12-13 11:54,30,21,68.81,0,0,0,30.63,1038.1,10,null,BKN,null,null,null,7500,null,null,null,null,null,null,null,null,null,null,30,KIND 131154Z 00000KT 10SM BKN075 M01/M06 A3063 RMK AO2 SLP381 T10111061 11011 21022 53009,null
IND,2023-12-13 12:54,29,21,71.67,0,0,0,30.65,1038.7,10,null,BKN,null,null,null,5000,null,null,null,null,null,null,null,null,null,null,29,KIND 131254Z 00000KT 10SM BKN050 M02/M06 A3065 RMK AO2 SLP387 T10171061,null
IND,2023-12-13 13:54,31,23,71.89,0,0,0,30.66,1039.2,10,null,FEW,SCT,null,null,5000,23000,null,null,null,null,null,null,null,null,null,31,KIND 131354Z 00000KT 10SM FEW050 SCT230 M01/M05 A3066 RMK AO2 SLP392 T10061050,null
IND,2023-12-13 14:54,35,20,53.93,50,3,0,30.69,1040.2,10,null,FEW,SCT,null,null,5500,23000,null,null,null,null,null,null,null,null,null,32.12,KIND 131454Z 05003KT 10SM FEW055 SCT230 02/M07 A3069 RMK AO2 SLP402 T00171067 53019,null
IND,2023-12-13 15:54,37,18,45.73,40,5,0,30.7,1040.4,10,null,SCT,null,null,null,23000,null,null,null,null,null,null,null,null,null,null,32.33,KIND 131554Z 04005KT 10SM SCT230 03/M08 A3070 RMK AO2 SLP404 T00281078,null
IND,2023-12-13 16:54,40,16,37.3,30,4,0,30.68,1039.8,10,null,SCT,null,null,null,23000,null,null,null,null,null,null,null,null,null,null,36.76,KIND 131654Z 03004KT 10SM SCT230 04/M09 A3068 RMK AO2 SLP398 T00441089,null
IND,2023-12-13 17:54,41,14,32.88,0,0,0,30.67,1039.4,10,null,SCT,null,null,null,23000,null,null,null,null,null,null,null,null,null,null,41,KIND 131754Z 00000KT 10SM SCT230 05/M10 A3067 RMK AO2 SLP394 T00501100 10050 21022 58007,null
IND,2023-12-13 18:54,42,12,28.97,0,0,0,30.66,1039.1,10,null,FEW,null,null,null,25000,null,null,null,null,null,null,null,null,null,null,42,KIND 131854Z 00000KT 10SM FEW250 06/M11 A3066 RMK AO2 SLP391 T00561111,null
IND,2023-12-13 19:54,44,10,24.54,0,0,0,30.66,1039.1,10,null,SCT,null,null,null,25000,null,null,null,null,null,null,null,null,null,null,44,KIND 131954Z 00000KT 10SM SCT250 07/M12 A3066 RMK AO2 SLP391 T00671122,null
IND,2023-12-13 20:54,45,9,22.59,0,0,0,30.67,1039.3,10,null,SCT,null,null,null,25000,null,null,null,null,null,null,null,null,null,null,45,KIND 132054Z 00000KT 10SM SCT250 07/M13 A3067 RMK AO2 SLP393 T00721128 55000,null
IND,2023-12-13 21:54,42,9,25.34,0,0,0,30.68,1039.6,10,null,SCT,null,null,null,25000,null,null,null,null,null,null,null,null,null,null,42,KIND 132154Z 00000KT 10SM SCT250 06/M13 A3068 RMK AO2 SLP396 T00561128,null
IND,2023-12-13 22:54,36,16,43.64,190,6,0,30.68,1039.9,10,null,SCT,null,null,null,25000,null,null,null,null,null,null,null,null,null,null,30.35,KIND 132254Z 19006KT 10SM SCT250 02/M09 A3068 RMK AO2 SLP399 T00221089,null
IND,2023-12-13 23:54,36,17,45.57,200,4,0,30.69,1040.2,10,null,SCT,null,null,null,25000,null,null,null,null,null,null,null,null,null,null,32.09,KIND 132354Z 20004KT 10SM SCT250 02/M08 A3069 RMK AO2 SLP402 T00221083 10078 20022 53007,null
IND,2023-12-14 0:54,36,17,45.57,250,3,0,30.71,1040.7,10,null,FEW,null,null,null,25000,null,null,null,null,null,null,null,null,null,null,33.26,KIND 140054Z 25003KT 10SM FEW250 02/M08 A3071 RMK AO2 SLP407 T00221083,null
IND,2023-12-14 1:54,34,17,49.34,0,0,0,30.7,1040.6,10,null,FEW,null,null,null,25000,null,null,null,null,null,null,null,null,null,null,34,KIND 140154Z 00000KT 10SM FEW250 01/M08 A3070 RMK AO2 SLP406 T00111083,null
IND,2023-12-14 2:54,32,18,55.82,230,4,0,30.7,1040.2,10,null,FEW,null,null,null,25000,null,null,null,null,null,null,null,null,null,null,27.42,KIND 140254Z 23004KT 10SM FEW250 00/M08 A3070 RMK AO2 SLP402 T00001078 50001,null
IND,2023-12-14 3:54,30,17,57.98,250,3,0,30.7,1040.2,10,null,CLR,null,null,null,null,null,null,null,null,null,null,null,null,null,null,26.4,KIND 140354Z 25003KT 10SM CLR M01/M08 A3070 RMK AO2 SLP402 T10111083,null
IND,2023-12-14 4:54,30,18,60.53,0,0,0,30.7,1040.3,10,null,FEW,null,null,null,25000,null,null,null,null,null,null,null,null,null,null,30,KIND 140454Z 00000KT 10SM FEW250 M01/M08 A3070 RMK AO2 SLP403 T10111078 400781022,null
IND,2023-12-14 5:54,31,18,58.12,0,0,0,30.69,1040.1,10,null,CLR,null,null,null,null,null,null,null,null,null,null,null,null,null,null,31,KIND 140554Z 00000KT 10SM CLR M01/M08 A3069 RMK AO2 SLP401 T10061078 10028 21017 58001,null
IND,2023-12-14 6:54,28,19,68.57,0,0,0,30.69,1040.2,10,null,CLR,null,null,null,null,null,null,null,null,null,null,null,null,null,null,28,KIND 140654Z 00000KT 10SM CLR M02/M07 A3069 RMK AO2 SLP402 T10221072,null
IND,2023-12-14 7:54,29,19,65.81,0,0,0,30.7,1040.2,10,null,CLR,null,null,null,null,null,null,null,null,null,null,null,null,null,null,29,KIND 140754Z 00000KT 10SM CLR M02/M07 A3070 RMK AO2 SLP402 T10171072,null
IND,2023-12-14 8:54,28,19,68.57,0,0,0,30.7,1040.3,10,null,CLR,null,null,null,null,null,null,null,null,null,null,null,null,null,null,28,KIND 140854Z 00000KT 10SM CLR M02/M07 A3070 RMK AO2 SLP403 T10221072 53002,null
IND,2023-12-14 9:54,27,18,68.45,0,0,0,30.69,1040.1,10,null,CLR,null,null,null,null,null,null,null,null,null,null,null,null,null,null,27,KIND 140954Z 00000KT 10SM CLR M03/M08 A3069 RMK AO2 SLP401 T10281078,null
IND,2023-12-14 10:54,27,19,71.45,0,0,0,30.69,1040.2,10,null,CLR,null,null,null,null,null,null,null,null,null,null,null,null,null,null,27,KIND 141054Z 00000KT 10SM CLR M03/M07 A3069 RMK AO2 SLP402 T10281072,null
IND,2023-12-14 11:54,28,19,68.57,0,0,0,30.71,1040.7,10,null,CLR,null,null,null,null,null,null,null,null,null,null,null,null,null,null,28,KIND 141154Z 00000KT 10SM CLR M02/M07 A3071 RMK AO2 SLP407 T10221072 11006 21033 53002,null
IND,2023-12-14 12:54,27,21,77.8,120,4,0,30.72,1041.1,10,null,CLR,null,null,null,null,null,null,null,null,null,null,null,null,null,null,21.58,KIND 141254Z 12004KT 10SM CLR M03/M06 A3072 RMK AO2 SLP411 T10281061,null
IND,2023-12-14 13:54,30,23,74.87,0,0,0,30.73,1041.4,10,null,CLR,null,null,null,null,null,null,null,null,null,null,null,null,null,null,30,KIND 141354Z 00000KT 10SM CLR M01/M05 A3073 RMK AO2 SLP414 T10111050,null
IND,2023-12-14 14:54,33,24,69.16,220,4,0,30.75,1042.1,10,null,CLR,null,null,null,null,null,null,null,null,null,null,null,null,null,null,28.59,KIND 141454Z 22004KT 10SM CLR 01/M04 A3075 RMK AO2 SLP421 T00061044 53014,null
IND,2023-12-14 15:54,41,23,48.39,0,0,0,30.75,1042,10,null,CLR,null,null,null,null,null,null,null,null,null,null,null,null,null,null,41,KIND 141554Z 00000KT 10SM CLR 05/M05 A3075 RMK AO2 SLP420 T00501050,null
IND,2023-12-14 16:54,45,20,36.55,220,6,0,30.72,1041,10,null,CLR,null,null,null,null,null,null,null,null,null,null,null,null,null,null,41.19,KIND 141654Z 22006KT 10SM CLR 07/M07 A3072 RMK AO2 SLP410 T00721067,null
IND,2023-12-14 17:54,48,22,35.53,0,0,0,30.69,1039.8,10,null,CLR,null,null,null,null,null,null,null,null,null,null,null,null,null,null,48,KIND 141754Z 00000KT 10SM CLR 09/M06 A3069 RMK AO2 SLP398 T00891056 10089 21028 58019,null
IND,2023-12-14 18:54,50,26,38.97,null,3,0,30.66,1039,10,null,CLR,null,null,null,null,null,null,null,null,null,null,null,null,null,null,50,KIND 141854Z VRB03KT 10SM CLR 10/M03 A3066 RMK AO2 SLP390 T01001033,null
IND,2023-12-14 19:54,52,27,37.72,200,4,0,30.64,1038.2,10,null,CLR,null,null,null,null,null,null,null,null,null,null,null,null,null,null,52,KIND 141954Z 20004KT 10SM CLR 11/M03 A3064 RMK AO2 SLP382 T01111028,null
IND,2023-12-14 20:54,52,26,36.19,210,4,0,30.63,1037.8,10,null,CLR,null,null,null,null,null,null,null,null,null,null,null,null,null,null,52,KIND 142054Z 21004KT 10SM CLR 11/M03 A3063 RMK AO2 SLP378 T01111033 56020,null
IND,2023-12-14 21:54,52,26,36.19,0,0,0,30.62,1037.6,10,null,CLR,null,null,null,null,null,null,null,null,null,null,null,null,null,null,52,KIND 142154Z 00000KT 10SM CLR 11/M03 A3062 RMK AO2 SLP376 T01111033,null
IND,2023-12-14 22:54,47,27,45.45,0,0,0,30.62,1037.5,10,null,CLR,null,null,null,null,null,null,null,null,null,null,null,null,null,null,47,KIND 142254Z 00000KT 10SM CLR 08/M03 A3062 RMK AO2 SLP375 T00831028,null
IND,2023-12-14 23:54,46,26,45.29,0,0,0,30.62,1037.4,10,null,CLR,null,null,null,null,null,null,null,null,null,null,null,null,null,null,46,KIND 142354Z 00000KT 10SM CLR 08/M03 A3062 RMK AO2 SLP374 T00781033 10111 20067 56005,null
IND,2023-12-15 0:54,41,25,52.61,160,5,0,30.61,1037.5,10,null,CLR,null,null,null,null,null,null,null,null,null,null,null,null,null,null,37.08,KIND 150054Z 16005KT 10SM CLR 05/M04 A3061 RMK AO2 SLP375 T00501039,null
IND,2023-12-15 1:54,37,24,58.99,150,6,0,30.61,1037.1,10,null,CLR,null,null,null,null,null,null,null,null,null,null,null,null,null,null,31.55,KIND 150154Z 15006KT 10SM CLR 03/M04 A3061 RMK AO2 SLP371 T00281044,null
IND,2023-12-15 2:54,40,22,48.22,180,4,0,30.59,1036.4,10,null,CLR,null,null,null,null,null,null,null,null,null,null,null,null,null,null,36.76,KIND 150254Z 18004KT 10SM CLR 04/M06 A3059 RMK AO2 SLP364 T00441056 58010,null
IND,2023-12-15 3:54,39,22,50.14,120,4,0,30.57,1035.8,10,null,CLR,null,null,null,null,null,null,null,null,null,null,null,null,null,null,35.59,KIND 150354Z 12004KT 10SM CLR 04/M06 A3057 RMK AO2 SLP358 T00391056,null
IND,2023-12-15 4:54,37,21,51.99,170,3,0,30.56,1035.3,10,null,CLR,null,null,null,null,null,null,null,null,null,null,null,null,null,null,34.4,KIND 150454Z 17003KT 10SM CLR 03/M06 A3056 RMK AO2 SLP353 T00281061 401111033,null
IND,2023-12-15 5:54,35,22,58.7,0,0,0,30.56,1035.2,10,null,CLR,null,null,null,null,null,null,null,null,null,null,null,null,null,null,35,KIND 150554Z 00000KT 10SM CLR 02/M06 A3056 RMK AO2 SLP352 T00171056 10078 20011 56010,null
IND,2023-12-15 6:54,35,21,56.27,0,0,0,30.55,1035,10,null,CLR,null,null,null,null,null,null,null,null,null,null,null,null,null,null,35,KIND 150654Z 00000KT 10SM CLR 02/M06 A3055 RMK AO2 SLP350 T00171061,null
IND,2023-12-15 7:54,36,20,51.83,110,4,0,30.56,1035.2,10,null,CLR,null,null,null,null,null,null,null,null,null,null,null,null,null,null,32.09,KIND 150754Z 11004KT 10SM CLR 02/M07 A3056 RMK AO2 SLP352 T00221067,null
IND,2023-12-15 8:54,34,21,58.56,0,0,0,30.55,1035.1,10,null,CLR,null,null,null,null,null,null,null,null,null,null,null,null,null,null,34,KIND 150854Z 00000KT 10SM CLR 01/M06 A3055 RMK AO2 SLP351 T00111061 56001,null
IND,2023-12-15 9:54,34,20,56.12,120,3,0,30.55,1034.9,10,null,CLR,null,null,null,null,null,null,null,null,null,null,null,null,null,null,30.97,KIND 150954Z 12003KT 10SM CLR 01/M07 A3055 RMK AO2 SLP349 T00111067,null
IND,2023-12-15 10:54,33,21,60.95,0,0,0,30.55,1035.1,10,null,CLR,null,null,null,null,null,null,null,null,null,null,null,null,null,null,33,KIND 151054Z 00000KT 10SM CLR 01/M06 A3055 RMK AO2 SLP351 T00061061,null
IND,2023-12-15 11:54,34,20,56.12,130,4,0,30.55,1035.2,10,null,CLR,null,null,null,null,null,null,null,null,null,null,null,null,null,null,29.76,KIND 151154Z 13004KT 10SM CLR 01/M07 A3055 RMK AO2 SLP352 T00111067 10028 21011 53000,null
IND,2023-12-15 12:54,35,19,51.67,110,4,0,30.55,1035.3,10,null,FEW,null,null,null,25000,null,null,null,null,null,null,null,null,null,null,30.92,KIND 151254Z 11004KT 10SM FEW250 02/M07 A3055 RMK AO2 SLP353 T00171072,null
IND,2023-12-15 13:54,35,21,56.27,0,0,0,30.55,1035.1,10,null,SCT,null,null,null,25000,null,null,null,null,null,null,null,null,null,null,35,KIND 151354Z 00000KT 10SM SCT250 02/M06 A3055 RMK AO2 SLP351 T00171061,null
IND,2023-12-15 14:54,39,22,50.14,150,6,0,30.55,1034.9,10,null,SCT,null,null,null,25000,null,null,null,null,null,null,null,null,null,null,33.96,KIND 151454Z 15006KT 10SM SCT250 04/M06 A3055 RMK AO2 SLP349 T00391056 58003,null
IND,2023-12-15 15:54,47,23,38.48,160,7,0,30.54,1034.5,10,null,SCT,null,null,null,25000,null,null,null,null,null,null,null,null,null,null,43.06,KIND 151554Z 16007KT 10SM SCT250 08/M05 A3054 RMK AO2 SLP345 T00831050,null
IND,2023-12-15 16:54,50,24,35.86,170,5,0,30.51,1033.5,10,null,BKN,null,null,null,25000,null,null,null,null,null,null,null,null,null,null,50,KIND 151654Z 17005KT 10SM BKN250 10/M04 A3051 RMK AO2 SLP335 T01001044,null
IND,2023-12-15 17:54,54,25,32.26,170,7,0,30.46,1031.7,10,null,BKN,null,null,null,25000,null,null,null,null,null,null,null,null,null,null,54,KIND 151754Z 17007KT 10SM BKN250 12/M04 A3046 RMK AO2 SLP317 T01221039 10122 20000 58029,null
IND,2023-12-15 18:54,54,25,32.26,150,8,0,30.42,1030.6,10,null,BKN,null,null,null,25000,null,null,null,null,null,null,null,null,null,null,54,KIND 151854Z 15008KT 10SM BKN250 12/M04 A3042 RMK AO2 SLP306 T01221039,null
IND,2023-12-15 19:54,55,25,31.11,140,8,0,30.4,1029.6,10,null,FEW,BKN,null,null,15000,25000,null,null,null,null,null,null,null,null,null,55,KIND 151954Z 14008KT 10SM FEW150 BKN250 13/M04 A3040 RMK AO2 SLP296 T01281039,null
IND,2023-12-15 20:54,54,26,33.63,130,7,0,30.39,1029.4,10,null,FEW,BKN,null,null,15000,25000,null,null,null,null,null,null,null,null,null,54,KIND 152054Z 13007KT 10SM FEW150 BKN250 12/M03 A3039 RMK AO2 SLP294 T01221033 56023,null
IND,2023-12-15 21:54,50,26,38.97,120,7,0,30.39,1029.6,10,null,FEW,BKN,null,null,15000,25000,null,null,null,null,null,null,null,null,null,50,KIND 152154Z 12007KT 10SM FEW150 BKN250 10/M03 A3039 RMK AO2 SLP296 T01001033,null
IND,2023-12-15 22:54,47,26,43.61,100,5,0,30.39,1029.7,10,null,FEW,BKN,null,null,15000,23000,null,null,null,null,null,null,null,null,null,44.21,KIND 152254Z 10005KT 10SM FEW150 BKN230 08/M03 A3039 RMK AO2 SLP297 T00831033,null
IND,2023-12-15 23:54,45,26,47.04,110,5,0,30.39,1029.6,10,null,BKN,null,null,null,20000,null,null,null,null,null,null,null,null,null,null,41.83,KIND 152354Z 11005KT 10SM BKN200 07/M03 A3039 RMK AO2 SLP296 T00721033 10128 20072 50000,null
IND,2023-12-16 0:54,45,27,49.02,100,5,0,30.38,1029.3,10,null,FEW,BKN,null,null,20000,24000,null,null,null,null,null,null,null,null,null,41.83,KIND 160054Z 10005KT 10SM FEW200 BKN240 07/M03 A3038 RMK AO2 SLP293 T00721028,null
IND,2023-12-16 1:54,42,26,52.76,110,6,0,30.37,1028.9,10,null,FEW,BKN,null,null,20000,24000,null,null,null,null,null,null,null,null,null,37.57,KIND 160154Z 11006KT 10SM FEW200 BKN240 06/M03 A3037 RMK AO2 SLP289 T00561033,null
IND,2023-12-16 2:54,42,26,52.76,130,5,0,30.37,1029.1,10,null,BKN,null,null,null,24000,null,null,null,null,null,null,null,null,null,null,38.27,KIND 160254Z 13005KT 10SM BKN240 06/M03 A3037 RMK AO2 SLP291 T00561033 55005,null
IND,2023-12-16 3:54,41,26,54.84,120,6,0,30.36,1028.5,10,null,SCT,OVC,null,null,15000,25000,null,null,null,null,null,null,null,null,null,36.37,KIND 160354Z 12006KT 10SM SCT150 OVC250 05/M03 A3036 RMK AO2 SLP285 T00501033,null
IND,2023-12-16 4:54,41,27,57.15,130,6,0,30.35,1028,10,null,BKN,OVC,null,null,15000,25000,null,null,null,null,null,null,null,null,null,36.37,KIND 160454Z 13006KT 10SM BKN150 OVC250 05/M03 A3035 RMK AO2 SLP280 T00501028 401281011,null
IND,2023-12-16 5:54,41,27,57.15,120,7,0,30.34,1027.4,10,null,BKN,OVC,null,null,16000,25000,null,null,null,null,null,null,null,null,null,35.75,KIND 160554Z 12007KT 10SM BKN160 OVC250 05/M03 A3034 RMK AO2 SLP274 T00501028 10078 20044 57013,null
IND,2023-12-16 6:54,42,27,54.99,120,8,0,30.32,1026.8,10,null,FEW,SCT,OVC,null,15000,20000,25000,null,null,null,null,null,null,null,null,36.43,KIND 160654Z 12008KT 10SM FEW150 SCT200 OVC250 06/M03 A3032 RMK AO2 SLP268 T00561028,null
IND,2023-12-16 7:54,42,26,52.76,110,8,0,30.29,1026,10,null,SCT,OVC,null,null,16000,25000,null,null,null,null,null,null,null,null,null,36.43,KIND 160754Z 11008KT 10SM SCT160 OVC250 06/M03 A3029 RMK AO2 SLP260 T00561033,null
IND,2023-12-16 8:54,42,26,52.76,120,9,0,30.28,1025.5,10,null,BKN,OVC,null,null,15000,25000,null,null,null,null,null,null,null,null,null,35.95,KIND 160854Z 12009KT 10SM BKN150 OVC250 06/M03 A3028 RMK AO2 SLP255 T00561033 56019,null
IND,2023-12-16 9:54,42,27,54.99,130,7,0,30.27,1025.2,10,null,BKN,OVC,null,null,13000,21000,null,null,null,null,null,null,null,null,null,36.97,KIND 160954Z 13007KT 10SM BKN130 OVC210 06/M03 A3027 RMK AO2 SLP252 T00561028,null
IND,2023-12-16 10:54,42,27,54.99,130,9,0,30.27,1025.2,10,null,SCT,OVC,null,null,14000,20000,null,null,null,null,null,null,null,null,null,35.95,KIND 161054Z 13009KT 10SM SCT140 OVC200 06/M03 A3027 RMK AO2 SLP252 T00561028,null
IND,2023-12-16 11:54,42,26,52.76,130,12,0,30.25,1024.8,10,null,BKN,OVC,null,null,15000,20000,null,null,null,null,null,null,null,null,null,34.73,KIND 161154Z 13012KT 10SM BKN150 OVC200 06/M03 A3025 RMK AO2 SLP248 T00561033 10061 20044 58009,null
IND,2023-12-16 12:54,41,26,54.84,120,10,0,30.23,1024.2,10,null,BKN,BKN,null,null,15000,23000,null,null,null,null,null,null,null,null,null,34.25,KIND 161254Z 12010KT 10SM BKN150 BKN230 05/M03 A3023 RMK AO2 SLP242 T00501033,null
IND,2023-12-16 13:54,44,27,50.93,140,10,0,30.23,1024.1,10,null,FEW,BKN,BKN,null,9000,13000,18000,null,null,null,null,null,null,null,null,38.02,KIND 161354Z 14010KT 10SM FEW090 BKN130 BKN180 07/M03 A3023 RMK AO2 SLP241 T00671028,null
IND,2023-12-16 14:54,44,27,50.93,140,6,0,30.23,1024.2,10,null,SCT,BKN,OVC,null,7000,11000,17000,null,null,null,null,null,null,null,null,39.98,KIND 161454Z 14006KT 10SM SCT070 BKN110 OVC170 07/M03 A3023 RMK AO2 SLP242 T00671028 55006,null
IND,2023-12-16 15:54,45,27,49.02,140,12,0,30.22,1023.6,10,null,OVC,null,null,null,7000,null,null,null,null,null,null,null,null,null,null,38.55,KIND 161554Z 14012KT 10SM OVC070 07/M03 A3022 RMK AO2 SLP236 T00721028,null
IND,2023-12-16 16:54,47,28,47.36,130,11,0,30.18,1022.3,10,null,FEW,OVC,null,null,4000,7500,null,null,null,null,null,null,null,null,null,41.42,KIND 161654Z 13011KT 10SM FEW040 OVC075 08/M02 A3018 RMK AO2 SLP223 T00831022,null
IND,2023-12-16 17:54,48,29,47.52,130,10,0,30.14,1021,10,null,BKN,OVC,null,null,3500,8000,null,null,null,null,null,null,null,null,null,43.03,KIND 161754Z 13010KT 10SM BKN035 OVC080 09/M02 A3014 RMK AO2 SLP210 T00891017 10089 20050 58030,null
IND,2023-12-16 18:54,50,31,47.83,130,8,0,30.1,1019.5,10,null,FEW,BKN,OVC,null,3500,6000,9000,null,null,null,null,null,null,null,null,50,KIND 161854Z 13008KT 10SM FEW035 BKN060 OVC090 10/M01 A3010 RMK AO2 SLP195 T01001006,null
IND,2023-12-16 19:54,51,33,49.96,110,8,0,30.06,1018,10,null,FEW,BKN,BKN,null,4000,6000,8500,null,null,null,null,null,null,null,null,51,KIND 161954Z 11008KT 10SM FEW040 BKN060 BKN085 11/01 A3006 RMK AO2 SLP180 T01060006,null
IND,2023-12-16 20:54,52,33,48.15,130,13,0,30.05,1017.9,10,null,SCT,BKN,OVC,null,4400,6000,15000,null,null,null,null,null,null,null,null,52,KIND 162054Z 13013KT 10SM SCT044 BKN060 OVC150 11/01 A3005 RMK AO2 SLP179 T01110006 56029,null
IND,2023-12-16 21:54,53,32,44.58,140,13,0,30.03,1017,10,null,FEW,BKN,BKN,null,4400,6000,15000,null,null,null,null,null,null,null,null,53,KIND 162154Z 14013KT 10SM FEW044 BKN060 BKN150 12/00 A3003 RMK AO2 SLP170 T01170000,null
IND,2023-12-16 22:54,52,33,48.15,140,12,T,30.01,1016.6,10,null,SCT,BKN,BKN,null,4400,8500,11000,null,null,null,null,null,null,null,null,52,KIND 162254Z 14012KT 10SM SCT044 BKN085 BKN110 11/01 A3001 RMK AO2 RAB36E45 SLP166 P0000 T01110006,null
IND,2023-12-16 23:54,53,32,44.58,150,11,0,30,1015.9,10,null,FEW,BKN,OVC,null,5000,6500,7500,null,null,null,null,null,null,null,null,53,KIND 162354Z 15011KT 10SM FEW050 BKN065 OVC075 12/00 A3000 RMK AO2 SLP159 60000 T01170000 10117 20089 56019,null
IND,2023-12-17 0:54,52,34,50.12,150,11,0,29.98,1015.5,10,null,BKN,OVC,null,null,3800,8000,null,null,null,null,null,null,null,null,null,52,KIND 170054Z 15011KT 10SM BKN038 OVC080 11/01 A2998 RMK AO2 SLP155 T01110011,null
IND,2023-12-17 1:54,46,42,85.83,290,10,T,30,1016,10,null,OVC,null,null,null,4100,null,null,null,#NAME?,null,null,null,null,null,null,40.52,KIND 170154Z 29010KT 10SM -RA OVC041 08/06 A3000 RMK AO2 RAB15 SLP160 P0000 T00780056,null
IND,2023-12-17 2:54,45,44,96.26,320,4,0.08,30,1016,5,null,BKN,OVC,null,null,3700,4600,null,null,RA BR,null,null,null,null,null,null,42.6,KIND 170254Z 32004KT 5SM RA BR BKN037 OVC046 07/07 A3000 RMK AO2 SLP160 P0008 60008 T00720067 56000,null
IND,2023-12-17 3:52,44.6,44.6,100,70,4,0.07,29.97,null,9,null,BKN,BKN,OVC,null,2400,3200,5500,null,#NAME?,null,null,null,null,null,null,42.13,KIND 170352Z 07004KT 9SM -RA BKN024 BKN032 OVC055 07/07 A2997 RMK AO2 P0007,null
IND,2023-12-17 3:54,45,44,96.26,60,4,0.07,29.97,1015.2,8,null,BKN,OVC,null,null,2400,3200,null,null,#NAME?,null,null,null,null,null,null,42.6,KIND 170354Z 06004KT 8SM -RA BKN024 OVC032 07/07 A2997 RMK AO2 SLP152 P0007 T00720067,null
IND,2023-12-17 4:37,45,45,100,100,3,0.02,29.97,null,2,null,SCT,OVC,null,null,1300,2100,null,null,#NAME?,null,null,null,null,null,null,43.55,KIND 170437Z 10003KT 2SM -RA BR SCT013 OVC021 07/07 A2997 RMK AO2 P0002 T00720072,null
IND,2023-12-17 4:54,45,45,100,90,4,0.04,29.95,1014.5,2.5,null,FEW,SCT,OVC,null,1300,1900,3000,null,#NAME?,null,null,null,null,null,null,42.6,KIND 170454Z 09004KT 2 1/2SM -RA BR FEW013 SCT019 OVC030 07/07 A2995 RMK AO2 SLP145 P0004 T00720072 401170044,null
IND,2023-12-17 5:03,45,45,100,100,6,T,29.95,null,3,null,FEW,OVC,null,null,1300,3200,null,null,#NAME?,null,null,null,null,null,null,41.19,KIND 170503Z 10006KT 3SM -RA BR FEW013 OVC032 07/07 A2995 RMK AO2 P0000 T00720072,null
IND,2023-12-17 5:11,45,45,100,90,5,T,29.94,null,3,null,SCT,OVC,null,null,200,3200,null,null,#NAME?,null,null,null,null,null,null,41.83,KIND 170511Z 09005KT 3SM -RA BR SCT002 OVC032 07/07 A2994 RMK AO2 P0000 T00720072,null
IND,2023-12-17 5:19,45,45,100,80,4,T,29.94,null,3,null,BKN,OVC,null,null,200,3400,null,null,BR,null,null,null,null,null,null,42.6,KIND 170519Z 08004KT 3SM BR BKN002 OVC034 07/07 A2994 RMK AO2 RAE15 P0000 T00720072,null
IND,2023-12-17 5:28,45,45,100,90,4,T,29.94,null,2.5,null,OVC,null,null,null,200,null,null,null,BR,null,null,null,null,null,null,42.6,KIND 170528Z 09004KT 2 1/2SM BR OVC002 07/07 A2994 RMK AO2 RAE15 P0000 T00720072,null
IND,2023-12-17 5:54,45,45,100,90,4,0.01,29.93,1013.8,2,null,BKN,BKN,OVC,null,200,2200,2900,null,#NAME?,null,null,null,null,null,null,42.6,KIND 170554Z 09004KT 2SM -RA BR BKN002 BKN022 OVC029 07/07 A2993 RMK AO2 RAE15B35 SLP138 P0001 60020 T00720072 10117 20072 58014,null
IND,2023-12-17 6:54,45,45,100,90,3,0.01,29.91,1013,2,null,OVC,null,null,null,200,null,null,null,BR,null,null,null,null,null,null,43.55,KIND 170654Z 09003KT 2SM BR OVC002 07/07 A2991 RMK AO2 RAE41 SLP130 P0001 T00720072,null
IND,2023-12-17 7:22,45,45,100,110,4,T,29.91,null,1.5,null,BKN,OVC,null,null,200,1300,null,null,#NAME?,null,null,null,null,null,null,42.6,KIND 170722Z 11004KT 1 1/2SM -RA BR BKN002 OVC013 07/07 A2991 RMK AO2 RAB16 P0000 T00720072,null
IND,2023-12-17 7:52,44.6,44.6,100,80,2.92,null,29.9,null,1,null,BKN,OVC,null,null,1299,2798,null,null,#NAME?,null,null,null,null,null,null,43.19,SPECI KIND 170752Z 08003KT 1SM R05L/P6000FT RA BR BKN013 OVC028 07/07 A2990 RMK AO2 RAB16 P0003 FIBI (ML),null
IND,2023-12-17 7:54,45,45,100,70,3,0.04,29.9,1012.6,1,null,SCT,OVC,null,null,1300,2800,null,null,#NAME?,null,null,null,null,null,null,43.55,KIND 170754Z 07003KT 1SM R05L/P6000FT -RA BR SCT013 OVC028 07/07 A2990 RMK AO2 RAB16 SLP126 P0004 T00720072,null
IND,2023-12-17 8:04,45,45,100,100,3,T,29.9,null,1.5,null,FEW,BKN,OVC,null,200,1100,2600,null,#NAME?,null,null,null,null,null,null,43.55,KIND 170804Z 10003KT 1 1/2SM R05L/4500VP6000FT -RA BR FEW002 BKN011 OVC026 07/07 A2990 RMK AO2 P0000 T00720072,null
IND,2023-12-17 8:16,45,45,100,140,3,0.01,29.9,null,2,null,SCT,BKN,OVC,null,200,1100,3200,null,#NAME?,null,null,null,null,null,null,43.55,KIND 170816Z 14003KT 2SM -RA BR SCT002 BKN011 OVC032 07/07 A2990 RMK AO2 P0001 T00720072,null
IND,2023-12-17 8:23,45,45,100,140,3,0.01,29.9,null,1,null,FEW,BKN,OVC,null,200,1000,2900,null,#NAME?,null,null,null,null,null,null,43.55,KIND 170823Z 14003KT 1SM R05L/4500VP6000FT -RA BR FEW002 BKN010 OVC029 07/07 A2990 RMK AO2 P0001 T00720072,null
IND,2023-12-17 8:29,45,45,100,140,3,0.01,29.9,null,1,null,FEW,BKN,OVC,null,200,800,3500,null,#NAME?,null,null,null,null,null,null,43.55,KIND 170829Z 14003KT 1SM R05L/6000VP6000FT -RA BR FEW002 BKN008 OVC035 07/07 A2990 RMK AO2 P0001 T00720072,null
IND,2023-12-17 8:36,45,45,100,160,3,0.02,29.91,null,1.75,null,SCT,BKN,OVC,null,700,3100,5000,null,RA BR,null,null,null,null,null,null,43.55,KIND 170836Z 16003KT 1 3/4SM RA BR SCT007 BKN031 OVC050 07/07 A2991 RMK AO2 P0002 T00720072,null
IND,2023-12-17 8:41,45,45,100,150,3,0.03,29.91,null,3,null,SCT,BKN,OVC,null,800,3100,4800,null,#NAME?,null,null,null,null,null,null,43.55,KIND 170841Z 15003KT 3SM -RA BR SCT008 BKN031 OVC048 07/07 A2991 RMK AO2 P0003 T00720072,null
IND,2023-12-17 8:52,44.6,44.6,100,0,0,null,29.9,null,2.5,null,FEW,OVC,null,null,800,4799,null,null,#NAME?,null,null,null,null,null,null,44.6,SPECI KIND 170852Z 00000KT 2 1/2SM R05L/5500VP6000FT RA BR FEW008 OVC048 07/07 A2990 RMK AO2 P0004 FIBI (ML),null
IND,2023-12-17 8:54,45,45,100,210,3,0.04,29.9,1012.6,2.5,null,FEW,OVC,null,null,800,4600,null,null,RA BR,null,null,null,null,null,null,43.55,KIND 170854Z 21003KT 2 1/2SM R05L/6000VP6000FT RA BR FEW008 OVC046 07/07 A2990 RMK AO2 SLP126 P0004 60009 T00720072 55010,null
IND,2023-12-17 9:06,45,45,100,0,0,0.03,29.89,null,1,null,BKN,OVC,null,null,4900,7000,null,null,#NAME?,null,null,null,null,null,null,45,KIND 170906Z 00000KT 1SM R05L/P6000FT -RA BR BKN049 OVC070 07/07 A2989 RMK AO2 P0003 T00720072,null
IND,2023-12-17 9:11,45,45,100,240,3,0.03,29.89,null,0.75,null,FEW,FEW,OVC,null,900,4700,5500,null,#NAME?,null,null,null,null,null,null,43.55,KIND 170911Z 24003KT 3/4SM R05L/P6000FT -RA BR FEW009 FEW047 OVC055 07/07 A2989 RMK AO2 P0003 T00720072,null
IND,2023-12-17 9:52,44.6,44.6,100,0,0,0.07,29.87,null,0.5,null,BKN,BKN,OVC,null,1300,7000,10000,null,FG,null,null,null,null,null,null,44.6,KIND 170952Z 00000KT 1/2SM R05L/2800VP6000FT FG BKN013 BKN070 OVC100 07/07 A2987 RMK AO2 RAE51 P0007,null
IND,2023-12-17 9:54,45,45,100,0,0,0.07,29.86,1011.4,0.5,null,BKN,BKN,OVC,null,1100,7000,10000,null,FG,null,null,null,null,null,null,45,KIND 170954Z 00000KT 1/2SM R05L/2200VP6000FT FG BKN011 BKN070 OVC100 07/07 A2986 RMK AO2 RAE51 SLP114 P0007 T00720072,null
IND,2023-12-17 9:56,45,45,100,0,0,0,29.87,null,0.25,null,BKN,BKN,OVC,null,700,6500,10000,null,FG,null,null,null,null,null,null,45,KIND 170956Z 00000KT 1/4SM R05L/2200VP6000FT FG BKN007 BKN065 OVC100 07/07 A2987 RMK AO2 T00720072,null
IND,2023-12-17 10:16,44,44,100,0,0,0.01,29.87,null,0.25,null,VV ,null,null,null,300,null,null,null,#NAME?,null,null,null,null,null,null,44,KIND 171016Z 00000KT 1/4SM R05L/2600V3500FT -RA FG VV003 07/07 A2987 RMK AO2 RAB01 P0001 T00670067,null
IND,2023-12-17 10:32,45,44,96.26,220,3,0.01,29.87,null,0.5,null,VV ,null,null,null,300,null,null,null,FG,null,null,null,null,null,null,43.55,KIND 171032Z 22003KT 1/2SM R05L/4000VP6000FT FG VV003 07/07 A2987 RMK AO2 RAB01E17 P0001 T00720067,null
IND,2023-12-17 10:52,44.6,44.6,100,210,5.05,null,29.88,null,1.5,null,OVC,null,null,null,298,null,null,null,#NAME?,null,null,null,null,null,null,41.32,SPECI KIND 171052Z 21005KT 1 1/2SM -RA BR OVC003 07/07 A2988 RMK AO2 RAB01E17B37 P0001 FIBI (ML),null
IND,2023-12-17 10:54,45,45,100,210,5,0.02,29.88,1011.8,1.75,null,OVC,null,null,null,300,null,null,null,#NAME?,null,null,null,null,null,null,41.83,KIND 171054Z 21005KT 1 3/4SM -RA BR OVC003 07/07 A2988 RMK AO2 RAB01E17B37 SLP118 P0002 T00720072,null
IND,2023-12-17 11:12,45,45,100,220,6,0.01,29.88,null,3,null,OVC,null,null,null,300,null,null,null,#NAME?,null,null,null,null,null,null,41.19,KIND 171112Z 22006KT 3SM -RA BR OVC003 07/07 A2988 RMK AO2 P0001 T00720072,null
IND,2023-12-17 11:54,45,45,100,250,6,0.01,29.89,1012.3,6,null,OVC,null,null,null,300,null,null,null,BR,null,null,null,null,null,null,41.19,KIND 171154Z 25006KT 6SM BR OVC003 07/07 A2989 RMK AO2 RAE48 SLP123 P0001 60019 70039 T00720072 10072 20067 53009,null
IND,2023-12-17 12:54,45,45,100,240,6,0.01,29.9,1012.6,6,null,OVC,null,null,null,300,null,null,null,BR,null,null,null,null,null,null,41.19,KIND 171254Z 24006KT 6SM BR OVC003 07/07 A2990 RMK AO2 RAB07E43 SLP126 P0001 T00720072,null
IND,2023-12-17 13:37,45,45,100,270,8,T,29.91,null,10,null,BKN,OVC,null,null,500,2500,null,null,null,null,null,null,null,null,null,40.13,KIND 171337Z 27008KT 10SM BKN005 OVC025 07/07 A2991 RMK AO2 RAB1259E15 CIG 004V008 P0000 T00720072,null
IND,2023-12-17 13:54,45,44,96.26,270,10,T,29.91,1013,8,null,OVC,null,null,null,600,null,null,null,null,null,null,null,null,null,null,39.27,KIND 171354Z 27010KT 8SM OVC006 07/07 A2991 RMK AO2 RAB1259E15 SLP130 P0000 T00720067,null
IND,2023-12-17 14:54,43,42,96.23,280,13,0,29.94,1014.1,10,null,OVC,null,null,null,700,null,null,null,null,null,null,null,null,null,null,35.66,KIND 171454Z 28013KT 10SM OVC007 06/06 A2994 RMK AO2 SLP141 60001 T00610056 53015,null
IND,2023-12-17 15:54,43,41,92.58,280,8,0,29.94,1014.2,10,null,OVC,null,null,null,800,null,null,null,null,null,null,null,null,null,null,37.66,KIND 171554Z 28008KT 10SM OVC008 06/05 A2994 RMK AO2 CIG 005V011 SLP142 T00610050,null
IND,2023-12-17 16:54,43,41,92.58,260,9,0,29.92,1013.6,10,null,BKN,OVC,null,null,600,1100,null,null,null,null,null,null,null,null,null,37.19,KIND 171654Z 26009KT 10SM BKN006 OVC011 06/05 A2992 RMK AO2 SLP136 T00610050,null
IND,2023-12-17 17:15,44,41,89.11,270,10,0,29.91,null,10,null,OVC,null,null,null,1100,null,null,null,null,null,null,null,null,null,null,38.02,KIND 171715Z 27010KT 10SM OVC011 07/05 A2991 RMK AO2 T00670050,null
IND,2023-12-17 17:52,42.8,41,93.3,260,8.94,null,29.9,null,10,null,OVC,null,null,null,800,null,null,null,null,null,null,null,null,null,null,36.97,SPECI KIND 171752Z 26009KT 10SM OVC008 06/05 A2990 RMK AO2 CIG 006V011 FIBI (SKL),null
IND,2023-12-17 17:54,43,41,92.58,270,8,0,29.9,1012.8,10,null,OVC,null,null,null,800,null,null,null,null,null,null,null,null,null,null,37.66,KIND 171754Z 27008KT 10SM OVC008 06/05 A2990 RMK AO2 CIG 006V011 SLP128 60001 T00610050 10072 20061 58012,null
IND,2023-12-17 18:54,43,41,92.58,280,12,0,29.89,1012.4,8,null,OVC,null,null,null,700,null,null,null,null,null,null,null,null,null,null,36,KIND 171854Z 28012KT 8SM OVC007 06/05 A2989 RMK AO2 CIG 005V012 SLP124 T00610050,null
IND,2023-12-17 19:30,43,40,89.06,250,12,0,29.88,null,10,null,BKN,BKN,OVC,null,1000,1500,2000,null,null,null,null,null,null,null,null,36,KIND 171930Z 25012KT 10SM BKN010 BKN015 OVC020 06/04 A2988 RMK AO2 CIG 006V014 T00610044,null
IND,2023-12-17 19:54,42,39,89.01,250,12,0,29.87,1011.9,10,null,OVC,null,null,null,1400,null,null,null,null,null,null,null,null,null,null,34.73,KIND 171954Z 25012KT 10SM OVC014 06/04 A2987 RMK AO2 SLP119 T00560039,null
IND,2023-12-17 20:35,42,39,89.01,250,10,0,29.86,null,10,null,FEW,SCT,OVC,null,900,1400,2200,null,null,null,null,null,null,null,null,35.51,KIND 172035Z 25010KT 10SM FEW009 SCT014 OVC022 06/04 A2986 RMK AO2 T00560039,null
IND,2023-12-17 20:54,42,38,85.6,230,10,0,29.86,1011.4,10,null,FEW,SCT,OVC,null,900,1500,2200,null,null,null,null,null,null,null,null,35.51,KIND 172054Z 23010KT 10SM FEW009 SCT015 OVC022 06/03 A2986 RMK AO2 SLP114 T00560033 58014,null
IND,2023-12-17 21:54,41,38,88.97,240,7,0,29.86,1011.5,10,null,OVC,null,null,null,1800,null,null,null,null,null,null,null,null,null,null,35.75,KIND 172154Z 24007KT 10SM OVC018 05/03 A2986 RMK AO2 SLP115 T00500033,null
IND,2023-12-17 22:50,41,37.4,86.89,260,7,0,29.86,null,10,null,BKN,OVC,null,null,1400,2100,null,null,null,null,null,null,null,null,null,35.75,KIND 172250Z 26007KT 10SM BKN014 OVC021 05/03 A2986 RMK AO2,null
IND,2023-12-17 22:52,41,37.4,86.89,260,6.03,null,29.86,null,10,null,OVC,null,null,null,1601,null,null,null,null,null,null,null,null,null,null,36.35,SPECI KIND 172252Z 26006KT 10SM OVC016 05/03 A2986 RMK AO2 FIBI (LD),null
IND,2023-12-17 22:54,41,38,88.97,260,6,0,29.86,1011.5,10,null,OVC,null,null,null,1600,null,null,null,null,null,null,null,null,null,null,36.37,KIND 172254Z 26006KT 10SM OVC016 05/03 A2986 RMK AO2 SLP115 T00500033,null
IND,2023-12-17 23:06,41,38,88.97,250,8,0,29.86,null,10,null,OVC,null,null,null,1400,null,null,null,null,null,null,null,null,null,null,35.2,KIND 172306Z 25008KT 10SM OVC014 05/03 A2986 RMK AO2 T00500033,null
IND,2023-12-17 23:26,41,39,92.52,260,8,0,29.87,null,10,null,BKN,OVC,null,null,900,1400,null,null,null,null,null,null,null,null,null,35.2,KIND 172326Z 26008KT 10SM BKN009 OVC014 05/04 A2987 RMK AO2 T00500039,null
IND,2023-12-17 23:54,41,39,92.52,270,9,0,29.86,1011.6,10,null,OVC,null,null,null,900,null,null,null,null,null,null,null,null,null,null,34.7,KIND 172354Z 27009KT 10SM OVC009 05/04 A2986 RMK AO2 CIG 007V012 SLP116 T00500039 10067 20050 53000,null
IND,2023-12-18 0:54,41,39,92.52,270,7,T,29.86,1011.4,6,null,BKN,BKN,OVC,null,700,1300,2600,null,#NAME?,null,null,null,null,null,null,35.75,KIND 180054Z 27007KT 6SM -DZ BR BKN007 BKN013 OVC026 05/04 A2986 RMK AO2 SLP114 DZB49 P0000 T00500039,null
IND,2023-12-18 1:54,40,39,96.18,250,9,T,29.86,1011.5,6,null,BKN,BKN,OVC,null,700,1300,1800,null,#NAME?,null,null,null,null,null,null,33.46,KIND 180154Z 25009KT 6SM -DZ BR BKN007 BKN013 OVC018 04/04 A2986 RMK AO2 CIG 005V009 SLP115 P0000 T00440039,null
IND,2023-12-18 2:09,40,39,96.18,270,9,T,29.86,null,8,null,SCT,BKN,OVC,null,700,1700,2500,null,null,null,null,null,null,null,null,33.46,KIND 180209Z 27009KT 8SM SCT007 BKN017 OVC025 04/04 A2986 RMK AO2 DZE07 P0000 T00440039,null
IND,2023-12-18 2:54,40,38,92.49,280,12,T,29.85,1011.1,10,null,SCT,OVC,null,null,900,2100,null,null,null,null,null,null,null,null,null,32.18,KIND 180254Z 28012KT 10SM SCT009 OVC021 04/03 A2985 RMK AO2 DZE07 SLP111 P0000 60000 T00440033 58004,null
IND,2023-12-18 3:54,39,37,92.45,270,13,0,29.84,1010.7,10,null,SCT,OVC,null,null,1100,2000,null,null,null,null,null,null,null,null,null,30.54,KIND 180354Z 27013KT 10SM SCT011 OVC020 04/03 A2984 RMK AO2 SLP107 T00390028,null
IND,2023-12-18 4:52,37.4,35.6,93.14,270,9.91,null,29.82,null,10,null,OVC,null,null,null,1400,null,null,null,null,null,null,null,null,null,null,29.78,SPECI KIND 180452Z 27010KT 10SM OVC014 03/02 A2982 RMK AO2 FIBI (ML),null
IND,2023-12-18 4:54,38,36,92.42,270,11,0,29.82,1010,10,null,OVC,null,null,null,1400,null,null,null,null,null,null,null,null,null,null,30.05,KIND 180454Z 27011KT 10SM OVC014 03/02 A2982 RMK AO2 SLP100 T00330022 400720033,null
IND,2023-12-18 5:42,37,34,88.78,280,14,0,29.8,null,10,23,OVC,null,null,null,1500,null,null,null,null,null,null,null,null,null,null,27.61,KIND 180542Z 28014G23KT 10SM OVC015 03/01 A2980 RMK AO2 T00280011,null
IND,2023-12-18 5:54,37,33,85.29,280,16,0,29.8,1009.4,10,null,OVC,null,null,null,1700,null,null,null,null,null,null,null,null,null,null,26.94,KIND 180554Z 28016KT 10SM OVC017 03/01 A2980 RMK AO2 SLP094 60000 T00280006 10050 20028 58018,null
IND,2023-12-18 6:12,36,34,92.35,280,15,0,29.79,null,10,null,BKN,BKN,OVC,null,900,1400,1900,null,null,null,null,null,null,null,null,25.97,KIND 180612Z 28015KT 10SM BKN009 BKN014 OVC019 02/01 A2979 RMK AO2 T00220011,null
IND,2023-12-18 6:38,35,32,88.68,280,17,T,29.79,null,10,null,BKN,OVC,null,null,1100,1900,null,null,null,null,null,null,26,290,2023-12-18 6:19,24.01,KIND 180638Z 28017KT 10SM BKN011 OVC019 02/00 A2979 RMK AO2 PK WND 29026/0619 RAB13E28 CIG 008V013 P0000 T00170000,null
IND,2023-12-18 6:54,36,32,85.23,270,11,T,29.78,1008.8,10,22,FEW,OVC,null,null,1300,2200,null,null,null,null,null,null,26,290,2023-12-18 6:19,27.52,KIND 180654Z 27011G22KT 10SM FEW013 OVC022 02/00 A2978 RMK AO2 PK WND 29026/0619 RAB13E28 SLP088 P0000 T00220000,null
IND,2023-12-18 7:54,36,33,88.73,280,9,0,29.78,1008.8,10,null,BKN,OVC,null,null,1500,2100,null,null,null,null,null,null,null,null,null,28.49,KIND 180754Z 28009KT 10SM BKN015 OVC021 02/01 A2978 RMK AO2 SLP088 T00220006,null
IND,2023-12-18 8:13,36,32,85.23,280,17,0,29.78,null,10,23,OVC,null,null,null,1200,null,null,null,null,null,null,null,null,null,null,25.32,KIND 180813Z 28017G23KT 10SM OVC012 02/00 A2978 RMK AO2 T00220000,null
IND,2023-12-18 8:42,36,31,81.86,300,16,0,29.78,null,10,30,OVC,null,null,null,1600,null,null,null,null,null,null,null,30,300,2023-12-18 8:35,25.63,KIND 180842Z 30016G30KT 10SM OVC016 02/M01 A2978 RMK AO2 PK WND 30030/0835 T00221006,null
IND,2023-12-18 8:54,36,32,85.23,290,15,0,29.79,1009.1,10,24,OVC,null,null,null,1600,null,null,null,null,null,null,null,30,300,2023-12-18 8:35,25.97,KIND 180854Z 29015G24KT 10SM OVC016 02/00 A2979 RMK AO2 PK WND 30030/0835 SLP091 60000 T00220000 55004,null
IND,2023-12-18 9:54,36,30,78.6,290,16,0,29.76,1008.2,10,24,SCT,OVC,null,null,1800,2500,null,null,null,null,null,null,28,300,2023-12-18 8:58,25.63,KIND 180954Z 29016G24KT 10SM SCT018 OVC025 02/M01 A2976 RMK AO2 PK WND 30028/0858 SLP082 T00221011,null
IND,2023-12-18 10:54,35,28,75.36,290,18,0,29.76,1008.4,10,30,BKN,OVC,null,null,2500,3100,null,null,null,null,null,null,30,290,2023-12-18 10:52,23.7,KIND 181054Z 29018G30KT 10SM BKN025 OVC031 02/M02 A2976 RMK AO2 PK WND 29030/1052 SLP084 T00171022,null
IND,2023-12-18 11:54,34,28,78.43,300,17,0,29.77,1008.7,10,null,OVC,null,null,null,2300,null,null,null,null,null,null,null,30,290,2023-12-18 11:12,22.7,KIND 181154Z 30017KT 10SM OVC023 01/M02 A2977 RMK AO2 PK WND 29030/1112 SLP087 60000 70001 T00111022 10028 20011 55004,null
IND,2023-12-18 12:54,34,29,81.71,300,17,0,29.77,1008.6,10,24,BKN,OVC,null,null,1500,2200,null,null,null,null,null,null,null,null,null,22.7,KIND 181254Z 30017G24KT 10SM BKN015 OVC022 01/M02 A2977 RMK AO2 SLP086 T00111017,null
IND,2023-12-18 13:38,34,25,69.28,300,14,0,29.77,null,10,null,SCT,BKN,BKN,null,1900,3900,4600,null,null,null,null,null,28,290,2023-12-18 13:03,23.74,KIND 181338Z 30014KT 10SM SCT019 BKN039 BKN046 01/M04 A2977 RMK AO2 PK WND 29028/1303 T00111039,null
IND,2023-12-18 13:54,34,25,69.28,310,13,0,29.77,1008.6,10,null,FEW,SCT,BKN,null,1900,3000,4900,null,null,null,null,null,28,290,2023-12-18 13:03,24.13,KIND 181354Z 31013KT 10SM FEW019 SCT030 BKN049 01/M04 A2977 RMK AO2 PK WND 29028/1303 SLP086 T00111039,null
IND,2023-12-18 14:35,35,26,69.39,290,19,T,29.78,null,10,27,SCT,SCT,BKN,null,2900,4100,5500,null,#NAME?,null,null,null,27,280,2023-12-18 14:28,23.4,KIND 181435Z 29019G27KT 10SM -SN SCT029 SCT041 BKN055 02/M03 A2978 RMK AO2 PK WND 28027/1428 SNB35 P0000 T00171033,null
IND,2023-12-18 14:54,34,26,72.22,300,20,T,29.79,1009.1,9,26,SCT,BKN,BKN,null,2700,4100,6000,null,#NAME?,null,null,null,28,300,2023-12-18 14:44,21.8,KIND 181454Z 30020G26KT 9SM -SNGS SCT027 BKN041 BKN060 01/M03 A2979 RMK AO2 PK WND 30028/1444 SNB35GSB54 SLP091 GS LGT P0000 60000 T00111033 53004 $,null
IND,2023-12-18 15:10,34,26,72.22,290,18,T,29.79,null,9,29,FEW,SCT,BKN,null,2600,4100,6500,null,null,null,null,null,29,280,2023-12-18 15:05,22.38,KIND 181510Z 29018G29KT 9SM FEW026 SCT041 BKN065 01/M03 A2979 RMK AO2 PK WND 28029/1505 GSE04SNE05 P0000 T00111033 $,null
IND,2023-12-18 15:21,34,26,72.22,280,15,T,29.8,null,7,23,SCT,SCT,OVC,null,2600,3400,6500,null,#NAME?,null,null,null,29,280,2023-12-18 15:05,23.37,KIND 181521Z 28015G23KT 7SM -SN SCT026 SCT034 OVC065 01/M03 A2980 RMK AO2 PK WND 28029/1505 GSE04SNE05B15 P0000 T00111033 $,null
IND,2023-12-18 15:34,32,27,81.55,290,16,T,29.81,null,8,30,FEW,BKN,BKN,null,2100,2600,6500,null,#NAME?,null,null,null,30,290,2023-12-18 15:31,20.42,KIND 181534Z 29016G30KT 8SM R05L/3500VP6000FT -SN FEW021 BKN026 BKN065 00/M03 A2981 RMK AO2 PK WND 29030/1531 GSE04SNE05B15 P0000 T00001028,null
IND,2023-12-18 15:50,33.8,24.8,69.25,290,27,T,29.81,null,9,36,SCT,BKN,BKN,null,2400,3300,7500,null,#NAME?,null,null,null,36,280,2023-12-18 15:50,19.8,KIND 181550Z 29027G36KT 9SM -SN SCT024 BKN033 BKN075 01/M04 A2981 RMK AO2 PK WND 28036/1550 GSE04SNE05B15 P0000,null
IND,2023-12-18 15:54,33,25,72.11,290,26,T,29.81,1010.2,9,36,SCT,BKN,BKN,null,2400,3300,7500,null,#NAME?,null,null,null,36,280,2023-12-18 15:50,18.93,KIND 181554Z 29026G36KT 9SM -SN SCT024 BKN033 BKN075 01/M04 A2981 RMK AO2 PK WND 28036/1550 GSE04SNE05B15 SLP102 P0000 T00061039,null
IND,2023-12-18 16:29,31,27,84.92,290,18,T,29.83,null,1.5,31,SCT,BKN,OVC,null,1800,2400,2800,null,#NAME?,null,null,null,31,280,2023-12-18 16:21,18.43,KIND 181629Z 29018G31KT 1 1/2SM R05L/4500VP6000FT -SN BR SCT018 BKN024 OVC028 M01/M03 A2983 RMK AO2 PK WND 28031/1621 P0000 T10061028,null
IND,2023-12-18 16:43,30,25,81.4,290,23,T,29.83,null,3,33,BKN,OVC,null,null,2000,2500,null,null,#NAME?,null,null,null,33,300,2023-12-18 16:40,15.63,KIND 181643Z 29023G33KT 3SM -SN BKN020 OVC025 M01/M04 A2983 RMK AO2 PK WND 30033/1640 P0000 T10111039 $,null
IND,2023-12-18 16:54,31,26,81.48,300,22,T,29.82,1010.5,5,30,SCT,BKN,BKN,null,1900,2600,3800,null,#NAME?,null,null,null,33,300,2023-12-18 16:40,17.24,KIND 181654Z 30022G30KT 5SM -SN SCT019 BKN026 BKN038 M01/M03 A2982 RMK AO2 PK WND 30033/1640 SLP105 P0000 T10061033 $,null
IND,2023-12-18 17:02,32,25,75.07,290,18,T,29.82,null,9,30,SCT,BKN,BKN,null,1900,3900,5000,null,null,null,null,null,26,300,2023-12-18 16:58,19.75,KIND 181702Z 29018G30KT 9SM SCT019 BKN039 BKN050 00/M04 A2982 RMK AO2 PK WND 30026/1658 SNE02 P0000 T00001039 $,null
IND,2023-12-18 17:54,33,20,58.41,310,25,T,29.83,1010.8,10,32,BKN,BKN,null,null,3200,5500,null,null,null,null,null,null,34,320,2023-12-18 17:40,19.17,KIND 181754Z 31025G32KT 10SM BKN032 BKN055 01/M07 A2983 RMK AO2 PK WND 32034/1740 SNE02 SLP108 P0000 60000 T00061067 10017 21011 51016 $,null
IND,2023-12-18 18:07,33,20,58.41,300,19,T,29.84,null,10,34,BKN,BKN,null,null,3200,5500,null,null,#NAME?,null,null,null,34,310,2023-12-18 17:58,20.76,KIND 181807Z 30019G34KT 10SM -SN BKN032 BKN055 01/M07 A2984 RMK AO2 PK WND 31034/1758 SNB07 P0000 T00061067 $,null
IND,2023-12-18 18:24,32,19,58.27,310,26,T,29.84,null,9,35,SCT,BKN,OVC,null,3700,4500,6000,null,null,null,null,null,35,310,2023-12-18 18:21,17.58,KIND 181824Z 31026G35KT 9SM SCT037 BKN045 OVC060 00/M07 A2984 RMK AO2 PK WND 31035/1821 SNB07E24 P0000 T00001072 $,null
IND,2023-12-18 18:50,32,17.6,54.87,310,23,T,29.85,null,9,35,SCT,BKN,BKN,null,3700,4500,6000,null,#NAME?,null,null,null,36,310,2023-12-18 18:34,18.31,KIND 181850Z COR 31023G35KT 9SM -SN SCT037 BKN045 BKN060 00/M08 A2985 RMK AO2 PK WND 31036/1834 SNB07E24B50 P0000,null
IND,2023-12-18 18:54,31,19,60.67,310,21,T,29.85,1011.5,9,31,BKN,BKN,null,null,4800,6000,null,null,#NAME?,null,null,null,36,310,2023-12-18 18:34,17.52,KIND 181854Z 31021G31KT 9SM -SN BKN048 BKN060 M01/M07 A2985 RMK AO2 PK WND 31036/1834 SLP115 SNB07E24B50 P0000 T10061072 $,null
IND,2023-12-18 19:30,32,19,58.27,300,19,T,29.87,null,9,30,FEW,BKN,null,null,3600,5000,null,null,null,null,null,null,32,310,2023-12-18 19:04,19.44,KIND 181930Z 30019G30KT 9SM FEW036 BKN050 00/M07 A2987 RMK AO2 PK WND 31032/1904 SNE30 P0000 T00001072 $,null
IND,2023-12-18 19:52,30.2,19.4,63.75,300,20,T,29.89,null,8,34,FEW,BKN,null,null,3600,5000,null,null,#NAME?,null,null,null,34,300,2023-12-18 19:44,16.75,KIND 181952Z 30020G34KT 8SM -SN FEW036 BKN050 M01/M07 A2989 RMK AO2 PK WND 30034/1944 SNE30B46 P0000 $,null
IND,2023-12-18 19:54,31,20,63.32,300,21,T,29.89,1012.7,8,31,FEW,SCT,OVC,null,3100,4400,5500,null,#NAME?,null,null,null,34,300,2023-12-18 19:44,17.52,KIND 181954Z 30021G31KT 8SM -SN FEW031 SCT044 OVC055 M01/M07 A2989 RMK AO2 PK WND 30034/1944 SNE30B46 SLP127 P0000 T10061067 $,null
IND,2023-12-18 20:54,30,17,57.98,300,17,T,29.94,1014.5,10,31,OVC,null,null,null,5000,null,null,null,null,null,null,null,37,310,2023-12-18 20:18,17.46,KIND 182054Z 30017G31KT 10SM OVC050 M01/M08 A2994 RMK AO2 PK WND 31037/2018 SNE1958B19E22 SLP145 P0000 60000 T10111083 53035 $,null
IND,2023-12-18 21:54,29,16,57.83,300,18,0,29.98,1016,10,27,OVC,null,null,null,5500,null,null,null,null,null,null,null,34,300,2023-12-18 21:07,15.8,KIND 182154Z 30018G27KT 10SM OVC055 M02/M09 A2998 RMK AO2 PK WND 30034/2107 SLP160 T10171089 $,null
IND,2023-12-18 22:54,29,15,55.36,310,14,0,30.02,1017.3,10,21,FEW,OVC,null,null,3900,6000,null,null,null,null,null,null,28,290,2023-12-18 22:00,17.3,KIND 182254Z 31014G21KT 10SM FEW039 OVC060 M02/M09 A3002 RMK AO2 PK WND 29028/2200 SLP173 T10171094 $,null
IND,2023-12-18 23:54,28,14,55.21,310,16,0,30.05,1018.3,10,25,FEW,BKN,null,null,4000,6000,null,null,null,null,null,null,null,null,null,15.2,KIND 182354Z 31016G25KT 10SM FEW040 BKN060 M02/M10 A3005 RMK AO2 SLP183 60000 T10221100 10006 21022 51037 $,null
IND,2023-12-19 0:54,26,16,65.43,300,12,0,30.1,1020.1,10,null,FEW,null,null,null,6000,null,null,null,null,null,null,null,null,null,null,14.37,KIND 190054Z 30012KT 10SM FEW060 M03/M09 A3010 RMK AO2 SLP201 T10331089 $,null
IND,2023-12-19 1:54,26,15,62.64,310,12,0,30.12,1020.9,10,null,FEW,null,null,null,6000,null,null,null,null,null,null,null,null,null,null,14.37,KIND 190154Z 31012KT 10SM FEW060 M03/M09 A3012 RMK AO2 SLP209 T10331094 $,null
IND,2023-12-19 2:54,25,17,71.22,280,10,0,30.14,1021.3,10,null,FEW,null,null,null,6000,null,null,null,null,null,null,null,null,null,null,14.19,KIND 190254Z 28010KT 10SM FEW060 M04/M08 A3014 RMK AO2 SLP213 T10391083 51028 $,null
IND,2023-12-19 3:54,25,15,65.3,310,12,0,30.16,1022,10,null,CLR,null,null,null,null,null,null,null,null,null,null,null,null,null,null,13.09,KIND 190354Z 31012KT 10SM CLR M04/M09 A3016 RMK AO2 SLP220 T10391094 $,null
IND,2023-12-19 4:54,23,14,67.96,300,10,0,30.17,1022.7,10,null,CLR,null,null,null,null,null,null,null,null,null,null,null,null,null,null,11.68,KIND 190454Z 30010KT 10SM CLR M05/M10 A3017 RMK AO2 SLP227 T10501100 400331050 $,null
IND,2023-12-19 5:54,22,13,67.83,290,8,0,30.19,1023.1,10,null,CLR,null,null,null,null,null,null,null,null,null,null,null,null,null,null,11.79,KIND 190554Z 29008KT 10SM CLR M06/M11 A3019 RMK AO2 SLP231 T10561106 11022 21056 51017 $,null
IND,2023-12-19 6:54,22,13,67.83,270,9,0,30.2,1023.5,10,null,CLR,null,null,null,null,null,null,null,null,null,null,null,null,null,null,11.08,KIND 190654Z 27009KT 10SM CLR M06/M11 A3020 RMK AO2 SLP235 T10561106 $,null
IND,2023-12-19 7:54,21,14,73.94,280,9,0,30.22,1024.4,10,null,CLR,null,null,null,null,null,null,null,null,null,null,null,null,null,null,9.84,KIND 190754Z 28009KT 10SM CLR M06/M10 A3022 RMK AO2 SLP244 T10611100 $,null
IND,2023-12-19 8:54,20,14,77.16,290,7,0,30.23,1024.9,10,null,CLR,null,null,null,null,null,null,null,null,null,null,null,null,null,null,10.15,KIND 190854Z 29007KT 10SM CLR M07/M10 A3023 RMK AO2 SLP249 T10671100 53016 $,null
IND,2023-12-19 9:54,18,13,80.44,280,7,0,30.25,1025.3,10,null,CLR,null,null,null,null,null,null,null,null,null,null,null,null,null,null,7.71,KIND 190954Z 28007KT 10SM CLR M08/M11 A3025 RMK AO2 SLP253 T10781106 $,null
IND,2023-12-19 10:54,18,13,80.44,280,6,0,30.27,1026.1,10,null,CLR,null,null,null,null,null,null,null,null,null,null,null,null,null,null,8.67,KIND 191054Z 28006KT 10SM CLR M08/M11 A3027 RMK AO2 SLP261 T10781106 $,null
IND,2023-12-19 11:54,17,13,83.98,260,7,0,30.3,1027.2,10,null,CLR,null,null,null,null,null,null,null,null,null,null,null,null,null,null,6.5,KIND 191154Z 26007KT 10SM CLR M08/M11 A3030 RMK AO2 SLP272 T10831106 11056 21083 53022 $,null
IND,2023-12-19 12:54,16,12,83.91,250,6,0,30.32,1028,10,null,CLR,null,null,null,null,null,null,null,null,null,null,null,null,null,null,6.26,KIND 191254Z 25006KT 10SM CLR M09/M11 A3032 RMK AO2 SLP280 T10891111 $,null
IND,2023-12-19 13:54,19,14,80.52,210,4,0,30.33,1028.4,10,null,FEW,null,null,null,25000,null,null,null,null,null,null,null,null,null,null,12.24,KIND 191354Z 21004KT 10SM FEW250 M07/M10 A3033 RMK AO2 SLP284 T10721100 $,null
IND,2023-12-19 14:54,22,15,74.05,0,0,0,30.35,1028.8,10,null,FEW,SCT,null,null,10000,25000,null,null,null,null,null,null,null,null,null,22,KIND 191454Z 00000KT 10SM FEW100 SCT250 M06/M09 A3035 RMK AO2 SLP288 T10561094 51017 $,null
IND,2023-12-19 15:54,26,15,62.64,240,5,0,30.37,1029.3,10,null,FEW,BKN,null,null,10000,24000,null,null,null,null,null,null,null,null,null,19.27,KIND 191554Z 24005KT 10SM FEW100 BKN240 M03/M09 A3037 RMK AO2 SLP293 T10331094 $,null
IND,2023-12-19 16:54,28,16,60.25,0,0,0,30.36,1029.1,10,null,BKN,null,null,null,23000,null,null,null,null,null,null,null,null,null,null,28,KIND 191654Z 00000KT 10SM BKN230 M02/M09 A3036 RMK AO2 SLP291 T10221089 $,null
IND,2023-12-19 17:54,33,16,49.18,200,9,0,30.34,1028.5,10,19,FEW,FEW,null,null,10000,23000,null,null,null,null,null,null,null,null,null,24.76,KIND 191754Z 20009G19KT 10SM FEW100 FEW230 01/M09 A3034 RMK AO2 SLP285 T00061089 10006 21089 58002 $,null
IND,2023-12-19 18:54,35,15,43.47,190,9,0,30.33,1027.9,10,null,FEW,FEW,null,null,18000,23000,null,null,null,null,null,null,null,null,null,27.24,KIND 191854Z 19009KT 10SM FEW180 FEW230 02/M09 A3033 RMK AO2 SLP279 T00171094 $,null
IND,2023-12-19 19:54,35,15,43.47,190,8,0,30.31,1027.4,10,null,FEW,BKN,null,null,18000,22000,null,null,null,null,null,null,null,null,null,27.81,KIND 191954Z 19008KT 10SM FEW180 BKN220 02/M09 A3031 RMK AO2 SLP274 T00171094 $,null
IND,2023-12-19 20:54,36,15,41.78,190,10,0,30.3,1027.1,10,null,FEW,BKN,null,null,18000,22000,null,null,null,null,null,null,null,null,null,27.98,KIND 192054Z 19010KT 10SM FEW180 BKN220 02/M09 A3030 RMK AO2 SLP271 T00221094 56013 $,null
IND,2023-12-19 21:54,34,16,47.25,210,10,0,30.32,1027.6,10,null,FEW,BKN,null,null,18000,21000,null,null,null,null,null,null,null,null,null,25.48,KIND 192154Z 21010KT 10SM FEW180 BKN210 01/M09 A3032 RMK AO2 SLP276 T00111089,null
IND,2023-12-19 22:54,33,16,49.18,170,7,0,30.33,1028,10,null,BKN,null,null,null,23000,null,null,null,null,null,null,null,null,null,null,26,KIND 192254Z 17007KT 10SM BKN230 01/M09 A3033 RMK AO2 SLP280 T00061089,null
IND,2023-12-19 23:54,32,17,53.46,180,9,0,30.33,1028.3,10,null,SCT,null,null,null,23000,null,null,null,null,null,null,null,null,null,null,23.51,KIND 192354Z 18009KT 10SM SCT230 00/M08 A3033 RMK AO2 SLP283 T00001083 10033 21006 51010,null
IND,2023-12-20 0:54,31,16,53.31,180,7,0,30.34,1028.6,10,null,BKN,null,null,null,21000,null,null,null,null,null,null,null,null,null,null,23.56,KIND 200054Z 18007KT 10SM BKN210 M01/M09 A3034 RMK AO2 SLP286 T10061089,null
IND,2023-12-20 1:54,30,16,55.52,160,8,0,30.34,1028.4,10,null,BKN,null,null,null,21000,null,null,null,null,null,null,null,null,null,null,21.65,KIND 200154Z 16008KT 10SM BKN210 M01/M09 A3034 RMK AO2 SLP284 T10111089,null
IND,2023-12-20 2:54,30,16,55.52,170,7,0,30.34,1028.4,10,null,BKN,null,null,null,21000,null,null,null,null,null,null,null,null,null,null,22.34,KIND 200254Z 17007KT 10SM BKN210 M01/M09 A3034 RMK AO2 SLP284 T10111089 51003,null
IND,2023-12-20 3:54,30,16,55.52,170,6,0,30.34,1028.6,10,null,BKN,null,null,null,23000,null,null,null,null,null,null,null,null,null,null,23.12,KIND 200354Z 17006KT 10SM BKN230 M01/M09 A3034 RMK AO2 SLP286 T10111089,null
IND,2023-12-20 4:54,31,16,53.31,180,8,0,30.34,1028.3,10,null,BKN,OVC,null,null,15000,23000,null,null,null,null,null,null,null,null,null,22.88,KIND 200454Z 18008KT 10SM BKN150 OVC230 M01/M09 A3034 RMK AO2 SLP283 T10061089 400331089,null
IND,2023-12-20 5:54,30,17,57.98,180,7,0,30.34,1028.3,10,null,FEW,BKN,null,null,16000,21000,null,null,null,null,null,null,null,null,null,22.34,KIND 200554Z 18007KT 10SM FEW160 BKN210 M01/M08 A3034 RMK AO2 SLP283 T10111083 10000 21017 51001,null
IND,2023-12-20 6:54,29,17,60.39,140,5,0,30.34,1028.3,10,null,SCT,null,null,null,22000,null,null,null,null,null,null,null,null,null,null,22.83,KIND 200654Z 14005KT 10SM SCT220 M02/M08 A3034 RMK AO2 SLP283 T10171083,null
IND,2023-12-20 7:54,27,18,68.45,150,7,0,30.35,1028.7,10,null,SCT,null,null,null,22000,null,null,null,null,null,null,null,null,null,null,18.68,KIND 200754Z 15007KT 10SM SCT220 M03/M08 A3035 RMK AO2 SLP287 T10281078,null
IND,2023-12-20 8:54,28,18,65.69,160,8,0,30.35,1028.6,10,null,SCT,null,null,null,18000,null,null,null,null,null,null,null,null,null,null,19.19,KIND 200854Z COR 16008KT 10SM SCT180 M02/M08 A3035 RMK AO2 SLP286 T10221078 50003,null
IND,2023-12-20 9:54,29,17,60.39,150,9,0,30.35,1028.5,10,null,SCT,null,null,null,22000,null,null,null,null,null,null,null,null,null,null,19.78,KIND 200954Z 15009KT 10SM SCT220 M02/M08 A3035 RMK AO2 SLP285 T10171083,null
IND,2023-12-20 10:54,28,18,65.69,150,8,0,30.36,1028.7,10,null,BKN,BKN,OVC,null,9000,15000,23000,null,null,null,null,null,null,null,null,19.19,KIND 201054Z 15008KT 10SM BKN090 BKN150 OVC230 M02/M08 A3036 RMK AO2 SLP287 T10221078,null
IND,2023-12-20 11:54,26,17,68.32,150,7,0,30.37,1029.4,10,null,FEW,SCT,null,null,9000,23000,null,null,null,null,null,null,null,null,null,17.47,KIND 201154Z 15007KT 10SM FEW090 SCT230 M03/M08 A3037 RMK AO2 SLP294 T10331083 11011 21033 53007,null
IND,2023-12-20 12:54,25,18,74.36,130,6,0,30.38,1029.9,10,null,FEW,FEW,null,null,8500,20000,null,null,null,null,null,null,null,null,null,17.1,KIND 201254Z 13006KT 10SM FEW085 FEW200 M04/M08 A3038 RMK AO2 SLP299 T10391078,null
IND,2023-12-20 13:54,28,18,65.69,150,6,0,30.39,1029.9,10,null,SCT,SCT,null,null,8500,23000,null,null,null,null,null,null,null,null,null,20.71,KIND 201354Z 15006KT 10SM SCT085 SCT230 M02/M08 A3039 RMK AO2 SLP299 T10221078,null
IND,2023-12-20 14:54,33,19,55.97,160,8,0,30.4,1030.1,10,null,FEW,BKN,null,null,8500,20000,null,null,null,null,null,null,null,null,null,25.34,KIND 201454Z 16008KT 10SM FEW085 BKN200 01/M07 A3040 RMK AO2 SLP301 T00061072 51008,null
IND,2023-12-20 15:54,36,20,51.83,170,7,0,30.4,1030.1,10,null,BKN,null,null,null,20000,null,null,null,null,null,null,null,null,null,null,29.65,KIND 201554Z 17007KT 10SM BKN200 02/M07 A3040 RMK AO2 SLP301 T00221067,null
IND,2023-12-20 16:54,42,20,41,190,10,0,30.37,1029.1,10,null,BKN,BKN,null,null,20000,25000,null,null,null,null,null,null,null,null,null,35.51,KIND 201654Z 19010KT 10SM BKN200 BKN250 06/M07 A3037 RMK AO2 SLP291 T00561067,null
IND,2023-12-20 17:54,47,21,35.36,180,9,0,30.34,1028.1,10,null,FEW,FEW,null,null,20000,25000,null,null,null,null,null,null,null,null,null,42.17,KIND 201754Z 18009KT 10SM FEW200 FEW250 08/M06 A3034 RMK AO2 SLP281 T00831061 10083 21039 58018,null
IND,2023-12-20 18:54,49,16,26.47,200,12,0,30.32,1027.4,10,null,FEW,FEW,null,null,20000,25000,null,null,null,null,null,null,null,null,null,43.64,KIND 201854Z 20012KT 10SM FEW200 FEW250 09/M09 A3032 RMK AO2 SLP274 T00941089,null
IND,2023-12-20 19:54,50,16,25.5,190,9,0,30.32,1027.2,10,null,FEW,null,null,null,23000,null,null,null,null,null,null,null,null,null,null,50,KIND 201954Z 19009KT 10SM FEW230 10/M09 A3032 RMK AO2 SLP272 T01001089,null
IND,2023-12-20 20:54,47,18,31.11,190,9,0,30.32,1027.4,10,null,SCT,BKN,null,null,20000,25000,null,null,null,null,null,null,null,null,null,42.17,KIND 202054Z 19009KT 10SM SCT200 BKN250 08/M08 A3032 RMK AO2 SLP274 T00831078 55006,null
IND,2023-12-20 21:54,46,18,32.3,160,7,0,30.33,1027.6,10,null,BKN,BKN,null,null,20000,25000,null,null,null,null,null,null,null,null,null,41.84,KIND 202154Z 16007KT 10SM BKN200 BKN250 08/M08 A3033 RMK AO2 SLP276 T00781078,null
IND,2023-12-20 22:54,47,16,28.53,170,9,0,30.33,1027.7,10,null,SCT,BKN,null,null,20000,25000,null,null,null,null,null,null,null,null,null,42.17,KIND 202254Z 17009KT 10SM SCT200 BKN250 08/M09 A3033 RMK AO2 SLP277 T00831089,null
IND,2023-12-20 23:54,43,19,37.81,140,7,0,30.34,1028.3,10,null,SCT,BKN,null,null,20000,25000,null,null,null,null,null,null,null,null,null,38.19,KIND 202354Z 14007KT 10SM SCT200 BKN250 06/M07 A3034 RMK AO2 SLP283 T00611072 10100 20056 53007,null
IND,2023-12-21 0:54,40,19,42.45,170,6,0,30.35,1028.7,10,null,FEW,BKN,null,null,20000,25000,null,null,null,null,null,null,null,null,null,35.17,KIND 210054Z 17006KT 10SM FEW200 BKN250 04/M07 A3035 RMK AO2 SLP287 T00441072,null
IND,2023-12-21 1:54,39,19,44.14,170,6,0,30.34,1028.3,10,null,FEW,BKN,null,null,20000,25000,null,null,null,null,null,null,null,null,null,33.96,KIND 210154Z 17006KT 10SM FEW200 BKN250 04/M07 A3034 RMK AO2 SLP283 T00391072,null
IND,2023-12-21 2:54,39,18,42.28,200,5,0,30.35,1028.4,10,null,FEW,BKN,null,null,20000,25000,null,null,null,null,null,null,null,null,null,34.71,KIND 210254Z 20005KT 10SM FEW200 BKN250 04/M08 A3035 RMK AO2 SLP284 T00391078 51001,null
IND,2023-12-21 3:54,40,18,40.67,200,4,0,30.35,1028.2,10,null,BKN,null,null,null,25000,null,null,null,null,null,null,null,null,null,null,36.76,KIND 210354Z 20004KT 10SM BKN250 04/M08 A3035 RMK AO2 SLP282 T00441078,null
IND,2023-12-21 4:54,40,19,42.45,130,4,0,30.36,1028.6,10,null,SCT,BKN,null,null,5500,25000,null,null,null,null,null,null,null,null,null,36.76,KIND 210454Z 13004KT 10SM SCT055 BKN250 04/M07 A3036 RMK AO2 SLP286 T00441072 401001039,null
IND,2023-12-21 5:54,41,19,40.83,0,0,0,30.37,1028.8,10,null,OVC,null,null,null,5000,null,null,null,null,null,null,null,null,null,null,41,KIND 210554Z 00000KT 10SM OVC050 05/M07 A3037 RMK AO2 SLP288 T00501072 10061 20033 53006,null
IND,2023-12-21 6:54,39,23,52.3,40,3,0,30.37,1028.8,10,null,BKN,null,null,null,6000,null,null,null,null,null,null,null,null,null,null,36.69,KIND 210654Z 04003KT 10SM BKN060 04/M05 A3037 RMK AO2 SLP288 T00391050,null
IND,2023-12-21 7:54,38,23,54.39,0,0,0,30.38,1029.2,10,null,BKN,null,null,null,5500,null,null,null,null,null,null,null,null,null,null,38,KIND 210754Z 00000KT 10SM BKN055 03/M05 A3038 RMK AO2 SLP292 T00331050,null
IND,2023-12-21 8:54,37,22,54.23,130,5,0,30.37,1029,10,null,SCT,BKN,null,null,3700,4800,null,null,null,null,null,null,null,null,null,32.33,KIND 210854Z 13005KT 10SM SCT037 BKN048 03/M06 A3037 RMK AO2 SLP290 T00281056 50002,null
IND,2023-12-21 9:54,39,22,50.14,160,7,0,30.36,1028.6,10,null,FEW,SCT,OVC,null,3800,4800,23000,null,null,null,null,null,null,null,null,33.31,KIND 210954Z 16007KT 10SM FEW038 SCT048 OVC230 04/M06 A3036 RMK AO2 SLP286 T00391056,null
IND,2023-12-21 10:54,35,22,58.7,150,4,0,30.36,1028.7,10,null,OVC,null,null,null,21000,null,null,null,null,null,null,null,null,null,null,30.92,KIND 211054Z 15004KT 10SM OVC210 02/M06 A3036 RMK AO2 SLP287 T00171056,null
IND,2023-12-21 11:54,34,23,63.72,120,5,0,30.37,1029,10,null,OVC,null,null,null,22000,null,null,null,null,null,null,null,null,null,null,28.77,KIND 211154Z 12005KT 10SM OVC220 01/M05 A3037 RMK AO2 SLP290 T00111050 10050 20011 55002,null
IND,2023-12-21 12:54,34,22,61.09,130,3,0,30.38,1029.5,10,null,FEW,BKN,BKN,null,4500,16000,22000,null,null,null,null,null,null,null,null,30.97,KIND 211254Z 13003KT 10SM FEW045 BKN160 BKN220 01/M06 A3038 RMK AO2 SLP295 T00111056,null
IND,2023-12-21 13:54,35,23,61.23,110,5,0,30.39,1029.6,10,null,FEW,SCT,BKN,null,4500,15000,25000,null,null,null,null,null,null,null,null,29.96,KIND 211354Z 11005KT 10SM FEW045 SCT150 BKN250 02/M05 A3039 RMK AO2 SLP296 T00171050,null
IND,2023-12-21 14:54,39,23,52.3,150,4,0,30.39,1029.7,10,null,SCT,BKN,BKN,null,12000,14000,23000,null,null,null,null,null,null,null,null,35.59,KIND 211454Z 15004KT 10SM SCT120 BKN140 BKN230 04/M05 A3039 RMK AO2 SLP297 VIRGA S-W T00391050 51007,null
IND,2023-12-21 15:54,42,23,46.55,190,5,0,30.4,1029.8,10,null,BKN,BKN,null,null,14000,23000,null,null,null,null,null,null,null,null,null,38.27,KIND 211554Z 19005KT 10SM BKN140 BKN230 06/M05 A3040 RMK AO2 SLP298 VIRGA S-W T00561050,null
IND,2023-12-21 16:54,43,25,48.7,180,4,0,30.37,1028.9,10,null,BKN,BKN,null,null,14000,25000,null,null,null,null,null,null,null,null,null,40.27,KIND 211654Z 18004KT 10SM BKN140 BKN250 06/M04 A3037 RMK AO2 SLP289 T00611039,null
IND,2023-12-21 17:54,46,26,45.29,180,3,0,30.35,1028.2,10,null,BKN,BKN,BKN,null,14000,20000,25000,null,null,null,null,null,null,null,null,44.69,KIND 211754Z 18003KT 10SM BKN140 BKN200 BKN250 08/M03 A3035 RMK AO2 SLP282 T00781033 10078 20011 58013,null
IND,2023-12-21 18:54,48,27,43.77,140,4,0,30.34,1027.6,10,null,SCT,BKN,BKN,null,14000,20000,25000,null,null,null,null,null,null,null,null,46.1,KIND 211854Z 14004KT 10SM SCT140 BKN200 BKN250 09/M03 A3034 RMK AO2 SLP276 T00891028,null
IND,2023-12-21 19:54,50,28,42.33,180,7,0,30.33,1027.5,10,null,FEW,SCT,BKN,null,14000,20000,25000,null,null,null,null,null,null,null,null,50,KIND 211954Z 18007KT 10SM FEW140 SCT200 BKN250 10/M02 A3033 RMK AO2 SLP275 T01001022,null
IND,2023-12-21 20:54,49,28,43.93,160,7,0,30.32,1027.2,10,null,SCT,SCT,BKN,null,5000,20000,25000,null,null,null,null,null,null,null,null,45.5,KIND 212054Z 16007KT 10SM SCT050 SCT200 BKN250 09/M02 A3032 RMK AO2 SLP272 T00941022 56009,null
IND,2023-12-21 21:54,48,28,45.61,160,5,0,30.32,1027.1,10,null,SCT,SCT,OVC,null,5500,20000,25000,null,null,null,null,null,null,null,null,45.4,KIND 212154Z 16005KT 10SM SCT055 SCT200 OVC250 09/M02 A3032 RMK AO2 SLP271 T00891022,null
IND,2023-12-21 22:54,46,28,49.18,160,7,0,30.31,1027,10,null,SCT,SCT,BKN,null,5500,20000,25000,null,null,null,null,null,null,null,null,41.84,KIND 212254Z 16007KT 10SM SCT055 SCT200 BKN250 08/M02 A3031 RMK AO2 SLP270 T00781022,null
IND,2023-12-21 23:54,44,28,53.07,180,6,0,30.31,1026.9,10,null,SCT,BKN,null,null,20000,25000,null,null,null,null,null,null,null,null,null,39.98,KIND 212354Z 18006KT 10SM SCT200 BKN250 07/M02 A3031 RMK AO2 SLP269 T00671022 10106 20061 58005,null
IND,2023-12-22 0:54,43,27,52.91,0,0,0,30.32,1027.2,10,null,BKN,BKN,null,null,21000,25000,null,null,null,null,null,null,null,null,null,43,KIND 220054Z 00000KT 10SM BKN210 BKN250 06/M03 A3032 RMK AO2 SLP272 T00611028,null
IND,2023-12-22 1:54,43,28,55.14,180,5,0,30.31,1027,10,null,BKN,BKN,null,null,21000,25000,null,null,null,null,null,null,null,null,null,39.46,KIND 220154Z 18005KT 10SM BKN210 BKN250 06/M02 A3031 RMK AO2 SLP270 T00611022,null
IND,2023-12-22 2:54,43,28,55.14,180,7,0,30.31,1026.9,10,null,BKN,OVC,null,null,21000,25000,null,null,null,null,null,null,null,null,null,38.19,KIND 220254Z 18007KT 10SM BKN210 OVC250 06/M02 A3031 RMK AO2 SLP269 T00611022 51001,null
IND,2023-12-22 3:54,44,28,53.07,180,6,0,30.31,1026.7,10,null,BKN,OVC,null,null,8000,20000,null,null,null,null,null,null,null,null,null,39.98,KIND 220354Z 18006KT 10SM BKN080 OVC200 07/M02 A3031 RMK AO2 SLP267 T00671022,null
IND,2023-12-22 4:54,44,27,50.93,180,5,0,30.31,1026.7,10,null,OVC,null,null,null,7000,null,null,null,null,null,null,null,null,null,null,40.65,KIND 220454Z 18005KT 10SM OVC070 07/M03 A3031 RMK AO2 SLP267 T00671028 401060011,null
IND,2023-12-22 5:54,44,27,50.93,170,6,0,30.29,1026.1,10,null,BKN,OVC,null,null,7000,8500,null,null,null,null,null,null,null,null,null,39.98,KIND 220554Z 17006KT 10SM BKN070 OVC085 07/M03 A3029 RMK AO2 SLP261 T00671028 10072 20056 58006,null
IND,2023-12-22 6:54,43,27,52.91,170,6,0,30.28,1025.5,10,null,OVC,null,null,null,6500,null,null,null,null,null,null,null,null,null,null,38.78,KIND 220654Z 17006KT 10SM OVC065 06/M03 A3028 RMK AO2 SLP255 T00611028,null
IND,2023-12-22 7:54,42,28,57.3,160,6,0,30.28,1025.5,10,null,OVC,null,null,null,6500,null,null,null,null,null,null,null,null,null,null,37.57,KIND 220754Z 16006KT 10SM OVC065 06/M02 A3028 RMK AO2 SLP255 T00561022,null
IND,2023-12-22 8:54,42,29,59.69,160,6,T,30.27,1025.3,10,null,OVC,null,null,null,7500,null,null,null,#NAME?,null,null,null,null,null,null,37.57,KIND 220854Z 16006KT 10SM -RA OVC075 06/M02 A3027 RMK AO2 RAB11E21B45 SLP253 P0000 60000 T00561017 56008,null
IND,2023-12-22 9:54,43,29,57.44,160,6,T,30.26,1025.1,10,null,OVC,null,null,null,6500,null,null,null,null,null,null,null,null,null,null,38.78,KIND 220954Z 16006KT 10SM OVC065 06/M02 A3026 RMK AO2 RAE35 SLP251 P0000 T00611017,null
IND,2023-12-22 10:54,41,30,64.63,130,4,0,30.27,1025.5,10,null,OVC,null,null,null,5000,null,null,null,null,null,null,null,null,null,null,37.93,KIND 221054Z 13004KT 10SM OVC050 05/M01 A3027 RMK AO2 SLP255 T00501011,null
IND,2023-12-22 11:54,41,30,64.63,130,4,0,30.28,1025.7,10,null,OVC,null,null,null,5000,null,null,null,null,null,null,null,null,null,null,37.93,KIND 221154Z 13004KT 10SM OVC050 05/M01 A3028 RMK AO2 SLP257 60000 T00501011 10067 20050 53003,null
IND,2023-12-22 12:54,41,30,64.63,130,5,0,30.28,1025.8,10,null,OVC,null,null,null,4300,null,null,null,null,null,null,null,null,null,null,37.08,KIND 221254Z 13005KT 10SM OVC043 05/M01 A3028 RMK AO2 SLP258 T00501011,null
IND,2023-12-22 13:54,42,30,62.18,150,4,0,30.27,1025.5,10,null,OVC,null,null,null,3600,null,null,null,null,null,null,null,null,null,null,39.1,KIND 221354Z 15004KT 10SM OVC036 06/M01 A3027 RMK AO2 SLP255 T00561011,null
IND,2023-12-22 14:54,43,30,59.83,170,6,0,30.27,1025.5,10,null,OVC,null,null,null,3800,null,null,null,null,null,null,null,null,null,null,38.78,KIND 221454Z 17006KT 10SM OVC038 06/M01 A3027 RMK AO2 SLP255 T00611011 58002,null
IND,2023-12-22 15:54,45,31,57.73,170,6,T,30.27,1025.3,10,null,SCT,BKN,BKN,null,3900,7500,9000,null,null,null,null,null,null,null,null,41.19,KIND 221554Z 17006KT 10SM SCT039 BKN075 BKN090 07/M01 A3027 RMK AO2 RAB23E39 SLP253 P0000 T00721006,null
IND,2023-12-22 16:54,47,30,51.39,180,8,T,30.25,1024.5,10,null,SCT,BKN,BKN,null,5000,7000,8500,null,null,null,null,null,null,null,null,42.59,KIND 221654Z 18008KT 10SM SCT050 BKN070 BKN085 08/M01 A3025 RMK AO2 RAB08E37 SLP245 P0000 T00831011,null
IND,2023-12-22 17:54,47,31,53.52,160,8,0,30.21,1023.4,10,null,BKN,BKN,OVC,null,5000,7000,8500,null,null,null,null,null,null,null,null,42.59,KIND 221754Z 16008KT 10SM BKN050 BKN070 OVC085 08/M01 A3021 RMK AO2 SLP234 60000 T00831006 10083 20050 58020,null
IND,2023-12-22 18:54,48,30,49.49,170,6,0,30.2,1022.9,10,null,BKN,OVC,null,null,4600,8000,null,null,null,null,null,null,null,null,null,44.8,KIND 221854Z 17006KT 10SM BKN046 OVC080 09/M01 A3020 RMK AO2 SLP229 T00891011,null
IND,2023-12-22 19:54,49,32,51.7,150,5,0,30.19,1022.4,10,null,BKN,OVC,null,null,4100,7000,null,null,null,null,null,null,null,null,null,46.58,KIND 221954Z 15005KT 10SM BKN041 OVC070 09/00 A3019 RMK AO2 SLP224 T00940000,null
IND,2023-12-22 20:54,50,32,49.81,150,5,0,30.18,1022.4,10,null,BKN,OVC,null,null,4100,8000,null,null,null,null,null,null,null,null,null,50,KIND 222054Z 15005KT 10SM BKN041 OVC080 10/00 A3018 RMK AO2 SLP224 T01000000 56010,null
IND,2023-12-22 21:54,51,33,49.96,170,7,T,30.18,1022.4,10,null,BKN,OVC,null,null,3700,6000,null,null,#NAME?,null,null,null,null,null,null,51,KIND 222154Z 17007KT 10SM -RA BKN037 OVC060 11/01 A3018 RMK AO2 RAB43 SLP224 P0000 T01060006,null
IND,2023-12-22 22:54,50,32,49.81,170,6,T,30.18,1022.3,10,null,SCT,OVC,null,null,3900,5000,null,null,#NAME?,null,null,null,null,null,null,50,KIND 222254Z 17006KT 10SM -RA SCT039 OVC050 10/00 A3018 RMK AO2 SLP223 P0000 T01000000,null
IND,2023-12-22 23:54,49,32,51.7,150,7,T,30.18,1022.1,10,null,BKN,OVC,null,null,4700,5500,null,null,null,null,null,null,null,null,null,45.5,KIND 222354Z 15007KT 10SM BKN047 OVC055 09/00 A3018 RMK AO2 RAE2255 SLP221 P0000 60000 T00940000 10106 20083 58002,null
IND,2023-12-23 0:54,48,35,60.52,150,7,T,30.18,1022.1,10,null,SCT,BKN,OVC,null,4800,6500,8000,null,#NAME?,null,null,null,null,null,null,44.28,KIND 230054Z 15007KT 10SM -RA SCT048 BKN065 OVC080 09/02 A3018 RMK AO2 RAB20 SLP221 P0000 T00890017,null
IND,2023-12-23 1:54,47,36,65.38,150,7,T,30.18,1022.1,10,null,FEW,OVC,null,null,4000,7000,null,null,#NAME?,null,null,null,null,null,null,43.06,KIND 230154Z 15007KT 10SM -RA FEW040 OVC070 08/02 A3018 RMK AO2 RAE0059B18 SLP221 P0000 T00830022,null
IND,2023-12-23 2:54,47,36,65.38,160,7,T,30.17,1022.1,10,null,SCT,BKN,OVC,null,4600,6000,8000,null,#NAME?,null,null,null,null,null,null,43.06,KIND 230254Z 16007KT 10SM -RA SCT046 BKN060 OVC080 08/02 A3017 RMK AO2 RAE25B48 SLP221 P0000 60000 T00830022 58001,null
IND,2023-12-23 3:54,45,38,76.31,150,7,0.01,30.17,1021.8,10,null,BKN,OVC,null,null,5500,7000,null,null,#NAME?,null,null,null,null,null,null,40.63,KIND 230354Z 15007KT 10SM -RA BKN055 OVC070 07/03 A3017 RMK AO2 SLP218 P0001 T00720033,null
IND,2023-12-23 4:54,45,38,76.31,180,7,0.01,30.17,1021.8,10,null,BKN,OVC,null,null,7000,8500,null,null,#NAME?,null,null,null,null,null,null,40.63,KIND 230454Z 18007KT 10SM -RA BKN070 OVC085 07/03 A3017 RMK AO2 SLP218 P0001 T00720033 401060050,null
IND,2023-12-23 5:54,44,40,85.71,200,8,0.01,30.17,1021.8,10,null,FEW,OVC,null,null,3200,5500,null,null,#NAME?,null,null,null,null,null,null,38.9,KIND 230554Z 20008KT 10SM -RA FEW032 OVC055 07/04 A3017 RMK AO2 RAE07B31 SLP218 P0001 60003 T00670044 10094 20067 56002,null
IND,2023-12-23 6:30,46,39,76.4,210,10,T,30.17,null,10,null,BKN,OVC,null,null,2700,3800,null,null,#NAME?,null,null,null,null,null,null,40.52,KIND 230630Z 21010KT 10SM -RA BKN027 OVC038 08/04 A3017 RMK AO2 P0000 T00780039,null
IND,2023-12-23 6:54,45,41,85.77,200,9,T,30.15,1021.4,10,null,FEW,OVC,null,null,2100,2700,null,null,null,null,null,null,null,null,null,39.68,KIND 230654Z 20009KT 10SM FEW021 OVC027 07/05 A3015 RMK AO2 RAE51 SLP214 P0000 T00720050,null
IND,2023-12-23 7:54,45,41,85.77,200,9,T,30.16,1021.6,10,null,OVC,null,null,null,2100,null,null,null,#NAME?,null,null,null,null,null,null,39.68,KIND 230754Z 20009KT 10SM -RA OVC021 07/05 A3016 RMK AO2 RAB0655 SLP216 P0000 T00720050,null
IND,2023-12-23 8:45,45,43,92.65,210,9,0.01,30.16,null,6,null,OVC,null,null,null,1400,null,null,null,#NAME?,null,null,null,null,null,null,39.68,KIND 230845Z 21009KT 6SM -RA BR OVC014 07/06 A3016 RMK AO2 RAE15B36 P0001 T00720061,null
IND,2023-12-23 8:54,45,43,92.65,210,9,0.02,30.16,1021.5,6,null,OVC,null,null,null,1200,null,null,null,#NAME?,null,null,null,null,null,null,39.68,KIND 230854Z 21009KT 6SM -RA BR OVC012 07/06 A3016 RMK AO2 RAE15B36 SLP215 P0002 60002 T00720061 56003,null
IND,2023-12-23 9:16,45,44,96.26,220,7,T,30.16,null,6,null,OVC,null,null,null,800,null,null,null,#NAME?,null,null,null,null,null,null,40.63,KIND 230916Z 22007KT 6SM -RA BR OVC008 07/07 A3016 RMK AO2 CIG 006V012 P0000 T00720067,null
IND,2023-12-23 9:54,45,44,96.26,200,8,0.02,30.15,1021,4,null,OVC,null,null,null,600,null,null,null,#NAME?,null,null,null,null,null,null,40.13,KIND 230954Z 20008KT 4SM -RA BR OVC006 07/07 A3015 RMK AO2 CIG 004V008 SLP210 P0002 T00720067,null
IND,2023-12-23 10:54,45,45,100,200,8,T,30.15,1021.2,3,null,OVC,null,null,null,500,null,null,null,#NAME?,null,null,null,null,null,null,40.13,KIND 231054Z 20008KT 3SM -DZ BR OVC005 07/07 A3015 RMK AO2 RAE05DZB49 SLP212 P0000 T00720072,null
IND,2023-12-23 11:54,46,45,96.28,210,9,0.01,30.16,1021.5,6,null,OVC,null,null,null,600,null,null,null,#NAME?,null,null,null,null,null,null,40.92,KIND 231154Z 21009KT 6SM -RA BR OVC006 08/07 A3016 RMK AO2 DZE42RAB42 SLP215 P0001 60005 70008 T00780072 10078 20067 53001,null
IND,2023-12-23 12:38,46,45,96.28,220,7,0.01,30.17,null,7,null,SCT,OVC,null,null,600,1400,null,null,null,null,null,null,null,null,null,41.84,KIND 231238Z 22007KT 7SM SCT006 OVC014 08/07 A3017 RMK AO2 RAE35 P0001 T00780072,null
IND,2023-12-23 12:54,46,45,96.28,210,6,0.02,30.17,1022,6,null,BKN,OVC,null,null,1400,2100,null,null,#NAME?,null,null,null,null,null,null,42.39,KIND 231254Z 21006KT 6SM -RA BR BKN014 OVC021 08/07 A3017 RMK AO2 RAE35B40 SLP220 P0002 T00780072,null
IND,2023-12-23 13:54,46,45,96.28,190,5,0.01,30.18,1022.3,10,null,OVC,null,null,null,1200,null,null,null,null,null,null,null,null,null,null,43.02,KIND 231354Z 19005KT 10SM OVC012 08/07 A3018 RMK AO2 RAE20 SLP223 P0001 T00780072,null
IND,2023-12-23 14:29,46,45,96.28,190,7,T,30.19,null,4,null,BKN,OVC,null,null,600,1000,null,null,#NAME?,null,null,null,null,null,null,41.84,KIND 231429Z 19007KT 4SM -RA BR BKN006 OVC010 08/07 A3019 RMK AO2 RAB27 P0000 T00780072,null
IND,2023-12-23 14:54,46,45,96.28,200,6,T,30.2,1023,4,null,OVC,null,null,null,600,null,null,null,#NAME?,null,null,null,null,null,null,42.39,KIND 231454Z 20006KT 4SM -DZ BR OVC006 08/07 A3020 RMK AO2 RAB27E37DZB37 SLP230 P0000 60003 T00780072 53014,null
IND,2023-12-23 15:05,46,45,96.28,200,5,T,30.2,null,2,null,OVC,null,null,null,500,null,null,null,#NAME?,null,null,null,null,null,null,43.02,KIND 231505Z 20005KT 2SM -DZ BR OVC005 08/07 A3020 RMK AO2 P0000 T00780072,null
IND,2023-12-23 15:14,46,45,96.28,210,4,T,30.21,null,1.75,null,OVC,null,null,null,400,null,null,null,BR,null,null,null,null,null,null,43.77,KIND 231514Z 21004KT 1 3/4SM BR OVC004 08/07 A3021 RMK AO2 DZE11 P0000 T00780072,null
IND,2023-12-23 15:50,46.4,46.4,100,200,6,T,30.21,null,0.75,null,OVC,null,null,null,300,null,null,null,BR,null,null,null,null,null,null,42.87,KIND 231550Z 20006KT 3/4SM R05L/4500V5000FT BR OVC003 08/08 A3021 RMK AO2 DZE11RAB20E36 P0000,null
IND,2023-12-23 15:54,47,47,100,200,6,T,30.21,1023.1,0.75,null,OVC,null,null,null,300,null,null,null,BR,null,null,null,null,null,null,43.6,KIND 231554Z 20006KT 3/4SM R05L/4500V5000FT BR OVC003 08/08 A3021 RMK AO2 DZE11RAB20E36 SLP231 P0000 T00830083,null
IND,2023-12-23 16:06,47,47,100,200,7,0,30.21,null,1,null,OVC,null,null,null,300,null,null,null,BR,null,null,null,null,null,null,43.06,KIND 231606Z 20007KT 1SM R05L/5000VP6000FT BR OVC003 08/08 A3021 RMK AO2 T00830083,null
IND,2023-12-23 16:54,48,47,96.31,200,6,T,30.2,1022.9,1,null,OVC,null,null,null,200,null,null,null,#NAME?,null,null,null,null,null,null,44.8,KIND 231654Z 20006KT 1SM R05L/P6000FT -RA BR OVC002 09/08 A3020 RMK AO2 RAB52 SLP229 P0000 T00890083,null
IND,2023-12-23 17:30,48,48,100,200,6,T,30.19,null,2.5,null,OVC,null,null,null,200,null,null,null,BR,null,null,null,null,null,null,44.8,KIND 231730Z 20006KT 2 1/2SM BR OVC002 09/09 A3019 RMK AO2 RAE15 P0000 T00890089,null
IND,2023-12-23 17:54,49,48,96.32,210,7,T,30.18,1022.2,2,null,OVC,null,null,null,300,null,null,null,BR,null,null,null,null,null,null,45.5,KIND 231754Z 21007KT 2SM BR OVC003 09/09 A3018 RMK AO2 RAE15 SLP222 P0000 60003 T00940089 10094 20078 58008,null
IND,2023-12-23 18:09,49,48,96.32,220,7,0,30.18,null,1.5,null,OVC,null,null,null,300,null,null,null,BR,null,null,null,null,null,null,45.5,KIND 231809Z 22007KT 1 1/2SM BR OVC003 09/09 A3018 RMK AO2 T00940089,null
IND,2023-12-23 18:52,48.2,48.2,100,220,7.97,null,30.18,null,2.5,null,OVC,null,null,null,298,null,null,null,BR,null,null,null,null,null,null,44.08,SPECI KIND 231852Z 22008KT 2 1/2SM BR OVC003 09/09 A3018 RMK AO2 FIBI (LD),null
IND,2023-12-23 18:54,49,49,100,220,6,0,30.18,1022.2,2.5,null,OVC,null,null,null,300,null,null,null,BR,null,null,null,null,null,null,46,KIND 231854Z 22006KT 2 1/2SM BR OVC003 09/09 A3018 RMK AO2 SLP222 T00940094,null
IND,2023-12-23 19:33,49,49,100,200,6,0,30.17,null,1,null,OVC,null,null,null,400,null,null,null,BR,null,null,null,null,null,null,46,KIND 231933Z 20006KT 1SM R05L/P6000FT BR OVC004 09/09 A3017 RMK AO2 SFC VIS 1 3/4 T00940094,null
IND,2023-12-23 19:54,49,49,100,190,6,0,30.17,1021.9,1,null,OVC,null,null,null,400,null,null,null,BR,null,null,null,null,null,null,46,KIND 231954Z 19006KT 1SM R05L/P6000FT BR OVC004 09/09 A3017 RMK AO2 SFC VIS 1 1/2 SLP219 T00940094,null
IND,2023-12-23 20:54,50,49,96.34,180,5,0,30.17,1021.7,1,null,OVC,null,null,null,300,null,null,null,BR,null,null,null,null,null,null,50,KIND 232054Z 18005KT 1SM R05L/P6000FT BR OVC003 10/09 A3017 RMK AO2 SFC VIS 1 1/2 SLP217 T01000094 58004,null
IND,2023-12-23 21:54,49,49,100,170,5,0,30.18,1022.4,1,null,OVC,null,null,null,300,null,null,null,BR,null,null,null,null,null,null,46.58,KIND 232154Z 17005KT 1SM R05L/P6000FT BR OVC003 09/09 A3018 RMK AO2 SLP224 T00940094,null
IND,2023-12-23 22:54,49,49,100,150,4,0,30.19,1022.7,1,null,OVC,null,null,null,300,null,null,null,BR,null,null,null,null,null,null,47.27,KIND 232254Z 15004KT 1SM R05L/4000V5000FT BR OVC003 09/09 A3019 RMK AO2 SLP227 T00940094,null
IND,2023-12-23 23:02,49,49,100,160,6,0,30.2,null,0.5,null,VV ,null,null,null,200,null,null,null,FG,null,null,null,null,null,null,46,KIND 232302Z 16006KT 1/2SM R05L/3500V4000FT FG VV002 09/09 A3020 RMK AO2 TWR VIS 1 T00940094,null
IND,2023-12-23 23:24,49,49,100,160,6,0,30.2,null,0.25,null,VV ,null,null,null,200,null,null,null,FG,null,null,null,null,null,null,46,KIND 232324Z 16006KT 1/4SM R05L/2000V2800FT FG VV002 09/09 A3020 RMK AO2 TWR VIS 1 T00940094,null
IND,2023-12-23 23:32,49,49,100,160,6,0,30.21,null,0.5,null,VV ,null,null,null,200,null,null,null,FG,null,null,null,null,null,null,46,KIND 232332Z 16006KT 1/2SM R05L/2200V2600FT FG VV002 09/09 A3021 RMK AO2 TWR VIS 1 T00940094,null
IND,2023-12-23 23:43,49,49,100,170,6,0,30.21,null,0.25,null,VV ,null,null,null,200,null,null,null,FG,null,null,null,null,null,null,46,KIND 232343Z 17006KT 1/4SM R05L/2400V4500FT FG VV002 09/09 A3021 RMK AO2 SFC VIS 1/2 T00940094,null
IND,2023-12-23 23:54,49,49,100,170,6,0,30.21,1023.2,0.25,null,VV ,null,null,null,200,null,null,null,FG,null,null,null,null,null,null,46,KIND 232354Z 17006KT 1/4SM R05L/4500VP6000FT FG VV002 09/09 A3021 RMK AO2 SFC VIS 1/2 SLP232 T00940094 10100 20094 53014,null
IND,2023-12-24 0:54,49,49,100,180,5,T,30.22,1023.5,0.25,null,VV ,null,null,null,200,null,null,null,DZ FG,null,null,null,null,null,null,46.58,KIND 240054Z 18005KT 1/4SM R05L/5000VP6000FT DZ FG VV002 09/09 A3022 RMK AO2 SFC VIS 1/2 DZB50 SLP235 P0000 T00940094,null
IND,2023-12-24 1:54,49,49,100,170,5,T,30.23,1023.8,0.25,null,VV ,null,null,null,200,null,null,null,FG,null,null,null,null,null,null,46.58,KIND 240154Z 17005KT 1/4SM R05L/4000VP6000FT FG VV002 09/09 A3023 RMK AO2 SFC VIS 1/2 DZE48 SLP238 P0000 T00940094,null
IND,2023-12-24 2:54,49,49,100,160,5,0,30.23,1023.9,0.25,null,VV ,null,null,null,200,null,null,null,FG,null,null,null,null,null,null,46.58,KIND 240254Z 16005KT 1/4SM R05L/2200V2400FT FG VV002 09/09 A3023 RMK AO2 SLP239 60000 T00940094 51007,null
IND,2023-12-24 3:54,49,48,96.32,160,5,0,30.23,1023.9,0.25,null,VV ,null,null,null,200,null,null,null,FG,null,null,null,null,null,null,46.58,KIND 240354Z 16005KT 1/4SM R05L/2600V3000FT FG VV002 09/09 A3023 RMK AO2 SFC VIS 1/2 SLP239 T00940089,null
IND,2023-12-24 4:54,49,48,96.32,160,4,0,30.23,1024,0.25,null,VV ,null,null,null,200,null,null,null,FG,null,null,null,null,null,null,47.27,KIND 240454Z 16004KT 1/4SM R05L/3500V6000FT FG VV002 09/09 A3023 RMK AO2 SFC VIS 1/2 SLP240 T00940089 401000067,null
IND,2023-12-24 5:54,48,48,100,130,4,0,30.22,1023.7,0.25,null,VV ,null,null,null,300,null,null,null,FG,null,null,null,null,null,null,46.1,KIND 240554Z 13004KT 1/4SM R05L/P6000FT FG VV003 09/09 A3022 RMK AO2 SFC VIS 1/2 SLP237 60000 T00890089 10094 20089 58003,null
IND,2023-12-24 6:54,48,48,100,130,4,0,30.22,1023.5,0.25,null,OVC,null,null,null,200,null,null,null,BR,null,null,null,null,null,null,46.1,KIND 240654Z 13004KT 1/4SM R05L/4500V6000FT BR OVC002 09/09 A3022 RMK AO2 SFC VIS 1 SLP235 T00890089,null
IND,2023-12-24 7:54,48,47,96.31,120,4,0,30.22,1023.6,0.25,null,OVC,null,null,null,200,null,null,null,BR,null,null,null,null,null,null,46.1,KIND 240754Z 12004KT 1/4SM R05L/P6000FT BR OVC002 09/08 A3022 RMK AO2 SFC VIS 1 SLP236 T00890083,null
IND,2023-12-24 8:54,47,47,100,130,3,0,30.23,1023.9,0.25,null,VV ,null,null,null,200,null,null,null,FG,null,null,null,null,null,null,45.84,KIND 240854Z 13003KT 1/4SM R05L/4000V5000FT FG VV002 08/08 A3023 RMK AO2 SFC VIS 1/2 SLP239 T00830083 53002,null
IND,2023-12-24 9:52,46.4,46.4,100,110,4.08,null,30.23,null,0.25,null,VV ,null,null,null,200,null,null,null,FG,null,null,null,null,null,null,44.17,SPECI KIND 240952Z 11004KT 1/4SM R05L/1800V2000FT FG VV002 08/08 A3023 RMK AO2 FIBI (ML),null
IND,2023-12-24 9:54,47,47,100,100,4,0,30.23,1023.9,0.25,null,VV ,null,null,null,200,null,null,null,FG,null,null,null,null,null,null,44.94,KIND 240954Z 10004KT 1/4SM R05L/1800V2000FT FG VV002 08/08 A3023 RMK AO2 SLP239 T00830083,null
IND,2023-12-24 10:26,47,47,100,110,4,0,30.22,null,0.25,null,VV ,null,null,null,200,null,null,null,FG,null,null,null,null,null,null,44.94,KIND 241026Z 11004KT 1/4SM R05L/2200V3000FT FG VV002 08/08 A3022 RMK AO2 T00830083,null
IND,2023-12-24 10:54,47,47,100,110,3,0,30.23,1023.7,0.25,null,VV ,null,null,null,200,null,null,null,FG,null,null,null,null,null,null,45.84,KIND 241054Z 11003KT 1/4SM R05L/2200VP6000FT FG VV002 08/08 A3023 RMK AO2 SLP237 T00830083,null
IND,2023-12-24 11:52,46.4,46.4,100,140,4.08,null,30.23,null,0.25,null,VV ,null,null,null,200,null,null,null,FG,null,null,null,null,null,null,44.17,SPECI KIND 241152Z 14004KT 1/4SM R05L/1400V2000FT FG VV002 08/08 A3023 RMK AO2 TWR VIS 1/4 FIBI (ML),null
IND,2023-12-24 11:54,47,46,96.29,140,3,0,30.23,1023.8,0.25,null,VV ,null,null,null,200,null,null,null,FG,null,null,null,null,null,null,45.84,KIND 241154Z 14003KT 1/4SM R05L/1200V1800FT FG VV002 08/08 A3023 RMK AO2 TWR VIS 1/4 SLP238 70003 T00830078 10089 20078 57000,null
IND,2023-12-24 12:52,46.4,46.4,100,140,4.08,null,30.24,null,0.12,null,VV ,null,null,null,200,null,null,null,FG,null,null,null,null,null,null,44.17,SPECI KIND 241252Z 14004KT 1/8SM R05L/1000V1200FT FG VV002 08/08 A3024 RMK AO2 TWR VIS 1/4 FIBI (SKL),null
IND,2023-12-24 12:54,46,46,100,140,5,0,30.23,1024,0.12,null,VV ,null,null,null,200,null,null,null,FG,null,null,null,null,null,null,43.02,KIND 241254Z 14005KT 1/8SM R05L/1000FT FG VV002 08/08 A3023 RMK AO2 TWR VIS 1/4 SLP240 T00780078,null
IND,2023-12-24 13:38,47,47,100,140,4,0,30.24,null,0.25,null,OVC,null,null,null,200,null,null,null,FG,null,null,null,null,null,null,44.94,KIND 241338Z 14004KT 1/4SM R05L/1000FT FG OVC002 08/08 A3024 RMK AO2 SFC VIS 1/2 T00830083,null
IND,2023-12-24 13:52,46.4,46.4,100,130,4.08,null,30.24,null,0.25,null,BKN,BKN,null,null,200,2900,null,null,BR,null,null,null,null,null,null,44.17,SPECI KIND 241352Z 13004KT 1/4SM R05L/1200VP6000FT BR BKN002 BKN029 08/08 A3024 RMK AO2 SFC VIS 3/4 FIBI (SKL),null
IND,2023-12-24 13:54,47,47,100,130,4,0,30.24,1024.1,1.5,null,BKN,OVC,null,null,200,3000,null,null,BR,null,null,null,null,null,null,44.94,KIND 241354Z 13004KT 1 1/2SM R05L/1400VP6000FT BR BKN002 OVC030 08/08 A3024 RMK AO2 SLP241 T00830083,null
IND,2023-12-24 14:33,48,48,100,130,6,0,30.25,null,2.5,null,OVC,null,null,null,300,null,null,null,BR,null,null,null,null,null,null,44.8,KIND 241433Z 13006KT 2 1/2SM BR OVC003 09/09 A3025 RMK AO2 CIG 002V006 T00890089,null
IND,2023-12-24 14:46,48,48,100,140,6,0,30.26,null,2.5,null,OVC,null,null,null,500,null,null,null,BR,null,null,null,null,null,null,44.8,KIND 241446Z 14006KT 2 1/2SM BR OVC005 09/09 A3026 RMK AO2 T00890089,null
IND,2023-12-24 14:51,48.2,48.2,100,130,4,0,30.26,null,3,null,OVC,null,null,null,400,null,null,null,BR,null,null,null,null,null,null,46.34,KIND 241451Z 13004KT 3SM BR OVC004 09/09 A3026 RMK AO2,null
IND,2023-12-24 14:54,49,48,96.32,140,5,0,30.26,1024.8,3,null,OVC,null,null,null,400,null,null,null,BR,null,null,null,null,null,null,46.58,KIND 241454Z 14005KT 3SM BR OVC004 09/09 A3026 RMK AO2 SLP248 T00940089 53010,null
IND,2023-12-24 15:12,49,48,96.32,130,5,0,30.26,null,2.5,null,OVC,null,null,null,400,null,null,null,BR,null,null,null,null,null,null,46.58,KIND 241512Z 13005KT 2 1/2SM BR OVC004 09/09 A3026 RMK AO2 T00940089,null
IND,2023-12-24 15:39,49,49,100,0,0,T,30.26,null,1.25,null,OVC,null,null,null,300,null,null,null,#NAME?,null,null,null,null,null,null,49,KIND 241539Z 00000KT 1 1/4SM R05L/5500VP6000FT -RA BR OVC003 09/09 A3026 RMK AO2 RAB32 P0000 T00940094,null
IND,2023-12-24 15:54,50,49,96.34,130,4,0.01,30.27,1025.2,1.5,null,OVC,null,null,null,300,null,null,null,BR,null,null,null,null,null,null,50,KIND 241554Z 13004KT 1 1/2SM BR OVC003 10/09 A3027 RMK AO2 RAB32E53 SLP252 P0001 T01000094,null
IND,2023-12-24 16:05,50,50,100,140,5,0,30.26,null,2,null,OVC,null,null,null,300,null,null,null,BR,null,null,null,null,null,null,50,KIND 241605Z 14005KT 2SM BR OVC003 10/10 A3026 RMK AO2 T01000100,null
IND,2023-12-24 16:22,50,50,100,130,4,0,30.25,null,3,null,BKN,null,null,null,300,null,null,null,BR,null,null,null,null,null,null,50,KIND 241622Z 13004KT 3SM BR BKN003 10/10 A3025 RMK AO2 T01000100,null
IND,2023-12-24 16:54,52,51,96.37,130,5,0,30.25,1024.3,5,null,BKN,BKN,BKN,null,400,4000,8000,null,BR,null,null,null,null,null,null,52,KIND 241654Z 13005KT 5SM BR BKN004 BKN040 BKN080 11/11 A3025 RMK AO2 SLP243 T01110106,null
IND,2023-12-24 17:15,54,52,92.92,140,5,0,30.23,null,7,null,FEW,OVC,null,null,500,4400,null,null,null,null,null,null,null,null,null,54,KIND 241715Z 14005KT 7SM FEW005 OVC044 12/11 A3023 RMK AO2 T01220111,null
IND,2023-12-24 17:54,57,53,86.45,130,6,0,30.2,1022.9,10,null,FEW,SCT,SCT,null,4500,15000,23000,null,null,null,null,null,null,null,null,57,KIND 241754Z 13006KT 10SM FEW045 SCT150 SCT230 14/12 A3020 RMK AO2 SLP229 60001 T01390117 10139 20072 58018,null
IND,2023-12-24 18:54,60,52,74.83,150,7,0,30.17,1021.7,10,null,FEW,FEW,BKN,null,4500,15000,25000,null,null,null,null,null,null,null,null,60,KIND 241854Z 15007KT 10SM FEW045 FEW150 BKN250 16/11 A3017 RMK AO2 SLP217 T01560111,null
IND,2023-12-24 19:54,61,52,72.22,140,8,0,30.15,1021.1,10,null,FEW,SCT,null,null,5000,25000,null,null,null,null,null,null,null,null,null,61,KIND 241954Z 14008KT 10SM FEW050 SCT250 16/11 A3015 RMK AO2 SLP211 T01610111,null
IND,2023-12-24 20:54,60,52,74.83,110,9,0,30.13,1020.4,10,null,FEW,FEW,SCT,null,4400,10000,25000,null,null,null,null,null,null,null,null,60,KIND 242054Z 11009KT 10SM FEW044 FEW100 SCT250 16/11 A3013 RMK AO2 SLP204 T01560111 56023,null
IND,2023-12-24 21:54,57,51,80.31,110,9,0,30.14,1020.6,10,null,FEW,FEW,BKN,null,4400,10000,25000,null,null,null,null,null,null,null,null,57,KIND 242154Z 11009KT 10SM FEW044 FEW100 BKN250 14/11 A3014 RMK AO2 SLP206 T01390106,null
IND,2023-12-24 22:54,55,50,83.2,120,7,0,30.14,1020.6,10,null,BKN,BKN,null,null,12000,25000,null,null,null,null,null,null,null,null,null,55,KIND 242254Z 12007KT 10SM BKN120 BKN250 13/10 A3014 RMK AO2 SLP206 T01280100,null
IND,2023-12-24 23:54,53,48,83.06,120,7,0,30.14,1020.8,10,null,BKN,null,null,null,12000,null,null,null,null,null,null,null,null,null,null,53,KIND 242354Z 12007KT 10SM BKN120 12/09 A3014 RMK AO2 SLP208 T01170089 10161 20117 53002,null
IND,2023-12-25 0:54,54,48,80.07,140,7,0,30.14,1020.8,10,null,BKN,null,null,null,12000,null,null,null,null,null,null,null,null,null,null,54,KIND 250054Z 14007KT 10SM BKN120 12/09 A3014 RMK AO2 SLP208 T01220089,null
IND,2023-12-25 1:54,52,48,86.17,120,7,0,30.13,1020.6,10,null,BKN,null,null,null,12000,null,null,null,null,null,null,null,null,null,null,52,KIND 250154Z 12007KT 10SM BKN120 11/09 A3013 RMK AO2 SLP206 T01110089,null
IND,2023-12-25 2:54,52,48,86.17,120,7,0,30.12,1019.9,10,null,OVC,null,null,null,12000,null,null,null,null,null,null,null,null,null,null,52,KIND 250254Z 12007KT 10SM OVC120 11/09 A3012 RMK AO2 SLP199 T01110089 58008,null
IND,2023-12-25 3:54,52,48,86.17,130,8,0,30.11,1019.7,10,null,BKN,null,null,null,12000,null,null,null,null,null,null,null,null,null,null,52,KIND 250354Z 13008KT 10SM BKN120 11/09 A3011 RMK AO2 SLP197 T01110089,null
IND,2023-12-25 4:54,51,48,89.42,120,9,0,30.1,1019.2,10,null,BKN,null,null,null,12000,null,null,null,null,null,null,null,null,null,null,51,KIND 250454Z 12009KT 10SM BKN120 11/09 A3010 RMK AO2 SLP192 T01060089 401610072,null
IND,2023-12-25 5:54,51,47,86.12,130,8,0,30.08,1018.7,10,null,SCT,null,null,null,12000,null,null,null,null,null,null,null,null,null,null,51,KIND 250554Z 13008KT 10SM SCT120 11/08 A3008 RMK AO2 SLP187 T01060083 10128 20100 58012,null
IND,2023-12-25 6:54,49,46,89.33,120,9,0,30.06,1018,10,null,SCT,null,null,null,12000,null,null,null,null,null,null,null,null,null,null,44.65,KIND 250654Z 12009KT 10SM SCT120 09/08 A3006 RMK AO2 SLP180 T00940078,null
IND,2023-12-25 7:54,48,45,89.29,120,9,0,30.05,1017.6,10,null,SCT,null,null,null,12000,null,null,null,null,null,null,null,null,null,null,43.41,KIND 250754Z 12009KT 10SM SCT120 09/07 A3005 RMK AO2 SLP176 T00890072,null
IND,2023-12-25 8:54,50,45,82.86,120,10,0,30.05,1017.4,10,null,BKN,null,null,null,11000,null,null,null,null,null,null,null,null,null,null,50,KIND 250854Z 12010KT 10SM BKN110 10/07 A3005 RMK AO2 SLP174 T01000072 56013,null
IND,2023-12-25 9:54,51,44,76.85,120,10,0,30.03,1016.7,10,null,FEW,BKN,null,null,12000,17000,null,null,null,null,null,null,null,null,null,51,KIND 250954Z 12010KT 10SM FEW120 BKN170 11/07 A3003 RMK AO2 SLP167 T01060067,null
IND,2023-12-25 10:54,51,44,76.85,120,10,0,30.02,1016.6,10,null,CLR,null,null,null,null,null,null,null,null,null,null,null,null,null,null,51,KIND 251054Z 12010KT 10SM CLR 11/07 A3002 RMK AO2 SLP166 T01060067,null
IND,2023-12-25 11:54,51,44,76.85,120,10,0,30.01,1016.3,10,null,SCT,BKN,null,null,13000,18000,null,null,null,null,null,null,null,null,null,51,KIND 251154Z 12010KT 10SM SCT130 BKN180 11/07 A3001 RMK AO2 SLP163 70001 T01060067 10106 20089 56011,null
IND,2023-12-25 12:54,51,43,73.97,110,11,0,30.01,1016.3,10,null,BKN,BKN,OVC,null,9000,14000,20000,null,null,null,null,null,null,null,null,51,KIND 251254Z 11011KT 10SM BKN090 BKN140 OVC200 11/06 A3001 RMK AO2 SLP163 T01060061,null
IND,2023-12-25 13:54,52,43,71.28,120,10,0,30.01,1016.3,10,null,FEW,BKN,OVC,null,7500,14000,20000,null,null,null,null,null,null,null,null,52,KIND 251354Z 12010KT 10SM FEW075 BKN140 OVC200 11/06 A3001 RMK AO2 SLP163 T01110061,null
IND,2023-12-25 14:54,53,44,71.39,120,13,0,30.01,1016.2,10,null,FEW,BKN,OVC,null,7500,11000,20000,null,null,null,null,null,null,null,null,53,KIND 251454Z 12013KT 10SM FEW075 BKN110 OVC200 12/07 A3001 RMK AO2 SLP162 T01170067 58001,null
IND,2023-12-25 15:54,55,45,68.93,120,12,0,30.01,1016,10,null,FEW,BKN,OVC,null,7500,11000,20000,null,null,null,null,null,null,null,null,55,KIND 251554Z 12012KT 10SM FEW075 BKN110 OVC200 13/07 A3001 RMK AO2 SLP160 T01280072,null
IND,2023-12-25 16:54,56,46,69.05,120,12,0,29.98,1015.3,10,null,BKN,OVC,null,null,8500,11000,null,null,null,null,null,null,null,null,null,56,KIND 251654Z 12012KT 10SM BKN085 OVC110 13/08 A2998 RMK AO2 SLP153 T01330078,null
IND,2023-12-25 17:54,58,48,69.27,130,15,T,29.94,1013.7,10,23,FEW,BKN,OVC,null,3600,8500,13000,null,#NAME?,null,null,null,null,null,null,58,KIND 251754Z 13015G23KT 10SM -RA FEW036 BKN085 OVC130 14/09 A2994 RMK AO2 RAB41 SLP137 P0000 60000 T01440089 10150 20106 58023,null
IND,2023-12-25 18:54,55,51,86.34,120,18,0.06,29.89,1012.3,8,25,FEW,BKN,OVC,null,1500,5000,7500,null,#NAME?,null,null,null,null,null,null,55,KIND 251854Z 12018G25KT 8SM -RA FEW015 BKN050 OVC075 13/11 A2989 RMK AO2 SLP123 P0006 T01280106,null
IND,2023-12-25 19:31,54,51,89.55,120,21,0.01,29.87,null,10,28,BKN,OVC,null,null,1300,8500,null,null,#NAME?,null,null,null,28,100,2023-12-25 19:17,54,KIND 251931Z 12021G28KT 10SM -RA BKN013 OVC085 12/11 A2987 RMK AO2 PK WND 10028/1917 P0001 T01220106,null
IND,2023-12-25 19:54,54,51,89.55,120,18,0.01,29.86,1011.1,10,26,BKN,BKN,OVC,null,1200,7000,8500,null,#NAME?,null,null,null,28,100,2023-12-25 19:17,54,KIND 251954Z 12018G26KT 10SM -RA BKN012 BKN070 OVC085 12/11 A2986 RMK AO2 PK WND 10028/1917 SLP111 P0001 T01220106,null
IND,2023-12-25 20:54,53,51,92.89,120,19,0.05,29.85,1010.9,5,27,BKN,OVC,null,null,1100,7000,null,null,RA BR,null,null,null,31,120,2023-12-25 20:09,53,KIND 252054Z 12019G27KT 5SM RA BR BKN011 OVC070 12/11 A2985 RMK AO2 PK WND 12031/2009 SLP109 P0005 60012 T01170106 56028,null
IND,2023-12-25 21:54,53,52,96.39,130,16,0.03,29.85,1010.9,10,24,BKN,OVC,null,null,1100,2000,null,null,null,null,null,null,27,120,2023-12-25 21:23,53,KIND 252154Z 13016G24KT 10SM BKN011 OVC020 12/11 A2985 RMK AO2 PK WND 12027/2123 RAE40 SLP109 P0003 T01170111,null
IND,2023-12-25 22:54,53,51,92.89,130,15,0,29.86,1011.1,10,null,BKN,OVC,null,null,1100,2500,null,null,null,null,null,null,null,null,null,53,KIND 252254Z 13015KT 10SM BKN011 OVC025 12/11 A2986 RMK AO2 SLP111 T01170106,null
IND,2023-12-25 23:54,54,51,89.55,140,16,0.01,29.87,1011.4,10,24,OVC,null,null,null,1400,null,null,null,null,null,null,null,null,null,null,54,KIND 252354Z 14016G24KT 10SM OVC014 12/11 A2987 RMK AO2 RAB06E52 SLP114 P0001 60016 T01220106 10139 20117 53005,null
IND,2023-12-26 0:54,53,51,92.89,140,14,0.01,29.87,1011.4,10,23,BKN,OVC,null,null,1200,2000,null,null,#NAME?,null,null,null,null,null,null,53,KIND 260054Z 14014G23KT 10SM -RA BKN012 OVC020 12/11 A2987 RMK AO2 RAB08 SLP114 P0001 T01170106,null
IND,2023-12-26 1:54,53,52,96.39,140,11,0.01,29.88,1011.9,3,null,OVC,null,null,null,1000,null,null,null,#NAME?,null,null,null,null,null,null,53,KIND 260154Z 14011KT 3SM -RA BR OVC010 12/11 A2988 RMK AO2 RAE0059B40 SLP119 P0001 T01170111,null
IND,2023-12-26 2:10,53,52,96.39,150,12,0.01,29.89,null,10,19,OVC,null,null,null,800,null,null,null,null,null,null,null,null,null,null,53,KIND 260210Z 15012G19KT 10SM OVC008 12/11 A2989 RMK AO2 RAE10 P0001 T01170111,null
IND,2023-12-26 2:54,53,52,96.39,150,11,0.02,29.89,1012.3,4,null,BKN,OVC,null,null,800,1500,null,null,#NAME?,null,null,null,null,null,null,53,KIND 260254Z 15011KT 4SM -RA BR BKN008 OVC015 12/11 A2989 RMK AO2 RAE10B41 SLP123 P0002 60004 T01170111 53009,null
IND,2023-12-26 3:54,53,52,96.39,150,8,T,29.9,1012.5,10,null,BKN,OVC,null,null,700,1500,null,null,null,null,null,null,null,null,null,53,KIND 260354Z 15008KT 10SM BKN007 OVC015 12/11 A2990 RMK AO2 RAE09 SLP125 P0000 T01170111,null
IND,2023-12-26 4:54,53,52,96.39,160,7,0,29.91,1012.6,10,null,BKN,BKN,null,null,600,1400,null,null,null,null,null,null,null,null,null,53,KIND 260454Z 16007KT 10SM BKN006 BKN014 12/11 A2991 RMK AO2 SLP126 T01170111 401500089,null
IND,2023-12-26 5:54,53,52,96.39,150,9,0,29.91,1012.8,10,null,BKN,OVC,null,null,600,1400,null,null,null,null,null,null,null,null,null,53,KIND 260554Z 15009KT 10SM BKN006 OVC014 12/11 A2991 RMK AO2 SLP128 60004 T01170111 10122 20117 52006,null
IND,2023-12-26 6:17,53,52,96.39,170,8,0,29.92,null,10,null,SCT,BKN,OVC,null,600,1400,2000,null,null,null,null,null,null,null,null,53,KIND 260617Z 17008KT 10SM SCT006 BKN014 OVC020 12/11 A2992 RMK AO2 T01170111,null
IND,2023-12-26 6:38,53,52,96.39,170,10,0,29.92,null,10,null,SCT,BKN,OVC,null,1000,1800,4800,null,null,null,null,null,null,null,null,53,KIND 260638Z 17010KT 10SM SCT010 BKN018 OVC048 12/11 A2992 RMK AO2 T01170111,null
IND,2023-12-26 6:44,53,52,96.39,170,10,0,29.93,null,10,null,FEW,BKN,OVC,null,700,1800,4800,null,null,null,null,null,null,null,null,53,KIND 260644Z 17010KT 10SM FEW007 BKN018 OVC048 12/11 A2993 RMK AO2 T01170111,null
IND,2023-12-26 6:54,53,52,96.39,170,9,0,29.92,1013.2,10,null,FEW,BKN,OVC,null,900,2200,4800,null,null,null,null,null,null,null,null,53,KIND 260654Z 17009KT 10SM FEW009 BKN022 OVC048 12/11 A2992 RMK AO2 SLP132 T01170111,null
IND,2023-12-26 7:06,53,51,92.89,170,8,0,29.92,null,10,null,FEW,SCT,OVC,null,900,2200,5000,null,null,null,null,null,null,null,null,53,KIND 260706Z 17008KT 10SM FEW009 SCT022 OVC050 12/11 A2992 RMK AO2 T01170106,null
IND,2023-12-26 7:52,51.8,48.2,87.47,190,7.97,null,29.94,null,10,null,BKN,BKN,null,null,2099,5000,null,null,null,null,null,null,null,null,null,51.8,SPECI KIND 260752Z 19008KT 10SM BKN021 BKN050 11/09 A2994 RMK AO2 FIBI (GM),null
IND,2023-12-26 7:54,51,49,92.83,190,8,0,29.94,1013.7,10,null,BKN,BKN,null,null,2100,5000,null,null,null,null,null,null,null,null,null,51,KIND 260754Z 19008KT 10SM BKN021 BKN050 11/09 A2994 RMK AO2 SLP137 T01060094,null
IND,2023-12-26 8:25,51,49,92.83,180,8,0,29.93,null,10,null,SCT,BKN,OVC,null,2000,3600,6000,null,null,null,null,null,null,null,null,51,KIND 260825Z 18008KT 10SM SCT020 BKN036 OVC060 11/09 A2993 RMK AO2 T01060094,null
IND,2023-12-26 8:54,50,47,89.37,200,8,0,29.93,1013.6,10,null,FEW,SCT,BKN,null,1800,3800,5500,null,null,null,null,null,null,null,null,50,KIND 260854Z 20008KT 10SM FEW018 SCT038 BKN055 10/08 A2993 RMK AO2 SLP136 T01000083 50007,null
IND,2023-12-26 9:49,50,46.4,87.37,190,8,0,29.94,null,10,null,BKN,OVC,null,null,2800,3500,null,null,null,null,null,null,null,null,null,50,KIND 260949Z 19008KT 10SM BKN028 OVC035 10/08 A2994 RMK AO2,null
IND,2023-12-26 9:54,50,47,89.37,190,7,0,29.94,1013.9,10,null,BKN,OVC,null,null,2800,3500,null,null,null,null,null,null,null,null,null,50,KIND 260954Z 19007KT 10SM BKN028 OVC035 10/08 A2994 RMK AO2 SLP139 T01000083,null
IND,2023-12-26 10:23,49,46,89.33,190,6,0,29.94,null,10,null,SCT,BKN,BKN,null,2800,3500,5500,null,null,null,null,null,null,null,null,46,KIND 261023Z 19006KT 10SM SCT028 BKN035 BKN055 09/08 A2994 RMK AO2 T00940078,null
IND,2023-12-26 10:54,48,46,92.74,190,6,0,29.95,1014.1,10,null,SCT,OVC,null,null,3000,5500,null,null,null,null,null,null,null,null,null,44.8,KIND 261054Z 19006KT 10SM SCT030 OVC055 09/08 A2995 RMK AO2 SLP141 T00890078,null
IND,2023-12-26 11:54,47,45,92.71,190,5,0,29.96,1014.5,10,null,SCT,SCT,BKN,null,3100,4000,5000,null,null,null,null,null,null,null,null,44.21,KIND 261154Z 19005KT 10SM SCT031 SCT040 BKN050 08/07 A2996 RMK AO2 SLP145 70020 T00830072 10117 20083 53006,null
IND,2023-12-26 12:54,48,45,89.29,180,5,0,29.96,1014.6,10,null,SCT,SCT,BKN,null,2500,3400,5000,null,null,null,null,null,null,null,null,45.4,KIND 261254Z 18005KT 10SM SCT025 SCT034 BKN050 09/07 A2996 RMK AO2 SLP146 T00890072,null
IND,2023-12-26 13:25,47,45,92.71,180,5,0,29.97,null,10,null,FEW,BKN,BKN,null,1000,1600,5000,null,null,null,null,null,null,null,null,44.21,KIND 261325Z 18005KT 10SM FEW010 BKN016 BKN050 08/07 A2997 RMK AO2 T00830072,null
IND,2023-12-26 13:54,48,46,92.74,240,6,0,29.97,1014.9,10,null,SCT,BKN,BKN,null,1000,1600,5000,null,null,null,null,null,null,null,null,44.8,KIND 261354Z 24006KT 10SM SCT010 BKN016 BKN050 09/08 A2997 RMK AO2 SLP149 T00890078,null
IND,2023-12-26 14:28,48,46,92.74,240,7,0,29.99,null,10,null,SCT,BKN,BKN,null,700,1600,5000,null,null,null,null,null,null,null,null,44.28,KIND 261428Z 24007KT 10SM SCT007 BKN016 BKN050 09/08 A2999 RMK AO2 T00890078,null
IND,2023-12-26 14:51,48.2,46.4,93.45,220,7,0,29.99,null,10,null,SCT,SCT,BKN,null,700,1600,5000,null,null,null,null,null,null,null,null,44.53,KIND 261451Z 22007KT 10SM SCT007 SCT016 BKN050 09/08 A2999 RMK AO2,null
IND,2023-12-26 14:54,48,46,92.74,220,5,0,29.99,1015.6,10,null,SCT,SCT,BKN,null,700,1600,5000,null,null,null,null,null,null,null,null,45.4,KIND 261454Z 22005KT 10SM SCT007 SCT016 BKN050 09/08 A2999 RMK AO2 SLP156 T00890078 53010,null
IND,2023-12-26 15:01,48,45,89.29,230,8,0,29.99,null,10,null,SCT,BKN,OVC,null,700,1500,5000,null,null,null,null,null,null,null,null,43.82,KIND 261501Z 23008KT 10SM SCT007 BKN015 OVC050 09/07 A2999 RMK AO2 T00890072,null
IND,2023-12-26 15:09,48,45,89.29,230,8,0,29.99,null,10,null,SCT,BKN,BKN,null,700,1200,5000,null,null,null,null,null,null,null,null,43.82,KIND 261509Z 23008KT 10SM SCT007 BKN012 BKN050 09/07 A2999 RMK AO2 T00890072,null
IND,2023-12-26 15:39,48,43,82.72,220,13,0,30,null,10,null,SCT,BKN,BKN,null,1500,2100,5000,null,null,null,null,null,null,null,null,42.07,KIND 261539Z 22013KT 10SM SCT015 BKN021 BKN050 09/06 A3000 RMK AO2 T00890061,null
IND,2023-12-26 15:54,48,43,82.72,220,11,0,29.99,1015.7,10,null,FEW,BKN,BKN,null,1500,2100,5000,null,null,null,null,null,null,null,null,42.69,KIND 261554Z 22011KT 10SM FEW015 BKN021 BKN050 09/06 A2999 RMK AO2 SLP157 T00890061,null
IND,2023-12-26 16:54,49,43,79.68,210,8,0,29.99,1015.6,10,null,BKN,BKN,null,null,1900,2700,null,null,null,null,null,null,null,null,null,45.05,KIND 261654Z 21008KT 10SM BKN019 BKN027 09/06 A2999 RMK AO2 SLP156 T00940061,null
IND,2023-12-26 17:54,49,42,76.67,240,13,0,29.97,1014.7,10,null,BKN,BKN,BKN,null,2200,2600,4300,null,null,null,null,null,null,null,null,43.35,KIND 261754Z 24013KT 10SM BKN022 BKN026 BKN043 09/06 A2997 RMK AO2 SLP147 T00940056 10106 20078 58008,null
IND,2023-12-26 18:54,48,41,76.58,240,13,0,29.96,1014.5,10,null,BKN,OVC,null,null,2400,3000,null,null,null,null,null,null,null,null,null,42.07,KIND 261854Z 24013KT 10SM BKN024 OVC030 09/05 A2996 RMK AO2 SLP145 T00890050,null
IND,2023-12-26 19:54,46,40,79.44,250,12,0,29.97,1014.8,10,null,BKN,null,null,null,2600,null,null,null,null,null,null,null,null,null,null,39.82,KIND 261954Z 25012KT 10SM BKN026 08/04 A2997 RMK AO2 SLP148 T00780044,null
IND,2023-12-26 20:54,46,36,67.9,240,9,0,29.97,1015.1,10,null,BKN,null,null,null,2300,null,null,null,null,null,null,null,null,null,null,40.92,KIND 262054Z 24009KT 10SM BKN023 08/02 A2997 RMK AO2 SLP151 T00780022 53003,null
IND,2023-12-26 21:20,46,36,67.9,230,9,0,29.97,null,10,null,SCT,null,null,null,2300,null,null,null,null,null,null,null,null,null,null,40.92,KIND 262120Z 23009KT 10SM SCT023 08/02 A2997 RMK AO2 T00780022,null
IND,2023-12-26 21:54,43,36,76.12,250,7,0,29.98,1015.3,10,null,SCT,null,null,null,2300,null,null,null,null,null,null,null,null,null,null,38.19,KIND 262154Z 25007KT 10SM SCT023 06/02 A2998 RMK AO2 SLP153 T00610022,null
IND,2023-12-26 22:54,40,34,78.94,260,5,0,29.98,1015.6,10,null,FEW,SCT,null,null,2500,8000,null,null,null,null,null,null,null,null,null,35.9,KIND 262254Z 26005KT 10SM FEW025 SCT080 04/01 A2998 RMK AO2 SLP156 T00440011,null
IND,2023-12-26 23:54,39,34,82.08,0,0,0,29.99,1016,10,null,FEW,SCT,null,null,2500,8000,null,null,null,null,null,null,null,null,null,39,KIND 262354Z 00000KT 10SM FEW025 SCT080 04/01 A2999 RMK AO2 SLP160 T00390011 10100 20033 53007,null
IND,2023-12-27 0:54,39,34,82.08,260,3,0,30.01,1016.4,10,null,FEW,SCT,null,null,2200,17000,null,null,null,null,null,null,null,null,null,36.69,KIND 270054Z 26003KT 10SM FEW022 SCT170 04/01 A3001 RMK AO2 SLP164 T00390011,null
IND,2023-12-27 1:54,38,34,85.35,280,3,0,30,1016.2,10,null,FEW,BKN,null,null,2200,20000,null,null,null,null,null,null,null,null,null,35.55,KIND 270154Z 28003KT 10SM FEW022 BKN200 03/01 A3000 RMK AO2 SLP162 T00330011,null
IND,2023-12-27 2:54,39,34,82.08,0,0,0,30,1016.3,10,null,BKN,OVC,null,null,17000,21000,null,null,null,null,null,null,null,null,null,39,KIND 270254Z 00000KT 10SM BKN170 OVC210 04/01 A3000 RMK AO2 SLP163 T00390011 51002,null
IND,2023-12-27 3:54,37,34,88.78,0,0,0,30.01,1016.6,7,null,BKN,OVC,null,null,16000,21000,null,null,null,null,null,null,null,null,null,37,KIND 270354Z 00000KT 7SM BKN160 OVC210 03/01 A3001 RMK AO2 SLP166 T00280011,null
IND,2023-12-27 4:54,38,34,85.35,20,3,0,30.01,1016.6,10,null,SCT,BKN,null,null,16000,21000,null,null,null,null,null,null,null,null,null,35.55,KIND 270454Z 02003KT 10SM SCT160 BKN210 03/01 A3001 RMK AO2 SLP166 T00330011 401170022,null
IND,2023-12-27 5:54,37,34,88.78,50,3,0,30,1016.3,10,null,SCT,BKN,null,null,15000,20000,null,null,null,null,null,null,null,null,null,34.4,KIND 270554Z 05003KT 10SM SCT150 BKN200 03/01 A3000 RMK AO2 SLP163 T00280011 10044 20022 50000,null
IND,2023-12-27 6:54,36,34,92.35,20,4,0,29.99,1016,10,null,FEW,BKN,null,null,15000,21000,null,null,null,null,null,null,null,null,null,32.09,KIND 270654Z 02004KT 10SM FEW150 BKN210 02/01 A2999 RMK AO2 SLP160 T00220011,null
IND,2023-12-27 7:54,33,31,92.25,320,3,0,30.01,1016.6,10,null,FEW,BKN,null,null,18000,22000,null,null,null,null,null,null,null,null,null,29.83,KIND 270754Z 32003KT 10SM R05L/6000VP6000FT FEW180 BKN220 01/M01 A3001 RMK AO2 SLP166 T00061006,null
IND,2023-12-27 8:54,31,30,96.02,330,3,0,30.01,1016.7,10,null,FEW,null,null,null,23000,null,null,null,BCFG,null,null,null,null,null,null,27.55,KIND 270854Z 33003KT 10SM BCFG FEW230 M01/M01 A3001 RMK AO2 SLP167 T10061011 53002,null
IND,2023-12-27 9:54,30,29,96,330,4,0,30,1016.3,10,null,CLR,null,null,null,null,null,null,null,BCFG,null,null,null,null,null,null,25.08,KIND 270954Z 33004KT 10SM R05L/2800VP6000FT BCFG CLR M01/M02 A3000 RMK AO2 SLP163 T10111017,null
IND,2023-12-27 10:54,32,30,92.22,360,6,0,29.99,1016.1,10,null,FEW,null,null,null,22000,null,null,null,BCFG,null,null,null,null,null,null,25.53,KIND 271054Z 36006KT 10SM R05L/3500VP6000FT BCFG FEW220 00/M01 A2999 RMK AO2 SLP161 T00001011,null
IND,2023-12-27 11:54,31,30,96.02,30,3,0,29.99,1016.1,10,null,SCT,BKN,null,null,22000,25000,null,null,null,null,null,null,null,null,null,27.55,KIND 271154Z 03003KT 10SM SCT220 BKN250 M01/M01 A2999 RMK AO2 SLP161 T10061011 10028 21017 56007,null
IND,2023-12-27 12:54,33,31,92.25,40,4,0,29.98,1015.7,10,null,SCT,SCT,null,null,19000,25000,null,null,null,null,null,null,null,null,null,28.59,KIND 271254Z 04004KT 10SM SCT190 SCT250 01/M01 A2998 RMK AO2 SLP157 T00061006,null
IND,2023-12-27 13:54,32,32,100,0,0,0,29.97,1015.6,8,null,FEW,null,null,null,19000,null,null,null,MIFG,null,null,null,null,null,null,32,KIND 271354Z 00000KT 8SM MIFG FEW190 00/00 A2997 RMK AO2 SLP156 T00000000,null
IND,2023-12-27 14:54,38,33,82,40,4,0,29.97,1015.5,10,null,FEW,null,null,null,19000,null,null,null,null,null,null,null,null,null,null,34.43,KIND 271454Z 04004KT 10SM FEW190 03/01 A2997 RMK AO2 SLP155 T00330006 55004,null
IND,2023-12-27 15:54,40,31,69.97,60,9,0,29.97,1015.3,10,null,FEW,null,null,null,18000,null,null,null,null,null,null,null,null,null,null,33.46,KIND 271554Z 06009KT 10SM FEW180 04/M01 A2997 RMK AO2 SLP153 T00441006,null
IND,2023-12-27 16:54,43,29,57.44,null,4,0,29.95,1014.6,10,null,FEW,SCT,null,null,18000,23000,null,null,null,null,null,null,null,null,null,40.27,KIND 271654Z VRB04KT 10SM FEW180 SCT230 06/M02 A2995 RMK AO2 SLP146 T00611017,null
IND,2023-12-27 17:54,45,30,55.43,360,5,0,29.91,1013.3,10,null,FEW,SCT,null,null,18000,23000,null,null,null,null,null,null,null,null,null,41.83,KIND 271754Z 36005KT 10SM FEW180 SCT230 07/M01 A2991 RMK AO2 SLP133 T00721011 10078 21006 58021,null
IND,2023-12-27 18:54,47,29,49.34,30,6,0,29.88,1012.2,10,null,BKN,BKN,null,null,15000,23000,null,null,null,null,null,null,null,null,null,43.6,KIND 271854Z 03006KT 10SM BKN150 BKN230 08/M02 A2988 RMK AO2 SLP122 T00831017,null
IND,2023-12-27 19:54,47,29,49.34,50,6,0,29.86,1011.5,10,null,BKN,BKN,null,null,9500,15000,null,null,null,null,null,null,null,null,null,43.6,KIND 271954Z 05006KT 10SM BKN095 BKN150 08/M02 A2986 RMK AO2 SLP115 T00831017,null
IND,2023-12-27 20:54,47,30,51.39,80,6,0,29.86,1011.6,10,null,BKN,BKN,null,null,10000,15000,null,null,null,null,null,null,null,null,null,43.6,KIND 272054Z 08006KT 10SM BKN100 BKN150 08/M01 A2986 RMK AO2 SLP116 VIRGA OHD T00831011 56018,null
IND,2023-12-27 21:54,46,30,53.37,40,6,0,29.87,1012.1,10,null,BKN,OVC,null,null,10000,15000,null,null,null,null,null,null,null,null,null,42.39,KIND 272154Z 04006KT 10SM BKN100 OVC150 08/M01 A2987 RMK AO2 SLP121 VIRGA OHD T00781011,null
IND,2023-12-27 22:54,45,32,60.11,50,7,0,29.86,1011.8,10,null,BKN,OVC,null,null,10000,15000,null,null,null,null,null,null,null,null,null,40.63,KIND 272254Z 05007KT 10SM BKN100 OVC150 07/00 A2986 RMK AO2 SLP118 VIRGA OHD T00720000,null
IND,2023-12-27 23:54,43,34,70.3,40,7,0,29.86,1011.8,10,null,OVC,null,null,null,10000,null,null,null,null,null,null,null,null,null,null,38.19,KIND 272354Z 04007KT 10SM OVC100 06/01 A2986 RMK AO2 SLP118 T00610011 10089 20061 51002 $,null
IND,2023-12-28 0:54,43,35,73.16,70,6,0,29.86,1011.7,10,null,BKN,null,null,null,11000,null,null,null,null,null,null,null,null,null,null,38.78,KIND 280054Z 07006KT 10SM BKN110 06/02 A2986 RMK AO2 SLP117 T00610017 $,null
IND,2023-12-28 1:54,42,35,76.03,70,5,0,29.86,1011.5,10,null,BKN,null,null,null,11000,null,null,null,null,null,null,null,null,null,null,38.27,KIND 280154Z 07005KT 10SM BKN110 06/02 A2986 RMK AO2 SLP115 T00560017 $,null
IND,2023-12-28 2:54,41,35,79.02,30,5,0,29.86,1011.5,10,null,OVC,null,null,null,12000,null,null,null,null,null,null,null,null,null,null,37.08,KIND 280254Z 03005KT 10SM OVC120 05/02 A2986 RMK AO2 SLP115 T00500017 55001 $,null
IND,2023-12-28 3:54,40,35,82.15,360,4,0,29.85,1011.1,10,null,BKN,null,null,null,12000,null,null,null,null,null,null,null,null,null,null,36.76,KIND 280354Z 36004KT 10SM BKN120 04/02 A2985 RMK AO2 SLP111 T00440017 $,null
IND,2023-12-28 4:54,41,35,79.02,360,8,0,29.83,1010.3,10,null,OVC,null,null,null,9500,null,null,null,null,null,null,null,null,null,null,35.2,KIND 280454Z 36008KT 10SM OVC095 05/02 A2983 RMK AO2 SLP103 T00500017 400891017 $,null
IND,2023-12-28 5:54,39,35,85.42,250,5,0,29.81,1009.9,10,null,OVC,null,null,null,8000,null,null,null,null,null,null,null,null,null,null,34.71,KIND 280554Z 25005KT 10SM OVC080 04/02 A2981 RMK AO2 SLP099 T00390017 10061 20039 56015 $,null
IND,2023-12-28 6:54,40,34,78.94,340,4,0,29.81,1009.9,10,null,FEW,OVC,null,null,1600,9500,null,null,null,null,null,null,null,null,null,36.76,KIND 280654Z 34004KT 10SM FEW016 OVC095 04/01 A2981 RMK AO2 SLP099 T00440011 $,null
IND,2023-12-28 7:40,39,35,85.42,20,5,0,29.81,null,10,null,BKN,OVC,null,null,1400,8000,null,null,null,null,null,null,null,null,null,34.71,KIND 280740Z 02005KT 10SM BKN014 OVC080 04/02 A2981 RMK AO2 T00390017 $,null
IND,2023-12-28 7:54,39,35,85.42,350,5,0,29.81,1009.8,10,null,BKN,OVC,null,null,1300,8000,null,null,null,null,null,null,null,null,null,34.71,KIND 280754Z 35005KT 10SM BKN013 OVC080 04/02 A2981 RMK AO2 SLP098 T00390017 $,null
IND,2023-12-28 8:09,39,35,85.42,360,8,0,29.81,null,10,null,SCT,OVC,null,null,1300,9000,null,null,null,null,null,null,null,null,null,32.74,KIND 280809Z 36008KT 10SM SCT013 OVC090 04/02 A2981 RMK AO2 T00390017 $,null
IND,2023-12-28 8:33,38,35,88.83,10,9,0,29.8,null,10,null,FEW,OVC,null,null,600,8500,null,null,null,null,null,null,null,null,null,30.97,KIND 280833Z 01009KT 10SM FEW006 OVC085 03/02 A2980 RMK AO2 T00330017 $,null
IND,2023-12-28 8:52,37.4,35.6,93.14,10,9.91,null,29.79,null,10,null,BKN,OVC,null,null,600,8500,null,null,null,null,null,null,null,null,null,29.78,SPECI KIND 280852Z 01010KT 10SM BKN006 OVC085 03/02 A2979 RMK AO2 $ FIBI (GM),null
IND,2023-12-28 8:54,38,36,92.42,10,10,0,29.79,1009.2,10,null,BKN,OVC,null,null,600,8500,null,null,null,null,null,null,null,null,null,30.49,KIND 280854Z 01010KT 10SM BKN006 OVC085 03/02 A2979 RMK AO2 SLP092 T00330022 58006 $,null
IND,2023-12-28 9:54,39,37,92.45,350,12,0,29.77,1008.4,10,null,OVC,null,null,null,500,null,null,null,null,null,null,null,null,null,null,30.91,KIND 280954Z 35012KT 10SM OVC005 04/03 A2977 RMK AO2 SLP084 T00390028 $,null
IND,2023-12-28 10:54,39,36,88.87,40,5,0,29.79,1009,10,null,BKN,OVC,null,null,800,8000,null,null,null,null,null,null,null,null,null,34.71,KIND 281054Z 04005KT 10SM BKN008 OVC080 04/02 A2979 RMK AO2 CIG 007V012 SLP090 T00390022 $,null
IND,2023-12-28 11:08,39,36,88.87,0,0,0,29.79,null,10,null,SCT,BKN,OVC,null,800,1400,8000,null,null,null,null,null,null,null,null,39,KIND 281108Z 00000KT 10SM SCT008 BKN014 OVC080 04/02 A2979 RMK AO2 T00390022 $,null
IND,2023-12-28 11:54,40,37,88.92,360,3,0,29.8,1009.2,10,null,BKN,OVC,null,null,1200,1600,null,null,null,null,null,null,null,null,null,37.83,KIND 281154Z 36003KT 10SM BKN012 OVC016 04/03 A2980 RMK AO2 SLP092 T00440028 10044 20033 53000 $,null
IND,2023-12-28 12:09,40,36,85.48,360,6,0,29.8,null,10,null,SCT,OVC,null,null,1100,1600,null,null,null,null,null,null,null,null,null,35.17,KIND 281209Z 36006KT 10SM SCT011 OVC016 04/02 A2980 RMK AO2 T00440022,null
IND,2023-12-28 12:29,39,36,88.87,340,5,0,29.8,null,10,null,SCT,OVC,null,null,1700,9000,null,null,null,null,null,null,null,null,null,34.71,KIND 281229Z 34005KT 10SM SCT017 OVC090 04/02 A2980 RMK AO2 T00390022 $,null
IND,2023-12-28 12:54,38,36,92.42,0,0,0,29.79,1009.3,10,null,SCT,OVC,null,null,2600,9000,null,null,null,null,null,null,null,null,null,38,KIND 281254Z 00000KT 10SM SCT026 OVC090 03/02 A2979 RMK AO2 SLP093 T00330022 $,null
IND,2023-12-28 13:05,38,36,92.42,280,3,0,29.79,null,8,null,BKN,OVC,null,null,2600,9000,null,null,null,null,null,null,null,null,null,35.55,KIND 281305Z 28003KT 8SM BKN026 OVC090 03/02 A2979 RMK AO2 T00330022 $,null
IND,2023-12-28 13:54,39,36,88.87,250,3,0,29.79,1009.1,8,null,OVC,null,null,null,2400,null,null,null,null,null,null,null,null,null,null,36.69,KIND 281354Z 25003KT 8SM OVC024 04/02 A2979 RMK AO2 SLP091 T00390022 $,null
IND,2023-12-28 14:54,40,37,88.92,260,5,0,29.79,1009.2,9,null,OVC,null,null,null,2200,null,null,null,null,null,null,null,null,null,null,35.9,KIND 281454Z 26005KT 9SM OVC022 04/03 A2979 RMK AO2 SLP092 T00440028 55001 $,null
IND,2023-12-28 15:11,40,36,85.48,270,4,0,29.8,null,10,null,SCT,OVC,null,null,900,2000,null,null,null,null,null,null,null,null,null,36.76,KIND 281511Z 27004KT 10SM SCT009 OVC020 04/02 A2980 RMK AO2 T00440022 $,null
IND,2023-12-28 15:54,41,37,85.54,250,5,0,29.8,1009.3,10,null,BKN,OVC,null,null,2300,4100,null,null,null,null,null,null,null,null,null,37.08,KIND 281554Z 25005KT 10SM BKN023 OVC041 05/03 A2980 RMK AO2 SLP093 T00500028 $,null
IND,2023-12-28 16:54,41,37,85.54,230,4,T,29.77,1008.6,7,null,SCT,OVC,null,null,1200,1800,null,null,#NAME?,null,null,null,null,null,null,37.93,KIND 281654Z 23004KT 7SM -RA SCT012 OVC018 05/03 A2977 RMK AO2 RAB54 SLP086 P0000 T00500028 $,null
IND,2023-12-28 17:05,40,38,92.49,250,3,T,29.77,null,6,null,BKN,OVC,null,null,1200,1800,null,null,#NAME?,null,null,null,null,null,null,37.83,KIND 281705Z 25003KT 6SM -RA BR BKN012 OVC018 04/03 A2977 RMK AO2 P0000 T00440033 $,null
IND,2023-12-28 17:46,40,38,92.49,250,9,T,29.76,null,2.5,null,SCT,OVC,null,null,600,1000,null,null,#NAME?,null,null,null,null,null,null,33.46,KIND 281746Z 25009KT 2 1/2SM R05L/6000VP6000FT -RA BR SCT006 OVC010 04/03 A2976 RMK AO2 RAE10B46DZB12E46 P0000 T00440033 $,null
IND,2023-12-28 17:49,39.2,37.4,93.19,220,9,0.01,29.76,null,1.5,null,BKN,OVC,null,null,600,1000,null,null,#NAME?,null,null,null,null,null,null,32.47,KIND 281749Z 22009KT 1 1/2SM R05L/6000VP6000FT -RA BR BKN006 OVC010 04/03 A2976 RMK AO2 SFC VIS 2 1/2 RAE10B46DZB12E46 P0001 $,null
IND,2023-12-28 17:54,39,38,96.16,230,9,0.01,29.75,1008,1.5,null,BKN,OVC,null,null,600,1000,null,null,#NAME?,null,null,null,null,null,null,32.22,KIND 281754Z 23009KT 1 1/2SM R05L/5500VP6000FT -RA BR BKN006 OVC010 04/03 A2975 RMK AO2 SFC VIS 2 1/2 RAE10B46DZB12E46 SLP080 P0001 60001 T00390033 10050 20033 58013 $,null
IND,2023-12-28 18:28,38,38,100,240,10,0.01,29.75,null,1.5,null,BKN,OVC,null,null,400,1400,null,null,BR,null,null,null,null,null,null,30.49,KIND 281828Z 24010KT 1 1/2SM R05L/5000VP6000FT BR BKN004 OVC014 03/03 A2975 RMK AO2 RAE19 P0001 T00330033 $,null
IND,2023-12-28 18:54,38,37,96.14,240,12,0.01,29.75,1007.9,1.5,null,OVC,null,null,null,300,null,null,null,#NAME?,null,null,null,null,null,null,29.64,KIND 281854Z 24012KT 1 1/2SM R05L/6000VP6000FT -DZ BR OVC003 03/03 A2975 RMK AO2 SFC VIS 2 RAE19DZB52 SLP079 P0001 T00330028 $,null
IND,2023-12-28 19:54,36,36,100,190,11,T,29.76,1008.1,1.5,null,OVC,null,null,null,400,null,null,null,BR,null,null,null,null,null,null,27.52,KIND 281954Z 19011KT 1 1/2SM BR OVC004 02/02 A2976 RMK AO2 SFC VIS 2 DZE51 SLP081 P0000 T00220022 $,null
IND,2023-12-28 20:54,36,36,100,200,9,0.01,29.77,1008.4,1.5,null,OVC,null,null,null,400,null,null,null,#NAME?,null,null,null,null,null,null,28.49,KIND 282054Z 20009KT 1 1/2SM -RA BR OVC004 02/02 A2977 RMK AO2 RAB09 CIG 003V007 SLP084 P0001 60002 T00220022 53003 $,null
IND,2023-12-28 21:02,36,36,100,200,11,T,29.77,null,1.5,null,OVC,null,null,null,500,null,null,null,#NAME?,null,null,null,null,null,null,27.52,KIND 282102Z 20011KT 1 1/2SM -RA BR OVC005 02/02 A2977 RMK AO2 CIG 003V007 P0000 T00220022 $,null
IND,2023-12-28 21:52,35.6,35.6,100,210,11,0.01,29.78,null,1.5,null,OVC,null,null,null,400,null,null,null,#NAME?,null,null,null,null,null,null,27.02,KIND 282152Z 21011KT 1 1/2SM -RA BR OVC004 02/02 A2978 RMK AO2 SFC VIS 2 P0001,null
IND,2023-12-28 21:54,36,36,100,210,10,0.01,29.78,1008.8,1.5,null,OVC,null,null,null,400,null,null,null,#NAME?,null,null,null,null,null,null,27.98,KIND 282154Z 21010KT 1 1/2SM -RA BR OVC004 02/02 A2978 RMK AO2 SFC VIS 2 SLP088 P0001 T00220022,null
IND,2023-12-28 22:54,36,36,100,210,8,T,29.78,1009,1.5,null,OVC,null,null,null,400,null,null,null,#NAME?,null,null,null,null,null,null,29.04,KIND 282254Z 21008KT 1 1/2SM -DZ BR OVC004 02/02 A2978 RMK AO2 SFC VIS 3 RAE00DZB27 SLP090 P0000 T00220022,null
IND,2023-12-28 23:21,37,36,96.13,240,7,T,29.79,null,10,null,BKN,OVC,null,null,500,800,null,null,null,null,null,null,null,null,null,30.87,KIND 282321Z 24007KT 10SM BKN005 OVC008 03/02 A2979 RMK AO2 DZE18 CIG 002V006 P0000 T00280022,null
IND,2023-12-28 23:31,37,35,92.39,250,8,T,29.79,null,10,null,SCT,OVC,null,null,400,1000,null,null,null,null,null,null,null,null,null,30.27,KIND 282331Z 25008KT 10SM SCT004 OVC010 03/02 A2979 RMK AO2 DZE18 P0000 T00280017,null
IND,2023-12-28 23:54,36,34,92.35,250,7,0.01,29.8,1009.5,10,null,FEW,OVC,null,null,400,800,null,null,#NAME?,null,null,null,null,null,null,29.65,KIND 282354Z 25007KT 10SM -RA FEW004 OVC008 02/01 A2980 RMK AO2 DZE18RAB32 SLP095 P0001 60004 T00220011 10039 20022 53010,null
IND,2023-12-29 0:54,34,33,96.08,240,10,T,29.8,1009.7,10,null,OVC,null,null,null,600,null,null,null,null,null,null,null,null,null,null,25.48,KIND 290054Z 24010KT 10SM OVC006 01/01 A2980 RMK AO2 RAE12 CIG 005V010 SLP097 P0000 T00110006,null
IND,2023-12-29 1:54,34,33,96.08,240,10,0,29.79,1009.2,10,null,OVC,null,null,null,700,null,null,null,null,null,null,null,null,null,null,25.48,KIND 290154Z 24010KT 10SM OVC007 01/01 A2979 RMK AO2 CIG 006V010 SLP092 T00110006,null
IND,2023-12-29 2:54,34,33,96.08,230,8,T,29.78,1009.1,10,null,OVC,null,null,null,600,null,null,null,null,null,null,null,null,null,null,26.58,KIND 290254Z 23008KT 10SM OVC006 01/01 A2978 RMK AO2 SLP091 P0000 60000 T00110006 58004,null
IND,2023-12-29 3:54,34,33,96.08,230,8,T,29.78,1008.7,10,null,OVC,null,null,null,700,null,null,null,null,null,null,null,null,null,null,26.58,KIND 290354Z 23008KT 10SM OVC007 01/01 A2978 RMK AO2 DZB42E50 SLP087 P0000 T00110006,null
IND,2023-12-29 4:54,34,32,92.29,240,12,0,29.77,1008.5,10,null,OVC,null,null,null,800,null,null,null,null,null,null,null,null,null,null,24.55,KIND 290454Z 24012KT 10SM OVC008 01/00 A2977 RMK AO2 SLP085 T00110000 400500011,null
IND,2023-12-29 5:54,34,32,92.29,240,10,0,29.76,1008.2,10,null,OVC,null,null,null,900,null,null,null,null,null,null,null,null,null,null,25.48,KIND 290554Z 24010KT 10SM OVC009 01/00 A2976 RMK AO2 SLP082 60000 T00110000 10022 20011 56008,null
IND,2023-12-29 6:20,34,33,96.08,240,7,T,29.76,null,7,null,OVC,null,null,null,800,null,null,null,#NAME?,null,null,null,null,null,null,27.22,KIND 290620Z 24007KT 7SM -RASN OVC008 01/01 A2976 RMK AO2 CIG 006V011 RAB06SNB16 P0000 T00110006,null
IND,2023-12-29 6:29,34,32,92.29,230,8,T,29.76,null,6,null,OVC,null,null,null,1000,null,null,null,#NAME?,null,null,null,null,null,null,26.58,KIND 290629Z 23008KT 6SM -RASN BR OVC010 01/00 A2976 RMK AO2 CIG 006V013 RAB06SNB16 P0000 T00110000,null
IND,2023-12-29 6:35,34,33,96.08,220,6,T,29.76,null,5,null,BKN,OVC,null,null,800,1400,null,null,#NAME?,null,null,null,null,null,null,27.94,KIND 290635Z 22006KT 5SM -RASN BR BKN008 OVC014 01/01 A2976 RMK AO2 RAB06SNB16 P0000 T00110006,null
IND,2023-12-29 6:54,34,33,96.08,210,6,T,29.75,1008.1,7,null,BKN,OVC,null,null,600,1400,null,null,#NAME?,null,null,null,null,null,null,27.94,KIND 290654Z 21006KT 7SM -RASN BKN006 OVC014 01/01 A2975 RMK AO2 SLP081 RAB06SNB16 P0000 T00110006,null
IND,2023-12-29 7:02,34,33,96.08,210,6,T,29.75,null,6,null,BKN,OVC,null,null,600,900,null,null,BR,null,null,null,null,null,null,27.94,KIND 290702Z 21006KT 6SM BR BKN006 OVC009 01/01 A2975 RMK AO2 RAE02SNE02 P0000 T00110006,null
IND,2023-12-29 7:54,34,33,96.08,210,8,T,29.75,1008.1,10,null,OVC,null,null,null,900,null,null,null,null,null,null,null,null,null,null,26.58,KIND 290754Z 21008KT 10SM OVC009 01/01 A2975 RMK AO2 RAE02SNE02 SLP081 P0000 T00110006,null
IND,2023-12-29 8:28,34,33,96.08,210,8,T,29.75,null,9,null,BKN,OVC,null,null,900,1200,null,null,#NAME?,null,null,null,null,null,null,26.58,KIND 290828Z 21008KT 9SM -RASN BKN009 OVC012 01/01 A2975 RMK AO2 RAB28SNB28 CIG 006V010 P0000 T00110006,null
IND,2023-12-29 8:54,34,33,96.08,210,8,T,29.75,1007.9,10,null,OVC,null,null,null,700,null,null,null,#NAME?,null,null,null,null,null,null,26.58,KIND 290854Z 21008KT 10SM -RASN OVC007 01/01 A2975 RMK AO2 RAB28SNB28 CIG 005V011 SLP079 P0000 60000 T00110006 56004,null
IND,2023-12-29 9:04,34,33,96.08,210,7,T,29.75,null,10,null,OVC,null,null,null,800,null,null,null,null,null,null,null,null,null,null,27.22,KIND 290904Z 21007KT 10SM OVC008 01/01 A2975 RMK AO2 RAE04SNE04 CIG 005V012 P0000 T00110006,null
IND,2023-12-29 9:18,34,32,92.29,210,8,T,29.75,null,10,null,BKN,OVC,null,null,600,1200,null,null,#NAME?,null,null,null,null,null,null,26.58,KIND 290918Z 21008KT 10SM -RASN BKN006 OVC012 01/00 A2975 RMK AO2 RAE04B18SNE04B18 P0000 T00110000,null
IND,2023-12-29 9:39,34,32,92.29,220,6,T,29.75,null,9,null,SCT,OVC,null,null,600,1200,null,null,#NAME?,null,null,null,null,null,null,27.94,KIND 290939Z 22006KT 9SM -SN SCT006 OVC012 01/00 A2975 RMK AO2 RAE04B18E27SNE04B18 P0000 T00110000,null
IND,2023-12-29 9:54,34,32,92.29,220,7,T,29.75,1007.9,9,null,FEW,OVC,null,null,800,1200,null,null,#NAME?,null,null,null,null,null,null,27.22,KIND 290954Z 22007KT 9SM -SN FEW008 OVC012 01/00 A2975 RMK AO2 RAE04B18E27SNE04B18 SLP079 P0000 T00110000,null
IND,2023-12-29 10:19,34,32,92.29,210,7,T,29.75,null,9,null,OVC,null,null,null,1100,null,null,null,null,null,null,null,null,null,null,27.22,KIND 291019Z 21007KT 9SM OVC011 01/00 A2975 RMK AO2 SNE19 P0000 T00110000,null
IND,2023-12-29 10:25,34,32,92.29,210,6,T,29.75,null,10,null,BKN,OVC,null,null,900,1300,null,null,null,null,null,null,null,null,null,27.94,KIND 291025Z 21006KT 10SM BKN009 OVC013 01/00 A2975 RMK AO2 SNE19 CIG 007V012 P0000 T00110000,null
IND,2023-12-29 10:54,34,32,92.29,200,7,T,29.75,1007.9,10,null,BKN,OVC,null,null,900,1300,null,null,null,null,null,null,null,null,null,27.22,KIND 291054Z 20007KT 10SM BKN009 OVC013 01/00 A2975 RMK AO2 SNE19 SLP079 P0000 T00110000,null
IND,2023-12-29 11:08,33,32,96.06,200,6,0,29.75,null,10,null,SCT,OVC,null,null,900,1300,null,null,null,null,null,null,null,null,null,26.73,KIND 291108Z 20006KT 10SM SCT009 OVC013 01/00 A2975 RMK AO2 T00060000,null
IND,2023-12-29 11:54,34,32,92.29,190,6,0,29.76,1008.3,10,null,OVC,null,null,null,1000,null,null,null,null,null,null,null,null,null,null,27.94,KIND 291154Z 19006KT 10SM OVC010 01/00 A2976 RMK AO2 CIG 006V014 SLP083 60000 70005 T00110000 10011 20006 53004,null
IND,2023-12-29 12:13,33,32,96.06,200,6,0,29.77,null,10,null,SCT,BKN,OVC,null,900,1600,3400,null,null,null,null,null,null,null,null,26.73,KIND 291213Z 20006KT 10SM SCT009 BKN016 OVC034 01/00 A2977 RMK AO2 T00060000,null
IND,2023-12-29 12:25,33,32,96.06,210,5,0,29.77,null,10,null,BKN,OVC,null,null,800,1600,null,null,null,null,null,null,null,null,null,27.58,KIND 291225Z 21005KT 10SM BKN008 OVC016 01/00 A2977 RMK AO2 CIG 006V012 T00060000,null
IND,2023-12-29 12:50,33.8,32,93.03,200,7,0,29.77,null,10,null,SCT,BKN,OVC,null,600,1400,1900,null,null,null,null,null,null,null,null,26.97,KIND 291250Z 20007KT 10SM SCT006 BKN014 OVC019 01/00 A2977 RMK AO2,null
IND,2023-12-29 12:54,33,32,96.06,200,7,0,29.77,1008.7,10,null,SCT,BKN,OVC,null,600,1400,1900,null,null,null,null,null,null,null,null,26,KIND 291254Z 20007KT 10SM SCT006 BKN014 OVC019 01/00 A2977 RMK AO2 SLP087 T00060000,null
IND,2023-12-29 13:31,34,32,92.29,210,5,0,29.78,null,10,null,BKN,OVC,null,null,800,1200,null,null,null,null,null,null,null,null,null,28.77,KIND 291331Z 21005KT 10SM BKN008 OVC012 01/00 A2978 RMK AO2 CIG 006V011 T00110000,null
IND,2023-12-29 13:42,34,32,92.29,210,6,0,29.78,null,10,null,OVC,null,null,null,1000,null,null,null,null,null,null,null,null,null,null,27.94,KIND 291342Z 21006KT 10SM OVC010 01/00 A2978 RMK AO2 T00110000,null
IND,2023-12-29 13:54,34,32,92.29,220,4,0,29.78,1009.2,10,null,OVC,null,null,null,1100,null,null,null,null,null,null,null,null,null,null,29.76,KIND 291354Z 22004KT 10SM OVC011 01/00 A2978 RMK AO2 SLP092 T00110000,null
IND,2023-12-29 14:07,34,32,92.29,210,5,0,29.79,null,10,null,BKN,OVC,null,null,900,1300,null,null,null,null,null,null,null,null,null,28.77,KIND 291407Z 21005KT 10SM BKN009 OVC013 01/00 A2979 RMK AO2 CIG 007V011 T00110000,null
IND,2023-12-29 14:26,34,31,88.63,200,6,0,29.8,null,10,null,OVC,null,null,null,1000,null,null,null,null,null,null,null,null,null,null,27.94,KIND 291426Z 20006KT 10SM OVC010 01/M01 A2980 RMK AO2 CIG 007V013 T00111006,null
IND,2023-12-29 14:54,35,32,88.68,210,6,0,29.8,1009.9,10,null,OVC,null,null,null,1000,null,null,null,null,null,null,null,null,null,null,29.14,KIND 291454Z 21006KT 10SM OVC010 02/00 A2980 RMK AO2 SLP099 T00170000 53011,null
IND,2023-12-29 15:54,35,32,88.68,200,5,0,29.81,1010.2,10,null,OVC,null,null,null,1100,null,null,null,null,null,null,null,null,null,null,29.96,KIND 291554Z 20005KT 10SM OVC011 02/00 A2981 RMK AO2 SLP102 T00170000,null
IND,2023-12-29 16:54,36,32,85.23,200,5,0,29.8,1009.8,10,null,OVC,null,null,null,1100,null,null,null,null,null,null,null,null,null,null,31.15,KIND 291654Z 20005KT 10SM OVC011 02/00 A2980 RMK AO2 SLP098 T00220000,null
IND,2023-12-29 17:54,36,31,81.86,250,6,0,29.81,1009.9,10,null,OVC,null,null,null,1300,null,null,null,null,null,null,null,null,null,null,30.35,KIND 291754Z 25006KT 10SM OVC013 02/M01 A2981 RMK AO2 SLP099 T00221006 10022 20006 51001,null
IND,2023-12-29 18:54,36,32,85.23,210,4,0,29.79,1009.4,10,null,OVC,null,null,null,1100,null,null,null,null,null,null,null,null,null,null,32.09,KIND 291854Z 21004KT 10SM OVC011 02/00 A2979 RMK AO2 SLP094 T00220000,null
IND,2023-12-29 19:54,36,32,85.23,230,4,0,29.8,1009.8,10,null,OVC,null,null,null,1000,null,null,null,null,null,null,null,null,null,null,32.09,KIND 291954Z 23004KT 10SM OVC010 02/00 A2980 RMK AO2 SLP098 T00220000,null
IND,2023-12-29 20:54,36,32,85.23,230,7,0,29.82,1010.3,10,null,BKN,OVC,null,null,1200,1800,null,null,null,null,null,null,null,null,null,29.65,KIND 292054Z 23007KT 10SM BKN012 OVC018 02/00 A2982 RMK AO2 SLP103 T00220000 53004,null
IND,2023-12-29 21:54,36,32,85.23,250,5,0,29.84,1011,10,null,OVC,null,null,null,1400,null,null,null,null,null,null,null,null,null,null,31.15,KIND 292154Z 25005KT 10SM OVC014 02/00 A2984 RMK AO2 SLP110 T00220000,null
IND,2023-12-29 22:54,36,32,85.23,230,6,0,29.85,1011.3,10,null,OVC,null,null,null,1400,null,null,null,null,null,null,null,null,null,null,30.35,KIND 292254Z 23006KT 10SM OVC014 02/00 A2985 RMK AO2 SLP113 T00220000,null
IND,2023-12-29 23:41,36,32,85.23,250,6,0,29.86,null,10,null,BKN,OVC,null,null,1600,2100,null,null,null,null,null,null,null,null,null,30.35,KIND 292341Z 25006KT 10SM BKN016 OVC021 02/00 A2986 RMK AO2 T00220000,null
IND,2023-12-29 23:54,36,32,85.23,230,6,0,29.86,1011.7,10,null,OVC,null,null,null,1800,null,null,null,null,null,null,null,null,null,null,30.35,KIND 292354Z 23006KT 10SM OVC018 02/00 A2986 RMK AO2 SLP117 T00220000 10022 20017 51013,null
IND,2023-12-30 0:54,36,33,88.73,240,7,0,29.86,1011.7,10,null,OVC,null,null,null,1700,null,null,null,null,null,null,null,null,null,null,29.65,KIND 300054Z 24007KT 10SM OVC017 02/01 A2986 RMK AO2 SLP117 T00220006,null
IND,2023-12-30 1:51,35.6,33.8,93.08,240,8,T,29.85,null,10,null,SCT,OVC,null,null,700,1700,null,null,#NAME?,null,null,null,null,null,null,28.55,KIND 300151Z 24008KT 10SM -RA SCT007 OVC017 02/01 A2985 RMK AO2 RAB40 P0000,null
IND,2023-12-30 1:54,35,33,92.32,230,8,T,29.85,1011.5,10,null,SCT,OVC,null,null,700,1700,null,null,#NAME?,null,null,null,null,null,null,27.81,KIND 300154Z 23008KT 10SM -RA SCT007 OVC017 02/01 A2985 RMK AO2 RAB40 SLP115 P0000 T00170006,null
IND,2023-12-30 2:22,35,34,96.09,240,8,0.01,29.86,null,10,null,BKN,OVC,null,null,700,1700,null,null,#NAME?,null,null,null,null,null,null,27.81,KIND 300222Z 24008KT 10SM -RA BKN007 OVC017 02/01 A2986 RMK AO2 P0001 T00170011,null
IND,2023-12-30 2:54,35,34,96.09,240,7,0.01,29.86,1011.6,10,null,OVC,null,null,null,600,null,null,null,#NAME?,null,null,null,null,null,null,28.44,KIND 300254Z 24007KT 10SM -RA OVC006 02/01 A2986 RMK AO2 SLP116 P0001 60001 T00170011 55001,null
IND,2023-12-30 3:54,35,34,96.09,240,8,0.01,29.86,1011.7,7,null,OVC,null,null,null,600,null,null,null,#NAME?,null,null,null,null,null,null,27.81,KIND 300354Z 24008KT 7SM -RA OVC006 02/01 A2986 RMK AO2 SLP117 P0001 T00170011,null
IND,2023-12-30 4:16,35,34,96.09,240,7,T,29.86,null,2,null,OVC,null,null,null,500,null,null,null,#NAME?,null,null,null,null,null,null,28.44,KIND 300416Z 24007KT 2SM -RA BR OVC005 02/01 A2986 RMK AO2 SFC VIS 5 P0000 T00170011,null
IND,2023-12-30 4:28,35,35,100,240,7,T,29.86,null,2,null,OVC,null,null,null,400,null,null,null,#NAME?,null,null,null,null,null,null,28.44,KIND 300428Z 24007KT 2SM -RA BR OVC004 02/02 A2986 RMK AO2 SFC VIS 5 P0000 T00170017,null
IND,2023-12-30 4:54,35,35,100,250,8,T,29.86,1011.7,2,null,OVC,null,null,null,400,null,null,null,#NAME?,null,null,null,null,null,null,27.81,KIND 300454Z 25008KT 2SM -DZ BR OVC004 02/02 A2986 RMK AO2 SFC VIS 4 RAE50DZB50 SLP117 P0000 T00170017 400220006,null
IND,2023-12-30 5:54,36,36,100,250,8,T,29.86,1011.9,1,null,OVC,null,null,null,300,null,null,null,#NAME?,null,null,null,null,null,null,29.04,KIND 300554Z 25008KT 1SM R05L/P6000FT -DZ BR OVC003 02/02 A2986 RMK AO2 SFC VIS 2 1/2 SLP119 P0000 60002 T00220022 10022 20017 53002,null
IND,2023-12-30 6:54,37,36,96.13,250,7,0.01,29.86,1011.8,1,null,OVC,null,null,null,400,null,null,null,#NAME?,null,null,null,null,null,null,30.87,KIND 300654Z 25007KT 1SM R05L/P6000FT -DZ BR OVC004 03/02 A2986 RMK AO2 SFC VIS 2 SLP118 P0001 T00280022,null
IND,2023-12-30 7:35,37,36,96.13,300,13,0.01,29.87,null,1,null,BKN,OVC,null,null,600,1700,null,null,null,null,null,null,null,null,null,27.97,KIND 300735Z 30013KT 1SM R05L/P6000FT BKN006 OVC017 03/02 A2987 RMK AO2 SFC VIS 7 DZE16 P0001 T00280022,null
IND,2023-12-30 7:38,37,36,96.13,300,11,0.01,29.87,null,8,null,BKN,BKN,OVC,null,600,1100,1700,null,null,null,null,null,null,null,null,28.79,KIND 300738Z 30011KT 8SM BKN006 BKN011 OVC017 03/02 A2987 RMK AO2 DZE16 P0001 T00280022,null
IND,2023-12-30 7:54,37,36,96.13,300,10,0.01,29.87,1012.1,5,null,BKN,BKN,OVC,null,800,1200,2000,null,#NAME?,null,null,null,null,null,null,29.24,KIND 300754Z 30010KT 5SM -DZ BR BKN008 BKN012 OVC020 03/02 A2987 RMK AO2 DZE16B51 SLP121 P0001 T00280022,null
IND,2023-12-30 8:54,37,36,96.13,300,8,T,29.88,1012.2,5,null,OVC,null,null,null,500,null,null,null,#NAME?,null,null,null,null,null,null,30.27,KIND 300854Z 30008KT 5SM -DZ BR OVC005 03/02 A2988 RMK AO2 SLP122 P0000 60002 T00280022 53004,null
IND,2023-12-30 9:54,37,35,92.39,300,9,T,29.88,1012.4,10,null,BKN,OVC,null,null,700,2400,null,null,null,null,null,null,null,null,null,29.73,KIND 300954Z 30009KT 10SM BKN007 OVC024 03/02 A2988 RMK AO2 DZE18 SLP124 P0000 T00280017,null
IND,2023-12-30 10:03,36,35,96.11,300,10,0,29.88,null,10,null,SCT,OVC,null,null,700,2400,null,null,null,null,null,null,null,null,null,27.98,KIND 301003Z 30010KT 10SM SCT007 OVC024 02/02 A2988 RMK AO2 T00220017,null
IND,2023-12-30 10:42,36,34,92.35,290,8,0,29.88,null,10,null,BKN,OVC,null,null,1200,1900,null,null,null,null,null,null,null,null,null,29.04,KIND 301042Z 29008KT 10SM BKN012 OVC019 02/01 A2988 RMK AO2 T00220011,null
IND,2023-12-30 10:54,36,34,92.35,300,7,T,29.88,1012.5,10,null,OVC,null,null,null,1500,null,null,null,#NAME?,null,null,null,null,null,null,29.65,KIND 301054Z 30007KT 10SM -DZ OVC015 02/01 A2988 RMK AO2 DZB50 SLP125 P0000 T00220011,null
IND,2023-12-30 10:56,36,34,92.35,300,7,T,29.88,null,10,null,OVC,null,null,null,1300,null,null,null,#NAME?,null,null,null,null,null,null,29.65,KIND 301056Z 30007KT 10SM -DZ OVC013 02/01 A2988 RMK AO2 P0000 T00220011,null
IND,2023-12-30 11:54,35,31,85.17,290,11,T,29.9,1013.1,10,null,OVC,null,null,null,1500,null,null,null,null,null,null,null,null,null,null,26.26,KIND 301154Z 29011KT 10SM OVC015 02/M01 A2990 RMK AO2 DZE15 SLP131 P0000 60002 70004 T00171006 10028 20017 53007,null
IND,2023-12-30 12:34,34,31,88.63,290,9,0,29.91,null,10,null,OVC,null,null,null,1400,null,null,null,null,null,null,null,null,null,null,26,KIND 301234Z 29009KT 10SM OVC014 01/M01 A2991 RMK AO2 T00111006,null
IND,2023-12-30 12:54,34,31,88.63,300,9,0,29.91,1013.4,10,null,OVC,null,null,null,1400,null,null,null,null,null,null,null,null,null,null,26,KIND 301254Z 30009KT 10SM OVC014 01/M01 A2991 RMK AO2 SLP134 T00111006,null
IND,2023-12-30 13:40,34,31,88.63,320,9,0,29.92,null,10,null,OVC,null,null,null,1500,null,null,null,null,null,null,null,null,null,null,26,KIND 301340Z 32009KT 10SM OVC015 01/M01 A2992 RMK AO2 T00111006,null
IND,2023-12-30 13:54,34,31,88.63,300,8,0,29.92,1013.9,10,null,OVC,null,null,null,1500,null,null,null,null,null,null,null,null,null,null,26.58,KIND 301354Z 30008KT 10SM OVC015 01/M01 A2992 RMK AO2 SLP139 T00111006,null
IND,2023-12-30 14:16,34,31,88.63,290,5,0,29.93,null,10,null,OVC,null,null,null,1300,null,null,null,null,null,null,null,null,null,null,28.77,KIND 301416Z 29005KT 10SM OVC013 01/M01 A2993 RMK AO2 T00111006,null
IND,2023-12-30 14:54,35,31,85.17,270,10,0,29.94,1014.4,10,null,OVC,null,null,null,1300,null,null,null,null,null,null,null,null,null,null,26.73,KIND 301454Z 27010KT 10SM OVC013 02/M01 A2994 RMK AO2 SLP144 T00171006 53013,null
IND,2023-12-30 15:40,34,31,88.63,240,12,0,29.95,null,10,null,OVC,null,null,null,900,null,null,null,null,null,null,null,null,null,null,24.55,KIND 301540Z 24012KT 10SM OVC009 01/M01 A2995 RMK AO2 T00111006,null
IND,2023-12-30 15:54,34,31,88.63,250,11,0,29.94,1014.6,10,null,OVC,null,null,null,900,null,null,null,null,null,null,null,null,null,null,24.99,KIND 301554Z 25011KT 10SM OVC009 01/M01 A2994 RMK AO2 SLP146 T00111006,null
IND,2023-12-30 16:49,33.8,30.2,86.49,240,12,0,29.94,null,10,null,OVC,null,null,null,1000,null,null,null,null,null,null,null,null,null,null,24.29,KIND 301649Z 24012KT 10SM OVC010 01/M01 A2994 RMK AO2 CIG 009V013,null
IND,2023-12-30 16:54,34,31,88.63,220,9,0,29.94,1014.4,10,null,OVC,null,null,null,1000,null,null,null,null,null,null,null,null,null,null,26,KIND 301654Z 22009KT 10SM OVC010 01/M01 A2994 RMK AO2 SLP144 T00111006,null
IND,2023-12-30 17:54,35,31,85.17,250,9,0,29.92,1013.9,10,null,OVC,null,null,null,1200,null,null,null,null,null,null,null,null,null,null,27.24,KIND 301754Z 25009KT 10SM OVC012 02/M01 A2992 RMK AO2 SLP139 T00171006 10017 20011 58007,null
IND,2023-12-30 18:54,35,30,81.78,210,11,0,29.91,1013.4,10,null,OVC,null,null,null,1200,null,null,null,null,null,null,null,null,null,null,26.26,KIND 301854Z 21011KT 10SM OVC012 02/M01 A2991 RMK AO2 SLP134 T00171011,null
IND,2023-12-30 19:54,35,30,81.78,230,13,0,29.9,1013.1,10,null,BKN,null,null,null,1300,null,null,null,null,null,null,null,null,null,null,25.41,KIND 301954Z 23013KT 10SM BKN013 02/M01 A2990 RMK AO2 SLP131 T00171011,null
IND,2023-12-30 20:22,35,29,78.51,230,10,0,29.9,null,10,null,BKN,null,null,null,1500,null,null,null,null,null,null,null,null,null,null,26.73,KIND 302022Z 23010KT 10SM BKN015 02/M02 A2990 RMK AO2 T00171017,null
IND,2023-12-30 20:54,36,29,75.46,210,10,0,29.91,1013.2,10,null,BKN,null,null,null,1500,null,null,null,null,null,null,null,null,null,null,27.98,KIND 302054Z 21010KT 10SM BKN015 02/M02 A2991 RMK AO2 SLP132 T00221017 55006,null
IND,2023-12-30 21:54,36,30,78.6,220,11,0,29.92,1013.5,10,null,BKN,null,null,null,1800,null,null,null,null,null,null,null,null,null,null,27.52,KIND 302154Z 22011KT 10SM BKN018 02/M01 A2992 RMK AO2 SLP135 T00221011,null
IND,2023-12-30 22:54,36,30,78.6,200,7,0,29.92,1013.8,10,null,BKN,null,null,null,2000,null,null,null,null,null,null,null,null,null,null,29.65,KIND 302254Z 20007KT 10SM BKN020 02/M01 A2992 RMK AO2 SLP138 T00221011,null
IND,2023-12-30 23:30,34,30,85.11,180,6,0,29.92,null,10,null,SCT,null,null,null,2100,null,null,null,null,null,null,null,null,null,null,27.94,KIND 302330Z 18006KT 10SM SCT021 01/M01 A2992 RMK AO2 T00111011,null
IND,2023-12-30 23:54,34,30,85.11,180,6,0,29.92,1013.7,10,null,FEW,null,null,null,2100,null,null,null,null,null,null,null,null,null,null,27.94,KIND 302354Z 18006KT 10SM FEW021 01/M01 A2992 RMK AO2 SLP137 T00111011 10022 20011 50004,null
IND,2023-12-31 0:54,33,29,85.04,170,6,0,29.93,1014,10,null,FEW,FEW,null,null,2100,6000,null,null,null,null,null,null,null,null,null,26.73,KIND 310054Z 17006KT 10SM FEW021 FEW060 01/M02 A2993 RMK AO2 SLP140 T00061017,null
IND,2023-12-31 1:54,33,30,88.58,180,8,0,29.92,1013.9,10,null,FEW,null,null,null,2100,null,null,null,null,null,null,null,null,null,null,25.34,KIND 310154Z 18008KT 10SM FEW021 01/M01 A2992 RMK AO2 SLP139 T00061011,null
IND,2023-12-31 2:54,33,30,88.58,170,6,0,29.92,1013.9,10,null,FEW,null,null,null,2000,null,null,null,null,null,null,null,null,null,null,26.73,KIND 310254Z 17006KT 10SM FEW020 01/M01 A2992 RMK AO2 SLP139 T00061011 50002,null
IND,2023-12-31 3:54,32,30,92.22,170,7,0,29.92,1013.9,10,null,CLR,null,null,null,null,null,null,null,null,null,null,null,null,null,null,24.78,KIND 310354Z 17007KT 10SM CLR 00/M01 A2992 RMK AO2 SLP139 T00001011,null
IND,2023-12-31 4:54,32,30,92.22,180,7,0,29.92,1013.7,10,null,CLR,null,null,null,null,null,null,null,null,null,null,null,null,null,null,24.78,KIND 310454Z 18007KT 10SM CLR 00/M01 A2992 RMK AO2 SLP137 T00001011 400280000,null
IND,2023-12-31 5:54,32,31,96.04,170,7,0,29.91,1013.3,10,null,CLR,null,null,null,null,null,null,null,null,null,null,null,null,null,null,24.78,KIND 310554Z 17007KT 10SM CLR 00/M01 A2991 RMK AO2 SLP133 T00001006 10017 20000 58005,null
IND,2023-12-31 6:54,34,32,92.29,180,7,0,29.9,1013,10,null,FEW,FEW,BKN,null,2000,13000,17000,null,null,null,null,null,null,null,null,27.22,KIND 310654Z 18007KT 10SM FEW020 FEW130 BKN170 01/00 A2990 RMK AO2 SLP130 T00110000,null
IND,2023-12-31 7:54,34,32,92.29,190,7,0,29.9,1013,10,null,FEW,BKN,OVC,null,2000,12000,16000,null,null,null,null,null,null,null,null,27.22,KIND 310754Z 19007KT 10SM FEW020 BKN120 OVC160 01/00 A2990 RMK AO2 SLP130 T00110000,null
IND,2023-12-31 8:27,34,32,92.29,180,7,0,29.9,null,10,null,BKN,OVC,null,null,2900,11000,null,null,null,null,null,null,null,null,null,27.22,KIND 310827Z 18007KT 10SM BKN029 OVC110 01/00 A2990 RMK AO2 T00110000,null
IND,2023-12-31 8:54,35,32,88.68,180,7,0,29.9,1013.1,10,null,OVC,null,null,null,2700,null,null,null,null,null,null,null,null,null,null,28.44,KIND 310854Z 18007KT 10SM OVC027 02/00 A2990 RMK AO2 SLP131 T00170000 55002,null
IND,2023-12-31 9:54,35,33,92.32,180,8,0,29.88,1012.5,10,null,OVC,null,null,null,2600,null,null,null,null,null,null,null,null,null,null,27.81,KIND 310954Z 18008KT 10SM OVC026 02/01 A2988 RMK AO2 SLP125 T00170006,null
IND,2023-12-31 10:54,35,33,92.32,180,6,0,29.88,1012.3,10,null,OVC,null,null,null,2500,null,null,null,null,null,null,null,null,null,null,29.14,KIND 311054Z 18006KT 10SM OVC025 02/01 A2988 RMK AO2 SLP123 T00170006,null
IND,2023-12-31 11:54,35,33,92.32,190,7,0,29.89,1012.6,10,null,OVC,null,null,null,2400,null,null,null,null,null,null,null,null,null,null,28.44,KIND 311154Z 19007KT 10SM OVC024 02/01 A2989 RMK AO2 SLP126 T00170006 10017 20000 55004,null
IND,2023-12-31 12:54,35,33,92.32,200,8,0,29.89,1012.9,10,null,FEW,OVC,null,null,1700,2300,null,null,null,null,null,null,null,null,null,27.81,KIND 311254Z 20008KT 10SM FEW017 OVC023 02/01 A2989 RMK AO2 SLP129 T00170006,null
IND,2023-12-31 13:20,35,33,92.32,190,8,0,29.89,null,10,null,SCT,OVC,null,null,2400,3000,null,null,null,null,null,null,null,null,null,27.81,KIND 311320Z 19008KT 10SM SCT024 OVC030 02/01 A2989 RMK AO2 T00170006,null
IND,2023-12-31 13:36,35,33,92.32,200,7,0,29.89,null,10,null,BKN,OVC,null,null,1200,3000,null,null,null,null,null,null,null,null,null,28.44,KIND 311336Z 20007KT 10SM BKN012 OVC030 02/01 A2989 RMK AO2 T00170006,null
IND,2023-12-31 13:54,35,33,92.32,200,8,0,29.89,1012.8,10,null,OVC,null,null,null,1100,null,null,null,null,null,null,null,null,null,null,27.81,KIND 311354Z 20008KT 10SM OVC011 02/01 A2989 RMK AO2 CIG 008V013 SLP128 T00170006,null
IND,2023-12-31 14:26,36,34,92.35,190,8,0,29.88,null,10,null,BKN,BKN,OVC,null,900,2700,3900,null,null,null,null,null,null,null,null,29.04,KIND 311426Z 19008KT 10SM BKN009 BKN027 OVC039 02/01 A2988 RMK AO2 T00220011,null
IND,2023-12-31 14:54,36,34,92.35,220,8,0,29.9,1013,10,null,BKN,OVC,null,null,800,3800,null,null,null,null,null,null,null,null,null,29.04,KIND 311454Z 22008KT 10SM BKN008 OVC038 02/01 A2990 RMK AO2 SLP130 T00220011 51003,null
IND,2023-12-31 15:54,36,34,92.35,250,14,0,29.91,1013.4,7,null,OVC,null,null,null,700,null,null,null,null,null,null,null,null,null,null,26.32,KIND 311554Z 25014KT 7SM OVC007 02/01 A2991 RMK AO2 SLP134 T00220011,null
IND,2023-12-31 16:32,33,32,96.06,310,15,T,29.92,null,2.5,null,OVC,null,null,null,500,null,null,null,#NAME?,null,null,null,null,null,null,22.08,KIND 311632Z 31015KT 2 1/2SM -RA BR OVC005 01/00 A2992 RMK AO2 DZB23E30RAB30 P0000 T00060000,null
IND,2023-12-31 16:45,33,31,92.25,300,12,T,29.93,null,3,null,OVC,null,null,null,600,null,null,null,#NAME?,null,null,null,null,null,null,23.27,KIND 311645Z 30012KT 3SM -DZ BR OVC006 01/M01 A2993 RMK AO2 DZB23E30B39RAB30E39 P0000 T00061006,null
IND,2023-12-31 16:52,33.8,32,93.03,290,9.91,null,29.93,null,2.5,null,OVC,null,null,null,600,null,null,null,DZ -DZ BR,null,null,null,null,null,null,25.27,SPECI KIND 311652Z 29010KT 2 1/2SM -DZ BR OVC006 01/00 A2993 RMK AO2 DZB23E30B39RAB30E39 CIG 004V009 P0000 FIBI (SKL),null
IND,2023-12-31 16:54,33,32,96.06,280,12,T,29.93,1014.2,3,null,OVC,null,null,null,600,null,null,null,#NAME?,null,null,null,null,null,null,23.27,KIND 311654Z 28012KT 3SM -DZ BR OVC006 01/00 A2993 RMK AO2 DZB23E30B39RAB30E39 SLP142 P0000 T00060000,null
IND,2023-12-31 17:05,32,30,92.22,280,15,T,29.93,null,3,26,BKN,BKN,OVC,null,600,1300,2000,null,#NAME?,T,null,null,26,270,2023-12-31 17:00,20.78,KIND 311705Z 28015G26KT 3SM -FZDZ BR BKN006 BKN013 OVC020 00/M01 A2993 RMK AO2 PK WND 27026/1700 DZE04FZDZB04 P0000 I1000 T00001011,null
IND,2023-12-31 17:20,32,30,92.22,280,17,T,29.93,null,5,22,FEW,SCT,OVC,null,600,1300,2500,null,#NAME?,T,null,null,26,270,2023-12-31 17:00,20.08,KIND 311720Z 28017G22KT 5SM -FZDZ BR FEW006 SCT013 OVC025 00/M01 A2993 RMK AO2 PK WND 27026/1700 DZE04FZDZB04 P0000 I1000 T00001011 $,null
IND,2023-12-31 17:40,32,30,92.22,270,10,T,29.93,null,9,null,FEW,BKN,OVC,null,900,2700,3200,null,null,0.01,null,null,26,270,2023-12-31 17:00,22.97,KIND 311740Z 27010KT 9SM FEW009 BKN027 OVC032 00/M01 A2993 RMK AO2 PK WND 27026/1700 DZE04FZDZB04E39 P0000 I1001 T00001011 $,null
IND,2023-12-31 17:54,32,29,88.53,260,14,T,29.93,1014.3,10,null,FEW,BKN,OVC,null,900,1500,3100,null,null,0.01,null,0.01,26,270,2023-12-31 17:00,21.16,KIND 311754Z 26014KT 10SM FEW009 BKN015 OVC031 00/M02 A2993 RMK AO2 PK WND 27026/1700 DZE04FZDZB04E39 SLP143 P0000 60000 I1001 I6001 T00001017 10022 20000 51012 $,null
IND,2023-12-31 18:54,32,25,75.07,280,17,0,29.94,1014.6,10,22,BKN,OVC,null,null,2200,3000,null,null,null,null,null,null,null,null,null,20.08,KIND 311854Z 28017G22KT 10SM BKN022 OVC030 00/M04 A2994 RMK AO2 SLP146 T00001039 $,null
IND,2023-12-31 19:49,30.2,24.8,80.07,280,12,T,29.96,null,10,null,BKN,OVC,null,null,2100,2600,null,null,#NAME?,null,null,null,null,null,null,19.71,KIND 311949Z 28012KT 10SM -SN BKN021 OVC026 M01/M04 A2996 RMK AO2 SNB48 P0000 $,null
IND,2023-12-31 19:54,31,25,78.16,290,12,T,29.96,1015.2,9,null,OVC,null,null,null,2100,null,null,null,#NAME?,null,null,null,null,null,null,20.73,KIND 311954Z 29012KT 9SM -SN OVC021 M01/M04 A2996 RMK AO2 SNB48 SLP152 P0000 T10061039 $,null
IND,2023-12-31 20:48,30.2,24.8,80.07,270,11,T,29.98,null,9,null,OVC,null,null,null,2500,null,null,null,null,null,null,null,null,null,null,20.19,KIND 312048Z 27011KT 9SM OVC025 M01/M04 A2998 RMK AO2 SNE48 P0000 $,null
IND,2023-12-31 20:54,31,24,74.97,270,12,T,29.98,1015.9,10,null,OVC,null,null,null,2500,null,null,null,null,null,null,null,null,null,null,20.73,KIND 312054Z 27012KT 10SM OVC025 M01/M04 A2998 RMK AO2 SNE48 SLP159 P0000 60000 T10061044 53016 $,null
IND,2023-12-31 21:24,31,25,78.16,270,13,T,29.99,null,10,null,OVC,null,null,null,2300,null,null,null,#NAME?,null,null,null,null,null,null,20.29,KIND 312124Z 27013KT 10SM -SN OVC023 M01/M04 A2999 RMK AO2 SNB23 P0000 T10061039 $,null
IND,2023-12-31 21:54,31,26,81.48,270,13,T,30.01,1016.9,9,null,SCT,OVC,null,null,1700,2700,null,null,#NAME?,null,null,null,null,null,null,20.29,KIND 312154Z 27013KT 9SM -SN SCT017 OVC027 M01/M03 A3001 RMK AO2 SLP169 SNB23 P0000 T10061033 $,null
IND,2023-12-31 22:37,30,27,88.44,270,10,T,30.02,null,6,null,BKN,BKN,OVC,null,1400,2300,3000,null,#NAME?,null,null,null,null,null,null,20.46,KIND 312237Z 27010KT 6SM -SN BR BKN014 BKN023 OVC030 M01/M03 A3002 RMK AO2 P0000 T10111028 $,null
IND,2023-12-31 22:52,30.2,26.6,86.28,270,9.91,null,30.03,null,9,null,FEW,BKN,OVC,null,1200,3300,4599,null,#NAME?,null,null,null,null,null,null,20.76,SPECI KIND 312252Z 27010KT 9SM -SN FEW012 BKN033 OVC046 M01/M03 A3003 RMK AO2 P0000 $ FIBI (LD),null
IND,2023-12-31 22:54,31,26,81.48,270,11,T,30.03,1017.6,9,null,FEW,BKN,OVC,null,1400,3300,4600,null,#NAME?,null,null,null,null,null,null,21.2,KIND 312254Z 27011KT 9SM -SN FEW014 BKN033 OVC046 M01/M03 A3003 RMK AO2 SLP176 P0000 T10061033 $,null
IND,2023-12-31 23:54,31,27,84.92,260,11,T,30.04,1018.1,9,null,FEW,SCT,OVC,null,1800,3700,5500,null,#NAME?,null,null,null,null,null,null,21.2,KIND 312354Z 26011KT 9SM -SN FEW018 SCT037 OVC055 M01/M03 A3004 RMK AO2 SLP181 P0000 60000 T10061028 10000 21011 51021 $,null
IND,2024-12-01 0:52,26.6,23,86.07,240,11.08,null,30.16,null,10,20.02,BKN,BKN,OVC,null,1200,12001,15000,null,null,null,null,null,null,null,null,15.6,SPECI KIND 010052Z 24011G20KT 10SM BKN012 BKN120 OVC150 M03/M05 A3016 RMK AO2 $ FIBI (LD),null
IND,2024-12-01 0:54,27,23,84.66,240,12,0,30.16,1022.4,10,20,BKN,BKN,OVC,null,1200,11000,15000,null,null,null,null,null,null,null,null,15.64,KIND 010054Z 24012G20KT 10SM BKN012 BKN110 OVC150 M03/M05 A3016 RMK AO2 SLP224 T10281050 $,null
IND,2024-12-01 1:26,27,23,84.66,240,12,0,30.16,null,10,null,SCT,BKN,null,null,1200,12000,null,null,null,null,null,null,null,null,null,15.64,KIND 010126Z 24012KT 10SM SCT012 BKN120 M03/M05 A3016 RMK AO2 T10281050 $,null
IND,2024-12-01 1:37,27,23,84.66,250,12,0,30.16,null,10,null,BKN,null,null,null,1300,null,null,null,null,null,null,null,null,null,null,15.64,KIND 010137Z 25012KT 10SM BKN013 M03/M05 A3016 RMK AO2 T10281050 $,null
IND,2024-12-01 1:54,27,23,84.66,250,10,0,30.16,1022.4,10,null,SCT,null,null,null,1300,null,null,null,null,null,null,null,null,null,null,16.7,KIND 010154Z 25010KT 10SM SCT013 M03/M05 A3016 RMK AO2 SLP224 T10281050 $,null
IND,2024-12-01 2:54,27,23,84.66,250,11,0,30.16,1022.4,10,null,SCT,BKN,null,null,1400,15000,null,null,null,null,null,null,null,null,null,16.15,KIND 010254Z 25011KT 10SM SCT014 BKN150 M03/M05 A3016 RMK AO2 SLP224 T10281050 51003 $,null
IND,2024-12-01 3:54,27,23,84.66,270,10,0,30.17,1022.7,10,null,FEW,BKN,null,null,1200,15000,null,null,null,null,null,null,null,null,null,16.7,KIND 010354Z 27010KT 10SM FEW012 BKN150 M03/M05 A3017 RMK AO2 SLP227 T10281050,null
IND,2024-12-01 4:54,26,21,81.09,260,8,0,30.18,1022.8,10,null,FEW,BKN,null,null,1200,11000,null,null,null,null,null,null,null,null,null,16.72,KIND 010454Z 26008KT 10SM FEW012 BKN110 M03/M06 A3018 RMK AO2 SLP228 T10331061 400061100,null
IND,2024-12-01 5:54,25,18,74.36,270,8,0,30.17,1022.5,10,null,FEW,BKN,BKN,null,1200,11000,17000,null,null,null,null,null,null,null,null,15.49,KIND 010554Z 27008KT 10SM FEW012 BKN110 BKN170 M04/M08 A3017 RMK AO2 SLP225 T10391078 11022 21039 50003,null
IND,2024-12-01 6:54,24,15,68.08,290,8,0,30.17,1022.5,10,null,SCT,null,null,null,13000,null,null,null,null,null,null,null,null,null,null,14.26,KIND 010654Z 29008KT 10SM SCT130 M04/M09 A3017 RMK AO2 SLP225 T10441094,null
IND,2024-12-01 7:54,22,14,70.88,290,6,0,30.18,1022.8,10,null,SCT,null,null,null,9000,null,null,null,null,null,null,null,null,null,null,13.49,KIND 010754Z 29006KT 10SM SCT090 M06/M10 A3018 RMK AO2 SLP228 T10561100,null
IND,2024-12-01 8:54,20,12,70.65,280,5,0,30.18,1022.9,10,null,FEW,null,null,null,8000,null,null,null,null,null,null,null,null,null,null,12.14,KIND 010854Z 28005KT 10SM FEW080 M07/M11 A3018 RMK AO2 SLP229 T10671111 53004,null
IND,2024-12-01 9:54,19,11,70.53,280,5,0,30.17,1022.8,10,null,FEW,null,null,null,8000,null,null,null,null,null,null,null,null,null,null,10.96,KIND 010954Z 28005KT 10SM FEW080 M07/M12 A3017 RMK AO2 SLP228 T10721117,null
IND,2024-12-01 10:54,19,10,67.46,280,5,0,30.18,1023,10,null,CLR,null,null,null,null,null,null,null,null,null,null,null,null,null,null,10.96,KIND 011054Z 28005KT 10SM CLR M07/M12 A3018 RMK AO2 SLP230 T10721122,null
IND,2024-12-01 11:54,19,9,64.5,280,7,0,30.19,1023.4,10,null,CLR,null,null,null,null,null,null,null,null,null,null,null,null,null,null,8.93,KIND 011154Z 28007KT 10SM CLR M07/M13 A3019 RMK AO2 SLP234 T10721128 11039 21078 53003,null
IND,2024-12-01 12:54,18,9,67.33,290,6,0,30.2,1023.9,10,null,FEW,FEW,null,null,16000,25000,null,null,null,null,null,null,null,null,null,8.67,KIND 011254Z 29006KT 10SM FEW160 FEW250 M08/M13 A3020 RMK AO2 SLP239 T10781128,null
IND,2024-12-01 13:54,20,9,61.8,290,8,0,30.22,1024.3,10,null,FEW,FEW,null,null,16000,25000,null,null,null,null,null,null,null,null,null,9.33,KIND 011354Z 29008KT 10SM FEW160 FEW250 M07/M13 A3022 RMK AO2 SLP243 T10671128,null
IND,2024-12-01 14:54,22,8,54.28,310,13,0,30.24,1025,10,null,FEW,FEW,null,null,16000,25000,null,null,null,null,null,null,null,null,null,8.76,KIND 011454Z 31013KT 10SM FEW160 FEW250 M06/M13 A3024 RMK AO2 SLP250 T10561133 53016,null
IND,2024-12-01 15:54,24,8,49.9,280,10,0,30.25,1025.2,10,null,FEW,SCT,null,null,16000,25000,null,null,null,null,null,null,null,null,null,12.94,KIND 011554Z 28010KT 10SM FEW160 SCT250 M04/M13 A3025 RMK AO2 SLP252 T10441133,null
IND,2024-12-01 16:54,26,9,48.03,260,8,0,30.25,1025.4,10,null,FEW,null,null,null,23000,null,null,null,null,null,null,null,null,null,null,16.72,KIND 011654Z 26008KT 10SM FEW230 M03/M13 A3025 RMK AO2 SLP254 T10331128,null
IND,2024-12-01 17:54,26,9,48.03,290,9,0,30.24,1025.1,10,null,FEW,null,null,null,23000,null,null,null,null,null,null,null,null,null,null,16.05,KIND 011754Z 29009KT 10SM FEW230 M03/M13 A3024 RMK AO2 SLP251 T10331128 11028 21083 50002,null
IND,2024-12-01 18:54,27,9,46.08,290,8,0,30.24,1024.9,10,null,FEW,null,null,null,23000,null,null,null,null,null,null,null,null,null,null,17.95,KIND 011854Z 29008KT 10SM FEW230 M03/M13 A3024 RMK AO2 SLP249 T10281128,null
IND,2024-12-01 19:54,29,10,44.4,260,7,0,30.23,1024.8,10,null,SCT,null,null,null,20000,null,null,null,null,null,null,null,null,null,null,21.12,KIND 011954Z 26007KT 10SM SCT200 M02/M12 A3023 RMK AO2 SLP248 T10171122,null
IND,2024-12-01 20:54,28,10,46.25,270,8,0,30.23,1024.9,10,null,BKN,null,null,null,8000,null,null,null,null,null,null,null,null,null,null,19.19,KIND 012054Z 27008KT 10SM BKN080 M02/M12 A3023 RMK AO2 SLP249 T10221122 56003,null
IND,2024-12-01 21:54,27,10,48.2,300,10,0,30.25,1025.5,10,null,FEW,null,null,null,8000,null,null,null,null,null,null,null,null,null,null,16.7,KIND 012154Z 30010KT 10SM FEW080 M03/M12 A3025 RMK AO2 SLP255 T10281122,null
IND,2024-12-01 22:54,25,10,52.36,290,8,0,30.26,1025.9,10,null,FEW,null,null,null,8000,null,null,null,null,null,null,null,null,null,null,15.49,KIND 012254Z 29008KT 10SM FEW080 M04/M12 A3026 RMK AO2 SLP259 T10391122,null
IND,2024-12-01 23:54,22,11,62.09,280,5,0,30.27,1026.3,10,null,CLR,null,null,null,null,null,null,null,null,null,null,null,null,null,null,14.52,KIND 012354Z 28005KT 10SM CLR M06/M12 A3027 RMK AO2 SLP263 T10561117 11011 21056 51013,null
IND,2024-12-02 0:54,21,11,64.77,280,5,0,30.29,1027,10,null,CLR,null,null,null,null,null,null,null,null,null,null,null,null,null,null,13.33,KIND 020054Z 28005KT 10SM CLR M06/M12 A3029 RMK AO2 SLP270 T10611117,null
IND,2024-12-02 1:54,20,11,67.58,280,6,0,30.3,1027.2,10,null,FEW,null,null,null,8000,null,null,null,null,null,null,null,null,null,null,11.08,KIND 020154Z 28006KT 10SM FEW080 M07/M12 A3030 RMK AO2 SLP272 T10671117,null
IND,2024-12-02 2:54,20,11,67.58,280,6,0,30.3,1027.3,10,null,FEW,null,null,null,8000,null,null,null,null,null,null,null,null,null,null,11.08,KIND 020254Z 28006KT 10SM FEW080 M07/M12 A3030 RMK AO2 SLP273 T10671117 51009,null
IND,2024-12-02 3:54,19,11,70.53,280,5,0,30.31,1027.7,10,null,CLR,null,null,null,null,null,null,null,null,null,null,null,null,null,null,10.96,KIND 020354Z 28005KT 10SM CLR M07/M12 A3031 RMK AO2 SLP277 T10721117,null
IND,2024-12-02 4:54,19,10,67.46,280,5,0,30.31,1027.6,10,null,CLR,null,null,null,null,null,null,null,null,null,null,null,null,null,null,10.96,KIND 020454Z 28005KT 10SM CLR M07/M12 A3031 RMK AO2 SLP276 T10721122 410111083,null
IND,2024-12-02 5:54,17,10,73.52,250,5,0,30.31,1027.6,10,null,CLR,null,null,null,null,null,null,null,null,null,null,null,null,null,null,8.58,KIND 020554Z 25005KT 10SM CLR M08/M12 A3031 RMK AO2 SLP276 T10831122 11050 21083 51003,null
IND,2024-12-02 6:54,17,10,73.52,260,3,0,30.3,1027.2,10,null,CLR,null,null,null,null,null,null,null,null,null,null,null,null,null,null,11.54,KIND 020654Z 26003KT 10SM CLR M08/M12 A3030 RMK AO2 SLP272 T10831122,null
IND,2024-12-02 7:54,17,10,73.52,260,4,0,30.31,1027.5,10,null,CLR,null,null,null,null,null,null,null,null,null,null,null,null,null,null,9.9,KIND 020754Z 26004KT 10SM CLR M08/M12 A3031 RMK AO2 SLP275 T10831122,null
IND,2024-12-02 8:54,16,9,73.41,230,5,0,30.31,1027.7,10,null,CLR,null,null,null,null,null,null,null,null,null,null,null,null,null,null,7.39,KIND 020854Z 23005KT 10SM CLR M09/M13 A3031 RMK AO2 SLP277 T10891128 53001,null
IND,2024-12-02 9:54,14,9,80.1,260,6,0,30.32,1028,10,null,CLR,null,null,null,null,null,null,null,null,null,null,null,null,null,null,3.85,KIND 020954Z 26006KT 10SM CLR M10/M13 A3032 RMK AO2 SLP280 T11001128,null
IND,2024-12-02 10:54,15,9,76.68,250,7,0,30.33,1028.3,10,null,CLR,null,null,null,null,null,null,null,null,null,null,null,null,null,null,4.06,KIND 021054Z 25007KT 10SM CLR M09/M13 A3033 RMK AO2 SLP283 T10941128,null
IND,2024-12-02 11:54,14,8,76.58,260,4,0,30.33,1028.5,10,null,CLR,null,null,null,null,null,null,null,null,null,null,null,null,null,null,6.4,KIND 021154Z 26004KT 10SM CLR M10/M13 A3033 RMK AO2 SLP285 T11001133 11078 21100 51006,null
IND,2024-12-02 12:54,14,8,76.58,240,6,0,30.34,1028.8,10,null,FEW,null,null,null,6000,null,null,null,null,null,null,null,null,null,null,3.85,KIND 021254Z 24006KT 10SM FEW060 M10/M13 A3034 RMK AO2 SLP288 T11001133,null
IND,2024-12-02 13:54,18,11,73.62,250,5,0,30.35,1028.9,10,null,FEW,FEW,null,null,4000,7000,null,null,null,null,null,null,null,null,null,9.77,KIND 021354Z 25005KT 10SM FEW040 FEW070 M08/M12 A3035 RMK AO2 SLP289 T10781117,null
IND,2024-12-02 14:54,21,12,67.71,0,0,0,30.35,1029,10,null,FEW,FEW,null,null,4000,7000,null,null,null,null,null,null,null,null,null,21,KIND 021454Z 00000KT 10SM FEW040 FEW070 M06/M11 A3035 RMK AO2 SLP290 T10611111 51007,null
IND,2024-12-02 15:54,24,14,65.17,250,8,0,30.36,1029.3,10,null,FEW,BKN,null,null,7000,10000,null,null,null,null,null,null,null,null,null,14.26,KIND 021554Z 25008KT 10SM FEW070 BKN100 M04/M10 A3036 RMK AO2 SLP293 T10441100,null
IND,2024-12-02 16:54,27,13,55.06,250,4,0,30.35,1028.8,10,null,FEW,BKN,null,null,10000,16000,null,null,null,null,null,null,null,null,null,21.58,KIND 021654Z 25004KT 10SM FEW100 BKN160 M03/M11 A3035 RMK AO2 SLP288 T10281106,null
IND,2024-12-02 17:54,26,13,57.38,240,10,0,30.34,1028.5,10,null,OVC,null,null,null,10000,null,null,null,null,null,null,null,null,null,null,15.44,KIND 021754Z 24010KT 10SM OVC100 M03/M11 A3034 RMK AO2 SLP285 T10331106 11017 21100 58005,null
IND,2024-12-02 18:54,26,14,59.96,280,10,0,30.34,1028.6,10,null,FEW,BKN,OVC,null,2900,7500,9500,null,null,null,null,null,null,null,null,15.44,KIND 021854Z 28010KT 10SM FEW029 BKN075 OVC095 M03/M10 A3034 RMK AO2 SLP286 T10331100,null
IND,2024-12-02 19:09,26,14,59.96,270,9,T,30.34,null,3,null,FEW,BKN,OVC,null,2900,7500,9500,null,#NAME?,null,null,null,null,null,null,16.05,KIND 021909Z 27009KT 3SM -SN FEW029 BKN075 OVC095 M03/M10 A3034 RMK AO2 SNB09 P0000 T10331100,null
IND,2024-12-02 19:16,25,16,68.2,270,12,T,30.34,null,2.5,null,FEW,BKN,OVC,null,2900,7500,9500,null,#NAME?,null,null,null,null,null,null,13.09,KIND 021916Z 27012KT 2 1/2SM -SN FEW029 BKN075 OVC095 M04/M09 A3034 RMK AO2 SNB09 P0000 T10391089,null
IND,2024-12-02 19:32,25,18,74.36,280,10,0.01,30.34,null,2.5,null,BKN,BKN,OVC,null,2800,3500,4500,null,#NAME?,null,null,null,null,null,null,14.19,KIND 021932Z 28010KT 2 1/2SM -SN BKN028 BKN035 OVC045 M04/M08 A3034 RMK AO2 SNB09 P0001 T10391078,null
IND,2024-12-02 19:38,25,18,74.36,280,10,0.01,30.34,null,3,null,SCT,BKN,OVC,null,2600,3100,4500,null,#NAME?,null,null,null,null,null,null,14.19,KIND 021938Z 28010KT 3SM -SN SCT026 BKN031 OVC045 M04/M08 A3034 RMK AO2 SNB09 P0001 T10391078,null
IND,2024-12-02 19:50,24.8,17.6,73.7,270,9,0.01,30.34,null,1.5,null,BKN,BKN,OVC,null,1700,3100,4500,null,#NAME?,null,null,null,null,null,null,14.56,KIND 021950Z 27009KT 1 1/2SM -SN BKN017 BKN031 OVC045 M04/M08 A3034 RMK AO2 SNB09 P0001,null
IND,2024-12-02 19:54,24,19,80.93,270,8,0.01,30.34,1028.6,1.5,null,BKN,BKN,OVC,null,1700,3100,4500,null,#NAME?,null,null,null,null,null,null,14.26,KIND 021954Z 27008KT 1 1/2SM -SN BKN017 BKN031 OVC045 M04/M07 A3034 RMK AO2 SNB09 SLP286 P0001 T10441072,null
IND,2024-12-02 20:54,24,19,80.93,280,8,0.01,30.35,1028.9,1.75,null,BKN,OVC,null,null,2700,4500,null,null,#NAME?,null,null,null,null,null,null,14.26,KIND 022054Z 28008KT 1 3/4SM -SN BKN027 OVC045 M04/M07 A3035 RMK AO2 SLP289 P0001 60002 T10441072 53003,null
IND,2024-12-02 21:22,23,19,84.39,270,8,0.01,30.36,null,3,null,BKN,OVC,null,null,2700,3700,null,null,#NAME?,null,null,null,null,null,null,13.03,KIND 022122Z 27008KT 3SM -SN BR BKN027 OVC037 M05/M07 A3036 RMK AO2 P0001 T10501072,null
IND,2024-12-02 21:54,23,19,84.39,270,6,0.01,30.37,1029.6,7,null,BKN,BKN,OVC,null,2000,3700,15000,null,#NAME?,null,null,null,null,null,null,14.69,KIND 022154Z 27006KT 7SM -SN BKN020 BKN037 OVC150 M05/M07 A3037 RMK AO2 SLP296 P0001 T10501072,null
IND,2024-12-02 22:54,23,19,84.39,280,6,0.01,30.39,1030.3,5,null,SCT,BKN,BKN,null,1500,4000,18000,null,#NAME?,null,null,null,null,null,null,14.69,KIND 022254Z 28006KT 5SM -SN BR SCT015 BKN040 BKN180 M05/M07 A3039 RMK AO2 SLP303 P0001 T10501072,null
IND,2024-12-02 23:54,22,19,88.02,290,7,T,30.4,1030.9,5,null,FEW,OVC,null,null,1500,3100,null,null,#NAME?,null,null,null,null,null,null,12.59,KIND 022354Z 29007KT 5SM -SN BR FEW015 OVC031 M06/M07 A3040 RMK AO2 SLP309 P0000 60004 T10561072 11022 21056 51019,null
IND,2024-12-03 0:08,22,19,88.02,300,6,T,30.41,null,6,null,BKN,OVC,null,null,2000,3100,null,null,#NAME?,null,null,null,null,null,null,13.49,KIND 030008Z 30006KT 6SM -SN BR BKN020 OVC031 M06/M07 A3041 RMK AO2 P0000 T10561072,null
IND,2024-12-03 0:54,22,19,88.02,310,7,T,30.42,1031.7,9,null,BKN,BKN,null,null,2000,3100,null,null,#NAME?,null,null,null,null,null,null,12.59,KIND 030054Z 31007KT 9SM -SN BKN020 BKN031 M06/M07 A3042 RMK AO2 SLP317 P0000 T10561072,null
IND,2024-12-03 1:25,22,18,84.33,320,10,T,30.43,null,9,null,OVC,null,null,null,1600,null,null,null,null,null,null,null,null,null,null,10.43,KIND 030125Z 32010KT 9SM OVC016 M06/M08 A3043 RMK AO2 SNE25 P0000 T10561078,null
IND,2024-12-03 1:54,22,17,80.77,330,10,T,30.44,1032,10,null,OVC,null,null,null,1500,null,null,null,null,null,null,null,null,null,null,10.43,KIND 030154Z 33010KT 10SM OVC015 M06/M08 A3044 RMK AO2 SNE25 SLP320 P0000 T10561083,null
IND,2024-12-03 2:21,22,18,84.33,310,7,0,30.44,null,10,null,OVC,null,null,null,1300,null,null,null,null,null,null,null,null,null,null,12.59,KIND 030221Z 31007KT 10SM OVC013 M06/M08 A3044 RMK AO2 T10561078,null
IND,2024-12-03 2:52,21.2,17.6,85.74,300,7.97,null,30.44,null,10,null,OVC,null,null,null,1499,null,null,null,null,null,null,null,null,null,null,10.83,SPECI KIND 030252Z 30008KT 10SM OVC015 M06/M08 A3044 RMK AO2 FIBI (CF),null
IND,2024-12-03 2:54,22,17,80.77,300,8,0,30.44,1032.1,10,null,OVC,null,null,null,1500,null,null,null,null,null,null,null,null,null,null,11.79,KIND 030254Z 30008KT 10SM OVC015 M06/M08 A3044 RMK AO2 SLP321 60000 T10561083 51006,null
IND,2024-12-03 3:54,22,17,80.77,320,7,0,30.46,1032.6,10,null,OVC,null,null,null,1500,null,null,null,null,null,null,null,null,null,null,12.59,KIND 030354Z 32007KT 10SM OVC015 M06/M08 A3046 RMK AO2 SLP326 T10561083,null
IND,2024-12-03 4:54,22,16,77.34,280,7,0,30.47,1033,10,null,OVC,null,null,null,1600,null,null,null,null,null,null,null,null,null,null,12.59,KIND 030454Z 28007KT 10SM OVC016 M06/M09 A3047 RMK AO2 SLP330 T10561089 410171100,null
IND,2024-12-03 5:15,22,17,80.77,290,9,0,30.48,null,10,null,OVC,null,null,null,1400,null,null,null,null,null,null,null,null,null,null,11.08,KIND 030515Z 29009KT 10SM OVC014 M06/M08 A3048 RMK AO2 T10561083,null
IND,2024-12-03 5:54,21,16,80.69,310,11,0,30.49,1033.6,10,null,OVC,null,null,null,1400,null,null,null,null,null,null,null,null,null,null,8.57,KIND 030554Z 31011KT 10SM OVC014 M06/M09 A3049 RMK AO2 SLP336 60000 T10611089 11056 21061 53015,null
IND,2024-12-03 6:52,19.4,14,79.16,290,9,0,30.49,null,10,null,SCT,SCT,null,null,1500,2000,null,null,null,null,null,null,null,null,null,7.85,KIND 030652Z 29009KT 10SM SCT015 SCT020 M07/M10 A3049 RMK AO2,null
IND,2024-12-03 6:54,19,14,80.52,290,8,0,30.49,1033.7,10,null,BKN,BKN,OVC,null,1400,2000,15000,null,null,null,null,null,null,null,null,8.1,KIND 030654Z 29008KT 10SM BKN014 BKN020 OVC150 M07/M10 A3049 RMK AO2 SLP337 T10721100,null
IND,2024-12-03 7:13,19,15,84.12,280,9,0,30.49,null,10,null,SCT,BKN,OVC,null,1500,2100,15000,null,null,null,null,null,null,null,null,7.35,KIND 030713Z 28009KT 10SM SCT015 BKN021 OVC150 M07/M09 A3049 RMK AO2 T10721094,null
IND,2024-12-03 7:40,18,14,84.05,270,6,0,30.5,null,10,null,FEW,SCT,null,null,1500,2200,null,null,null,null,null,null,null,null,null,8.67,KIND 030740Z 27006KT 10SM FEW015 SCT022 M08/M10 A3050 RMK AO2 T10781100,null
IND,2024-12-03 7:54,17,14,87.76,280,7,0,30.5,1033.9,10,null,FEW,SCT,null,null,1500,2200,null,null,null,null,null,null,null,null,null,6.5,KIND 030754Z 28007KT 10SM FEW015 SCT022 M08/M10 A3050 RMK AO2 SLP339 T10831100,null
IND,2024-12-03 8:54,16,13,87.7,260,8,0,30.5,1034.3,10,null,CLR,null,null,null,null,null,null,null,null,null,null,null,null,null,null,4.4,KIND 030854Z 26008KT 10SM CLR M09/M11 A3050 RMK AO2 SLP343 T10891106 53004,null
IND,2024-12-03 9:54,16,13,87.7,260,7,0,30.51,1034.4,10,null,SCT,null,null,null,1100,null,null,null,null,null,null,null,null,null,null,5.28,KIND 030954Z COR 26007KT 10SM SCT011 M09/M11 A3051 RMK AO2 SLP344 T10891106,null
IND,2024-12-03 9:59,16,13,87.7,260,8,0,30.51,null,10,null,SCT,null,null,null,1100,null,null,null,null,null,null,null,null,null,null,4.4,KIND 030959Z 26008KT 10SM SCT011 M09/M11 A3051 RMK AO2 T10891106,null
IND,2024-12-03 10:54,16,13,87.7,250,8,0,30.53,1035,10,null,FEW,SCT,null,null,1200,25000,null,null,null,null,null,null,null,null,null,4.4,KIND 031054Z 25008KT 10SM FEW012 SCT250 M09/M11 A3053 RMK AO2 SLP350 T10891106,null
IND,2024-12-03 11:54,16,13,87.7,250,8,0,30.54,1035.4,10,null,FEW,SCT,BKN,null,1200,15000,25000,null,null,null,null,null,null,null,null,4.4,KIND 031154Z 25008KT 10SM FEW012 SCT150 BKN250 M09/M11 A3054 RMK AO2 SLP354 70004 T10891106 11061 21094 53011,null
IND,2024-12-03 12:54,15,13,91.61,250,8,0,30.55,1035.7,8,null,FEW,null,null,null,1200,null,null,null,null,null,null,null,null,null,null,3.17,KIND 031254Z 25008KT 8SM FEW012 M09/M11 A3055 RMK AO2 SLP357 T10941106,null
IND,2024-12-03 13:54,19,15,84.12,250,11,0,30.55,1035.7,9,null,FEW,FEW,null,null,15000,25000,null,null,null,null,null,null,null,null,null,6.04,KIND 031354Z 25011KT 9SM FEW150 FEW250 M07/M09 A3055 RMK AO2 SLP357 T10721094,null
IND,2024-12-03 14:39,21,17,84.26,250,12,0,30.56,null,10,null,FEW,FEW,null,null,900,15000,null,null,null,null,null,null,null,null,null,8,KIND 031439Z 25012KT 10SM FEW009 FEW150 M06/M08 A3056 RMK AO2 T10611083,null
IND,2024-12-03 14:54,21,17,84.26,250,10,0,30.56,1036.2,10,null,FEW,FEW,SCT,null,900,15000,25000,null,null,null,null,null,null,null,null,9.17,KIND 031454Z 25010KT 10SM FEW009 FEW150 SCT250 M06/M08 A3056 RMK AO2 SLP362 T10611083 53009,null
IND,2024-12-03 15:28,23,17,77.44,260,10,0,30.56,null,10,null,BKN,BKN,null,null,1100,15000,null,null,null,null,null,null,null,null,null,11.68,KIND 031528Z 26010KT 10SM BKN011 BKN150 M05/M08 A3056 RMK AO2 T10501083,null
IND,2024-12-03 15:54,23,18,80.85,230,9,0,30.56,1036.1,10,null,BKN,BKN,null,null,1300,15000,null,null,null,null,null,null,null,null,null,12.32,KIND 031554Z 23009KT 10SM BKN013 BKN150 M05/M08 A3056 RMK AO2 SLP361 T10501078,null
IND,2024-12-03 16:54,25,18,74.36,250,11,0,30.55,1035.5,10,null,BKN,null,null,null,1300,null,null,null,null,null,null,null,null,null,null,13.62,KIND 031654Z 25011KT 10SM BKN013 M04/M08 A3055 RMK AO2 SLP355 T10391078,null
IND,2024-12-03 17:54,25,18,74.36,260,10,0,30.52,1034.6,10,null,BKN,null,null,null,1400,null,null,null,null,null,null,null,null,null,null,14.19,KIND 031754Z 26010KT 10SM BKN014 M04/M08 A3052 RMK AO2 SLP346 T10391078 11033 21094 58016,null
IND,2024-12-03 18:50,24.8,17.6,73.7,230,10,0,30.51,null,10,null,OVC,null,null,null,1500,null,null,null,null,null,null,null,null,null,null,13.94,KIND 031850Z 23010KT 10SM OVC015 M04/M08 A3051 RMK AO2,null
IND,2024-12-03 18:51,24.8,17.6,73.7,220,10,0,30.51,null,10,null,OVC,null,null,null,1500,null,null,null,null,null,null,null,null,null,null,13.94,KIND 031851Z 22010KT 10SM OVC015 M04/M08 A3051 RMK AO2,null
IND,2024-12-03 18:54,24,18,77.53,230,11,0,30.51,1034.2,10,null,OVC,null,null,null,1500,null,null,null,null,null,null,null,null,null,null,12.36,KIND 031854Z 23011KT 10SM OVC015 M04/M08 A3051 RMK AO2 SLP342 T10441078,null
IND,2024-12-03 19:54,24,17,74.26,210,10,0,30.48,1033.2,10,null,BKN,null,null,null,1700,null,null,null,null,null,null,null,null,null,null,12.94,KIND 031954Z 21010KT 10SM BKN017 M04/M08 A3048 RMK AO2 SLP332 T10441083,null
IND,2024-12-03 20:54,25,18,74.36,220,8,0,30.47,1033,10,null,BKN,null,null,null,1800,null,null,null,null,null,null,null,null,null,null,15.49,KIND 032054Z 22008KT 10SM BKN018 M04/M08 A3047 RMK AO2 SLP330 T10391078 58013,null
IND,2024-12-03 21:54,24,17,74.26,210,9,0,30.46,1032.7,10,null,BKN,null,null,null,1800,null,null,null,null,null,null,null,null,null,null,13.57,KIND 032154Z 21009KT 10SM BKN018 M04/M08 A3046 RMK AO2 SLP327 T10441083,null
IND,2024-12-03 22:54,22,16,77.34,200,8,0,30.43,1031.6,10,null,BKN,null,null,null,1800,null,null,null,null,null,null,null,null,null,null,11.79,KIND 032254Z 20008KT 10SM BKN018 M06/M09 A3043 RMK AO2 SLP316 T10561089,null
IND,2024-12-03 23:49,21.2,15.8,79.31,210,8,0,30.41,null,10,null,SCT,null,null,null,1600,null,null,null,null,null,null,null,null,null,null,10.81,KIND 032349Z 21008KT 10SM SCT016 M06/M09 A3041 RMK AO2,null
IND,2024-12-03 23:54,20,16,84.19,210,7,0,30.41,1031.3,10,null,SCT,null,null,null,1600,null,null,null,null,null,null,null,null,null,null,10.15,KIND 032354Z 21007KT 10SM SCT016 M07/M09 A3041 RMK AO2 SLP313 T10671089 11039 21067 58019,null
IND,2024-12-04 0:44,20,16,84.19,210,7,0,30.39,null,10,null,BKN,null,null,null,1600,null,null,null,null,null,null,null,null,null,null,10.15,KIND 040044Z 21007KT 10SM BKN016 M07/M09 A3039 RMK AO2 T10671089,null
IND,2024-12-04 0:54,20,16,84.19,210,8,0,30.39,1030.6,10,null,BKN,null,null,null,1600,null,null,null,null,null,null,null,null,null,null,9.33,KIND 040054Z 21008KT 10SM BKN016 M07/M09 A3039 RMK AO2 SLP306 T10671089,null
IND,2024-12-04 1:30,21,16,80.69,190,14,0,30.37,null,10,null,OVC,null,null,null,1300,null,null,null,null,null,null,null,null,null,null,6.98,KIND 040130Z 19014KT 10SM OVC013 M06/M09 A3037 RMK AO2 T10611089,null
IND,2024-12-04 1:54,21,16,80.69,210,14,0,30.37,1029.7,10,null,OVC,null,null,null,1300,null,null,null,null,null,null,null,null,null,null,6.98,KIND 040154Z 21014KT 10SM OVC013 M06/M09 A3037 RMK AO2 SLP297 T10611089,null
IND,2024-12-04 2:54,21,16,80.69,190,15,0,30.35,1028.9,9,null,OVC,null,null,null,1200,null,null,null,null,null,null,null,null,null,null,6.52,KIND 040254Z 19015KT 9SM OVC012 M06/M09 A3035 RMK AO2 SLP289 T10611089 58021 $,null
IND,2024-12-04 3:54,21,17,84.26,210,14,0,30.32,1028,9,null,OVC,null,null,null,1200,null,null,null,null,null,null,null,null,null,null,6.98,KIND 040354Z 21014KT 9SM OVC012 M06/M08 A3032 RMK AO2 SLP280 T10611083 $,null
IND,2024-12-04 4:54,22,17,80.77,210,15,0,30.31,1027.3,10,null,OVC,null,null,null,1300,null,null,null,null,null,null,null,null,null,null,7.82,KIND 040454Z 21015KT 10SM OVC013 M06/M08 A3031 RMK AO2 SLP273 T10561083 410331094 $,null
IND,2024-12-04 5:54,22,18,84.33,190,13,0,30.27,1026.2,9,null,OVC,null,null,null,1400,null,null,null,null,null,null,null,null,null,null,8.76,KIND 040554Z 19013KT 9SM OVC014 M06/M08 A3027 RMK AO2 SLP262 T10561078 11056 21067 58025 $,null
IND,2024-12-04 6:26,22,18,84.33,190,10,0,30.25,null,9,null,OVC,null,null,null,1500,null,null,null,null,null,null,null,null,null,null,10.43,KIND 040626Z 19010KT 9SM OVC015 M06/M08 A3025 RMK AO2 T10561078 $,null
IND,2024-12-04 6:52,21.2,17.6,85.74,180,11.08,null,30.24,null,9,null,OVC,null,null,null,1400,null,null,null,null,null,null,null,null,null,null,8.77,SPECI KIND 040652Z 18011KT 9SM OVC014 M06/M08 A3024 RMK AO2 $ FIBI (ML),null
IND,2024-12-04 6:54,22,17,80.77,190,11,0,30.23,1025,9,null,BKN,null,null,null,1400,null,null,null,null,null,null,null,null,null,null,9.83,KIND 040654Z 19011KT 9SM BKN014 M06/M08 A3023 RMK AO2 SLP250 T10561083 $,null
IND,2024-12-04 7:18,22,17,80.77,190,12,0,30.22,null,9,null,SCT,BKN,null,null,1400,6500,null,null,null,null,null,null,null,null,null,9.27,KIND 040718Z 19012KT 9SM SCT014 BKN065 M06/M08 A3022 RMK AO2 T10561083 $,null
IND,2024-12-04 7:54,22,18,84.33,170,8,0,30.2,1023.8,9,null,OVC,null,null,null,5500,null,null,null,null,null,null,null,null,null,null,11.79,KIND 040754Z 17008KT 9SM OVC055 M06/M08 A3020 RMK AO2 SLP238 T10561078 $,null
IND,2024-12-04 8:54,23,18,80.85,180,11,0,30.16,1022.2,10,null,OVC,null,null,null,3500,null,null,null,null,null,null,null,null,null,null,11.09,KIND 040854Z 18011KT 10SM OVC035 M05/M08 A3016 RMK AO2 SLP222 T10501078 58039 $,null
IND,2024-12-04 9:54,25,19,77.62,190,13,0,30.11,1020.5,10,null,OVC,null,null,null,4800,null,null,null,null,null,null,null,null,null,null,12.6,KIND 040954Z 19013KT 10SM OVC048 M04/M07 A3011 RMK AO2 SLP205 T10391072 $,null
IND,2024-12-04 10:54,26,19,74.46,190,12,0,30.06,1018.8,10,null,OVC,null,null,null,4300,null,null,null,null,null,null,null,null,null,null,14.37,KIND 041054Z 19012KT 10SM OVC043 M03/M07 A3006 RMK AO2 SLP188 T10331072 $,null
IND,2024-12-04 11:54,27,19,71.45,200,12,0,30.01,1017.1,10,null,OVC,null,null,null,4700,null,null,null,null,null,null,null,null,null,null,15.64,KIND 041154Z 20012KT 10SM OVC047 M03/M07 A3001 RMK AO2 SLP171 T10281072 11028 21061 58049 $,null
IND,2024-12-04 12:54,26,19,74.46,190,10,0,29.98,1016.2,10,null,FEW,FEW,null,null,4900,25000,null,null,null,null,null,null,null,null,null,15.44,KIND 041254Z 19010KT 10SM FEW049 FEW250 M03/M07 A2998 RMK AO2 SLP162 T10331072 $,null
IND,2024-12-04 13:54,28,20,71.56,190,10,0,29.95,1015.1,10,null,FEW,FEW,null,null,5000,25000,null,null,null,null,null,null,null,null,null,17.95,KIND 041354Z 19010KT 10SM FEW050 FEW250 M02/M07 A2995 RMK AO2 SLP151 T10221067 $,null
IND,2024-12-04 14:54,35,24,63.85,220,17,0,29.92,1014.2,10,24,FEW,FEW,SCT,null,2500,14000,25000,null,null,null,null,null,null,null,null,24.01,KIND 041454Z 22017G24KT 10SM FEW025 FEW140 SCT250 02/M04 A2992 RMK AO2 SLP142 T00171044 56028 $,null
IND,2024-12-04 15:54,40,27,59.41,230,18,0,29.87,1012.3,10,31,FEW,SCT,BKN,null,2800,14000,24000,null,null,null,null,null,34,200,2024-12-04 15:38,30.28,KIND 041554Z 23018G31KT 10SM FEW028 SCT140 BKN240 04/M03 A2987 RMK AO2 PK WND 20034/1538 SLP123 T00441028 $,null
IND,2024-12-04 16:54,39,28,64.37,230,16,0,29.86,1011.7,10,27,BKN,BKN,OVC,null,3100,13000,24000,null,null,null,null,null,37,240,2024-12-04 16:02,29.54,KIND 041654Z 23016G27KT 10SM BKN031 BKN130 OVC240 04/M02 A2986 RMK AO2 PK WND 24037/1602 SLP117 T00391022,null
IND,2024-12-04 17:54,42,29,59.69,230,21,0,29.81,1010,10,31,FEW,BKN,BKN,null,3100,13000,24000,null,null,null,null,null,32,240,2024-12-04 17:41,32.19,KIND 041754Z 23021G31KT 10SM FEW031 BKN130 BKN240 06/M02 A2981 RMK AO2 PK WND 24032/1741 SLP100 T00561017 10056 21033 58038,null
IND,2024-12-04 18:54,43,31,62.31,240,19,0,29.77,1008.8,10,33,FEW,BKN,BKN,null,2900,10000,13000,null,null,null,null,null,33,230,2024-12-04 18:21,33.98,KIND 041854Z 24019G33KT 10SM FEW029 BKN100 BKN130 06/M01 A2977 RMK AO2 PK WND 23033/1821 SLP088 T00611006 $,null
IND,2024-12-04 19:54,43,31,62.31,240,20,T,29.76,1008.4,10,31,FEW,SCT,BKN,null,3000,9000,11000,null,null,null,null,null,33,230,2024-12-04 19:14,33.75,KIND 041954Z 24020G31KT 10SM FEW030 SCT090 BKN110 06/M01 A2976 RMK AO2 PK WND 23033/1914 RAB14E20 SLP084 P0000 T00611006 $,null
IND,2024-12-04 20:54,43,32,64.88,240,15,0,29.76,1008.5,10,23,FEW,BKN,BKN,null,3000,9000,15000,null,null,null,null,null,34,250,2024-12-04 20:01,35.04,KIND 042054Z 24015G23KT 10SM FEW030 BKN090 BKN150 06/00 A2976 RMK AO2 PK WND 25034/2001 SLP085 60000 T00610000 55015 $,null
IND,2024-12-04 21:54,43,33,67.54,240,16,0,29.74,1007.7,10,23,BKN,OVC,null,null,3700,11000,null,null,null,null,null,null,27,240,2024-12-04 21:11,34.76,KIND 042154Z 24016G23KT 10SM BKN037 OVC110 06/01 A2974 RMK AO2 PK WND 24027/2111 SLP077 T00610006 $,null
IND,2024-12-04 22:54,44,34,67.66,240,15,0,29.73,1007.4,10,null,BKN,OVC,null,null,3100,11000,null,null,null,null,null,null,null,null,null,36.34,KIND 042254Z 24015KT 10SM BKN031 OVC110 07/01 A2973 RMK AO2 SLP074 T00670011,null
IND,2024-12-04 23:42,45,35,67.78,270,16,0,29.74,null,10,24,BKN,OVC,null,null,2800,4000,null,null,null,null,null,null,26,240,2024-12-04 23:24,37.36,KIND 042342Z 27016G24KT 10SM BKN028 OVC040 07/02 A2974 RMK AO2 PK WND 24026/2324 T00720017,null
IND,2024-12-04 23:54,44,34,67.66,300,21,0,29.75,1008.1,10,29,BKN,OVC,null,null,2800,4000,null,null,null,null,null,null,29,290,2024-12-04 23:53,34.86,KIND 042354Z 30021G29KT 10SM BKN028 OVC040 07/01 A2975 RMK AO2 PK WND 29029/2353 SLP081 60000 T00670011 10072 20056 55003,null
IND,2024-12-05 0:48,41,28.4,60.54,280,17,0,29.76,null,10,25,OVC,null,null,null,3500,null,null,null,null,null,null,null,34,300,2024-12-04 23:58,31.87,KIND 050048Z 28017G25KT 10SM OVC035 05/M02 A2976 RMK AO2 PK WND 30034/2358,null
IND,2024-12-05 0:54,41,29,62.04,280,19,0,29.76,1008.3,10,28,OVC,null,null,null,3900,null,null,null,null,null,null,null,34,300,2024-12-04 23:58,31.34,KIND 050054Z 28019G28KT 10SM OVC039 05/M02 A2976 RMK AO2 PK WND 30034/2358 SLP083 T00501017,null
IND,2024-12-05 1:54,40,27,59.41,260,18,0,29.74,1007.7,10,29,FEW,SCT,null,null,6000,7000,null,null,null,null,null,null,30,280,2024-12-05 1:40,30.28,KIND 050154Z 26018G29KT 10SM FEW060 SCT070 04/M03 A2974 RMK AO2 PK WND 28030/0140 SLP077 T00441028,null
IND,2024-12-05 2:54,41,27,57.15,260,22,0,29.72,1006.9,10,42,FEW,BKN,null,null,6000,8000,null,null,null,null,null,null,42,250,2024-12-05 2:52,30.63,KIND 050254Z 26022G42KT 10SM FEW060 BKN080 05/M03 A2972 RMK AO2 PK WND 25042/0252 SLP069 T00501028 58011,null
IND,2024-12-05 3:22,37,29,72.54,310,31,T,29.77,null,9,54,BKN,OVC,null,null,3200,5500,null,null,#NAME?,null,null,null,54,270,2024-12-05 3:02,23.39,KIND 050322Z 31031G54KT 9SM -RASN BKN032 OVC055 03/M02 A2977 RMK AO2 PK WND 27054/0302 RAB0255SNB22 PRESRR P0000 T00281017,null
IND,2024-12-05 3:54,32,24,72,300,20,T,29.79,1009.4,9,32,SCT,OVC,null,null,1900,3000,null,null,#NAME?,null,null,null,54,270,2024-12-05 3:02,19.14,KIND 050354Z 30020G32KT 9SM -SN SCT019 OVC030 00/M04 A2979 RMK AO2 PK WND 27054/0302 RAB0255E31SNB22 SLP094 P0000 T00001044,null
IND,2024-12-05 4:32,30,14,50.88,300,29,T,29.83,null,9,46,BKN,BKN,OVC,null,5500,6500,8000,null,null,null,null,null,46,310,2024-12-05 4:23,14.16,KIND 050432Z 30029G46KT 9SM BKN055 BKN065 OVC080 M01/M10 A2983 RMK AO2 PK WND 31046/0423 SNE31 P0000 T10111100,null
IND,2024-12-05 4:54,29,14,53,300,21,T,29.85,1011.3,10,38,BKN,BKN,null,null,6500,8000,null,null,null,null,null,null,46,310,2024-12-05 4:23,14.85,KIND 050454Z 30021G38KT 10SM BKN065 BKN080 M02/M10 A2985 RMK AO2 PK WND 31046/0423 SNE31 SLP113 P0000 T10171100 400721061,null
IND,2024-12-05 5:54,25,10,52.36,300,26,0,29.91,1013.3,10,43,BKN,BKN,null,null,3700,4600,null,null,null,null,null,null,47,290,2024-12-05 5:44,8.07,KIND 050554Z 30026G43KT 10SM BKN037 BKN046 M04/M12 A2991 RMK AO2 PK WND 29047/0544 SLP133 60000 T10391122 10067 21039 51061,null
IND,2024-12-05 6:54,20,7,56.47,300,22,T,29.94,1014.4,10,35,FEW,null,null,null,4000,null,null,null,null,null,null,null,42,320,2024-12-05 6:14,2.51,KIND 050654Z 30022G35KT 10SM FEW040 M07/M14 A2994 RMK AO2 PK WND 32042/0614 SLP144 P0000 T10671139,null
IND,2024-12-05 7:54,18,5,56.16,310,23,0,29.99,1016.1,10,36,FEW,null,null,null,6500,null,null,null,null,null,null,null,39,300,2024-12-05 7:36,-0.5,KIND 050754Z 31023G36KT 10SM FEW065 M08/M15 A2999 RMK AO2 PK WND 30039/0736 SLP161 T10781150,null
IND,2024-12-05 8:54,16,4,58.49,300,24,0,30.04,1018,10,35,FEW,FEW,null,null,6000,9500,null,null,null,null,null,null,35,300,2024-12-05 8:44,-3.53,KIND 050854Z 30024G35KT 10SM FEW060 FEW095 M09/M16 A3004 RMK AO2 PK WND 30035/0844 SLP180 60000 T10891156 53044,null
IND,2024-12-05 9:54,15,3,58.34,300,22,0,30.08,1019.5,10,32,FEW,null,null,null,3000,null,null,null,null,null,null,null,34,310,2024-12-05 9:40,-4.19,KIND 050954Z 30022G32KT 10SM FEW030 M09/M16 A3008 RMK AO2 PK WND 31034/0940 SLP195 T10941161,null
IND,2024-12-05 10:44,14,3,60.94,300,22,0,30.12,null,10,33,BKN,BKN,null,null,2900,3300,null,null,null,null,null,null,33,300,2024-12-05 10:39,-5.52,KIND 051044Z 30022G33KT 10SM BKN029 BKN033 M10/M16 A3012 RMK AO2 PK WND 30033/1039 T11001161,null
IND,2024-12-05 10:54,14,3,60.94,300,18,0,30.13,1021.2,10,29,BKN,null,null,null,2900,null,null,null,null,null,null,null,33,300,2024-12-05 10:39,-3.95,KIND 051054Z 30018G29KT 10SM BKN029 M10/M16 A3013 RMK AO2 PK WND 30033/1039 SLP212 T11001161,null
IND,2024-12-05 11:11,14,3,60.94,300,14,0,30.14,null,10,29,OVC,null,null,null,3000,null,null,null,null,null,null,null,29,290,2024-12-05 10:59,-2.04,KIND 051111Z 30014G29KT 10SM OVC030 M10/M16 A3014 RMK AO2 PK WND 29029/1059 T11001161,null
IND,2024-12-05 11:22,13,2,60.8,310,19,0,30.15,null,10,28,OVC,null,null,null,2900,null,null,null,null,null,null,null,29,290,2024-12-05 10:59,-5.69,KIND 051122Z 31019G28KT 10SM OVC029 M11/M17 A3015 RMK AO2 PK WND 29029/1059 T11061167,null
IND,2024-12-05 11:49,12.2,1.4,61.25,290,16,0,30.17,null,10,23,SCT,null,null,null,3100,null,null,null,null,null,null,null,29,300,2024-12-05 11:26,-5.39,KIND 051149Z 29016G23KT 10SM SCT031 M11/M17 A3017 RMK AO2 PK WND 30029/1126,null
IND,2024-12-05 11:54,13,2,60.8,300,13,0,30.18,1022.7,10,22,BKN,null,null,null,3100,null,null,null,null,null,null,null,29,300,2024-12-05 11:26,-2.77,KIND 051154Z 30013G22KT 10SM BKN031 M11/M17 A3018 RMK AO2 PK WND 30029/1126 SLP227 60000 T11061167 11039 21106 51031,null
IND,2024-12-05 12:54,12,2,63.54,310,18,0,30.21,1024,10,25,FEW,null,null,null,3100,null,null,null,null,null,null,null,27,290,2024-12-05 12:11,-6.58,KIND 051254Z 31018G25KT 10SM FEW031 M11/M17 A3021 RMK AO2 PK WND 29027/1211 SLP240 T11111167,null
IND,2024-12-05 13:54,13,2,60.8,300,14,0,30.25,1025.5,10,22,FEW,null,null,null,2600,null,null,null,null,null,null,null,27,310,2024-12-05 13:30,-3.33,KIND 051354Z 30014G22KT 10SM FEW026 M11/M17 A3025 RMK AO2 PK WND 31027/1330 SLP255 T11061167,null
IND,2024-12-05 14:54,15,1,53.16,310,17,0,30.28,1026.4,10,25,FEW,null,null,null,3000,null,null,null,null,null,null,null,null,null,null,-2.2,KIND 051454Z 31017G25KT 10SM FEW030 M09/M17 A3028 RMK AO2 SLP264 T10941172 51035,null
IND,2024-12-05 15:54,18,3,51.23,310,17,0,30.32,1027.8,10,null,SCT,null,null,null,3200,null,null,null,null,null,null,null,null,null,null,1.73,KIND 051554Z 31017KT 10SM SCT032 M08/M16 A3032 RMK AO2 SLP278 T10781161,null
IND,2024-12-05 16:54,19,4,51.39,300,13,0,30.33,1028.2,10,null,BKN,null,null,null,3200,null,null,null,null,null,null,null,null,null,null,4.91,KIND 051654Z 30013KT 10SM BKN032 M07/M16 A3033 RMK AO2 SLP282 T10721156,null
IND,2024-12-05 17:39,20,5,51.55,280,16,0,30.34,null,10,21,BKN,null,null,null,2800,null,null,null,null,null,null,null,null,null,null,4.78,KIND 051739Z 28016G21KT 10SM BKN028 M07/M15 A3034 RMK AO2 T10671150,null
IND,2024-12-05 17:49,19.4,5,52.89,290,15,0,30.34,null,10,22,SCT,BKN,null,null,2600,3100,null,null,null,null,null,null,null,null,null,4.45,KIND 051749Z 29015G22KT 10SM SCT026 BKN031 M07/M15 A3034 RMK AO2,null
IND,2024-12-05 17:54,20,5,51.55,280,14,0,30.34,1028.6,10,null,FEW,BKN,null,null,2200,3100,null,null,null,null,null,null,null,null,null,5.69,KIND 051754Z 28014KT 10SM FEW022 BKN031 M07/M15 A3034 RMK AO2 SLP286 T10671150 11067 21111 51019,null
IND,2024-12-05 18:47,21,6,51.72,300,15,0,30.35,null,10,21,BKN,null,null,null,2900,null,null,null,null,null,null,null,null,null,null,6.52,KIND 051847Z 30015G21KT 10SM BKN029 M06/M14 A3035 RMK AO2 T10611144,null
IND,2024-12-05 18:54,21,6,51.72,270,15,0,30.35,1028.9,10,21,BKN,null,null,null,2900,null,null,null,null,null,null,null,null,null,null,6.52,KIND 051854Z 27015G21KT 10SM BKN029 M06/M14 A3035 RMK AO2 SLP289 T10611144,null
IND,2024-12-05 19:14,21,6,51.72,290,13,0,30.34,null,10,20,SCT,null,null,null,2900,null,null,null,null,null,null,null,null,null,null,7.48,KIND 051914Z 29013G20KT 10SM SCT029 M06/M14 A3034 RMK AO2 T10611144,null
IND,2024-12-05 19:54,22,7,51.88,290,15,0,30.35,1028.9,10,22,SCT,null,null,null,2900,null,null,null,null,null,null,null,null,null,null,7.82,KIND 051954Z 29015G22KT 10SM SCT029 M06/M14 A3035 RMK AO2 SLP289 T10561139,null
IND,2024-12-05 20:54,22,7,51.88,270,11,0,30.35,1029,10,null,FEW,null,null,null,2900,null,null,null,null,null,null,null,null,null,null,9.83,KIND 052054Z 27011KT 10SM FEW029 M06/M14 A3035 RMK AO2 SLP290 T10561139 51003,null
IND,2024-12-05 21:54,22,8,54.28,280,10,0,30.37,1029.8,10,null,FEW,null,null,null,2900,null,null,null,null,null,null,null,null,null,null,10.43,KIND 052154Z 28010KT 10SM FEW029 M06/M13 A3037 RMK AO2 SLP298 T10561133,null
IND,2024-12-05 22:54,20,8,59.08,280,8,0,30.39,1030.3,10,null,FEW,null,null,null,2900,null,null,null,null,null,null,null,null,null,null,9.33,KIND 052254Z 28008KT 10SM FEW029 M07/M13 A3039 RMK AO2 SLP303 T10671133,null
IND,2024-12-05 23:54,17,8,67.2,260,7,0,30.4,1030.9,10,null,FEW,null,null,null,3700,null,null,null,null,null,null,null,null,null,null,6.5,KIND 052354Z 26007KT 10SM FEW037 M08/M13 A3040 RMK AO2 SLP309 T10831133 11050 21083 51016,null
IND,2024-12-06 0:54,17,8,67.2,260,8,0,30.41,1031.3,10,null,CLR,null,null,null,null,null,null,null,null,null,null,null,null,null,null,5.64,KIND 060054Z 26008KT 10SM CLR M08/M13 A3041 RMK AO2 SLP313 T10831133,null
IND,2024-12-06 1:54,17,9,70.3,250,10,0,30.39,1030.4,10,null,CLR,null,null,null,null,null,null,null,null,null,null,null,null,null,null,4.16,KIND 060154Z 25010KT 10SM CLR M08/M13 A3039 RMK AO2 SLP304 T10831128,null
IND,2024-12-06 2:54,17,8,67.2,260,8,0,30.39,1030.4,10,null,CLR,null,null,null,null,null,null,null,null,null,null,null,null,null,null,5.64,KIND 060254Z 26008KT 10SM CLR M08/M13 A3039 RMK AO2 SLP304 T10831133 58004,null
IND,2024-12-06 3:54,14,8,76.58,260,7,0,30.4,1030.8,10,null,CLR,null,null,null,null,null,null,null,null,null,null,null,null,null,null,2.84,KIND 060354Z 26007KT 10SM CLR M10/M13 A3040 RMK AO2 SLP308 T11001133,null
IND,2024-12-06 4:54,15,8,73.3,270,6,0,30.4,1030.8,10,null,FEW,null,null,null,4800,null,null,null,null,null,null,null,null,null,null,5.06,KIND 060454Z 27006KT 10SM FEW048 M09/M13 A3040 RMK AO2 SLP308 T10941133 410171111,null
IND,2024-12-06 5:54,16,8,70.18,290,6,0,30.4,1030.9,10,null,FEW,SCT,null,null,4300,11000,null,null,null,null,null,null,null,null,null,6.26,KIND 060554Z 29006KT 10SM FEW043 SCT110 M09/M13 A3040 RMK AO2 SLP309 T10891133 11078 21100 51005,null
IND,2024-12-06 6:54,18,9,67.33,280,8,0,30.4,1030.7,10,null,BKN,null,null,null,4100,null,null,null,null,null,null,null,null,null,null,6.87,KIND 060654Z 28008KT 10SM BKN041 M08/M13 A3040 RMK AO2 SLP307 T10781128,null
IND,2024-12-06 7:54,18,9,67.33,300,9,0,30.41,1031.2,10,null,BKN,null,null,null,3700,null,null,null,null,null,null,null,null,null,null,6.11,KIND 060754Z 30009KT 10SM BKN037 M08/M13 A3041 RMK AO2 SLP312 T10781128,null
IND,2024-12-06 8:54,18,9,67.33,290,6,0,30.43,1031.6,10,null,SCT,OVC,null,null,3900,4900,null,null,null,null,null,null,null,null,null,8.67,KIND 060854Z 29006KT 10SM SCT039 OVC049 M08/M13 A3043 RMK AO2 SLP316 T10781128 53008,null
IND,2024-12-06 9:54,16,8,70.18,280,6,0,30.41,1031.2,10,null,SCT,OVC,null,null,4800,15000,null,null,null,null,null,null,null,null,null,6.26,KIND 060954Z 28006KT 10SM SCT048 OVC150 M09/M13 A3041 RMK AO2 SLP312 T10891133,null
IND,2024-12-06 10:54,16,8,70.18,270,6,0,30.41,1031.2,10,null,OVC,null,null,null,15000,null,null,null,null,null,null,null,null,null,null,6.26,KIND 061054Z 27006KT 10SM OVC150 M09/M13 A3041 RMK AO2 SLP312 T10891133,null
IND,2024-12-06 11:54,13,8,80.02,250,5,0,30.42,1031.5,10,null,SCT,BKN,null,null,15000,25000,null,null,null,null,null,null,null,null,null,3.83,KIND 061154Z 25005KT 10SM SCT150 BKN250 M11/M13 A3042 RMK AO2 SLP315 T11061133 11078 21106 55003,null
IND,2024-12-06 12:54,12,7,79.93,240,5,0,30.42,1031.6,10,null,FEW,null,null,null,4500,null,null,null,null,null,null,null,null,null,null,2.64,KIND 061254Z 24005KT 10SM FEW045 M11/M14 A3042 RMK AO2 SLP316 T11111139,null
IND,2024-12-06 13:54,16,9,73.41,240,5,0,30.43,1031.7,10,null,CLR,null,null,null,null,null,null,null,null,null,null,null,null,null,null,7.39,KIND 061354Z 24005KT 10SM CLR M09/M13 A3043 RMK AO2 SLP317 T10891128,null
IND,2024-12-06 14:54,19,10,67.46,250,5,0,30.43,1031.7,10,null,CLR,null,null,null,null,null,null,null,null,null,null,null,null,null,null,10.96,KIND 061454Z 25005KT 10SM CLR M07/M12 A3043 RMK AO2 SLP317 T10721122 51003,null
IND,2024-12-06 15:54,24,11,57.08,240,8,0,30.42,1031.4,10,null,CLR,null,null,null,null,null,null,null,null,null,null,null,null,null,null,14.26,KIND 061554Z 24008KT 10SM CLR M04/M12 A3042 RMK AO2 SLP314 T10441117,null
IND,2024-12-06 16:54,27,12,52.68,230,8,0,30.39,1030.4,10,null,CLR,null,null,null,null,null,null,null,null,null,null,null,null,null,null,17.95,KIND 061654Z 23008KT 10SM CLR M03/M11 A3039 RMK AO2 SLP304 T10281111,null
IND,2024-12-06 17:54,28,11,48.36,240,12,0,30.36,1029.4,10,null,FEW,null,null,null,9000,null,null,null,null,null,null,null,null,null,null,16.91,KIND 061754Z 24012KT 10SM FEW090 M02/M12 A3036 RMK AO2 SLP294 T10221117 11017 21111 58021,null
IND,2024-12-06 18:54,30,10,42.62,230,12,0,30.34,1028.6,10,null,FEW,FEW,null,null,7000,15000,null,null,null,null,null,null,null,null,null,19.46,KIND 061854Z 23012KT 10SM FEW070 FEW150 M01/M12 A3034 RMK AO2 SLP286 T10111122,null
IND,2024-12-06 19:54,31,9,39.13,220,11,0,30.31,1027.5,10,null,FEW,FEW,FEW,null,7000,15000,25000,null,null,null,null,null,null,null,null,21.2,KIND 061954Z 22011KT 10SM FEW070 FEW150 FEW250 M01/M13 A3031 RMK AO2 SLP275 T10061128,null
IND,2024-12-06 20:54,32,9,37.58,250,12,0,30.29,1026.9,10,null,FEW,FEW,FEW,null,6000,15000,25000,null,null,null,null,null,null,null,null,22,KIND 062054Z 25012KT 10SM FEW060 FEW150 FEW250 00/M13 A3029 RMK AO2 SLP269 T00001128 56023,null
IND,2024-12-06 21:54,30,9,40.75,230,10,0,30.29,1026.9,10,null,FEW,null,null,null,6500,null,null,null,null,null,null,null,null,null,null,20.46,KIND 062154Z 23010KT 10SM FEW065 M01/M13 A3029 RMK AO2 SLP269 T10111128,null
IND,2024-12-06 22:54,28,9,44.23,230,10,0,30.29,1026.9,10,null,FEW,null,null,null,6500,null,null,null,null,null,null,null,null,null,null,17.95,KIND 062254Z 23010KT 10SM FEW065 M02/M13 A3029 RMK AO2 SLP269 T10221128,null
IND,2024-12-06 23:54,26,11,52.52,220,8,0,30.29,1027.1,10,null,FEW,null,null,null,6500,null,null,null,null,null,null,null,null,null,null,16.72,KIND 062354Z 22008KT 10SM FEW065 M03/M12 A3029 RMK AO2 SLP271 T10331117 10000 21033 55000,null
IND,2024-12-07 0:54,25,11,54.75,220,8,0,30.29,1026.9,10,null,CLR,null,null,null,null,null,null,null,null,null,null,null,null,null,null,15.49,KIND 070054Z 22008KT 10SM CLR M04/M12 A3029 RMK AO2 SLP269 T10391117,null
IND,2024-12-07 1:54,24,12,59.67,220,8,0,30.28,1026.8,10,null,CLR,null,null,null,null,null,null,null,null,null,null,null,null,null,null,14.26,KIND 070154Z 22008KT 10SM CLR M04/M11 A3028 RMK AO2 SLP268 T10441111,null
IND,2024-12-07 2:54,24,12,59.67,210,9,0,30.26,1025.7,10,null,CLR,null,null,null,null,null,null,null,null,null,null,null,null,null,null,13.57,KIND 070254Z 21009KT 10SM CLR M04/M11 A3026 RMK AO2 SLP257 T10441111 58013,null
IND,2024-12-07 3:54,24,13,62.36,240,8,0,30.27,1026,10,null,CLR,null,null,null,null,null,null,null,null,null,null,null,null,null,null,14.26,KIND 070354Z 24008KT 10SM CLR M04/M11 A3027 RMK AO2 SLP260 T10441106,null
IND,2024-12-07 4:54,22,13,67.83,230,7,0,30.28,1026.5,10,null,CLR,null,null,null,null,null,null,null,null,null,null,null,null,null,null,12.59,KIND 070454Z 23007KT 10SM CLR M06/M11 A3028 RMK AO2 SLP265 T10561106 400001111,null
IND,2024-12-07 5:54,22,12,64.9,220,6,0,30.27,1026.2,10,null,CLR,null,null,null,null,null,null,null,null,null,null,null,null,null,null,13.49,KIND 070554Z 22006KT 10SM CLR M06/M11 A3027 RMK AO2 SLP262 T10561111 11033 21056 50006,null
IND,2024-12-07 6:54,22,12,64.9,210,8,0,30.26,1025.6,10,null,CLR,null,null,null,null,null,null,null,null,null,null,null,null,null,null,11.79,KIND 070654Z 21008KT 10SM CLR M06/M11 A3026 RMK AO2 SLP256 T10561111,null
IND,2024-12-07 7:54,22,12,64.9,210,7,0,30.26,1025.5,10,null,CLR,null,null,null,null,null,null,null,null,null,null,null,null,null,null,12.59,KIND 070754Z 21007KT 10SM CLR M06/M11 A3026 RMK AO2 SLP255 T10561111,null
IND,2024-12-07 8:54,23,13,65.03,220,6,0,30.25,1025.3,10,null,CLR,null,null,null,null,null,null,null,null,null,null,null,null,null,null,14.69,KIND 070854Z 22006KT 10SM CLR M05/M11 A3025 RMK AO2 SLP253 T10501106 56007,null
IND,2024-12-07 9:54,23,13,65.03,240,7,0,30.24,1024.9,10,null,CLR,null,null,null,null,null,null,null,null,null,null,null,null,null,null,13.81,KIND 070954Z 24007KT 10SM CLR M05/M11 A3024 RMK AO2 SLP249 T10501106,null
IND,2024-12-07 10:54,23,13,65.03,220,7,0,30.23,1024.5,10,null,CLR,null,null,null,null,null,null,null,null,null,null,null,null,null,null,13.81,KIND 071054Z 22007KT 10SM CLR M05/M11 A3023 RMK AO2 SLP245 T10501106,null
IND,2024-12-07 11:54,21,13,70.76,210,5,0,30.23,1024.7,10,null,CLR,null,null,null,null,null,null,null,null,null,null,null,null,null,null,13.33,KIND 071154Z 21005KT 10SM CLR M06/M11 A3023 RMK AO2 SLP247 T10611106 11050 21067 55007,null
IND,2024-12-07 12:54,21,13,70.76,200,6,0,30.21,1024,10,null,CLR,null,null,null,null,null,null,null,null,null,null,null,null,null,null,12.28,KIND 071254Z 20006KT 10SM CLR M06/M11 A3021 RMK AO2 SLP240 T10611106,null
IND,2024-12-07 13:54,25,15,65.3,210,5,0,30.21,1024.2,10,null,FEW,SCT,null,null,17000,25000,null,null,null,null,null,null,null,null,null,18.08,KIND 071354Z 21005KT 10SM FEW170 SCT250 M04/M09 A3021 RMK AO2 SLP242 T10391094,null
IND,2024-12-07 14:54,29,16,57.83,200,8,0,30.22,1024.1,10,null,FEW,SCT,null,null,17000,25000,null,null,null,null,null,null,null,null,null,20.42,KIND 071454Z 20008KT 10SM FEW170 SCT250 M02/M09 A3022 RMK AO2 SLP241 T10171089 56004,null
IND,2024-12-07 15:54,34,16,47.25,200,11,0,30.19,1023.2,10,null,SCT,null,null,null,23000,null,null,null,null,null,null,null,null,null,null,24.99,KIND 071554Z 20011KT 10SM SCT230 01/M09 A3019 RMK AO2 SLP232 T00111089,null
IND,2024-12-07 16:54,37,16,41.95,210,9,0,30.16,1022,10,null,BKN,null,null,null,24000,null,null,null,null,null,null,null,null,null,null,29.73,KIND 071654Z 21009KT 10SM BKN240 03/M09 A3016 RMK AO2 SLP220 T00281089,null
IND,2024-12-07 17:54,43,17,34.69,230,11,0,30.13,1020.9,10,null,BKN,null,null,null,24000,null,null,null,null,null,null,null,null,null,null,36.37,KIND 071754Z 23011KT 10SM BKN240 06/M08 A3013 RMK AO2 SLP209 T00611083 10061 21067 58029,null
IND,2024-12-07 18:54,45,18,33.55,230,13,0,30.08,1019.2,10,null,SCT,null,null,null,25000,null,null,null,null,null,null,null,null,null,null,38.22,KIND 071854Z 23013KT 10SM SCT250 07/M08 A3008 RMK AO2 SLP192 T00721078,null
IND,2024-12-07 19:54,46,20,35.19,220,15,0,30.04,1018,10,21,FEW,SCT,null,null,20000,25000,null,null,null,null,null,null,null,null,null,38.93,KIND 071954Z 22015G21KT 10SM FEW200 SCT250 08/M07 A3004 RMK AO2 SLP180 T00781067,null
IND,2024-12-07 20:54,46,21,36.72,210,12,0,30.02,1017,10,21,FEW,FEW,null,null,20000,25000,null,null,null,null,null,null,null,null,null,39.82,KIND 072054Z 21012G21KT 10SM FEW200 FEW250 08/M06 A3002 RMK AO2 SLP170 T00781061 56037,null
IND,2024-12-07 21:54,44,22,41.34,210,10,0,30,1016.6,10,null,FEW,FEW,null,null,20000,25000,null,null,null,null,null,null,null,null,null,38.02,KIND 072154Z 21010KT 10SM FEW200 FEW250 07/M06 A3000 RMK AO2 SLP166 T00671056,null
IND,2024-12-07 22:54,42,22,44.63,210,11,0,29.99,1016.2,10,null,FEW,FEW,null,null,20000,25000,null,null,null,null,null,null,null,null,null,35.1,KIND 072254Z 21011KT 10SM FEW200 FEW250 06/M06 A2999 RMK AO2 SLP162 T00561056,null
IND,2024-12-07 23:54,40,22,48.22,210,11,0,29.98,1015.9,10,null,SCT,null,null,null,25000,null,null,null,null,null,null,null,null,null,null,32.58,KIND 072354Z 21011KT 10SM SCT250 04/M06 A2998 RMK AO2 SLP159 T00441056 10083 20044 56012,null
IND,2024-12-08 0:54,41,23,48.39,210,12,0,29.97,1015.4,10,null,BKN,null,null,null,23000,null,null,null,null,null,null,null,null,null,null,33.46,KIND 080054Z 21012KT 10SM BKN230 05/M05 A2997 RMK AO2 SLP154 T00501050,null
IND,2024-12-08 1:54,42,23,46.55,220,12,0,29.95,1014.9,10,21,BKN,null,null,null,23000,null,null,null,null,null,null,null,null,null,null,34.73,KIND 080154Z 22012G21KT 10SM BKN230 06/M05 A2995 RMK AO2 SLP149 T00561050,null
IND,2024-12-08 2:54,43,24,46.71,220,15,0,29.93,1014,10,null,BKN,null,null,null,23000,null,null,null,null,null,null,null,null,null,null,35.04,KIND 080254Z 22015KT 10SM BKN230 06/M04 A2993 RMK AO2 SLP140 T00611044 58017,null
IND,2024-12-08 3:54,45,26,47.04,230,18,0,29.91,1013.2,10,26,BKN,null,null,null,21000,null,null,null,null,null,null,null,26,210,2024-12-08 3:47,36.86,KIND 080354Z 23018G26KT 10SM BKN210 07/M03 A2991 RMK AO2 PK WND 21026/0347 SLP132 T00721033,null
IND,2024-12-08 4:54,44,27,50.93,230,20,0,29.9,1012.9,10,29,SCT,BKN,null,null,21000,25000,null,null,null,null,null,null,29,240,2024-12-08 4:54,35.08,KIND 080454Z 23020G29KT 10SM SCT210 BKN250 07/M03 A2990 RMK AO2 PK WND 24029/0454 SLP129 T00671028 400831067,null
IND,2024-12-08 5:54,43,27,52.91,230,18,0,29.9,1012.9,10,25,SCT,BKN,null,null,21000,25000,null,null,null,null,null,null,31,240,2024-12-08 5:10,34.23,KIND 080554Z 23018G25KT 10SM SCT210 BKN250 06/M03 A2990 RMK AO2 PK WND 24031/0510 SLP129 T00611028 10072 20044 55008,null
IND,2024-12-08 6:54,42,28,57.3,240,14,0,29.91,1013.2,10,null,SCT,null,null,null,25000,null,null,null,null,null,null,null,27,240,2024-12-08 5:55,34.05,KIND 080654Z 24014KT 10SM SCT250 06/M02 A2991 RMK AO2 PK WND 24027/0555 SLP132 T00561022,null
IND,2024-12-08 7:54,42,28,57.3,230,16,0,29.91,1013.2,10,null,BKN,null,null,null,25000,null,null,null,null,null,null,null,null,null,null,33.45,KIND 080754Z 23016KT 10SM BKN250 06/M02 A2991 RMK AO2 SLP132 T00561022,null
IND,2024-12-08 8:54,41,28,59.55,230,13,0,29.92,1013.4,10,null,SCT,null,null,null,25000,null,null,null,null,null,null,null,null,null,null,33.1,KIND 080854Z 23013KT 10SM SCT250 05/M02 A2992 RMK AO2 SLP134 T00501022 51004,null
IND,2024-12-08 9:54,40,28,61.91,230,13,0,29.9,1012.8,10,null,SCT,null,null,null,25000,null,null,null,null,null,null,null,null,null,null,31.82,KIND 080954Z 23013KT 10SM SCT250 04/M02 A2990 RMK AO2 SLP128 T00441022,null
IND,2024-12-08 10:54,40,29,64.5,240,12,0,29.9,1013,10,null,SCT,null,null,null,25000,null,null,null,null,null,null,null,null,null,null,32.18,KIND 081054Z 24012KT 10SM SCT250 04/M02 A2990 RMK AO2 SLP130 T00441017,null
IND,2024-12-08 11:54,40,30,67.18,230,11,0,29.91,1013.4,10,null,FEW,null,null,null,25000,null,null,null,null,null,null,null,null,null,null,32.58,KIND 081154Z 23011KT 10SM FEW250 04/M01 A2991 RMK AO2 SLP134 T00441011 10061 20039 55001,null
IND,2024-12-08 12:54,40,30,67.18,230,11,0,29.93,1014,10,null,FEW,null,null,null,25000,null,null,null,null,null,null,null,null,null,null,32.58,KIND 081254Z 23011KT 10SM FEW250 04/M01 A2993 RMK AO2 SLP140 T00441011,null
IND,2024-12-08 13:54,42,31,64.75,240,10,0,29.95,1014.6,10,null,FEW,null,null,null,25000,null,null,null,null,null,null,null,null,null,null,35.51,KIND 081354Z 24010KT 10SM FEW250 06/M01 A2995 RMK AO2 SLP146 T00561006,null
IND,2024-12-08 14:54,46,32,57.87,230,17,0,29.95,1014.4,10,22,FEW,null,null,null,25000,null,null,null,null,null,null,null,null,null,null,38.42,KIND 081454Z 23017G22KT 10SM FEW250 08/00 A2995 RMK AO2 SLP144 T00780000 50011,null
IND,2024-12-08 15:54,49,33,53.82,220,15,0,29.96,1014.9,10,23,FEW,null,null,null,25000,null,null,null,null,null,null,null,null,null,null,42.82,KIND 081554Z 22015G23KT 10SM FEW250 09/01 A2996 RMK AO2 SLP149 T00940006,null
IND,2024-12-08 16:54,53,34,48.3,230,10,0,29.96,1014.6,10,null,FEW,null,null,null,25000,null,null,null,null,null,null,null,null,null,null,53,KIND 081654Z 23010KT 10SM FEW250 12/01 A2996 RMK AO2 SLP146 T01170011,null
IND,2024-12-08 17:54,55,36,48.62,220,13,0,29.93,1013.6,10,20,FEW,null,null,null,25000,null,null,null,null,null,null,null,null,null,null,55,KIND 081754Z 22013G20KT 10SM FEW250 13/02 A2993 RMK AO2 SLP136 T01280022 10128 20044 58007,null
IND,2024-12-08 18:54,56,37,48.77,210,9,0,29.89,1012.4,10,18,FEW,null,null,null,25000,null,null,null,null,null,null,null,null,null,null,56,KIND 081854Z 21009G18KT 10SM FEW250 13/03 A2989 RMK AO2 SLP124 T01330028,null
IND,2024-12-08 19:54,57,38,48.93,210,12,0,29.87,1011.6,10,null,FEW,FEW,null,null,8500,25000,null,null,null,null,null,null,null,null,null,57,KIND 081954Z 21012KT 10SM FEW085 FEW250 14/03 A2987 RMK AO2 SLP116 T01390033,null
IND,2024-12-08 20:54,58,40,51.03,200,12,0,29.86,1011.2,10,null,FEW,FEW,null,null,8500,25000,null,null,null,null,null,null,null,null,null,58,KIND 082054Z 20012KT 10SM FEW085 FEW250 14/04 A2986 RMK AO2 SLP112 T01440044 56023,null
IND,2024-12-08 21:54,55,40,56.88,210,16,0,29.86,1011.4,10,22,BKN,null,null,null,8000,null,null,null,null,null,null,null,null,null,null,55,KIND 082154Z 21016G22KT 10SM BKN080 13/04 A2986 RMK AO2 SLP114 T01280044,null
IND,2024-12-08 22:54,53,40,61.19,190,10,0,29.86,1011.3,10,20,BKN,null,null,null,8000,null,null,null,null,null,null,null,null,null,null,53,KIND 082254Z 19010G20KT 10SM BKN080 12/04 A2986 RMK AO2 SLP113 T01170044,null
IND,2024-12-08 23:26,53,40,61.19,200,13,0,29.86,null,10,null,BKN,BKN,BKN,null,2400,6000,8500,null,null,null,null,null,null,null,null,53,KIND 082326Z 20013KT 10SM BKN024 BKN060 BKN085 12/04 A2986 RMK AO2 T01170044,null
IND,2024-12-08 23:52,51.8,39.2,61.99,190,9.91,null,29.85,null,10,null,SCT,BKN,BKN,null,2401,7001,8500,null,null,null,null,null,null,null,null,51.8,SPECI KIND 082352Z 19010KT 10SM SCT024 BKN070 BKN085 11/04 A2985 RMK AO2 FIBI (SKL),null
IND,2024-12-08 23:54,52,39,61.06,190,13,0,29.85,1010.9,10,null,SCT,BKN,BKN,null,2400,7000,8500,null,null,null,null,null,null,null,null,52,KIND 082354Z 19013KT 10SM SCT024 BKN070 BKN085 11/04 A2985 RMK AO2 SLP109 T01110039 10144 20111 58004,null
IND,2024-12-09 0:26,52,39,61.06,190,12,0,29.84,null,10,null,OVC,null,null,null,2100,null,null,null,null,null,null,null,null,null,null,52,KIND 090026Z 19012KT 10SM OVC021 11/04 A2984 RMK AO2 T01110039,null
IND,2024-12-09 0:54,52,40,63.48,180,13,0,29.83,1010.3,10,null,BKN,OVC,null,null,2200,2900,null,null,null,null,null,null,null,null,null,52,KIND 090054Z 18013KT 10SM BKN022 OVC029 11/04 A2983 RMK AO2 SLP103 T01110044,null
IND,2024-12-09 1:54,52,40,63.48,180,9,0,29.8,1009.3,10,null,OVC,null,null,null,2000,null,null,null,null,null,null,null,null,null,null,52,KIND 090154Z 18009KT 10SM OVC020 11/04 A2980 RMK AO2 SLP093 T01110044,null
IND,2024-12-09 2:50,51.8,46.4,81.74,190,14,T,29.79,null,9,null,OVC,null,null,null,1400,null,null,null,#NAME?,null,null,null,null,null,null,51.8,KIND 090250Z 19014KT 9SM -RA OVC014 11/08 A2979 RMK AO2 RAB45 P0000,null
IND,2024-12-09 2:54,51,47,86.12,190,14,T,29.79,1008.8,6,null,OVC,null,null,null,1400,null,null,null,#NAME?,null,null,null,null,null,null,51,KIND 090254Z 19014KT 6SM -RA BR OVC014 11/08 A2979 RMK AO2 RAB45 SLP088 P0000 60000 T01060083 55013,null
IND,2024-12-09 3:25,50,48,92.8,190,9,0.05,29.77,null,3,null,OVC,null,null,null,900,null,null,null,#NAME?,null,null,null,null,null,null,50,KIND 090325Z 19009KT 3SM -RA BR OVC009 10/09 A2977 RMK AO2 SFC VIS 5 P0005 T01000089,null
IND,2024-12-09 3:54,50,48,92.8,190,12,0.14,29.77,1008.2,3,null,BKN,OVC,null,null,700,1100,null,null,RA BR,null,null,null,null,null,null,50,KIND 090354Z 19012KT 3SM RA BR BKN007 OVC011 10/09 A2977 RMK AO2 SFC VIS 4 SLP082 P0014 T01000089,null
IND,2024-12-09 4:54,50,49,96.34,190,9,0.15,29.75,1007.4,3,null,OVC,null,null,null,900,null,null,null,#NAME?,null,null,null,null,null,null,50,KIND 090454Z 19009KT 3SM -RA OVC009 10/09 A2975 RMK AO2 SFC VIS 7 SLP074 P0015 T01000094 401440039,null
IND,2024-12-09 5:54,50,49,96.34,190,10,0.1,29.73,1006.7,3,null,BKN,OVC,null,null,800,1200,null,null,#NAME?,null,null,null,null,null,null,50,KIND 090554Z 19010KT 3SM -RA BR BKN008 OVC012 10/09 A2973 RMK AO2 SFC VIS 6 SLP067 P0010 60039 T01000094 10117 20100 58020,null
IND,2024-12-09 6:54,50,49,96.34,200,11,0.05,29.71,1006,3,null,OVC,null,null,null,800,null,null,null,#NAME?,null,null,null,null,null,null,50,KIND 090654Z 20011KT 3SM -RA OVC008 10/09 A2971 RMK AO2 SFC VIS 8 SLP060 P0005 T01000094,null
IND,2024-12-09 7:54,51,50,96.36,230,13,0.02,29.71,1005.8,3,20,OVC,null,null,null,700,null,null,null,#NAME?,null,null,null,null,null,null,51,KIND 090754Z 23013G20KT 3SM -RA OVC007 11/10 A2971 RMK AO2 SFC VIS 10 SLP058 P0002 T01060100,null
IND,2024-12-09 8:35,51,50,96.36,220,9,0.01,29.71,null,3,null,OVC,null,null,null,1000,null,null,null,#NAME?,null,null,null,null,null,null,51,KIND 090835Z 22009KT 3SM -RA BR OVC010 11/10 A2971 RMK AO2 SFC VIS 6 P0001 T01060100,null
IND,2024-12-09 8:45,51,50,96.36,220,11,0.01,29.7,null,7,null,OVC,null,null,null,900,null,null,null,#NAME?,null,null,null,null,null,null,51,KIND 090845Z 22011KT 7SM -RA OVC009 11/10 A2970 RMK AO2 P0001 T01060100,null
IND,2024-12-09 8:54,51,50,96.36,220,11,0.01,29.7,1005.5,7,19,OVC,null,null,null,900,null,null,null,#NAME?,null,null,null,null,null,null,51,KIND 090854Z 22011G19KT 7SM -RA OVC009 11/10 A2970 RMK AO2 SLP055 P0001 60008 T01060100 56010,null
IND,2024-12-09 9:54,50,49,96.34,220,11,0.02,29.71,1005.9,4,null,BKN,OVC,null,null,700,1500,null,null,RA BR,null,null,null,null,null,null,50,KIND 090954Z 22011KT 4SM RA BR BKN007 OVC015 10/09 A2971 RMK AO2 SLP059 P0002 T01000094,null
IND,2024-12-09 10:54,50,48,92.8,230,12,0.03,29.71,1006.2,10,null,OVC,null,null,null,900,null,null,null,null,null,null,null,null,null,null,50,KIND 091054Z 23012KT 10SM OVC009 10/09 A2971 RMK AO2 RAE22 SLP062 P0003 T01000089,null
IND,2024-12-09 11:54,50,48,92.8,230,13,T,29.73,1006.7,10,null,OVC,null,null,null,600,null,null,null,null,null,null,null,null,null,null,50,KIND 091154Z 23013KT 10SM OVC006 10/09 A2973 RMK AO2 RAB05E17 SLP067 P0000 60013 70052 T01000089 10106 20100 53011,null
IND,2024-12-09 12:20,50,48,92.8,240,13,T,29.75,null,2.5,null,OVC,null,null,null,600,null,null,null,#NAME?,null,null,null,null,null,null,50,KIND 091220Z 24013KT 2 1/2SM -RA BR OVC006 10/09 A2975 RMK AO2 RAB10 P0000 T01000089,null
IND,2024-12-09 12:41,49,48,96.32,240,10,0.01,29.76,null,3,null,OVC,null,null,null,600,null,null,null,#NAME?,null,null,null,null,null,null,44.29,KIND 091241Z 24010KT 3SM -RA BR OVC006 09/09 A2976 RMK AO2 RAB10 P0001 T00940089,null
IND,2024-12-09 12:54,49,48,96.32,240,11,0.02,29.76,1007.8,3,null,BKN,OVC,null,null,600,1200,null,null,#NAME?,null,null,null,null,null,null,43.95,KIND 091254Z 24011KT 3SM -RA BR BKN006 OVC012 09/09 A2976 RMK AO2 RAB10 SLP078 P0002 T00940089,null
IND,2024-12-09 13:54,49,48,96.32,240,11,0.01,29.78,1008.4,2.5,null,OVC,null,null,null,600,null,null,null,#NAME?,null,null,null,null,null,null,43.95,KIND 091354Z 24011KT 2 1/2SM -DZ BR OVC006 09/09 A2978 RMK AO2 RAE10B44E47DZB12 SLP084 P0001 T00940089,null
IND,2024-12-09 14:22,49,48,96.32,230,10,T,29.79,null,4,null,OVC,null,null,null,700,null,null,null,#NAME?,null,null,null,null,null,null,44.29,KIND 091422Z 23010KT 4SM -DZ BR OVC007 09/09 A2979 RMK AO2 P0000 T00940089,null
IND,2024-12-09 14:54,49,48,96.32,230,12,T,29.8,1009.1,10,null,SCT,BKN,OVC,null,700,1100,3600,null,null,null,null,null,null,null,null,43.64,KIND 091454Z 23012KT 10SM SCT007 BKN011 OVC036 09/09 A2980 RMK AO2 DZE46 SLP091 P0000 60003 T00940089 51022,null
IND,2024-12-09 15:02,49,48,96.32,220,12,0,29.8,null,10,null,BKN,BKN,OVC,null,700,1800,3400,null,null,null,null,null,null,null,null,43.64,KIND 091502Z 22012KT 10SM BKN007 BKN018 OVC034 09/09 A2980 RMK AO2 T00940089,null
IND,2024-12-09 15:20,50,48,92.8,230,12,0,29.81,null,10,null,SCT,BKN,BKN,null,700,1800,3400,null,null,null,null,null,null,null,null,50,KIND 091520Z 23012KT 10SM SCT007 BKN018 BKN034 10/09 A2981 RMK AO2 T01000089,null
IND,2024-12-09 15:41,50,48,92.8,240,10,0,29.82,null,10,null,BKN,BKN,OVC,null,1100,1800,3400,null,null,null,null,null,null,null,null,50,KIND 091541Z 24010KT 10SM BKN011 BKN018 OVC034 10/09 A2982 RMK AO2 T01000089,null
IND,2024-12-09 15:54,50,48,92.8,240,12,0,29.83,1010.2,10,null,BKN,BKN,OVC,null,1100,1800,3400,null,null,null,null,null,null,null,null,50,KIND 091554Z 24012KT 10SM BKN011 BKN018 OVC034 10/09 A2983 RMK AO2 SLP102 T01000089,null
IND,2024-12-09 16:09,50,48,92.8,240,13,0,29.83,null,10,null,BKN,BKN,OVC,null,900,1500,2500,null,null,null,null,null,null,null,null,50,KIND 091609Z 24013KT 10SM BKN009 BKN015 OVC025 10/09 A2983 RMK AO2 T01000089,null
IND,2024-12-09 16:26,50,47,89.37,250,13,0,29.83,null,10,null,BKN,BKN,OVC,null,1100,1700,2500,null,null,null,null,null,null,null,null,50,KIND 091626Z 25013KT 10SM BKN011 BKN017 OVC025 10/08 A2983 RMK AO2 T01000083,null
IND,2024-12-09 16:48,50,46.4,87.37,260,13,0,29.82,null,10,null,SCT,OVC,null,null,1300,2500,null,null,null,null,null,null,null,null,null,50,KIND 091648Z 26013KT 10SM SCT013 OVC025 10/08 A2982 RMK AO2,null
IND,2024-12-09 16:54,51,47,86.12,260,13,0,29.82,1009.7,10,null,SCT,OVC,null,null,1300,2700,null,null,null,null,null,null,null,null,null,51,KIND 091654Z 26013KT 10SM SCT013 OVC027 11/08 A2982 RMK AO2 SLP097 T01060083,null
IND,2024-12-09 17:54,51,45,79.84,260,13,0,29.81,1009.4,10,21,BKN,BKN,null,null,2100,2600,null,null,null,null,null,null,null,null,null,51,KIND 091754Z 26013G21KT 10SM BKN021 BKN026 11/07 A2981 RMK AO2 SLP094 60003 T01060072 10111 20094 50004,null
IND,2024-12-09 18:54,53,45,74.16,240,13,0,29.83,1010.1,10,null,FEW,BKN,BKN,null,1500,2300,25000,null,null,null,null,null,null,null,null,53,KIND 091854Z 24013KT 10SM FEW015 BKN023 BKN250 12/07 A2983 RMK AO2 SLP101 T01170072,null
IND,2024-12-09 19:54,52,44,74.07,250,14,0,29.83,1010,10,null,BKN,OVC,null,null,2400,25000,null,null,null,null,null,null,null,null,null,52,KIND 091954Z 25014KT 10SM BKN024 OVC250 11/07 A2983 RMK AO2 SLP100 T01110067,null
IND,2024-12-09 20:30,52,43,71.28,230,12,0,29.84,null,10,null,SCT,OVC,null,null,2300,25000,null,null,null,null,null,null,null,null,null,52,KIND 092030Z 23012KT 10SM SCT023 OVC250 11/06 A2984 RMK AO2 T01110061,null
IND,2024-12-09 20:54,51,43,73.97,260,11,0,29.86,1011.1,10,null,SCT,OVC,null,null,2300,25000,null,null,null,null,null,null,null,null,null,51,KIND 092054Z 26011KT 10SM SCT023 OVC250 11/06 A2986 RMK AO2 SLP111 T01060061 53016,null
IND,2024-12-09 21:54,50,43,76.76,250,8,0,29.89,1012.4,10,null,FEW,OVC,null,null,2500,21000,null,null,null,null,null,null,null,null,null,50,KIND 092154Z 25008KT 10SM FEW025 OVC210 10/06 A2989 RMK AO2 SLP124 T01000061,null
IND,2024-12-09 22:54,48,43,82.72,240,5,0,29.9,1012.6,10,null,FEW,BKN,null,null,2500,16000,null,null,null,null,null,null,null,null,null,45.4,KIND 092254Z 24005KT 10SM FEW025 BKN160 09/06 A2990 RMK AO2 SLP126 T00890061,null
IND,2024-12-09 23:54,46,41,82.58,240,4,0,29.89,1012.2,10,null,BKN,null,null,null,16000,null,null,null,null,null,null,null,null,null,null,43.77,KIND 092354Z 24004KT 10SM BKN160 08/05 A2989 RMK AO2 SLP122 T00780050 10117 20078 50010,null
IND,2024-12-10 0:54,47,42,82.65,170,3,0,29.88,1012,10,null,BKN,null,null,null,15000,null,null,null,null,null,null,null,null,null,null,45.84,KIND 100054Z 17003KT 10SM BKN150 08/06 A2988 RMK AO2 SLP120 T00830056,null
IND,2024-12-10 1:54,43,41,92.58,250,4,0,29.91,1013.2,10,null,BKN,null,null,null,15000,null,null,null,null,null,null,null,null,null,null,40.27,KIND 100154Z 25004KT 10SM BKN150 06/05 A2991 RMK AO2 SLP132 T00610050,null
IND,2024-12-10 2:54,45,41,85.77,0,0,0,29.9,1012.8,10,null,BKN,OVC,null,null,15000,25000,null,null,null,null,null,null,null,null,null,45,KIND 100254Z 00000KT 10SM BKN150 OVC250 07/05 A2990 RMK AO2 SLP128 T00720050 50005,null
IND,2024-12-10 3:54,44,42,92.61,220,3,0,29.91,1012.9,10,null,BKN,OVC,null,null,15000,25000,null,null,null,null,null,null,null,null,null,42.41,KIND 100354Z 22003KT 10SM BKN150 OVC250 07/06 A2991 RMK AO2 SLP129 T00670056,null
IND,2024-12-10 4:29,44,42,92.61,240,4,0,29.91,null,10,null,BKN,OVC,null,null,2800,15000,null,null,null,null,null,null,null,null,null,41.43,KIND 100429Z 24004KT 10SM BKN028 OVC150 07/06 A2991 RMK AO2 T00670056,null
IND,2024-12-10 4:52,42.8,41,93.3,290,4.08,null,29.92,null,10,null,SCT,OVC,null,null,2900,15000,null,null,null,null,null,null,null,null,null,39.96,SPECI KIND 100452Z 29004KT 10SM SCT029 OVC150 06/05 A2992 RMK AO2 FIBI (GM),null
IND,2024-12-10 4:54,43,41,92.58,280,4,0,29.92,1013.4,10,null,SCT,OVC,null,null,2900,15000,null,null,null,null,null,null,null,null,null,40.27,KIND 100454Z 28004KT 10SM SCT029 OVC150 06/05 A2992 RMK AO2 SLP134 T00610050 401170061,null
IND,2024-12-10 5:54,43,41,92.58,0,0,0,29.9,1012.8,10,null,SCT,BKN,OVC,null,2900,12000,15000,null,null,null,null,null,null,null,null,43,KIND 100554Z 00000KT 10SM SCT029 BKN120 OVC150 06/05 A2990 RMK AO2 SLP128 T00610050 10083 20061 50001,null
IND,2024-12-10 6:01,44,42,92.61,0,0,0,29.91,null,10,null,BKN,BKN,OVC,null,2900,12000,15000,null,null,null,null,null,null,null,null,44,KIND 100601Z 00000KT 10SM BKN029 BKN120 OVC150 07/06 A2991 RMK AO2 T00670056,null
IND,2024-12-10 6:54,42,41,96.21,0,0,0,29.89,1012.2,8,null,BKN,OVC,null,null,2900,11000,null,null,null,null,null,null,null,null,null,42,KIND 100654Z 00000KT 8SM BKN029 OVC110 06/05 A2989 RMK AO2 SLP122 T00560050,null
IND,2024-12-10 7:04,43,41,92.58,0,0,0,29.89,null,7,null,SCT,OVC,null,null,2900,11000,null,null,null,null,null,null,null,null,null,43,KIND 100704Z 00000KT 7SM SCT029 OVC110 06/05 A2989 RMK AO2 T00610050,null
IND,2024-12-10 7:54,42,41,96.21,180,6,0,29.9,1012.5,7,null,SCT,OVC,null,null,12000,15000,null,null,null,null,null,null,null,null,null,37.57,KIND 100754Z 18006KT 7SM SCT120 OVC150 06/05 A2990 RMK AO2 SLP125 T00560050,null
IND,2024-12-10 8:54,41,41,100,210,5,0,29.89,1012.4,4,null,SCT,BKN,null,null,12000,15000,null,null,BR,null,null,null,null,null,null,37.08,KIND 100854Z COR 21005KT 4SM BR SCT120 BKN150 05/05 A2989 RMK AO2 SLP124 T00500050 56004,null
IND,2024-12-10 8:57,41,40,96.19,210,6,0,29.89,null,4,null,SCT,BKN,null,null,12000,15000,null,null,BR,null,null,null,null,null,null,36.37,KIND 100857Z 21006KT 4SM BR SCT120 BKN150 05/04 A2989 RMK AO2 T00500044,null
IND,2024-12-10 9:12,40,39,96.18,320,4,0,29.88,null,2.5,null,FEW,BKN,null,null,12000,15000,null,null,BCFG BR,null,null,null,null,null,null,36.76,KIND 100912Z 32004KT 2 1/2SM R05L/1600VP6000FT BCFG BR FEW120 BKN150 04/04 A2988 RMK AO2 T00440039,null
IND,2024-12-10 9:39,41,41,100,0,0,0,29.87,null,3,null,SCT,OVC,null,null,12000,15000,null,null,BCFG BR,null,null,null,null,null,null,41,KIND 100939Z 00000KT 3SM R05L/2600VP6000FT BCFG BR SCT120 OVC150 05/05 A2987 RMK AO2 T00500050,null
IND,2024-12-10 9:50,41,39.2,93.24,0,0,0,29.86,null,2.5,null,FEW,SCT,OVC,null,300,12000,15000,null,BCFG BR,null,null,null,null,null,null,41,KIND 100950Z 00000KT 2 1/2SM R05L/2200V4500FT BCFG BR FEW003 SCT120 OVC150 05/04 A2986 RMK AO2,null
IND,2024-12-10 9:54,42,40,92.55,0,0,0,29.86,1011.4,2.5,null,FEW,SCT,OVC,null,300,12000,15000,null,BCFG BR,null,null,null,null,null,null,42,KIND 100954Z 00000KT 2 1/2SM R05L/1600V4500FT BCFG BR FEW003 SCT120 OVC150 06/04 A2986 RMK AO2 TWR VIS 10 SLP114 T00560044,null
IND,2024-12-10 10:01,42,41,96.21,0,0,0,29.86,null,4,null,FEW,SCT,OVC,null,300,12000,15000,null,BCFG BR,null,null,null,null,null,null,42,KIND 101001Z 00000KT 4SM R05L/1600V2000FT BCFG BR FEW003 SCT120 OVC150 06/05 A2986 RMK AO2 T00560050,null
IND,2024-12-10 10:19,41,41,100,130,4,0,29.86,null,5,null,FEW,SCT,OVC,null,300,12000,15000,null,BCFG BR,null,null,null,null,null,null,37.93,KIND 101019Z 13004KT 5SM R05L/1400V3500FT BCFG BR FEW003 SCT120 OVC150 05/05 A2986 RMK AO2 T00500050,null
IND,2024-12-10 10:38,41,40,96.19,340,5,0,29.87,null,1.5,null,FEW,BKN,OVC,null,300,14000,18000,null,BCFG BR,null,null,null,null,null,null,37.08,KIND 101038Z 34005KT 1 1/2SM R05L/1600V5500FT BCFG BR FEW003 BKN140 OVC180 05/04 A2987 RMK AO2 TWR VIS 10 T00500044,null
IND,2024-12-10 10:46,41,40,96.19,350,3,0,29.86,null,1.5,null,BKN,OVC,null,null,300,14000,null,null,BCFG BR,null,null,null,null,null,null,38.98,KIND 101046Z 35003KT 1 1/2SM R05L/1800VP6000FT BCFG BR BKN003 OVC140 05/04 A2986 RMK AO2 T00500044,null
IND,2024-12-10 10:54,42,41,96.21,360,4,0,29.86,1011.4,1,null,OVC,null,null,null,300,null,null,null,BCFG BR,null,null,null,null,null,null,39.1,KIND 101054Z 36004KT 1SM R05L/2000V5000FT BCFG BR OVC003 06/05 A2986 RMK AO2 SLP114 T00560050,null
IND,2024-12-10 11:00,42,41,96.21,0,0,0,29.86,null,0.75,null,OVC,null,null,null,300,null,null,null,BCFG BR,null,null,null,null,null,null,42,KIND 101100Z 00000KT 3/4SM R05L/1800V2400FT BCFG BR OVC003 06/05 A2986 RMK AO2 T00560050,null
IND,2024-12-10 11:04,42,41,96.21,0,0,0,29.86,null,0.25,null,OVC,null,null,null,100,null,null,null,FG,null,null,null,null,null,null,42,KIND 101104Z COR 00000KT 1/4SM R05L/1400V3500FT FG OVC001 06/05 A2986 RMK AO2 T00560050,null
IND,2024-12-10 11:18,41,41,100,30,3,0,29.85,null,0.12,null,VV ,null,null,null,100,null,null,null,FG,null,null,null,null,null,null,38.98,KIND 101118Z 03003KT 1/8SM R05L/1400V2600FT FG VV001 05/05 A2985 RMK AO2 T00500050,null
IND,2024-12-10 11:34,41,40,96.19,0,0,0,29.87,null,0.12,null,VV ,null,null,null,100,null,null,null,FG,null,null,null,null,null,null,41,KIND 101134Z 00000KT 1/8SM R05L/1000V1200FT FG VV001 05/04 A2987 RMK AO2 T00500044,null
IND,2024-12-10 11:46,40,40,100,10,3,0,29.86,null,0.25,null,VV ,null,null,null,100,null,null,null,FG,null,null,null,null,null,null,37.83,KIND 101146Z 01003KT 1/4SM R05L/1000V1200FT FG VV001 04/04 A2986 RMK AO2 T00440044,null
IND,2024-12-10 11:54,40,40,100,0,0,0,29.86,1011.5,0.25,null,VV ,null,null,null,100,null,null,null,FG,null,null,null,null,null,null,40,KIND 101154Z 00000KT 1/4SM R05L/1000V1200FT FG VV001 04/04 A2986 RMK AO2 SLP115 70003 T00440044 10067 20044 56001,null
IND,2024-12-10 12:09,39,38,96.16,330,3,0,29.86,null,0.12,null,VV ,null,null,null,100,null,null,null,FG,null,null,null,null,null,null,36.69,KIND 101209Z 33003KT 1/8SM R05L/1400V2400FT FG VV001 04/03 A2986 RMK AO2 T00390033,null
IND,2024-12-10 12:27,38,38,100,350,4,0,29.86,null,0.75,null,SCT,BKN,null,null,100,8500,null,null,BR,null,null,null,null,null,null,34.43,KIND 101227Z 35004KT 3/4SM R05L/1800V4000FT BR SCT001 BKN085 03/03 A2986 RMK AO2 T00330033,null
IND,2024-12-10 12:35,38,38,100,0,0,0,29.86,null,1.5,null,FEW,BKN,null,null,100,8500,null,null,BR,null,null,null,null,null,null,38,KIND 101235Z 00000KT 1 1/2SM R05L/4000VP6000FT BR FEW001 BKN085 03/03 A2986 RMK AO2 T00330033,null
IND,2024-12-10 12:51,39.2,37.4,93.19,0,0,0,29.86,null,4,null,BKN,null,null,null,8500,null,null,null,BR,null,null,null,null,null,null,39.2,KIND 101251Z 00000KT 4SM R05L/4000VP6000FT BR BKN085 04/03 A2986 RMK AO2,null
IND,2024-12-10 12:52,39.2,37.4,93.19,0,0,0,29.86,null,4,null,BKN,null,null,null,8500,null,null,null,BR,null,null,null,null,null,null,39.2,KIND 101252Z 00000KT 4SM R05L/4000VP6000FT BR BKN085 04/03 A2986 RMK AO2,null
IND,2024-12-10 12:54,39,38,96.16,0,0,0,29.86,1011.3,4,null,BKN,null,null,null,8500,null,null,null,BR,null,null,null,null,null,null,39,KIND 101254Z 00000KT 4SM R05L/4000VP6000FT BR BKN085 04/03 A2986 RMK AO2 SLP113 T00390033,null
IND,2024-12-10 13:54,39,38,96.16,290,5,0,29.88,1012.3,6,null,FEW,BKN,null,null,1500,9500,null,null,BR BCFG,null,null,null,null,null,null,34.71,KIND 101354Z 29005KT 6SM R05L/4500VP6000FT BR BCFG FEW015 BKN095 04/03 A2988 RMK AO2 PRESRR SLP123 T00390033,null
IND,2024-12-10 14:54,41,40,96.19,310,6,0,29.89,1012.5,6,null,FEW,BKN,OVC,null,1500,7000,9500,null,BR,null,null,null,null,null,null,36.37,KIND 101454Z 31006KT 6SM BR FEW015 BKN070 OVC095 05/04 A2989 RMK AO2 SLP125 T00500044 53012,null
IND,2024-12-10 15:54,42,36,79.11,320,13,0,29.9,1012.8,10,null,BKN,BKN,null,null,5000,7000,null,null,null,null,null,null,null,null,null,34.38,KIND 101554Z 32013KT 10SM BKN050 BKN070 06/02 A2990 RMK AO2 SLP128 T00560022,null
IND,2024-12-10 16:54,42,33,70.19,330,12,0,29.89,1012.5,10,null,FEW,BKN,null,null,5000,8000,null,null,null,null,null,null,null,null,null,34.73,KIND 101654Z 33012KT 10SM FEW050 BKN080 06/01 A2989 RMK AO2 SLP125 T00560006,null
IND,2024-12-10 17:54,45,33,62.58,330,10,0,29.86,1011.5,10,null,FEW,FEW,null,null,5000,7500,null,null,null,null,null,null,null,null,null,39.27,KIND 101754Z 33010KT 10SM FEW050 FEW075 07/01 A2986 RMK AO2 SLP115 T00720006 10078 20033 58010,null
IND,2024-12-10 18:54,47,33,58.01,340,7,0,29.82,1009.9,10,null,FEW,null,null,null,7500,null,null,null,null,null,null,null,null,null,null,43.06,KIND 101854Z 34007KT 10SM FEW075 08/01 A2982 RMK AO2 SLP099 T00830006,null
IND,2024-12-10 19:54,46,35,65.26,310,15,0,29.86,1011.4,10,null,FEW,FEW,null,null,3000,11000,null,null,null,null,null,null,null,null,null,38.93,KIND 101954Z 31015KT 10SM FEW030 FEW110 08/02 A2986 RMK AO2 SLP114 T00780017,null
IND,2024-12-10 20:54,41,31,67.3,300,13,0,29.88,1012.2,10,null,FEW,SCT,null,null,3000,13000,null,null,null,null,null,null,null,null,null,33.1,KIND 102054Z 30013KT 10SM FEW030 SCT130 05/M01 A2988 RMK AO2 SLP122 T00501006 53007,null
IND,2024-12-10 21:54,38,30,72.64,300,11,0,29.9,1012.9,10,null,SCT,BKN,null,null,2000,15000,null,null,null,null,null,null,null,null,null,30.05,KIND 102154Z 30011KT 10SM SCT020 BKN150 03/M01 A2990 RMK AO2 SLP129 T00331011,null
IND,2024-12-10 22:04,37,30,75.56,300,12,0,29.9,null,10,null,BKN,BKN,null,null,2000,15000,null,null,null,null,null,null,null,null,null,28.37,KIND 102204Z 30012KT 10SM BKN020 BKN150 03/M01 A2990 RMK AO2 T00281011,null
IND,2024-12-10 22:54,35,28,75.36,310,12,0,29.91,1013.3,10,null,BKN,BKN,null,null,2000,15000,null,null,null,null,null,null,null,null,null,25.82,KIND 102254Z 31012KT 10SM BKN020 BKN150 02/M02 A2991 RMK AO2 SLP133 T00171022,null
IND,2024-12-10 23:54,33,27,78.34,290,13,0,29.94,1014.2,10,null,OVC,null,null,null,1600,null,null,null,null,null,null,null,null,null,null,22.85,KIND 102354Z 29013KT 10SM OVC016 01/M03 A2994 RMK AO2 SLP142 T00061028 10089 20006 53018,null
IND,2024-12-11 0:54,32,26,78.25,290,15,0,29.96,1015,10,21,OVC,null,null,null,1500,null,null,null,null,null,null,null,null,null,null,20.78,KIND 110054Z 29015G21KT 10SM OVC015 00/M03 A2996 RMK AO2 SLP150 T00001033,null
IND,2024-12-11 1:54,31,26,81.48,290,13,0,29.96,1015.1,10,null,OVC,null,null,null,1500,null,null,null,null,null,null,null,null,null,null,20.29,KIND 110154Z 29013KT 10SM OVC015 M01/M03 A2996 RMK AO2 SLP151 T10061033,null
IND,2024-12-11 2:54,31,25,78.16,310,15,0,29.96,1015.1,10,20,OVC,null,null,null,1500,null,null,null,null,null,null,null,null,null,null,19.48,KIND 110254Z 31015G20KT 10SM OVC015 M01/M04 A2996 RMK AO2 SLP151 T10061039 51008,null
IND,2024-12-11 3:54,30,24,78.07,290,9,0,29.97,1015.6,10,null,OVC,null,null,null,1500,null,null,null,null,null,null,null,null,null,null,21.03,KIND 110354Z 29009KT 10SM OVC015 M01/M04 A2997 RMK AO2 SLP156 T10111044,null
IND,2024-12-11 4:54,30,22,71.78,310,11,0,29.96,1015.1,10,21,BKN,OVC,null,null,2200,11000,null,null,null,null,null,null,null,null,null,19.94,KIND 110454Z 31011G21KT 10SM BKN022 OVC110 M01/M06 A2996 RMK AO2 SLP151 T10111056 400891017,null
IND,2024-12-11 5:45,29,22,74.77,300,9,0,29.95,null,10,null,SCT,OVC,null,null,2200,11000,null,null,null,null,null,null,null,null,null,19.78,KIND 110545Z 30009KT 10SM SCT022 OVC110 M02/M06 A2995 RMK AO2 T10171056,null
IND,2024-12-11 5:54,29,22,74.77,300,10,0,29.95,1014.6,10,null,FEW,OVC,null,null,2200,10000,null,null,null,null,null,null,null,null,null,19.21,KIND 110554Z 30010KT 10SM FEW022 OVC100 M02/M06 A2995 RMK AO2 SLP146 T10171056 10006 21017 58004,null
IND,2024-12-11 6:54,29,23,77.98,290,8,0,29.93,1014.1,10,null,FEW,BKN,null,null,2800,11000,null,null,null,null,null,null,null,null,null,20.42,KIND 110654Z 29008KT 10SM FEW028 BKN110 M02/M05 A2993 RMK AO2 SLP141 T10171050,null
IND,2024-12-11 7:54,29,23,77.98,260,8,0,29.94,1014.2,10,null,FEW,OVC,null,null,2300,3200,null,null,null,null,null,null,null,null,null,20.42,KIND 110754Z 26008KT 10SM FEW023 OVC032 M02/M05 A2994 RMK AO2 SLP142 T10171050,null
IND,2024-12-11 8:49,28.4,21.2,74.08,270,9,0,29.93,null,10,null,BKN,BKN,null,null,2100,2800,null,null,null,null,null,null,null,null,null,19.04,KIND 110849Z 27009KT 10SM BKN021 BKN028 M02/M06 A2993 RMK AO2,null
IND,2024-12-11 8:54,29,22,74.77,280,10,0,29.93,1014,10,null,BKN,BKN,null,null,2100,2800,null,null,null,null,null,null,null,null,null,19.21,KIND 110854Z 28010KT 10SM BKN021 BKN028 M02/M06 A2993 RMK AO2 SLP140 T10171056 58001,null
IND,2024-12-11 9:30,28,21,74.67,280,9,0,29.93,null,10,null,SCT,BKN,OVC,null,2100,16000,23000,null,null,null,null,null,null,null,null,18.54,KIND 110930Z 28009KT 10SM SCT021 BKN160 OVC230 M02/M06 A2993 RMK AO2 T10221061,null
IND,2024-12-11 9:54,28,21,74.67,280,8,0,29.92,1013.9,10,null,SCT,OVC,null,null,16000,24000,null,null,null,null,null,null,null,null,null,19.19,KIND 110954Z 28008KT 10SM SCT160 OVC240 M02/M06 A2992 RMK AO2 SLP139 T10221061,null
IND,2024-12-11 10:54,28,20,71.56,290,8,0,29.93,1014.3,10,null,BKN,null,null,null,3100,null,null,null,null,null,null,null,null,null,null,19.19,KIND 111054Z 29008KT 10SM BKN031 M02/M07 A2993 RMK AO2 SLP143 T10221067,null
IND,2024-12-11 11:54,28,20,71.56,270,8,0,29.94,1014.7,10,null,OVC,null,null,null,3300,null,null,null,null,null,null,null,null,null,null,19.19,KIND 111154Z 27008KT 10SM OVC033 M02/M07 A2994 RMK AO2 SLP147 T10221067 11017 21022 53006,null
IND,2024-12-11 12:54,28,21,74.67,260,8,0,29.96,1015.2,10,null,OVC,null,null,null,3300,null,null,null,null,null,null,null,null,null,null,19.19,KIND 111254Z 26008KT 10SM OVC033 M02/M06 A2996 RMK AO2 SLP152 T10221061,null
IND,2024-12-11 13:54,29,21,71.67,250,7,0,29.97,1015.5,10,null,BKN,OVC,null,null,3400,6000,null,null,null,null,null,null,null,null,null,21.12,KIND 111354Z 25007KT 10SM BKN034 OVC060 M02/M06 A2997 RMK AO2 SLP155 T10171061,null
IND,2024-12-11 14:54,31,22,68.92,250,8,0,29.96,1015.4,10,null,BKN,null,null,null,3500,null,null,null,null,null,null,null,null,null,null,22.88,KIND 111454Z 25008KT 10SM BKN035 M01/M06 A2996 RMK AO2 SLP154 T10061056 50007,null
IND,2024-12-11 15:54,34,22,61.09,240,13,0,29.97,1015.4,10,null,FEW,BKN,null,null,1500,3800,null,null,null,null,null,null,null,null,null,24.13,KIND 111554Z 24013KT 10SM FEW015 BKN038 01/M06 A2997 RMK AO2 SLP154 T00111056,null
IND,2024-12-11 16:51,35.6,23,59.79,230,12,T,29.95,null,10,null,FEW,BKN,BKN,null,1500,3800,7000,null,#NAME?,null,null,null,null,null,null,26.58,KIND 111651Z 23012KT 10SM -SN FEW015 BKN038 BKN070 02/M05 A2995 RMK AO2 SNB51 P0000,null
IND,2024-12-11 16:54,34,22,61.09,230,13,T,29.95,1014.9,10,19,FEW,BKN,BKN,null,1500,3800,7000,null,#NAME?,null,null,null,null,null,null,24.13,KIND 111654Z 23013G19KT 10SM -SN FEW015 BKN038 BKN070 01/M06 A2995 RMK AO2 SNB51 SLP149 P0000 T00111056,null
IND,2024-12-11 17:18,34,22,61.09,240,15,T,29.94,null,9,null,FEW,SCT,BKN,null,2000,3800,6500,null,null,null,null,null,null,null,null,23.37,KIND 111718Z 24015KT 9SM FEW020 SCT038 BKN065 01/M06 A2994 RMK AO2 SNE18 P0000 T00111056,null
IND,2024-12-11 17:54,34,21,58.56,240,15,T,29.93,1014.3,10,null,FEW,OVC,null,null,4400,6500,null,null,null,null,null,null,null,null,null,23.37,KIND 111754Z 24015KT 10SM FEW044 OVC065 01/M06 A2993 RMK AO2 SNE18 SLP143 P0000 60000 T00111061 10022 21022 58011,null
IND,2024-12-11 18:01,34,22,61.09,240,13,T,29.93,null,10,null,FEW,OVC,null,null,4400,6500,null,null,#NAME?,null,null,null,null,null,null,24.13,KIND 111801Z 24013KT 10SM -SN FEW044 OVC065 01/M06 A2993 RMK AO2 SNB00 P0000 T00111056,null
IND,2024-12-11 18:46,35,22,58.7,220,15,T,29.92,null,9,null,FEW,SCT,OVC,null,3100,4400,6000,null,null,null,null,null,null,null,null,24.67,KIND 111846Z 22015KT 9SM FEW031 SCT044 OVC060 02/M06 A2992 RMK AO2 SNB00E46 P0000 T00171056,null
IND,2024-12-11 18:54,35,22,58.7,230,14,T,29.92,1013.8,10,null,FEW,SCT,BKN,null,3100,4400,6000,null,null,null,null,null,null,null,null,25.03,KIND 111854Z 23014KT 10SM FEW031 SCT044 BKN060 02/M06 A2992 RMK AO2 SNB00E46 SLP138 P0000 T00171056,null
IND,2024-12-11 19:29,34,23,63.72,230,18,0,29.92,null,10,25,BKN,OVC,null,null,2800,6000,null,null,null,null,null,null,26,230,2024-12-11 19:13,22.38,KIND 111929Z 23018G25KT 10SM BKN028 OVC060 01/M05 A2992 RMK AO2 PK WND 23026/1913 T00111050,null
IND,2024-12-11 19:54,34,24,66.45,240,17,T,29.93,1014.1,10,25,OVC,null,null,null,2300,null,null,null,#NAME?,null,null,null,26,230,2024-12-11 19:13,22.7,KIND 111954Z 24017G25KT 10SM -SN OVC023 01/M04 A2993 RMK AO2 PK WND 23026/1913 SNB54 SLP141 P0000 T00111044,null
IND,2024-12-11 20:46,33,27,78.34,250,16,T,29.95,null,9,null,OVC,null,null,null,1800,null,null,null,null,null,null,null,null,null,null,21.72,KIND 112046Z 25016KT 9SM OVC018 01/M03 A2995 RMK AO2 SNE46 P0000 T00061028,null
IND,2024-12-11 20:51,33.8,26.6,74.63,250,16,T,29.95,null,7,null,BKN,OVC,null,null,1800,2900,null,null,#NAME?,null,null,null,null,null,null,22.76,KIND 112051Z 25016KT 7SM -SN BKN018 OVC029 01/M03 A2995 RMK AO2 SNE46B51 P0000,null
IND,2024-12-11 20:54,33,27,78.34,260,15,T,29.95,1015,8,null,BKN,OVC,null,null,1800,2900,null,null,#NAME?,null,null,null,null,null,null,22.08,KIND 112054Z 26015KT 8SM -SN BKN018 OVC029 01/M03 A2995 RMK AO2 SNE46B51 SLP150 P0000 60000 T00061028 53006,null
IND,2024-12-11 21:32,33,27,78.34,280,12,0.01,29.97,null,10,null,BKN,BKN,OVC,null,2100,4000,18000,null,null,null,null,null,null,null,null,23.27,KIND 112132Z 28012KT 10SM BKN021 BKN040 OVC180 01/M03 A2997 RMK AO2 SNE32 P0001 T00061028,null
IND,2024-12-11 21:38,34,26,72.22,270,15,0.01,29.97,null,7,21,SCT,BKN,BKN,null,2100,3400,18000,null,#NAME?,null,null,null,null,null,null,23.37,KIND 112138Z 27015G21KT 7SM -SN SCT021 BKN034 BKN180 01/M03 A2997 RMK AO2 SNE32B38 P0001 T00111033,null
IND,2024-12-11 21:48,33.8,24.8,69.25,280,15,0.01,29.97,null,10,28,SCT,BKN,BKN,null,2100,3800,18000,null,null,null,null,null,28,280,2024-12-11 21:41,23.11,KIND 112148Z 28015G28KT 10SM SCT021 BKN038 BKN180 01/M04 A2997 RMK AO2 PK WND 28028/2141 SNE32B38E48 P0001,null
IND,2024-12-11 21:54,33,23,66.32,270,17,0.01,29.97,1015.7,10,null,FEW,BKN,BKN,null,2100,3800,18000,null,null,null,null,null,28,280,2024-12-11 21:41,21.39,KIND 112154Z 27017KT 10SM FEW021 BKN038 BKN180 01/M05 A2997 RMK AO2 PK WND 28028/2141 SNE32B38E48 SLP157 P0001 T00061050,null
IND,2024-12-11 22:54,32,22,66.2,260,18,T,30,1016.6,3,24,FEW,BKN,OVC,null,2100,4500,18000,null,#NAME?,null,null,null,null,null,null,19.75,KIND 112254Z 26018G24KT 3SM -SN FEW021 BKN045 OVC180 00/M06 A3000 RMK AO2 SNB53 SLP166 P0000 T00001056,null
IND,2024-12-11 23:00,32,24,72,260,23,T,30.01,null,0.5,31,SCT,OVC,null,null,2100,3000,null,null,SN,null,null,null,31,260,2024-12-11 23:00,18.31,KIND 112300Z 26023G31KT 1/2SM R05L/2600VP6000FT SN SCT021 OVC030 00/M04 A3001 RMK AO2 PK WND 26031/2300 PRESRR P0000 T00001044,null
IND,2024-12-11 23:07,30,26,84.85,280,22,T,30.01,null,3,36,BKN,BKN,null,null,1900,3000,null,null,#NAME?,null,null,null,36,290,2024-12-11 23:05,15.9,KIND 112307Z 28022G36KT 3SM R05L/2600VP6000FT -SN BKN019 BKN030 M01/M03 A3001 RMK AO2 PK WND 29036/2305 P0000 T10111033,null
IND,2024-12-11 23:16,30,26,84.85,270,20,T,30.02,null,10,27,BKN,BKN,null,null,2500,7000,null,null,null,null,null,null,36,290,2024-12-11 23:05,16.48,KIND 112316Z 27020G27KT 10SM BKN025 BKN070 M01/M03 A3002 RMK AO2 PK WND 29036/2305 SNE16 P0000 T10111033,null
IND,2024-12-11 23:45,29,23,77.98,270,22,T,30.03,null,10,30,SCT,BKN,null,null,2500,7000,null,null,null,null,null,null,36,290,2024-12-11 23:05,14.56,KIND 112345Z 27022G30KT 10SM SCT025 BKN070 M02/M05 A3003 RMK AO2 PK WND 29036/2305 SNE16 P0000 T10171050,null
IND,2024-12-11 23:54,29,20,68.69,270,24,T,30.04,1017.9,10,39,SCT,BKN,null,null,2500,7000,null,null,null,null,null,null,39,280,2024-12-11 23:51,14.01,KIND 112354Z 27024G39KT 10SM SCT025 BKN070 M02/M07 A3004 RMK AO2 PK WND 28039/2351 SNE16 SLP179 P0000 60001 T10171067 10017 21017 53028,null
IND,2024-12-12 0:49,26.6,17.6,68.4,270,17,0,30.08,null,10,28,BKN,BKN,null,null,2700,3500,null,null,null,null,null,null,39,270,2024-12-12 0:01,13,KIND 120049Z 27017G28KT 10SM BKN027 BKN035 M03/M08 A3008 RMK AO2 PK WND 27039/0001,null
IND,2024-12-12 0:54,27,18,68.45,270,23,0,30.08,1019.5,10,33,BKN,BKN,null,null,2700,3500,null,null,null,null,null,null,39,270,2024-12-12 0:01,11.59,KIND 120054Z 27023G33KT 10SM BKN027 BKN035 M03/M08 A3008 RMK AO2 PK WND 27039/0001 SLP195 T10281078,null
IND,2024-12-12 1:27,25,12,57.23,280,18,0,30.1,null,10,30,BKN,null,null,null,3000,null,null,null,null,null,null,null,36,290,2024-12-12 1:11,10.53,KIND 120127Z 28018G30KT 10SM BKN030 M04/M11 A3010 RMK AO2 PK WND 29036/0111 T10391111,null
IND,2024-12-12 1:54,24,13,62.36,270,14,0,30.1,1020.3,10,null,FEW,null,null,null,3000,null,null,null,null,null,null,null,36,290,2024-12-12 1:11,10.85,KIND 120154Z 27014KT 10SM FEW030 M04/M11 A3010 RMK AO2 PK WND 29036/0111 SLP203 T10441106,null
IND,2024-12-12 2:54,23,13,65.03,260,11,0,30.1,1020.2,10,null,CLR,null,null,null,null,null,null,null,null,null,null,null,null,null,null,11.09,KIND 120254Z 26011KT 10SM CLR M05/M11 A3010 RMK AO2 SLP202 T10501106 50021,null
IND,2024-12-12 3:54,23,12,62.23,250,16,0,30.11,1020.5,10,22,CLR,null,null,null,null,null,null,null,null,null,null,null,null,null,null,8.69,KIND 120354Z 25016G22KT 10SM CLR M05/M11 A3011 RMK AO2 SLP205 T10501111,null
IND,2024-12-12 4:54,23,11,59.52,270,18,0,30.13,1021.1,10,null,CLR,null,null,null,null,null,null,null,null,null,null,null,28,270,2024-12-12 4:42,7.9,KIND 120454Z 27018KT 10SM CLR M05/M12 A3013 RMK AO2 PK WND 27028/0442 SLP211 T10501117 400221056,null
IND,2024-12-12 5:54,20,7,56.47,290,13,0,30.15,1022,10,null,CLR,null,null,null,null,null,null,null,null,null,null,null,null,null,null,6.19,KIND 120554Z 29013KT 10SM CLR M07/M14 A3015 RMK AO2 SLP220 T10671139 11017 21067 53018,null
IND,2024-12-12 6:54,19,6,56.32,270,18,0,30.18,1022.9,10,25,CLR,null,null,null,null,null,null,null,null,null,null,null,28,280,2024-12-12 6:35,2.64,KIND 120654Z 27018G25KT 10SM CLR M07/M14 A3018 RMK AO2 PK WND 28028/0635 SLP229 T10721144,null
IND,2024-12-12 7:54,17,4,56.01,280,18,0,30.21,1023.9,10,23,CLR,null,null,null,null,null,null,null,null,null,null,null,26,290,2024-12-12 7:19,0,KIND 120754Z 28018G23KT 10SM CLR M08/M16 A3021 RMK AO2 PK WND 29026/0719 SLP239 T10831156,null
IND,2024-12-12 8:54,16,5,61.23,260,10,0,30.24,1025.1,10,null,CLR,null,null,null,null,null,null,null,null,null,null,null,null,null,null,2.9,KIND 120854Z 26010KT 10SM CLR M09/M15 A3024 RMK AO2 SLP251 T10891150 53029,null
IND,2024-12-12 9:54,15,3,58.34,270,12,0,30.27,1026.2,10,null,CLR,null,null,null,null,null,null,null,null,null,null,null,null,null,null,0.37,KIND 120954Z 27012KT 10SM CLR M09/M16 A3027 RMK AO2 SLP262 T10941161,null
IND,2024-12-12 10:54,14,2,58.18,280,10,0,30.32,1028,10,null,CLR,null,null,null,null,null,null,null,null,null,null,null,null,null,null,0.4,KIND 121054Z 28010KT 10SM CLR M10/M17 A3032 RMK AO2 PRESRR SLP280 T11001167,null
IND,2024-12-12 11:54,13,2,60.8,270,13,0,30.35,1028.9,10,null,CLR,null,null,null,null,null,null,null,null,null,null,null,null,null,null,-2.77,KIND 121154Z 27013KT 10SM CLR M11/M17 A3035 RMK AO2 SLP289 70001 T11061167 11067 21106 51035,null
IND,2024-12-12 12:54,13,3,63.68,290,11,0,30.37,1029.8,10,null,FEW,FEW,null,null,3000,7000,null,null,null,null,null,null,null,null,null,-1.54,KIND 121254Z 29011KT 10SM FEW030 FEW070 M11/M16 A3037 RMK AO2 SLP298 T11061161,null
IND,2024-12-12 13:54,14,1,55.54,270,10,0,30.39,1030.3,10,null,FEW,BKN,null,null,7000,14000,null,null,null,null,null,null,null,null,null,0.4,KIND 121354Z 27010KT 10SM FEW070 BKN140 M10/M17 A3039 RMK AO2 SLP303 T11001172,null
IND,2024-12-12 14:54,16,0,48.57,270,7,0,30.41,1031.2,10,null,FEW,BKN,null,null,7000,16000,null,null,null,null,null,null,null,null,null,5.28,KIND 121454Z 27007KT 10SM FEW070 BKN160 M09/M18 A3041 RMK AO2 SLP312 T10891178 52021,null
IND,2024-12-12 15:54,18,2,48.91,250,7,0,30.44,1032,10,null,BKN,BKN,BKN,null,7000,9000,16000,null,null,null,null,null,null,null,null,7.71,KIND 121554Z 25007KT 10SM BKN070 BKN090 BKN160 M08/M17 A3044 RMK AO2 SLP320 T10781167,null
IND,2024-12-12 16:54,19,2,46.85,250,8,0,30.42,1031.4,10,null,BKN,OVC,null,null,7500,8500,null,null,null,null,null,null,null,null,null,8.1,KIND 121654Z 25008KT 10SM BKN075 OVC085 M07/M17 A3042 RMK AO2 SLP314 T10721167,null
IND,2024-12-12 17:54,20,3,47.02,250,5,0,30.42,1031.4,10,null,BKN,OVC,null,null,5500,7000,null,null,null,null,null,null,null,null,null,12.14,KIND 121754Z 25005KT 10SM BKN055 OVC070 M07/M16 A3042 RMK AO2 SLP314 T10671161 11067 21106 50002,null
IND,2024-12-12 18:49,19.4,3.2,48.69,200,5,T,30.4,null,10,null,BKN,OVC,null,null,4200,6000,null,null,#NAME?,null,null,null,null,null,null,11.43,KIND 121849Z 20005KT 10SM -SN BKN042 OVC060 M07/M16 A3040 RMK AO2 SNB49 P0000,null
IND,2024-12-12 18:54,20,3,47.02,210,4,T,30.39,1030.5,9,null,BKN,OVC,null,null,3900,6000,null,null,#NAME?,null,null,null,null,null,null,13.41,KIND 121854Z 21004KT 9SM -SN BKN039 OVC060 M07/M16 A3039 RMK AO2 SNB49 SLP305 P0000 T10671161,null
IND,2024-12-12 19:27,20,9,61.8,240,4,T,30.4,null,2.5,null,BKN,OVC,null,null,2500,3400,null,null,#NAME?,null,null,null,null,null,null,13.41,KIND 121927Z 24004KT 2 1/2SM -SN BKN025 OVC034 M07/M13 A3040 RMK AO2 P0000 T10671128,null
IND,2024-12-12 19:54,20,11,67.58,280,3,T,30.39,1030.4,2.5,null,BKN,OVC,null,null,2400,3300,null,null,#NAME?,null,null,null,null,null,null,14.97,KIND 121954Z 28003KT 2 1/2SM -SN BKN024 OVC033 M07/M12 A3039 RMK AO2 SLP304 P0000 T10671117,null
IND,2024-12-12 20:23,20,12,70.65,290,3,0.01,30.39,null,7,null,BKN,BKN,OVC,null,3500,5500,15000,null,#NAME?,null,null,null,null,null,null,14.97,KIND 122023Z 29003KT 7SM -SN BKN035 BKN055 OVC150 M07/M11 A3039 RMK AO2 P0001 T10671111,null
IND,2024-12-12 20:54,20,12,70.65,0,0,0.01,30.39,1030.6,8,null,SCT,BKN,OVC,null,3500,5000,15000,null,#NAME?,null,null,null,null,null,null,20,KIND 122054Z 00000KT 8SM -SN SCT035 BKN050 OVC150 M07/M11 A3039 RMK AO2 SLP306 P0001 60001 T10671111 55008,null
IND,2024-12-12 21:21,20,12,70.65,300,3,T,30.4,null,10,null,FEW,BKN,OVC,null,3500,8000,15000,null,null,null,null,null,null,null,null,14.97,KIND 122121Z 30003KT 10SM FEW035 BKN080 OVC150 M07/M11 A3040 RMK AO2 SNE21 P0000 T10671111,null
IND,2024-12-12 21:54,20,13,73.84,360,3,T,30.41,1031.2,10,null,FEW,BKN,BKN,null,3500,10000,15000,null,null,null,null,null,null,null,null,14.97,KIND 122154Z 36003KT 10SM FEW035 BKN100 BKN150 M07/M11 A3041 RMK AO2 SNE21 SLP312 P0000 T10671106,null
IND,2024-12-12 22:54,20,13,73.84,10,5,0,30.41,1031.3,10,null,FEW,BKN,null,null,10000,14000,null,null,null,null,null,null,null,null,null,12.14,KIND 122254Z 01005KT 10SM FEW100 BKN140 M07/M11 A3041 RMK AO2 SLP313 T10671106,null
IND,2024-12-12 23:54,20,14,77.16,30,6,0,30.42,1031.4,10,null,SCT,BKN,null,null,7000,10000,null,null,null,null,null,null,null,null,null,11.08,KIND 122354Z 03006KT 10SM SCT070 BKN100 M07/M10 A3042 RMK AO2 SLP314 60001 T10671100 11061 21072 51007,null
IND,2024-12-13 0:54,21,14,73.94,20,6,0,30.43,1031.8,10,null,BKN,BKN,OVC,null,6000,9000,13000,null,null,null,null,null,null,null,null,12.28,KIND 130054Z 02006KT 10SM BKN060 BKN090 OVC130 M06/M10 A3043 RMK AO2 SLP318 T10611100,null
IND,2024-12-13 1:54,21,14,73.94,40,6,0,30.43,1031.9,10,null,OVC,null,null,null,6000,null,null,null,null,null,null,null,null,null,null,12.28,KIND 130154Z 04006KT 10SM OVC060 M06/M10 A3043 RMK AO2 SLP319 T10611100,null
IND,2024-12-13 2:54,21,15,77.25,20,7,0,30.43,1031.9,10,null,OVC,null,null,null,6000,null,null,null,null,null,null,null,null,null,null,11.37,KIND 130254Z 02007KT 10SM OVC060 M06/M09 A3043 RMK AO2 SLP319 T10611094 51006,null
IND,2024-12-13 3:54,21,15,77.25,20,7,0,30.45,1032.4,10,null,BKN,null,null,null,6000,null,null,null,null,null,null,null,null,null,null,11.37,KIND 130354Z 02007KT 10SM BKN060 M06/M09 A3045 RMK AO2 SLP324 T10611094,null
IND,2024-12-13 4:54,20,14,77.16,30,7,0,30.47,1033,10,null,SCT,null,null,null,6000,null,null,null,null,null,null,null,null,null,null,10.15,KIND 130454Z 03007KT 10SM SCT060 M07/M10 A3047 RMK AO2 SLP330 T10671100 410561106,null
IND,2024-12-13 5:54,19,14,80.52,50,9,0,30.47,1033.1,10,null,SCT,null,null,null,6000,null,null,null,null,null,null,null,null,null,null,7.35,KIND 130554Z 05009KT 10SM SCT060 M07/M10 A3047 RMK AO2 SLP331 T10721100 11061 21072 51012,null
IND,2024-12-13 6:54,20,14,77.16,60,6,0,30.47,1033.1,10,null,OVC,null,null,null,4200,null,null,null,null,null,null,null,null,null,null,11.08,KIND 130654Z 06006KT 10SM OVC042 M07/M10 A3047 RMK AO2 SLP331 T10671100,null
IND,2024-12-13 7:54,19,14,80.52,50,10,0,30.49,1033.9,10,null,OVC,null,null,null,4100,null,null,null,null,null,null,null,null,null,null,6.67,KIND 130754Z 05010KT 10SM OVC041 M07/M10 A3049 RMK AO2 SLP339 T10721100,null
IND,2024-12-13 8:54,20,14,77.16,50,10,0,30.51,1034.4,10,null,OVC,null,null,null,4200,null,null,null,null,null,null,null,null,null,null,7.92,KIND 130854Z 05010KT 10SM OVC042 M07/M10 A3051 RMK AO2 SLP344 T10671100 53013,null
IND,2024-12-13 9:54,20,14,77.16,40,8,0,30.52,1034.9,10,null,OVC,null,null,null,4200,null,null,null,null,null,null,null,null,null,null,9.33,KIND 130954Z 04008KT 10SM OVC042 M07/M10 A3052 RMK AO2 SLP349 T10671100,null
IND,2024-12-13 10:54,21,14,73.94,50,9,0,30.52,1034.8,10,null,OVC,null,null,null,3900,null,null,null,null,null,null,null,null,null,null,9.84,KIND 131054Z 05009KT 10SM OVC039 M06/M10 A3052 RMK AO2 SLP348 T10611100,null
IND,2024-12-13 11:54,21,13,70.76,60,10,0,30.55,1035.6,10,null,OVC,null,null,null,3700,null,null,null,null,null,null,null,null,null,null,9.17,KIND 131154Z 06010KT 10SM OVC037 M06/M11 A3055 RMK AO2 SLP356 70001 T10611106 11061 21072 53013,null
IND,2024-12-13 12:54,21,13,70.76,60,9,0,30.57,1036.3,10,null,OVC,null,null,null,3500,null,null,null,null,null,null,null,null,null,null,9.84,KIND 131254Z 06009KT 10SM OVC035 M06/M11 A3057 RMK AO2 SLP363 T10611106,null
IND,2024-12-13 13:54,22,13,67.83,70,10,0,30.58,1036.7,10,null,FEW,FEW,BKN,null,3600,9000,25000,null,null,null,null,null,null,null,null,10.43,KIND 131354Z 07010KT 10SM FEW036 FEW090 BKN250 M06/M11 A3058 RMK AO2 SLP367 T10561106,null
IND,2024-12-13 14:54,23,14,67.96,60,10,0,30.59,1037.2,10,null,BKN,null,null,null,25000,null,null,null,null,null,null,null,null,null,null,11.68,KIND 131454Z 06010KT 10SM BKN250 M05/M10 A3059 RMK AO2 SLP372 T10501100 51016,null
IND,2024-12-13 15:54,26,15,62.64,70,8,0,30.61,1037.6,10,null,BKN,null,null,null,25000,null,null,null,null,null,null,null,null,null,null,16.72,KIND 131554Z 07008KT 10SM BKN250 M03/M09 A3061 RMK AO2 SLP376 T10331094,null
IND,2024-12-13 16:54,29,16,57.83,90,9,0,30.6,1037.4,10,null,BKN,null,null,null,25000,null,null,null,null,null,null,null,null,null,null,19.78,KIND 131654Z 09009KT 10SM BKN250 M02/M09 A3060 RMK AO2 SLP374 T10171089,null
IND,2024-12-13 17:54,31,17,55.67,80,8,0,30.58,1036.7,10,null,BKN,BKN,null,null,17000,25000,null,null,null,null,null,null,null,null,null,22.88,KIND 131754Z 08008KT 10SM BKN170 BKN250 M01/M08 A3058 RMK AO2 SLP367 T10061083 11006 21061 58004,null
IND,2024-12-13 18:54,32,17,53.46,90,8,0,30.57,1036.1,10,null,BKN,BKN,null,null,18000,25000,null,null,null,null,null,null,null,null,null,24.11,KIND 131854Z 09008KT 10SM BKN180 BKN250 00/M08 A3057 RMK AO2 SLP361 T00001083,null
IND,2024-12-13 19:54,33,18,53.62,90,9,0,30.56,1035.9,10,null,SCT,BKN,null,null,18000,25000,null,null,null,null,null,null,null,null,null,24.76,KIND 131954Z 09009KT 10SM SCT180 BKN250 01/M08 A3056 RMK AO2 SLP359 T00061078,null
IND,2024-12-13 20:54,33,18,53.62,100,10,0,30.57,1036.1,10,null,SCT,BKN,null,null,18000,25000,null,null,null,null,null,null,null,null,null,24.22,KIND 132054Z 10010KT 10SM SCT180 BKN250 01/M08 A3057 RMK AO2 SLP361 T00061078 55005,null
IND,2024-12-13 21:54,32,19,58.27,80,10,0,30.58,1036.5,10,null,SCT,BKN,null,null,18000,25000,null,null,null,null,null,null,null,null,null,22.97,KIND 132154Z 08010KT 10SM SCT180 BKN250 00/M07 A3058 RMK AO2 SLP365 T00001072,null
IND,2024-12-13 22:54,30,20,65.94,60,10,0,30.59,1036.9,10,null,FEW,BKN,null,null,18000,25000,null,null,null,null,null,null,null,null,null,20.46,KIND 132254Z 06010KT 10SM FEW180 BKN250 M01/M07 A3059 RMK AO2 SLP369 T10111067,null
IND,2024-12-13 23:54,28,19,68.57,70,7,0,30.6,1037.5,10,null,BKN,BKN,null,null,18000,25000,null,null,null,null,null,null,null,null,null,19.9,KIND 132354Z 07007KT 10SM BKN180 BKN250 M02/M07 A3060 RMK AO2 SLP375 T10221072 10011 21022 52013,null
IND,2024-12-14 0:54,27,19,71.45,70,11,0,30.61,1037.6,10,null,BKN,null,null,null,20000,null,null,null,null,null,null,null,null,null,null,16.15,KIND 140054Z 07011KT 10SM BKN200 M03/M07 A3061 RMK AO2 SLP376 T10281072,null
IND,2024-12-14 1:54,27,19,71.45,70,9,0,30.6,1037.5,10,null,SCT,BKN,null,null,20000,25000,null,null,null,null,null,null,null,null,null,17.3,KIND 140154Z 07009KT 10SM SCT200 BKN250 M03/M07 A3060 RMK AO2 SLP375 T10281072,null
IND,2024-12-14 2:54,27,19,71.45,80,9,0,30.6,1037.5,10,null,FEW,BKN,null,null,20000,25000,null,null,null,null,null,null,null,null,null,17.3,KIND 140254Z 08009KT 10SM FEW200 BKN250 M03/M07 A3060 RMK AO2 SLP375 T10281072 50000,null
IND,2024-12-14 3:54,26,19,74.46,80,8,0,30.61,1037.5,10,null,BKN,null,null,null,25000,null,null,null,null,null,null,null,null,null,null,16.72,KIND 140354Z 08008KT 10SM BKN250 M03/M07 A3061 RMK AO2 SLP375 T10331072,null
IND,2024-12-14 4:54,26,19,74.46,80,9,0,30.6,1037.3,10,null,OVC,null,null,null,25000,null,null,null,null,null,null,null,null,null,null,16.05,KIND 140454Z 08009KT 10SM OVC250 M03/M07 A3060 RMK AO2 SLP373 T10331072 400111072,null
IND,2024-12-14 5:54,26,19,74.46,70,8,0,30.59,1036.9,10,null,OVC,null,null,null,25000,null,null,null,null,null,null,null,null,null,null,16.72,KIND 140554Z 07008KT 10SM OVC250 M03/M07 A3059 RMK AO2 SLP369 T10331072 11022 21039 58004,null
IND,2024-12-14 6:54,26,20,77.71,80,9,0,30.58,1036.5,10,null,SCT,null,null,null,25000,null,null,null,null,null,null,null,null,null,null,16.05,KIND 140654Z 08009KT 10SM SCT250 M03/M07 A3058 RMK AO2 SLP365 T10331067,null
IND,2024-12-14 7:54,26,19,74.46,80,7,0,30.59,1036.9,10,null,SCT,null,null,null,25000,null,null,null,null,null,null,null,null,null,null,17.47,KIND 140754Z 08007KT 10SM SCT250 M03/M07 A3059 RMK AO2 SLP369 T10331072,null
IND,2024-12-14 8:54,25,20,81.01,90,6,0,30.58,1036.6,10,null,BKN,null,null,null,25000,null,null,null,null,null,null,null,null,null,null,17.1,KIND 140854Z 09006KT 10SM BKN250 M04/M07 A3058 RMK AO2 SLP366 T10391067 57003,null
IND,2024-12-14 9:54,26,20,77.71,90,7,0,30.57,1036,10,null,OVC,null,null,null,25000,null,null,null,null,null,null,null,null,null,null,17.47,KIND 140954Z 09007KT 10SM OVC250 M03/M07 A3057 RMK AO2 SLP360 T10331067,null
IND,2024-12-14 10:54,26,20,77.71,80,10,0,30.55,1035.6,10,null,SCT,OVC,null,null,16000,25000,null,null,null,null,null,null,null,null,null,15.44,KIND 141054Z 08010KT 10SM SCT160 OVC250 M03/M07 A3055 RMK AO2 SLP356 T10331067,null
IND,2024-12-14 11:54,27,21,77.8,90,8,0,30.56,1035.7,10,null,BKN,OVC,null,null,15000,25000,null,null,null,null,null,null,null,null,null,17.95,KIND 141154Z 09008KT 10SM BKN150 OVC250 M03/M06 A3056 RMK AO2 SLP357 T10281061 11028 21039 55009,null
IND,2024-12-14 12:54,27,21,77.8,90,9,0,30.55,1035.5,10,null,SCT,OVC,null,null,15000,25000,null,null,null,null,null,null,null,null,null,17.3,KIND 141254Z 09009KT 10SM SCT150 OVC250 M03/M06 A3055 RMK AO2 SLP355 T10281061,null
IND,2024-12-14 13:54,29,22,74.77,100,8,0,30.56,1035.7,10,null,FEW,BKN,null,null,15000,21000,null,null,null,null,null,null,null,null,null,20.42,KIND 141354Z 10008KT 10SM FEW150 BKN210 M02/M06 A3056 RMK AO2 SLP357 T10171056,null
IND,2024-12-14 14:54,32,23,69.04,110,10,0,30.55,1035.5,10,null,FEW,BKN,null,null,20000,25000,null,null,null,null,null,null,null,null,null,22.97,KIND 141454Z 11010KT 10SM FEW200 BKN250 00/M05 A3055 RMK AO2 SLP355 T00001050 56001,null
IND,2024-12-14 15:54,35,24,63.85,110,9,0,30.55,1035.2,10,null,FEW,BKN,null,null,20000,25000,null,null,null,null,null,null,null,null,null,27.24,KIND 141554Z 11009KT 10SM FEW200 BKN250 02/M04 A3055 RMK AO2 SLP352 T00171044,null
IND,2024-12-14 16:54,41,26,54.84,120,9,0,30.52,1034.2,10,null,SCT,BKN,BKN,null,5000,18000,25000,null,null,null,null,null,null,null,null,34.7,KIND 141654Z 12009KT 10SM SCT050 BKN180 BKN250 05/M03 A3052 RMK AO2 SLP342 T00501033,null
IND,2024-12-14 17:54,43,27,52.91,110,8,0,30.49,1033.2,10,null,BKN,OVC,null,null,4700,20000,null,null,null,null,null,null,null,null,null,37.66,KIND 141754Z 11008KT 10SM BKN047 OVC200 06/M03 A3049 RMK AO2 SLP332 T00611028 10061 21028 58020,null
IND,2024-12-14 18:54,45,29,53.22,110,9,0,30.46,1032.1,10,null,SCT,BKN,OVC,null,4400,6000,18000,null,null,null,null,null,null,null,null,39.68,KIND 141854Z 11009KT 10SM SCT044 BKN060 OVC180 07/M02 A3046 RMK AO2 SLP321 T00721017,null
IND,2024-12-14 19:54,45,28,51.08,120,8,0,30.43,1031.1,10,null,BKN,BKN,OVC,null,4500,6000,9000,null,null,null,null,null,null,null,null,40.13,KIND 141954Z 12008KT 10SM BKN045 BKN060 OVC090 07/M02 A3043 RMK AO2 SLP311 T00721022,null
IND,2024-12-14 20:54,45,29,53.22,110,10,0,30.41,1030.5,10,null,SCT,SCT,OVC,null,4600,6000,8500,null,null,null,null,null,null,null,null,39.27,KIND 142054Z 11010KT 10SM SCT046 SCT060 OVC085 07/M02 A3041 RMK AO2 SLP305 T00721017 56027,null
IND,2024-12-14 21:54,45,28,51.08,110,10,0,30.38,1029.6,10,null,BKN,BKN,OVC,null,3700,4400,8500,null,null,null,null,null,null,null,null,39.27,KIND 142154Z 11010KT 10SM BKN037 BKN044 OVC085 07/M02 A3038 RMK AO2 SLP296 T00721022 $,null
IND,2024-12-14 22:54,43,33,67.54,110,9,T,30.36,1028.9,10,null,FEW,SCT,OVC,null,3700,4700,6500,null,#NAME?,null,null,null,null,null,null,37.19,KIND 142254Z 11009KT 10SM -RA FEW037 SCT047 OVC065 06/01 A3036 RMK AO2 RAB33 SLP289 P0000 T00610006 $,null
IND,2024-12-14 23:54,43,32,64.88,110,11,T,30.34,1028.2,10,null,FEW,SCT,OVC,null,3700,6500,10000,null,null,null,null,null,null,null,null,36.37,KIND 142354Z 11011KT 10SM FEW037 SCT065 OVC100 06/00 A3034 RMK AO2 RAE38 SLP282 P0000 60000 T00610000 10078 20056 56022 $,null
IND,2024-12-15 0:54,42,34,73.06,120,10,0.01,30.34,1028.2,10,null,BKN,OVC,null,null,5500,6500,null,null,#NAME?,null,null,null,null,null,null,35.51,KIND 150054Z 12010KT 10SM -RA BKN055 OVC065 06/01 A3034 RMK AO2 RAB03 SLP282 P0001 T00560011 $,null
IND,2024-12-15 1:54,41,36,82.22,100,12,0.05,30.31,1027.2,10,null,OVC,null,null,null,5500,null,null,null,#NAME?,null,null,null,null,null,null,33.46,KIND 150154Z 10012KT 10SM -RA OVC055 05/02 A3031 RMK AO2 SLP272 P0005 T00500022 $,null
IND,2024-12-15 2:54,41,38,88.97,110,11,0.07,30.3,1026.5,5,null,FEW,OVC,null,null,4500,5000,null,null,RA BR,null,null,null,null,null,null,33.84,KIND 150254Z 11011KT 5SM RA BR FEW045 OVC050 05/03 A3030 RMK AO2 SLP265 P0007 60013 T00500033 58015 $,null
IND,2024-12-15 3:54,42,40,92.55,110,14,0.11,30.25,1025,7,null,FEW,OVC,null,null,3300,4400,null,null,#NAME?,null,null,null,null,null,null,34.05,KIND 150354Z 11014KT 7SM -RA FEW033 OVC044 06/04 A3025 RMK AO2 SLP250 P0011 T00560044 $,null
IND,2024-12-15 4:21,42,40,92.55,120,17,0.05,30.24,null,6,null,BKN,OVC,null,null,2900,3500,null,null,#NAME?,null,null,null,26,120,2024-12-15 4:10,33.18,KIND 150421Z 12017KT 6SM -RA BR BKN029 OVC035 06/04 A3024 RMK AO2 PK WND 12026/0410 P0005 T00560044 $,null
IND,2024-12-15 4:54,43,40,89.06,120,15,0.07,30.23,1024.1,5,null,FEW,BKN,OVC,null,1200,2600,3500,null,RA BR,null,null,null,26,120,2024-12-15 4:10,35.04,KIND 150454Z 12015KT 5SM RA BR FEW012 BKN026 OVC035 06/04 A3023 RMK AO2 PK WND 12026/0410 SLP241 P0007 T00610044 400781039 $,null
IND,2024-12-15 5:14,43,41,92.58,140,12,0.02,30.23,null,10,null,BKN,BKN,OVC,null,1400,2000,3500,null,#NAME?,null,null,null,null,null,null,36,KIND 150514Z 14012KT 10SM -RA BKN014 BKN020 OVC035 06/05 A3023 RMK AO2 P0002 T00610050 $,null
IND,2024-12-15 5:41,43,41,92.58,140,14,0.06,30.23,null,5,22,BKN,OVC,null,null,900,1400,null,null,#NAME?,null,null,null,null,null,null,35.34,KIND 150541Z 14014G22KT 5SM -RA BR BKN009 OVC014 06/05 A3023 RMK AO2 P0006 T00610050 $,null
IND,2024-12-15 5:54,44,42,92.61,140,17,0.07,30.22,1023.8,6,24,OVC,null,null,null,1100,null,null,null,#NAME?,null,null,null,null,null,null,35.8,KIND 150554Z 14017G24KT 6SM -RA BR OVC011 07/06 A3022 RMK AO2 SLP238 P0007 60038 T00670056 10067 20050 56009 $,null
IND,2024-12-15 6:30,44,42,92.61,140,17,0.02,30.21,null,8,22,BKN,OVC,null,null,900,1500,null,null,#NAME?,null,null,null,null,null,null,35.8,KIND 150630Z 14017G22KT 8SM -RA BKN009 OVC015 07/06 A3021 RMK AO2 P0002 T00670056 $,null
IND,2024-12-15 6:51,44.6,42.8,93.35,140,17,0.07,30.21,null,6,22,SCT,BKN,OVC,null,1000,1800,3000,null,#NAME?,null,null,null,null,null,null,36.58,KIND 150651Z 14017G22KT 6SM -RA BR SCT010 BKN018 OVC030 07/06 A3021 RMK AO2 P0007 $,null
IND,2024-12-15 6:54,44,42,92.61,140,15,0.07,30.21,1023.1,6,22,SCT,BKN,OVC,null,1000,1800,2800,null,RA BR,null,null,null,null,null,null,36.34,KIND 150654Z 14015G22KT 6SM RA BR SCT010 BKN018 OVC028 07/06 A3021 RMK AO2 SLP231 P0007 T00670056 $,null
IND,2024-12-15 7:20,44,42,92.61,150,14,0.03,30.21,null,8,null,SCT,BKN,OVC,null,1000,1300,2300,null,#NAME?,null,null,null,null,null,null,36.63,KIND 150720Z 15014KT 8SM -RA SCT010 BKN013 OVC023 07/06 A3021 RMK AO2 P0003 T00670056 $,null
IND,2024-12-15 7:54,44,42,92.61,140,13,0.04,30.2,1023.1,8,null,SCT,BKN,OVC,null,1200,1700,2800,null,#NAME?,null,null,null,null,null,null,36.94,KIND 150754Z 14013KT 8SM -RA SCT012 BKN017 OVC028 07/06 A3020 RMK AO2 SLP231 P0004 T00670056 $,null
IND,2024-12-15 8:03,44,42,92.61,140,14,0.01,30.21,null,10,null,BKN,BKN,OVC,null,1200,1600,2400,null,#NAME?,null,null,null,null,null,null,36.63,KIND 150803Z 14014KT 10SM -RA BKN012 BKN016 OVC024 07/06 A3021 RMK AO2 P0001 T00670056 $,null
IND,2024-12-15 8:54,44,42,92.61,140,11,0.01,30.2,1023,10,null,BKN,OVC,null,null,1000,2000,null,null,null,null,null,null,null,null,null,37.63,KIND 150854Z 14011KT 10SM BKN010 OVC020 07/06 A3020 RMK AO2 RAE27 SLP230 P0001 60012 T00670056 56007 $,null
IND,2024-12-15 9:23,44,43,96.24,140,12,0.01,30.19,null,10,null,OVC,null,null,null,800,null,null,null,#NAME?,null,null,null,null,null,null,37.27,KIND 150923Z 14012KT 10SM -RA OVC008 07/06 A3019 RMK AO2 RAB0855 P0001 T00670061 $,null
IND,2024-12-15 9:54,45,43,92.65,150,11,0.01,30.18,1022.4,10,null,OVC,null,null,null,600,null,null,null,null,null,null,null,null,null,null,38.89,KIND 150954Z 15011KT 10SM OVC006 07/06 A3018 RMK AO2 RAB0855E26 SLP224 P0001 T00720061 $,null
IND,2024-12-15 10:54,45,44,96.26,150,12,T,30.18,1022.5,10,null,OVC,null,null,null,600,null,null,null,#NAME?,null,null,null,null,null,null,38.55,KIND 151054Z 15012KT 10SM -RA OVC006 07/07 A3018 RMK AO2 RAB04E13B46 SLP225 P0000 T00720067 $,null
IND,2024-12-15 11:54,45,44,96.26,150,10,0.02,30.19,1022.8,8,null,OVC,null,null,null,500,null,null,null,#NAME?,null,null,null,null,null,null,39.27,KIND 151154Z 15010KT 8SM -RA OVC005 07/07 A3019 RMK AO2 SLP228 P0002 60015 70053 T00720067 10072 20061 55003 $,null
IND,2024-12-15 12:54,46,45,96.28,150,9,0.04,30.2,1023,9,null,OVC,null,null,null,400,null,null,null,null,null,null,null,null,null,null,40.92,KIND 151254Z 15009KT 9SM OVC004 08/07 A3020 RMK AO2 RAE35 SLP230 P0004 T00780072 $,null
IND,2024-12-15 13:54,47,46,96.29,160,9,T,30.21,1023.3,3,null,BKN,BKN,OVC,null,400,900,1900,null,null,null,null,null,null,null,null,42.17,KIND 151354Z 16009KT 3SM BKN004 BKN009 OVC019 08/08 A3021 RMK AO2 SFC VIS 7 DZB19E39RAB39E52 SLP233 P0000 T00830078 $,null
IND,2024-12-15 14:16,47,46,96.29,170,10,T,30.21,null,3,null,SCT,OVC,null,null,400,900,null,null,#NAME?,null,null,null,null,null,null,41.78,KIND 151416Z 17010KT 3SM -RA SCT004 OVC009 08/08 A3021 RMK AO2 SFC VIS 7 RAB05 P0000 T00830078 $,null
IND,2024-12-15 14:46,47,46,96.29,160,8,0.01,30.22,null,7,null,SCT,BKN,OVC,null,900,3100,6000,null,#NAME?,null,null,null,null,null,null,42.59,KIND 151446Z 16008KT 7SM -RA SCT009 BKN031 OVC060 08/08 A3022 RMK AO2 RAB05 P0001 T00830078 $,null
IND,2024-12-15 14:54,47,46,96.29,160,7,0.01,30.23,1023.9,7,null,FEW,BKN,OVC,null,700,3100,4800,null,#NAME?,null,null,null,null,null,null,43.06,KIND 151454Z 16007KT 7SM -RA FEW007 BKN031 OVC048 08/08 A3023 RMK AO2 RAB05 SLP239 P0001 60005 T00830078 53009 $,null
IND,2024-12-15 14:59,47,47,100,170,8,T,30.23,null,7,null,BKN,BKN,OVC,null,1100,3200,4800,null,#NAME?,null,null,null,null,null,null,42.59,KIND 151459Z 17008KT 7SM -RA BKN011 BKN032 OVC048 08/08 A3023 RMK AO2 P0000 T00830083 $,null
IND,2024-12-15 15:01,48,47,96.31,170,7,T,30.23,null,7,null,FEW,BKN,OVC,null,700,1100,4800,null,#NAME?,null,null,null,null,null,null,44.28,KIND 151501Z 17007KT 7SM -RA FEW007 BKN011 OVC048 09/08 A3023 RMK AO2 P0000 T00890083 $,null
IND,2024-12-15 15:07,48,47,96.31,160,9,T,30.23,null,7,null,BKN,BKN,OVC,null,900,3300,4600,null,#NAME?,null,null,null,null,null,null,43.41,KIND 151507Z 16009KT 7SM -RA BKN009 BKN033 OVC046 09/08 A3023 RMK AO2 P0000 T00890083 $,null
IND,2024-12-15 15:38,48,47,96.31,180,7,T,30.24,null,10,null,SCT,BKN,OVC,null,1100,1900,4200,null,null,null,null,null,null,null,null,44.28,KIND 151538Z 18007KT 10SM SCT011 BKN019 OVC042 09/08 A3024 RMK AO2 RAE37 P0000 T00890083 $,null
IND,2024-12-15 15:48,48.2,46.4,93.45,180,8,T,30.24,null,10,null,BKN,BKN,OVC,null,1100,1900,4200,null,#NAME?,null,null,null,null,null,null,44.07,KIND 151548Z 18008KT 10SM -RA BKN011 BKN019 OVC042 09/08 A3024 RMK AO2 RAE37B47 P0000 $,null
IND,2024-12-15 15:54,49,48,96.32,180,7,T,30.24,1024.2,10,null,BKN,BKN,OVC,null,1200,1900,4200,null,#NAME?,null,null,null,null,null,null,45.5,KIND 151554Z 18007KT 10SM -RA BKN012 BKN019 OVC042 09/09 A3024 RMK AO2 RAE37B47 SLP242 P0000 T00940089 $,null
IND,2024-12-15 15:57,49,48,96.32,190,7,T,30.24,null,10,null,FEW,BKN,OVC,null,700,1200,1900,null,#NAME?,null,null,null,null,null,null,45.5,KIND 151557Z 19007KT 10SM -RA FEW007 BKN012 OVC019 09/09 A3024 RMK AO2 P0000 T00940089 $,null
IND,2024-12-15 16:13,49,48,96.32,180,6,T,30.23,null,10,null,BKN,OVC,null,null,900,1200,null,null,null,null,null,null,null,null,null,46,KIND 151613Z 18006KT 10SM BKN009 OVC012 09/09 A3023 RMK AO2 RAE12 P0000 T00940089 $,null
IND,2024-12-15 16:54,50,48,92.8,220,8,T,30.22,1023.7,10,null,BKN,BKN,OVC,null,700,1200,1700,null,null,null,null,null,null,null,null,50,KIND 151654Z 22008KT 10SM BKN007 BKN012 OVC017 10/09 A3022 RMK AO2 RAE12 SLP237 P0000 T01000089 $,null
IND,2024-12-15 17:54,51,48,89.42,230,6,0,30.19,1022.7,10,null,BKN,OVC,null,null,900,3700,null,null,null,null,null,null,null,null,null,51,KIND 151754Z 23006KT 10SM BKN009 OVC037 11/09 A3019 RMK AO2 SLP227 60005 T01060089 10106 20072 58015 $,null
IND,2024-12-15 18:18,51,47,86.12,220,7,0,30.19,null,10,null,SCT,BKN,OVC,null,1100,2100,3700,null,null,null,null,null,null,null,null,51,KIND 151818Z 22007KT 10SM SCT011 BKN021 OVC037 11/08 A3019 RMK AO2 T01060083 $,null
IND,2024-12-15 18:44,51,47,86.12,220,8,0,30.18,null,10,null,FEW,SCT,OVC,null,1100,1900,3700,null,null,null,null,null,null,null,null,51,KIND 151844Z 22008KT 10SM FEW011 SCT019 OVC037 11/08 A3018 RMK AO2 T01060083 $,null
IND,2024-12-15 18:54,51,47,86.12,220,7,0,30.18,1022.2,10,null,FEW,SCT,OVC,null,1100,1700,3700,null,null,null,null,null,null,null,null,51,KIND 151854Z 22007KT 10SM FEW011 SCT017 OVC037 11/08 A3018 RMK AO2 SLP222 T01060083 $,null
IND,2024-12-15 19:49,50,46.4,87.37,230,7,0,30.18,null,10,null,BKN,OVC,null,null,2400,3000,null,null,null,null,null,null,null,null,null,50,KIND 151949Z 23007KT 10SM BKN024 OVC030 10/08 A3018 RMK AO2 $,null
IND,2024-12-15 19:54,50,46,86.06,240,8,0,30.17,1022,10,null,BKN,OVC,null,null,2400,3000,null,null,null,null,null,null,null,null,null,50,KIND 151954Z 24008KT 10SM BKN024 OVC030 10/08 A3017 RMK AO2 SLP220 T01000078 $,null
IND,2024-12-15 20:27,51,46,82.93,230,6,0,30.17,null,10,null,SCT,OVC,null,null,2400,3200,null,null,null,null,null,null,null,null,null,51,KIND 152027Z 23006KT 10SM SCT024 OVC032 11/08 A3017 RMK AO2 T01060078 $,null
IND,2024-12-15 20:54,51,46,82.93,230,8,0,30.17,1022,10,null,OVC,null,null,null,3000,null,null,null,null,null,null,null,null,null,null,51,KIND 152054Z 23008KT 10SM OVC030 11/08 A3017 RMK AO2 SLP220 T01060078 55002 $,null
IND,2024-12-15 20:59,50,45,82.86,230,7,0,30.17,null,10,null,OVC,null,null,null,2900,null,null,null,null,null,null,null,null,null,null,50,KIND 152059Z 23007KT 10SM OVC029 10/07 A3017 RMK AO2 T01000072 $,null
IND,2024-12-15 21:35,50,45,82.86,240,5,0,30.18,null,10,null,OVC,null,null,null,3300,null,null,null,null,null,null,null,null,null,null,50,KIND 152135Z 24005KT 10SM OVC033 10/07 A3018 RMK AO2 T01000072 $,null
IND,2024-12-15 21:54,50,45,82.86,260,4,0,30.18,1022.3,10,null,BKN,null,null,null,3300,null,null,null,null,null,null,null,null,null,null,50,KIND 152154Z 26004KT 10SM BKN033 10/07 A3018 RMK AO2 SLP223 T01000072 $,null
IND,2024-12-15 22:54,47,44,89.24,0,0,0,30.19,1022.7,10,null,SCT,null,null,null,3500,null,null,null,null,null,null,null,null,null,null,47,KIND 152254Z 00000KT 10SM SCT035 08/07 A3019 RMK AO2 SLP227 T00830067 $,null
IND,2024-12-15 23:54,47,44,89.24,0,0,0,30.2,1022.8,10,null,BKN,null,null,null,2900,null,null,null,null,null,null,null,null,null,null,47,KIND 152354Z 00000KT 10SM BKN029 08/07 A3020 RMK AO2 SLP228 T00830067 10106 20078 51007 $,null
IND,2024-12-16 0:21,45,43,92.65,100,3,0,30.2,null,10,null,FEW,null,null,null,2900,null,null,null,null,null,null,null,null,null,null,43.55,KIND 160021Z 10003KT 10SM FEW029 07/06 A3020 RMK AO2 T00720061 $,null
IND,2024-12-16 0:54,44,43,96.24,110,4,0,30.19,1022.7,7,null,BKN,null,null,null,2900,null,null,null,null,null,null,null,null,null,null,41.43,KIND 160054Z 11004KT 7SM BKN029 07/06 A3019 RMK AO2 SLP227 T00670061 $,null
IND,2024-12-16 1:30,44,43,96.24,120,4,0,30.19,null,9,null,SCT,null,null,null,3300,null,null,null,null,null,null,null,null,null,null,41.43,KIND 160130Z 12004KT 9SM SCT033 07/06 A3019 RMK AO2 T00670061 $,null
IND,2024-12-16 1:54,44,43,96.24,130,5,0,30.19,1022.7,10,null,BKN,null,null,null,3300,null,null,null,null,null,null,null,null,null,null,40.65,KIND 160154Z 13005KT 10SM R05L/2800VP6000FT BKN033 07/06 A3019 RMK AO2 SLP227 T00670061 $,null
IND,2024-12-16 2:54,44,42,92.61,140,6,0,30.18,1022.3,7,null,SCT,null,null,null,3000,null,null,null,null,null,null,null,null,null,null,39.98,KIND 160254Z 14006KT 7SM R05L/4000VP6000FT SCT030 07/06 A3018 RMK AO2 SLP223 T00670056 58005 $,null
IND,2024-12-16 3:41,46,44,92.68,150,9,0,30.18,null,7,null,BKN,BKN,null,null,1800,2400,null,null,null,null,null,null,null,null,null,40.92,KIND 160341Z 15009KT 7SM BKN018 BKN024 08/07 A3018 RMK AO2 T00780067 $,null
IND,2024-12-16 3:54,46,45,96.28,150,8,0,30.18,1022,8,null,BKN,null,null,null,1600,null,null,null,null,null,null,null,null,null,null,41.36,KIND 160354Z 15008KT 8SM BKN016 08/07 A3018 RMK AO2 SLP220 T00780072 $,null
IND,2024-12-16 4:24,47,45,92.71,150,8,0,30.17,null,9,null,OVC,null,null,null,1400,null,null,null,null,null,null,null,null,null,null,42.59,KIND 160424Z 15008KT 9SM OVC014 08/07 A3017 RMK AO2 T00830072 $,null
IND,2024-12-16 4:44,47,45,92.71,160,10,0,30.17,null,10,null,BKN,OVC,null,null,800,1200,null,null,null,null,null,null,null,null,null,41.78,KIND 160444Z 16010KT 10SM BKN008 OVC012 08/07 A3017 RMK AO2 T00830072 $,null
IND,2024-12-16 4:54,47,46,96.29,160,10,0,30.17,1021.9,10,null,OVC,null,null,null,800,null,null,null,null,null,null,null,null,null,null,41.78,KIND 160454Z 16010KT 10SM OVC008 08/08 A3017 RMK AO2 SLP219 T00830078 401060056 $,null
IND,2024-12-16 5:54,48,47,96.31,160,8,0,30.16,1021.4,10,null,OVC,null,null,null,800,null,null,null,null,null,null,null,null,null,null,43.82,KIND 160554Z 16008KT 10SM OVC008 09/08 A3016 RMK AO2 SLP214 T00890083 10089 20056 58008 $,null
IND,2024-12-16 6:54,49,48,96.32,150,8,T,30.13,1020.3,10,null,OVC,null,null,null,800,null,null,null,#NAME?,null,null,null,null,null,null,45.05,KIND 160654Z 15008KT 10SM -RA OVC008 09/09 A3013 RMK AO2 RAB25 SLP203 P0000 T00940089 $,null
IND,2024-12-16 7:28,49,48,96.32,150,8,T,30.11,null,10,null,OVC,null,null,null,1000,null,null,null,null,null,null,null,null,null,null,45.05,KIND 160728Z 15008KT 10SM OVC010 09/09 A3011 RMK AO2 RAE0658 P0000 T00940089 $,null
IND,2024-12-16 7:54,49,48,96.32,150,7,T,30.11,1019.6,10,null,OVC,null,null,null,1000,null,null,null,null,null,null,null,null,null,null,45.5,KIND 160754Z 15007KT 10SM OVC010 09/09 A3011 RMK AO2 RAE0658 SLP196 P0000 T00940089 $,null
IND,2024-12-16 8:24,50,48,92.8,150,7,0,30.11,null,10,null,OVC,null,null,null,900,null,null,null,null,null,null,null,null,null,null,50,KIND 160824Z 15007KT 10SM OVC009 10/09 A3011 RMK AO2 T01000089 $,null
IND,2024-12-16 8:54,49,48,96.32,130,7,0,30.1,1019.3,10,null,OVC,null,null,null,700,null,null,null,null,null,null,null,null,null,null,45.5,KIND 160854Z 13007KT 10SM OVC007 09/09 A3010 RMK AO2 SLP193 60000 T00940089 56020 $,null
IND,2024-12-16 9:45,50,49,96.34,140,8,T,30.06,null,2.5,null,OVC,null,null,null,400,null,null,null,BR,null,null,null,null,null,null,50,KIND 160945Z 14008KT 2 1/2SM BR OVC004 10/09 A3006 RMK AO2 RAB26E35 P0000 T01000094 $,null
IND,2024-12-16 9:54,50,49,96.34,150,8,T,30.06,1017.9,2.5,null,OVC,null,null,null,400,null,null,null,BR,null,null,null,null,null,null,50,KIND 160954Z 15008KT 2 1/2SM BR OVC004 10/09 A3006 RMK AO2 RAB26E35 SLP179 P0000 T01000094 $,null
IND,2024-12-16 10:20,50,49,96.34,160,11,T,30.05,null,3,null,OVC,null,null,null,200,null,null,null,BR,null,null,null,null,null,null,50,KIND 161020Z 16011KT 3SM BR OVC002 10/09 A3005 RMK AO2 RAB03E19 P0000 T01000094 $,null
IND,2024-12-16 10:54,50,49,96.34,160,10,0.01,30.03,1017,3,null,OVC,null,null,null,300,null,null,null,#NAME?,null,null,null,null,null,null,50,KIND 161054Z 16010KT 3SM -RA BR OVC003 10/09 A3003 RMK AO2 RAB03E19B48 SLP170 P0001 T01000094 $,null
IND,2024-12-16 11:54,51,51,100,170,10,0.04,30.02,1016.8,9,null,OVC,null,null,null,400,null,null,null,#NAME?,null,null,null,null,null,null,51,KIND 161154Z 17010KT 9SM -RA OVC004 11/11 A3002 RMK AO2 SLP168 P0004 60005 70010 T01060106 10106 20089 56025 $,null
IND,2024-12-16 12:35,52,51,96.37,170,11,T,30.02,null,7,null,OVC,null,null,null,500,null,null,null,#NAME?,null,null,null,null,null,null,52,KIND 161235Z 17011KT 7SM -RA OVC005 11/11 A3002 RMK AO2 RAE02B28 P0000 T01110106 $,null
IND,2024-12-16 12:54,52,51,96.37,170,10,0.01,30.02,1016.7,5,null,BKN,OVC,null,null,600,1100,null,null,#NAME?,null,null,null,null,null,null,52,KIND 161254Z 17010KT 5SM -DZ BR BKN006 OVC011 11/11 A3002 RMK AO2 RAE02B28E42DZB52 SLP167 P0001 T01110106 $,null
IND,2024-12-16 13:54,52,51,96.37,160,7,T,30,1016,10,null,OVC,null,null,null,500,null,null,null,null,null,null,null,null,null,null,52,KIND 161354Z 16007KT 10SM OVC005 11/11 A3000 RMK AO2 DZE35 SLP160 P0000 T01110106 $,null
IND,2024-12-16 14:13,52,52,100,180,6,0.01,30,null,2.5,null,OVC,null,null,null,500,null,null,null,RA BR,null,null,null,null,null,null,52,KIND 161413Z 18006KT 2 1/2SM R05L/5000VP6000FT RA BR OVC005 11/11 A3000 RMK AO2 RAB00 P0001 T01110111 $,null
IND,2024-12-16 14:23,52,51,96.37,160,8,0.1,30,null,1.25,null,BKN,BKN,OVC,null,500,1200,2100,null,#NAME?,null,null,null,null,null,null,52,KIND 161423Z 16008KT 1 1/4SM R05L/5500VP6000FT +RA BR BKN005 BKN012 OVC021 11/11 A3000 RMK AO2 RAB00 P0010 T01110106 $,null
IND,2024-12-16 14:35,52,51,96.37,150,7,0.21,29.99,null,2.5,null,FEW,BKN,OVC,null,500,2600,5000,null,RA BR,null,null,null,null,null,null,52,KIND 161435Z 15007KT 2 1/2SM R05L/4500VP6000FT RA BR FEW005 BKN026 OVC050 11/11 A2999 RMK AO2 RAB00 P0021 T01110106 $,null
IND,2024-12-16 14:50,53.6,51.8,93.6,170,5,0.27,30,null,7,null,BKN,BKN,OVC,null,800,1200,2200,null,#NAME?,null,null,null,null,null,null,53.6,KIND 161450Z 17005KT 7SM -RA BKN008 BKN012 OVC022 12/11 A3000 RMK AO2 RAB00 P0027 $,null
IND,2024-12-16 14:54,53,52,96.39,170,6,0.28,30,1016,7,null,BKN,BKN,OVC,null,800,1500,2800,null,#NAME?,null,null,null,null,null,null,53,KIND 161454Z 17006KT 7SM -RA BKN008 BKN015 OVC028 12/11 A3000 RMK AO2 RAB00 SLP160 P0028 60029 T01170111 56007 $,null
IND,2024-12-16 15:14,53,52,96.39,180,7,0.03,30,null,1.75,null,OVC,null,null,null,600,null,null,null,#NAME?,null,null,null,null,null,null,53,KIND 161514Z 18007KT 1 3/4SM R05L/6000VP6000FT +RA BR OVC006 12/11 A3000 RMK AO2 P0003 T01170111 $,null
IND,2024-12-16 15:30,54,53,96.4,160,10,0.13,29.99,null,5,null,BKN,BKN,OVC,null,600,2400,7000,null,#NAME?,null,null,null,null,null,null,54,KIND 161530Z 16010KT 5SM -RA BR BKN006 BKN024 OVC070 12/12 A2999 RMK AO2 P0013 T01220117 $,null
IND,2024-12-16 15:54,55,54,96.42,190,13,0.15,29.98,1015.4,9,null,BKN,BKN,OVC,null,700,1300,8500,null,#NAME?,null,null,null,null,null,null,55,KIND 161554Z 19013KT 9SM -RA BKN007 BKN013 OVC085 13/12 A2998 RMK AO2 SLP154 P0015 T01280122 $,null
IND,2024-12-16 16:17,56,54,92.98,190,15,0.01,29.97,null,9,20,SCT,BKN,OVC,null,1000,5500,9000,null,#NAME?,null,null,null,null,null,null,56,KIND 161617Z COR 19015G20KT 9SM -RA SCT010 BKN055 OVC090 13/12 A2997 RMK AO2 P0001 T01330122,null
IND,2024-12-16 16:42,56,55,96.43,170,19,0.06,29.93,null,8,26,BKN,BKN,OVC,null,900,7500,9000,null,#NAME?,null,null,null,null,null,null,56,KIND 161642Z 17019G26KT 8SM -RA BKN009 BKN075 OVC090 13/13 A2993 RMK AO2 P0006 T01330128 $,null
IND,2024-12-16 17:06,56,54,92.98,170,19,0.1,29.9,null,7,29,BKN,OVC,null,null,900,7000,null,null,#NAME?,null,null,null,29,160,2024-12-16 17:01,56,KIND 161706Z 17019G29KT 7SM -RA BKN009 OVC070 13/12 A2990 RMK AO2 PK WND 16029/1701 P0010 T01330122 $,null
IND,2024-12-16 17:17,56,54,92.98,180,16,0.11,29.91,null,9,24,BKN,BKN,OVC,null,900,5000,7000,null,#NAME?,null,null,null,29,160,2024-12-16 17:01,56,KIND 161717Z 18016G24KT 9SM -RA BKN009 BKN050 OVC070 13/12 A2991 RMK AO2 PK WND 16029/1701 P0011 T01330122 $,null
IND,2024-12-16 17:54,57,55,93.01,180,17,0.11,29.89,1012.3,10,22,BKN,BKN,OVC,null,900,6000,8000,null,null,null,null,null,29,160,2024-12-16 17:01,57,KIND 161754Z 18017G22KT 10SM BKN009 BKN060 OVC080 14/13 A2989 RMK AO2 SLP123 PK WND 16029/1701 RAE26 P0011 60059 T01390128 10139 20100 $,null
IND,2024-12-16 18:54,58,56,93.04,200,13,T,29.89,1012,9,null,OVC,null,null,null,900,null,null,null,null,null,null,null,null,null,null,58,KIND 161854Z 20013KT 9SM OVC009 14/13 A2989 RMK AO2 RAB44E53 SLP120 P0000 T01440133,null
IND,2024-12-16 19:35,58,56,93.04,200,13,0.01,29.89,null,8,null,FEW,BKN,OVC,null,800,1000,1500,null,#NAME?,null,null,null,null,null,null,58,KIND 161935Z 20013KT 8SM -RA FEW008 BKN010 OVC015 14/13 A2989 RMK AO2 RAB1855E1856B20DZB1856E20 P0001 T01440133,null
IND,2024-12-16 19:54,58,57,96.46,200,13,0.01,29.9,1012.3,6,null,FEW,BKN,OVC,null,800,1000,1800,null,#NAME?,null,null,null,null,null,null,58,KIND 161954Z 20013KT 6SM -RA BR FEW008 BKN010 OVC018 14/14 A2990 RMK AO2 RAB1855E1856B20DZB1856E20 SLP123 P0001 T01440139,null
IND,2024-12-16 20:01,58,57,96.46,200,11,T,29.9,null,1.75,null,FEW,BKN,OVC,null,800,1000,1800,null,#NAME?,null,null,null,null,null,null,58,KIND 162001Z 20011KT 1 3/4SM R05L/5500VP6000FT -RA BR FEW008 BKN010 OVC018 14/14 A2990 RMK AO2 P0000 T01440139,null
IND,2024-12-16 20:38,58,57,96.46,220,11,0.03,29.9,null,6,18,BKN,OVC,null,null,1000,1800,null,null,#NAME?,null,null,null,null,null,null,58,KIND 162038Z 22011G18KT 6SM -RA BR BKN010 OVC018 14/14 A2990 RMK AO2 P0003 T01440139,null
IND,2024-12-16 20:54,58,56,93.04,220,13,0.04,29.9,1012.5,5,null,BKN,OVC,null,null,1400,1800,null,null,#NAME?,null,null,null,null,null,null,58,KIND 162054Z 22013KT 5SM -RA BR BKN014 OVC018 14/13 A2990 RMK AO2 SLP125 P0004 60005 T01440133 53003,null
IND,2024-12-16 21:54,58,56,93.04,230,11,0.03,29.92,1013.2,10,null,FEW,BKN,OVC,null,1000,1400,25000,null,null,null,null,null,null,null,null,58,KIND 162154Z 23011KT 10SM FEW010 BKN014 OVC250 14/13 A2992 RMK AO2 RAE18 SLP132 P0003 T01440133,null
IND,2024-12-16 22:40,58,54,86.51,230,15,0,29.96,null,10,25,SCT,SCT,BKN,null,1800,3000,25000,null,null,null,null,null,null,null,null,58,KIND 162240Z 23015G25KT 10SM SCT018 SCT030 BKN250 14/12 A2996 RMK AO2 T01440122,null
IND,2024-12-16 22:54,57,54,89.68,230,14,0,29.96,1014.4,10,22,FEW,SCT,BKN,null,1800,3000,25000,null,null,null,null,null,null,null,null,57,KIND 162254Z 23014G22KT 10SM FEW018 SCT030 BKN250 14/12 A2996 RMK AO2 SLP144 T01390122,null
IND,2024-12-16 23:24,57,54,89.68,240,15,0,29.98,null,10,22,FEW,BKN,null,null,2100,2700,null,null,null,null,null,null,null,null,null,57,KIND 162324Z 24015G22KT 10SM FEW021 BKN027 14/12 A2998 RMK AO2 T01390122,null
IND,2024-12-16 23:54,56,52,86.4,250,16,0,30,1015.9,10,null,FEW,BKN,BKN,null,2100,2700,4000,null,null,null,null,null,null,null,null,56,KIND 162354Z 25016KT 10SM FEW021 BKN027 BKN040 13/11 A3000 RMK AO2 SLP159 60008 T01330111 10150 20133 53032,null
IND,2024-12-17 0:05,56,52,86.4,250,15,0,30,null,10,null,FEW,BKN,null,null,3000,4000,null,null,null,null,null,null,null,null,null,56,KIND 170005Z 25015KT 10SM FEW030 BKN040 13/11 A3000 RMK AO2 T01330111,null
IND,2024-12-17 0:54,53,44,71.39,280,17,0,30.05,1017.6,10,32,FEW,null,null,null,4000,null,null,null,null,null,null,null,32,280,2024-12-17 0:46,53,KIND 170054Z 28017G32KT 10SM FEW040 12/07 A3005 RMK AO2 PK WND 28032/0046 SLP176 T01170067,null
IND,2024-12-17 1:54,48,39,70.85,280,12,0,30.1,1019.3,10,23,CLR,null,null,null,null,null,null,null,null,null,null,null,30,280,2024-12-17 1:14,42.37,KIND 170154Z 28012G23KT 10SM CLR 09/04 A3010 RMK AO2 PK WND 28030/0114 SLP193 T00890039,null
IND,2024-12-17 2:54,45,37,73.37,280,16,0,30.13,1020.3,10,21,FEW,null,null,null,3000,null,null,null,null,null,null,null,null,null,null,37.36,KIND 170254Z 28016G21KT 10SM FEW030 07/03 A3013 RMK AO2 SLP203 T00720028 51042,null
IND,2024-12-17 3:54,41,34,75.94,300,7,0,30.13,1020.5,10,null,CLR,null,null,null,null,null,null,null,null,null,null,null,26,300,2024-12-17 3:01,35.75,KIND 170354Z 30007KT 10SM CLR 05/01 A3013 RMK AO2 PK WND 30026/0301 SLP205 T00500011,null
IND,2024-12-17 4:54,38,32,78.77,270,6,0,30.15,1021.3,10,null,CLR,null,null,null,null,null,null,null,null,null,null,null,null,null,null,32.76,KIND 170454Z 27006KT 10SM CLR 03/00 A3015 RMK AO2 SLP213 T00330000 401500033,null
IND,2024-12-17 5:54,38,33,82,230,6,0,30.16,1021.3,10,null,CLR,null,null,null,null,null,null,null,null,null,null,null,null,null,null,32.76,KIND 170554Z 23006KT 10SM CLR 03/01 A3016 RMK AO2 SLP213 T00330006 10133 20028 51009,null
IND,2024-12-17 6:54,37,33,85.29,220,5,0,30.16,1021.4,10,null,CLR,null,null,null,null,null,null,null,null,null,null,null,null,null,null,32.33,KIND 170654Z 22005KT 10SM CLR 03/01 A3016 RMK AO2 SLP214 T00280006,null
IND,2024-12-17 7:54,35,33,92.32,210,6,0,30.16,1021.7,10,null,CLR,null,null,null,null,null,null,null,null,null,null,null,null,null,null,29.14,KIND 170754Z 21006KT 10SM CLR 02/01 A3016 RMK AO2 SLP217 T00170006,null
IND,2024-12-17 8:54,35,32,88.68,250,7,0,30.17,1022,10,null,CLR,null,null,null,null,null,null,null,null,null,null,null,null,null,null,28.44,KIND 170854Z 25007KT 10SM CLR 02/00 A3017 RMK AO2 SLP220 T00170000 53006,null
IND,2024-12-17 9:54,35,32,88.68,240,5,0,30.18,1022.4,10,null,CLR,null,null,null,null,null,null,null,null,null,null,null,null,null,null,29.96,KIND 170954Z 24005KT 10SM CLR 02/00 A3018 RMK AO2 SLP224 T00170000,null
IND,2024-12-17 10:54,34,32,92.29,230,5,0,30.2,1023,10,null,CLR,null,null,null,null,null,null,null,null,null,null,null,null,null,null,28.77,KIND 171054Z 23005KT 10SM CLR 01/00 A3020 RMK AO2 SLP230 T00110000,null
IND,2024-12-17 11:54,35,32,88.68,230,7,0,30.23,1023.8,10,null,CLR,null,null,null,null,null,null,null,null,null,null,null,null,null,null,28.44,KIND 171154Z 23007KT 10SM CLR 02/00 A3023 RMK AO2 SLP238 70067 T00170000 10039 20006 53018 $,null
IND,2024-12-17 12:54,35,32,88.68,230,7,0,30.23,1024.1,10,null,FEW,null,null,null,25000,null,null,null,null,null,null,null,null,null,null,28.44,KIND 171254Z 23007KT 10SM FEW250 02/00 A3023 RMK AO2 SLP241 T00170000 $,null
IND,2024-12-17 13:54,35,32,88.68,250,7,0,30.24,1024.4,10,null,FEW,FEW,null,null,12000,20000,null,null,null,null,null,null,null,null,null,28.44,KIND 171354Z 25007KT 10SM FEW120 FEW200 02/00 A3024 RMK AO2 SLP244 T00170000,null
IND,2024-12-17 14:54,40,32,72.85,250,9,0,30.26,1025.2,10,null,FEW,null,null,null,20000,null,null,null,null,null,null,null,null,null,null,33.46,KIND 171454Z 25009KT 10SM FEW200 04/00 A3026 RMK AO2 SLP252 T00440000 53013,null
IND,2024-12-17 15:54,45,32,60.11,280,9,0,30.28,1025.8,10,null,SCT,null,null,null,20000,null,null,null,null,null,null,null,null,null,null,39.68,KIND 171554Z 28009KT 10SM SCT200 07/00 A3028 RMK AO2 SLP258 T00720000,null
IND,2024-12-17 16:54,46,30,53.37,300,12,0,30.28,1025.6,10,22,SCT,null,null,null,20000,null,null,null,null,null,null,null,null,null,null,39.82,KIND 171654Z 30012G22KT 10SM SCT200 08/M01 A3028 RMK AO2 SLP256 T00781011 $,null
IND,2024-12-17 17:54,49,31,49.65,290,10,0,30.27,1025.3,10,null,BKN,null,null,null,20000,null,null,null,null,null,null,null,null,null,null,44.29,KIND 171754Z 29010KT 10SM BKN200 09/M01 A3027 RMK AO2 SLP253 T00941006 10094 20006 50001 $,null
IND,2024-12-17 18:54,50,30,45.93,290,7,0,30.25,1024.9,10,null,BKN,null,null,null,23000,null,null,null,null,null,null,null,null,null,null,50,KIND 171854Z 29007KT 10SM BKN230 10/M01 A3025 RMK AO2 SLP249 T01001011 $,null
IND,2024-12-17 19:54,51,28,40.78,270,11,0,30.25,1024.6,10,null,BKN,null,null,null,23000,null,null,null,null,null,null,null,null,null,null,51,KIND 171954Z 27011KT 10SM BKN230 11/M02 A3025 RMK AO2 SLP246 T01061022 $,null
IND,2024-12-17 20:54,51,29,42.49,250,5,0,30.25,1024.6,10,null,BKN,null,null,null,25000,null,null,null,null,null,null,null,null,null,null,51,KIND 172054Z 25005KT 10SM BKN250 11/M02 A3025 RMK AO2 SLP246 T01061017 56007 $,null
IND,2024-12-17 21:54,47,29,49.34,250,6,0,30.26,1025.2,10,null,BKN,null,null,null,25000,null,null,null,null,null,null,null,null,null,null,43.6,KIND 172154Z 25006KT 10SM BKN250 08/M02 A3026 RMK AO2 SLP252 T00831017 $,null
IND,2024-12-17 22:54,45,27,49.02,230,3,0,30.26,1025.2,10,null,SCT,null,null,null,25000,null,null,null,null,null,null,null,null,null,null,43.55,KIND 172254Z 23003KT 10SM SCT250 07/M03 A3026 RMK AO2 SLP252 T00721028 $,null
IND,2024-12-17 23:54,45,28,51.08,210,4,0,30.26,1025.1,10,null,SCT,null,null,null,25000,null,null,null,null,null,null,null,null,null,null,42.6,KIND 172354Z 21004KT 10SM SCT250 07/M02 A3026 RMK AO2 SLP251 T00721022 10106 20056 50004 $,null
IND,2024-12-18 0:54,44,28,53.07,0,0,0,30.25,1024.9,10,null,SCT,null,null,null,25000,null,null,null,null,null,null,null,null,null,null,44,KIND 180054Z 00000KT 10SM SCT250 07/M02 A3025 RMK AO2 SLP249 T00671022 $,null
IND,2024-12-18 1:54,40,28,61.91,0,0,0,30.25,1024.8,10,null,BKN,null,null,null,22000,null,null,null,null,null,null,null,null,null,null,40,KIND 180154Z 00000KT 10SM BKN220 04/M02 A3025 RMK AO2 SLP248 T00441022 $,null
IND,2024-12-18 2:54,37,28,69.63,0,0,0,30.24,1024.6,10,null,OVC,null,null,null,22000,null,null,null,null,null,null,null,null,null,null,37,KIND 180254Z 00000KT 10SM OVC220 03/M02 A3024 RMK AO2 SLP246 T00281022 56005 $,null
IND,2024-12-18 3:54,37,30,75.56,320,6,0,30.24,1024.4,10,null,BKN,BKN,null,null,10000,22000,null,null,null,null,null,null,null,null,null,31.55,KIND 180354Z 32006KT 10SM BKN100 BKN220 03/M01 A3024 RMK AO2 SLP244 T00281011 $,null
IND,2024-12-18 4:54,37,32,81.93,290,3,0,30.23,1024.2,10,null,BKN,OVC,null,null,8000,11000,null,null,null,null,null,null,null,null,null,34.4,KIND 180454Z 29003KT 10SM BKN080 OVC110 03/00 A3023 RMK AO2 SLP242 T00280000 401060006 $,null
IND,2024-12-18 5:54,40,32,72.85,70,4,0,30.2,1022.9,10,null,BKN,OVC,null,null,8000,15000,null,null,null,null,null,null,null,null,null,36.76,KIND 180554Z 07004KT 10SM BKN080 OVC150 04/00 A3020 RMK AO2 PRESFR SLP229 T00440000 10072 20022 58014 $,null
IND,2024-12-18 6:54,40,32,72.85,10,8,0,30.19,1022.7,10,null,OVC,null,null,null,7000,null,null,null,null,null,null,null,null,null,null,33.97,KIND 180654Z 01008KT 10SM OVC070 04/00 A3019 RMK AO2 SLP227 T00440000 $,null
IND,2024-12-18 7:54,40,33,75.84,50,6,0.01,30.18,1022.2,10,null,BKN,OVC,null,null,7000,8000,null,null,#NAME?,null,null,null,null,null,null,35.17,KIND 180754Z 05006KT 10SM -RA BKN070 OVC080 04/01 A3018 RMK AO2 RAB32 SLP222 P0001 T00440006 $,null
IND,2024-12-18 8:54,39,34,82.08,30,5,0.01,30.16,1021.7,10,null,BKN,OVC,null,null,5000,7500,null,null,#NAME?,null,null,null,null,null,null,34.71,KIND 180854Z 03005KT 10SM -RA BKN050 OVC075 04/01 A3016 RMK AO2 SLP217 P0001 60002 T00390011 58012 $,null
IND,2024-12-18 9:54,39,34,82.08,10,8,0.01,30.14,1021.1,10,null,OVC,null,null,null,4900,null,null,null,null,null,null,null,null,null,null,32.74,KIND 180954Z 01008KT 10SM OVC049 04/01 A3014 RMK AO2 RAE45 SLP211 P0001 T00390011 $,null
IND,2024-12-18 10:54,38,35,88.83,30,9,T,30.13,1020.8,10,null,OVC,null,null,null,4300,null,null,null,#NAME?,null,null,null,null,null,null,30.97,KIND 181054Z 03009KT 10SM -RA OVC043 03/02 A3013 RMK AO2 RAB01E19B44 SLP208 P0000 T00330017 $,null
IND,2024-12-18 11:54,39,35,85.42,40,7,T,30.14,1021.1,10,null,BKN,OVC,null,null,4000,4800,null,null,null,null,null,null,null,null,null,33.31,KIND 181154Z 04007KT 10SM BKN040 OVC048 04/02 A3014 RMK AO2 RAE1056 SLP211 P0000 60003 70003 T00390017 10050 20033 55006 $,null
IND,2024-12-18 12:54,39,34,82.08,20,7,0,30.14,1021,10,null,FEW,OVC,null,null,2000,4200,null,null,null,null,null,null,null,null,null,33.31,KIND 181254Z 02007KT 10SM FEW020 OVC042 04/01 A3014 RMK AO2 SLP210 T00390011 $,null
IND,2024-12-18 13:54,40,34,78.94,340,9,0,30.16,1021.8,10,null,FEW,OVC,null,null,2000,4800,null,null,null,null,null,null,null,null,null,33.46,KIND 181354Z 34009KT 10SM FEW020 OVC048 04/01 A3016 RMK AO2 SLP218 T00440011 $,null
IND,2024-12-18 14:54,39,34,82.08,340,10,0,30.18,1022.5,10,null,FEW,OVC,null,null,2500,5500,null,null,null,null,null,null,null,null,null,31.75,KIND 181454Z 34010KT 10SM FEW025 OVC055 04/01 A3018 RMK AO2 SLP225 T00390011 53012 $,null
IND,2024-12-18 15:54,39,34,82.08,350,9,0,30.2,1023.2,10,null,BKN,null,null,null,6000,null,null,null,null,null,null,null,null,null,null,32.22,KIND 181554Z 35009KT 10SM BKN060 04/01 A3020 RMK AO2 SLP232 T00390011,null
IND,2024-12-18 16:54,41,34,75.94,340,12,0,30.21,1023.6,10,null,FEW,SCT,BKN,null,5000,10000,22000,null,null,null,null,null,null,null,null,33.46,KIND 181654Z 34012KT 10SM FEW050 SCT100 BKN220 05/01 A3021 RMK AO2 SLP236 T00500011,null
IND,2024-12-18 17:54,41,34,75.94,330,12,0,30.19,1022.8,9,null,SCT,SCT,BKN,null,1700,8500,22000,null,null,null,null,null,null,null,null,33.46,KIND 181754Z 33012KT 9SM SCT017 SCT085 BKN220 05/01 A3019 RMK AO2 SLP228 T00500011 10050 20039 50004,null
IND,2024-12-18 18:18,40,33,75.84,330,16,0,30.19,null,9,null,BKN,BKN,null,null,1600,8500,null,null,null,null,null,null,null,null,null,30.85,KIND 181818Z 33016KT 9SM BKN016 BKN085 04/01 A3019 RMK AO2 T00440006,null
IND,2024-12-18 18:47,39,32,75.75,340,13,0,30.2,null,10,21,OVC,null,null,null,1400,null,null,null,null,null,null,null,null,null,null,30.54,KIND 181847Z 34013G21KT 10SM OVC014 04/00 A3020 RMK AO2 T00390000,null
IND,2024-12-18 18:54,38,33,82,350,13,0,30.2,1023.2,10,null,OVC,null,null,null,1400,null,null,null,null,null,null,null,null,null,null,29.26,KIND 181854Z 35013KT 10SM OVC014 03/01 A3020 RMK AO2 SLP232 T00330006,null
IND,2024-12-18 19:54,38,33,82,310,13,0,30.21,1023.5,10,null,OVC,null,null,null,1200,null,null,null,null,null,null,null,null,null,null,29.26,KIND 181954Z 31013KT 10SM OVC012 03/01 A3021 RMK AO2 SLP235 T00330006,null
IND,2024-12-18 20:43,37,33,85.29,300,13,0,30.23,null,9,null,OVC,null,null,null,900,null,null,null,null,null,null,null,null,null,null,27.97,KIND 182043Z 30013KT 9SM OVC009 03/01 A3023 RMK AO2 CIG 009V012 T00280006,null
IND,2024-12-18 20:54,37,33,85.29,310,14,0,30.23,1024.4,8,null,OVC,null,null,null,900,null,null,null,null,null,null,null,null,null,null,27.61,KIND 182054Z 31014KT 8SM OVC009 03/01 A3023 RMK AO2 SLP244 T00280006 53015,null
IND,2024-12-18 21:24,36,31,81.86,320,13,0,30.25,null,10,null,OVC,null,null,null,1000,null,null,null,null,null,null,null,null,null,null,26.69,KIND 182124Z 32013KT 10SM OVC010 02/M01 A3025 RMK AO2 T00221006,null
IND,2024-12-18 21:54,37,32,81.93,310,9,0,30.26,1025.4,10,null,OVC,null,null,null,1400,null,null,null,null,null,null,null,null,null,null,29.73,KIND 182154Z 31009KT 10SM OVC014 03/00 A3026 RMK AO2 SLP254 T00280000,null
IND,2024-12-18 22:33,37,31,78.69,310,10,0,30.27,null,10,null,OVC,null,null,null,1800,null,null,null,null,null,null,null,null,null,null,29.24,KIND 182233Z 31010KT 10SM OVC018 03/M01 A3027 RMK AO2 T00281006,null
IND,2024-12-18 22:54,37,31,78.69,310,10,0,30.28,1026,10,null,OVC,null,null,null,1800,null,null,null,null,null,null,null,null,null,null,29.24,KIND 182254Z 31010KT 10SM OVC018 03/M01 A3028 RMK AO2 SLP260 T00281006,null
IND,2024-12-18 23:54,36,29,75.46,300,10,0,30.3,1026.6,10,null,OVC,null,null,null,2200,null,null,null,null,null,null,null,null,null,null,27.98,KIND 182354Z 30010KT 10SM OVC022 02/M02 A3030 RMK AO2 SLP266 T00221017 10050 20022 51022,null
IND,2024-12-19 0:54,34,28,78.43,300,12,0,30.32,1027.3,10,null,OVC,null,null,null,2300,null,null,null,null,null,null,null,null,null,null,24.55,KIND 190054Z 30012KT 10SM OVC023 01/M02 A3032 RMK AO2 SLP273 T00111022,null
IND,2024-12-19 1:54,32,26,78.25,320,10,0,30.33,1027.6,10,null,OVC,null,null,null,1800,null,null,null,null,null,null,null,null,null,null,22.97,KIND 190154Z 32010KT 10SM OVC018 00/M03 A3033 RMK AO2 SLP276 T00001033,null
IND,2024-12-19 2:54,30,24,78.07,280,12,0,30.35,1028.5,10,null,OVC,null,null,null,1800,null,null,null,null,null,null,null,null,null,null,19.46,KIND 190254Z 28012KT 10SM OVC018 M01/M04 A3035 RMK AO2 SLP285 T10111044 53017,null
IND,2024-12-19 3:14,30,24,78.07,310,11,0,30.35,null,10,18,OVC,null,null,null,1800,null,null,null,null,null,null,null,null,null,null,19.94,KIND 190314Z 31011G18KT 10SM OVC018 M01/M04 A3035 RMK AO2 WSHFT 0254 T10111044,null
IND,2024-12-19 3:54,30,23,74.87,310,8,0,30.35,1028.4,10,null,OVC,null,null,null,1700,null,null,null,null,null,null,null,null,null,null,21.65,KIND 190354Z 31008KT 10SM OVC017 M01/M05 A3035 RMK AO2 WSHFT 0254 SLP284 T10111050,null
IND,2024-12-19 4:54,30,23,74.87,300,7,0,30.36,1028.7,10,null,OVC,null,null,null,2000,null,null,null,null,null,null,null,null,null,null,22.34,KIND 190454Z 30007KT 10SM OVC020 M01/M05 A3036 RMK AO2 SLP287 T10111050 400501011,null
IND,2024-12-19 5:54,30,23,74.87,280,3,0,30.34,1027.9,10,null,OVC,null,null,null,2000,null,null,null,null,null,null,null,null,null,null,26.4,KIND 190554Z 28003KT 10SM OVC020 M01/M05 A3034 RMK AO2 SLP279 T10111050 10022 21011 58005,null
IND,2024-12-19 6:54,30,23,74.87,290,3,0,30.33,1027.7,10,null,OVC,null,null,null,2100,null,null,null,null,null,null,null,null,null,null,26.4,KIND 190654Z 29003KT 10SM OVC021 M01/M05 A3033 RMK AO2 SLP277 T10111050,null
IND,2024-12-19 7:54,30,23,74.87,300,5,0,30.34,1028.2,10,null,OVC,null,null,null,2200,null,null,null,null,null,null,null,null,null,null,24.02,KIND 190754Z 30005KT 10SM OVC022 M01/M05 A3034 RMK AO2 SLP282 T10111050,null
IND,2024-12-19 8:54,30,23,74.87,310,4,0,30.35,1028.4,10,null,OVC,null,null,null,2200,null,null,null,null,null,null,null,null,null,null,25.08,KIND 190854Z 31004KT 10SM OVC022 M01/M05 A3035 RMK AO2 SLP284 T10111050 53005,null
IND,2024-12-19 9:54,30,23,74.87,310,3,0,30.34,1028.2,10,null,OVC,null,null,null,2200,null,null,null,null,null,null,null,null,null,null,26.4,KIND 190954Z 31003KT 10SM OVC022 M01/M05 A3034 RMK AO2 SLP282 T10111050,null
IND,2024-12-19 10:54,30,23,74.87,340,4,0,30.34,1028.2,10,null,OVC,null,null,null,2300,null,null,null,null,null,null,null,null,null,null,25.08,KIND 191054Z 34004KT 10SM OVC023 M01/M05 A3034 RMK AO2 SLP282 T10111050,null
IND,2024-12-19 11:54,30,23,74.87,0,0,0,30.33,1028,10,null,OVC,null,null,null,2000,null,null,null,null,null,null,null,null,null,null,30,KIND 191154Z 00000KT 10SM OVC020 M01/M05 A3033 RMK AO2 SLP280 T10111050 11011 21011 57005,null
IND,2024-12-19 12:54,30,23,74.87,0,0,0,30.33,1028,10,null,SCT,OVC,null,null,1900,2400,null,null,null,null,null,null,null,null,null,30,KIND 191254Z 00000KT 10SM SCT019 OVC024 M01/M05 A3033 RMK AO2 SLP280 T10111050,null
IND,2024-12-19 13:54,30,24,78.07,0,0,0,30.34,1028,10,null,FEW,OVC,null,null,1800,2500,null,null,null,null,null,null,null,null,null,30,KIND 191354Z 00000KT 10SM FEW018 OVC025 M01/M04 A3034 RMK AO2 SLP280 T10111044,null
IND,2024-12-19 14:54,31,25,78.16,160,3,0,30.33,1027.7,10,null,OVC,null,null,null,2300,null,null,null,null,null,null,null,null,null,null,27.55,KIND 191454Z 16003KT 10SM OVC023 M01/M04 A3033 RMK AO2 SLP277 T10061039 58003,null
IND,2024-12-19 15:54,32,25,75.07,160,7,0,30.31,1027.1,10,null,OVC,null,null,null,2200,null,null,null,null,null,null,null,null,null,null,24.78,KIND 191554Z 16007KT 10SM OVC022 00/M04 A3031 RMK AO2 SLP271 T00001039,null
IND,2024-12-19 16:54,32,24,72,200,5,0,30.29,1026.6,10,null,OVC,null,null,null,2000,null,null,null,null,null,null,null,null,null,null,26.4,KIND 191654Z 20005KT 10SM OVC020 00/M04 A3029 RMK AO2 SLP266 T00001044,null
IND,2024-12-19 17:54,34,25,69.28,170,5,0,30.25,1025.2,10,null,BKN,null,null,null,2100,null,null,null,null,null,null,null,null,null,null,28.77,KIND 191754Z 17005KT 10SM BKN021 01/M04 A3025 RMK AO2 PRESFR SLP252 T00111039 10011 21011 58025,null
IND,2024-12-19 18:23,34,24,66.45,170,7,0,30.22,null,10,null,SCT,BKN,null,null,2200,13000,null,null,null,null,null,null,null,null,null,27.22,KIND 191823Z 17007KT 10SM SCT022 BKN130 01/M04 A3022 RMK AO2 T00111044,null
IND,2024-12-19 18:54,35,25,66.57,180,9,0,30.2,1023.4,10,null,FEW,SCT,SCT,null,2200,13000,20000,null,null,null,null,null,null,null,null,27.24,KIND 191854Z 18009KT 10SM FEW022 SCT130 SCT200 02/M04 A3020 RMK AO2 SLP234 T00171039,null
IND,2024-12-19 19:54,37,25,61.5,200,7,0,30.18,1022.6,10,null,FEW,FEW,SCT,null,2200,13000,25000,null,null,null,null,null,null,null,null,30.87,KIND 191954Z 20007KT 10SM FEW022 FEW130 SCT250 03/M04 A3018 RMK AO2 SLP226 T00281039,null
IND,2024-12-19 20:54,38,26,61.64,160,10,0,30.14,1021.2,10,null,FEW,SCT,BKN,null,2200,13000,25000,null,null,null,null,null,null,null,null,30.49,KIND 192054Z 16010KT 10SM FEW022 SCT130 BKN250 03/M03 A3014 RMK AO2 SLP212 T00331033 56037,null
IND,2024-12-19 21:54,37,26,64.11,160,8,0,30.13,1021.1,10,null,FEW,SCT,BKN,null,2200,13000,23000,null,null,null,null,null,null,null,null,30.27,KIND 192154Z 16008KT 10SM FEW022 SCT130 BKN230 03/M03 A3013 RMK AO2 SLP211 T00281033,null
IND,2024-12-19 22:54,37,27,66.82,140,7,0,30.13,1021,10,null,FEW,BKN,null,null,13000,20000,null,null,null,null,null,null,null,null,null,30.87,KIND 192254Z 14007KT 10SM FEW130 BKN200 03/M03 A3013 RMK AO2 SLP210 T00281028,null
IND,2024-12-19 23:54,36,28,72.43,140,10,0,30.11,1020.3,10,null,BKN,null,null,null,20000,null,null,null,null,null,null,null,null,null,null,27.98,KIND 192354Z 14010KT 10SM BKN200 02/M02 A3011 RMK AO2 SLP203 T00221022 10033 20006 58010,null
IND,2024-12-20 0:54,35,29,78.51,150,8,0,30.1,1019.9,10,null,BKN,OVC,null,null,15000,20000,null,null,null,null,null,null,null,null,null,27.81,KIND 200054Z 15008KT 10SM BKN150 OVC200 02/M02 A3010 RMK AO2 SLP199 T00171017,null
IND,2024-12-20 1:54,34,29,81.71,170,7,0,30.09,1019.7,10,null,SCT,OVC,null,null,15000,20000,null,null,null,null,null,null,null,null,null,27.22,KIND 200154Z 17007KT 10SM SCT150 OVC200 01/M02 A3009 RMK AO2 SLP197 T00111017,null
IND,2024-12-20 2:54,35,29,78.51,160,6,0,30.07,1019,10,null,OVC,null,null,null,4200,null,null,null,null,null,null,null,null,null,null,29.14,KIND 200254Z 16006KT 10SM OVC042 02/M02 A3007 RMK AO2 SLP190 T00171017 58013,null
IND,2024-12-20 3:54,35,29,78.51,160,7,0,30.04,1017.9,10,null,OVC,null,null,null,2900,null,null,null,null,null,null,null,null,null,null,28.44,KIND 200354Z 16007KT 10SM OVC029 02/M02 A3004 RMK AO2 SLP179 T00171017,null
IND,2024-12-20 4:23,36,29,75.46,160,9,0,30.02,null,10,null,SCT,OVC,null,null,2900,3500,null,null,null,null,null,null,null,null,null,28.49,KIND 200423Z 16009KT 10SM SCT029 OVC035 02/M02 A3002 RMK AO2 T00221017,null
IND,2024-12-20 4:54,35,29,78.51,180,9,0,30.01,1017,10,null,FEW,SCT,BKN,null,3800,6000,7000,null,null,null,null,null,null,null,null,27.24,KIND 200454Z 18009KT 10SM FEW038 SCT060 BKN070 02/M02 A3001 RMK AO2 SLP170 T00171017 400331011,null
IND,2024-12-20 5:54,35,29,78.51,180,8,0,29.98,1015.8,10,null,FEW,BKN,null,null,3800,9000,null,null,null,null,null,null,null,null,null,27.81,KIND 200554Z 18008KT 10SM FEW038 BKN090 02/M02 A2998 RMK AO2 SLP158 T00171017 10022 20011 58030,null
IND,2024-12-20 6:54,35,30,81.78,150,7,0,29.94,1014.6,10,null,BKN,OVC,null,null,6500,11000,null,null,null,null,null,null,null,null,null,28.44,KIND 200654Z 15007KT 10SM BKN065 OVC110 02/M01 A2994 RMK AO2 SLP146 T00171011,null
IND,2024-12-20 7:54,35,30,81.78,160,7,T,29.92,1013.9,10,null,SCT,OVC,null,null,7500,10000,null,null,null,null,null,null,null,null,null,28.44,KIND 200754Z 16007KT 10SM SCT075 OVC100 02/M01 A2992 RMK AO2 RAB09E18 SLP139 P0000 T00171011,null
IND,2024-12-20 8:54,35,31,85.17,180,5,T,29.93,1013.9,10,null,FEW,SCT,OVC,null,1900,4300,6000,null,#NAME?,null,null,null,null,null,null,29.96,KIND 200854Z 18005KT 10SM -RA FEW019 SCT043 OVC060 02/M01 A2993 RMK AO2 RAB48 SLP139 P0000 60000 T00171006 55018,null
IND,2024-12-20 9:02,35,31,85.17,190,5,T,29.92,null,9,null,BKN,BKN,OVC,null,1700,4300,6000,null,#NAME?,null,null,null,null,null,null,29.96,KIND 200902Z 19005KT 9SM -RA BKN017 BKN043 OVC060 02/M01 A2992 RMK AO2 P0000 T00171006,null
IND,2024-12-20 9:50,35.6,33.8,93.08,210,6,T,29.91,null,9,null,OVC,null,null,null,1400,null,null,null,#NAME?,null,null,null,null,null,null,29.87,KIND 200950Z 21006KT 9SM -RA OVC014 02/01 A2991 RMK AO2 P0000,null
IND,2024-12-20 9:54,36,33,88.73,210,6,T,29.91,1013.4,8,null,OVC,null,null,null,1200,null,null,null,#NAME?,null,null,null,null,null,null,30.35,KIND 200954Z 21006KT 8SM -RA OVC012 02/01 A2991 RMK AO2 SLP134 P0000 T00220006,null
IND,2024-12-20 10:54,36,34,92.35,260,7,0.05,29.9,1013.1,8,null,OVC,null,null,null,1000,null,null,null,#NAME?,null,null,null,null,null,null,29.65,KIND 201054Z 26007KT 8SM -RA OVC010 02/01 A2990 RMK AO2 SLP131 P0005 T00220011,null
IND,2024-12-20 11:00,36,34,92.35,270,9,T,29.91,null,8,null,OVC,null,null,null,900,null,null,null,#NAME?,null,null,null,null,null,null,28.49,KIND 201100Z 27009KT 8SM -RA OVC009 02/01 A2991 RMK AO2 P0000 T00220011,null
IND,2024-12-20 11:33,36,34,92.35,290,18,0.01,29.92,null,9,23,OVC,null,null,null,800,null,null,null,#NAME?,null,null,null,null,null,null,25.01,KIND 201133Z 29018G23KT 9SM -PL OVC008 02/01 A2992 RMK AO2 PLB21 P0001 T00220011,null
IND,2024-12-20 11:44,35,33,92.32,290,15,0.01,29.92,null,8,24,OVC,null,null,null,700,null,null,null,#NAME?,null,null,null,null,null,null,24.67,KIND 201144Z 29015G24KT 8SM -SN OVC007 02/01 A2992 RMK AO2 PLB21E42SNB42 P0001 T00170006,null
IND,2024-12-20 11:54,34,32,92.29,290,19,0.01,29.93,1014,8,24,OVC,null,null,null,700,null,null,null,#NAME?,null,null,null,null,null,null,22.08,KIND 201154Z 29019G24KT 8SM -SN OVC007 01/00 A2993 RMK AO2 CIG 006V010 SLP140 PLB21E42SNB42 P0001 60006 70006 T00110000 10022 20011 53005,null
IND,2024-12-20 12:21,33,31,92.25,310,15,T,29.93,null,9,22,OVC,null,null,null,800,null,null,null,null,null,null,null,null,null,null,22.08,KIND 201221Z 31015G22KT 9SM OVC008 01/M01 A2993 RMK AO2 SNE20 CIG 006V011 P0000 T00061006,null
IND,2024-12-20 12:54,32,30,92.22,300,13,T,29.94,1014.6,8,null,OVC,null,null,null,600,null,null,null,null,null,null,null,null,null,null,21.57,KIND 201254Z 30013KT 8SM OVC006 00/M01 A2994 RMK AO2 SNE20 SLP146 P0000 T00001011,null
IND,2024-12-20 13:24,31,29,92.19,300,16,T,29.96,null,7,22,OVC,null,null,null,600,null,null,null,GS,null,null,null,null,null,null,19.11,KIND 201324Z 30016G22KT 7SM GS OVC006 M01/M02 A2996 RMK AO2 GSB23 GS LGT P0000 T10061017,null
IND,2024-12-20 13:34,31,29,92.19,290,19,T,29.96,null,6,25,OVC,null,null,null,600,null,null,null,BR,null,null,null,null,null,null,18.11,KIND 201334Z 29019G25KT 6SM BR OVC006 M01/M02 A2996 RMK AO2 GSB23E34 P0000 T10061017,null
IND,2024-12-20 13:54,30,28,92.15,290,15,T,29.97,1015.5,6,null,OVC,null,null,null,600,null,null,null,BR,null,null,null,null,null,null,18.19,KIND 201354Z 29015KT 6SM BR OVC006 M01/M02 A2997 RMK AO2 GSB23E34 CIG 005V009 SLP155 P0000 T10111022,null
IND,2024-12-20 14:38,30,28,92.15,280,14,T,29.98,null,9,null,OVC,null,null,null,900,null,null,null,#NAME?,null,null,null,27,280,2024-12-20 13:55,18.58,KIND 201438Z 28014KT 9SM -SN OVC009 M01/M02 A2998 RMK AO2 PK WND 28027/1355 SNB37 P0000 T10111022,null
IND,2024-12-20 14:54,30,28,92.15,280,13,T,29.99,1016.3,5,19,OVC,null,null,null,900,null,null,null,#NAME?,null,null,null,27,280,2024-12-20 13:55,19.01,KIND 201454Z 28013G19KT 5SM -SN BR OVC009 M01/M02 A2999 RMK AO2 PK WND 28027/1355 SNB37 CIG 009V013 SLP163 P0000 60000 T10111022 53022,null
IND,2024-12-20 15:13,31,28,88.48,270,14,T,30,null,1.25,null,OVC,null,null,null,1100,null,null,null,#NAME?,null,null,null,null,null,null,19.87,KIND 201513Z 27014KT 1 1/4SM -SN BR OVC011 M01/M02 A3000 RMK AO2 P0000 T10061022,null
IND,2024-12-20 15:52,30.2,28.4,92.92,270,11,0.01,30.01,null,2.5,null,BKN,OVC,null,null,1500,2100,null,null,#NAME?,null,null,null,null,null,null,20.19,KIND 201552Z 27011KT 2 1/2SM -SN BR BKN015 OVC021 M01/M02 A3001 RMK AO2 P0001,null
IND,2024-12-20 15:54,31,28,88.48,270,14,0.01,30.01,1017.1,2.5,null,BKN,OVC,null,null,1500,2100,null,null,#NAME?,null,null,null,null,null,null,19.87,KIND 201554Z 27014KT 2 1/2SM -SN BR BKN015 OVC021 M01/M02 A3001 RMK AO2 SLP171 P0001 T10061022,null
IND,2024-12-20 16:01,31,28,88.48,270,12,T,30.02,null,3,null,BKN,OVC,null,null,1300,2100,null,null,#NAME?,null,null,null,null,null,null,20.73,KIND 201601Z 27012KT 3SM -SN BR BKN013 OVC021 M01/M02 A3002 RMK AO2 P0000 T10061022,null
IND,2024-12-20 16:39,32,29,88.53,280,13,T,30.02,null,1.75,null,OVC,null,null,null,1000,null,null,null,#NAME?,null,null,null,null,null,null,21.57,KIND 201639Z 28013KT 1 3/4SM -SN BR OVC010 00/M02 A3002 RMK AO2 CIG 008V013 P0000 T00001017,null
IND,2024-12-20 16:54,32,30,92.22,290,11,T,30.02,1017.3,0.75,null,OVC,null,null,null,1000,null,null,null,#NAME?,null,null,null,null,null,null,22.47,KIND 201654Z 29011KT 3/4SM R05L/6000VP6000FT -SN BR OVC010 00/M01 A3002 RMK AO2 SFC VIS 1 CIG 007V014 SLP173 P0000 T00001011,null
IND,2024-12-20 17:04,32,30,92.22,290,12,T,30.03,null,0.75,null,OVC,null,null,null,900,null,null,null,#NAME?,null,null,null,null,null,null,22,KIND 201704Z 29012KT 3/4SM R05L/P6000FT -SN BR OVC009 00/M01 A3003 RMK AO2 SFC VIS 1 CIG 006V014 P0000 T00001011,null
IND,2024-12-20 17:36,33,31,92.25,310,15,0.01,30.03,null,3,24,OVC,null,null,null,900,null,null,null,#NAME?,null,null,null,null,null,null,22.08,KIND 201736Z 31015G24KT 3SM -SN OVC009 01/M01 A3003 RMK AO2 SFC VIS 7 CIG 005V012 P0001 T00061006,null
IND,2024-12-20 17:44,34,31,88.63,330,15,0.01,30.04,null,3,null,OVC,null,null,null,1000,null,null,null,#NAME?,null,null,null,null,null,null,23.37,KIND 201744Z 33015KT 3SM -SN OVC010 01/M01 A3004 RMK AO2 SFC VIS 9 CIG 006V012 P0001 T00111006,null
IND,2024-12-20 17:54,34,31,88.63,330,17,0.01,30.04,1017.9,3,28,OVC,null,null,null,1000,null,null,null,#NAME?,null,null,null,28,340,2024-12-20 17:52,22.7,KIND 201754Z 33017G28KT 3SM -SN OVC010 01/M01 A3004 RMK AO2 PK WND 34028/1752 SFC VIS 9 SLP179 P0001 60002 T00111006 10011 21011 51016,null
IND,2024-12-20 18:34,34,31,88.63,330,17,T,30.06,null,9,26,OVC,null,null,null,1300,null,null,null,null,null,null,null,28,320,2024-12-20 18:07,22.7,KIND 201834Z 33017G26KT 9SM OVC013 01/M01 A3006 RMK AO2 PK WND 32028/1807 SNE34 P0000 T00111006,null
IND,2024-12-20 18:54,34,30,85.11,330,17,T,30.06,1018.7,10,27,OVC,null,null,null,1400,null,null,null,null,null,null,null,28,320,2024-12-20 18:07,22.7,KIND 201854Z 33017G27KT 10SM OVC014 01/M01 A3006 RMK AO2 PK WND 32028/1807 SNE34 SLP187 P0000 T00111011,null
IND,2024-12-20 19:17,34,30,85.11,330,18,0,30.08,null,10,27,OVC,null,null,null,1500,null,null,null,null,null,null,null,27,330,2024-12-20 19:17,22.38,KIND 201917Z 33018G27KT 10SM OVC015 01/M01 A3008 RMK AO2 PK WND 33027/1917 T00111011,null
IND,2024-12-20 19:54,34,29,81.71,330,16,0,30.11,1020.3,10,25,OVC,null,null,null,1600,null,null,null,null,null,null,null,27,330,2024-12-20 19:17,23.03,KIND 201954Z 33016G25KT 10SM OVC016 01/M02 A3011 RMK AO2 PK WND 33027/1917 SLP203 T00111017,null
IND,2024-12-20 20:54,34,29,81.71,340,20,0,30.15,1021.6,10,28,OVC,null,null,null,1600,null,null,null,null,null,null,null,28,340,2024-12-20 20:53,21.8,KIND 202054Z 34020G28KT 10SM OVC016 01/M02 A3015 RMK AO2 PK WND 34028/2053 SLP216 60000 T00111017 53037,null
IND,2024-12-20 21:54,34,28,78.43,350,13,0,30.2,1023.2,10,null,BKN,null,null,null,2100,null,null,null,null,null,null,null,29,340,2024-12-20 20:56,24.13,KIND 202154Z 35013KT 10SM BKN021 01/M02 A3020 RMK AO2 PK WND 34029/2056 SLP232 T00111022,null
IND,2024-12-20 22:54,33,27,78.34,340,12,0,30.24,1024.6,10,null,FEW,BKN,null,null,2100,2900,null,null,null,null,null,null,27,330,2024-12-20 22:05,23.27,KIND 202254Z 34012KT 10SM FEW021 BKN029 01/M03 A3024 RMK AO2 PK WND 33027/2205 SLP246 T00061028,null
IND,2024-12-20 23:14,33,27,78.34,340,10,0,30.25,null,10,null,BKN,null,null,null,3400,null,null,null,null,null,null,null,null,null,null,24.22,KIND 202314Z 34010KT 10SM BKN034 01/M03 A3025 RMK AO2 T00061028,null
IND,2024-12-20 23:54,34,27,75.26,340,13,0,30.26,1025.2,10,null,FEW,OVC,null,null,2400,3200,null,null,null,null,null,null,null,null,null,24.13,KIND 202354Z 34013KT 10SM FEW024 OVC032 01/M03 A3026 RMK AO2 SLP252 60000 T00111028 10011 20006 51035,null
IND,2024-12-21 0:54,33,27,78.34,330,14,0,30.28,1026.2,10,null,SCT,OVC,null,null,2200,4000,null,null,null,null,null,null,null,null,null,22.45,KIND 210054Z 33014KT 10SM SCT022 OVC040 01/M03 A3028 RMK AO2 SLP262 T00061028,null
IND,2024-12-21 1:21,33,27,78.34,330,13,0,30.29,null,10,null,BKN,OVC,null,null,2500,3200,null,null,null,null,null,null,null,null,null,22.85,KIND 210121Z 33013KT 10SM BKN025 OVC032 01/M03 A3029 RMK AO2 T00061028,null
IND,2024-12-21 1:54,32,27,81.55,320,11,0,30.29,1026.6,10,null,SCT,OVC,null,null,1700,2300,null,null,null,null,null,null,null,null,null,22.47,KIND 210154Z 32011KT 10SM SCT017 OVC023 00/M03 A3029 RMK AO2 SLP266 T00001028,null
IND,2024-12-21 2:54,33,27,78.34,360,7,0,30.31,1027.2,10,null,BKN,OVC,null,null,1700,3000,null,null,null,null,null,null,null,null,null,26,KIND 210254Z 36007KT 10SM BKN017 OVC030 01/M03 A3031 RMK AO2 SLP272 T00061028 51019,null
IND,2024-12-21 3:52,30.2,24.8,80.07,350,11,0,30.32,null,10,null,FEW,SCT,OVC,null,1700,2400,4000,null,null,null,null,null,null,null,null,20.19,KIND 210352Z 35011KT 10SM FEW017 SCT024 OVC040 M01/M04 A3032 RMK AO2,null
IND,2024-12-21 3:54,31,24,74.97,350,11,0,30.32,1027.5,10,null,FEW,SCT,OVC,null,1700,2400,4000,null,null,null,null,null,null,null,null,21.2,KIND 210354Z 35011KT 10SM FEW017 SCT024 OVC040 M01/M04 A3032 RMK AO2 SLP275 T10061044,null
IND,2024-12-21 4:54,30,23,74.87,360,11,0,30.32,1027.5,10,null,BKN,null,null,null,3300,null,null,null,null,null,null,null,null,null,null,19.94,KIND 210454Z 36011KT 10SM BKN033 M01/M05 A3032 RMK AO2 SLP275 T10111050 400221011,null
IND,2024-12-21 5:54,29,22,74.77,350,9,0,30.32,1027.5,10,null,FEW,SCT,null,null,3200,8500,null,null,null,null,null,null,null,null,null,19.78,KIND 210554Z 35009KT 10SM FEW032 SCT085 M02/M06 A3032 RMK AO2 SLP275 T10171056 10011 21017 51002,null
IND,2024-12-21 6:04,29,23,77.98,360,8,0,30.32,null,10,null,BKN,null,null,null,2100,null,null,null,null,null,null,null,null,null,null,20.42,KIND 210604Z 36008KT 10SM BKN021 M02/M05 A3032 RMK AO2 T10171050,null
IND,2024-12-21 6:42,27,22,81.17,340,8,0,30.32,null,10,null,SCT,null,null,null,2100,null,null,null,null,null,null,null,null,null,null,17.95,KIND 210642Z 34008KT 10SM SCT021 M03/M06 A3032 RMK AO2 T10281056,null
IND,2024-12-21 6:54,27,22,81.17,330,8,0,30.32,1027.6,10,null,FEW,null,null,null,2100,null,null,null,null,null,null,null,null,null,null,17.95,KIND 210654Z 33008KT 10SM FEW021 M03/M06 A3032 RMK AO2 SLP276 T10281056,null
IND,2024-12-21 7:54,26,22,84.59,320,8,0,30.35,1028.8,10,null,FEW,null,null,null,5000,null,null,null,null,null,null,null,null,null,null,16.72,KIND 210754Z 32008KT 10SM FEW050 M03/M06 A3035 RMK AO2 SLP288 T10331056,null
IND,2024-12-21 8:54,29,23,77.98,340,7,0,30.37,1029.1,10,null,OVC,null,null,null,5000,null,null,null,null,null,null,null,null,null,null,21.12,KIND 210854Z 34007KT 10SM OVC050 M02/M05 A3037 RMK AO2 SLP291 T10171050 53016,null
IND,2024-12-21 9:54,29,23,77.98,360,7,0,30.37,1029.2,10,null,OVC,null,null,null,4900,null,null,null,null,null,null,null,null,null,null,21.12,KIND 210954Z 36007KT 10SM OVC049 M02/M05 A3037 RMK AO2 SLP292 T10171050,null
IND,2024-12-21 10:54,27,21,77.8,360,7,0,30.38,1029.7,10,null,BKN,null,null,null,4600,null,null,null,null,null,null,null,null,null,null,18.68,KIND 211054Z 36007KT 10SM BKN046 M03/M06 A3038 RMK AO2 SLP297 T10281061,null
IND,2024-12-21 11:50,26.6,21.2,79.77,340,5,0,30.41,null,10,null,FEW,BKN,null,null,700,4600,null,null,null,null,null,null,null,null,null,19.98,KIND 211150Z 34005KT 10SM FEW007 BKN046 M03/M06 A3041 RMK AO2,null
IND,2024-12-21 11:54,26,21,81.09,350,5,0,30.41,1030.6,10,null,FEW,SCT,null,null,700,4600,null,null,null,null,null,null,null,null,null,19.27,KIND 211154Z 35005KT 10SM FEW007 SCT046 M03/M06 A3041 RMK AO2 SLP306 70002 T10331061 11017 21039 51012,null
IND,2024-12-21 12:54,25,20,81.01,350,3,0,30.42,1031.1,10,null,FEW,SCT,null,null,1100,4500,null,null,null,null,null,null,null,null,null,20.69,KIND 211254Z 35003KT 10SM FEW011 SCT045 M04/M07 A3042 RMK AO2 SLP311 T10391067,null
IND,2024-12-21 13:54,27,22,81.17,290,3,0,30.44,1031.7,10,null,FEW,SCT,null,null,1100,4500,null,null,null,null,null,null,null,null,null,22.97,KIND 211354Z 29003KT 10SM FEW011 SCT045 M03/M06 A3044 RMK AO2 SLP317 T10281056,null
IND,2024-12-21 14:54,29,23,77.98,350,6,0,30.46,1032.3,10,null,FEW,SCT,null,null,1200,4500,null,null,null,null,null,null,null,null,null,21.92,KIND 211454Z 35006KT 10SM FEW012 SCT045 M02/M05 A3046 RMK AO2 SLP323 T10171050 53017,null
IND,2024-12-21 15:06,29,23,77.98,340,7,0,30.46,null,10,null,BKN,null,null,null,1400,null,null,null,null,null,null,null,null,null,null,21.12,KIND 211506Z 34007KT 10SM BKN014 M02/M05 A3046 RMK AO2 T10171050,null
IND,2024-12-21 15:31,29,22,74.77,360,5,0,30.47,null,10,null,BKN,null,null,null,1600,null,null,null,null,null,null,null,null,null,null,22.83,KIND 211531Z 36005KT 10SM BKN016 M02/M06 A3047 RMK AO2 T10171056,null
IND,2024-12-21 15:54,29,22,74.77,330,7,0,30.47,1032.6,10,null,BKN,BKN,null,null,1800,2300,null,null,null,null,null,null,null,null,null,21.12,KIND 211554Z 33007KT 10SM BKN018 BKN023 M02/M06 A3047 RMK AO2 SLP326 T10171056 $,null
IND,2024-12-21 16:46,31,22,68.92,null,3,0,30.45,null,10,null,FEW,null,null,null,2300,null,null,null,null,null,null,null,null,null,null,27.55,KIND 211646Z VRB03KT 10SM FEW023 M01/M06 A3045 RMK AO2 T10061056 $,null
IND,2024-12-21 16:54,31,21,66.07,null,3,0,30.45,1032,10,null,FEW,null,null,null,2100,null,null,null,null,null,null,null,null,null,null,27.55,KIND 211654Z VRB03KT 10SM FEW021 M01/M06 A3045 RMK AO2 SLP320 T10061061 $,null
IND,2024-12-21 17:54,31,18,58.12,350,5,0,30.43,1031.2,10,null,SCT,null,null,null,3900,null,null,null,null,null,null,null,null,null,null,25.21,KIND 211754Z 35005KT 10SM SCT039 M01/M08 A3043 RMK AO2 SLP312 T10061078 10006 21044 58011 $,null
IND,2024-12-21 18:54,33,17,51.36,300,9,0,30.41,1030.6,10,null,BKN,null,null,null,3600,null,null,null,null,null,null,null,null,null,null,24.76,KIND 211854Z 30009KT 10SM BKN036 01/M08 A3041 RMK AO2 SLP306 T00061083 $,null
IND,2024-12-21 19:54,34,16,47.25,280,6,0,30.4,1030.4,10,null,SCT,null,null,null,3800,null,null,null,null,null,null,null,null,null,null,27.94,KIND 211954Z 28006KT 10SM SCT038 01/M09 A3040 RMK AO2 SLP304 T00111089 $,null
IND,2024-12-21 20:54,34,18,51.52,20,9,0,30.4,1030.4,10,null,BKN,null,null,null,3900,null,null,null,null,null,null,null,null,null,null,26,KIND 212054Z 02009KT 10SM BKN039 01/M08 A3040 RMK AO2 SLP304 T00111078 55007 $,null
IND,2024-12-21 21:54,31,16,53.31,360,5,0,30.41,1030.5,10,null,SCT,null,null,null,3900,null,null,null,null,null,null,null,null,null,null,25.21,KIND 212154Z 36005KT 10SM SCT039 M01/M09 A3041 RMK AO2 SLP305 T10061089 $,null
IND,2024-12-21 22:54,29,17,60.39,360,5,0,30.41,1030.7,10,null,SCT,SCT,null,null,4000,17000,null,null,null,null,null,null,null,null,null,22.83,KIND 212254Z 36005KT 10SM SCT040 SCT170 M02/M08 A3041 RMK AO2 SLP307 T10171083 $,null
IND,2024-12-21 23:54,29,17,60.39,350,3,0,30.4,1030.6,10,null,SCT,SCT,null,null,4000,17000,null,null,null,null,null,null,null,null,null,25.26,KIND 212354Z 35003KT 10SM SCT040 SCT170 M02/M08 A3040 RMK AO2 SLP306 T10171083 10017 21022 58000 $,null
IND,2024-12-22 0:54,29,17,60.39,0,0,0,30.41,1030.6,10,null,FEW,SCT,null,null,4000,16000,null,null,null,null,null,null,null,null,null,29,KIND 220054Z 00000KT 10SM FEW040 SCT160 M02/M08 A3041 RMK AO2 SLP306 T10171083 $,null
IND,2024-12-22 1:54,27,18,68.45,50,5,0,30.41,1030.7,10,null,FEW,SCT,null,null,4000,15000,null,null,null,null,null,null,null,null,null,20.46,KIND 220154Z 05005KT 10SM FEW040 SCT150 M03/M08 A3041 RMK AO2 SLP307 T10281078 $,null
IND,2024-12-22 2:54,27,17,65.56,60,4,0,30.41,1030.8,10,null,FEW,SCT,null,null,4000,14000,null,null,null,null,null,null,null,null,null,21.58,KIND 220254Z 06004KT 10SM FEW040 SCT140 M03/M08 A3041 RMK AO2 SLP308 T10281083 52002 $,null
IND,2024-12-22 3:54,26,18,71.33,120,3,0,30.41,1030.8,10,null,FEW,SCT,null,null,4000,13000,null,null,null,null,null,null,null,null,null,21.83,KIND 220354Z 12003KT 10SM FEW040 SCT130 M03/M08 A3041 RMK AO2 SLP308 T10331078 $,null
IND,2024-12-22 4:54,25,18,74.36,110,4,0,30.41,1030.8,10,null,FEW,FEW,null,null,4000,14000,null,null,null,null,null,null,null,null,null,19.25,KIND 220454Z 11004KT 10SM FEW040 FEW140 M04/M08 A3041 RMK AO2 SLP308 T10391078 400171044 $,null
IND,2024-12-22 5:54,24,18,77.53,100,3,0,30.4,1030.4,10,null,FEW,FEW,null,null,4500,14000,null,null,null,null,null,null,null,null,null,19.54,KIND 220554Z 10003KT 10SM FEW045 FEW140 M04/M08 A3040 RMK AO2 SLP304 T10441078 11011 21044 58003 $,null
IND,2024-12-22 6:54,24,18,77.53,110,4,0,30.4,1030.3,10,null,FEW,null,null,null,14000,null,null,null,null,null,null,null,null,null,null,18.08,KIND 220654Z 11004KT 10SM FEW140 M04/M08 A3040 RMK AO2 SLP303 T10441078 $,null
IND,2024-12-22 7:54,23,18,80.85,110,4,0,30.41,1030.8,10,null,CLR,null,null,null,null,null,null,null,null,null,null,null,null,null,null,16.91,KIND 220754Z 11004KT 10SM CLR M05/M08 A3041 RMK AO2 SLP308 T10501078 $,null
IND,2024-12-22 8:54,22,17,80.77,130,4,0,30.42,1031.1,10,null,CLR,null,null,null,null,null,null,null,null,null,null,null,null,null,null,15.74,KIND 220854Z 13004KT 10SM CLR M06/M08 A3042 RMK AO2 SLP311 T10561083 53006 $,null
IND,2024-12-22 9:54,21,16,80.69,0,0,0,30.44,1031.8,10,null,CLR,null,null,null,null,null,null,null,null,null,null,null,null,null,null,21,KIND 220954Z 00000KT 10SM CLR M06/M09 A3044 RMK AO2 SLP318 T10611089 $,null
IND,2024-12-22 10:54,21,17,84.26,120,5,0,30.44,1031.8,10,null,CLR,null,null,null,null,null,null,null,null,null,null,null,null,null,null,13.33,KIND 221054Z 12005KT 10SM CLR M06/M08 A3044 RMK AO2 SLP318 T10611083 $,null
IND,2024-12-22 11:54,21,16,80.69,150,6,0,30.45,1032.3,10,null,CLR,null,null,null,null,null,null,null,null,null,null,null,null,null,null,12.28,KIND 221154Z 15006KT 10SM CLR M06/M09 A3045 RMK AO2 SLP323 T10611089 11039 21067 51011 $,null
IND,2024-12-22 12:54,21,16,80.69,140,6,0,30.45,1032.4,10,null,FEW,FEW,null,null,5000,25000,null,null,null,null,null,null,null,null,null,12.28,KIND 221254Z 14006KT 10SM FEW050 FEW250 M06/M09 A3045 RMK AO2 SLP324 T10611089 $,null
IND,2024-12-22 13:54,22,18,84.33,130,7,0,30.46,1032.4,10,null,FEW,SCT,null,null,4000,25000,null,null,null,null,null,null,null,null,null,12.59,KIND 221354Z 13007KT 10SM FEW040 SCT250 M06/M08 A3046 RMK AO2 SLP324 T10561078 $,null
IND,2024-12-22 14:54,26,19,74.46,150,7,0,30.47,1032.9,10,null,FEW,BKN,null,null,4500,25000,null,null,null,null,null,null,null,null,null,17.47,KIND 221454Z 15007KT 10SM FEW045 BKN250 M03/M07 A3047 RMK AO2 SLP329 T10331072 53007 $,null
IND,2024-12-22 15:54,29,18,63.05,180,8,0,30.48,1033.2,10,null,FEW,SCT,BKN,null,3500,9000,25000,null,null,null,null,null,null,null,null,20.42,KIND 221554Z 18008KT 10SM FEW035 SCT090 BKN250 M02/M08 A3048 RMK AO2 SLP332 T10171078 $,null
IND,2024-12-22 16:54,31,18,58.12,190,8,0,30.46,1032.3,10,null,BKN,BKN,null,null,9000,23000,null,null,null,null,null,null,null,null,null,22.88,KIND 221654Z 19008KT 10SM BKN090 BKN230 M01/M08 A3046 RMK AO2 SLP323 T10061078 $,null
IND,2024-12-22 17:54,32,18,55.82,160,7,0,30.41,1030.7,10,null,BKN,null,null,null,8500,null,null,null,null,null,null,null,null,null,null,24.78,KIND 221754Z 16007KT 10SM BKN085 00/M08 A3041 RMK AO2 SLP307 T00001078 10006 21067 58021 $,null
IND,2024-12-22 18:54,33,18,53.62,160,8,0,30.38,1029.7,10,null,BKN,null,null,null,8000,null,null,null,null,null,null,null,null,null,null,25.34,KIND 221854Z 16008KT 10SM BKN080 01/M08 A3038 RMK AO2 SLP297 T00061078 $,null
IND,2024-12-22 19:54,34,18,51.52,160,10,0,30.36,1029.1,10,null,FEW,BKN,null,null,8000,24000,null,null,null,null,null,null,null,null,null,25.48,KIND 221954Z 16010KT 10SM FEW080 BKN240 01/M08 A3036 RMK AO2 SLP291 T00111078 $,null
IND,2024-12-22 20:54,35,18,49.5,160,10,0,30.36,1028.9,10,null,BKN,BKN,null,null,18000,23000,null,null,null,null,null,null,null,null,null,26.73,KIND 222054Z 16010KT 10SM BKN180 BKN230 02/M08 A3036 RMK AO2 SLP289 T00171078 56017 $,null
IND,2024-12-22 21:54,33,18,53.62,160,10,0,30.37,1029.3,10,null,FEW,BKN,BKN,null,18000,21000,25000,null,null,null,null,null,null,null,null,24.22,KIND 222154Z 16010KT 10SM FEW180 BKN210 BKN250 01/M08 A3037 RMK AO2 SLP293 T00061078 $,null
IND,2024-12-22 22:54,31,19,60.67,130,10,0,30.38,1029.7,10,null,BKN,BKN,null,null,19000,25000,null,null,null,null,null,null,null,null,null,21.71,KIND 222254Z 13010KT 10SM BKN190 BKN250 M01/M07 A3038 RMK AO2 SLP297 T10061072 $,null
IND,2024-12-22 23:54,31,19,60.67,140,9,0,30.39,1029.9,10,null,BKN,null,null,null,15000,null,null,null,null,null,null,null,null,null,null,22.27,KIND 222354Z 14009KT 10SM BKN150 M01/M07 A3039 RMK AO2 SLP299 T10061072 10017 21011 51009 $,null
IND,2024-12-23 0:54,31,19,60.67,140,8,0,30.38,1029.7,10,null,BKN,null,null,null,15000,null,null,null,null,null,null,null,null,null,null,22.88,KIND 230054Z 14008KT 10SM BKN150 M01/M07 A3038 RMK AO2 SLP297 T10061072 $,null
IND,2024-12-23 1:54,31,19,60.67,150,8,0,30.36,1029.2,10,null,BKN,null,null,null,16000,null,null,null,null,null,null,null,null,null,null,22.88,KIND 230154Z 15008KT 10SM BKN160 M01/M07 A3036 RMK AO2 SLP292 T10061072 $,null
IND,2024-12-23 2:54,30,18,60.53,150,10,0,30.36,1029,10,null,BKN,null,null,null,16000,null,null,null,null,null,null,null,null,null,null,20.46,KIND 230254Z 15010KT 10SM BKN160 M01/M08 A3036 RMK AO2 SLP290 T10111078 56009 $,null
IND,2024-12-23 3:54,30,18,60.53,150,12,0,30.35,1028.5,10,null,FEW,SCT,null,null,16000,23000,null,null,null,null,null,null,null,null,null,19.46,KIND 230354Z 15012KT 10SM FEW160 SCT230 M01/M08 A3035 RMK AO2 SLP285 T10111078 $,null
IND,2024-12-23 4:54,29,18,63.05,150,10,0,30.33,1028.1,10,null,FEW,SCT,null,null,15000,23000,null,null,null,null,null,null,null,null,null,19.21,KIND 230454Z 15010KT 10SM FEW150 SCT230 M02/M08 A3033 RMK AO2 SLP281 T10171078 400171067 $,null
IND,2024-12-23 5:54,28,18,65.69,140,8,0,30.32,1027.8,10,null,BKN,null,null,null,19000,null,null,null,null,null,null,null,null,null,null,19.19,KIND 230554Z 14008KT 10SM BKN190 M02/M08 A3032 RMK AO2 SLP278 T10221078 11006 21022 56011 $,null
IND,2024-12-23 6:54,27,18,68.45,150,9,0,30.31,1027.2,10,null,BKN,null,null,null,17000,null,null,null,null,null,null,null,null,null,null,17.3,KIND 230654Z 15009KT 10SM BKN170 M03/M08 A3031 RMK AO2 SLP272 T10281078 $,null
IND,2024-12-23 7:54,27,18,68.45,150,9,0,30.3,1026.9,10,null,FEW,null,null,null,17000,null,null,null,null,null,null,null,null,null,null,17.3,KIND 230754Z 15009KT 10SM FEW170 M03/M08 A3030 RMK AO2 SLP269 T10281078 $,null
IND,2024-12-23 8:54,27,18,68.45,150,10,0,30.3,1026.7,10,null,CLR,null,null,null,null,null,null,null,null,null,null,null,null,null,null,16.7,KIND 230854Z 15010KT 10SM CLR M03/M08 A3030 RMK AO2 SLP267 T10281078 56009 $,null
IND,2024-12-23 9:54,26,18,71.33,150,9,0,30.28,1026.4,10,null,CLR,null,null,null,null,null,null,null,null,null,null,null,null,null,null,16.05,KIND 230954Z 15009KT 10SM CLR M03/M08 A3028 RMK AO2 SLP264 T10331078 $,null
IND,2024-12-23 10:54,26,18,71.33,150,8,0,30.27,1025.9,10,null,CLR,null,null,null,null,null,null,null,null,null,null,null,null,null,null,16.72,KIND 231054Z 15008KT 10SM CLR M03/M08 A3027 RMK AO2 SLP259 T10331078 $,null
IND,2024-12-23 11:54,26,18,71.33,140,9,0,30.26,1025.4,10,null,SCT,null,null,null,18000,null,null,null,null,null,null,null,null,null,null,16.05,KIND 231154Z 14009KT 10SM SCT180 M03/M08 A3026 RMK AO2 SLP254 T10331078 11022 21033 58014 $,null
IND,2024-12-23 12:54,27,18,68.45,150,9,0,30.25,1025.1,10,null,SCT,SCT,BKN,null,5000,19000,25000,null,null,null,null,null,null,null,null,17.3,KIND 231254Z 15009KT 10SM SCT050 SCT190 BKN250 M03/M08 A3025 RMK AO2 SLP251 T10281078 $,null
IND,2024-12-23 13:54,30,19,63.18,160,9,0,30.24,1024.8,10,null,BKN,BKN,null,null,5000,19000,null,null,null,null,null,null,null,null,null,21.03,KIND 231354Z COR 16009KT 10SM BKN050 BKN190 M01/M07 A3024 RMK AO2 SLP248 T10111072,null
IND,2024-12-23 13:58,30,19,63.18,160,8,0,30.24,null,10,null,BKN,BKN,null,null,5000,19000,null,null,null,null,null,null,null,null,null,21.65,KIND 231358Z 16008KT 10SM BKN050 BKN190 M01/M07 A3024 RMK AO2 T10111072,null
IND,2024-12-23 14:54,33,19,55.97,160,9,0,30.24,1024.7,10,null,BKN,BKN,OVC,null,4300,5500,7500,null,null,null,null,null,null,null,null,24.76,KIND 231454Z 16009KT 10SM BKN043 BKN055 OVC075 01/M07 A3024 RMK AO2 SLP247 T00061072 56006,null
IND,2024-12-23 15:54,35,20,53.93,160,10,T,30.23,1024.5,10,null,FEW,BKN,OVC,null,2400,4300,7000,null,null,null,null,null,null,null,null,26.73,KIND 231554Z 16010KT 10SM FEW024 BKN043 OVC070 02/M07 A3023 RMK AO2 RAB04E50 SLP245 VCSH NE AND SW P0000 T00171067,null
IND,2024-12-23 16:54,38,22,52.14,180,14,0,30.2,1023.4,10,null,OVC,null,null,null,3600,null,null,null,null,null,null,null,null,null,null,28.9,KIND 231654Z 18014KT 10SM OVC036 03/M06 A3020 RMK AO2 SLP234 T00331056,null
IND,2024-12-23 17:54,40,23,50.3,190,12,0,30.18,1022.6,10,null,OVC,null,null,null,3600,null,null,null,null,null,null,null,null,null,null,32.18,KIND 231754Z 19012KT 10SM OVC036 04/M05 A3018 RMK AO2 SLP226 60000 T00441050 10044 21033 58019,null
IND,2024-12-23 18:54,40,26,57.01,180,14,T,30.15,1021.6,10,null,OVC,null,null,null,3800,null,null,null,#NAME?,null,null,null,null,null,null,31.47,KIND 231854Z 18014KT 10SM -RA OVC038 04/M03 A3015 RMK AO2 RAB42 SLP216 P0000 T00441033,null
IND,2024-12-23 19:54,42,26,52.76,200,12,T,30.15,1021.5,10,null,OVC,null,null,null,4100,null,null,null,null,null,null,null,null,null,null,34.73,KIND 231954Z 20012KT 10SM OVC041 06/M03 A3015 RMK AO2 RAE33 SLP215 P0000 T00561033,null
IND,2024-12-23 20:54,43,26,50.77,200,10,0,30.15,1021.5,10,null,OVC,null,null,null,3700,null,null,null,null,null,null,null,null,null,null,36.76,KIND 232054Z 20010KT 10SM OVC037 06/M03 A3015 RMK AO2 SLP215 60000 T00611033 55010,null
IND,2024-12-23 21:54,44,26,48.86,200,11,0,30.15,1021.5,10,null,OVC,null,null,null,3700,null,null,null,null,null,null,null,null,null,null,37.63,KIND 232154Z 20011KT 10SM OVC037 07/M03 A3015 RMK AO2 SLP215 T00671033,null
IND,2024-12-23 22:54,44,27,50.93,210,12,0,30.15,1021.5,10,null,OVC,null,null,null,3600,null,null,null,null,null,null,null,null,null,null,37.27,KIND 232254Z 21012KT 10SM OVC036 07/M03 A3015 RMK AO2 SLP215 T00671028,null
IND,2024-12-23 23:54,43,31,62.31,210,12,T,30.15,1021.7,10,null,OVC,null,null,null,3700,null,null,null,#NAME?,null,null,null,null,null,null,36,KIND 232354Z 21012KT 10SM -RA OVC037 06/M01 A3015 RMK AO2 RAB18 SLP217 P0000 60000 T00611006 10067 20044 53002,null
IND,2024-12-24 0:54,41,34,75.94,220,8,0.04,30.18,1022.8,10,null,OVC,null,null,null,3400,null,null,null,#NAME?,null,null,null,null,null,null,35.2,KIND 240054Z 22008KT 10SM -RA OVC034 05/01 A3018 RMK AO2 SLP228 P0004 T00500011,null
IND,2024-12-24 1:54,40,35,82.15,210,8,T,30.19,1022.8,10,null,BKN,OVC,null,null,3600,11000,null,null,null,null,null,null,null,null,null,33.97,KIND 240154Z 21008KT 10SM BKN036 OVC110 04/02 A3019 RMK AO2 RAE20 SLP228 P0000 T00440017,null
IND,2024-12-24 2:54,41,34,75.94,220,9,0,30.19,1023,10,null,SCT,OVC,null,null,6500,9500,null,null,null,null,null,null,null,null,null,34.7,KIND 240254Z 22009KT 10SM SCT065 OVC095 05/01 A3019 RMK AO2 SLP230 60004 T00500011 51013,null
IND,2024-12-24 3:54,42,34,73.06,220,10,0,30.2,1023.2,10,null,FEW,BKN,OVC,null,6500,7500,9000,null,null,null,null,null,null,null,null,35.51,KIND 240354Z 22010KT 10SM FEW065 BKN075 OVC090 06/01 A3020 RMK AO2 SLP232 T00560011,null
IND,2024-12-24 4:54,42,34,73.06,230,11,0,30.21,1023.4,10,18,FEW,OVC,null,null,3800,10000,null,null,null,null,null,null,null,null,null,35.1,KIND 240454Z 23011G18KT 10SM FEW038 OVC100 06/01 A3021 RMK AO2 SLP234 T00560011 400671033,null
IND,2024-12-24 5:54,41,34,75.94,240,9,0,30.21,1023.4,10,null,OVC,null,null,null,3800,null,null,null,null,null,null,null,null,null,null,34.7,KIND 240554Z 24009KT 10SM OVC038 05/01 A3021 RMK AO2 SLP234 60004 T00500011 10061 20044 51005,null
IND,2024-12-24 6:54,41,34,75.94,230,8,0,30.21,1023.6,10,null,OVC,null,null,null,3700,null,null,null,null,null,null,null,null,null,null,35.2,KIND 240654Z 23008KT 10SM OVC037 05/01 A3021 RMK AO2 SLP236 T00500011,null
IND,2024-12-24 7:54,41,35,79.02,240,7,0,30.23,1024,10,null,OVC,null,null,null,3700,null,null,null,null,null,null,null,null,null,null,35.75,KIND 240754Z 24007KT 10SM OVC037 05/02 A3023 RMK AO2 SLP240 T00500017,null
IND,2024-12-24 8:54,39,34,82.08,240,6,0,30.23,1024.3,10,null,SCT,BKN,null,null,3600,13000,null,null,null,null,null,null,null,null,null,33.96,KIND 240854Z 24006KT 10SM SCT036 BKN130 04/01 A3023 RMK AO2 SLP243 T00390011 51008,null
IND,2024-12-24 9:54,38,34,85.35,250,5,0,30.24,1024.5,10,null,FEW,BKN,null,null,3500,14000,null,null,null,null,null,null,null,null,null,33.52,KIND 240954Z 25005KT 10SM FEW035 BKN140 03/01 A3024 RMK AO2 SLP245 T00330011,null
IND,2024-12-24 10:54,36,33,88.73,240,5,0,30.25,1024.9,10,null,FEW,SCT,null,null,14000,19000,null,null,null,null,null,null,null,null,null,31.15,KIND 241054Z 24005KT 10SM FEW140 SCT190 02/01 A3025 RMK AO2 SLP249 T00220006,null
IND,2024-12-24 11:54,37,34,88.78,240,3,0,30.26,1025.3,10,null,BKN,OVC,null,null,3000,19000,null,null,null,null,null,null,null,null,null,34.4,KIND 241154Z 24003KT 10SM BKN030 OVC190 03/01 A3026 RMK AO2 SLP253 70004 T00280011 10050 20017 53010,null
IND,2024-12-24 12:54,36,33,88.73,0,0,0,30.28,1025.8,10,null,FEW,FEW,null,null,3000,19000,null,null,null,null,null,null,null,null,null,36,KIND 241254Z 00000KT 10SM FEW030 FEW190 02/01 A3028 RMK AO2 SLP258 T00220006,null
IND,2024-12-24 13:54,34,33,96.08,0,0,0,30.29,1026.3,10,null,FEW,FEW,null,null,3000,20000,null,null,null,null,null,null,null,null,null,34,KIND 241354Z 00000KT 10SM FEW030 FEW200 01/01 A3029 RMK AO2 SLP263 T00110006,null
IND,2024-12-24 14:54,40,36,85.48,330,3,0,30.31,1026.9,10,null,FEW,FEW,null,null,3000,20000,null,null,null,null,null,null,null,null,null,37.83,KIND 241454Z 33003KT 10SM FEW030 FEW200 04/02 A3031 RMK AO2 SLP269 T00440022 53015,null
IND,2024-12-24 15:54,43,36,76.12,20,3,0,30.31,1026.8,10,null,FEW,FEW,null,null,1500,25000,null,null,null,null,null,null,null,null,null,41.26,KIND 241554Z 02003KT 10SM FEW015 FEW250 06/02 A3031 RMK AO2 SLP268 T00610022,null
IND,2024-12-24 16:54,44,37,76.22,0,0,0,30.3,1026.4,10,null,BKN,null,null,null,1500,null,null,null,null,null,null,null,null,null,null,44,KIND 241654Z 00000KT 10SM BKN015 07/03 A3030 RMK AO2 SLP264 T00670028,null
IND,2024-12-24 17:54,46,37,70.64,null,5,0,30.27,1025.5,10,null,BKN,BKN,null,null,1600,25000,null,null,null,null,null,null,null,null,null,43.02,KIND 241754Z VRB05KT 10SM BKN016 BKN250 08/03 A3027 RMK AO2 SLP255 T00780028 10078 20006 58012,null
IND,2024-12-24 18:54,45,36,70.53,50,6,0,30.25,1024.8,10,null,BKN,null,null,null,1700,null,null,null,null,null,null,null,null,null,null,41.19,KIND 241854Z 05006KT 10SM BKN017 07/02 A3025 RMK AO2 SLP248 T00720022,null
IND,2024-12-24 19:54,45,36,70.53,80,4,0,30.24,1024.5,8,null,BKN,BKN,null,null,2200,25000,null,null,null,null,null,null,null,null,null,42.6,KIND 241954Z 08004KT 8SM BKN022 BKN250 07/02 A3024 RMK AO2 SLP245 T00720022,null
IND,2024-12-24 20:05,45,36,70.53,70,7,0,30.24,null,10,null,SCT,BKN,null,null,2200,25000,null,null,null,null,null,null,null,null,null,40.63,KIND 242005Z 07007KT 10SM SCT022 BKN250 07/02 A3024 RMK AO2 T00720022,null
IND,2024-12-24 20:54,44,36,73.27,70,7,0,30.25,1024.6,10,null,FEW,BKN,null,null,2200,25000,null,null,null,null,null,null,null,null,null,39.41,KIND 242054Z 07007KT 10SM FEW022 BKN250 07/02 A3025 RMK AO2 SLP246 T00670022 55009,null
IND,2024-12-24 21:54,42,35,76.03,70,8,0,30.26,1025.1,10,null,FEW,BKN,null,null,3000,25000,null,null,null,null,null,null,null,null,null,36.43,KIND 242154Z 07008KT 10SM FEW030 BKN250 06/02 A3026 RMK AO2 SLP251 T00560017,null
IND,2024-12-24 22:54,41,35,79.02,80,5,0,30.27,1025.6,10,null,SCT,BKN,null,null,2400,25000,null,null,null,null,null,null,null,null,null,37.08,KIND 242254Z 08005KT 10SM SCT024 BKN250 05/02 A3027 RMK AO2 SLP256 T00500017 $,null
IND,2024-12-24 23:28,41,35,79.02,90,5,0,30.28,null,10,null,BKN,OVC,null,null,2400,25000,null,null,null,null,null,null,null,null,null,37.08,KIND 242328Z 09005KT 10SM BKN024 OVC250 05/02 A3028 RMK AO2 T00500017 $,null
IND,2024-12-24 23:54,41,35,79.02,70,7,0,30.28,1025.9,9,null,OVC,null,null,null,2400,null,null,null,null,null,null,null,null,null,null,35.75,KIND 242354Z 07007KT 9SM OVC024 05/02 A3028 RMK AO2 SLP259 T00500017 10083 20044 51011 $,null
IND,2024-12-25 0:54,41,36,82.22,50,7,0,30.29,1026.3,9,null,OVC,null,null,null,2700,null,null,null,null,null,null,null,null,null,null,35.75,KIND 250054Z 05007KT 9SM OVC027 05/02 A3029 RMK AO2 SLP263 T00500022 $,null
IND,2024-12-25 1:54,41,36,82.22,70,8,0,30.28,1026.1,9,null,OVC,null,null,null,2600,null,null,null,null,null,null,null,null,null,null,35.2,KIND 250154Z 07008KT 9SM OVC026 05/02 A3028 RMK AO2 SLP261 T00500022 $,null
IND,2024-12-25 2:54,40,36,85.48,60,8,0,30.28,1025.7,8,null,OVC,null,null,null,2600,null,null,null,null,null,null,null,null,null,null,33.97,KIND 250254Z 06008KT 8SM OVC026 04/02 A3028 RMK AO2 SLP257 T00440022 58001 $,null
IND,2024-12-25 3:09,40,36,85.48,60,7,0,30.27,null,8,null,OVC,null,null,null,3000,null,null,null,null,null,null,null,null,null,null,34.53,KIND 250309Z 06007KT 8SM OVC030 04/02 A3027 RMK AO2 T00440022 $,null
IND,2024-12-25 3:54,40,35,82.15,70,8,0,30.27,1025.6,8,null,OVC,null,null,null,3000,null,null,null,null,null,null,null,null,null,null,33.97,KIND 250354Z 07008KT 8SM OVC030 04/02 A3027 RMK AO2 SLP256 T00440017 $,null
IND,2024-12-25 4:17,40,35,82.15,70,7,0,30.27,null,8,null,OVC,null,null,null,2800,null,null,null,null,null,null,null,null,null,null,34.53,KIND 250417Z 07007KT 8SM OVC028 04/02 A3027 RMK AO2 T00440017 $,null
IND,2024-12-25 4:54,40,36,85.48,80,6,0,30.27,1025.5,7,null,OVC,null,null,null,2600,null,null,null,null,null,null,null,null,null,null,35.17,KIND 250454Z 08006KT 7SM OVC026 04/02 A3027 RMK AO2 SLP255 T00440022 400830006 $,null
IND,2024-12-25 5:54,40,36,85.48,70,7,0,30.26,1024.9,7,null,OVC,null,null,null,2400,null,null,null,null,null,null,null,null,null,null,34.53,KIND 250554Z 07007KT 7SM OVC024 04/02 A3026 RMK AO2 SLP249 T00440022 10056 20044 58007 $,null
IND,2024-12-25 6:54,40,36,85.48,90,6,T,30.26,1024.9,8,null,OVC,null,null,null,2300,null,null,null,#NAME?,null,null,null,null,null,null,35.17,KIND 250654Z 09006KT 8SM -RA OVC023 04/02 A3026 RMK AO2 RAB47 SLP249 P0000 T00440022 $,null
IND,2024-12-25 7:54,40,37,88.92,80,6,T,30.26,1025.2,6,null,FEW,BKN,OVC,null,1200,2000,3500,null,#NAME?,null,null,null,null,null,null,35.17,KIND 250754Z 08006KT 6SM -RA BR FEW012 BKN020 OVC035 04/03 A3026 RMK AO2 SLP252 P0000 T00440028 $,null
IND,2024-12-25 8:06,40,37,88.92,80,5,T,30.26,null,5,null,BKN,OVC,null,null,1200,1900,null,null,#NAME?,null,null,null,null,null,null,35.9,KIND 250806Z 08005KT 5SM -RA BR BKN012 OVC019 04/03 A3026 RMK AO2 P0000 T00440028 $,null
IND,2024-12-25 8:49,39.2,37.4,93.19,90,6,T,30.26,null,4,null,SCT,OVC,null,null,1000,2000,null,null,#NAME?,null,null,null,null,null,null,34.2,KIND 250849Z 09006KT 4SM -RA BR SCT010 OVC020 04/03 A3026 RMK AO2 P0000 $,null
IND,2024-12-25 8:54,39,37,92.45,100,6,T,30.26,1025,4,null,OVC,null,null,null,2000,null,null,null,#NAME?,null,null,null,null,null,null,33.96,KIND 250854Z 10006KT 4SM -RA BR OVC020 04/03 A3026 RMK AO2 SLP250 P0000 60000 T00390028 50001 $,null
IND,2024-12-25 9:42,39,38,96.16,110,5,T,30.25,null,2.5,null,FEW,BKN,OVC,null,600,2100,2600,null,#NAME?,null,null,null,null,null,null,34.71,KIND 250942Z 11005KT 2 1/2SM -RA BR FEW006 BKN021 OVC026 04/03 A3025 RMK AO2 P0000 T00390033 $,null
IND,2024-12-25 9:54,39,38,96.16,110,6,T,30.25,1025,1.75,null,BKN,OVC,null,null,1800,2500,null,null,#NAME?,null,null,null,null,null,null,33.96,KIND 250954Z 11006KT 1 3/4SM -RA BR BKN018 OVC025 04/03 A3025 RMK AO2 SLP250 P0000 T00390033 $,null
IND,2024-12-25 9:57,39,38,96.16,110,5,T,30.25,null,1.75,null,FEW,BKN,OVC,null,500,1800,2700,null,#NAME?,null,null,null,null,null,null,34.71,KIND 250957Z 11005KT 1 3/4SM -RA BR FEW005 BKN018 OVC027 04/03 A3025 RMK AO2 P0000 T00390033 $,null
IND,2024-12-25 10:08,39,38,96.16,100,5,T,30.25,null,1.75,null,BKN,OVC,null,null,500,1800,null,null,#NAME?,null,null,null,null,null,null,34.71,KIND 251008Z 10005KT 1 3/4SM -RA BR BKN005 OVC018 04/03 A3025 RMK AO2 P0000 T00390033 $,null
IND,2024-12-25 10:21,39,38,96.16,100,5,0.01,30.25,null,2,null,BKN,OVC,null,null,500,1700,null,null,#NAME?,null,null,null,null,null,null,34.71,KIND 251021Z 10005KT 2SM -RA BR BKN005 OVC017 04/03 A3025 RMK AO2 P0001 T00390033 $,null
IND,2024-12-25 10:23,39,38,96.16,100,5,0.01,30.25,null,2,null,BKN,OVC,null,null,400,1700,null,null,#NAME?,null,null,null,null,null,null,34.71,KIND 251023Z 10005KT 2SM -RA BR BKN004 OVC017 04/03 A3025 RMK AO2 P0001 T00390033 $,null
IND,2024-12-25 10:54,40,39,96.18,120,5,0.01,30.26,1025,2.5,null,BKN,BKN,OVC,null,400,700,1700,null,#NAME?,null,null,null,null,null,null,35.9,KIND 251054Z 12005KT 2 1/2SM -RA BR BKN004 BKN007 OVC017 04/04 A3026 RMK AO2 SLP250 P0001 T00440039 $,null
IND,2024-12-25 11:08,40,39,96.18,130,5,T,30.26,null,1.75,null,SCT,OVC,null,null,600,1700,null,null,#NAME?,null,null,null,null,null,null,35.9,KIND 251108Z 13005KT 1 3/4SM -RA BR SCT006 OVC017 04/04 A3026 RMK AO2 P0000 T00440039 $,null
IND,2024-12-25 11:20,40,39,96.18,110,5,T,30.26,null,2,null,SCT,OVC,null,null,600,1700,null,null,#NAME?,null,null,null,null,null,null,35.9,KIND 251120Z 11005KT 2SM -RA BR SCT006 OVC017 04/04 A3026 RMK AO2 P0000 T00440039 $,null
IND,2024-12-25 11:34,40,39,96.18,120,5,T,30.25,null,3,null,FEW,BKN,OVC,null,1200,2500,4000,null,#NAME?,null,null,null,null,null,null,35.9,KIND 251134Z 12005KT 3SM -RA BR FEW012 BKN025 OVC040 04/04 A3025 RMK AO2 P0000 T00440039 $,null
IND,2024-12-25 11:54,40,39,96.18,110,5,T,30.26,1025.1,3,null,BKN,BKN,OVC,null,2300,4000,4800,null,#NAME?,null,null,null,null,null,null,35.9,KIND 251154Z 11005KT 3SM -RA BR BKN023 BKN040 OVC048 04/04 A3026 RMK AO2 SLP251 P0000 60001 70001 T00440039 10044 20039 53001 $,null
IND,2024-12-25 12:03,40,39,96.18,110,5,T,30.26,null,2.5,null,BKN,OVC,null,null,2300,4300,null,null,BR,null,null,null,null,null,null,35.9,KIND 251203Z 11005KT 2 1/2SM BR BKN023 OVC043 04/04 A3026 RMK AO2 RAE1157 P0000 T00440039 $,null
IND,2024-12-25 12:48,39.2,39.2,100,90,5,T,30.26,null,2.5,null,SCT,BKN,OVC,null,2600,3500,4900,null,#NAME?,null,null,null,null,null,null,34.95,KIND 251248Z 09005KT 2 1/2SM -RA BR SCT026 BKN035 OVC049 04/04 A3026 RMK AO2 RAE1157B48 P0000 $,null
IND,2024-12-25 12:54,41,39,92.52,90,5,T,30.26,1025.2,2.5,null,SCT,BKN,OVC,null,2600,3500,5000,null,#NAME?,null,null,null,null,null,null,37.08,KIND 251254Z 09005KT 2 1/2SM -RA BR SCT026 BKN035 OVC050 05/04 A3026 RMK AO2 RAE1157B48 SLP252 P0000 T00500039 $,null
IND,2024-12-25 13:18,41,39,92.52,100,6,T,30.26,null,2.5,null,BKN,OVC,null,null,2300,3200,null,null,BR,null,null,null,null,null,null,36.37,KIND 251318Z 10006KT 2 1/2SM BR BKN023 OVC032 05/04 A3026 RMK AO2 RAE02 P0000 T00500039 $,null
IND,2024-12-25 13:54,41,40,96.19,100,5,0.01,30.26,1025.3,2.5,null,OVC,null,null,null,2200,null,null,null,BR,null,null,null,null,null,null,37.08,KIND 251354Z 10005KT 2 1/2SM BR OVC022 05/04 A3026 RMK AO2 RAE02B26E51 SLP253 P0001 T00500044 $,null
IND,2024-12-25 14:49,42.8,39.2,86.99,120,6,T,30.27,null,3,null,SCT,OVC,null,null,2200,3900,null,null,BR,null,null,null,null,null,null,38.54,KIND 251449Z 12006KT 3SM BR SCT022 OVC039 06/04 A3027 RMK AO2 RAB16E45 P0000 $,null
IND,2024-12-25 14:54,42,40,92.55,130,6,T,30.27,1025.6,3,null,SCT,OVC,null,null,2200,3900,null,null,BR,null,null,null,null,null,null,37.57,KIND 251454Z 13006KT 3SM BR SCT022 OVC039 06/04 A3027 RMK AO2 RAB16E45 SLP256 P0000 60001 T00560044 53004 $,null
IND,2024-12-25 15:54,43,41,92.58,120,5,0,30.28,1025.6,6,null,FEW,OVC,null,null,2200,4300,null,null,BR,null,null,null,null,null,null,39.46,KIND 251554Z 12005KT 6SM BR FEW022 OVC043 06/05 A3028 RMK AO2 SLP256 T00610050 $,null
IND,2024-12-25 16:54,44,41,89.11,130,6,T,30.26,1025,8,null,BKN,OVC,null,null,6000,7500,null,null,#NAME?,null,null,null,null,null,null,39.98,KIND 251654Z 13006KT 8SM -RA BKN060 OVC075 07/05 A3026 RMK AO2 RAB54 SLP250 P0000 T00670050 $,null
IND,2024-12-25 17:54,45,42,89.15,130,5,T,30.24,1024.4,7,null,OVC,null,null,null,6500,null,null,null,#NAME?,null,null,null,null,null,null,41.83,KIND 251754Z 13005KT 7SM -RA OVC065 07/06 A3024 RMK AO2 RAE12B32 SLP244 P0000 60001 T00720056 10072 20044 58011 $,null
IND,2024-12-25 18:54,45,43,92.65,160,5,0.01,30.23,1024,8,null,BKN,OVC,null,null,5500,7000,null,null,#NAME?,null,null,null,null,null,null,41.83,KIND 251854Z 16005KT 8SM -RA BKN055 OVC070 07/06 A3023 RMK AO2 SLP240 P0001 T00720061 $,null
IND,2024-12-25 19:10,45,42,89.15,130,4,T,30.23,null,7,null,FEW,SCT,OVC,null,900,4500,5500,null,#NAME?,null,null,null,null,null,null,42.6,KIND 251910Z 13004KT 7SM -RA FEW009 SCT045 OVC055 07/06 A3023 RMK AO2 P0000 T00720056 $,null
IND,2024-12-25 19:54,45,42,89.15,110,5,0.02,30.22,1023.7,6,null,FEW,BKN,OVC,null,800,6000,7500,null,#NAME?,null,null,null,null,null,null,41.83,KIND 251954Z 11005KT 6SM -RA BR FEW008 BKN060 OVC075 07/06 A3022 RMK AO2 SLP237 P0002 T00720056 $,null
IND,2024-12-25 20:54,45,43,92.65,100,4,0.03,30.22,1023.7,5,null,FEW,SCT,OVC,null,600,1900,6000,null,#NAME?,null,null,null,null,null,null,42.6,KIND 252054Z 10004KT 5SM -RA BR FEW006 SCT019 OVC060 07/06 A3022 RMK AO2 SLP237 P0003 60006 T00720061 55006 $,null
IND,2024-12-25 21:54,45,43,92.65,120,5,0.05,30.22,1023.7,4,null,FEW,BKN,OVC,null,600,5000,7000,null,#NAME?,null,null,null,null,null,null,41.83,KIND 252154Z 12005KT 4SM -RA BR FEW006 BKN050 OVC070 07/06 A3022 RMK AO2 SLP237 P0005 T00720061 $,null
IND,2024-12-25 22:54,44,43,96.24,110,7,0.02,30.2,1023.2,5,null,SCT,SCT,OVC,null,500,1000,4800,null,#NAME?,null,null,null,null,null,null,39.41,KIND 252254Z 11007KT 5SM -RA BR SCT005 SCT010 OVC048 07/06 A3020 RMK AO2 SLP232 P0002 T00670061 $,null
IND,2024-12-25 23:06,44,43,96.24,110,8,0.01,30.2,null,5,null,BKN,BKN,OVC,null,400,1000,4800,null,#NAME?,null,null,null,null,null,null,38.9,KIND 252306Z 11008KT 5SM -RA BR BKN004 BKN010 OVC048 07/06 A3020 RMK AO2 P0001 T00670061 $,null
IND,2024-12-25 23:50,44.6,42.8,93.35,120,9,0.02,30.19,null,6,null,SCT,OVC,null,null,400,4800,null,null,#NAME?,null,null,null,null,null,null,39.18,KIND 252350Z 12009KT 6SM -RA BR SCT004 OVC048 07/06 A3019 RMK AO2 P0002 $,null
IND,2024-12-25 23:54,44,43,96.24,110,8,0.03,30.19,1022.7,6,null,SCT,OVC,null,null,400,4800,null,null,#NAME?,null,null,null,null,null,null,38.9,KIND 252354Z 11008KT 6SM -RA BR SCT004 OVC048 07/06 A3019 RMK AO2 SLP227 P0003 60016 T00670061 10072 20067 58010 $,null
IND,2024-12-26 0:54,44,43,96.24,120,9,T,30.19,1022.8,8,null,FEW,BKN,OVC,null,800,6000,9000,null,null,null,null,null,null,null,null,38.44,KIND 260054Z 12009KT 8SM FEW008 BKN060 OVC090 07/06 A3019 RMK AO2 RAE36 SLP228 P0000 T00670061 $,null
IND,2024-12-26 1:54,44,43,96.24,120,6,T,30.21,1023.2,7,null,SCT,OVC,null,null,700,6000,null,null,#NAME?,null,null,null,null,null,null,39.98,KIND 260154Z 12006KT 7SM -RA SCT007 OVC060 07/06 A3021 RMK AO2 RAB02 SLP232 P0000 T00670061 $,null
IND,2024-12-26 2:14,44,43,96.24,130,5,0.01,30.21,null,6,null,BKN,OVC,null,null,700,6000,null,null,#NAME?,null,null,null,null,null,null,40.65,KIND 260214Z 13005KT 6SM -RA BR BKN007 OVC060 07/06 A3021 RMK AO2 P0001 T00670061 $,null
IND,2024-12-26 2:54,44,43,96.24,130,6,0.01,30.22,1023.6,6,null,BKN,OVC,null,null,600,6000,null,null,#NAME?,null,null,null,null,null,null,39.98,KIND 260254Z 13006KT 6SM -RA BR BKN006 OVC060 07/06 A3022 RMK AO2 SLP236 P0001 60001 T00670061 53009 $,null
IND,2024-12-26 3:17,44,43,96.24,130,4,0.01,30.23,null,6,null,SCT,OVC,null,null,600,4000,null,null,#NAME?,null,null,null,null,null,null,41.43,KIND 260317Z 13004KT 6SM -RA BR SCT006 OVC040 07/06 A3023 RMK AO2 P0001 T00670061 $,null
IND,2024-12-26 3:54,43,43,100,110,5,0.01,30.23,1024,5,null,FEW,OVC,null,null,600,5000,null,null,#NAME?,null,null,null,null,null,null,39.46,KIND 260354Z 11005KT 5SM -RA BR FEW006 OVC050 06/06 A3023 RMK AO2 SLP240 P0001 T00610061 $,null
IND,2024-12-26 4:54,43,42,96.23,110,6,T,30.23,1024,5,null,OVC,null,null,null,5500,null,null,null,#NAME?,null,null,null,null,null,null,38.78,KIND 260454Z 11006KT 5SM -RA BR OVC055 06/06 A3023 RMK AO2 RAE16B46 SLP240 P0000 T00610056 400720039 $,null
IND,2024-12-26 5:54,43,42,96.23,110,6,0.02,30.22,1023.7,6,null,BKN,OVC,null,null,4800,5500,null,null,BR,null,null,null,null,null,null,38.78,KIND 260554Z 11006KT 6SM BR BKN048 OVC055 06/06 A3022 RMK AO2 RAE52 SLP237 P0002 60004 T00610056 10067 20061 50001 $,null
IND,2024-12-26 6:54,44,42,92.61,100,6,0,30.22,1023.6,6,null,OVC,null,null,null,3900,null,null,null,BR,null,null,null,null,null,null,39.98,KIND 260654Z 10006KT 6SM BR OVC039 07/06 A3022 RMK AO2 SLP236 T00670056 $,null
IND,2024-12-26 7:54,43,42,96.23,90,5,T,30.23,1023.9,6,null,BKN,OVC,null,null,4400,5500,null,null,#NAME?,null,null,null,null,null,null,39.46,KIND 260754Z 09005KT 6SM -RA BR BKN044 OVC055 06/06 A3023 RMK AO2 RAB06E17B49 SLP239 P0000 T00610056 $,null
IND,2024-12-26 8:54,43,42,96.23,100,7,T,30.23,1023.9,7,null,FEW,OVC,null,null,3900,4800,null,null,null,null,null,null,null,null,null,38.19,KIND 260854Z 10007KT 7SM FEW039 OVC048 06/06 A3023 RMK AO2 RAE31 SLP239 P0000 60000 T00610056 53002 $,null
IND,2024-12-26 9:54,43,42,96.23,130,4,0,30.23,1024.2,6,null,BKN,OVC,null,null,5000,6500,null,null,BR,null,null,null,null,null,null,40.27,KIND 260954Z 13004KT 6SM BR BKN050 OVC065 06/06 A3023 RMK AO2 SLP242 T00610056 $,null
IND,2024-12-26 10:54,43,41,92.58,110,5,0,30.23,1024,6,null,OVC,null,null,null,4400,null,null,null,BR,null,null,null,null,null,null,39.46,KIND 261054Z 11005KT 6SM BR OVC044 06/05 A3023 RMK AO2 SLP240 T00610050 $,null
IND,2024-12-26 11:54,43,41,92.58,110,7,T,30.24,1024.3,7,null,OVC,null,null,null,4300,null,null,null,#NAME?,null,null,null,null,null,null,38.19,KIND 261154Z 11007KT 7SM -RA OVC043 06/05 A3024 RMK AO2 RAB29 SLP243 P0000 60000 70021 T00610050 10067 20061 51004 $,null
IND,2024-12-26 12:54,43,41,92.58,130,7,T,30.25,1024.6,7,null,BKN,OVC,null,null,4400,7000,null,null,null,null,null,null,null,null,null,38.19,KIND 261254Z 13007KT 7SM BKN044 OVC070 06/05 A3025 RMK AO2 RAE1156DZB01E53 SLP246 P0000 T00610050 $,null
IND,2024-12-26 13:54,44,41,89.11,120,7,0,30.25,1024.8,6,null,BKN,OVC,null,null,4600,7000,null,null,BR,null,null,null,null,null,null,39.41,KIND 261354Z 12007KT 6SM BR BKN046 OVC070 07/05 A3025 RMK AO2 SLP248 T00670050 $,null
IND,2024-12-26 14:54,45,42,89.15,140,6,0,30.26,1025,9,null,BKN,OVC,null,null,4400,7000,null,null,null,null,null,null,null,null,null,41.19,KIND 261454Z 14006KT 9SM BKN044 OVC070 07/06 A3026 RMK AO2 SLP250 60000 T00720056 51008 $,null
IND,2024-12-26 15:54,47,43,85.89,160,6,0,30.26,1024.9,10,null,FEW,BKN,BKN,null,4300,6500,9500,null,null,null,null,null,null,null,null,43.6,KIND 261554Z COR 16006KT 10SM FEW043 BKN065 BKN095 08/06 A3026 RMK AO2 SLP249 T00830061 $,null
IND,2024-12-26 15:57,47,43,85.89,160,6,0,30.26,null,10,null,FEW,BKN,OVC,null,4500,6500,9500,null,null,null,null,null,null,null,null,43.6,KIND 261557Z 16006KT 10SM FEW045 BKN065 OVC095 08/06 A3026 RMK AO2 T00830061 $,null
IND,2024-12-26 16:54,49,44,82.79,130,7,0,30.22,1023.7,10,null,FEW,SCT,BKN,null,3800,4900,6500,null,null,null,null,null,null,null,null,45.5,KIND 261654Z 13007KT 10SM FEW038 SCT049 BKN065 09/07 A3022 RMK AO2 SLP237 T00940067,null
IND,2024-12-26 17:54,49,43,79.68,170,6,0,30.21,1023.2,10,null,BKN,OVC,null,null,3400,4900,null,null,null,null,null,null,null,null,null,46,KIND 261754Z 17006KT 10SM BKN034 OVC049 09/06 A3021 RMK AO2 SLP232 60000 T00940061 10094 20061 58017,null
IND,2024-12-26 18:54,50,44,79.76,160,4,T,30.19,1022.5,10,null,SCT,BKN,OVC,null,2800,6000,7000,null,null,null,null,null,null,null,null,50,KIND 261854Z 16004KT 10SM SCT028 BKN060 OVC070 10/07 A3019 RMK AO2 RAB30E48 SLP225 P0000 T01000067,null
IND,2024-12-26 19:00,50,44,79.76,160,6,0,30.19,null,10,null,FEW,BKN,OVC,null,1800,2800,6000,null,null,null,null,null,null,null,null,50,KIND 261900Z 16006KT 10SM FEW018 BKN028 OVC060 10/07 A3019 RMK AO2 T01000067,null
IND,2024-12-26 19:28,50,44,79.76,160,4,0,30.18,null,10,null,FEW,BKN,OVC,null,1800,3300,6000,null,null,null,null,null,null,null,null,50,KIND 261928Z 16004KT 10SM FEW018 BKN033 OVC060 10/07 A3018 RMK AO2 T01000067,null
IND,2024-12-26 19:54,50,44,79.76,140,6,0,30.17,1021.9,10,null,FEW,BKN,OVC,null,1800,3500,6000,null,null,null,null,null,null,null,null,50,KIND 261954Z 14006KT 10SM FEW018 BKN035 OVC060 10/07 A3017 RMK AO2 SLP219 T01000067,null
IND,2024-12-26 20:54,50,43,76.76,140,8,0,30.16,1021.6,10,null,BKN,OVC,null,null,4000,6000,null,null,null,null,null,null,null,null,null,50,KIND 262054Z 14008KT 10SM BKN040 OVC060 10/06 A3016 RMK AO2 SLP216 60000 T01000061 56016,null
IND,2024-12-26 21:54,50,43,76.76,120,8,0,30.15,1021.2,10,null,SCT,BKN,OVC,null,3800,5500,7000,null,null,null,null,null,null,null,null,50,KIND 262154Z 12008KT 10SM SCT038 BKN055 OVC070 10/06 A3015 RMK AO2 SLP212 T01000061,null
IND,2024-12-26 22:54,49,43,79.68,110,6,0,30.15,1021.2,10,null,FEW,BKN,BKN,null,5000,8000,10000,null,null,null,null,null,null,null,null,46,KIND 262254Z 11006KT 10SM FEW050 BKN080 BKN100 09/06 A3015 RMK AO2 SLP212 T00940061,null
IND,2024-12-26 23:54,48,42,79.6,120,7,0,30.14,1020.9,10,null,FEW,FEW,BKN,null,5000,10000,14000,null,null,null,null,null,null,null,null,44.28,KIND 262354Z 12007KT 10SM FEW050 FEW100 BKN140 09/06 A3014 RMK AO2 SLP209 60000 T00890056 10106 20089 56006,null
IND,2024-12-27 0:54,46,41,82.58,110,6,0,30.14,1020.9,10,null,BKN,BKN,null,null,8000,14000,null,null,null,null,null,null,null,null,null,42.39,KIND 270054Z 11006KT 10SM BKN080 BKN140 08/05 A3014 RMK AO2 SLP209 T00780050,null
IND,2024-12-27 1:54,48,42,79.6,130,6,0,30.15,1021.2,10,null,BKN,OVC,null,null,9000,14000,null,null,null,null,null,null,null,null,null,44.8,KIND 270154Z 13006KT 10SM BKN090 OVC140 09/06 A3015 RMK AO2 SLP212 T00890056,null
IND,2024-12-27 2:54,48,42,79.6,130,9,0,30.14,1020.9,10,null,FEW,BKN,OVC,null,6000,11000,14000,null,null,null,null,null,null,null,null,43.41,KIND 270254Z 13009KT 10SM FEW060 BKN110 OVC140 09/06 A3014 RMK AO2 SLP209 T00890056 58001,null
IND,2024-12-27 3:54,48,41,76.58,140,10,T,30.13,1020.5,10,null,BKN,OVC,null,null,9500,14000,null,null,#NAME?,null,null,null,null,null,null,43.03,KIND 270354Z 14010KT 10SM -RA BKN095 OVC140 09/05 A3013 RMK AO2 RAB51 SLP205 P0000 T00890050,null
IND,2024-12-27 4:54,48,41,76.58,130,10,T,30.12,1020,10,null,SCT,BKN,OVC,null,9000,11000,14000,null,null,null,null,null,null,null,null,43.03,KIND 270454Z 13010KT 10SM SCT090 BKN110 OVC140 09/05 A3012 RMK AO2 RAE02 SLP200 P0000 T00890050 401060061,null
IND,2024-12-27 5:54,47,41,79.52,130,9,0,30.1,1019.5,10,null,OVC,null,null,null,11000,null,null,null,null,null,null,null,null,null,null,42.17,KIND 270554Z 13009KT 10SM OVC110 08/05 A3010 RMK AO2 SLP195 60000 T00830050 10089 20078 58013,null
IND,2024-12-27 6:54,48,41,76.58,140,7,0,30.09,1019,10,null,SCT,OVC,null,null,10000,14000,null,null,null,null,null,null,null,null,null,44.28,KIND 270654Z 14007KT 10SM SCT100 OVC140 09/05 A3009 RMK AO2 SLP190 T00890050,null
IND,2024-12-27 7:54,48,41,76.58,130,8,0,30.07,1018.5,10,null,OVC,null,null,null,6500,null,null,null,null,null,null,null,null,null,null,43.82,KIND 270754Z 13008KT 10SM OVC065 09/05 A3007 RMK AO2 SLP185 T00890050,null
IND,2024-12-27 8:54,48,41,76.58,130,9,0,30.06,1018.1,10,null,OVC,null,null,null,6000,null,null,null,null,null,null,null,null,null,null,43.41,KIND 270854Z 13009KT 10SM OVC060 09/05 A3006 RMK AO2 SLP181 T00890050 56014,null
IND,2024-12-27 9:54,48,41,76.58,140,8,0,30.05,1017.6,10,null,SCT,OVC,null,null,3000,5000,null,null,null,null,null,null,null,null,null,43.82,KIND 270954Z 14008KT 10SM SCT030 OVC050 09/05 A3005 RMK AO2 SLP176 T00890050,null
IND,2024-12-27 10:02,48,41,76.58,130,7,0,30.05,null,10,null,BKN,OVC,null,null,2800,4600,null,null,null,null,null,null,null,null,null,44.28,KIND 271002Z 13007KT 10SM BKN028 OVC046 09/05 A3005 RMK AO2 T00890050,null
IND,2024-12-27 10:43,48,41,76.58,120,9,0,30.03,null,10,null,SCT,BKN,OVC,null,2700,3500,5000,null,null,null,null,null,null,null,null,43.41,KIND 271043Z 12009KT 10SM SCT027 BKN035 OVC050 09/05 A3003 RMK AO2 T00890050,null
IND,2024-12-27 10:54,48,41,76.58,120,10,0,30.02,1016.6,10,null,SCT,OVC,null,null,4100,5500,null,null,null,null,null,null,null,null,null,43.03,KIND 271054Z 12010KT 10SM SCT041 OVC055 09/05 A3002 RMK AO2 SLP166 T00890050,null
IND,2024-12-27 11:37,48,41,76.58,130,10,0,30.01,null,10,null,BKN,BKN,OVC,null,2000,4000,5000,null,null,null,null,null,null,null,null,43.03,KIND 271137Z 13010KT 10SM BKN020 BKN040 OVC050 09/05 A3001 RMK AO2 T00890050,null
IND,2024-12-27 11:54,48,41,76.58,130,12,0,30,1016.2,10,null,BKN,OVC,null,null,1900,5500,null,null,null,null,null,null,null,null,null,42.37,KIND 271154Z 13012KT 10SM BKN019 OVC055 09/05 A3000 RMK AO2 SLP162 T00890050 10089 20083 56019,null
IND,2024-12-27 12:14,47,42,82.65,130,11,0,29.99,null,10,null,SCT,BKN,OVC,null,1900,6000,14000,null,null,null,null,null,null,null,null,41.42,KIND 271214Z 13011KT 10SM SCT019 BKN060 OVC140 08/06 A2999 RMK AO2 T00830056,null
IND,2024-12-27 12:54,48,42,79.6,110,11,0,29.98,1015.5,10,null,FEW,SCT,BKN,OVC,2800,6000,12000,14000,null,null,null,null,null,null,null,42.69,KIND 271254Z 11011KT 10SM FEW028 SCT060 BKN120 OVC140 09/06 A2998 RMK AO2 SLP155 T00890056,null
IND,2024-12-27 13:50,48.2,42.8,81.47,140,13,T,29.98,null,10,null,BKN,BKN,OVC,null,2600,3700,9500,null,#NAME?,null,null,null,null,null,null,42.32,KIND 271350Z 14013KT 10SM -RA BKN026 BKN037 OVC095 09/06 A2998 RMK AO2 RAB48 P0000,null
IND,2024-12-27 13:54,49,43,79.68,130,13,T,29.98,1015.3,10,null,BKN,BKN,OVC,null,2600,3700,9500,null,null,null,null,null,null,null,null,43.35,KIND 271354Z 13013KT 10SM BKN026 BKN037 OVC095 09/06 A2998 RMK AO2 RAB48E52 SLP153 P0000 T00940061,null
IND,2024-12-27 14:39,49,43,79.68,130,13,0,29.97,null,10,null,SCT,BKN,OVC,null,2100,6500,9000,null,null,null,null,null,null,null,null,43.35,KIND 271439Z 13013KT 10SM SCT021 BKN065 OVC090 09/06 A2997 RMK AO2 T00940061,null
IND,2024-12-27 14:54,49,43,79.68,130,13,0,29.97,1014.9,10,null,SCT,BKN,OVC,null,2100,6500,9000,null,null,null,null,null,null,null,null,43.35,KIND 271454Z 13013KT 10SM SCT021 BKN065 OVC090 09/06 A2997 RMK AO2 SLP149 60000 T00940061 56013,null
IND,2024-12-27 15:54,48,45,89.29,130,14,0.03,29.94,1014.1,4,null,BKN,BKN,OVC,null,2200,2900,3800,null,#NAME?,null,null,null,null,null,null,41.79,KIND 271554Z 13014KT 4SM -RA BR BKN022 BKN029 OVC038 09/07 A2994 RMK AO2 RAB11 SLP141 P0003 T00890072,null
IND,2024-12-27 16:05,48,46,92.74,140,16,0.03,29.94,null,2,23,SCT,BKN,OVC,null,2000,2500,3300,null,RA BR,null,null,null,null,null,null,41.27,KIND 271605Z 14016G23KT 2SM R05L/5500VP6000FT RA BR SCT020 BKN025 OVC033 09/08 A2994 RMK AO2 P0003 T00890078,null
IND,2024-12-27 16:22,48,46,92.74,140,14,0.1,29.94,null,4,null,BKN,BKN,OVC,null,1500,2500,4000,null,#NAME?,null,null,null,null,null,null,41.79,KIND 271622Z 14014KT 4SM -RA BR BKN015 BKN025 OVC040 09/08 A2994 RMK AO2 P0010 T00890078,null
IND,2024-12-27 16:50,48.2,46.4,93.45,130,15,0.12,29.91,null,6,null,OVC,null,null,null,1100,null,null,null,#NAME?,null,null,null,null,null,null,41.78,KIND 271650Z 13015KT 6SM -RA BR OVC011 09/08 A2991 RMK AO2 P0012,null
IND,2024-12-27 16:54,49,47,92.77,130,13,0.12,29.91,1012.8,6,null,OVC,null,null,null,1100,null,null,null,#NAME?,null,null,null,null,null,null,43.35,KIND 271654Z 13013KT 6SM -RA BR OVC011 09/08 A2991 RMK AO2 SLP128 P0012 T00940083,null
IND,2024-12-27 17:30,49,47,92.77,140,11,0.02,29.89,null,10,null,OVC,null,null,null,900,null,null,null,#NAME?,null,null,null,null,null,null,43.95,KIND 271730Z 14011KT 10SM -RA OVC009 09/08 A2989 RMK AO2 P0002 T00940083,null
IND,2024-12-27 17:54,49,48,96.32,150,13,0.03,29.88,1012,6,null,OVC,null,null,null,700,null,null,null,#NAME?,null,null,null,null,null,null,43.35,KIND 271754Z 15013KT 6SM -RA BR OVC007 09/09 A2988 RMK AO2 SLP120 P0003 60018 T00940089 10100 20083 58028,null
IND,2024-12-27 18:14,49,48,96.32,150,11,0.03,29.86,null,2.5,20,BKN,BKN,OVC,null,700,1000,3300,null,#NAME?,null,null,null,null,null,null,43.95,KIND 271814Z 15011G20KT 2 1/2SM -RA BR BKN007 BKN010 OVC033 09/09 A2986 RMK AO2 P0003 T00940089,null
IND,2024-12-27 18:52,50,48.2,93.5,150,12,0.03,29.85,null,8,null,BKN,OVC,null,null,700,1000,null,null,null,null,null,null,null,null,null,50,KIND 271852Z 15012KT 8SM BKN007 OVC010 10/09 A2985 RMK AO2 RAE28 P0003,null
IND,2024-12-27 18:54,50,48,92.8,150,12,0.03,29.84,1010.7,9,null,BKN,OVC,null,null,700,1000,null,null,null,null,null,null,null,null,null,50,KIND 271854Z 15012KT 9SM BKN007 OVC010 10/09 A2984 RMK AO2 RAE28 SLP107 P0003 T01000089,null
IND,2024-12-27 19:28,50,48,92.8,150,11,0,29.83,null,10,null,BKN,OVC,null,null,1000,1500,null,null,null,null,null,null,null,null,null,50,KIND 271928Z 15011KT 10SM BKN010 OVC015 10/09 A2983 RMK AO2 T01000089,null
IND,2024-12-27 19:54,51,49,92.83,150,11,0,29.83,1010.2,10,null,OVC,null,null,null,1200,null,null,null,null,null,null,null,null,null,null,51,KIND 271954Z 15011KT 10SM OVC012 11/09 A2983 RMK AO2 SLP102 T01060094,null
IND,2024-12-27 20:54,51,49,92.83,140,9,0,29.83,1010.2,10,null,BKN,OVC,null,null,1200,2100,null,null,null,null,null,null,null,null,null,51,KIND 272054Z 14009KT 10SM BKN012 OVC021 11/09 A2983 RMK AO2 SLP102 60003 T01060094 56006,null
IND,2024-12-27 21:54,51,49,92.83,150,10,0.01,29.83,1010.1,8,null,BKN,OVC,null,null,1000,1400,null,null,#NAME?,null,null,null,null,null,null,51,KIND 272154Z 15010KT 8SM -RA BKN010 OVC014 11/09 A2983 RMK AO2 RAB20 SLP101 P0001 T01060094,null
IND,2024-12-27 22:54,51,50,96.36,140,11,T,29.81,1009.6,10,null,SCT,BKN,OVC,null,1000,1400,2500,null,null,null,null,null,null,null,null,51,KIND 272254Z 14011KT 10SM SCT010 BKN014 OVC025 11/10 A2981 RMK AO2 RAE24 SLP096 P0000 T01060100,null
IND,2024-12-27 23:36,52,50,92.86,140,11,0,29.81,null,10,null,FEW,BKN,OVC,null,1000,1900,3500,null,null,null,null,null,null,null,null,52,KIND 272336Z 14011KT 10SM FEW010 BKN019 OVC035 11/10 A2981 RMK AO2 T01110100,null
IND,2024-12-27 23:54,52,50,92.86,150,11,0,29.8,1009.3,10,null,FEW,BKN,OVC,null,1000,2500,3500,null,null,null,null,null,null,null,null,52,KIND 272354Z 15011KT 10SM FEW010 BKN025 OVC035 11/10 A2980 RMK AO2 SLP093 60004 T01110100 10111 20094 58008,null
IND,2024-12-28 0:54,53,50,89.51,170,14,0,29.82,1009.7,10,null,FEW,BKN,OVC,null,1000,2100,3500,null,null,null,null,null,null,null,null,53,KIND 280054Z 17014KT 10SM FEW010 BKN021 OVC035 12/10 A2982 RMK AO2 SLP097 T01170100,null
IND,2024-12-28 1:13,53,50,89.51,170,13,0,29.81,null,10,20,SCT,BKN,OVC,null,2000,4500,7000,null,null,null,null,null,null,null,null,53,KIND 280113Z 17013G20KT 10SM SCT020 BKN045 OVC070 12/10 A2981 RMK AO2 T01170100,null
IND,2024-12-28 1:46,53,51,92.89,170,12,T,29.82,null,8,null,BKN,BKN,OVC,null,1400,2100,3700,null,#NAME?,null,null,null,null,null,null,53,KIND 280146Z 17012KT 8SM -RA BKN014 BKN021 OVC037 12/11 A2982 RMK AO2 RAB40 P0000 T01170106,null
IND,2024-12-28 1:54,53,51,92.89,170,12,T,29.82,1009.9,7,21,BKN,BKN,OVC,null,1400,2100,3700,null,#NAME?,null,null,null,null,null,null,53,KIND 280154Z 17012G21KT 7SM -RA BKN014 BKN021 OVC037 12/11 A2982 RMK AO2 RAB40 SLP099 P0000 T01170106,null
IND,2024-12-28 2:54,53,51,92.89,180,13,0.02,29.82,1009.9,6,22,BKN,OVC,null,null,1000,2100,null,null,#NAME?,null,null,null,null,null,null,53,KIND 280254Z 18013G22KT 6SM -RA BR BKN010 OVC021 12/11 A2982 RMK AO2 SLP099 P0002 60002 T01170106 51007,null
IND,2024-12-28 3:54,54,51,89.55,180,13,T,29.83,1010.2,10,22,BKN,OVC,null,null,1400,2100,null,null,null,null,null,null,null,null,null,54,KIND 280354Z 18013G22KT 10SM BKN014 OVC021 12/11 A2983 RMK AO2 RAE13B29E51 SLP102 P0000 T01220106,null
IND,2024-12-28 4:54,54,51,89.55,200,17,0.02,29.84,1010.6,7,23,OVC,null,null,null,1400,null,null,null,#NAME?,null,null,null,26,200,2024-12-28 4:06,54,KIND 280454Z 20017G23KT 7SM -RA OVC014 12/11 A2984 RMK AO2 PK WND 20026/0406 RAB00 SLP106 P0002 T01220106 401220083,null
IND,2024-12-28 5:54,53,51,92.89,200,14,0.01,29.86,1011.2,10,null,BKN,OVC,null,null,1400,3300,null,null,null,null,null,null,null,null,null,53,KIND 280554Z 20014KT 10SM BKN014 OVC033 12/11 A2986 RMK AO2 RAE41 SLP112 P0001 60005 T01170106 10122 20111 53012,null
IND,2024-12-28 6:17,53,51,92.89,200,12,0,29.87,null,10,null,SCT,BKN,OVC,null,1600,2500,5000,null,null,null,null,null,null,null,null,53,KIND 280617Z 20012KT 10SM SCT016 BKN025 OVC050 12/11 A2987 RMK AO2 T01170106,null
IND,2024-12-28 6:34,53,51,92.89,200,15,0,29.87,null,10,null,FEW,OVC,null,null,2000,3800,null,null,null,null,null,null,null,null,null,53,KIND 280634Z 20015KT 10SM FEW020 OVC038 12/11 A2987 RMK AO2 T01170106,null
IND,2024-12-28 6:54,53,51,92.89,210,11,0,29.88,1011.7,10,null,OVC,null,null,null,3900,null,null,null,null,null,null,null,null,null,null,53,KIND 280654Z 21011KT 10SM OVC039 12/11 A2988 RMK AO2 SLP117 T01170106,null
IND,2024-12-28 7:13,53,51,92.89,210,10,0,29.88,null,10,null,BKN,OVC,null,null,1800,4000,null,null,null,null,null,null,null,null,null,53,KIND 280713Z 21010KT 10SM BKN018 OVC040 12/11 A2988 RMK AO2 T01170106,null
IND,2024-12-28 7:54,53,51,92.89,210,9,0.01,29.91,1012.9,8,null,BKN,BKN,OVC,null,1700,3400,4300,null,#NAME?,null,null,null,null,null,null,53,KIND 280754Z 21009KT 8SM -RA BKN017 BKN034 OVC043 12/11 A2991 RMK AO2 RAB46 SLP129 P0001 T01170106,null
IND,2024-12-28 8:14,53,51,92.89,210,11,T,29.92,null,8,null,SCT,BKN,OVC,null,1500,3600,4300,null,#NAME?,null,null,null,null,null,null,53,KIND 280814Z 21011KT 8SM -RA SCT015 BKN036 OVC043 12/11 A2992 RMK AO2 P0000 T01170106,null
IND,2024-12-28 8:54,53,50,89.51,210,12,0.01,29.91,1013,10,null,SCT,OVC,null,null,4200,6000,null,null,null,null,null,null,null,null,null,53,KIND 280854Z 21012KT 10SM SCT042 OVC060 12/10 A2991 RMK AO2 RAE50 SLP130 P0001 60002 T01170100 51018,null
IND,2024-12-28 9:20,53,50,89.51,220,9,0,29.92,null,10,null,BKN,OVC,null,null,1600,6000,null,null,null,null,null,null,null,null,null,53,KIND 280920Z 22009KT 10SM BKN016 OVC060 12/10 A2992 RMK AO2 T01170100,null
IND,2024-12-28 9:54,52,50,92.86,190,11,0,29.93,1013.4,10,null,BKN,OVC,null,null,1500,6500,null,null,null,null,null,null,null,null,null,52,KIND 280954Z 19011KT 10SM BKN015 OVC065 11/10 A2993 RMK AO2 SLP134 T01110100,null
IND,2024-12-28 10:18,53,50,89.51,200,11,0,29.93,null,10,null,SCT,OVC,null,null,1700,6000,null,null,null,null,null,null,null,null,null,53,KIND 281018Z 20011KT 10SM SCT017 OVC060 12/10 A2993 RMK AO2 T01170100,null
IND,2024-12-28 10:54,52,50,92.86,210,10,0,29.94,1014,10,null,FEW,OVC,null,null,1700,6000,null,null,null,null,null,null,null,null,null,52,KIND 281054Z 21010KT 10SM FEW017 OVC060 11/10 A2994 RMK AO2 SLP140 T01110100,null
IND,2024-12-28 11:26,53,49,86.23,210,11,0,29.96,null,10,null,BKN,OVC,null,null,1700,6000,null,null,null,null,null,null,null,null,null,53,KIND 281126Z 21011KT 10SM BKN017 OVC060 12/09 A2996 RMK AO2 T01170094,null
IND,2024-12-28 11:48,51.8,48.2,87.47,220,7,0,29.96,null,10,null,SCT,SCT,OVC,null,1600,2100,6500,null,null,null,null,null,null,null,null,51.8,KIND 281148Z 22007KT 10SM SCT016 SCT021 OVC065 11/09 A2996 RMK AO2,null
IND,2024-12-28 11:54,51,49,92.83,220,7,0,29.96,1014.7,10,null,FEW,SCT,BKN,null,1600,2200,6500,null,null,null,null,null,null,null,null,51,KIND 281154Z 22007KT 10SM FEW016 SCT022 BKN065 11/09 A2996 RMK AO2 SLP147 60002 70029 T01060094 10122 20106 51012,null
IND,2024-12-28 12:10,52,49,89.46,240,6,0,29.97,null,10,null,BKN,BKN,null,null,2000,6500,null,null,null,null,null,null,null,null,null,52,KIND 281210Z 24006KT 10SM BKN020 BKN065 11/09 A2997 RMK AO2 T01110094,null
IND,2024-12-28 12:54,49,47,92.77,200,7,0,29.99,1015.6,10,null,BKN,null,null,null,1500,null,null,null,null,null,null,null,null,null,null,45.5,KIND 281254Z 20007KT 10SM BKN015 09/08 A2999 RMK AO2 SLP156 T00940083,null
IND,2024-12-28 13:14,51,49,92.83,200,7,0,30,null,10,null,BKN,null,null,null,1400,null,null,null,null,null,null,null,null,null,null,51,KIND 281314Z 20007KT 10SM BKN014 11/09 A3000 RMK AO2 T01060094,null
IND,2024-12-28 13:54,52,50,92.86,200,7,0,30.02,1016.5,10,null,BKN,null,null,null,1400,null,null,null,null,null,null,null,null,null,null,52,KIND 281354Z 20007KT 10SM BKN014 11/10 A3002 RMK AO2 SLP165 T01110100,null
IND,2024-12-28 14:35,52,50,92.86,200,11,0,30.03,null,10,null,OVC,null,null,null,1500,null,null,null,null,null,null,null,null,null,null,52,KIND 281435Z 20011KT 10SM OVC015 11/10 A3003 RMK AO2 T01110100,null
IND,2024-12-28 14:54,53,50,89.51,200,10,0,30.03,1017.1,10,null,OVC,null,null,null,1600,null,null,null,null,null,null,null,null,null,null,53,KIND 281454Z 20010KT 10SM OVC016 12/10 A3003 RMK AO2 SLP171 T01170100 51023,null
IND,2024-12-28 15:54,54,51,89.55,210,12,0,30.05,1017.7,10,null,SCT,OVC,null,null,1200,2200,null,null,null,null,null,null,null,null,null,54,KIND 281554Z 21012KT 10SM SCT012 OVC022 12/11 A3005 RMK AO2 SLP177 T01220106,null
IND,2024-12-28 16:03,54,50,86.29,210,10,0,30.05,null,10,null,BKN,OVC,null,null,1400,2200,null,null,null,null,null,null,null,null,null,54,KIND 281603Z 21010KT 10SM BKN014 OVC022 12/10 A3005 RMK AO2 T01220100,null
IND,2024-12-28 16:15,54,50,86.29,220,8,0,30.05,null,10,null,BKN,OVC,null,null,1600,2100,null,null,null,null,null,null,null,null,null,54,KIND 281615Z 22008KT 10SM BKN016 OVC021 12/10 A3005 RMK AO2 T01220100,null
IND,2024-12-28 16:54,55,51,86.34,220,6,0,30.04,1017.1,10,null,BKN,BKN,OVC,null,1600,3100,4000,null,null,null,null,null,null,null,null,55,KIND 281654Z 22006KT 10SM BKN016 BKN031 OVC040 13/11 A3004 RMK AO2 SLP171 T01280106,null
IND,2024-12-28 17:09,56,51,83.26,230,7,0,30.03,null,10,null,SCT,BKN,null,null,1600,3900,null,null,null,null,null,null,null,null,null,56,KIND 281709Z 23007KT 10SM SCT016 BKN039 13/11 A3003 RMK AO2 T01330106,null
IND,2024-12-28 17:24,56,51,83.26,230,6,0,30.02,null,10,null,BKN,BKN,null,null,1600,4000,null,null,null,null,null,null,null,null,null,56,KIND 281724Z 23006KT 10SM BKN016 BKN040 13/11 A3002 RMK AO2 T01330106,null
IND,2024-12-28 17:54,57,51,80.31,240,5,0,30.01,1016.3,10,null,SCT,BKN,BKN,null,1800,2200,3200,null,null,null,null,null,null,null,null,57,KIND 281754Z 24005KT 10SM SCT018 BKN022 BKN032 14/11 A3001 RMK AO2 SLP163 T01390106 10139 20094 58007,null
IND,2024-12-28 18:14,57,51,80.31,220,5,0,30,null,10,null,SCT,SCT,BKN,null,1900,3400,4200,null,null,null,null,null,null,null,null,57,KIND 281814Z 22005KT 10SM SCT019 SCT034 BKN042 14/11 A3000 RMK AO2 T01390106,null
IND,2024-12-28 18:51,57.2,50,76.82,240,3,0,29.98,null,10,null,SCT,SCT,BKN,null,1700,2200,2800,null,null,null,null,null,null,null,null,57.2,KIND 281851Z 24003KT 10SM SCT017 SCT022 BKN028 14/10 A2998 RMK AO2,null
IND,2024-12-28 18:54,57,50,77.38,240,3,0,29.98,1015.2,10,null,SCT,BKN,BKN,null,2200,2800,3600,null,null,null,null,null,null,null,null,57,KIND 281854Z 24003KT 10SM SCT022 BKN028 BKN036 14/10 A2998 RMK AO2 SLP152 T01390100,null
IND,2024-12-28 19:01,57,50,77.38,250,4,0,29.99,null,10,null,FEW,SCT,BKN,null,1700,2500,3400,null,null,null,null,null,null,null,null,57,KIND 281901Z 25004KT 10SM FEW017 SCT025 BKN034 14/10 A2999 RMK AO2 T01390100,null
IND,2024-12-28 19:54,59,50,72.01,270,4,0,29.99,1015.4,10,null,SCT,SCT,BKN,null,2600,3500,4300,null,null,null,null,null,null,null,null,59,KIND 281954Z 27004KT 10SM SCT026 SCT035 BKN043 15/10 A2999 RMK AO2 SLP154 T01500100,null
IND,2024-12-28 20:19,59,50,72.01,200,5,0,29.99,null,10,null,BKN,BKN,null,null,2400,3300,null,null,null,null,null,null,null,null,null,59,KIND 282019Z 20005KT 10SM BKN024 BKN033 15/10 A2999 RMK AO2 T01500100,null
IND,2024-12-28 20:44,58,50,74.64,170,3,0,29.99,null,10,null,SCT,BKN,OVC,null,2300,3400,4200,null,null,null,null,null,null,null,null,58,KIND 282044Z 17003KT 10SM SCT023 BKN034 OVC042 14/10 A2999 RMK AO2 T01440100,null
IND,2024-12-28 20:54,58,50,74.64,0,0,0,29.99,1015.4,10,null,SCT,BKN,BKN,null,2300,3400,10000,null,null,null,null,null,null,null,null,58,KIND 282054Z 00000KT 10SM SCT023 BKN034 BKN100 14/10 A2999 RMK AO2 SLP154 T01440100 53001,null
IND,2024-12-28 21:54,57,50,77.38,70,3,0,29.98,1015.1,10,null,BKN,BKN,null,null,2400,14000,null,null,null,null,null,null,null,null,null,57,KIND 282154Z 07003KT 10SM BKN024 BKN140 14/10 A2998 RMK AO2 SLP151 T01390100,null
IND,2024-12-28 22:31,55,50,83.2,100,4,0,29.98,null,10,null,FEW,OVC,null,null,2400,3500,null,null,null,null,null,null,null,null,null,55,KIND 282231Z 10004KT 10SM FEW024 OVC035 13/10 A2998 RMK AO2 T01280100,null
IND,2024-12-28 22:54,56,51,83.26,130,8,0,30,1015.7,10,null,SCT,BKN,OVC,null,2100,3300,4000,null,null,null,null,null,null,null,null,56,KIND 282254Z 13008KT 10SM SCT021 BKN033 OVC040 13/11 A3000 RMK AO2 SLP157 T01330106,null
IND,2024-12-28 23:07,56,51,83.26,130,7,0,29.99,null,10,null,SCT,BKN,OVC,null,2300,2800,4200,null,null,null,null,null,null,null,null,56,KIND 282307Z 13007KT 10SM SCT023 BKN028 OVC042 13/11 A2999 RMK AO2 T01330106,null
IND,2024-12-28 23:27,56,51,83.26,90,6,0,29.98,null,10,null,FEW,FEW,OVC,null,2300,2800,4200,null,null,null,null,null,null,null,null,56,KIND 282327Z 09006KT 10SM FEW023 FEW028 OVC042 13/11 A2998 RMK AO2 T01330106,null
IND,2024-12-28 23:54,55,51,86.34,100,5,0,29.97,1015,10,null,BKN,OVC,null,null,4200,4900,null,null,null,null,null,null,null,null,null,55,KIND 282354Z 10005KT 10SM BKN042 OVC049 13/11 A2997 RMK AO2 SLP150 T01280106 10156 20128 58005,null
IND,2024-12-29 0:31,55,51,86.34,90,4,0,29.97,null,10,null,SCT,BKN,OVC,null,1800,2400,4700,null,null,null,null,null,null,null,null,55,KIND 290031Z 09004KT 10SM SCT018 BKN024 OVC047 13/11 A2997 RMK AO2 T01280106,null
IND,2024-12-29 0:54,55,51,86.34,120,4,0,29.98,1015.1,10,null,BKN,OVC,null,null,1700,2400,null,null,null,null,null,null,null,null,null,55,KIND 290054Z 12004KT 10SM BKN017 OVC024 13/11 A2998 RMK AO2 SLP151 T01280106,null
IND,2024-12-29 1:54,55,52,89.59,130,9,0,29.96,1014.6,10,null,BKN,OVC,null,null,1400,2100,null,null,null,null,null,null,null,null,null,55,KIND 290154Z 13009KT 10SM BKN014 OVC021 13/11 A2996 RMK AO2 SLP146 T01280111,null
IND,2024-12-29 2:28,54,52,92.92,110,5,0,29.96,null,10,null,FEW,SCT,OVC,null,700,1400,5000,null,null,null,null,null,null,null,null,54,KIND 290228Z 11005KT 10SM FEW007 SCT014 OVC050 12/11 A2996 RMK AO2 T01220111,null
IND,2024-12-29 2:34,54,52,92.92,100,5,0,29.95,null,10,null,BKN,BKN,OVC,null,700,1400,5000,null,null,null,null,null,null,null,null,54,KIND 290234Z 10005KT 10SM BKN007 BKN014 OVC050 12/11 A2995 RMK AO2 T01220111,null
IND,2024-12-29 2:54,54,52,92.92,60,5,0,29.94,1013.7,10,null,BKN,BKN,OVC,null,600,5000,11000,null,null,null,null,null,null,null,null,54,KIND 290254Z 06005KT 10SM BKN006 BKN050 OVC110 12/11 A2994 RMK AO2 SLP137 T01220111 58012,null
IND,2024-12-29 3:54,54,52,92.92,90,6,0,29.92,1013,10,null,OVC,null,null,null,700,null,null,null,null,null,null,null,null,null,null,54,KIND 290354Z 09006KT 10SM OVC007 12/11 A2992 RMK AO2 SLP130 T01220111,null
IND,2024-12-29 4:38,54,52,92.92,80,6,0,29.9,null,10,null,SCT,BKN,OVC,null,700,1800,10000,null,null,null,null,null,null,null,null,54,KIND 290438Z 08006KT 10SM SCT007 BKN018 OVC100 12/11 A2990 RMK AO2 T01220111,null
IND,2024-12-29 4:49,53.6,51.8,93.6,80,7,0,29.89,null,10,null,SCT,SCT,OVC,null,700,2000,5000,null,null,null,null,null,null,null,null,53.6,KIND 290449Z 08007KT 10SM SCT007 SCT020 OVC050 12/11 A2989 RMK AO2,null
IND,2024-12-29 4:54,54,52,92.92,60,7,0,29.88,1011.7,10,null,SCT,SCT,OVC,null,700,2000,5000,null,null,null,null,null,null,null,null,54,KIND 290454Z 06007KT 10SM SCT007 SCT020 OVC050 12/11 A2988 RMK AO2 SLP117 T01220111 401560094,null
IND,2024-12-29 5:54,53,52,96.39,30,8,0.04,29.81,1009.5,4,null,FEW,BKN,OVC,null,3600,4900,7500,null,#NAME?,null,null,null,null,null,null,53,KIND 290554Z 03008KT 4SM -RA BR FEW036 BKN049 OVC075 12/11 A2981 RMK AO2 RAB07 PRESFR SLP095 P0004 60004 T01170111 10133 20117 58034,null
IND,2024-12-29 6:39,53,52,96.39,50,10,0.01,29.78,null,6,null,SCT,BKN,OVC,null,700,2200,7000,null,#NAME?,null,null,null,null,null,null,53,KIND 290639Z 05010KT 6SM -RA BR SCT007 BKN022 OVC070 12/11 A2978 RMK AO2 P0001 T01170111,null
IND,2024-12-29 6:54,53,52,96.39,50,11,0.02,29.75,1007.4,5,null,SCT,BKN,OVC,null,700,2400,7000,null,#NAME?,null,null,null,null,null,null,53,KIND 290654Z 05011KT 5SM -RA BR SCT007 BKN024 OVC070 12/11 A2975 RMK AO2 PRESFR SLP074 P0002 T01170111,null
IND,2024-12-29 7:06,53,52,96.39,50,10,0.02,29.74,null,5,null,BKN,BKN,OVC,null,500,1100,2400,null,#NAME?,null,null,null,null,null,null,53,KIND 290706Z 05010KT 5SM -RA BR BKN005 BKN011 OVC024 12/11 A2974 RMK AO2 P0002 T01170111,null
IND,2024-12-29 7:54,53,52,96.39,50,12,0.18,29.69,1005.3,3,null,OVC,null,null,null,500,null,null,null,#NAME?,null,null,null,null,null,null,53,KIND 290754Z 05012KT 3SM +RA BR OVC005 12/11 A2969 RMK AO2 PRESFR SLP053 P0018 T01170111,null
IND,2024-12-29 8:34,53,52,96.39,50,11,0.25,29.67,null,2.5,null,BKN,OVC,null,null,700,1800,null,null,#NAME?,null,null,null,null,null,null,53,KIND 290834Z 05011KT 2 1/2SM +RA BR BKN007 OVC018 12/11 A2967 RMK AO2 P0025 T01170111,null
IND,2024-12-29 8:54,53,52,96.39,50,14,0.45,29.65,1003.8,2,null,SCT,OVC,null,null,600,2200,null,null,#NAME?,null,null,null,null,null,null,53,KIND 290854Z 05014KT 2SM +RA BR SCT006 OVC022 12/11 A2965 RMK AO2 SLP038 P0045 60065 T01170111 56055,null
IND,2024-12-29 9:19,53,51,92.89,50,17,0.19,29.62,null,3,24,FEW,BKN,OVC,null,600,2200,2900,null,RA BR,null,null,null,27,40,2024-12-29 9:02,53,KIND 290919Z 05017G24KT 3SM RA BR FEW006 BKN022 OVC029 12/11 A2962 RMK AO2 PK WND 04027/0902 PRESFR P0019 T01170106,null
IND,2024-12-29 9:38,53,52,96.39,50,14,0.23,29.6,null,2.5,23,FEW,BKN,OVC,null,500,1800,2200,null,RA BR,null,null,null,27,40,2024-12-29 9:02,53,KIND 290938Z 05014G23KT 2 1/2SM RA BR FEW005 BKN018 OVC022 12/11 A2960 RMK AO2 PK WND 04027/0902 P0023 T01170111,null
IND,2024-12-29 9:54,53,52,96.39,50,14,0.26,29.59,1001.7,2,null,FEW,SCT,OVC,null,500,900,1600,null,RA BR,null,null,null,27,40,2024-12-29 9:02,53,KIND 290954Z 05014KT 2SM RA BR FEW005 SCT009 OVC016 12/11 A2959 RMK AO2 PK WND 04027/0902 SLP017 P0026 T01170111,null
IND,2024-12-29 10:01,53,52,96.39,60,10,0.02,29.58,null,2.5,null,FEW,BKN,OVC,null,500,1100,1700,null,#NAME?,null,null,null,null,null,null,53,KIND 291001Z 06010KT 2 1/2SM -RA BR FEW005 BKN011 OVC017 12/11 A2958 RMK AO2 P0002 T01170111,null
IND,2024-12-29 10:13,53,52,96.39,50,9,0.05,29.56,null,2,null,SCT,BKN,OVC,null,500,900,1600,null,RA BR,null,null,null,null,null,null,53,KIND 291013Z 05009KT 2SM RA BR SCT005 BKN009 OVC016 12/11 A2956 RMK AO2 PRESFR P0005 T01170111,null
IND,2024-12-29 10:27,53,52,96.39,50,9,0.09,29.55,null,5,null,BKN,OVC,null,null,500,900,null,null,#NAME?,null,null,null,null,null,null,53,KIND 291027Z 05009KT 5SM -RA BR BKN005 OVC009 12/11 A2955 RMK AO2 P0009 T01170111,null
IND,2024-12-29 10:54,53,52,96.39,40,11,0.09,29.54,1000.2,10,null,OVC,null,null,null,500,null,null,null,#NAME?,null,null,null,null,null,null,53,KIND 291054Z 04011KT 10SM -RA OVC005 12/11 A2954 RMK AO2 SLP002 P0009 T01170111,null
IND,2024-12-29 11:04,53,52,96.39,30,10,T,29.54,null,9,null,OVC,null,null,null,400,null,null,null,#NAME?,null,null,null,null,null,null,53,KIND 291104Z 03010KT 9SM -RA OVC004 12/11 A2954 RMK AO2 P0000 T01170111,null
IND,2024-12-29 11:54,55,54,96.42,100,4,0.01,29.5,998.9,10,null,BKN,OVC,null,null,500,1800,null,null,null,null,null,null,null,null,null,55,KIND 291154Z 10004KT 10SM BKN005 OVC018 13/12 A2950 RMK AO2 RAE34 SLP989 P0001 60101 70105 T01280122 10128 20117 56048,null
IND,2024-12-29 12:09,56,55,96.43,120,10,T,29.5,null,6,null,SCT,BKN,OVC,null,500,1000,1800,null,#NAME?,null,null,null,null,null,null,56,KIND 291209Z 12010KT 6SM -RA BR SCT005 BKN010 OVC018 13/13 A2950 RMK AO2 RAB01 P0000 T01330128,null
IND,2024-12-29 12:27,56,55,96.43,110,10,0.01,29.49,null,5,null,BKN,BKN,OVC,null,700,1500,2200,null,#NAME?,null,null,null,null,null,null,56,KIND 291227Z 11010KT 5SM -RA BR BKN007 BKN015 OVC022 13/13 A2949 RMK AO2 RAB01 P0001 T01330128,null
IND,2024-12-29 12:54,57,56,96.45,130,11,0.01,29.48,998.1,10,null,FEW,BKN,OVC,null,700,1600,2100,null,null,null,null,null,null,null,null,57,KIND 291254Z 13011KT 10SM FEW007 BKN016 OVC021 14/13 A2948 RMK AO2 RAB01E54 SLP981 P0001 T01390133,null
IND,2024-12-29 13:54,57,56,96.45,150,9,0.01,29.46,997.6,4,null,FEW,OVC,null,null,900,1800,null,null,#NAME?,null,null,null,null,null,null,57,KIND 291354Z 15009KT 4SM -RA BR FEW009 OVC018 14/13 A2946 RMK AO2 DZB43E49RAB49 SLP976 P0001 T01390133,null
IND,2024-12-29 14:54,58,56,93.04,140,7,0.01,29.42,996.2,10,null,FEW,SCT,BKN,null,1600,2200,2800,null,null,null,null,null,null,null,null,58,KIND 291454Z 14007KT 10SM FEW016 SCT022 BKN028 14/13 A2942 RMK AO2 RAE19 SLP962 P0001 60003 T01440133 58026,null
IND,2024-12-29 15:00,58,56,93.04,150,8,0,29.42,null,10,null,FEW,SCT,OVC,null,1600,2200,3100,null,null,null,null,null,null,null,null,58,KIND 291500Z 15008KT 10SM FEW016 SCT022 OVC031 14/13 A2942 RMK AO2 T01440133,null
IND,2024-12-29 15:35,58,55,89.72,150,10,0,29.41,null,10,null,BKN,BKN,OVC,null,1800,4300,5000,null,null,null,null,null,null,null,null,58,KIND 291535Z 15010KT 10SM BKN018 BKN043 OVC050 14/13 A2941 RMK AO2 T01440128,null
IND,2024-12-29 15:49,57.2,55.4,93.69,160,10,0,29.4,null,10,null,FEW,BKN,OVC,null,1500,3300,4000,null,null,null,null,null,null,null,null,57.2,KIND 291549Z 16010KT 10SM FEW015 BKN033 OVC040 14/13 A2940 RMK AO2,null
IND,2024-12-29 15:54,58,55,89.72,150,10,0,29.4,995.3,9,null,FEW,BKN,OVC,null,1800,2800,4100,null,null,null,null,null,null,null,null,58,KIND 291554Z 15010KT 9SM FEW018 BKN028 OVC041 14/13 A2940 RMK AO2 SLP953 T01440128,null
IND,2024-12-29 16:54,57,54,89.68,170,12,T,29.35,993.6,3,20,FEW,BKN,OVC,null,1100,1600,2200,null,#NAME?,null,null,null,null,null,null,57,KIND 291654Z 17012G20KT 3SM -RA BR FEW011 BKN016 OVC022 14/12 A2935 RMK AO2 DZB28E49RAB49 SLP936 P0000 T01390122,null
IND,2024-12-29 17:07,57,54,89.68,180,12,T,29.33,null,2.5,20,FEW,BKN,OVC,null,900,1600,2400,null,#NAME?,null,null,null,null,null,null,57,KIND 291707Z 18012G20KT 2 1/2SM -RA BR FEW009 BKN016 OVC024 14/12 A2933 RMK AO2 P0000 T01390122,null
IND,2024-12-29 17:28,57,55,93.01,170,11,0.02,29.31,null,4,null,FEW,BKN,OVC,null,900,1300,1800,null,#NAME?,null,null,null,null,null,null,57,KIND 291728Z 17011KT 4SM -RA BR FEW009 BKN013 OVC018 14/13 A2931 RMK AO2 P0002 T01390128,null
IND,2024-12-29 17:52,53.6,51.8,93.6,310,13,0.02,29.31,null,1,18,FEW,OVC,null,null,600,1300,null,null,#NAME?,null,null,null,null,null,null,53.6,KIND 291752Z 31013G18KT 1SM R05L/4000VP6000FT +RA BR FEW006 OVC013 12/11 A2931 RMK AO2 P0002 $,null
IND,2024-12-29 17:54,50,49,96.34,310,16,0.02,29.32,992.7,1,20,FEW,BKN,OVC,null,600,1000,1300,null,RA BR,null,null,null,null,null,null,50,KIND 291754Z 31016G20KT 1SM R05L/4000VP6000FT RA BR FEW006 BKN010 OVC013 10/09 A2932 RMK AO2 WSHFT 1740 SLP927 P0002 60005 T01000094 10144 20100 55026 $,null
IND,2024-12-29 17:56,49,47,92.77,300,18,T,29.31,null,1,null,BKN,OVC,null,null,900,1300,null,null,RA BR,null,null,null,null,null,null,42.13,KIND 291756Z 30018KT 1SM R05L/4000V5500FT RA BR BKN009 OVC013 09/08 A2931 RMK AO2 WSHFT 1741 P0000 T00940083 $,null
IND,2024-12-29 18:08,48,46,92.74,310,17,0.05,29.31,null,2.5,23,FEW,OVC,null,null,600,1300,null,null,#NAME?,null,null,null,null,null,null,41.04,KIND 291808Z 31017G23KT 2 1/2SM R05L/4500VP6000FT -RA BR FEW006 OVC013 09/08 A2931 RMK AO2 WSHFT 1741 P0005 T00890078 $,null
IND,2024-12-29 18:15,48,46,92.74,310,16,0.06,29.31,null,3,25,SCT,SCT,OVC,null,600,1100,1800,null,RA BR,null,null,null,null,null,null,41.27,KIND 291815Z 31016G25KT 3SM R05L/6000VP6000FT RA BR SCT006 SCT011 OVC018 09/08 A2931 RMK AO2 WSHFT 1741 P0006 T00890078 $,null
IND,2024-12-29 18:54,47,45,92.71,300,16,0.13,29.33,993.1,4,26,BKN,BKN,OVC,null,700,1900,2700,null,#NAME?,null,null,null,29,330,2024-12-29 18:36,39.97,KIND 291854Z 30016G26KT 4SM -RA BR BKN007 BKN019 OVC027 08/07 A2933 RMK AO2 PK WND 33029/1836 WSHFT 1741 SLP931 P0013 T00830072 $,null
IND,2024-12-29 19:29,46,43,89.2,300,21,T,29.35,null,10,32,OVC,null,null,null,1200,null,null,null,null,null,null,null,32,300,2024-12-29 19:20,37.53,KIND 291929Z 30021G32KT 10SM OVC012 08/06 A2935 RMK AO2 PK WND 30032/1920 RAE05 P0000 T00780061 $,null
IND,2024-12-29 19:54,46,43,89.2,300,22,T,29.37,994.7,5,33,OVC,null,null,null,1300,null,null,null,#NAME?,null,null,null,37,290,2024-12-29 19:41,37.33,KIND 291954Z 30022G33KT 5SM -DZ BR OVC013 08/06 A2937 RMK AO2 PK WND 29037/1941 RAE05B42E50DZB52 SLP947 P0000 T00780061 $,null
IND,2024-12-29 20:40,45,43,92.65,290,23,T,29.44,null,2.5,35,OVC,null,null,null,1300,null,null,null,#NAME?,null,null,null,38,300,2024-12-29 20:18,35.79,KIND 292040Z 29023G35KT 2 1/2SM -RA BR OVC013 07/06 A2944 RMK AO2 PK WND 30038/2018 VIS 1 3/4V3 PRESRR DZE16RAB16 P0000 T00720061 $,null
IND,2024-12-29 20:54,44,42,92.61,300,21,0.01,29.47,997.9,2.5,43,BKN,OVC,null,null,1300,1800,null,null,#NAME?,null,null,null,43,290,2024-12-29 20:50,34.86,KIND 292054Z 30021G43KT 2 1/2SM -RA BR BKN013 OVC018 07/06 A2947 RMK AO2 PK WND 29043/2050 PRESRR SLP979 DZE16RAB16 P0001 60014 T00670056 53049 $,null
IND,2024-12-29 21:25,42,40,92.55,290,30,T,29.51,null,5,40,BKN,OVC,null,null,1200,1700,null,null,#NAME?,null,null,null,40,290,2024-12-29 21:23,30.45,KIND 292125Z 29030G40KT 5SM -RA BR BKN012 OVC017 06/04 A2951 RMK AO2 PK WND 29040/2123 PRESRR P0000 T00560044 $,null
IND,2024-12-29 21:54,42,39,89.01,300,22,T,29.55,1000.7,7,32,OVC,null,null,null,1400,null,null,null,#NAME?,null,null,null,40,290,2024-12-29 21:23,31.97,KIND 292154Z 30022G32KT 7SM -RA OVC014 06/04 A2955 RMK AO2 PK WND 29040/2123 PRESRR SLP007 P0000 T00560039 $,null
IND,2024-12-29 22:28,41,38,88.97,290,20,T,29.58,null,10,32,BKN,OVC,null,null,1500,2100,null,null,#NAME?,null,null,null,39,300,2024-12-29 21:57,31.09,KIND 292228Z 29020G32KT 10SM -RA BKN015 OVC021 05/03 A2958 RMK AO2 PK WND 30039/2157 P0000 T00500033 $,null
IND,2024-12-29 22:54,41,37,85.54,290,24,T,29.6,1002.4,10,32,BKN,BKN,OVC,null,1700,4100,7500,null,null,null,null,null,39,300,2024-12-29 21:57,30.2,KIND 292254Z 29024G32KT 10SM BKN017 BKN041 OVC075 05/03 A2960 RMK AO2 PK WND 30039/2157 RAE53 SLP024 P0000 T00500028 $,null
IND,2024-12-29 23:54,42,38,85.6,270,17,T,29.65,1004.2,10,26,OVC,null,null,null,1900,null,null,null,#NAME?,null,null,null,38,280,2024-12-29 22:56,33.18,KIND 292354Z 27017G26KT 10SM -RA OVC019 06/03 A2965 RMK AO2 PK WND 28038/2256 RAB04E31B47 SLP042 P0000 60014 T00560033 10100 20050 51061 $,null
IND,2024-12-30 0:54,42,38,85.6,290,18,T,29.68,1005.1,10,25,SCT,OVC,null,null,2100,6000,null,null,null,null,null,null,32,270,2024-12-30 0:29,32.91,KIND 300054Z 29018G25KT 10SM SCT021 OVC060 06/03 A2968 RMK AO2 PK WND 27032/0029 RAE43 SLP051 P0000 T00560033 $,null
IND,2024-12-30 1:54,42,38,85.6,260,11,0,29.69,1005.4,10,null,FEW,SCT,OVC,null,4400,7000,11000,null,null,null,null,null,null,null,null,35.1,KIND 300154Z 26011KT 10SM FEW044 SCT070 OVC110 06/03 A2969 RMK AO2 SLP054 T00560033 $,null
IND,2024-12-30 2:54,42,39,89.01,230,8,0,29.7,1005.9,10,null,BKN,BKN,BKN,null,2500,3000,3600,null,null,null,null,null,null,null,null,36.43,KIND 300254Z 23008KT 10SM BKN025 BKN030 BKN036 06/04 A2970 RMK AO2 SLP059 60000 T00560039 51017 $,null
IND,2024-12-30 3:22,42,40,92.55,230,9,0,29.71,null,10,null,FEW,SCT,BKN,BKN,1400,3000,3500,13000,null,null,null,null,null,null,null,35.95,KIND 300322Z 23009KT 10SM FEW014 SCT030 BKN035 BKN130 06/04 A2971 RMK AO2 T00560044 $,null
IND,2024-12-30 3:38,42,40,92.55,230,9,0,29.71,null,10,null,BKN,BKN,BKN,BKN,1200,3100,4000,13000,null,null,null,null,null,null,null,35.95,KIND 300338Z 23009KT 10SM BKN012 BKN031 BKN040 BKN130 06/04 A2971 RMK AO2 T00560044 $,null
IND,2024-12-30 3:54,42,40,92.55,230,8,0,29.71,1006.2,10,null,BKN,BKN,OVC,null,1200,3000,3700,null,null,null,null,null,null,null,null,36.43,KIND 300354Z 23008KT 10SM BKN012 BKN030 OVC037 06/04 A2971 RMK AO2 SLP062 T00560044 $,null
IND,2024-12-30 4:12,42,40,92.55,230,11,0,29.72,null,10,null,SCT,BKN,BKN,null,1200,3000,12000,null,null,null,null,null,null,null,null,35.1,KIND 300412Z 23011KT 10SM SCT012 BKN030 BKN120 06/04 A2972 RMK AO2 T00560044 $,null
IND,2024-12-30 4:45,43,41,92.58,250,9,0,29.72,null,10,null,OVC,null,null,null,900,null,null,null,null,null,null,null,null,null,null,37.19,KIND 300445Z 25009KT 10SM OVC009 06/05 A2972 RMK AO2 T00610050 $,null
IND,2024-12-30 4:54,43,41,92.58,250,9,0,29.72,1006.5,10,null,OVC,null,null,null,900,null,null,null,null,null,null,null,null,null,null,37.19,KIND 300454Z 25009KT 10SM OVC009 06/05 A2972 RMK AO2 SLP065 T00610050 401440050 $,null
IND,2024-12-30 5:20,44,41,89.11,260,11,0,29.72,null,10,null,OVC,null,null,null,1100,null,null,null,null,null,null,null,null,null,null,37.63,KIND 300520Z 26011KT 10SM OVC011 07/05 A2972 RMK AO2 T00670050 $,null
IND,2024-12-30 5:54,44,41,89.11,270,8,0,29.72,1006.5,9,null,BKN,OVC,null,null,1100,2300,null,null,null,null,null,null,null,null,null,38.9,KIND 300554Z 27008KT 9SM BKN011 OVC023 07/05 A2972 RMK AO2 SLP065 60000 T00670050 10067 20050 50004 $,null
IND,2024-12-30 6:27,44,41,89.11,280,9,0,29.71,null,10,null,SCT,OVC,null,null,1600,2500,null,null,null,null,null,null,null,null,null,38.44,KIND 300627Z 28009KT 10SM SCT016 OVC025 07/05 A2971 RMK AO2 T00670050 $,null
IND,2024-12-30 6:54,44,41,89.11,260,8,0,29.71,1006.3,9,null,SCT,OVC,null,null,1600,2500,null,null,null,null,null,null,null,null,null,38.9,KIND 300654Z 26008KT 9SM SCT016 OVC025 07/05 A2971 RMK AO2 SLP063 T00670050 $,null
IND,2024-12-30 7:54,43,38,82.37,270,15,0,29.74,1007.2,10,null,BKN,null,null,null,2200,null,null,null,null,null,null,null,null,null,null,35.04,KIND 300754Z 27015KT 10SM BKN022 06/03 A2974 RMK AO2 SLP072 T00610033 $,null
IND,2024-12-30 8:54,42,38,85.6,270,7,0,29.75,1007.8,10,null,OVC,null,null,null,2000,null,null,null,null,null,null,null,null,null,null,36.97,KIND 300854Z 27007KT 10SM OVC020 06/03 A2975 RMK AO2 SLP078 T00560033 53012 $,null
IND,2024-12-30 9:54,42,38,85.6,290,8,0,29.76,1007.9,10,null,BKN,null,null,null,1800,null,null,null,null,null,null,null,null,null,null,36.43,KIND 300954Z 29008KT 10SM BKN018 06/03 A2976 RMK AO2 SLP079 T00560033 $,null
IND,2024-12-30 10:54,41,37,85.54,280,10,0,29.77,1008.6,10,null,OVC,null,null,null,1700,null,null,null,null,null,null,null,null,null,null,34.25,KIND 301054Z 28010KT 10SM OVC017 05/03 A2977 RMK AO2 SLP086 T00500028 $,null
IND,2024-12-30 11:54,41,36,82.22,280,11,0,29.8,1009.5,10,null,BKN,null,null,null,1500,null,null,null,null,null,null,null,null,null,null,33.84,KIND 301154Z 28011KT 10SM BKN015 05/02 A2980 RMK AO2 SLP095 70019 T00500022 10067 20044 53017 $,null
IND,2024-12-30 12:54,39,35,85.42,300,7,0,29.81,1010,10,null,BKN,null,null,null,1500,null,null,null,null,null,null,null,null,null,null,33.31,KIND 301254Z 30007KT 10SM BKN015 04/02 A2981 RMK AO2 SLP100 T00390017 $,null
IND,2024-12-30 13:54,39,36,88.87,280,5,0,29.83,1010.5,10,null,BKN,null,null,null,1500,null,null,null,null,null,null,null,null,null,null,34.71,KIND 301354Z 28005KT 10SM BKN015 04/02 A2983 RMK AO2 SLP105 T00390022 $,null
IND,2024-12-30 14:54,41,37,85.54,260,10,0,29.85,1011,10,null,BKN,null,null,null,1500,null,null,null,null,null,null,null,null,null,null,34.25,KIND 301454Z 26010KT 10SM BKN015 05/03 A2985 RMK AO2 SLP110 T00500028 53015 $,null
IND,2024-12-30 15:12,42,37,82.3,290,8,0,29.85,null,10,null,BKN,null,null,null,1300,null,null,null,null,null,null,null,null,null,null,36.43,KIND 301512Z 29008KT 10SM BKN013 06/03 A2985 RMK AO2 T00560028 $,null
IND,2024-12-30 15:54,42,36,79.11,270,5,0,29.86,1011.6,10,null,BKN,BKN,null,null,1300,12000,null,null,null,null,null,null,null,null,null,38.27,KIND 301554Z 27005KT 10SM BKN013 BKN120 06/02 A2986 RMK AO2 SLP116 T00560022,null
IND,2024-12-30 16:17,44,37,76.22,null,3,0,29.87,null,10,null,SCT,SCT,null,null,1300,12000,null,null,null,null,null,null,null,null,null,42.41,KIND 301617Z VRB03KT 10SM SCT013 SCT120 07/03 A2987 RMK AO2 T00670028,null
IND,2024-12-30 16:54,45,37,73.37,240,4,0,29.86,1011.4,10,null,FEW,SCT,SCT,null,1300,12000,25000,null,null,null,null,null,null,null,null,42.6,KIND 301654Z 24004KT 10SM FEW013 SCT120 SCT250 07/03 A2986 RMK AO2 SLP114 T00720028,null
IND,2024-12-30 17:54,47,38,70.74,200,5,0,29.83,1010.4,10,null,FEW,FEW,SCT,null,2000,12000,25000,null,null,null,null,null,null,null,null,44.21,KIND 301754Z 20005KT 10SM FEW020 FEW120 SCT250 08/03 A2983 RMK AO2 SLP104 T00830033 10083 20039 58005,null
IND,2024-12-30 18:54,49,39,68.25,230,4,0,29.81,1009.6,10,null,FEW,FEW,SCT,null,2200,9000,30000,null,null,null,null,null,null,null,null,47.27,KIND 301854Z 23004KT 10SM FEW022 FEW090 SCT300 09/04 A2981 RMK AO2 SLP096 T00940039,null
IND,2024-12-30 19:54,49,37,63.1,180,6,0,29.8,1009.2,10,null,FEW,SCT,BKN,null,9000,17000,30000,null,null,null,null,null,null,null,null,46,KIND 301954Z 18006KT 10SM FEW090 SCT170 BKN300 09/03 A2980 RMK AO2 SLP092 T00940028,null
IND,2024-12-30 20:54,49,37,63.1,130,4,0,29.78,1008.7,10,null,FEW,BKN,BKN,null,9000,16000,30000,null,null,null,null,null,null,null,null,47.27,KIND 302054Z 13004KT 10SM FEW090 BKN160 BKN300 09/03 A2978 RMK AO2 SLP087 T00940028 56017,null
IND,2024-12-30 21:54,48,38,68.13,110,6,0,29.77,1008.2,10,null,FEW,BKN,OVC,null,9000,16000,25000,null,null,null,null,null,null,null,null,44.8,KIND 302154Z 11006KT 10SM FEW090 BKN160 OVC250 09/03 A2977 RMK AO2 SLP082 T00890033 $,null
IND,2024-12-30 22:54,46,39,76.4,110,10,0,29.76,1008.1,10,null,BKN,OVC,null,null,16000,25000,null,null,null,null,null,null,null,null,null,40.52,KIND 302254Z 11010KT 10SM BKN160 OVC250 08/04 A2976 RMK AO2 SLP081 T00780039 $,null
IND,2024-12-30 23:54,46,39,76.4,100,7,0,29.75,1007.9,10,null,BKN,OVC,null,null,12000,25000,null,null,null,null,null,null,null,null,null,41.84,KIND 302354Z 10007KT 10SM BKN120 OVC250 08/04 A2975 RMK AO2 SLP079 T00780039 10100 20078 56009 $,null
IND,2024-12-31 0:54,47,39,73.57,100,11,0,29.73,1007.1,10,null,OVC,null,null,null,8500,null,null,null,null,null,null,null,null,null,null,41.42,KIND 310054Z 10011KT 10SM OVC085 08/04 A2973 RMK AO2 SLP071 T00830039 $,null
IND,2024-12-31 1:54,47,39,73.57,120,8,0,29.75,1007.6,10,null,SCT,BKN,OVC,null,2800,7500,11000,null,null,null,null,null,null,null,null,42.59,KIND 310154Z 12008KT 10SM SCT028 BKN075 OVC110 08/04 A2975 RMK AO2 SLP076 T00830039 $,null
IND,2024-12-31 2:54,47,39,73.57,110,10,T,29.71,1006.4,10,null,OVC,null,null,null,10000,null,null,null,null,null,null,null,null,null,null,41.78,KIND 310254Z 11010KT 10SM OVC100 08/04 A2971 RMK AO2 RAB12E21 SLP064 P0000 60000 T00830039 58014 $,null
IND,2024-12-31 3:54,47,40,76.49,110,14,T,29.67,1004.9,10,null,BKN,OVC,null,null,9000,11000,null,null,null,null,null,null,null,null,null,40.5,KIND 310354Z 11014KT 10SM BKN090 OVC110 08/04 A2967 RMK AO2 RAB44E54 SLP049 P0000 T00830044 $,null
IND,2024-12-31 4:54,47,39,73.57,110,10,0,29.63,1003.5,10,null,BKN,null,null,null,10000,null,null,null,null,null,null,null,null,null,null,41.78,KIND 310454Z 11010KT 10SM BKN100 08/04 A2963 RMK AO2 SLP035 T00830039 401000039 $,null
IND,2024-12-31 5:54,47,40,76.49,100,17,0,29.56,1001.1,10,23,BKN,OVC,null,null,10000,12000,null,null,null,null,null,null,null,null,null,39.73,KIND 310554Z 10017G23KT 10SM BKN100 OVC120 08/04 A2956 RMK AO2 SLP011 60000 T00830044 10083 20078 58050 $,null
IND,2024-12-31 6:54,46,42,85.83,110,14,0.01,29.51,999.3,8,null,BKN,BKN,OVC,null,4100,4900,6000,null,#NAME?,null,null,null,null,null,null,39.21,KIND 310654Z 11014KT 8SM -RA BKN041 BKN049 OVC060 08/06 A2951 RMK AO2 RAB13 SLP993 P0001 T00780056 $,null
IND,2024-12-31 7:54,46,43,89.2,120,13,0.04,29.47,998.1,6,null,OVC,null,null,null,3100,null,null,null,RA BR,null,null,null,null,null,null,39.5,KIND 310754Z 12013KT 6SM RA BR OVC031 08/06 A2947 RMK AO2 SLP981 P0004 T00780061 $,null
IND,2024-12-31 8:14,46,43,89.2,120,11,0.03,29.46,null,8,null,SCT,BKN,OVC,null,2500,2900,5500,null,#NAME?,null,null,null,null,null,null,40.16,KIND 310814Z 12011KT 8SM -RA SCT025 BKN029 OVC055 08/06 A2946 RMK AO2 P0003 T00780061 $,null
IND,2024-12-31 8:54,46,44,92.68,110,11,0.03,29.42,996.4,10,null,OVC,null,null,null,2400,null,null,null,#NAME?,null,null,null,null,null,null,40.16,KIND 310854Z 11011KT 10SM -RA OVC024 08/07 A2942 RMK AO2 PRESFR SLP964 P0003 60008 T00780067 56045 $,null
IND,2024-12-31 9:26,46,44,92.68,120,12,T,29.41,null,9,null,SCT,OVC,null,null,900,2300,null,null,#NAME?,null,null,null,null,null,null,39.82,KIND 310926Z 12012KT 9SM -RA SCT009 OVC023 08/07 A2941 RMK AO2 P0000 T00780067 $,null
IND,2024-12-31 9:37,46,44,92.68,120,13,0.02,29.41,null,7,null,SCT,BKN,OVC,null,900,1300,2300,null,#NAME?,null,null,null,null,null,null,39.5,KIND 310937Z 12013KT 7SM -RA SCT009 BKN013 OVC023 08/07 A2941 RMK AO2 P0002 T00780067 $,null
IND,2024-12-31 9:54,47,45,92.71,130,11,0.06,29.39,995.4,4,null,SCT,BKN,OVC,null,800,1300,4600,null,#NAME?,null,null,null,null,null,null,41.42,KIND 310954Z 13011KT 4SM +RA BR SCT008 BKN013 OVC046 08/07 A2939 RMK AO2 SLP954 P0006 T00830072 $,null
IND,2024-12-31 10:10,46,45,96.28,120,12,0.07,29.37,null,6,null,FEW,SCT,OVC,null,800,2500,5000,null,#NAME?,null,null,null,null,null,null,39.82,KIND 311010Z 12012KT 6SM -RA BR FEW008 SCT025 OVC050 08/07 A2937 RMK AO2 P0007 T00780072 $,null
IND,2024-12-31 10:41,47,45,92.71,120,10,0.14,29.35,null,9,null,SCT,BKN,OVC,null,900,1300,5000,null,#NAME?,null,null,null,null,null,null,41.78,KIND 311041Z 12010KT 9SM -RA SCT009 BKN013 OVC050 08/07 A2935 RMK AO2 P0014 T00830072 $,null
IND,2024-12-31 10:50,46.4,44.6,93.4,110,11,0.14,29.34,null,10,null,BKN,BKN,OVC,null,700,1400,3500,null,#NAME?,null,null,null,null,null,null,40.66,KIND 311050Z 11011KT 10SM -RA BKN007 BKN014 OVC035 08/07 A2934 RMK AO2 P0014 $,null
IND,2024-12-31 10:54,47,45,92.71,120,12,0.14,29.34,993.7,10,19,BKN,BKN,OVC,null,700,1000,3500,null,#NAME?,null,null,null,null,null,null,41.09,KIND 311054Z 12012G19KT 10SM -RA BKN007 BKN010 OVC035 08/07 A2934 RMK AO2 SLP937 P0014 T00830072 $,null
IND,2024-12-31 11:48,46.4,44.6,93.4,130,7,0.03,29.35,null,4,null,SCT,BKN,OVC,null,700,1100,1800,null,#NAME?,null,null,null,null,null,null,42.33,KIND 311148Z 13007KT 4SM -RA BR SCT007 BKN011 OVC018 08/07 A2935 RMK AO2 RAE1055B16 P0003 $,null
IND,2024-12-31 11:54,47,45,92.71,130,8,0.03,29.35,993.8,6,null,SCT,SCT,OVC,null,700,1100,1800,null,RA BR,null,null,null,null,null,null,42.59,KIND 311154Z 13008KT 6SM RA BR SCT007 SCT011 OVC018 08/07 A2935 RMK AO2 RAE1055B16 SLP938 P0003 60031 70031 T00830072 10083 20078 53001 $,null
IND,2024-12-31 12:18,47,46,96.29,140,8,0.02,29.34,null,10,null,SCT,OVC,null,null,700,1300,null,null,#NAME?,null,null,null,null,null,null,42.59,KIND 311218Z 14008KT 10SM -RA SCT007 OVC013 08/08 A2934 RMK AO2 P0002 T00830078 $,null
IND,2024-12-31 12:54,48,46,92.74,150,8,0.02,29.33,993.2,10,null,FEW,OVC,null,null,700,1100,null,null,null,null,null,null,null,null,null,43.82,KIND 311254Z 15008KT 10SM FEW007 OVC011 09/08 A2933 RMK AO2 RAE40 SLP932 P0002 T00890078 $,null
IND,2024-12-31 13:36,48,46,92.74,180,8,0,29.33,null,10,null,OVC,null,null,null,900,null,null,null,null,null,null,null,null,null,null,43.82,KIND 311336Z 18008KT 10SM OVC009 09/08 A2933 RMK AO2 T00890078 $,null
IND,2024-12-31 13:54,49,47,92.77,200,9,0,29.33,993.4,8,null,OVC,null,null,null,800,null,null,null,null,null,null,null,null,null,null,44.65,KIND 311354Z 20009KT 8SM OVC008 09/08 A2933 RMK AO2 SLP934 T00940083 $,null
IND,2024-12-31 14:54,50,48,92.8,240,14,T,29.35,993.8,8,null,BKN,BKN,OVC,null,900,1200,2200,null,#NAME?,null,null,null,null,null,null,50,KIND 311454Z 24014KT 8SM -RA BKN009 BKN012 OVC022 10/09 A2935 RMK AO2 RAB46 SLP938 P0000 60002 T01000089 53000 $,null
IND,2024-12-31 15:06,50,48,92.8,250,13,T,29.35,null,10,null,SCT,BKN,OVC,null,900,1200,2200,null,null,null,null,null,null,null,null,50,KIND 311506Z 25013KT 10SM SCT009 BKN012 OVC022 10/09 A2935 RMK AO2 RAE1458 P0000 T01000089 $,null
IND,2024-12-31 15:48,48.2,46.4,93.45,250,12,0.03,29.37,null,4,null,FEW,BKN,OVC,null,900,1300,3600,null,RA BR,null,null,null,null,null,null,42.62,KIND 311548Z 25012KT 4SM R05L/6000VP6000FT RA BR FEW009 BKN013 OVC036 09/08 A2937 RMK AO2 RAE1458B08 P0003,null
IND,2024-12-31 15:54,48,46,92.74,250,12,0.05,29.38,994.8,3,null,FEW,BKN,OVC,null,900,1100,3600,null,#NAME?,null,null,null,null,null,null,42.37,KIND 311554Z 25012KT 3SM R05L/6000VP6000FT +RA BR FEW009 BKN011 OVC036 09/08 A2938 RMK AO2 RAE1458B08 SLP948 P0005 T00890078,null
IND,2024-12-31 16:54,49,48,96.32,250,7,0.11,29.38,994.9,7,null,BKN,BKN,OVC,null,800,1500,2900,null,#NAME?,null,null,null,null,null,null,45.5,KIND 311654Z 25007KT 7SM -RA BKN008 BKN015 OVC029 09/09 A2938 RMK AO2 SLP949 P0011 T00940089,null
IND,2024-12-31 17:21,48,47,96.31,260,11,0.21,29.38,null,2,null,BKN,OVC,null,null,600,2000,null,null,RA BR,null,null,null,null,null,null,42.69,KIND 311721Z 26011KT 2SM RA BR BKN006 OVC020 09/08 A2938 RMK AO2 P0021 T00890083,null
IND,2024-12-31 17:32,46,45,96.28,340,13,0.33,29.39,null,1.5,null,BKN,OVC,null,null,600,2000,null,null,#NAME?,null,null,null,null,null,null,39.5,KIND 311732Z 34013KT 1 1/2SM R05L/5000VP6000FT +RA BR BKN006 OVC020 08/07 A2939 RMK AO2 P0033 T00780072,null
IND,2024-12-31 17:50,44.6,42.8,93.35,340,13,0.38,29.4,null,5,null,BKN,OVC,null,null,600,2000,null,null,#NAME?,null,null,null,null,null,null,37.71,KIND 311750Z 34013KT 5SM -RA BR BKN006 OVC020 07/06 A2940 RMK AO2 P0038,null
IND,2024-12-31 17:54,45,43,92.65,340,11,0.39,29.4,995.7,5,null,BKN,OVC,null,null,600,1000,null,null,#NAME?,null,null,null,null,null,null,38.89,KIND 311754Z 34011KT 5SM -RA BR BKN006 OVC010 07/06 A2940 RMK AO2 SLP957 P0039 60057 T00720061 10100 20072 51017,null
IND,2024-12-31 18:54,42,40,92.55,340,18,0.04,29.45,997.4,10,27,OVC,null,null,null,900,null,null,null,#NAME?,null,null,null,27,330,2024-12-31 18:47,32.91,KIND 311854Z 34018G27KT 10SM -RA OVC009 06/04 A2945 RMK AO2 PK WND 33027/1847 SLP974 P0004 T00560044 $,null
IND,2024-12-31 19:39,40,36,85.48,340,19,T,29.5,null,10,29,OVC,null,null,null,1200,null,null,null,#NAME?,null,null,null,30,340,2024-12-31 19:12,30.02,KIND 311939Z 34019G29KT 10SM -RA OVC012 04/02 A2950 RMK AO2 PK WND 34030/1912 P0000 T00440022 $,null
IND,2024-12-31 19:54,39,36,88.87,330,20,T,29.52,1000,10,27,OVC,null,null,null,1200,null,null,null,#NAME?,null,null,null,30,340,2024-12-31 19:12,28.44,KIND 311954Z 33020G27KT 10SM -RA OVC012 04/02 A2952 RMK AO2 PK WND 34030/1912 SLP000 P0000 T00390022 $,null
IND,2024-12-31 20:54,39,36,88.87,320,15,T,29.6,1002.5,10,21,OVC,null,null,null,1400,null,null,null,#NAME?,null,null,null,29,330,2024-12-31 20:09,29.85,KIND 312054Z 32015G21KT 10SM -RA OVC014 04/02 A2960 RMK AO2 PK WND 33029/2009 SLP025 P0000 60004 T00390022 53066,null
IND,2024-12-31 21:54,39,37,92.45,320,18,0.01,29.66,1004.7,6,28,BKN,OVC,null,null,1300,1900,null,null,#NAME?,null,null,null,28,320,2024-12-31 21:46,28.96,KIND 312154Z 32018G28KT 6SM -RA BR BKN013 OVC019 04/03 A2966 RMK AO2 PK WND 32028/2146 SLP047 P0001 T00390028,null
IND,2024-12-31 22:54,39,36,88.87,320,18,0.01,29.72,1006.8,10,31,OVC,null,null,null,1200,null,null,null,#NAME?,null,null,null,31,310,2024-12-31 22:30,28.96,KIND 312254Z 32018G31KT 10SM -RA OVC012 04/02 A2972 RMK AO2 PK WND 31031/2230 SLP068 P0001 T00390022,null
IND,2024-12-31 23:54,38,35,88.83,320,20,T,29.78,1008.7,10,27,OVC,null,null,null,1300,null,null,null,#NAME?,null,null,null,31,330,2024-12-31 22:55,27.11,KIND 312354Z 32020G27KT 10SM -RA OVC013 03/02 A2978 RMK AO2 PK WND 33031/2255 SLP087 P0000 60006 T00330017 10072 20033 51060,null