station,valid,tmpf,dwpf,relh,drct,sknt,p01i,alti,mslp,vsby,gust,skyc1,skyc2,skyc3,skyc4,skyl1,skyl2,skyl3,skyl4,wxcodes,ice_accretion_1hr,ice_accretion_3hr,ice_accretion_6hr,peak_wind_gust,peak_wind_drct,peak_wind_time,feel,metar,snowdepth
MFE,2023-12-01 0:53,71,69,93.4,0,0,0,29.73,1006.5,10,null,SCT,null,null,null,2600,null,null,null,null,null,null,null,null,null,null,71,KMFE 010053Z 00000KT 10SM SCT026 22/21 A2973 RMK AO2 SLP065 T02170206,null
MFE,2023-12-01 1:53,69,68,96.62,150,6,0,29.74,1007,8,null,CLR,null,null,null,null,null,null,null,null,null,null,null,null,null,null,69,KMFE 010153Z 15006KT 8SM CLR 21/20 A2974 RMK AO2 SLP070 T02060200,null
MFE,2023-12-01 2:53,68,68,100,140,5,0,29.76,1007.5,6,null,CLR,null,null,null,null,null,null,null,BR,null,null,null,null,null,null,68,KMFE 010253Z 14005KT 6SM BR CLR 20/20 A2976 RMK AO2 SLP075 T02000200 51017,null
MFE,2023-12-01 3:53,67,67,100,130,4,0,29.77,1007.9,5,null,CLR,null,null,null,null,null,null,null,BR,null,null,null,null,null,null,67,KMFE 010353Z 13004KT 5SM BR CLR 19/19 A2977 RMK AO2 SLP079 T01940194,null
MFE,2023-12-01 4:33,67,67,100,140,5,0,29.78,null,4,null,FEW,null,null,null,600,null,null,null,BR,null,null,null,null,null,null,67,KMFE 010433Z 14005KT 4SM BR FEW006 19/19 A2978 RMK AO2 T01940194,null
MFE,2023-12-01 4:44,66,66,100,0,0,0,29.78,null,1.75,null,SCT,null,null,null,600,null,null,null,BR,null,null,null,null,null,null,66,KMFE 010444Z 00000KT 1 3/4SM BR SCT006 19/19 A2978 RMK AO2 T01890189,null
MFE,2023-12-01 4:49,66.2,66.2,100,0,0,0,29.79,null,2,null,BKN,null,null,null,600,null,null,null,BR,null,null,null,null,null,null,66.2,KMFE 010449Z 00000KT 2SM BR BKN006 19/19 A2979 RMK AO2,null
MFE,2023-12-01 4:53,66,66,100,0,0,0,29.78,1008.3,2.5,null,BKN,null,null,null,600,null,null,null,BR,null,null,null,null,null,null,66,KMFE 010453Z 00000KT 2 1/2SM BR BKN006 19/19 A2978 RMK AO2 SLP083 T01890189,null
MFE,2023-12-01 5:00,66,66,100,150,3,0,29.78,null,3,null,BKN,null,null,null,600,null,null,null,BR,null,null,null,null,null,null,66,KMFE 010500Z 15003KT 3SM BR BKN006 19/19 A2978 RMK AO2 T01890189,null
MFE,2023-12-01 5:10,66,66,100,0,0,0,29.79,null,2,null,BKN,null,null,null,600,null,null,null,BR,null,null,null,null,null,null,66,KMFE 010510Z 00000KT 2SM BR BKN006 19/19 A2979 RMK AO2 T01890189,null
MFE,2023-12-01 5:22,66,66,100,150,3,0,29.78,null,4,null,BKN,null,null,null,500,null,null,null,BR,null,null,null,null,null,null,66,KMFE 010522Z AUTO 15003KT 4SM BR BKN005 19/19 A2978 RMK AO2 T01890189,null
MFE,2023-12-01 5:35,66,66,100,90,3,0,29.79,null,2.5,null,BKN,null,null,null,500,null,null,null,BR,null,null,null,null,null,null,66,KMFE 010535Z AUTO 09003KT 2 1/2SM BR BKN005 19/19 A2979 RMK AO2 T01890189,null
MFE,2023-12-01 5:44,65,65,100,130,5,0,29.78,null,3,null,BKN,null,null,null,500,null,null,null,BR,null,null,null,null,null,null,65,KMFE 010544Z AUTO 13005KT 3SM BR BKN005 18/18 A2978 RMK AO2 T01830183,null
MFE,2023-12-01 5:53,65,65,100,130,5,0,29.78,1008.2,2,null,BKN,null,null,null,500,null,null,null,BR,null,null,null,null,null,null,65,KMFE 010553Z AUTO 13005KT 2SM BR BKN005 18/18 A2978 RMK AO2 SLP082 T01830183 10228 20183 402610139 50007,null
MFE,2023-12-01 5:55,65,65,100,140,5,0,29.78,null,1.5,null,SCT,null,null,null,500,null,null,null,BR,null,null,null,null,null,null,65,KMFE 010555Z AUTO 14005KT 1 1/2SM BR SCT005 18/18 A2978 RMK AO2 T01830183,null
MFE,2023-12-01 6:24,65,65,100,150,5,0,29.77,null,0.75,null,VV ,null,null,null,600,null,null,null,BR,null,null,null,null,null,null,65,KMFE 010624Z AUTO 15005KT 3/4SM BR VV006 18/18 A2977 RMK AO2 T01830183,null
MFE,2023-12-01 6:46,65,65,100,0,0,0,29.77,null,0.75,null,VV ,null,null,null,400,null,null,null,BR,null,null,null,null,null,null,65,KMFE 010646Z AUTO 00000KT 3/4SM BR VV004 18/18 A2977 RMK AO2 T01830183,null
MFE,2023-12-01 6:53,65,65,100,140,3,0,29.77,1007.9,0.5,null,VV ,null,null,null,400,null,null,null,FG,null,null,null,null,null,null,65,KMFE 010653Z AUTO 14003KT 1/2SM FG VV004 18/18 A2977 RMK AO2 SLP079 T01830183,null
MFE,2023-12-01 7:03,65,65,100,0,0,0,29.78,null,0.25,null,VV ,null,null,null,300,null,null,null,FG,null,null,null,null,null,null,65,KMFE 010703Z AUTO 00000KT 1/4SM FG VV003 18/18 A2978 RMK AO2 T01830183,null
MFE,2023-12-01 7:15,65,65,100,0,0,0,29.78,null,1,null,OVC,null,null,null,300,null,null,null,BR,null,null,null,null,null,null,65,KMFE 010715Z AUTO 00000KT 1SM BR OVC003 18/18 A2978 RMK AO2 T01830183,null
MFE,2023-12-01 7:39,66,66,100,0,0,0,29.77,null,0.75,null,VV ,null,null,null,200,null,null,null,BR,null,null,null,null,null,null,66,KMFE 010739Z AUTO 00000KT 3/4SM BR VV002 19/19 A2977 RMK AO2 T01890189,null
MFE,2023-12-01 7:53,66,66,100,0,0,0,29.77,1008,0.5,null,VV ,null,null,null,200,null,null,null,FG,null,null,null,null,null,null,66,KMFE 010753Z AUTO 00000KT 1/2SM FG VV002 19/19 A2977 RMK AO2 SLP080 T01890189,null
MFE,2023-12-01 8:08,66,66,100,0,0,0,29.77,null,0.25,null,VV ,null,null,null,200,null,null,null,FG,null,null,null,null,null,null,66,KMFE 010808Z AUTO 00000KT 1/4SM FG VV002 19/19 A2977 RMK AO2 T01890189,null
MFE,2023-12-01 8:53,67,67,100,360,3,0,29.77,1007.9,0.25,null,VV ,null,null,null,200,null,null,null,FG,null,null,null,null,null,null,67,KMFE 010853Z AUTO 36003KT 1/4SM FG VV002 19/19 A2977 RMK AO2 SLP079 T01940194 56003,null
MFE,2023-12-01 9:53,67,67,100,240,3,0,29.77,1007.9,0.25,null,VV ,null,null,null,200,null,null,null,FG,null,null,null,null,null,null,67,KMFE 010953Z AUTO 24003KT 1/4SM FG VV002 19/19 A2977 RMK AO2 SLP079 T01940194,null
MFE,2023-12-01 10:25,66,66,100,280,3,0,29.77,null,0.5,null,VV ,null,null,null,200,null,null,null,FG,null,null,null,null,null,null,66,KMFE 011025Z AUTO 28003KT 1/2SM FG VV002 19/19 A2977 RMK AO2 T01890189,null
MFE,2023-12-01 10:53,66,66,100,290,4,0,29.76,1007.7,1.25,null,OVC,null,null,null,400,null,null,null,BR,null,null,null,null,null,null,66,KMFE 011053Z AUTO 29004KT 1 1/4SM BR OVC004 19/19 A2976 RMK AO2 SLP077 T01890189,null
MFE,2023-12-01 11:53,65,65,100,0,0,0,29.78,1008.3,1.75,null,OVC,null,null,null,300,null,null,null,BR,null,null,null,null,null,null,65,KMFE 011153Z AUTO 00000KT 1 3/4SM BR OVC003 18/18 A2978 RMK AO2 SLP083 T01830183 10194 20178 53004,null
MFE,2023-12-01 11:56,65,65,100,280,3,0,29.78,null,1.75,null,OVC,null,null,null,300,null,null,null,BR,null,null,null,null,null,null,65,KMFE 011156Z 28003KT 1 3/4SM BR OVC003 18/18 A2978 RMK AO2 T01830183,null
MFE,2023-12-01 12:03,65,65,100,260,3,0,29.79,null,2,null,OVC,null,null,null,300,null,null,null,BR,null,null,null,null,null,null,65,KMFE 011203Z 26003KT 2SM BR OVC003 18/18 A2979 RMK AO2 T01830183,null
MFE,2023-12-01 12:28,65,65,100,250,3,0,29.79,null,2.5,null,SCT,OVC,null,null,300,1000,null,null,BR,null,null,null,null,null,null,65,KMFE 011228Z 25003KT 2 1/2SM BR SCT003 OVC010 18/18 A2979 RMK AO2 T01830183,null
MFE,2023-12-01 12:34,65,65,100,260,3,0,29.8,null,3,null,BKN,OVC,null,null,500,1000,null,null,BR,null,null,null,null,null,null,65,KMFE 011234Z 26003KT 3SM BR BKN005 OVC010 18/18 A2980 RMK AO2 T01830183,null
MFE,2023-12-01 12:48,64.4,64.4,100,0,0,0,29.8,null,3,null,BKN,OVC,null,null,400,1100,null,null,BR,null,null,null,null,null,null,64.4,KMFE 011248Z 00000KT 3SM BR BKN004 OVC011 18/18 A2980 RMK AO2,null
MFE,2023-12-01 12:53,65,65,100,0,0,0,29.8,1009,3,null,BKN,OVC,null,null,400,1100,null,null,BR,null,null,null,null,null,null,65,KMFE 011253Z 00000KT 3SM BR BKN004 OVC011 18/18 A2980 RMK AO2 SLP090 T01830183,null
MFE,2023-12-01 13:53,66,66,100,0,0,0,29.82,1009.6,3,null,OVC,null,null,null,300,null,null,null,BR,null,null,null,null,null,null,66,KMFE 011353Z 00000KT 3SM BR OVC003 19/19 A2982 RMK AO2 SLP096 T01890189,null
MFE,2023-12-01 14:27,67,67,100,0,0,0,29.84,null,2.5,null,OVC,null,null,null,300,null,null,null,BR,null,null,null,null,null,null,67,KMFE 011427Z 00000KT 2 1/2SM BR OVC003 19/19 A2984 RMK AO2 T01940194,null
MFE,2023-12-01 14:53,67,67,100,290,5,0,29.84,1010.3,2.5,null,OVC,null,null,null,300,null,null,null,BR,null,null,null,null,null,null,67,KMFE 011453Z 29005KT 2 1/2SM BR OVC003 19/19 A2984 RMK AO2 SLP103 T01940194 53014,null
MFE,2023-12-01 15:53,67,67,100,290,6,0,29.86,1010.9,2.5,null,OVC,null,null,null,300,null,null,null,BR,null,null,null,null,null,null,67,KMFE 011553Z 29006KT 2 1/2SM BR OVC003 19/19 A2986 RMK AO2 SLP109 T01940194,null
MFE,2023-12-01 16:53,67,66,96.59,290,9,0,29.86,1010.9,2.5,null,OVC,null,null,null,300,null,null,null,BR,null,null,null,null,null,null,67,KMFE 011653Z 29009KT 2 1/2SM BR OVC003 19/19 A2986 RMK AO2 SLP109 T01940189,null
MFE,2023-12-01 17:00,67,66,96.59,290,7,0,29.86,null,3,null,OVC,null,null,null,300,null,null,null,BR,null,null,null,null,null,null,67,KMFE 011700Z 29007KT 3SM BR OVC003 19/19 A2986 RMK AO2 T01940189,null
MFE,2023-12-01 17:32,67,66,96.59,270,5,0,29.86,null,4,null,OVC,null,null,null,400,null,null,null,BR,null,null,null,null,null,null,67,KMFE 011732Z 27005KT 4SM BR OVC004 19/19 A2986 RMK AO2 T01940189,null
MFE,2023-12-01 17:46,66,65,96.58,290,7,0,29.86,null,4,null,OVC,null,null,null,500,null,null,null,BR,null,null,null,null,null,null,66,KMFE 011746Z 29007KT 4SM BR OVC005 19/18 A2986 RMK AO2 T01890183,null
MFE,2023-12-01 17:53,66,65,96.58,290,7,0,29.86,1010.8,4,null,OVC,null,null,null,500,null,null,null,BR,null,null,null,null,null,null,66,KMFE 011753Z 29007KT 4SM BR OVC005 19/18 A2986 RMK AO2 SLP108 T01890183 10200 20183 50005,null
MFE,2023-12-01 18:53,68,66,93.32,310,9,0,29.83,1009.8,10,null,OVC,null,null,null,600,null,null,null,null,null,null,null,null,null,null,68,KMFE 011853Z 31009KT 10SM OVC006 20/19 A2983 RMK AO2 SLP098 T02000189,null
MFE,2023-12-01 19:53,67,65,93.29,300,7,0,29.82,1009.5,9,null,OVC,null,null,null,700,null,null,null,null,null,null,null,null,null,null,67,KMFE 011953Z 30007KT 9SM OVC007 19/18 A2982 RMK AO2 SLP095 T01940183,null
MFE,2023-12-01 20:53,68,65,90.13,290,7,0,29.82,1009.5,9,null,OVC,null,null,null,800,null,null,null,null,null,null,null,null,null,null,68,KMFE 012053Z 29007KT 9SM OVC008 20/18 A2982 RMK AO2 SLP095 T02000183 56014,null
MFE,2023-12-01 21:32,69,66,90.17,310,9,0,29.81,null,10,null,OVC,null,null,null,1000,null,null,null,null,null,null,null,null,null,null,69,KMFE 012132Z 31009KT 10SM OVC010 21/19 A2981 RMK AO2 T02060189,null
MFE,2023-12-01 21:53,69,66,90.17,310,8,0,29.82,1009.5,10,null,OVC,null,null,null,1000,null,null,null,null,null,null,null,null,null,null,69,KMFE 012153Z 31008KT 10SM OVC010 21/19 A2982 RMK AO2 SLP095 T02060189,null
MFE,2023-12-01 22:53,69,66,90.17,310,7,0,29.83,1009.8,10,null,OVC,null,null,null,1200,null,null,null,null,null,null,null,null,null,null,69,KMFE 012253Z 31007KT 10SM OVC012 21/19 A2983 RMK AO2 SLP098 T02060189,null
MFE,2023-12-01 23:53,69,66,90.17,270,3,0,29.84,1010.1,10,null,OVC,null,null,null,1400,null,null,null,null,null,null,null,null,null,null,69,KMFE 012353Z 27003KT 10SM OVC014 21/19 A2984 RMK AO2 SLP101 T02060189 10206 20189 53007,null
MFE,2023-12-02 0:28,69,66,90.17,290,3,0,29.84,null,10,null,OVC,null,null,null,1500,null,null,null,null,null,null,null,null,null,null,69,KMFE 020028Z 29003KT 10SM OVC015 21/19 A2984 RMK AO2 T02060189,null
MFE,2023-12-02 0:53,68,65,90.13,260,3,0,29.85,1010.6,10,null,OVC,null,null,null,1500,null,null,null,null,null,null,null,null,null,null,68,KMFE 020053Z 26003KT 10SM OVC015 20/18 A2985 RMK AO2 SLP106 T02000183,null
MFE,2023-12-02 1:53,67,65,93.29,270,3,0,29.86,1011,10,null,OVC,null,null,null,1400,null,null,null,null,null,null,null,null,null,null,67,KMFE 020153Z 27003KT 10SM OVC014 19/18 A2986 RMK AO2 SLP110 T01940183,null
MFE,2023-12-02 2:53,67,65,93.29,290,4,0,29.87,1011.1,10,null,OVC,null,null,null,1200,null,null,null,null,null,null,null,null,null,null,67,KMFE 020253Z 29004KT 10SM OVC012 19/18 A2987 RMK AO2 SLP111 T01940183 51010,null
MFE,2023-12-02 3:53,67,65,93.29,310,3,0,29.88,1011.7,6,null,OVC,null,null,null,900,null,null,null,BR,null,null,null,null,null,null,67,KMFE 020353Z 31003KT 6SM BR OVC009 19/18 A2988 RMK AO2 SLP117 T01940183,null
MFE,2023-12-02 4:53,67,66,96.59,300,3,0,29.9,1012.2,6,null,OVC,null,null,null,700,null,null,null,BR,null,null,null,null,null,null,67,KMFE 020453Z 30003KT 6SM BR OVC007 19/19 A2990 RMK AO2 SLP122 T01940189,null
MFE,2023-12-02 5:35,66,66,100,0,0,T,29.88,null,2.5,null,OVC,null,null,null,600,null,null,null,#NAME?,null,null,null,null,null,null,66,KMFE 020535Z AUTO 00000KT 2 1/2SM -RA BR OVC006 19/19 A2988 RMK AO2 RAB27 P0000 T01890189,null
MFE,2023-12-02 5:42,67,66,96.59,0,0,T,29.88,null,3,null,OVC,null,null,null,500,null,null,null,BR,null,null,null,null,null,null,67,KMFE 020542Z AUTO 00000KT 3SM BR OVC005 19/19 A2988 RMK AO2 RAB27E36 P0000 T01940189,null
MFE,2023-12-02 5:53,66,66,100,0,0,T,29.88,1011.5,4,null,OVC,null,null,null,400,null,null,null,BR,null,null,null,null,null,null,66,KMFE 020553Z AUTO 00000KT 4SM BR OVC004 19/19 A2988 RMK AO2 RAB27E36 SLP115 P0000 60000 T01890189 10200 20189 402060178 50004,null
MFE,2023-12-02 6:43,65,64,96.57,20,5,0,29.87,null,8,null,SCT,SCT,OVC,null,400,800,1600,null,null,null,null,null,null,null,null,65,KMFE 020643Z AUTO 02005KT 8SM SCT004 SCT008 OVC016 18/18 A2987 RMK AO2 T01830178,null
MFE,2023-12-02 6:53,65,64,96.57,10,3,0,29.87,1011.3,9,null,FEW,OVC,null,null,600,1600,null,null,null,null,null,null,null,null,null,65,KMFE 020653Z AUTO 01003KT 9SM FEW006 OVC016 18/18 A2987 RMK AO2 SLP113 T01830178,null
MFE,2023-12-02 7:00,65,64,96.57,10,4,0,29.87,null,9,null,OVC,null,null,null,1400,null,null,null,null,null,null,null,null,null,null,65,KMFE 020700Z AUTO 01004KT 9SM OVC014 18/18 A2987 RMK AO2 T01830178,null
MFE,2023-12-02 7:53,65,64,96.57,320,3,0,29.87,1011.4,9,null,OVC,null,null,null,1400,null,null,null,null,null,null,null,null,null,null,65,KMFE 020753Z AUTO 32003KT 9SM OVC014 18/18 A2987 RMK AO2 SLP114 T01830178,null
MFE,2023-12-02 8:18,65,63,93.24,320,3,0,29.87,null,10,null,OVC,null,null,null,1500,null,null,null,null,null,null,null,null,null,null,65,KMFE 020818Z AUTO 32003KT 10SM OVC015 18/17 A2987 RMK AO2 T01830172,null
MFE,2023-12-02 8:53,64,61,89.97,350,4,0,29.87,1011.4,10,null,OVC,null,null,null,1500,null,null,null,null,null,null,null,null,null,null,64,KMFE 020853Z AUTO 35004KT 10SM OVC015 18/16 A2987 RMK AO2 SLP114 T01780161 55001,null
MFE,2023-12-02 9:53,64,61,89.97,320,3,0,29.88,1011.6,10,null,OVC,null,null,null,1900,null,null,null,null,null,null,null,null,null,null,64,KMFE 020953Z AUTO 32003KT 10SM OVC019 18/16 A2988 RMK AO2 SLP116 T01780161,null
MFE,2023-12-02 10:53,64,60,86.83,350,4,0,29.88,1011.7,10,null,OVC,null,null,null,2100,null,null,null,null,null,null,null,null,null,null,64,KMFE 021053Z AUTO 35004KT 10SM OVC021 18/16 A2988 RMK AO2 SLP117 T01780156,null
MFE,2023-12-02 11:53,64,59,83.78,360,5,0,29.88,1011.7,10,null,OVC,null,null,null,2100,null,null,null,null,null,null,null,null,null,null,64,KMFE 021153Z 36005KT 10SM OVC021 18/15 A2988 RMK AO2 SLP117 T01780150 10189 20178 51003,null
MFE,2023-12-02 12:53,62,58,86.72,10,5,0,29.9,1012.3,10,null,BKN,null,null,null,2300,null,null,null,null,null,null,null,null,null,null,62,KMFE 021253Z 01005KT 10SM BKN023 17/14 A2990 RMK AO2 SLP123 T01670144,null
MFE,2023-12-02 13:53,62,57,83.65,350,4,0,29.92,1013.1,10,null,CLR,null,null,null,null,null,null,null,null,null,null,null,null,null,null,62,KMFE 021353Z 35004KT 10SM CLR 17/14 A2992 RMK AO2 SLP131 T01670139,null
MFE,2023-12-02 14:53,64,59,83.78,340,4,0,29.95,1014.1,10,null,CLR,null,null,null,null,null,null,null,null,null,null,null,null,null,null,64,KMFE 021453Z 34004KT 10SM CLR 18/15 A2995 RMK AO2 SLP141 T01780150 53024,null
MFE,2023-12-02 15:53,68,61,78.3,0,0,0,29.98,1014.9,10,null,CLR,null,null,null,null,null,null,null,null,null,null,null,null,null,null,68,KMFE 021553Z 00000KT 10SM CLR 20/16 A2998 RMK AO2 SLP149 T02000161,null
MFE,2023-12-02 16:53,71,62,73.21,300,7,0,29.98,1015.1,10,null,CLR,null,null,null,null,null,null,null,null,null,null,null,null,null,null,71,KMFE 021653Z 30007KT 10SM CLR 22/17 A2998 RMK AO2 SLP151 T02170167,null
MFE,2023-12-02 17:53,73,62,68.42,290,10,0,29.96,1014.4,10,null,CLR,null,null,null,null,null,null,null,null,null,null,null,null,null,null,73,KMFE 021753Z 29010KT 10SM CLR 23/17 A2996 RMK AO2 SLP144 T02280167 10233 20167 50003,null
MFE,2023-12-02 18:53,76,63,64.09,300,10,0,29.94,1013.7,10,null,CLR,null,null,null,null,null,null,null,null,null,null,null,null,null,null,76,KMFE 021853Z 30010KT 10SM CLR 24/17 A2994 RMK AO2 SLP137 T02440172,null
MFE,2023-12-02 19:53,77,63,62,310,10,0,29.92,1012.8,10,null,CLR,null,null,null,null,null,null,null,null,null,null,null,null,null,null,77,KMFE 021953Z 31010KT 10SM CLR 25/17 A2992 RMK AO2 SLP128 T02500172,null
MFE,2023-12-02 20:53,77,61,57.77,320,11,0,29.92,1012.8,10,null,CLR,null,null,null,null,null,null,null,null,null,null,null,null,null,null,77,KMFE 022053Z 32011KT 10SM CLR 25/16 A2992 RMK AO2 SLP128 T02500161 56016,null
MFE,2023-12-02 21:53,79,60,52.19,330,10,0,29.91,1012.8,10,null,CLR,null,null,null,null,null,null,null,null,null,null,null,null,null,null,79,KMFE 022153Z 33010KT 10SM CLR 26/16 A2991 RMK AO2 SLP128 T02610156,null
MFE,2023-12-02 22:53,77,58,51.9,340,11,0,29.93,1013.5,10,null,CLR,null,null,null,null,null,null,null,null,null,null,null,null,null,null,77,KMFE 022253Z 34011KT 10SM CLR 25/14 A2993 RMK AO2 SLP135 T02500144,null
MFE,2023-12-02 23:53,70,59,68.09,320,5,0,29.96,1014.2,10,null,CLR,null,null,null,null,null,null,null,null,null,null,null,null,null,null,70,KMFE 022353Z 32005KT 10SM CLR 21/15 A2996 RMK AO2 SLP142 T02110150 10267 20211 53014,null
MFE,2023-12-03 0:53,70,58,65.69,350,5,0,29.98,1015.1,10,null,CLR,null,null,null,null,null,null,null,null,null,null,null,null,null,null,70,KMFE 030053Z 35005KT 10SM CLR 21/14 A2998 RMK AO2 SLP151 T02110144,null
MFE,2023-12-03 1:53,68,57,67.86,350,5,0,30.01,1016.1,10,null,CLR,null,null,null,null,null,null,null,null,null,null,null,null,null,null,68,KMFE 030153Z 35005KT 10SM CLR 20/14 A3001 RMK AO2 SLP161 T02000139,null
MFE,2023-12-03 2:53,67,57,70.24,350,3,0,30.03,1016.6,10,null,CLR,null,null,null,null,null,null,null,null,null,null,null,null,null,null,67,KMFE 030253Z 35003KT 10SM CLR 19/14 A3003 RMK AO2 SLP166 T01940139 51024,null
MFE,2023-12-03 3:53,63,56,77.89,310,4,0,30.05,1017.2,10,null,CLR,null,null,null,null,null,null,null,null,null,null,null,null,null,null,63,KMFE 030353Z 31004KT 10SM CLR 17/13 A3005 RMK AO2 SLP172 T01720133,null
MFE,2023-12-03 4:53,62,57,83.65,0,0,0,30.05,1017.4,10,null,CLR,null,null,null,null,null,null,null,null,null,null,null,null,null,null,62,KMFE 030453Z 00000KT 10SM CLR 17/14 A3005 RMK AO2 SLP174 T01670139,null
MFE,2023-12-03 5:53,60,57,89.8,0,0,0,30.04,1017.2,10,null,CLR,null,null,null,null,null,null,null,null,null,null,null,null,null,null,60,KMFE 030553Z 00000KT 10SM CLR 16/14 A3004 RMK AO2 SLP172 T01560139 10217 20150 402670150 50006,null
MFE,2023-12-03 6:53,57,56,96.45,0,0,0,30.05,1017.5,10,null,CLR,null,null,null,null,null,null,null,null,null,null,null,null,null,null,57,KMFE 030653Z AUTO 00000KT 10SM CLR 14/13 A3005 RMK AO2 SLP175 T01390133,null
MFE,2023-12-03 7:53,58,56,93.04,0,0,0,30.06,1017.6,10,null,CLR,null,null,null,null,null,null,null,null,null,null,null,null,null,null,58,KMFE 030753Z AUTO 00000KT 10SM CLR 14/13 A3006 RMK AO2 SLP176 T01440133,null
MFE,2023-12-03 8:53,57,55,93.01,290,3,0,30.05,1017.5,9,null,CLR,null,null,null,null,null,null,null,null,null,null,null,null,null,null,57,KMFE 030853Z AUTO 29003KT 9SM CLR 14/13 A3005 RMK AO2 SLP175 T01390128 50003,null
MFE,2023-12-03 9:53,57,55,93.01,0,0,0,30.06,1017.7,9,null,CLR,null,null,null,null,null,null,null,null,null,null,null,null,null,null,57,KMFE 030953Z AUTO 00000KT 9SM CLR 14/13 A3006 RMK AO2 SLP177 T01390128,null
MFE,2023-12-03 10:53,56,55,96.43,0,0,0,30.07,1017.9,6,null,CLR,null,null,null,null,null,null,null,BR,null,null,null,null,null,null,56,KMFE 031053Z AUTO 00000KT 6SM BR CLR 13/13 A3007 RMK AO2 SLP179 T01330128,null
MFE,2023-12-03 11:53,54,53,96.4,270,3,0,30.09,1018.7,6,null,CLR,null,null,null,null,null,null,null,BR,null,null,null,null,null,null,54,KMFE 031153Z 27003KT 6SM BR CLR 12/12 A3009 RMK AO2 SLP187 T01220117 10156 20122 53011,null
MFE,2023-12-03 12:53,56,55,96.43,0,0,0,30.11,1019.6,7,null,CLR,null,null,null,null,null,null,null,null,null,null,null,null,null,null,56,KMFE 031253Z 00000KT 7SM CLR 13/13 A3011 RMK AO2 SLP196 T01330128,null
MFE,2023-12-03 13:53,57,56,96.45,320,3,0,30.13,1020,7,null,CLR,null,null,null,null,null,null,null,null,null,null,null,null,null,null,57,KMFE 031353Z 32003KT 7SM CLR 14/13 A3013 RMK AO2 SLP200 T01390133,null
MFE,2023-12-03 14:53,60,57,89.8,290,3,0,30.15,1020.9,10,null,CLR,null,null,null,null,null,null,null,null,null,null,null,null,null,null,60,KMFE 031453Z 29003KT 10SM CLR 16/14 A3015 RMK AO2 SLP209 T01560139 53022,null
MFE,2023-12-03 15:53,63,58,83.72,330,4,0,30.16,1021.3,9,null,CLR,null,null,null,null,null,null,null,null,null,null,null,null,null,null,63,KMFE 031553Z 33004KT 9SM CLR 17/14 A3016 RMK AO2 SLP213 T01720144,null
MFE,2023-12-03 16:53,68,56,65.45,320,3,0,30.16,1021.1,10,null,CLR,null,null,null,null,null,null,null,null,null,null,null,null,null,null,68,KMFE 031653Z 32003KT 10SM CLR 20/13 A3016 RMK AO2 SLP211 T02000133,null
MFE,2023-12-03 17:53,71,53,52.95,0,0,0,30.14,1020.3,10,null,CLR,null,null,null,null,null,null,null,null,null,null,null,null,null,null,71,KMFE 031753Z 00000KT 10SM CLR 22/12 A3014 RMK AO2 SLP203 T02170117 10222 20122 58005,null
MFE,2023-12-03 18:53,74,46,36.85,0,0,0,30.1,1019.1,10,null,CLR,null,null,null,null,null,null,null,null,null,null,null,null,null,null,74,KMFE 031853Z 00000KT 10SM CLR 23/08 A3010 RMK AO2 SLP191 T02330078,null
MFE,2023-12-03 19:53,77,44,30.9,0,0,0,30.07,1018.1,10,null,CLR,null,null,null,null,null,null,null,null,null,null,null,null,null,null,77,KMFE 031953Z 00000KT 10SM CLR 25/07 A3007 RMK AO2 SLP181 T02500067,null
MFE,2023-12-03 20:09,75,44,33.03,0,0,0,30.07,null,10,null,CLR,null,null,null,null,null,null,null,null,null,null,null,null,null,null,75,KMFE 032009Z 00000KT 10SM CLR 24/07 A3007 RMK AO2 T02390067,null
MFE,2023-12-03 20:53,75,43,31.79,0,0,0,30.06,1017.6,10,null,CLR,null,null,null,null,null,null,null,null,null,null,null,null,null,null,75,KMFE 032053Z 00000KT 10SM CLR 24/06 A3006 RMK AO2 SLP176 T02390061 56027,null
MFE,2023-12-03 21:53,74,45,35.48,0,0,0,30.05,1017.5,10,null,CLR,null,null,null,null,null,null,null,null,null,null,null,null,null,null,74,KMFE 032153Z 00000KT 10SM CLR 23/07 A3005 RMK AO2 SLP175 T02330072,null
MFE,2023-12-03 22:53,72,49,44.13,0,0,0,30.05,1017.6,10,null,CLR,null,null,null,null,null,null,null,null,null,null,null,null,null,null,72,KMFE 032253Z 00000KT 10SM CLR 22/09 A3005 RMK AO2 SLP176 T02220094,null
MFE,2023-12-03 23:53,68,53,58.67,0,0,0,30.06,1017.8,10,null,CLR,null,null,null,null,null,null,null,null,null,null,null,null,null,null,68,KMFE 032353Z 00000KT 10SM CLR 20/12 A3006 RMK AO2 SLP178 T02000117 10250 20200 53001,null
MFE,2023-12-04 0:53,65,54,67.52,0,0,0,30.06,1018,10,null,CLR,null,null,null,null,null,null,null,null,null,null,null,null,null,null,65,KMFE 040053Z 00000KT 10SM CLR 18/12 A3006 RMK AO2 SLP180 T01830122,null
MFE,2023-12-04 1:53,64,54,69.92,0,0,0,30.08,1018.6,10,null,CLR,null,null,null,null,null,null,null,null,null,null,null,null,null,null,64,KMFE 040153Z 00000KT 10SM CLR 18/12 A3008 RMK AO2 SLP186 T01780122,null
MFE,2023-12-04 2:53,59,55,86.56,180,3,0,30.08,1018.4,10,null,CLR,null,null,null,null,null,null,null,null,null,null,null,null,null,null,59,KMFE 040253Z 18003KT 10SM CLR 15/13 A3008 RMK AO2 SLP184 T01500128 50006,null
MFE,2023-12-04 3:53,62,54,75.02,0,0,0,30.08,1018.6,7,null,CLR,null,null,null,null,null,null,null,null,null,null,null,null,null,null,62,KMFE 040353Z 00000KT 7SM CLR 17/12 A3008 RMK AO2 SLP186 T01670122,null
MFE,2023-12-04 4:53,60,55,83.53,0,0,0,30.07,1018.1,7,null,CLR,null,null,null,null,null,null,null,null,null,null,null,null,null,null,60,KMFE 040453Z 00000KT 7SM CLR 16/13 A3007 RMK AO2 SLP181 T01560128,null
MFE,2023-12-04 5:53,60,55,83.53,0,0,0,30.05,1017.5,7,null,CLR,null,null,null,null,null,null,null,null,null,null,null,null,null,null,60,KMFE 040553Z 00000KT 7SM CLR 16/13 A3005 RMK AO2 SLP175 T01560128 10200 20150 402500122 58008,null
MFE,2023-12-04 6:53,60,56,86.61,110,3,0,30.04,1017,8,null,CLR,null,null,null,null,null,null,null,null,null,null,null,null,null,null,60,KMFE 040653Z AUTO 11003KT 8SM CLR 16/13 A3004 RMK AO2 SLP170 T01560133,null
MFE,2023-12-04 7:53,59,56,89.76,0,0,0,30.05,1017.3,8,null,CLR,null,null,null,null,null,null,null,null,null,null,null,null,null,null,59,KMFE 040753Z AUTO 00000KT 8SM CLR 15/13 A3005 RMK AO2 SLP173 T01500133,null
MFE,2023-12-04 8:53,59,56,89.76,0,0,0,30.05,1017.3,9,null,CLR,null,null,null,null,null,null,null,null,null,null,null,null,null,null,59,KMFE 040853Z AUTO 00000KT 9SM CLR 15/13 A3005 RMK AO2 SLP173 T01500133 56003,null
MFE,2023-12-04 9:53,58,56,93.04,0,0,0,30.06,1017.7,10,null,CLR,null,null,null,null,null,null,null,null,null,null,null,null,null,null,58,KMFE 040953Z AUTO 00000KT 10SM CLR 14/13 A3006 RMK AO2 SLP177 T01440133,null
MFE,2023-12-04 10:53,55,54,96.42,140,5,0,30.05,1017.5,8,null,CLR,null,null,null,null,null,null,null,null,null,null,null,null,null,null,55,KMFE 041053Z AUTO 14005KT 8SM CLR 13/12 A3005 RMK AO2 SLP175 T01280122,null
MFE,2023-12-04 11:53,56,55,96.43,0,0,0,30.07,1018.2,9,null,CLR,null,null,null,null,null,null,null,null,null,null,null,null,null,null,56,KMFE 041153Z AUTO 00000KT 9SM CLR 13/13 A3007 RMK AO2 SLP182 T01330128 10156 20128 53008,null
MFE,2023-12-04 11:59,56,56,100,0,0,0,30.07,null,9,null,CLR,null,null,null,null,null,null,null,null,null,null,null,null,null,null,56,KMFE 041159Z 00000KT 9SM CLR 13/13 A3007 RMK AO2 T01330133,null
MFE,2023-12-04 12:53,57,56,96.45,0,0,0,30.1,1019,10,null,CLR,null,null,null,null,null,null,null,null,null,null,null,null,null,null,57,KMFE 041253Z 00000KT 10SM CLR 14/13 A3010 RMK AO2 SLP190 T01390133,null
MFE,2023-12-04 13:53,58,58,100,0,0,0,30.12,1019.9,7,null,CLR,null,null,null,null,null,null,null,null,null,null,null,null,null,null,58,KMFE 041353Z 00000KT 7SM CLR 14/14 A3012 RMK AO2 SLP199 T01440144,null
MFE,2023-12-04 14:53,61,60,96.51,0,0,0,30.14,1020.7,8,null,CLR,null,null,null,null,null,null,null,null,null,null,null,null,null,null,61,KMFE 041453Z 00000KT 8SM CLR 16/16 A3014 RMK AO2 SLP207 T01610156 51024,null
MFE,2023-12-04 15:53,66,59,78.14,0,0,0,30.17,1021.6,10,null,CLR,null,null,null,null,null,null,null,null,null,null,null,null,null,null,66,KMFE 041553Z 00000KT 10SM CLR 19/15 A3017 RMK AO2 SLP216 T01890150,null
MFE,2023-12-04 16:53,71,60,68.2,350,3,0,30.17,1021.3,10,null,CLR,null,null,null,null,null,null,null,null,null,null,null,null,null,null,71,KMFE 041653Z 35003KT 10SM CLR 22/16 A3017 RMK AO2 SLP213 T02170156,null
MFE,2023-12-04 17:53,72,59,63.61,0,0,0,30.15,1020.8,10,null,CLR,null,null,null,null,null,null,null,null,null,null,null,null,null,null,72,KMFE 041753Z 00000KT 10SM CLR 22/15 A3015 RMK AO2 SLP208 T02220150 10233 20133 50002,null
MFE,2023-12-04 18:53,74,60,61.62,0,0,0,30.13,1020,10,null,CLR,null,null,null,null,null,null,null,null,null,null,null,null,null,null,74,KMFE 041853Z 00000KT 10SM CLR 23/16 A3013 RMK AO2 SLP200 T02330156,null
MFE,2023-12-04 19:53,76,60,57.64,0,0,0,30.1,1018.9,10,null,CLR,null,null,null,null,null,null,null,null,null,null,null,null,null,null,76,KMFE 041953Z 00000KT 10SM CLR 24/16 A3010 RMK AO2 SLP189 T02440156,null
MFE,2023-12-04 20:53,75,60,59.59,80,5,0,30.09,1018.8,10,null,CLR,null,null,null,null,null,null,null,null,null,null,null,null,null,null,75,KMFE 042053Z 08005KT 10SM CLR 24/16 A3009 RMK AO2 SLP188 T02390156 56020,null
MFE,2023-12-04 21:53,74,60,61.62,130,6,0,30.09,1018.8,10,null,CLR,null,null,null,null,null,null,null,null,null,null,null,null,null,null,74,KMFE 042153Z 13006KT 10SM CLR 23/16 A3009 RMK AO2 SLP188 T02330156,null
MFE,2023-12-04 22:53,72,60,65.92,110,6,0,30.1,1019.2,10,null,CLR,null,null,null,null,null,null,null,null,null,null,null,null,null,null,72,KMFE 042253Z 11006KT 10SM CLR 22/16 A3010 RMK AO2 SLP192 T02220156,null
MFE,2023-12-04 23:53,70,62,75.75,150,3,0,30.12,1019.8,10,null,CLR,null,null,null,null,null,null,null,null,null,null,null,null,null,null,70,KMFE 042353Z 15003KT 10SM CLR 21/17 A3012 RMK AO2 SLP198 T02110167 10250 20211 53009,null
MFE,2023-12-05 0:53,68,61,78.3,90,6,0,30.14,1020.4,10,null,CLR,null,null,null,null,null,null,null,null,null,null,null,null,null,null,68,KMFE 050053Z 09006KT 10SM CLR 20/16 A3014 RMK AO2 SLP204 T02000161,null
MFE,2023-12-05 1:53,67,61,81.05,100,4,0,30.16,1021.1,10,null,OVC,null,null,null,3800,null,null,null,null,null,null,null,null,null,null,67,KMFE 050153Z 10004KT 10SM OVC038 19/16 A3016 RMK AO2 SLP211 T01940161,null
MFE,2023-12-05 2:53,67,60,78.22,90,4,0,30.17,1021.6,10,null,OVC,null,null,null,3800,null,null,null,null,null,null,null,null,null,null,67,KMFE 050253Z 09004KT 10SM OVC038 19/16 A3017 RMK AO2 SLP216 T01940156 51018,null
MFE,2023-12-05 3:53,67,60,78.22,120,3,0,30.16,1021.1,10,null,OVC,null,null,null,3900,null,null,null,null,null,null,null,null,null,null,67,KMFE 050353Z 12003KT 10SM OVC039 19/16 A3016 RMK AO2 SLP211 T01940156,null
MFE,2023-12-05 4:53,66,61,83.91,130,3,0,30.17,1021.3,10,null,OVC,null,null,null,4100,null,null,null,null,null,null,null,null,null,null,66,KMFE 050453Z 13003KT 10SM OVC041 19/16 A3017 RMK AO2 SLP213 T01890161,null
MFE,2023-12-05 5:53,65,61,86.88,0,0,0,30.17,1021.5,10,null,BKN,null,null,null,4300,null,null,null,null,null,null,null,null,null,null,65,KMFE 050553Z 00000KT 10SM BKN043 18/16 A3017 RMK AO2 SLP215 T01830161 10211 20183 402500128 55000,null
MFE,2023-12-05 6:53,64,61,89.97,170,3,0,30.15,1020.8,10,null,CLR,null,null,null,null,null,null,null,null,null,null,null,null,null,null,64,KMFE 050653Z AUTO 17003KT 10SM CLR 18/16 A3015 RMK AO2 SLP208 T01780161,null
MFE,2023-12-05 7:53,64,61,89.97,40,3,0,30.13,1020.1,10,null,CLR,null,null,null,null,null,null,null,null,null,null,null,null,null,null,64,KMFE 050753Z AUTO 04003KT 10SM CLR 18/16 A3013 RMK AO2 SLP201 T01780161,null
MFE,2023-12-05 8:53,64,61,89.97,0,0,0,30.15,1020.8,10,null,CLR,null,null,null,null,null,null,null,null,null,null,null,null,null,null,64,KMFE 050853Z AUTO 00000KT 10SM CLR 18/16 A3015 RMK AO2 SLP208 T01780161 55006,null
MFE,2023-12-05 9:53,63,60,89.93,340,4,0,30.14,1020.3,10,null,CLR,null,null,null,null,null,null,null,null,null,null,null,null,null,null,63,KMFE 050953Z AUTO 34004KT 10SM CLR 17/16 A3014 RMK AO2 SLP203 T01720156,null
MFE,2023-12-05 10:53,61,58,89.84,340,5,0,30.15,1020.6,10,null,CLR,null,null,null,null,null,null,null,null,null,null,null,null,null,null,61,KMFE 051053Z AUTO 34005KT 10SM CLR 16/14 A3015 RMK AO2 SLP206 T01610144,null
MFE,2023-12-05 11:53,61,57,86.67,20,6,0,30.16,1021,10,null,FEW,null,null,null,3400,null,null,null,null,null,null,null,null,null,null,61,KMFE 051153Z 02006KT 10SM FEW034 16/14 A3016 RMK AO2 SLP210 T01610139 10183 20156 53002,null
MFE,2023-12-05 12:53,61,57,86.67,40,3,0,30.18,1021.9,10,null,BKN,null,null,null,3900,null,null,null,null,null,null,null,null,null,null,61,KMFE 051253Z 04003KT 10SM BKN039 16/14 A3018 RMK AO2 SLP219 T01610139,null
MFE,2023-12-05 13:53,62,58,86.72,30,4,0,30.2,1022.4,10,null,OVC,null,null,null,4500,null,null,null,null,null,null,null,null,null,null,62,KMFE 051353Z 03004KT 10SM OVC045 17/14 A3020 RMK AO2 SLP224 T01670144,null
MFE,2023-12-05 14:53,64,59,83.78,360,6,0,30.22,1023.1,10,null,FEW,null,null,null,4700,null,null,null,null,null,null,null,null,null,null,64,KMFE 051453Z 36006KT 10SM FEW047 18/15 A3022 RMK AO2 SLP231 T01780150 51021,null
MFE,2023-12-05 15:53,67,60,78.22,360,6,0,30.24,1023.7,10,null,SCT,null,null,null,4000,null,null,null,null,null,null,null,null,null,null,67,KMFE 051553Z 36006KT 10SM SCT040 19/16 A3024 RMK AO2 SLP237 T01940156,null
MFE,2023-12-05 16:38,68,60,75.57,350,5,0,30.24,null,10,null,BKN,null,null,null,2800,null,null,null,null,null,null,null,null,null,null,68,KMFE 051638Z 35005KT 10SM BKN028 20/16 A3024 RMK AO2 T02000156,null
MFE,2023-12-05 16:50,68,60.8,77.75,10,6,0,30.23,null,10,null,SCT,null,null,null,2800,null,null,null,null,null,null,null,null,null,null,68,KMFE 051650Z 01006KT 10SM SCT028 20/16 A3023 RMK AO2,null
MFE,2023-12-05 16:53,68,60,75.57,20,4,0,30.23,1023.4,10,null,SCT,null,null,null,2800,null,null,null,null,null,null,null,null,null,null,68,KMFE 051653Z 02004KT 10SM SCT028 20/16 A3023 RMK AO2 SLP234 T02000156,null
MFE,2023-12-05 17:53,71,61,70.66,20,6,0,30.21,1022.8,10,null,BKN,null,null,null,2600,null,null,null,null,null,null,null,null,null,null,71,KMFE 051753Z 02006KT 10SM BKN026 22/16 A3021 RMK AO2 SLP228 T02170161 10217 20161 58009,null
MFE,2023-12-05 18:34,73,62,68.42,20,7,0,30.2,null,10,null,SCT,BKN,OVC,null,2600,3500,4400,null,null,null,null,null,null,null,null,73,KMFE 051834Z 02007KT 10SM SCT026 BKN035 OVC044 23/17 A3020 RMK AO2 T02280167,null
MFE,2023-12-05 18:53,73,62,68.42,10,6,0,30.19,1022.2,10,null,SCT,BKN,null,null,2500,4400,null,null,null,null,null,null,null,null,null,73,KMFE 051853Z 01006KT 10SM SCT025 BKN044 23/17 A3019 RMK AO2 SLP222 T02280167,null
MFE,2023-12-05 19:43,73,62,68.42,30,6,0,30.18,null,10,null,BKN,BKN,OVC,null,2500,3200,4800,null,null,null,null,null,null,null,null,73,KMFE 051943Z 03006KT 10SM BKN025 BKN032 OVC048 23/17 A3018 RMK AO2 T02280167,null
MFE,2023-12-05 19:53,73,62,68.42,20,6,0,30.18,1021.7,10,null,BKN,OVC,null,null,2500,3800,null,null,null,null,null,null,null,null,null,73,KMFE 051953Z 02006KT 10SM BKN025 OVC038 23/17 A3018 RMK AO2 SLP217 T02280167,null
MFE,2023-12-05 20:08,74,63,68.53,20,8,0,30.17,null,10,null,FEW,SCT,OVC,null,2600,3800,5000,null,null,null,null,null,null,null,null,74,KMFE 052008Z 02008KT 10SM FEW026 SCT038 OVC050 23/17 A3017 RMK AO2 T02330172,null
MFE,2023-12-05 20:53,73,63,70.87,60,6,0,30.18,1021.7,10,null,FEW,OVC,null,null,2600,3800,null,null,null,null,null,null,null,null,null,73,KMFE 052053Z 06006KT 10SM FEW026 OVC038 23/17 A3018 RMK AO2 SLP217 T02280172 55010,null
MFE,2023-12-05 21:53,74,63,68.53,50,5,0,30.19,1022.1,10,null,FEW,BKN,null,null,4000,5500,null,null,null,null,null,null,null,null,null,74,KMFE 052153Z 05005KT 10SM FEW040 BKN055 23/17 A3019 RMK AO2 SLP221 T02330172,null
MFE,2023-12-05 22:33,73,63,70.87,60,8,0,30.2,null,10,null,OVC,null,null,null,2900,null,null,null,null,null,null,null,null,null,null,73,KMFE 052233Z 06008KT 10SM OVC029 23/17 A3020 RMK AO2 T02280172,null
MFE,2023-12-05 22:53,73,63,70.87,80,9,0,30.21,1022.7,10,null,OVC,null,null,null,2700,null,null,null,null,null,null,null,null,null,null,73,KMFE 052253Z 08009KT 10SM OVC027 23/17 A3021 RMK AO2 SLP227 T02280172,null
MFE,2023-12-05 23:16,73,63,70.87,70,6,0,30.22,null,10,null,OVC,null,null,null,2700,null,null,null,null,null,null,null,null,null,null,73,KMFE 052316Z 07006KT 10SM OVC027 23/17 A3022 RMK AO2 T02280172,null
MFE,2023-12-05 23:53,72,63,73.31,70,7,0,30.22,1023.3,10,null,BKN,BKN,BKN,null,2800,3300,6000,null,null,null,null,null,null,null,null,72,KMFE 052353Z 07007KT 10SM BKN028 BKN033 BKN060 22/17 A3022 RMK AO2 SLP233 T02220172 10233 20217 53015,null
MFE,2023-12-06 0:04,72,63,73.31,80,5,0,30.23,null,10,null,BKN,BKN,BKN,null,3000,3400,6000,null,null,null,null,null,null,null,null,72,KMFE 060004Z 08005KT 10SM BKN030 BKN034 BKN060 22/17 A3023 RMK AO2 T02220172,null
MFE,2023-12-06 0:53,71,63,75.84,60,7,0,30.24,1023.9,10,null,SCT,null,null,null,2700,null,null,null,null,null,null,null,null,null,null,71,KMFE 060053Z 06007KT 10SM SCT027 22/17 A3024 RMK AO2 SLP239 T02170172,null
MFE,2023-12-06 1:00,71,63,75.84,60,4,0,30.24,null,10,null,BKN,null,null,null,2700,null,null,null,null,null,null,null,null,null,null,71,KMFE 060100Z 06004KT 10SM BKN027 22/17 A3024 RMK AO2 T02170172,null
MFE,2023-12-06 1:41,71,63,75.84,50,5,0,30.25,null,10,null,SCT,SCT,BKN,null,2700,3300,4500,null,null,null,null,null,null,null,null,71,KMFE 060141Z 05005KT 10SM SCT027 SCT033 BKN045 22/17 A3025 RMK AO2 T02170172,null
MFE,2023-12-06 1:53,70,63,78.46,40,8,0,30.25,1024.3,10,null,SCT,BKN,BKN,null,3100,4500,5500,null,null,null,null,null,null,null,null,70,KMFE 060153Z 04008KT 10SM SCT031 BKN045 BKN055 21/17 A3025 RMK AO2 SLP243 T02110172,null
MFE,2023-12-06 2:53,69,62,78.38,30,6,0,30.26,1024.6,10,null,FEW,null,null,null,4200,null,null,null,null,null,null,null,null,null,null,69,KMFE 060253Z 03006KT 10SM FEW042 21/17 A3026 RMK AO2 SLP246 T02060167 51014,null
MFE,2023-12-06 3:53,68,60,75.57,30,6,0,30.28,1025.2,10,null,OVC,null,null,null,4300,null,null,null,null,null,null,null,null,null,null,68,KMFE 060353Z 03006KT 10SM OVC043 20/16 A3028 RMK AO2 SLP252 T02000156,null
MFE,2023-12-06 4:53,67,61,81.05,20,5,0,30.29,1025.4,10,null,FEW,null,null,null,6000,null,null,null,null,null,null,null,null,null,null,67,KMFE 060453Z 02005KT 10SM FEW060 19/16 A3029 RMK AO2 SLP254 T01940161,null
MFE,2023-12-06 5:53,67,61,81.05,20,6,0,30.28,1025.2,10,null,BKN,null,null,null,3000,null,null,null,null,null,null,null,null,null,null,67,KMFE 060553Z AUTO 02006KT 10SM BKN030 19/16 A3028 RMK AO2 SLP252 T01940161 10222 20189 402330156 50005,null
MFE,2023-12-06 6:53,67,62,83.97,20,6,0,30.28,1025.1,10,null,OVC,null,null,null,3200,null,null,null,null,null,null,null,null,null,null,67,KMFE 060653Z AUTO 02006KT 10SM OVC032 19/17 A3028 RMK AO2 SLP251 T01940167,null
MFE,2023-12-06 7:53,66,62,86.93,40,5,0,30.27,1024.9,10,null,OVC,null,null,null,3700,null,null,null,null,null,null,null,null,null,null,66,KMFE 060753Z AUTO 04005KT 10SM OVC037 19/17 A3027 RMK AO2 SLP249 T01890167,null
MFE,2023-12-06 8:53,66,62,86.93,360,5,0,30.28,1025,10,null,FEW,null,null,null,4100,null,null,null,null,null,null,null,null,null,null,66,KMFE 060853Z AUTO 36005KT 10SM FEW041 19/17 A3028 RMK AO2 SLP250 T01890167 55002,null
MFE,2023-12-06 9:53,65,62,90.01,350,4,0,30.28,1025.3,10,null,BKN,OVC,null,null,4100,6000,null,null,null,null,null,null,null,null,null,65,KMFE 060953Z AUTO 35004KT 10SM BKN041 OVC060 18/17 A3028 RMK AO2 SLP253 T01830167,null
MFE,2023-12-06 10:53,64,61,89.97,10,6,0,30.28,1025.3,10,null,OVC,null,null,null,4300,null,null,null,null,null,null,null,null,null,null,64,KMFE 061053Z AUTO 01006KT 10SM OVC043 18/16 A3028 RMK AO2 SLP253 T01780161,null
MFE,2023-12-06 11:53,64,61,89.97,10,6,0,30.3,1025.9,10,null,FEW,OVC,null,null,4800,6500,null,null,null,null,null,null,null,null,null,64,KMFE 061153Z AUTO 01006KT 10SM FEW048 OVC065 18/16 A3030 RMK AO2 SLP259 T01780161 10194 20178 53009,null
MFE,2023-12-06 11:58,64,62,93.21,360,7,0,30.31,null,10,null,FEW,OVC,null,null,4800,6500,null,null,null,null,null,null,null,null,null,64,KMFE 061158Z 36007KT 10SM FEW048 OVC065 18/17 A3031 RMK AO2 T01780167,null
MFE,2023-12-06 12:53,63,61,93.18,10,7,0,30.32,1026.5,10,null,BKN,null,null,null,7000,null,null,null,null,null,null,null,null,null,null,63,KMFE 061253Z 01007KT 10SM BKN070 17/16 A3032 RMK AO2 SLP265 T01720161,null
MFE,2023-12-06 13:53,62,61,96.52,360,7,0,30.33,1027,8,null,CLR,null,null,null,null,null,null,null,null,null,null,null,null,null,null,62,KMFE 061353Z 36007KT 8SM CLR 17/16 A3033 RMK AO2 SLP270 T01670161,null
MFE,2023-12-06 14:53,65,62,90.01,10,6,0,30.36,1027.7,10,null,CLR,null,null,null,null,null,null,null,null,null,null,null,null,null,null,65,KMFE 061453Z 01006KT 10SM CLR 18/17 A3036 RMK AO2 SLP277 T01830167 53018,null
MFE,2023-12-06 15:53,69,62,78.38,40,6,0,30.36,1027.9,10,null,FEW,null,null,null,3700,null,null,null,null,null,null,null,null,null,null,69,KMFE 061553Z 04006KT 10SM FEW037 21/17 A3036 RMK AO2 SLP279 T02060167,null
MFE,2023-12-06 16:53,73,63,70.87,80,10,0,30.35,1027.7,10,null,BKN,null,null,null,3200,null,null,null,null,null,null,null,null,null,null,73,KMFE 061653Z 08010KT 10SM BKN032 23/17 A3035 RMK AO2 SLP277 T02280172,null
MFE,2023-12-06 17:53,75,62,63.97,70,9,0,30.32,1026.6,10,null,FEW,SCT,null,null,2900,3700,null,null,null,null,null,null,null,null,null,75,KMFE 061753Z 07009KT 10SM FEW029 SCT037 24/17 A3032 RMK AO2 SLP266 T02390167 10244 20167 58012,null
MFE,2023-12-06 18:53,75,61,61.75,50,7,0,30.29,1025.4,10,null,BKN,BKN,null,null,3400,4400,null,null,null,null,null,null,null,null,null,75,KMFE 061853Z 05007KT 10SM BKN034 BKN044 24/16 A3029 RMK AO2 SLP254 T02390161,null
MFE,2023-12-06 19:53,76,58,53.66,70,6,0,30.26,1024.4,10,null,BKN,BKN,null,null,4500,5500,null,null,null,null,null,null,null,null,null,76,KMFE 061953Z 07006KT 10SM BKN045 BKN055 24/14 A3026 RMK AO2 SLP244 T02440144,null
MFE,2023-12-06 20:53,78,55,45.05,80,9,0,30.25,1024,10,null,CLR,null,null,null,null,null,null,null,null,null,null,null,null,null,null,78,KMFE 062053Z 08009KT 10SM CLR 26/13 A3025 RMK AO2 SLP240 T02560128 56025,null
MFE,2023-12-06 21:53,76,54,46.42,110,8,0,30.25,1024.1,10,null,CLR,null,null,null,null,null,null,null,null,null,null,null,null,null,null,76,KMFE 062153Z 11008KT 10SM CLR 24/12 A3025 RMK AO2 SLP241 T02440122,null
MFE,2023-12-06 22:53,74,52,46.11,80,11,0,30.24,1023.9,10,null,FEW,null,null,null,8500,null,null,null,null,null,null,null,null,null,null,74,KMFE 062253Z 08011KT 10SM FEW085 23/11 A3024 RMK AO2 SLP239 T02330111,null
MFE,2023-12-06 23:53,71,54,54.92,90,9,0,30.27,1024.7,10,null,BKN,null,null,null,8000,null,null,null,null,null,null,null,null,null,null,71,KMFE 062353Z 09009KT 10SM BKN080 22/12 A3027 RMK AO2 SLP247 T02170122 10261 20217 53006,null
MFE,2023-12-07 0:53,68,56,65.45,90,8,0,30.27,1024.9,10,null,CLR,null,null,null,null,null,null,null,null,null,null,null,null,null,null,68,KMFE 070053Z 09008KT 10SM CLR 20/13 A3027 RMK AO2 SLP249 T02000133,null
MFE,2023-12-07 1:53,68,56,65.45,90,6,0,30.28,1025.1,10,null,SCT,null,null,null,8000,null,null,null,null,null,null,null,null,null,null,68,KMFE 070153Z 09006KT 10SM SCT080 20/13 A3028 RMK AO2 SLP251 T02000133,null
MFE,2023-12-07 2:53,67,57,70.24,90,6,0,30.28,1025.3,10,null,CLR,null,null,null,null,null,null,null,null,null,null,null,null,null,null,67,KMFE 070253Z 09006KT 10SM CLR 19/14 A3028 RMK AO2 SLP253 T01940139 51006,null
MFE,2023-12-07 3:53,66,57,72.72,90,5,0,30.28,1025.1,10,null,BKN,null,null,null,8000,null,null,null,null,null,null,null,null,null,null,66,KMFE 070353Z 09005KT 10SM BKN080 19/14 A3028 RMK AO2 SLP251 T01890139,null
MFE,2023-12-07 4:53,67,58,72.82,100,6,0,30.26,1024.4,10,null,OVC,null,null,null,8000,null,null,null,null,null,null,null,null,null,null,67,KMFE 070453Z 10006KT 10SM OVC080 19/14 A3026 RMK AO2 SLP244 T01940144,null
MFE,2023-12-07 5:53,65,58,78.06,110,5,0,30.24,1024,10,null,CLR,null,null,null,null,null,null,null,null,null,null,null,null,null,null,65,KMFE 070553Z AUTO 11005KT 10SM CLR 18/14 A3024 RMK AO2 SLP240 T01830144 10217 20183 402610167 58013,null
MFE,2023-12-07 6:53,65,58,78.06,90,6,0,30.22,1023.1,10,null,SCT,null,null,null,9000,null,null,null,null,null,null,null,null,null,null,65,KMFE 070653Z AUTO 09006KT 10SM SCT090 18/14 A3022 RMK AO2 SLP231 T01830144,null
MFE,2023-12-07 7:53,64,58,80.83,0,0,0,30.2,1022.5,10,null,BKN,null,null,null,7000,null,null,null,null,null,null,null,null,null,null,64,KMFE 070753Z AUTO 00000KT 10SM BKN070 18/14 A3020 RMK AO2 SLP225 T01780144,null
MFE,2023-12-07 8:53,64,59,83.78,100,5,0,30.18,1021.6,10,null,BKN,null,null,null,7000,null,null,null,null,null,null,null,null,null,null,64,KMFE 070853Z AUTO 10005KT 10SM BKN070 18/15 A3018 RMK AO2 SLP216 T01780150 56023,null
MFE,2023-12-07 9:53,65,60,83.84,90,4,0,30.16,1021.2,10,null,OVC,null,null,null,6500,null,null,null,null,null,null,null,null,null,null,65,KMFE 070953Z AUTO 09004KT 10SM OVC065 18/16 A3016 RMK AO2 SLP212 T01830156,null
MFE,2023-12-07 10:53,65,60,83.84,80,5,0,30.16,1021,10,null,OVC,null,null,null,6500,null,null,null,null,null,null,null,null,null,null,65,KMFE 071053Z AUTO 08005KT 10SM OVC065 18/16 A3016 RMK AO2 SLP210 T01830156,null
MFE,2023-12-07 11:53,65,59,80.9,90,6,0,30.14,1020.5,10,null,SCT,null,null,null,6500,null,null,null,null,null,null,null,null,null,null,65,KMFE 071153Z AUTO 09006KT 10SM SCT065 18/15 A3014 RMK AO2 SLP205 T01830150 10189 20172 58011,null
MFE,2023-12-07 11:55,65,59,80.9,100,6,0,30.14,null,10,null,SCT,null,null,null,6500,null,null,null,null,null,null,null,null,null,null,65,KMFE 071155Z 10006KT 10SM SCT065 18/15 A3014 RMK AO2 T01830150,null
MFE,2023-12-07 12:53,64,59,83.78,90,5,0,30.15,1020.9,10,null,CLR,null,null,null,null,null,null,null,null,null,null,null,null,null,null,64,KMFE 071253Z 09005KT 10SM CLR 18/15 A3015 RMK AO2 SLP209 T01780150,null
MFE,2023-12-07 13:53,65,60,83.84,120,6,0,30.15,1020.9,10,null,FEW,null,null,null,6500,null,null,null,null,null,null,null,null,null,null,65,KMFE 071353Z 12006KT 10SM FEW065 18/16 A3015 RMK AO2 SLP209 T01830156,null
MFE,2023-12-07 14:06,65,60,83.84,120,5,0,30.16,null,10,null,BKN,null,null,null,6500,null,null,null,null,null,null,null,null,null,null,65,KMFE 071406Z 12005KT 10SM BKN065 18/16 A3016 RMK AO2 T01830156,null
MFE,2023-12-07 14:53,69,61,75.66,120,8,0,30.15,1020.9,10,null,SCT,null,null,null,3200,null,null,null,null,null,null,null,null,null,null,69,KMFE 071453Z 12008KT 10SM SCT032 21/16 A3015 RMK AO2 SLP209 T02060161 51004,null
MFE,2023-12-07 15:53,72,62,70.77,130,14,0,30.15,1020.6,10,19,FEW,null,null,null,3400,null,null,null,null,null,null,null,null,null,null,72,KMFE 071553Z 13014G19KT 10SM FEW034 22/17 A3015 RMK AO2 SLP206 T02220167,null
MFE,2023-12-07 16:53,75,63,66.27,130,14,0,30.13,1020,10,null,FEW,null,null,null,3500,null,null,null,null,null,null,null,null,null,null,75,KMFE 071653Z 13014KT 10SM FEW035 24/17 A3013 RMK AO2 SLP200 T02390172,null
MFE,2023-12-07 17:53,75,63,66.27,140,13,0,30.09,1018.8,10,23,BKN,OVC,null,null,3400,4200,null,null,null,null,null,null,null,null,null,75,KMFE 071753Z 14013G23KT 10SM BKN034 OVC042 24/17 A3009 RMK AO2 SLP188 T02390172 10244 20172 58021,null
MFE,2023-12-07 18:09,76,63,64.09,130,16,0,30.08,null,10,23,BKN,OVC,null,null,3300,4400,null,null,null,null,null,null,null,null,null,76,KMFE 071809Z 13016G23KT 10SM BKN033 OVC044 24/17 A3008 RMK AO2 T02440172,null
MFE,2023-12-07 18:53,75,63,66.27,140,14,0,30.05,1017.4,10,null,BKN,OVC,null,null,3200,4200,null,null,null,null,null,null,null,null,null,75,KMFE 071853Z 14014KT 10SM BKN032 OVC042 24/17 A3005 RMK AO2 SLP174 T02390172,null
MFE,2023-12-07 19:53,74,64,70.97,150,12,0,30.02,1016.3,10,20,FEW,OVC,null,null,2700,3600,null,null,null,null,null,null,null,null,null,74,KMFE 071953Z 15012G20KT 10SM FEW027 OVC036 23/18 A3002 RMK AO2 SLP163 T02330178,null
MFE,2023-12-07 20:53,74,65,73.5,140,12,T,29.99,1015.4,9,null,FEW,OVC,null,null,2500,4100,null,null,null,null,null,null,null,null,null,74,KMFE 072053Z 14012KT 9SM FEW025 OVC041 23/18 A2999 RMK AO2 RAB26E35 SLP154 P0000 60000 T02330183 56034,null
MFE,2023-12-07 21:53,75,64,68.64,140,15,0,29.99,1015.2,10,22,SCT,BKN,null,null,3000,3900,null,null,null,null,null,null,null,null,null,75,KMFE 072153Z 14015G22KT 10SM SCT030 BKN039 24/18 A2999 RMK AO2 SLP152 T02390178,null
MFE,2023-12-07 22:53,74,62,66.15,160,10,0,29.98,1015,10,null,OVC,null,null,null,3700,null,null,null,null,null,null,null,null,null,null,74,KMFE 072253Z 16010KT 10SM OVC037 23/17 A2998 RMK AO2 SLP150 T02330167,null
MFE,2023-12-07 23:53,72,64,75.92,140,12,0,29.98,1015.1,10,null,OVC,null,null,null,4000,null,null,null,null,null,null,null,null,null,null,72,KMFE 072353Z 14012KT 10SM OVC040 22/18 A2998 RMK AO2 SLP151 60000 T02220178 10244 20222 55003,null
MFE,2023-12-08 0:53,71,64,78.54,140,10,0,29.99,1015.2,10,null,OVC,null,null,null,4300,null,null,null,null,null,null,null,null,null,null,71,KMFE 080053Z 14010KT 10SM OVC043 22/18 A2999 RMK AO2 SLP152 T02170178,null
MFE,2023-12-08 1:53,71,64,78.54,140,11,0,29.99,1015.3,10,null,OVC,null,null,null,3900,null,null,null,null,null,null,null,null,null,null,71,KMFE 080153Z 14011KT 10SM OVC039 22/18 A2999 RMK AO2 SLP153 T02170178,null
MFE,2023-12-08 2:53,71,65,81.34,140,8,0,29.99,1015.3,10,null,BKN,null,null,null,4400,null,null,null,null,null,null,null,null,null,null,71,KMFE 080253Z 14008KT 10SM BKN044 22/18 A2999 RMK AO2 SLP153 T02170183 51002,null
MFE,2023-12-08 3:53,68,65,90.13,140,10,0,29.98,1015,10,null,CLR,null,null,null,null,null,null,null,null,null,null,null,null,null,null,68,KMFE 080353Z 14010KT 10SM CLR 20/18 A2998 RMK AO2 SLP150 T02000183,null
MFE,2023-12-08 4:53,68,65,90.13,150,10,0,29.97,1014.8,10,null,CLR,null,null,null,null,null,null,null,null,null,null,null,null,null,null,68,KMFE 080453Z 15010KT 10SM CLR 20/18 A2997 RMK AO2 SLP148 T02000183,null
MFE,2023-12-08 5:53,67,65,93.29,150,9,0,29.96,1014.2,10,null,CLR,null,null,null,null,null,null,null,null,null,null,null,null,null,null,67,KMFE 080553Z AUTO 15009KT 10SM CLR 19/18 A2996 RMK AO2 SLP142 T01940183 10228 20194 402440172 58011,null
MFE,2023-12-08 6:53,67,64,90.09,150,9,0,29.93,1013.3,10,null,CLR,null,null,null,null,null,null,null,null,null,null,null,null,null,null,67,KMFE 080653Z AUTO 15009KT 10SM CLR 19/18 A2993 RMK AO2 SLP133 T01940178,null
MFE,2023-12-08 7:53,66,65,96.58,160,8,0,29.92,1012.8,10,null,CLR,null,null,null,null,null,null,null,null,null,null,null,null,null,null,66,KMFE 080753Z AUTO 16008KT 10SM CLR 19/18 A2992 RMK AO2 SLP128 T01890183,null
MFE,2023-12-08 8:02,66,65,96.58,160,8,0,29.91,null,10,null,FEW,null,null,null,700,null,null,null,null,null,null,null,null,null,null,66,KMFE 080802Z AUTO 16008KT 10SM FEW007 19/18 A2991 RMK AO2 T01890183,null
MFE,2023-12-08 8:53,65,64,96.57,150,7,0,29.9,1012.1,10,null,CLR,null,null,null,null,null,null,null,null,null,null,null,null,null,null,65,KMFE 080853Z AUTO 15007KT 10SM CLR 18/18 A2990 RMK AO2 SLP121 T01830178 56020,null
MFE,2023-12-08 9:53,65,64,96.57,160,6,0,29.88,1011.8,10,null,CLR,null,null,null,null,null,null,null,null,null,null,null,null,null,null,65,KMFE 080953Z AUTO 16006KT 10SM CLR 18/18 A2988 RMK AO2 SLP118 T01830178,null
MFE,2023-12-08 10:53,64,63,96.55,160,6,0,29.88,1011.7,10,null,CLR,null,null,null,null,null,null,null,null,null,null,null,null,null,null,64,KMFE 081053Z AUTO 16006KT 10SM CLR 18/17 A2988 RMK AO2 SLP117 T01780172,null
MFE,2023-12-08 11:53,63,62,96.54,150,5,0,29.88,1011.7,10,null,CLR,null,null,null,null,null,null,null,null,null,null,null,null,null,null,63,KMFE 081153Z AUTO 15005KT 10SM CLR 17/17 A2988 RMK AO2 SLP117 T01720167 10194 20172 56004,null
MFE,2023-12-08 11:56,63,62,96.54,150,5,0,29.88,null,10,null,CLR,null,null,null,null,null,null,null,null,null,null,null,null,null,null,63,KMFE 081156Z 15005KT 10SM CLR 17/17 A2988 RMK AO2 T01720167,null
MFE,2023-12-08 12:53,62,62,100,160,5,0,29.89,1011.8,10,null,CLR,null,null,null,null,null,null,null,null,null,null,null,null,null,null,62,KMFE 081253Z 16005KT 10SM CLR 17/17 A2989 RMK AO2 SLP118 T01670167,null
MFE,2023-12-08 13:53,63,63,100,150,5,0,29.9,1012.2,10,null,CLR,null,null,null,null,null,null,null,null,null,null,null,null,null,null,63,KMFE 081353Z 15005KT 10SM CLR 17/17 A2990 RMK AO2 SLP122 T01720172,null
MFE,2023-12-08 14:53,68,64,87.03,160,6,0,29.9,1012.3,10,null,CLR,null,null,null,null,null,null,null,null,null,null,null,null,null,null,68,KMFE 081453Z 16006KT 10SM CLR 20/18 A2990 RMK AO2 SLP123 T02000178 53006,null
MFE,2023-12-08 15:53,73,64,73.4,180,10,0,29.92,1012.8,10,19,CLR,null,null,null,null,null,null,null,null,null,null,null,null,null,null,73,KMFE 081553Z 18010G19KT 10SM CLR 23/18 A2992 RMK AO2 SLP128 T02280178,null
MFE,2023-12-08 16:53,76,64,66.38,170,15,0,29.91,1012.6,10,24,CLR,null,null,null,null,null,null,null,null,null,null,null,28,180,2023-12-08 16:27,76,KMFE 081653Z 17015G24KT 10SM CLR 24/18 A2991 RMK AO2 PK WND 18028/1627 SLP126 T02440178,null
MFE,2023-12-08 17:53,79,65,62.25,170,16,0,29.88,1011.7,10,23,CLR,null,null,null,null,null,null,null,null,null,null,null,null,null,null,79,KMFE 081753Z 17016G23KT 10SM CLR 26/18 A2988 RMK AO2 SLP117 T02610183 10261 20167 58007,null
MFE,2023-12-08 18:53,81,65,58.3,180,13,0,29.84,1010.3,10,21,CLR,null,null,null,null,null,null,null,null,null,null,null,null,null,null,82.82,KMFE 081853Z 18013G21KT 10SM CLR 27/18 A2984 RMK AO2 SLP103 T02720183,null
MFE,2023-12-08 19:53,83,65,54.63,180,13,0,29.82,1009.4,10,20,CLR,null,null,null,null,null,null,null,null,null,null,null,null,null,null,84.78,KMFE 081953Z 18013G20KT 10SM CLR 28/18 A2982 RMK AO2 SLP094 T02830183,null
MFE,2023-12-08 20:53,84,66,54.77,160,8,0,29.8,1008.9,10,null,CLR,null,null,null,null,null,null,null,null,null,null,null,null,null,null,86.2,KMFE 082053Z 16008KT 10SM CLR 29/19 A2980 RMK AO2 SLP089 T02890189 56027,null
MFE,2023-12-08 21:53,84,65,52.9,170,10,0,29.79,1008.7,10,null,CLR,null,null,null,null,null,null,null,null,null,null,null,null,null,null,85.77,KMFE 082153Z 17010KT 10SM CLR 29/18 A2979 RMK AO2 SLP087 T02890183,null
MFE,2023-12-08 22:53,83,67,58.56,140,10,0,29.79,1008.7,10,null,CLR,null,null,null,null,null,null,null,null,null,null,null,null,null,null,85.6,KMFE 082253Z 14010KT 10SM CLR 28/19 A2979 RMK AO2 SLP087 T02830194,null
MFE,2023-12-08 23:53,76,69,78.94,130,11,0,29.81,1009.2,10,null,CLR,null,null,null,null,null,null,null,null,null,null,null,null,null,null,76,KMFE 082353Z 13011KT 10SM CLR 24/21 A2981 RMK AO2 SLP092 T02440206 10294 20244 53003,null
MFE,2023-12-09 0:53,73,68,84.34,130,11,0,29.83,1009.9,10,null,CLR,null,null,null,null,null,null,null,null,null,null,null,null,null,null,73,KMFE 090053Z 13011KT 10SM CLR 23/20 A2983 RMK AO2 SLP099 T02280200,null
MFE,2023-12-09 1:53,72,69,90.28,150,10,0,29.85,1010.7,10,null,CLR,null,null,null,null,null,null,null,null,null,null,null,null,null,null,72,KMFE 090153Z 15010KT 10SM CLR 22/21 A2985 RMK AO2 SLP107 T02220206,null
MFE,2023-12-09 2:53,71,68,90.25,140,11,0,29.86,1010.9,10,null,CLR,null,null,null,null,null,null,null,null,null,null,null,null,null,null,71,KMFE 090253Z 14011KT 10SM CLR 22/20 A2986 RMK AO2 SLP109 T02170200 51017,null
MFE,2023-12-09 3:41,71,69,93.4,150,12,0,29.87,null,10,null,BKN,null,null,null,1000,null,null,null,null,null,null,null,null,null,null,71,KMFE 090341Z 15012KT 10SM BKN010 22/21 A2987 RMK AO2 T02170206,null
MFE,2023-12-09 3:53,71,69,93.4,150,13,0,29.87,1011.2,10,null,OVC,null,null,null,1000,null,null,null,null,null,null,null,null,null,null,71,KMFE 090353Z 15013KT 10SM OVC010 22/21 A2987 RMK AO2 SLP112 T02170206,null
MFE,2023-12-09 4:11,71,69,93.4,150,10,0,29.87,null,10,null,OVC,null,null,null,900,null,null,null,null,null,null,null,null,null,null,71,KMFE 090411Z 15010KT 10SM OVC009 22/21 A2987 RMK AO2 T02170206,null
MFE,2023-12-09 4:53,71,69,93.4,160,14,0,29.88,1011.7,10,null,OVC,null,null,null,800,null,null,null,null,null,null,null,null,null,null,71,KMFE 090453Z 16014KT 10SM OVC008 22/21 A2988 RMK AO2 SLP117 T02170206,null
MFE,2023-12-09 5:53,71,69,93.4,150,13,0,29.88,1011.6,10,19,OVC,null,null,null,800,null,null,null,null,null,null,null,null,null,null,71,KMFE 090553Z AUTO 15013G19KT 10SM OVC008 22/21 A2988 RMK AO2 CIG 007V011 SLP116 T02170206 10244 20217 402940167 51008,null
MFE,2023-12-09 6:53,71,69,93.4,160,11,0,29.87,1011.3,10,null,OVC,null,null,null,800,null,null,null,null,null,null,null,null,null,null,71,KMFE 090653Z AUTO 16011KT 10SM OVC008 22/21 A2987 RMK AO2 SLP113 T02170206,null
MFE,2023-12-09 7:53,70,69,96.64,160,9,0,29.86,1011.1,8,null,BKN,null,null,null,700,null,null,null,null,null,null,null,null,null,null,70,KMFE 090753Z AUTO 16009KT 8SM BKN007 21/21 A2986 RMK AO2 SLP111 T02110206,null
MFE,2023-12-09 8:53,70,69,96.64,160,11,0,29.86,1010.9,8,null,OVC,null,null,null,700,null,null,null,null,null,null,null,null,null,null,70,KMFE 090853Z AUTO 16011KT 8SM OVC007 21/21 A2986 RMK AO2 SLP109 T02110206 56008,null
MFE,2023-12-09 9:53,70,69,96.64,160,11,0,29.87,1011.2,9,null,OVC,null,null,null,800,null,null,null,null,null,null,null,null,null,null,70,KMFE 090953Z AUTO 16011KT 9SM OVC008 21/21 A2987 RMK AO2 SLP112 T02110206,null
MFE,2023-12-09 10:53,70,69,96.64,160,9,0,29.87,1011.2,9,null,OVC,null,null,null,800,null,null,null,null,null,null,null,null,null,null,70,KMFE 091053Z AUTO 16009KT 9SM OVC008 21/21 A2987 RMK AO2 SLP112 T02110206,null
MFE,2023-12-09 11:53,70,69,96.64,150,11,0,29.89,1011.8,9,null,OVC,null,null,null,800,null,null,null,null,null,null,null,null,null,null,70,KMFE 091153Z AUTO 15011KT 9SM OVC008 21/21 A2989 RMK AO2 SLP118 T02110206 10217 20211 53009,null
MFE,2023-12-09 11:56,70,69,96.64,160,11,0,29.89,null,9,null,OVC,null,null,null,800,null,null,null,null,null,null,null,null,null,null,70,KMFE 091156Z 16011KT 9SM OVC008 21/21 A2989 RMK AO2 T02110206,null
MFE,2023-12-09 12:53,70,69,96.64,150,13,0,29.9,1012.4,9,null,OVC,null,null,null,800,null,null,null,null,null,null,null,null,null,null,70,KMFE 091253Z 15013KT 9SM OVC008 21/21 A2990 RMK AO2 SLP124 T02110206,null
MFE,2023-12-09 13:53,70,69,96.64,160,10,0,29.93,1013.1,8,null,OVC,null,null,null,700,null,null,null,null,null,null,null,null,null,null,70,KMFE 091353Z 16010KT 8SM OVC007 21/21 A2993 RMK AO2 CIG 006V011 SLP131 T02110206,null
MFE,2023-12-09 14:53,71,69,93.4,180,8,0,29.95,1014,7,null,OVC,null,null,null,700,null,null,null,null,null,null,null,null,null,null,71,KMFE 091453Z 18008KT 7SM OVC007 22/21 A2995 RMK AO2 CIG 006V010 SLP140 T02170206 53022,null
MFE,2023-12-09 15:53,72,69,90.28,180,9,0,29.96,1014.4,7,null,OVC,null,null,null,900,null,null,null,null,null,null,null,null,null,null,72,KMFE 091553Z 18009KT 7SM OVC009 22/21 A2996 RMK AO2 CIG 008V011 SLP144 T02220206,null
MFE,2023-12-09 16:26,74,68,81.55,160,9,0,29.96,null,8,null,SCT,null,null,null,1000,null,null,null,null,null,null,null,null,null,null,74,KMFE 091626Z 16009KT 8SM SCT010 23/20 A2996 RMK AO2 T02330200,null
MFE,2023-12-09 16:53,75,69,81.62,160,7,0,29.96,1014.3,9,null,FEW,null,null,null,1100,null,null,null,null,null,null,null,null,null,null,75,KMFE 091653Z 16007KT 9SM FEW011 24/21 A2996 RMK AO2 SLP143 T02390206,null
MFE,2023-12-09 17:53,79,70,73.97,170,6,0,29.94,1013.5,10,null,CLR,null,null,null,null,null,null,null,null,null,null,null,null,null,null,79,KMFE 091753Z 17006KT 10SM CLR 26/21 A2994 RMK AO2 SLP135 T02610211 10261 20211 58005,null
MFE,2023-12-09 18:53,82,70,67.06,170,7,0,29.9,1012.4,10,null,CLR,null,null,null,null,null,null,null,null,null,null,null,null,null,null,85.81,KMFE 091853Z 17007KT 10SM CLR 28/21 A2990 RMK AO2 SLP124 T02780211,null
MFE,2023-12-09 19:53,83,69,62.74,180,8,0,29.88,1011.8,10,null,CLR,null,null,null,null,null,null,null,null,null,null,null,null,null,null,86.55,KMFE 091953Z 18008KT 10SM CLR 28/21 A2988 RMK AO2 SLP118 T02830206,null
MFE,2023-12-09 20:53,84,70,62.86,null,6,0,29.88,1011.6,10,null,CLR,null,null,null,null,null,null,null,null,null,null,null,null,null,null,88.31,KMFE 092053Z VRB06KT 10SM CLR 29/21 A2988 RMK AO2 SLP116 T02890211 56019,null
MFE,2023-12-09 21:53,85,69,58.82,310,5,0,29.89,1012,10,null,CLR,null,null,null,null,null,null,null,null,null,null,null,null,null,null,88.89,KMFE 092153Z 31005KT 10SM CLR 29/21 A2989 RMK AO2 SLP120 T02940206,null
MFE,2023-12-09 22:53,83,68,60.62,330,5,0,29.91,1012.7,10,null,CLR,null,null,null,null,null,null,null,null,null,null,null,null,null,null,86.06,KMFE 092253Z 33005KT 10SM CLR 28/20 A2991 RMK AO2 SLP127 T02830200,null
MFE,2023-12-09 23:53,78,68,71.38,320,5,0,29.95,1013.8,10,null,SCT,null,null,null,4300,null,null,null,null,null,null,null,null,null,null,78,KMFE 092353Z 32005KT 10SM SCT043 26/20 A2995 RMK AO2 SLP138 T02560200 10294 20256 53023,null
MFE,2023-12-10 0:53,77,67,71.28,300,3,0,29.97,1014.7,10,null,CLR,null,null,null,null,null,null,null,null,null,null,null,null,null,null,77,KMFE 100053Z 30003KT 10SM CLR 25/19 A2997 RMK AO2 SLP147 T02500194,null
MFE,2023-12-10 1:53,78,67,68.96,300,14,0,30,1015.7,10,19,BKN,null,null,null,5000,null,null,null,null,null,null,null,null,null,null,78,KMFE 100153Z 30014G19KT 10SM BKN050 26/19 A3000 RMK AO2 SLP157 T02560194,null
MFE,2023-12-10 2:53,74,65,73.5,340,14,0,30.04,1017,10,23,BKN,BKN,null,null,4500,5500,null,null,null,null,null,null,null,null,null,74,KMFE 100253Z 34014G23KT 10SM BKN045 BKN055 23/18 A3004 RMK AO2 SLP170 T02330183 53032,null
MFE,2023-12-10 3:53,74,65,73.5,340,17,0,30.08,1018.3,10,25,FEW,BKN,OVC,null,2700,3700,5000,null,null,null,null,null,null,null,null,74,KMFE 100353Z 34017G25KT 10SM FEW027 BKN037 OVC050 23/18 A3008 RMK AO2 SLP183 T02330183,null
MFE,2023-12-10 4:53,74,64,70.97,350,20,0,30.12,1019.6,10,28,OVC,null,null,null,3100,null,null,null,null,null,null,null,33,350,2023-12-10 4:31,74,KMFE 100453Z 35020G28KT 10SM OVC031 23/18 A3012 RMK AO2 PK WND 35033/0431 SLP196 T02330178,null
MFE,2023-12-10 5:53,72,49,44.13,360,19,0,30.17,1021.4,10,26,OVC,null,null,null,3900,null,null,null,null,null,null,null,33,340,2023-12-10 5:10,72,KMFE 100553Z 36019G26KT 10SM OVC039 22/09 A3017 RMK AO2 PK WND 34033/0510 SLP214 T02220094 10256 20217 402940211 53043,null
MFE,2023-12-10 6:53,69,44,40.47,340,18,0,30.21,1022.7,10,29,FEW,BKN,BKN,null,4800,6500,8000,null,null,null,null,null,32,340,2023-12-10 6:13,69,KMFE 100653Z AUTO 34018G29KT 10SM FEW048 BKN065 BKN080 21/07 A3021 RMK AO2 PK WND 34032/0613 SLP227 T02060067,null
MFE,2023-12-10 7:53,67,41,38.63,350,16,0,30.26,1024.5,10,28,OVC,null,null,null,6000,null,null,null,null,null,null,null,39,350,2023-12-10 7:10,67,KMFE 100753Z AUTO 35016G28KT 10SM OVC060 19/05 A3026 RMK AO2 PK WND 35039/0710 SLP245 T01940050,null
MFE,2023-12-10 8:53,64,37,36.68,340,20,0,30.28,1025.2,10,39,SCT,BKN,null,null,7500,9000,null,null,null,null,null,null,43,350,2023-12-10 8:43,64,KMFE 100853Z AUTO 34020G39KT 10SM SCT075 BKN090 18/03 A3028 RMK AO2 PK WND 35043/0843 SLP252 T01780028 51038,null
MFE,2023-12-10 9:53,62,38,40.93,350,21,0,30.32,1026.5,10,32,SCT,SCT,null,null,7500,9000,null,null,null,null,null,null,39,350,2023-12-10 9:01,62,KMFE 100953Z AUTO 35021G32KT 10SM SCT075 SCT090 17/03 A3032 RMK AO2 PK WND 35039/0901 SLP265 T01670033,null
MFE,2023-12-10 10:53,59,38,45.53,340,12,0,30.35,1027.7,10,23,SCT,null,null,null,8000,null,null,null,null,null,null,null,33,340,2023-12-10 9:55,59,KMFE 101053Z AUTO 34012G23KT 10SM SCT080 15/03 A3035 RMK AO2 PK WND 34033/0955 SLP277 T01500033,null
MFE,2023-12-10 11:53,56,36,46.88,330,14,0,30.37,1028.3,10,24,CLR,null,null,null,null,null,null,null,null,null,null,null,30,340,2023-12-10 11:36,56,KMFE 101153Z 33014G24KT 10SM CLR 13/02 A3037 RMK AO2 PK WND 34030/1136 SLP283 T01330022 10222 20133 51031,null
MFE,2023-12-10 12:53,54,33,44.74,340,13,0,30.4,1029.1,10,22,CLR,null,null,null,null,null,null,null,null,null,null,null,27,340,2023-12-10 12:06,54,KMFE 101253Z 34013G22KT 10SM CLR 12/01 A3040 RMK AO2 PK WND 34027/1206 SLP291 T01220006,null
MFE,2023-12-10 13:53,54,32,42.98,330,13,0,30.41,1029.7,10,20,CLR,null,null,null,null,null,null,null,null,null,null,null,null,null,null,54,KMFE 101353Z 33013G20KT 10SM CLR 12/00 A3041 RMK AO2 SLP297 T01220000,null
MFE,2023-12-10 14:53,56,30,36.85,330,15,0,30.44,1030.5,10,26,CLR,null,null,null,null,null,null,null,null,null,null,null,29,340,2023-12-10 14:41,56,KMFE 101453Z 33015G26KT 10SM CLR 13/M01 A3044 RMK AO2 PK WND 34029/1441 SLP305 T01331011 52022,null
MFE,2023-12-10 15:53,59,27,29.25,340,19,0,30.45,1030.8,10,27,CLR,null,null,null,null,null,null,null,null,null,null,null,31,350,2023-12-10 15:31,59,KMFE 101553Z 34019G27KT 10SM CLR 15/M03 A3045 RMK AO2 PK WND 35031/1531 SLP308 T01501028,null
MFE,2023-12-10 16:53,61,26,26.14,330,17,0,30.43,1030.3,10,25,CLR,null,null,null,null,null,null,null,null,null,null,null,31,350,2023-12-10 16:15,61,KMFE 101653Z 33017G25KT 10SM CLR 16/M03 A3043 RMK AO2 PK WND 35031/1615 SLP303 T01611033,null
MFE,2023-12-10 17:53,63,25,23.36,340,17,0,30.39,1029,10,27,CLR,null,null,null,null,null,null,null,null,null,null,null,28,340,2023-12-10 17:00,63,KMFE 101753Z 34017G27KT 10SM CLR 17/M04 A3039 RMK AO2 PK WND 34028/1700 SLP290 T01721039 10172 20117 58015,null
MFE,2023-12-10 18:53,64,24,21.64,350,16,0,30.35,1027.4,10,22,CLR,null,null,null,null,null,null,null,null,null,null,null,26,320,2023-12-10 18:38,64,KMFE 101853Z 35016G22KT 10SM CLR 18/M04 A3035 RMK AO2 PK WND 32026/1838 SLP274 T01781044,null
MFE,2023-12-10 19:53,65,24,20.89,340,13,0,30.3,1025.9,10,22,CLR,null,null,null,null,null,null,null,null,null,null,null,null,null,null,65,KMFE 101953Z 34013G22KT 10SM CLR 18/M04 A3030 RMK AO2 SLP259 T01831044,null
MFE,2023-12-10 20:53,66,23,19.35,340,11,0,30.28,1025.3,10,20,CLR,null,null,null,null,null,null,null,null,null,null,null,null,null,null,66,KMFE 102053Z 34011G20KT 10SM CLR 19/M05 A3028 RMK AO2 SLP253 T01891050 56037,null
MFE,2023-12-10 21:53,65,23,20.04,320,11,0,30.29,1025.6,10,18,CLR,null,null,null,null,null,null,null,null,null,null,null,null,null,null,65,KMFE 102153Z 32011G18KT 10SM CLR 18/M05 A3029 RMK AO2 SLP256 T01831050,null
MFE,2023-12-10 22:53,63,24,22.41,330,7,0,30.29,1025.7,10,null,CLR,null,null,null,null,null,null,null,null,null,null,null,null,null,null,63,KMFE 102253Z 33007KT 10SM CLR 17/M04 A3029 RMK AO2 SLP257 T01721044,null
MFE,2023-12-10 23:53,60,25,25.98,0,0,0,30.3,1025.9,10,null,CLR,null,null,null,null,null,null,null,null,null,null,null,null,null,null,60,KMFE 102353Z 00000KT 10SM CLR 16/M04 A3030 RMK AO2 SLP259 T01561039 10189 20139 52005,null
MFE,2023-12-11 0:53,54,32,42.98,0,0,0,30.31,1026.3,10,null,CLR,null,null,null,null,null,null,null,null,null,null,null,null,null,null,54,KMFE 110053Z 00000KT 10SM CLR 12/00 A3031 RMK AO2 SLP263 T01220000,null
MFE,2023-12-11 1:04,54,32,42.98,0,0,0,30.31,null,8,null,CLR,null,null,null,null,null,null,null,null,null,null,null,null,null,null,54,KMFE 110104Z 00000KT 8SM CLR 12/00 A3031 RMK AO2 T01220000,null
MFE,2023-12-11 1:53,51,33,49.96,0,0,0,30.32,1026.6,8,null,CLR,null,null,null,null,null,null,null,null,null,null,null,null,null,null,51,KMFE 110153Z 00000KT 8SM CLR 11/01 A3032 RMK AO2 SLP266 T01060006,null
MFE,2023-12-11 2:53,50,34,53.97,0,0,0,30.32,1026.6,6,null,CLR,null,null,null,null,null,null,null,HZ,null,null,null,null,null,null,50,KMFE 110253Z 00000KT 6SM HZ CLR 10/01 A3032 RMK AO2 SLP266 T01000011 50007,null
MFE,2023-12-11 3:53,48,34,58.16,0,0,0,30.32,1026.6,10,null,CLR,null,null,null,null,null,null,null,null,null,null,null,null,null,null,48,KMFE 110353Z 00000KT 10SM CLR 09/01 A3032 RMK AO2 SLP266 T00890011,null
MFE,2023-12-11 4:53,47,34,60.38,0,0,0,30.31,1026.4,10,null,CLR,null,null,null,null,null,null,null,null,null,null,null,null,null,null,47,KMFE 110453Z 00000KT 10SM CLR 08/01 A3031 RMK AO2 SLP264 T00830011,null
MFE,2023-12-11 5:53,45,36,70.53,90,3,0,30.28,1025.4,10,null,CLR,null,null,null,null,null,null,null,null,null,null,null,null,null,null,43.55,KMFE 110553Z 09003KT 10SM CLR 07/02 A3028 RMK AO2 SLP254 T00720022 10150 20067 402170067 58011,null
MFE,2023-12-11 6:53,44,35,70.42,110,3,0,30.25,1024.2,10,null,CLR,null,null,null,null,null,null,null,null,null,null,null,null,null,null,42.41,KMFE 110653Z AUTO 11003KT 10SM CLR 07/02 A3025 RMK AO2 SLP242 T00670017,null
MFE,2023-12-11 7:53,44,35,70.42,0,0,0,30.23,1023.7,10,null,CLR,null,null,null,null,null,null,null,null,null,null,null,null,null,null,44,KMFE 110753Z AUTO 00000KT 10SM CLR 07/02 A3023 RMK AO2 SLP237 T00670017,null
MFE,2023-12-11 8:53,44,35,70.42,120,4,0,30.21,1022.9,10,null,CLR,null,null,null,null,null,null,null,null,null,null,null,null,null,null,41.43,KMFE 110853Z AUTO 12004KT 10SM CLR 07/02 A3021 RMK AO2 SLP229 T00670017 56025 $,null
MFE,2023-12-11 9:53,43,35,73.16,0,0,0,30.19,1022.1,10,null,CLR,null,null,null,null,null,null,null,null,null,null,null,null,null,null,43,KMFE 110953Z AUTO 00000KT 10SM CLR 06/02 A3019 RMK AO2 SLP221 T00610017 $,null
MFE,2023-12-11 10:53,42,35,76.03,0,0,0,30.19,1022,10,null,CLR,null,null,null,null,null,null,null,null,null,null,null,null,null,null,42,KMFE 111053Z AUTO 00000KT 10SM CLR 06/02 A3019 RMK AO2 SLP220 T00560017 $,null
MFE,2023-12-11 11:53,42,35,76.03,0,0,0,30.2,1022.5,10,null,CLR,null,null,null,null,null,null,null,null,null,null,null,null,null,null,42,KMFE 111153Z AUTO 00000KT 10SM CLR 06/02 A3020 RMK AO2 SLP225 T00560017 10078 20050 55004 $,null
MFE,2023-12-11 11:56,42,36,79.11,0,0,0,30.2,null,10,null,CLR,null,null,null,null,null,null,null,null,null,null,null,null,null,null,42,KMFE 111156Z 00000KT 10SM CLR 06/02 A3020 RMK AO2 T00560022 $,null
MFE,2023-12-11 12:53,43,36,76.12,0,0,0,30.22,1023.3,10,null,CLR,null,null,null,null,null,null,null,null,null,null,null,null,null,null,43,KMFE 111253Z 00000KT 10SM CLR 06/02 A3022 RMK AO2 SLP233 T00610022 $,null
MFE,2023-12-11 13:53,44,37,76.22,120,3,0,30.23,1023.7,10,null,CLR,null,null,null,null,null,null,null,null,null,null,null,null,null,null,42.41,KMFE 111353Z 12003KT 10SM CLR 07/03 A3023 RMK AO2 SLP237 T00670028 $,null
MFE,2023-12-11 14:53,50,41,71.07,130,4,0,30.25,1024.2,10,null,CLR,null,null,null,null,null,null,null,null,null,null,null,null,null,null,50,KMFE 111453Z 13004KT 10SM CLR 10/05 A3025 RMK AO2 SLP242 T01000050 51016,null
MFE,2023-12-11 15:53,56,40,54.85,120,4,0,30.26,1024.5,10,null,CLR,null,null,null,null,null,null,null,null,null,null,null,null,null,null,56,KMFE 111553Z 12004KT 10SM CLR 13/04 A3026 RMK AO2 SLP245 T01330044,null
MFE,2023-12-11 16:53,64,37,36.68,120,10,0,30.25,1024.4,10,null,CLR,null,null,null,null,null,null,null,null,null,null,null,null,null,null,64,KMFE 111653Z 12010KT 10SM CLR 18/03 A3025 RMK AO2 SLP244 T01780028,null
MFE,2023-12-11 17:53,65,40,39.83,120,9,0,30.24,1023.8,10,null,CLR,null,null,null,null,null,null,null,null,null,null,null,null,null,null,65,KMFE 111753Z 12009KT 10SM CLR 18/04 A3024 RMK AO2 SLP238 T01830044 10183 20050 58004,null
MFE,2023-12-11 18:53,67,42,40.15,140,10,0,30.2,1022.5,10,null,CLR,null,null,null,null,null,null,null,null,null,null,null,null,null,null,67,KMFE 111853Z 14010KT 10SM CLR 19/06 A3020 RMK AO2 SLP225 T01940056,null
MFE,2023-12-11 19:53,68,43,40.31,130,6,0,30.17,1021.4,10,null,CLR,null,null,null,null,null,null,null,null,null,null,null,null,null,null,68,KMFE 111953Z 13006KT 10SM CLR 20/06 A3017 RMK AO2 SLP214 T02000061,null
MFE,2023-12-11 20:53,68,44,41.88,120,10,0,30.16,1021.1,10,null,CLR,null,null,null,null,null,null,null,null,null,null,null,null,null,null,68,KMFE 112053Z 12010KT 10SM CLR 20/07 A3016 RMK AO2 SLP211 T02000067 56026,null
MFE,2023-12-11 21:53,67,44,43.35,130,10,0,30.16,1021.2,10,null,CLR,null,null,null,null,null,null,null,null,null,null,null,null,null,null,67,KMFE 112153Z 13010KT 10SM CLR 19/07 A3016 RMK AO2 SLP212 T01940067,null
MFE,2023-12-11 22:53,66,45,46.62,130,11,0,30.17,1021.6,10,null,CLR,null,null,null,null,null,null,null,null,null,null,null,null,null,null,66,KMFE 112253Z 13011KT 10SM CLR 19/07 A3017 RMK AO2 SLP216 T01890072,null
MFE,2023-12-11 23:53,63,46,53.78,110,7,0,30.18,1021.9,10,null,CLR,null,null,null,null,null,null,null,null,null,null,null,null,null,null,63,KMFE 112353Z 11007KT 10SM CLR 17/08 A3018 RMK AO2 SLP219 T01720078 10206 20172 53008,null
MFE,2023-12-12 0:53,61,47,59.94,110,6,0,30.21,1022.9,10,null,CLR,null,null,null,null,null,null,null,null,null,null,null,null,null,null,61,KMFE 120053Z 11006KT 10SM CLR 16/08 A3021 RMK AO2 SLP229 T01610083,null
MFE,2023-12-12 1:53,58,48,69.27,120,6,0,30.22,1023.2,10,null,CLR,null,null,null,null,null,null,null,null,null,null,null,null,null,null,58,KMFE 120153Z 12006KT 10SM CLR 14/09 A3022 RMK AO2 SLP232 T01440089,null
MFE,2023-12-12 2:53,58,48,69.27,120,6,0,30.22,1023.3,10,null,CLR,null,null,null,null,null,null,null,null,null,null,null,null,null,null,58,KMFE 120253Z 12006KT 10SM CLR 14/09 A3022 RMK AO2 SLP233 T01440089 51014,null
MFE,2023-12-12 3:53,59,49,69.38,120,8,0,30.22,1023.3,10,null,CLR,null,null,null,null,null,null,null,null,null,null,null,null,null,null,59,KMFE 120353Z 12008KT 10SM CLR 15/09 A3022 RMK AO2 SLP233 T01500094,null
MFE,2023-12-12 4:53,59,49,69.38,120,9,0,30.21,1022.9,10,null,CLR,null,null,null,null,null,null,null,null,null,null,null,null,null,null,59,KMFE 120453Z 12009KT 10SM CLR 15/09 A3021 RMK AO2 SLP229 T01500094,null
MFE,2023-12-12 5:53,58,50,74.64,110,6,0,30.2,1022.6,10,null,CLR,null,null,null,null,null,null,null,null,null,null,null,null,null,null,58,KMFE 120553Z AUTO 11006KT 10SM CLR 14/10 A3020 RMK AO2 SLP226 T01440100 10172 20139 402060050 58007,null
MFE,2023-12-12 6:53,58,50,74.64,110,6,0,30.19,1022.1,10,null,CLR,null,null,null,null,null,null,null,null,null,null,null,null,null,null,58,KMFE 120653Z AUTO 11006KT 10SM CLR 14/10 A3019 RMK AO2 SLP221 T01440100,null
MFE,2023-12-12 7:53,58,51,77.47,110,6,0,30.18,1021.8,10,null,FEW,null,null,null,3700,null,null,null,null,null,null,null,null,null,null,58,KMFE 120753Z AUTO 11006KT 10SM FEW037 14/11 A3018 RMK AO2 SLP218 T01440106,null
MFE,2023-12-12 8:53,58,51,77.47,90,3,0,30.18,1021.9,10,null,SCT,null,null,null,3600,null,null,null,null,null,null,null,null,null,null,58,KMFE 120853Z AUTO 09003KT 10SM SCT036 14/11 A3018 RMK AO2 SLP219 T01440106 55008,null
MFE,2023-12-12 9:53,55,50,83.2,10,3,0,30.18,1022,10,null,CLR,null,null,null,null,null,null,null,null,null,null,null,null,null,null,55,KMFE 120953Z AUTO 01003KT 10SM CLR 13/10 A3018 RMK AO2 SLP220 T01280100,null
MFE,2023-12-12 10:53,55,51,86.34,10,3,0,30.19,1022.2,9,null,CLR,null,null,null,null,null,null,null,null,null,null,null,null,null,null,55,KMFE 121053Z AUTO 01003KT 9SM CLR 13/11 A3019 RMK AO2 SLP222 T01280106,null
MFE,2023-12-12 11:53,57,52,83.33,360,3,0,30.21,1022.8,10,null,SCT,BKN,null,null,3700,5000,null,null,null,null,null,null,null,null,null,57,KMFE 121153Z AUTO 36003KT 10SM SCT037 BKN050 14/11 A3021 RMK AO2 SLP228 T01390111 10150 20122 53009,null
MFE,2023-12-12 11:56,57,52,83.33,350,4,0,30.21,null,10,null,SCT,OVC,null,null,3700,5000,null,null,null,null,null,null,null,null,null,57,KMFE 121156Z 35004KT 10SM SCT037 OVC050 14/11 A3021 RMK AO2 T01390111,null
MFE,2023-12-12 12:53,58,52,80.38,10,3,0,30.22,1023.2,10,null,OVC,null,null,null,5000,null,null,null,null,null,null,null,null,null,null,58,KMFE 121253Z 01003KT 10SM OVC050 14/11 A3022 RMK AO2 SLP232 T01440111,null
MFE,2023-12-12 13:53,61,54,77.72,80,8,0,30.22,1023.2,10,null,OVC,null,null,null,5000,null,null,null,null,null,null,null,null,null,null,61,KMFE 121353Z 08008KT 10SM OVC050 16/12 A3022 RMK AO2 SLP232 T01610122,null
MFE,2023-12-12 14:53,66,56,70.14,90,7,0,30.24,1023.8,10,null,OVC,null,null,null,4900,null,null,null,null,null,null,null,null,null,null,66,KMFE 121453Z 09007KT 10SM OVC049 19/13 A3024 RMK AO2 SLP238 T01890133 53010,null
MFE,2023-12-12 15:53,70,57,63.37,100,8,0,30.26,1024.4,10,null,OVC,null,null,null,5000,null,null,null,null,null,null,null,null,null,null,70,KMFE 121553Z 10008KT 10SM OVC050 21/14 A3026 RMK AO2 SLP244 T02110139,null
MFE,2023-12-12 16:53,73,57,57.23,110,11,0,30.27,1024.7,10,null,OVC,null,null,null,5000,null,null,null,null,null,null,null,null,null,null,73,KMFE 121653Z 11011KT 10SM OVC050 23/14 A3027 RMK AO2 SLP247 T02280139,null
MFE,2023-12-12 17:53,71,56,59.07,110,8,0,30.26,1024.5,10,null,OVC,null,null,null,4900,null,null,null,null,null,null,null,null,null,null,71,KMFE 121753Z 11008KT 10SM OVC049 22/13 A3026 RMK AO2 SLP245 T02170133 10228 20133 50008,null
MFE,2023-12-12 18:53,71,58,63.49,90,13,0,30.23,1023.5,10,null,OVC,null,null,null,5000,null,null,null,null,null,null,null,null,null,null,71,KMFE 121853Z 09013KT 10SM OVC050 22/14 A3023 RMK AO2 SLP235 T02170144,null
MFE,2023-12-12 19:53,71,58,63.49,100,13,0,30.21,1022.8,10,22,OVC,null,null,null,6000,null,null,null,null,null,null,null,null,null,null,71,KMFE 121953Z 10013G22KT 10SM OVC060 22/14 A3021 RMK AO2 SLP228 T02170144,null
MFE,2023-12-12 20:53,72,58,61.37,100,12,0,30.2,1022.3,10,null,OVC,null,null,null,6000,null,null,null,null,null,null,null,null,null,null,72,KMFE 122053Z 10012KT 10SM OVC060 22/14 A3020 RMK AO2 SLP223 T02220144 56022,null
MFE,2023-12-12 21:53,72,58,61.37,100,15,0,30.2,1022.5,10,null,BKN,null,null,null,6000,null,null,null,null,null,null,null,null,null,null,72,KMFE 122153Z 10015KT 10SM BKN060 22/14 A3020 RMK AO2 SLP225 T02220144,null
MFE,2023-12-12 22:53,69,61,75.66,90,8,T,30.2,1022.7,10,null,BKN,OVC,null,null,7500,10000,null,null,#NAME?,null,null,null,null,null,null,69,KMFE 122253Z 09008KT 10SM -RA BKN075 OVC100 21/16 A3020 RMK AO2 RAB44 SLP227 P0000 T02060161,null
MFE,2023-12-12 23:53,68,60,75.57,100,8,T,30.21,1022.9,10,null,SCT,null,null,null,7500,null,null,null,null,null,null,null,null,null,null,68,KMFE 122353Z 10008KT 10SM SCT075 20/16 A3021 RMK AO2 RAE04 SLP229 P0000 60000 T02000156 10228 20200 53005,null
MFE,2023-12-13 0:53,68,61,78.3,90,6,0,30.23,1023.5,10,null,SCT,OVC,null,null,8000,10000,null,null,null,null,null,null,null,null,null,68,KMFE 130053Z 09006KT 10SM SCT080 OVC100 20/16 A3023 RMK AO2 SLP235 T02000161,null
MFE,2023-12-13 1:53,68,61,78.3,90,5,0,30.23,1023.6,10,null,BKN,OVC,null,null,8000,11000,null,null,null,null,null,null,null,null,null,68,KMFE 130153Z 09005KT 10SM BKN080 OVC110 20/16 A3023 RMK AO2 SLP236 T02000161,null
MFE,2023-12-13 2:53,68,61,78.3,90,7,0,30.24,1023.7,10,null,FEW,OVC,null,null,4600,5500,null,null,null,null,null,null,null,null,null,68,KMFE 130253Z 09007KT 10SM FEW046 OVC055 20/16 A3024 RMK AO2 SLP237 T02000161 51009,null
MFE,2023-12-13 3:53,67,61,81.05,100,6,0,30.24,1023.8,10,null,SCT,OVC,null,null,5500,10000,null,null,null,null,null,null,null,null,null,67,KMFE 130353Z 10006KT 10SM SCT055 OVC100 19/16 A3024 RMK AO2 SLP238 T01940161,null
MFE,2023-12-13 4:53,67,62,83.97,120,10,T,30.24,1023.9,10,null,FEW,BKN,OVC,null,2400,4200,6000,null,null,null,null,null,null,null,null,67,KMFE 130453Z 12010KT 10SM FEW024 BKN042 OVC060 19/17 A3024 RMK AO2 RAB39E50 SLP239 P0000 T01940167,null
MFE,2023-12-13 5:53,65,63,93.24,130,3,T,30.24,1023.8,10,null,BKN,OVC,null,null,5000,6000,null,null,null,null,null,null,null,null,null,65,KMFE 130553Z AUTO 13003KT 10SM BKN050 OVC060 18/17 A3024 RMK AO2 RAB0454E38 SLP238 P0000 60000 T01830172 10200 20183 402280122 50001,null
MFE,2023-12-13 6:53,65,63,93.24,110,7,0.03,30.23,1023.5,8,null,FEW,BKN,OVC,null,4100,5000,10000,null,#NAME?,null,null,null,null,null,null,65,KMFE 130653Z AUTO 11007KT 8SM -RA FEW041 BKN050 OVC100 18/17 A3023 RMK AO2 RAB0556 SLP235 P0003 T01830172,null
MFE,2023-12-13 7:53,64,64,100,110,4,T,30.21,1022.7,10,null,BKN,OVC,null,null,3800,4900,null,null,null,null,null,null,null,null,null,64,KMFE 130753Z AUTO 11004KT 10SM BKN038 OVC049 18/18 A3021 RMK AO2 RAE10 SLP227 P0000 T01780178,null
MFE,2023-12-13 8:53,64,63,96.55,0,0,0,30.2,1022.3,10,null,BKN,BKN,null,null,4000,11000,null,null,null,null,null,null,null,null,null,64,KMFE 130853Z AUTO 00000KT 10SM BKN040 BKN110 18/17 A3020 RMK AO2 SLP223 60003 T01780172 58015,null
MFE,2023-12-13 9:53,65,63,93.24,0,0,0,30.19,1022.1,10,null,SCT,OVC,null,null,4100,5000,null,null,null,null,null,null,null,null,null,65,KMFE 130953Z AUTO 00000KT 10SM SCT041 OVC050 18/17 A3019 RMK AO2 SLP221 T01830172,null
MFE,2023-12-13 10:53,64,64,100,0,0,0,30.2,1022.4,9,null,BKN,OVC,null,null,3500,4800,null,null,null,null,null,null,null,null,null,64,KMFE 131053Z AUTO 00000KT 9SM BKN035 OVC048 18/18 A3020 RMK AO2 SLP224 T01780178,null
MFE,2023-12-13 11:53,66,63,90.05,80,5,T,30.21,1022.7,10,null,BKN,OVC,null,null,3700,4700,null,null,#NAME?,null,null,null,null,null,null,66,KMFE 131153Z 08005KT 10SM -RA BKN037 OVC047 19/17 A3021 RMK AO2 RAB48 SLP227 P0000 60003 70003 T01890172 10189 20178 53004,null
MFE,2023-12-13 12:53,64,64,100,120,5,0.02,30.23,1023.4,10,null,FEW,BKN,OVC,null,3200,4000,6000,null,#NAME?,null,null,null,null,null,null,64,KMFE 131253Z 12005KT 10SM -RA FEW032 BKN040 OVC060 18/18 A3023 RMK AO2 SLP234 P0002 T01780178,null
MFE,2023-12-13 13:53,65,64,96.57,0,0,0.02,30.25,1024.1,10,null,SCT,OVC,null,null,4000,5000,null,null,#NAME?,null,null,null,null,null,null,65,KMFE 131353Z 00000KT 10SM -RA SCT040 OVC050 18/18 A3025 RMK AO2 SLP241 P0002 T01830178,null
MFE,2023-12-13 14:53,65,65,100,110,5,0.04,30.26,1024.5,6,null,BKN,BKN,OVC,null,5000,7000,8500,null,#NAME?,null,null,null,null,null,null,65,KMFE 131453Z 11005KT 6SM -RA BR BKN050 BKN070 OVC085 18/18 A3026 RMK AO2 SLP245 P0004 60008 T01830183 51018,null
MFE,2023-12-13 15:53,67,66,96.59,110,6,0.03,30.28,1025.1,8,null,FEW,BKN,OVC,null,4800,6000,7500,null,#NAME?,null,null,null,null,null,null,67,KMFE 131553Z 11006KT 8SM -RA FEW048 BKN060 OVC075 19/19 A3028 RMK AO2 RAE01B26 SLP251 P0003 T01940189,null
MFE,2023-12-13 16:53,71,67,87.19,100,9,0.01,30.27,1024.8,10,null,OVC,null,null,null,7500,null,null,null,null,null,null,null,null,null,null,71,KMFE 131653Z 10009KT 10SM OVC075 22/19 A3027 RMK AO2 RAE20 SLP248 P0001 T02170194,null
MFE,2023-12-13 17:53,71,66,84.22,100,11,T,30.25,1024.2,10,19,FEW,OVC,null,null,3000,6000,null,null,null,null,null,null,null,null,null,71,KMFE 131753Z 10011G19KT 10SM FEW030 OVC060 22/19 A3025 RMK AO2 RAB25E39 SLP242 P0000 60012 T02170189 10222 20178 58002,null
MFE,2023-12-13 18:53,70,66,87.14,100,8,T,30.22,1023.1,7,null,FEW,BKN,OVC,null,2400,6000,7000,null,#NAME?,null,null,null,null,null,null,70,KMFE 131853Z 10008KT 7SM -RA FEW024 BKN060 OVC070 21/19 A3022 RMK AO2 RAB35 SLP231 P0000 T02110189,null
MFE,2023-12-13 19:11,67,65,93.29,120,10,0.03,30.22,null,2,24,FEW,BKN,OVC,null,2300,3300,6000,null,RA BR,null,null,null,null,null,null,67,KMFE 131911Z 12010G24KT 2SM RA BR FEW023 BKN033 OVC060 19/18 A3022 RMK AO2 P0003 T01940183,null
MFE,2023-12-13 19:23,68,66,93.32,120,10,0.04,30.21,null,5,null,FEW,BKN,OVC,null,2600,3900,6000,null,#NAME?,null,null,null,null,null,null,68,KMFE 131923Z 12010KT 5SM -RA BR FEW026 BKN039 OVC060 20/19 A3021 RMK AO2 P0004 T02000189,null
MFE,2023-12-13 19:53,69,67,93.35,110,8,0.05,30.21,1022.7,9,null,FEW,BKN,OVC,null,2600,5000,11000,null,#NAME?,null,null,null,null,null,null,69,KMFE 131953Z 11008KT 9SM -RA FEW026 BKN050 OVC110 21/19 A3021 RMK AO2 SLP227 P0005 T02060194,null
MFE,2023-12-13 20:53,69,67,93.35,90,9,T,30.19,1022.1,10,null,FEW,BKN,OVC,null,1400,4500,7500,null,#NAME?,null,null,null,null,null,null,69,KMFE 132053Z 09009KT 10SM -RA FEW014 BKN045 OVC075 21/19 A3019 RMK AO2 RAE10B50 SLP221 P0000 60005 T02060194 56021,null
MFE,2023-12-13 21:53,70,67,90.21,80,10,T,30.18,1021.8,5,null,SCT,BKN,OVC,null,1600,3400,6000,null,#NAME?,null,null,null,null,null,null,70,KMFE 132153Z 08010KT 5SM -RA BR SCT016 BKN034 OVC060 21/19 A3018 RMK AO2 RAE00B48 SLP218 P0000 T02110194,null
MFE,2023-12-13 22:03,69,67,93.35,100,10,0.01,30.19,null,6,null,SCT,BKN,OVC,null,1600,2400,4500,null,#NAME?,null,null,null,null,null,null,69,KMFE 132203Z 10010KT 6SM -RA BR SCT016 BKN024 OVC045 21/19 A3019 RMK AO2 P0001 T02060194,null
MFE,2023-12-13 22:12,69,67,93.35,100,8,0.02,30.19,null,4,null,FEW,BKN,OVC,null,1600,3300,4900,null,#NAME?,null,null,null,null,null,null,69,KMFE 132212Z 10008KT 4SM -RA BR FEW016 BKN033 OVC049 21/19 A3019 RMK AO2 P0002 T02060194,null
MFE,2023-12-13 22:53,69,67,93.35,100,7,0.05,30.2,1022.5,6,null,FEW,SCT,OVC,null,1600,2400,4500,null,BR,null,null,null,null,null,null,69,KMFE 132253Z 10007KT 6SM BR FEW016 SCT024 OVC045 21/19 A3020 RMK AO2 RAE36 SLP225 P0005 T02060194,null
MFE,2023-12-13 22:57,68,67,96.61,90,8,0.02,30.2,null,3,null,FEW,BKN,OVC,null,1800,3100,4500,null,#NAME?,null,null,null,null,null,null,68,KMFE 132257Z 09008KT 3SM +RA BR FEW018 BKN031 OVC045 20/19 A3020 RMK AO2 RAB54 P0002 T02000194,null
MFE,2023-12-13 23:20,68,67,96.61,120,7,0.12,30.21,null,2,null,FEW,SCT,OVC,null,1400,2300,3700,null,#NAME?,null,null,null,null,null,null,68,KMFE 132320Z 12007KT 2SM +RA BR FEW014 SCT023 OVC037 20/19 A3021 RMK AO2 RAB2254 P0012 T02000194,null
MFE,2023-12-13 23:31,67,67,100,100,8,0.15,30.21,null,3,null,SCT,BKN,OVC,null,1400,2800,3900,null,RA BR,null,null,null,null,null,null,67,KMFE 132331Z 10008KT 3SM RA BR SCT014 BKN028 OVC039 19/19 A3021 RMK AO2 RAB2254 P0015 T01940194,null
MFE,2023-12-13 23:39,68,67,96.61,90,9,0.15,30.21,null,6,null,FEW,BKN,OVC,null,1500,3500,4500,null,#NAME?,null,null,null,null,null,null,68,KMFE 132339Z 09009KT 6SM -RA BR FEW015 BKN035 OVC045 20/19 A3021 RMK AO2 RAB2254 P0015 T02000194,null
MFE,2023-12-13 23:53,68,67,96.61,80,10,0.15,30.21,1022.9,10,null,FEW,SCT,OVC,null,1300,2800,6000,null,#NAME?,null,null,null,null,null,null,68,KMFE 132353Z 08010KT 10SM -RA FEW013 SCT028 OVC060 20/19 A3021 RMK AO2 RAB2254 SLP229 P0015 60025 T02000194 10217 20194 53008,null
MFE,2023-12-14 0:53,67,66,96.59,80,9,0.02,30.22,1023.1,10,null,FEW,SCT,OVC,null,3200,4700,6500,null,null,null,null,null,null,null,null,67,KMFE 140053Z 08009KT 10SM FEW032 SCT047 OVC065 19/19 A3022 RMK AO2 RAE35 SLP231 P0002 T01940189,null
MFE,2023-12-14 1:51,66.2,66.2,100,80,9,0.02,30.24,null,5,null,FEW,BKN,OVC,null,1000,2600,6500,null,#NAME?,null,null,null,null,null,null,66.2,KMFE 140151Z 08009KT 5SM +RA BR FEW010 BKN026 OVC065 19/19 A3024 RMK AO2 RAB34 P0002,null
MFE,2023-12-14 1:53,67,66,96.59,70,8,0.02,30.24,1023.7,5,null,SCT,BKN,OVC,null,1000,2600,6500,null,#NAME?,null,null,null,null,null,null,67,KMFE 140153Z 07008KT 5SM -RA BR SCT010 BKN026 OVC065 19/19 A3024 RMK AO2 RAB34 SLP237 P0002 T01940189,null
MFE,2023-12-14 2:08,67,66,96.59,60,9,T,30.23,null,10,null,FEW,SCT,OVC,null,1000,2700,4300,null,null,null,null,null,null,null,null,67,KMFE 140208Z 06009KT 10SM FEW010 SCT027 OVC043 19/19 A3023 RMK AO2 RAE01 P0000 T01940189,null
MFE,2023-12-14 2:53,67,66,96.59,70,8,T,30.24,1023.8,10,null,FEW,FEW,OVC,null,2400,3700,4600,null,null,null,null,null,null,null,null,67,KMFE 140253Z 07008KT 10SM FEW024 FEW037 OVC046 19/19 A3024 RMK AO2 RAE01 SLP238 P0000 60004 T01940189 51007,null
MFE,2023-12-14 3:53,67,66,96.59,90,8,0.02,30.25,1024.2,10,null,FEW,BKN,OVC,null,2800,4400,9000,null,#NAME?,null,null,null,null,null,null,67,KMFE 140353Z 09008KT 10SM -RA FEW028 BKN044 OVC090 19/19 A3025 RMK AO2 RAB28 SLP242 P0002 T01940189,null
MFE,2023-12-14 4:53,67,66,96.59,70,6,T,30.24,1023.9,10,null,BKN,OVC,null,null,5000,7000,null,null,null,null,null,null,null,null,null,67,KMFE 140453Z 07006KT 10SM BKN050 OVC070 19/19 A3024 RMK AO2 RAE03 SLP239 P0000 T01940189,null
MFE,2023-12-14 5:19,68,66,93.32,70,6,0,30.25,null,10,null,BKN,OVC,null,null,2700,5500,null,null,null,null,null,null,null,null,null,68,KMFE 140519Z 07006KT 10SM BKN027 OVC055 20/19 A3025 RMK AO2 T02000189,null
MFE,2023-12-14 5:42,68,66,93.32,70,8,0,30.25,null,10,null,SCT,BKN,OVC,null,2500,3000,5500,null,null,null,null,null,null,null,null,68,KMFE 140542Z 07008KT 10SM SCT025 BKN030 OVC055 20/19 A3025 RMK AO2 T02000189,null
MFE,2023-12-14 5:53,68,66,93.32,70,6,0,30.25,1024,10,null,SCT,BKN,OVC,null,2800,3700,5500,null,null,null,null,null,null,null,null,68,KMFE 140553Z 07006KT 10SM SCT028 BKN037 OVC055 20/19 A3025 RMK AO2 SLP240 60006 T02000189 10200 20194 402220178 51001,null
MFE,2023-12-14 6:11,67,66,96.59,80,6,0,30.25,null,10,null,BKN,BKN,OVC,null,2700,3700,7000,null,null,null,null,null,null,null,null,67,KMFE 140611Z AUTO 08006KT 10SM BKN027 BKN037 OVC070 19/19 A3025 RMK AO2 T01940189,null
MFE,2023-12-14 6:19,68,66,93.32,80,8,0,30.24,null,10,null,FEW,BKN,OVC,null,2300,3500,5500,null,null,null,null,null,null,null,null,68,KMFE 140619Z AUTO 08008KT 10SM FEW023 BKN035 OVC055 20/19 A3024 RMK AO2 T02000189,null
MFE,2023-12-14 6:53,68,66,93.32,70,8,0,30.23,1023.6,10,null,FEW,OVC,null,null,2800,6500,null,null,null,null,null,null,null,null,null,68,KMFE 140653Z AUTO 07008KT 10SM FEW028 OVC065 20/19 A3023 RMK AO2 SLP236 T02000189,null
MFE,2023-12-14 7:53,67,66,96.59,80,7,0,30.23,1023.6,10,null,OVC,null,null,null,7000,null,null,null,null,null,null,null,null,null,null,67,KMFE 140753Z AUTO 08007KT 10SM OVC070 19/19 A3023 RMK AO2 SLP236 T01940189,null
MFE,2023-12-14 8:53,68,66,93.32,70,7,0,30.22,1023,10,null,FEW,BKN,BKN,null,2100,2900,11000,null,null,null,null,null,null,null,null,68,KMFE 140853Z AUTO 07007KT 10SM FEW021 BKN029 BKN110 20/19 A3022 RMK AO2 SLP230 T02000189 58010,null
MFE,2023-12-14 9:00,68,66,93.32,70,7,0,30.22,null,10,null,FEW,SCT,SCT,null,2100,2900,11000,null,null,null,null,null,null,null,null,68,KMFE 140900Z AUTO 07007KT 10SM FEW021 SCT029 SCT110 20/19 A3022 RMK AO2 T02000189,null
MFE,2023-12-14 9:53,68,67,96.61,70,6,0,30.21,1023,10,null,FEW,OVC,null,null,1700,8500,null,null,null,null,null,null,null,null,null,68,KMFE 140953Z AUTO 07006KT 10SM FEW017 OVC085 20/19 A3021 RMK AO2 SLP230 T02000194,null
MFE,2023-12-14 10:53,68,67,96.61,40,5,0,30.22,1023,10,null,FEW,SCT,OVC,null,1700,2500,8000,null,null,null,null,null,null,null,null,68,KMFE 141053Z AUTO 04005KT 10SM FEW017 SCT025 OVC080 20/19 A3022 RMK AO2 SLP230 T02000194,null
MFE,2023-12-14 11:10,67,67,100,20,5,0,30.21,null,10,null,SCT,BKN,OVC,null,1700,2900,8000,null,null,null,null,null,null,null,null,67,KMFE 141110Z AUTO 02005KT 10SM SCT017 BKN029 OVC080 19/19 A3021 RMK AO2 T01940194,null
MFE,2023-12-14 11:53,67,66,96.59,40,5,0,30.22,1023.2,10,null,BKN,BKN,OVC,null,1600,2200,8000,null,null,null,null,null,null,null,null,67,KMFE 141153Z 04005KT 10SM BKN016 BKN022 OVC080 19/19 A3022 RMK AO2 SLP232 70043 T01940189 10200 20194 53002,null
MFE,2023-12-14 12:05,67,66,96.59,40,5,0,30.23,null,10,null,SCT,BKN,BKN,null,1600,3300,8000,null,null,null,null,null,null,null,null,67,KMFE 141205Z 04005KT 10SM SCT016 BKN033 BKN080 19/19 A3023 RMK AO2 T01940189,null
MFE,2023-12-14 12:53,68,67,96.61,50,5,0,30.24,1023.7,10,null,FEW,BKN,OVC,null,1600,3600,9500,null,null,null,null,null,null,null,null,68,KMFE 141253Z 05005KT 10SM FEW016 BKN036 OVC095 20/19 A3024 RMK AO2 SLP237 T02000194,null
MFE,2023-12-14 13:53,68,67,96.61,50,5,0,30.25,1024.1,9,null,FEW,OVC,null,null,2000,9500,null,null,null,null,null,null,null,null,null,68,KMFE 141353Z 05005KT 9SM FEW020 OVC095 20/19 A3025 RMK AO2 SLP241 T02000194,null
MFE,2023-12-14 14:22,68,67,96.61,50,6,0,30.26,null,9,null,BKN,OVC,null,null,2000,10000,null,null,null,null,null,null,null,null,null,68,KMFE 141422Z 05006KT 9SM BKN020 OVC100 20/19 A3026 RMK AO2 T02000194,null
MFE,2023-12-14 14:44,69,67,93.35,70,6,0,30.27,null,10,null,SCT,OVC,null,null,2000,9000,null,null,null,null,null,null,null,null,null,69,KMFE 141444Z 07006KT 10SM SCT020 OVC090 21/19 A3027 RMK AO2 T02060194,null
MFE,2023-12-14 14:53,69,67,93.35,60,7,0,30.26,1024.6,10,null,FEW,OVC,null,null,2200,9000,null,null,null,null,null,null,null,null,null,69,KMFE 141453Z 06007KT 10SM FEW022 OVC090 21/19 A3026 RMK AO2 SLP246 T02060194 51015,null
MFE,2023-12-14 15:53,70,68,93.37,50,7,0,30.27,1024.9,10,null,OVC,null,null,null,10000,null,null,null,null,null,null,null,null,null,null,70,KMFE 141553Z 05007KT 10SM OVC100 21/20 A3027 RMK AO2 SLP249 T02110200,null
MFE,2023-12-14 16:53,71,68,90.25,80,6,0,30.26,1024.6,10,null,OVC,null,null,null,10000,null,null,null,null,null,null,null,null,null,null,71,KMFE 141653Z 08006KT 10SM OVC100 22/20 A3026 RMK AO2 SLP246 T02170200,null
MFE,2023-12-14 17:53,73,68,84.34,80,10,0,30.24,1023.9,10,null,FEW,null,null,null,10000,null,null,null,null,null,null,null,null,null,null,73,KMFE 141753Z 08010KT 10SM FEW100 23/20 A3024 RMK AO2 SLP239 T02280200 10228 20194 58008,null
MFE,2023-12-14 18:53,71,67,87.19,90,11,0,30.21,1022.8,10,null,FEW,SCT,BKN,null,2500,4800,7000,null,null,null,null,null,null,null,null,71,KMFE 141853Z 09011KT 10SM FEW025 SCT048 BKN070 22/19 A3021 RMK AO2 SLP228 T02170194,null
MFE,2023-12-14 19:53,73,67,81.48,90,10,0,30.19,1022,10,null,FEW,FEW,OVC,null,1400,5000,7500,null,null,null,null,null,null,null,null,73,KMFE 141953Z 09010KT 10SM FEW014 FEW050 OVC075 23/19 A3019 RMK AO2 SLP220 T02280194,null
MFE,2023-12-14 20:53,71,65,81.34,80,11,0,30.17,1021.4,10,null,SCT,null,null,null,8000,null,null,null,null,null,null,null,null,null,null,71,KMFE 142053Z 08011KT 10SM SCT080 22/18 A3017 RMK AO2 SLP214 T02170183 56025,null
MFE,2023-12-14 21:53,70,65,84.16,80,8,0,30.16,1021.1,10,null,CLR,null,null,null,null,null,null,null,null,null,null,null,null,null,null,70,KMFE 142153Z 08008KT 10SM CLR 21/18 A3016 RMK AO2 SLP211 T02110183,null
MFE,2023-12-14 22:53,71,64,78.54,90,6,0,30.17,1021.5,10,null,SCT,BKN,null,null,2700,4900,null,null,null,null,null,null,null,null,null,71,KMFE 142253Z 09006KT 10SM SCT027 BKN049 22/18 A3017 RMK AO2 SLP215 T02170178,null
MFE,2023-12-14 23:53,69,65,87.08,130,3,0,30.16,1021.2,10,null,FEW,SCT,null,null,3200,5500,null,null,null,null,null,null,null,null,null,69,KMFE 142353Z 13003KT 10SM FEW032 SCT055 21/18 A3016 RMK AO2 SLP212 T02060183 10228 20206 57001,null
MFE,2023-12-15 0:53,68,64,87.03,70,3,0,30.17,1021.3,10,null,CLR,null,null,null,null,null,null,null,null,null,null,null,null,null,null,68,KMFE 150053Z 07003KT 10SM CLR 20/18 A3017 RMK AO2 SLP213 T02000178,null
MFE,2023-12-15 1:53,67,65,93.29,30,4,0,30.18,1021.6,10,null,CLR,null,null,null,null,null,null,null,null,null,null,null,null,null,null,67,KMFE 150153Z 03004KT 10SM CLR 19/18 A3018 RMK AO2 SLP216 T01940183,null
MFE,2023-12-15 2:43,67,65,93.29,270,4,0,30.18,null,10,null,SCT,BKN,OVC,null,1400,2400,4100,null,null,null,null,null,null,null,null,67,KMFE 150243Z 27004KT 10SM SCT014 BKN024 OVC041 19/18 A3018 RMK AO2 T01940183,null
MFE,2023-12-15 2:50,66.2,64.4,93.92,0,0,0,30.18,null,10,null,FEW,BKN,OVC,null,1400,3700,5000,null,null,null,null,null,null,null,null,66.2,KMFE 150250Z 00000KT 10SM FEW014 BKN037 OVC050 19/18 A3018 RMK AO2,null
MFE,2023-12-15 2:53,67,65,93.29,0,0,0,30.18,1021.8,10,null,FEW,BKN,OVC,null,1400,4100,5000,null,null,null,null,null,null,null,null,67,KMFE 150253Z 00000KT 10SM FEW014 BKN041 OVC050 19/18 A3018 RMK AO2 SLP218 T01940183 50004,null
MFE,2023-12-15 3:42,68,66,93.32,90,6,0,30.18,null,10,null,BKN,OVC,null,null,1200,5000,null,null,null,null,null,null,null,null,null,68,KMFE 150342Z 09006KT 10SM BKN012 OVC050 20/19 A3018 RMK AO2 T02000189,null
MFE,2023-12-15 3:53,68,66,93.32,90,6,0,30.18,1021.8,10,null,BKN,OVC,null,null,1100,5000,null,null,null,null,null,null,null,null,null,68,KMFE 150353Z 09006KT 10SM BKN011 OVC050 20/19 A3018 RMK AO2 CIG 008V013 SLP218 T02000189,null
MFE,2023-12-15 4:13,68,66,93.32,120,7,0,30.17,null,10,null,SCT,SCT,OVC,null,1000,2200,5000,null,null,null,null,null,null,null,null,68,KMFE 150413Z 12007KT 10SM SCT010 SCT022 OVC050 20/19 A3017 RMK AO2 T02000189,null
MFE,2023-12-15 4:25,67,66,96.59,140,5,0,30.17,null,10,null,FEW,SCT,OVC,null,900,3900,5500,null,null,null,null,null,null,null,null,67,KMFE 150425Z 14005KT 10SM FEW009 SCT039 OVC055 19/19 A3017 RMK AO2 T01940189,null
MFE,2023-12-15 4:53,67,66,96.59,120,3,0,30.16,1021.2,10,null,FEW,BKN,OVC,null,2700,4500,5500,null,null,null,null,null,null,null,null,67,KMFE 150453Z 12003KT 10SM FEW027 BKN045 OVC055 19/19 A3016 RMK AO2 SLP212 T01940189,null
MFE,2023-12-15 5:22,67,67,100,0,0,T,30.15,null,10,null,SCT,BKN,OVC,null,1800,2300,4100,null,null,null,null,null,null,null,null,67,KMFE 150522Z AUTO 00000KT 10SM SCT018 BKN023 OVC041 19/19 A3015 RMK AO2 RAB05E19 P0000 T01940194,null
MFE,2023-12-15 5:53,67,66,96.59,0,0,T,30.15,1020.6,10,null,BKN,OVC,null,null,1800,4900,null,null,null,null,null,null,null,null,null,67,KMFE 150553Z AUTO 00000KT 10SM BKN018 OVC049 19/19 A3015 RMK AO2 RAB05E19 SLP206 P0000 60000 T01940189 10200 20194 402280194 58011,null
MFE,2023-12-15 6:53,67,67,100,0,0,0,30.14,1020.3,9,null,BKN,OVC,null,null,1500,3600,null,null,null,null,null,null,null,null,null,67,KMFE 150653Z AUTO 00000KT 9SM BKN015 OVC036 19/19 A3014 RMK AO2 SLP203 T01940194,null
MFE,2023-12-15 7:22,67,67,100,0,0,0.02,30.14,null,3,null,BKN,OVC,null,null,1200,3700,null,null,#NAME?,null,null,null,null,null,null,67,KMFE 150722Z AUTO 00000KT 3SM +RA BR BKN012 OVC037 19/19 A3014 RMK AO2 RAB13 P0002 T01940194,null
MFE,2023-12-15 7:40,67,67,100,0,0,0.03,30.13,null,8,null,FEW,OVC,null,null,1100,3700,null,null,null,null,null,null,null,null,null,67,KMFE 150740Z AUTO 00000KT 8SM FEW011 OVC037 19/19 A3013 RMK AO2 RAB13E30 P0003 T01940194,null
MFE,2023-12-15 7:53,66,66,100,0,0,0.03,30.13,1020.2,7,null,FEW,BKN,OVC,null,1400,3900,6000,null,null,null,null,null,null,null,null,66,KMFE 150753Z AUTO 00000KT 7SM FEW014 BKN039 OVC060 19/19 A3013 RMK AO2 RAB13E30 SLP202 P0003 T01890189,null
MFE,2023-12-15 8:53,67,67,100,0,0,0,30.12,1019.6,10,null,SCT,OVC,null,null,2600,4800,null,null,null,null,null,null,null,null,null,67,KMFE 150853Z AUTO 00000KT 10SM SCT026 OVC048 19/19 A3012 RMK AO2 SLP196 60003 T01940194 58010,null
MFE,2023-12-15 9:53,66,66,100,0,0,0,30.09,1018.9,9,null,FEW,BKN,null,null,2600,6000,null,null,null,null,null,null,null,null,null,66,KMFE 150953Z AUTO 00000KT 9SM FEW026 BKN060 19/19 A3009 RMK AO2 SLP189 T01890189,null
MFE,2023-12-15 10:18,66,66,100,340,3,0,30.09,null,8,null,BKN,BKN,OVC,null,2800,3800,6000,null,null,null,null,null,null,null,null,66,KMFE 151018Z AUTO 34003KT 8SM BKN028 BKN038 OVC060 19/19 A3009 RMK AO2 T01890189,null
MFE,2023-12-15 10:31,64,64,100,320,3,0,30.09,null,6,null,SCT,BKN,null,null,2800,3800,null,null,BR,null,null,null,null,null,null,64,KMFE 151031Z AUTO 32003KT 6SM BR SCT028 BKN038 18/18 A3009 RMK AO2 T01780178,null
MFE,2023-12-15 10:53,64,64,100,350,3,0,30.08,1018.5,4,null,FEW,null,null,null,3800,null,null,null,BR,null,null,null,null,null,null,64,KMFE 151053Z AUTO 35003KT 4SM BR FEW038 18/18 A3008 RMK AO2 SLP185 T01780178,null
MFE,2023-12-15 11:14,64,64,100,0,0,0,30.09,null,2,null,CLR,null,null,null,null,null,null,null,BR,null,null,null,null,null,null,64,KMFE 151114Z AUTO 00000KT 2SM BR CLR 18/18 A3009 RMK AO2 T01780178,null
MFE,2023-12-15 11:28,65,65,100,0,0,0,30.08,null,1,null,VV ,null,null,null,1400,null,null,null,BR,null,null,null,null,null,null,65,KMFE 151128Z AUTO 00000KT 1SM BR VV014 18/18 A3008 RMK AO2 VIS 1/2V5 T01830183,null
MFE,2023-12-15 11:35,64,64,100,0,0,0,30.08,null,0.5,null,VV ,null,null,null,1300,null,null,null,FG,null,null,null,null,null,null,64,KMFE 151135Z AUTO 00000KT 1/2SM FG VV013 18/18 A3008 RMK AO2 T01780178,null
MFE,2023-12-15 11:46,64,64,100,10,3,0,30.09,null,1.75,null,SCT,null,null,null,1300,null,null,null,BR,null,null,null,null,null,null,64,KMFE 151146Z AUTO 01003KT 1 3/4SM BR SCT013 18/18 A3009 RMK AO2 VIS 1/2V5 T01780178,null
MFE,2023-12-15 11:48,64.4,64.4,100,10,3,0,30.09,null,3,null,SCT,null,null,null,1300,null,null,null,BR,null,null,null,null,null,null,64.4,KMFE 151148Z AUTO 01003KT 3SM BR SCT013 18/18 A3009 RMK AO2,null
MFE,2023-12-15 11:53,64,64,100,20,3,0,30.09,1018.6,5,null,SCT,null,null,null,1300,null,null,null,BR,null,null,null,null,null,null,64,KMFE 151153Z AUTO 02003KT 5SM BR SCT013 18/18 A3009 RMK AO2 SLP186 60003 70003 T01780178 10194 20172 55010,null
MFE,2023-12-15 11:57,64,64,100,20,3,0,30.09,null,5,null,FEW,BKN,null,null,300,1200,null,null,BR,null,null,null,null,null,null,64,KMFE 151157Z 02003KT 5SM BR FEW003 BKN012 18/18 A3009 RMK AO2 T01780178,null
MFE,2023-12-15 12:10,64,64,100,0,0,0,30.09,null,2.5,null,BKN,BKN,null,null,200,1000,null,null,BR,null,null,null,null,null,null,64,KMFE 151210Z 00000KT 2 1/2SM BR BKN002 BKN010 18/18 A3009 RMK AO2 VIS 2V4 T01780178,null
MFE,2023-12-15 12:20,64,64,100,340,3,0,30.09,null,1.25,null,SCT,BKN,OVC,null,200,800,3600,null,BR,null,null,null,null,null,null,64,KMFE 151220Z 34003KT 1 1/4SM BR SCT002 BKN008 OVC036 18/18 A3009 RMK AO2 T01780178,null
MFE,2023-12-15 12:33,64,64,100,10,4,0,30.1,null,2,null,FEW,SCT,OVC,null,200,800,3600,null,BR,null,null,null,null,null,null,64,KMFE 151233Z 01004KT 2SM BR FEW002 SCT008 OVC036 18/18 A3010 RMK AO2 T01780178,null
MFE,2023-12-15 12:41,65,65,100,350,4,0,30.1,null,6,null,FEW,OVC,null,null,800,3500,null,null,BR,null,null,null,null,null,null,65,KMFE 151241Z 35004KT 6SM BR FEW008 OVC035 18/18 A3010 RMK AO2 T01830183,null
MFE,2023-12-15 12:53,65,65,100,10,4,0,30.1,1019,7,null,OVC,null,null,null,3500,null,null,null,null,null,null,null,null,null,null,65,KMFE 151253Z 01004KT 7SM OVC035 18/18 A3010 RMK AO2 SLP190 T01830183,null
MFE,2023-12-15 13:53,66,66,100,0,0,0,30.1,1019.1,8,null,FEW,null,null,null,1100,null,null,null,null,null,null,null,null,null,null,66,KMFE 151353Z 00000KT 8SM FEW011 19/19 A3010 RMK AO2 SLP191 T01890189,null
MFE,2023-12-15 14:53,71,68,90.25,0,0,0,30.12,1019.6,10,null,CLR,null,null,null,null,null,null,null,null,null,null,null,null,null,null,71,KMFE 151453Z 00000KT 10SM CLR 22/20 A3012 RMK AO2 SLP196 T02170200 53010,null
MFE,2023-12-15 15:31,72,67,84.28,30,4,0,30.12,null,10,null,FEW,null,null,null,900,null,null,null,null,null,null,null,null,null,null,72,KMFE 151531Z 03004KT 10SM FEW009 22/19 A3012 RMK AO2 T02220194,null
MFE,2023-12-15 15:48,71.6,68,88.43,50,5,0,30.13,null,10,null,BKN,null,null,null,1100,null,null,null,null,null,null,null,null,null,null,71.6,KMFE 151548Z 05005KT 10SM BKN011 22/20 A3013 RMK AO2 CIG 009V013,null
MFE,2023-12-15 15:53,72,67,84.28,30,4,0,30.13,1020.1,10,null,BKN,null,null,null,1100,null,null,null,null,null,null,null,null,null,null,72,KMFE 151553Z 03004KT 10SM BKN011 22/19 A3013 RMK AO2 SLP201 T02220194,null
MFE,2023-12-15 16:13,72,67,84.28,70,3,0,30.13,null,10,null,SCT,null,null,null,1200,null,null,null,null,null,null,null,null,null,null,72,KMFE 151613Z 07003KT 10SM SCT012 22/19 A3013 RMK AO2 T02220194,null
MFE,2023-12-15 16:49,73.4,66.2,78.19,340,5,0,30.13,null,10,null,BKN,BKN,BKN,null,1400,2100,3100,null,null,null,null,null,null,null,null,73.4,KMFE 151649Z 34005KT 10SM BKN014 BKN021 BKN031 23/19 A3013 RMK AO2,null
MFE,2023-12-15 16:50,null,null,null,350,5,null,30.13,null,10,null,BKN,BKN,BKN,null,1400,2100,3100,null,null,null,null,null,null,null,null,null,KMFE 151650Z AUTO 35005KT 10SM BKN014 BKN021 BKN031 23/19 A3013 RMK T02300190 MADISHF,null
MFE,2023-12-15 16:50,73,67,81.48,350,5,0,30.13,1020,10,null,BKN,BKN,BKN,null,1400,2100,3100,null,null,null,null,null,null,null,null,73,KMFE 151650Z 35005KT 10SM BKN014 BKN021 BKN031 23/19 A3013 RMK AO2 SLP200 T02280194,null
MFE,2023-12-15 17:02,74,68,81.55,360,6,0,30.12,null,10,null,SCT,BKN,OVC,null,1400,2300,3100,null,null,null,null,null,null,null,null,74,KMFE 151702Z 36006KT 10SM SCT014 BKN023 OVC031 23/20 A3012 RMK AO2 T02330200,null
MFE,2023-12-15 17:15,73,67,81.48,350,5,0,30.12,null,10,null,SCT,BKN,OVC,null,1400,2100,2600,null,null,null,null,null,null,null,null,73,KMFE 151715Z 35005KT 10SM SCT014 BKN021 OVC026 23/19 A3012 RMK AO2 T02280194,null
MFE,2023-12-15 17:40,76,68,76.27,10,4,0,30.11,null,10,null,FEW,SCT,null,null,1800,3400,null,null,null,null,null,null,null,null,null,76,KMFE 151740Z 01004KT 10SM FEW018 SCT034 24/20 A3011 RMK AO2 T02440200,null
MFE,2023-12-15 17:53,75,67,76.19,null,5,0,30.1,1019.2,10,null,SCT,SCT,BKN,null,1600,2200,2800,null,null,null,null,null,null,null,null,75,KMFE 151753Z VRB05KT 10SM SCT016 SCT022 BKN028 24/19 A3010 RMK AO2 SLP192 T02390194 10239 20178 58008,null
MFE,2023-12-15 18:08,75,67,76.19,10,5,0,30.1,null,10,null,SCT,OVC,null,null,1700,3600,null,null,null,null,null,null,null,null,null,75,KMFE 151808Z 01005KT 10SM SCT017 OVC036 24/19 A3010 RMK AO2 T02390194,null
MFE,2023-12-15 18:53,76,67,73.69,10,6,0,30.07,1018,10,null,BKN,null,null,null,3800,null,null,null,null,null,null,null,null,null,null,76,KMFE 151853Z 01006KT 10SM BKN038 24/19 A3007 RMK AO2 SLP180 T02440194,null
MFE,2023-12-15 19:53,78,67,68.96,30,7,0,30.05,1017.4,10,null,FEW,BKN,null,null,2200,4300,null,null,null,null,null,null,null,null,null,78,KMFE 151953Z 03007KT 10SM FEW022 BKN043 26/19 A3005 RMK AO2 SLP174 T02560194,null
MFE,2023-12-15 20:53,79,67,66.72,360,9,0,30.04,1016.9,10,null,SCT,null,null,null,4900,null,null,null,null,null,null,null,null,null,null,79,KMFE 152053Z 36009KT 10SM SCT049 26/19 A3004 RMK AO2 SLP169 T02610194 56022,null
MFE,2023-12-15 21:53,78,67,68.96,20,10,0,30.04,1017,10,null,FEW,null,null,null,2200,null,null,null,null,null,null,null,null,null,null,78,KMFE 152153Z 02010KT 10SM FEW022 26/19 A3004 RMK AO2 SLP170 T02560194,null
MFE,2023-12-15 22:53,74,66,76.1,10,8,0,30.05,1017.4,10,null,CLR,null,null,null,null,null,null,null,null,null,null,null,null,null,null,74,KMFE 152253Z 01008KT 10SM CLR 23/19 A3005 RMK AO2 SLP174 T02330189,null
MFE,2023-12-15 23:53,72,66,81.41,360,6,0,30.07,1018.1,10,null,CLR,null,null,null,null,null,null,null,null,null,null,null,null,null,null,72,KMFE 152353Z 36006KT 10SM CLR 22/19 A3007 RMK AO2 SLP181 T02220189 10267 20222 53012,null
MFE,2023-12-16 0:53,71,66,84.22,360,7,0,30.09,1018.7,10,null,CLR,null,null,null,null,null,null,null,null,null,null,null,null,null,null,71,KMFE 160053Z 36007KT 10SM CLR 22/19 A3009 RMK AO2 SLP187 T02170189,null
MFE,2023-12-16 1:53,69,67,93.35,320,6,0,30.11,1019.6,10,null,BKN,null,null,null,3300,null,null,null,null,null,null,null,null,null,null,69,KMFE 160153Z 32006KT 10SM BKN033 21/19 A3011 RMK AO2 SLP196 T02060194,null
MFE,2023-12-16 2:33,70,66,87.14,350,7,T,30.13,null,10,null,SCT,BKN,OVC,null,1800,2300,3600,null,#NAME?,null,null,null,null,null,null,70,KMFE 160233Z 35007KT 10SM -RA SCT018 BKN023 OVC036 21/19 A3013 RMK AO2 RAB30 P0000 T02110189,null
MFE,2023-12-16 2:53,71,66,84.22,360,9,T,30.13,1020.1,10,null,FEW,SCT,OVC,null,1800,2400,4500,null,null,null,null,null,null,null,null,71,KMFE 160253Z 36009KT 10SM FEW018 SCT024 OVC045 22/19 A3013 RMK AO2 RAB30E42 SLP201 P0000 60000 T02170189 51019,null
MFE,2023-12-16 3:27,70,67,90.21,350,7,0,30.14,null,10,null,FEW,BKN,OVC,null,1500,2300,5000,null,null,null,null,null,null,null,null,70,KMFE 160327Z 35007KT 10SM FEW015 BKN023 OVC050 21/19 A3014 RMK AO2 T02110194,null
MFE,2023-12-16 3:42,70,67,90.21,360,9,0,30.14,null,10,null,FEW,BKN,OVC,null,1700,3100,4200,null,null,null,null,null,null,null,null,70,KMFE 160342Z 36009KT 10SM FEW017 BKN031 OVC042 21/19 A3014 RMK AO2 T02110194,null
MFE,2023-12-16 3:53,70,67,90.21,360,10,0,30.14,1020.6,10,null,FEW,BKN,OVC,null,2100,3300,4200,null,null,null,null,null,null,null,null,70,KMFE 160353Z 36010KT 10SM FEW021 BKN033 OVC042 21/19 A3014 RMK AO2 SLP206 T02110194,null
MFE,2023-12-16 4:00,69,67,93.35,360,11,T,30.15,null,10,null,FEW,OVC,null,null,900,3300,null,null,#NAME?,null,null,null,null,null,null,69,KMFE 160400Z 36011KT 10SM -RA FEW009 OVC033 21/19 A3015 RMK AO2 RAB00 P0000 T02060194,null
MFE,2023-12-16 4:35,68,67,96.61,360,7,0.03,30.15,null,5,null,SCT,BKN,OVC,null,600,2100,3500,null,#NAME?,null,null,null,null,null,null,68,KMFE 160435Z 36007KT 5SM -RA BR SCT006 BKN021 OVC035 20/19 A3015 RMK AO2 RAB00 P0003 T02000194,null
MFE,2023-12-16 4:42,68,68,100,360,7,0.03,30.15,null,6,null,BKN,BKN,OVC,null,600,1000,4200,null,#NAME?,null,null,null,null,null,null,68,KMFE 160442Z 36007KT 6SM -RA BR BKN006 BKN010 OVC042 20/20 A3015 RMK AO2 RAB00 P0003 T02000200,null
MFE,2023-12-16 4:53,68,67,96.61,350,9,0.03,30.15,1020.7,5,null,BKN,BKN,OVC,null,600,1700,3000,null,#NAME?,null,null,null,null,null,null,68,KMFE 160453Z 35009KT 5SM -RA BR BKN006 BKN017 OVC030 20/19 A3015 RMK AO2 RAB00 SLP207 P0003 T02000194,null
MFE,2023-12-16 5:06,68,67,96.61,340,8,0.01,30.15,null,4,null,SCT,BKN,OVC,null,500,2700,3300,null,#NAME?,null,null,null,null,null,null,68,KMFE 160506Z 34008KT 4SM -RA BR SCT005 BKN027 OVC033 20/19 A3015 RMK AO2 P0001 T02000194,null
MFE,2023-12-16 5:13,68,67,96.61,340,8,0.01,30.15,null,5,null,FEW,FEW,OVC,null,500,2600,3600,null,#NAME?,null,null,null,null,null,null,68,KMFE 160513Z 34008KT 5SM -RA BR FEW005 FEW026 OVC036 20/19 A3015 RMK AO2 P0001 T02000194,null
MFE,2023-12-16 5:53,68,66,93.32,330,7,0.02,30.15,1020.6,10,null,FEW,OVC,null,null,2800,5000,null,null,null,null,null,null,null,null,null,68,KMFE 160553Z AUTO 33007KT 10SM FEW028 OVC050 20/19 A3015 RMK AO2 RAE34 SLP206 P0002 60005 T02000189 10222 20194 402670172 50005,null
MFE,2023-12-16 6:44,67,66,96.59,330,7,0,30.14,null,10,null,BKN,BKN,OVC,null,1700,2800,6000,null,null,null,null,null,null,null,null,67,KMFE 160644Z AUTO 33007KT 10SM BKN017 BKN028 OVC060 19/19 A3014 RMK AO2 T01940189,null
MFE,2023-12-16 6:53,67,65,93.29,330,6,0,30.14,1020.4,10,null,BKN,OVC,null,null,1700,2800,null,null,null,null,null,null,null,null,null,67,KMFE 160653Z AUTO 33006KT 10SM BKN017 OVC028 19/18 A3014 RMK AO2 SLP204 T01940183,null
MFE,2023-12-16 7:53,67,64,90.09,330,9,0,30.15,1020.6,10,null,FEW,OVC,null,null,2100,2800,null,null,null,null,null,null,null,null,null,67,KMFE 160753Z AUTO 33009KT 10SM FEW021 OVC028 19/18 A3015 RMK AO2 SLP206 T01940178,null
MFE,2023-12-16 8:53,67,64,90.09,320,11,0,30.14,1020.3,10,18,BKN,OVC,null,null,2500,5500,null,null,null,null,null,null,null,null,null,67,KMFE 160853Z AUTO 32011G18KT 10SM BKN025 OVC055 19/18 A3014 RMK AO2 SLP203 T01940178 58003,null
MFE,2023-12-16 9:05,67,64,90.09,330,7,0,30.13,null,10,null,SCT,OVC,null,null,2500,5000,null,null,null,null,null,null,null,null,null,67,KMFE 160905Z AUTO 33007KT 10SM SCT025 OVC050 19/18 A3013 RMK AO2 T01940178,null
MFE,2023-12-16 9:51,66.2,62.6,88.18,310,9,0,30.14,null,10,null,BKN,BKN,OVC,null,2700,4800,8000,null,null,null,null,null,null,null,null,66.2,KMFE 160951Z AUTO 31009KT 10SM BKN027 BKN048 OVC080 19/17 A3014 RMK AO2,null
MFE,2023-12-16 9:53,66,63,90.05,320,7,0,30.14,1020.5,10,null,BKN,BKN,OVC,null,2700,4800,8000,null,null,null,null,null,null,null,null,66,KMFE 160953Z AUTO 32007KT 10SM BKN027 BKN048 OVC080 19/17 A3014 RMK AO2 SLP205 T01890172,null
MFE,2023-12-16 10:53,66,64,93.26,310,8,0,30.15,1020.8,10,null,BKN,OVC,null,null,2600,3600,null,null,null,null,null,null,null,null,null,66,KMFE 161053Z AUTO 31008KT 10SM BKN026 OVC036 19/18 A3015 RMK AO2 SLP208 T01890178,null
MFE,2023-12-16 11:53,65,63,93.24,320,5,0,30.17,1021.6,10,null,BKN,OVC,null,null,1400,2800,null,null,null,null,null,null,null,null,null,65,KMFE 161153Z AUTO 32005KT 10SM BKN014 OVC028 18/17 A3017 RMK AO2 SLP216 70005 T01830172 10200 20183 53010,null
MFE,2023-12-16 11:55,65,64,96.57,320,6,0,30.17,null,10,null,BKN,BKN,OVC,null,1200,1800,2800,null,null,null,null,null,null,null,null,65,KMFE 161155Z 32006KT 10SM BKN012 BKN018 OVC028 18/18 A3017 RMK AO2 T01830178,null
MFE,2023-12-16 12:48,62.6,60.8,93.83,340,13,0,30.19,null,10,23,BKN,OVC,null,null,900,1600,null,null,null,null,null,null,null,null,null,62.6,KMFE 161248Z AUTO 34013G23KT 10SM BKN009 OVC016 17/16 A3019 RMK AO2 RAB07B18E39 CIG 009V013 $,null
MFE,2023-12-16 12:53,63,61,93.18,350,14,0,30.19,1022.2,10,23,BKN,BKN,OVC,null,900,1600,4400,null,null,null,null,null,null,null,null,63,KMFE 161253Z AUTO 35014G23KT 10SM BKN009 BKN016 OVC044 17/16 A3019 RMK AO2 RAB07B18E39 CIG 009V013 SLP222 T01720161 $,null
MFE,2023-12-16 12:59,63,60,89.93,340,12,0,30.2,null,10,21,SCT,OVC,null,null,1300,4400,null,null,null,null,null,null,null,null,null,63,KMFE 161259Z AUTO 34012G21KT 10SM SCT013 OVC044 17/16 A3020 RMK AO2 T01720156 $,null
MFE,2023-12-16 13:19,63,60,89.93,330,13,0,30.21,null,10,19,BKN,OVC,null,null,1300,4300,null,null,null,null,null,null,null,null,null,63,KMFE 161319Z AUTO 33013G19KT 10SM BKN013 OVC043 17/16 A3021 RMK AO2 T01720156 $,null
MFE,2023-12-16 13:21,63,60,89.93,340,16,0,30.21,null,10,22,BKN,OVC,null,null,1300,4300,null,null,null,null,null,null,null,null,null,63,KMFE 161321Z 34016G22KT 10SM BKN013 OVC043 17/16 A3021 RMK AO2 T01720156 $,null
MFE,2023-12-16 13:37,63,60,89.93,340,14,0,30.22,null,10,21,OVC,null,null,null,1500,null,null,null,null,null,null,null,null,null,null,63,KMFE 161337Z 34014G21KT 10SM OVC015 17/16 A3022 RMK AO2 T01720156 $,null
MFE,2023-12-16 13:53,63,60,89.93,340,13,0,30.23,1023.5,10,25,OVC,null,null,null,1500,null,null,null,null,null,null,null,null,null,null,63,KMFE 161353Z 34013G25KT 10SM OVC015 17/16 A3023 RMK AO2 SLP235 T01720156 $,null
MFE,2023-12-16 14:21,63,58,83.72,330,12,0,30.24,null,10,21,FEW,BKN,null,null,2200,3000,null,null,null,null,null,null,null,null,null,63,KMFE 161421Z 33012G21KT 10SM FEW022 BKN030 17/14 A3024 RMK AO2 T01720144 $,null
MFE,2023-12-16 14:30,63,58,83.72,320,12,0,30.24,null,10,null,SCT,null,null,null,3000,null,null,null,null,null,null,null,null,null,null,63,KMFE 161430Z 32012KT 10SM SCT030 17/14 A3024 RMK AO2 T01720144 $,null
MFE,2023-12-16 14:53,63,56,77.89,320,15,0,30.25,1024.3,10,22,FEW,null,null,null,1900,null,null,null,null,null,null,null,null,null,null,63,KMFE 161453Z 32015G22KT 10SM FEW019 17/13 A3025 RMK AO2 SLP243 6//// T01720133 $,null
MFE,2023-12-16 15:53,63,51,64.85,340,14,0,30.27,1024.8,10,23,CLR,null,null,null,null,null,null,null,null,null,null,null,null,null,null,63,KMFE 161553Z 34014G23KT 10SM CLR 17/11 A3027 RMK AO2 SLP248 T01720106 $,null
MFE,2023-12-16 16:53,65,51,60.47,320,15,0,30.28,1025.1,10,28,CLR,null,null,null,null,null,null,null,null,null,null,null,28,310,2023-12-16 16:45,65,KMFE 161653Z 32015G28KT 10SM CLR 18/11 A3028 RMK AO2 PK WND 31028/1645 SLP251 T01830106 $,null
MFE,2023-12-16 17:53,67,46,46.78,330,14,0,30.24,1023.7,10,23,CLR,null,null,null,null,null,null,null,null,null,null,null,26,320,2023-12-16 17:00,67,KMFE 161753Z 33014G23KT 10SM CLR 19/08 A3024 RMK AO2 PK WND 32026/1700 SLP237 6//// T01940078 10194 20167 58005 $,null
MFE,2023-12-16 18:53,69,46,43.67,330,14,0,30.19,1022,10,22,CLR,null,null,null,null,null,null,null,null,null,null,null,null,null,null,69,KMFE 161853Z 33014G22KT 10SM CLR 21/08 A3019 RMK AO2 SLP220 T02060078 $,null
MFE,2023-12-16 19:53,70,46,42.2,300,15,0,30.16,1021.2,10,null,CLR,null,null,null,null,null,null,null,null,null,null,null,null,null,null,70,KMFE 161953Z 30015KT 10SM CLR 21/08 A3016 RMK AO2 SLP212 T02110078 $,null
MFE,2023-12-16 20:53,71,44,37.8,310,13,0,30.13,1020.2,10,22,CLR,null,null,null,null,null,null,null,null,null,null,null,null,null,null,71,KMFE 162053Z 31013G22KT 10SM CLR 22/07 A3013 RMK AO2 SLP202 T02170067 56035 $,null
MFE,2023-12-16 21:53,72,43,35.16,310,14,0,30.12,1019.8,10,20,CLR,null,null,null,null,null,null,null,null,null,null,null,null,null,null,72,KMFE 162153Z 31014G20KT 10SM CLR 22/06 A3012 RMK AO2 SLP198 T02220061 $,null
MFE,2023-12-16 22:53,70,42,36.22,310,11,0,30.12,1019.9,10,null,CLR,null,null,null,null,null,null,null,null,null,null,null,null,null,null,70,KMFE 162253Z 31011KT 10SM CLR 21/06 A3012 RMK AO2 SLP199 T02110056 $,null
MFE,2023-12-16 23:53,65,42,43.04,320,8,0,30.13,1020.2,10,null,CLR,null,null,null,null,null,null,null,null,null,null,null,null,null,null,65,KMFE 162353Z 32008KT 10SM CLR 18/06 A3013 RMK AO2 SLP202 T01830056 10222 20183 53000 $,null
MFE,2023-12-17 0:53,60,42,51.33,320,6,0,30.16,1021.2,10,null,CLR,null,null,null,null,null,null,null,null,null,null,null,null,null,null,60,KMFE 170053Z 32006KT 10SM CLR 16/06 A3016 RMK AO2 SLP212 T01560056 $,null
MFE,2023-12-17 1:53,58,43,57.3,320,6,0,30.19,1022.1,10,null,CLR,null,null,null,null,null,null,null,null,null,null,null,null,null,null,58,KMFE 170153Z 32006KT 10SM CLR 14/06 A3019 RMK AO2 SLP221 T01440061 $,null
MFE,2023-12-17 2:53,56,43,61.59,330,5,0,30.21,1022.8,10,null,CLR,null,null,null,null,null,null,null,null,null,null,null,null,null,null,56,KMFE 170253Z 33005KT 10SM CLR 13/06 A3021 RMK AO2 SLP228 T01330061 51024 $,null
MFE,2023-12-17 3:53,54,43,66.24,320,5,0,30.22,1023.1,10,null,CLR,null,null,null,null,null,null,null,null,null,null,null,null,null,null,54,KMFE 170353Z 32005KT 10SM CLR 12/06 A3022 RMK AO2 SLP231 T01220061 $,null
MFE,2023-12-17 4:53,54,42,63.74,320,3,0,30.21,1023,10,null,CLR,null,null,null,null,null,null,null,null,null,null,null,null,null,null,54,KMFE 170453Z 32003KT 10SM CLR 12/06 A3021 RMK AO2 SLP230 T01220056 $,null
MFE,2023-12-17 5:53,50,43,76.76,0,0,0,30.21,1022.7,10,null,CLR,null,null,null,null,null,null,null,null,null,null,null,null,null,null,50,KMFE 170553Z 00000KT 10SM CLR 10/06 A3021 RMK AO2 SLP227 T01000061 10183 20100 402220100 58001 $,null
MFE,2023-12-17 6:53,50,43,76.76,0,0,0,30.2,1022.5,10,null,CLR,null,null,null,null,null,null,null,null,null,null,null,null,null,null,50,KMFE 170653Z AUTO 00000KT 10SM CLR 10/06 A3020 RMK AO2 SLP225 T01000061 $,null
MFE,2023-12-17 7:53,50,42,73.87,280,5,0,30.2,1022.4,10,null,CLR,null,null,null,null,null,null,null,null,null,null,null,null,null,null,50,KMFE 170753Z AUTO 28005KT 10SM CLR 10/06 A3020 RMK AO2 SLP224 T01000056 $,null
MFE,2023-12-17 8:53,48,42,79.6,280,4,0,30.19,1022.1,10,null,CLR,null,null,null,null,null,null,null,null,null,null,null,null,null,null,46.1,KMFE 170853Z AUTO 28004KT 10SM CLR 09/06 A3019 RMK AO2 SLP221 T00890056 57006 $,null
MFE,2023-12-17 9:53,46,42,85.83,290,4,0,30.18,1021.8,10,null,CLR,null,null,null,null,null,null,null,null,null,null,null,null,null,null,43.77,KMFE 170953Z AUTO 29004KT 10SM CLR 08/06 A3018 RMK AO2 SLP218 T00780056 $,null
MFE,2023-12-17 10:53,45,42,89.15,0,0,0,30.17,1021.5,10,null,CLR,null,null,null,null,null,null,null,null,null,null,null,null,null,null,45,KMFE 171053Z AUTO 00000KT 10SM CLR 07/06 A3017 RMK AO2 SLP215 T00720056 $,null
MFE,2023-12-17 11:53,45,42,89.15,0,0,0,30.18,1021.9,10,null,CLR,null,null,null,null,null,null,null,null,null,null,null,null,null,null,45,KMFE 171153Z 00000KT 10SM CLR 07/06 A3018 RMK AO2 SLP219 7//// T00720056 10111 20067 55003 $,null
MFE,2023-12-17 12:53,45,42,89.15,270,5,0,30.19,1022.2,10,null,CLR,null,null,null,null,null,null,null,null,null,null,null,null,null,null,41.83,KMFE 171253Z 27005KT 10SM CLR 07/06 A3019 RMK AO2 SLP222 T00720056 $,null
MFE,2023-12-17 13:53,46,42,85.83,280,4,0,30.2,1022.6,10,null,CLR,null,null,null,null,null,null,null,null,null,null,null,null,null,null,43.77,KMFE 171353Z 28004KT 10SM CLR 08/06 A3020 RMK AO2 SLP226 T00780056 $,null
MFE,2023-12-17 14:53,52,44,74.07,310,4,0,30.21,1023,10,null,CLR,null,null,null,null,null,null,null,null,null,null,null,null,null,null,52,KMFE 171453Z 31004KT 10SM CLR 11/07 A3021 RMK AO2 SLP230 T01110067 53012 $,null
MFE,2023-12-17 15:53,57,45,64.12,null,3,0,30.21,1023,10,null,CLR,null,null,null,null,null,null,null,null,null,null,null,null,null,null,57,KMFE 171553Z VRB03KT 10SM CLR 14/07 A3021 RMK AO2 SLP230 T01390072 $,null
MFE,2023-12-17 16:53,62,45,53.63,0,0,0,30.2,1022.7,10,null,CLR,null,null,null,null,null,null,null,null,null,null,null,null,null,null,62,KMFE 171653Z 00000KT 10SM CLR 17/07 A3020 RMK AO2 SLP227 T01670072 $,null
MFE,2023-12-17 17:53,66,44,44.88,0,0,0,30.17,1021.4,10,null,CLR,null,null,null,null,null,null,null,null,null,null,null,null,null,null,66,KMFE 171753Z 00000KT 10SM CLR 19/07 A3017 RMK AO2 SLP214 T01890067 10189 20061 58016 $,null
MFE,2023-12-17 18:53,70,43,37.64,300,4,0,30.12,1019.7,10,null,CLR,null,null,null,null,null,null,null,null,null,null,null,null,null,null,70,KMFE 171853Z 30004KT 10SM CLR 21/06 A3012 RMK AO2 SLP197 T02110061 $,null
MFE,2023-12-17 19:53,72,43,35.16,300,6,0,30.08,1018.5,10,null,CLR,null,null,null,null,null,null,null,null,null,null,null,null,null,null,72,KMFE 171953Z 30006KT 10SM CLR 22/06 A3008 RMK AO2 SLP185 T02220061 $,null
MFE,2023-12-17 20:53,73,42,32.71,290,3,0,30.06,1017.8,10,null,CLR,null,null,null,null,null,null,null,null,null,null,null,null,null,null,73,KMFE 172053Z 29003KT 10SM CLR 23/06 A3006 RMK AO2 SLP178 T02280056 56036 $,null
MFE,2023-12-17 21:53,74,42,31.63,280,3,0,30.05,1017.5,10,null,CLR,null,null,null,null,null,null,null,null,null,null,null,null,null,null,74,KMFE 172153Z 28003KT 10SM CLR 23/06 A3005 RMK AO2 SLP175 T02330056 $,null
MFE,2023-12-17 22:53,73,41,31.47,0,0,0,30.05,1017.5,10,null,CLR,null,null,null,null,null,null,null,null,null,null,null,null,null,null,73,KMFE 172253Z 00000KT 10SM CLR 23/05 A3005 RMK AO2 SLP175 T02280050 $,null
MFE,2023-12-17 23:53,66,44,44.88,100,4,0,30.06,1017.7,10,null,CLR,null,null,null,null,null,null,null,null,null,null,null,null,null,null,66,KMFE 172353Z 10004KT 10SM CLR 19/07 A3006 RMK AO2 SLP177 T01890067 10244 20189 55001 $,null
MFE,2023-12-18 0:53,65,42,43.04,80,4,0,30.06,1017.9,10,null,CLR,null,null,null,null,null,null,null,null,null,null,null,null,null,null,65,KMFE 180053Z 08004KT 10SM CLR 18/06 A3006 RMK AO2 SLP179 T01830056 $,null
MFE,2023-12-18 1:53,61,46,57.72,0,0,0,30.08,1018.6,10,null,CLR,null,null,null,null,null,null,null,null,null,null,null,null,null,null,61,KMFE 180153Z 00000KT 10SM CLR 16/08 A3008 RMK AO2 SLP186 T01610078 $,null
MFE,2023-12-18 2:53,58,48,69.27,120,6,0,30.09,1019,10,null,CLR,null,null,null,null,null,null,null,null,null,null,null,null,null,null,58,KMFE 180253Z 12006KT 10SM CLR 14/09 A3009 RMK AO2 SLP190 T01440089 53013 $,null
MFE,2023-12-18 3:53,54,48,80.07,150,4,0,30.1,1019.2,10,null,CLR,null,null,null,null,null,null,null,null,null,null,null,null,null,null,54,KMFE 180353Z 15004KT 10SM CLR 12/09 A3010 RMK AO2 SLP192 T01220089 $,null
MFE,2023-12-18 4:53,52,47,82.99,130,3,0,30.11,1019.4,10,null,CLR,null,null,null,null,null,null,null,null,null,null,null,null,null,null,52,KMFE 180453Z 13003KT 10SM CLR 11/08 A3011 RMK AO2 SLP194 T01110083 $,null
MFE,2023-12-18 5:53,51,47,86.12,0,0,0,30.12,1019.7,8,null,CLR,null,null,null,null,null,null,null,null,null,null,null,null,null,null,51,KMFE 180553Z 00000KT 8SM CLR 11/08 A3012 RMK AO2 SLP197 T01060083 10189 20106 402440061 53007 $,null
MFE,2023-12-18 6:53,50,47,89.37,0,0,0,30.11,1019.5,9,null,CLR,null,null,null,null,null,null,null,null,null,null,null,null,null,null,50,KMFE 180653Z AUTO 00000KT 9SM CLR 10/08 A3011 RMK AO2 SLP195 T01000083 $,null
MFE,2023-12-18 7:53,51,47,86.12,140,4,0,30.11,1019.5,10,null,CLR,null,null,null,null,null,null,null,null,null,null,null,null,null,null,51,KMFE 180753Z AUTO 14004KT 10SM CLR 11/08 A3011 RMK AO2 SLP195 T01060083 $,null
MFE,2023-12-18 8:53,50,47,89.37,0,0,0,30.13,1020.2,10,null,CLR,null,null,null,null,null,null,null,null,null,null,null,null,null,null,50,KMFE 180853Z AUTO 00000KT 10SM CLR 10/08 A3013 RMK AO2 SLP202 T01000083 53005 $,null
MFE,2023-12-18 9:53,50,47,89.37,0,0,0,30.13,1020.2,10,null,CLR,null,null,null,null,null,null,null,null,null,null,null,null,null,null,50,KMFE 180953Z AUTO 00000KT 10SM CLR 10/08 A3013 RMK AO2 SLP202 T01000083 $,null
MFE,2023-12-18 10:53,47,46,96.29,0,0,0,30.14,1020.6,10,null,CLR,null,null,null,null,null,null,null,null,null,null,null,null,null,null,47,KMFE 181053Z AUTO 00000KT 10SM CLR 08/08 A3014 RMK AO2 SLP206 T00830078 $,null
MFE,2023-12-18 11:53,47,45,92.71,330,3,0,30.16,1021.3,10,null,CLR,null,null,null,null,null,null,null,null,null,null,null,null,null,null,45.84,KMFE 181153Z 33003KT 10SM CLR 08/07 A3016 RMK AO2 SLP213 T00830072 10111 20078 53010 $,null
MFE,2023-12-18 12:53,46,45,96.28,340,3,0,30.18,1022,10,null,CLR,null,null,null,null,null,null,null,null,null,null,null,null,null,null,44.69,KMFE 181253Z 34003KT 10SM CLR 08/07 A3018 RMK AO2 SLP220 T00780072 $,null
MFE,2023-12-18 13:53,49,47,92.77,340,3,0,30.2,1022.4,8,null,CLR,null,null,null,null,null,null,null,null,null,null,null,null,null,null,48.12,KMFE 181353Z 34003KT 8SM CLR 09/08 A3020 RMK AO2 SLP224 T00940083 $,null
MFE,2023-12-18 14:04,51,48,89.42,0,0,0,30.2,null,8,null,CLR,null,null,null,null,null,null,null,null,null,null,null,null,null,null,51,KMFE 181404Z 00000KT 8SM CLR 11/09 A3020 RMK AO2 T01060089,null
MFE,2023-12-18 14:53,57,50,77.38,0,0,0,30.22,1023.2,10,null,CLR,null,null,null,null,null,null,null,null,null,null,null,null,null,null,57,KMFE 181453Z 00000KT 10SM CLR 14/10 A3022 RMK AO2 SLP232 T01390100 53019,null
MFE,2023-12-18 15:53,63,51,64.85,0,0,0,30.24,1023.9,10,null,CLR,null,null,null,null,null,null,null,null,null,null,null,null,null,null,63,KMFE 181553Z 00000KT 10SM CLR 17/11 A3024 RMK AO2 SLP239 T01720106,null
MFE,2023-12-18 16:53,68,51,54.5,0,0,0,30.24,1023.8,10,null,CLR,null,null,null,null,null,null,null,null,null,null,null,null,null,null,68,KMFE 181653Z 00000KT 10SM CLR 20/11 A3024 RMK AO2 SLP238 T02000106,null
MFE,2023-12-18 17:53,72,50,45.81,230,4,0,30.22,1023.1,10,null,CLR,null,null,null,null,null,null,null,null,null,null,null,null,null,null,72,KMFE 181753Z 23004KT 10SM CLR 22/10 A3022 RMK AO2 SLP231 T02220100 10222 20072 58001,null
MFE,2023-12-18 18:53,74,46,36.85,190,3,0,30.19,1022.1,10,null,CLR,null,null,null,null,null,null,null,null,null,null,null,null,null,null,74,KMFE 181853Z 19003KT 10SM CLR 23/08 A3019 RMK AO2 SLP221 T02330078,null
MFE,2023-12-18 19:53,78,42,27.69,null,3,0,30.16,1021.2,10,null,CLR,null,null,null,null,null,null,null,null,null,null,null,null,null,null,78,KMFE 181953Z VRB03KT 10SM CLR 26/06 A3016 RMK AO2 SLP212 T02560056,null
MFE,2023-12-18 20:53,77,41,27.53,null,3,0,30.15,1020.8,10,null,CLR,null,null,null,null,null,null,null,null,null,null,null,null,null,null,77,KMFE 182053Z AUTO VRB03KT 10SM CLR 25/05 A3015 RMK AO2 SLP208 T02500050 56023,null
MFE,2023-12-18 20:57,77,41,27.53,null,null,0,30.15,null,10,null,CLR,null,null,null,null,null,null,null,null,null,null,null,null,null,null,77,KMFE 182057Z 10SM CLR 25/05 A3015 RMK AO2 T02500050,null
MFE,2023-12-18 21:01,77,42,28.62,null,6,0,30.15,null,10,null,CLR,null,null,null,null,null,null,null,null,null,null,null,null,null,null,77,KMFE 182101Z VRB06KT 10SM CLR 25/06 A3015 RMK AO2 T02500056,null
MFE,2023-12-18 21:53,76,43,30.75,130,4,0,30.15,1020.9,10,null,CLR,null,null,null,null,null,null,null,null,null,null,null,null,null,null,76,KMFE 182153Z 13004KT 10SM CLR 24/06 A3015 RMK AO2 SLP209 T02440061,null
MFE,2023-12-18 22:53,74,43,32.87,50,4,0,30.17,1021.5,10,null,CLR,null,null,null,null,null,null,null,null,null,null,null,null,null,null,74,KMFE 182253Z 05004KT 10SM CLR 23/06 A3017 RMK AO2 SLP215 T02330061,null
MFE,2023-12-18 23:53,67,46,46.78,150,3,0,30.18,1021.8,10,null,CLR,null,null,null,null,null,null,null,null,null,null,null,null,null,null,67,KMFE 182353Z 15003KT 10SM CLR 19/08 A3018 RMK AO2 SLP218 T01940078 10261 20194 53010,null
MFE,2023-12-19 0:53,63,49,60.2,120,4,0,30.19,1022.1,10,null,CLR,null,null,null,null,null,null,null,null,null,null,null,null,null,null,63,KMFE 190053Z 12004KT 10SM CLR 17/09 A3019 RMK AO2 SLP221 T01720094,null
MFE,2023-12-19 1:53,63,47,55.85,90,7,0,30.21,1022.8,10,null,CLR,null,null,null,null,null,null,null,null,null,null,null,null,null,null,63,KMFE 190153Z 09007KT 10SM CLR 17/08 A3021 RMK AO2 SLP228 T01720083,null
MFE,2023-12-19 2:53,62,47,57.85,130,5,0,30.23,1023.4,10,null,CLR,null,null,null,null,null,null,null,null,null,null,null,null,null,null,62,KMFE 190253Z 13005KT 10SM CLR 17/08 A3023 RMK AO2 SLP234 T01670083 53016,null
MFE,2023-12-19 3:53,61,47,59.94,120,5,0,30.23,1023.5,10,null,CLR,null,null,null,null,null,null,null,null,null,null,null,null,null,null,61,KMFE 190353Z 12005KT 10SM CLR 16/08 A3023 RMK AO2 SLP235 T01610083,null
MFE,2023-12-19 4:53,59,48,66.83,0,0,0,30.24,1023.9,10,null,CLR,null,null,null,null,null,null,null,null,null,null,null,null,null,null,59,KMFE 190453Z 00000KT 10SM CLR 15/09 A3024 RMK AO2 SLP239 T01500089,null
MFE,2023-12-19 5:53,56,48,74.45,0,0,0,30.23,1023.7,9,null,CLR,null,null,null,null,null,null,null,null,null,null,null,null,null,null,56,KMFE 190553Z AUTO 00000KT 9SM CLR 13/09 A3023 RMK AO2 SLP237 T01330089 10194 20133 402610072 50002,null
MFE,2023-12-19 6:53,54,48,80.07,0,0,0,30.21,1022.9,10,null,CLR,null,null,null,null,null,null,null,null,null,null,null,null,null,null,54,KMFE 190653Z AUTO 00000KT 10SM CLR 12/09 A3021 RMK AO2 SLP229 T01220089,null
MFE,2023-12-19 7:53,52,49,89.46,0,0,0,30.2,1022.6,10,null,CLR,null,null,null,null,null,null,null,null,null,null,null,null,null,null,52,KMFE 190753Z AUTO 00000KT 10SM CLR 11/09 A3020 RMK AO2 SLP226 T01110094,null
MFE,2023-12-19 8:53,50,48,92.8,0,0,0,30.19,1022.3,10,null,CLR,null,null,null,null,null,null,null,null,null,null,null,null,null,null,50,KMFE 190853Z AUTO 00000KT 10SM CLR 10/09 A3019 RMK AO2 SLP223 T01000089 56014,null
MFE,2023-12-19 9:53,49,47,92.77,0,0,0,30.19,1022.2,10,null,CLR,null,null,null,null,null,null,null,null,null,null,null,null,null,null,49,KMFE 190953Z AUTO 00000KT 10SM CLR 09/08 A3019 RMK AO2 SLP222 T00940083,null
MFE,2023-12-19 10:53,50,47,89.37,0,0,0,30.19,1022.3,10,null,CLR,null,null,null,null,null,null,null,null,null,null,null,null,null,null,50,KMFE 191053Z AUTO 00000KT 10SM CLR 10/08 A3019 RMK AO2 SLP223 T01000083,null
MFE,2023-12-19 11:53,51,47,86.12,30,4,0,30.21,1022.8,10,null,CLR,null,null,null,null,null,null,null,null,null,null,null,null,null,null,51,KMFE 191153Z 03004KT 10SM CLR 11/08 A3021 RMK AO2 SLP228 T01060083 10139 20089 53005,null
MFE,2023-12-19 12:53,51,48,89.42,0,0,0,30.22,1023.2,10,null,CLR,null,null,null,null,null,null,null,null,null,null,null,null,null,null,51,KMFE 191253Z 00000KT 10SM CLR 11/09 A3022 RMK AO2 SLP232 T01060089,null
MFE,2023-12-19 13:53,54,49,83.13,90,3,0,30.23,1023.6,10,null,CLR,null,null,null,null,null,null,null,null,null,null,null,null,null,null,54,KMFE 191353Z 09003KT 10SM CLR 12/09 A3023 RMK AO2 SLP236 T01220094,null
MFE,2023-12-19 14:53,57,51,80.31,150,3,0,30.24,1023.8,10,null,CLR,null,null,null,null,null,null,null,null,null,null,null,null,null,null,57,KMFE 191453Z 15003KT 10SM CLR 14/11 A3024 RMK AO2 SLP238 T01390106 51010,null
MFE,2023-12-19 15:53,61,52,72.22,110,4,0,30.24,1024.1,10,null,CLR,null,null,null,null,null,null,null,null,null,null,null,null,null,null,61,KMFE 191553Z 11004KT 10SM CLR 16/11 A3024 RMK AO2 SLP241 T01610111,null
MFE,2023-12-19 16:53,67,56,67.75,150,6,0,30.24,1023.9,10,null,CLR,null,null,null,null,null,null,null,null,null,null,null,null,null,null,67,KMFE 191653Z 15006KT 10SM CLR 19/13 A3024 RMK AO2 SLP239 T01940133,null
MFE,2023-12-19 17:53,null,null,null,null,null,0,30.2,null,null,null,null,null,null,null,null,null,null,null,null,null,null,null,null,null,null,null,KMFE 191753Z AUTO A3020 RMK AO2 SLPNO 6//// 58011 PWINO PNO $,null
MFE,2023-12-19 18:53,71,54,54.92,160,14,0,30.17,1021.4,10,21,CLR,null,null,null,null,null,null,null,null,null,null,null,null,null,null,71,KMFE 191853Z 16014G21KT 10SM CLR 22/12 A3017 RMK AO2 SLP214 T02170122,null
MFE,2023-12-19 19:53,74,56,53.37,160,11,0,30.15,1020.9,9,null,CLR,null,null,null,null,null,null,null,null,null,null,null,null,null,null,74,KMFE 191953Z 16011KT 9SM CLR 23/13 A3015 RMK AO2 SLP209 T02330133,null
MFE,2023-12-19 20:53,73,56,55.2,130,11,0,30.12,1019.9,10,null,CLR,null,null,null,null,null,null,null,null,null,null,null,null,null,null,73,KMFE 192053Z 13011KT 10SM CLR 23/13 A3012 RMK AO2 SLP199 6//// T02280133 56029,null
MFE,2023-12-19 21:53,71,54,54.92,150,10,0,30.12,1019.9,10,null,CLR,null,null,null,null,null,null,null,null,null,null,null,null,null,null,71,KMFE 192153Z 15010KT 10SM CLR 22/12 A3012 RMK AO2 SLP199 T02170122,null
MFE,2023-12-19 22:53,70,54,56.82,140,10,0,30.13,1020.2,10,null,CLR,null,null,null,null,null,null,null,null,null,null,null,null,null,null,70,KMFE 192253Z 14010KT 10SM CLR 21/12 A3013 RMK AO2 SLP202 T02110122,null
MFE,2023-12-19 23:53,67,54,62.99,130,8,0,30.13,1020.2,10,null,CLR,null,null,null,null,null,null,null,null,null,null,null,null,null,null,67,KMFE 192353Z 13008KT 10SM CLR 19/12 A3013 RMK AO2 SLP202 6//// T01940122 50003,null
MFE,2023-12-20 0:53,66,54,65.21,120,8,0,30.13,1020.1,10,null,CLR,null,null,null,null,null,null,null,null,null,null,null,null,null,null,66,KMFE 200053Z 12008KT 10SM CLR 19/12 A3013 RMK AO2 SLP201 T01890122,null
MFE,2023-12-20 1:53,65,54,67.52,110,6,0,30.14,1020.6,10,null,CLR,null,null,null,null,null,null,null,null,null,null,null,null,null,null,65,KMFE 200153Z 11006KT 10SM CLR 18/12 A3014 RMK AO2 SLP206 T01830122,null
MFE,2023-12-20 2:53,63,54,72.42,110,6,0,30.16,1021,10,null,CLR,null,null,null,null,null,null,null,null,null,null,null,null,null,null,63,KMFE 200253Z 11006KT 10SM CLR 17/12 A3016 RMK AO2 SLP210 T01720122 53009,null
MFE,2023-12-20 3:53,63,55,75.11,110,5,0,30.16,1021,10,null,CLR,null,null,null,null,null,null,null,null,null,null,null,null,null,null,63,KMFE 200353Z 11005KT 10SM CLR 17/13 A3016 RMK AO2 SLP210 T01720128,null
MFE,2023-12-20 4:53,60,54,80.53,120,4,0,30.16,1021.4,10,null,CLR,null,null,null,null,null,null,null,null,null,null,null,null,null,null,60,KMFE 200453Z 12004KT 10SM CLR 16/12 A3016 RMK AO2 SLP214 T01560122,null
MFE,2023-12-20 5:53,59,55,86.56,120,4,0,30.15,null,10,null,CLR,null,null,null,null,null,null,null,null,null,null,null,null,null,null,59,KMFE 200553Z AUTO 12004KT 10SM CLR 15/13 A3015 RMK AO2 SLPNO T01500128 10194 20150 402390089 58002,null
MFE,2023-12-20 6:53,59,55,86.56,120,4,0,30.13,1020.2,10,null,CLR,null,null,null,null,null,null,null,null,null,null,null,null,null,null,59,KMFE 200653Z AUTO 12004KT 10SM CLR 15/13 A3013 RMK AO2 SLP202 T01500128,null
MFE,2023-12-20 7:53,59,56,89.76,110,7,0,30.11,1019.4,10,null,CLR,null,null,null,null,null,null,null,null,null,null,null,null,null,null,59,KMFE 200753Z AUTO 11007KT 10SM CLR 15/13 A3011 RMK AO2 SLP194 T01500133,null
MFE,2023-12-20 8:53,58,55,89.72,130,4,0,30.1,1019,10,null,CLR,null,null,null,null,null,null,null,null,null,null,null,null,null,null,58,KMFE 200853Z AUTO 13004KT 10SM CLR 14/13 A3010 RMK AO2 SLP190 T01440128 56017,null
MFE,2023-12-20 9:53,56,55,96.43,120,3,0,30.11,1019.4,10,null,CLR,null,null,null,null,null,null,null,null,null,null,null,null,null,null,56,KMFE 200953Z AUTO 12003KT 10SM CLR 13/13 A3011 RMK AO2 SLP194 T01330128,null
MFE,2023-12-20 10:53,56,54,92.98,130,3,0,30.11,1019.3,10,null,FEW,null,null,null,3300,null,null,null,null,null,null,null,null,null,null,56,KMFE 201053Z AUTO 13003KT 10SM FEW033 13/12 A3011 RMK AO2 SLP193 T01330122,null
MFE,2023-12-20 11:53,56,54,92.98,110,3,0,30.11,1019.4,10,null,CLR,null,null,null,null,null,null,null,null,null,null,null,null,null,null,56,KMFE 201153Z 11003KT 10SM CLR 13/12 A3011 RMK AO2 SLP194 7//// T01330122 10156 20122 51003,null
MFE,2023-12-20 12:53,57,55,93.01,0,0,0,30.14,1020.5,8,null,SCT,null,null,null,3800,null,null,null,null,null,null,null,null,null,null,57,KMFE 201253Z 00000KT 8SM SCT038 14/13 A3014 RMK AO2 SLP205 T01390128 $,null
MFE,2023-12-20 13:53,60,57,89.8,90,3,0,30.15,1020.7,10,null,SCT,null,null,null,3600,null,null,null,null,null,null,null,null,null,null,60,KMFE 201353Z 09003KT 10SM SCT036 16/14 A3015 RMK AO2 SLP207 T01560139 $,null
MFE,2023-12-20 14:53,63,59,86.77,110,3,0,30.17,1021.6,10,null,FEW,null,null,null,3500,null,null,null,null,null,null,null,null,null,null,63,KMFE 201453Z 11003KT 10SM FEW035 17/15 A3017 RMK AO2 SLP216 T01720150 51022 $,null
MFE,2023-12-20 15:53,67,62,83.97,130,6,0,30.18,1021.9,10,null,SCT,SCT,BKN,null,3200,4100,6000,null,null,null,null,null,null,null,null,67,KMFE 201553Z 13006KT 10SM SCT032 SCT041 BKN060 19/17 A3018 RMK AO2 SLP219 T01940167 $,null
MFE,2023-12-20 16:53,70,61,73.11,150,10,0,30.17,1021.4,10,null,FEW,null,null,null,5500,null,null,null,null,null,null,null,null,null,null,70,KMFE 201653Z 15010KT 10SM FEW055 21/16 A3017 RMK AO2 SLP214 T02110161 $,null
MFE,2023-12-20 17:53,74,62,66.15,150,10,0,30.16,1021,10,18,CLR,null,null,null,null,null,null,null,null,null,null,null,null,null,null,74,KMFE 201753Z 15010G18KT 10SM CLR 23/17 A3016 RMK AO2 SLP210 T02330167 10233 20128 58005 $,null
MFE,2023-12-20 18:53,77,59,53.8,160,9,0,30.11,1019.6,10,null,FEW,null,null,null,3800,null,null,null,null,null,null,null,null,null,null,77,KMFE 201853Z 16009KT 10SM FEW038 25/15 A3011 RMK AO2 SLP196 T02500150 $,null
MFE,2023-12-20 19:53,76,56,49.92,160,13,0,30.1,1019,10,19,FEW,null,null,null,4900,null,null,null,null,null,null,null,null,null,null,76,KMFE 201953Z 16013G19KT 10SM FEW049 24/13 A3010 RMK AO2 SLP190 T02440133 $,null
MFE,2023-12-20 20:53,76,58,53.66,150,12,0,30.08,1018.3,10,18,FEW,SCT,null,null,4700,6500,null,null,null,null,null,null,null,null,null,76,KMFE 202053Z 15012G18KT 10SM FEW047 SCT065 24/14 A3008 RMK AO2 SLP183 T02440144 56027 $,null
MFE,2023-12-20 21:53,77,57,50.07,160,15,0,30.08,1018.3,10,21,FEW,null,null,null,6500,null,null,null,null,null,null,null,null,null,null,77,KMFE 202153Z 16015G21KT 10SM FEW065 25/14 A3008 RMK AO2 SLP183 T02500139 $,null
MFE,2023-12-20 22:53,74,55,51.47,140,12,0,30.08,1018.4,10,null,CLR,null,null,null,null,null,null,null,null,null,null,null,null,null,null,74,KMFE 202253Z 14012KT 10SM CLR 23/13 A3008 RMK AO2 SLP184 T02330128 $,null
MFE,2023-12-20 23:53,71,57,61.24,140,8,0,30.1,1019,10,null,BKN,null,null,null,7000,null,null,null,null,null,null,null,null,null,null,71,KMFE 202353Z 14008KT 10SM BKN070 22/14 A3010 RMK AO2 SLP190 T02170139 10256 20217 53006 $,null
MFE,2023-12-21 0:53,69,57,65.57,120,6,0,30.12,1019.9,10,null,BKN,null,null,null,7000,null,null,null,null,null,null,null,null,null,null,69,KMFE 210053Z 12006KT 10SM BKN070 21/14 A3012 RMK AO2 SLP199 T02060139 $,null
MFE,2023-12-21 1:53,69,59,70.46,110,9,0,30.13,1020.2,10,null,BKN,null,null,null,7000,null,null,null,null,null,null,null,null,null,null,69,KMFE 210153Z 11009KT 10SM BKN070 21/15 A3013 RMK AO2 SLP202 T02060150 $,null
MFE,2023-12-21 2:53,66,58,75.39,120,9,0,30.15,1020.6,10,null,FEW,null,null,null,6000,null,null,null,null,null,null,null,null,null,null,66,KMFE 210253Z 12009KT 10SM FEW060 19/14 A3015 RMK AO2 SLP206 T01890144 51017 $,null
MFE,2023-12-21 3:53,66,59,78.14,110,8,0,30.16,1021.1,10,null,CLR,null,null,null,null,null,null,null,null,null,null,null,null,null,null,66,KMFE 210353Z 11008KT 10SM CLR 19/15 A3016 RMK AO2 SLP211 T01890150 $,null
MFE,2023-12-21 4:53,65,60,83.84,120,6,0,30.16,1021.2,10,null,CLR,null,null,null,null,null,null,null,null,null,null,null,null,null,null,65,KMFE 210453Z 12006KT 10SM CLR 18/16 A3016 RMK AO2 SLP212 T01830156 $,null
MFE,2023-12-21 5:53,63,60,89.93,120,4,0,30.15,1020.9,10,null,FEW,null,null,null,6500,null,null,null,null,null,null,null,null,null,null,63,KMFE 210553Z AUTO 12004KT 10SM FEW065 17/16 A3015 RMK AO2 SLP209 T01720156 10217 20172 402560122 50002 $,null
MFE,2023-12-21 6:53,64,61,89.97,110,5,0,30.13,1020.2,10,null,SCT,null,null,null,6500,null,null,null,null,null,null,null,null,null,null,64,KMFE 210653Z AUTO 11005KT 10SM SCT065 18/16 A3013 RMK AO2 SLP202 T01780161 $,null
MFE,2023-12-21 7:53,63,61,93.18,120,5,0,30.12,1019.8,10,null,FEW,null,null,null,3400,null,null,null,null,null,null,null,null,null,null,63,KMFE 210753Z AUTO 12005KT 10SM FEW034 17/16 A3012 RMK AO2 SLP198 T01720161 $,null
MFE,2023-12-21 8:53,64,62,93.21,110,5,0,30.12,1019.8,10,null,FEW,null,null,null,3000,null,null,null,null,null,null,null,null,null,null,64,KMFE 210853Z AUTO 11005KT 10SM FEW030 18/17 A3012 RMK AO2 SLP198 T01780167 56011 $,null
MFE,2023-12-21 9:53,65,63,93.24,110,8,0,30.1,1019.2,10,null,SCT,SCT,null,null,4100,6000,null,null,null,null,null,null,null,null,null,65,KMFE 210953Z AUTO 11008KT 10SM SCT041 SCT060 18/17 A3010 RMK AO2 SLP192 T01830172 $,null
MFE,2023-12-21 10:53,64,62,93.21,120,6,0,30.1,1019.2,10,null,CLR,null,null,null,null,null,null,null,null,null,null,null,null,null,null,64,KMFE 211053Z AUTO 12006KT 10SM CLR 18/17 A3010 RMK AO2 SLP192 T01780167 $,null
MFE,2023-12-21 11:53,65,63,93.24,110,6,0,30.12,1019.7,10,null,FEW,FEW,null,null,2700,5000,null,null,null,null,null,null,null,null,null,65,KMFE 211153Z 11006KT 10SM FEW027 FEW050 18/17 A3012 RMK AO2 SLP197 T01830172 10183 20161 55001 $,null
MFE,2023-12-21 12:53,65,63,93.24,120,6,0,30.14,1020.6,10,null,SCT,null,null,null,5500,null,null,null,null,null,null,null,null,null,null,65,KMFE 211253Z 12006KT 10SM SCT055 18/17 A3014 RMK AO2 SLP206 T01830172 $,null
MFE,2023-12-21 13:53,65,63,93.24,110,6,0,30.16,1021,10,null,CLR,null,null,null,null,null,null,null,null,null,null,null,null,null,null,65,KMFE 211353Z 11006KT 10SM CLR 18/17 A3016 RMK AO2 SLP210 T01830172 $,null
MFE,2023-12-21 14:53,69,64,84.09,110,9,0,30.17,1021.4,10,null,CLR,null,null,null,null,null,null,null,null,null,null,null,null,null,null,69,KMFE 211453Z 11009KT 10SM CLR 21/18 A3017 RMK AO2 SLP214 T02060178 51017 $,null
MFE,2023-12-21 15:53,71,65,81.34,120,15,0,30.19,1022.1,10,null,FEW,FEW,BKN,null,2700,3300,6000,null,null,null,null,null,null,null,null,71,KMFE 211553Z 12015KT 10SM FEW027 FEW033 BKN060 22/18 A3019 RMK AO2 SLP221 T02170183 $,null
MFE,2023-12-21 16:53,74,67,78.78,120,11,0,30.2,1022.3,10,null,FEW,SCT,BKN,null,1500,4100,7500,null,null,null,null,null,null,null,null,74,KMFE 211653Z 12011KT 10SM FEW015 SCT041 BKN075 23/19 A3020 RMK AO2 SLP223 T02330194 $,null
MFE,2023-12-21 17:53,76,65,68.74,110,11,0,30.17,1021.6,10,null,SCT,BKN,BKN,null,2400,4500,5500,null,null,null,null,null,null,null,null,76,KMFE 211753Z 11011KT 10SM SCT024 BKN045 BKN055 24/18 A3017 RMK AO2 SLP216 T02440183 10244 20178 50002 $,null
MFE,2023-12-21 18:53,78,63,59.98,130,11,0,30.14,1020.5,10,null,FEW,SCT,null,null,4700,6000,null,null,null,null,null,null,null,null,null,78,KMFE 211853Z 13011KT 10SM FEW047 SCT060 26/17 A3014 RMK AO2 SLP205 T02560172 $,null
MFE,2023-12-21 19:53,74,64,70.97,170,11,0,30.13,1020.1,10,null,FEW,BKN,OVC,null,3400,5500,7500,null,null,null,null,null,27,130,2023-12-21 19:34,74,KMFE 211953Z 17011KT 10SM FEW034 BKN055 OVC075 23/18 A3013 RMK AO2 PK WND 13027/1934 SLP201 T02330178 $,null
MFE,2023-12-21 20:53,76,64,66.38,150,9,0,30.11,1019.4,10,null,SCT,BKN,BKN,null,6000,7500,8500,null,null,null,null,null,null,null,null,76,KMFE 212053Z 15009KT 10SM SCT060 BKN075 BKN085 24/18 A3011 RMK AO2 SLP194 T02440178 56021,null
MFE,2023-12-21 21:53,75,64,68.64,120,11,0,30.11,1019.3,10,null,BKN,OVC,null,null,6500,8000,null,null,null,null,null,null,null,null,null,75,KMFE 212153Z 12011KT 10SM BKN065 OVC080 24/18 A3011 RMK AO2 SLP193 T02390178,null
MFE,2023-12-21 22:53,74,63,68.53,130,11,0,30.11,1019.3,10,null,BKN,OVC,null,null,6000,7500,null,null,null,null,null,null,null,null,null,74,KMFE 212253Z 13011KT 10SM BKN060 OVC075 23/17 A3011 RMK AO2 SLP193 T02330172,null
MFE,2023-12-21 23:53,72,63,73.31,110,6,0,30.12,1019.7,10,null,CLR,null,null,null,null,null,null,null,null,null,null,null,null,null,null,72,KMFE 212353Z 11006KT 10SM CLR 22/17 A3012 RMK AO2 SLP197 T02220172 10261 20222 53003,null
MFE,2023-12-22 0:53,70,63,78.46,100,10,0,30.12,1019.9,10,null,CLR,null,null,null,null,null,null,null,null,null,null,null,null,null,null,70,KMFE 220053Z 10010KT 10SM CLR 21/17 A3012 RMK AO2 SLP199 T02110172,null
MFE,2023-12-22 1:53,69,63,81.19,110,7,0,30.16,1021,10,null,CLR,null,null,null,null,null,null,null,null,null,null,null,null,null,null,69,KMFE 220153Z 11007KT 10SM CLR 21/17 A3016 RMK AO2 SLP210 T02060172,null
MFE,2023-12-22 2:53,68,64,87.03,110,9,0,30.15,1020.9,10,null,BKN,null,null,null,8000,null,null,null,null,null,null,null,null,null,null,68,KMFE 220253Z 11009KT 10SM BKN080 20/18 A3015 RMK AO2 SLP209 T02000178 50012,null
MFE,2023-12-22 3:53,67,64,90.09,120,5,0,30.16,1021.2,10,null,FEW,null,null,null,8000,null,null,null,null,null,null,null,null,null,null,67,KMFE 220353Z 12005KT 10SM FEW080 19/18 A3016 RMK AO2 SLP212 T01940178,null
MFE,2023-12-22 4:53,66,64,93.26,120,5,0,30.16,1021.3,10,null,FEW,null,null,null,7000,null,null,null,null,null,null,null,null,null,null,66,KMFE 220453Z 12005KT 10SM FEW070 19/18 A3016 RMK AO2 SLP213 T01890178,null
MFE,2023-12-22 5:53,65,63,93.24,130,5,0,30.15,1020.7,10,null,CLR,null,null,null,null,null,null,null,null,null,null,null,null,null,null,65,KMFE 220553Z AUTO 13005KT 10SM CLR 18/17 A3015 RMK AO2 SLP207 T01830172 10222 20183 402610161 58002,null
MFE,2023-12-22 6:53,66,65,96.58,110,5,0,30.13,1019.9,10,null,CLR,null,null,null,null,null,null,null,null,null,null,null,null,null,null,66,KMFE 220653Z AUTO 11005KT 10SM CLR 19/18 A3013 RMK AO2 SLP199 T01890183,null
MFE,2023-12-22 7:53,67,65,93.29,60,3,0,30.13,1020.1,10,null,CLR,null,null,null,null,null,null,null,null,null,null,null,null,null,null,67,KMFE 220753Z AUTO 06003KT 10SM CLR 19/18 A3013 RMK AO2 SLP201 T01940183,null
MFE,2023-12-22 8:53,67,65,93.29,80,3,0,30.12,1019.8,10,null,CLR,null,null,null,null,null,null,null,null,null,null,null,null,null,null,67,KMFE 220853Z AUTO 08003KT 10SM CLR 19/18 A3012 RMK AO2 SLP198 T01940183 56008,null
MFE,2023-12-22 9:53,67,65,93.29,80,5,0,30.11,1019.4,10,null,CLR,null,null,null,null,null,null,null,null,null,null,null,null,null,null,67,KMFE 220953Z AUTO 08005KT 10SM CLR 19/18 A3011 RMK AO2 SLP194 T01940183,null
MFE,2023-12-22 10:53,66,65,96.58,90,3,0,30.11,1019.5,10,null,CLR,null,null,null,null,null,null,null,null,null,null,null,null,null,null,66,KMFE 221053Z AUTO 09003KT 10SM CLR 19/18 A3011 RMK AO2 SLP195 T01890183,null
MFE,2023-12-22 11:37,67,65,93.29,70,3,0,30.13,null,10,null,BKN,null,null,null,900,null,null,null,null,null,null,null,null,null,null,67,KMFE 221137Z AUTO 07003KT 10SM BKN009 19/18 A3013 RMK AO2 T01940183,null
MFE,2023-12-22 11:53,67,66,96.59,0,0,0,30.13,1020.1,10,null,OVC,null,null,null,800,null,null,null,null,null,null,null,null,null,null,67,KMFE 221153Z 00000KT 10SM OVC008 19/19 A3013 RMK AO2 SLP201 T01940189 10194 20178 53002,null
MFE,2023-12-22 12:53,67,65,93.29,150,3,0,30.14,1020.6,10,null,OVC,null,null,null,500,null,null,null,null,null,null,null,null,null,null,67,KMFE 221253Z 15003KT 10SM OVC005 19/18 A3014 RMK AO2 SLP206 T01940183,null
MFE,2023-12-22 13:05,66,65,96.58,150,3,0,30.14,null,10,null,OVC,null,null,null,400,null,null,null,null,null,null,null,null,null,null,66,KMFE 221305Z 15003KT 10SM OVC004 19/18 A3014 RMK AO2 T01890183,null
MFE,2023-12-22 13:37,66,66,100,0,0,0,30.15,null,1.75,null,OVC,null,null,null,300,null,null,null,BR,null,null,null,null,null,null,66,KMFE 221337Z 00000KT 1 3/4SM BR OVC003 19/19 A3015 RMK AO2 T01890189,null
MFE,2023-12-22 13:42,66,66,100,0,0,0,30.16,null,0.5,null,OVC,null,null,null,300,null,null,null,FG,null,null,null,null,null,null,66,KMFE 221342Z 00000KT 1/2SM FG OVC003 19/19 A3016 RMK AO2 T01890189,null
MFE,2023-12-22 13:53,66,66,100,0,0,0,30.16,1021,0.5,null,VV ,null,null,null,400,null,null,null,FG,null,null,null,null,null,null,66,KMFE 221353Z 00000KT 1/2SM FG VV004 19/19 A3016 RMK AO2 SLP210 T01890189,null
MFE,2023-12-22 14:04,67,66,96.59,0,0,0,30.16,null,2,null,OVC,null,null,null,300,null,null,null,BR,null,null,null,null,null,null,67,KMFE 221404Z 00000KT 2SM BR OVC003 19/19 A3016 RMK AO2 VIS 1V4 T01940189,null
MFE,2023-12-22 14:05,67,66,96.59,0,0,0,30.16,null,1,null,OVC,null,null,null,300,null,null,null,BR,null,null,null,null,null,null,67,KMFE 221405Z 00000KT 1SM BR OVC003 19/19 A3016 RMK AO2 T01940189,null
MFE,2023-12-22 14:19,67,67,100,0,0,0,30.17,null,2,null,OVC,null,null,null,400,null,null,null,BR,null,null,null,null,null,null,67,KMFE 221419Z 00000KT 2SM BR OVC004 19/19 A3017 RMK AO2 T01940194,null
MFE,2023-12-22 14:26,67,66,96.59,0,0,0,30.17,null,5,null,OVC,null,null,null,300,null,null,null,BR,null,null,null,null,null,null,67,KMFE 221426Z 00000KT 5SM BR OVC003 19/19 A3017 RMK AO2 T01940189,null
MFE,2023-12-22 14:43,68,67,96.61,0,0,0,30.17,null,5,null,OVC,null,null,null,500,null,null,null,BR,null,null,null,null,null,null,68,KMFE 221443Z 00000KT 5SM BR OVC005 20/19 A3017 RMK AO2 T02000194,null
MFE,2023-12-22 14:53,68,67,96.61,100,3,0,30.18,1021.7,5,null,OVC,null,null,null,500,null,null,null,BR,null,null,null,null,null,null,68,KMFE 221453Z 10003KT 5SM BR OVC005 20/19 A3018 RMK AO2 SLP217 T02000194 53011,null
MFE,2023-12-22 15:17,68,67,96.61,120,3,0,30.19,null,10,null,OVC,null,null,null,400,null,null,null,null,null,null,null,null,null,null,68,KMFE 221517Z 12003KT 10SM OVC004 20/19 A3019 RMK AO2 T02000194,null
MFE,2023-12-22 15:34,69,67,93.35,150,3,0,30.19,null,10,null,OVC,null,null,null,500,null,null,null,null,null,null,null,null,null,null,69,KMFE 221534Z 15003KT 10SM OVC005 21/19 A3019 RMK AO2 T02060194,null
MFE,2023-12-22 15:53,69,67,93.35,120,4,0,30.19,1022.1,10,null,OVC,null,null,null,500,null,null,null,null,null,null,null,null,null,null,69,KMFE 221553Z 12004KT 10SM OVC005 21/19 A3019 RMK AO2 SLP221 T02060194,null
MFE,2023-12-22 16:53,70,67,90.21,0,0,0,30.2,1022.4,10,null,BKN,null,null,null,700,null,null,null,null,null,null,null,null,null,null,70,KMFE 221653Z 00000KT 10SM BKN007 21/19 A3020 RMK AO2 SLP224 T02110194,null
MFE,2023-12-22 17:32,71,67,87.19,0,0,0,30.18,null,10,null,SCT,null,null,null,900,null,null,null,null,null,null,null,null,null,null,71,KMFE 221732Z 00000KT 10SM SCT009 22/19 A3018 RMK AO2 T02170194,null
MFE,2023-12-22 17:53,72,67,84.28,120,3,0,30.16,1021.1,10,null,SCT,null,null,null,900,null,null,null,null,null,null,null,null,null,null,72,KMFE 221753Z 12003KT 10SM SCT009 22/19 A3016 RMK AO2 SLP211 T02220194 10222 20189 58006,null
MFE,2023-12-22 18:53,75,66,73.59,160,4,0,30.13,1020.1,10,null,SCT,null,null,null,1600,null,null,null,null,null,null,null,null,null,null,75,KMFE 221853Z 16004KT 10SM SCT016 24/19 A3013 RMK AO2 SLP201 T02390189,null
MFE,2023-12-22 19:53,75,65,71.08,130,7,0,30.09,1018.9,10,null,FEW,null,null,null,2300,null,null,null,null,null,null,null,null,null,null,75,KMFE 221953Z 13007KT 10SM FEW023 24/18 A3009 RMK AO2 SLP189 T02390183,null
MFE,2023-12-22 20:53,75,65,71.08,160,3,0,30.09,1018.7,10,null,FEW,null,null,null,2400,null,null,null,null,null,null,null,null,null,null,75,KMFE 222053Z 16003KT 10SM FEW024 24/18 A3009 RMK AO2 SLP187 T02390183 56024,null
MFE,2023-12-22 21:53,75,65,71.08,130,5,0,30.08,1018.4,10,null,SCT,null,null,null,2700,null,null,null,null,null,null,null,null,null,null,75,KMFE 222153Z 13005KT 10SM SCT027 24/18 A3008 RMK AO2 SLP184 T02390183,null
MFE,2023-12-22 22:53,75,64,68.64,150,4,0,30.09,1018.6,10,null,CLR,null,null,null,null,null,null,null,null,null,null,null,null,null,null,75,KMFE 222253Z 15004KT 10SM CLR 24/18 A3009 RMK AO2 SLP186 T02390178,null
MFE,2023-12-22 23:53,72,64,75.92,120,3,0,30.1,1018.9,10,null,CLR,null,null,null,null,null,null,null,null,null,null,null,null,null,null,72,KMFE 222353Z 12003KT 10SM CLR 22/18 A3010 RMK AO2 SLP189 T02220178 10244 20222 53002,null
MFE,2023-12-23 0:53,70,64,81.27,120,3,0,30.1,1019.2,10,null,CLR,null,null,null,null,null,null,null,null,null,null,null,null,null,null,70,KMFE 230053Z 12003KT 10SM CLR 21/18 A3010 RMK AO2 SLP192 T02110178,null
MFE,2023-12-23 1:34,70,65,84.16,120,5,0,30.11,null,10,null,BKN,BKN,OVC,null,2700,3200,4300,null,null,null,null,null,null,null,null,70,KMFE 230134Z 12005KT 10SM BKN027 BKN032 OVC043 21/18 A3011 RMK AO2 T02110183,null
MFE,2023-12-23 1:53,70,66,87.14,90,5,0,30.12,1019.7,10,null,SCT,BKN,OVC,null,2600,3900,8000,null,null,null,null,null,null,null,null,70,KMFE 230153Z 09005KT 10SM SCT026 BKN039 OVC080 21/19 A3012 RMK AO2 SLP197 T02110189,null
MFE,2023-12-23 2:53,69,64,84.09,130,4,0,30.13,1020.2,10,null,OVC,null,null,null,7500,null,null,null,null,null,null,null,null,null,null,69,KMFE 230253Z 13004KT 10SM OVC075 21/18 A3013 RMK AO2 SLP202 T02060178 53013,null
MFE,2023-12-23 3:53,67,64,90.09,130,5,0,30.14,1020.4,10,null,SCT,null,null,null,8000,null,null,null,null,null,null,null,null,null,null,67,KMFE 230353Z 13005KT 10SM SCT080 19/18 A3014 RMK AO2 SLP204 T01940178,null
MFE,2023-12-23 4:53,67,66,96.59,120,5,0,30.13,1020.2,10,null,CLR,null,null,null,null,null,null,null,null,null,null,null,null,null,null,67,KMFE 230453Z 12005KT 10SM CLR 19/19 A3013 RMK AO2 SLP202 T01940189,null
MFE,2023-12-23 5:53,65,64,96.57,140,5,0,30.1,1019.2,8,null,CLR,null,null,null,null,null,null,null,null,null,null,null,null,null,null,65,KMFE 230553Z AUTO 14005KT 8SM CLR 18/18 A3010 RMK AO2 SLP192 T01830178 10222 20183 402440183 58010,null
MFE,2023-12-23 6:42,64,64,100,150,4,0,30.1,null,5,null,SCT,null,null,null,500,null,null,null,BR,null,null,null,null,null,null,64,KMFE 230642Z AUTO 15004KT 5SM BR SCT005 18/18 A3010 RMK AO2 T01780178,null
MFE,2023-12-23 6:47,64.4,62.6,93.88,140,3,0,30.09,null,4,null,BKN,null,null,null,400,null,null,null,BR,null,null,null,null,null,null,64.4,KMFE 230647Z AUTO 14003KT 4SM BR BKN004 18/17 A3009 RMK AO2,null
MFE,2023-12-23 6:51,64.4,62.6,93.88,130,3,0,30.09,null,1.5,null,BKN,null,null,null,400,null,null,null,BR,null,null,null,null,null,null,64.4,KMFE 230651Z AUTO 13003KT 1 1/2SM BR BKN004 18/17 A3009 RMK AO2,null
MFE,2023-12-23 6:53,64,63,96.55,120,4,0,30.08,1018.5,1.5,null,BKN,null,null,null,200,null,null,null,BR,null,null,null,null,null,null,64,KMFE 230653Z AUTO 12004KT 1 1/2SM BR BKN002 18/17 A3008 RMK AO2 PRESFR SLP185 T01780172,null
MFE,2023-12-23 7:19,65,65,100,130,6,0,30.07,null,0.5,null,VV ,null,null,null,200,null,null,null,FG,null,null,null,null,null,null,65,KMFE 230719Z AUTO 13006KT 1/2SM FG VV002 18/18 A3007 RMK AO2 T01830183,null
MFE,2023-12-23 7:27,65,65,100,130,5,0,30.08,null,0.25,null,VV ,null,null,null,200,null,null,null,FG,null,null,null,null,null,null,65,KMFE 230727Z AUTO 13005KT 1/4SM FG VV002 18/18 A3008 RMK AO2 T01830183,null
MFE,2023-12-23 7:53,66,66,100,130,5,0,30.08,1018.5,0.25,null,VV ,null,null,null,200,null,null,null,FG,null,null,null,null,null,null,66,KMFE 230753Z AUTO 13005KT 1/4SM FG VV002 19/19 A3008 RMK AO2 SLP185 T01890189,null
MFE,2023-12-23 8:12,66,66,100,120,5,0,30.08,null,0.5,null,VV ,null,null,null,200,null,null,null,FG,null,null,null,null,null,null,66,KMFE 230812Z AUTO 12005KT 1/2SM FG VV002 19/19 A3008 RMK AO2 T01890189,null
MFE,2023-12-23 8:51,64.4,64.4,100,130,4,0,30.07,null,0.25,null,VV ,null,null,null,200,null,null,null,FG,null,null,null,null,null,null,64.4,KMFE 230851Z AUTO 13004KT 1/4SM FG VV002 18/18 A3007 RMK AO2,null
MFE,2023-12-23 8:53,65,65,100,120,4,0,30.07,1018,0.25,null,VV ,null,null,null,200,null,null,null,FG,null,null,null,null,null,null,65,KMFE 230853Z AUTO 12004KT 1/4SM FG VV002 18/18 A3007 RMK AO2 SLP180 T01830183 57006,null
MFE,2023-12-23 9:08,66,66,100,110,4,0,30.06,null,0.75,null,VV ,null,null,null,200,null,null,null,BR,null,null,null,null,null,null,66,KMFE 230908Z AUTO 11004KT 3/4SM BR VV002 19/19 A3006 RMK AO2 T01890189,null
MFE,2023-12-23 9:53,66,66,100,120,5,0,30.04,1017.1,0.5,null,VV ,null,null,null,200,null,null,null,FG,null,null,null,null,null,null,66,KMFE 230953Z AUTO 12005KT 1/2SM FG VV002 19/19 A3004 RMK AO2 SLP171 T01890189,null
MFE,2023-12-23 10:29,66,66,100,110,5,0,30.03,null,1,null,VV ,null,null,null,200,null,null,null,BR,null,null,null,null,null,null,66,KMFE 231029Z AUTO 11005KT 1SM BR VV002 19/19 A3003 RMK AO2 T01890189,null
MFE,2023-12-23 10:38,66,66,100,110,5,0,30.03,null,0.75,null,VV ,null,null,null,200,null,null,null,BR,null,null,null,null,null,null,66,KMFE 231038Z AUTO 11005KT 3/4SM BR VV002 19/19 A3003 RMK AO2 T01890189,null
MFE,2023-12-23 10:53,66,66,100,90,5,0,30.03,1016.6,0.5,null,VV ,null,null,null,200,null,null,null,FG,null,null,null,null,null,null,66,KMFE 231053Z AUTO 09005KT 1/2SM FG VV002 19/19 A3003 RMK AO2 SLP166 T01890189,null
MFE,2023-12-23 11:53,66,66,100,110,5,0,30.03,1016.6,0.75,null,VV ,null,null,null,200,null,null,null,BR,null,null,null,null,null,null,66,KMFE 231153Z 11005KT 3/4SM BR VV002 19/19 A3003 RMK AO2 SLP166 T01890189 10189 20178 56014,null
MFE,2023-12-23 12:19,67,67,100,110,5,0,30.03,null,1.25,null,OVC,null,null,null,300,null,null,null,BR,null,null,null,null,null,null,67,KMFE 231219Z 11005KT 1 1/4SM BR OVC003 19/19 A3003 RMK AO2 T01940194,null
MFE,2023-12-23 12:53,67,67,100,120,4,0,30.04,1016.9,0.75,null,VV ,null,null,null,200,null,null,null,BR,null,null,null,null,null,null,67,KMFE 231253Z 12004KT 3/4SM BR VV002 19/19 A3004 RMK AO2 SLP169 T01940194,null
MFE,2023-12-23 13:13,67,67,100,140,5,0,30.04,null,0.25,null,VV ,null,null,null,200,null,null,null,FG,null,null,null,null,null,null,67,KMFE 231313Z 14005KT 1/4SM FG VV002 19/19 A3004 RMK AO2 T01940194,null
MFE,2023-12-23 13:53,67,67,100,90,6,0,30.03,1016.8,0.25,null,VV ,null,null,null,200,null,null,null,FG,null,null,null,null,null,null,67,KMFE 231353Z 09006KT 1/4SM FG VV002 19/19 A3003 RMK AO2 SLP168 T01940194,null
MFE,2023-12-23 14:04,67,67,100,110,7,0,30.03,null,1,null,OVC,null,null,null,300,null,null,null,BR,null,null,null,null,null,null,67,KMFE 231404Z 11007KT 1SM BR OVC003 19/19 A3003 RMK AO2 T01940194,null
MFE,2023-12-23 14:14,68,68,100,100,7,0,30.03,null,4,null,OVC,null,null,null,300,null,null,null,BR,null,null,null,null,null,null,68,KMFE 231414Z 10007KT 4SM BR OVC003 20/20 A3003 RMK AO2 T02000200,null
MFE,2023-12-23 14:16,67,67,100,100,8,0,30.04,null,1,null,OVC,null,null,null,300,null,null,null,BR,null,null,null,null,null,null,67,KMFE 231416Z 10008KT 1SM BR OVC003 19/19 A3004 RMK AO2 T01940194,null
MFE,2023-12-23 14:53,67,67,100,140,5,0,30.07,1018,9,null,OVC,null,null,null,300,null,null,null,null,null,null,null,null,null,null,67,KMFE 231453Z 14005KT 9SM OVC003 19/19 A3007 RMK AO2 SLP180 T01940194 53014,null
MFE,2023-12-23 15:53,68,68,100,150,5,T,30.07,1018,7,null,OVC,null,null,null,400,null,null,null,#NAME?,null,null,null,null,null,null,68,KMFE 231553Z 15005KT 7SM -RA OVC004 20/20 A3007 RMK AO2 RAB19 SLP180 P0000 T02000200,null
MFE,2023-12-23 16:40,70,69,96.64,120,8,T,30.05,null,10,null,OVC,null,null,null,500,null,null,null,null,null,null,null,null,null,null,70,KMFE 231640Z 12008KT 10SM OVC005 21/21 A3005 RMK AO2 RAE01 CIG 004V008 P0000 T02110206,null
MFE,2023-12-23 16:53,70,69,96.64,130,9,T,30.05,1017.3,10,null,OVC,null,null,null,600,null,null,null,null,null,null,null,null,null,null,70,KMFE 231653Z 13009KT 10SM OVC006 21/21 A3005 RMK AO2 RAE01 CIG 004V009 SLP173 P0000 T02110206,null
MFE,2023-12-23 17:34,71,69,93.4,130,8,0,30.03,null,10,null,SCT,SCT,BKN,null,900,1200,11000,null,null,null,null,null,null,null,null,71,KMFE 231734Z 13008KT 10SM SCT009 SCT012 BKN110 22/21 A3003 RMK AO2 T02170206,null
MFE,2023-12-23 17:53,71,69,93.4,140,8,0,30.03,1016.5,10,null,FEW,OVC,null,null,1000,11000,null,null,null,null,null,null,null,null,null,71,KMFE 231753Z 14008KT 10SM FEW010 OVC110 22/21 A3003 RMK AO2 SLP165 60000 T02170206 10217 20189 58014,null
MFE,2023-12-23 18:42,72,69,90.28,160,11,T,29.99,null,10,null,SCT,BKN,BKN,null,1200,1700,11000,null,null,null,null,null,null,null,null,72,KMFE 231842Z 16011KT 10SM SCT012 BKN017 BKN110 22/21 A2999 RMK AO2 RAB05E29 P0000 T02220206,null
MFE,2023-12-23 18:53,73,69,87.29,170,10,T,29.99,1015.2,10,null,BKN,OVC,null,null,1500,10000,null,null,null,null,null,null,null,null,null,73,KMFE 231853Z 17010KT 10SM BKN015 OVC100 23/21 A2999 RMK AO2 RAB05E29 SLP152 P0000 T02280206,null
MFE,2023-12-23 19:08,72,68,87.24,160,12,0,29.98,null,10,null,BKN,BKN,OVC,null,1300,3500,10000,null,null,null,null,null,null,null,null,72,KMFE 231908Z 16012KT 10SM BKN013 BKN035 OVC100 22/20 A2998 RMK AO2 T02220200,null
MFE,2023-12-23 19:50,71.6,66.2,83.09,160,11,0,29.95,null,10,null,BKN,BKN,null,null,1600,12000,null,null,null,null,null,null,null,null,null,71.6,KMFE 231950Z 16011KT 10SM BKN016 BKN120 22/19 A2995 RMK AO2,null
MFE,2023-12-23 19:53,73,67,81.48,170,12,0,29.95,1014.1,10,null,BKN,OVC,null,null,1600,11000,null,null,null,null,null,null,null,null,null,73,KMFE 231953Z 17012KT 10SM BKN016 OVC110 23/19 A2995 RMK AO2 SLP141 T02280194,null
MFE,2023-12-23 20:05,72,66,81.41,160,11,T,29.95,null,10,null,SCT,OVC,null,null,1500,11000,null,null,#NAME?,null,null,null,null,null,null,72,KMFE 232005Z 16011KT 10SM -RA SCT015 OVC110 22/19 A2995 RMK AO2 RAB01 P0000 T02220189,null
MFE,2023-12-23 20:53,70,67,90.21,150,10,0.01,29.94,1013.7,10,null,OVC,null,null,null,11000,null,null,null,null,null,null,null,null,null,null,70,KMFE 232053Z 15010KT 10SM OVC110 21/19 A2994 RMK AO2 RAB01E50 SLP137 P0001 60001 T02110194 56015,null
MFE,2023-12-23 21:53,70,67,90.21,140,6,0.01,29.93,1013.4,10,null,OVC,null,null,null,11000,null,null,null,#NAME?,null,null,null,null,null,null,70,KMFE 232153Z 14006KT 10SM -RA OVC110 21/19 A2993 RMK AO2 RAB18 SLP134 P0001 T02110194,null
MFE,2023-12-23 22:53,69,66,90.17,100,7,T,29.89,1012.1,10,null,null,null,null,null,null,null,null,null,null,null,null,null,null,null,null,69,KMFE 232253Z 10007KT 10SM 21/19 A2989 RMK AO2 RAE2159 SLP121 P0000 T02060189 $,null
MFE,2023-12-23 22:56,69,66,90.17,110,9,0,29.9,null,10,null,OVC,null,null,null,11000,null,null,null,null,null,null,null,null,null,null,69,KMFE 232256Z 11009KT 10SM OVC110 21/19 A2990 RMK AO2 T02060189 $,null
MFE,2023-12-23 23:53,69,66,90.17,110,11,0,29.88,1011.5,10,null,OVC,null,null,null,11000,null,null,null,null,null,null,null,null,null,null,69,KMFE 232353Z 11011KT 10SM OVC110 21/19 A2988 RMK AO2 SLP115 60002 T02060189 10228 20206 58022 $,null
MFE,2023-12-24 0:53,68,66,93.32,120,7,0,29.9,1012.4,10,null,CLR,null,null,null,null,null,null,null,null,null,null,null,null,null,null,68,KMFE 240053Z 12007KT 10SM CLR 20/19 A2990 RMK AO2 SLP124 T02000189 $,null
MFE,2023-12-24 1:46,68,66,93.32,130,3,0,29.91,null,10,null,BKN,null,null,null,1000,null,null,null,null,null,null,null,null,null,null,68,KMFE 240146Z 13003KT 10SM BKN010 20/19 A2991 RMK AO2 CIG 009V014 T02000189 $,null
MFE,2023-12-24 1:53,68,66,93.32,0,0,0,29.92,1012.8,10,null,BKN,null,null,null,1000,null,null,null,null,null,null,null,null,null,null,68,KMFE 240153Z 00000KT 10SM BKN010 20/19 A2992 RMK AO2 CIG 009V014 SLP128 T02000189 $,null
MFE,2023-12-24 2:24,67,66,96.59,0,0,0,29.92,null,10,null,SCT,BKN,null,null,1000,1700,null,null,null,null,null,null,null,null,null,67,KMFE 240224Z 00000KT 10SM SCT010 BKN017 19/19 A2992 RMK AO2 T01940189 $,null
MFE,2023-12-24 2:53,67,66,96.59,100,3,0,29.92,1013,10,null,BKN,OVC,null,null,1500,2100,null,null,null,null,null,null,null,null,null,67,KMFE 240253Z 10003KT 10SM BKN015 OVC021 19/19 A2992 RMK AO2 SLP130 T01940189 51015 $,null
MFE,2023-12-24 3:10,67,66,96.59,90,3,0,29.91,null,10,null,SCT,null,null,null,1700,null,null,null,null,null,null,null,null,null,null,67,KMFE 240310Z 09003KT 10SM SCT017 19/19 A2991 RMK AO2 T01940189 $,null
MFE,2023-12-24 3:53,67,66,96.59,120,9,0,29.9,1012.3,10,null,CLR,null,null,null,null,null,null,null,null,null,null,null,null,null,null,67,KMFE 240353Z 12009KT 10SM CLR 19/19 A2990 RMK AO2 SLP123 T01940189 $,null
MFE,2023-12-24 4:53,67,66,96.59,130,8,0,29.9,1012.2,10,null,CLR,null,null,null,null,null,null,null,null,null,null,null,null,null,null,67,KMFE 240453Z 13008KT 10SM CLR 19/19 A2990 RMK AO2 SLP122 T01940189 $,null
MFE,2023-12-24 5:53,65,65,100,120,7,0,29.87,1011.4,9,null,BKN,null,null,null,400,null,null,null,null,null,null,null,null,null,null,65,KMFE 240553Z 12007KT 9SM BKN004 18/18 A2987 RMK AO2 SLP114 T01830183 10206 20183 402280178 58015 $,null
MFE,2023-12-24 6:53,66,66,100,120,9,0,29.84,1010.4,7,null,OVC,null,null,null,300,null,null,null,null,null,null,null,null,null,null,66,KMFE 240653Z AUTO 12009KT 7SM OVC003 19/19 A2984 RMK AO2 SLP104 T01890189 $,null
MFE,2023-12-24 7:53,67,66,96.59,130,9,0,29.83,1009.9,9,null,OVC,null,null,null,300,null,null,null,null,null,null,null,null,null,null,67,KMFE 240753Z AUTO 13009KT 9SM OVC003 19/19 A2983 RMK AO2 SLP099 T01940189 $,null
MFE,2023-12-24 8:15,67,66,96.59,140,7,0,29.83,null,9,null,OVC,null,null,null,600,null,null,null,null,null,null,null,null,null,null,67,KMFE 240815Z AUTO 14007KT 9SM OVC006 19/19 A2983 RMK AO2 CIG 004V010 T01940189 $,null
MFE,2023-12-24 8:43,68,67,96.61,150,9,0,29.82,null,8,null,OVC,null,null,null,1000,null,null,null,null,null,null,null,null,null,null,68,KMFE 240843Z AUTO 15009KT 8SM OVC010 20/19 A2982 RMK AO2 CIG 006V012 T02000194 $,null
MFE,2023-12-24 8:53,68,67,96.61,150,7,0,29.82,1009.7,7,null,OVC,null,null,null,800,null,null,null,null,null,null,null,null,null,null,68,KMFE 240853Z AUTO 15007KT 7SM OVC008 20/19 A2982 RMK AO2 CIG 007V012 SLP097 T02000194 56017 $,null
MFE,2023-12-24 9:53,68,66,93.32,150,10,0,29.8,1008.9,10,null,OVC,null,null,null,1000,null,null,null,null,null,null,null,null,null,null,68,KMFE 240953Z AUTO 15010KT 10SM OVC010 20/19 A2980 RMK AO2 CIG 007V012 SLP089 T02000189 $,null
MFE,2023-12-24 10:53,68,66,93.32,150,11,0,29.79,1008.5,10,null,OVC,null,null,null,1200,null,null,null,null,null,null,null,null,null,null,68,KMFE 241053Z AUTO 15011KT 10SM OVC012 20/19 A2979 RMK AO2 SLP085 T02000189 $,null
MFE,2023-12-24 11:39,68,66,93.32,160,9,0,29.81,null,10,null,SCT,null,null,null,1300,null,null,null,null,null,null,null,null,null,null,68,KMFE 241139Z AUTO 16009KT 10SM SCT013 20/19 A2981 RMK AO2 T02000189 $,null
MFE,2023-12-24 11:53,68,66,93.32,160,8,0,29.81,1009.2,10,null,SCT,null,null,null,1200,null,null,null,null,null,null,null,null,null,null,68,KMFE 241153Z 16008KT 10SM SCT012 20/19 A2981 RMK AO2 SLP092 70002 T02000189 10200 20183 55005 $,null
MFE,2023-12-24 12:53,66,65,96.58,180,4,0,29.82,1009.7,10,null,CLR,null,null,null,null,null,null,null,null,null,null,null,null,null,null,66,KMFE 241253Z 18004KT 10SM CLR 19/18 A2982 RMK AO2 SLP097 T01890183 $,null
MFE,2023-12-24 13:53,65,65,100,190,3,0,29.83,1010,7,null,CLR,null,null,null,null,null,null,null,null,null,null,null,null,null,null,65,KMFE 241353Z 19003KT 7SM CLR 18/18 A2983 RMK AO2 SLP100 T01830183 $,null
MFE,2023-12-24 14:25,67,65,93.29,null,4,0,29.86,null,9,null,SCT,null,null,null,600,null,null,null,null,null,null,null,null,null,null,67,KMFE 241425Z VRB04KT 9SM SCT006 19/18 A2986 RMK AO2 T01940183 $,null
MFE,2023-12-24 14:46,66,64,93.26,280,6,0,29.87,null,9,null,BKN,null,null,null,600,null,null,null,null,null,null,null,null,null,null,66,KMFE 241446Z 28006KT 9SM BKN006 19/18 A2987 RMK AO2 T01890178 $,null
MFE,2023-12-24 14:53,66,64,93.26,260,6,0,29.86,1011.1,8,null,BKN,null,null,null,600,null,null,null,null,null,null,null,null,null,null,66,KMFE 241453Z 26006KT 8SM BKN006 19/18 A2986 RMK AO2 SLP111 T01890178 53018 $,null
MFE,2023-12-24 15:03,65,64,96.57,270,4,0,29.87,null,8,null,OVC,null,null,null,400,null,null,null,null,null,null,null,null,null,null,65,KMFE 241503Z 27004KT 8SM OVC004 18/18 A2987 RMK AO2 CIG 003V007 T01830178 $,null
MFE,2023-12-24 15:19,67,64,90.09,270,4,0,29.87,null,10,null,FEW,null,null,null,400,null,null,null,null,null,null,null,null,null,null,67,KMFE 241519Z 27004KT 10SM FEW004 19/18 A2987 RMK AO2 T01940178 $,null
MFE,2023-12-24 15:53,69,64,84.09,220,5,0,29.86,1010.9,10,null,FEW,null,null,null,400,null,null,null,null,null,null,null,null,null,null,69,KMFE 241553Z 22005KT 10SM FEW004 21/18 A2986 RMK AO2 SLP109 T02060178 $,null
MFE,2023-12-24 16:53,73,64,73.4,290,7,0,29.86,1011,10,null,CLR,null,null,null,null,null,null,null,null,null,null,null,null,null,null,73,KMFE 241653Z 29007KT 10SM CLR 23/18 A2986 RMK AO2 SLP110 T02280178 $,null
MFE,2023-12-24 17:53,74,64,70.97,260,8,0,29.85,1010.5,10,null,CLR,null,null,null,null,null,null,null,null,null,null,null,null,null,null,74,KMFE 241753Z 26008KT 10SM CLR 23/18 A2985 RMK AO2 SLP105 T02330178 10233 20178 58005 $,null
MFE,2023-12-24 18:53,73,64,73.4,280,7,0,29.82,1009.5,10,15,CLR,null,null,null,null,null,null,null,null,null,null,null,null,null,null,73,KMFE 241853Z 28007G15KT 10SM CLR 23/18 A2982 RMK AO2 SLP095 T02280178 $,null
MFE,2023-12-24 19:53,77,64,64.21,300,11,0,29.8,1008.8,10,17,CLR,null,null,null,null,null,null,null,null,null,null,null,null,null,null,77,KMFE 241953Z 30011G17KT 10SM CLR 25/18 A2980 RMK AO2 SLP088 T02500178 $,null
MFE,2023-12-24 20:53,80,62,54.22,310,13,0,29.78,1008.2,10,20,CLR,null,null,null,null,null,null,null,null,null,null,null,null,null,null,81.21,KMFE 242053Z 31013G20KT 10SM CLR 27/17 A2978 RMK AO2 SLP082 T02670167 56023 $,null
MFE,2023-12-24 21:53,81,59,47.17,330,13,0,29.78,1008.3,10,20,CLR,null,null,null,null,null,null,null,null,null,null,null,null,null,null,81.4,KMFE 242153Z 33013G20KT 10SM CLR 27/15 A2978 RMK AO2 SLP083 T02720150 $,null
MFE,2023-12-24 22:53,79,58,48.59,330,11,0,29.79,1008.6,10,null,CLR,null,null,null,null,null,null,null,null,null,null,null,null,null,null,79,KMFE 242253Z 33011KT 10SM CLR 26/14 A2979 RMK AO2 SLP086 T02610144 $,null
MFE,2023-12-24 23:53,75,59,57.5,350,8,0,29.82,1009.6,10,null,CLR,null,null,null,null,null,null,null,null,null,null,null,null,null,null,75,KMFE 242353Z 35008KT 10SM CLR 24/15 A2982 RMK AO2 SLP096 T02390150 10278 20222 53014 $,null
MFE,2023-12-25 0:53,73,59,61.5,20,5,0,29.86,1011,10,null,CLR,null,null,null,null,null,null,null,null,null,null,null,null,null,null,73,KMFE 250053Z 02005KT 10SM CLR 23/15 A2986 RMK AO2 SLP110 T02280150 $,null
MFE,2023-12-25 1:53,69,60,73.02,0,0,0,29.89,1011.9,10,null,CLR,null,null,null,null,null,null,null,null,null,null,null,null,null,null,69,KMFE 250153Z 00000KT 10SM CLR 21/16 A2989 RMK AO2 SLP119 T02060156 $,null
MFE,2023-12-25 2:53,65,60,83.84,0,0,0,29.9,1012.4,8,null,CLR,null,null,null,null,null,null,null,null,null,null,null,null,null,null,65,KMFE 250253Z 00000KT 8SM CLR 18/16 A2990 RMK AO2 SLP124 T01830156 51027 $,null
MFE,2023-12-25 3:53,65,59,80.9,0,0,0,29.92,1012.8,7,null,CLR,null,null,null,null,null,null,null,null,null,null,null,null,null,null,65,KMFE 250353Z 00000KT 7SM CLR 18/15 A2992 RMK AO2 SLP128 T01830150 $,null
MFE,2023-12-25 4:53,61,58,89.84,270,3,0,29.93,1013.5,8,null,CLR,null,null,null,null,null,null,null,null,null,null,null,null,null,null,61,KMFE 250453Z 27003KT 8SM CLR 16/14 A2993 RMK AO2 SLP135 T01610144 $,null
MFE,2023-12-25 5:53,61,58,89.84,0,0,0,29.95,1013.9,8,null,CLR,null,null,null,null,null,null,null,null,null,null,null,null,null,null,61,KMFE 250553Z 00000KT 8SM CLR 16/14 A2995 RMK AO2 SLP139 T01610144 10244 20161 402780161 51015 $,null
MFE,2023-12-25 6:53,60,56,86.61,290,3,0,29.95,1014,8,null,CLR,null,null,null,null,null,null,null,null,null,null,null,null,null,null,60,KMFE 250653Z AUTO 29003KT 8SM CLR 16/13 A2995 RMK AO2 SLP140 T01560133 $,null
MFE,2023-12-25 7:53,59,56,89.76,330,3,0,29.96,1014.2,8,null,CLR,null,null,null,null,null,null,null,null,null,null,null,null,null,null,59,KMFE 250753Z AUTO 33003KT 8SM CLR 15/13 A2996 RMK AO2 SLP142 T01500133 $,null
MFE,2023-12-25 8:53,59,52,77.55,350,4,0,29.96,1014.2,10,null,CLR,null,null,null,null,null,null,null,null,null,null,null,null,null,null,59,KMFE 250853Z AUTO 35004KT 10SM CLR 15/11 A2996 RMK AO2 SLP142 T01500111 51003 $,null
MFE,2023-12-25 9:53,58,51,77.47,0,0,0,29.96,1014.5,10,null,CLR,null,null,null,null,null,null,null,null,null,null,null,null,null,null,58,KMFE 250953Z AUTO 00000KT 10SM CLR 14/11 A2996 RMK AO2 SLP145 T01440106 $,null
MFE,2023-12-25 10:53,52,49,89.46,310,6,0,29.97,1014.7,10,null,CLR,null,null,null,null,null,null,null,null,null,null,null,null,null,null,52,KMFE 251053Z AUTO 31006KT 10SM CLR 11/09 A2997 RMK AO2 SLP147 T01110094 $,null
MFE,2023-12-25 11:53,55,49,80.15,300,4,0,30.01,1015.9,10,null,FEW,null,null,null,6000,null,null,null,null,null,null,null,null,null,null,55,KMFE 251153Z 30004KT 10SM FEW060 13/09 A3001 RMK AO2 SLP159 T01280094 10167 20111 53017 $,null
MFE,2023-12-25 12:53,55,47,74.36,330,4,0,30.05,1017.4,10,null,BKN,null,null,null,6500,null,null,null,null,null,null,null,null,null,null,55,KMFE 251253Z 33004KT 10SM BKN065 13/08 A3005 RMK AO2 SLP174 T01280083 $,null
MFE,2023-12-25 13:53,57,47,69.16,10,6,0,30.07,1018.1,10,null,CLR,null,null,null,null,null,null,null,null,null,null,null,null,null,null,57,KMFE 251353Z 01006KT 10SM CLR 14/08 A3007 RMK AO2 SLP181 T01390083 $,null
MFE,2023-12-25 14:53,58,48,69.27,360,11,0,30.1,1019.2,10,null,SCT,null,null,null,7000,null,null,null,null,null,null,null,null,null,null,58,KMFE 251453Z 36011KT 10SM SCT070 14/09 A3010 RMK AO2 SLP192 T01440089 51032 $,null
MFE,2023-12-25 15:53,63,49,60.2,20,10,0,30.11,1019.6,10,17,FEW,null,null,null,7500,null,null,null,null,null,null,null,null,null,null,63,KMFE 251553Z 02010G17KT 10SM FEW075 17/09 A3011 RMK AO2 SLP196 T01720094 $,null
MFE,2023-12-25 16:53,63,49,60.2,40,12,0,30.1,1019.2,10,null,SCT,null,null,null,7500,null,null,null,null,null,null,null,null,null,null,63,KMFE 251653Z 04012KT 10SM SCT075 17/09 A3010 RMK AO2 SLP192 T01720094 $,null
MFE,2023-12-25 17:53,67,49,52.37,350,9,0,30.09,1018.8,10,null,SCT,null,null,null,7000,null,null,null,null,null,null,null,null,null,null,67,KMFE 251753Z 35009KT 10SM SCT070 19/09 A3009 RMK AO2 SLP188 T01940094 10194 20122 58005 $,null
MFE,2023-12-25 18:53,68,48,48.73,340,10,0,30.06,1017.8,10,null,BKN,null,null,null,7000,null,null,null,null,null,null,null,null,null,null,68,KMFE 251853Z 34010KT 10SM BKN070 20/09 A3006 RMK AO2 SLP178 T02000089 $,null
MFE,2023-12-25 19:53,67,46,46.78,350,9,0,30.03,1016.9,10,null,OVC,null,null,null,7000,null,null,null,null,null,null,null,null,null,null,67,KMFE 251953Z 35009KT 10SM OVC070 19/08 A3003 RMK AO2 SLP169 T01940078 $,null
MFE,2023-12-25 20:53,67,45,45.04,360,9,0,30.03,1016.9,10,null,OVC,null,null,null,7500,null,null,null,null,null,null,null,null,null,null,67,KMFE 252053Z 36009KT 10SM OVC075 19/07 A3003 RMK AO2 SLP169 T01940072 56019 $,null
MFE,2023-12-25 21:53,66,44,44.88,360,8,0,30.05,1017.5,10,null,OVC,null,null,null,7500,null,null,null,null,null,null,null,null,null,null,66,KMFE 252153Z 36008KT 10SM OVC075 19/07 A3005 RMK AO2 SLP175 T01890067 $,null
MFE,2023-12-25 22:53,65,44,46.47,20,8,0,30.05,1017.5,10,null,OVC,null,null,null,7500,null,null,null,null,null,null,null,null,null,null,65,KMFE 252253Z 02008KT 10SM OVC075 18/07 A3005 RMK AO2 SLP175 T01830067 $,null
MFE,2023-12-25 23:53,64,44,48.12,340,11,0,30.07,1018.3,10,null,OVC,null,null,null,7500,null,null,null,null,null,null,null,null,null,null,64,KMFE 252353Z 34011KT 10SM OVC075 18/07 A3007 RMK AO2 SLP183 T01780067 10206 20178 53015 $,null
MFE,2023-12-26 0:53,63,43,47.97,20,7,0,30.1,1019,10,null,OVC,null,null,null,7000,null,null,null,null,null,null,null,null,null,null,63,KMFE 260053Z 02007KT 10SM OVC070 17/06 A3010 RMK AO2 SLP190 T01720061 $,null
MFE,2023-12-26 1:53,63,44,49.84,20,5,0,30.1,1019.3,10,null,OVC,null,null,null,7000,null,null,null,null,null,null,null,null,null,null,63,KMFE 260153Z 02005KT 10SM OVC070 17/07 A3010 RMK AO2 SLP193 T01720067 $,null
MFE,2023-12-26 2:53,62,43,49.69,20,4,0,30.11,1019.6,10,null,OVC,null,null,null,7000,null,null,null,null,null,null,null,null,null,null,62,KMFE 260253Z 02004KT 10SM OVC070 17/06 A3011 RMK AO2 SLP196 T01670061 51013 $,null
MFE,2023-12-26 3:53,62,43,49.69,30,3,0,30.12,1019.9,10,null,OVC,null,null,null,7000,null,null,null,null,null,null,null,null,null,null,62,KMFE 260353Z 03003KT 10SM OVC070 17/06 A3012 RMK AO2 SLP199 T01670061 $,null
MFE,2023-12-26 4:53,61,43,51.48,20,7,0,30.12,1019.8,10,null,OVC,null,null,null,7000,null,null,null,null,null,null,null,null,null,null,61,KMFE 260453Z 02007KT 10SM OVC070 16/06 A3012 RMK AO2 SLP198 T01610061 $,null
MFE,2023-12-26 5:53,61,42,49.54,50,4,0,30.1,1019.2,10,null,OVC,null,null,null,7000,null,null,null,null,null,null,null,null,null,null,61,KMFE 260553Z AUTO 05004KT 10SM OVC070 16/06 A3010 RMK AO2 SLP192 T01610056 10178 20161 402060111 58004 $,null
MFE,2023-12-26 6:53,60,41,49.39,30,5,0,30.1,1019,10,null,OVC,null,null,null,7000,null,null,null,null,null,null,null,null,null,null,60,KMFE 260653Z AUTO 03005KT 10SM OVC070 16/05 A3010 RMK AO2 SLP190 T01560050 $,null
MFE,2023-12-26 7:53,59,42,53.2,20,5,0,30.1,1019.1,10,null,OVC,null,null,null,7000,null,null,null,null,null,null,null,null,null,null,59,KMFE 260753Z AUTO 02005KT 10SM OVC070 15/06 A3010 RMK AO2 SLP191 T01500056 $,null
MFE,2023-12-26 8:53,59,43,55.28,20,5,0,30.09,1018.8,10,null,OVC,null,null,null,6500,null,null,null,null,null,null,null,null,null,null,59,KMFE 260853Z AUTO 02005KT 10SM OVC065 15/06 A3009 RMK AO2 SLP188 T01500061 58005 $,null
MFE,2023-12-26 9:53,58,43,57.3,40,6,0,30.08,1018.6,10,null,OVC,null,null,null,6000,null,null,null,null,null,null,null,null,null,null,58,KMFE 260953Z AUTO 04006KT 10SM OVC060 14/06 A3008 RMK AO2 SLP186 T01440061 $,null
MFE,2023-12-26 10:53,58,44,59.54,30,5,0,30.08,1018.4,10,null,OVC,null,null,null,5500,null,null,null,null,null,null,null,null,null,null,58,KMFE 261053Z AUTO 03005KT 10SM OVC055 14/07 A3008 RMK AO2 SLP184 T01440067 $,null
MFE,2023-12-26 11:53,57,43,59.4,40,6,0,30.09,1018.7,10,null,OVC,null,null,null,6000,null,null,null,null,null,null,null,null,null,null,57,KMFE 261153Z 04006KT 10SM OVC060 14/06 A3009 RMK AO2 SLP187 T01390061 10161 20139 55001 $,null
MFE,2023-12-26 12:53,57,43,59.4,40,7,0,30.09,1018.7,10,null,FEW,OVC,null,null,3200,6000,null,null,null,null,null,null,null,null,null,57,KMFE 261253Z 04007KT 10SM FEW032 OVC060 14/06 A3009 RMK AO2 SLP187 T01390061 $,null
MFE,2023-12-26 13:53,57,41,54.99,20,5,0,30.09,1018.8,10,null,SCT,OVC,null,null,3100,5000,null,null,null,null,null,null,null,null,null,57,KMFE 261353Z 02005KT 10SM SCT031 OVC050 14/05 A3009 RMK AO2 SLP188 T01390050,null
MFE,2023-12-26 14:53,58,43,57.3,20,6,0,30.09,1018.8,10,null,OVC,null,null,null,5000,null,null,null,null,null,null,null,null,null,null,58,KMFE 261453Z 02006KT 10SM OVC050 14/06 A3009 RMK AO2 SLP188 T01440061 50001,null
MFE,2023-12-26 15:53,59,45,59.67,360,6,0,30.09,1019,10,null,OVC,null,null,null,4900,null,null,null,null,null,null,null,null,null,null,59,KMFE 261553Z 36006KT 10SM OVC049 15/07 A3009 RMK AO2 SLP190 T01500072,null
MFE,2023-12-26 16:53,59,46,61.98,20,5,0,30.08,1018.7,10,null,OVC,null,null,null,3800,null,null,null,null,null,null,null,null,null,null,59,KMFE 261653Z 02005KT 10SM OVC038 15/08 A3008 RMK AO2 SLP187 T01500078,null
MFE,2023-12-26 17:53,60,47,62.11,10,6,0,30.05,1017.4,10,null,OVC,null,null,null,3500,null,null,null,null,null,null,null,null,null,null,60,KMFE 261753Z 01006KT 10SM OVC035 16/08 A3005 RMK AO2 SLP174 T01560083 10156 20139 58014,null
MFE,2023-12-26 18:53,61,48,62.23,20,4,0,30,1015.7,10,null,OVC,null,null,null,3400,null,null,null,null,null,null,null,null,null,null,61,KMFE 261853Z 02004KT 10SM OVC034 16/09 A3000 RMK AO2 SLP157 T01610089,null
MFE,2023-12-26 19:32,61,48,62.23,330,4,0,29.98,null,10,null,OVC,null,null,null,2900,null,null,null,null,null,null,null,null,null,null,61,KMFE 261932Z 33004KT 10SM OVC029 16/09 A2998 RMK AO2 T01610089,null
MFE,2023-12-26 19:53,61,48,62.23,340,4,0,29.98,1015.2,10,null,OVC,null,null,null,2700,null,null,null,null,null,null,null,null,null,null,61,KMFE 261953Z 34004KT 10SM OVC027 16/09 A2998 RMK AO2 SLP152 T01610089,null
MFE,2023-12-26 20:53,61,49,64.61,340,8,0,29.97,1014.9,10,null,OVC,null,null,null,2200,null,null,null,null,null,null,null,null,null,null,61,KMFE 262053Z 34008KT 10SM OVC022 16/09 A2997 RMK AO2 SLP149 T01610094 56025,null
MFE,2023-12-26 21:53,59,52,77.55,340,10,0,29.97,1014.8,10,null,OVC,null,null,null,2800,null,null,null,null,null,null,null,null,null,null,59,KMFE 262153Z 34010KT 10SM OVC028 15/11 A2997 RMK AO2 SLP148 T01500111,null
MFE,2023-12-26 22:33,59,53,80.46,10,5,0,29.96,null,10,null,SCT,OVC,null,null,2500,3400,null,null,null,null,null,null,null,null,null,59,KMFE 262233Z 01005KT 10SM SCT025 OVC034 15/12 A2996 RMK AO2 T01500117,null
MFE,2023-12-26 22:53,59,53,80.46,360,5,0,29.96,1014.4,10,null,BKN,OVC,null,null,3400,4600,null,null,null,null,null,null,null,null,null,59,KMFE 262253Z 36005KT 10SM BKN034 OVC046 15/12 A2996 RMK AO2 SLP144 T01500117,null
MFE,2023-12-26 23:53,60,53,77.64,340,4,0,29.97,1014.7,10,null,OVC,null,null,null,3100,null,null,null,null,null,null,null,null,null,null,60,KMFE 262353Z 34004KT 10SM OVC031 16/12 A2997 RMK AO2 SLP147 T01560117 10167 20150 55002,null
MFE,2023-12-27 0:53,60,53,77.64,320,4,0,29.99,1015.4,10,null,OVC,null,null,null,3000,null,null,null,null,null,null,null,null,null,null,60,KMFE 270053Z 32004KT 10SM OVC030 16/12 A2999 RMK AO2 SLP154 T01560117,null
MFE,2023-12-27 1:53,60,54,80.53,0,0,0,29.99,1015.5,10,null,OVC,null,null,null,3600,null,null,null,null,null,null,null,null,null,null,60,KMFE 270153Z 00000KT 10SM OVC036 16/12 A2999 RMK AO2 SLP155 T01560122,null
MFE,2023-12-27 2:53,60,54,80.53,280,3,0,30,1015.9,10,null,BKN,OVC,null,null,3000,4000,null,null,null,null,null,null,null,null,null,60,KMFE 270253Z 28003KT 10SM BKN030 OVC040 16/12 A3000 RMK AO2 SLP159 T01560122 51013,null
MFE,2023-12-27 3:53,59,54,83.46,0,0,0,30.02,1016.3,10,null,OVC,null,null,null,3100,null,null,null,null,null,null,null,null,null,null,59,KMFE 270353Z 00000KT 10SM OVC031 15/12 A3002 RMK AO2 SLP163 T01500122,null
MFE,2023-12-27 4:53,58,54,86.51,0,0,0,30.02,1016.6,10,null,FEW,null,null,null,4200,null,null,null,null,null,null,null,null,null,null,58,KMFE 270453Z 00000KT 10SM FEW042 14/12 A3002 RMK AO2 SLP166 T01440122,null
MFE,2023-12-27 5:53,58,55,89.72,320,5,0,30.04,1017.3,10,null,OVC,null,null,null,3900,null,null,null,null,null,null,null,null,null,null,58,KMFE 270553Z AUTO 32005KT 10SM OVC039 14/13 A3004 RMK AO2 SLP173 T01440128 10156 20139 401670139 53013,null
MFE,2023-12-27 6:53,58,53,83.39,330,3,0,30.04,1017,10,null,BKN,BKN,null,null,3200,4300,null,null,null,null,null,null,null,null,null,58,KMFE 270653Z AUTO 33003KT 10SM BKN032 BKN043 14/12 A3004 RMK AO2 SLP170 T01440117,null
MFE,2023-12-27 7:53,58,52,80.38,0,0,0,30.03,1016.7,10,null,CLR,null,null,null,null,null,null,null,null,null,null,null,null,null,null,58,KMFE 270753Z AUTO 00000KT 10SM CLR 14/11 A3003 RMK AO2 SLP167 T01440111,null
MFE,2023-12-27 8:53,56,52,86.4,0,0,0,30.02,1016.5,10,null,FEW,null,null,null,2800,null,null,null,null,null,null,null,null,null,null,56,KMFE 270853Z AUTO 00000KT 10SM FEW028 13/11 A3002 RMK AO2 SLP165 T01330111 56007,null
MFE,2023-12-27 9:53,54,51,89.55,340,6,0,30.01,1016,10,null,FEW,null,null,null,2600,null,null,null,null,null,null,null,null,null,null,54,KMFE 270953Z AUTO 34006KT 10SM FEW026 12/11 A3001 RMK AO2 SLP160 T01220106,null
MFE,2023-12-27 10:46,55,51,86.34,320,5,0,30.01,null,10,null,BKN,null,null,null,2700,null,null,null,null,null,null,null,null,null,null,55,KMFE 271046Z AUTO 32005KT 10SM BKN027 13/11 A3001 RMK AO2 T01280106,null
MFE,2023-12-27 10:53,56,51,83.26,330,4,0,30.01,1016.1,10,null,BKN,null,null,null,2700,null,null,null,null,null,null,null,null,null,null,56,KMFE 271053Z AUTO 33004KT 10SM BKN027 13/11 A3001 RMK AO2 SLP161 T01330106,null
MFE,2023-12-27 11:53,58,51,77.47,340,7,0,30.03,1016.9,10,null,OVC,null,null,null,2400,null,null,null,null,null,null,null,null,null,null,58,KMFE 271153Z 34007KT 10SM OVC024 14/11 A3003 RMK AO2 SLP169 T01440106 10150 20122 53003,null
MFE,2023-12-27 12:53,59,52,77.55,360,10,0,30.05,1017.5,10,null,OVC,null,null,null,2000,null,null,null,null,null,null,null,null,null,null,59,KMFE 271253Z 36010KT 10SM OVC020 15/11 A3005 RMK AO2 SLP175 T01500111,null
MFE,2023-12-27 13:53,59,51,74.74,360,9,0,30.06,1018,10,null,OVC,null,null,null,2200,null,null,null,null,null,null,null,null,null,null,59,KMFE 271353Z 36009KT 10SM OVC022 15/11 A3006 RMK AO2 SLP180 T01500106,null
MFE,2023-12-27 14:53,60,51,72.12,350,7,0,30.09,1018.7,10,null,OVC,null,null,null,2300,null,null,null,null,null,null,null,null,null,null,60,KMFE 271453Z 35007KT 10SM OVC023 16/11 A3009 RMK AO2 SLP187 T01560106 53018,null
MFE,2023-12-27 15:53,62,52,69.71,10,7,0,30.1,1019.3,10,null,OVC,null,null,null,2100,null,null,null,null,null,null,null,null,null,null,62,KMFE 271553Z 01007KT 10SM OVC021 17/11 A3010 RMK AO2 SLP193 T01670111,null
MFE,2023-12-27 16:53,64,53,67.41,350,4,0,30.11,1019.6,10,null,OVC,null,null,null,2400,null,null,null,null,null,null,null,null,null,null,64,KMFE 271653Z 35004KT 10SM OVC024 18/12 A3011 RMK AO2 SLP196 T01780117,null
MFE,2023-12-27 17:53,66,55,67.64,10,4,0,30.08,1018.6,10,null,OVC,null,null,null,2500,null,null,null,null,null,null,null,null,null,null,66,KMFE 271753Z 01004KT 10SM OVC025 19/13 A3008 RMK AO2 SLP186 T01890128 10194 20144 58001,null
MFE,2023-12-27 18:49,69.8,55.4,60.21,350,5,0,30.04,null,10,null,SCT,null,null,null,2500,null,null,null,null,null,null,null,null,null,null,69.8,KMFE 271849Z 35005KT 10SM SCT025 21/13 A3004 RMK AO2,null
MFE,2023-12-27 18:53,70,56,61.11,null,3,0,30.04,1017.1,10,null,SCT,null,null,null,2700,null,null,null,null,null,null,null,null,null,null,70,KMFE 271853Z VRB03KT 10SM SCT027 21/13 A3004 RMK AO2 SLP171 T02110133,null
MFE,2023-12-27 19:05,70,56,61.11,330,6,0,30.03,null,10,null,BKN,null,null,null,2700,null,null,null,null,null,null,null,null,null,null,70,KMFE 271905Z 33006KT 10SM BKN027 21/13 A3003 RMK AO2 T02110133,null
MFE,2023-12-27 19:53,70,56,61.11,340,7,0,30.01,1016.2,10,null,SCT,null,null,null,2900,null,null,null,null,null,null,null,null,null,null,70,KMFE 271953Z 34007KT 10SM SCT029 21/13 A3001 RMK AO2 SLP162 T02110133,null
MFE,2023-12-27 20:53,72,55,55.06,null,6,0,29.99,1015.5,10,null,CLR,null,null,null,null,null,null,null,null,null,null,null,null,null,null,72,KMFE 272053Z VRB06KT 10SM CLR 22/13 A2999 RMK AO2 SLP155 T02220128 58017,null
MFE,2023-12-27 21:53,72,55,55.06,340,3,0,29.99,1015.3,10,null,CLR,null,null,null,null,null,null,null,null,null,null,null,null,null,null,72,KMFE 272153Z 34003KT 10SM CLR 22/13 A2999 RMK AO2 SLP153 T02220128,null
MFE,2023-12-27 22:53,72,53,51.18,320,4,0,30,1015.7,10,null,CLR,null,null,null,null,null,null,null,null,null,null,null,null,null,null,72,KMFE 272253Z 32004KT 10SM CLR 22/12 A3000 RMK AO2 SLP157 T02220117,null
MFE,2023-12-27 23:53,67,52,58.53,0,0,0,30.02,1016.3,10,null,CLR,null,null,null,null,null,null,null,null,null,null,null,null,null,null,67,KMFE 272353Z 00000KT 10SM CLR 19/11 A3002 RMK AO2 SLP163 T01940111 10228 20189 53008,null
MFE,2023-12-28 0:41,62,52,69.71,90,10,0,30.04,null,10,14,CLR,null,null,null,null,null,null,null,null,null,null,null,null,null,null,62,KMFE 280041Z 09010G14KT 10SM CLR 17/11 A3004 RMK AO2 T01670111,null
MFE,2023-12-28 0:53,65,51,60.47,90,10,0,30.05,1017.4,10,null,CLR,null,null,null,null,null,null,null,null,null,null,null,null,null,null,65,KMFE 280053Z 09010KT 10SM CLR 18/11 A3005 RMK AO2 SLP174 T01830106,null
MFE,2023-12-28 1:53,62,50,64.73,120,6,0,30.07,1018.1,10,null,CLR,null,null,null,null,null,null,null,null,null,null,null,null,null,null,62,KMFE 280153Z 12006KT 10SM CLR 17/10 A3007 RMK AO2 SLP181 T01670100,null
MFE,2023-12-28 2:53,59,51,74.74,0,0,0,30.08,1018.6,10,null,CLR,null,null,null,null,null,null,null,null,null,null,null,null,null,null,59,KMFE 280253Z 00000KT 10SM CLR 15/11 A3008 RMK AO2 SLP186 T01500106 51023,null
MFE,2023-12-28 3:53,56,50,80.23,0,0,0,30.1,1019.3,10,null,CLR,null,null,null,null,null,null,null,null,null,null,null,null,null,null,56,KMFE 280353Z 00000KT 10SM CLR 13/10 A3010 RMK AO2 SLP193 T01330100,null
MFE,2023-12-28 4:53,56,50,80.23,0,0,0,30.11,1019.6,10,null,CLR,null,null,null,null,null,null,null,null,null,null,null,null,null,null,56,KMFE 280453Z 00000KT 10SM CLR 13/10 A3011 RMK AO2 SLP196 T01330100,null
MFE,2023-12-28 5:53,53,49,86.23,0,0,0,30.11,1019.7,10,null,CLR,null,null,null,null,null,null,null,null,null,null,null,null,null,null,53,KMFE 280553Z AUTO 00000KT 10SM CLR 12/09 A3011 RMK AO2 SLP197 T01170094 10194 20111 402280111 51011,null
MFE,2023-12-28 6:53,53,50,89.51,0,0,0,30.11,1019.5,10,null,CLR,null,null,null,null,null,null,null,null,null,null,null,null,null,null,53,KMFE 280653Z AUTO 00000KT 10SM CLR 12/10 A3011 RMK AO2 SLP195 T01170100,null
MFE,2023-12-28 7:53,52,50,92.86,280,3,0,30.11,1019.5,10,null,CLR,null,null,null,null,null,null,null,null,null,null,null,null,null,null,52,KMFE 280753Z AUTO 28003KT 10SM CLR 11/10 A3011 RMK AO2 SLP195 T01110100,null
MFE,2023-12-28 8:53,51,50,96.36,320,3,0,30.11,1019.5,10,null,CLR,null,null,null,null,null,null,null,null,null,null,null,null,null,null,51,KMFE 280853Z AUTO 32003KT 10SM CLR 11/10 A3011 RMK AO2 SLP195 T01060100 55001,null
MFE,2023-12-28 9:53,52,50,92.86,270,4,0,30.11,1019.6,10,null,CLR,null,null,null,null,null,null,null,null,null,null,null,null,null,null,52,KMFE 280953Z AUTO 27004KT 10SM CLR 11/10 A3011 RMK AO2 SLP196 T01110100,null
MFE,2023-12-28 10:53,51,50,96.36,350,10,0,30.13,1020.1,10,null,CLR,null,null,null,null,null,null,null,null,null,null,null,null,null,null,51,KMFE 281053Z AUTO 35010KT 10SM CLR 11/10 A3013 RMK AO2 SLP201 T01060100,null
MFE,2023-12-28 11:53,49,45,86,350,7,0,30.14,1020.5,10,null,CLR,null,null,null,null,null,null,null,null,null,null,null,null,null,null,45.5,KMFE 281153Z 35007KT 10SM CLR 09/07 A3014 RMK AO2 SLP205 T00940072 10122 20094 53010,null
MFE,2023-12-28 12:53,47,42,82.65,360,8,0,30.16,1021.2,10,null,CLR,null,null,null,null,null,null,null,null,null,null,null,null,null,null,42.59,KMFE 281253Z 36008KT 10SM CLR 08/06 A3016 RMK AO2 SLP212 T00830056,null
MFE,2023-12-28 13:53,47,41,79.52,330,4,0,30.18,1022,10,null,CLR,null,null,null,null,null,null,null,null,null,null,null,null,null,null,44.94,KMFE 281353Z 33004KT 10SM CLR 08/05 A3018 RMK AO2 SLP220 T00830050,null
MFE,2023-12-28 14:53,52,44,74.07,350,4,0,30.2,1022.5,10,null,CLR,null,null,null,null,null,null,null,null,null,null,null,null,null,null,52,KMFE 281453Z 35004KT 10SM CLR 11/07 A3020 RMK AO2 SLP225 T01110067 51020,null
MFE,2023-12-28 15:53,58,45,61.85,360,7,0,30.22,1023.4,10,null,CLR,null,null,null,null,null,null,null,null,null,null,null,null,null,null,58,KMFE 281553Z 36007KT 10SM CLR 14/07 A3022 RMK AO2 SLP234 T01440072,null
MFE,2023-12-28 16:53,63,44,49.84,10,8,0,30.21,1023,10,null,CLR,null,null,null,null,null,null,null,null,null,null,null,null,null,null,63,KMFE 281653Z 01008KT 10SM CLR 17/07 A3021 RMK AO2 SLP230 T01720067,null
MFE,2023-12-28 17:53,66,42,41.57,40,7,0,30.19,1022.1,10,null,CLR,null,null,null,null,null,null,null,null,null,null,null,null,null,null,66,KMFE 281753Z 04007KT 10SM CLR 19/06 A3019 RMK AO2 SLP221 T01890056 10189 20078 58004,null
MFE,2023-12-28 18:53,68,42,38.79,null,5,0,30.15,1020.9,10,null,CLR,null,null,null,null,null,null,null,null,null,null,null,null,null,null,68,KMFE 281853Z VRB05KT 10SM CLR 20/06 A3015 RMK AO2 SLP209 T02000056,null
MFE,2023-12-28 19:53,69,41,36.06,40,4,0,30.12,1019.8,10,null,CLR,null,null,null,null,null,null,null,null,null,null,null,null,null,null,69,KMFE 281953Z 04004KT 10SM CLR 21/05 A3012 RMK AO2 SLP198 T02060050,null
MFE,2023-12-28 20:53,70,40,33.52,10,4,0,30.1,1019.3,10,null,CLR,null,null,null,null,null,null,null,null,null,null,null,null,null,null,70,KMFE 282053Z 01004KT 10SM CLR 21/04 A3010 RMK AO2 SLP193 T02110044 56028,null
MFE,2023-12-28 21:53,70,42,36.22,0,0,0,30.09,1018.9,10,null,CLR,null,null,null,null,null,null,null,null,null,null,null,null,null,null,70,KMFE 282153Z 00000KT 10SM CLR 21/06 A3009 RMK AO2 SLP189 T02110056,null
MFE,2023-12-28 22:53,69,40,34.69,40,3,0,30.1,1019,10,null,CLR,null,null,null,null,null,null,null,null,null,null,null,null,null,null,69,KMFE 282253Z 04003KT 10SM CLR 21/04 A3010 RMK AO2 SLP190 T02060044,null
MFE,2023-12-28 23:53,64,41,42.88,80,4,0,30.11,1019.6,10,null,CLR,null,null,null,null,null,null,null,null,null,null,null,null,null,null,64,KMFE 282353Z 08004KT 10SM CLR 18/05 A3011 RMK AO2 SLP196 T01780050 10217 20178 53003,null
MFE,2023-12-29 0:53,61,46,57.72,80,10,0,30.14,1020.5,10,null,CLR,null,null,null,null,null,null,null,null,null,null,null,null,null,null,61,KMFE 290053Z 08010KT 10SM CLR 16/08 A3014 RMK AO2 SLP205 T01610078,null
MFE,2023-12-29 1:53,58,46,64.24,90,7,0,30.17,1021.4,10,null,CLR,null,null,null,null,null,null,null,null,null,null,null,null,null,null,58,KMFE 290153Z 09007KT 10SM CLR 14/08 A3017 RMK AO2 SLP214 T01440078,null
MFE,2023-12-29 2:53,58,46,64.24,70,5,0,30.18,1021.9,10,null,CLR,null,null,null,null,null,null,null,null,null,null,null,null,null,null,58,KMFE 290253Z 07005KT 10SM CLR 14/08 A3018 RMK AO2 SLP219 T01440078 51023,null
MFE,2023-12-29 3:53,56,46,69.05,0,0,0,30.2,1022.5,10,null,CLR,null,null,null,null,null,null,null,null,null,null,null,null,null,null,56,KMFE 290353Z 00000KT 10SM CLR 13/08 A3020 RMK AO2 SLP225 T01330078,null
MFE,2023-12-29 4:53,52,46,79.92,0,0,0,30.22,1023.1,10,null,CLR,null,null,null,null,null,null,null,null,null,null,null,null,null,null,52,KMFE 290453Z 00000KT 10SM CLR 11/08 A3022 RMK AO2 SLP231 T01110078,null
MFE,2023-12-29 5:53,53,47,80,0,0,0,30.21,1022.8,10,null,CLR,null,null,null,null,null,null,null,null,null,null,null,null,null,null,53,KMFE 290553Z AUTO 00000KT 10SM CLR 12/08 A3021 RMK AO2 SLP228 T01170083 10178 20111 402170078 50009,null
MFE,2023-12-29 6:53,52,46,79.92,0,0,0,30.21,1023,10,null,CLR,null,null,null,null,null,null,null,null,null,null,null,null,null,null,52,KMFE 290653Z AUTO 00000KT 10SM CLR 11/08 A3021 RMK AO2 SLP230 T01110078,null
MFE,2023-12-29 7:53,49,46,89.33,0,0,0,30.23,1023.4,10,null,CLR,null,null,null,null,null,null,null,null,null,null,null,null,null,null,49,KMFE 290753Z AUTO 00000KT 10SM CLR 09/08 A3023 RMK AO2 SLP234 T00940078,null
MFE,2023-12-29 8:53,50,46,86.06,0,0,0,30.22,1023.3,10,null,CLR,null,null,null,null,null,null,null,null,null,null,null,null,null,null,50,KMFE 290853Z AUTO 00000KT 10SM CLR 10/08 A3022 RMK AO2 SLP233 T01000078 50005,null
MFE,2023-12-29 9:53,49,46,89.33,340,3,0,30.23,1023.6,10,null,CLR,null,null,null,null,null,null,null,null,null,null,null,null,null,null,48.12,KMFE 290953Z AUTO 34003KT 10SM CLR 09/08 A3023 RMK AO2 SLP236 T00940078,null
MFE,2023-12-29 10:53,47,45,92.71,0,0,0,30.24,1023.9,10,null,CLR,null,null,null,null,null,null,null,null,null,null,null,null,null,null,47,KMFE 291053Z AUTO 00000KT 10SM CLR 08/07 A3024 RMK AO2 SLP239 T00830072,null
MFE,2023-12-29 11:53,47,45,92.71,0,0,0,30.26,1024.4,10,null,CLR,null,null,null,null,null,null,null,null,null,null,null,null,null,null,47,KMFE 291153Z 00000KT 10SM CLR 08/07 A3026 RMK AO2 SLP244 T00830072 10117 20078 53011,null
MFE,2023-12-29 12:53,48,45,89.29,350,7,0,30.28,1025.3,10,null,CLR,null,null,null,null,null,null,null,null,null,null,null,null,null,null,44.28,KMFE 291253Z 35007KT 10SM CLR 09/07 A3028 RMK AO2 SLP253 T00890072,null
MFE,2023-12-29 13:53,49,45,86,340,4,0,30.3,1025.9,10,null,CLR,null,null,null,null,null,null,null,null,null,null,null,null,null,null,47.27,KMFE 291353Z 34004KT 10SM CLR 09/07 A3030 RMK AO2 SLP259 T00940072,null
MFE,2023-12-29 14:53,52,46,79.92,360,6,0,30.33,1026.8,10,null,CLR,null,null,null,null,null,null,null,null,null,null,null,null,null,null,52,KMFE 291453Z 36006KT 10SM CLR 11/08 A3033 RMK AO2 SLP268 T01110078 53024,null
MFE,2023-12-29 15:53,54,45,71.5,360,5,0,30.34,1027.2,10,null,CLR,null,null,null,null,null,null,null,null,null,null,null,null,null,null,54,KMFE 291553Z 36005KT 10SM CLR 12/07 A3034 RMK AO2 SLP272 T01220072,null
MFE,2023-12-29 16:53,59,47,64.36,20,6,0,30.34,1027.4,10,null,CLR,null,null,null,null,null,null,null,null,null,null,null,null,null,null,59,KMFE 291653Z 02006KT 10SM CLR 15/08 A3034 RMK AO2 SLP274 T01500083,null
MFE,2023-12-29 17:53,60,47,62.11,60,5,0,30.33,1026.8,10,null,CLR,null,null,null,null,null,null,null,null,null,null,null,null,null,null,60,KMFE 291753Z 06005KT 10SM CLR 16/08 A3033 RMK AO2 SLP268 T01560083 10156 20072 58000,null
MFE,2023-12-29 18:53,64,47,53.92,340,4,0,30.3,1025.8,10,null,CLR,null,null,null,null,null,null,null,null,null,null,null,null,null,null,64,KMFE 291853Z 34004KT 10SM CLR 18/08 A3030 RMK AO2 SLP258 T01780083,null
MFE,2023-12-29 19:53,66,46,48.43,null,3,0,30.27,1024.8,10,null,CLR,null,null,null,null,null,null,null,null,null,null,null,null,null,null,66,KMFE 291953Z VRB03KT 10SM CLR 19/08 A3027 RMK AO2 SLP248 T01890078,null
MFE,2023-12-29 20:53,68,46,45.19,null,3,0,30.25,1024.1,10,null,CLR,null,null,null,null,null,null,null,null,null,null,null,null,null,null,68,KMFE 292053Z VRB03KT 10SM CLR 20/08 A3025 RMK AO2 SLP241 T02000078 56027,null
MFE,2023-12-29 21:53,68,47,46.93,null,3,0,30.23,1023.7,10,null,FEW,null,null,null,5000,null,null,null,null,null,null,null,null,null,null,68,KMFE 292153Z VRB03KT 10SM FEW050 20/08 A3023 RMK AO2 SLP237 T02000083,null
MFE,2023-12-29 22:53,68,46,45.19,0,0,0,30.24,1023.8,10,null,BKN,null,null,null,5500,null,null,null,null,null,null,null,null,null,null,68,KMFE 292253Z 00000KT 10SM BKN055 20/08 A3024 RMK AO2 SLP238 T02000078,null
MFE,2023-12-29 23:53,65,47,52.07,0,0,0,30.24,1024,10,null,FEW,null,null,null,5500,null,null,null,null,null,null,null,null,null,null,65,KMFE 292353Z 00000KT 10SM FEW055 18/08 A3024 RMK AO2 SLP240 T01830083 10206 20150 55001,null
MFE,2023-12-30 0:53,61,47,59.94,0,0,0,30.26,1024.5,10,null,FEW,null,null,null,6000,null,null,null,null,null,null,null,null,null,null,61,KMFE 300053Z 00000KT 10SM FEW060 16/08 A3026 RMK AO2 SLP245 T01610083,null
MFE,2023-12-30 1:53,57,47,69.16,0,0,0,30.27,1024.8,10,null,CLR,null,null,null,null,null,null,null,null,null,null,null,null,null,null,57,KMFE 300153Z 00000KT 10SM CLR 14/08 A3027 RMK AO2 SLP248 T01390083,null
MFE,2023-12-30 2:53,54,47,77.12,0,0,0,30.28,1025.2,10,null,CLR,null,null,null,null,null,null,null,null,null,null,null,null,null,null,54,KMFE 300253Z 00000KT 10SM CLR 12/08 A3028 RMK AO2 SLP252 T01220083 51011,null
MFE,2023-12-30 3:53,54,46,74.26,0,0,0,30.28,1025.3,10,null,CLR,null,null,null,null,null,null,null,null,null,null,null,null,null,null,54,KMFE 300353Z 00000KT 10SM CLR 12/08 A3028 RMK AO2 SLP253 T01220078,null
MFE,2023-12-30 4:53,51,45,79.84,0,0,0,30.29,1025.6,10,null,CLR,null,null,null,null,null,null,null,null,null,null,null,null,null,null,51,KMFE 300453Z 00000KT 10SM CLR 11/07 A3029 RMK AO2 SLP256 T01060072,null
MFE,2023-12-30 5:53,48,44,85.95,0,0,0,30.29,1025.6,10,null,CLR,null,null,null,null,null,null,null,null,null,null,null,null,null,null,48,KMFE 300553Z 00000KT 10SM CLR 09/07 A3029 RMK AO2 SLP256 T00890067 10178 20083 402060072 51005,null
MFE,2023-12-30 6:53,47,45,92.71,0,0,0,30.28,1025.2,10,null,CLR,null,null,null,null,null,null,null,null,null,null,null,null,null,null,47,KMFE 300653Z AUTO 00000KT 10SM CLR 08/07 A3028 RMK AO2 SLP252 T00830072,null
MFE,2023-12-30 7:53,46,43,89.2,0,0,0,30.27,1025,10,null,CLR,null,null,null,null,null,null,null,null,null,null,null,null,null,null,46,KMFE 300753Z AUTO 00000KT 10SM CLR 08/06 A3027 RMK AO2 SLP250 T00780061,null
MFE,2023-12-30 8:53,46,42,85.83,0,0,0,30.27,1024.8,8,null,CLR,null,null,null,null,null,null,null,null,null,null,null,null,null,null,46,KMFE 300853Z AUTO 00000KT 8SM CLR 08/06 A3027 RMK AO2 SLP248 T00780056 56009,null
MFE,2023-12-30 9:53,43,41,92.58,340,4,0,30.26,1024.6,10,null,CLR,null,null,null,null,null,null,null,null,null,null,null,null,null,null,40.27,KMFE 300953Z AUTO 34004KT 10SM CLR 06/05 A3026 RMK AO2 SLP246 T00610050,null
MFE,2023-12-30 10:53,43,40,89.06,330,3,0,30.26,1024.7,10,null,CLR,null,null,null,null,null,null,null,null,null,null,null,null,null,null,41.26,KMFE 301053Z AUTO 33003KT 10SM CLR 06/04 A3026 RMK AO2 SLP247 T00610044,null
MFE,2023-12-30 11:53,45,41,85.77,320,4,0,30.28,1025.3,10,null,CLR,null,null,null,null,null,null,null,null,null,null,null,null,null,null,42.6,KMFE 301153Z 32004KT 10SM CLR 07/05 A3028 RMK AO2 SLP253 T00720050 10094 20056 53005,null
MFE,2023-12-30 12:53,43,40,89.06,0,0,0,30.29,1025.6,10,null,CLR,null,null,null,null,null,null,null,null,null,null,null,null,null,null,43,KMFE 301253Z 00000KT 10SM CLR 06/04 A3029 RMK AO2 SLP256 T00610044,null
MFE,2023-12-30 13:53,45,42,89.15,0,0,0,30.3,1025.9,10,null,CLR,null,null,null,null,null,null,null,null,null,null,null,null,null,null,45,KMFE 301353Z 00000KT 10SM CLR 07/06 A3030 RMK AO2 SLP259 T00720056,null
MFE,2023-12-30 14:53,51,45,79.84,0,0,0,30.31,1026.2,10,null,CLR,null,null,null,null,null,null,null,null,null,null,null,null,null,null,51,KMFE 301453Z 00000KT 10SM CLR 11/07 A3031 RMK AO2 SLP262 T01060072 51009,null
MFE,2023-12-30 15:53,59,47,64.36,0,0,0,30.32,1026.5,10,null,CLR,null,null,null,null,null,null,null,null,null,null,null,null,null,null,59,KMFE 301553Z 00000KT 10SM CLR 15/08 A3032 RMK AO2 SLP265 T01500083,null
MFE,2023-12-30 16:53,65,50,58.26,null,3,0,30.3,1026,10,null,CLR,null,null,null,null,null,null,null,null,null,null,null,null,null,null,65,KMFE 301653Z VRB03KT 10SM CLR 18/10 A3030 RMK AO2 SLP260 T01830100,null
MFE,2023-12-30 17:53,68,49,50.59,null,3,0,30.27,1024.9,10,null,CLR,null,null,null,null,null,null,null,null,null,null,null,null,null,null,68,KMFE 301753Z VRB03KT 10SM CLR 20/09 A3027 RMK AO2 SLP249 T02000094 10206 20056 58013,null
MFE,2023-12-30 18:53,71,43,36.38,180,6,0,30.23,1023.4,10,null,CLR,null,null,null,null,null,null,null,null,null,null,null,null,null,null,71,KMFE 301853Z 18006KT 10SM CLR 22/06 A3023 RMK AO2 SLP234 T02170061,null
MFE,2023-12-30 19:53,72,46,39.42,190,4,0,30.18,1022,10,null,CLR,null,null,null,null,null,null,null,null,null,null,null,null,null,null,72,KMFE 301953Z 19004KT 10SM CLR 22/08 A3018 RMK AO2 SLP220 T02220078,null
MFE,2023-12-30 20:53,73,43,34,190,5,0,30.16,1021.2,10,null,CLR,null,null,null,null,null,null,null,null,null,null,null,null,null,null,73,KMFE 302053Z 19005KT 10SM CLR 23/06 A3016 RMK AO2 SLP212 T02280061 56037,null
MFE,2023-12-30 21:53,74,40,29.28,170,4,0,30.15,1021,10,null,CLR,null,null,null,null,null,null,null,null,null,null,null,null,null,null,74,KMFE 302153Z 17004KT 10SM CLR 23/04 A3015 RMK AO2 SLP210 T02330044,null
MFE,2023-12-30 22:53,72,41,32.56,140,5,0,30.16,1021,10,null,CLR,null,null,null,null,null,null,null,null,null,null,null,null,null,null,72,KMFE 302253Z 14005KT 10SM CLR 22/05 A3016 RMK AO2 SLP210 T02220050,null
MFE,2023-12-30 23:53,64,43,46.32,120,5,0,30.15,1021,10,null,CLR,null,null,null,null,null,null,null,null,null,null,null,null,null,null,64,KMFE 302353Z 12005KT 10SM CLR 18/06 A3015 RMK AO2 SLP210 T01780061 10233 20178 56002,null
MFE,2023-12-31 0:53,61,43,51.48,120,6,0,30.17,1021.4,10,null,CLR,null,null,null,null,null,null,null,null,null,null,null,null,null,null,61,KMFE 310053Z 12006KT 10SM CLR 16/06 A3017 RMK AO2 SLP214 T01610061,null
MFE,2023-12-31 1:53,59,44,57.44,160,7,0,30.19,1022.2,10,null,CLR,null,null,null,null,null,null,null,null,null,null,null,null,null,null,59,KMFE 310153Z 16007KT 10SM CLR 15/07 A3019 RMK AO2 SLP222 T01500067,null
MFE,2023-12-31 2:53,55,47,74.36,150,7,0,30.2,1022.6,10,null,CLR,null,null,null,null,null,null,null,null,null,null,null,null,null,null,55,KMFE 310253Z 15007KT 10SM CLR 13/08 A3020 RMK AO2 SLP226 T01280083 52016,null
MFE,2023-12-31 3:53,58,50,74.64,170,6,0,30.2,1022.5,10,null,CLR,null,null,null,null,null,null,null,null,null,null,null,null,null,null,58,KMFE 310353Z 17006KT 10SM CLR 14/10 A3020 RMK AO2 SLP225 T01440100,null
MFE,2023-12-31 4:53,52,48,86.17,130,6,0,30.2,1022.5,10,null,CLR,null,null,null,null,null,null,null,null,null,null,null,null,null,null,52,KMFE 310453Z 13006KT 10SM CLR 11/09 A3020 RMK AO2 SLP225 T01110089,null
MFE,2023-12-31 5:53,52,48,86.17,130,5,0,30.18,1021.8,10,null,CLR,null,null,null,null,null,null,null,null,null,null,null,null,null,null,52,KMFE 310553Z 13005KT 10SM CLR 11/09 A3018 RMK AO2 SLP218 T01110089 10178 20106 402330056 58007,null
MFE,2023-12-31 6:53,51,49,92.83,140,4,0,30.16,1021.1,10,null,CLR,null,null,null,null,null,null,null,null,null,null,null,null,null,null,51,KMFE 310653Z AUTO 14004KT 10SM CLR 11/09 A3016 RMK AO2 SLP211 T01060094,null
MFE,2023-12-31 7:53,51,49,92.83,130,4,0,30.14,1020.6,7,null,CLR,null,null,null,null,null,null,null,null,null,null,null,null,null,null,51,KMFE 310753Z AUTO 13004KT 7SM CLR 11/09 A3014 RMK AO2 SLP206 T01060094,null
MFE,2023-12-31 8:53,51,50,96.36,140,5,0,30.12,1020,4,null,CLR,null,null,null,null,null,null,null,BR,null,null,null,null,null,null,51,KMFE 310853Z AUTO 14005KT 4SM BR CLR 11/10 A3012 RMK AO2 SLP200 T01060100 56018,null
MFE,2023-12-31 9:53,50,49,96.34,140,6,0,30.11,1019.5,7,null,CLR,null,null,null,null,null,null,null,null,null,null,null,null,null,null,50,KMFE 310953Z AUTO 14006KT 7SM CLR 10/09 A3011 RMK AO2 SLP195 T01000094,null
MFE,2023-12-31 10:53,51,51,100,150,4,0,30.1,1019.1,9,null,CLR,null,null,null,null,null,null,null,null,null,null,null,null,null,null,51,KMFE 311053Z AUTO 15004KT 9SM CLR 11/11 A3010 RMK AO2 SLP191 T01060106,null
MFE,2023-12-31 11:53,51,50,96.36,130,6,0,30.09,1018.7,9,null,CLR,null,null,null,null,null,null,null,null,null,null,null,null,null,null,51,KMFE 311153Z 13006KT 9SM CLR 11/10 A3009 RMK AO2 SLP187 T01060100 10111 20100 56013,null
MFE,2023-12-31 12:53,53,52,96.39,140,6,0,30.11,1019.3,10,null,CLR,null,null,null,null,null,null,null,null,null,null,null,null,null,null,53,KMFE 311253Z 14006KT 10SM CLR 12/11 A3011 RMK AO2 SLP193 T01170111,null
MFE,2023-12-31 13:53,55,54,96.42,140,9,0,30.12,1019.8,9,null,CLR,null,null,null,null,null,null,null,null,null,null,null,null,null,null,55,KMFE 311353Z 14009KT 9SM CLR 13/12 A3012 RMK AO2 SLP198 T01280122,null
MFE,2023-12-31 14:53,59,55,86.56,140,7,0,30.12,1020,10,null,CLR,null,null,null,null,null,null,null,null,null,null,null,null,null,null,59,KMFE 311453Z 14007KT 10SM CLR 15/13 A3012 RMK AO2 SLP200 T01500128 51013,null
MFE,2023-12-31 15:53,66,57,72.72,160,11,0,30.14,1020.5,10,null,CLR,null,null,null,null,null,null,null,null,null,null,null,null,null,null,66,KMFE 311553Z 16011KT 10SM CLR 19/14 A3014 RMK AO2 SLP205 T01890139,null
MFE,2023-12-31 16:53,72,60,65.92,160,19,0,30.13,1020.1,10,27,CLR,null,null,null,null,null,null,null,null,null,null,null,28,160,2023-12-31 16:42,72,KMFE 311653Z 16019G27KT 10SM CLR 22/16 A3013 RMK AO2 PK WND 16028/1642 SLP201 T02220156,null
MFE,2023-12-31 17:53,74,60,61.62,170,17,0,30.11,1019.6,10,27,CLR,null,null,null,null,null,null,null,null,null,null,null,29,160,2023-12-31 17:25,74,KMFE 311753Z 17017G27KT 10SM CLR 23/16 A3011 RMK AO2 PK WND 16029/1725 SLP196 T02330156 10233 20106 58003,null
MFE,2023-12-31 18:53,77,60,55.75,170,15,0,30.06,1017.9,10,22,CLR,null,null,null,null,null,null,null,null,null,null,null,27,170,2023-12-31 18:25,77,KMFE 311853Z 17015G22KT 10SM CLR 25/16 A3006 RMK AO2 PK WND 17027/1825 SLP179 T02500156,null
MFE,2023-12-31 19:53,78,59,52.05,160,15,0,30.01,1016.1,10,22,CLR,null,null,null,null,null,null,null,null,null,null,null,null,null,null,78,KMFE 311953Z 16015G22KT 10SM CLR 26/15 A3001 RMK AO2 SLP161 T02560150,null
MFE,2023-12-31 20:53,80,59,48.74,170,12,0,29.99,1015.2,10,22,CLR,null,null,null,null,null,null,null,null,null,null,null,26,150,2023-12-31 19:57,80.68,KMFE 312053Z 17012G22KT 10SM CLR 27/15 A2999 RMK AO2 PK WND 15026/1957 SLP152 T02670150 56043,null
MFE,2023-12-31 21:53,79,60,52.19,150,14,0,29.98,1015,10,21,CLR,null,null,null,null,null,null,null,null,null,null,null,null,null,null,79,KMFE 312153Z 15014G21KT 10SM CLR 26/16 A2998 RMK AO2 SLP150 T02610156,null
MFE,2023-12-31 22:53,77,62,59.85,140,15,0,29.98,1015.2,10,null,CLR,null,null,null,null,null,null,null,null,null,null,null,null,null,null,77,KMFE 312253Z 14015KT 10SM CLR 25/17 A2998 RMK AO2 SLP152 T02500167,null
MFE,2023-12-31 23:53,72,61,68.31,150,12,0,30.01,1016,10,null,CLR,null,null,null,null,null,null,null,null,null,null,null,null,null,null,72,KMFE 312353Z 15012KT 10SM CLR 22/16 A3001 RMK AO2 SLP160 T02220161 10267 20222 53007,null
MFE,2024-12-01 0:04,66,49,54.21,340,7,0,30.16,null,10,null,SCT,OVC,null,null,2800,6000,null,null,null,null,null,null,null,null,null,66,KMFE 010004Z 34007KT 10SM SCT028 OVC060 19/09 A3016 RMK AO2 T01890094 $,null
MFE,2024-12-01 0:53,65,50,58.26,340,6,0,30.17,1021.5,10,null,OVC,null,null,null,6000,null,null,null,null,null,null,null,null,null,null,65,KMFE 010053Z 34006KT 10SM OVC060 18/10 A3017 RMK AO2 SLP215 T01830100 $,null
MFE,2024-12-01 1:53,65,50,58.26,340,7,0,30.18,1021.9,10,null,FEW,SCT,OVC,null,2400,3400,5500,null,null,null,null,null,null,null,null,65,KMFE 010153Z 34007KT 10SM FEW024 SCT034 OVC055 18/10 A3018 RMK AO2 SLP219 T01830100 $,null
MFE,2024-12-01 2:33,65,50,58.26,340,6,0,30.19,null,10,null,BKN,OVC,null,null,2200,5500,null,null,null,null,null,null,null,null,null,65,KMFE 010233Z 34006KT 10SM BKN022 OVC055 18/10 A3019 RMK AO2 T01830100 $,null
MFE,2024-12-01 2:53,65,49,56.13,350,7,0,30.19,1022.2,10,null,SCT,BKN,OVC,null,2200,4600,5500,null,null,null,null,null,null,null,null,65,KMFE 010253Z 35007KT 10SM SCT022 BKN046 OVC055 18/09 A3019 RMK AO2 SLP222 T01830094 51011 $,null
MFE,2024-12-01 3:44,64,49,58.13,330,6,0,30.2,null,10,null,BKN,OVC,null,null,2000,6000,null,null,null,null,null,null,null,null,null,64,KMFE 010344Z 33006KT 10SM BKN020 OVC060 18/09 A3020 RMK AO2 T01780094 $,null
MFE,2024-12-01 3:53,64,49,58.13,340,7,0,30.2,1022.6,10,null,OVC,null,null,null,2000,null,null,null,null,null,null,null,null,null,null,64,KMFE 010353Z 34007KT 10SM OVC020 18/09 A3020 RMK AO2 SLP226 T01780094 $,null
MFE,2024-12-01 4:14,64,49,58.13,330,5,0,30.2,null,10,null,SCT,BKN,OVC,null,2000,4500,5500,null,null,null,null,null,null,null,null,64,KMFE 010414Z 33005KT 10SM SCT020 BKN045 OVC055 18/09 A3020 RMK AO2 T01780094 $,null
MFE,2024-12-01 4:53,64,49,58.13,330,6,0,30.2,1022.5,10,null,FEW,BKN,OVC,null,2600,4000,5000,null,null,null,null,null,null,null,null,64,KMFE 010453Z 33006KT 10SM FEW026 BKN040 OVC050 18/09 A3020 RMK AO2 SLP225 T01780094 $,null
MFE,2024-12-01 5:53,63,51,64.85,340,7,0,30.19,1022.1,10,null,BKN,BKN,OVC,null,4200,5000,6000,null,null,null,null,null,null,null,null,63,KMFE 010553Z AUTO 34007KT 10SM BKN042 BKN050 OVC060 17/11 A3019 RMK AO2 SLP221 T01720106 10189 20172 401940144 58001 $,null
MFE,2024-12-01 6:36,63,51,64.85,290,4,T,30.18,null,10,null,BKN,BKN,OVC,null,1900,2600,4400,null,null,null,null,null,null,null,null,63,KMFE 010636Z AUTO 29004KT 10SM BKN019 BKN026 OVC044 17/11 A3018 RMK AO2 RAB03E12 P0000 T01720106 $,null
MFE,2024-12-01 6:53,62,52,69.71,300,7,T,30.17,1021.7,10,null,OVC,null,null,null,1700,null,null,null,null,null,null,null,null,null,null,62,KMFE 010653Z AUTO 30007KT 10SM OVC017 17/11 A3017 RMK AO2 RAB03E12 SLP217 P0000 T01670111 $,null
MFE,2024-12-01 7:53,60,54,80.53,300,6,0,30.17,1021.5,10,null,BKN,OVC,null,null,1700,4200,null,null,null,null,null,null,null,null,null,60,KMFE 010753Z AUTO 30006KT 10SM BKN017 OVC042 16/12 A3017 RMK AO2 SLP215 T01560122 $,null
MFE,2024-12-01 8:53,61,54,77.72,300,5,0,30.16,1021.3,10,null,OVC,null,null,null,1700,null,null,null,null,null,null,null,null,null,null,61,KMFE 010853Z AUTO 30005KT 10SM OVC017 16/12 A3016 RMK AO2 SLP213 60000 T01610122 56008 $,null
MFE,2024-12-01 9:41,60,55,83.53,330,5,T,30.15,null,10,null,FEW,BKN,OVC,null,1700,3000,6000,null,null,null,null,null,null,null,null,60,KMFE 010941Z AUTO 33005KT 10SM FEW017 BKN030 OVC060 16/13 A3015 RMK AO2 RAB0857E19 P0000 T01560128 $,null
MFE,2024-12-01 9:53,60,55,83.53,320,4,T,30.15,1020.9,10,null,FEW,SCT,OVC,null,1600,4600,6000,null,null,null,null,null,null,null,null,60,KMFE 010953Z AUTO 32004KT 10SM FEW016 SCT046 OVC060 16/13 A3015 RMK AO2 RAB0857E19 SLP209 P0000 T01560128 $,null
MFE,2024-12-01 10:28,60,55,83.53,340,5,0,30.14,null,10,null,BKN,OVC,null,null,1700,5500,null,null,null,null,null,null,null,null,null,60,KMFE 011028Z AUTO 34005KT 10SM BKN017 OVC055 16/13 A3014 RMK AO2 T01560128 $,null
MFE,2024-12-01 10:53,61,55,80.61,300,4,0,30.16,1021.2,10,null,OVC,null,null,null,1600,null,null,null,null,null,null,null,null,null,null,61,KMFE 011053Z AUTO 30004KT 10SM OVC016 16/13 A3016 RMK AO2 SLP212 T01610128 $,null
MFE,2024-12-01 11:53,62,55,77.81,330,4,0,30.17,1021.5,10,null,OVC,null,null,null,1600,null,null,null,null,null,null,null,null,null,null,62,KMFE 011153Z AUTO 33004KT 10SM OVC016 17/13 A3017 RMK AO2 SLP215 60000 T01670128 10172 20156 53002 $,null
MFE,2024-12-01 11:56,62,55,77.81,340,4,0,30.17,null,10,null,OVC,null,null,null,1700,null,null,null,null,null,null,null,null,null,null,62,KMFE 011156Z 34004KT 10SM OVC017 17/13 A3017 RMK AO2 T01670128 $,null
MFE,2024-12-01 12:53,62,55,77.81,320,5,0,30.18,1021.8,10,null,OVC,null,null,null,1400,null,null,null,null,null,null,null,null,null,null,62,KMFE 011253Z 32005KT 10SM OVC014 17/13 A3018 RMK AO2 SLP218 T01670128 $,null
MFE,2024-12-01 13:53,63,56,77.89,320,4,0,30.19,1022.4,10,null,OVC,null,null,null,1500,null,null,null,null,null,null,null,null,null,null,63,KMFE 011353Z 32004KT 10SM OVC015 17/13 A3019 RMK AO2 SLP224 T01720133 $,null
MFE,2024-12-01 14:08,63,56,77.89,310,4,0,30.21,null,10,null,OVC,null,null,null,1300,null,null,null,null,null,null,null,null,null,null,63,KMFE 011408Z 31004KT 10SM OVC013 17/13 A3021 RMK AO2 T01720133 $,null
MFE,2024-12-01 14:28,64,56,75.2,330,6,0,30.21,null,10,null,BKN,OVC,null,null,900,1300,null,null,null,null,null,null,null,null,null,64,KMFE 011428Z 33006KT 10SM BKN009 OVC013 18/13 A3021 RMK AO2 T01780133 $,null
MFE,2024-12-01 14:53,65,57,75.3,330,6,0,30.21,1022.8,10,null,BKN,OVC,null,null,1000,1400,null,null,null,null,null,null,null,null,null,65,KMFE 011453Z 33006KT 10SM BKN010 OVC014 18/14 A3021 RMK AO2 CIG 008V013 SLP228 T01830139 53014 $,null
MFE,2024-12-01 15:11,66,57,72.72,320,8,0,30.21,null,10,null,SCT,OVC,null,null,1200,1800,null,null,null,null,null,null,null,null,null,66,KMFE 011511Z 32008KT 10SM SCT012 OVC018 19/14 A3021 RMK AO2 T01890139 $,null
MFE,2024-12-01 15:53,67,58,72.82,350,7,0,30.22,1023.2,10,null,FEW,OVC,null,null,1100,2000,null,null,null,null,null,null,null,null,null,67,KMFE 011553Z 35007KT 10SM FEW011 OVC020 19/14 A3022 RMK AO2 SLP232 T01940144 $,null
MFE,2024-12-01 16:08,68,58,70.35,330,6,0,30.23,null,10,null,BKN,OVC,null,null,1100,2000,null,null,null,null,null,null,null,null,null,68,KMFE 011608Z 33006KT 10SM BKN011 OVC020 20/14 A3023 RMK AO2 T02000144 $,null
MFE,2024-12-01 16:53,69,59,70.46,330,6,0,30.22,1023.1,10,null,BKN,OVC,null,null,1100,2100,null,null,null,null,null,null,null,null,null,69,KMFE 011653Z 33006KT 10SM BKN011 OVC021 21/15 A3022 RMK AO2 SLP231 T02060150 $,null
MFE,2024-12-01 17:53,70,60,70.56,330,6,0,30.21,1022.9,10,null,BKN,OVC,null,null,1400,2300,null,null,null,null,null,null,null,null,null,70,KMFE 011753Z 33006KT 10SM BKN014 OVC023 21/16 A3021 RMK AO2 SLP229 T02110156 10211 20167 50000 $,null
MFE,2024-12-01 18:05,70,61,73.11,340,6,0,30.2,null,10,null,BKN,OVC,null,null,1700,2300,null,null,null,null,null,null,null,null,null,70,KMFE 011805Z 34006KT 10SM BKN017 OVC023 21/16 A3020 RMK AO2 T02110161 $,null
MFE,2024-12-01 18:37,74,62,66.15,350,8,0,30.17,null,10,null,FEW,BKN,null,null,2400,3700,null,null,null,null,null,null,null,null,null,74,KMFE 011837Z 35008KT 10SM FEW024 BKN037 23/17 A3017 RMK AO2 T02330167 $,null
MFE,2024-12-01 18:53,74,61,63.85,350,7,0,30.17,1021.4,10,null,SCT,SCT,null,null,3700,7500,null,null,null,null,null,null,null,null,null,74,KMFE 011853Z 35007KT 10SM SCT037 SCT075 23/16 A3017 RMK AO2 SLP214 T02330161 $,null
MFE,2024-12-01 19:53,77,63,62,350,7,0,30.14,1020.3,10,null,FEW,SCT,BKN,null,3000,4300,7500,null,null,null,null,null,null,null,null,77,KMFE 011953Z 35007KT 10SM FEW030 SCT043 BKN075 25/17 A3014 RMK AO2 SLP203 T02500172 $,null
MFE,2024-12-01 20:53,79,64,60.11,0,0,0,30.12,1019.7,10,null,OVC,null,null,null,7000,null,null,null,null,null,null,null,null,null,null,79,KMFE 012053Z 00000KT 10SM OVC070 26/18 A3012 RMK AO2 SLP197 T02610178 56032 $,null
MFE,2024-12-01 21:53,77,63,62,310,6,0,30.11,1019.4,10,null,FEW,BKN,OVC,null,3300,4900,6000,null,null,null,null,null,null,null,null,77,KMFE 012153Z 31006KT 10SM FEW033 BKN049 OVC060 25/17 A3011 RMK AO2 SLP194 T02500172 $,null
MFE,2024-12-01 22:53,76,67,73.69,360,7,0,30.11,1019.4,10,null,BKN,BKN,OVC,null,2500,3100,6000,null,null,null,null,null,null,null,null,76,KMFE 012253Z 36007KT 10SM BKN025 BKN031 OVC060 24/19 A3011 RMK AO2 SLP194 T02440194 $,null
MFE,2024-12-01 23:53,76,67,73.69,50,8,0,30.12,1019.8,10,null,OVC,null,null,null,2100,null,null,null,null,null,null,null,null,null,null,76,KMFE 012353Z 05008KT 10SM OVC021 24/19 A3012 RMK AO2 SLP198 T02440194 10261 20206 53001 $,null
MFE,2024-12-02 0:53,73,69,87.29,40,5,T,30.14,1020.5,10,null,OVC,null,null,null,1700,null,null,null,null,null,null,null,null,null,null,73,KMFE 020053Z 04005KT 10SM OVC017 23/21 A3014 RMK AO2 RAB02E50 SLP205 P0000 T02280206 $,null
MFE,2024-12-02 1:38,73,68,84.34,30,6,T,30.16,null,10,null,OVC,null,null,null,1700,null,null,null,null,null,null,null,null,null,null,73,KMFE 020138Z 03006KT 10SM OVC017 23/20 A3016 RMK AO2 RAB0057B03E15 P0000 T02280200 $,null
MFE,2024-12-02 1:53,73,68,84.34,50,5,T,30.17,1021.4,10,null,OVC,null,null,null,1800,null,null,null,#NAME?,null,null,null,null,null,null,73,KMFE 020153Z 05005KT 10SM -RA OVC018 23/20 A3017 RMK AO2 RAB0057B03E15B40 SLP214 P0000 T02280200 $,null
MFE,2024-12-02 2:53,73,69,87.29,60,3,T,30.18,1021.8,10,null,SCT,OVC,null,null,1600,2900,null,null,#NAME?,null,null,null,null,null,null,73,KMFE 020253Z 06003KT 10SM -RA SCT016 OVC029 23/21 A3018 RMK AO2 RAE07B48 SLP218 P0000 60000 T02280206 $,null
MFE,2024-12-02 3:53,72,69,90.28,20,3,T,30.19,1022,10,null,BKN,OVC,null,null,1700,2500,null,null,null,null,null,null,null,null,null,72,KMFE 020353Z 02003KT 10SM BKN017 OVC025 22/21 A3019 RMK AO2 RAE0259 SLP220 P0000 T02220206 $,null
MFE,2024-12-02 4:26,72,68,87.24,10,4,0,30.19,null,10,null,FEW,SCT,OVC,null,1700,2800,3300,null,null,null,null,null,null,null,null,72,KMFE 020426Z 01004KT 10SM FEW017 SCT028 OVC033 22/20 A3019 RMK AO2 T02220200 $,null
MFE,2024-12-02 4:45,72,68,87.24,360,4,0,30.19,null,10,null,BKN,BKN,OVC,null,1800,2500,3300,null,null,null,null,null,null,null,null,72,KMFE 020445Z 36004KT 10SM BKN018 BKN025 OVC033 22/20 A3019 RMK AO2 T02220200 $,null
MFE,2024-12-02 4:53,72,68,87.24,20,3,0,30.19,1022.2,10,null,BKN,OVC,null,null,1800,2500,null,null,null,null,null,null,null,null,null,72,KMFE 020453Z 02003KT 10SM BKN018 OVC025 22/20 A3019 RMK AO2 SLP222 T02220200 $,null
MFE,2024-12-02 5:53,72,68,87.24,20,4,0,30.19,1022.1,10,null,BKN,OVC,null,null,1700,2600,null,null,null,null,null,null,null,null,null,72,KMFE 020553Z AUTO 02004KT 10SM BKN017 OVC026 22/20 A3019 RMK AO2 SLP221 60000 T02220200 10244 20222 402610156 50002 $,null
MFE,2024-12-02 6:20,72,68,87.24,20,5,T,30.18,null,10,null,FEW,SCT,OVC,null,1700,2600,3800,null,null,null,null,null,null,null,null,72,KMFE 020620Z AUTO 02005KT 10SM FEW017 SCT026 OVC038 22/20 A3018 RMK AO2 RAB00E11 P0000 T02220200 $,null
MFE,2024-12-02 6:53,71,68,90.25,20,5,T,30.17,1021.5,10,null,FEW,OVC,null,null,2500,4300,null,null,null,null,null,null,null,null,null,71,KMFE 020653Z AUTO 02005KT 10SM FEW025 OVC043 22/20 A3017 RMK AO2 RAB00E11 SLP215 P0000 T02170200 $,null
MFE,2024-12-02 7:46,71,68,90.25,30,6,0,30.17,null,10,null,FEW,BKN,OVC,null,2100,2700,4300,null,null,null,null,null,null,null,null,71,KMFE 020746Z AUTO 03006KT 10SM FEW021 BKN027 OVC043 22/20 A3017 RMK AO2 T02170200 $,null
MFE,2024-12-02 7:53,71,68,90.25,30,6,T,30.17,1021.5,10,null,FEW,BKN,OVC,null,2000,2900,3900,null,#NAME?,null,null,null,null,null,null,71,KMFE 020753Z AUTO 03006KT 10SM -RA FEW020 BKN029 OVC039 22/20 A3017 RMK AO2 RAB52 SLP215 P0000 T02170200 $,null
MFE,2024-12-02 8:11,71,68,90.25,360,5,T,30.17,null,10,null,FEW,OVC,null,null,2200,3300,null,null,#NAME?,null,null,null,null,null,null,71,KMFE 020811Z AUTO 36005KT 10SM -RA FEW022 OVC033 22/20 A3017 RMK AO2 P0000 T02170200 $,null
MFE,2024-12-02 8:29,71,68,90.25,10,4,T,30.17,null,10,null,BKN,BKN,OVC,null,2100,3000,3600,null,#NAME?,null,null,null,null,null,null,71,KMFE 020829Z AUTO 01004KT 10SM -RA BKN021 BKN030 OVC036 22/20 A3017 RMK AO2 P0000 T02170200 $,null
MFE,2024-12-02 8:53,70,68,93.37,30,6,T,30.17,1021.5,10,null,BKN,OVC,null,null,1900,2500,null,null,#NAME?,null,null,null,null,null,null,70,KMFE 020853Z AUTO 03006KT 10SM -RA BKN019 OVC025 21/20 A3017 RMK AO2 SLP215 P0000 60000 T02110200 55005 $,null
MFE,2024-12-02 9:12,70,68,93.37,40,5,T,30.17,null,10,null,FEW,SCT,OVC,null,1900,2900,4500,null,null,null,null,null,null,null,null,70,KMFE 020912Z AUTO 04005KT 10SM FEW019 SCT029 OVC045 21/20 A3017 RMK AO2 RAE12 P0000 T02110200 $,null
MFE,2024-12-02 9:53,70,68,93.37,20,4,T,30.18,1021.7,10,null,FEW,BKN,OVC,null,2400,6000,8500,null,null,null,null,null,null,null,null,70,KMFE 020953Z AUTO 02004KT 10SM FEW024 BKN060 OVC085 21/20 A3018 RMK AO2 RAE12B14E35 SLP217 P0000 T02110200 $,null
MFE,2024-12-02 10:53,70,68,93.37,20,7,0,30.17,1021.5,10,null,FEW,OVC,null,null,6000,9000,null,null,null,null,null,null,null,null,null,70,KMFE 021053Z AUTO 02007KT 10SM FEW060 OVC090 21/20 A3017 RMK AO2 SLP215 T02110200 $,null
MFE,2024-12-02 11:53,71,67,87.19,30,5,0,30.19,1022,10,null,SCT,BKN,null,null,2500,4600,null,null,null,null,null,null,null,null,null,71,KMFE 021153Z 03005KT 10SM SCT025 BKN046 22/19 A3019 RMK AO2 SLP220 60000 T02170194 10222 20211 53005 $,null
MFE,2024-12-02 12:03,71,67,87.19,40,5,0,30.19,null,10,null,BKN,BKN,null,null,2500,4500,null,null,null,null,null,null,null,null,null,71,KMFE 021203Z 04005KT 10SM BKN025 BKN045 22/19 A3019 RMK AO2 T02170194 $,null
MFE,2024-12-02 12:53,71,67,87.19,20,6,0,30.21,1022.8,10,null,BKN,OVC,null,null,2700,3600,null,null,null,null,null,null,null,null,null,71,KMFE 021253Z 02006KT 10SM BKN027 OVC036 22/19 A3021 RMK AO2 SLP228 T02170194 $,null
MFE,2024-12-02 13:04,71,67,87.19,50,7,0,30.21,null,10,null,BKN,BKN,OVC,null,1200,1800,2400,null,null,null,null,null,null,null,null,71,KMFE 021304Z 05007KT 10SM BKN012 BKN018 OVC024 22/19 A3021 RMK AO2 T02170194 $,null
MFE,2024-12-02 13:48,71.6,68,88.43,30,7,T,30.22,null,10,null,SCT,BKN,OVC,null,1100,1500,3000,null,#NAME?,null,null,null,null,null,null,71.6,KMFE 021348Z 03007KT 10SM -RA SCT011 BKN015 OVC030 22/20 A3022 RMK AO2 RAB39 P0000 $,null
MFE,2024-12-02 13:53,71,68,90.25,40,8,T,30.22,1023.1,10,null,BKN,BKN,OVC,null,1300,2300,3600,null,#NAME?,null,null,null,null,null,null,71,KMFE 021353Z 04008KT 10SM -RA BKN013 BKN023 OVC036 22/20 A3022 RMK AO2 RAB39 SLP231 P0000 T02170200 $,null
MFE,2024-12-02 14:02,71,69,93.4,30,7,T,30.22,null,10,null,SCT,BKN,OVC,null,1100,2500,4100,null,null,null,null,null,null,null,null,71,KMFE 021402Z 03007KT 10SM SCT011 BKN025 OVC041 22/21 A3022 RMK AO2 RAE1354 P0000 T02170206 $,null
MFE,2024-12-02 14:21,72,69,90.28,30,6,T,30.23,null,10,null,FEW,SCT,BKN,null,1100,2900,3800,null,null,null,null,null,null,null,null,72,KMFE 021421Z 03006KT 10SM FEW011 SCT029 BKN038 22/21 A3023 RMK AO2 RAE1354 P0000 T02220206 $,null
MFE,2024-12-02 14:30,72,69,90.28,20,7,T,30.23,null,10,null,FEW,BKN,BKN,null,1000,2900,4000,null,null,null,null,null,null,null,null,72,KMFE 021430Z 02007KT 10SM FEW010 BKN029 BKN040 22/21 A3023 RMK AO2 RAE1354 P0000 T02220206 $,null
MFE,2024-12-02 14:53,73,69,87.29,40,9,T,30.24,1023.9,10,null,FEW,BKN,OVC,null,1100,3000,4000,null,null,null,null,null,null,null,null,73,KMFE 021453Z 04009KT 10SM FEW011 BKN030 OVC040 23/21 A3024 RMK AO2 RAE1354 SLP239 P0000 60000 T02280206 53011 $,null
MFE,2024-12-02 15:00,73,69,87.29,40,10,0,30.24,null,10,null,FEW,BKN,OVC,null,1200,2400,4700,null,null,null,null,null,null,null,null,73,KMFE 021500Z 04010KT 10SM FEW012 BKN024 OVC047 23/21 A3024 RMK AO2 T02280206 $,null
MFE,2024-12-02 15:53,73,69,87.29,40,9,0,30.26,1024.4,10,21,FEW,BKN,OVC,null,1400,2500,4100,null,null,null,null,null,null,null,null,73,KMFE 021553Z 04009G21KT 350V060 10SM FEW014 BKN025 OVC041 23/21 A3026 RMK AO2 SLP244 T02280206,null
MFE,2024-12-02 16:05,74,69,84.4,40,11,0,30.25,null,10,null,SCT,BKN,OVC,null,2200,4800,8500,null,null,null,null,null,null,null,null,74,KMFE 021605Z 04011KT 10SM SCT022 BKN048 OVC085 23/21 A3025 RMK AO2 T02330206,null
MFE,2024-12-02 16:51,73.4,68,83.21,50,11,0,30.26,null,10,null,BKN,BKN,OVC,null,1900,2800,4300,null,null,null,null,null,null,null,null,73.4,KMFE 021651Z 05011KT 10SM BKN019 BKN028 OVC043 23/20 A3026 RMK AO2,null
MFE,2024-12-02 16:53,74,68,81.55,50,11,0,30.25,1024.3,10,null,BKN,BKN,OVC,null,1900,2800,5000,null,null,null,null,null,null,null,null,74,KMFE 021653Z 05011KT 10SM BKN019 BKN028 OVC050 23/20 A3025 RMK AO2 SLP243 T02330200,null
MFE,2024-12-02 17:53,76,67,73.69,50,12,0,30.24,1023.7,10,24,SCT,OVC,null,null,2300,3700,null,null,null,null,null,null,null,null,null,76,KMFE 021753Z 05012G24KT 10SM SCT023 OVC037 24/19 A3024 RMK AO2 SLP237 60000 T02440194 10250 20217 58006,null
MFE,2024-12-02 18:06,76,67,73.69,70,11,0,30.23,null,10,null,BKN,OVC,null,null,2600,3500,null,null,null,null,null,null,null,null,null,76,KMFE 021806Z 07011KT 10SM BKN026 OVC035 24/19 A3023 RMK AO2 T02440194,null
MFE,2024-12-02 18:16,76,67,73.69,70,14,0,30.23,null,10,20,SCT,OVC,null,null,2400,3500,null,null,null,null,null,null,null,null,null,76,KMFE 021816Z 07014G20KT 10SM SCT024 OVC035 24/19 A3023 RMK AO2 T02440194,null
MFE,2024-12-02 18:32,75,67,76.19,100,13,0,30.22,null,10,null,BKN,OVC,null,null,2600,3400,null,null,null,null,null,null,null,null,null,75,KMFE 021832Z 10013KT 10SM BKN026 OVC034 24/19 A3022 RMK AO2 T02390194,null
MFE,2024-12-02 18:53,72,68,87.24,60,11,0,30.21,1022.9,4,null,SCT,BKN,OVC,null,2500,3400,4400,null,#NAME?,null,null,null,null,null,null,72,KMFE 021853Z 06011KT 4SM -RA BR SCT025 BKN034 OVC044 22/20 A3021 RMK AO2 RAB35 SLP229 T02220200 PNO $,null
MFE,2024-12-02 19:53,71,68,90.25,50,9,0,30.2,1022.4,9,null,OVC,null,null,null,4200,null,null,null,#NAME?,null,null,null,null,null,null,71,KMFE 021953Z 05009KT 9SM -RA OVC042 22/20 A3020 RMK AO2 SLP224 T02170200 PNO $,null
MFE,2024-12-02 20:53,72,68,87.24,100,4,0,30.2,1022.4,6,null,BKN,OVC,null,null,2600,3600,null,null,RA BR,null,null,null,null,null,null,72,KMFE 022053Z 10004KT 6SM RA BR BKN026 OVC036 22/20 A3020 RMK AO2 RAE1959B18E30B47 SLP224 6//// T02220200 55013 PNO $,null
MFE,2024-12-02 21:23,72,68,87.24,110,3,0,30.19,null,10,null,SCT,BKN,OVC,null,2800,3600,4600,null,null,null,null,null,null,null,null,72,KMFE 022123Z 11003KT 10SM SCT028 BKN036 OVC046 22/20 A3019 RMK AO2 RAE12 T02220200 PNO $,null
MFE,2024-12-02 21:53,73,66,78.7,70,8,0,30.19,1022.2,10,null,FEW,OVC,null,null,2800,4000,null,null,null,null,null,null,null,null,null,73,KMFE 022153Z 07008KT 10SM FEW028 OVC040 23/19 A3019 RMK AO2 RAE12 SLP222 T02280189 PNO $,null
MFE,2024-12-02 22:10,73,66,78.7,80,7,0,30.2,null,10,null,BKN,OVC,null,null,2800,4000,null,null,#NAME?,null,null,null,null,null,null,73,KMFE 022210Z 08007KT 10SM -RA BKN028 OVC040 23/19 A3020 RMK AO2 RAB06 T02280189 PNO $,null
MFE,2024-12-02 22:36,72,66,81.41,60,9,0,30.2,null,10,17,FEW,BKN,OVC,null,2700,4000,4700,null,null,null,null,null,null,null,null,72,KMFE 022236Z 06009G17KT 10SM FEW027 BKN040 OVC047 22/19 A3020 RMK AO2 RAB06E24 T02220189 PNO $,null
MFE,2024-12-02 22:53,73,65,76.01,70,7,0,30.21,1022.8,10,null,FEW,FEW,OVC,null,2900,3400,4200,null,null,null,null,null,null,null,null,73,KMFE 022253Z 07007KT 10SM FEW029 FEW034 OVC042 23/18 A3021 RMK AO2 RAB06E24 SLP228 T02280183 PNO $,null
MFE,2024-12-02 23:53,72,64,75.92,50,9,0,30.22,1023.2,10,null,FEW,OVC,null,null,2900,4900,null,null,null,null,null,null,null,null,null,72,KMFE 022353Z 05009KT 10SM FEW029 OVC049 22/18 A3022 RMK AO2 RAB2254E09 SLP232 6//// T02220178 10244 20217 53008 PNO $,null
MFE,2024-12-03 0:51,71.6,64.4,78.04,40,10,0,30.25,null,10,null,BKN,OVC,null,null,2700,3300,null,null,null,null,null,null,null,null,null,71.6,KMFE 030051Z 04010KT 10SM BKN027 OVC033 22/18 A3025 RMK AO2 PNO $,null
MFE,2024-12-03 0:53,72,64,75.92,40,10,0,30.25,1024.1,10,null,OVC,null,null,null,2700,null,null,null,null,null,null,null,null,null,null,72,KMFE 030053Z 04010KT 10SM OVC027 22/18 A3025 RMK AO2 SLP241 T02220178 PNO $,null
MFE,2024-12-03 1:17,71,64,78.54,40,9,0,30.25,null,10,null,SCT,OVC,null,null,2800,4700,null,null,null,null,null,null,null,null,null,71,KMFE 030117Z 04009KT 10SM SCT028 OVC047 22/18 A3025 RMK AO2 T02170178 PNO $,null
MFE,2024-12-03 1:53,71,63,75.84,20,11,0,30.26,1024.6,10,null,BKN,OVC,null,null,4900,6000,null,null,null,null,null,null,null,null,null,71,KMFE 030153Z 02011KT 10SM BKN049 OVC060 22/17 A3026 RMK AO2 SLP246 T02170172 PNO $,null
MFE,2024-12-03 2:53,70,62,75.75,20,10,0,30.29,1025.5,10,19,OVC,null,null,null,4800,null,null,null,null,null,null,null,null,null,null,70,KMFE 030253Z 02010G19KT 10SM OVC048 21/17 A3029 RMK AO2 SLP255 6//// T02110167 53014 PNO $,null
MFE,2024-12-03 3:53,67,62,83.97,20,7,0,30.29,1025.6,10,19,FEW,BKN,OVC,null,3500,4900,8000,null,#NAME?,null,null,null,null,null,null,67,KMFE 030353Z 02007G19KT 10SM -RA FEW035 BKN049 OVC080 19/17 A3029 RMK AO2 RAB29 SLP256 T01940167 PNO $,null
MFE,2024-12-03 4:53,67,61,81.05,360,8,0,30.3,1025.9,10,null,FEW,SCT,BKN,null,4100,7500,10000,null,null,null,null,null,null,null,null,67,KMFE 030453Z 36008KT 10SM FEW041 SCT075 BKN100 19/16 A3030 RMK AO2 RAE0358 SLP259 T01940161 PNO $,null
MFE,2024-12-03 5:53,67,61,81.05,10,7,0,30.29,1025.7,10,null,BKN,OVC,null,null,4100,10000,null,null,null,null,null,null,null,null,null,67,KMFE 030553Z AUTO 01007KT 10SM BKN041 OVC100 19/16 A3029 RMK AO2 SLP257 6//// T01940161 10228 20194 402500194 50002 PNO $,null
MFE,2024-12-03 6:53,67,61,81.05,10,8,0,30.27,1025,10,null,OVC,null,null,null,5000,null,null,null,null,null,null,null,null,null,null,67,KMFE 030653Z AUTO 01008KT 10SM OVC050 19/16 A3027 RMK AO2 SLP250 T01940161 PNO $,null
MFE,2024-12-03 7:53,67,61,81.05,10,9,0,30.28,1025.2,10,null,OVC,null,null,null,4000,null,null,null,null,null,null,null,null,null,null,67,KMFE 030753Z AUTO 01009KT 10SM OVC040 19/16 A3028 RMK AO2 SLP252 T01940161 PNO $,null
MFE,2024-12-03 8:53,67,61,81.05,10,9,0,30.28,1025,10,null,FEW,OVC,null,null,2300,3500,null,null,null,null,null,null,null,null,null,67,KMFE 030853Z AUTO 01009KT 10SM FEW023 OVC035 19/16 A3028 RMK AO2 SLP250 6//// T01940161 56006 PNO $,null
MFE,2024-12-03 9:53,66,60,80.98,10,10,0,30.27,1024.7,10,null,SCT,OVC,null,null,2900,4600,null,null,null,null,null,null,null,null,null,66,KMFE 030953Z AUTO 01010KT 10SM SCT029 OVC046 19/16 A3027 RMK AO2 SLP247 T01890156 PNO $,null
MFE,2024-12-03 10:23,66,59,78.14,20,11,0,30.27,null,10,null,BKN,OVC,null,null,2900,3500,null,null,null,null,null,null,null,null,null,66,KMFE 031023Z AUTO 02011KT 10SM BKN029 OVC035 19/15 A3027 RMK AO2 T01890150 PNO $,null
MFE,2024-12-03 10:41,66,59,78.14,20,11,0,30.27,null,10,null,SCT,SCT,OVC,null,2900,3400,4700,null,null,null,null,null,null,null,null,66,KMFE 031041Z AUTO 02011KT 10SM SCT029 SCT034 OVC047 19/15 A3027 RMK AO2 T01890150 PNO $,null
MFE,2024-12-03 10:53,66,59,78.14,10,11,0,30.27,1024.8,10,null,SCT,OVC,null,null,3000,4700,null,null,null,null,null,null,null,null,null,66,KMFE 031053Z AUTO 01011KT 10SM SCT030 OVC047 19/15 A3027 RMK AO2 SLP248 T01890150 PNO $,null
MFE,2024-12-03 11:53,65,58,78.06,10,10,0,30.28,1025.1,10,null,FEW,BKN,OVC,null,2400,3900,4800,null,null,null,null,null,null,null,null,65,KMFE 031153Z 01010KT 10SM FEW024 BKN039 OVC048 18/14 A3028 RMK AO2 SLP251 6//// 7//// T01830144 10194 20183 53001 PNO $,null
MFE,2024-12-03 12:10,65,58,78.06,10,11,0,30.29,null,10,null,SCT,BKN,OVC,null,2000,2500,4300,null,null,null,null,null,null,null,null,65,KMFE 031210Z 01011KT 10SM SCT020 BKN025 OVC043 18/14 A3029 RMK AO2 T01830144 PNO $,null
MFE,2024-12-03 12:53,64,57,77.97,360,9,0,30.3,1025.9,10,null,FEW,BKN,OVC,null,1500,2200,4300,null,null,null,null,null,null,null,null,64,KMFE 031253Z 36009KT 10SM FEW015 BKN022 OVC043 18/14 A3030 RMK AO2 SLP259 T01780139 PNO $,null
MFE,2024-12-03 13:53,64,57,77.97,320,8,0,30.33,1026.9,10,null,OVC,null,null,null,1500,null,null,null,null,null,null,null,null,null,null,64,KMFE 031353Z 32008KT 10SM OVC015 18/14 A3033 RMK AO2 SLP269 T01780139,null
MFE,2024-12-03 14:53,65,57,75.3,330,7,0,30.34,1027.3,10,null,OVC,null,null,null,1700,null,null,null,null,null,null,null,null,null,null,65,KMFE 031453Z 33007KT 10SM OVC017 18/14 A3034 RMK AO2 SLP273 6//// T01830139 51022,null
MFE,2024-12-03 15:53,65,55,70.03,330,11,0,30.36,1027.9,10,null,OVC,null,null,null,1800,null,null,null,null,null,null,null,null,null,null,65,KMFE 031553Z 33011KT 10SM OVC018 18/13 A3036 RMK AO2 SLP279 T01830128,null
MFE,2024-12-03 16:53,67,56,67.75,350,11,0,30.35,1027.4,10,null,OVC,null,null,null,1800,null,null,null,null,null,null,null,null,null,null,67,KMFE 031653Z 35011KT 10SM OVC018 19/13 A3035 RMK AO2 SLP274 T01940133,null
MFE,2024-12-03 17:53,66,57,72.72,330,11,T,30.33,1026.9,10,17,OVC,null,null,null,1800,null,null,null,null,null,null,null,null,null,null,66,KMFE 031753Z 33011G17KT 10SM OVC018 19/14 A3033 RMK AO2 RAB1656E20 SLP269 P0000 6//// T01890139 10194 20178 58004,null
MFE,2024-12-03 18:53,66,56,70.14,310,11,0,30.3,1025.8,10,17,OVC,null,null,null,1900,null,null,null,null,null,null,null,null,null,null,66,KMFE 031853Z 31011G17KT 10SM OVC019 19/13 A3030 RMK AO2 SLP258 T01890133,null
MFE,2024-12-03 19:53,63,60,89.93,300,10,T,30.27,1024.9,9,null,OVC,null,null,null,2000,null,null,null,null,null,null,null,null,null,null,63,KMFE 031953Z 30010KT 9SM OVC020 17/16 A3027 RMK AO2 RAB02E47 SLP249 P0000 T01720156,null
MFE,2024-12-03 20:53,64,60,86.83,320,11,T,30.26,1024.5,10,null,FEW,OVC,null,null,1300,1900,null,null,null,null,null,null,null,null,null,64,KMFE 032053Z 32011KT 10SM FEW013 OVC019 18/16 A3026 RMK AO2 RAB17E32 SLP245 P0000 60000 T01780156 56024,null
MFE,2024-12-03 21:13,63,60,89.93,320,10,0,30.26,null,8,null,BKN,OVC,null,null,1000,1900,null,null,null,null,null,null,null,null,null,63,KMFE 032113Z 32010KT 8SM BKN010 OVC019 17/16 A3026 RMK AO2 CIG 007V013 T01720156,null
MFE,2024-12-03 21:36,62,58,86.72,320,13,0,30.26,null,10,null,OVC,null,null,null,900,null,null,null,null,null,null,null,null,null,null,62,KMFE 032136Z 32013KT 10SM OVC009 17/14 A3026 RMK AO2 CIG 007V013 T01670144,null
MFE,2024-12-03 21:53,61,58,89.84,320,11,0,30.26,1024.6,10,null,OVC,null,null,null,1100,null,null,null,null,null,null,null,null,null,null,61,KMFE 032153Z 32011KT 10SM OVC011 16/14 A3026 RMK AO2 CIG 007V013 SLP246 T01610144,null
MFE,2024-12-03 21:59,61,58,89.84,310,12,0,30.26,null,10,null,OVC,null,null,null,900,null,null,null,null,null,null,null,null,null,null,61,KMFE 032159Z 31012KT 10SM OVC009 16/14 A3026 RMK AO2 CIG 008V013 T01610144,null
MFE,2024-12-03 22:53,60,58,93.1,300,11,T,30.25,1024.4,4,null,OVC,null,null,null,900,null,null,null,#NAME?,null,null,null,null,null,null,60,KMFE 032253Z 30011KT 4SM -RA BR OVC009 16/14 A3025 RMK AO2 RAB41 SLP244 P0000 T01560144 $,null
MFE,2024-12-03 23:53,60,58,93.1,300,10,T,30.26,1024.5,6,null,OVC,null,null,null,700,null,null,null,#NAME?,null,null,null,null,null,null,60,KMFE 032353Z 30010KT 6SM -RA BR OVC007 16/14 A3026 RMK AO2 RAE2258B41 SLP245 P0000 60000 T01560144 10189 20156 55001 $,null
MFE,2024-12-04 0:53,60,58,93.1,290,8,T,30.26,1024.6,4,null,OVC,null,null,null,600,null,null,null,RA BR,null,null,null,null,null,null,60,KMFE 040053Z 29008KT 4SM RA BR OVC006 16/14 A3026 RMK AO2 RAE10B51 SLP246 P0000 T01560144 $,null
MFE,2024-12-04 1:53,60,58,93.1,280,6,0,30.27,1025,9,null,OVC,null,null,null,600,null,null,null,null,null,null,null,null,null,null,60,KMFE 040153Z 28006KT 9SM OVC006 16/14 A3027 RMK AO2 RAE38 CIG 004V009 SLP250 T01560144 PNO $,null
MFE,2024-12-04 2:53,58,57,96.46,290,9,0,30.28,1025.3,9,null,OVC,null,null,null,500,null,null,null,null,null,null,null,null,null,null,58,KMFE 040253Z 29009KT 9SM OVC005 14/14 A3028 RMK AO2 RAB01E11 CIG 004V010 SLP253 6//// T01440139 53008 PNO $,null
MFE,2024-12-04 3:53,58,56,93.04,280,8,0,30.28,1025.1,9,null,OVC,null,null,null,600,null,null,null,null,null,null,null,null,null,null,58,KMFE 040353Z 28008KT 9SM OVC006 14/13 A3028 RMK AO2 SLP251 T01440133 PNO $,null
MFE,2024-12-04 4:53,57,56,96.45,290,8,0,30.27,1024.9,9,null,OVC,null,null,null,600,null,null,null,null,null,null,null,null,null,null,57,KMFE 040453Z 29008KT 9SM OVC006 14/13 A3027 RMK AO2 SLP249 T01390133 PNO $,null
MFE,2024-12-04 5:53,57,56,96.45,290,7,0,30.25,1024.4,6,null,OVC,null,null,null,600,null,null,null,BR,null,null,null,null,null,null,57,KMFE 040553Z AUTO 29007KT 6SM BR OVC006 14/13 A3025 RMK AO2 SLP244 6//// T01390133 10156 20139 401940139 58009 PNO $,null
MFE,2024-12-04 6:42,56,55,96.43,290,11,0,30.23,null,4,null,OVC,null,null,null,400,null,null,null,BR,null,null,null,null,null,null,56,KMFE 040642Z AUTO 29011KT 4SM BR OVC004 13/13 A3023 RMK AO2 T01330128 PNO $,null
MFE,2024-12-04 6:53,56,55,96.43,280,7,0,30.23,1023.7,5,null,OVC,null,null,null,400,null,null,null,BR,null,null,null,null,null,null,56,KMFE 040653Z AUTO 28007KT 5SM BR OVC004 13/13 A3023 RMK AO2 SLP237 T01330128 PNO $,null
MFE,2024-12-04 7:53,56,55,96.43,290,5,0,30.21,1023,4,null,OVC,null,null,null,300,null,null,null,BR,null,null,null,null,null,null,56,KMFE 040753Z AUTO 29005KT 4SM BR OVC003 13/13 A3021 RMK AO2 SLP230 T01330128 PNO $,null
MFE,2024-12-04 8:22,56,55,96.43,280,7,0,30.2,null,2.5,null,OVC,null,null,null,300,null,null,null,BR,null,null,null,null,null,null,56,KMFE 040822Z AUTO 28007KT 2 1/2SM BR OVC003 13/13 A3020 RMK AO2 T01330128 PNO $,null
MFE,2024-12-04 8:53,56,55,96.43,290,7,0,30.2,1022.4,2.5,null,OVC,null,null,null,300,null,null,null,BR,null,null,null,null,null,null,56,KMFE 040853Z AUTO 29007KT 2 1/2SM BR OVC003 13/13 A3020 RMK AO2 SLP224 6//// T01330128 56020 PNO $,null
MFE,2024-12-04 9:03,56,55,96.43,290,6,0,30.19,null,3,null,OVC,null,null,null,300,null,null,null,BR,null,null,null,null,null,null,56,KMFE 040903Z AUTO 29006KT 3SM BR OVC003 13/13 A3019 RMK AO2 T01330128 PNO $,null
MFE,2024-12-04 9:53,56,55,96.43,290,7,0,30.19,1022.1,3,null,OVC,null,null,null,300,null,null,null,BR,null,null,null,null,null,null,56,KMFE 040953Z AUTO 29007KT 3SM BR OVC003 13/13 A3019 RMK AO2 SLP221 T01330128 PNO $,null
MFE,2024-12-04 10:53,56,55,96.43,290,5,0,30.18,1021.8,3,null,OVC,null,null,null,300,null,null,null,BR,null,null,null,null,null,null,56,KMFE 041053Z AUTO 29005KT 3SM BR OVC003 13/13 A3018 RMK AO2 SLP218 T01330128 PNO $,null
MFE,2024-12-04 11:53,55,55,100,270,4,0,30.17,1021.6,4,null,OVC,null,null,null,400,null,null,null,BR,null,null,null,null,null,null,55,KMFE 041153Z 27004KT 4SM BR OVC004 13/13 A3017 RMK AO2 SLP216 6//// 7//// T01280128 10139 20128 56008 PNO $,null
MFE,2024-12-04 12:53,55,55,100,270,4,0,30.19,1022.2,4,null,OVC,null,null,null,400,null,null,null,BR,null,null,null,null,null,null,55,KMFE 041253Z 27004KT 4SM BR OVC004 13/13 A3019 RMK AO2 SLP222 T01280128 PNO $,null
MFE,2024-12-04 13:43,55,55,100,280,5,0,30.2,null,2.5,null,OVC,null,null,null,400,null,null,null,BR,null,null,null,null,null,null,55,KMFE 041343Z 28005KT 2 1/2SM BR OVC004 13/13 A3020 RMK AO2 T01280128 PNO $,null
MFE,2024-12-04 13:53,56,55,96.43,280,6,0,30.2,1022.6,2.5,null,OVC,null,null,null,400,null,null,null,BR,null,null,null,null,null,null,56,KMFE 041353Z 28006KT 2 1/2SM BR OVC004 13/13 A3020 RMK AO2 SLP226 T01330128 PNO $,null
MFE,2024-12-04 14:26,56,56,100,280,5,0,30.21,null,4,null,OVC,null,null,null,400,null,null,null,BR,null,null,null,null,null,null,56,KMFE 041426Z 28005KT 4SM BR OVC004 13/13 A3021 RMK AO2 T01330133 $,null
MFE,2024-12-04 14:42,56,55,96.43,270,5,0,30.21,null,5,null,OVC,null,null,null,500,null,null,null,BR,null,null,null,null,null,null,56,KMFE 041442Z 27005KT 5SM BR OVC005 13/13 A3021 RMK AO2 T01330128 $,null
MFE,2024-12-04 14:53,56,55,96.43,290,5,0,30.22,1023.1,5,null,OVC,null,null,null,500,null,null,null,BR,null,null,null,null,null,null,56,KMFE 041453Z 29005KT 5SM BR OVC005 13/13 A3022 RMK AO2 SLP231 6//// T01330128 51015 $,null
MFE,2024-12-04 15:53,57,56,96.45,280,4,0,30.23,1023.4,5,null,OVC,null,null,null,500,null,null,null,BR,null,null,null,null,null,null,57,KMFE 041553Z 28004KT 5SM BR OVC005 14/13 A3023 RMK AO2 SLP234 T01390133 $,null
MFE,2024-12-04 16:53,58,57,96.46,270,5,0,30.22,1023.1,5,null,OVC,null,null,null,500,null,null,null,BR,null,null,null,null,null,null,58,KMFE 041653Z 27005KT 5SM BR OVC005 14/14 A3022 RMK AO2 SLP231 T01440139 $,null
MFE,2024-12-04 17:00,58,57,96.46,280,6,0,30.21,null,7,null,OVC,null,null,null,400,null,null,null,null,null,null,null,null,null,null,58,KMFE 041700Z 28006KT 7SM OVC004 14/14 A3021 RMK AO2 T01440139 $,null
MFE,2024-12-04 17:11,58,57,96.46,300,5,0,30.21,null,10,null,OVC,null,null,null,500,null,null,null,null,null,null,null,null,null,null,58,KMFE 041711Z 30005KT 10SM OVC005 14/14 A3021 RMK AO2 T01440139 $,null
MFE,2024-12-04 17:53,61,58,89.84,320,4,0,30.19,1022.1,10,null,OVC,null,null,null,600,null,null,null,null,null,null,null,null,null,null,61,KMFE 041753Z 32004KT 10SM OVC006 16/14 A3019 RMK AO2 SLP221 6//// T01610144 10161 20128 58010 $,null
MFE,2024-12-04 18:51,64.4,59,82.62,360,3,0,30.16,null,10,null,BKN,OVC,null,null,1000,2200,null,null,null,null,null,null,null,null,null,64.4,KMFE 041851Z 36003KT 10SM BKN010 OVC022 18/15 A3016 RMK AO2 $,null
MFE,2024-12-04 18:53,64,59,83.78,330,4,0,30.16,1021,10,null,BKN,OVC,null,null,1000,2200,null,null,null,null,null,null,null,null,null,64,KMFE 041853Z 33004KT 10SM BKN010 OVC022 18/15 A3016 RMK AO2 SLP210 T01780150 $,null
MFE,2024-12-04 19:41,67,60,78.22,null,4,0,30.12,null,10,null,SCT,OVC,null,null,1300,2200,null,null,null,null,null,null,null,null,null,67,KMFE 041941Z VRB04KT 10SM SCT013 OVC022 19/16 A3012 RMK AO2 T01940156 $,null
MFE,2024-12-04 19:53,67,59,75.48,340,4,0,30.11,1019.6,10,null,BKN,OVC,null,null,1300,2100,null,null,null,null,null,null,null,null,null,67,KMFE 041953Z 34004KT 10SM BKN013 OVC021 19/15 A3011 RMK AO2 SLP196 T01940150 $,null
MFE,2024-12-04 20:23,66,59,78.14,0,0,0,30.11,null,10,null,BKN,OVC,null,null,1500,2000,null,null,null,null,null,null,null,null,null,66,KMFE 042023Z 00000KT 10SM BKN015 OVC020 19/15 A3011 RMK AO2 T01890150 $,null
MFE,2024-12-04 20:53,68,59,72.92,0,0,0,30.1,1019.2,10,null,OVC,null,null,null,1900,null,null,null,null,null,null,null,null,null,null,68,KMFE 042053Z 00000KT 10SM OVC019 20/15 A3010 RMK AO2 SLP192 T02000150 56019,null
MFE,2024-12-04 21:53,68,60,75.57,0,0,0,30.09,1018.8,10,null,OVC,null,null,null,1900,null,null,null,null,null,null,null,null,null,null,68,KMFE 042153Z 00000KT 10SM OVC019 20/16 A3009 RMK AO2 SLP188 T02000156,null
MFE,2024-12-04 22:53,68,60,75.57,0,0,0,30.09,1018.8,10,null,OVC,null,null,null,1900,null,null,null,null,null,null,null,null,null,null,68,KMFE 042253Z 00000KT 10SM OVC019 20/16 A3009 RMK AO2 SLP188 T02000156,null
MFE,2024-12-04 23:53,67,60,78.22,230,3,0,30.1,1019.1,10,null,OVC,null,null,null,1900,null,null,null,null,null,null,null,null,null,null,67,KMFE 042353Z 23003KT 10SM OVC019 19/16 A3010 RMK AO2 SLP191 T01940156 10206 20161 55001,null
MFE,2024-12-05 0:53,66,60,80.98,0,0,0,30.1,1019.3,10,null,OVC,null,null,null,1900,null,null,null,null,null,null,null,null,null,null,66,KMFE 050053Z 00000KT 10SM OVC019 19/16 A3010 RMK AO2 SLP193 T01890156,null
MFE,2024-12-05 1:53,66,61,83.91,0,0,0,30.12,1019.7,10,null,OVC,null,null,null,2000,null,null,null,null,null,null,null,null,null,null,66,KMFE 050153Z 00000KT 10SM OVC020 19/16 A3012 RMK AO2 SLP197 T01890161,null
MFE,2024-12-05 2:53,66,61,83.91,140,4,0,30.13,1020.2,10,null,OVC,null,null,null,1900,null,null,null,null,null,null,null,null,null,null,66,KMFE 050253Z 14004KT 10SM OVC019 19/16 A3013 RMK AO2 SLP202 T01890161 53011,null
MFE,2024-12-05 3:53,66,61,83.91,0,0,0,30.14,1020.5,10,null,OVC,null,null,null,1900,null,null,null,null,null,null,null,null,null,null,66,KMFE 050353Z 00000KT 10SM OVC019 19/16 A3014 RMK AO2 SLP205 T01890161,null
MFE,2024-12-05 4:53,66,61,83.91,0,0,0,30.14,1020.6,10,null,OVC,null,null,null,1600,null,null,null,null,null,null,null,null,null,null,66,KMFE 050453Z 00000KT 10SM OVC016 19/16 A3014 RMK AO2 SLP206 T01890161,null
MFE,2024-12-05 5:53,65,60,83.84,300,4,0,30.14,1020.6,10,null,OVC,null,null,null,1800,null,null,null,null,null,null,null,null,null,null,65,KMFE 050553Z AUTO 30004KT 10SM OVC018 18/16 A3014 RMK AO2 SLP206 T01830156 10194 20183 402060128 50004,null
MFE,2024-12-05 6:53,65,61,86.88,320,3,0,30.13,1020.1,10,null,OVC,null,null,null,1900,null,null,null,null,null,null,null,null,null,null,65,KMFE 050653Z AUTO 32003KT 10SM OVC019 18/16 A3013 RMK AO2 SLP201 T01830161,null
MFE,2024-12-05 7:53,65,61,86.88,320,3,0,30.13,1019.9,10,null,BKN,OVC,null,null,1700,3000,null,null,null,null,null,null,null,null,null,65,KMFE 050753Z AUTO 32003KT 10SM BKN017 OVC030 18/16 A3013 RMK AO2 SLP199 T01830161,null
MFE,2024-12-05 8:53,65,61,86.88,300,3,0,30.11,1019.5,10,null,BKN,BKN,OVC,null,1700,2500,4700,null,null,null,null,null,null,null,null,65,KMFE 050853Z AUTO 30003KT 10SM BKN017 BKN025 OVC047 18/16 A3011 RMK AO2 SLP195 T01830161 58009,null
MFE,2024-12-05 9:53,65,60,83.84,320,6,0,30.12,1019.6,10,null,OVC,null,null,null,1500,null,null,null,null,null,null,null,null,null,null,65,KMFE 050953Z AUTO 32006KT 10SM OVC015 18/16 A3012 RMK AO2 SLP196 T01830156,null
MFE,2024-12-05 10:53,65,59,80.9,310,5,0,30.12,1019.7,10,null,OVC,null,null,null,1500,null,null,null,null,null,null,null,null,null,null,65,KMFE 051053Z AUTO 31005KT 10SM OVC015 18/15 A3012 RMK AO2 SLP197 T01830150,null
MFE,2024-12-05 11:53,65,59,80.9,320,4,0,30.13,1020,10,null,OVC,null,null,null,1800,null,null,null,null,null,null,null,null,null,null,65,KMFE 051153Z AUTO 32004KT 10SM OVC018 18/15 A3013 RMK AO2 SLP200 7//// T01830150 10183 20183 53005,null
MFE,2024-12-05 11:57,65,59,80.9,320,6,0,30.13,null,10,null,OVC,null,null,null,1800,null,null,null,null,null,null,null,null,null,null,65,KMFE 051157Z 32006KT 10SM OVC018 18/15 A3013 RMK AO2 T01830150,null
MFE,2024-12-05 12:53,64,59,83.78,320,6,0,30.14,1020.5,10,null,OVC,null,null,null,1800,null,null,null,null,null,null,null,null,null,null,64,KMFE 051253Z 32006KT 10SM OVC018 18/15 A3014 RMK AO2 SLP205 T01780150,null
MFE,2024-12-05 13:07,64,59,83.78,320,4,0,30.15,null,10,null,OVC,null,null,null,1700,null,null,null,null,null,null,null,null,null,null,64,KMFE 051307Z 32004KT 10SM OVC017 18/15 A3015 RMK AO2 T01780150,null
MFE,2024-12-05 13:53,65,59,80.9,320,6,0,30.17,1021.4,10,null,OVC,null,null,null,1700,null,null,null,null,null,null,null,null,null,null,65,KMFE 051353Z 32006KT 10SM OVC017 18/15 A3017 RMK AO2 SLP214 T01830150,null
MFE,2024-12-05 14:53,66,59,78.14,310,6,0,30.18,1021.9,10,null,OVC,null,null,null,1800,null,null,null,null,null,null,null,null,null,null,66,KMFE 051453Z 31006KT 10SM OVC018 19/15 A3018 RMK AO2 SLP219 T01890150 51019,null
MFE,2024-12-05 15:53,67,59,75.48,310,7,0,30.2,1022.4,10,null,OVC,null,null,null,1800,null,null,null,null,null,null,null,null,null,null,67,KMFE 051553Z 31007KT 10SM OVC018 19/15 A3020 RMK AO2 SLP224 T01940150,null
MFE,2024-12-05 16:53,69,60,73.02,360,7,0,30.2,1022.4,10,null,OVC,null,null,null,2000,null,null,null,null,null,null,null,null,null,null,69,KMFE 051653Z 36007KT 10SM OVC020 21/16 A3020 RMK AO2 SLP224 T02060156,null
MFE,2024-12-05 17:53,71,60,68.2,330,9,0,30.18,1021.9,10,null,null,null,null,null,null,null,null,null,null,null,null,null,null,null,null,71,KMFE 051753Z 33009KT 10SM 22/16 A3018 RMK AO2 SLP219 T02170156 10217 20178,null
MFE,2024-12-05 17:56,71,60,68.2,350,7,0,30.18,null,10,null,OVC,null,null,null,2000,null,null,null,null,null,null,null,null,null,null,71,KMFE 051756Z 35007KT 10SM OVC020 22/16 A3018 RMK AO2 T02170156,null
MFE,2024-12-05 18:51,null,null,null,330,8,0,30.16,null,10,null,OVC,null,null,null,2500,null,null,null,null,null,null,null,null,null,null,null,KMFE 051851Z AUTO 33008KT 10SM OVC025 A3016 RMK AO2 PWINO PNO $,null
MFE,2024-12-05 18:53,null,null,null,340,8,0,30.16,null,10,null,OVC,null,null,null,2500,null,null,null,null,null,null,null,null,null,null,null,KMFE 051853Z AUTO 34008KT 10SM OVC025 A3016 RMK AO2 SLPNO PWINO PNO $,null
MFE,2024-12-05 19:04,73,60,63.73,330,8,0,30.15,null,10,null,OVC,null,null,null,2500,null,null,null,null,null,null,null,null,null,null,73,KMFE 051904Z 33008KT 10SM OVC025 23/16 A3015 RMK AO2 T02280156 PNO $,null
MFE,2024-12-05 19:13,73,60,63.73,null,null,0,30.15,null,null,null,null,null,null,null,null,null,null,null,null,null,null,null,null,null,null,73,KMFE 051913Z 23/16 A3015 RMK AO2 T02280156 PNO $,null
MFE,2024-12-05 19:53,73,60,63.73,350,9,0,30.13,1020.2,10,null,OVC,null,null,null,3000,null,null,null,null,null,null,null,null,null,null,73,KMFE 051953Z 35009KT 10SM OVC030 23/16 A3013 RMK AO2 SLP202 T02280156,null
MFE,2024-12-05 20:02,72,60,65.92,360,7,0,30.14,null,10,null,OVC,null,null,null,2800,null,null,null,null,null,null,null,null,null,null,72,KMFE 052002Z 36007KT 10SM OVC028 22/16 A3014 RMK AO2 T02220156,null
MFE,2024-12-05 20:48,73.4,60.8,64.69,350,8,0,30.13,null,10,null,OVC,null,null,null,3000,null,null,null,null,null,null,null,null,null,null,73.4,KMFE 052048Z 35008KT 10SM OVC030 23/16 A3013 RMK AO2,null
MFE,2024-12-05 20:53,73,60,63.73,350,9,0,30.12,1019.9,10,null,OVC,null,null,null,3200,null,null,null,null,null,null,null,null,null,null,73,KMFE 052053Z 35009KT 10SM OVC032 23/16 A3012 RMK AO2 SLP199 6//// T02280156 56014,null
MFE,2024-12-05 21:15,72,60,65.92,10,9,0,30.13,null,10,null,BKN,OVC,null,null,2700,3200,null,null,null,null,null,null,null,null,null,72,KMFE 052115Z 01009KT 10SM BKN027 OVC032 22/16 A3013 RMK AO2 T02220156,null
MFE,2024-12-05 21:53,71,60,68.2,10,8,0,30.13,1020.1,10,null,OVC,null,null,null,2700,null,null,null,null,null,null,null,null,null,null,71,KMFE 052153Z 01008KT 10SM OVC027 22/16 A3013 RMK AO2 SLP201 T02170156,null
MFE,2024-12-05 22:53,70,61,73.11,20,8,0,30.15,1020.9,10,null,OVC,null,null,null,2400,null,null,null,null,null,null,null,null,null,null,70,KMFE 052253Z 02008KT 10SM OVC024 21/16 A3015 RMK AO2 SLP209 T02110161,null
MFE,2024-12-05 23:53,67,62,83.97,10,10,0,30.18,1021.7,9,null,OVC,null,null,null,1600,null,null,null,null,null,null,null,null,null,null,67,KMFE 052353Z 01010KT 9SM OVC016 19/17 A3018 RMK AO2 SLP217 6//// T01940167 53018,null
MFE,2024-12-05 23:58,67,62,83.97,360,11,0,30.18,null,3,null,OVC,null,null,null,900,null,null,null,HZ,null,null,null,null,null,null,67,KMFE 052358Z 36011KT 3SM HZ OVC009 19/17 A3018 RMK AO2 T01940167,null
MFE,2024-12-06 0:14,66,63,90.05,10,8,0,30.19,null,3,null,FEW,OVC,null,null,900,1600,null,null,BR,null,null,null,null,null,null,66,KMFE 060014Z 01008KT 3SM BR FEW009 OVC016 19/17 A3019 RMK AO2 T01890172,null
MFE,2024-12-06 0:25,66,63,90.05,10,6,0,30.19,null,3,null,BKN,OVC,null,null,900,1800,null,null,BR,null,null,null,null,null,null,66,KMFE 060025Z 01006KT 3SM BR BKN009 OVC018 19/17 A3019 RMK AO2 T01890172,null
MFE,2024-12-06 0:53,67,63,86.98,null,4,0,30.2,1022.5,3,null,BKN,OVC,null,null,900,1800,null,null,BR,null,null,null,null,null,null,67,KMFE 060053Z VRB04KT 3SM BR BKN009 OVC018 19/17 A3020 RMK AO2 SLP225 T01940172,null
MFE,2024-12-06 1:00,67,62,83.97,30,6,0,30.21,null,10,null,OVC,null,null,null,1400,null,null,null,null,null,null,null,null,null,null,67,KMFE 060100Z 03006KT 10SM OVC014 19/17 A3021 RMK AO2 T01940167,null
MFE,2024-12-06 1:26,67,61,81.05,350,8,0,30.22,null,10,null,OVC,null,null,null,1500,null,null,null,null,null,null,null,null,null,null,67,KMFE 060126Z 35008KT 10SM OVC015 19/16 A3022 RMK AO2 T01940161,null
MFE,2024-12-06 1:53,67,61,81.05,20,7,0,30.22,1023.3,10,null,OVC,null,null,null,1500,null,null,null,null,null,null,null,null,null,null,67,KMFE 060153Z 02007KT 10SM OVC015 19/16 A3022 RMK AO2 SLP233 T01940161,null
MFE,2024-12-06 2:53,66,60,80.98,360,7,0,30.23,1023.4,10,null,BKN,OVC,null,null,1500,3700,null,null,null,null,null,null,null,null,null,66,KMFE 060253Z 36007KT 10SM BKN015 OVC037 19/16 A3023 RMK AO2 SLP234 T01890156 51017,null
MFE,2024-12-06 3:02,66,60,80.98,350,9,0,30.23,null,10,null,SCT,SCT,OVC,null,1500,3000,3700,null,null,null,null,null,null,null,null,66,KMFE 060302Z 35009KT 10SM SCT015 SCT030 OVC037 19/16 A3023 RMK AO2 T01890156,null
MFE,2024-12-06 3:18,65,60,83.84,350,7,0,30.23,null,10,null,BKN,OVC,null,null,1500,3700,null,null,null,null,null,null,null,null,null,65,KMFE 060318Z 35007KT 10SM BKN015 OVC037 18/16 A3023 RMK AO2 T01830156,null
MFE,2024-12-06 3:53,65,60,83.84,350,7,0,30.23,1023.4,10,null,OVC,null,null,null,1500,null,null,null,null,null,null,null,null,null,null,65,KMFE 060353Z 35007KT 10SM OVC015 18/16 A3023 RMK AO2 SLP234 T01830156,null
MFE,2024-12-06 4:02,65,60,83.84,360,6,0,30.23,null,10,null,OVC,null,null,null,1400,null,null,null,null,null,null,null,null,null,null,65,KMFE 060402Z 36006KT 10SM OVC014 18/16 A3023 RMK AO2 T01830156,null
MFE,2024-12-06 4:53,65,60,83.84,350,8,0,30.23,1023.4,10,null,BKN,OVC,null,null,1200,4900,null,null,null,null,null,null,null,null,null,65,KMFE 060453Z 35008KT 10SM BKN012 OVC049 18/16 A3023 RMK AO2 SLP234 T01830156 $,null
MFE,2024-12-06 5:53,64,60,86.83,340,6,0,30.23,1023.6,10,null,OVC,null,null,null,1000,null,null,null,null,null,null,null,null,null,null,64,KMFE 060553Z 34006KT 10SM OVC010 18/16 A3023 RMK AO2 SLP236 T01780156 10194 20178 402280178 53002 $,null
MFE,2024-12-06 6:22,64,60,86.83,330,9,0,30.23,null,10,null,OVC,null,null,null,900,null,null,null,null,null,null,null,null,null,null,64,KMFE 060622Z AUTO 33009KT 10SM OVC009 18/16 A3023 RMK AO2 T01780156 $,null
MFE,2024-12-06 6:53,63,61,93.18,340,8,0,30.22,null,9,null,OVC,null,null,null,600,null,null,null,null,null,null,null,null,null,null,63,KMFE 060653Z AUTO 34008KT 9SM OVC006 17/16 A3022 RMK AO2 SLPNO T01720161 $,null
MFE,2024-12-06 7:53,63,61,93.18,320,6,0,30.21,1022.9,10,null,OVC,null,null,null,500,null,null,null,null,null,null,null,null,null,null,63,KMFE 060753Z AUTO 32006KT 10SM OVC005 17/16 A3021 RMK AO2 SLP229 T01720161 $,null
MFE,2024-12-06 8:53,64,61,89.97,340,7,0,30.2,1022.5,10,null,OVC,null,null,null,800,null,null,null,null,null,null,null,null,null,null,64,KMFE 060853Z AUTO 34007KT 10SM OVC008 18/16 A3020 RMK AO2 SLP225 T01780161 58011 $,null
MFE,2024-12-06 9:53,64,60,86.83,360,12,0,30.2,1022.5,10,null,OVC,null,null,null,800,null,null,null,null,null,null,null,null,null,null,64,KMFE 060953Z AUTO 36012KT 10SM OVC008 18/16 A3020 RMK AO2 SLP225 T01780156 $,null
MFE,2024-12-06 10:20,63,59,86.77,360,10,0,30.2,null,10,null,OVC,null,null,null,1000,null,null,null,null,null,null,null,null,null,null,63,KMFE 061020Z AUTO 36010KT 10SM OVC010 17/15 A3020 RMK AO2 T01720150 $,null
MFE,2024-12-06 10:43,63,59,86.77,10,10,0,30.2,null,10,null,SCT,OVC,null,null,1200,2000,null,null,null,null,null,null,null,null,null,63,KMFE 061043Z AUTO 01010KT 10SM SCT012 OVC020 17/15 A3020 RMK AO2 T01720150 $,null
MFE,2024-12-06 10:53,63,58,83.72,350,10,0,30.2,1022.5,10,null,FEW,OVC,null,null,1200,1900,null,null,null,null,null,null,null,null,null,63,KMFE 061053Z AUTO 35010KT 10SM FEW012 OVC019 17/14 A3020 RMK AO2 SLP225 T01720144 $,null
MFE,2024-12-06 11:53,63,58,83.72,10,12,0,30.21,1022.6,10,null,OVC,null,null,null,1600,null,null,null,null,null,null,null,null,null,null,63,KMFE 061153Z AUTO 01012KT 10SM OVC016 17/14 A3021 RMK AO2 SLP226 7//// T01720144 10178 20172 53001 $,null
MFE,2024-12-06 11:57,63,58,83.72,10,12,0,30.21,null,10,null,OVC,null,null,null,1600,null,null,null,null,null,null,null,null,null,null,63,KMFE 061157Z 01012KT 10SM OVC016 17/14 A3021 RMK AO2 T01720144 $,null
MFE,2024-12-06 12:53,62,57,83.65,10,10,0,30.22,1023.1,10,18,OVC,null,null,null,2200,null,null,null,null,null,null,null,null,null,null,62,KMFE 061253Z 01010G18KT 10SM OVC022 17/14 A3022 RMK AO2 SLP231 T01670139 $,null
MFE,2024-12-06 13:41,62,57,83.65,10,11,0,30.23,null,10,null,FEW,OVC,null,null,1300,3000,null,null,null,null,null,null,null,null,null,62,KMFE 061341Z 01011KT 10SM FEW013 OVC030 17/14 A3023 RMK AO2 T01670139 $,null
MFE,2024-12-06 13:53,62,57,83.65,10,9,0,30.24,1023.8,10,null,BKN,OVC,null,null,1200,3100,null,null,null,null,null,null,null,null,null,62,KMFE 061353Z 01009KT 10SM BKN012 OVC031 17/14 A3024 RMK AO2 SLP238 T01670139 $,null
MFE,2024-12-06 14:09,63,57,80.76,20,10,0,30.24,null,10,null,OVC,null,null,null,1200,null,null,null,null,null,null,null,null,null,null,63,KMFE 061409Z 02010KT 10SM OVC012 17/14 A3024 RMK AO2 T01720139 $,null
MFE,2024-12-06 14:44,65,58,78.06,20,9,0,30.24,null,10,17,FEW,BKN,OVC,null,1200,3600,4500,null,null,null,null,null,null,null,null,65,KMFE 061444Z 02009G17KT 10SM FEW012 BKN036 OVC045 18/14 A3024 RMK AO2 T01830144 $,null
MFE,2024-12-06 14:53,65,58,78.06,20,11,0,30.25,1024.1,10,null,SCT,OVC,null,null,1200,4000,null,null,null,null,null,null,null,null,null,65,KMFE 061453Z 02011KT 10SM SCT012 OVC040 18/14 A3025 RMK AO2 SLP241 T01830144 51015 $,null
MFE,2024-12-06 15:24,65,58,78.06,10,10,0,30.26,null,10,17,BKN,OVC,null,null,1300,4300,null,null,null,null,null,null,null,null,null,65,KMFE 061524Z 01010G17KT 10SM BKN013 OVC043 18/14 A3026 RMK AO2 T01830144 $,null
MFE,2024-12-06 15:53,65,58,78.06,10,7,0,30.27,1024.9,10,null,OVC,null,null,null,1200,null,null,null,null,null,null,null,null,null,null,65,KMFE 061553Z 01007KT 10SM OVC012 18/14 A3027 RMK AO2 SLP249 T01830144 $,null
MFE,2024-12-06 16:53,67,60,78.22,20,6,0,30.28,1025.1,10,null,OVC,null,null,null,1300,null,null,null,null,null,null,null,null,null,null,67,KMFE 061653Z AUTO 02006KT 10SM OVC013 19/16 A3028 RMK AO2 SLP251 T01940156 $,null
MFE,2024-12-06 16:55,67,60,78.22,30,7,0,30.28,null,10,null,OVC,null,null,null,1300,null,null,null,null,null,null,null,null,null,null,67,KMFE 061655Z 03007KT 10SM OVC013 19/16 A3028 RMK AO2 T01940156 $,null
MFE,2024-12-06 17:31,66,61,83.91,10,8,0,30.27,null,10,null,OVC,null,null,null,900,null,null,null,null,null,null,null,null,null,null,66,KMFE 061731Z 01008KT 10SM OVC009 19/16 A3027 RMK AO2 T01890161 $,null
MFE,2024-12-06 17:53,67,61,81.05,10,7,0,30.26,1024.4,10,null,OVC,null,null,null,900,null,null,null,null,null,null,null,null,null,null,67,KMFE 061753Z 01007KT 320V040 10SM OVC009 19/16 A3026 RMK AO2 SLP244 T01940161 10200 20167 50003 $,null
MFE,2024-12-06 18:53,64,61,89.97,340,9,T,30.23,1023.7,5,null,OVC,null,null,null,900,null,null,null,#NAME?,null,null,null,null,null,null,64,KMFE 061853Z 34009KT 5SM -RA BR OVC009 18/16 A3023 RMK AO2 RAB45 SLP237 P0000 T01780161 $,null
MFE,2024-12-06 18:56,64,61,89.97,340,9,T,30.23,null,4,null,OVC,null,null,null,900,null,null,null,#NAME?,null,null,null,null,null,null,64,KMFE 061856Z 34009KT 4SM -RA BR OVC009 18/16 A3023 RMK AO2 P0000 T01780161 $,null
MFE,2024-12-06 19:53,63,62,96.54,340,8,T,30.21,1022.8,8,null,OVC,null,null,null,600,null,null,null,#NAME?,null,null,null,null,null,null,63,KMFE 061953Z 34008KT 8SM -RA OVC006 17/17 A3021 RMK AO2 SLP228 P0000 T01720167 $,null
MFE,2024-12-06 20:53,62,61,96.52,310,7,T,30.2,1022.7,10,null,OVC,null,null,null,600,null,null,null,null,null,null,null,null,null,null,62,KMFE 062053Z 31007KT 10SM OVC006 17/16 A3020 RMK AO2 RAE02 SLP227 P0000 60000 T01670161 56018 $,null
MFE,2024-12-06 21:53,60,58,93.1,350,14,T,30.19,1022.3,10,21,OVC,null,null,null,700,null,null,null,null,null,null,null,null,null,null,60,KMFE 062153Z 35014G21KT 10SM OVC007 16/14 A3019 RMK AO2 RAB08E31 SLP223 P0000 T01560144,null
MFE,2024-12-06 22:53,59,57,93.07,340,15,0,30.2,1022.5,10,22,OVC,null,null,null,700,null,null,null,null,null,null,null,null,null,null,59,KMFE 062253Z 34015G22KT 10SM OVC007 15/14 A3020 RMK AO2 SLP225 T01500139,null
MFE,2024-12-06 23:53,58,56,93.04,340,14,0,30.21,1023,10,null,OVC,null,null,null,700,null,null,null,null,null,null,null,null,null,null,58,KMFE 062353Z 34014KT 10SM OVC007 14/13 A3021 RMK AO2 SLP230 60000 T01440133 10194 20144 53003,null
MFE,2024-12-07 0:53,57,55,93.01,330,9,0,30.23,1023.7,10,null,OVC,null,null,null,600,null,null,null,null,null,null,null,null,null,null,57,KMFE 070053Z 33009KT 10SM OVC006 14/13 A3023 RMK AO2 SLP237 T01390128,null
MFE,2024-12-07 1:53,55,53,92.95,330,14,0,30.25,1024.2,10,20,OVC,null,null,null,700,null,null,null,null,null,null,null,null,null,null,55,KMFE 070153Z 33014G20KT 10SM OVC007 13/12 A3025 RMK AO2 SLP242 T01280117 $,null
MFE,2024-12-07 2:53,53,50,89.51,340,13,0,30.26,1024.7,10,null,OVC,null,null,null,900,null,null,null,null,null,null,null,null,null,null,53,KMFE 070253Z 34013KT 10SM OVC009 12/10 A3026 RMK AO2 SLP247 T01170100 51017 $,null
MFE,2024-12-07 3:53,53,50,89.51,350,11,0,30.25,1024.3,10,null,OVC,null,null,null,700,null,null,null,null,null,null,null,null,null,null,53,KMFE 070353Z 35011KT 10SM OVC007 12/10 A3025 RMK AO2 SLP243 T01170100 $,null
MFE,2024-12-07 4:53,52,49,89.46,320,11,0,30.26,1024.4,10,null,OVC,null,null,null,900,null,null,null,null,null,null,null,null,null,null,52,KMFE 070453Z 32011KT 10SM OVC009 11/09 A3026 RMK AO2 SLP244 T01110094 $,null
MFE,2024-12-07 5:53,52,49,89.46,320,9,0,30.24,1024.1,10,null,OVC,null,null,null,900,null,null,null,null,null,null,null,null,null,null,52,KMFE 070553Z AUTO 32009KT 10SM OVC009 11/09 A3024 RMK AO2 SLP241 T01110094 10144 20111 402000111 56006 $,null
MFE,2024-12-07 6:53,51,49,92.83,310,8,T,30.23,1023.7,7,null,OVC,null,null,null,900,null,null,null,#NAME?,null,null,null,null,null,null,51,KMFE 070653Z AUTO 31008KT 7SM -RA OVC009 11/09 A3023 RMK AO2 RAB48 SLP237 P0000 T01060094 $,null
MFE,2024-12-07 7:53,51,50,96.36,290,7,T,30.24,1023.7,10,null,OVC,null,null,null,800,null,null,null,null,null,null,null,null,null,null,51,KMFE 070753Z AUTO 29007KT 10SM OVC008 11/10 A3024 RMK AO2 RAE11 SLP237 P0000 T01060100 $,null
MFE,2024-12-07 8:53,51,49,92.83,290,7,0,30.22,1023.1,10,null,OVC,null,null,null,900,null,null,null,null,null,null,null,null,null,null,51,KMFE 070853Z AUTO 29007KT 10SM OVC009 11/09 A3022 RMK AO2 CIG 007V011 SLP231 60000 T01060094 58009 $,null
MFE,2024-12-07 9:53,50,49,96.34,310,9,0,30.21,1023,10,null,OVC,null,null,null,900,null,null,null,null,null,null,null,null,null,null,50,KMFE 070953Z AUTO 31009KT 10SM OVC009 10/09 A3021 RMK AO2 CIG 006V011 SLP230 T01000094 $,null
MFE,2024-12-07 10:53,50,49,96.34,290,9,0,30.23,1023.5,10,null,OVC,null,null,null,600,null,null,null,null,null,null,null,null,null,null,50,KMFE 071053Z AUTO 29009KT 10SM OVC006 10/09 A3023 RMK AO2 SLP235 T01000094 $,null
MFE,2024-12-07 11:53,50,48,92.8,300,7,0,30.24,1023.8,9,null,OVC,null,null,null,600,null,null,null,null,null,null,null,null,null,null,50,KMFE 071153Z AUTO 30007KT 9SM OVC006 10/09 A3024 RMK AO2 SLP238 60000 T01000089 10111 20100 53007 $,null
MFE,2024-12-07 11:57,50,49,96.34,300,8,0,30.24,null,10,null,OVC,null,null,null,600,null,null,null,null,null,null,null,null,null,null,50,KMFE 071157Z 30008KT 10SM OVC006 10/09 A3024 RMK AO2 T01000094 $,null
MFE,2024-12-07 12:53,50,48,92.8,310,10,0,30.26,1024.7,10,null,OVC,null,null,null,600,null,null,null,null,null,null,null,null,null,null,50,KMFE 071253Z 31010KT 10SM OVC006 10/09 A3026 RMK AO2 SLP247 T01000089 $,null
MFE,2024-12-07 13:53,50,48,92.8,310,9,0,30.28,1025.3,10,null,OVC,null,null,null,700,null,null,null,null,null,null,null,null,null,null,50,KMFE 071353Z 31009KT 10SM OVC007 10/09 A3028 RMK AO2 SLP253 T01000089 $,null
MFE,2024-12-07 14:53,50,48,92.8,300,8,0,30.3,1026.1,10,null,OVC,null,null,null,600,null,null,null,null,null,null,null,null,null,null,50,KMFE 071453Z 30008KT 10SM OVC006 10/09 A3030 RMK AO2 SLP261 T01000089 51022 $,null
MFE,2024-12-07 15:53,50,48,92.8,310,10,0,30.32,1026.7,10,null,OVC,null,null,null,700,null,null,null,null,null,null,null,null,null,null,50,KMFE 071553Z 31010KT 10SM OVC007 10/09 A3032 RMK AO2 SLP267 T01000089 $,null
MFE,2024-12-07 16:24,51,48,89.42,310,11,0,30.32,null,10,null,OVC,null,null,null,700,null,null,null,null,null,null,null,null,null,null,51,KMFE 071624Z 31011KT 10SM OVC007 11/09 A3032 RMK AO2 T01060089 $,null
MFE,2024-12-07 16:53,52,48,86.17,330,9,0,30.3,1026,10,null,OVC,null,null,null,800,null,null,null,null,null,null,null,null,null,null,52,KMFE 071653Z 33009KT 10SM OVC008 11/09 A3030 RMK AO2 SLP260 T01110089 $,null
MFE,2024-12-07 17:38,52,48,86.17,320,10,0,30.29,null,10,null,OVC,null,null,null,1000,null,null,null,null,null,null,null,null,null,null,52,KMFE 071738Z 32010KT 10SM OVC010 11/09 A3029 RMK AO2 T01110089 $,null
MFE,2024-12-07 17:53,53,49,86.23,340,8,0,30.28,1025.2,10,null,OVC,null,null,null,900,null,null,null,null,null,null,null,null,null,null,53,KMFE 071753Z 34008KT 10SM OVC009 12/09 A3028 RMK AO2 SLP252 T01170094 10117 20100 58008 $,null
MFE,2024-12-07 18:06,53,49,86.23,330,8,0,30.27,null,10,null,OVC,null,null,null,1000,null,null,null,null,null,null,null,null,null,null,53,KMFE 071806Z 33008KT 10SM OVC010 12/09 A3027 RMK AO2 T01170094 $,null
MFE,2024-12-07 18:07,53,49,86.23,330,9,0,30.27,null,10,null,OVC,null,null,null,900,null,null,null,null,null,null,null,null,null,null,53,KMFE 071807Z 33009KT 10SM OVC009 12/09 A3027 RMK AO2 T01170094 $,null
MFE,2024-12-07 18:53,55,49,80.15,330,7,0,30.24,1024,10,null,OVC,null,null,null,1100,null,null,null,null,null,null,null,null,null,null,55,KMFE 071853Z 33007KT 10SM OVC011 13/09 A3024 RMK AO2 SLP240 T01280094 $,null
MFE,2024-12-07 19:53,56,49,77.29,330,9,0,30.22,1023.1,10,null,OVC,null,null,null,1300,null,null,null,null,null,null,null,null,null,null,56,KMFE 071953Z 33009KT 10SM OVC013 13/09 A3022 RMK AO2 SLP231 T01330094 $,null
MFE,2024-12-07 20:10,56,50,80.23,330,6,0,30.2,null,10,null,OVC,null,null,null,1300,null,null,null,null,null,null,null,null,null,null,56,KMFE 072010Z 33006KT 10SM OVC013 13/10 A3020 RMK AO2 T01330100 $,null
MFE,2024-12-07 20:53,57,50,77.38,320,6,0,30.2,1022.4,10,null,OVC,null,null,null,1300,null,null,null,null,null,null,null,null,null,null,57,KMFE 072053Z 32006KT 10SM OVC013 14/10 A3020 RMK AO2 SLP224 T01390100 56028 $,null
MFE,2024-12-07 21:53,57,50,77.38,340,6,0,30.19,1022.1,10,null,SCT,OVC,null,null,1300,1900,null,null,null,null,null,null,null,null,null,57,KMFE 072153Z 34006KT 10SM SCT013 OVC019 14/10 A3019 RMK AO2 SLP221 T01390100 $,null
MFE,2024-12-07 22:53,55,50,83.2,360,8,T,30.18,1022,10,null,OVC,null,null,null,1700,null,null,null,#NAME?,null,null,null,null,null,null,55,KMFE 072253Z 36008KT 10SM -RA OVC017 13/10 A3018 RMK AO2 RAB48 SLP220 P0000 T01280100 $,null
MFE,2024-12-07 23:36,55,50,83.2,10,6,T,30.18,null,10,null,BKN,OVC,null,null,1100,1600,null,null,null,null,null,null,null,null,null,55,KMFE 072336Z 01006KT 10SM BKN011 OVC016 13/10 A3018 RMK AO2 RAE2257 P0000 T01280100 $,null
MFE,2024-12-07 23:53,55,51,86.34,360,5,T,30.18,1022,10,null,OVC,null,null,null,1000,null,null,null,null,null,null,null,null,null,null,55,KMFE 072353Z 36005KT 10SM OVC010 13/11 A3018 RMK AO2 RAE2257 SLP220 P0000 60000 T01280106 10144 20117 56004 $,null
MFE,2024-12-08 0:44,54,51,89.55,320,5,T,30.19,null,10,null,OVC,null,null,null,900,null,null,null,null,null,null,null,null,null,null,54,KMFE 080044Z 32005KT 10SM OVC009 12/11 A3019 RMK AO2 RAB01E29 P0000 T01220106 $,null
MFE,2024-12-08 0:53,54,51,89.55,320,3,T,30.19,1022.2,9,null,OVC,null,null,null,900,null,null,null,#NAME?,null,null,null,null,null,null,54,KMFE 080053Z 32003KT 9SM -RA OVC009 12/11 A3019 RMK AO2 RAB01E29B49 SLP222 P0000 T01220106 $,null
MFE,2024-12-08 1:53,54,51,89.55,310,5,T,30.2,1022.6,9,null,OVC,null,null,null,900,null,null,null,null,null,null,null,null,null,null,54,KMFE 080153Z 31005KT 9SM OVC009 12/11 A3020 RMK AO2 RAE22 SLP226 P0000 T01220106 $,null
MFE,2024-12-08 2:00,54,51,89.55,310,5,0,30.2,null,10,null,OVC,null,null,null,1200,null,null,null,null,null,null,null,null,null,null,54,KMFE 080200Z 31005KT 10SM OVC012 12/11 A3020 RMK AO2 T01220106 $,null
MFE,2024-12-08 2:53,54,51,89.55,300,5,0,30.21,1022.7,10,null,OVC,null,null,null,1400,null,null,null,null,null,null,null,null,null,null,54,KMFE 080253Z 30005KT 10SM OVC014 12/11 A3021 RMK AO2 SLP227 60000 T01220106 51007 $,null
MFE,2024-12-08 3:31,54,51,89.55,300,5,0,30.22,null,10,null,BKN,OVC,null,null,900,1300,null,null,null,null,null,null,null,null,null,54,KMFE 080331Z 30005KT 10SM BKN009 OVC013 12/11 A3022 RMK AO2 CIG 008V012 T01220106 $,null
MFE,2024-12-08 3:53,53,50,89.51,280,6,0,30.23,1023.6,10,null,OVC,null,null,null,800,null,null,null,null,null,null,null,null,null,null,53,KMFE 080353Z 28006KT 10SM OVC008 12/10 A3023 RMK AO2 SLP236 T01170100 $,null
MFE,2024-12-08 4:53,53,50,89.51,320,7,0,30.21,1023.1,10,null,OVC,null,null,null,800,null,null,null,null,null,null,null,null,null,null,53,KMFE 080453Z 32007KT 10SM OVC008 12/10 A3021 RMK AO2 SLP231 T01170100 $,null
MFE,2024-12-08 5:38,53,50,89.51,330,3,0,30.2,null,9,null,OVC,null,null,null,1800,null,null,null,null,null,null,null,null,null,null,53,KMFE 080538Z 33003KT 9SM OVC018 12/10 A3020 RMK AO2 T01170100 $,null
MFE,2024-12-08 5:53,53,51,92.89,0,0,0,30.19,1022.2,9,null,OVC,null,null,null,2000,null,null,null,null,null,null,null,null,null,null,53,KMFE 080553Z AUTO 00000KT 9SM OVC020 12/11 A3019 RMK AO2 SLP222 60000 T01170106 10128 20117 401440100 58005 $,null
MFE,2024-12-08 6:53,53,50,89.51,0,0,0,30.18,1021.8,9,null,OVC,null,null,null,1900,null,null,null,null,null,null,null,null,null,null,53,KMFE 080653Z AUTO 00000KT 9SM OVC019 12/10 A3018 RMK AO2 SLP218 T01170100 $,null
MFE,2024-12-08 7:35,53,50,89.51,280,4,0,30.17,null,9,null,BKN,OVC,null,null,900,1700,null,null,null,null,null,null,null,null,null,53,KMFE 080735Z AUTO 28004KT 9SM BKN009 OVC017 12/10 A3017 RMK AO2 CIG 008V012 T01170100 $,null
MFE,2024-12-08 7:53,53,50,89.51,280,5,0,30.17,1021.5,10,null,SCT,OVC,null,null,900,1500,null,null,null,null,null,null,null,null,null,53,KMFE 080753Z AUTO 28005KT 10SM SCT009 OVC015 12/10 A3017 RMK AO2 SLP215 T01170100 $,null
MFE,2024-12-08 8:03,53,50,89.51,280,5,0,30.17,null,10,null,OVC,null,null,null,1300,null,null,null,null,null,null,null,null,null,null,53,KMFE 080803Z AUTO 28005KT 10SM OVC013 12/10 A3017 RMK AO2 T01170100 $,null
MFE,2024-12-08 8:22,53,50,89.51,290,5,0,30.16,null,10,null,SCT,OVC,null,null,800,1300,null,null,null,null,null,null,null,null,null,53,KMFE 080822Z AUTO 29005KT 10SM SCT008 OVC013 12/10 A3016 RMK AO2 T01170100 $,null
MFE,2024-12-08 8:48,53.6,50,87.56,290,6,0,30.15,null,9,null,OVC,null,null,null,800,null,null,null,null,null,null,null,null,null,null,53.6,KMFE 080848Z AUTO 29006KT 9SM OVC008 12/10 A3015 RMK AO2 CIG 007V011 $,null
MFE,2024-12-08 8:53,53,50,89.51,290,7,0,30.15,1020.8,9,null,OVC,null,null,null,800,null,null,null,null,null,null,null,null,null,null,53,KMFE 080853Z AUTO 29007KT 9SM OVC008 12/10 A3015 RMK AO2 CIG 007V011 SLP208 T01170100 55010 $,null
MFE,2024-12-08 9:09,53,50,89.51,300,5,0,30.14,null,10,null,OVC,null,null,null,1000,null,null,null,null,null,null,null,null,null,null,53,KMFE 080909Z AUTO 30005KT 10SM OVC010 12/10 A3014 RMK AO2 CIG 007V011 T01170100 $,null
MFE,2024-12-08 9:20,53,50,89.51,330,4,0,30.14,null,9,null,OVC,null,null,null,900,null,null,null,null,null,null,null,null,null,null,53,KMFE 080920Z AUTO 33004KT 9SM OVC009 12/10 A3014 RMK AO2 T01170100 $,null
MFE,2024-12-08 9:36,53,50,89.51,310,5,0,30.13,null,9,null,OVC,null,null,null,1100,null,null,null,null,null,null,null,null,null,null,53,KMFE 080936Z AUTO 31005KT 9SM OVC011 12/10 A3013 RMK AO2 T01170100 $,null
MFE,2024-12-08 9:46,52,50,92.86,310,4,0,30.13,null,9,null,OVC,null,null,null,900,null,null,null,null,null,null,null,null,null,null,52,KMFE 080946Z AUTO 31004KT 9SM OVC009 11/10 A3013 RMK AO2 T01110100 $,null
MFE,2024-12-08 9:53,52,50,92.86,310,4,0,30.13,1020.3,9,null,OVC,null,null,null,900,null,null,null,null,null,null,null,null,null,null,52,KMFE 080953Z AUTO 31004KT 9SM OVC009 11/10 A3013 RMK AO2 CIG 008V013 SLP203 T01110100 $,null
MFE,2024-12-08 10:53,52,50,92.86,310,4,0,30.14,1020.4,7,null,OVC,null,null,null,800,null,null,null,null,null,null,null,null,null,null,52,KMFE 081053Z AUTO 31004KT 7SM OVC008 11/10 A3014 RMK AO2 SLP204 T01110100 $,null
MFE,2024-12-08 11:53,51,50,96.36,310,6,0,30.14,1020.5,5,null,OVC,null,null,null,600,null,null,null,BR,null,null,null,null,null,null,51,KMFE 081153Z AUTO 31006KT 5SM BR OVC006 11/10 A3014 RMK AO2 SLP205 T01060100 10117 20106 55004 $,null
MFE,2024-12-08 11:57,51,50,96.36,300,6,0,30.14,null,4,null,OVC,null,null,null,600,null,null,null,BR,null,null,null,null,null,null,51,KMFE 081157Z 30006KT 4SM BR OVC006 11/10 A3014 RMK AO2 T01060100 $,null
MFE,2024-12-08 12:53,51,50,96.36,300,6,0,30.16,1021.1,4,null,OVC,null,null,null,500,null,null,null,BR,null,null,null,null,null,null,51,KMFE 081253Z 30006KT 4SM BR OVC005 11/10 A3016 RMK AO2 CIG 003V009 SLP211 T01060100 $,null
MFE,2024-12-08 13:43,51,50,96.36,300,3,0,30.16,null,2.5,null,OVC,null,null,null,300,null,null,null,BR,null,null,null,null,null,null,51,KMFE 081343Z 30003KT 2 1/2SM BR OVC003 11/10 A3016 RMK AO2 CIG 003V007 T01060100 $,null
MFE,2024-12-08 13:53,52,50,92.86,320,3,0,30.16,1021.3,2.5,null,OVC,null,null,null,300,null,null,null,BR,null,null,null,null,null,null,52,KMFE 081353Z 32003KT 2 1/2SM BR OVC003 11/10 A3016 RMK AO2 CIG 003V006 SLP213 T01110100 $,null
MFE,2024-12-08 14:07,52,51,96.37,0,0,0,30.17,null,3,null,OVC,null,null,null,400,null,null,null,BR,null,null,null,null,null,null,52,KMFE 081407Z 00000KT 3SM BR OVC004 11/11 A3017 RMK AO2 T01110106 $,null
MFE,2024-12-08 14:45,53,51,92.89,80,3,0,30.16,null,8,null,SCT,OVC,null,null,500,1800,null,null,null,null,null,null,null,null,null,53,KMFE 081445Z 08003KT 8SM SCT005 OVC018 12/11 A3016 RMK AO2 T01170106 $,null
MFE,2024-12-08 14:53,53,51,92.89,100,4,0,30.15,1020.9,8,null,SCT,OVC,null,null,500,1800,null,null,null,null,null,null,null,null,null,53,KMFE 081453Z 10004KT 8SM SCT005 OVC018 12/11 A3015 RMK AO2 SLP209 T01170106 50005 $,null
MFE,2024-12-08 15:00,53,52,96.39,100,4,0,30.16,null,8,null,BKN,OVC,null,null,500,2000,null,null,null,null,null,null,null,null,null,53,KMFE 081500Z 10004KT 8SM BKN005 OVC020 12/11 A3016 RMK AO2 T01170111 $,null
MFE,2024-12-08 15:53,54,52,92.92,120,5,0,30.15,1021,9,null,BKN,OVC,null,null,500,2000,null,null,null,null,null,null,null,null,null,54,KMFE 081553Z 12005KT 9SM BKN005 OVC020 12/11 A3015 RMK AO2 SLP210 T01220111 $,null
MFE,2024-12-08 16:00,55,52,89.59,130,5,0,30.15,null,9,null,FEW,BKN,null,null,700,2000,null,null,null,null,null,null,null,null,null,55,KMFE 081600Z 13005KT 9SM FEW007 BKN020 13/11 A3015 RMK AO2 T01280111 $,null
MFE,2024-12-08 16:02,55,52,89.59,140,5,0,30.15,null,9,null,BKN,BKN,null,null,700,2000,null,null,null,null,null,null,null,null,null,55,KMFE 081602Z 14005KT 9SM BKN007 BKN020 13/11 A3015 RMK AO2 T01280111 $,null
MFE,2024-12-08 16:16,55,52,89.59,140,6,0,30.15,null,9,null,FEW,FEW,null,null,700,1800,null,null,null,null,null,null,null,null,null,55,KMFE 081616Z 14006KT 9SM FEW007 FEW018 13/11 A3015 RMK AO2 T01280111 $,null
MFE,2024-12-08 16:46,55,53,92.95,140,5,0,30.15,null,10,null,FEW,BKN,null,null,600,2100,null,null,null,null,null,null,null,null,null,55,KMFE 081646Z 14005KT 10SM FEW006 BKN021 13/12 A3015 RMK AO2 T01280117 $,null
MFE,2024-12-08 16:53,56,53,89.64,170,5,0,30.15,1020.8,10,null,SCT,BKN,null,null,600,2000,null,null,null,null,null,null,null,null,null,56,KMFE 081653Z 17005KT 10SM SCT006 BKN020 13/12 A3015 RMK AO2 SLP208 T01330117 $,null
MFE,2024-12-08 17:34,57,54,89.68,200,3,0,30.13,null,10,null,BKN,null,null,null,700,null,null,null,null,null,null,null,null,null,null,57,KMFE 081734Z 20003KT 10SM BKN007 14/12 A3013 RMK AO2 T01390122 $,null
MFE,2024-12-08 17:53,58,54,86.51,0,0,0,30.12,1020,10,null,BKN,OVC,null,null,800,2100,null,null,null,null,null,null,null,null,null,58,KMFE 081753Z 00000KT 10SM BKN008 OVC021 14/12 A3012 RMK AO2 SLP200 T01440122 10144 20106 58009 $,null
MFE,2024-12-08 18:07,59,54,83.46,0,0,0,30.11,null,10,null,SCT,BKN,null,null,800,2200,null,null,null,null,null,null,null,null,null,59,KMFE 081807Z 00000KT 10SM SCT008 BKN022 15/12 A3011 RMK AO2 T01500122 $,null
MFE,2024-12-08 18:21,59,54,83.46,0,0,0,30.1,null,10,null,SCT,SCT,null,null,900,2200,null,null,null,null,null,null,null,null,null,59,KMFE 081821Z 00000KT 10SM SCT009 SCT022 15/12 A3010 RMK AO2 T01500122 $,null
MFE,2024-12-08 18:38,60,55,83.53,150,3,0,30.08,null,10,null,BKN,null,null,null,1000,null,null,null,null,null,null,null,null,null,null,60,KMFE 081838Z 15003KT 10SM BKN010 16/13 A3008 RMK AO2 PRESFR T01560128 $,null
MFE,2024-12-08 18:51,60.8,55.4,82.37,160,3,0,30.06,null,10,null,SCT,null,null,null,1000,null,null,null,null,null,null,null,null,null,null,60.8,KMFE 081851Z 16003KT 10SM SCT010 16/13 A3006 RMK AO2 $,null
MFE,2024-12-08 18:53,61,55,80.61,170,5,0,30.06,1017.9,10,null,SCT,null,null,null,1000,null,null,null,null,null,null,null,null,null,null,61,KMFE 081853Z 17005KT 10SM SCT010 16/13 A3006 RMK AO2 SLP179 T01610128 $,null
MFE,2024-12-08 19:53,64,56,75.2,0,0,0,30.02,1016.6,10,null,CLR,null,null,null,null,null,null,null,null,null,null,null,null,null,null,64,KMFE 081953Z 00000KT 10SM CLR 18/13 A3002 RMK AO2 SLP166 T01780133 $,null
MFE,2024-12-08 20:53,66,57,72.72,0,0,0,30,1015.8,10,null,CLR,null,null,null,null,null,null,null,null,null,null,null,null,null,null,66,KMFE 082053Z 00000KT 10SM CLR 19/14 A3000 RMK AO2 SLP158 T01890139 58022 $,null
MFE,2024-12-08 21:53,66,58,75.39,140,6,0,29.99,1015.5,10,null,CLR,null,null,null,null,null,null,null,null,null,null,null,null,null,null,66,KMFE 082153Z 14006KT 10SM CLR 19/14 A2999 RMK AO2 SLP155 T01890144 $,null
MFE,2024-12-08 22:53,64,57,77.97,340,6,0,30.01,1016,10,null,CLR,null,null,null,null,null,null,null,null,null,null,null,null,null,null,64,KMFE 082253Z 34006KT 10SM CLR 18/14 A3001 RMK AO2 SLP160 T01780139 $,null
MFE,2024-12-08 23:53,63,56,77.89,40,4,0,29.98,1015.1,10,null,CLR,null,null,null,null,null,null,null,null,null,null,null,null,null,null,63,KMFE 082353Z 04004KT 10SM CLR 17/13 A2998 RMK AO2 SLP151 T01720133 10194 20144 58006 $,null
MFE,2024-12-09 0:53,62,56,80.68,0,0,0,30,1015.8,10,null,CLR,null,null,null,null,null,null,null,null,null,null,null,null,null,null,62,KMFE 090053Z 00000KT 10SM CLR 17/13 A3000 RMK AO2 SLP158 T01670133 $,null
MFE,2024-12-09 1:53,62,57,83.65,0,0,0,30,1015.8,10,null,CLR,null,null,null,null,null,null,null,null,null,null,null,null,null,null,62,KMFE 090153Z 00000KT 10SM CLR 17/14 A3000 RMK AO2 SLP158 T01670139 $,null
MFE,2024-12-09 2:53,61,58,89.84,150,3,0,30,1015.7,10,null,CLR,null,null,null,null,null,null,null,null,null,null,null,null,null,null,61,KMFE 090253Z 15003KT 10SM CLR 16/14 A3000 RMK AO2 SLP157 T01610144 50006 $,null
MFE,2024-12-09 3:53,62,57,83.65,0,0,0,29.99,1015.5,10,null,CLR,null,null,null,null,null,null,null,null,null,null,null,null,null,null,62,KMFE 090353Z 00000KT 10SM CLR 17/14 A2999 RMK AO2 SLP155 T01670139 $,null
MFE,2024-12-09 4:53,61,58,89.84,280,3,0,29.99,1015.4,10,null,CLR,null,null,null,null,null,null,null,null,null,null,null,null,null,null,61,KMFE 090453Z 28003KT 10SM CLR 16/14 A2999 RMK AO2 SLP154 T01610144 $,null
MFE,2024-12-09 5:15,61,58,89.84,0,0,0,29.99,null,9,null,BKN,null,null,null,1000,null,null,null,null,null,null,null,null,null,null,61,KMFE 090515Z 00000KT 9SM BKN010 16/14 A2999 RMK AO2 T01610144 $,null
MFE,2024-12-09 5:51,60.8,57.2,87.92,160,3,0,29.97,null,10,null,BKN,null,null,null,700,null,null,null,null,null,null,null,null,null,null,60.8,KMFE 090551Z AUTO 16003KT 10SM BKN007 16/14 A2997 RMK AO2 $,null
MFE,2024-12-09 5:53,60,58,93.1,150,3,0,29.97,1014.8,10,null,BKN,null,null,null,700,null,null,null,null,null,null,null,null,null,null,60,KMFE 090553Z AUTO 15003KT 10SM BKN007 16/14 A2997 RMK AO2 SLP148 T01560144 10172 20156 401940106 57007 $,null
MFE,2024-12-09 6:53,63,60,89.93,0,0,0,29.95,1014.2,10,null,OVC,null,null,null,500,null,null,null,null,null,null,null,null,null,null,63,KMFE 090653Z AUTO 00000KT 10SM OVC005 17/16 A2995 RMK AO2 SLP142 T01720156 $,null
MFE,2024-12-09 7:53,63,61,93.18,0,0,0,29.94,1013.8,10,null,OVC,null,null,null,600,null,null,null,null,null,null,null,null,null,null,63,KMFE 090753Z AUTO 00000KT 10SM OVC006 17/16 A2994 RMK AO2 SLP138 T01720161 $,null
MFE,2024-12-09 8:19,66,64,93.26,130,5,0,29.92,null,8,null,SCT,null,null,null,700,null,null,null,null,null,null,null,null,null,null,66,KMFE 090819Z AUTO 13005KT 8SM SCT007 19/18 A2992 RMK AO2 T01890178 $,null
MFE,2024-12-09 8:53,65,63,93.24,280,4,0,29.94,1013.7,6,null,SCT,null,null,null,600,null,null,null,BR,null,null,null,null,null,null,65,KMFE 090853Z AUTO 28004KT 6SM BR SCT006 18/17 A2994 RMK AO2 SLP137 T01830172 56010 $,null
MFE,2024-12-09 9:53,64,63,96.55,270,4,0,29.93,1013.3,7,null,SCT,null,null,null,11000,null,null,null,null,null,null,null,null,null,null,64,KMFE 090953Z AUTO 27004KT 7SM SCT110 18/17 A2993 RMK AO2 SLP133 T01780172 $,null
MFE,2024-12-09 10:53,63,61,93.18,130,4,T,29.9,1012.4,8,null,FEW,null,null,null,11000,null,null,null,null,null,null,null,null,null,null,63,KMFE 091053Z AUTO 13004KT 8SM FEW110 17/16 A2990 RMK AO2 RAB19E48 SLP124 P0000 T01720161 $,null
MFE,2024-12-09 11:53,67,65,93.29,160,7,0,29.89,1011.9,10,null,CLR,null,null,null,null,null,null,null,null,null,null,null,null,null,null,67,KMFE 091153Z AUTO 16007KT 10SM CLR 19/18 A2989 RMK AO2 SLP119 60000 T01940183 10194 20156 56018 $,null
MFE,2024-12-09 12:53,66,65,96.58,160,5,0,29.9,1012.4,9,null,CLR,null,null,null,null,null,null,null,null,null,null,null,null,null,null,66,KMFE 091253Z 16005KT 9SM CLR 19/18 A2990 RMK AO2 SLP124 T01890183 $,null
MFE,2024-12-09 13:53,66,65,96.58,0,0,0,29.9,1012.4,8,null,FEW,null,null,null,11000,null,null,null,null,null,null,null,null,null,null,66,KMFE 091353Z 00000KT 8SM FEW110 19/18 A2990 RMK AO2 SLP124 T01890183 $,null
MFE,2024-12-09 14:53,69,65,87.08,300,4,0,29.93,1013.5,8,null,CLR,null,null,null,null,null,null,null,null,null,null,null,null,null,null,69,KMFE 091453Z 30004KT 8SM CLR 21/18 A2993 RMK AO2 SLP135 T02060183 53015 $,null
MFE,2024-12-09 15:53,69,65,87.08,null,3,0,29.95,1014,10,null,CLR,null,null,null,null,null,null,null,null,null,null,null,null,null,null,69,KMFE 091553Z VRB03KT 10SM CLR 21/18 A2995 RMK AO2 SLP140 T02060183 $,null
MFE,2024-12-09 16:45,74,66,76.1,160,4,0,29.93,null,10,null,CLR,null,null,null,null,null,null,null,null,null,null,null,null,null,null,74,KMFE 091645Z 16004KT 10SM CLR 23/19 A2993 RMK AO2 T02330189 $,null
MFE,2024-12-09 16:53,75,66,73.59,160,6,0,29.93,1013.3,10,null,CLR,null,null,null,null,null,null,null,null,null,null,null,null,null,null,75,KMFE 091653Z 16006KT 10SM CLR 24/19 A2993 RMK AO2 SLP133 T02390189 $,null
MFE,2024-12-09 17:53,81,67,62.49,170,6,0,29.9,1012.2,10,null,CLR,null,null,null,null,null,null,null,null,null,null,null,null,null,null,83.43,KMFE 091753Z 17006KT 10SM CLR 27/19 A2990 RMK AO2 SLP122 T02720194 10272 20189 58013 $,null
MFE,2024-12-09 18:53,84,67,56.7,0,0,0,29.86,1011,10,null,CLR,null,null,null,null,null,null,null,null,null,null,null,null,null,null,86.67,KMFE 091853Z 00000KT 10SM CLR 29/19 A2986 RMK AO2 SLP110 T02890194 $,null
MFE,2024-12-09 19:53,87,66,49.75,null,4,0,29.83,1010,10,null,CLR,null,null,null,null,null,null,null,null,null,null,null,null,null,null,89.34,KMFE 091953Z VRB04KT 10SM CLR 31/19 A2983 RMK AO2 SLP100 T03060189 $,null
MFE,2024-12-09 20:53,88,66,48.2,290,4,0,29.82,1009.5,10,null,CLR,null,null,null,null,null,null,null,null,null,null,null,null,null,null,90.41,KMFE 092053Z 29004KT 10SM CLR 31/19 A2982 RMK AO2 SLP095 T03110189 56027 $,null
MFE,2024-12-09 21:53,88,64,44.95,260,3,0,29.81,1009.3,10,null,CLR,null,null,null,null,null,null,null,null,null,null,null,null,null,null,89.34,KMFE 092153Z 26003KT 10SM CLR 31/18 A2981 RMK AO2 SLP093 T03110178 $,null
MFE,2024-12-09 22:53,86,64,47.91,0,0,0,29.81,1009.3,10,null,CLR,null,null,null,null,null,null,null,null,null,null,null,null,null,null,87.31,KMFE 092253Z 00000KT 10SM CLR 30/18 A2981 RMK AO2 SLP093 T03000178 $,null
MFE,2024-12-09 23:53,79,66,64.45,0,0,0,29.82,1009.6,10,null,CLR,null,null,null,null,null,null,null,null,null,null,null,null,null,null,79,KMFE 092353Z 00000KT 10SM CLR 26/19 A2982 RMK AO2 SLP096 T02610189 10317 20256 53001 $,null
MFE,2024-12-10 0:53,76,66,71.18,130,9,0,29.84,1010.1,10,null,CLR,null,null,null,null,null,null,null,null,null,null,null,null,null,null,76,KMFE 100053Z 13009KT 10SM CLR 24/19 A2984 RMK AO2 SLP101 T02440189 $,null
MFE,2024-12-10 1:53,72,66,81.41,120,6,0,29.85,1010.7,10,null,CLR,null,null,null,null,null,null,null,null,null,null,null,null,null,null,72,KMFE 100153Z 12006KT 10SM CLR 22/19 A2985 RMK AO2 SLP107 T02220189 $,null
MFE,2024-12-10 2:53,72,66,81.41,130,4,0,29.87,1011.3,9,null,CLR,null,null,null,null,null,null,null,null,null,null,null,null,null,null,72,KMFE 100253Z 13004KT 9SM CLR 22/19 A2987 RMK AO2 SLP113 T02220189 53016 $,null
MFE,2024-12-10 3:53,70,66,87.14,100,3,0,29.88,1011.6,9,null,CLR,null,null,null,null,null,null,null,null,null,null,null,null,null,null,70,KMFE 100353Z 10003KT 9SM CLR 21/19 A2988 RMK AO2 SLP116 T02110189 PNO $,null
MFE,2024-12-10 4:53,69,66,90.17,0,0,0,29.89,1012.1,8,null,CLR,null,null,null,null,null,null,null,null,null,null,null,null,null,null,69,KMFE 100453Z 00000KT 8SM CLR 21/19 A2989 RMK AO2 SLP121 T02060189 PNO $,null
MFE,2024-12-10 5:53,68,65,90.13,0,0,0,29.89,1011.9,7,null,CLR,null,null,null,null,null,null,null,null,null,null,null,null,null,null,68,KMFE 100553Z AUTO 00000KT 7SM CLR 20/18 A2989 RMK AO2 SLP119 6//// T02000183 10261 20189 403170156 50007 PNO $,null
MFE,2024-12-10 6:53,67,65,93.29,100,3,0,29.88,1011.5,6,null,CLR,null,null,null,null,null,null,null,BR,null,null,null,null,null,null,67,KMFE 100653Z AUTO 10003KT 6SM BR CLR 19/18 A2988 RMK AO2 SLP115 T01940183 PNO $,null
MFE,2024-12-10 7:53,66,65,96.58,120,5,0,29.87,1011.2,6,null,CLR,null,null,null,null,null,null,null,BR,null,null,null,null,null,null,66,KMFE 100753Z AUTO 12005KT 6SM BR CLR 19/18 A2987 RMK AO2 SLP112 T01890183 PNO $,null
MFE,2024-12-10 8:53,66,65,96.58,130,5,0,29.86,1011,4,null,CLR,null,null,null,null,null,null,null,BR,null,null,null,null,null,null,66,KMFE 100853Z AUTO 13005KT 4SM BR CLR 19/18 A2986 RMK AO2 SLP110 6//// T01890183 56010 PNO $,null
MFE,2024-12-10 9:15,66,65,96.58,120,5,0,29.86,null,2,null,CLR,null,null,null,null,null,null,null,BR,null,null,null,null,null,null,66,KMFE 100915Z AUTO 12005KT 2SM BR CLR 19/18 A2986 RMK AO2 T01890183 PNO $,null
MFE,2024-12-10 9:28,66,66,100,100,4,0,29.86,null,4,null,CLR,null,null,null,null,null,null,null,BR,null,null,null,null,null,null,66,KMFE 100928Z AUTO 10004KT 4SM BR CLR 19/19 A2986 RMK AO2 T01890189 PNO $,null
MFE,2024-12-10 9:41,67,66,96.59,120,3,0,29.87,null,1.75,null,CLR,null,null,null,null,null,null,null,BR,null,null,null,null,null,null,67,KMFE 100941Z AUTO 12003KT 1 3/4SM BR CLR 19/19 A2987 RMK AO2 T01940189 PNO $,null
MFE,2024-12-10 9:44,66,66,100,120,4,0,29.87,null,1,null,VV ,null,null,null,700,null,null,null,BR,null,null,null,null,null,null,66,KMFE 100944Z AUTO 12004KT 1SM BR VV007 19/19 A2987 RMK AO2 T01890189 PNO $,null
MFE,2024-12-10 9:53,66,66,100,130,6,0,29.86,1011,1.25,null,SCT,null,null,null,700,null,null,null,BR,null,null,null,null,null,null,66,KMFE 100953Z AUTO 13006KT 1 1/4SM BR SCT007 19/19 A2986 RMK AO2 SLP110 T01890189 PNO $,null
MFE,2024-12-10 9:58,67,66,96.59,120,6,0,29.86,null,1,null,VV ,null,null,null,400,null,null,null,BR,null,null,null,null,null,null,67,KMFE 100958Z AUTO 12006KT 1SM BR VV004 19/19 A2986 RMK AO2 T01940189 PNO $,null
MFE,2024-12-10 10:06,67,66,96.59,120,5,0,29.86,null,0.5,null,VV ,null,null,null,300,null,null,null,FG,null,null,null,null,null,null,67,KMFE 101006Z AUTO 12005KT 1/2SM FG VV003 19/19 A2986 RMK AO2 T01940189 PNO $,null
MFE,2024-12-10 10:31,68,68,100,130,5,0,29.87,null,0.25,null,VV ,null,null,null,200,null,null,null,FG,null,null,null,null,null,null,68,KMFE 101031Z AUTO 13005KT 1/4SM FG VV002 20/20 A2987 RMK AO2 T02000200 PNO $,null
MFE,2024-12-10 10:53,68,68,100,150,4,0,29.87,1011.2,0.25,null,VV ,null,null,null,100,null,null,null,FG,null,null,null,null,null,null,68,KMFE 101053Z AUTO 15004KT 1/4SM FG VV001 20/20 A2987 RMK AO2 SLP112 T02000200 PNO $,null
MFE,2024-12-10 11:30,67,67,100,0,0,0,29.87,null,0.25,null,VV ,null,null,null,200,null,null,null,FG,null,null,null,null,null,null,67,KMFE 101130Z AUTO 00000KT 1/4SM FG VV002 19/19 A2987 RMK AO2 T01940194 PNO $,null
MFE,2024-12-10 11:53,66,66,100,0,0,0,29.88,1011.6,0.25,null,VV ,null,null,null,200,null,null,null,FG,null,null,null,null,null,null,66,KMFE 101153Z AUTO 00000KT 1/4SM FG VV002 19/19 A2988 RMK AO2 SLP116 6//// 7//// T01890189 10200 20183 53006 PNO $,null
MFE,2024-12-10 11:59,67,66,96.59,0,0,0,29.88,null,0.25,null,VV ,null,null,null,200,null,null,null,FG,null,null,null,null,null,null,67,KMFE 101159Z 00000KT 1/4SM FG VV002 19/19 A2988 RMK AO2 T01940189 PNO $,null
MFE,2024-12-10 12:15,67,66,96.59,0,0,0,29.88,null,0.5,null,VV ,null,null,null,300,null,null,null,FG,null,null,null,null,null,null,67,KMFE 101215Z 00000KT 1/2SM FG VV003 19/19 A2988 RMK AO2 T01940189 PNO $,null
MFE,2024-12-10 12:34,66,66,100,130,3,0,29.88,null,0.25,null,VV ,null,null,null,300,null,null,null,FG,null,null,null,null,null,null,66,KMFE 101234Z 13003KT 1/4SM FG VV003 19/19 A2988 RMK AO2 T01890189 PNO $,null
MFE,2024-12-10 12:53,67,67,100,0,0,0,29.88,1011.8,0.5,null,VV ,null,null,null,300,null,null,null,FG,null,null,null,null,null,null,67,KMFE 101253Z 00000KT 1/2SM FG VV003 19/19 A2988 RMK AO2 SLP118 T01940194 PNO $,null
MFE,2024-12-10 13:14,67,67,100,0,0,0,29.89,null,1.75,null,OVC,null,null,null,300,null,null,null,BR,null,null,null,null,null,null,67,KMFE 101314Z 00000KT 1 3/4SM BR OVC003 19/19 A2989 RMK AO2 T01940194 PNO $,null
MFE,2024-12-10 13:21,67,67,100,0,0,0,29.89,null,2.5,null,OVC,null,null,null,300,null,null,null,BR,null,null,null,null,null,null,67,KMFE 101321Z 00000KT 2 1/2SM BR OVC003 19/19 A2989 RMK AO2 T01940194 PNO $,null
MFE,2024-12-10 13:31,67,67,100,0,0,0,29.89,null,1.5,null,OVC,null,null,null,200,null,null,null,BR,null,null,null,null,null,null,67,KMFE 101331Z 00000KT 1 1/2SM BR OVC002 19/19 A2989 RMK AO2 T01940194 PNO,null
MFE,2024-12-10 13:46,67,67,100,0,0,0,29.9,null,0.5,null,VV ,null,null,null,200,null,null,null,FG,null,null,null,null,null,null,67,KMFE 101346Z 00000KT 1/2SM FG VV002 19/19 A2990 RMK AO2 T01940194 PNO,null
MFE,2024-12-10 13:53,68,68,100,0,0,0,29.9,1012.3,0.25,null,VV ,null,null,null,200,null,null,null,FG,null,null,null,null,null,null,68,KMFE 101353Z AUTO 00000KT 1/4SM FG VV002 20/20 A2990 RMK AO2 SLP123 T02000200,null
MFE,2024-12-10 14:01,68,68,100,0,0,0,29.9,null,0.25,null,VV ,null,null,null,200,null,null,null,FG,null,null,null,null,null,null,68,KMFE 101401Z 00000KT 1/4SM FG VV002 20/20 A2990 RMK AO2 T02000200,null
MFE,2024-12-10 14:53,68,68,100,0,0,0,29.91,1012.7,0.25,null,VV ,null,null,null,200,null,null,null,FG,null,null,null,null,null,null,68,KMFE 101453Z 00000KT 1/4SM FG VV002 20/20 A2991 RMK AO2 SLP127 6//// T02000200 53011,null
MFE,2024-12-10 15:28,67,67,100,270,5,0,29.94,null,0.5,null,VV ,null,null,null,200,null,null,null,FG,null,null,null,null,null,null,67,KMFE 101528Z 27005KT 1/2SM FG VV002 19/19 A2994 RMK AO2 T01940194,null
MFE,2024-12-10 15:53,68,67,96.61,320,4,0,29.94,1013.7,0.75,null,OVC,null,null,null,200,null,null,null,BR,null,null,null,null,null,null,68,KMFE 101553Z 32004KT 3/4SM BR OVC002 20/19 A2994 RMK AO2 SLP137 T02000194,null
MFE,2024-12-10 15:57,68,68,100,310,5,0,29.94,null,0.5,null,OVC,null,null,null,200,null,null,null,FG,null,null,null,null,null,null,68,KMFE 101557Z 31005KT 1/2SM FG OVC002 20/20 A2994 RMK AO2 T02000200,null
MFE,2024-12-10 16:44,70,69,96.64,330,6,0,29.95,null,0.5,null,OVC,null,null,null,300,null,null,null,FG,null,null,null,null,null,null,70,KMFE 101644Z 33006KT 1/2SM FG OVC003 21/21 A2995 RMK AO2 T02110206,null
MFE,2024-12-10 16:53,69,68,96.62,350,13,0,29.95,1014.1,0.5,16,OVC,null,null,null,300,null,null,null,FG,null,null,null,null,null,null,69,KMFE 101653Z 35013G16KT 1/2SM FG OVC003 21/20 A2995 RMK AO2 SLP141 T02060200,null
MFE,2024-12-10 17:32,68,67,96.61,340,10,0,29.96,null,0.75,null,OVC,null,null,null,200,null,null,null,BR,null,null,null,null,null,null,68,KMFE 101732Z 34010KT 3/4SM BR OVC002 20/19 A2996 RMK AO2 T02000194,null
MFE,2024-12-10 17:53,68,67,96.61,340,8,0,29.96,1014.3,0.75,null,OVC,null,null,null,300,null,null,null,BR,null,null,null,null,null,null,68,KMFE 101753Z 34008KT 3/4SM BR OVC003 20/19 A2996 RMK AO2 SLP143 6//// T02000194 10211 20189 51016,null
MFE,2024-12-10 18:53,65,63,93.24,350,13,T,29.96,1014.3,1,23,OVC,null,null,null,400,null,null,null,#NAME?,null,null,null,null,null,null,65,KMFE 101853Z 35013G23KT 1SM -RA BR OVC004 18/17 A2996 RMK AO2 RAB40 CIG 003V007 SLP143 P0000 T01830172,null
MFE,2024-12-10 19:41,61,59,93.12,340,20,T,29.98,null,5,27,OVC,null,null,null,500,null,null,null,BR,null,null,null,27,340,2024-12-10 19:39,61,KMFE 101941Z 34020G27KT 5SM BR OVC005 16/15 A2998 RMK AO2 PK WND 34027/1939 RAE10 P0000 T01610150,null
MFE,2024-12-10 19:53,60,58,93.1,330,16,T,29.99,1015.4,8,23,OVC,null,null,null,600,null,null,null,null,null,null,null,27,340,2024-12-10 19:39,60,KMFE 101953Z 33016G23KT 8SM OVC006 16/14 A2999 RMK AO2 PK WND 34027/1939 RAE10 SLP154 P0000 T01560144,null
MFE,2024-12-10 20:37,61,58,89.84,350,12,0,30,null,10,null,SCT,OVC,null,null,700,1700,null,null,null,null,null,null,null,null,null,61,KMFE 102037Z 35012KT 10SM SCT007 OVC017 16/14 A3000 RMK AO2 T01610144,null
MFE,2024-12-10 20:53,63,57,80.76,340,12,0,30,1015.6,10,null,OVC,null,null,null,2100,null,null,null,null,null,null,null,null,null,null,63,KMFE 102053Z 34012KT 10SM OVC021 17/14 A3000 RMK AO2 SLP156 60000 T01720139 53014,null
MFE,2024-12-10 21:53,65,56,72.62,340,7,0,30.02,1016.3,10,null,OVC,null,null,null,2600,null,null,null,null,null,null,null,null,null,null,65,KMFE 102153Z 34007KT 10SM OVC026 18/13 A3002 RMK AO2 SLP163 T01830133,null
MFE,2024-12-10 22:06,66,56,70.14,350,7,0,30.02,null,10,null,OVC,null,null,null,3000,null,null,null,null,null,null,null,null,null,null,66,KMFE 102206Z 35007KT 10SM OVC030 19/13 A3002 RMK AO2 T01890133,null
MFE,2024-12-10 22:53,69,52,54.64,340,17,0,30.05,1017.4,10,25,OVC,null,null,null,4000,null,null,null,null,null,null,null,null,null,null,69,KMFE 102253Z 34017G25KT 10SM OVC040 21/11 A3005 RMK AO2 SLP174 T02060111,null
MFE,2024-12-10 23:53,69,49,48.88,320,14,0,30.1,1018.9,10,null,OVC,null,null,null,6000,null,null,null,null,null,null,null,27,340,2024-12-10 23:34,69,KMFE 102353Z 32014KT 10SM OVC060 21/09 A3010 RMK AO2 PK WND 34027/2334 SLP189 60000 T02060094 10206 20150 53033,null
MFE,2024-12-11 0:53,67,47,48.58,330,13,0,30.15,1020.7,10,21,FEW,null,null,null,7000,null,null,null,null,null,null,null,28,340,2024-12-10 23:54,67,KMFE 110053Z 33013G21KT 10SM FEW070 19/08 A3015 RMK AO2 PK WND 34028/2354 SLP207 T01940083,null
MFE,2024-12-11 1:53,65,44,46.47,340,12,0,30.21,1022.9,10,null,CLR,null,null,null,null,null,null,null,null,null,null,null,null,null,null,65,KMFE 110153Z 34012KT 10SM CLR 18/07 A3021 RMK AO2 SLP229 T01830067,null
MFE,2024-12-11 2:53,63,42,46.16,340,12,0,30.27,1024.8,10,null,CLR,null,null,null,null,null,null,null,null,null,null,null,null,null,null,63,KMFE 110253Z 34012KT 10SM CLR 17/06 A3027 RMK AO2 SLP248 T01720056 53059,null
MFE,2024-12-11 3:53,62,41,46,340,16,0,30.32,1026.4,10,23,CLR,null,null,null,null,null,null,null,null,null,null,null,26,10,2024-12-11 3:41,62,KMFE 110353Z 34016G23KT 10SM CLR 17/05 A3032 RMK AO2 PK WND 01026/0341 SLP264 T01670050,null
MFE,2024-12-11 4:53,59,39,47.35,340,15,0,30.36,1028,10,null,CLR,null,null,null,null,null,null,null,null,null,null,null,null,null,null,59,KMFE 110453Z 34015KT 10SM CLR 15/04 A3036 RMK AO2 SLP280 T01500039,null
MFE,2024-12-11 5:53,57,36,45.22,340,14,0,30.39,1029,10,21,CLR,null,null,null,null,null,null,null,null,null,null,null,null,null,null,57,KMFE 110553Z AUTO 34014G21KT 10SM CLR 14/02 A3039 RMK AO2 SLP290 T01390022 10206 20139 402110139 51040,null
MFE,2024-12-11 6:53,55,33,43.14,340,11,0,30.41,1029.7,10,23,CLR,null,null,null,null,null,null,null,null,null,null,null,null,null,null,55,KMFE 110653Z AUTO 34011G23KT 10SM CLR 13/01 A3041 RMK AO2 SLP297 T01280006 $,null
MFE,2024-12-11 7:53,53,32,44.58,340,11,0,30.43,1030.3,10,null,CLR,null,null,null,null,null,null,null,null,null,null,null,null,null,null,53,KMFE 110753Z AUTO 34011KT 10SM CLR 12/00 A3043 RMK AO2 SLP303 T01170000 $,null
MFE,2024-12-11 8:53,50,32,49.81,330,7,0,30.44,1030.8,10,null,CLR,null,null,null,null,null,null,null,null,null,null,null,null,null,null,50,KMFE 110853Z AUTO 33007KT 10SM CLR 10/00 A3044 RMK AO2 SLP308 T01000000 51018 $,null
MFE,2024-12-11 9:53,46,33,60.25,320,7,0,30.46,1031.2,10,null,CLR,null,null,null,null,null,null,null,null,null,null,null,null,null,null,41.84,KMFE 110953Z AUTO 32007KT 10SM CLR 08/01 A3046 RMK AO2 SLP312 T00780006 $,null
MFE,2024-12-11 10:53,46,32,57.87,320,7,0,30.47,1031.7,10,null,CLR,null,null,null,null,null,null,null,null,null,null,null,null,null,null,41.84,KMFE 111053Z AUTO 32007KT 10SM CLR 08/00 A3047 RMK AO2 SLP317 T00780000 $,null
MFE,2024-12-11 11:53,45,32,60.11,300,4,0,30.49,1032.4,10,null,CLR,null,null,null,null,null,null,null,null,null,null,null,null,null,null,42.6,KMFE 111153Z 30004KT 10SM CLR 07/00 A3049 RMK AO2 SLP324 7//// T00720000 10139 20067 53016 $,null
MFE,2024-12-11 12:53,44,33,65.01,300,5,0,30.51,1033,10,null,CLR,null,null,null,null,null,null,null,null,null,null,null,null,null,null,40.65,KMFE 111253Z 30005KT 10SM CLR 07/01 A3051 RMK AO2 SLP330 T00670006 $,null
MFE,2024-12-11 13:53,43,33,67.54,250,4,0,30.54,1034,10,null,CLR,null,null,null,null,null,null,null,null,null,null,null,null,null,null,40.27,KMFE 111353Z 25004KT 10SM CLR 06/01 A3054 RMK AO2 SLP340 T00610006,null
MFE,2024-12-11 14:53,50,35,56.16,270,5,0,30.56,1034.9,10,null,CLR,null,null,null,null,null,null,null,null,null,null,null,null,null,null,50,KMFE 111453Z 27005KT 10SM CLR 10/02 A3056 RMK AO2 SLP349 T01000017 53025 $,null
MFE,2024-12-11 15:53,55,35,46.73,null,5,0,30.58,1035.6,10,null,CLR,null,null,null,null,null,null,null,null,null,null,null,null,null,null,55,KMFE 111553Z VRB05KT 10SM CLR 13/02 A3058 RMK AO2 SLP356 T01280017 $,null
MFE,2024-12-11 16:53,59,30,33.08,350,7,0,30.58,1035.3,10,null,CLR,null,null,null,null,null,null,null,null,null,null,null,null,null,null,59,KMFE 111653Z 35007KT 10SM CLR 15/M01 A3058 RMK AO2 SLP353 T01501011 $,null
MFE,2024-12-11 17:53,62,28,27.4,340,7,0,30.55,1034.3,10,null,CLR,null,null,null,null,null,null,null,null,null,null,null,null,null,null,62,KMFE 111753Z 34007KT 10SM CLR 17/M02 A3055 RMK AO2 SLP343 T01671022 10167 20056 58006 $,null
MFE,2024-12-11 18:53,63,27,25.38,null,5,0,30.5,1032.8,10,null,CLR,null,null,null,null,null,null,null,null,null,null,null,null,null,null,63,KMFE 111853Z VRB05KT 10SM CLR 17/M03 A3050 RMK AO2 SLP328 T01721028,null
MFE,2024-12-11 19:53,66,23,19.35,30,4,0,30.47,1031.6,10,null,CLR,null,null,null,null,null,null,null,null,null,null,null,null,null,null,66,KMFE 111953Z 03004KT 10SM CLR 19/M05 A3047 RMK AO2 SLP316 T01891050,null
MFE,2024-12-11 20:53,65,23,20.04,null,null,0,30.43,1030.4,10,null,CLR,null,null,null,null,null,null,null,null,null,null,null,null,null,null,65,KMFE 112053Z 10SM CLR 18/M05 A3043 RMK AO2 SLP304 T01831050 56039,null
MFE,2024-12-11 21:04,65,23,20.04,0,0,0,30.43,null,10,null,CLR,null,null,null,null,null,null,null,null,null,null,null,null,null,null,65,KMFE 112104Z 00000KT 10SM CLR 18/M05 A3043 RMK AO2 T01831050,null
MFE,2024-12-11 21:53,65,23,20.04,80,4,0,30.41,1029.6,10,null,CLR,null,null,null,null,null,null,null,null,null,null,null,null,null,null,65,KMFE 112153Z 08004KT 10SM CLR 18/M05 A3041 RMK AO2 SLP296 T01831050,null
MFE,2024-12-11 22:53,63,23,21.49,130,4,0,30.41,1029.8,10,null,CLR,null,null,null,null,null,null,null,null,null,null,null,null,null,null,63,KMFE 112253Z 13004KT 10SM CLR 17/M05 A3041 RMK AO2 SLP298 T01721050,null
MFE,2024-12-11 23:53,59,26,28.07,140,4,0,30.41,1029.7,10,null,CLR,null,null,null,null,null,null,null,null,null,null,null,null,null,null,59,KMFE 112353Z 14004KT 10SM CLR 15/M03 A3041 RMK AO2 SLP297 T01501033 10194 20144 56007,null
MFE,2024-12-12 0:53,53,31,42.81,120,5,0,30.43,1030.3,10,null,CLR,null,null,null,null,null,null,null,null,null,null,null,null,null,null,53,KMFE 120053Z 12005KT 10SM CLR 12/M01 A3043 RMK AO2 SLP303 T01171006,null
MFE,2024-12-12 1:53,51,29,42.49,120,6,0,30.44,1030.7,10,null,CLR,null,null,null,null,null,null,null,null,null,null,null,null,null,null,51,KMFE 120153Z 12006KT 10SM CLR 11/M02 A3044 RMK AO2 SLP307 T01061017,null
MFE,2024-12-12 2:53,51,30,44.26,110,7,0,30.45,1031,10,null,CLR,null,null,null,null,null,null,null,null,null,null,null,null,null,null,51,KMFE 120253Z 11007KT 10SM CLR 11/M01 A3045 RMK AO2 SLP310 T01061011 51013,null
MFE,2024-12-12 3:53,47,31,53.52,120,6,0,30.45,1030.9,10,null,CLR,null,null,null,null,null,null,null,null,null,null,null,null,null,null,43.6,KMFE 120353Z 12006KT 10SM CLR 08/M01 A3045 RMK AO2 SLP309 T00831006,null
MFE,2024-12-12 4:53,46,32,57.87,110,5,0,30.44,1030.8,10,null,CLR,null,null,null,null,null,null,null,null,null,null,null,null,null,null,43.02,KMFE 120453Z 11005KT 10SM CLR 08/00 A3044 RMK AO2 SLP308 T00780000,null
MFE,2024-12-12 5:53,48,31,51.54,0,0,0,30.42,1030.1,10,null,CLR,null,null,null,null,null,null,null,null,null,null,null,null,null,null,48,KMFE 120553Z AUTO 00000KT 10SM CLR 09/M01 A3042 RMK AO2 SLP301 T00891006 10150 20078 401940056 58008,null
MFE,2024-12-12 6:53,46,33,60.25,0,0,0,30.39,1029.1,10,null,CLR,null,null,null,null,null,null,null,null,null,null,null,null,null,null,46,KMFE 120653Z AUTO 00000KT 10SM CLR 08/01 A3039 RMK AO2 SLP291 T00780006,null
MFE,2024-12-12 7:53,45,34,65.13,0,0,0,30.38,1028.5,10,null,CLR,null,null,null,null,null,null,null,null,null,null,null,null,null,null,45,KMFE 120753Z AUTO 00000KT 10SM CLR 07/01 A3038 RMK AO2 SLP285 T00720011,null
MFE,2024-12-12 8:53,45,34,65.13,0,0,0,30.36,1027.9,10,null,CLR,null,null,null,null,null,null,null,null,null,null,null,null,null,null,45,KMFE 120853Z AUTO 00000KT 10SM CLR 07/01 A3036 RMK AO2 SLP279 T00720011 56022,null
MFE,2024-12-12 9:53,47,35,62.84,0,0,0,30.35,1027.6,10,null,CLR,null,null,null,null,null,null,null,null,null,null,null,null,null,null,47,KMFE 120953Z AUTO 00000KT 10SM CLR 08/02 A3035 RMK AO2 SLP276 T00830017,null
MFE,2024-12-12 10:53,46,35,65.26,0,0,0,30.33,1027,10,null,CLR,null,null,null,null,null,null,null,null,null,null,null,null,null,null,46,KMFE 121053Z AUTO 00000KT 10SM CLR 08/02 A3033 RMK AO2 SLP270 T00780017,null
MFE,2024-12-12 11:53,47,36,65.38,0,0,0,30.32,1026.6,10,null,CLR,null,null,null,null,null,null,null,null,null,null,null,null,null,null,47,KMFE 121153Z AUTO 00000KT 10SM CLR 08/02 A3032 RMK AO2 SLP266 T00830022 10089 20061 58014,null
MFE,2024-12-12 11:57,46,36,67.9,0,0,0,30.32,null,10,null,CLR,null,null,null,null,null,null,null,null,null,null,null,null,null,null,46,KMFE 121157Z 00000KT 10SM CLR 08/02 A3032 RMK AO2 T00780022,null
MFE,2024-12-12 12:53,46,36,67.9,360,3,0,30.32,1026.7,10,null,CLR,null,null,null,null,null,null,null,null,null,null,null,null,null,null,44.69,KMFE 121253Z 36003KT 10SM CLR 08/02 A3032 RMK AO2 SLP267 T00780022 $,null
MFE,2024-12-12 12:57,48,35,60.52,0,0,0,30.32,null,10,null,CLR,null,null,null,null,null,null,null,null,null,null,null,null,null,null,48,KMFE 121257Z 00000KT 10SM CLR 09/02 A3032 RMK AO2 T00890017 $,null
MFE,2024-12-12 13:53,51,36,56.31,360,3,0,30.32,1026.7,10,null,CLR,null,null,null,null,null,null,null,null,null,null,null,null,null,null,51,KMFE 121353Z 36003KT 10SM CLR 11/02 A3032 RMK AO2 SLP267 T01060022 $,null
MFE,2024-12-12 14:53,58,39,49.08,0,0,0,30.33,1026.8,10,null,CLR,null,null,null,null,null,null,null,null,null,null,null,null,null,null,58,KMFE 121453Z 00000KT 10SM CLR 14/04 A3033 RMK AO2 SLP268 T01440039 51002 $,null
MFE,2024-12-12 15:53,64,44,48.12,null,4,0,30.33,1027,10,null,CLR,null,null,null,null,null,null,null,null,null,null,null,null,null,null,64,KMFE 121553Z VRB04KT 10SM CLR 18/07 A3033 RMK AO2 SLP270 T01780067 $,null
MFE,2024-12-12 16:53,69,49,48.88,110,6,0,30.31,1026.3,10,null,CLR,null,null,null,null,null,null,null,null,null,null,null,null,null,null,69,KMFE 121653Z 11006KT 10SM CLR 21/09 A3031 RMK AO2 SLP263 T02060094 $,null
MFE,2024-12-12 17:53,74,52,46.11,150,14,0,30.27,1024.9,10,25,FEW,null,null,null,4900,null,null,null,null,null,null,null,null,null,null,74,KMFE 121753Z 15014G25KT 10SM FEW049 23/11 A3027 RMK AO2 SLP249 T02330111 10233 20072 58018 $,null
MFE,2024-12-12 18:53,76,51,41.57,150,17,0,30.22,1023.1,10,25,FEW,null,null,null,5000,null,null,null,null,null,null,null,27,140,2024-12-12 18:17,76,KMFE 121853Z 15017G25KT 10SM FEW050 24/11 A3022 RMK AO2 PK WND 14027/1817 SLP231 T02440106 $,null
MFE,2024-12-12 19:53,77,51,40.21,160,18,0,30.18,1022,10,23,FEW,null,null,null,6000,null,null,null,null,null,null,null,29,130,2024-12-12 19:15,77,KMFE 121953Z 16018G23KT 10SM FEW060 25/11 A3018 RMK AO2 PK WND 13029/1915 SLP220 T02500106 $,null
MFE,2024-12-12 20:53,75,51,42.98,140,18,0,30.17,1021.4,10,24,BKN,null,null,null,6000,null,null,null,null,null,null,null,null,null,null,75,KMFE 122053Z 14018G24KT 10SM BKN060 24/11 A3017 RMK AO2 SLP214 T02390106 56035 $,null
MFE,2024-12-12 21:53,74,52,46.11,140,16,0,30.16,1021.1,10,24,OVC,null,null,null,5500,null,null,null,null,null,null,null,null,null,null,74,KMFE 122153Z 14016G24KT 10SM OVC055 23/11 A3016 RMK AO2 SLP211 T02330111 $,null
MFE,2024-12-12 22:53,73,53,49.48,150,12,0,30.16,1021.1,10,null,OVC,null,null,null,5500,null,null,null,null,null,null,null,null,null,null,73,KMFE 122253Z 15012KT 10SM OVC055 23/12 A3016 RMK AO2 SLP211 T02280117 $,null
MFE,2024-12-12 23:53,72,53,51.18,150,12,0,30.16,1021.3,10,null,OVC,null,null,null,5500,null,null,null,null,null,null,null,null,null,null,72,KMFE 122353Z 15012KT 10SM OVC055 22/12 A3016 RMK AO2 SLP213 T02220117 10256 20222 55002 $,null
MFE,2024-12-13 0:53,71,56,59.07,130,13,0,30.17,1021.6,10,null,OVC,null,null,null,5500,null,null,null,null,null,null,null,null,null,null,71,KMFE 130053Z 13013KT 10SM OVC055 22/13 A3017 RMK AO2 SLP216 T02170133 $,null
MFE,2024-12-13 1:53,68,56,65.45,120,8,0,30.19,1022.4,10,null,FEW,null,null,null,6000,null,null,null,null,null,null,null,null,null,null,68,KMFE 130153Z 12008KT 10SM FEW060 20/13 A3019 RMK AO2 SLP224 T02000133 $,null
MFE,2024-12-13 2:53,66,57,72.72,120,7,0,30.21,1022.9,10,null,SCT,null,null,null,3500,null,null,null,null,null,null,null,null,null,null,66,KMFE 130253Z 12007KT 10SM SCT035 19/14 A3021 RMK AO2 SLP229 T01890139 53017 $,null
MFE,2024-12-13 3:53,65,57,75.3,120,6,0,30.22,1023,10,null,FEW,FEW,null,null,3000,4300,null,null,null,null,null,null,null,null,null,65,KMFE 130353Z 12006KT 10SM FEW030 FEW043 18/14 A3022 RMK AO2 SLP230 T01830139 $,null
MFE,2024-12-13 4:24,66,59,78.14,120,6,0,30.22,null,10,null,BKN,null,null,null,2800,null,null,null,null,null,null,null,null,null,null,66,KMFE 130424Z 12006KT 10SM BKN028 19/15 A3022 RMK AO2 T01890150 $,null
MFE,2024-12-13 4:46,65,59,80.9,120,6,0,30.21,null,10,null,SCT,BKN,null,null,2800,3300,null,null,null,null,null,null,null,null,null,65,KMFE 130446Z 12006KT 10SM SCT028 BKN033 18/15 A3021 RMK AO2 T01830150 $,null
MFE,2024-12-13 4:53,65,58,78.06,130,6,0,30.21,1022.9,10,null,FEW,SCT,null,null,2700,3300,null,null,null,null,null,null,null,null,null,65,KMFE 130453Z 13006KT 10SM FEW027 SCT033 18/14 A3021 RMK AO2 SLP229 T01830144 $,null
MFE,2024-12-13 5:53,65,59,80.9,160,4,0,30.2,1022.3,10,null,SCT,SCT,BKN,null,2500,3100,4000,null,null,null,null,null,null,null,null,65,KMFE 130553Z 16004KT 10SM SCT025 SCT031 BKN040 18/15 A3020 RMK AO2 SLP223 T01830150 10222 20178 402560061 58005 $,null
MFE,2024-12-13 6:53,65,60,83.84,120,4,0,30.17,1021.6,10,null,FEW,OVC,null,null,2400,3500,null,null,null,null,null,null,null,null,null,65,KMFE 130653Z AUTO 12004KT 10SM FEW024 OVC035 18/16 A3017 RMK AO2 SLP216 T01830156 $,null
MFE,2024-12-13 7:34,66,60,80.98,90,3,0,30.17,null,10,null,FEW,BKN,OVC,null,2100,2900,3500,null,null,null,null,null,null,null,null,66,KMFE 130734Z AUTO 09003KT 10SM FEW021 BKN029 OVC035 19/16 A3017 RMK AO2 T01890156 $,null
MFE,2024-12-13 7:42,66,60,80.98,0,0,0,30.16,null,10,null,FEW,BKN,OVC,null,2100,3500,4700,null,null,null,null,null,null,null,null,66,KMFE 130742Z AUTO 00000KT 10SM FEW021 BKN035 OVC047 19/16 A3016 RMK AO2 T01890156 $,null
MFE,2024-12-13 7:53,66,60,80.98,120,3,0,30.17,1021.3,10,null,SCT,BKN,OVC,null,1600,2400,4500,null,null,null,null,null,null,null,null,66,KMFE 130753Z AUTO 12003KT 10SM SCT016 BKN024 OVC045 19/16 A3017 RMK AO2 SLP213 T01890156 $,null
MFE,2024-12-13 8:06,65,61,86.88,130,5,0,30.17,null,6,null,BKN,BKN,OVC,null,1200,2500,4600,null,BR,null,null,null,null,null,null,65,KMFE 130806Z AUTO 13005KT 6SM BR BKN012 BKN025 OVC046 18/16 A3017 RMK AO2 T01830161 $,null
MFE,2024-12-13 8:22,65,63,93.24,140,6,T,30.16,null,3,null,SCT,OVC,null,null,1000,1500,null,null,#NAME?,null,null,null,null,null,null,65,KMFE 130822Z AUTO 14006KT 3SM -RA BR SCT010 OVC015 18/17 A3016 RMK AO2 RAB13 P0000 T01830172 $,null
MFE,2024-12-13 8:25,65,64,96.57,140,6,T,30.16,null,2.5,null,BKN,BKN,OVC,null,1000,1300,1800,null,#NAME?,null,null,null,null,null,null,65,KMFE 130825Z AUTO 14006KT 2 1/2SM -RA BR BKN010 BKN013 OVC018 18/18 A3016 RMK AO2 RAB13 P0000 T01830178 $,null
MFE,2024-12-13 8:33,65,64,96.57,140,5,T,30.15,null,3,null,FEW,BKN,OVC,null,600,1400,2500,null,#NAME?,null,null,null,null,null,null,65,KMFE 130833Z AUTO 14005KT 3SM -RA BR FEW006 BKN014 OVC025 18/18 A3015 RMK AO2 RAB13 P0000 T01830178 $,null
MFE,2024-12-13 8:53,65,64,96.57,150,5,T,30.15,1020.9,2.5,null,BKN,BKN,OVC,null,600,1000,2200,null,#NAME?,null,null,null,null,null,null,65,KMFE 130853Z AUTO 15005KT 2 1/2SM -RA BR BKN006 BKN010 OVC022 18/18 A3015 RMK AO2 RAB13 SLP209 P0000 60000 T01830178 56015 $,null
MFE,2024-12-13 9:07,65,65,100,0,0,T,30.15,null,6,null,OVC,null,null,null,500,null,null,null,BR,null,null,null,null,null,null,65,KMFE 130907Z AUTO 00000KT 6SM BR OVC005 18/18 A3015 RMK AO2 RAE04 P0000 T01830183 $,null
MFE,2024-12-13 9:53,65,64,96.57,60,3,T,30.16,1021,8,null,BKN,BKN,OVC,null,500,3400,4800,null,null,null,null,null,null,null,null,65,KMFE 130953Z AUTO 06003KT 8SM BKN005 BKN034 OVC048 18/18 A3016 RMK AO2 RAE04B21E50 SLP210 P0000 T01830178 $,null
MFE,2024-12-13 10:04,65,64,96.57,90,5,0,30.16,null,10,null,FEW,BKN,OVC,null,500,3000,4500,null,null,null,null,null,null,null,null,65,KMFE 131004Z AUTO 09005KT 10SM FEW005 BKN030 OVC045 18/18 A3016 RMK AO2 T01830178 $,null
MFE,2024-12-13 10:46,66,65,96.58,30,4,0,30.16,null,10,null,BKN,OVC,null,null,2400,5000,null,null,null,null,null,null,null,null,null,66,KMFE 131046Z AUTO 03004KT 10SM BKN024 OVC050 19/18 A3016 RMK AO2 T01890183 $,null
MFE,2024-12-13 10:53,66,65,96.58,40,4,0,30.16,1021,10,null,BKN,BKN,OVC,null,2300,4200,5000,null,null,null,null,null,null,null,null,66,KMFE 131053Z AUTO 04004KT 10SM BKN023 BKN042 OVC050 19/18 A3016 RMK AO2 SLP210 T01890183 $,null
MFE,2024-12-13 11:07,65,64,96.57,70,5,0,30.16,null,9,null,FEW,BKN,OVC,null,700,2300,4500,null,null,null,null,null,null,null,null,65,KMFE 131107Z AUTO 07005KT 9SM FEW007 BKN023 OVC045 18/18 A3016 RMK AO2 T01830178 $,null
MFE,2024-12-13 11:17,65,64,96.57,80,6,0,30.15,null,8,null,FEW,SCT,OVC,null,700,3000,4300,null,null,null,null,null,null,null,null,65,KMFE 131117Z AUTO 08006KT 8SM FEW007 SCT030 OVC043 18/18 A3015 RMK AO2 T01830178 $,null
MFE,2024-12-13 11:30,65,64,96.57,70,6,0,30.15,null,9,null,SCT,BKN,OVC,null,700,2800,4300,null,null,null,null,null,null,null,null,65,KMFE 131130Z AUTO 07006KT 9SM SCT007 BKN028 OVC043 18/18 A3015 RMK AO2 T01830178 $,null
MFE,2024-12-13 11:53,66,64,93.26,80,6,0,30.16,1020.9,10,null,FEW,OVC,null,null,700,2700,null,null,null,null,null,null,null,null,null,66,KMFE 131153Z 08006KT 10SM FEW007 OVC027 19/18 A3016 RMK AO2 SLP209 60000 T01890178 10189 20183 50001 $,null
MFE,2024-12-13 12:53,65,64,96.57,90,6,0,30.15,1020.9,9,null,FEW,null,null,null,2300,null,null,null,null,null,null,null,null,null,null,65,KMFE 131253Z 09006KT 9SM FEW023 18/18 A3015 RMK AO2 SLP209 T01830178 $,null
MFE,2024-12-13 13:05,65,64,96.57,100,8,0,30.15,null,8,null,SCT,null,null,null,300,null,null,null,null,null,null,null,null,null,null,65,KMFE 131305Z 10008KT 8SM SCT003 18/18 A3015 RMK AO2 T01830178 $,null
MFE,2024-12-13 13:20,65,64,96.57,90,6,0,30.16,null,6,null,BKN,null,null,null,300,null,null,null,BR,null,null,null,null,null,null,65,KMFE 131320Z 09006KT 6SM BR BKN003 18/18 A3016 RMK AO2 T01830178 $,null
MFE,2024-12-13 13:53,65,65,100,100,7,0,30.18,1021.7,7,null,OVC,null,null,null,300,null,null,null,null,null,null,null,null,null,null,65,KMFE 131353Z 10007KT 7SM OVC003 18/18 A3018 RMK AO2 SLP217 T01830183 $,null
MFE,2024-12-13 14:53,67,66,96.59,90,5,0,30.19,1022.1,10,null,OVC,null,null,null,5000,null,null,null,null,null,null,null,null,null,null,67,KMFE 131453Z 09005KT 10SM OVC050 19/19 A3019 RMK AO2 SLP221 T01940189 53012 $,null
MFE,2024-12-13 15:53,71,66,84.22,120,8,0,30.2,1022.4,10,null,SCT,null,null,null,5000,null,null,null,null,null,null,null,null,null,null,71,KMFE 131553Z 12008KT 10SM SCT050 22/19 A3020 RMK AO2 SLP224 T02170189 $,null
MFE,2024-12-13 16:53,74,65,73.5,140,14,0,30.18,1021.8,10,null,FEW,BKN,null,null,2000,5000,null,null,null,null,null,null,null,null,null,74,KMFE 131653Z 14014KT 10SM FEW020 BKN050 23/18 A3018 RMK AO2 SLP218 T02330183 $,null
MFE,2024-12-13 17:53,78,64,62.12,160,12,0,30.16,1021.2,10,null,SCT,OVC,null,null,3000,5000,null,null,null,null,null,null,null,null,null,78,KMFE 131753Z 16012KT 10SM SCT030 OVC050 26/18 A3016 RMK AO2 SLP212 T02560178 10261 20183 58009 $,null
MFE,2024-12-13 18:53,78,64,62.12,140,15,0,30.13,1020.1,10,19,OVC,null,null,null,3500,null,null,null,null,null,null,null,null,null,null,78,KMFE 131853Z 14015G19KT 10SM OVC035 26/18 A3013 RMK AO2 SLP201 T02560178 $,null
MFE,2024-12-13 19:53,78,64,62.12,150,9,0,30.1,1018.9,10,null,OVC,null,null,null,3600,null,null,null,null,null,null,null,null,null,null,78,KMFE 131953Z 15009KT 10SM OVC036 26/18 A3010 RMK AO2 SLP189 T02560178 $,null
MFE,2024-12-13 20:53,77,65,66.5,140,12,0,30.08,1018.3,10,null,OVC,null,null,null,3500,null,null,null,null,null,null,null,null,null,null,77,KMFE 132053Z 14012KT 10SM OVC035 25/18 A3008 RMK AO2 SLP183 T02500183 56029 $,null
MFE,2024-12-13 21:53,78,66,66.61,120,13,0,30.07,1018.1,10,null,OVC,null,null,null,4000,null,null,null,null,null,null,null,null,null,null,78,KMFE 132153Z 12013KT 10SM OVC040 26/19 A3007 RMK AO2 SLP181 T02560189,null
MFE,2024-12-13 22:53,77,66,68.85,120,12,0,30.08,1018.3,10,20,BKN,OVC,null,null,4300,5500,null,null,null,null,null,null,null,null,null,77,KMFE 132253Z 12012G20KT 10SM BKN043 OVC055 25/19 A3008 RMK AO2 SLP183 T02500189,null
MFE,2024-12-13 23:53,75,67,76.19,120,12,0,30.08,1018.4,10,17,FEW,SCT,OVC,null,3400,4200,5000,null,null,null,null,null,null,null,null,75,KMFE 132353Z 12012G17KT 10SM FEW034 SCT042 OVC050 24/19 A3008 RMK AO2 SLP184 T02390194 10256 20239 53001,null
MFE,2024-12-14 0:53,74,66,76.1,120,10,0,30.1,1019,10,null,OVC,null,null,null,5000,null,null,null,null,null,null,null,null,null,null,74,KMFE 140053Z 12010KT 10SM OVC050 23/19 A3010 RMK AO2 SLP190 T02330189,null
MFE,2024-12-14 1:53,73,66,78.7,130,10,0,30.12,1019.7,10,null,CLR,null,null,null,null,null,null,null,null,null,null,null,null,null,null,73,KMFE 140153Z 13010KT 10SM CLR 23/19 A3012 RMK AO2 SLP197 T02280189,null
MFE,2024-12-14 2:53,71,66,84.22,140,9,0,30.13,1020,10,null,SCT,null,null,null,5000,null,null,null,null,null,null,null,null,null,null,71,KMFE 140253Z 14009KT 10SM SCT050 22/19 A3013 RMK AO2 SLP200 T02170189 51016,null
MFE,2024-12-14 3:53,71,67,87.19,130,9,0,30.13,1020.2,10,null,OVC,null,null,null,5500,null,null,null,null,null,null,null,null,null,null,71,KMFE 140353Z 13009KT 10SM OVC055 22/19 A3013 RMK AO2 SLP202 T02170194,null
MFE,2024-12-14 4:53,72,68,87.24,150,8,0,30.13,1020.1,10,null,SCT,OVC,null,null,2300,5500,null,null,null,null,null,null,null,null,null,72,KMFE 140453Z 15008KT 10SM SCT023 OVC055 22/20 A3013 RMK AO2 SLP201 T02220200,null
MFE,2024-12-14 5:53,72,68,87.24,150,6,0,30.13,1020.2,10,null,SCT,SCT,BKN,null,2500,3400,5500,null,null,null,null,null,null,null,null,72,KMFE 140553Z AUTO 15006KT 10SM SCT025 SCT034 BKN055 22/20 A3013 RMK AO2 SLP202 T02220200 10239 20217 402610183 51002,null
MFE,2024-12-14 6:03,72,67,84.28,150,6,0,30.13,null,10,null,BKN,BKN,BKN,null,2300,3200,5500,null,null,null,null,null,null,null,null,72,KMFE 140603Z AUTO 15006KT 10SM BKN023 BKN032 BKN055 22/19 A3013 RMK AO2 T02220194,null
MFE,2024-12-14 6:31,71,67,87.19,140,7,0,30.13,null,10,null,OVC,null,null,null,3100,null,null,null,null,null,null,null,null,null,null,71,KMFE 140631Z AUTO 14007KT 10SM OVC031 22/19 A3013 RMK AO2 T02170194,null
MFE,2024-12-14 6:53,71,68,90.25,140,6,0,30.13,1020.1,10,null,BKN,OVC,null,null,2700,3200,null,null,null,null,null,null,null,null,null,71,KMFE 140653Z AUTO 14006KT 10SM BKN027 OVC032 22/20 A3013 RMK AO2 SLP201 T02170200,null
MFE,2024-12-14 7:12,71,68,90.25,140,4,0,30.12,null,10,null,FEW,OVC,null,null,2400,3200,null,null,null,null,null,null,null,null,null,71,KMFE 140712Z AUTO 14004KT 10SM FEW024 OVC032 22/20 A3012 RMK AO2 T02170200,null
MFE,2024-12-14 7:36,71,68,90.25,130,5,0,30.12,null,10,null,BKN,OVC,null,null,2400,3200,null,null,null,null,null,null,null,null,null,71,KMFE 140736Z AUTO 13005KT 10SM BKN024 OVC032 22/20 A3012 RMK AO2 T02170200,null
MFE,2024-12-14 7:53,71,68,90.25,120,5,0,30.12,1019.8,10,null,OVC,null,null,null,2400,null,null,null,null,null,null,null,null,null,null,71,KMFE 140753Z AUTO 12005KT 10SM OVC024 22/20 A3012 RMK AO2 SLP198 T02170200,null
MFE,2024-12-14 8:28,71,68,90.25,130,5,0,30.11,null,10,null,SCT,OVC,null,null,2200,3000,null,null,null,null,null,null,null,null,null,71,KMFE 140828Z AUTO 13005KT 10SM SCT022 OVC030 22/20 A3011 RMK AO2 T02170200,null
MFE,2024-12-14 8:35,71,68,90.25,130,5,0,30.12,null,10,null,BKN,OVC,null,null,2500,3000,null,null,null,null,null,null,null,null,null,71,KMFE 140835Z AUTO 13005KT 10SM BKN025 OVC030 22/20 A3012 RMK AO2 T02170200,null
MFE,2024-12-14 8:53,70,69,96.64,120,4,0,30.12,1019.6,10,null,OVC,null,null,null,2300,null,null,null,null,null,null,null,null,null,null,70,KMFE 140853Z AUTO 12004KT 10SM OVC023 21/21 A3012 RMK AO2 SLP196 T02110206 58006,null
MFE,2024-12-14 9:09,70,69,96.64,120,5,0,30.12,null,10,null,FEW,SCT,OVC,null,500,2300,3200,null,null,null,null,null,null,null,null,70,KMFE 140909Z AUTO 12005KT 10SM FEW005 SCT023 OVC032 21/21 A3012 RMK AO2 T02110206,null
MFE,2024-12-14 9:16,70,69,96.64,120,6,0,30.12,null,10,null,FEW,BKN,OVC,null,500,2500,3200,null,null,null,null,null,null,null,null,70,KMFE 140916Z AUTO 12006KT 10SM FEW005 BKN025 OVC032 21/21 A3012 RMK AO2 T02110206,null
MFE,2024-12-14 9:49,69.8,69.8,100,130,4,0,30.12,null,10,null,BKN,BKN,OVC,null,500,2100,3200,null,null,null,null,null,null,null,null,69.8,KMFE 140949Z AUTO 13004KT 10SM BKN005 BKN021 OVC032 21/21 A3012 RMK AO2,null
MFE,2024-12-14 9:53,70,69,96.64,120,5,0,30.12,1019.7,10,null,BKN,BKN,OVC,null,500,2100,3200,null,null,null,null,null,null,null,null,70,KMFE 140953Z AUTO 12005KT 10SM BKN005 BKN021 OVC032 21/21 A3012 RMK AO2 SLP197 T02110206,null
MFE,2024-12-14 10:18,70,69,96.64,130,4,T,30.12,null,2,null,BKN,BKN,OVC,null,500,900,1700,null,#NAME?,null,null,null,null,null,null,70,KMFE 141018Z AUTO 13004KT 2SM -RA BR BKN005 BKN009 OVC017 21/21 A3012 RMK AO2 RAB13 P0000 T02110206,null
MFE,2024-12-14 10:34,70,69,96.64,110,5,T,30.12,null,3,null,BKN,BKN,OVC,null,400,1000,2000,null,BR,null,null,null,null,null,null,70,KMFE 141034Z AUTO 11005KT 3SM BR BKN004 BKN010 OVC020 21/21 A3012 RMK AO2 RAB13E25 P0000 T02110206,null
MFE,2024-12-14 10:53,70,69,96.64,110,6,T,30.12,1019.7,7,null,SCT,BKN,OVC,null,400,2000,2700,null,null,null,null,null,null,null,null,70,KMFE 141053Z AUTO 11006KT 7SM SCT004 BKN020 OVC027 21/21 A3012 RMK AO2 RAB13E25 SLP197 P0000 T02110206,null
MFE,2024-12-14 11:53,70,69,96.64,130,7,0,30.12,1019.7,8,null,OVC,null,null,null,2400,null,null,null,null,null,null,null,null,null,null,70,KMFE 141153Z 13007KT 8SM OVC024 21/21 A3012 RMK AO2 SLP197 60000 T02110206 10222 20211 51000,null
MFE,2024-12-14 12:21,70,69,96.64,130,4,0,30.14,null,8,null,FEW,BKN,OVC,null,600,2400,3100,null,null,null,null,null,null,null,null,70,KMFE 141221Z 13004KT 8SM FEW006 BKN024 OVC031 21/21 A3014 RMK AO2 T02110206,null
MFE,2024-12-14 12:41,70,69,96.64,100,4,0,30.14,null,3,null,BKN,BKN,OVC,null,700,1000,2300,null,BR,null,null,null,null,null,null,70,KMFE 141241Z 10004KT 3SM BR BKN007 BKN010 OVC023 21/21 A3014 RMK AO2 CIG 004V009 T02110206,null
MFE,2024-12-14 12:48,69.8,69.8,100,110,6,0,30.14,null,3,null,FEW,SCT,OVC,null,500,1000,2300,null,BR,null,null,null,null,null,null,69.8,KMFE 141248Z 11006KT 3SM BR FEW005 SCT010 OVC023 21/21 A3014 RMK AO2,null
MFE,2024-12-14 12:53,70,69,96.64,100,6,0,30.14,1020.5,4,null,FEW,SCT,OVC,null,500,1000,2100,null,BR,null,null,null,null,null,null,70,KMFE 141253Z 10006KT 4SM BR FEW005 SCT010 OVC021 21/21 A3014 RMK AO2 SLP205 T02110206,null
MFE,2024-12-14 12:57,70,69,96.64,100,7,0,30.14,null,6,null,BKN,BKN,OVC,null,500,1000,2100,null,BR,null,null,null,null,null,null,70,KMFE 141257Z 10007KT 6SM BR BKN005 BKN010 OVC021 21/21 A3014 RMK AO2 T02110206,null
MFE,2024-12-14 13:53,70,69,96.64,120,7,0,30.15,1020.8,7,null,SCT,OVC,null,null,500,3200,null,null,null,null,null,null,null,null,null,70,KMFE 141353Z 12007KT 7SM SCT005 OVC032 21/21 A3015 RMK AO2 SLP208 T02110206,null
MFE,2024-12-14 14:53,71,70,96.65,130,8,0,30.17,1021.5,10,null,SCT,OVC,null,null,700,3200,null,null,null,null,null,null,null,null,null,71,KMFE 141453Z 13008KT 10SM SCT007 OVC032 22/21 A3017 RMK AO2 SLP215 T02170211 51018,null
MFE,2024-12-14 15:53,73,70,90.32,110,9,0,30.19,1022,10,null,FEW,OVC,null,null,700,3200,null,null,null,null,null,null,null,null,null,73,KMFE 141553Z 11009KT 10SM FEW007 OVC032 23/21 A3019 RMK AO2 SLP220 T02280211,null
MFE,2024-12-14 16:19,74,70,87.34,120,9,0,30.19,null,10,null,BKN,OVC,null,null,800,3300,null,null,null,null,null,null,null,null,null,74,KMFE 141619Z 12009KT 10SM BKN008 OVC033 23/21 A3019 RMK AO2 T02330211,null
MFE,2024-12-14 16:53,76,70,81.69,130,10,0,30.18,1021.8,10,null,BKN,OVC,null,null,1000,3300,null,null,null,null,null,null,null,null,null,76,KMFE 141653Z 13010KT 10SM BKN010 OVC033 24/21 A3018 RMK AO2 SLP218 T02440211,null
MFE,2024-12-14 17:53,77,70,79.02,140,10,0,30.16,1021.1,10,null,BKN,OVC,null,null,1000,3500,null,null,null,null,null,null,null,null,null,77,KMFE 141753Z 14010KT 10SM BKN010 OVC035 25/21 A3016 RMK AO2 SLP211 T02500211 10256 20211 58003,null
MFE,2024-12-14 18:00,77,70,79.02,150,9,0,30.16,null,7,null,SCT,BKN,OVC,null,1500,2100,4600,null,null,null,null,null,null,null,null,77,KMFE 141800Z 15009KT 7SM SCT015 BKN021 OVC046 25/21 A3016 RMK AO2 T02500211,null
MFE,2024-12-14 18:15,77,71,81.76,120,10,0,30.15,null,10,null,BKN,BKN,OVC,null,1300,2100,3200,null,null,null,null,null,null,null,null,77,KMFE 141815Z 12010KT 10SM BKN013 BKN021 OVC032 25/22 A3015 RMK AO2 T02500217,null
MFE,2024-12-14 18:53,77,72,84.58,140,9,T,30.13,1020,5,null,SCT,BKN,OVC,null,1300,1800,3100,null,#NAME?,null,null,null,null,null,null,77,KMFE 141853Z 14009KT 5SM -RA SCT013 BKN018 OVC031 25/22 A3013 RMK AO2 RAB51 SLP200 P0000 T02500222,null
MFE,2024-12-14 19:53,80,71,74.06,140,11,T,30.09,1018.7,10,null,SCT,BKN,OVC,null,2000,2700,4600,null,null,null,null,null,null,null,null,83.46,KMFE 141953Z 14011KT 10SM SCT020 BKN027 OVC046 27/22 A3009 RMK AO2 RAE00 SLP187 P0000 T02670217,null
MFE,2024-12-14 19:57,80,71,74.06,130,11,0,30.09,null,10,null,BKN,BKN,OVC,null,1900,2700,4600,null,null,null,null,null,null,null,null,83.46,KMFE 141957Z 13011KT 10SM BKN019 BKN027 OVC046 27/22 A3009 RMK AO2 T02670217,null
MFE,2024-12-14 20:53,77,73,87.48,130,12,T,30.08,1018.4,7,23,BKN,BKN,OVC,null,1900,2700,4600,null,#NAME?,null,null,null,null,null,null,77,KMFE 142053Z 13012G23KT 7SM -RA BKN019 BKN027 OVC046 25/23 A3008 RMK AO2 RAB44 SLP184 P0000 60000 T02500228 56027,null
MFE,2024-12-14 21:05,77,73,87.48,140,13,T,30.08,null,10,null,SCT,OVC,null,null,1700,5500,null,null,null,null,null,null,null,null,null,77,KMFE 142105Z 14013KT 10SM SCT017 OVC055 25/23 A3008 RMK AO2 RAE2057 P0000 T02500228,null
MFE,2024-12-14 21:53,78,72,81.82,110,11,T,30.07,1018.1,10,null,FEW,BKN,OVC,null,2400,4500,5500,null,null,null,null,null,null,null,null,78,KMFE 142153Z 11011KT 10SM FEW024 BKN045 OVC055 26/22 A3007 RMK AO2 RAE2057 SLP181 P0000 T02560222,null
MFE,2024-12-14 22:53,77,71,81.76,120,11,0,30.08,1018.5,10,null,OVC,null,null,null,5000,null,null,null,null,null,null,null,null,null,null,77,KMFE 142253Z 12011KT 10SM OVC050 25/22 A3008 RMK AO2 SLP185 T02500217,null
MFE,2024-12-14 23:53,76,71,84.52,120,10,0,30.1,1018.9,10,null,OVC,null,null,null,5500,null,null,null,null,null,null,null,null,null,null,76,KMFE 142353Z 12010KT 10SM OVC055 24/22 A3010 RMK AO2 SLP189 60000 T02440217 10267 20244 53005,null
MFE,2024-12-15 0:53,75,71,87.38,110,9,0,30.12,1019.8,10,null,FEW,null,null,null,5000,null,null,null,null,null,null,null,null,null,null,75,KMFE 150053Z 11009KT 10SM FEW050 24/22 A3012 RMK AO2 SLP198 T02390217,null
MFE,2024-12-15 1:53,73,71,93.45,120,10,0,30.14,1020.3,10,null,CLR,null,null,null,null,null,null,null,null,null,null,null,null,null,null,73,KMFE 150153Z 12010KT 10SM CLR 23/22 A3014 RMK AO2 SLP203 T02280217,null
MFE,2024-12-15 2:53,72,70,93.43,120,8,0,30.15,1020.7,9,null,CLR,null,null,null,null,null,null,null,null,null,null,null,null,null,null,72,KMFE 150253Z 12008KT 9SM CLR 22/21 A3015 RMK AO2 SLP207 T02220211 51017,null
MFE,2024-12-15 3:53,71,70,96.65,130,5,0,30.15,1020.9,7,null,CLR,null,null,null,null,null,null,null,null,null,null,null,null,null,null,71,KMFE 150353Z 13005KT 7SM CLR 22/21 A3015 RMK AO2 SLP209 T02170211,null
MFE,2024-12-15 4:53,69,69,100,130,6,0,30.16,1021.1,4,null,CLR,null,null,null,null,null,null,null,BR,null,null,null,null,null,null,69,KMFE 150453Z 13006KT 4SM BR CLR 21/21 A3016 RMK AO2 SLP211 T02060206,null
MFE,2024-12-15 5:22,68,68,100,130,5,0,30.16,null,2.5,null,BKN,null,null,null,2600,null,null,null,BR,null,null,null,null,null,null,68,KMFE 150522Z 13005KT 2 1/2SM BR BKN026 20/20 A3016 RMK AO2 T02000200,null
MFE,2024-12-15 5:29,69,69,100,140,5,0,30.16,null,4,null,BKN,null,null,null,2500,null,null,null,BR,null,null,null,null,null,null,69,KMFE 150529Z 14005KT 4SM BR BKN025 21/21 A3016 RMK AO2 T02060206,null
MFE,2024-12-15 5:51,68,68,100,140,5,0,30.15,null,0.75,null,OVC,null,null,null,2300,null,null,null,BR,null,null,null,null,null,null,68,KMFE 150551Z 14005KT 3/4SM BR OVC023 20/20 A3015 RMK AO2,null
MFE,2024-12-15 5:53,68,68,100,150,4,0,30.15,1020.8,0.75,null,OVC,null,null,null,2300,null,null,null,BR,null,null,null,null,null,null,68,KMFE 150553Z 15004KT 3/4SM BR OVC023 20/20 A3015 RMK AO2 SLP208 T02000200 10244 20200 402670200 50001,null
MFE,2024-12-15 6:05,69,69,100,160,3,0,30.15,null,1.5,null,OVC,null,null,null,2100,null,null,null,BR,null,null,null,null,null,null,69,KMFE 150605Z AUTO 16003KT 1 1/2SM BR OVC021 21/21 A3015 RMK AO2 T02060206,null
MFE,2024-12-15 6:19,68,68,100,150,3,0,30.14,null,1.5,null,FEW,OVC,null,null,300,1900,null,null,BR,null,null,null,null,null,null,68,KMFE 150619Z AUTO 15003KT 1 1/2SM BR FEW003 OVC019 20/20 A3014 RMK AO2 T02000200,null
MFE,2024-12-15 6:30,68,68,100,130,4,0,30.14,null,0.5,null,SCT,OVC,null,null,300,1700,null,null,FG,null,null,null,null,null,null,68,KMFE 150630Z AUTO 13004KT 1/2SM FG SCT003 OVC017 20/20 A3014 RMK AO2 T02000200,null
MFE,2024-12-15 6:37,68,67,96.61,120,4,0,30.14,null,0.5,null,SCT,OVC,null,null,300,1000,null,null,FG,null,null,null,null,null,null,68,KMFE 150637Z AUTO 12004KT 1/2SM FG SCT003 OVC010 20/19 A3014 RMK AO2 T02000194,null
MFE,2024-12-15 6:44,68,68,100,120,6,0,30.14,null,0.75,null,SCT,OVC,null,null,200,800,null,null,BR,null,null,null,null,null,null,68,KMFE 150644Z AUTO 12006KT 3/4SM BR SCT002 OVC008 20/20 A3014 RMK AO2 T02000200,null
MFE,2024-12-15 6:48,68,68,100,110,6,0,30.14,null,1.5,null,BKN,OVC,null,null,200,800,null,null,BR,null,null,null,null,null,null,68,KMFE 150648Z AUTO 11006KT 1 1/2SM BR BKN002 OVC008 20/20 A3014 RMK AO2,null
MFE,2024-12-15 6:53,68,68,100,130,5,0,30.13,1020.2,2,null,OVC,null,null,null,200,null,null,null,BR,null,null,null,null,null,null,68,KMFE 150653Z AUTO 13005KT 2SM BR OVC002 20/20 A3013 RMK AO2 SLP202 T02000200,null
MFE,2024-12-15 7:05,68,68,100,130,5,0,30.14,null,1.5,null,BKN,OVC,null,null,200,800,null,null,BR,null,null,null,null,null,null,68,KMFE 150705Z AUTO 13005KT 1 1/2SM BR BKN002 OVC008 20/20 A3014 RMK AO2 T02000200,null
MFE,2024-12-15 7:19,69,68,96.62,120,6,0,30.13,null,1,null,SCT,OVC,null,null,200,1000,null,null,BR,null,null,null,null,null,null,69,KMFE 150719Z AUTO 12006KT 1SM BR SCT002 OVC010 21/20 A3013 RMK AO2 T02060200,null
MFE,2024-12-15 7:26,69,68,96.62,120,7,0,30.13,null,0.75,null,FEW,OVC,null,null,200,1000,null,null,BR,null,null,null,null,null,null,69,KMFE 150726Z AUTO 12007KT 3/4SM BR FEW002 OVC010 21/20 A3013 RMK AO2 T02060200,null
MFE,2024-12-15 7:41,69,69,100,130,6,0,30.13,null,0.25,null,FEW,OVC,null,null,200,600,null,null,FG,null,null,null,null,null,null,69,KMFE 150741Z AUTO 13006KT 1/4SM FG FEW002 OVC006 21/21 A3013 RMK AO2 T02060206,null
MFE,2024-12-15 7:53,69,69,100,130,6,0,30.13,1020,0.5,null,VV ,null,null,null,300,null,null,null,FG,null,null,null,null,null,null,69,KMFE 150753Z AUTO 13006KT 1/2SM FG VV003 21/21 A3013 RMK AO2 SLP200 T02060206,null
MFE,2024-12-15 8:13,69,69,100,130,6,0,30.12,null,0.25,null,VV ,null,null,null,200,null,null,null,FG,null,null,null,null,null,null,69,KMFE 150813Z AUTO 13006KT 1/4SM FG VV002 21/21 A3012 RMK AO2 T02060206,null
MFE,2024-12-15 8:48,69.8,69.8,100,130,5,0,30.12,null,0.75,null,OVC,null,null,null,300,null,null,null,BR,null,null,null,null,null,null,69.8,KMFE 150848Z AUTO 13005KT 3/4SM BR OVC003 21/21 A3012 RMK AO2,null
MFE,2024-12-15 8:53,70,70,100,130,6,0,30.12,1019.6,1,null,OVC,null,null,null,300,null,null,null,BR,null,null,null,null,null,null,70,KMFE 150853Z AUTO 13006KT 1SM BR OVC003 21/21 A3012 RMK AO2 SLP196 T02110211 57004,null
MFE,2024-12-15 9:08,70,70,100,130,6,0,30.11,null,0.5,null,VV ,null,null,null,200,null,null,null,FG,null,null,null,null,null,null,70,KMFE 150908Z AUTO 13006KT 1/2SM FG VV002 21/21 A3011 RMK AO2 T02110211,null
MFE,2024-12-15 9:25,70,70,100,140,7,0,30.11,null,0.25,null,VV ,null,null,null,200,null,null,null,FG,null,null,null,null,null,null,70,KMFE 150925Z AUTO 14007KT 1/4SM FG VV002 21/21 A3011 RMK AO2 T02110211,null
MFE,2024-12-15 9:53,70,70,100,120,6,0,30.11,1019.4,0.25,null,VV ,null,null,null,200,null,null,null,FG,null,null,null,null,null,null,70,KMFE 150953Z AUTO 12006KT 1/4SM FG VV002 21/21 A3011 RMK AO2 SLP194 T02110211,null
MFE,2024-12-15 10:04,70,70,100,130,6,0,30.11,null,0.5,null,VV ,null,null,null,200,null,null,null,FG,null,null,null,null,null,null,70,KMFE 151004Z AUTO 13006KT 1/2SM FG VV002 21/21 A3011 RMK AO2 T02110211,null
MFE,2024-12-15 10:26,70,70,100,130,6,0,30.11,null,0.25,null,VV ,null,null,null,200,null,null,null,FG,null,null,null,null,null,null,70,KMFE 151026Z AUTO 13006KT 1/4SM FG VV002 21/21 A3011 RMK AO2 T02110211,null
MFE,2024-12-15 10:53,71,71,100,140,5,0,30.11,1019.5,1,null,OVC,null,null,null,200,null,null,null,BR,null,null,null,null,null,null,71,KMFE 151053Z AUTO 14005KT 1SM BR OVC002 22/22 A3011 RMK AO2 SLP195 T02170217,null
MFE,2024-12-15 11:01,71,71,100,160,7,0,30.11,null,3,null,OVC,null,null,null,200,null,null,null,BR,null,null,null,null,null,null,71,KMFE 151101Z AUTO 16007KT 3SM BR OVC002 22/22 A3011 RMK AO2 T02170217,null
MFE,2024-12-15 11:19,71,71,100,160,6,0,30.11,null,7,null,SCT,BKN,OVC,null,300,3900,6000,null,null,null,null,null,null,null,null,71,KMFE 151119Z AUTO 16006KT 7SM SCT003 BKN039 OVC060 22/22 A3011 RMK AO2 T02170217,null
MFE,2024-12-15 11:50,71.6,71.6,100,160,4,0,30.11,null,8,null,BKN,OVC,null,null,500,6500,null,null,null,null,null,null,null,null,null,71.6,KMFE 151150Z AUTO 16004KT 8SM BKN005 OVC065 22/22 A3011 RMK AO2,null
MFE,2024-12-15 11:53,71,71,100,160,4,0,30.11,1019.6,8,null,BKN,OVC,null,null,500,6500,null,null,null,null,null,null,null,null,null,71,KMFE 151153Z AUTO 16004KT 8SM BKN005 OVC065 22/22 A3011 RMK AO2 SLP196 T02170217 10217 20200 53001,null
MFE,2024-12-15 11:58,71,71,100,160,4,0,30.11,null,8,null,BKN,OVC,null,null,500,6500,null,null,null,null,null,null,null,null,null,71,KMFE 151158Z 16004KT 8SM BKN005 OVC065 22/22 A3011 RMK AO2 T02170217,null
MFE,2024-12-15 12:53,71,71,100,130,5,0,30.12,1019.8,7,null,OVC,null,null,null,500,null,null,null,null,null,null,null,null,null,null,71,KMFE 151253Z 13005KT 7SM OVC005 22/22 A3012 RMK AO2 SLP198 T02170217,null
MFE,2024-12-15 13:53,71,71,100,120,6,0,30.13,1020.2,5,null,OVC,null,null,null,400,null,null,null,BR,null,null,null,null,null,null,71,KMFE 151353Z 12006KT 5SM BR OVC004 22/22 A3013 RMK AO2 SLP202 T02170217,null
MFE,2024-12-15 14:51,73.4,71.6,94.1,130,8,0,30.14,null,6,null,BKN,OVC,null,null,500,5500,null,null,BR,null,null,null,null,null,null,73.4,KMFE 151451Z 13008KT 6SM BR BKN005 OVC055 23/22 A3014 RMK AO2,null
MFE,2024-12-15 14:53,73,71,93.45,130,6,0,30.15,1020.6,6,null,BKN,BKN,OVC,null,500,1000,5500,null,BR,null,null,null,null,null,null,73,KMFE 151453Z 13006KT 6SM BR BKN005 BKN010 OVC055 23/22 A3015 RMK AO2 SLP206 T02280217 51008,null
MFE,2024-12-15 15:53,75,71,87.38,130,9,0,30.16,1021.2,9,null,BKN,BKN,OVC,null,500,1000,5500,null,null,null,null,null,null,null,null,75,KMFE 151553Z 13009KT 9SM BKN005 BKN010 OVC055 24/22 A3016 RMK AO2 SLP212 T02390217,null
MFE,2024-12-15 16:53,78,71,79.09,130,12,0,30.15,1020.8,10,null,OVC,null,null,null,900,null,null,null,null,null,null,null,null,null,null,78,KMFE 151653Z 13012KT 10SM OVC009 26/22 A3015 RMK AO2 SLP208 T02560217,null
MFE,2024-12-15 17:00,78,71,79.09,140,13,0,30.15,null,10,null,OVC,null,null,null,6000,null,null,null,null,null,null,null,null,null,null,78,KMFE 151700Z 14013KT 10SM OVC060 26/22 A3015 RMK AO2 T02560217,null
MFE,2024-12-15 17:08,79,71,76.53,150,11,0,30.15,null,10,null,BKN,BKN,OVC,null,900,2000,6000,null,null,null,null,null,null,null,null,79,KMFE 151708Z 15011KT 10SM BKN009 BKN020 OVC060 26/22 A3015 RMK AO2 T02610217,null
MFE,2024-12-15 17:17,80,71,74.06,130,13,0,30.14,null,10,null,BKN,BKN,OVC,null,1100,3000,6000,null,null,null,null,null,null,null,null,83.46,KMFE 151717Z 13013KT 10SM BKN011 BKN030 OVC060 27/22 A3014 RMK AO2 T02670217,null
MFE,2024-12-15 17:53,80,72,76.62,110,12,T,30.12,1019.8,10,null,FEW,SCT,BKN,null,1500,2000,5500,null,null,null,null,null,null,null,null,83.78,KMFE 151753Z 11012KT 10SM FEW015 SCT020 BKN055 27/22 A3012 RMK AO2 RAB44E53 SLP198 P0000 60000 T02670222 10272 20217 58008,null
MFE,2024-12-15 18:53,83,70,64.92,120,14,0,30.07,1018.2,10,null,SCT,BKN,null,null,2500,4800,null,null,null,null,null,null,null,null,null,87.08,KMFE 151853Z 12014KT 10SM SCT025 BKN048 28/21 A3007 RMK AO2 SLP182 T02830211,null
MFE,2024-12-15 19:53,83,69,62.74,120,17,0,30.04,1017.1,10,23,SCT,SCT,null,null,3200,4200,null,null,null,null,null,null,null,null,null,86.55,KMFE 151953Z 12017G23KT 10SM SCT032 SCT042 28/21 A3004 RMK AO2 SLP171 T02830206,null
MFE,2024-12-15 20:53,83,68,60.62,140,16,0,30.02,1016.4,10,24,SCT,null,null,null,6000,null,null,null,null,null,null,null,null,null,null,86.06,KMFE 152053Z 14016G24KT 10SM SCT060 28/20 A3002 RMK AO2 SLP164 T02830200 56034,null
MFE,2024-12-15 21:53,83,69,62.74,120,18,0,30.01,1015.9,10,24,BKN,null,null,null,4200,null,null,null,null,null,null,null,26,120,2024-12-15 20:54,86.55,KMFE 152153Z 12018G24KT 10SM BKN042 28/21 A3001 RMK AO2 PK WND 12026/2054 SLP159 T02830206,null
MFE,2024-12-15 22:53,81,68,64.69,130,17,0,30.01,1016.1,10,26,CLR,null,null,null,null,null,null,null,null,null,null,null,28,130,2024-12-15 22:06,83.76,KMFE 152253Z 13017G26KT 10SM CLR 27/20 A3001 RMK AO2 PK WND 13028/2206 SLP161 T02720200,null
MFE,2024-12-15 23:53,78,68,71.38,130,14,0,30.02,1016.3,10,23,CLR,null,null,null,null,null,null,null,null,null,null,null,28,130,2024-12-15 23:07,78,KMFE 152353Z 13014G23KT 10SM CLR 26/20 A3002 RMK AO2 PK WND 13028/2307 SLP163 T02560200 10294 20256 55002,null
MFE,2024-12-16 0:53,75,69,81.62,130,9,0,30.03,1016.8,10,null,CLR,null,null,null,null,null,null,null,null,null,null,null,null,null,null,75,KMFE 160053Z 13009KT 10SM CLR 24/21 A3003 RMK AO2 SLP168 T02390206,null
MFE,2024-12-16 1:53,75,71,87.38,130,12,0,30.05,1017.3,10,null,BKN,null,null,null,1200,null,null,null,null,null,null,null,null,null,null,75,KMFE 160153Z 13012KT 10SM BKN012 24/22 A3005 RMK AO2 SLP173 T02390217,null
MFE,2024-12-16 2:53,74,70,87.34,130,12,0,30.05,1017.3,10,null,OVC,null,null,null,1100,null,null,null,null,null,null,null,null,null,null,74,KMFE 160253Z 13012KT 10SM OVC011 23/21 A3005 RMK AO2 SLP173 T02330211 51010,null
MFE,2024-12-16 3:30,73,70,90.32,140,9,0,30.05,null,10,null,SCT,null,null,null,1100,null,null,null,null,null,null,null,null,null,null,73,KMFE 160330Z 14009KT 10SM SCT011 23/21 A3005 RMK AO2 T02280211,null
MFE,2024-12-16 3:53,73,70,90.32,140,12,0,30.05,1017.3,10,null,CLR,null,null,null,null,null,null,null,null,null,null,null,null,null,null,73,KMFE 160353Z 14012KT 10SM CLR 23/21 A3005 RMK AO2 SLP173 T02280211,null
MFE,2024-12-16 4:53,72,70,93.43,140,9,0,30.05,1017.5,10,null,FEW,null,null,null,1500,null,null,null,null,null,null,null,null,null,null,72,KMFE 160453Z 14009KT 10SM FEW015 22/21 A3005 RMK AO2 SLP175 T02220211,null
MFE,2024-12-16 5:53,72,69,90.28,140,8,0,30.04,1017.1,10,null,CLR,null,null,null,null,null,null,null,null,null,null,null,null,null,null,72,KMFE 160553Z 14008KT 10SM CLR 22/21 A3004 RMK AO2 SLP171 T02220206 10239 20222 402940200 58002,null
MFE,2024-12-16 6:53,70,69,96.64,130,7,0,30.02,1016.5,10,null,CLR,null,null,null,null,null,null,null,null,null,null,null,null,null,null,70,KMFE 160653Z AUTO 13007KT 10SM CLR 21/21 A3002 RMK AO2 SLP165 T02110206,null
MFE,2024-12-16 7:53,69,68,96.62,130,6,0,30.01,1016.2,9,null,CLR,null,null,null,null,null,null,null,null,null,null,null,null,null,null,69,KMFE 160753Z AUTO 13006KT 9SM CLR 21/20 A3001 RMK AO2 SLP162 T02060200,null
MFE,2024-12-16 8:12,70,69,96.64,140,6,0,30.01,null,8,null,BKN,null,null,null,1800,null,null,null,null,null,null,null,null,null,null,70,KMFE 160812Z AUTO 14006KT 8SM BKN018 21/21 A3001 RMK AO2 T02110206,null
MFE,2024-12-16 8:53,71,70,96.65,130,8,0,30,1015.7,8,null,BKN,OVC,null,null,800,1300,null,null,null,null,null,null,null,null,null,71,KMFE 160853Z AUTO 13008KT 8SM BKN008 OVC013 22/21 A3000 RMK AO2 SLP157 T02170211 56014,null
MFE,2024-12-16 9:53,72,71,96.66,130,9,0,30,1015.7,9,null,OVC,null,null,null,900,null,null,null,null,null,null,null,null,null,null,72,KMFE 160953Z AUTO 13009KT 9SM OVC009 22/22 A3000 RMK AO2 CIG 007V013 SLP157 T02220217,null
MFE,2024-12-16 10:44,72,70,93.43,130,9,0,30,null,10,null,OVC,null,null,null,1000,null,null,null,null,null,null,null,null,null,null,72,KMFE 161044Z AUTO 13009KT 10SM OVC010 22/21 A3000 RMK AO2 CIG 008V013 T02220211,null
MFE,2024-12-16 10:53,72,70,93.43,120,9,0,30,1015.6,10,null,OVC,null,null,null,1000,null,null,null,null,null,null,null,null,null,null,72,KMFE 161053Z AUTO 12009KT 10SM OVC010 22/21 A3000 RMK AO2 CIG 008V013 SLP156 T02220211,null
MFE,2024-12-16 11:48,69.8,69.8,100,120,6,0,30.01,null,8,null,SCT,BKN,null,null,1100,1800,null,null,null,null,null,null,null,null,null,69.8,KMFE 161148Z AUTO 12006KT 8SM SCT011 BKN018 21/21 A3001 RMK AO2,null
MFE,2024-12-16 11:53,70,69,96.64,120,6,0,30.01,1016,8,null,FEW,BKN,null,null,1100,1800,null,null,null,null,null,null,null,null,null,70,KMFE 161153Z AUTO 12006KT 8SM FEW011 BKN018 21/21 A3001 RMK AO2 SLP160 T02110206 10228 20206 53004,null
MFE,2024-12-16 11:58,70,69,96.64,120,5,0,30.01,null,8,null,FEW,OVC,null,null,1100,1800,null,null,null,null,null,null,null,null,null,70,KMFE 161158Z 12005KT 8SM FEW011 OVC018 21/21 A3001 RMK AO2 T02110206,null
MFE,2024-12-16 12:53,70,69,96.64,110,4,0,30.03,1016.9,8,null,FEW,OVC,null,null,1100,2600,null,null,null,null,null,null,null,null,null,70,KMFE 161253Z 11004KT 8SM FEW011 OVC026 21/21 A3003 RMK AO2 SLP169 T02110206,null
MFE,2024-12-16 13:16,71,69,93.4,130,4,0,30.04,null,8,null,BKN,BKN,OVC,null,1000,2100,2700,null,null,null,null,null,null,null,null,71,KMFE 161316Z 13004KT 8SM BKN010 BKN021 OVC027 22/21 A3004 RMK AO2 T02170206,null
MFE,2024-12-16 13:33,71,70,96.65,140,3,0,30.05,null,7,null,OVC,null,null,null,800,null,null,null,null,null,null,null,null,null,null,71,KMFE 161333Z 14003KT 7SM OVC008 22/21 A3005 RMK AO2 CIG 006V013 T02170211,null
MFE,2024-12-16 13:53,71,69,93.4,110,6,0,30.05,1017.5,7,null,OVC,null,null,null,900,null,null,null,null,null,null,null,null,null,null,71,KMFE 161353Z 11006KT 7SM OVC009 22/21 A3005 RMK AO2 CIG 006V014 SLP175 T02170206,null
MFE,2024-12-16 14:18,71,70,96.65,110,8,0,30.06,null,7,null,BKN,BKN,OVC,null,1000,2100,2600,null,null,null,null,null,null,null,null,71,KMFE 161418Z 11008KT 7SM BKN010 BKN021 OVC026 22/21 A3006 RMK AO2 T02170211,null
MFE,2024-12-16 14:23,72,70,93.43,110,7,0,30.06,null,8,null,BKN,BKN,OVC,null,900,2100,2600,null,null,null,null,null,null,null,null,72,KMFE 161423Z 11007KT 8SM BKN009 BKN021 OVC026 22/21 A3006 RMK AO2 T02220211,null
MFE,2024-12-16 14:53,73,71,93.45,130,6,0,30.07,1018,8,null,BKN,BKN,OVC,null,900,2100,2600,null,null,null,null,null,null,null,null,73,KMFE 161453Z 13006KT 8SM BKN009 BKN021 OVC026 23/22 A3007 RMK AO2 SLP180 T02280217 51019,null
MFE,2024-12-16 15:05,74,71,90.36,130,9,0,30.07,null,9,null,OVC,null,null,null,900,null,null,null,null,null,null,null,null,null,null,74,KMFE 161505Z 13009KT 9SM OVC009 23/22 A3007 RMK AO2 CIG 007V014 T02330217,null
MFE,2024-12-16 15:16,75,71,87.38,150,9,0,30.08,null,10,null,OVC,null,null,null,1000,null,null,null,null,null,null,null,null,null,null,75,KMFE 161516Z 15009KT 10SM OVC010 24/22 A3008 RMK AO2 T02390217,null
MFE,2024-12-16 15:36,76,71,84.52,140,11,0,30.09,null,10,22,BKN,OVC,null,null,1200,1900,null,null,null,null,null,null,null,null,null,76,KMFE 161536Z 14011G22KT 10SM BKN012 OVC019 24/22 A3009 RMK AO2 T02440217,null
MFE,2024-12-16 15:53,77,71,81.76,160,13,0,30.09,1018.7,10,null,BKN,OVC,null,null,1600,2100,null,null,null,null,null,null,null,null,null,77,KMFE 161553Z 16013KT 10SM BKN016 OVC021 25/22 A3009 RMK AO2 SLP187 T02500217,null
MFE,2024-12-16 16:27,80,70,71.58,150,15,0,30.09,null,10,20,FEW,SCT,null,null,1800,2500,null,null,null,null,null,null,null,null,null,83.15,KMFE 161627Z 15015G20KT 10SM FEW018 SCT025 27/21 A3009 RMK AO2 T02670211,null
MFE,2024-12-16 16:53,81,70,69.28,150,14,0,30.09,1018.6,10,null,SCT,null,null,null,2200,null,null,null,null,null,null,null,null,null,null,84.5,KMFE 161653Z 15014KT 10SM SCT022 27/21 A3009 RMK AO2 SLP186 T02720211,null
MFE,2024-12-16 17:06,81,70,69.28,150,16,0,30.09,null,10,23,SCT,BKN,BKN,null,2300,2900,3800,null,null,null,null,null,null,null,null,84.5,KMFE 161706Z 15016G23KT 10SM SCT023 BKN029 BKN038 27/21 A3009 RMK AO2 T02720211,null
MFE,2024-12-16 17:16,82,70,67.06,160,16,0,30.08,null,10,22,FEW,SCT,BKN,null,2300,2900,3800,null,null,null,null,null,null,null,null,85.81,KMFE 161716Z 16016G22KT 10SM FEW023 SCT029 BKN038 28/21 A3008 RMK AO2 T02780211,null
MFE,2024-12-16 17:53,83,70,64.92,150,16,0,30.08,1018.3,10,null,FEW,SCT,BKN,null,2700,3100,4100,null,null,null,null,null,null,null,null,87.08,KMFE 161753Z 15016KT 10SM FEW027 SCT031 BKN041 28/21 A3008 RMK AO2 SLP183 T02830211 10283 20206 50003,null
MFE,2024-12-16 18:53,85,68,56.84,160,15,0,30.04,1017.1,10,21,BKN,null,null,null,4300,null,null,null,null,null,null,null,null,null,null,88.3,KMFE 161853Z 16015G21KT 10SM BKN043 29/20 A3004 RMK AO2 SLP171 T02940200,null
MFE,2024-12-16 19:53,86,67,53.18,150,14,0,30.01,1016.2,10,19,BKN,BKN,null,null,4500,5000,null,null,null,null,null,null,null,null,null,88.83,KMFE 161953Z 15014G19KT 10SM BKN045 BKN050 30/19 A3001 RMK AO2 SLP162 T03000194,null
MFE,2024-12-16 20:53,86,67,53.18,140,15,0,30.01,1016,10,null,FEW,SCT,null,null,4700,6000,null,null,null,null,null,null,null,null,null,88.83,KMFE 162053Z 14015KT 10SM FEW047 SCT060 30/19 A3001 RMK AO2 SLP160 T03000194 56023,null
MFE,2024-12-16 21:53,86,68,55.04,140,15,0,30.01,1016,10,null,FEW,SCT,null,null,4500,5500,null,null,null,null,null,null,null,null,null,89.41,KMFE 162153Z 14015KT 10SM FEW045 SCT055 30/20 A3001 RMK AO2 SLP160 T03000200,null
MFE,2024-12-16 22:53,83,68,60.62,150,12,0,30.03,1016.5,10,18,CLR,null,null,null,null,null,null,null,null,null,null,null,null,null,null,86.06,KMFE 162253Z 15012G18KT 10SM CLR 28/20 A3003 RMK AO2 SLP165 T02830200,null
MFE,2024-12-16 23:53,80,68,66.84,140,11,0,30.05,1017.3,10,null,CLR,null,null,null,null,null,null,null,null,null,null,null,null,null,null,82.58,KMFE 162353Z 14011KT 10SM CLR 27/20 A3005 RMK AO2 SLP173 T02670200 10317 20267 53014,null
MFE,2024-12-17 0:53,77,69,76.36,130,9,0,30.08,1018.4,10,17,FEW,null,null,null,2200,null,null,null,null,null,null,null,null,null,null,77,KMFE 170053Z 13009G17KT 10SM FEW022 25/21 A3008 RMK AO2 SLP184 T02500206,null
MFE,2024-12-17 1:53,75,70,84.46,130,10,0,30.1,1018.9,10,null,SCT,null,null,null,2200,null,null,null,null,null,null,null,null,null,null,75,KMFE 170153Z 13010KT 10SM SCT022 24/21 A3010 RMK AO2 SLP189 T02390211,null
MFE,2024-12-17 2:53,74,69,84.4,120,7,0,30.12,1019.6,10,null,BKN,null,null,null,2200,null,null,null,null,null,null,null,null,null,null,74,KMFE 170253Z 12007KT 10SM BKN022 23/21 A3012 RMK AO2 SLP196 T02330206 51023,null
MFE,2024-12-17 3:02,74,69,84.4,120,8,0,30.12,null,10,null,SCT,null,null,null,2200,null,null,null,null,null,null,null,null,null,null,74,KMFE 170302Z 12008KT 10SM SCT022 23/21 A3012 RMK AO2 T02330206,null
MFE,2024-12-17 3:53,72,69,90.28,130,7,0,30.13,1020,10,null,CLR,null,null,null,null,null,null,null,null,null,null,null,null,null,null,72,KMFE 170353Z 13007KT 10SM CLR 22/21 A3013 RMK AO2 SLP200 T02220206,null
MFE,2024-12-17 4:53,71,69,93.4,120,7,0,30.13,1020.2,10,null,CLR,null,null,null,null,null,null,null,null,null,null,null,null,null,null,71,KMFE 170453Z 12007KT 10SM CLR 22/21 A3013 RMK AO2 SLP202 T02170206,null
MFE,2024-12-17 5:53,71,69,93.4,110,5,0,30.13,1020.1,10,null,FEW,BKN,null,null,2300,6000,null,null,null,null,null,null,null,null,null,71,KMFE 170553Z AUTO 11005KT 10SM FEW023 BKN060 22/21 A3013 RMK AO2 SLP201 T02170206 10267 20217 403170206 50005,null
MFE,2024-12-17 6:06,71,69,93.4,110,5,0,30.13,null,10,null,BKN,OVC,null,null,2300,6000,null,null,null,null,null,null,null,null,null,71,KMFE 170606Z AUTO 11005KT 10SM BKN023 OVC060 22/21 A3013 RMK AO2 T02170206,null
MFE,2024-12-17 6:53,71,69,93.4,110,6,0,30.12,1019.9,10,null,BKN,BKN,OVC,null,2300,6000,7000,null,null,null,null,null,null,null,null,71,KMFE 170653Z AUTO 11006KT 10SM BKN023 BKN060 OVC070 22/21 A3012 RMK AO2 SLP199 T02170206,null
MFE,2024-12-17 7:07,71,69,93.4,100,5,0,30.13,null,10,null,SCT,BKN,null,null,2300,6000,null,null,null,null,null,null,null,null,null,71,KMFE 170707Z AUTO 10005KT 10SM SCT023 BKN060 22/21 A3013 RMK AO2 T02170206,null
MFE,2024-12-17 7:53,71,69,93.4,110,5,0,30.12,1019.9,10,null,SCT,null,null,null,6500,null,null,null,null,null,null,null,null,null,null,71,KMFE 170753Z AUTO 11005KT 10SM SCT065 22/21 A3012 RMK AO2 SLP199 T02170206,null
MFE,2024-12-17 8:53,71,69,93.4,110,5,0,30.12,1019.7,10,null,BKN,BKN,null,null,4800,7000,null,null,null,null,null,null,null,null,null,71,KMFE 170853Z AUTO 11005KT 10SM BKN048 BKN070 22/21 A3012 RMK AO2 SLP197 T02170206 57004,null
MFE,2024-12-17 9:31,71,69,93.4,110,7,0,30.12,null,10,null,BKN,OVC,null,null,2500,4900,null,null,null,null,null,null,null,null,null,71,KMFE 170931Z AUTO 11007KT 10SM BKN025 OVC049 22/21 A3012 RMK AO2 T02170206,null
MFE,2024-12-17 9:50,69.8,68,94.01,120,6,0,30.12,null,10,null,SCT,BKN,null,null,2500,5000,null,null,null,null,null,null,null,null,null,69.8,KMFE 170950Z AUTO 12006KT 10SM SCT025 BKN050 21/20 A3012 RMK AO2,null
MFE,2024-12-17 9:53,70,68,93.37,120,5,0,30.12,1019.7,10,null,SCT,BKN,null,null,2500,5000,null,null,null,null,null,null,null,null,null,70,KMFE 170953Z AUTO 12005KT 10SM SCT025 BKN050 21/20 A3012 RMK AO2 SLP197 T02110200,null
MFE,2024-12-17 10:53,70,69,96.64,100,4,0,30.12,1019.6,10,null,CLR,null,null,null,null,null,null,null,null,null,null,null,null,null,null,70,KMFE 171053Z AUTO 10004KT 10SM CLR 21/21 A3012 RMK AO2 SLP196 T02110206,null
MFE,2024-12-17 11:40,70,69,96.64,90,4,0,30.12,null,10,null,BKN,null,null,null,1500,null,null,null,null,null,null,null,null,null,null,70,KMFE 171140Z AUTO 09004KT 10SM BKN015 21/21 A3012 RMK AO2 T02110206,null
MFE,2024-12-17 11:53,70,69,96.64,100,5,0,30.12,1019.7,10,null,BKN,OVC,null,null,1500,5000,null,null,null,null,null,null,null,null,null,70,KMFE 171153Z AUTO 10005KT 10SM BKN015 OVC050 21/21 A3012 RMK AO2 SLP197 T02110206 10217 20206 53000,null
MFE,2024-12-17 11:58,70,69,96.64,90,4,0,30.12,null,10,null,BKN,BKN,null,null,1500,5000,null,null,null,null,null,null,null,null,null,70,KMFE 171158Z 09004KT 10SM BKN015 BKN050 21/21 A3012 RMK AO2 T02110206,null
MFE,2024-12-17 12:35,69,68,96.62,0,0,0,30.13,null,10,null,BKN,OVC,null,null,400,1600,null,null,null,null,null,null,null,null,null,69,KMFE 171235Z 00000KT 10SM BKN004 OVC016 21/20 A3013 RMK AO2 T02060200,null
MFE,2024-12-17 12:53,69,69,100,0,0,0,30.13,1020.2,9,null,BKN,OVC,null,null,400,1600,null,null,null,null,null,null,null,null,null,69,KMFE 171253Z 00000KT 9SM BKN004 OVC016 21/21 A3013 RMK AO2 SLP202 T02060206,null
MFE,2024-12-17 13:04,69,68,96.62,80,3,0,30.14,null,9,null,OVC,null,null,null,400,null,null,null,null,null,null,null,null,null,null,69,KMFE 171304Z 08003KT 9SM OVC004 21/20 A3014 RMK AO2 T02060200,null
MFE,2024-12-17 13:53,70,69,96.64,90,4,0,30.15,1020.8,7,null,OVC,null,null,null,300,null,null,null,null,null,null,null,null,null,null,70,KMFE 171353Z 09004KT 7SM OVC003 21/21 A3015 RMK AO2 SLP208 T02110206,null
MFE,2024-12-17 14:50,71.6,71.6,100,130,5,0,30.17,null,10,null,SCT,BKN,null,null,400,2000,null,null,null,null,null,null,null,null,null,71.6,KMFE 171450Z 13005KT 10SM SCT004 BKN020 22/22 A3017 RMK AO2,null
MFE,2024-12-17 14:53,72,70,93.43,130,4,0,30.17,1021.4,10,null,SCT,SCT,null,null,400,2000,null,null,null,null,null,null,null,null,null,72,KMFE 171453Z 13004KT 10SM SCT004 SCT020 22/21 A3017 RMK AO2 SLP214 T02220211 51012,null
MFE,2024-12-17 15:53,78,71,79.09,140,8,0,30.18,1021.8,10,null,FEW,SCT,null,null,1300,2000,null,null,null,null,null,null,null,null,null,78,KMFE 171553Z 14008KT 10SM FEW013 SCT020 26/22 A3018 RMK AO2 SLP218 T02560217,null
MFE,2024-12-17 16:53,81,71,71.68,110,10,0,30.17,1021.6,10,null,FEW,SCT,BKN,null,1900,2700,7000,null,null,null,null,null,null,null,null,84.91,KMFE 171653Z 11010KT 10SM FEW019 SCT027 BKN070 27/22 A3017 RMK AO2 SLP216 T02720217,null
MFE,2024-12-17 17:53,81,68,64.69,130,10,0,30.15,1020.7,10,null,SCT,SCT,BKN,null,3000,6500,8000,null,null,null,null,null,null,null,null,83.76,KMFE 171753Z 13010KT 10SM SCT030 SCT065 BKN080 27/20 A3015 RMK AO2 SLP207 T02720200 10294 20206 58007,null
MFE,2024-12-17 18:53,84,69,60.74,100,14,0,30.12,1019.7,10,null,FEW,FEW,null,null,3500,6000,null,null,null,null,null,null,null,null,null,87.72,KMFE 171853Z 10014KT 10SM FEW035 FEW060 29/21 A3012 RMK AO2 SLP197 T02890206,null
MFE,2024-12-17 19:53,83,67,58.56,120,14,0,30.09,1018.8,10,20,FEW,BKN,null,null,5000,8000,null,null,null,null,null,null,null,null,null,85.6,KMFE 171953Z 12014G20KT 10SM FEW050 BKN080 28/19 A3009 RMK AO2 SLP188 T02830194,null
MFE,2024-12-17 20:53,83,66,56.57,120,13,0,30.08,1018.3,10,17,FEW,BKN,null,null,3900,7500,null,null,null,null,null,null,null,null,null,85.17,KMFE 172053Z 12013G17KT 10SM FEW039 BKN075 28/19 A3008 RMK AO2 SLP183 T02830189 56024,null
MFE,2024-12-17 21:53,81,65,58.3,130,12,0,30.07,1018.1,10,null,BKN,null,null,null,5500,null,null,null,null,null,null,null,null,null,null,82.82,KMFE 172153Z 13012KT 10SM BKN055 27/18 A3007 RMK AO2 SLP181 T02720183,null
MFE,2024-12-17 22:53,81,64,56.3,140,12,0,30.07,1018,10,null,CLR,null,null,null,null,null,null,null,null,null,null,null,null,null,null,82.54,KMFE 172253Z 14012KT 10SM CLR 27/18 A3007 RMK AO2 SLP180 T02720178,null
MFE,2024-12-17 23:53,78,68,71.38,120,12,0,30.08,1018.5,10,null,BKN,null,null,null,6500,null,null,null,null,null,null,null,null,null,null,78,KMFE 172353Z 12012KT 10SM BKN065 26/20 A3008 RMK AO2 SLP185 T02560200 10300 20256 53002,null
MFE,2024-12-18 0:53,76,66,71.18,120,11,0,30.09,1018.8,10,null,CLR,null,null,null,null,null,null,null,null,null,null,null,null,null,null,76,KMFE 180053Z 12011KT 10SM CLR 24/19 A3009 RMK AO2 SLP188 T02440189,null
MFE,2024-12-18 1:53,73,66,78.7,110,7,0,30.1,1019.2,10,null,CLR,null,null,null,null,null,null,null,null,null,null,null,null,null,null,73,KMFE 180153Z 11007KT 10SM CLR 23/19 A3010 RMK AO2 SLP192 T02280189,null
MFE,2024-12-18 2:53,71,66,84.22,120,6,0,30.13,1019.9,10,null,CLR,null,null,null,null,null,null,null,null,null,null,null,null,null,null,71,KMFE 180253Z 12006KT 10SM CLR 22/19 A3013 RMK AO2 SLP199 T02170189 53014,null
MFE,2024-12-18 3:53,69,65,87.08,130,5,0,30.13,1020,10,null,CLR,null,null,null,null,null,null,null,null,null,null,null,null,null,null,69,KMFE 180353Z 13005KT 10SM CLR 21/18 A3013 RMK AO2 SLP200 T02060183,null
MFE,2024-12-18 4:53,68,66,93.32,130,3,0,30.14,1020.3,10,null,CLR,null,null,null,null,null,null,null,null,null,null,null,null,null,null,68,KMFE 180453Z 13003KT 10SM CLR 20/19 A3014 RMK AO2 SLP203 T02000189,null
MFE,2024-12-18 5:53,67,65,93.29,130,4,0,30.12,1019.8,10,null,CLR,null,null,null,null,null,null,null,null,null,null,null,null,null,null,67,KMFE 180553Z AUTO 13004KT 10SM CLR 19/18 A3012 RMK AO2 SLP198 T01940183 10256 20189 403000189 58001,null
MFE,2024-12-18 6:53,67,66,96.59,120,3,0,30.12,1019.8,10,null,CLR,null,null,null,null,null,null,null,null,null,null,null,null,null,null,67,KMFE 180653Z AUTO 12003KT 10SM CLR 19/19 A3012 RMK AO2 SLP198 T01940189,null
MFE,2024-12-18 7:40,66,65,96.58,130,4,0,30.11,null,10,null,SCT,null,null,null,500,null,null,null,null,null,null,null,null,null,null,66,KMFE 180740Z AUTO 13004KT 10SM SCT005 19/18 A3011 RMK AO2 T01890183,null
MFE,2024-12-18 7:49,64.4,64.4,100,120,4,0,30.11,null,9,null,BKN,null,null,null,500,null,null,null,null,null,null,null,null,null,null,64.4,KMFE 180749Z AUTO 12004KT 9SM BKN005 18/18 A3011 RMK AO2,null
MFE,2024-12-18 7:53,65,64,96.57,120,4,0,30.11,1019.5,9,null,BKN,null,null,null,500,null,null,null,null,null,null,null,null,null,null,65,KMFE 180753Z AUTO 12004KT 9SM BKN005 18/18 A3011 RMK AO2 SLP195 T01830178,null
MFE,2024-12-18 8:17,66,65,96.58,120,4,0,30.11,null,2.5,null,OVC,null,null,null,300,null,null,null,BR,null,null,null,null,null,null,66,KMFE 180817Z AUTO 12004KT 2 1/2SM BR OVC003 19/18 A3011 RMK AO2 T01890183,null
MFE,2024-12-18 8:25,68,67,96.61,120,5,0,30.11,null,1,null,OVC,null,null,null,300,null,null,null,BR,null,null,null,null,null,null,68,KMFE 180825Z AUTO 12005KT 1SM BR OVC003 20/19 A3011 RMK AO2 T02000194,null
MFE,2024-12-18 8:53,68,68,100,110,5,0,30.11,1019.5,0.5,null,VV ,null,null,null,200,null,null,null,FG,null,null,null,null,null,null,68,KMFE 180853Z AUTO 11005KT 1/2SM FG VV002 20/20 A3011 RMK AO2 SLP195 T02000200 55003,null
MFE,2024-12-18 9:14,68,68,100,120,5,0,30.11,null,0.25,null,VV ,null,null,null,200,null,null,null,FG,null,null,null,null,null,null,68,KMFE 180914Z AUTO 12005KT 1/4SM FG VV002 20/20 A3011 RMK AO2 T02000200,null
MFE,2024-12-18 9:25,68,68,100,110,6,0,30.12,null,0.5,null,VV ,null,null,null,200,null,null,null,FG,null,null,null,null,null,null,68,KMFE 180925Z AUTO 11006KT 1/2SM FG VV002 20/20 A3012 RMK AO2 T02000200,null
MFE,2024-12-18 9:36,68,68,100,120,5,0,30.12,null,0.25,null,VV ,null,null,null,200,null,null,null,FG,null,null,null,null,null,null,68,KMFE 180936Z AUTO 12005KT 1/4SM FG VV002 20/20 A3012 RMK AO2 T02000200,null
MFE,2024-12-18 9:53,68,68,100,120,6,0,30.12,1019.7,0.25,null,VV ,null,null,null,200,null,null,null,FG,null,null,null,null,null,null,68,KMFE 180953Z AUTO 12006KT 1/4SM FG VV002 20/20 A3012 RMK AO2 SLP197 T02000200,null
MFE,2024-12-18 10:04,68,68,100,110,5,0,30.12,null,0.5,null,VV ,null,null,null,200,null,null,null,FG,null,null,null,null,null,null,68,KMFE 181004Z AUTO 11005KT 1/2SM FG VV002 20/20 A3012 RMK AO2 T02000200,null
MFE,2024-12-18 10:26,69,69,100,120,5,0,30.12,null,0.25,null,VV ,null,null,null,200,null,null,null,FG,null,null,null,null,null,null,69,KMFE 181026Z AUTO 12005KT 1/4SM FG VV002 21/21 A3012 RMK AO2 T02060206,null
MFE,2024-12-18 10:53,68,68,100,0,0,0,30.12,1019.9,0.25,null,VV ,null,null,null,200,null,null,null,FG,null,null,null,null,null,null,68,KMFE 181053Z AUTO 00000KT 1/4SM FG VV002 20/20 A3012 RMK AO2 SLP199 T02000200,null
MFE,2024-12-18 11:40,67,67,100,120,3,0,30.13,null,0.5,null,VV ,null,null,null,200,null,null,null,FG,null,null,null,null,null,null,67,KMFE 181140Z 12003KT 1/2SM FG VV002 19/19 A3013 RMK AO2 T01940194,null
MFE,2024-12-18 11:53,67,67,100,140,3,0,30.13,1020.2,0.25,null,VV ,null,null,null,200,null,null,null,FG,null,null,null,null,null,null,67,KMFE 181153Z 14003KT 1/4SM FG VV002 19/19 A3013 RMK AO2 SLP202 T01940194 10206 20183 53005,null
MFE,2024-12-18 12:53,67,67,100,0,0,0,30.16,1021.1,0.25,null,VV ,null,null,null,200,null,null,null,FG,null,null,null,null,null,null,67,KMFE 181253Z 00000KT 1/4SM FG VV002 19/19 A3016 RMK AO2 SLP211 T01940194,null
MFE,2024-12-18 13:04,67,67,100,0,0,0,30.17,null,0.5,null,VV ,null,null,null,300,null,null,null,FG,null,null,null,null,null,null,67,KMFE 181304Z 00000KT 1/2SM FG VV003 19/19 A3017 RMK AO2 T01940194,null
MFE,2024-12-18 13:11,67,67,100,0,0,0,30.17,null,0.25,null,VV ,null,null,null,300,null,null,null,FG,null,null,null,null,null,null,67,KMFE 181311Z 00000KT 1/4SM FG VV003 19/19 A3017 RMK AO2 T01940194,null
MFE,2024-12-18 13:53,68,67,96.61,0,0,0,30.18,1021.9,0.25,null,VV ,null,null,null,200,null,null,null,FG,null,null,null,null,null,null,68,KMFE 181353Z 00000KT 1/4SM FG VV002 20/19 A3018 RMK AO2 SLP219 T02000194,null
MFE,2024-12-18 13:58,68,68,100,0,0,0,30.19,null,0.75,null,VV ,null,null,null,200,null,null,null,BR,null,null,null,null,null,null,68,KMFE 181358Z 00000KT 3/4SM BR VV002 20/20 A3019 RMK AO2 T02000200,null
MFE,2024-12-18 14:08,68,68,100,0,0,0,30.19,null,2.5,null,OVC,null,null,null,200,null,null,null,BR,null,null,null,null,null,null,68,KMFE 181408Z 00000KT 2 1/2SM BR OVC002 20/20 A3019 RMK AO2 T02000200,null
MFE,2024-12-18 14:15,69,68,96.62,0,0,0,30.19,null,8,null,BKN,OVC,null,null,200,4200,null,null,null,null,null,null,null,null,null,69,KMFE 181415Z 00000KT 8SM BKN002 OVC042 21/20 A3019 RMK AO2 T02060200,null
MFE,2024-12-18 14:27,70,70,100,0,0,0,30.2,null,10,null,SCT,SCT,BKN,null,200,3300,4200,null,null,null,null,null,null,null,null,70,KMFE 181427Z 00000KT 10SM SCT002 SCT033 BKN042 21/21 A3020 RMK AO2 T02110211,null
MFE,2024-12-18 14:53,71,70,96.65,0,0,T,30.21,1022.8,10,null,SCT,SCT,null,null,400,3500,null,null,null,null,null,null,null,null,null,71,KMFE 181453Z 00000KT 10SM SCT004 SCT035 22/21 A3021 RMK AO2 RAB30E41 SLP228 P0000 60000 T02170211 51025,null
MFE,2024-12-18 15:53,74,70,87.34,0,0,0,30.23,1023.4,10,null,OVC,null,null,null,4200,null,null,null,null,null,null,null,null,null,null,74,KMFE 181553Z 00000KT 10SM OVC042 23/21 A3023 RMK AO2 SLP234 T02330211,null
MFE,2024-12-18 16:53,79,70,73.97,240,4,0,30.22,1023,10,null,FEW,null,null,null,4000,null,null,null,null,null,null,null,null,null,null,79,KMFE 181653Z 24004KT 10SM FEW040 26/21 A3022 RMK AO2 SLP230 T02610211,null
MFE,2024-12-18 17:36,81,69,66.95,170,4,0,30.2,null,10,null,BKN,BKN,BKN,null,2300,2900,4000,null,null,null,null,null,null,null,null,84.12,KMFE 181736Z 17004KT 10SM BKN023 BKN029 BKN040 27/21 A3020 RMK AO2 T02720206,null
MFE,2024-12-18 17:53,81,68,64.69,140,7,0,30.19,1022.2,10,null,SCT,SCT,SCT,null,2400,3000,5000,null,null,null,null,null,null,null,null,83.76,KMFE 181753Z 14007KT 10SM SCT024 SCT030 SCT050 27/20 A3019 RMK AO2 SLP222 60000 T02720200 10283 20194 56012,null
MFE,2024-12-18 18:53,83,67,58.56,null,3,0,30.16,1021,10,null,CLR,null,null,null,null,null,null,null,null,null,null,null,null,null,null,85.6,KMFE 181853Z VRB03KT 10SM CLR 28/19 A3016 RMK AO2 SLP210 T02830194,null
MFE,2024-12-18 19:53,85,65,51.22,null,3,0,30.14,1020.4,10,null,SCT,null,null,null,6000,null,null,null,null,null,null,null,null,null,null,86.77,KMFE 181953Z VRB03KT 10SM SCT060 29/18 A3014 RMK AO2 SLP204 T02940183,null
MFE,2024-12-18 20:11,84,65,52.9,100,3,0,30.14,null,10,null,BKN,null,null,null,6000,null,null,null,null,null,null,null,null,null,null,85.77,KMFE 182011Z 10003KT 10SM BKN060 29/18 A3014 RMK AO2 T02890183,null
MFE,2024-12-18 20:53,83,65,54.63,330,4,0,30.14,1020.4,10,null,BKN,OVC,null,null,5000,6500,null,null,null,null,null,null,null,null,null,84.78,KMFE 182053Z 33004KT 10SM BKN050 OVC065 28/18 A3014 RMK AO2 SLP204 T02830183 55018,null
MFE,2024-12-18 21:53,83,66,56.57,30,6,0,30.15,1020.7,10,null,OVC,null,null,null,8000,null,null,null,null,null,null,null,null,null,null,85.17,KMFE 182153Z 03006KT 10SM OVC080 28/19 A3015 RMK AO2 SLP207 T02830189,null
MFE,2024-12-18 22:53,83,66,56.57,40,5,0,30.16,1021.1,10,null,OVC,null,null,null,8500,null,null,null,null,null,null,null,null,null,null,85.17,KMFE 182253Z 04005KT 10SM OVC085 28/19 A3016 RMK AO2 SLP211 T02830189,null
MFE,2024-12-18 23:11,82,66,58.43,70,6,0,30.16,null,10,null,OVC,null,null,null,9000,null,null,null,null,null,null,null,null,null,null,84.15,KMFE 182311Z 07006KT 10SM OVC090 28/19 A3016 RMK AO2 T02780189,null
MFE,2024-12-18 23:53,81,65,58.3,30,6,0,30.18,1021.7,10,null,SCT,null,null,null,10000,null,null,null,null,null,null,null,null,null,null,82.82,KMFE 182353Z 03006KT 10SM SCT100 27/18 A3018 RMK AO2 SLP217 T02720183 10294 20272 53013,null
MFE,2024-12-19 0:53,78,68,71.38,70,8,0,30.21,1022.6,10,19,FEW,null,null,null,10000,null,null,null,null,null,null,null,null,null,null,78,KMFE 190053Z 07008G19KT 10SM FEW100 26/20 A3021 RMK AO2 SLP226 T02560200,null
MFE,2024-12-19 1:53,76,68,76.27,10,9,0,30.24,1023.8,10,null,FEW,SCT,BKN,null,2100,4200,7000,null,null,null,null,null,null,null,null,76,KMFE 190153Z 01009KT 10SM FEW021 SCT042 BKN070 24/20 A3024 RMK AO2 SLP238 T02440200,null
MFE,2024-12-19 2:53,72,69,90.28,40,10,T,30.26,1024.3,6,null,SCT,OVC,null,null,4800,6000,null,null,RA BR,null,null,null,null,null,null,72,KMFE 190253Z 04010KT 6SM RA BR SCT048 OVC060 22/21 A3026 RMK AO2 RAB11 SLP243 P0000 60000 T02220206 51026,null
MFE,2024-12-19 3:53,72,69,90.28,20,9,0,30.27,1024.7,10,null,OVC,null,null,null,6000,null,null,null,#NAME?,null,null,null,null,null,null,72,KMFE 190353Z 02009KT 10SM -RA OVC060 22/21 A3027 RMK AO2 SLP247 T02220206 PNO $,null
MFE,2024-12-19 4:27,71,68,90.25,30,11,0,30.27,null,10,null,BKN,OVC,null,null,2000,7000,null,null,null,null,null,null,null,null,null,71,KMFE 190427Z 03011KT 10SM BKN020 OVC070 22/20 A3027 RMK AO2 RAE0354 T02170200 PNO $,null
MFE,2024-12-19 4:53,71,67,87.19,20,11,0,30.27,1024.9,10,19,BKN,OVC,null,null,2200,7000,null,null,null,null,null,null,null,null,null,71,KMFE 190453Z 02011G19KT 10SM BKN022 OVC070 22/19 A3027 RMK AO2 RAE0354 SLP249 T02170194 PNO $,null
MFE,2024-12-19 5:53,68,60,75.57,20,14,0,30.28,1025.2,10,20,FEW,OVC,null,null,1300,2000,null,null,null,null,null,null,null,null,null,68,KMFE 190553Z AUTO 02014G20KT 10SM FEW013 OVC020 20/16 A3028 RMK AO2 SLP252 6//// T02000156 10272 20200 402940183 51009 PNO $,null
MFE,2024-12-19 6:53,66,55,67.64,10,13,0,30.28,1025.2,10,21,OVC,null,null,null,2400,null,null,null,null,null,null,null,null,null,null,66,KMFE 190653Z AUTO 01013G21KT 10SM OVC024 19/13 A3028 RMK AO2 SLP252 T01890128 PNO $,null
MFE,2024-12-19 7:20,65,53,65.09,20,10,0,30.28,null,10,null,SCT,OVC,null,null,2400,7500,null,null,null,null,null,null,null,null,null,65,KMFE 190720Z AUTO 02010KT 10SM SCT024 OVC075 18/12 A3028 RMK AO2 T01830117 PNO $,null
MFE,2024-12-19 7:53,64,51,62.62,20,10,0,30.28,1025.2,10,18,OVC,null,null,null,7500,null,null,null,null,null,null,null,null,null,null,64,KMFE 190753Z AUTO 02010G18KT 10SM OVC075 18/11 A3028 RMK AO2 SLP252 T01780106 PNO $,null
MFE,2024-12-19 8:30,63,49,60.2,20,10,0,30.28,null,10,null,BKN,OVC,null,null,2700,7500,null,null,null,null,null,null,null,null,null,63,KMFE 190830Z AUTO 02010KT 10SM BKN027 OVC075 17/09 A3028 RMK AO2 T01720094 PNO $,null
MFE,2024-12-19 8:53,63,49,60.2,360,10,0,30.29,1025.4,10,null,OVC,null,null,null,2800,null,null,null,null,null,null,null,null,null,null,63,KMFE 190853Z AUTO 36010KT 10SM OVC028 17/09 A3029 RMK AO2 SLP254 6//// T01720094 53002 PNO $,null
MFE,2024-12-19 9:20,62,49,62.36,20,10,0,30.3,null,10,null,SCT,OVC,null,null,2800,4900,null,null,null,null,null,null,null,null,null,62,KMFE 190920Z AUTO 02010KT 10SM SCT028 OVC049 17/09 A3030 RMK AO2 T01670094 PNO $,null
MFE,2024-12-19 9:53,61,48,62.23,350,10,0,30.3,1025.9,10,null,OVC,null,null,null,5000,null,null,null,null,null,null,null,null,null,null,61,KMFE 190953Z AUTO 35010KT 10SM OVC050 16/09 A3030 RMK AO2 SLP259 T01610089 PNO $,null
MFE,2024-12-19 10:37,60,46,59.8,360,12,0,30.3,null,10,null,BKN,OVC,null,null,2900,7500,null,null,null,null,null,null,null,null,null,60,KMFE 191037Z AUTO 36012KT 10SM BKN029 OVC075 16/08 A3030 RMK AO2 T01560078 PNO $,null
MFE,2024-12-19 10:53,60,46,59.8,350,11,0,30.3,1025.7,10,null,OVC,null,null,null,2800,null,null,null,null,null,null,null,null,null,null,60,KMFE 191053Z AUTO 35011KT 10SM OVC028 16/08 A3030 RMK AO2 SLP257 T01560078 PNO $,null
MFE,2024-12-19 11:21,59,46,61.98,360,10,0,30.3,null,10,null,BKN,BKN,OVC,null,3000,4900,7500,null,null,null,null,null,null,null,null,59,KMFE 191121Z AUTO 36010KT 10SM BKN030 BKN049 OVC075 15/08 A3030 RMK AO2 T01500078 PNO $,null
MFE,2024-12-19 11:53,59,46,61.98,360,9,0,30.31,1026.2,10,null,OVC,null,null,null,5000,null,null,null,null,null,null,null,null,null,null,59,KMFE 191153Z AUTO 36009KT 10SM OVC050 15/08 A3031 RMK AO2 SLP262 6//// 7//// T01500078 10200 20150 52007 PNO $,null
MFE,2024-12-19 11:58,59,46,61.98,350,10,0,30.31,null,10,null,OVC,null,null,null,5000,null,null,null,null,null,null,null,null,null,null,59,KMFE 191158Z 35010KT 10SM OVC050 15/08 A3031 RMK AO2 T01500078 PNO $,null
MFE,2024-12-19 12:53,59,45,59.67,350,8,0,30.31,1026.3,10,null,SCT,OVC,null,null,3200,7500,null,null,null,null,null,null,null,null,null,59,KMFE 191253Z 35008KT 10SM SCT032 OVC075 15/07 A3031 RMK AO2 SLP263 T01500072 PNO $,null
MFE,2024-12-19 13:53,58,45,61.85,350,8,0,30.34,1027.1,10,null,OVC,null,null,null,7500,null,null,null,null,null,null,null,null,null,null,58,KMFE 191353Z 35008KT 10SM OVC075 14/07 A3034 RMK AO2 SLP271 T01440072 PNO $,null
MFE,2024-12-19 14:53,59,45,59.67,340,9,0,30.35,1027.6,10,null,BKN,OVC,null,null,1600,8000,null,null,null,null,null,null,null,null,null,59,KMFE 191453Z 34009KT 10SM BKN016 OVC080 15/07 A3035 RMK AO2 SLP276 6//// T01500072 53014 PNO $,null
MFE,2024-12-19 15:53,60,46,59.8,320,6,0,30.36,1027.9,10,null,BKN,OVC,null,null,1500,7500,null,null,null,null,null,null,null,null,null,60,KMFE 191553Z 32006KT 10SM BKN015 OVC075 16/08 A3036 RMK AO2 SLP279 T01560078 PNO $,null
MFE,2024-12-19 16:53,63,48,57.99,340,7,0,30.35,1027.5,10,null,BKN,OVC,null,null,1500,3800,null,null,null,null,null,null,null,null,null,63,KMFE 191653Z 34007KT 10SM BKN015 OVC038 17/09 A3035 RMK AO2 SLP275 T01720089 PNO $,null
MFE,2024-12-19 17:53,66,50,56.27,320,6,0,30.32,1026.4,10,null,BKN,OVC,null,null,1500,3800,null,null,null,null,null,null,null,null,null,66,KMFE 191753Z 32006KT 10SM BKN015 OVC038 19/10 A3032 RMK AO2 SLP264 6//// T01890100 10189 20144 58012 PNO $,null
MFE,2024-12-19 18:00,66,51,58.4,340,6,0,30.31,null,10,null,OVC,null,null,null,4000,null,null,null,null,null,null,null,null,null,null,66,KMFE 191800Z 34006KT 10SM OVC040 19/11 A3031 RMK AO2 T01890106 PNO $,null
MFE,2024-12-19 18:53,69,52,54.64,null,5,0,30.28,1025.1,10,null,BKN,null,null,null,3800,null,null,null,null,null,null,null,null,null,null,69,KMFE 191853Z VRB05KT 10SM BKN038 21/11 A3028 RMK AO2 SLP251 T02060111 PNO $,null
MFE,2024-12-19 19:53,72,51,47.54,340,4,0,30.24,1023.9,10,null,FEW,null,null,null,3900,null,null,null,null,null,null,null,null,null,null,72,KMFE 191953Z 34004KT 10SM FEW039 22/11 A3024 RMK AO2 SLP239 T02220106 PNO $,null
MFE,2024-12-19 20:53,74,51,44.44,50,3,0,30.22,1023.1,10,null,CLR,null,null,null,null,null,null,null,null,null,null,null,null,null,null,74,KMFE 192053Z 05003KT 10SM CLR 23/11 A3022 RMK AO2 SLP231 6//// T02330106 56033 PNO $,null
MFE,2024-12-19 21:53,75,51,42.98,10,4,0,30.21,1023,10,null,CLR,null,null,null,null,null,null,null,null,null,null,null,null,null,null,75,KMFE 192153Z 01004KT 10SM CLR 24/11 A3021 RMK AO2 SLP230 T02390106 PNO $,null
MFE,2024-12-19 22:53,73,53,49.48,0,0,0,30.21,1022.9,10,null,CLR,null,null,null,null,null,null,null,null,null,null,null,null,null,null,73,KMFE 192253Z 00000KT 10SM CLR 23/12 A3021 RMK AO2 SLP229 T02280117 PNO $,null
MFE,2024-12-19 23:53,71,54,54.92,100,4,0,30.22,1023,10,null,CLR,null,null,null,null,null,null,null,null,null,null,null,null,null,null,71,KMFE 192353Z 10004KT 10SM CLR 22/12 A3022 RMK AO2 SLP230 6//// T02170122 10244 20183 55001 PNO $,null
MFE,2024-12-20 0:53,69,54,58.8,0,0,0,30.23,1023.6,10,null,FEW,null,null,null,3600,null,null,null,null,null,null,null,null,null,null,69,KMFE 200053Z 00000KT 10SM FEW036 21/12 A3023 RMK AO2 SLP236 T02060122 PNO $,null
MFE,2024-12-20 1:53,67,55,65.33,0,0,0,30.24,1023.8,10,null,CLR,null,null,null,null,null,null,null,null,null,null,null,null,null,null,67,KMFE 200153Z 00000KT 10SM CLR 19/13 A3024 RMK AO2 SLP238 T01940128 PNO $,null
MFE,2024-12-20 2:53,65,58,78.06,110,5,0,30.25,1024.3,10,null,FEW,null,null,null,3200,null,null,null,null,null,null,null,null,null,null,65,KMFE 200253Z 11005KT 10SM FEW032 18/14 A3025 RMK AO2 SLP243 6//// T01830144 51012 PNO $,null
MFE,2024-12-20 3:02,65,58,78.06,110,5,0,30.25,null,10,null,CLR,null,null,null,null,null,null,null,null,null,null,null,null,null,null,65,KMFE 200302Z 11005KT 10SM CLR 18/14 A3025 RMK AO2 T01830144 PNO $,null
MFE,2024-12-20 3:53,63,59,86.77,140,5,0,30.26,1024.5,10,null,CLR,null,null,null,null,null,null,null,null,null,null,null,null,null,null,63,KMFE 200353Z 14005KT 10SM CLR 17/15 A3026 RMK AO2 SLP245 T01720150 PNO $,null
MFE,2024-12-20 4:07,63,59,86.77,150,3,0,30.25,null,10,null,CLR,null,null,null,null,null,null,null,null,null,null,null,null,null,null,63,KMFE 200407Z 15003KT 10SM CLR 17/15 A3025 RMK AO2 T01720150 PNO $,null
MFE,2024-12-20 4:53,62,59,89.89,130,3,0,30.25,1024.2,10,null,CLR,null,null,null,null,null,null,null,null,null,null,null,null,null,null,62,KMFE 200453Z 13003KT 10SM CLR 17/15 A3025 RMK AO2 SLP242 T01670150 PNO $,null
MFE,2024-12-20 5:53,62,60,93.15,120,3,0,30.24,1023.9,10,null,CLR,null,null,null,null,null,null,null,null,null,null,null,null,null,null,62,KMFE 200553Z 12003KT 10SM CLR 17/16 A3024 RMK AO2 SLP239 6//// T01670156 10217 20161 402440144 58003 PNO $,null
MFE,2024-12-20 6:53,61,59,93.12,0,0,0,30.24,1023.7,8,null,CLR,null,null,null,null,null,null,null,null,null,null,null,null,null,null,61,KMFE 200653Z AUTO 00000KT 8SM CLR 16/15 A3024 RMK AO2 SLP237 T01610150 PNO $,null
MFE,2024-12-20 7:53,62,60,93.15,0,0,0,30.24,1023.9,8,null,CLR,null,null,null,null,null,null,null,null,null,null,null,null,null,null,62,KMFE 200753Z AUTO 00000KT 8SM CLR 17/16 A3024 RMK AO2 SLP239 T01670156 PNO $,null
MFE,2024-12-20 8:53,62,61,96.52,30,4,0,30.24,1023.8,6,null,CLR,null,null,null,null,null,null,null,BR,null,null,null,null,null,null,62,KMFE 200853Z AUTO 03004KT 6SM BR CLR 17/16 A3024 RMK AO2 SLP238 6//// T01670161 57000 PNO $,null
MFE,2024-12-20 9:53,62,60,93.15,40,4,0,30.24,1023.9,7,null,OVC,null,null,null,4900,null,null,null,null,null,null,null,null,null,null,62,KMFE 200953Z AUTO 04004KT 7SM OVC049 17/16 A3024 RMK AO2 SLP239 T01670156 PNO $,null
MFE,2024-12-20 10:53,63,61,93.18,30,3,0,30.26,1024.5,8,null,OVC,null,null,null,4500,null,null,null,null,null,null,null,null,null,null,63,KMFE 201053Z AUTO 03003KT 8SM OVC045 17/16 A3026 RMK AO2 SLP245 T01720161 PNO $,null
MFE,2024-12-20 11:53,64,60,86.83,0,0,0,30.27,1024.8,9,null,OVC,null,null,null,4300,null,null,null,null,null,null,null,null,null,null,64,KMFE 201153Z AUTO 00000KT 9SM OVC043 18/16 A3027 RMK AO2 SLP248 6//// 7//// T01780156 10178 20156 53010 PNO $,null
MFE,2024-12-20 11:56,64,61,89.97,0,0,0,30.27,null,9,null,OVC,null,null,null,4300,null,null,null,null,null,null,null,null,null,null,64,KMFE 201156Z 00000KT 9SM OVC043 18/16 A3027 RMK AO2 T01780161 PNO $,null
MFE,2024-12-20 12:53,63,61,93.18,330,3,0,30.28,1025.3,8,null,OVC,null,null,null,5000,null,null,null,null,null,null,null,null,null,null,63,KMFE 201253Z 33003KT 8SM OVC050 17/16 A3028 RMK AO2 SLP253 T01720161 PNO $,null
MFE,2024-12-20 13:37,63,60,89.93,350,7,0,30.3,null,8,null,OVC,null,null,null,5000,null,null,null,null,null,null,null,null,null,null,63,KMFE 201337Z 35007KT 8SM OVC050 17/16 A3030 RMK AO2 T01720156 PNO $,null
MFE,2024-12-20 13:53,63,60,89.93,360,8,0,30.31,1026.3,7,null,OVC,null,null,null,5000,null,null,null,null,null,null,null,null,null,null,63,KMFE 201353Z 36008KT 7SM OVC050 17/16 A3031 RMK AO2 SLP263 T01720156 PNO $,null
MFE,2024-12-20 14:02,63,60,89.93,360,8,0,30.32,null,7,null,FEW,OVC,null,null,4300,5000,null,null,null,null,null,null,null,null,null,63,KMFE 201402Z 36008KT 7SM FEW043 OVC050 17/16 A3032 RMK AO2 T01720156 PNO $,null
MFE,2024-12-20 14:53,64,60,86.83,350,7,0,30.34,1027.1,9,null,OVC,null,null,null,5000,null,null,null,null,null,null,null,null,null,null,64,KMFE 201453Z 35007KT 9SM OVC050 18/16 A3034 RMK AO2 SLP271 6//// T01780156 53023 PNO $,null
MFE,2024-12-20 15:11,64,60,86.83,360,6,0,30.35,null,10,null,FEW,OVC,null,null,4400,5500,null,null,null,null,null,null,null,null,null,64,KMFE 201511Z 36006KT 10SM FEW044 OVC055 18/16 A3035 RMK AO2 T01780156 PNO $,null
MFE,2024-12-20 15:53,65,60,83.84,10,6,0,30.36,1027.9,10,null,OVC,null,null,null,5500,null,null,null,null,null,null,null,null,null,null,65,KMFE 201553Z 01006KT 10SM OVC055 18/16 A3036 RMK AO2 RAB24E33 SLP279 T01830156 PNO,null
MFE,2024-12-20 16:13,67,61,81.05,10,7,0,30.36,null,10,null,OVC,null,null,null,6000,null,null,null,null,null,null,null,null,null,null,67,KMFE 201613Z 01007KT 10SM OVC060 19/16 A3036 RMK AO2 T01940161,null
MFE,2024-12-20 16:53,67,61,81.05,20,5,0,30.36,1027.8,9,null,BKN,OVC,null,null,4400,6000,null,null,null,null,null,null,null,null,null,67,KMFE 201653Z 02005KT 9SM BKN044 OVC060 19/16 A3036 RMK AO2 SLP278 T01940161,null
MFE,2024-12-20 17:53,70,62,75.75,360,5,0,30.34,1027.3,5,null,OVC,null,null,null,3500,null,null,null,HZ,null,null,null,null,null,null,70,KMFE 201753Z 36005KT 5SM HZ OVC035 21/17 A3034 RMK AO2 SLP273 6//// T02110167 10211 20172 50002,null
MFE,2024-12-20 18:53,70,61,73.11,10,6,0,30.32,1026.4,10,null,FEW,OVC,null,null,1900,3500,null,null,null,null,null,null,null,null,null,70,KMFE 201853Z 01006KT 10SM FEW019 OVC035 21/16 A3032 RMK AO2 SLP264 T02110161,null
MFE,2024-12-20 19:53,72,62,70.77,320,5,0,30.29,1025.6,7,null,FEW,BKN,OVC,null,2100,3900,5500,null,null,null,null,null,null,null,null,72,KMFE 201953Z 32005KT 7SM FEW021 BKN039 OVC055 22/17 A3029 RMK AO2 SLP256 T02220167,null
MFE,2024-12-20 20:05,73,62,68.42,20,5,0,30.29,null,10,null,BKN,BKN,OVC,null,2100,3800,5500,null,null,null,null,null,null,null,null,73,KMFE 202005Z 02005KT 10SM BKN021 BKN038 OVC055 23/17 A3029 RMK AO2 T02280167,null
MFE,2024-12-20 20:16,73,62,68.42,30,8,0,30.29,null,10,null,SCT,BKN,OVC,null,2100,3900,6000,null,null,null,null,null,null,null,null,73,KMFE 202016Z 03008KT 10SM SCT021 BKN039 OVC060 23/17 A3029 RMK AO2 T02280167,null
MFE,2024-12-20 20:53,73,62,68.42,30,6,0,30.28,1025.2,10,null,SCT,BKN,OVC,null,2300,4200,7500,null,null,null,null,null,null,null,null,73,KMFE 202053Z 03006KT 10SM SCT023 BKN042 OVC075 23/17 A3028 RMK AO2 SLP252 T02280167 56020,null
MFE,2024-12-20 21:38,73,62,68.42,60,8,0,30.27,null,10,null,BKN,OVC,null,null,2700,5000,null,null,null,null,null,null,null,null,null,73,KMFE 202138Z 06008KT 10SM BKN027 OVC050 23/17 A3027 RMK AO2 T02280167,null
MFE,2024-12-20 21:53,73,61,66.04,60,8,0,30.27,1024.9,10,null,SCT,BKN,OVC,null,2700,3400,5500,null,null,null,null,null,null,null,null,73,KMFE 202153Z 06008KT 10SM SCT027 BKN034 OVC055 23/16 A3027 RMK AO2 SLP249 T02280161,null
MFE,2024-12-20 22:53,73,59,61.5,50,4,0,30.27,1024.8,10,null,BKN,null,null,null,4400,null,null,null,null,null,null,null,null,null,null,73,KMFE 202253Z 05004KT 10SM BKN044 23/15 A3027 RMK AO2 SLP248 T02280150,null
MFE,2024-12-20 23:53,72,55,55.06,70,12,0,30.28,1025.2,10,null,OVC,null,null,null,4600,null,null,null,null,null,null,null,null,null,null,72,KMFE 202353Z 07012KT 10SM OVC046 22/13 A3028 RMK AO2 SLP252 T02220128 10239 20206 55001,null
MFE,2024-12-21 0:53,69,57,65.57,70,9,0,30.3,1025.8,10,null,BKN,null,null,null,4600,null,null,null,null,null,null,null,null,null,null,69,KMFE 210053Z 07009KT 10SM BKN046 21/14 A3030 RMK AO2 SLP258 T02060139,null
MFE,2024-12-21 1:53,67,57,70.24,60,7,0,30.31,1026.3,10,null,CLR,null,null,null,null,null,null,null,null,null,null,null,null,null,null,67,KMFE 210153Z 06007KT 10SM CLR 19/14 A3031 RMK AO2 SLP263 T01940139,null
MFE,2024-12-21 2:53,65,56,72.62,60,6,0,30.32,1026.6,10,null,CLR,null,null,null,null,null,null,null,null,null,null,null,null,null,null,65,KMFE 210253Z 06006KT 10SM CLR 18/13 A3032 RMK AO2 SLP266 T01830133 51014,null
MFE,2024-12-21 3:53,64,55,72.52,70,6,0,30.33,1026.7,10,null,CLR,null,null,null,null,null,null,null,null,null,null,null,null,null,null,64,KMFE 210353Z 07006KT 10SM CLR 18/13 A3033 RMK AO2 SLP267 T01780128,null
MFE,2024-12-21 4:53,63,54,72.42,50,6,0,30.33,1026.8,10,null,CLR,null,null,null,null,null,null,null,null,null,null,null,null,null,null,63,KMFE 210453Z 05006KT 10SM CLR 17/12 A3033 RMK AO2 SLP268 T01720122,null
MFE,2024-12-21 5:53,62,54,75.02,20,4,0,30.32,1026.4,10,null,CLR,null,null,null,null,null,null,null,null,null,null,null,null,null,null,62,KMFE 210553Z AUTO 02004KT 10SM CLR 17/12 A3032 RMK AO2 SLP264 T01670122 10217 20167 402390156 58002,null
MFE,2024-12-21 6:53,57,53,86.45,310,3,0,30.3,1025.8,10,null,CLR,null,null,null,null,null,null,null,null,null,null,null,null,null,null,57,KMFE 210653Z AUTO 31003KT 10SM CLR 14/12 A3030 RMK AO2 SLP258 T01390117,null
MFE,2024-12-21 7:53,57,54,89.68,0,0,0,30.29,1025.5,7,null,CLR,null,null,null,null,null,null,null,null,null,null,null,null,null,null,57,KMFE 210753Z AUTO 00000KT 7SM CLR 14/12 A3029 RMK AO2 SLP255 T01390122,null
MFE,2024-12-21 8:53,56,54,92.98,0,0,0,30.29,1025.3,7,null,CLR,null,null,null,null,null,null,null,null,null,null,null,null,null,null,56,KMFE 210853Z AUTO 00000KT 7SM CLR 13/12 A3029 RMK AO2 SLP253 T01330122 56010,null
MFE,2024-12-21 9:53,55,53,92.95,0,0,0,30.29,1025.5,5,null,CLR,null,null,null,null,null,null,null,BR,null,null,null,null,null,null,55,KMFE 210953Z AUTO 00000KT 5SM BR CLR 13/12 A3029 RMK AO2 SLP255 T01280117,null
MFE,2024-12-21 10:53,55,53,92.95,340,4,0,30.28,1025.4,7,null,CLR,null,null,null,null,null,null,null,null,null,null,null,null,null,null,55,KMFE 211053Z AUTO 34004KT 7SM CLR 13/12 A3028 RMK AO2 SLP254 T01280117,null
MFE,2024-12-21 11:53,57,54,89.68,310,4,0,30.29,1025.6,9,null,OVC,null,null,null,7500,null,null,null,null,null,null,null,null,null,null,57,KMFE 211153Z 31004KT 9SM OVC075 14/12 A3029 RMK AO2 SLP256 7//// T01390122 10161 20122 53003,null
MFE,2024-12-21 12:53,57,52,83.33,360,6,0,30.3,1026.1,10,null,OVC,null,null,null,7500,null,null,null,null,null,null,null,null,null,null,57,KMFE 211253Z 36006KT 10SM OVC075 14/11 A3030 RMK AO2 SLP261 T01390111,null
MFE,2024-12-21 13:53,57,51,80.31,10,8,0,30.32,1026.7,10,null,OVC,null,null,null,8000,null,null,null,null,null,null,null,null,null,null,57,KMFE 211353Z 01008KT 10SM OVC080 14/11 A3032 RMK AO2 SLP267 T01390106,null
MFE,2024-12-21 14:53,60,51,72.12,360,3,0,30.33,1027,10,null,OVC,null,null,null,8500,null,null,null,null,null,null,null,null,null,null,60,KMFE 211453Z 36003KT 10SM OVC085 16/11 A3033 RMK AO2 SLP270 T01560106 53013,null
MFE,2024-12-21 15:53,66,53,62.87,30,7,0,30.33,1027,10,null,OVC,null,null,null,8500,null,null,null,null,null,null,null,null,null,null,66,KMFE 211553Z 03007KT 10SM OVC085 19/12 A3033 RMK AO2 SLP270 T01890117,null
MFE,2024-12-21 16:53,68,54,60.86,10,5,0,30.33,1026.8,10,null,OVC,null,null,null,8000,null,null,null,null,null,null,null,null,null,null,68,KMFE 211653Z 01005KT 10SM OVC080 20/12 A3033 RMK AO2 SLP268 T02000122,null
MFE,2024-12-21 17:53,71,55,56.96,null,4,0,30.3,1026,10,null,OVC,null,null,null,8000,null,null,null,null,null,null,null,null,null,null,71,KMFE 211753Z VRB04KT 10SM OVC080 22/13 A3030 RMK AO2 SLP260 T02170128 10217 20139 58009,null
MFE,2024-12-21 18:53,73,55,53.23,50,5,0,30.27,1024.7,10,null,OVC,null,null,null,8500,null,null,null,null,null,null,null,null,null,null,73,KMFE 211853Z 05005KT 10SM OVC085 23/13 A3027 RMK AO2 SLP247 T02280128,null
MFE,2024-12-21 19:53,74,54,49.63,100,7,0,30.24,1023.7,10,null,OVC,null,null,null,8000,null,null,null,null,null,null,null,null,null,null,74,KMFE 211953Z 10007KT 10SM OVC080 23/12 A3024 RMK AO2 SLP237 T02330122,null
MFE,2024-12-21 20:53,75,52,44.59,80,7,0,30.22,1023.1,10,null,BKN,null,null,null,8000,null,null,null,null,null,null,null,null,null,null,75,KMFE 212053Z 08007KT 10SM BKN080 24/11 A3022 RMK AO2 SLP231 T02390111 56029,null
MFE,2024-12-21 21:53,76,54,46.42,90,6,0,30.21,1022.9,10,null,OVC,null,null,null,8000,null,null,null,null,null,null,null,null,null,null,76,KMFE 212153Z 09006KT 10SM OVC080 24/12 A3021 RMK AO2 SLP229 T02440122,null
MFE,2024-12-21 22:53,74,54,49.63,110,10,0,30.21,1022.8,10,null,CLR,null,null,null,null,null,null,null,null,null,null,null,null,null,null,74,KMFE 212253Z 11010KT 10SM CLR 23/12 A3021 RMK AO2 SLP228 T02330122,null
MFE,2024-12-21 23:53,71,54,54.92,90,9,0,30.22,1023.3,10,null,OVC,null,null,null,6000,null,null,null,null,null,null,null,null,null,null,71,KMFE 212353Z 09009KT 10SM OVC060 22/12 A3022 RMK AO2 SLP233 T02170122 10244 20211 53001,null
MFE,2024-12-22 0:53,69,55,60.99,90,9,0,30.24,1024,10,null,SCT,null,null,null,6500,null,null,null,null,null,null,null,null,null,null,69,KMFE 220053Z 09009KT 10SM SCT065 21/13 A3024 RMK AO2 SLP240 T02060128,null
MFE,2024-12-22 1:53,68,55,63.12,100,7,0,30.25,1024.3,10,null,OVC,null,null,null,7000,null,null,null,null,null,null,null,null,null,null,68,KMFE 220153Z 10007KT 10SM OVC070 20/13 A3025 RMK AO2 SLP243 T02000128,null
MFE,2024-12-22 2:53,68,56,65.45,90,6,0,30.26,1024.7,10,null,OVC,null,null,null,7500,null,null,null,null,null,null,null,null,null,null,68,KMFE 220253Z 09006KT 10SM OVC075 20/13 A3026 RMK AO2 SLP247 T02000133 51015,null
MFE,2024-12-22 3:53,67,56,67.75,90,6,0,30.26,1024.6,10,null,OVC,null,null,null,7500,null,null,null,null,null,null,null,null,null,null,67,KMFE 220353Z 09006KT 10SM OVC075 19/13 A3026 RMK AO2 SLP246 T01940133,null
MFE,2024-12-22 4:53,65,56,72.62,90,4,0,30.26,1024.5,10,null,CLR,null,null,null,null,null,null,null,null,null,null,null,null,null,null,65,KMFE 220453Z 09004KT 10SM CLR 18/13 A3026 RMK AO2 SLP245 T01830133,null
MFE,2024-12-22 5:53,66,57,72.72,80,5,0,30.25,1024.1,10,null,OVC,null,null,null,5500,null,null,null,null,null,null,null,null,null,null,66,KMFE 220553Z 08005KT 10SM OVC055 19/14 A3025 RMK AO2 SLP241 T01890139 10217 20178 402440122 58005,null
MFE,2024-12-22 6:53,66,58,75.39,110,4,0,30.23,1023.5,10,null,OVC,null,null,null,5500,null,null,null,null,null,null,null,null,null,null,66,KMFE 220653Z AUTO 11004KT 10SM OVC055 19/14 A3023 RMK AO2 SLP235 T01890144,null
MFE,2024-12-22 7:53,66,58,75.39,110,6,0,30.22,1023.1,10,null,OVC,null,null,null,5500,null,null,null,null,null,null,null,null,null,null,66,KMFE 220753Z AUTO 11006KT 10SM OVC055 19/14 A3022 RMK AO2 SLP231 T01890144,null
MFE,2024-12-22 8:53,66,58,75.39,90,4,0,30.21,1022.9,10,null,OVC,null,null,null,6000,null,null,null,null,null,null,null,null,null,null,66,KMFE 220853Z AUTO 09004KT 10SM OVC060 19/14 A3021 RMK AO2 SLP229 T01890144 56012,null
MFE,2024-12-22 9:53,66,57,72.72,80,6,0,30.21,1022.8,10,null,BKN,null,null,null,7500,null,null,null,null,null,null,null,null,null,null,66,KMFE 220953Z AUTO 08006KT 10SM BKN075 19/14 A3021 RMK AO2 SLP228 T01890139,null
MFE,2024-12-22 10:53,66,58,75.39,90,7,0,30.21,1022.8,10,null,OVC,null,null,null,7000,null,null,null,null,null,null,null,null,null,null,66,KMFE 221053Z AUTO 09007KT 10SM OVC070 19/14 A3021 RMK AO2 SLP228 T01890144,null
MFE,2024-12-22 11:53,66,58,75.39,80,6,0,30.22,1023,10,null,OVC,null,null,null,7500,null,null,null,null,null,null,null,null,null,null,66,KMFE 221153Z 08006KT 10SM OVC075 19/14 A3022 RMK AO2 SLP230 T01890144 10194 20189 53001,null
MFE,2024-12-22 12:53,66,57,72.72,90,7,0,30.23,1023.4,10,null,BKN,OVC,null,null,5000,7000,null,null,null,null,null,null,null,null,null,66,KMFE 221253Z 09007KT 10SM BKN050 OVC070 19/14 A3023 RMK AO2 SLP234 T01890139,null
MFE,2024-12-22 13:53,67,57,70.24,90,8,0,30.25,1024.1,10,null,OVC,null,null,null,4600,null,null,null,null,null,null,null,null,null,null,67,KMFE 221353Z 09008KT 10SM OVC046 19/14 A3025 RMK AO2 SLP241 T01940139,null
MFE,2024-12-22 14:53,69,58,67.97,100,8,0,30.26,1024.6,10,null,OVC,null,null,null,4300,null,null,null,null,null,null,null,null,null,null,69,KMFE 221453Z 10008KT 10SM OVC043 21/14 A3026 RMK AO2 SLP246 T02060144 53016,null
MFE,2024-12-22 15:53,72,58,61.37,100,10,0,30.27,1024.7,10,null,FEW,BKN,null,null,4900,7000,null,null,null,null,null,null,null,null,null,72,KMFE 221553Z 10010KT 10SM FEW049 BKN070 22/14 A3027 RMK AO2 SLP247 T02220144,null
MFE,2024-12-22 16:53,74,59,59.46,110,14,0,30.26,1024.4,10,null,OVC,null,null,null,7000,null,null,null,null,null,null,null,null,null,null,74,KMFE 221653Z 11014KT 10SM OVC070 23/15 A3026 RMK AO2 SLP244 T02330150,null
MFE,2024-12-22 17:53,75,58,55.48,130,11,0,30.23,1023.5,10,null,BKN,OVC,null,null,3800,5500,null,null,null,null,null,null,null,null,null,75,KMFE 221753Z 13011KT 10SM BKN038 OVC055 24/14 A3023 RMK AO2 SLP235 T02390144 10244 20183 58010,null
MFE,2024-12-22 18:53,75,59,57.5,120,11,0,30.2,1022.4,10,null,OVC,null,null,null,3900,null,null,null,null,null,null,null,null,null,null,75,KMFE 221853Z 12011KT 10SM OVC039 24/15 A3020 RMK AO2 SLP224 T02390150,null
MFE,2024-12-22 19:53,75,59,57.5,130,12,0,30.16,1021.1,10,null,BKN,OVC,null,null,3900,4600,null,null,null,null,null,null,null,null,null,75,KMFE 221953Z 13012KT 10SM BKN039 OVC046 24/15 A3016 RMK AO2 SLP211 T02390150,null
MFE,2024-12-22 20:53,75,59,57.5,130,10,0,30.15,1020.9,10,null,OVC,null,null,null,3800,null,null,null,null,null,null,null,null,null,null,75,KMFE 222053Z 13010KT 10SM OVC038 24/15 A3015 RMK AO2 SLP209 T02390150 56026,null
MFE,2024-12-22 21:53,75,59,57.5,130,11,0,30.14,1020.5,10,null,BKN,OVC,null,null,3900,5500,null,null,null,null,null,null,null,null,null,75,KMFE 222153Z 13011KT 10SM BKN039 OVC055 24/15 A3014 RMK AO2 SLP205 T02390150,null
MFE,2024-12-22 22:53,73,59,61.5,130,10,0,30.15,1020.8,10,null,OVC,null,null,null,4200,null,null,null,null,null,null,null,null,null,null,73,KMFE 222253Z 13010KT 10SM OVC042 23/15 A3015 RMK AO2 SLP208 T02280150,null
MFE,2024-12-22 23:53,73,58,59.33,150,10,0,30.16,1020.9,10,null,OVC,null,null,null,3900,null,null,null,null,null,null,null,null,null,null,73,KMFE 222353Z 15010KT 10SM OVC039 23/14 A3016 RMK AO2 SLP209 T02280144 10244 20228 53000,null
MFE,2024-12-23 0:53,72,58,61.37,140,7,0,30.17,1021.4,10,null,BKN,BKN,OVC,null,3800,6000,7500,null,null,null,null,null,null,null,null,72,KMFE 230053Z 14007KT 10SM BKN038 BKN060 OVC075 22/14 A3017 RMK AO2 SLP214 T02220144,null
MFE,2024-12-23 1:53,71,59,65.81,130,6,0,30.18,1021.8,10,null,OVC,null,null,null,4100,null,null,null,null,null,null,null,null,null,null,71,KMFE 230153Z 13006KT 10SM OVC041 22/15 A3018 RMK AO2 SLP218 T02170150,null
MFE,2024-12-23 2:53,70,59,68.09,110,7,0,30.19,1022,10,null,OVC,null,null,null,4500,null,null,null,null,null,null,null,null,null,null,70,KMFE 230253Z 11007KT 10SM OVC045 21/15 A3019 RMK AO2 SLP220 T02110150 51010,null
MFE,2024-12-23 3:53,67,59,75.48,120,6,0,30.18,1021.9,10,null,SCT,BKN,null,null,4600,7500,null,null,null,null,null,null,null,null,null,67,KMFE 230353Z 12006KT 10SM SCT046 BKN075 19/15 A3018 RMK AO2 SLP219 T01940150,null
MFE,2024-12-23 4:53,68,59,72.92,140,5,0,30.18,1021.6,10,null,OVC,null,null,null,4800,null,null,null,null,null,null,null,null,null,null,68,KMFE 230453Z 14005KT 10SM OVC048 20/15 A3018 RMK AO2 SLP216 T02000150,null
MFE,2024-12-23 5:53,66,59,78.14,130,6,0,30.16,1021.1,8,null,SCT,null,null,null,6000,null,null,null,null,null,null,null,null,null,null,66,KMFE 230553Z AUTO 13006KT 8SM SCT060 19/15 A3016 RMK AO2 SLP211 T01890150 10228 20189 402440183 58008,null
MFE,2024-12-23 6:53,67,60,78.22,130,6,0,30.14,1020.5,10,null,FEW,BKN,null,null,3800,7000,null,null,null,null,null,null,null,null,null,67,KMFE 230653Z AUTO 13006KT 10SM FEW038 BKN070 19/16 A3014 RMK AO2 SLP205 T01940156,null
MFE,2024-12-23 7:53,67,60,78.22,140,6,0,30.13,1020.1,10,null,BKN,null,null,null,7500,null,null,null,null,null,null,null,null,null,null,67,KMFE 230753Z AUTO 14006KT 10SM BKN075 19/16 A3013 RMK AO2 SLP201 T01940156,null
MFE,2024-12-23 8:53,65,60,83.84,120,3,0,30.12,1019.6,7,null,FEW,SCT,null,null,3200,7000,null,null,null,null,null,null,null,null,null,65,KMFE 230853Z AUTO 12003KT 7SM FEW032 SCT070 18/16 A3012 RMK AO2 SLP196 T01830156 56016,null
MFE,2024-12-23 9:53,66,61,83.91,120,3,0,30.11,1019.5,10,null,BKN,null,null,null,7000,null,null,null,null,null,null,null,null,null,null,66,KMFE 230953Z AUTO 12003KT 10SM BKN070 19/16 A3011 RMK AO2 SLP195 T01890161,null
MFE,2024-12-23 10:53,64,60,86.83,130,6,0,30.1,1019.1,10,null,SCT,null,null,null,6000,null,null,null,null,null,null,null,null,null,null,64,KMFE 231053Z AUTO 13006KT 10SM SCT060 18/16 A3010 RMK AO2 SLP191 T01780156,null
MFE,2024-12-23 11:53,64,61,89.97,130,6,0,30.1,1019.1,10,null,CLR,null,null,null,null,null,null,null,null,null,null,null,null,null,null,64,KMFE 231153Z 13006KT 10SM CLR 18/16 A3010 RMK AO2 SLP191 T01780161 10200 20172 56005,null
MFE,2024-12-23 12:53,63,61,93.18,120,6,0,30.1,1019.2,10,null,CLR,null,null,null,null,null,null,null,null,null,null,null,null,null,null,63,KMFE 231253Z 12006KT 10SM CLR 17/16 A3010 RMK AO2 SLP192 T01720161,null
MFE,2024-12-23 13:53,64,62,93.21,150,5,0,30.12,1019.7,10,null,FEW,null,null,null,3500,null,null,null,null,null,null,null,null,null,null,64,KMFE 231353Z 15005KT 10SM FEW035 18/17 A3012 RMK AO2 SLP197 T01780167,null
MFE,2024-12-23 14:53,71,65,81.34,140,11,0,30.12,1019.9,10,null,CLR,null,null,null,null,null,null,null,null,null,null,null,null,null,null,71,KMFE 231453Z 14011KT 10SM CLR 22/18 A3012 RMK AO2 SLP199 T02170183 53008,null
MFE,2024-12-23 15:53,76,65,68.74,160,15,0,30.14,1020.3,10,23,CLR,null,null,null,null,null,null,null,null,null,null,null,null,null,null,76,KMFE 231553Z 16015G23KT 10SM CLR 24/18 A3014 RMK AO2 SLP203 T02440183,null
MFE,2024-12-23 16:42,79,64,60.11,140,17,0,30.13,null,10,25,BKN,null,null,null,2900,null,null,null,null,null,null,null,null,null,null,79,KMFE 231642Z 14017G25KT 10SM BKN029 26/18 A3013 RMK AO2 T02610178,null
MFE,2024-12-23 16:53,78,64,62.12,160,14,0,30.12,1019.8,10,25,BKN,null,null,null,3200,null,null,null,null,null,null,null,null,null,null,78,KMFE 231653Z 16014G25KT 10SM BKN032 26/18 A3012 RMK AO2 SLP198 T02560178,null
MFE,2024-12-23 17:53,80,63,56.16,150,14,0,30.09,1018.8,10,23,BKN,OVC,null,null,4100,4700,null,null,null,null,null,null,null,null,null,81.41,KMFE 231753Z 15014G23KT 10SM BKN041 OVC047 27/17 A3009 RMK AO2 SLP188 T02670172 10272 20167 58010,null
MFE,2024-12-23 18:53,82,63,52.62,170,12,0,30.06,1017.8,10,null,BKN,null,null,null,4700,null,null,null,null,null,null,null,null,null,null,83.17,KMFE 231853Z 17012KT 10SM BKN047 28/17 A3006 RMK AO2 SLP178 T02780172,null
MFE,2024-12-23 19:53,83,63,50.94,150,17,0,30.03,1016.6,10,24,SCT,BKN,null,null,4700,6000,null,null,null,null,null,null,null,null,null,84.07,KMFE 231953Z 15017G24KT 10SM SCT047 BKN060 28/17 A3003 RMK AO2 SLP166 T02830172,null
MFE,2024-12-23 20:53,85,64,49.47,140,18,0,30.02,1016.2,10,25,SCT,BKN,null,null,4600,5500,null,null,null,null,null,null,null,null,null,86.33,KMFE 232053Z 14018G25KT 10SM SCT046 BKN055 29/18 A3002 RMK AO2 SLP162 T02940178 56026,null
MFE,2024-12-23 21:53,83,64,52.76,140,16,0,30.01,1016.2,10,21,SCT,null,null,null,5500,null,null,null,null,null,null,null,null,null,null,84.41,KMFE 232153Z 14016G21KT 10SM SCT055 28/18 A3001 RMK AO2 SLP162 T02830178,null
MFE,2024-12-23 22:53,80,64,58.17,130,14,0,30.03,1016.6,10,24,CLR,null,null,null,null,null,null,null,null,null,null,null,null,null,null,81.62,KMFE 232253Z 13014G24KT 10SM CLR 27/18 A3003 RMK AO2 SLP166 T02670178,null
MFE,2024-12-23 23:53,77,63,62,140,12,0,30.04,1017.1,10,22,CLR,null,null,null,null,null,null,null,null,null,null,null,null,null,null,77,KMFE 232353Z 14012G22KT 10SM CLR 25/17 A3004 RMK AO2 SLP171 T02500172 10294 20250 53009,null
MFE,2024-12-24 0:53,75,63,66.27,140,11,0,30.07,1018,10,null,CLR,null,null,null,null,null,null,null,null,null,null,null,null,null,null,75,KMFE 240053Z 14011KT 10SM CLR 24/17 A3007 RMK AO2 SLP180 T02390172,null
MFE,2024-12-24 1:53,73,63,70.87,140,10,0,30.08,1018.4,10,null,CLR,null,null,null,null,null,null,null,null,null,null,null,null,null,null,73,KMFE 240153Z 14010KT 10SM CLR 23/17 A3008 RMK AO2 SLP184 T02280172,null
MFE,2024-12-24 2:53,70,63,78.46,140,8,0,30.1,1019,10,null,CLR,null,null,null,null,null,null,null,null,null,null,null,null,null,null,70,KMFE 240253Z 14008KT 10SM CLR 21/17 A3010 RMK AO2 SLP190 T02110172 51019,null
MFE,2024-12-24 3:53,71,64,78.54,150,7,0,30.11,1019.3,10,null,BKN,null,null,null,5000,null,null,null,null,null,null,null,null,null,null,71,KMFE 240353Z 15007KT 10SM BKN050 22/18 A3011 RMK AO2 SLP193 T02170178,null
MFE,2024-12-24 4:53,71,65,81.34,140,10,0,30.1,1019.1,10,null,CLR,null,null,null,null,null,null,null,null,null,null,null,null,null,null,71,KMFE 240453Z 14010KT 10SM CLR 22/18 A3010 RMK AO2 SLP191 T02170183,null
MFE,2024-12-24 5:53,70,65,84.16,150,10,0,30.09,1018.8,10,null,CLR,null,null,null,null,null,null,null,null,null,null,null,null,null,null,70,KMFE 240553Z AUTO 15010KT 10SM CLR 21/18 A3009 RMK AO2 SLP188 T02110183 10250 20206 402940167 58002,null
MFE,2024-12-24 6:53,69,65,87.08,160,8,0,30.08,1018.5,10,null,CLR,null,null,null,null,null,null,null,null,null,null,null,null,null,null,69,KMFE 240653Z AUTO 16008KT 10SM CLR 21/18 A3008 RMK AO2 SLP185 T02060183 $,null
MFE,2024-12-24 7:53,68,65,90.13,150,7,0,30.07,1018,10,null,CLR,null,null,null,null,null,null,null,null,null,null,null,null,null,null,68,KMFE 240753Z AUTO 15007KT 10SM CLR 20/18 A3007 RMK AO2 SLP180 T02000183 $,null
MFE,2024-12-24 8:53,68,65,90.13,150,9,0,30.06,1017.6,10,null,CLR,null,null,null,null,null,null,null,null,null,null,null,null,null,null,68,KMFE 240853Z AUTO 15009KT 10SM CLR 20/18 A3006 RMK AO2 SLP176 T02000183 58012 $,null
MFE,2024-12-24 9:53,68,65,90.13,150,9,0,30.06,1017.6,10,null,CLR,null,null,null,null,null,null,null,null,null,null,null,null,null,null,68,KMFE 240953Z AUTO 15009KT 10SM CLR 20/18 A3006 RMK AO2 SLP176 T02000183 $,null
MFE,2024-12-24 10:53,66,65,96.58,150,8,0,30.05,1017.5,10,null,CLR,null,null,null,null,null,null,null,null,null,null,null,null,null,null,66,KMFE 241053Z AUTO 15008KT 10SM CLR 19/18 A3005 RMK AO2 SLP175 T01890183 $,null
MFE,2024-12-24 11:53,66,64,93.26,150,8,0,30.06,1017.6,10,null,CLR,null,null,null,null,null,null,null,null,null,null,null,null,null,null,66,KMFE 241153Z 15008KT 10SM CLR 19/18 A3006 RMK AO2 SLP176 T01890178 10211 20189 53000 $,null
MFE,2024-12-24 12:53,66,65,96.58,150,9,0,30.06,1017.6,10,null,CLR,null,null,null,null,null,null,null,null,null,null,null,null,null,null,66,KMFE 241253Z 15009KT 10SM CLR 19/18 A3006 RMK AO2 SLP176 T01890183 $,null
MFE,2024-12-24 13:53,66,65,96.58,140,8,0,30.06,1017.7,8,null,CLR,null,null,null,null,null,null,null,null,null,null,null,null,null,null,66,KMFE 241353Z 14008KT 8SM CLR 19/18 A3006 RMK AO2 SLP177 T01890183 $,null
MFE,2024-12-24 14:53,70,67,90.21,150,13,0,30.07,1018.1,10,null,CLR,null,null,null,null,null,null,null,null,null,null,null,null,null,null,70,KMFE 241453Z 15013KT 10SM CLR 21/19 A3007 RMK AO2 SLP181 T02110194 53005 $,null
MFE,2024-12-24 15:53,76,66,71.18,160,12,0,30.07,1018,10,22,CLR,null,null,null,null,null,null,null,null,null,null,null,null,null,null,76,KMFE 241553Z 16012G22KT 10SM CLR 24/19 A3007 RMK AO2 SLP180 T02440189 $,null
MFE,2024-12-24 16:53,81,65,58.3,160,16,0,30.06,1017.6,10,null,CLR,null,null,null,null,null,null,null,null,null,null,null,null,null,null,82.82,KMFE 241653Z 16016KT 10SM CLR 27/18 A3006 RMK AO2 SLP176 T02720183 $,null
MFE,2024-12-24 17:53,84,62,47.61,150,17,0,30.02,1016.4,10,26,CLR,null,null,null,null,null,null,null,null,null,null,null,27,180,2024-12-24 17:00,84.64,KMFE 241753Z 15017G26KT 10SM CLR 29/17 A3002 RMK AO2 PK WND 18027/1700 SLP164 T02890167 10289 20183 58017 $,null
MFE,2024-12-24 18:53,86,59,40.14,170,14,0,29.98,1015,10,26,CLR,null,null,null,null,null,null,null,null,null,null,null,26,160,2024-12-24 18:51,85.47,KMFE 241853Z 17014G26KT 10SM CLR 30/15 A2998 RMK AO2 PK WND 16026/1851 SLP150 T03000150 $,null
MFE,2024-12-24 19:53,88,60,39.03,150,18,0,29.94,1013.5,10,24,CLR,null,null,null,null,null,null,null,null,null,null,null,26,170,2024-12-24 19:06,87.65,KMFE 241953Z 15018G24KT 10SM CLR 31/16 A2994 RMK AO2 PK WND 17026/1906 SLP135 T03110156 $,null
MFE,2024-12-24 20:53,89,61,39.18,150,11,0,29.92,1012.9,10,23,CLR,null,null,null,null,null,null,null,null,null,null,null,28,150,2024-12-24 19:56,89.01,KMFE 242053Z 15011G23KT 10SM CLR 32/16 A2992 RMK AO2 PK WND 15028/1956 SLP129 T03170161 56035 $,null
MFE,2024-12-24 21:53,87,63,44.8,140,16,0,29.91,1012.7,10,24,CLR,null,null,null,null,null,null,null,null,null,null,null,null,null,null,87.86,KMFE 242153Z 14016G24KT 10SM CLR 31/17 A2991 RMK AO2 SLP127 T03060172 $,null
MFE,2024-12-24 22:53,83,62,49.17,130,18,0,29.92,1013,10,24,CLR,null,null,null,null,null,null,null,null,null,null,null,26,130,2024-12-24 22:23,83.75,KMFE 242253Z 13018G24KT 10SM CLR 28/17 A2992 RMK AO2 PK WND 13026/2223 SLP130 T02830167 $,null
MFE,2024-12-24 23:53,79,63,58.04,140,14,0,29.93,1013.3,10,null,CLR,null,null,null,null,null,null,null,null,null,null,null,null,null,null,79,KMFE 242353Z 14014KT 10SM CLR 26/17 A2993 RMK AO2 SLP133 T02610172 10317 20261 53004 $,null
MFE,2024-12-25 0:53,76,64,66.38,140,13,0,29.95,1014,10,null,CLR,null,null,null,null,null,null,null,null,null,null,null,null,null,null,76,KMFE 250053Z 14013KT 10SM CLR 24/18 A2995 RMK AO2 SLP140 T02440178 $,null
MFE,2024-12-25 1:53,75,66,73.59,140,10,0,29.96,1014.5,10,null,CLR,null,null,null,null,null,null,null,null,null,null,null,null,null,null,75,KMFE 250153Z 14010KT 10SM CLR 24/19 A2996 RMK AO2 SLP145 T02390189 $,null
MFE,2024-12-25 2:53,73,67,81.48,140,8,0,29.97,1014.8,10,null,CLR,null,null,null,null,null,null,null,null,null,null,null,null,null,null,73,KMFE 250253Z 14008KT 10SM CLR 23/19 A2997 RMK AO2 SLP148 T02280194 51015 $,null
MFE,2024-12-25 3:53,73,68,84.34,150,10,0,29.97,1014.7,10,null,CLR,null,null,null,null,null,null,null,null,null,null,null,null,null,null,73,KMFE 250353Z 15010KT 10SM CLR 23/20 A2997 RMK AO2 SLP147 T02280200 $,null
MFE,2024-12-25 4:53,73,68,84.34,160,8,0,29.98,1015.1,10,null,CLR,null,null,null,null,null,null,null,null,null,null,null,null,null,null,73,KMFE 250453Z AUTO 16008KT 10SM CLR 23/20 A2998 RMK AO2 SLP151 T02280200 $,null
MFE,2024-12-25 5:05,73,69,87.29,170,10,0,29.98,null,10,null,FEW,null,null,null,1700,null,null,null,null,null,null,null,null,null,null,73,KMFE 250505Z 17010KT 10SM FEW017 23/21 A2998 RMK AO2 T02280206 $,null
MFE,2024-12-25 5:53,73,69,87.29,170,7,0,29.98,1015,10,null,FEW,null,null,null,2000,null,null,null,null,null,null,null,null,null,null,73,KMFE 250553Z AUTO 17007KT 10SM FEW020 23/21 A2998 RMK AO2 SLP150 T02280206 10261 20222 403170183 50002 $,null
MFE,2024-12-25 6:53,72,69,90.28,170,8,0,29.98,1014.9,10,null,FEW,null,null,null,2500,null,null,null,null,null,null,null,null,null,null,72,KMFE 250653Z AUTO 17008KT 10SM FEW025 22/21 A2998 RMK AO2 SLP149 T02220206 $,null
MFE,2024-12-25 7:53,73,68,84.34,170,10,0,29.96,1014.3,10,null,CLR,null,null,null,null,null,null,null,null,null,null,null,null,null,null,73,KMFE 250753Z AUTO 17010KT 10SM CLR 23/20 A2996 RMK AO2 SLP143 T02280200 $,null
MFE,2024-12-25 8:53,72,68,87.24,170,7,0,29.94,1013.7,10,null,CLR,null,null,null,null,null,null,null,null,null,null,null,null,null,null,72,KMFE 250853Z AUTO 17007KT 10SM CLR 22/20 A2994 RMK AO2 SLP137 T02220200 58013 $,null
MFE,2024-12-25 9:53,71,68,90.25,170,7,0,29.94,1013.6,10,null,CLR,null,null,null,null,null,null,null,null,null,null,null,null,null,null,71,KMFE 250953Z AUTO 17007KT 10SM CLR 22/20 A2994 RMK AO2 SLP136 T02170200 $,null
MFE,2024-12-25 10:25,71,68,90.25,240,3,0,29.95,null,10,null,BKN,null,null,null,1100,null,null,null,null,null,null,null,null,null,null,71,KMFE 251025Z AUTO 24003KT 10SM BKN011 22/20 A2995 RMK AO2 T02170200 $,null
MFE,2024-12-25 10:53,70,67,90.21,0,0,0,29.95,1014,10,null,BKN,null,null,null,1300,null,null,null,null,null,null,null,null,null,null,70,KMFE 251053Z AUTO 00000KT 10SM BKN013 21/19 A2995 RMK AO2 SLP140 T02110194 $,null
MFE,2024-12-25 11:06,70,67,90.21,250,5,0,29.95,null,10,null,BKN,null,null,null,1500,null,null,null,null,null,null,null,null,null,null,70,KMFE 251106Z AUTO 25005KT 10SM BKN015 21/19 A2995 RMK AO2 T02110194 $,null
MFE,2024-12-25 11:29,70,67,90.21,250,3,0,29.96,null,10,null,SCT,null,null,null,1700,null,null,null,null,null,null,null,null,null,null,70,KMFE 251129Z AUTO 25003KT 10SM SCT017 21/19 A2996 RMK AO2 T02110194 $,null
MFE,2024-12-25 11:36,70,67,90.21,280,4,0,29.96,null,10,null,BKN,null,null,null,2000,null,null,null,null,null,null,null,null,null,null,70,KMFE 251136Z AUTO 28004KT 10SM BKN020 21/19 A2996 RMK AO2 T02110194 $,null
MFE,2024-12-25 11:53,70,67,90.21,270,4,0,29.96,1014.4,10,null,OVC,null,null,null,1800,null,null,null,null,null,null,null,null,null,null,70,KMFE 251153Z 27004KT 10SM OVC018 21/19 A2996 RMK AO2 SLP144 T02110194 10228 20211 53007 $,null
MFE,2024-12-25 12:53,69,64,84.09,280,9,0,29.96,1014.4,10,null,OVC,null,null,null,1800,null,null,null,null,null,null,null,null,null,null,69,KMFE 251253Z 28009KT 10SM OVC018 21/18 A2996 RMK AO2 SLP144 T02060178 $,null
MFE,2024-12-25 13:09,69,64,84.09,280,6,0,29.96,null,10,null,SCT,BKN,null,null,1700,5000,null,null,null,null,null,null,null,null,null,69,KMFE 251309Z 28006KT 10SM SCT017 BKN050 21/18 A2996 RMK AO2 T02060178 $,null
MFE,2024-12-25 13:53,67,61,81.05,280,4,0,29.98,1015.1,10,null,SCT,null,null,null,5000,null,null,null,null,null,null,null,null,null,null,67,KMFE 251353Z 28004KT 10SM SCT050 19/16 A2998 RMK AO2 SLP151 T01940161 $,null
MFE,2024-12-25 14:53,68,61,78.3,0,0,0,30.01,1016,10,null,BKN,null,null,null,4500,null,null,null,null,null,null,null,null,null,null,68,KMFE 251453Z 00000KT 10SM BKN045 20/16 A3001 RMK AO2 SLP160 T02000161 53016 $,null
MFE,2024-12-25 15:53,72,61,68.31,310,7,0,30.02,1016.2,10,null,SCT,null,null,null,4800,null,null,null,null,null,null,null,null,null,null,72,KMFE 251553Z 31007KT 10SM SCT048 22/16 A3002 RMK AO2 SLP162 T02220161 $,null
MFE,2024-12-25 16:53,76,62,61.87,290,6,0,30.01,1015.9,10,null,CLR,null,null,null,null,null,null,null,null,null,null,null,null,null,null,76,KMFE 251653Z 29006KT 10SM CLR 24/17 A3001 RMK AO2 SLP159 T02440167 $,null
MFE,2024-12-25 17:53,78,63,59.98,null,null,0,29.98,1015,10,null,CLR,null,null,null,null,null,null,null,null,null,null,null,null,null,null,78,KMFE 251753Z 10SM CLR 26/17 A2998 RMK AO2 SLP150 T02560172 10261 20194 58010 $,null
MFE,2024-12-25 17:55,78,63,59.98,240,3,0,29.98,null,10,null,CLR,null,null,null,null,null,null,null,null,null,null,null,null,null,null,78,KMFE 251755Z 24003KT 10SM CLR 26/17 A2998 RMK AO2 T02560172 $,null
MFE,2024-12-25 18:53,79,63,58.04,null,3,0,29.93,1013.2,10,null,CLR,null,null,null,null,null,null,null,null,null,null,null,null,null,null,79,KMFE 251853Z VRB03KT 10SM CLR 26/17 A2993 RMK AO2 SLP132 T02610172 $,null
MFE,2024-12-25 19:53,82,62,50.8,270,6,0,29.89,1011.9,10,null,BKN,null,null,null,4700,null,null,null,null,null,null,null,null,null,null,82.89,KMFE 251953Z 27006KT 10SM BKN047 28/17 A2989 RMK AO2 SLP119 T02780167 $,null
MFE,2024-12-25 20:53,82,62,50.8,0,0,0,29.86,1011.1,10,null,FEW,null,null,null,4800,null,null,null,null,null,null,null,null,null,null,82.89,KMFE 252053Z 00000KT 10SM FEW048 28/17 A2986 RMK AO2 SLP111 T02780167 56039 $,null
MFE,2024-12-25 21:53,83,61,47.47,0,0,0,29.85,1010.4,10,null,FEW,null,null,null,4600,null,null,null,null,null,null,null,null,null,null,83.46,KMFE 252153Z 00000KT 10SM FEW046 28/16 A2985 RMK AO2 SLP104 T02830161 $,null
MFE,2024-12-25 22:53,82,61,49.03,80,4,0,29.85,1010.4,10,null,CLR,null,null,null,null,null,null,null,null,null,null,null,null,null,null,82.62,KMFE 252253Z 08004KT 10SM CLR 28/16 A2985 RMK AO2 SLP104 T02780161 $,null
MFE,2024-12-25 23:53,78,61,55.89,140,3,0,29.85,1010.7,10,null,CLR,null,null,null,null,null,null,null,null,null,null,null,null,null,null,78,KMFE 252353Z 14003KT 10SM CLR 26/16 A2985 RMK AO2 SLP107 T02560161 10294 20256 55003 $,null
MFE,2024-12-26 0:53,75,62,63.97,0,0,0,29.87,1011.1,10,null,SCT,null,null,null,5000,null,null,null,null,null,null,null,null,null,null,75,KMFE 260053Z 00000KT 10SM SCT050 24/17 A2987 RMK AO2 SLP111 T02390167 $,null
MFE,2024-12-26 1:53,72,61,68.31,0,0,0,29.88,1011.6,9,null,SCT,null,null,null,5000,null,null,null,null,null,null,null,null,null,null,72,KMFE 260153Z 00000KT 9SM SCT050 22/16 A2988 RMK AO2 SLP116 T02220161 $,null
MFE,2024-12-26 2:53,74,63,68.53,160,5,0,29.9,1012.3,10,null,BKN,null,null,null,4900,null,null,null,null,null,null,null,null,null,null,74,KMFE 260253Z 16005KT 10SM BKN049 23/17 A2990 RMK AO2 SLP123 T02330172 53016 $,null
MFE,2024-12-26 3:53,72,64,75.92,150,4,0,29.91,1012.5,9,null,OVC,null,null,null,5000,null,null,null,null,null,null,null,null,null,null,72,KMFE 260353Z 15004KT 9SM OVC050 22/18 A2991 RMK AO2 SLP125 T02220178 $,null
MFE,2024-12-26 4:53,75,67,76.19,150,9,0,29.9,1012.3,10,null,OVC,null,null,null,4900,null,null,null,null,null,null,null,null,null,null,75,KMFE 260453Z 15009KT 10SM OVC049 24/19 A2990 RMK AO2 SLP123 T02390194 $,null
MFE,2024-12-26 5:53,75,68,78.86,150,7,0,29.9,1012.3,10,null,FEW,OVC,null,null,2300,5000,null,null,null,null,null,null,null,null,null,75,KMFE 260553Z AUTO 15007KT 10SM FEW023 OVC050 24/20 A2990 RMK AO2 SLP123 T02390200 10256 20217 402940194 58000 $,null
MFE,2024-12-26 6:24,74,69,84.4,150,7,0,29.89,null,10,null,BKN,OVC,null,null,1900,5000,null,null,null,null,null,null,null,null,null,74,KMFE 260624Z AUTO 15007KT 10SM BKN019 OVC050 23/21 A2989 RMK AO2 T02330206 $,null
MFE,2024-12-26 6:42,74,69,84.4,150,8,0,29.88,null,10,null,SCT,OVC,null,null,1700,4900,null,null,null,null,null,null,null,null,null,74,KMFE 260642Z AUTO 15008KT 10SM SCT017 OVC049 23/21 A2988 RMK AO2 T02330206 $,null
MFE,2024-12-26 6:53,74,69,84.4,160,7,0,29.88,1011.6,10,null,FEW,OVC,null,null,1500,4800,null,null,null,null,null,null,null,null,null,74,KMFE 260653Z AUTO 16007KT 10SM FEW015 OVC048 23/21 A2988 RMK AO2 SLP116 T02330206 $,null
MFE,2024-12-26 7:53,73,69,87.29,150,5,0,29.88,1011.5,10,null,FEW,BKN,null,null,2900,4500,null,null,null,null,null,null,null,null,null,73,KMFE 260753Z AUTO 15005KT 10SM FEW029 BKN045 23/21 A2988 RMK AO2 SLP115 T02280206 $,null
MFE,2024-12-26 8:53,71,69,93.4,120,6,0,29.86,1011,9,null,FEW,SCT,null,null,1900,4700,null,null,null,null,null,null,null,null,null,71,KMFE 260853Z AUTO 12006KT 9SM FEW019 SCT047 22/21 A2986 RMK AO2 SLP110 T02170206 56013 $,null
MFE,2024-12-26 9:53,70,68,93.37,130,8,0,29.84,1010.3,8,null,FEW,null,null,null,1500,null,null,null,null,null,null,null,null,null,null,70,KMFE 260953Z AUTO 13008KT 8SM FEW015 21/20 A2984 RMK AO2 SLP103 T02110200 $,null
MFE,2024-12-26 10:33,70,68,93.37,140,9,0,29.84,null,7,null,FEW,null,null,null,900,null,null,null,null,null,null,null,null,null,null,70,KMFE 261033Z AUTO 14009KT 7SM FEW009 21/20 A2984 RMK AO2 T02110200 $,null
MFE,2024-12-26 10:53,71,69,93.4,140,10,0,29.84,1010.2,6,null,SCT,null,null,null,900,null,null,null,BR,null,null,null,null,null,null,71,KMFE 261053Z AUTO 14010KT 6SM BR SCT009 22/21 A2984 RMK AO2 SLP102 T02170206 $,null
MFE,2024-12-26 11:39,71,69,93.4,150,12,0,29.85,null,6,null,BKN,null,null,null,1100,null,null,null,BR,null,null,null,null,null,null,71,KMFE 261139Z AUTO 15012KT 6SM BR BKN011 22/21 A2985 RMK AO2 T02170206 $,null
MFE,2024-12-26 11:53,71,69,93.4,160,10,0,29.86,1010.8,6,null,BKN,null,null,null,1000,null,null,null,BR,null,null,null,null,null,null,71,KMFE 261153Z 16010KT 6SM BR BKN010 22/21 A2986 RMK AO2 CIG 009V014 SLP108 T02170206 10239 20211 55002 $,null
MFE,2024-12-26 12:24,70,68,93.37,160,10,0,29.86,null,6,null,SCT,null,null,null,1000,null,null,null,BR,null,null,null,null,null,null,70,KMFE 261224Z 16010KT 6SM BR SCT010 21/20 A2986 RMK AO2 T02110200 $,null
MFE,2024-12-26 12:53,70,68,93.37,170,8,0,29.86,1011,6,null,CLR,null,null,null,null,null,null,null,BR,null,null,null,null,null,null,70,KMFE 261253Z 17008KT 6SM BR CLR 21/20 A2986 RMK AO2 SLP110 T02110200 $,null
MFE,2024-12-26 13:33,70,67,90.21,190,4,0,29.88,null,4,null,BKN,null,null,null,1000,null,null,null,BR,null,null,null,null,null,null,70,KMFE 261333Z 19004KT 4SM BR BKN010 21/19 A2988 RMK AO2 T02110194,null
MFE,2024-12-26 13:53,70,67,90.21,190,3,0,29.89,1012,4,null,OVC,null,null,null,1000,null,null,null,BR,null,null,null,null,null,null,70,KMFE 261353Z 19003KT 4SM BR OVC010 21/19 A2989 RMK AO2 SLP120 T02110194,null
MFE,2024-12-26 14:16,70,67,90.21,210,4,0,29.9,null,4,null,BKN,null,null,null,900,null,null,null,BR,null,null,null,null,null,null,70,KMFE 261416Z 21004KT 4SM BR BKN009 21/19 A2990 RMK AO2 T02110194,null
MFE,2024-12-26 14:34,71,68,90.25,240,3,0,29.91,null,4,null,BKN,null,null,null,900,null,null,null,BR,null,null,null,null,null,null,71,KMFE 261434Z 24003KT 4SM BR BKN009 22/20 A2991 RMK AO2 T02170200,null
MFE,2024-12-26 14:48,71.6,66.2,83.09,220,5,0,29.91,null,4,null,BKN,null,null,null,1000,null,null,null,BR,null,null,null,null,null,null,71.6,KMFE 261448Z 22005KT 4SM BR BKN010 22/19 A2991 RMK AO2,null
MFE,2024-12-26 14:53,71,67,87.19,220,5,0,29.92,1012.9,5,null,BKN,null,null,null,1000,null,null,null,BR,null,null,null,null,null,null,71,KMFE 261453Z 22005KT 5SM BR BKN010 22/19 A2992 RMK AO2 SLP129 T02170194 51018,null
MFE,2024-12-26 15:05,71,67,87.19,190,4,0,29.92,null,5,null,BKN,null,null,null,900,null,null,null,BR,null,null,null,null,null,null,71,KMFE 261505Z 19004KT 5SM BR BKN009 22/19 A2992 RMK AO2 T02170194,null
MFE,2024-12-26 15:15,72,68,87.24,210,4,0,29.92,null,5,null,SCT,null,null,null,900,null,null,null,BR,null,null,null,null,null,null,72,KMFE 261515Z 21004KT 5SM BR SCT009 22/20 A2992 RMK AO2 T02220200,null
MFE,2024-12-26 15:53,75,67,76.19,180,8,0,29.93,1013.2,6,null,FEW,null,null,null,1400,null,null,null,HZ,null,null,null,null,null,null,75,KMFE 261553Z 18008KT 6SM HZ FEW014 24/19 A2993 RMK AO2 SLP132 T02390194,null
MFE,2024-12-26 16:53,80,67,64.57,190,12,0,29.9,1012.5,7,null,CLR,null,null,null,null,null,null,null,null,null,null,null,null,null,null,82.32,KMFE 261653Z 19012KT 7SM CLR 27/19 A2990 RMK AO2 SLP125 T02670194,null
MFE,2024-12-26 17:53,82,67,60.49,180,10,0,29.87,1011.4,9,21,CLR,null,null,null,null,null,null,null,null,null,null,null,null,null,null,84.52,KMFE 261753Z 18010G21KT 9SM CLR 28/19 A2987 RMK AO2 SLP114 T02780194 10278 20206 58014,null
MFE,2024-12-26 18:53,86,65,49.61,200,10,0,29.83,1009.8,10,17,CLR,null,null,null,null,null,null,null,null,null,null,null,null,null,null,87.78,KMFE 261853Z 20010G17KT 10SM CLR 30/18 A2983 RMK AO2 SLP098 T03000183,null
MFE,2024-12-26 19:53,87,64,46.4,280,6,0,29.8,1008.8,10,null,CLR,null,null,null,null,null,null,null,null,null,null,null,null,null,null,88.32,KMFE 261953Z 28006KT 10SM CLR 31/18 A2980 RMK AO2 SLP088 T03060178,null
MFE,2024-12-26 19:55,87,64,46.4,240,7,0,29.8,null,10,null,CLR,null,null,null,null,null,null,null,null,null,null,null,null,null,null,88.32,KMFE 261955Z 24007KT 200V270 10SM CLR 31/18 A2980 RMK AO2 T03060178,null
MFE,2024-12-26 20:08,87,63,44.8,280,8,0,29.79,null,10,null,CLR,null,null,null,null,null,null,null,null,null,null,null,null,null,null,87.86,KMFE 262008Z 28008KT 10SM CLR 31/17 A2979 RMK AO2 T03060172,null
MFE,2024-12-26 20:53,87,62,43.25,270,7,0,29.78,1008.3,10,null,CLR,null,null,null,null,null,null,null,null,null,null,null,null,null,null,87.44,KMFE 262053Z 27007KT 10SM CLR 31/17 A2978 RMK AO2 SLP083 T03060167 56031,null
MFE,2024-12-26 21:53,87,61,41.75,310,9,0,29.78,1008.2,10,null,CLR,null,null,null,null,null,null,null,null,null,null,null,null,null,null,87.06,KMFE 262153Z 31009KT 10SM CLR 31/16 A2978 RMK AO2 SLP082 T03060161,null
MFE,2024-12-26 22:53,85,59,41.44,300,4,0,29.79,1008.6,10,null,CLR,null,null,null,null,null,null,null,null,null,null,null,null,null,null,84.59,KMFE 262253Z 30004KT 10SM CLR 29/15 A2979 RMK AO2 SLP086 T02940150,null
MFE,2024-12-26 23:53,79,59,50.36,0,0,0,29.81,1009.1,10,null,CLR,null,null,null,null,null,null,null,null,null,null,null,null,null,null,79,KMFE 262353Z 00000KT 10SM CLR 26/15 A2981 RMK AO2 SLP091 T02610150 10317 20261 53008,null
MFE,2024-12-27 0:53,75,59,57.5,0,0,0,29.82,1009.5,10,null,CLR,null,null,null,null,null,null,null,null,null,null,null,null,null,null,75,KMFE 270053Z 00000KT 10SM CLR 24/15 A2982 RMK AO2 SLP095 T02390150,null
MFE,2024-12-27 1:53,76,60,57.64,40,4,0,29.84,1010.4,10,null,CLR,null,null,null,null,null,null,null,null,null,null,null,null,null,null,76,KMFE 270153Z 04004KT 10SM CLR 24/16 A2984 RMK AO2 SLP104 T02440156,null
MFE,2024-12-27 2:53,74,61,63.85,0,0,0,29.86,1010.8,10,null,CLR,null,null,null,null,null,null,null,null,null,null,null,null,null,null,74,KMFE 270253Z 00000KT 10SM CLR 23/16 A2986 RMK AO2 SLP108 T02330161 53017,null
MFE,2024-12-27 3:53,72,65,78.62,120,3,0,29.86,1011.1,10,null,CLR,null,null,null,null,null,null,null,null,null,null,null,null,null,null,72,KMFE 270353Z 12003KT 10SM CLR 22/18 A2986 RMK AO2 SLP111 T02220183,null
MFE,2024-12-27 4:53,71,67,87.19,0,0,0,29.87,1011.2,9,null,CLR,null,null,null,null,null,null,null,null,null,null,null,null,null,null,71,KMFE 270453Z 00000KT 9SM CLR 22/19 A2987 RMK AO2 SLP112 T02170194,null
MFE,2024-12-27 5:53,70,67,90.21,0,0,0,29.86,1010.8,8,null,CLR,null,null,null,null,null,null,null,null,null,null,null,null,null,null,70,KMFE 270553Z AUTO 00000KT 8SM CLR 21/19 A2986 RMK AO2 SLP108 T02110194 10267 20211 403170206 50000,null
MFE,2024-12-27 6:53,70,67,90.21,100,3,0,29.84,1010.1,8,null,CLR,null,null,null,null,null,null,null,null,null,null,null,null,null,null,70,KMFE 270653Z AUTO 10003KT 8SM CLR 21/19 A2984 RMK AO2 SLP101 T02110194,null
MFE,2024-12-27 7:53,69,67,93.35,110,3,0,29.83,1010.1,6,null,CLR,null,null,null,null,null,null,null,BR,null,null,null,null,null,null,69,KMFE 270753Z AUTO 11003KT 6SM BR CLR 21/19 A2983 RMK AO2 SLP101 T02060194,null
MFE,2024-12-27 8:53,68,67,96.61,120,4,0,29.84,1010.1,6,null,CLR,null,null,null,null,null,null,null,BR,null,null,null,null,null,null,68,KMFE 270853Z AUTO 12004KT 6SM BR CLR 20/19 A2984 RMK AO2 SLP101 T02000194 55007,null
MFE,2024-12-27 9:53,68,66,93.32,80,3,0,29.84,1010.4,6,null,CLR,null,null,null,null,null,null,null,BR,null,null,null,null,null,null,68,KMFE 270953Z AUTO 08003KT 6SM BR CLR 20/19 A2984 RMK AO2 SLP104 T02000189,null
MFE,2024-12-27 10:53,62,61,96.52,10,3,0,29.85,1010.5,7,null,BKN,null,null,null,500,null,null,null,null,null,null,null,null,null,null,62,KMFE 271053Z AUTO 01003KT 7SM BKN005 17/16 A2985 RMK AO2 SLP105 T01670161,null
MFE,2024-12-27 11:02,64,61,89.97,10,4,0,29.85,null,7,null,BKN,null,null,null,400,null,null,null,null,null,null,null,null,null,null,64,KMFE 271102Z AUTO 01004KT 7SM BKN004 18/16 A2985 RMK AO2 T01780161,null
MFE,2024-12-27 11:53,65,61,86.88,0,0,0,29.87,1011.3,7,null,OVC,null,null,null,300,null,null,null,null,null,null,null,null,null,null,65,KMFE 271153Z 00000KT 7SM OVC003 18/16 A2987 RMK AO2 SLP113 T01830161 10211 20167 53012,null
MFE,2024-12-27 12:35,66,64,93.26,350,4,0,29.9,null,2,null,OVC,null,null,null,200,null,null,null,BR,null,null,null,null,null,null,66,KMFE 271235Z 35004KT 2SM BR OVC002 19/18 A2990 RMK AO2 T01890178,null
MFE,2024-12-27 12:53,66,64,93.26,0,0,0,29.9,1012.3,2,null,OVC,null,null,null,200,null,null,null,BR,null,null,null,null,null,null,66,KMFE 271253Z 00000KT 2SM BR OVC002 19/18 A2990 RMK AO2 SLP123 T01890178,null
MFE,2024-12-27 13:03,66,65,96.58,0,0,0,29.91,null,1,null,OVC,null,null,null,200,null,null,null,BR,null,null,null,null,null,null,66,KMFE 271303Z 00000KT 1SM BR OVC002 19/18 A2991 RMK AO2 T01890183,null
MFE,2024-12-27 13:31,65,65,100,320,3,0,29.92,null,0.25,null,VV ,null,null,null,200,null,null,null,FG,null,null,null,null,null,null,65,KMFE 271331Z 32003KT 1/4SM FG VV002 18/18 A2992 RMK AO2 T01830183,null
MFE,2024-12-27 13:40,66,65,96.58,0,0,0,29.92,null,0.25,null,VV ,null,null,null,200,null,null,null,FG,null,null,null,null,null,null,66,KMFE 271340Z 00000KT M1/4SM FG VV002 19/18 A2992 RMK AO2 T01890183,null
MFE,2024-12-27 13:53,66,66,100,0,0,0,29.93,1013.2,0.25,null,VV ,null,null,null,200,null,null,null,FG,null,null,null,null,null,null,66,KMFE 271353Z 00000KT M1/4SM FG VV002 19/19 A2993 RMK AO2 SLP132 T01890189,null
MFE,2024-12-27 14:53,68,67,96.61,0,0,0,29.94,1013.7,0.25,null,VV ,null,null,null,200,null,null,null,FG,null,null,null,null,null,null,68,KMFE 271453Z 00000KT M1/4SM FG VV002 20/19 A2994 RMK AO2 SLP137 T02000194 51024,null
MFE,2024-12-27 15:11,67,67,100,0,0,0,29.94,null,0.25,null,VV ,null,null,null,200,null,null,null,FG,null,null,null,null,null,null,67,KMFE 271511Z 00000KT 1/4SM FG VV002 19/19 A2994 RMK AO2 T01940194,null
MFE,2024-12-27 15:49,68,68,100,0,0,0,29.95,null,0.5,null,VV ,null,null,null,300,null,null,null,FG,null,null,null,null,null,null,68,KMFE 271549Z 00000KT 1/2SM FG VV003 20/20 A2995 RMK AO2,null
MFE,2024-12-27 15:53,68,68,100,0,0,0,29.95,1014.1,0.75,null,OVC,null,null,null,200,null,null,null,BR,null,null,null,null,null,null,68,KMFE 271553Z 00000KT 3/4SM BR OVC002 20/20 A2995 RMK AO2 SLP141 T02000200,null
MFE,2024-12-27 16:05,68,68,100,0,0,0,29.95,null,1.5,null,OVC,null,null,null,200,null,null,null,BR,null,null,null,null,null,null,68,KMFE 271605Z 00000KT 1 1/2SM BR OVC002 20/20 A2995 RMK AO2 T02000200,null
MFE,2024-12-27 16:17,69,67,93.35,180,4,0,29.95,null,3,null,OVC,null,null,null,300,null,null,null,BR,null,null,null,null,null,null,69,KMFE 271617Z 18004KT 3SM BR OVC003 21/19 A2995 RMK AO2 T02060194,null
MFE,2024-12-27 16:53,72,68,87.24,170,6,0,29.93,1013.5,4,null,BKN,null,null,null,400,null,null,null,BR,null,null,null,null,null,null,72,KMFE 271653Z 17006KT 4SM BR BKN004 22/20 A2993 RMK AO2 CIG 003V007 SLP135 T02220200,null
MFE,2024-12-27 17:00,72,67,84.28,null,3,0,29.93,null,5,null,BKN,null,null,null,500,null,null,null,HZ,null,null,null,null,null,null,72,KMFE 271700Z VRB03KT 5SM HZ BKN005 22/19 A2993 RMK AO2 T02220194,null
MFE,2024-12-27 17:10,73,68,84.34,null,5,0,29.93,null,5,null,SCT,null,null,null,500,null,null,null,HZ,null,null,null,null,null,null,73,KMFE 271710Z VRB05KT 5SM HZ SCT005 23/20 A2993 RMK AO2 T02280200,null
MFE,2024-12-27 17:53,79,68,69.07,170,6,0,29.89,1012,6,null,CLR,null,null,null,null,null,null,null,HZ,null,null,null,null,null,null,79,KMFE 271753Z 17006KT 6SM HZ CLR 26/20 A2989 RMK AO2 SLP120 T02610200 10261 20183 58021,null
MFE,2024-12-27 18:53,84,67,56.7,160,10,0,29.86,1010.8,10,null,CLR,null,null,null,null,null,null,null,null,null,null,null,null,null,null,86.67,KMFE 271853Z 16010KT 10SM CLR 29/19 A2986 RMK AO2 SLP108 T02890194 $,null
MFE,2024-12-27 19:53,86,65,49.61,null,6,0,29.83,1009.8,10,null,CLR,null,null,null,null,null,null,null,null,null,null,null,null,null,null,87.78,KMFE 271953Z VRB06KT 10SM CLR 30/18 A2983 RMK AO2 SLP098 T03000183 $,null
MFE,2024-12-27 20:53,87,65,48.05,160,9,0,29.8,1008.8,10,18,CLR,null,null,null,null,null,null,null,null,null,null,null,null,null,null,88.81,KMFE 272053Z 16009G18KT 10SM CLR 31/18 A2980 RMK AO2 SLP088 T03060183 56033 $,null
MFE,2024-12-27 21:53,87,65,48.05,160,9,0,29.79,1008.4,10,null,SCT,null,null,null,5000,null,null,null,null,null,null,null,null,null,null,88.81,KMFE 272153Z 16009KT 10SM SCT050 31/18 A2979 RMK AO2 SLP084 T03060183 $,null
MFE,2024-12-27 22:53,86,66,51.37,140,8,0,29.79,1008.6,10,null,FEW,null,null,null,5000,null,null,null,null,null,null,null,null,null,null,88.28,KMFE 272253Z 14008KT 10SM FEW050 30/19 A2979 RMK AO2 SLP086 T03000189 $,null
MFE,2024-12-27 23:53,82,67,60.49,130,10,0,29.8,1008.8,10,null,CLR,null,null,null,null,null,null,null,null,null,null,null,null,null,null,84.52,KMFE 272353Z 13010KT 10SM CLR 28/19 A2980 RMK AO2 SLP088 T02780194 10311 20261 53001 $,null
MFE,2024-12-28 0:53,78,67,68.96,140,11,0,29.82,1009.5,10,null,CLR,null,null,null,null,null,null,null,null,null,null,null,null,null,null,78,KMFE 280053Z 14011KT 10SM CLR 26/19 A2982 RMK AO2 SLP095 T02560194 $,null
MFE,2024-12-28 1:53,76,68,76.27,140,11,0,29.84,1010.1,9,null,CLR,null,null,null,null,null,null,null,null,null,null,null,null,null,null,76,KMFE 280153Z 14011KT 9SM CLR 24/20 A2984 RMK AO2 SLP101 T02440200 $,null
MFE,2024-12-28 2:53,75,69,81.62,140,8,0,29.85,1010.7,8,null,CLR,null,null,null,null,null,null,null,null,null,null,null,null,null,null,75,KMFE 280253Z 14008KT 8SM CLR 24/21 A2985 RMK AO2 SLP107 T02390206 51018 $,null
MFE,2024-12-28 3:38,74,69,84.4,140,8,0,29.86,null,7,null,BKN,null,null,null,1600,null,null,null,null,null,null,null,null,null,null,74,KMFE 280338Z 14008KT 7SM BKN016 23/21 A2986 RMK AO2 T02330206 $,null
MFE,2024-12-28 3:53,74,69,84.4,140,8,0,29.86,1010.8,6,null,BKN,null,null,null,1600,null,null,null,HZ,null,null,null,null,null,null,74,KMFE 280353Z 14008KT 6SM HZ BKN016 23/21 A2986 RMK AO2 SLP108 T02330206 $,null
MFE,2024-12-28 4:12,74,70,87.34,140,7,0,29.85,null,6,null,BKN,null,null,null,1400,null,null,null,BR,null,null,null,null,null,null,74,KMFE 280412Z 14007KT 6SM BR BKN014 23/21 A2985 RMK AO2 T02330211 $,null
MFE,2024-12-28 4:53,73,70,90.32,150,7,0,29.86,1010.8,5,null,BKN,null,null,null,1200,null,null,null,BR,null,null,null,null,null,null,73,KMFE 280453Z 15007KT 5SM BR BKN012 23/21 A2986 RMK AO2 SLP108 T02280211 $,null
MFE,2024-12-28 5:53,74,71,90.36,150,10,0,29.84,1010.1,6,null,BKN,BKN,OVC,null,1000,1500,2100,null,BR,null,null,null,null,null,null,74,KMFE 280553Z AUTO 15010KT 6SM BR BKN010 BKN015 OVC021 23/22 A2984 RMK AO2 SLP101 T02330217 10278 20228 403110167 58005 $,null
MFE,2024-12-28 6:50,73.4,71.6,94.1,150,9,0,29.81,null,7,null,OVC,null,null,null,800,null,null,null,null,null,null,null,null,null,null,73.4,KMFE 280650Z AUTO 15009KT 7SM OVC008 23/22 A2981 RMK AO2 CIG 006V012 $,null
MFE,2024-12-28 6:53,74,71,90.36,150,9,0,29.81,1009.2,7,null,OVC,null,null,null,800,null,null,null,null,null,null,null,null,null,null,74,KMFE 280653Z AUTO 15009KT 7SM OVC008 23/22 A2981 RMK AO2 CIG 006V010 SLP092 T02330217 $,null
MFE,2024-12-28 7:53,73,71,93.45,160,12,0,29.79,1008.5,6,null,OVC,null,null,null,700,null,null,null,BR,null,null,null,null,null,null,73,KMFE 280753Z AUTO 16012KT 6SM BR OVC007 23/22 A2979 RMK AO2 CIG 006V010 SLP085 T02280217 $,null
MFE,2024-12-28 8:53,73,71,93.45,160,10,0,29.78,1008.2,7,null,OVC,null,null,null,900,null,null,null,null,null,null,null,null,null,null,73,KMFE 280853Z AUTO 16010KT 7SM OVC009 23/22 A2978 RMK AO2 CIG 007V014 SLP082 T02280217 58011 $,null
MFE,2024-12-28 9:03,73,71,93.45,160,10,0,29.78,null,7,null,OVC,null,null,null,1100,null,null,null,null,null,null,null,null,null,null,73,KMFE 280903Z AUTO 16010KT 7SM OVC011 23/22 A2978 RMK AO2 T02280217 $,null
MFE,2024-12-28 9:29,73,70,90.32,150,8,0,29.77,null,6,null,BKN,OVC,null,null,900,1300,null,null,BR,null,null,null,null,null,null,73,KMFE 280929Z AUTO 15008KT 6SM BR BKN009 OVC013 23/21 A2977 RMK AO2 CIG 008V011 T02280211 $,null
MFE,2024-12-28 9:53,73,70,90.32,160,10,0,29.77,1007.9,7,17,OVC,null,null,null,900,null,null,null,null,null,null,null,null,null,null,73,KMFE 280953Z AUTO 16010G17KT 7SM OVC009 23/21 A2977 RMK AO2 CIG 008V014 SLP079 T02280211 $,null
MFE,2024-12-28 10:02,73,70,90.32,150,12,0,29.77,null,7,null,BKN,OVC,null,null,1100,1400,null,null,null,null,null,null,null,null,null,73,KMFE 281002Z AUTO 15012KT 7SM BKN011 OVC014 23/21 A2977 RMK AO2 CIG 008V012 T02280211 $,null
MFE,2024-12-28 10:35,73,70,90.32,150,9,0,29.76,null,6,null,FEW,null,null,null,1200,null,null,null,BR,null,null,null,null,null,null,73,KMFE 281035Z AUTO 15009KT 6SM BR FEW012 23/21 A2976 RMK AO2 T02280211 $,null
MFE,2024-12-28 10:53,72,70,93.43,150,9,0,29.75,1007.3,6,null,CLR,null,null,null,null,null,null,null,BR,null,null,null,null,null,null,72,KMFE 281053Z AUTO 15009KT 6SM BR CLR 22/21 A2975 RMK AO2 SLP073 T02220211 $,null
MFE,2024-12-28 11:53,71,69,93.4,160,6,0,29.77,1007.9,5,null,CLR,null,null,null,null,null,null,null,BR,null,null,null,null,null,null,71,KMFE 281153Z 16006KT 5SM BR CLR 22/21 A2977 RMK AO2 SLP079 T02170206 10233 20217 55002 $,null
MFE,2024-12-28 12:36,70,69,96.64,160,6,0,29.78,null,5,null,SCT,null,null,null,900,null,null,null,BR,null,null,null,null,null,null,70,KMFE 281236Z 16006KT 5SM BR SCT009 21/21 A2978 RMK AO2 T02110206 $,null
MFE,2024-12-28 12:53,71,69,93.4,160,7,0,29.79,1008.4,5,null,BKN,null,null,null,900,null,null,null,BR,null,null,null,null,null,null,71,KMFE 281253Z 16007KT 5SM BR BKN009 22/21 A2979 RMK AO2 SLP084 T02170206 $,null
MFE,2024-12-28 13:53,72,69,90.28,160,11,0,29.8,1008.8,4,null,BKN,null,null,null,900,null,null,null,BR,null,null,null,null,null,null,72,KMFE 281353Z 16011KT 4SM BR BKN009 22/21 A2980 RMK AO2 CIG 008V012 SLP088 T02220206 $,null
MFE,2024-12-28 14:12,72,69,90.28,170,11,0,29.8,null,4,null,SCT,null,null,null,1000,null,null,null,BR,null,null,null,null,null,null,72,KMFE 281412Z 17011KT 4SM BR SCT010 22/21 A2980 RMK AO2 T02220206 $,null
MFE,2024-12-28 14:53,73,68,84.34,180,13,0,29.82,1009.5,5,null,CLR,null,null,null,null,null,null,null,HZ,null,null,null,null,null,null,73,KMFE 281453Z 18013KT 5SM HZ CLR 23/20 A2982 RMK AO2 SLP095 T02280200 53016 $,null
MFE,2024-12-28 15:53,77,67,71.28,180,12,0,29.85,1010.7,6,17,CLR,null,null,null,null,null,null,null,HZ,null,null,null,null,null,null,77,KMFE 281553Z 18012G17KT 6SM HZ CLR 25/19 A2985 RMK AO2 SLP107 T02500194 $,null
MFE,2024-12-28 16:53,80,67,64.57,180,7,0,29.86,1010.9,6,null,CLR,null,null,null,null,null,null,null,HZ,null,null,null,null,null,null,82.32,KMFE 281653Z 18007KT 6SM HZ CLR 27/19 A2986 RMK AO2 SLP109 T02670194 $,null
MFE,2024-12-28 17:36,81,67,62.49,290,8,0,29.85,null,8,null,CLR,null,null,null,null,null,null,null,null,null,null,null,null,null,null,83.43,KMFE 281736Z 29008KT 8SM CLR 27/19 A2985 RMK AO2 T02720194 $,null
MFE,2024-12-28 17:53,81,67,62.49,260,6,0,29.85,1010.4,8,null,CLR,null,null,null,null,null,null,null,null,null,null,null,null,null,null,83.43,KMFE 281753Z 26006KT 8SM CLR 27/19 A2985 RMK AO2 SLP104 T02720194 10278 20211 50009 $,null
MFE,2024-12-28 18:53,83,67,58.56,280,7,0,29.82,1009.5,8,null,CLR,null,null,null,null,null,null,null,null,null,null,null,null,null,null,85.6,KMFE 281853Z 28007KT 8SM CLR 28/19 A2982 RMK AO2 SLP095 T02830194 $,null
MFE,2024-12-28 19:53,86,65,49.61,300,10,0,29.79,1008.5,9,null,CLR,null,null,null,null,null,null,null,null,null,null,null,null,null,null,87.78,KMFE 281953Z 30010KT 9SM CLR 30/18 A2979 RMK AO2 SLP085 T03000183 $,null
MFE,2024-12-28 20:53,88,61,40.44,310,10,0,29.79,1008.4,10,null,CLR,null,null,null,null,null,null,null,null,null,null,null,null,null,null,88.02,KMFE 282053Z 31010KT 10SM CLR 31/16 A2979 RMK AO2 SLP084 T03110161 56020 $,null
MFE,2024-12-28 21:53,91,47,22.05,320,13,0,29.78,1008.2,10,25,CLR,null,null,null,null,null,null,null,null,null,null,null,null,null,null,87.57,KMFE 282153Z 32013G25KT 10SM CLR 33/08 A2978 RMK AO2 SLP082 T03280083 $,null
MFE,2024-12-28 22:53,89,43,20.17,330,11,0,29.79,1008.7,10,null,CLR,null,null,null,null,null,null,null,null,null,null,null,null,null,null,85.42,KMFE 282253Z 33011KT 10SM CLR 32/06 A2979 RMK AO2 SLP087 T03170061 $,null
MFE,2024-12-28 23:53,80,43,26.94,330,6,0,29.81,1009.3,10,null,CLR,null,null,null,null,null,null,null,null,null,null,null,null,null,null,78.97,KMFE 282353Z 33006KT 10SM CLR 27/06 A2981 RMK AO2 SLP093 T02670061 10328 20267 53008 $,null
MFE,2024-12-29 0:53,77,43,29.74,0,0,0,29.84,1010.2,10,null,CLR,null,null,null,null,null,null,null,null,null,null,null,null,null,null,77,KMFE 290053Z 00000KT 10SM CLR 25/06 A2984 RMK AO2 SLP102 T02500061 $,null
MFE,2024-12-29 1:43,76,42,29.59,10,5,0,29.86,null,10,null,CLR,null,null,null,null,null,null,null,null,null,null,null,null,null,null,76,KMFE 290143Z 01005KT 10SM CLR 24/06 A2986 RMK AO2 T02440056 $,null
MFE,2024-12-29 1:53,77,41,27.53,10,4,0,29.86,1011,10,null,CLR,null,null,null,null,null,null,null,null,null,null,null,null,null,null,77,KMFE 290153Z 01004KT 10SM CLR 25/05 A2986 RMK AO2 SLP110 T02500050 $,null
MFE,2024-12-29 2:53,75,39,27.23,30,3,0,29.89,1011.8,10,null,CLR,null,null,null,null,null,null,null,null,null,null,null,null,null,null,75,KMFE 290253Z 03003KT 10SM CLR 24/04 A2989 RMK AO2 SLP118 T02390039 51025 $,null
MFE,2024-12-29 3:53,72,40,31.32,20,4,0,29.92,1012.8,10,null,CLR,null,null,null,null,null,null,null,null,null,null,null,null,null,null,72,KMFE 290353Z 02004KT 10SM CLR 22/04 A2992 RMK AO2 SLP128 T02220044 $,null
MFE,2024-12-29 4:53,67,42,40.15,320,3,0,29.95,1013.9,10,null,CLR,null,null,null,null,null,null,null,null,null,null,null,null,null,null,67,KMFE 290453Z 32003KT 10SM CLR 19/06 A2995 RMK AO2 SLP139 T01940056 $,null
MFE,2024-12-29 5:53,59,44,57.44,280,3,0,29.96,1014.4,10,null,CLR,null,null,null,null,null,null,null,null,null,null,null,null,null,null,59,KMFE 290553Z 28003KT 10SM CLR 15/07 A2996 RMK AO2 SLP144 T01500067 10278 20150 403280150 51026 $,null
MFE,2024-12-29 6:53,59,44,57.44,260,3,0,29.96,1014.4,10,null,CLR,null,null,null,null,null,null,null,null,null,null,null,null,null,null,59,KMFE 290653Z AUTO 26003KT 10SM CLR 15/07 A2996 RMK AO2 SLP144 T01500067 $,null
MFE,2024-12-29 7:53,58,42,55.14,0,0,0,29.97,1014.7,10,null,CLR,null,null,null,null,null,null,null,null,null,null,null,null,null,null,58,KMFE 290753Z AUTO 00000KT 10SM CLR 14/06 A2997 RMK AO2 SLP147 T01440056 $,null
MFE,2024-12-29 8:53,57,42,57.16,290,3,0,29.98,1014.9,10,null,CLR,null,null,null,null,null,null,null,null,null,null,null,null,null,null,57,KMFE 290853Z AUTO 29003KT 10SM CLR 14/06 A2998 RMK AO2 SLP149 T01390056 53004 $,null
MFE,2024-12-29 9:53,56,41,57.02,0,0,0,29.98,1015,10,null,CLR,null,null,null,null,null,null,null,null,null,null,null,null,null,null,56,KMFE 290953Z AUTO 00000KT 10SM CLR 13/05 A2998 RMK AO2 SLP150 T01330050 $,null
MFE,2024-12-29 10:53,55,41,59.13,290,3,0,29.98,1015.1,10,null,CLR,null,null,null,null,null,null,null,null,null,null,null,null,null,null,55,KMFE 291053Z AUTO 29003KT 10SM CLR 13/05 A2998 RMK AO2 SLP151 T01280050 $,null
MFE,2024-12-29 11:53,54,42,63.74,290,4,0,29.99,1015.4,10,null,CLR,null,null,null,null,null,null,null,null,null,null,null,null,null,null,54,KMFE 291153Z 29004KT 10SM CLR 12/06 A2999 RMK AO2 SLP154 T01220056 10161 20122 53006 $,null
MFE,2024-12-29 12:53,54,43,66.24,290,5,0,30.02,1016.2,10,null,CLR,null,null,null,null,null,null,null,null,null,null,null,null,null,null,54,KMFE 291253Z 29005KT 10SM CLR 12/06 A3002 RMK AO2 SLP162 T01220061 $,null
MFE,2024-12-29 13:53,55,44,66.36,290,4,0,30.04,1017,10,null,CLR,null,null,null,null,null,null,null,null,null,null,null,null,null,null,55,KMFE 291353Z 29004KT 10SM CLR 13/07 A3004 RMK AO2 SLP170 T01280067 $,null
MFE,2024-12-29 14:53,61,44,53.49,0,0,0,30.06,1017.8,10,null,CLR,null,null,null,null,null,null,null,null,null,null,null,null,null,null,61,KMFE 291453Z 00000KT 10SM CLR 16/07 A3006 RMK AO2 SLP178 T01610067 53024 $,null
MFE,2024-12-29 15:53,70,44,39.11,0,0,0,30.07,1018.1,10,null,CLR,null,null,null,null,null,null,null,null,null,null,null,null,null,null,70,KMFE 291553Z 00000KT 10SM CLR 21/07 A3007 RMK AO2 SLP181 T02110067 $,null
MFE,2024-12-29 16:53,78,42,27.69,290,3,0,30.07,1018,10,null,CLR,null,null,null,null,null,null,null,null,null,null,null,null,null,null,78,KMFE 291653Z 29003KT 10SM CLR 26/06 A3007 RMK AO2 SLP180 T02560056 $,null
MFE,2024-12-29 17:53,83,38,20.13,0,0,0,30.04,1017.1,10,null,CLR,null,null,null,null,null,null,null,null,null,null,null,null,null,null,80.56,KMFE 291753Z 00000KT 10SM CLR 28/03 A3004 RMK AO2 SLP171 T02830033 10289 20117 58007 $,null
MFE,2024-12-29 18:18,85,36,17.44,290,3,0,30.03,null,10,null,CLR,null,null,null,null,null,null,null,null,null,null,null,null,null,null,81.93,KMFE 291818Z 29003KT 10SM CLR 29/02 A3003 RMK AO2 T02940022 $,null
MFE,2024-12-29 18:20,85,36,17.44,0,0,0,30.02,null,10,null,CLR,null,null,null,null,null,null,null,null,null,null,null,null,null,null,81.93,KMFE 291820Z 00000KT 10SM CLR 29/02 A3002 RMK AO2 T02940022 $,null
MFE,2024-12-29 18:53,86,36,16.89,290,4,0,30,1015.7,10,null,CLR,null,null,null,null,null,null,null,null,null,null,null,null,null,null,82.7,KMFE 291853Z 29004KT 10SM CLR 30/02 A3000 RMK AO2 SLP157 T03000022 $,null
MFE,2024-12-29 19:53,87,34,15.11,200,3,0,29.97,1014.7,10,null,CLR,null,null,null,null,null,null,null,null,null,null,null,null,null,null,83.45,KMFE 291953Z 20003KT 10SM CLR 31/01 A2997 RMK AO2 SLP147 T03060011 $,null
MFE,2024-12-29 20:53,89,34,14.18,80,3,0,29.96,1014.2,10,null,CLR,null,null,null,null,null,null,null,null,null,null,null,null,null,null,85.09,KMFE 292053Z 08003KT 10SM CLR 32/01 A2996 RMK AO2 SLP142 T03170011 56028 $,null
MFE,2024-12-29 21:53,89,33,13.62,0,0,0,29.95,1013.8,10,null,CLR,null,null,null,null,null,null,null,null,null,null,null,null,null,null,85.08,KMFE 292153Z 00000KT 10SM CLR 32/01 A2995 RMK AO2 SLP138 T03170006 $,null
MFE,2024-12-29 22:53,87,34,15.11,90,5,0,29.93,1013.4,10,null,CLR,null,null,null,null,null,null,null,null,null,null,null,null,null,null,83.45,KMFE 292253Z 09005KT 10SM CLR 31/01 A2993 RMK AO2 SLP134 T03060011 $,null
MFE,2024-12-29 23:53,79,36,21.19,80,4,0,29.93,1013.4,10,null,CLR,null,null,null,null,null,null,null,null,null,null,null,null,null,null,79,KMFE 292353Z 08004KT 10SM CLR 26/02 A2993 RMK AO2 SLP134 T02610022 10322 20261 56008 $,null
MFE,2024-12-30 0:53,77,38,24.5,110,11,0,29.95,1014,10,null,CLR,null,null,null,null,null,null,null,null,null,null,null,null,null,null,77,KMFE 300053Z 11011KT 10SM CLR 25/03 A2995 RMK AO2 SLP140 T02500033 $,null
MFE,2024-12-30 1:53,68,46,45.19,130,6,0,29.96,1014.5,10,null,CLR,null,null,null,null,null,null,null,null,null,null,null,null,null,null,68,KMFE 300153Z 13006KT 10SM CLR 20/08 A2996 RMK AO2 SLP145 T02000078 $,null
MFE,2024-12-30 2:17,68,46,45.19,150,5,0,29.97,null,10,null,CLR,null,null,null,null,null,null,null,null,null,null,null,null,null,null,68,KMFE 300217Z 15005KT 10SM CLR 20/08 A2997 RMK AO2 T02000078 $,null
MFE,2024-12-30 2:53,65,46,50.14,130,6,0,29.97,1014.9,10,null,CLR,null,null,null,null,null,null,null,null,null,null,null,null,null,null,65,KMFE 300253Z 13006KT 10SM CLR 18/08 A2997 RMK AO2 SLP149 T01830078 51013 $,null
MFE,2024-12-30 3:53,64,48,55.99,150,4,0,29.98,1014.9,10,null,CLR,null,null,null,null,null,null,null,null,null,null,null,null,null,null,64,KMFE 300353Z 15004KT 10SM CLR 18/09 A2998 RMK AO2 SLP149 T01780089 $,null
MFE,2024-12-30 4:53,60,48,64.49,150,5,0,29.98,1014.9,10,null,CLR,null,null,null,null,null,null,null,null,null,null,null,null,null,null,60,KMFE 300453Z 15005KT 10SM CLR 16/09 A2998 RMK AO2 SLP149 T01560089 $,null
MFE,2024-12-30 5:53,60,51,72.12,130,6,0,29.96,1014.2,10,null,CLR,null,null,null,null,null,null,null,null,null,null,null,null,null,null,60,KMFE 300553Z 13006KT 10SM CLR 16/11 A2996 RMK AO2 SLP142 T01560106 10272 20150 403220117 58005 $,null
MFE,2024-12-30 6:53,59,51,74.74,140,4,0,29.94,1013.6,10,null,CLR,null,null,null,null,null,null,null,null,null,null,null,null,null,null,59,KMFE 300653Z AUTO 14004KT 10SM CLR 15/11 A2994 RMK AO2 SLP136 T01500106 $,null
MFE,2024-12-30 7:53,56,52,86.4,150,4,0,29.93,1013.2,10,null,CLR,null,null,null,null,null,null,null,null,null,null,null,null,null,null,56,KMFE 300753Z AUTO 15004KT 10SM CLR 13/11 A2993 RMK AO2 SLP132 T01330111 $,null
MFE,2024-12-30 8:53,54,53,96.4,150,5,0,29.91,1012.6,10,null,CLR,null,null,null,null,null,null,null,null,null,null,null,null,null,null,54,KMFE 300853Z AUTO 15005KT 10SM CLR 12/12 A2991 RMK AO2 SLP126 T01220117 58017 $,null
MFE,2024-12-30 9:53,54,52,92.92,140,5,0,29.88,1011.7,10,null,CLR,null,null,null,null,null,null,null,null,null,null,null,null,null,null,54,KMFE 300953Z AUTO 14005KT 10SM CLR 12/11 A2988 RMK AO2 SLP117 T01220111 $,null
MFE,2024-12-30 10:53,57,55,93.01,140,6,0,29.86,1011,10,null,CLR,null,null,null,null,null,null,null,null,null,null,null,null,null,null,57,KMFE 301053Z AUTO 14006KT 10SM CLR 14/13 A2986 RMK AO2 SLP110 T01390128 $,null
MFE,2024-12-30 11:53,62,60,93.15,150,6,0,29.86,1010.9,10,null,CLR,null,null,null,null,null,null,null,null,null,null,null,null,null,null,62,KMFE 301153Z 15006KT 10SM CLR 17/16 A2986 RMK AO2 SLP109 T01670156 10167 20117 56017 $,null
MFE,2024-12-30 12:30,62,60,93.15,150,6,0,29.87,null,10,null,SCT,null,null,null,700,null,null,null,null,null,null,null,null,null,null,62,KMFE 301230Z 15006KT 10SM SCT007 17/16 A2987 RMK AO2 T01670156 $,null
MFE,2024-12-30 12:39,62,60,93.15,140,7,0,29.87,null,10,null,BKN,null,null,null,600,null,null,null,null,null,null,null,null,null,null,62,KMFE 301239Z 14007KT 10SM BKN006 17/16 A2987 RMK AO2 T01670156 $,null
MFE,2024-12-30 12:53,62,61,96.52,150,7,0,29.87,1011.2,9,null,SCT,null,null,null,500,null,null,null,null,null,null,null,null,null,null,62,KMFE 301253Z 15007KT 9SM SCT005 17/16 A2987 RMK AO2 SLP112 T01670161,null
MFE,2024-12-30 13:53,61,60,96.51,150,6,0,29.87,1011.4,5,null,CLR,null,null,null,null,null,null,null,BR,null,null,null,null,null,null,61,KMFE 301353Z 15006KT 5SM BR CLR 16/16 A2987 RMK AO2 SLP114 T01610156,null
MFE,2024-12-30 14:53,67,62,83.97,150,9,0,29.89,1012.1,7,null,CLR,null,null,null,null,null,null,null,null,null,null,null,null,null,null,67,KMFE 301453Z 15009KT 7SM CLR 19/17 A2989 RMK AO2 SLP121 T01940167 53012,null
MFE,2024-12-30 15:53,74,57,55.34,160,10,0,29.9,1012.2,9,null,CLR,null,null,null,null,null,null,null,null,null,null,null,null,null,null,74,KMFE 301553Z 16010KT 9SM CLR 23/14 A2990 RMK AO2 SLP122 T02330139,null
MFE,2024-12-30 16:53,78,54,43.44,170,12,0,29.88,1011.6,10,null,CLR,null,null,null,null,null,null,null,null,null,null,null,null,null,null,78,KMFE 301653Z 17012KT 10SM CLR 26/12 A2988 RMK AO2 SLP116 T02560122,null
MFE,2024-12-30 17:53,83,55,38.26,170,11,0,29.85,1010.5,10,null,CLR,null,null,null,null,null,null,null,null,null,null,null,null,null,null,82.11,KMFE 301753Z 17011KT 10SM CLR 28/13 A2985 RMK AO2 SLP105 T02830128 10289 20161 58016,null
MFE,2024-12-30 18:53,87,55,33.65,200,8,0,29.81,1009.3,10,null,CLR,null,null,null,null,null,null,null,null,null,null,null,null,null,null,85.31,KMFE 301853Z 20008KT 170V240 10SM CLR 31/13 A2981 RMK AO2 SLP093 T03060128,null
MFE,2024-12-30 19:53,89,55,31.59,190,7,0,29.77,1007.9,10,null,CLR,null,null,null,null,null,null,null,null,null,null,null,null,null,null,87.12,KMFE 301953Z 19007KT 10SM CLR 32/13 A2977 RMK AO2 SLP079 T03170128,null
MFE,2024-12-30 20:53,92,53,26.72,null,6,0,29.75,1007.1,10,null,CLR,null,null,null,null,null,null,null,null,null,null,null,null,null,null,89.53,KMFE 302053Z VRB06KT 10SM CLR 33/12 A2975 RMK AO2 SLP071 T03330117 56035,null
MFE,2024-12-30 21:53,94,51,23.33,210,3,0,29.73,1006.7,10,null,CLR,null,null,null,null,null,null,null,null,null,null,null,null,null,null,91.08,KMFE 302153Z 21003KT 10SM CLR 34/11 A2973 RMK AO2 SLP067 T03440106,null
MFE,2024-12-30 22:07,94,51,23.33,null,4,0,29.73,null,10,null,CLR,null,null,null,null,null,null,null,null,null,null,null,null,null,null,91.08,KMFE 302207Z VRB04KT 10SM CLR 34/11 A2973 RMK AO2 T03440106,null
MFE,2024-12-30 22:53,93,48,21.51,210,3,0,29.73,1006.6,10,null,CLR,null,null,null,null,null,null,null,null,null,null,null,null,null,null,89.58,KMFE 302253Z 21003KT 10SM CLR 34/09 A2973 RMK AO2 SLP066 T03390089,null
MFE,2024-12-30 23:53,86,49,27.85,0,0,0,29.73,1006.6,10,null,CLR,null,null,null,null,null,null,null,null,null,null,null,null,null,null,83.49,KMFE 302353Z 00000KT 10SM CLR 30/09 A2973 RMK AO2 SLP066 T03000094 10344 20283 56005,null
MFE,2024-12-31 0:53,75,59,57.5,140,7,0,29.76,1007.5,7,null,CLR,null,null,null,null,null,null,null,null,null,null,null,null,null,null,75,KMFE 310053Z 14007KT 7SM CLR 24/15 A2976 RMK AO2 SLP075 T02390150,null
MFE,2024-12-31 1:53,73,63,70.87,130,5,0,29.78,1008.2,6,null,CLR,null,null,null,null,null,null,null,HZ,null,null,null,null,null,null,73,KMFE 310153Z 13005KT 6SM HZ CLR 23/17 A2978 RMK AO2 SLP082 T02280172,null
MFE,2024-12-31 2:53,69,62,78.38,120,5,0,29.8,1008.7,6,null,CLR,null,null,null,null,null,null,null,HZ,null,null,null,null,null,null,69,KMFE 310253Z 12005KT 6SM HZ CLR 21/17 A2980 RMK AO2 SLP087 T02060167 51022,null
MFE,2024-12-31 3:53,67,63,86.98,140,6,0,29.81,1009.3,6,null,CLR,null,null,null,null,null,null,null,BR,null,null,null,null,null,null,67,KMFE 310353Z 14006KT 6SM BR CLR 19/17 A2981 RMK AO2 SLP093 T01940172,null
MFE,2024-12-31 4:53,66,62,86.93,160,5,0,29.81,1009.2,6,null,CLR,null,null,null,null,null,null,null,BR,null,null,null,null,null,null,66,KMFE 310453Z 16005KT 6SM BR CLR 19/17 A2981 RMK AO2 SLP092 T01890167,null
MFE,2024-12-31 5:53,63,61,93.18,120,6,0,29.81,1009.3,6,null,CLR,null,null,null,null,null,null,null,BR,null,null,null,null,null,null,63,KMFE 310553Z AUTO 12006KT 6SM BR CLR 17/16 A2981 RMK AO2 SLP093 T01720161 10294 20172 403440117 51006,null
MFE,2024-12-31 6:53,62,61,96.52,130,5,0,29.81,1009.2,5,null,CLR,null,null,null,null,null,null,null,BR,null,null,null,null,null,null,62,KMFE 310653Z AUTO 13005KT 5SM BR CLR 17/16 A2981 RMK AO2 SLP092 T01670161,null
MFE,2024-12-31 7:53,60,59,96.49,130,4,0,29.81,1009.3,4,null,CLR,null,null,null,null,null,null,null,BR,null,null,null,null,null,null,60,KMFE 310753Z AUTO 13004KT 4SM BR CLR 16/15 A2981 RMK AO2 SLP093 T01560150,null
MFE,2024-12-31 8:53,61,60,96.51,0,0,0,29.82,1009.7,3,null,CLR,null,null,null,null,null,null,null,BR,null,null,null,null,null,null,61,KMFE 310853Z AUTO 00000KT 3SM BR CLR 16/16 A2982 RMK AO2 SLP097 T01610156 53004,null
MFE,2024-12-31 9:00,60,59,96.49,0,0,0,29.83,null,2.5,null,CLR,null,null,null,null,null,null,null,BR,null,null,null,null,null,null,60,KMFE 310900Z AUTO 00000KT 2 1/2SM BR CLR 16/15 A2983 RMK AO2 T01560150,null
MFE,2024-12-31 9:07,60,59,96.49,110,4,0,29.83,null,4,null,CLR,null,null,null,null,null,null,null,BR,null,null,null,null,null,null,60,KMFE 310907Z AUTO 11004KT 4SM BR CLR 16/15 A2983 RMK AO2 T01560150,null
MFE,2024-12-31 9:53,57,56,96.45,0,0,0,29.83,1010,5,null,CLR,null,null,null,null,null,null,null,BR,null,null,null,null,null,null,57,KMFE 310953Z AUTO 00000KT 5SM BR CLR 14/13 A2983 RMK AO2 SLP100 T01390133,null
MFE,2024-12-31 10:45,59,57,93.07,120,3,0,29.84,null,1.5,null,CLR,null,null,null,null,null,null,null,BR,null,null,null,null,null,null,59,KMFE 311045Z AUTO 12003KT 1 1/2SM BR CLR 15/14 A2984 RMK AO2 T01500139,null
MFE,2024-12-31 10:53,57,57,100,120,5,0,29.84,1010.2,0.5,null,CLR,null,null,null,null,null,null,null,FG,null,null,null,null,null,null,57,KMFE 311053Z AUTO 12005KT 1/2SM FG CLR 14/14 A2984 RMK AO2 VIS 1/4V1 1/2 SLP102 T01390139,null
MFE,2024-12-31 11:03,56,55,96.43,120,3,0,29.84,null,2,null,CLR,null,null,null,null,null,null,null,BR,null,null,null,null,null,null,56,KMFE 311103Z AUTO 12003KT 2SM BR CLR 13/13 A2984 RMK AO2 T01330128,null
MFE,2024-12-31 11:12,57,56,96.45,0,0,0,29.84,null,4,null,CLR,null,null,null,null,null,null,null,BR,null,null,null,null,null,null,57,KMFE 311112Z AUTO 00000KT 4SM BR CLR 14/13 A2984 RMK AO2 T01390133,null
MFE,2024-12-31 11:53,56,56,100,0,0,0,29.85,1010.5,2.5,null,CLR,null,null,null,null,null,null,null,BR,null,null,null,null,null,null,56,KMFE 311153Z 00000KT 2 1/2SM BR CLR 13/13 A2985 RMK AO2 SLP105 T01330133 10183 20128 52008,null
MFE,2024-12-31 12:06,56,55,96.43,100,3,0,29.85,null,4,null,CLR,null,null,null,null,null,null,null,BR,null,null,null,null,null,null,56,KMFE 311206Z 10003KT 4SM BR CLR 13/13 A2985 RMK AO2 T01330128,null
MFE,2024-12-31 12:53,58,57,96.46,0,0,0,29.87,1011.2,3,null,CLR,null,null,null,null,null,null,null,BR,null,null,null,null,null,null,58,KMFE 311253Z 00000KT 3SM BR CLR 14/14 A2987 RMK AO2 SLP112 T01440139,null
MFE,2024-12-31 13:17,56,55,96.43,150,3,0,29.88,null,2.5,null,CLR,null,null,null,null,null,null,null,BR,null,null,null,null,null,null,56,KMFE 311317Z 15003KT 2 1/2SM BR CLR 13/13 A2988 RMK AO2 T01330128,null
MFE,2024-12-31 13:28,56,56,100,130,3,0,29.88,null,0.75,null,CLR,null,null,null,null,null,null,null,BR,null,null,null,null,null,null,56,KMFE 311328Z 13003KT 3/4SM BR CLR 13/13 A2988 RMK AO2 T01330133,null
MFE,2024-12-31 13:30,56,55,96.43,130,3,0,29.88,null,0.25,null,VV ,null,null,null,300,null,null,null,FG,null,null,null,null,null,null,56,KMFE 311330Z 13003KT 1/4SM FG VV003 13/13 A2988 RMK AO2 T01330128,null
MFE,2024-12-31 13:44,56,56,100,0,0,0,29.89,null,1,null,VV ,null,null,null,300,null,null,null,BR,null,null,null,null,null,null,56,KMFE 311344Z 00000KT 1SM BR VV003 13/13 A2989 RMK AO2 T01330133,null
MFE,2024-12-31 13:53,56,56,100,0,0,0,29.9,1012.2,1,null,VV ,null,null,null,300,null,null,null,BR,null,null,null,null,null,null,56,KMFE 311353Z 00000KT 1SM BR VV003 13/13 A2990 RMK AO2 SLP122 T01330133,null
MFE,2024-12-31 14:01,57,57,100,0,0,0,29.9,null,2,null,CLR,null,null,null,null,null,null,null,BR,null,null,null,null,null,null,57,KMFE 311401Z 00000KT 2SM BR CLR 14/14 A2990 RMK AO2 T01390139,null
MFE,2024-12-31 14:09,59,58,96.48,0,0,0,29.9,null,3,null,CLR,null,null,null,null,null,null,null,BR,null,null,null,null,null,null,59,KMFE 311409Z 00000KT 3SM BR CLR 15/14 A2990 RMK AO2 T01500144,null
MFE,2024-12-31 14:53,64,61,89.97,0,0,0,29.93,1013.4,4,null,CLR,null,null,null,null,null,null,null,BR,null,null,null,null,null,null,64,KMFE 311453Z 00000KT 4SM BR CLR 18/16 A2993 RMK AO2 SLP134 T01780161 53022,null
MFE,2024-12-31 15:38,68,61,78.3,320,6,0,29.96,null,4,null,CLR,null,null,null,null,null,null,null,HZ,null,null,null,null,null,null,68,KMFE 311538Z 32006KT 4SM HZ CLR 20/16 A2996 RMK AO2 T02000161,null
MFE,2024-12-31 15:53,69,60,73.02,330,4,0,29.96,1014.3,5,null,CLR,null,null,null,null,null,null,null,HZ,null,null,null,null,null,null,69,KMFE 311553Z 33004KT 5SM HZ CLR 21/16 A2996 RMK AO2 SLP143 T02060156,null
MFE,2024-12-31 16:53,74,60,61.62,20,5,0,29.98,1015,7,null,CLR,null,null,null,null,null,null,null,null,null,null,null,null,null,null,74,KMFE 311653Z 02005KT 7SM CLR 23/16 A2998 RMK AO2 SLP150 T02330156,null
MFE,2024-12-31 17:53,79,53,40.52,20,9,0,29.98,1014.9,10,null,CLR,null,null,null,null,null,null,null,null,null,null,null,null,null,null,79,KMFE 311753Z 02009KT 10SM CLR 26/12 A2998 RMK AO2 SLP149 T02610117 10261 20128 50015,null
MFE,2024-12-31 18:53,80,53,39.21,350,9,0,29.96,1014.3,10,19,CLR,null,null,null,null,null,null,null,null,null,null,null,null,null,null,79.87,KMFE 311853Z 35009G19KT 10SM CLR 27/12 A2996 RMK AO2 SLP143 T02670117,null
MFE,2024-12-31 19:53,81,60,48.88,360,11,0,29.95,1013.9,10,null,CLR,null,null,null,null,null,null,null,null,null,null,null,null,null,null,81.6,KMFE 311953Z 36011KT 10SM CLR 27/16 A2995 RMK AO2 SLP139 T02720156,null
MFE,2024-12-31 20:53,80,62,54.22,20,13,0,29.95,1013.8,8,25,CLR,null,null,null,null,null,null,null,null,null,null,null,null,null,null,81.21,KMFE 312053Z 02013G25KT 8SM CLR 27/17 A2995 RMK AO2 SLP138 T02670167 56010,null
MFE,2024-12-31 21:53,77,61,57.77,10,10,0,29.96,1014.3,10,null,CLR,null,null,null,null,null,null,null,null,null,null,null,null,null,null,77,KMFE 312153Z 01010KT 10SM CLR 25/16 A2996 RMK AO2 SLP143 T02500161,null
MFE,2024-12-31 22:53,74,60,61.62,40,12,0,29.97,1014.6,10,null,CLR,null,null,null,null,null,null,null,null,null,null,null,null,null,null,74,KMFE 312253Z 04012KT 10SM CLR 23/16 A2997 RMK AO2 SLP146 T02330156,null
MFE,2024-12-31 23:07,73,60,63.73,30,10,0,29.97,null,9,null,CLR,null,null,null,null,null,null,null,null,null,null,null,null,null,null,73,KMFE 312307Z 03010KT 9SM CLR 23/16 A2997 RMK AO2 T02280156,null
MFE,2024-12-31 23:53,70,60,70.56,20,9,0,29.99,1015.4,9,null,CLR,null,null,null,null,null,null,null,null,null,null,null,null,null,null,70,KMFE 312353Z 02009KT 9SM CLR 21/16 A2999 RMK AO2 SLP154 T02110156 10278 20211 53015,null
